timestamp,temperature_c,pressure_hpa,wind_speed_ms,wind_dir_deg,relative_humidity_pct
2011-01-01 00:00:00,,,,,
2011-01-01 03:00:00,,,,,
2011-01-01 06:00:00,,,,,
2011-01-01 09:00:00,,,,,
2011-01-01 12:00:00,,,,,
2011-01-01 15:00:00,,,,,
2011-01-01 18:00:00,,,,,
2011-01-01 21:00:00,,,,,
2011-01-02 00:00:00,,,,,
2011-01-02 03:00:00,,,,,
2011-01-02 06:00:00,,,,,
2011-01-02 09:00:00,,,,,
2011-01-02 12:00:00,,,,,
2011-01-02 15:00:00,,,,,
2011-01-02 18:00:00,,,,,
2011-01-02 21:00:00,,,,,
2011-01-03 00:00:00,,,,,
2011-01-03 03:00:00,,,,,
2011-01-03 06:00:00,,,,,
2011-01-03 09:00:00,,,,,
2011-01-03 12:00:00,,,,,
2011-01-03 15:00:00,,,,,
2011-01-03 18:00:00,,,,,
2011-01-03 21:00:00,,,,,
2011-01-04 00:00:00,,,,,
2011-01-04 03:00:00,,,,,
2011-01-04 06:00:00,,,,,
2011-01-04 09:00:00,,,,,
2011-01-04 12:00:00,,,,,
2011-01-04 15:00:00,,,,,
2011-01-04 18:00:00,,,,,
2011-01-04 21:00:00,,,,,
2011-01-05 00:00:00,,,,,
2011-01-05 03:00:00,,,,,
2011-01-05 06:00:00,,,,,
2011-01-05 09:00:00,,,,,
2011-01-05 12:00:00,,,,,
2011-01-05 15:00:00,,,,,
2011-01-05 18:00:00,,,,,
2011-01-05 21:00:00,,,,,
2011-01-06 00:00:00,,,,,
2011-01-06 03:00:00,,,,,
2011-01-06 06:00:00,,,,,
2011-01-06 09:00:00,,,,,
2011-01-06 12:00:00,,,,,
2011-01-06 15:00:00,,,,,
2011-01-06 18:00:00,,,,,
2011-01-06 21:00:00,,,,,
2011-01-07 00:00:00,,,,,
2011-01-07 03:00:00,,,,,
2011-01-07 06:00:00,,,,,
2011-01-07 09:00:00,,,,,
2011-01-07 12:00:00,,,,,
2011-01-07 15:00:00,,,,,
2011-01-07 18:00:00,,,,,
2011-01-07 21:00:00,,,,,
2011-01-08 00:00:00,,,,,
2011-01-08 03:00:00,,,,,
2011-01-08 06:00:00,,,,,
2011-01-08 09:00:00,,,,,
2011-01-08 12:00:00,,,,,
2011-01-08 15:00:00,,,,,
2011-01-08 18:00:00,,,,,
2011-01-08 21:00:00,,,,,
2011-01-09 00:00:00,,,,,
2011-01-09 03:00:00,,,,,
2011-01-09 06:00:00,,,,,
2011-01-09 09:00:00,,,,,
2011-01-09 12:00:00,,,,,
2011-01-09 15:00:00,,,,,
2011-01-09 18:00:00,,,,,
2011-01-09 21:00:00,,,,,
2011-01-10 00:00:00,,,,,
2011-01-10 03:00:00,,,,,
2011-01-10 06:00:00,,,,,
2011-01-10 09:00:00,,,,,
2011-01-10 12:00:00,,,,,
2011-01-10 15:00:00,,,,,
2011-01-10 18:00:00,,,,,
2011-01-10 21:00:00,,,,,
2011-01-11 00:00:00,,,,,
2011-01-11 03:00:00,,,,,
2011-01-11 06:00:00,,,,,
2011-01-11 09:00:00,,,,,
2011-01-11 12:00:00,,,,,
2011-01-11 15:00:00,,,,,
2011-01-11 18:00:00,,,,,
2011-01-11 21:00:00,,,,,
2011-01-12 00:00:00,,,,,
2011-01-12 03:00:00,,,,,
2011-01-12 06:00:00,,,,,
2011-01-12 09:00:00,,,,,
2011-01-12 12:00:00,,,,,
2011-01-12 15:00:00,,,,,
2011-01-12 18:00:00,,,,,
2011-01-12 21:00:00,,,,,
2011-01-13 00:00:00,,,,,
2011-01-13 03:00:00,,,,,
2011-01-13 06:00:00,,,,,
2011-01-13 09:00:00,,,,,
2011-01-13 12:00:00,,,,,
2011-01-13 15:00:00,,,,,
2011-01-13 18:00:00,,,,,
2011-01-13 21:00:00,,,,,
2011-01-14 00:00:00,,,,,
2011-01-14 03:00:00,,,,,
2011-01-14 06:00:00,,,,,
2011-01-14 09:00:00,,,,,
2011-01-14 12:00:00,,,,,
2011-01-14 15:00:00,,,,,
2011-01-14 18:00:00,,,,,
2011-01-14 21:00:00,,,,,
2011-01-15 00:00:00,,,,,
2011-01-15 03:00:00,,,,,
2011-01-15 06:00:00,,,,,
2011-01-15 09:00:00,,,,,
2011-01-15 12:00:00,,,,,
2011-01-15 15:00:00,,,,,
2011-01-15 18:00:00,,,,,
2011-01-15 21:00:00,,,,,
2011-01-16 00:00:00,,,,,
2011-01-16 03:00:00,,,,,
2011-01-16 06:00:00,,,,,
2011-01-16 09:00:00,,,,,
2011-01-16 12:00:00,,,,,
2011-01-16 15:00:00,,,,,
2011-01-16 18:00:00,,,,,
2011-01-16 21:00:00,,,,,
2011-01-17 00:00:00,,,,,
2011-01-17 03:00:00,,,,,
2011-01-17 06:00:00,,,,,
2011-01-17 09:00:00,,,,,
2011-01-17 12:00:00,,,,,
2011-01-17 15:00:00,,,,,
2011-01-17 18:00:00,,,,,
2011-01-17 21:00:00,,,,,
2011-01-18 00:00:00,,,,,
2011-01-18 03:00:00,,,,,
2011-01-18 06:00:00,,,,,
2011-01-18 09:00:00,,,,,
2011-01-18 12:00:00,,,,,
2011-01-18 15:00:00,,,,,
2011-01-18 18:00:00,,,,,
2011-01-18 21:00:00,,,,,
2011-01-19 00:00:00,,,,,
2011-01-19 03:00:00,,,,,
2011-01-19 06:00:00,,,,,
2011-01-19 09:00:00,,,,,
2011-01-19 12:00:00,,,,,
2011-01-19 15:00:00,,,,,
2011-01-19 18:00:00,,,,,
2011-01-19 21:00:00,,,,,
2011-01-20 00:00:00,,,,,
2011-01-20 03:00:00,,,,,
2011-01-20 06:00:00,,,,,
2011-01-20 09:00:00,,,,,
2011-01-20 12:00:00,,,,,
2011-01-20 15:00:00,,,,,
2011-01-20 18:00:00,,,,,
2011-01-20 21:00:00,,,,,
2011-01-21 00:00:00,,,,,
2011-01-21 03:00:00,,,,,
2011-01-21 06:00:00,,,,,
2011-01-21 09:00:00,,,,,
2011-01-21 12:00:00,,,,,
2011-01-21 15:00:00,,,,,
2011-01-21 18:00:00,,,,,
2011-01-21 21:00:00,,,,,
2011-01-22 00:00:00,,,,,
2011-01-22 03:00:00,,,,,
2011-01-22 06:00:00,,,,,
2011-01-22 09:00:00,,,,,
2011-01-22 12:00:00,,,,,
2011-01-22 15:00:00,,,,,
2011-01-22 18:00:00,,,,,
2011-01-22 21:00:00,,,,,
2011-01-23 00:00:00,,,,,
2011-01-23 03:00:00,,,,,
2011-01-23 06:00:00,,,,,
2011-01-23 09:00:00,,,,,
2011-01-23 12:00:00,,,,,
2011-01-23 15:00:00,,,,,
2011-01-23 18:00:00,,,,,
2011-01-23 21:00:00,,,,,
2011-01-24 00:00:00,,,,,
2011-01-24 03:00:00,,,,,
2011-01-24 06:00:00,,,,,
2011-01-24 09:00:00,,,,,
2011-01-24 12:00:00,,,,,
2011-01-24 15:00:00,,,,,
2011-01-24 18:00:00,,,,,
2011-01-24 21:00:00,,,,,
2011-01-25 00:00:00,,,,,
2011-01-25 03:00:00,,,,,
2011-01-25 06:00:00,,,,,
2011-01-25 09:00:00,,,,,
2011-01-25 12:00:00,,,,,
2011-01-25 15:00:00,,,,,
2011-01-25 18:00:00,,,,,
2011-01-25 21:00:00,,,,,
2011-01-26 00:00:00,,,,,
2011-01-26 03:00:00,,,,,
2011-01-26 06:00:00,,,,,
2011-01-26 09:00:00,,,,,
2011-01-26 12:00:00,,,,,
2011-01-26 15:00:00,,,,,
2011-01-26 18:00:00,,,,,
2011-01-26 21:00:00,,,,,
2011-01-27 00:00:00,,,,,
2011-01-27 03:00:00,,,,,
2011-01-27 06:00:00,,,,,
2011-01-27 09:00:00,,,,,
2011-01-27 12:00:00,,,,,
2011-01-27 15:00:00,,,,,
2011-01-27 18:00:00,,,,,
2011-01-27 21:00:00,,,,,
2011-01-28 00:00:00,,,,,
2011-01-28 03:00:00,,,,,
2011-01-28 06:00:00,,,,,
2011-01-28 09:00:00,,,,,
2011-01-28 12:00:00,,,,,
2011-01-28 15:00:00,,,,,
2011-01-28 18:00:00,,,,,
2011-01-28 21:00:00,,,,,
2011-01-29 00:00:00,,,,,
2011-01-29 03:00:00,,,,,
2011-01-29 06:00:00,,,,,
2011-01-29 09:00:00,,,,,
2011-01-29 12:00:00,,,,,
2011-01-29 15:00:00,,,,,
2011-01-29 18:00:00,,,,,
2011-01-29 21:00:00,,,,,
2011-01-30 00:00:00,,,,,
2011-01-30 03:00:00,,,,,
2011-01-30 06:00:00,,,,,
2011-01-30 09:00:00,,,,,
2011-01-30 12:00:00,,,,,
2011-01-30 15:00:00,,,,,
2011-01-30 18:00:00,,,,,
2011-01-30 21:00:00,,,,,
2011-01-31 00:00:00,,,,,
2011-01-31 03:00:00,,,,,
2011-01-31 06:00:00,,,,,
2011-01-31 09:00:00,,,,,
2011-01-31 12:00:00,,,,,
2011-01-31 15:00:00,,,,,
2011-01-31 18:00:00,,,,,
2011-01-31 21:00:00,,,,,
2011-02-01 00:00:00,,,,,
2011-02-01 03:00:00,,,,,
2011-02-01 06:00:00,,,,,
2011-02-01 09:00:00,,,,,
2011-02-01 12:00:00,,,,,
2011-02-01 15:00:00,,,,,
2011-02-01 18:00:00,,,,,
2011-02-01 21:00:00,,,,,
2011-02-02 00:00:00,,,,,
2011-02-02 03:00:00,,,,,
2011-02-02 06:00:00,,,,,
2011-02-02 09:00:00,,,,,
2011-02-02 12:00:00,,,,,
2011-02-02 15:00:00,,,,,
2011-02-02 18:00:00,,,,,
2011-02-02 21:00:00,,,,,
2011-02-03 00:00:00,,,,,
2011-02-03 03:00:00,,,,,
2011-02-03 06:00:00,,,,,
2011-02-03 09:00:00,,,,,
2011-02-03 12:00:00,,,,,
2011-02-03 15:00:00,,,,,
2011-02-03 18:00:00,,,,,
2011-02-03 21:00:00,,,,,
2011-02-04 00:00:00,,,,,
2011-02-04 03:00:00,,,,,
2011-02-04 06:00:00,,,,,
2011-02-04 09:00:00,,,,,
2011-02-04 12:00:00,,,,,
2011-02-04 15:00:00,,,,,
2011-02-04 18:00:00,,,,,
2011-02-04 21:00:00,,,,,
2011-02-05 00:00:00,,,,,
2011-02-05 03:00:00,,,,,
2011-02-05 06:00:00,,,,,
2011-02-05 09:00:00,,,,,
2011-02-05 12:00:00,,,,,
2011-02-05 15:00:00,,,,,
2011-02-05 18:00:00,,,,,
2011-02-05 21:00:00,,,,,
2011-02-06 00:00:00,,,,,
2011-02-06 03:00:00,,,,,
2011-02-06 06:00:00,,,,,
2011-02-06 09:00:00,,,,,
2011-02-06 12:00:00,,,,,
2011-02-06 15:00:00,,,,,
2011-02-06 18:00:00,,,,,
2011-02-06 21:00:00,,,,,
2011-02-07 00:00:00,,,,,
2011-02-07 03:00:00,,,,,
2011-02-07 06:00:00,,,,,
2011-02-07 09:00:00,,,,,
2011-02-07 12:00:00,,,,,
2011-02-07 15:00:00,,,,,
2011-02-07 18:00:00,,,,,
2011-02-07 21:00:00,,,,,
2011-02-08 00:00:00,,,,,
2011-02-08 03:00:00,,,,,
2011-02-08 06:00:00,,,,,
2011-02-08 09:00:00,,,,,
2011-02-08 12:00:00,,,,,
2011-02-08 15:00:00,,,,,
2011-02-08 18:00:00,,,,,
2011-02-08 21:00:00,,,,,
2011-02-09 00:00:00,,,,,
2011-02-09 03:00:00,,,,,
2011-02-09 06:00:00,,,,,
2011-02-09 09:00:00,,,,,
2011-02-09 12:00:00,,,,,
2011-02-09 15:00:00,,,,,
2011-02-09 18:00:00,,,,,
2011-02-09 21:00:00,,,,,
2011-02-10 00:00:00,,,,,
2011-02-10 03:00:00,,,,,
2011-02-10 06:00:00,,,,,
2011-02-10 09:00:00,,,,,
2011-02-10 12:00:00,,,,,
2011-02-10 15:00:00,,,,,
2011-02-10 18:00:00,,,,,
2011-02-10 21:00:00,,,,,
2011-02-11 00:00:00,,,,,
2011-02-11 03:00:00,,,,,
2011-02-11 06:00:00,,,,,
2011-02-11 09:00:00,,,,,
2011-02-11 12:00:00,,,,,
2011-02-11 15:00:00,,,,,
2011-02-11 18:00:00,,,,,
2011-02-11 21:00:00,,,,,
2011-02-12 00:00:00,,,,,
2011-02-12 03:00:00,,,,,
2011-02-12 06:00:00,,,,,
2011-02-12 09:00:00,,,,,
2011-02-12 12:00:00,,,,,
2011-02-12 15:00:00,,,,,
2011-02-12 18:00:00,,,,,
2011-02-12 21:00:00,,,,,
2011-02-13 00:00:00,,,,,
2011-02-13 03:00:00,,,,,
2011-02-13 06:00:00,,,,,
2011-02-13 09:00:00,,,,,
2011-02-13 12:00:00,,,,,
2011-02-13 15:00:00,,,,,
2011-02-13 18:00:00,,,,,
2011-02-13 21:00:00,,,,,
2011-02-14 00:00:00,,,,,
2011-02-14 03:00:00,,,,,
2011-02-14 06:00:00,,,,,
2011-02-14 09:00:00,,,,,
2011-02-14 12:00:00,,,,,
2011-02-14 15:00:00,,,,,
2011-02-14 18:00:00,,,,,
2011-02-14 21:00:00,,,,,
2011-02-15 00:00:00,,,,,
2011-02-15 03:00:00,,,,,
2011-02-15 06:00:00,,,,,
2011-02-15 09:00:00,,,,,
2011-02-15 12:00:00,,,,,
2011-02-15 15:00:00,,,,,
2011-02-15 18:00:00,,,,,
2011-02-15 21:00:00,,,,,
2011-02-16 00:00:00,,,,,
2011-02-16 03:00:00,,,,,
2011-02-16 06:00:00,,,,,
2011-02-16 09:00:00,,,,,
2011-02-16 12:00:00,,,,,
2011-02-16 15:00:00,,,,,
2011-02-16 18:00:00,,,,,
2011-02-16 21:00:00,,,,,
2011-02-17 00:00:00,,,,,
2011-02-17 03:00:00,,,,,
2011-02-17 06:00:00,,,,,
2011-02-17 09:00:00,,,,,
2011-02-17 12:00:00,,,,,
2011-02-17 15:00:00,,,,,
2011-02-17 18:00:00,,,,,
2011-02-17 21:00:00,,,,,
2011-02-18 00:00:00,,,,,
2011-02-18 03:00:00,,,,,
2011-02-18 06:00:00,,,,,
2011-02-18 09:00:00,,,,,
2011-02-18 12:00:00,,,,,
2011-02-18 15:00:00,,,,,
2011-02-18 18:00:00,,,,,
2011-02-18 21:00:00,,,,,
2011-02-19 00:00:00,,,,,
2011-02-19 03:00:00,,,,,
2011-02-19 06:00:00,,,,,
2011-02-19 09:00:00,,,,,
2011-02-19 12:00:00,,,,,
2011-02-19 15:00:00,,,,,
2011-02-19 18:00:00,,,,,
2011-02-19 21:00:00,,,,,
2011-02-20 00:00:00,,,,,
2011-02-20 03:00:00,,,,,
2011-02-20 06:00:00,,,,,
2011-02-20 09:00:00,,,,,
2011-02-20 12:00:00,,,,,
2011-02-20 15:00:00,,,,,
2011-02-20 18:00:00,,,,,
2011-02-20 21:00:00,,,,,
2011-02-21 00:00:00,,,,,
2011-02-21 03:00:00,,,,,
2011-02-21 06:00:00,,,,,
2011-02-21 09:00:00,,,,,
2011-02-21 12:00:00,,,,,
2011-02-21 15:00:00,,,,,
2011-02-21 18:00:00,,,,,
2011-02-21 21:00:00,,,,,
2011-02-22 00:00:00,,,,,
2011-02-22 03:00:00,,,,,
2011-02-22 06:00:00,,,,,
2011-02-22 09:00:00,,,,,
2011-02-22 12:00:00,,,,,
2011-02-22 15:00:00,,,,,
2011-02-22 18:00:00,,,,,
2011-02-22 21:00:00,,,,,
2011-02-23 00:00:00,,,,,
2011-02-23 03:00:00,,,,,
2011-02-23 06:00:00,,,,,
2011-02-23 09:00:00,,,,,
2011-02-23 12:00:00,,,,,
2011-02-23 15:00:00,,,,,
2011-02-23 18:00:00,,,,,
2011-02-23 21:00:00,,,,,
2011-02-24 00:00:00,,,,,
2011-02-24 03:00:00,,,,,
2011-02-24 06:00:00,,,,,
2011-02-24 09:00:00,,,,,
2011-02-24 12:00:00,,,,,
2011-02-24 15:00:00,,,,,
2011-02-24 18:00:00,,,,,
2011-02-24 21:00:00,,,,,
2011-02-25 00:00:00,,,,,
2011-02-25 03:00:00,,,,,
2011-02-25 06:00:00,,,,,
2011-02-25 09:00:00,,,,,
2011-02-25 12:00:00,,,,,
2011-02-25 15:00:00,,,,,
2011-02-25 18:00:00,,,,,
2011-02-25 21:00:00,,,,,
2011-02-26 00:00:00,,,,,
2011-02-26 03:00:00,,,,,
2011-02-26 06:00:00,,,,,
2011-02-26 09:00:00,,,,,
2011-02-26 12:00:00,,,,,
2011-02-26 15:00:00,,,,,
2011-02-26 18:00:00,,,,,
2011-02-26 21:00:00,,,,,
2011-02-27 00:00:00,,,,,
2011-02-27 03:00:00,,,,,
2011-02-27 06:00:00,,,,,
2011-02-27 09:00:00,,,,,
2011-02-27 12:00:00,,,,,
2011-02-27 15:00:00,,,,,
2011-02-27 18:00:00,,,,,
2011-02-27 21:00:00,,,,,
2011-02-28 00:00:00,,,,,
2011-02-28 03:00:00,,,,,
2011-02-28 06:00:00,,,,,
2011-02-28 09:00:00,,,,,
2011-02-28 12:00:00,,,,,
2011-02-28 15:00:00,,,,,
2011-02-28 18:00:00,,,,,
2011-02-28 21:00:00,,,,,
2011-03-01 00:00:00,,,,,
2011-03-01 03:00:00,,,,,
2011-03-01 06:00:00,,,,,
2011-03-01 09:00:00,,,,,
2011-03-01 12:00:00,,,,,
2011-03-01 15:00:00,,,,,
2011-03-01 18:00:00,,,,,
2011-03-01 21:00:00,,,,,
2011-03-02 00:00:00,,,,,
2011-03-02 03:00:00,,,,,
2011-03-02 06:00:00,,,,,
2011-03-02 09:00:00,,,,,
2011-03-02 12:00:00,,,,,
2011-03-02 15:00:00,,,,,
2011-03-02 18:00:00,,,,,
2011-03-02 21:00:00,,,,,
2011-03-03 00:00:00,,,,,
2011-03-03 03:00:00,,,,,
2011-03-03 06:00:00,,,,,
2011-03-03 09:00:00,,,,,
2011-03-03 12:00:00,,,,,
2011-03-03 15:00:00,,,,,
2011-03-03 18:00:00,,,,,
2011-03-03 21:00:00,,,,,
2011-03-04 00:00:00,,,,,
2011-03-04 03:00:00,,,,,
2011-03-04 06:00:00,,,,,
2011-03-04 09:00:00,,,,,
2011-03-04 12:00:00,,,,,
2011-03-04 15:00:00,,,,,
2011-03-04 18:00:00,,,,,
2011-03-04 21:00:00,,,,,
2011-03-05 00:00:00,,,,,
2011-03-05 03:00:00,,,,,
2011-03-05 06:00:00,,,,,
2011-03-05 09:00:00,,,,,
2011-03-05 12:00:00,,,,,
2011-03-05 15:00:00,,,,,
2011-03-05 18:00:00,,,,,
2011-03-05 21:00:00,,,,,
2011-03-06 00:00:00,,,,,
2011-03-06 03:00:00,,,,,
2011-03-06 06:00:00,,,,,
2011-03-06 09:00:00,,,,,
2011-03-06 12:00:00,,,,,
2011-03-06 15:00:00,,,,,
2011-03-06 18:00:00,,,,,
2011-03-06 21:00:00,,,,,
2011-03-07 00:00:00,,,,,
2011-03-07 03:00:00,,,,,
2011-03-07 06:00:00,,,,,
2011-03-07 09:00:00,,,,,
2011-03-07 12:00:00,,,,,
2011-03-07 15:00:00,,,,,
2011-03-07 18:00:00,,,,,
2011-03-07 21:00:00,,,,,
2011-03-08 00:00:00,,,,,
2011-03-08 03:00:00,,,,,
2011-03-08 06:00:00,,,,,
2011-03-08 09:00:00,,,,,
2011-03-08 12:00:00,,,,,
2011-03-08 15:00:00,,,,,
2011-03-08 18:00:00,,,,,
2011-03-08 21:00:00,,,,,
2011-03-09 00:00:00,,,,,
2011-03-09 03:00:00,,,,,
2011-03-09 06:00:00,,,,,
2011-03-09 09:00:00,,,,,
2011-03-09 12:00:00,,,,,
2011-03-09 15:00:00,,,,,
2011-03-09 18:00:00,,,,,
2011-03-09 21:00:00,,,,,
2011-03-10 00:00:00,,,,,
2011-03-10 03:00:00,,,,,
2011-03-10 06:00:00,,,,,
2011-03-10 09:00:00,,,,,
2011-03-10 12:00:00,,,,,
2011-03-10 15:00:00,,,,,
2011-03-10 18:00:00,,,,,
2011-03-10 21:00:00,,,,,
2011-03-11 00:00:00,,,,,
2011-03-11 03:00:00,,,,,
2011-03-11 06:00:00,,,,,
2011-03-11 09:00:00,,,,,
2011-03-11 12:00:00,,,,,
2011-03-11 15:00:00,,,,,
2011-03-11 18:00:00,,,,,
2011-03-11 21:00:00,,,,,
2011-03-12 00:00:00,,,,,
2011-03-12 03:00:00,,,,,
2011-03-12 06:00:00,,,,,
2011-03-12 09:00:00,,,,,
2011-03-12 12:00:00,,,,,
2011-03-12 15:00:00,,,,,
2011-03-12 18:00:00,,,,,
2011-03-12 21:00:00,,,,,
2011-03-13 00:00:00,,,,,
2011-03-13 03:00:00,,,,,
2011-03-13 06:00:00,,,,,
2011-03-13 09:00:00,,,,,
2011-03-13 12:00:00,,,,,
2011-03-13 15:00:00,,,,,
2011-03-13 18:00:00,,,,,
2011-03-13 21:00:00,,,,,
2011-03-14 00:00:00,,,,,
2011-03-14 03:00:00,,,,,
2011-03-14 06:00:00,,,,,
2011-03-14 09:00:00,,,,,
2011-03-14 12:00:00,,,,,
2011-03-14 15:00:00,,,,,
2011-03-14 18:00:00,,,,,
2011-03-14 21:00:00,,,,,
2011-03-15 00:00:00,,,,,
2011-03-15 03:00:00,,,,,
2011-03-15 06:00:00,,,,,
2011-03-15 09:00:00,,,,,
2011-03-15 12:00:00,,,,,
2011-03-15 15:00:00,,,,,
2011-03-15 18:00:00,,,,,
2011-03-15 21:00:00,,,,,
2011-03-16 00:00:00,,,,,
2011-03-16 03:00:00,,,,,
2011-03-16 06:00:00,,,,,
2011-03-16 09:00:00,,,,,
2011-03-16 12:00:00,,,,,
2011-03-16 15:00:00,,,,,
2011-03-16 18:00:00,,,,,
2011-03-16 21:00:00,,,,,
2011-03-17 00:00:00,,,,,
2011-03-17 03:00:00,,,,,
2011-03-17 06:00:00,,,,,
2011-03-17 09:00:00,,,,,
2011-03-17 12:00:00,,,,,
2011-03-17 15:00:00,,,,,
2011-03-17 18:00:00,,,,,
2011-03-17 21:00:00,,,,,
2011-03-18 00:00:00,,,,,
2011-03-18 03:00:00,,,,,
2011-03-18 06:00:00,,,,,
2011-03-18 09:00:00,,,,,
2011-03-18 12:00:00,,,,,
2011-03-18 15:00:00,,,,,
2011-03-18 18:00:00,,,,,
2011-03-18 21:00:00,,,,,
2011-03-19 00:00:00,,,,,
2011-03-19 03:00:00,,,,,
2011-03-19 06:00:00,,,,,
2011-03-19 09:00:00,,,,,
2011-03-19 12:00:00,,,,,
2011-03-19 15:00:00,,,,,
2011-03-19 18:00:00,,,,,
2011-03-19 21:00:00,,,,,
2011-03-20 00:00:00,,,,,
2011-03-20 03:00:00,,,,,
2011-03-20 06:00:00,,,,,
2011-03-20 09:00:00,,,,,
2011-03-20 12:00:00,,,,,
2011-03-20 15:00:00,,,,,
2011-03-20 18:00:00,,,,,
2011-03-20 21:00:00,,,,,
2011-03-21 00:00:00,,,,,
2011-03-21 03:00:00,,,,,
2011-03-21 06:00:00,,,,,
2011-03-21 09:00:00,,,,,
2011-03-21 12:00:00,,,,,
2011-03-21 15:00:00,,,,,
2011-03-21 18:00:00,,,,,
2011-03-21 21:00:00,,,,,
2011-03-22 00:00:00,,,,,
2011-03-22 03:00:00,,,,,
2011-03-22 06:00:00,,,,,
2011-03-22 09:00:00,,,,,
2011-03-22 12:00:00,,,,,
2011-03-22 15:00:00,,,,,
2011-03-22 18:00:00,,,,,
2011-03-22 21:00:00,,,,,
2011-03-23 00:00:00,,,,,
2011-03-23 03:00:00,,,,,
2011-03-23 06:00:00,,,,,
2011-03-23 09:00:00,,,,,
2011-03-23 12:00:00,,,,,
2011-03-23 15:00:00,,,,,
2011-03-23 18:00:00,,,,,
2011-03-23 21:00:00,,,,,
2011-03-24 00:00:00,,,,,
2011-03-24 03:00:00,,,,,
2011-03-24 06:00:00,,,,,
2011-03-24 09:00:00,,,,,
2011-03-24 12:00:00,,,,,
2011-03-24 15:00:00,,,,,
2011-03-24 18:00:00,,,,,
2011-03-24 21:00:00,,,,,
2011-03-25 00:00:00,,,,,
2011-03-25 03:00:00,,,,,
2011-03-25 06:00:00,,,,,
2011-03-25 09:00:00,,,,,
2011-03-25 12:00:00,,,,,
2011-03-25 15:00:00,,,,,
2011-03-25 18:00:00,,,,,
2011-03-25 21:00:00,,,,,
2011-03-26 00:00:00,,,,,
2011-03-26 03:00:00,,,,,
2011-03-26 06:00:00,,,,,
2011-03-26 09:00:00,,,,,
2011-03-26 12:00:00,,,,,
2011-03-26 15:00:00,,,,,
2011-03-26 18:00:00,,,,,
2011-03-26 21:00:00,,,,,
2011-03-27 00:00:00,,,,,
2011-03-27 03:00:00,,,,,
2011-03-27 06:00:00,,,,,
2011-03-27 09:00:00,,,,,
2011-03-27 12:00:00,,,,,
2011-03-27 15:00:00,,,,,
2011-03-27 18:00:00,,,,,
2011-03-27 21:00:00,,,,,
2011-03-28 00:00:00,,,,,
2011-03-28 03:00:00,,,,,
2011-03-28 06:00:00,,,,,
2011-03-28 09:00:00,,,,,
2011-03-28 12:00:00,,,,,
2011-03-28 15:00:00,,,,,
2011-03-28 18:00:00,,,,,
2011-03-28 21:00:00,,,,,
2011-03-29 00:00:00,,,,,
2011-03-29 03:00:00,,,,,
2011-03-29 06:00:00,,,,,
2011-03-29 09:00:00,,,,,
2011-03-29 12:00:00,,,,,
2011-03-29 15:00:00,,,,,
2011-03-29 18:00:00,,,,,
2011-03-29 21:00:00,,,,,
2011-03-30 00:00:00,,,,,
2011-03-30 03:00:00,,,,,
2011-03-30 06:00:00,,,,,
2011-03-30 09:00:00,,,,,
2011-03-30 12:00:00,,,,,
2011-03-30 15:00:00,,,,,
2011-03-30 18:00:00,,,,,
2011-03-30 21:00:00,,,,,
2011-03-31 00:00:00,,,,,
2011-03-31 03:00:00,,,,,
2011-03-31 06:00:00,,,,,
2011-03-31 09:00:00,,,,,
2011-03-31 12:00:00,,,,,
2011-03-31 15:00:00,,,,,
2011-03-31 18:00:00,,,,,
2011-03-31 21:00:00,,,,,
2011-04-01 00:00:00,,,,,
2011-04-01 03:00:00,,,,,
2011-04-01 06:00:00,,,,,
2011-04-01 09:00:00,,,,,
2011-04-01 12:00:00,,,,,
2011-04-01 15:00:00,,,,,
2011-04-01 18:00:00,,,,,
2011-04-01 21:00:00,,,,,
2011-04-02 00:00:00,,,,,
2011-04-02 03:00:00,,,,,
2011-04-02 06:00:00,,,,,
2011-04-02 09:00:00,,,,,
2011-04-02 12:00:00,,,,,
2011-04-02 15:00:00,,,,,
2011-04-02 18:00:00,,,,,
2011-04-02 21:00:00,,,,,
2011-04-03 00:00:00,,,,,
2011-04-03 03:00:00,,,,,
2011-04-03 06:00:00,,,,,
2011-04-03 09:00:00,,,,,
2011-04-03 12:00:00,,,,,
2011-04-03 15:00:00,,,,,
2011-04-03 18:00:00,,,,,
2011-04-03 21:00:00,,,,,
2011-04-04 00:00:00,,,,,
2011-04-04 03:00:00,,,,,
2011-04-04 06:00:00,,,,,
2011-04-04 09:00:00,,,,,
2011-04-04 12:00:00,,,,,
2011-04-04 15:00:00,,,,,
2011-04-04 18:00:00,,,,,
2011-04-04 21:00:00,,,,,
2011-04-05 00:00:00,,,,,
2011-04-05 03:00:00,,,,,
2011-04-05 06:00:00,,,,,
2011-04-05 09:00:00,,,,,
2011-04-05 12:00:00,,,,,
2011-04-05 15:00:00,,,,,
2011-04-05 18:00:00,,,,,
2011-04-05 21:00:00,,,,,
2011-04-06 00:00:00,,,,,
2011-04-06 03:00:00,,,,,
2011-04-06 06:00:00,,,,,
2011-04-06 09:00:00,,,,,
2011-04-06 12:00:00,,,,,
2011-04-06 15:00:00,,,,,
2011-04-06 18:00:00,,,,,
2011-04-06 21:00:00,,,,,
2011-04-07 00:00:00,,,,,
2011-04-07 03:00:00,,,,,
2011-04-07 06:00:00,,,,,
2011-04-07 09:00:00,,,,,
2011-04-07 12:00:00,,,,,
2011-04-07 15:00:00,,,,,
2011-04-07 18:00:00,,,,,
2011-04-07 21:00:00,,,,,
2011-04-08 00:00:00,,,,,
2011-04-08 03:00:00,,,,,
2011-04-08 06:00:00,,,,,
2011-04-08 09:00:00,,,,,
2011-04-08 12:00:00,,,,,
2011-04-08 15:00:00,,,,,
2011-04-08 18:00:00,,,,,
2011-04-08 21:00:00,,,,,
2011-04-09 00:00:00,,,,,
2011-04-09 03:00:00,,,,,
2011-04-09 06:00:00,,,,,
2011-04-09 09:00:00,,,,,
2011-04-09 12:00:00,,,,,
2011-04-09 15:00:00,,,,,
2011-04-09 18:00:00,,,,,
2011-04-09 21:00:00,,,,,
2011-04-10 00:00:00,,,,,
2011-04-10 03:00:00,,,,,
2011-04-10 06:00:00,,,,,
2011-04-10 09:00:00,,,,,
2011-04-10 12:00:00,,,,,
2011-04-10 15:00:00,,,,,
2011-04-10 18:00:00,,,,,
2011-04-10 21:00:00,,,,,
2011-04-11 00:00:00,,,,,
2011-04-11 03:00:00,,,,,
2011-04-11 06:00:00,,,,,
2011-04-11 09:00:00,,,,,
2011-04-11 12:00:00,,,,,
2011-04-11 15:00:00,,,,,
2011-04-11 18:00:00,,,,,
2011-04-11 21:00:00,,,,,
2011-04-12 00:00:00,,,,,
2011-04-12 03:00:00,,,,,
2011-04-12 06:00:00,,,,,
2011-04-12 09:00:00,,,,,
2011-04-12 12:00:00,,,,,
2011-04-12 15:00:00,,,,,
2011-04-12 18:00:00,,,,,
2011-04-12 21:00:00,,,,,
2011-04-13 00:00:00,,,,,
2011-04-13 03:00:00,,,,,
2011-04-13 06:00:00,,,,,
2011-04-13 09:00:00,,,,,
2011-04-13 12:00:00,,,,,
2011-04-13 15:00:00,,,,,
2011-04-13 18:00:00,,,,,
2011-04-13 21:00:00,,,,,
2011-04-14 00:00:00,,,,,
2011-04-14 03:00:00,,,,,
2011-04-14 06:00:00,,,,,
2011-04-14 09:00:00,,,,,
2011-04-14 12:00:00,,,,,
2011-04-14 15:00:00,,,,,
2011-04-14 18:00:00,,,,,
2011-04-14 21:00:00,,,,,
2011-04-15 00:00:00,,,,,
2011-04-15 03:00:00,,,,,
2011-04-15 06:00:00,,,,,
2011-04-15 09:00:00,,,,,
2011-04-15 12:00:00,,,,,
2011-04-15 15:00:00,,,,,
2011-04-15 18:00:00,,,,,
2011-04-15 21:00:00,,,,,
2011-04-16 00:00:00,,,,,
2011-04-16 03:00:00,,,,,
2011-04-16 06:00:00,,,,,
2011-04-16 09:00:00,,,,,
2011-04-16 12:00:00,,,,,
2011-04-16 15:00:00,,,,,
2011-04-16 18:00:00,,,,,
2011-04-16 21:00:00,,,,,
2011-04-17 00:00:00,,,,,
2011-04-17 03:00:00,,,,,
2011-04-17 06:00:00,,,,,
2011-04-17 09:00:00,,,,,
2011-04-17 12:00:00,,,,,
2011-04-17 15:00:00,,,,,
2011-04-17 18:00:00,,,,,
2011-04-17 21:00:00,,,,,
2011-04-18 00:00:00,,,,,
2011-04-18 03:00:00,,,,,
2011-04-18 06:00:00,,,,,
2011-04-18 09:00:00,,,,,
2011-04-18 12:00:00,,,,,
2011-04-18 15:00:00,,,,,
2011-04-18 18:00:00,,,,,
2011-04-18 21:00:00,,,,,
2011-04-19 00:00:00,,,,,
2011-04-19 03:00:00,,,,,
2011-04-19 06:00:00,,,,,
2011-04-19 09:00:00,,,,,
2011-04-19 12:00:00,,,,,
2011-04-19 15:00:00,,,,,
2011-04-19 18:00:00,,,,,
2011-04-19 21:00:00,,,,,
2011-04-20 00:00:00,,,,,
2011-04-20 03:00:00,,,,,
2011-04-20 06:00:00,,,,,
2011-04-20 09:00:00,,,,,
2011-04-20 12:00:00,,,,,
2011-04-20 15:00:00,,,,,
2011-04-20 18:00:00,,,,,
2011-04-20 21:00:00,,,,,
2011-04-21 00:00:00,,,,,
2011-04-21 03:00:00,,,,,
2011-04-21 06:00:00,,,,,
2011-04-21 09:00:00,,,,,
2011-04-21 12:00:00,,,,,
2011-04-21 15:00:00,,,,,
2011-04-21 18:00:00,,,,,
2011-04-21 21:00:00,,,,,
2011-04-22 00:00:00,,,,,
2011-04-22 03:00:00,,,,,
2011-04-22 06:00:00,,,,,
2011-04-22 09:00:00,,,,,
2011-04-22 12:00:00,,,,,
2011-04-22 15:00:00,,,,,
2011-04-22 18:00:00,,,,,
2011-04-22 21:00:00,,,,,
2011-04-23 00:00:00,,,,,
2011-04-23 03:00:00,,,,,
2011-04-23 06:00:00,,,,,
2011-04-23 09:00:00,,,,,
2011-04-23 12:00:00,,,,,
2011-04-23 15:00:00,,,,,
2011-04-23 18:00:00,,,,,
2011-04-23 21:00:00,,,,,
2011-04-24 00:00:00,,,,,
2011-04-24 03:00:00,,,,,
2011-04-24 06:00:00,,,,,
2011-04-24 09:00:00,,,,,
2011-04-24 12:00:00,,,,,
2011-04-24 15:00:00,,,,,
2011-04-24 18:00:00,,,,,
2011-04-24 21:00:00,,,,,
2011-04-25 00:00:00,,,,,
2011-04-25 03:00:00,,,,,
2011-04-25 06:00:00,,,,,
2011-04-25 09:00:00,,,,,
2011-04-25 12:00:00,,,,,
2011-04-25 15:00:00,,,,,
2011-04-25 18:00:00,,,,,
2011-04-25 21:00:00,,,,,
2011-04-26 00:00:00,,,,,
2011-04-26 03:00:00,,,,,
2011-04-26 06:00:00,,,,,
2011-04-26 09:00:00,,,,,
2011-04-26 12:00:00,,,,,
2011-04-26 15:00:00,,,,,
2011-04-26 18:00:00,,,,,
2011-04-26 21:00:00,,,,,
2011-04-27 00:00:00,,,,,
2011-04-27 03:00:00,,,,,
2011-04-27 06:00:00,,,,,
2011-04-27 09:00:00,,,,,
2011-04-27 12:00:00,,,,,
2011-04-27 15:00:00,,,,,
2011-04-27 18:00:00,,,,,
2011-04-27 21:00:00,,,,,
2011-04-28 00:00:00,,,,,
2011-04-28 03:00:00,,,,,
2011-04-28 06:00:00,,,,,
2011-04-28 09:00:00,,,,,
2011-04-28 12:00:00,,,,,
2011-04-28 15:00:00,,,,,
2011-04-28 18:00:00,,,,,
2011-04-28 21:00:00,,,,,
2011-04-29 00:00:00,,,,,
2011-04-29 03:00:00,,,,,
2011-04-29 06:00:00,,,,,
2011-04-29 09:00:00,,,,,
2011-04-29 12:00:00,,,,,
2011-04-29 15:00:00,,,,,
2011-04-29 18:00:00,,,,,
2011-04-29 21:00:00,,,,,
2011-04-30 00:00:00,,,,,
2011-04-30 03:00:00,,,,,
2011-04-30 06:00:00,,,,,
2011-04-30 09:00:00,,,,,
2011-04-30 12:00:00,,,,,
2011-04-30 15:00:00,,,,,
2011-04-30 18:00:00,,,,,
2011-04-30 21:00:00,,,,,
2011-05-01 00:00:00,,,,,
2011-05-01 03:00:00,,,,,
2011-05-01 06:00:00,,,,,
2011-05-01 09:00:00,,,,,
2011-05-01 12:00:00,,,,,
2011-05-01 15:00:00,,,,,
2011-05-01 18:00:00,,,,,
2011-05-01 21:00:00,,,,,
2011-05-02 00:00:00,,,,,
2011-05-02 03:00:00,,,,,
2011-05-02 06:00:00,,,,,
2011-05-02 09:00:00,,,,,
2011-05-02 12:00:00,,,,,
2011-05-02 15:00:00,,,,,
2011-05-02 18:00:00,,,,,
2011-05-02 21:00:00,,,,,
2011-05-03 00:00:00,,,,,
2011-05-03 03:00:00,,,,,
2011-05-03 06:00:00,,,,,
2011-05-03 09:00:00,,,,,
2011-05-03 12:00:00,,,,,
2011-05-03 15:00:00,,,,,
2011-05-03 18:00:00,,,,,
2011-05-03 21:00:00,,,,,
2011-05-04 00:00:00,,,,,
2011-05-04 03:00:00,,,,,
2011-05-04 06:00:00,,,,,
2011-05-04 09:00:00,,,,,
2011-05-04 12:00:00,,,,,
2011-05-04 15:00:00,,,,,
2011-05-04 18:00:00,,,,,
2011-05-04 21:00:00,,,,,
2011-05-05 00:00:00,,,,,
2011-05-05 03:00:00,,,,,
2011-05-05 06:00:00,,,,,
2011-05-05 09:00:00,,,,,
2011-05-05 12:00:00,,,,,
2011-05-05 15:00:00,,,,,
2011-05-05 18:00:00,,,,,
2011-05-05 21:00:00,,,,,
2011-05-06 00:00:00,,,,,
2011-05-06 03:00:00,,,,,
2011-05-06 06:00:00,,,,,
2011-05-06 09:00:00,,,,,
2011-05-06 12:00:00,,,,,
2011-05-06 15:00:00,,,,,
2011-05-06 18:00:00,,,,,
2011-05-06 21:00:00,,,,,
2011-05-07 00:00:00,,,,,
2011-05-07 03:00:00,,,,,
2011-05-07 06:00:00,,,,,
2011-05-07 09:00:00,,,,,
2011-05-07 12:00:00,,,,,
2011-05-07 15:00:00,,,,,
2011-05-07 18:00:00,,,,,
2011-05-07 21:00:00,,,,,
2011-05-08 00:00:00,,,,,
2011-05-08 03:00:00,,,,,
2011-05-08 06:00:00,,,,,
2011-05-08 09:00:00,,,,,
2011-05-08 12:00:00,,,,,
2011-05-08 15:00:00,,,,,
2011-05-08 18:00:00,,,,,
2011-05-08 21:00:00,,,,,
2011-05-09 00:00:00,,,,,
2011-05-09 03:00:00,,,,,
2011-05-09 06:00:00,,,,,
2011-05-09 09:00:00,,,,,
2011-05-09 12:00:00,,,,,
2011-05-09 15:00:00,,,,,
2011-05-09 18:00:00,,,,,
2011-05-09 21:00:00,,,,,
2011-05-10 00:00:00,,,,,
2011-05-10 03:00:00,,,,,
2011-05-10 06:00:00,,,,,
2011-05-10 09:00:00,,,,,
2011-05-10 12:00:00,,,,,
2011-05-10 15:00:00,,,,,
2011-05-10 18:00:00,,,,,
2011-05-10 21:00:00,,,,,
2011-05-11 00:00:00,,,,,
2011-05-11 03:00:00,,,,,
2011-05-11 06:00:00,,,,,
2011-05-11 09:00:00,,,,,
2011-05-11 12:00:00,,,,,
2011-05-11 15:00:00,,,,,
2011-05-11 18:00:00,,,,,
2011-05-11 21:00:00,,,,,
2011-05-12 00:00:00,,,,,
2011-05-12 03:00:00,,,,,
2011-05-12 06:00:00,,,,,
2011-05-12 09:00:00,,,,,
2011-05-12 12:00:00,,,,,
2011-05-12 15:00:00,,,,,
2011-05-12 18:00:00,,,,,
2011-05-12 21:00:00,,,,,
2011-05-13 00:00:00,,,,,
2011-05-13 03:00:00,,,,,
2011-05-13 06:00:00,,,,,
2011-05-13 09:00:00,,,,,
2011-05-13 12:00:00,,,,,
2011-05-13 15:00:00,,,,,
2011-05-13 18:00:00,,,,,
2011-05-13 21:00:00,,,,,
2011-05-14 00:00:00,,,,,
2011-05-14 03:00:00,,,,,
2011-05-14 06:00:00,,,,,
2011-05-14 09:00:00,,,,,
2011-05-14 12:00:00,,,,,
2011-05-14 15:00:00,,,,,
2011-05-14 18:00:00,,,,,
2011-05-14 21:00:00,,,,,
2011-05-15 00:00:00,,,,,
2011-05-15 03:00:00,,,,,
2011-05-15 06:00:00,,,,,
2011-05-15 09:00:00,,,,,
2011-05-15 12:00:00,,,,,
2011-05-15 15:00:00,,,,,
2011-05-15 18:00:00,,,,,
2011-05-15 21:00:00,,,,,
2011-05-16 00:00:00,,,,,
2011-05-16 03:00:00,,,,,
2011-05-16 06:00:00,,,,,
2011-05-16 09:00:00,,,,,
2011-05-16 12:00:00,,,,,
2011-05-16 15:00:00,,,,,
2011-05-16 18:00:00,,,,,
2011-05-16 21:00:00,,,,,
2011-05-17 00:00:00,,,,,
2011-05-17 03:00:00,,,,,
2011-05-17 06:00:00,,,,,
2011-05-17 09:00:00,,,,,
2011-05-17 12:00:00,,,,,
2011-05-17 15:00:00,,,,,
2011-05-17 18:00:00,,,,,
2011-05-17 21:00:00,,,,,
2011-05-18 00:00:00,,,,,
2011-05-18 03:00:00,,,,,
2011-05-18 06:00:00,,,,,
2011-05-18 09:00:00,,,,,
2011-05-18 12:00:00,,,,,
2011-05-18 15:00:00,,,,,
2011-05-18 18:00:00,,,,,
2011-05-18 21:00:00,,,,,
2011-05-19 00:00:00,,,,,
2011-05-19 03:00:00,,,,,
2011-05-19 06:00:00,,,,,
2011-05-19 09:00:00,,,,,
2011-05-19 12:00:00,,,,,
2011-05-19 15:00:00,,,,,
2011-05-19 18:00:00,,,,,
2011-05-19 21:00:00,,,,,
2011-05-20 00:00:00,,,,,
2011-05-20 03:00:00,,,,,
2011-05-20 06:00:00,,,,,
2011-05-20 09:00:00,,,,,
2011-05-20 12:00:00,,,,,
2011-05-20 15:00:00,,,,,
2011-05-20 18:00:00,,,,,
2011-05-20 21:00:00,,,,,
2011-05-21 00:00:00,,,,,
2011-05-21 03:00:00,,,,,
2011-05-21 06:00:00,,,,,
2011-05-21 09:00:00,,,,,
2011-05-21 12:00:00,,,,,
2011-05-21 15:00:00,,,,,
2011-05-21 18:00:00,,,,,
2011-05-21 21:00:00,,,,,
2011-05-22 00:00:00,,,,,
2011-05-22 03:00:00,,,,,
2011-05-22 06:00:00,,,,,
2011-05-22 09:00:00,,,,,
2011-05-22 12:00:00,,,,,
2011-05-22 15:00:00,,,,,
2011-05-22 18:00:00,,,,,
2011-05-22 21:00:00,,,,,
2011-05-23 00:00:00,,,,,
2011-05-23 03:00:00,,,,,
2011-05-23 06:00:00,,,,,
2011-05-23 09:00:00,,,,,
2011-05-23 12:00:00,,,,,
2011-05-23 15:00:00,,,,,
2011-05-23 18:00:00,,,,,
2011-05-23 21:00:00,,,,,
2011-05-24 00:00:00,,,,,
2011-05-24 03:00:00,,,,,
2011-05-24 06:00:00,,,,,
2011-05-24 09:00:00,,,,,
2011-05-24 12:00:00,,,,,
2011-05-24 15:00:00,,,,,
2011-05-24 18:00:00,,,,,
2011-05-24 21:00:00,,,,,
2011-05-25 00:00:00,,,,,
2011-05-25 03:00:00,,,,,
2011-05-25 06:00:00,,,,,
2011-05-25 09:00:00,,,,,
2011-05-25 12:00:00,,,,,
2011-05-25 15:00:00,,,,,
2011-05-25 18:00:00,,,,,
2011-05-25 21:00:00,,,,,
2011-05-26 00:00:00,,,,,
2011-05-26 03:00:00,,,,,
2011-05-26 06:00:00,,,,,
2011-05-26 09:00:00,,,,,
2011-05-26 12:00:00,,,,,
2011-05-26 15:00:00,,,,,
2011-05-26 18:00:00,,,,,
2011-05-26 21:00:00,,,,,
2011-05-27 00:00:00,,,,,
2011-05-27 03:00:00,,,,,
2011-05-27 06:00:00,,,,,
2011-05-27 09:00:00,,,,,
2011-05-27 12:00:00,,,,,
2011-05-27 15:00:00,,,,,
2011-05-27 18:00:00,,,,,
2011-05-27 21:00:00,,,,,
2011-05-28 00:00:00,,,,,
2011-05-28 03:00:00,,,,,
2011-05-28 06:00:00,,,,,
2011-05-28 09:00:00,,,,,
2011-05-28 12:00:00,,,,,
2011-05-28 15:00:00,,,,,
2011-05-28 18:00:00,,,,,
2011-05-28 21:00:00,,,,,
2011-05-29 00:00:00,,,,,
2011-05-29 03:00:00,,,,,
2011-05-29 06:00:00,,,,,
2011-05-29 09:00:00,,,,,
2011-05-29 12:00:00,,,,,
2011-05-29 15:00:00,,,,,
2011-05-29 18:00:00,,,,,
2011-05-29 21:00:00,,,,,
2011-05-30 00:00:00,,,,,
2011-05-30 03:00:00,,,,,
2011-05-30 06:00:00,,,,,
2011-05-30 09:00:00,,,,,
2011-05-30 12:00:00,,,,,
2011-05-30 15:00:00,,,,,
2011-05-30 18:00:00,,,,,
2011-05-30 21:00:00,,,,,
2011-05-31 00:00:00,,,,,
2011-05-31 03:00:00,,,,,
2011-05-31 06:00:00,,,,,
2011-05-31 09:00:00,,,,,
2011-05-31 12:00:00,,,,,
2011-05-31 15:00:00,,,,,
2011-05-31 18:00:00,,,,,
2011-05-31 21:00:00,,,,,
2011-06-01 00:00:00,,,,,
2011-06-01 03:00:00,,,,,
2011-06-01 06:00:00,,,,,
2011-06-01 09:00:00,,,,,
2011-06-01 12:00:00,,,,,
2011-06-01 15:00:00,,,,,
2011-06-01 18:00:00,,,,,
2011-06-01 21:00:00,,,,,
2011-06-02 00:00:00,,,,,
2011-06-02 03:00:00,,,,,
2011-06-02 06:00:00,,,,,
2011-06-02 09:00:00,,,,,
2011-06-02 12:00:00,,,,,
2011-06-02 15:00:00,,,,,
2011-06-02 18:00:00,,,,,
2011-06-02 21:00:00,,,,,
2011-06-03 00:00:00,,,,,
2011-06-03 03:00:00,,,,,
2011-06-03 06:00:00,,,,,
2011-06-03 09:00:00,,,,,
2011-06-03 12:00:00,,,,,
2011-06-03 15:00:00,,,,,
2011-06-03 18:00:00,,,,,
2011-06-03 21:00:00,,,,,
2011-06-04 00:00:00,,,,,
2011-06-04 03:00:00,,,,,
2011-06-04 06:00:00,,,,,
2011-06-04 09:00:00,,,,,
2011-06-04 12:00:00,,,,,
2011-06-04 15:00:00,,,,,
2011-06-04 18:00:00,,,,,
2011-06-04 21:00:00,,,,,
2011-06-05 00:00:00,,,,,
2011-06-05 03:00:00,,,,,
2011-06-05 06:00:00,,,,,
2011-06-05 09:00:00,,,,,
2011-06-05 12:00:00,,,,,
2011-06-05 15:00:00,,,,,
2011-06-05 18:00:00,,,,,
2011-06-05 21:00:00,,,,,
2011-06-06 00:00:00,,,,,
2011-06-06 03:00:00,,,,,
2011-06-06 06:00:00,,,,,
2011-06-06 09:00:00,,,,,
2011-06-06 12:00:00,,,,,
2011-06-06 15:00:00,,,,,
2011-06-06 18:00:00,,,,,
2011-06-06 21:00:00,,,,,
2011-06-07 00:00:00,,,,,
2011-06-07 03:00:00,,,,,
2011-06-07 06:00:00,,,,,
2011-06-07 09:00:00,,,,,
2011-06-07 12:00:00,,,,,
2011-06-07 15:00:00,,,,,
2011-06-07 18:00:00,,,,,
2011-06-07 21:00:00,,,,,
2011-06-08 00:00:00,,,,,
2011-06-08 03:00:00,,,,,
2011-06-08 06:00:00,,,,,
2011-06-08 09:00:00,,,,,
2011-06-08 12:00:00,,,,,
2011-06-08 15:00:00,,,,,
2011-06-08 18:00:00,,,,,
2011-06-08 21:00:00,,,,,
2011-06-09 00:00:00,,,,,
2011-06-09 03:00:00,,,,,
2011-06-09 06:00:00,,,,,
2011-06-09 09:00:00,,,,,
2011-06-09 12:00:00,,,,,
2011-06-09 15:00:00,,,,,
2011-06-09 18:00:00,,,,,
2011-06-09 21:00:00,,,,,
2011-06-10 00:00:00,,,,,
2011-06-10 03:00:00,,,,,
2011-06-10 06:00:00,,,,,
2011-06-10 09:00:00,,,,,
2011-06-10 12:00:00,,,,,
2011-06-10 15:00:00,,,,,
2011-06-10 18:00:00,,,,,
2011-06-10 21:00:00,,,,,
2011-06-11 00:00:00,,,,,
2011-06-11 03:00:00,,,,,
2011-06-11 06:00:00,,,,,
2011-06-11 09:00:00,,,,,
2011-06-11 12:00:00,,,,,
2011-06-11 15:00:00,,,,,
2011-06-11 18:00:00,,,,,
2011-06-11 21:00:00,,,,,
2011-06-12 00:00:00,,,,,
2011-06-12 03:00:00,,,,,
2011-06-12 06:00:00,,,,,
2011-06-12 09:00:00,,,,,
2011-06-12 12:00:00,,,,,
2011-06-12 15:00:00,,,,,
2011-06-12 18:00:00,,,,,
2011-06-12 21:00:00,,,,,
2011-06-13 00:00:00,,,,,
2011-06-13 03:00:00,,,,,
2011-06-13 06:00:00,,,,,
2011-06-13 09:00:00,,,,,
2011-06-13 12:00:00,,,,,
2011-06-13 15:00:00,,,,,
2011-06-13 18:00:00,,,,,
2011-06-13 21:00:00,,,,,
2011-06-14 00:00:00,,,,,
2011-06-14 03:00:00,,,,,
2011-06-14 06:00:00,,,,,
2011-06-14 09:00:00,,,,,
2011-06-14 12:00:00,,,,,
2011-06-14 15:00:00,,,,,
2011-06-14 18:00:00,,,,,
2011-06-14 21:00:00,,,,,
2011-06-15 00:00:00,,,,,
2011-06-15 03:00:00,,,,,
2011-06-15 06:00:00,,,,,
2011-06-15 09:00:00,,,,,
2011-06-15 12:00:00,,,,,
2011-06-15 15:00:00,,,,,
2011-06-15 18:00:00,,,,,
2011-06-15 21:00:00,,,,,
2011-06-16 00:00:00,,,,,
2011-06-16 03:00:00,,,,,
2011-06-16 06:00:00,,,,,
2011-06-16 09:00:00,,,,,
2011-06-16 12:00:00,,,,,
2011-06-16 15:00:00,,,,,
2011-06-16 18:00:00,,,,,
2011-06-16 21:00:00,,,,,
2011-06-17 00:00:00,,,,,
2011-06-17 03:00:00,,,,,
2011-06-17 06:00:00,,,,,
2011-06-17 09:00:00,,,,,
2011-06-17 12:00:00,,,,,
2011-06-17 15:00:00,,,,,
2011-06-17 18:00:00,,,,,
2011-06-17 21:00:00,,,,,
2011-06-18 00:00:00,,,,,
2011-06-18 03:00:00,,,,,
2011-06-18 06:00:00,,,,,
2011-06-18 09:00:00,,,,,
2011-06-18 12:00:00,,,,,
2011-06-18 15:00:00,,,,,
2011-06-18 18:00:00,,,,,
2011-06-18 21:00:00,,,,,
2011-06-19 00:00:00,,,,,
2011-06-19 03:00:00,,,,,
2011-06-19 06:00:00,,,,,
2011-06-19 09:00:00,,,,,
2011-06-19 12:00:00,,,,,
2011-06-19 15:00:00,,,,,
2011-06-19 18:00:00,,,,,
2011-06-19 21:00:00,,,,,
2011-06-20 00:00:00,,,,,
2011-06-20 03:00:00,,,,,
2011-06-20 06:00:00,,,,,
2011-06-20 09:00:00,,,,,
2011-06-20 12:00:00,,,,,
2011-06-20 15:00:00,,,,,
2011-06-20 18:00:00,,,,,
2011-06-20 21:00:00,,,,,
2011-06-21 00:00:00,,,,,
2011-06-21 03:00:00,,,,,
2011-06-21 06:00:00,,,,,
2011-06-21 09:00:00,,,,,
2011-06-21 12:00:00,,,,,
2011-06-21 15:00:00,,,,,
2011-06-21 18:00:00,,,,,
2011-06-21 21:00:00,,,,,
2011-06-22 00:00:00,,,,,
2011-06-22 03:00:00,,,,,
2011-06-22 06:00:00,,,,,
2011-06-22 09:00:00,,,,,
2011-06-22 12:00:00,,,,,
2011-06-22 15:00:00,,,,,
2011-06-22 18:00:00,,,,,
2011-06-22 21:00:00,,,,,
2011-06-23 00:00:00,,,,,
2011-06-23 03:00:00,,,,,
2011-06-23 06:00:00,,,,,
2011-06-23 09:00:00,,,,,
2011-06-23 12:00:00,,,,,
2011-06-23 15:00:00,,,,,
2011-06-23 18:00:00,,,,,
2011-06-23 21:00:00,,,,,
2011-06-24 00:00:00,,,,,
2011-06-24 03:00:00,,,,,
2011-06-24 06:00:00,,,,,
2011-06-24 09:00:00,,,,,
2011-06-24 12:00:00,,,,,
2011-06-24 15:00:00,,,,,
2011-06-24 18:00:00,,,,,
2011-06-24 21:00:00,,,,,
2011-06-25 00:00:00,,,,,
2011-06-25 03:00:00,,,,,
2011-06-25 06:00:00,,,,,
2011-06-25 09:00:00,,,,,
2011-06-25 12:00:00,,,,,
2011-06-25 15:00:00,,,,,
2011-06-25 18:00:00,,,,,
2011-06-25 21:00:00,,,,,
2011-06-26 00:00:00,,,,,
2011-06-26 03:00:00,,,,,
2011-06-26 06:00:00,,,,,
2011-06-26 09:00:00,,,,,
2011-06-26 12:00:00,,,,,
2011-06-26 15:00:00,,,,,
2011-06-26 18:00:00,,,,,
2011-06-26 21:00:00,,,,,
2011-06-27 00:00:00,,,,,
2011-06-27 03:00:00,,,,,
2011-06-27 06:00:00,,,,,
2011-06-27 09:00:00,,,,,
2011-06-27 12:00:00,,,,,
2011-06-27 15:00:00,,,,,
2011-06-27 18:00:00,,,,,
2011-06-27 21:00:00,,,,,
2011-06-28 00:00:00,,,,,
2011-06-28 03:00:00,,,,,
2011-06-28 06:00:00,,,,,
2011-06-28 09:00:00,,,,,
2011-06-28 12:00:00,,,,,
2011-06-28 15:00:00,,,,,
2011-06-28 18:00:00,,,,,
2011-06-28 21:00:00,,,,,
2011-06-29 00:00:00,,,,,
2011-06-29 03:00:00,,,,,
2011-06-29 06:00:00,,,,,
2011-06-29 09:00:00,,,,,
2011-06-29 12:00:00,,,,,
2011-06-29 15:00:00,,,,,
2011-06-29 18:00:00,,,,,
2011-06-29 21:00:00,,,,,
2011-06-30 00:00:00,,,,,
2011-06-30 03:00:00,,,,,
2011-06-30 06:00:00,,,,,
2011-06-30 09:00:00,,,,,
2011-06-30 12:00:00,,,,,
2011-06-30 15:00:00,,,,,
2011-06-30 18:00:00,,,,,
2011-06-30 21:00:00,,,,,
2011-07-01 00:00:00,,,,,
2011-07-01 03:00:00,,,,,
2011-07-01 06:00:00,,,,,
2011-07-01 09:00:00,,,,,
2011-07-01 12:00:00,,,,,
2011-07-01 15:00:00,,,,,
2011-07-01 18:00:00,,,,,
2011-07-01 21:00:00,,,,,
2011-07-02 00:00:00,,,,,
2011-07-02 03:00:00,,,,,
2011-07-02 06:00:00,,,,,
2011-07-02 09:00:00,,,,,
2011-07-02 12:00:00,,,,,
2011-07-02 15:00:00,,,,,
2011-07-02 18:00:00,,,,,
2011-07-02 21:00:00,,,,,
2011-07-03 00:00:00,,,,,
2011-07-03 03:00:00,,,,,
2011-07-03 06:00:00,,,,,
2011-07-03 09:00:00,,,,,
2011-07-03 12:00:00,,,,,
2011-07-03 15:00:00,,,,,
2011-07-03 18:00:00,,,,,
2011-07-03 21:00:00,,,,,
2011-07-04 00:00:00,,,,,
2011-07-04 03:00:00,,,,,
2011-07-04 06:00:00,,,,,
2011-07-04 09:00:00,,,,,
2011-07-04 12:00:00,,,,,
2011-07-04 15:00:00,,,,,
2011-07-04 18:00:00,,,,,
2011-07-04 21:00:00,,,,,
2011-07-05 00:00:00,,,,,
2011-07-05 03:00:00,,,,,
2011-07-05 06:00:00,,,,,
2011-07-05 09:00:00,,,,,
2011-07-05 12:00:00,,,,,
2011-07-05 15:00:00,,,,,
2011-07-05 18:00:00,,,,,
2011-07-05 21:00:00,,,,,
2011-07-06 00:00:00,,,,,
2011-07-06 03:00:00,,,,,
2011-07-06 06:00:00,,,,,
2011-07-06 09:00:00,,,,,
2011-07-06 12:00:00,,,,,
2011-07-06 15:00:00,,,,,
2011-07-06 18:00:00,,,,,
2011-07-06 21:00:00,,,,,
2011-07-07 00:00:00,,,,,
2011-07-07 03:00:00,,,,,
2011-07-07 06:00:00,,,,,
2011-07-07 09:00:00,,,,,
2011-07-07 12:00:00,,,,,
2011-07-07 15:00:00,,,,,
2011-07-07 18:00:00,,,,,
2011-07-07 21:00:00,,,,,
2011-07-08 00:00:00,,,,,
2011-07-08 03:00:00,,,,,
2011-07-08 06:00:00,,,,,
2011-07-08 09:00:00,,,,,
2011-07-08 12:00:00,,,,,
2011-07-08 15:00:00,,,,,
2011-07-08 18:00:00,,,,,
2011-07-08 21:00:00,,,,,
2011-07-09 00:00:00,,,,,
2011-07-09 03:00:00,,,,,
2011-07-09 06:00:00,,,,,
2011-07-09 09:00:00,,,,,
2011-07-09 12:00:00,,,,,
2011-07-09 15:00:00,,,,,
2011-07-09 18:00:00,,,,,
2011-07-09 21:00:00,,,,,
2011-07-10 00:00:00,,,,,
2011-07-10 03:00:00,,,,,
2011-07-10 06:00:00,,,,,
2011-07-10 09:00:00,,,,,
2011-07-10 12:00:00,,,,,
2011-07-10 15:00:00,,,,,
2011-07-10 18:00:00,,,,,
2011-07-10 21:00:00,,,,,
2011-07-11 00:00:00,,,,,
2011-07-11 03:00:00,,,,,
2011-07-11 06:00:00,,,,,
2011-07-11 09:00:00,,,,,
2011-07-11 12:00:00,,,,,
2011-07-11 15:00:00,,,,,
2011-07-11 18:00:00,,,,,
2011-07-11 21:00:00,,,,,
2011-07-12 00:00:00,,,,,
2011-07-12 03:00:00,,,,,
2011-07-12 06:00:00,,,,,
2011-07-12 09:00:00,,,,,
2011-07-12 12:00:00,,,,,
2011-07-12 15:00:00,,,,,
2011-07-12 18:00:00,,,,,
2011-07-12 21:00:00,,,,,
2011-07-13 00:00:00,,,,,
2011-07-13 03:00:00,,,,,
2011-07-13 06:00:00,,,,,
2011-07-13 09:00:00,,,,,
2011-07-13 12:00:00,,,,,
2011-07-13 15:00:00,,,,,
2011-07-13 18:00:00,,,,,
2011-07-13 21:00:00,,,,,
2011-07-14 00:00:00,,,,,
2011-07-14 03:00:00,,,,,
2011-07-14 06:00:00,,,,,
2011-07-14 09:00:00,,,,,
2011-07-14 12:00:00,,,,,
2011-07-14 15:00:00,,,,,
2011-07-14 18:00:00,,,,,
2011-07-14 21:00:00,,,,,
2011-07-15 00:00:00,,,,,
2011-07-15 03:00:00,,,,,
2011-07-15 06:00:00,,,,,
2011-07-15 09:00:00,,,,,
2011-07-15 12:00:00,,,,,
2011-07-15 15:00:00,,,,,
2011-07-15 18:00:00,,,,,
2011-07-15 21:00:00,,,,,
2011-07-16 00:00:00,,,,,
2011-07-16 03:00:00,,,,,
2011-07-16 06:00:00,,,,,
2011-07-16 09:00:00,,,,,
2011-07-16 12:00:00,,,,,
2011-07-16 15:00:00,,,,,
2011-07-16 18:00:00,,,,,
2011-07-16 21:00:00,,,,,
2011-07-17 00:00:00,,,,,
2011-07-17 03:00:00,,,,,
2011-07-17 06:00:00,,,,,
2011-07-17 09:00:00,,,,,
2011-07-17 12:00:00,,,,,
2011-07-17 15:00:00,,,,,
2011-07-17 18:00:00,,,,,
2011-07-17 21:00:00,,,,,
2011-07-18 00:00:00,,,,,
2011-07-18 03:00:00,,,,,
2011-07-18 06:00:00,,,,,
2011-07-18 09:00:00,,,,,
2011-07-18 12:00:00,,,,,
2011-07-18 15:00:00,,,,,
2011-07-18 18:00:00,,,,,
2011-07-18 21:00:00,,,,,
2011-07-19 00:00:00,,,,,
2011-07-19 03:00:00,,,,,
2011-07-19 06:00:00,,,,,
2011-07-19 09:00:00,,,,,
2011-07-19 12:00:00,,,,,
2011-07-19 15:00:00,,,,,
2011-07-19 18:00:00,,,,,
2011-07-19 21:00:00,,,,,
2011-07-20 00:00:00,,,,,
2011-07-20 03:00:00,,,,,
2011-07-20 06:00:00,,,,,
2011-07-20 09:00:00,,,,,
2011-07-20 12:00:00,,,,,
2011-07-20 15:00:00,,,,,
2011-07-20 18:00:00,,,,,
2011-07-20 21:00:00,,,,,
2011-07-21 00:00:00,,,,,
2011-07-21 03:00:00,,,,,
2011-07-21 06:00:00,,,,,
2011-07-21 09:00:00,,,,,
2011-07-21 12:00:00,,,,,
2011-07-21 15:00:00,,,,,
2011-07-21 18:00:00,,,,,
2011-07-21 21:00:00,,,,,
2011-07-22 00:00:00,,,,,
2011-07-22 03:00:00,,,,,
2011-07-22 06:00:00,,,,,
2011-07-22 09:00:00,,,,,
2011-07-22 12:00:00,,,,,
2011-07-22 15:00:00,,,,,
2011-07-22 18:00:00,,,,,
2011-07-22 21:00:00,,,,,
2011-07-23 00:00:00,,,,,
2011-07-23 03:00:00,,,,,
2011-07-23 06:00:00,,,,,
2011-07-23 09:00:00,,,,,
2011-07-23 12:00:00,,,,,
2011-07-23 15:00:00,,,,,
2011-07-23 18:00:00,,,,,
2011-07-23 21:00:00,,,,,
2011-07-24 00:00:00,,,,,
2011-07-24 03:00:00,,,,,
2011-07-24 06:00:00,,,,,
2011-07-24 09:00:00,,,,,
2011-07-24 12:00:00,,,,,
2011-07-24 15:00:00,,,,,
2011-07-24 18:00:00,,,,,
2011-07-24 21:00:00,,,,,
2011-07-25 00:00:00,,,,,
2011-07-25 03:00:00,,,,,
2011-07-25 06:00:00,,,,,
2011-07-25 09:00:00,,,,,
2011-07-25 12:00:00,,,,,
2011-07-25 15:00:00,,,,,
2011-07-25 18:00:00,,,,,
2011-07-25 21:00:00,,,,,
2011-07-26 00:00:00,,,,,
2011-07-26 03:00:00,,,,,
2011-07-26 06:00:00,,,,,
2011-07-26 09:00:00,,,,,
2011-07-26 12:00:00,,,,,
2011-07-26 15:00:00,,,,,
2011-07-26 18:00:00,,,,,
2011-07-26 21:00:00,,,,,
2011-07-27 00:00:00,,,,,
2011-07-27 03:00:00,,,,,
2011-07-27 06:00:00,,,,,
2011-07-27 09:00:00,,,,,
2011-07-27 12:00:00,,,,,
2011-07-27 15:00:00,,,,,
2011-07-27 18:00:00,,,,,
2011-07-27 21:00:00,,,,,
2011-07-28 00:00:00,,,,,
2011-07-28 03:00:00,,,,,
2011-07-28 06:00:00,,,,,
2011-07-28 09:00:00,,,,,
2011-07-28 12:00:00,,,,,
2011-07-28 15:00:00,,,,,
2011-07-28 18:00:00,,,,,
2011-07-28 21:00:00,,,,,
2011-07-29 00:00:00,,,,,
2011-07-29 03:00:00,,,,,
2011-07-29 06:00:00,,,,,
2011-07-29 09:00:00,,,,,
2011-07-29 12:00:00,,,,,
2011-07-29 15:00:00,,,,,
2011-07-29 18:00:00,,,,,
2011-07-29 21:00:00,,,,,
2011-07-30 00:00:00,,,,,
2011-07-30 03:00:00,,,,,
2011-07-30 06:00:00,,,,,
2011-07-30 09:00:00,,,,,
2011-07-30 12:00:00,,,,,
2011-07-30 15:00:00,,,,,
2011-07-30 18:00:00,,,,,
2011-07-30 21:00:00,,,,,
2011-07-31 00:00:00,,,,,
2011-07-31 03:00:00,,,,,
2011-07-31 06:00:00,,,,,
2011-07-31 09:00:00,,,,,
2011-07-31 12:00:00,,,,,
2011-07-31 15:00:00,,,,,
2011-07-31 18:00:00,,,,,
2011-07-31 21:00:00,,,,,
2011-08-01 00:00:00,,,,,
2011-08-01 03:00:00,,,,,
2011-08-01 06:00:00,,,,,
2011-08-01 09:00:00,,,,,
2011-08-01 12:00:00,,,,,
2011-08-01 15:00:00,,,,,
2011-08-01 18:00:00,,,,,
2011-08-01 21:00:00,,,,,
2011-08-02 00:00:00,,,,,
2011-08-02 03:00:00,,,,,
2011-08-02 06:00:00,,,,,
2011-08-02 09:00:00,,,,,
2011-08-02 12:00:00,,,,,
2011-08-02 15:00:00,,,,,
2011-08-02 18:00:00,,,,,
2011-08-02 21:00:00,,,,,
2011-08-03 00:00:00,,,,,
2011-08-03 03:00:00,,,,,
2011-08-03 06:00:00,,,,,
2011-08-03 09:00:00,,,,,
2011-08-03 12:00:00,,,,,
2011-08-03 15:00:00,,,,,
2011-08-03 18:00:00,,,,,
2011-08-03 21:00:00,,,,,
2011-08-04 00:00:00,,,,,
2011-08-04 03:00:00,,,,,
2011-08-04 06:00:00,,,,,
2011-08-04 09:00:00,,,,,
2011-08-04 12:00:00,,,,,
2011-08-04 15:00:00,,,,,
2011-08-04 18:00:00,,,,,
2011-08-04 21:00:00,,,,,
2011-08-05 00:00:00,,,,,
2011-08-05 03:00:00,,,,,
2011-08-05 06:00:00,,,,,
2011-08-05 09:00:00,,,,,
2011-08-05 12:00:00,,,,,
2011-08-05 15:00:00,,,,,
2011-08-05 18:00:00,,,,,
2011-08-05 21:00:00,,,,,
2011-08-06 00:00:00,,,,,
2011-08-06 03:00:00,,,,,
2011-08-06 06:00:00,,,,,
2011-08-06 09:00:00,,,,,
2011-08-06 12:00:00,,,,,
2011-08-06 15:00:00,,,,,
2011-08-06 18:00:00,,,,,
2011-08-06 21:00:00,,,,,
2011-08-07 00:00:00,,,,,
2011-08-07 03:00:00,,,,,
2011-08-07 06:00:00,,,,,
2011-08-07 09:00:00,,,,,
2011-08-07 12:00:00,,,,,
2011-08-07 15:00:00,,,,,
2011-08-07 18:00:00,,,,,
2011-08-07 21:00:00,,,,,
2011-08-08 00:00:00,,,,,
2011-08-08 03:00:00,,,,,
2011-08-08 06:00:00,,,,,
2011-08-08 09:00:00,,,,,
2011-08-08 12:00:00,,,,,
2011-08-08 15:00:00,,,,,
2011-08-08 18:00:00,,,,,
2011-08-08 21:00:00,,,,,
2011-08-09 00:00:00,,,,,
2011-08-09 03:00:00,,,,,
2011-08-09 06:00:00,,,,,
2011-08-09 09:00:00,,,,,
2011-08-09 12:00:00,,,,,
2011-08-09 15:00:00,,,,,
2011-08-09 18:00:00,,,,,
2011-08-09 21:00:00,,,,,
2011-08-10 00:00:00,,,,,
2011-08-10 03:00:00,,,,,
2011-08-10 06:00:00,,,,,
2011-08-10 09:00:00,,,,,
2011-08-10 12:00:00,,,,,
2011-08-10 15:00:00,,,,,
2011-08-10 18:00:00,,,,,
2011-08-10 21:00:00,,,,,
2011-08-11 00:00:00,,,,,
2011-08-11 03:00:00,,,,,
2011-08-11 06:00:00,,,,,
2011-08-11 09:00:00,,,,,
2011-08-11 12:00:00,,,,,
2011-08-11 15:00:00,,,,,
2011-08-11 18:00:00,,,,,
2011-08-11 21:00:00,,,,,
2011-08-12 00:00:00,,,,,
2011-08-12 03:00:00,,,,,
2011-08-12 06:00:00,,,,,
2011-08-12 09:00:00,,,,,
2011-08-12 12:00:00,,,,,
2011-08-12 15:00:00,,,,,
2011-08-12 18:00:00,,,,,
2011-08-12 21:00:00,,,,,
2011-08-13 00:00:00,,,,,
2011-08-13 03:00:00,,,,,
2011-08-13 06:00:00,,,,,
2011-08-13 09:00:00,,,,,
2011-08-13 12:00:00,,,,,
2011-08-13 15:00:00,,,,,
2011-08-13 18:00:00,,,,,
2011-08-13 21:00:00,,,,,
2011-08-14 00:00:00,,,,,
2011-08-14 03:00:00,,,,,
2011-08-14 06:00:00,,,,,
2011-08-14 09:00:00,,,,,
2011-08-14 12:00:00,,,,,
2011-08-14 15:00:00,,,,,
2011-08-14 18:00:00,,,,,
2011-08-14 21:00:00,,,,,
2011-08-15 00:00:00,,,,,
2011-08-15 03:00:00,,,,,
2011-08-15 06:00:00,,,,,
2011-08-15 09:00:00,,,,,
2011-08-15 12:00:00,,,,,
2011-08-15 15:00:00,,,,,
2011-08-15 18:00:00,,,,,
2011-08-15 21:00:00,,,,,
2011-08-16 00:00:00,,,,,
2011-08-16 03:00:00,,,,,
2011-08-16 06:00:00,,,,,
2011-08-16 09:00:00,,,,,
2011-08-16 12:00:00,,,,,
2011-08-16 15:00:00,,,,,
2011-08-16 18:00:00,,,,,
2011-08-16 21:00:00,,,,,
2011-08-17 00:00:00,,,,,
2011-08-17 03:00:00,,,,,
2011-08-17 06:00:00,,,,,
2011-08-17 09:00:00,,,,,
2011-08-17 12:00:00,,,,,
2011-08-17 15:00:00,,,,,
2011-08-17 18:00:00,,,,,
2011-08-17 21:00:00,,,,,
2011-08-18 00:00:00,,,,,
2011-08-18 03:00:00,,,,,
2011-08-18 06:00:00,,,,,
2011-08-18 09:00:00,,,,,
2011-08-18 12:00:00,,,,,
2011-08-18 15:00:00,,,,,
2011-08-18 18:00:00,,,,,
2011-08-18 21:00:00,,,,,
2011-08-19 00:00:00,,,,,
2011-08-19 03:00:00,,,,,
2011-08-19 06:00:00,,,,,
2011-08-19 09:00:00,,,,,
2011-08-19 12:00:00,,,,,
2011-08-19 15:00:00,,,,,
2011-08-19 18:00:00,,,,,
2011-08-19 21:00:00,,,,,
2011-08-20 00:00:00,,,,,
2011-08-20 03:00:00,,,,,
2011-08-20 06:00:00,,,,,
2011-08-20 09:00:00,,,,,
2011-08-20 12:00:00,,,,,
2011-08-20 15:00:00,,,,,
2011-08-20 18:00:00,,,,,
2011-08-20 21:00:00,,,,,
2011-08-21 00:00:00,,,,,
2011-08-21 03:00:00,,,,,
2011-08-21 06:00:00,,,,,
2011-08-21 09:00:00,,,,,
2011-08-21 12:00:00,,,,,
2011-08-21 15:00:00,,,,,
2011-08-21 18:00:00,,,,,
2011-08-21 21:00:00,,,,,
2011-08-22 00:00:00,,,,,
2011-08-22 03:00:00,,,,,
2011-08-22 06:00:00,,,,,
2011-08-22 09:00:00,,,,,
2011-08-22 12:00:00,,,,,
2011-08-22 15:00:00,,,,,
2011-08-22 18:00:00,,,,,
2011-08-22 21:00:00,,,,,
2011-08-23 00:00:00,,,,,
2011-08-23 03:00:00,,,,,
2011-08-23 06:00:00,,,,,
2011-08-23 09:00:00,,,,,
2011-08-23 12:00:00,,,,,
2011-08-23 15:00:00,,,,,
2011-08-23 18:00:00,,,,,
2011-08-23 21:00:00,,,,,
2011-08-24 00:00:00,,,,,
2011-08-24 03:00:00,,,,,
2011-08-24 06:00:00,,,,,
2011-08-24 09:00:00,,,,,
2011-08-24 12:00:00,,,,,
2011-08-24 15:00:00,,,,,
2011-08-24 18:00:00,,,,,
2011-08-24 21:00:00,,,,,
2011-08-25 00:00:00,,,,,
2011-08-25 03:00:00,,,,,
2011-08-25 06:00:00,,,,,
2011-08-25 09:00:00,,,,,
2011-08-25 12:00:00,,,,,
2011-08-25 15:00:00,,,,,
2011-08-25 18:00:00,,,,,
2011-08-25 21:00:00,,,,,
2011-08-26 00:00:00,,,,,
2011-08-26 03:00:00,,,,,
2011-08-26 06:00:00,,,,,
2011-08-26 09:00:00,,,,,
2011-08-26 12:00:00,,,,,
2011-08-26 15:00:00,,,,,
2011-08-26 18:00:00,,,,,
2011-08-26 21:00:00,,,,,
2011-08-27 00:00:00,,,,,
2011-08-27 03:00:00,,,,,
2011-08-27 06:00:00,,,,,
2011-08-27 09:00:00,,,,,
2011-08-27 12:00:00,,,,,
2011-08-27 15:00:00,,,,,
2011-08-27 18:00:00,,,,,
2011-08-27 21:00:00,,,,,
2011-08-28 00:00:00,,,,,
2011-08-28 03:00:00,,,,,
2011-08-28 06:00:00,,,,,
2011-08-28 09:00:00,,,,,
2011-08-28 12:00:00,,,,,
2011-08-28 15:00:00,,,,,
2011-08-28 18:00:00,,,,,
2011-08-28 21:00:00,,,,,
2011-08-29 00:00:00,,,,,
2011-08-29 03:00:00,,,,,
2011-08-29 06:00:00,,,,,
2011-08-29 09:00:00,,,,,
2011-08-29 12:00:00,,,,,
2011-08-29 15:00:00,,,,,
2011-08-29 18:00:00,,,,,
2011-08-29 21:00:00,,,,,
2011-08-30 00:00:00,,,,,
2011-08-30 03:00:00,,,,,
2011-08-30 06:00:00,,,,,
2011-08-30 09:00:00,,,,,
2011-08-30 12:00:00,,,,,
2011-08-30 15:00:00,,,,,
2011-08-30 18:00:00,,,,,
2011-08-30 21:00:00,,,,,
2011-08-31 00:00:00,,,,,
2011-08-31 03:00:00,,,,,
2011-08-31 06:00:00,,,,,
2011-08-31 09:00:00,,,,,
2011-08-31 12:00:00,,,,,
2011-08-31 15:00:00,,,,,
2011-08-31 18:00:00,,,,,
2011-08-31 21:00:00,,,,,
2011-09-01 00:00:00,,,,,
2011-09-01 03:00:00,,,,,
2011-09-01 06:00:00,,,,,
2011-09-01 09:00:00,,,,,
2011-09-01 12:00:00,,,,,
2011-09-01 15:00:00,,,,,
2011-09-01 18:00:00,,,,,
2011-09-01 21:00:00,,,,,
2011-09-02 00:00:00,,,,,
2011-09-02 03:00:00,,,,,
2011-09-02 06:00:00,,,,,
2011-09-02 09:00:00,,,,,
2011-09-02 12:00:00,,,,,
2011-09-02 15:00:00,,,,,
2011-09-02 18:00:00,,,,,
2011-09-02 21:00:00,,,,,
2011-09-03 00:00:00,,,,,
2011-09-03 03:00:00,,,,,
2011-09-03 06:00:00,,,,,
2011-09-03 09:00:00,,,,,
2011-09-03 12:00:00,,,,,
2011-09-03 15:00:00,,,,,
2011-09-03 18:00:00,,,,,
2011-09-03 21:00:00,,,,,
2011-09-04 00:00:00,,,,,
2011-09-04 03:00:00,,,,,
2011-09-04 06:00:00,,,,,
2011-09-04 09:00:00,,,,,
2011-09-04 12:00:00,,,,,
2011-09-04 15:00:00,,,,,
2011-09-04 18:00:00,,,,,
2011-09-04 21:00:00,,,,,
2011-09-05 00:00:00,,,,,
2011-09-05 03:00:00,,,,,
2011-09-05 06:00:00,,,,,
2011-09-05 09:00:00,,,,,
2011-09-05 12:00:00,,,,,
2011-09-05 15:00:00,,,,,
2011-09-05 18:00:00,,,,,
2011-09-05 21:00:00,,,,,
2011-09-06 00:00:00,,,,,
2011-09-06 03:00:00,,,,,
2011-09-06 06:00:00,,,,,
2011-09-06 09:00:00,,,,,
2011-09-06 12:00:00,,,,,
2011-09-06 15:00:00,,,,,
2011-09-06 18:00:00,,,,,
2011-09-06 21:00:00,,,,,
2011-09-07 00:00:00,,,,,
2011-09-07 03:00:00,,,,,
2011-09-07 06:00:00,,,,,
2011-09-07 09:00:00,,,,,
2011-09-07 12:00:00,,,,,
2011-09-07 15:00:00,,,,,
2011-09-07 18:00:00,,,,,
2011-09-07 21:00:00,,,,,
2011-09-08 00:00:00,,,,,
2011-09-08 03:00:00,,,,,
2011-09-08 06:00:00,,,,,
2011-09-08 09:00:00,,,,,
2011-09-08 12:00:00,,,,,
2011-09-08 15:00:00,,,,,
2011-09-08 18:00:00,,,,,
2011-09-08 21:00:00,,,,,
2011-09-09 00:00:00,,,,,
2011-09-09 03:00:00,,,,,
2011-09-09 06:00:00,,,,,
2011-09-09 09:00:00,,,,,
2011-09-09 12:00:00,,,,,
2011-09-09 15:00:00,,,,,
2011-09-09 18:00:00,,,,,
2011-09-09 21:00:00,,,,,
2011-09-10 00:00:00,,,,,
2011-09-10 03:00:00,,,,,
2011-09-10 06:00:00,,,,,
2011-09-10 09:00:00,,,,,
2011-09-10 12:00:00,,,,,
2011-09-10 15:00:00,,,,,
2011-09-10 18:00:00,,,,,
2011-09-10 21:00:00,,,,,
2011-09-11 00:00:00,,,,,
2011-09-11 03:00:00,,,,,
2011-09-11 06:00:00,,,,,
2011-09-11 09:00:00,,,,,
2011-09-11 12:00:00,,,,,
2011-09-11 15:00:00,,,,,
2011-09-11 18:00:00,,,,,
2011-09-11 21:00:00,,,,,
2011-09-12 00:00:00,,,,,
2011-09-12 03:00:00,,,,,
2011-09-12 06:00:00,,,,,
2011-09-12 09:00:00,,,,,
2011-09-12 12:00:00,,,,,
2011-09-12 15:00:00,,,,,
2011-09-12 18:00:00,,,,,
2011-09-12 21:00:00,,,,,
2011-09-13 00:00:00,,,,,
2011-09-13 03:00:00,,,,,
2011-09-13 06:00:00,,,,,
2011-09-13 09:00:00,,,,,
2011-09-13 12:00:00,,,,,
2011-09-13 15:00:00,,,,,
2011-09-13 18:00:00,,,,,
2011-09-13 21:00:00,,,,,
2011-09-14 00:00:00,,,,,
2011-09-14 03:00:00,,,,,
2011-09-14 06:00:00,,,,,
2011-09-14 09:00:00,,,,,
2011-09-14 12:00:00,,,,,
2011-09-14 15:00:00,,,,,
2011-09-14 18:00:00,,,,,
2011-09-14 21:00:00,,,,,
2011-09-15 00:00:00,,,,,
2011-09-15 03:00:00,,,,,
2011-09-15 06:00:00,,,,,
2011-09-15 09:00:00,,,,,
2011-09-15 12:00:00,,,,,
2011-09-15 15:00:00,,,,,
2011-09-15 18:00:00,,,,,
2011-09-15 21:00:00,,,,,
2011-09-16 00:00:00,,,,,
2011-09-16 03:00:00,,,,,
2011-09-16 06:00:00,,,,,
2011-09-16 09:00:00,,,,,
2011-09-16 12:00:00,,,,,
2011-09-16 15:00:00,,,,,
2011-09-16 18:00:00,,,,,
2011-09-16 21:00:00,,,,,
2011-09-17 00:00:00,,,,,
2011-09-17 03:00:00,,,,,
2011-09-17 06:00:00,,,,,
2011-09-17 09:00:00,,,,,
2011-09-17 12:00:00,,,,,
2011-09-17 15:00:00,,,,,
2011-09-17 18:00:00,,,,,
2011-09-17 21:00:00,,,,,
2011-09-18 00:00:00,,,,,
2011-09-18 03:00:00,,,,,
2011-09-18 06:00:00,,,,,
2011-09-18 09:00:00,,,,,
2011-09-18 12:00:00,,,,,
2011-09-18 15:00:00,,,,,
2011-09-18 18:00:00,,,,,
2011-09-18 21:00:00,,,,,
2011-09-19 00:00:00,,,,,
2011-09-19 03:00:00,,,,,
2011-09-19 06:00:00,,,,,
2011-09-19 09:00:00,,,,,
2011-09-19 12:00:00,,,,,
2011-09-19 15:00:00,,,,,
2011-09-19 18:00:00,,,,,
2011-09-19 21:00:00,,,,,
2011-09-20 00:00:00,,,,,
2011-09-20 03:00:00,,,,,
2011-09-20 06:00:00,,,,,
2011-09-20 09:00:00,,,,,
2011-09-20 12:00:00,,,,,
2011-09-20 15:00:00,,,,,
2011-09-20 18:00:00,,,,,
2011-09-20 21:00:00,,,,,
2011-09-21 00:00:00,,,,,
2011-09-21 03:00:00,,,,,
2011-09-21 06:00:00,,,,,
2011-09-21 09:00:00,,,,,
2011-09-21 12:00:00,,,,,
2011-09-21 15:00:00,,,,,
2011-09-21 18:00:00,,,,,
2011-09-21 21:00:00,,,,,
2011-09-22 00:00:00,,,,,
2011-09-22 03:00:00,,,,,
2011-09-22 06:00:00,,,,,
2011-09-22 09:00:00,,,,,
2011-09-22 12:00:00,,,,,
2011-09-22 15:00:00,,,,,
2011-09-22 18:00:00,,,,,
2011-09-22 21:00:00,,,,,
2011-09-23 00:00:00,,,,,
2011-09-23 03:00:00,,,,,
2011-09-23 06:00:00,,,,,
2011-09-23 09:00:00,,,,,
2011-09-23 12:00:00,,,,,
2011-09-23 15:00:00,,,,,
2011-09-23 18:00:00,,,,,
2011-09-23 21:00:00,,,,,
2011-09-24 00:00:00,,,,,
2011-09-24 03:00:00,,,,,
2011-09-24 06:00:00,,,,,
2011-09-24 09:00:00,,,,,
2011-09-24 12:00:00,,,,,
2011-09-24 15:00:00,,,,,
2011-09-24 18:00:00,,,,,
2011-09-24 21:00:00,,,,,
2011-09-25 00:00:00,,,,,
2011-09-25 03:00:00,,,,,
2011-09-25 06:00:00,,,,,
2011-09-25 09:00:00,,,,,
2011-09-25 12:00:00,,,,,
2011-09-25 15:00:00,,,,,
2011-09-25 18:00:00,,,,,
2011-09-25 21:00:00,,,,,
2011-09-26 00:00:00,,,,,
2011-09-26 03:00:00,,,,,
2011-09-26 06:00:00,,,,,
2011-09-26 09:00:00,,,,,
2011-09-26 12:00:00,,,,,
2011-09-26 15:00:00,,,,,
2011-09-26 18:00:00,,,,,
2011-09-26 21:00:00,,,,,
2011-09-27 00:00:00,,,,,
2011-09-27 03:00:00,,,,,
2011-09-27 06:00:00,,,,,
2011-09-27 09:00:00,,,,,
2011-09-27 12:00:00,,,,,
2011-09-27 15:00:00,,,,,
2011-09-27 18:00:00,,,,,
2011-09-27 21:00:00,,,,,
2011-09-28 00:00:00,,,,,
2011-09-28 03:00:00,,,,,
2011-09-28 06:00:00,,,,,
2011-09-28 09:00:00,,,,,
2011-09-28 12:00:00,,,,,
2011-09-28 15:00:00,,,,,
2011-09-28 18:00:00,,,,,
2011-09-28 21:00:00,,,,,
2011-09-29 00:00:00,,,,,
2011-09-29 03:00:00,,,,,
2011-09-29 06:00:00,,,,,
2011-09-29 09:00:00,,,,,
2011-09-29 12:00:00,,,,,
2011-09-29 15:00:00,,,,,
2011-09-29 18:00:00,,,,,
2011-09-29 21:00:00,,,,,
2011-09-30 00:00:00,,,,,
2011-09-30 03:00:00,,,,,
2011-09-30 06:00:00,,,,,
2011-09-30 09:00:00,,,,,
2011-09-30 12:00:00,,,,,
2011-09-30 15:00:00,,,,,
2011-09-30 18:00:00,,,,,
2011-09-30 21:00:00,,,,,
2011-10-01 00:00:00,,,,,
2011-10-01 03:00:00,,,,,
2011-10-01 06:00:00,,,,,
2011-10-01 09:00:00,,,,,
2011-10-01 12:00:00,,,,,
2011-10-01 15:00:00,,,,,
2011-10-01 18:00:00,,,,,
2011-10-01 21:00:00,,,,,
2011-10-02 00:00:00,,,,,
2011-10-02 03:00:00,,,,,
2011-10-02 06:00:00,,,,,
2011-10-02 09:00:00,,,,,
2011-10-02 12:00:00,,,,,
2011-10-02 15:00:00,,,,,
2011-10-02 18:00:00,,,,,
2011-10-02 21:00:00,,,,,
2011-10-03 00:00:00,,,,,
2011-10-03 03:00:00,,,,,
2011-10-03 06:00:00,,,,,
2011-10-03 09:00:00,,,,,
2011-10-03 12:00:00,,,,,
2011-10-03 15:00:00,,,,,
2011-10-03 18:00:00,,,,,
2011-10-03 21:00:00,,,,,
2011-10-04 00:00:00,,,,,
2011-10-04 03:00:00,,,,,
2011-10-04 06:00:00,,,,,
2011-10-04 09:00:00,,,,,
2011-10-04 12:00:00,,,,,
2011-10-04 15:00:00,,,,,
2011-10-04 18:00:00,,,,,
2011-10-04 21:00:00,,,,,
2011-10-05 00:00:00,,,,,
2011-10-05 03:00:00,,,,,
2011-10-05 06:00:00,,,,,
2011-10-05 09:00:00,,,,,
2011-10-05 12:00:00,,,,,
2011-10-05 15:00:00,,,,,
2011-10-05 18:00:00,,,,,
2011-10-05 21:00:00,,,,,
2011-10-06 00:00:00,,,,,
2011-10-06 03:00:00,,,,,
2011-10-06 06:00:00,,,,,
2011-10-06 09:00:00,,,,,
2011-10-06 12:00:00,,,,,
2011-10-06 15:00:00,,,,,
2011-10-06 18:00:00,,,,,
2011-10-06 21:00:00,,,,,
2011-10-07 00:00:00,,,,,
2011-10-07 03:00:00,,,,,
2011-10-07 06:00:00,,,,,
2011-10-07 09:00:00,,,,,
2011-10-07 12:00:00,,,,,
2011-10-07 15:00:00,,,,,
2011-10-07 18:00:00,,,,,
2011-10-07 21:00:00,,,,,
2011-10-08 00:00:00,,,,,
2011-10-08 03:00:00,,,,,
2011-10-08 06:00:00,,,,,
2011-10-08 09:00:00,,,,,
2011-10-08 12:00:00,,,,,
2011-10-08 15:00:00,,,,,
2011-10-08 18:00:00,,,,,
2011-10-08 21:00:00,,,,,
2011-10-09 00:00:00,,,,,
2011-10-09 03:00:00,,,,,
2011-10-09 06:00:00,,,,,
2011-10-09 09:00:00,,,,,
2011-10-09 12:00:00,,,,,
2011-10-09 15:00:00,,,,,
2011-10-09 18:00:00,,,,,
2011-10-09 21:00:00,,,,,
2011-10-10 00:00:00,,,,,
2011-10-10 03:00:00,,,,,
2011-10-10 06:00:00,,,,,
2011-10-10 09:00:00,,,,,
2011-10-10 12:00:00,,,,,
2011-10-10 15:00:00,,,,,
2011-10-10 18:00:00,,,,,
2011-10-10 21:00:00,,,,,
2011-10-11 00:00:00,,,,,
2011-10-11 03:00:00,,,,,
2011-10-11 06:00:00,,,,,
2011-10-11 09:00:00,,,,,
2011-10-11 12:00:00,,,,,
2011-10-11 15:00:00,,,,,
2011-10-11 18:00:00,,,,,
2011-10-11 21:00:00,,,,,
2011-10-12 00:00:00,,,,,
2011-10-12 03:00:00,,,,,
2011-10-12 06:00:00,,,,,
2011-10-12 09:00:00,,,,,
2011-10-12 12:00:00,,,,,
2011-10-12 15:00:00,,,,,
2011-10-12 18:00:00,,,,,
2011-10-12 21:00:00,,,,,
2011-10-13 00:00:00,,,,,
2011-10-13 03:00:00,,,,,
2011-10-13 06:00:00,,,,,
2011-10-13 09:00:00,,,,,
2011-10-13 12:00:00,,,,,
2011-10-13 15:00:00,,,,,
2011-10-13 18:00:00,,,,,
2011-10-13 21:00:00,,,,,
2011-10-14 00:00:00,,,,,
2011-10-14 03:00:00,,,,,
2011-10-14 06:00:00,,,,,
2011-10-14 09:00:00,,,,,
2011-10-14 12:00:00,,,,,
2011-10-14 15:00:00,,,,,
2011-10-14 18:00:00,,,,,
2011-10-14 21:00:00,,,,,
2011-10-15 00:00:00,,,,,
2011-10-15 03:00:00,,,,,
2011-10-15 06:00:00,,,,,
2011-10-15 09:00:00,,,,,
2011-10-15 12:00:00,,,,,
2011-10-15 15:00:00,,,,,
2011-10-15 18:00:00,,,,,
2011-10-15 21:00:00,,,,,
2011-10-16 00:00:00,,,,,
2011-10-16 03:00:00,,,,,
2011-10-16 06:00:00,,,,,
2011-10-16 09:00:00,,,,,
2011-10-16 12:00:00,,,,,
2011-10-16 15:00:00,,,,,
2011-10-16 18:00:00,,,,,
2011-10-16 21:00:00,,,,,
2011-10-17 00:00:00,,,,,
2011-10-17 03:00:00,,,,,
2011-10-17 06:00:00,,,,,
2011-10-17 09:00:00,,,,,
2011-10-17 12:00:00,,,,,
2011-10-17 15:00:00,,,,,
2011-10-17 18:00:00,,,,,
2011-10-17 21:00:00,,,,,
2011-10-18 00:00:00,,,,,
2011-10-18 03:00:00,,,,,
2011-10-18 06:00:00,,,,,
2011-10-18 09:00:00,,,,,
2011-10-18 12:00:00,,,,,
2011-10-18 15:00:00,,,,,
2011-10-18 18:00:00,,,,,
2011-10-18 21:00:00,,,,,
2011-10-19 00:00:00,,,,,
2011-10-19 03:00:00,,,,,
2011-10-19 06:00:00,,,,,
2011-10-19 09:00:00,,,,,
2011-10-19 12:00:00,,,,,
2011-10-19 15:00:00,,,,,
2011-10-19 18:00:00,,,,,
2011-10-19 21:00:00,,,,,
2011-10-20 00:00:00,,,,,
2011-10-20 03:00:00,,,,,
2011-10-20 06:00:00,,,,,
2011-10-20 09:00:00,,,,,
2011-10-20 12:00:00,,,,,
2011-10-20 15:00:00,,,,,
2011-10-20 18:00:00,,,,,
2011-10-20 21:00:00,,,,,
2011-10-21 00:00:00,,,,,
2011-10-21 03:00:00,,,,,
2011-10-21 06:00:00,,,,,
2011-10-21 09:00:00,,,,,
2011-10-21 12:00:00,,,,,
2011-10-21 15:00:00,,,,,
2011-10-21 18:00:00,,,,,
2011-10-21 21:00:00,,,,,
2011-10-22 00:00:00,,,,,
2011-10-22 03:00:00,,,,,
2011-10-22 06:00:00,,,,,
2011-10-22 09:00:00,,,,,
2011-10-22 12:00:00,,,,,
2011-10-22 15:00:00,,,,,
2011-10-22 18:00:00,,,,,
2011-10-22 21:00:00,,,,,
2011-10-23 00:00:00,,,,,
2011-10-23 03:00:00,,,,,
2011-10-23 06:00:00,,,,,
2011-10-23 09:00:00,,,,,
2011-10-23 12:00:00,,,,,
2011-10-23 15:00:00,,,,,
2011-10-23 18:00:00,,,,,
2011-10-23 21:00:00,,,,,
2011-10-24 00:00:00,,,,,
2011-10-24 03:00:00,,,,,
2011-10-24 06:00:00,,,,,
2011-10-24 09:00:00,,,,,
2011-10-24 12:00:00,,,,,
2011-10-24 15:00:00,,,,,
2011-10-24 18:00:00,,,,,
2011-10-24 21:00:00,,,,,
2011-10-25 00:00:00,,,,,
2011-10-25 03:00:00,,,,,
2011-10-25 06:00:00,,,,,
2011-10-25 09:00:00,,,,,
2011-10-25 12:00:00,,,,,
2011-10-25 15:00:00,,,,,
2011-10-25 18:00:00,,,,,
2011-10-25 21:00:00,,,,,
2011-10-26 00:00:00,,,,,
2011-10-26 03:00:00,,,,,
2011-10-26 06:00:00,,,,,
2011-10-26 09:00:00,,,,,
2011-10-26 12:00:00,,,,,
2011-10-26 15:00:00,,,,,
2011-10-26 18:00:00,,,,,
2011-10-26 21:00:00,,,,,
2011-10-27 00:00:00,,,,,
2011-10-27 03:00:00,,,,,
2011-10-27 06:00:00,,,,,
2011-10-27 09:00:00,,,,,
2011-10-27 12:00:00,,,,,
2011-10-27 15:00:00,,,,,
2011-10-27 18:00:00,,,,,
2011-10-27 21:00:00,,,,,
2011-10-28 00:00:00,,,,,
2011-10-28 03:00:00,,,,,
2011-10-28 06:00:00,,,,,
2011-10-28 09:00:00,,,,,
2011-10-28 12:00:00,,,,,
2011-10-28 15:00:00,,,,,
2011-10-28 18:00:00,,,,,
2011-10-28 21:00:00,,,,,
2011-10-29 00:00:00,,,,,
2011-10-29 03:00:00,,,,,
2011-10-29 06:00:00,,,,,
2011-10-29 09:00:00,,,,,
2011-10-29 12:00:00,,,,,
2011-10-29 15:00:00,,,,,
2011-10-29 18:00:00,,,,,
2011-10-29 21:00:00,,,,,
2011-10-30 00:00:00,,,,,
2011-10-30 03:00:00,,,,,
2011-10-30 06:00:00,,,,,
2011-10-30 09:00:00,,,,,
2011-10-30 12:00:00,,,,,
2011-10-30 15:00:00,,,,,
2011-10-30 18:00:00,,,,,
2011-10-30 21:00:00,,,,,
2011-10-31 00:00:00,,,,,
2011-10-31 03:00:00,,,,,
2011-10-31 06:00:00,,,,,
2011-10-31 09:00:00,,,,,
2011-10-31 12:00:00,,,,,
2011-10-31 15:00:00,,,,,
2011-10-31 18:00:00,,,,,
2011-10-31 21:00:00,,,,,
2011-11-01 00:00:00,,,,,
2011-11-01 03:00:00,,,,,
2011-11-01 06:00:00,,,,,
2011-11-01 09:00:00,,,,,
2011-11-01 12:00:00,,,,,
2011-11-01 15:00:00,,,,,
2011-11-01 18:00:00,,,,,
2011-11-01 21:00:00,,,,,
2011-11-02 00:00:00,,,,,
2011-11-02 03:00:00,,,,,
2011-11-02 06:00:00,,,,,
2011-11-02 09:00:00,,,,,
2011-11-02 12:00:00,,,,,
2011-11-02 15:00:00,,,,,
2011-11-02 18:00:00,,,,,
2011-11-02 21:00:00,,,,,
2011-11-03 00:00:00,,,,,
2011-11-03 03:00:00,,,,,
2011-11-03 06:00:00,,,,,
2011-11-03 09:00:00,,,,,
2011-11-03 12:00:00,,,,,
2011-11-03 15:00:00,,,,,
2011-11-03 18:00:00,,,,,
2011-11-03 21:00:00,,,,,
2011-11-04 00:00:00,,,,,
2011-11-04 03:00:00,,,,,
2011-11-04 06:00:00,,,,,
2011-11-04 09:00:00,,,,,
2011-11-04 12:00:00,,,,,
2011-11-04 15:00:00,,,,,
2011-11-04 18:00:00,,,,,
2011-11-04 21:00:00,,,,,
2011-11-05 00:00:00,,,,,
2011-11-05 03:00:00,,,,,
2011-11-05 06:00:00,,,,,
2011-11-05 09:00:00,,,,,
2011-11-05 12:00:00,,,,,
2011-11-05 15:00:00,,,,,
2011-11-05 18:00:00,,,,,
2011-11-05 21:00:00,,,,,
2011-11-06 00:00:00,,,,,
2011-11-06 03:00:00,,,,,
2011-11-06 06:00:00,,,,,
2011-11-06 09:00:00,,,,,
2011-11-06 12:00:00,,,,,
2011-11-06 15:00:00,,,,,
2011-11-06 18:00:00,,,,,
2011-11-06 21:00:00,,,,,
2011-11-07 00:00:00,,,,,
2011-11-07 03:00:00,,,,,
2011-11-07 06:00:00,,,,,
2011-11-07 09:00:00,,,,,
2011-11-07 12:00:00,,,,,
2011-11-07 15:00:00,,,,,
2011-11-07 18:00:00,,,,,
2011-11-07 21:00:00,,,,,
2011-11-08 00:00:00,,,,,
2011-11-08 03:00:00,,,,,
2011-11-08 06:00:00,,,,,
2011-11-08 09:00:00,,,,,
2011-11-08 12:00:00,,,,,
2011-11-08 15:00:00,,,,,
2011-11-08 18:00:00,,,,,
2011-11-08 21:00:00,,,,,
2011-11-09 00:00:00,,,,,
2011-11-09 03:00:00,,,,,
2011-11-09 06:00:00,,,,,
2011-11-09 09:00:00,,,,,
2011-11-09 12:00:00,,,,,
2011-11-09 15:00:00,,,,,
2011-11-09 18:00:00,,,,,
2011-11-09 21:00:00,,,,,
2011-11-10 00:00:00,,,,,
2011-11-10 03:00:00,,,,,
2011-11-10 06:00:00,,,,,
2011-11-10 09:00:00,,,,,
2011-11-10 12:00:00,,,,,
2011-11-10 15:00:00,,,,,
2011-11-10 18:00:00,,,,,
2011-11-10 21:00:00,,,,,
2011-11-11 00:00:00,,,,,
2011-11-11 03:00:00,,,,,
2011-11-11 06:00:00,,,,,
2011-11-11 09:00:00,,,,,
2011-11-11 12:00:00,,,,,
2011-11-11 15:00:00,,,,,
2011-11-11 18:00:00,,,,,
2011-11-11 21:00:00,,,,,
2011-11-12 00:00:00,,,,,
2011-11-12 03:00:00,,,,,
2011-11-12 06:00:00,,,,,
2011-11-12 09:00:00,,,,,
2011-11-12 12:00:00,,,,,
2011-11-12 15:00:00,,,,,
2011-11-12 18:00:00,,,,,
2011-11-12 21:00:00,,,,,
2011-11-13 00:00:00,,,,,
2011-11-13 03:00:00,,,,,
2011-11-13 06:00:00,,,,,
2011-11-13 09:00:00,,,,,
2011-11-13 12:00:00,,,,,
2011-11-13 15:00:00,,,,,
2011-11-13 18:00:00,,,,,
2011-11-13 21:00:00,,,,,
2011-11-14 00:00:00,,,,,
2011-11-14 03:00:00,,,,,
2011-11-14 06:00:00,,,,,
2011-11-14 09:00:00,,,,,
2011-11-14 12:00:00,,,,,
2011-11-14 15:00:00,,,,,
2011-11-14 18:00:00,,,,,
2011-11-14 21:00:00,,,,,
2011-11-15 00:00:00,,,,,
2011-11-15 03:00:00,,,,,
2011-11-15 06:00:00,,,,,
2011-11-15 09:00:00,,,,,
2011-11-15 12:00:00,,,,,
2011-11-15 15:00:00,,,,,
2011-11-15 18:00:00,,,,,
2011-11-15 21:00:00,,,,,
2011-11-16 00:00:00,,,,,
2011-11-16 03:00:00,,,,,
2011-11-16 06:00:00,,,,,
2011-11-16 09:00:00,,,,,
2011-11-16 12:00:00,,,,,
2011-11-16 15:00:00,,,,,
2011-11-16 18:00:00,,,,,
2011-11-16 21:00:00,,,,,
2011-11-17 00:00:00,,,,,
2011-11-17 03:00:00,,,,,
2011-11-17 06:00:00,,,,,
2011-11-17 09:00:00,,,,,
2011-11-17 12:00:00,,,,,
2011-11-17 15:00:00,,,,,
2011-11-17 18:00:00,,,,,
2011-11-17 21:00:00,,,,,
2011-11-18 00:00:00,,,,,
2011-11-18 03:00:00,,,,,
2011-11-18 06:00:00,,,,,
2011-11-18 09:00:00,,,,,
2011-11-18 12:00:00,,,,,
2011-11-18 15:00:00,,,,,
2011-11-18 18:00:00,,,,,
2011-11-18 21:00:00,,,,,
2011-11-19 00:00:00,,,,,
2011-11-19 03:00:00,,,,,
2011-11-19 06:00:00,,,,,
2011-11-19 09:00:00,,,,,
2011-11-19 12:00:00,,,,,
2011-11-19 15:00:00,,,,,
2011-11-19 18:00:00,,,,,
2011-11-19 21:00:00,,,,,
2011-11-20 00:00:00,,,,,
2011-11-20 03:00:00,-5.2,991.2,1.6,23.0,73.5
2011-11-20 06:00:00,-4.8,991.1,1.6,40.0,73.0
2011-11-20 09:00:00,-6.4,991.1,0.1,10.0,75.0
2011-11-20 12:00:00,-8.6,990.8,0.1,231.0,87.7
2011-11-20 15:00:00,-7.1,990.3,3.9,149.0,74.0
2011-11-20 18:00:00,-9.1,989.7,0.0,3.0,79.4
2011-11-20 21:00:00,-7.6,988.9,0.9,6.0,73.0
2011-11-21 00:00:00,-5.7,987.9,1.3,309.0,64.0
2011-11-21 03:00:00,-4.5,987.1,0.9,264.0,60.0
2011-11-21 06:00:00,-5.8,986.1,2.8,320.0,70.5
2011-11-21 09:00:00,-5.9,985.7,3.0,166.0,69.0
2011-11-21 12:00:00,-8.0,985.6,0.6,45.0,84.0
2011-11-21 15:00:00,-9.5,985.1,,,84.9
2011-11-21 18:00:00,-9.1,985.3,0.5,234.0,85.0
2011-11-21 21:00:00,-7.8,985.5,,,81.2
2011-11-22 00:00:00,-6.5,986.0,1.3,4.0,72.0
2011-11-22 03:00:00,-5.9,986.1,1.1,352.0,68.8
2011-11-22 06:00:00,-5.4,986.2,1.1,17.0,61.8
2011-11-22 09:00:00,-6.1,986.5,0.1,17.0,70.5
2011-11-22 12:00:00,-8.4,986.4,,,83.0
2011-11-22 15:00:00,-10.6,985.7,1.0,218.0,89.0
2011-11-22 18:00:00,-10.6,985.2,1.3,211.0,87.0
2011-11-22 21:00:00,-7.6,984.5,0.3,217.0,64.0
2011-11-23 00:00:00,-5.9,983.5,1.1,360.0,62.8
2011-11-23 03:00:00,-5.0,982.4,0.7,348.0,42.8
2011-11-23 06:00:00,-4.4,981.8,0.0,316.0,61.0
2011-11-23 09:00:00,-5.7,981.5,0.6,337.0,71.0
2011-11-23 12:00:00,-8.2,981.4,0.1,237.0,83.0
2011-11-23 15:00:00,-8.0,980.8,,,58.8
2011-11-23 18:00:00,-9.0,980.9,0.0,234.0,78.0
2011-11-23 21:00:00,-6.5,980.3,1.0,226.0,74.8
2011-11-24 00:00:00,-5.4,979.6,1.4,17.0,61.0
2011-11-24 03:00:00,-4.4,978.3,1.1,2.0,64.0
2011-11-24 06:00:00,-3.2,977.6,0.1,316.0,68.0
2011-11-24 09:00:00,-4.2,977.4,1.8,214.0,81.5
2011-11-24 12:00:00,-6.1,977.6,0.0,352.0,83.0
2011-11-24 15:00:00,-6.2,978.2,0.7,217.0,76.0
2011-11-24 18:00:00,-5.6,979.7,0.1,306.0,74.4
2011-11-24 21:00:00,-4.8,981.5,0.9,219.0,76.0
2011-11-25 00:00:00,-4.2,983.2,2.0,171.0,89.8
2011-11-25 03:00:00,-4.2,984.7,1.0,344.0,86.0
2011-11-25 06:00:00,-4.5,986.6,1.7,297.0,90.7
2011-11-25 09:00:00,-4.4,988.2,1.6,180.0,82.0
2011-11-25 12:00:00,-5.5,989.8,0.6,218.0,90.0
2011-11-25 15:00:00,-5.8,990.7,,,91.0
2011-11-25 18:00:00,-4.0,990.5,,204.0,45.0
2011-11-25 21:00:00,-4.2,990.7,,246.0,67.3
2011-11-26 00:00:00,-3.7,990.2,5.2,240.0,51.1
2011-11-26 03:00:00,-2.8,989.1,6.8,236.0,58.0
2011-11-26 06:00:00,-0.4,988.2,9.5,199.0,34.9
2011-11-26 09:00:00,-2.4,987.6,,75.0,57.4
2011-11-26 12:00:00,,987.1,,30.0,57.0
2011-11-26 15:00:00,-4.4,985.9,3.4,206.0,50.0
2011-11-26 18:00:00,-7.5,985.1,0.2,358.0,67.0
2011-11-26 21:00:00,,984.3,,201.0,32.9
2011-11-27 00:00:00,,984.5,,224.0,47.6
2011-11-27 03:00:00,-2.8,984.6,11.6,227.0,64.6
2011-11-27 06:00:00,-3.4,985.0,12.6,222.0,63.8
2011-11-27 09:00:00,-3.0,984.9,8.7,212.0,47.7
2011-11-27 12:00:00,-4.5,984.2,9.6,226.0,44.0
2011-11-27 15:00:00,-2.4,982.5,,199.0,39.0
2011-11-27 18:00:00,-2.8,981.1,12.8,202.0,38.0
2011-11-27 21:00:00,-2.2,980.9,14.5,206.0,40.0
2011-11-28 00:00:00,-1.3,980.2,13.6,200.0,46.3
2011-11-28 03:00:00,-1.1,978.9,12.6,203.0,40.0
2011-11-28 06:00:00,-0.5,978.5,13.8,203.0,33.0
2011-11-28 09:00:00,-0.8,978.3,14.4,200.0,32.0
2011-11-28 12:00:00,-0.9,978.8,13.2,197.0,31.2
2011-11-28 15:00:00,-0.8,978.5,10.6,198.0,34.2
2011-11-28 18:00:00,-0.5,978.8,9.0,200.0,34.0
2011-11-28 21:00:00,0.0,978.4,,222.0,42.5
2011-11-29 00:00:00,0.4,978.3,,260.0,46.0
2011-11-29 03:00:00,0.6,978.5,3.4,50.0,54.6
2011-11-29 06:00:00,-0.1,977.1,4.4,67.0,47.4
2011-11-29 09:00:00,-1.2,975.6,1.1,37.0,63.0
2011-11-29 12:00:00,,974.4,,,89.0
2011-11-29 15:00:00,-6.1,973.1,2.4,47.0,87.0
2011-11-29 18:00:00,-5.8,972.8,,134.0,88.1
2011-11-29 21:00:00,-3.8,973.1,2.8,140.0,73.7
2011-11-30 00:00:00,-3.6,973.7,,245.0,75.0
2011-11-30 03:00:00,-3.1,973.9,2.4,23.0,75.0
2011-11-30 06:00:00,-3.0,974.4,3.7,47.0,81.9
2011-11-30 09:00:00,-3.3,975.3,2.2,34.0,77.0
2011-11-30 12:00:00,-3.6,976.3,2.0,34.0,80.0
2011-11-30 15:00:00,-3.8,976.4,0.7,32.0,83.0
2011-11-30 18:00:00,-3.2,976.4,0.2,57.0,75.2
2011-11-30 21:00:00,-3.0,976.3,2.7,45.0,75.5
2011-12-01 00:00:00,-2.3,975.0,2.3,45.0,71.4
2011-12-01 03:00:00,,973.5,0.9,21.0,67.0
2011-12-01 06:00:00,-2.9,972.5,2.0,137.0,76.8
2011-12-01 09:00:00,-3.4,971.9,4.5,138.0,77.8
2011-12-01 12:00:00,-4.0,972.2,3.6,142.0,82.0
2011-12-01 15:00:00,-4.4,972.2,2.6,145.0,81.0
2011-12-01 18:00:00,,972.7,0.3,25.0,84.0
2011-12-01 21:00:00,,973.2,1.7,47.0,80.8
2011-12-02 00:00:00,,973.6,1.1,3.0,83.8
2011-12-02 03:00:00,,973.3,0.8,350.0,81.3
2011-12-02 06:00:00,,972.6,0.3,239.0,80.0
2011-12-02 09:00:00,,972.1,0.5,225.0,92.8
2011-12-02 12:00:00,,971.4,1.0,224.0,93.0
2011-12-02 15:00:00,,970.2,1.0,226.0,94.0
2011-12-02 18:00:00,,969.3,1.4,211.0,94.0
2011-12-02 21:00:00,-3.4,968.3,,237.0,72.0
2011-12-03 00:00:00,-1.8,969.0,,206.0,51.5
2011-12-03 03:00:00,-1.4,969.8,9.9,205.0,53.2
2011-12-03 06:00:00,-0.3,971.1,6.6,196.0,40.0
2011-12-03 09:00:00,-2.9,972.5,5.8,217.0,74.0
2011-12-03 12:00:00,-3.0,974.4,5.0,213.0,67.3
2011-12-03 15:00:00,-3.6,975.5,2.4,31.0,79.0
2011-12-03 18:00:00,,976.7,1.3,31.0,79.0
2011-12-03 21:00:00,-2.4,978.1,2.8,35.0,82.0
2011-12-04 00:00:00,-2.4,979.5,2.4,302.0,71.0
2011-12-04 03:00:00,,980.0,0.8,324.0,66.4
2011-12-04 06:00:00,,980.8,1.9,239.0,66.7
2011-12-04 09:00:00,-1.4,981.4,4.3,132.0,65.0
2011-12-04 12:00:00,,982.0,0.3,50.0,77.0
2011-12-04 15:00:00,-1.4,982.0,,204.0,45.0
2011-12-04 18:00:00,-3.6,982.8,5.0,225.0,65.0
2011-12-04 21:00:00,-1.6,983.5,,216.0,53.2
2011-12-05 00:00:00,-2.0,983.7,2.3,309.0,60.0
2011-12-05 03:00:00,,983.1,1.1,19.0,62.0
2011-12-05 06:00:00,,982.5,0.8,343.0,66.4
2011-12-05 09:00:00,,981.6,0.3,16.0,65.0
2011-12-05 12:00:00,-3.3,981.1,,,60.0
2011-12-05 15:00:00,,980.5,0.0,272.0,65.0
2011-12-05 18:00:00,,979.9,0.1,230.0,74.0
2011-12-05 21:00:00,-2.9,979.1,2.1,222.0,72.0
2011-12-06 00:00:00,-2.3,978.2,3.6,37.0,71.0
2011-12-06 03:00:00,-2.0,977.0,2.3,213.0,69.0
2011-12-06 06:00:00,-1.6,975.5,4.5,120.0,73.0
2011-12-06 09:00:00,-3.2,974.5,5.3,140.0,80.1
2011-12-06 12:00:00,-4.8,973.6,6.8,141.0,80.0
2011-12-06 15:00:00,-5.1,972.9,,309.0,83.9
2011-12-06 18:00:00,-4.8,972.8,,9.0,81.0
2011-12-06 21:00:00,,973.0,1.0,327.0,78.0
2011-12-07 00:00:00,,973.1,1.5,242.0,70.0
2011-12-07 03:00:00,,973.5,1.3,338.0,67.0
2011-12-07 06:00:00,,974.2,0.5,296.0,62.0
2011-12-07 09:00:00,,974.6,1.5,222.0,82.0
2011-12-07 12:00:00,,975.3,0.1,253.0,73.0
2011-12-07 15:00:00,,975.7,0.4,348.0,80.8
2011-12-07 18:00:00,-5.6,975.9,,,58.7
2011-12-07 21:00:00,-1.7,976.6,3.1,40.0,51.0
2011-12-08 00:00:00,-2.4,977.0,2.0,232.0,60.9
2011-12-08 03:00:00,-1.1,977.1,2.6,22.0,59.0
2011-12-08 06:00:00,,977.2,1.3,234.0,64.0
2011-12-08 09:00:00,,977.3,1.3,227.0,85.0
2011-12-08 12:00:00,,977.6,0.1,216.0,87.0
2011-12-08 15:00:00,-4.1,977.4,,,82.0
2011-12-08 18:00:00,,977.3,0.0,224.0,62.1
2011-12-08 21:00:00,,977.6,0.6,12.0,79.7
2011-12-09 00:00:00,,978.2,1.0,28.0,69.0
2011-12-09 03:00:00,,978.4,1.7,14.0,62.2
2011-12-09 06:00:00,,978.9,0.2,242.0,66.6
2011-12-09 09:00:00,,978.8,0.7,225.0,59.0
2011-12-09 12:00:00,,978.0,1.7,239.0,81.0
2011-12-09 15:00:00,,976.5,1.2,49.0,78.0
2011-12-09 18:00:00,,975.5,0.6,209.0,83.0
2011-12-09 21:00:00,,974.7,1.2,25.0,71.2
2011-12-10 00:00:00,,974.2,1.5,231.0,74.6
2011-12-10 03:00:00,,973.9,0.6,277.0,66.0
2011-12-10 06:00:00,-1.2,974.2,2.1,210.0,78.0
2011-12-10 09:00:00,,974.5,1.1,226.0,80.0
2011-12-10 12:00:00,,975.0,0.8,215.0,84.7
2011-12-10 15:00:00,,975.6,1.2,196.0,90.0
2011-12-10 18:00:00,,976.2,1.0,212.0,86.0
2011-12-10 21:00:00,,976.9,1.5,258.0,88.0
2011-12-11 00:00:00,,977.6,1.8,6.0,89.5
2011-12-11 03:00:00,,977.6,0.4,344.0,83.4
2011-12-11 06:00:00,,977.8,1.0,294.0,86.3
2011-12-11 09:00:00,,978.4,1.2,31.0,81.0
2011-12-11 12:00:00,,979.7,0.8,330.0,82.0
2011-12-11 15:00:00,,980.7,0.4,47.0,84.0
2011-12-11 18:00:00,-5.2,982.5,2.9,328.0,85.0
2011-12-11 21:00:00,,984.5,1.8,327.0,79.0
2011-12-12 00:00:00,-3.4,985.9,3.3,14.0,77.1
2011-12-12 03:00:00,,986.3,1.3,333.0,69.4
2011-12-12 06:00:00,,986.1,0.9,239.0,73.0
2011-12-12 09:00:00,,985.1,1.2,45.0,72.7
2011-12-12 12:00:00,-3.1,983.6,3.1,112.0,80.0
2011-12-12 15:00:00,,982.4,0.9,208.0,81.0
2011-12-12 18:00:00,,980.6,0.6,307.0,76.0
2011-12-12 21:00:00,,979.2,1.3,14.0,81.5
2011-12-13 00:00:00,-1.8,977.6,,225.0,64.0
2011-12-13 03:00:00,-0.7,977.2,,228.0,60.0
2011-12-13 06:00:00,-2.1,978.1,7.3,223.0,63.6
2011-12-13 09:00:00,-1.6,978.9,6.7,216.0,52.7
2011-12-13 12:00:00,-2.7,980.5,4.0,220.0,60.0
2011-12-13 15:00:00,-3.0,980.4,2.0,36.0,74.0
2011-12-13 18:00:00,,981.0,1.5,97.0,73.0
2011-12-13 21:00:00,-2.9,981.7,2.5,359.0,79.0
2011-12-14 00:00:00,,982.4,1.7,32.0,69.0
2011-12-14 03:00:00,-1.7,983.0,2.3,358.0,72.0
2011-12-14 06:00:00,-1.6,983.5,2.0,28.0,75.0
2011-12-14 09:00:00,-2.2,984.1,2.5,42.0,81.0
2011-12-14 12:00:00,,984.2,0.1,48.0,78.2
2011-12-14 15:00:00,,983.4,0.6,51.0,87.0
2011-12-14 18:00:00,,982.8,0.5,19.0,89.2
2011-12-14 21:00:00,,982.1,0.9,345.0,80.0
2011-12-15 00:00:00,,981.4,1.5,234.0,79.5
2011-12-15 03:00:00,-0.7,980.6,3.4,120.0,73.0
2011-12-15 06:00:00,-1.2,980.4,5.1,137.0,68.0
2011-12-15 09:00:00,-1.4,980.8,2.9,146.0,60.0
2011-12-15 12:00:00,-1.7,981.9,3.8,145.0,66.0
2011-12-15 15:00:00,,982.7,1.4,149.0,57.0
2011-12-15 18:00:00,-3.2,983.8,2.1,152.0,57.0
2011-12-15 21:00:00,,984.9,1.2,212.0,55.7
2011-12-16 00:00:00,-0.1,985.9,2.5,29.0,64.0
2011-12-16 03:00:00,0.1,985.9,3.2,57.0,61.9
2011-12-16 06:00:00,-0.6,985.7,3.3,62.0,61.0
2011-12-16 09:00:00,,985.8,1.5,21.0,70.0
2011-12-16 12:00:00,,985.6,0.8,29.0,79.0
2011-12-16 15:00:00,-2.1,985.3,3.8,127.0,71.4
2011-12-16 18:00:00,,985.8,1.9,193.0,73.9
2011-12-16 21:00:00,,985.9,1.3,243.0,82.0
2011-12-17 00:00:00,-3.4,986.1,2.0,309.0,93.0
2011-12-17 03:00:00,-1.1,985.9,3.8,214.0,70.6
2011-12-17 06:00:00,-1.0,986.1,4.1,205.0,64.0
2011-12-17 09:00:00,-1.9,986.8,6.0,141.0,71.9
2011-12-17 12:00:00,-1.8,987.3,3.3,204.0,63.0
2011-12-17 15:00:00,-2.7,987.6,7.3,222.0,74.0
2011-12-17 18:00:00,-3.2,988.7,,226.0,86.9
2011-12-17 21:00:00,-0.4,989.3,5.5,152.0,57.9
2011-12-18 00:00:00,-0.6,990.8,,206.0,53.0
2011-12-18 03:00:00,-1.2,992.0,,213.0,54.7
2011-12-18 06:00:00,-0.7,993.2,12.9,201.0,42.1
2011-12-18 09:00:00,-2.4,994.7,11.7,201.0,44.0
2011-12-18 12:00:00,-4.3,995.6,,232.0,65.0
2011-12-18 15:00:00,-2.9,995.4,,198.0,40.0
2011-12-18 18:00:00,-2.6,994.7,,203.0,37.8
2011-12-18 21:00:00,-0.7,993.5,10.0,192.0,28.6
2011-12-19 00:00:00,0.9,991.0,,194.0,21.0
2011-12-19 03:00:00,-0.6,989.6,,31.0,55.0
2011-12-19 06:00:00,-1.6,987.4,,342.0,47.0
2011-12-19 09:00:00,,987.0,1.7,64.0,44.0
2011-12-19 12:00:00,-2.8,988.6,2.0,200.0,42.8
2011-12-19 15:00:00,-4.9,989.7,2.9,242.0,64.0
2011-12-19 18:00:00,-4.5,991.8,5.5,217.0,60.0
2011-12-19 21:00:00,-2.3,993.1,3.4,41.0,56.4
2011-12-20 00:00:00,,992.5,0.7,339.0,54.2
2011-12-20 03:00:00,,990.2,0.9,26.0,52.0
2011-12-20 06:00:00,-1.2,986.5,2.4,242.0,67.5
2011-12-20 09:00:00,,984.0,0.1,9.0,54.3
2011-12-20 12:00:00,,981.9,0.4,353.0,82.0
2011-12-20 15:00:00,,978.9,0.7,5.0,69.2
2011-12-20 18:00:00,-3.7,976.3,3.2,65.0,86.0
2011-12-20 21:00:00,-2.9,975.2,2.4,48.0,80.0
2011-12-21 00:00:00,-1.7,975.3,2.4,47.0,72.0
2011-12-21 03:00:00,-1.5,975.7,3.4,104.0,73.0
2011-12-21 06:00:00,-2.1,976.9,5.7,121.0,77.0
2011-12-21 09:00:00,-2.6,977.6,5.4,131.0,75.0
2011-12-21 12:00:00,-2.8,978.0,,27.0,77.0
2011-12-21 15:00:00,-3.1,978.6,2.7,140.0,76.0
2011-12-21 18:00:00,,979.2,0.6,213.0,76.0
2011-12-21 21:00:00,,980.2,0.8,231.0,77.0
2011-12-22 00:00:00,-1.5,981.7,,142.0,69.0
2011-12-22 03:00:00,-0.8,983.4,5.2,146.0,50.2
2011-12-22 06:00:00,-1.4,986.0,6.8,136.0,66.0
2011-12-22 09:00:00,-0.8,987.6,2.2,203.0,47.0
2011-12-22 12:00:00,0.2,989.2,,196.0,36.0
2011-12-22 15:00:00,-0.1,990.0,,210.0,51.0
2011-12-22 18:00:00,-1.7,991.1,,149.0,56.7
2011-12-22 21:00:00,-1.0,991.9,,356.0,59.0
2011-12-23 00:00:00,0.1,991.7,2.1,35.0,65.0
2011-12-23 03:00:00,0.2,989.9,3.1,32.0,75.0
2011-12-23 06:00:00,-0.1,987.7,2.7,39.0,73.0
2011-12-23 09:00:00,-1.4,985.6,2.1,25.0,79.0
2011-12-23 12:00:00,,983.7,1.0,214.0,89.0
2011-12-23 15:00:00,,982.0,1.0,235.0,92.0
2011-12-23 18:00:00,,981.6,0.2,49.0,85.0
2011-12-23 21:00:00,,982.5,0.6,236.0,75.0
2011-12-24 00:00:00,,984.0,1.6,225.0,76.2
2011-12-24 03:00:00,-0.3,984.6,2.4,18.0,76.0
2011-12-24 06:00:00,,985.7,1.7,333.0,77.7
2011-12-24 09:00:00,,986.2,1.0,328.0,70.0
2011-12-24 12:00:00,,986.8,0.1,342.0,82.0
2011-12-24 15:00:00,,987.4,0.6,218.0,87.0
2011-12-24 18:00:00,,987.9,0.2,187.0,85.1
2011-12-24 21:00:00,-0.9,988.7,3.4,31.0,72.0
2011-12-25 00:00:00,0.6,989.4,4.5,52.0,64.1
2011-12-25 03:00:00,0.2,989.7,3.3,26.0,79.2
2011-12-25 06:00:00,-0.1,990.0,2.1,33.0,77.3
2011-12-25 09:00:00,,989.9,1.5,32.0,79.0
2011-12-25 12:00:00,,989.9,0.9,30.0,93.0
2011-12-25 15:00:00,,989.2,0.9,220.0,98.0
2011-12-25 18:00:00,-5.0,988.8,2.0,214.0,99.0
2011-12-25 21:00:00,,988.6,1.1,230.0,95.8
2011-12-26 00:00:00,-2.7,987.8,2.1,237.0,97.0
2011-12-26 03:00:00,,987.3,1.3,354.0,83.5
2011-12-26 06:00:00,,987.1,1.5,352.0,81.0
2011-12-26 09:00:00,,987.3,0.3,334.0,89.7
2011-12-26 12:00:00,,987.8,0.4,29.0,96.0
2011-12-26 15:00:00,-5.6,988.0,2.3,222.0,99.0
2011-12-26 18:00:00,,988.4,1.3,218.0,98.0
2011-12-26 21:00:00,,988.5,0.8,10.0,92.0
2011-12-27 00:00:00,,988.0,0.5,342.0,78.0
2011-12-27 03:00:00,,986.9,1.5,12.0,79.2
2011-12-27 06:00:00,0.8,986.0,2.5,217.0,84.0
2011-12-27 09:00:00,,986.4,1.2,346.0,93.0
2011-12-27 12:00:00,,986.7,0.6,171.0,
2011-12-27 15:00:00,,986.6,0.4,204.0,
2011-12-27 18:00:00,,986.6,0.3,271.0,99.0
2011-12-27 21:00:00,-3.3,986.9,2.4,279.0,99.0
2011-12-28 00:00:00,,987.2,1.3,272.0,98.0
2011-12-28 03:00:00,,987.0,1.3,269.0,95.7
2011-12-28 06:00:00,,986.6,0.4,235.0,89.1
2011-12-28 09:00:00,,987.0,0.7,218.0,89.0
2011-12-28 12:00:00,,987.2,0.2,226.0,90.0
2011-12-28 15:00:00,,986.6,0.4,224.0,93.0
2011-12-28 18:00:00,,986.8,0.5,228.0,88.0
2011-12-28 21:00:00,,986.9,0.3,344.0,88.0
2011-12-29 00:00:00,-1.9,987.3,2.5,110.0,80.3
2011-12-29 03:00:00,,987.0,1.7,238.0,84.0
2011-12-29 06:00:00,,986.6,1.1,336.0,85.6
2011-12-29 09:00:00,,986.5,0.8,220.0,86.0
2011-12-29 12:00:00,,985.9,1.8,226.0,88.0
2011-12-29 15:00:00,,985.3,1.2,236.0,93.0
2011-12-29 18:00:00,,984.8,0.1,191.0,94.0
2011-12-29 21:00:00,,984.7,1.7,231.0,85.6
2011-12-30 00:00:00,,984.8,1.6,14.0,84.1
2011-12-30 03:00:00,0.4,984.6,2.7,236.0,89.0
2011-12-30 06:00:00,0.8,984.0,2.9,221.0,87.9
2011-12-30 09:00:00,0.7,983.5,2.2,227.0,67.9
2011-12-30 12:00:00,-0.5,983.3,2.4,192.0,72.0
2011-12-30 15:00:00,,982.5,0.5,245.0,70.9
2011-12-30 18:00:00,,982.6,0.7,242.0,58.0
2011-12-30 21:00:00,,982.6,0.8,234.0,71.5
2011-12-31 00:00:00,,982.8,0.9,1.0,64.2
2011-12-31 03:00:00,,982.1,0.5,15.0,64.5
2011-12-31 06:00:00,,982.0,1.0,229.0,58.0
2011-12-31 09:00:00,,981.7,1.2,240.0,70.0
2011-12-31 12:00:00,,981.5,0.3,232.0,80.8
2011-12-31 15:00:00,,981.0,0.5,222.0,82.0
2011-12-31 18:00:00,-3.9,981.2,,,94.8
2011-12-31 21:00:00,,981.5,1.4,311.0,93.0
2012-01-01 00:00:00,,,,,
2012-01-01 03:00:00,,,,,
2012-01-01 06:00:00,,,,,
2012-01-01 09:00:00,,,,,
2012-01-01 12:00:00,,,,,
2012-01-01 15:00:00,,,,,
2012-01-01 18:00:00,,,,,
2012-01-01 21:00:00,,,,,
2012-01-02 00:00:00,,,,,
2012-01-02 03:00:00,,,,,
2012-01-02 06:00:00,,,,,
2012-01-02 09:00:00,,,,,
2012-01-02 12:00:00,,,,,
2012-01-02 15:00:00,,,,,
2012-01-02 18:00:00,,,,,
2012-01-02 21:00:00,,,,,
2012-01-03 00:00:00,,,,,
2012-01-03 03:00:00,,,,,
2012-01-03 06:00:00,,,,,
2012-01-03 09:00:00,,,,,
2012-01-03 12:00:00,,,,,
2012-01-03 15:00:00,,,,,
2012-01-03 18:00:00,,,,,
2012-01-03 21:00:00,,,,,
2012-01-04 00:00:00,,,,,
2012-01-04 03:00:00,,,,,
2012-01-04 06:00:00,,,,,
2012-01-04 09:00:00,,,,,
2012-01-04 12:00:00,,,,,
2012-01-04 15:00:00,,,,,
2012-01-04 18:00:00,,,,,
2012-01-04 21:00:00,,,,,
2012-01-05 00:00:00,,,,,
2012-01-05 03:00:00,,,,,
2012-01-05 06:00:00,,,,,
2012-01-05 09:00:00,,,,,
2012-01-05 12:00:00,,,,,
2012-01-05 15:00:00,,,,,
2012-01-05 18:00:00,,,,,
2012-01-05 21:00:00,,,,,
2012-01-06 00:00:00,,,,,
2012-01-06 03:00:00,,,,,
2012-01-06 06:00:00,,,,,
2012-01-06 09:00:00,,,,,
2012-01-06 12:00:00,,,,,
2012-01-06 15:00:00,,,,,
2012-01-06 18:00:00,,,,,
2012-01-06 21:00:00,,,,,
2012-01-07 00:00:00,,,,,
2012-01-07 03:00:00,,,,,
2012-01-07 06:00:00,,,,,
2012-01-07 09:00:00,,,,,
2012-01-07 12:00:00,,,,,
2012-01-07 15:00:00,,,,,
2012-01-07 18:00:00,,,,,
2012-01-07 21:00:00,,,,,
2012-01-08 00:00:00,,,,,
2012-01-08 03:00:00,,,,,
2012-01-08 06:00:00,,,,,
2012-01-08 09:00:00,,,,,
2012-01-08 12:00:00,,,,,
2012-01-08 15:00:00,,,,,
2012-01-08 18:00:00,,,,,
2012-01-08 21:00:00,,,,,
2012-01-09 00:00:00,,,,,
2012-01-09 03:00:00,,,,,
2012-01-09 06:00:00,,,,,
2012-01-09 09:00:00,,,,,
2012-01-09 12:00:00,,,,,
2012-01-09 15:00:00,,,,,
2012-01-09 18:00:00,,,,,
2012-01-09 21:00:00,,,,,
2012-01-10 00:00:00,,,,,
2012-01-10 03:00:00,,,,,
2012-01-10 06:00:00,,,,,
2012-01-10 09:00:00,,,,,
2012-01-10 12:00:00,,,,,
2012-01-10 15:00:00,,,,,
2012-01-10 18:00:00,,,,,
2012-01-10 21:00:00,,,,,
2012-01-11 00:00:00,,,,,
2012-01-11 03:00:00,,,,,
2012-01-11 06:00:00,,,,,
2012-01-11 09:00:00,,,,,
2012-01-11 12:00:00,,,,,
2012-01-11 15:00:00,,,,,
2012-01-11 18:00:00,,,,,
2012-01-11 21:00:00,,,,,
2012-01-12 00:00:00,,,,,
2012-01-12 03:00:00,,,,,
2012-01-12 06:00:00,,,,,
2012-01-12 09:00:00,,,,,
2012-01-12 12:00:00,,,,,
2012-01-12 15:00:00,,,,,
2012-01-12 18:00:00,,,,,
2012-01-12 21:00:00,,,,,
2012-01-13 00:00:00,,,,,
2012-01-13 03:00:00,,,,,
2012-01-13 06:00:00,,,,,
2012-01-13 09:00:00,,,,,
2012-01-13 12:00:00,,,,,
2012-01-13 15:00:00,,,,,
2012-01-13 18:00:00,,,,,
2012-01-13 21:00:00,,,,,
2012-01-14 00:00:00,,,,,
2012-01-14 03:00:00,,,,,
2012-01-14 06:00:00,,,,,
2012-01-14 09:00:00,,,,,
2012-01-14 12:00:00,,,,,
2012-01-14 15:00:00,,,,,
2012-01-14 18:00:00,,,,,
2012-01-14 21:00:00,,,,,
2012-01-15 00:00:00,,,,,
2012-01-15 03:00:00,,,,,
2012-01-15 06:00:00,,,,,
2012-01-15 09:00:00,,,,,
2012-01-15 12:00:00,,,,,
2012-01-15 15:00:00,,,,,
2012-01-15 18:00:00,,,,,
2012-01-15 21:00:00,,,,,
2012-01-16 00:00:00,,,,,
2012-01-16 03:00:00,,,,,
2012-01-16 06:00:00,,,,,
2012-01-16 09:00:00,,,,,
2012-01-16 12:00:00,,,,,
2012-01-16 15:00:00,,,,,
2012-01-16 18:00:00,,,,,
2012-01-16 21:00:00,,,,,
2012-01-17 00:00:00,,,,,
2012-01-17 03:00:00,,,,,
2012-01-17 06:00:00,,,,,
2012-01-17 09:00:00,,,,,
2012-01-17 12:00:00,,,,,
2012-01-17 15:00:00,,,,,
2012-01-17 18:00:00,,,,,
2012-01-17 21:00:00,,,,,
2012-01-18 00:00:00,,,,,
2012-01-18 03:00:00,,,,,
2012-01-18 06:00:00,,,,,
2012-01-18 09:00:00,,,,,
2012-01-18 12:00:00,,,,,
2012-01-18 15:00:00,,,,,
2012-01-18 18:00:00,,,,,
2012-01-18 21:00:00,,,,,
2012-01-19 00:00:00,,,,,
2012-01-19 03:00:00,,,,,
2012-01-19 06:00:00,,,,,
2012-01-19 09:00:00,,,,,
2012-01-19 12:00:00,,,,,
2012-01-19 15:00:00,,,,,
2012-01-19 18:00:00,,,,,
2012-01-19 21:00:00,,,,,
2012-01-20 00:00:00,,,,,
2012-01-20 03:00:00,,,,,
2012-01-20 06:00:00,,,,,
2012-01-20 09:00:00,,,,,
2012-01-20 12:00:00,,,,,
2012-01-20 15:00:00,,,,,
2012-01-20 18:00:00,,,,,
2012-01-20 21:00:00,,,,,
2012-01-21 00:00:00,,,,,
2012-01-21 03:00:00,,,,,
2012-01-21 06:00:00,,,,,
2012-01-21 09:00:00,,,,,
2012-01-21 12:00:00,,,,,
2012-01-21 15:00:00,,,,,
2012-01-21 18:00:00,,,,,
2012-01-21 21:00:00,,,,,
2012-01-22 00:00:00,,,,,
2012-01-22 03:00:00,,,,,
2012-01-22 06:00:00,,,,,
2012-01-22 09:00:00,,,,,
2012-01-22 12:00:00,,,,,
2012-01-22 15:00:00,,,,,
2012-01-22 18:00:00,,,,,
2012-01-22 21:00:00,,,,,
2012-01-23 00:00:00,,,,,
2012-01-23 03:00:00,,,,,
2012-01-23 06:00:00,,,,,
2012-01-23 09:00:00,,,,,
2012-01-23 12:00:00,,,,,
2012-01-23 15:00:00,,,,,
2012-01-23 18:00:00,,,,,
2012-01-23 21:00:00,,,,,
2012-01-24 00:00:00,,,,,
2012-01-24 03:00:00,,,,,
2012-01-24 06:00:00,,,,,
2012-01-24 09:00:00,,,,,
2012-01-24 12:00:00,,,,,
2012-01-24 15:00:00,,,,,
2012-01-24 18:00:00,,,,,
2012-01-24 21:00:00,,,,,
2012-01-25 00:00:00,,,,,
2012-01-25 03:00:00,,,,,
2012-01-25 06:00:00,,,,,
2012-01-25 09:00:00,,,,,
2012-01-25 12:00:00,,,,,
2012-01-25 15:00:00,,,,,
2012-01-25 18:00:00,,,,,
2012-01-25 21:00:00,,,,,
2012-01-26 00:00:00,,,,,
2012-01-26 03:00:00,,,,,
2012-01-26 06:00:00,,,,,
2012-01-26 09:00:00,,,,,
2012-01-26 12:00:00,,,,,
2012-01-26 15:00:00,,,,,
2012-01-26 18:00:00,,,,,
2012-01-26 21:00:00,,,,,
2012-01-27 00:00:00,,,,,
2012-01-27 03:00:00,,,,,
2012-01-27 06:00:00,,,,,
2012-01-27 09:00:00,,,,,
2012-01-27 12:00:00,,,,,
2012-01-27 15:00:00,,,,,
2012-01-27 18:00:00,,,,,
2012-01-27 21:00:00,,,,,
2012-01-28 00:00:00,,,,,
2012-01-28 03:00:00,,,,,
2012-01-28 06:00:00,,,,,
2012-01-28 09:00:00,,,,,
2012-01-28 12:00:00,,,,,
2012-01-28 15:00:00,,,,,
2012-01-28 18:00:00,,,,,
2012-01-28 21:00:00,,,,,
2012-01-29 00:00:00,,,,,
2012-01-29 03:00:00,,,,,
2012-01-29 06:00:00,,,,,
2012-01-29 09:00:00,,,,,
2012-01-29 12:00:00,,,,,
2012-01-29 15:00:00,,,,,
2012-01-29 18:00:00,,,,,
2012-01-29 21:00:00,,,,,
2012-01-30 00:00:00,,,,,
2012-01-30 03:00:00,,,,,
2012-01-30 06:00:00,,,,,
2012-01-30 09:00:00,,,,,
2012-01-30 12:00:00,,,,,
2012-01-30 15:00:00,,,,,
2012-01-30 18:00:00,,,,,
2012-01-30 21:00:00,,,,,
2012-01-31 00:00:00,,,,,
2012-01-31 03:00:00,,,,,
2012-01-31 06:00:00,,,,,
2012-01-31 09:00:00,,,,,
2012-01-31 12:00:00,,,,,
2012-01-31 15:00:00,,,,,
2012-01-31 18:00:00,,,,,
2012-01-31 21:00:00,,,,,
2012-02-01 00:00:00,,,,,
2012-02-01 03:00:00,,,,,
2012-02-01 06:00:00,,,,,
2012-02-01 09:00:00,,,,,
2012-02-01 12:00:00,,,,,
2012-02-01 15:00:00,,,,,
2012-02-01 18:00:00,,,,,
2012-02-01 21:00:00,,,,,
2012-02-02 00:00:00,,,,,
2012-02-02 03:00:00,,,,,
2012-02-02 06:00:00,,,,,
2012-02-02 09:00:00,,,,,
2012-02-02 12:00:00,,,,,
2012-02-02 15:00:00,,,,,
2012-02-02 18:00:00,,,,,
2012-02-02 21:00:00,,,,,
2012-02-03 00:00:00,,,,,
2012-02-03 03:00:00,,,,,
2012-02-03 06:00:00,,,,,
2012-02-03 09:00:00,,,,,
2012-02-03 12:00:00,,,,,
2012-02-03 15:00:00,,,,,
2012-02-03 18:00:00,,,,,
2012-02-03 21:00:00,,,,,
2012-02-04 00:00:00,,,,,
2012-02-04 03:00:00,,,,,
2012-02-04 06:00:00,,,,,
2012-02-04 09:00:00,,,,,
2012-02-04 12:00:00,,,,,
2012-02-04 15:00:00,,,,,
2012-02-04 18:00:00,,,,,
2012-02-04 21:00:00,,,,,
2012-02-05 00:00:00,,,,,
2012-02-05 03:00:00,,,,,
2012-02-05 06:00:00,,,,,
2012-02-05 09:00:00,,,,,
2012-02-05 12:00:00,,,,,
2012-02-05 15:00:00,,,,,
2012-02-05 18:00:00,,,,,
2012-02-05 21:00:00,,,,,
2012-02-06 00:00:00,,,,,
2012-02-06 03:00:00,,,,,
2012-02-06 06:00:00,,,,,
2012-02-06 09:00:00,,,,,
2012-02-06 12:00:00,,,,,
2012-02-06 15:00:00,,,,,
2012-02-06 18:00:00,,,,,
2012-02-06 21:00:00,,,,,
2012-02-07 00:00:00,,,,,
2012-02-07 03:00:00,,,,,
2012-02-07 06:00:00,,,,,
2012-02-07 09:00:00,,,,,
2012-02-07 12:00:00,,,,,
2012-02-07 15:00:00,,,,,
2012-02-07 18:00:00,,,,,
2012-02-07 21:00:00,,,,,
2012-02-08 00:00:00,,,,,
2012-02-08 03:00:00,,,,,
2012-02-08 06:00:00,,,,,
2012-02-08 09:00:00,,,,,
2012-02-08 12:00:00,,,,,
2012-02-08 15:00:00,,,,,
2012-02-08 18:00:00,,,,,
2012-02-08 21:00:00,,,,,
2012-02-09 00:00:00,,,,,
2012-02-09 03:00:00,,,,,
2012-02-09 06:00:00,,,,,
2012-02-09 09:00:00,,,,,
2012-02-09 12:00:00,,,,,
2012-02-09 15:00:00,,,,,
2012-02-09 18:00:00,,,,,
2012-02-09 21:00:00,,,,,
2012-02-10 00:00:00,,,,,
2012-02-10 03:00:00,,,,,
2012-02-10 06:00:00,,,,,
2012-02-10 09:00:00,,,,,
2012-02-10 12:00:00,,,,,
2012-02-10 15:00:00,,,,,
2012-02-10 18:00:00,,,,,
2012-02-10 21:00:00,,,,,
2012-02-11 00:00:00,,,,,
2012-02-11 03:00:00,,,,,
2012-02-11 06:00:00,,,,,
2012-02-11 09:00:00,,,,,
2012-02-11 12:00:00,,,,,
2012-02-11 15:00:00,,,,,
2012-02-11 18:00:00,,,,,
2012-02-11 21:00:00,,,,,
2012-02-12 00:00:00,,,,,
2012-02-12 03:00:00,,,,,
2012-02-12 06:00:00,,,,,
2012-02-12 09:00:00,,,,,
2012-02-12 12:00:00,,,,,
2012-02-12 15:00:00,,,,,
2012-02-12 18:00:00,,,,,
2012-02-12 21:00:00,,,,,
2012-02-13 00:00:00,,,,,
2012-02-13 03:00:00,,,,,
2012-02-13 06:00:00,,,,,
2012-02-13 09:00:00,,,,,
2012-02-13 12:00:00,,,,,
2012-02-13 15:00:00,,,,,
2012-02-13 18:00:00,,,,,
2012-02-13 21:00:00,,,,,
2012-02-14 00:00:00,,,,,
2012-02-14 03:00:00,,,,,
2012-02-14 06:00:00,,,,,
2012-02-14 09:00:00,,,,,
2012-02-14 12:00:00,,,,,
2012-02-14 15:00:00,,,,,
2012-02-14 18:00:00,,,,,
2012-02-14 21:00:00,,,,,
2012-02-15 00:00:00,,,,,
2012-02-15 03:00:00,,,,,
2012-02-15 06:00:00,,,,,
2012-02-15 09:00:00,,,,,
2012-02-15 12:00:00,,,,,
2012-02-15 15:00:00,,,,,
2012-02-15 18:00:00,,,,,
2012-02-15 21:00:00,,,,,
2012-02-16 00:00:00,,,,,
2012-02-16 03:00:00,,,,,
2012-02-16 06:00:00,,,,,
2012-02-16 09:00:00,,,,,
2012-02-16 12:00:00,,,,,
2012-02-16 15:00:00,,,,,
2012-02-16 18:00:00,,,,,
2012-02-16 21:00:00,,,,,
2012-02-17 00:00:00,,,,,
2012-02-17 03:00:00,,,,,
2012-02-17 06:00:00,,,,,
2012-02-17 09:00:00,,,,,
2012-02-17 12:00:00,,,,,
2012-02-17 15:00:00,,,,,
2012-02-17 18:00:00,,,,,
2012-02-17 21:00:00,,,,,
2012-02-18 00:00:00,,,,,
2012-02-18 03:00:00,,,,,
2012-02-18 06:00:00,,,,,
2012-02-18 09:00:00,,,,,
2012-02-18 12:00:00,,,,,
2012-02-18 15:00:00,,,,,
2012-02-18 18:00:00,,,,,
2012-02-18 21:00:00,,,,,
2012-02-19 00:00:00,,,,,
2012-02-19 03:00:00,,,,,
2012-02-19 06:00:00,,,,,
2012-02-19 09:00:00,,,,,
2012-02-19 12:00:00,,,,,
2012-02-19 15:00:00,,,,,
2012-02-19 18:00:00,,,,,
2012-02-19 21:00:00,,,,,
2012-02-20 00:00:00,,,,,
2012-02-20 03:00:00,,,,,
2012-02-20 06:00:00,,,,,
2012-02-20 09:00:00,,,,,
2012-02-20 12:00:00,,,,,
2012-02-20 15:00:00,,,,,
2012-02-20 18:00:00,,,,,
2012-02-20 21:00:00,,,,,
2012-02-21 00:00:00,,,,,
2012-02-21 03:00:00,,,,,
2012-02-21 06:00:00,,,,,
2012-02-21 09:00:00,,,,,
2012-02-21 12:00:00,,,,,
2012-02-21 15:00:00,,,,,
2012-02-21 18:00:00,,,,,
2012-02-21 21:00:00,,,,,
2012-02-22 00:00:00,,,,,
2012-02-22 03:00:00,,,,,
2012-02-22 06:00:00,,,,,
2012-02-22 09:00:00,,,,,
2012-02-22 12:00:00,,,,,
2012-02-22 15:00:00,,,,,
2012-02-22 18:00:00,,,,,
2012-02-22 21:00:00,,,,,
2012-02-23 00:00:00,,,,,
2012-02-23 03:00:00,,,,,
2012-02-23 06:00:00,,,,,
2012-02-23 09:00:00,,,,,
2012-02-23 12:00:00,,,,,
2012-02-23 15:00:00,,,,,
2012-02-23 18:00:00,,,,,
2012-02-23 21:00:00,,,,,
2012-02-24 00:00:00,,,,,
2012-02-24 03:00:00,,,,,
2012-02-24 06:00:00,,,,,
2012-02-24 09:00:00,,,,,
2012-02-24 12:00:00,,,,,
2012-02-24 15:00:00,,,,,
2012-02-24 18:00:00,,,,,
2012-02-24 21:00:00,,,,,
2012-02-25 00:00:00,,,,,
2012-02-25 03:00:00,,,,,
2012-02-25 06:00:00,,,,,
2012-02-25 09:00:00,,,,,
2012-02-25 12:00:00,,,,,
2012-02-25 15:00:00,,,,,
2012-02-25 18:00:00,,,,,
2012-02-25 21:00:00,,,,,
2012-02-26 00:00:00,,,,,
2012-02-26 03:00:00,,,,,
2012-02-26 06:00:00,,,,,
2012-02-26 09:00:00,,,,,
2012-02-26 12:00:00,,,,,
2012-02-26 15:00:00,,,,,
2012-02-26 18:00:00,,,,,
2012-02-26 21:00:00,,,,,
2012-02-27 00:00:00,,,,,
2012-02-27 03:00:00,,,,,
2012-02-27 06:00:00,,,,,
2012-02-27 09:00:00,,,,,
2012-02-27 12:00:00,,,,,
2012-02-27 15:00:00,,,,,
2012-02-27 18:00:00,,,,,
2012-02-27 21:00:00,,,,,
2012-02-28 00:00:00,,,,,
2012-02-28 03:00:00,,,,,
2012-02-28 06:00:00,,,,,
2012-02-28 09:00:00,,,,,
2012-02-28 12:00:00,,,,,
2012-02-28 15:00:00,,,,,
2012-02-28 18:00:00,,,,,
2012-02-28 21:00:00,,,,,
2012-02-29 00:00:00,,,,,
2012-02-29 03:00:00,,,,,
2012-02-29 06:00:00,,,,,
2012-02-29 09:00:00,,,,,
2012-02-29 12:00:00,,,,,
2012-02-29 15:00:00,,,,,
2012-02-29 18:00:00,,,,,
2012-02-29 21:00:00,,,,,
2012-03-01 00:00:00,,,,,
2012-03-01 03:00:00,,,,,
2012-03-01 06:00:00,,,,,
2012-03-01 09:00:00,,,,,
2012-03-01 12:00:00,,,,,
2012-03-01 15:00:00,,,,,
2012-03-01 18:00:00,,,,,
2012-03-01 21:00:00,,,,,
2012-03-02 00:00:00,,,,,
2012-03-02 03:00:00,,,,,
2012-03-02 06:00:00,,,,,
2012-03-02 09:00:00,,,,,
2012-03-02 12:00:00,,,,,
2012-03-02 15:00:00,,,,,
2012-03-02 18:00:00,,,,,
2012-03-02 21:00:00,,,,,
2012-03-03 00:00:00,,,,,
2012-03-03 03:00:00,,,,,
2012-03-03 06:00:00,,,,,
2012-03-03 09:00:00,,,,,
2012-03-03 12:00:00,,,,,
2012-03-03 15:00:00,,,,,
2012-03-03 18:00:00,,,,,
2012-03-03 21:00:00,,,,,
2012-03-04 00:00:00,,,,,
2012-03-04 03:00:00,,,,,
2012-03-04 06:00:00,,,,,
2012-03-04 09:00:00,,,,,
2012-03-04 12:00:00,,,,,
2012-03-04 15:00:00,,,,,
2012-03-04 18:00:00,,,,,
2012-03-04 21:00:00,,,,,
2012-03-05 00:00:00,,,,,
2012-03-05 03:00:00,,,,,
2012-03-05 06:00:00,,,,,
2012-03-05 09:00:00,,,,,
2012-03-05 12:00:00,,,,,
2012-03-05 15:00:00,,,,,
2012-03-05 18:00:00,,,,,
2012-03-05 21:00:00,,,,,
2012-03-06 00:00:00,,,,,
2012-03-06 03:00:00,,,,,
2012-03-06 06:00:00,,,,,
2012-03-06 09:00:00,,,,,
2012-03-06 12:00:00,,,,,
2012-03-06 15:00:00,,,,,
2012-03-06 18:00:00,,,,,
2012-03-06 21:00:00,,,,,
2012-03-07 00:00:00,,,,,
2012-03-07 03:00:00,,,,,
2012-03-07 06:00:00,,,,,
2012-03-07 09:00:00,,,,,
2012-03-07 12:00:00,,,,,
2012-03-07 15:00:00,,,,,
2012-03-07 18:00:00,,,,,
2012-03-07 21:00:00,,,,,
2012-03-08 00:00:00,,,,,
2012-03-08 03:00:00,,,,,
2012-03-08 06:00:00,,,,,
2012-03-08 09:00:00,,,,,
2012-03-08 12:00:00,,,,,
2012-03-08 15:00:00,,,,,
2012-03-08 18:00:00,,,,,
2012-03-08 21:00:00,,,,,
2012-03-09 00:00:00,,,,,
2012-03-09 03:00:00,,,,,
2012-03-09 06:00:00,,,,,
2012-03-09 09:00:00,,,,,
2012-03-09 12:00:00,,,,,
2012-03-09 15:00:00,,,,,
2012-03-09 18:00:00,,,,,
2012-03-09 21:00:00,,,,,
2012-03-10 00:00:00,,,,,
2012-03-10 03:00:00,,,,,
2012-03-10 06:00:00,,,,,
2012-03-10 09:00:00,,,,,
2012-03-10 12:00:00,,,,,
2012-03-10 15:00:00,,,,,
2012-03-10 18:00:00,,,,,
2012-03-10 21:00:00,,,,,
2012-03-11 00:00:00,,,,,
2012-03-11 03:00:00,,,,,
2012-03-11 06:00:00,,,,,
2012-03-11 09:00:00,,,,,
2012-03-11 12:00:00,,,,,
2012-03-11 15:00:00,,,,,
2012-03-11 18:00:00,,,,,
2012-03-11 21:00:00,,,,,
2012-03-12 00:00:00,,,,,
2012-03-12 03:00:00,,,,,
2012-03-12 06:00:00,,,,,
2012-03-12 09:00:00,,,,,
2012-03-12 12:00:00,,,,,
2012-03-12 15:00:00,,,,,
2012-03-12 18:00:00,,,,,
2012-03-12 21:00:00,,,,,
2012-03-13 00:00:00,,,,,
2012-03-13 03:00:00,,,,,
2012-03-13 06:00:00,,,,,
2012-03-13 09:00:00,,,,,
2012-03-13 12:00:00,,,,,
2012-03-13 15:00:00,,,,,
2012-03-13 18:00:00,,,,,
2012-03-13 21:00:00,,,,,
2012-03-14 00:00:00,,,,,
2012-03-14 03:00:00,,,,,
2012-03-14 06:00:00,,,,,
2012-03-14 09:00:00,,,,,
2012-03-14 12:00:00,,,,,
2012-03-14 15:00:00,,,,,
2012-03-14 18:00:00,,,,,
2012-03-14 21:00:00,,,,,
2012-03-15 00:00:00,,,,,
2012-03-15 03:00:00,,,,,
2012-03-15 06:00:00,,,,,
2012-03-15 09:00:00,,,,,
2012-03-15 12:00:00,,,,,
2012-03-15 15:00:00,,,,,
2012-03-15 18:00:00,,,,,
2012-03-15 21:00:00,,,,,
2012-03-16 00:00:00,,,,,
2012-03-16 03:00:00,,,,,
2012-03-16 06:00:00,,,,,
2012-03-16 09:00:00,,,,,
2012-03-16 12:00:00,,,,,
2012-03-16 15:00:00,,,,,
2012-03-16 18:00:00,,,,,
2012-03-16 21:00:00,,,,,
2012-03-17 00:00:00,,,,,
2012-03-17 03:00:00,,,,,
2012-03-17 06:00:00,,,,,
2012-03-17 09:00:00,,,,,
2012-03-17 12:00:00,,,,,
2012-03-17 15:00:00,,,,,
2012-03-17 18:00:00,,,,,
2012-03-17 21:00:00,,,,,
2012-03-18 00:00:00,,,,,
2012-03-18 03:00:00,,,,,
2012-03-18 06:00:00,,,,,
2012-03-18 09:00:00,,,,,
2012-03-18 12:00:00,,,,,
2012-03-18 15:00:00,,,,,
2012-03-18 18:00:00,,,,,
2012-03-18 21:00:00,,,,,
2012-03-19 00:00:00,,,,,
2012-03-19 03:00:00,,,,,
2012-03-19 06:00:00,,,,,
2012-03-19 09:00:00,,,,,
2012-03-19 12:00:00,,,,,
2012-03-19 15:00:00,,,,,
2012-03-19 18:00:00,,,,,
2012-03-19 21:00:00,,,,,
2012-03-20 00:00:00,,,,,
2012-03-20 03:00:00,,,,,
2012-03-20 06:00:00,,,,,
2012-03-20 09:00:00,,,,,
2012-03-20 12:00:00,,,,,
2012-03-20 15:00:00,,,,,
2012-03-20 18:00:00,,,,,
2012-03-20 21:00:00,,,,,
2012-03-21 00:00:00,,,,,
2012-03-21 03:00:00,,,,,
2012-03-21 06:00:00,,,,,
2012-03-21 09:00:00,,,,,
2012-03-21 12:00:00,,,,,
2012-03-21 15:00:00,,,,,
2012-03-21 18:00:00,,,,,
2012-03-21 21:00:00,,,,,
2012-03-22 00:00:00,,,,,
2012-03-22 03:00:00,,,,,
2012-03-22 06:00:00,,,,,
2012-03-22 09:00:00,,,,,
2012-03-22 12:00:00,,,,,
2012-03-22 15:00:00,,,,,
2012-03-22 18:00:00,,,,,
2012-03-22 21:00:00,,,,,
2012-03-23 00:00:00,,,,,
2012-03-23 03:00:00,,,,,
2012-03-23 06:00:00,,,,,
2012-03-23 09:00:00,,,,,
2012-03-23 12:00:00,,,,,
2012-03-23 15:00:00,,,,,
2012-03-23 18:00:00,,,,,
2012-03-23 21:00:00,,,,,
2012-03-24 00:00:00,,,,,
2012-03-24 03:00:00,,,,,
2012-03-24 06:00:00,,,,,
2012-03-24 09:00:00,,,,,
2012-03-24 12:00:00,,,,,
2012-03-24 15:00:00,,,,,
2012-03-24 18:00:00,,,,,
2012-03-24 21:00:00,,,,,
2012-03-25 00:00:00,,,,,
2012-03-25 03:00:00,,,,,
2012-03-25 06:00:00,,,,,
2012-03-25 09:00:00,,,,,
2012-03-25 12:00:00,,,,,
2012-03-25 15:00:00,,,,,
2012-03-25 18:00:00,,,,,
2012-03-25 21:00:00,,,,,
2012-03-26 00:00:00,,,,,
2012-03-26 03:00:00,,,,,
2012-03-26 06:00:00,,,,,
2012-03-26 09:00:00,,,,,
2012-03-26 12:00:00,,,,,
2012-03-26 15:00:00,,,,,
2012-03-26 18:00:00,,,,,
2012-03-26 21:00:00,,,,,
2012-03-27 00:00:00,,,,,
2012-03-27 03:00:00,,,,,
2012-03-27 06:00:00,,,,,
2012-03-27 09:00:00,,,,,
2012-03-27 12:00:00,,,,,
2012-03-27 15:00:00,,,,,
2012-03-27 18:00:00,,,,,
2012-03-27 21:00:00,,,,,
2012-03-28 00:00:00,,,,,
2012-03-28 03:00:00,,,,,
2012-03-28 06:00:00,,,,,
2012-03-28 09:00:00,,,,,
2012-03-28 12:00:00,,,,,
2012-03-28 15:00:00,,,,,
2012-03-28 18:00:00,,,,,
2012-03-28 21:00:00,,,,,
2012-03-29 00:00:00,,,,,
2012-03-29 03:00:00,,,,,
2012-03-29 06:00:00,,,,,
2012-03-29 09:00:00,,,,,
2012-03-29 12:00:00,,,,,
2012-03-29 15:00:00,,,,,
2012-03-29 18:00:00,,,,,
2012-03-29 21:00:00,,,,,
2012-03-30 00:00:00,,,,,
2012-03-30 03:00:00,,,,,
2012-03-30 06:00:00,,,,,
2012-03-30 09:00:00,,,,,
2012-03-30 12:00:00,,,,,
2012-03-30 15:00:00,,,,,
2012-03-30 18:00:00,,,,,
2012-03-30 21:00:00,,,,,
2012-03-31 00:00:00,,,,,
2012-03-31 03:00:00,,,,,
2012-03-31 06:00:00,,,,,
2012-03-31 09:00:00,,,,,
2012-03-31 12:00:00,,,,,
2012-03-31 15:00:00,,,,,
2012-03-31 18:00:00,,,,,
2012-03-31 21:00:00,,,,,
2012-04-01 00:00:00,,,,,
2012-04-01 03:00:00,,,,,
2012-04-01 06:00:00,,,,,
2012-04-01 09:00:00,,,,,
2012-04-01 12:00:00,,,,,
2012-04-01 15:00:00,,,,,
2012-04-01 18:00:00,,,,,
2012-04-01 21:00:00,,,,,
2012-04-02 00:00:00,,,,,
2012-04-02 03:00:00,,,,,
2012-04-02 06:00:00,,,,,
2012-04-02 09:00:00,,,,,
2012-04-02 12:00:00,,,,,
2012-04-02 15:00:00,,,,,
2012-04-02 18:00:00,,,,,
2012-04-02 21:00:00,,,,,
2012-04-03 00:00:00,,,,,
2012-04-03 03:00:00,,,,,
2012-04-03 06:00:00,,,,,
2012-04-03 09:00:00,,,,,
2012-04-03 12:00:00,,,,,
2012-04-03 15:00:00,,,,,
2012-04-03 18:00:00,,,,,
2012-04-03 21:00:00,,,,,
2012-04-04 00:00:00,,,,,
2012-04-04 03:00:00,,,,,
2012-04-04 06:00:00,,,,,
2012-04-04 09:00:00,,,,,
2012-04-04 12:00:00,,,,,
2012-04-04 15:00:00,,,,,
2012-04-04 18:00:00,,,,,
2012-04-04 21:00:00,,,,,
2012-04-05 00:00:00,,,,,
2012-04-05 03:00:00,,,,,
2012-04-05 06:00:00,,,,,
2012-04-05 09:00:00,,,,,
2012-04-05 12:00:00,,,,,
2012-04-05 15:00:00,,,,,
2012-04-05 18:00:00,,,,,
2012-04-05 21:00:00,,,,,
2012-04-06 00:00:00,,,,,
2012-04-06 03:00:00,,,,,
2012-04-06 06:00:00,,,,,
2012-04-06 09:00:00,,,,,
2012-04-06 12:00:00,,,,,
2012-04-06 15:00:00,,,,,
2012-04-06 18:00:00,,,,,
2012-04-06 21:00:00,,,,,
2012-04-07 00:00:00,,,,,
2012-04-07 03:00:00,,,,,
2012-04-07 06:00:00,,,,,
2012-04-07 09:00:00,,,,,
2012-04-07 12:00:00,,,,,
2012-04-07 15:00:00,,,,,
2012-04-07 18:00:00,,,,,
2012-04-07 21:00:00,,,,,
2012-04-08 00:00:00,,,,,
2012-04-08 03:00:00,,,,,
2012-04-08 06:00:00,,,,,
2012-04-08 09:00:00,,,,,
2012-04-08 12:00:00,,,,,
2012-04-08 15:00:00,,,,,
2012-04-08 18:00:00,,,,,
2012-04-08 21:00:00,,,,,
2012-04-09 00:00:00,,,,,
2012-04-09 03:00:00,,,,,
2012-04-09 06:00:00,,,,,
2012-04-09 09:00:00,,,,,
2012-04-09 12:00:00,,,,,
2012-04-09 15:00:00,,,,,
2012-04-09 18:00:00,,,,,
2012-04-09 21:00:00,,,,,
2012-04-10 00:00:00,,,,,
2012-04-10 03:00:00,,,,,
2012-04-10 06:00:00,,,,,
2012-04-10 09:00:00,,,,,
2012-04-10 12:00:00,,,,,
2012-04-10 15:00:00,,,,,
2012-04-10 18:00:00,,,,,
2012-04-10 21:00:00,,,,,
2012-04-11 00:00:00,,,,,
2012-04-11 03:00:00,,,,,
2012-04-11 06:00:00,,,,,
2012-04-11 09:00:00,,,,,
2012-04-11 12:00:00,,,,,
2012-04-11 15:00:00,,,,,
2012-04-11 18:00:00,,,,,
2012-04-11 21:00:00,,,,,
2012-04-12 00:00:00,,,,,
2012-04-12 03:00:00,,,,,
2012-04-12 06:00:00,,,,,
2012-04-12 09:00:00,,,,,
2012-04-12 12:00:00,,,,,
2012-04-12 15:00:00,,,,,
2012-04-12 18:00:00,,,,,
2012-04-12 21:00:00,,,,,
2012-04-13 00:00:00,,,,,
2012-04-13 03:00:00,,,,,
2012-04-13 06:00:00,,,,,
2012-04-13 09:00:00,,,,,
2012-04-13 12:00:00,,,,,
2012-04-13 15:00:00,,,,,
2012-04-13 18:00:00,,,,,
2012-04-13 21:00:00,,,,,
2012-04-14 00:00:00,,,,,
2012-04-14 03:00:00,,,,,
2012-04-14 06:00:00,,,,,
2012-04-14 09:00:00,,,,,
2012-04-14 12:00:00,,,,,
2012-04-14 15:00:00,,,,,
2012-04-14 18:00:00,,,,,
2012-04-14 21:00:00,,,,,
2012-04-15 00:00:00,,,,,
2012-04-15 03:00:00,,,,,
2012-04-15 06:00:00,,,,,
2012-04-15 09:00:00,,,,,
2012-04-15 12:00:00,,,,,
2012-04-15 15:00:00,,,,,
2012-04-15 18:00:00,,,,,
2012-04-15 21:00:00,,,,,
2012-04-16 00:00:00,,,,,
2012-04-16 03:00:00,,,,,
2012-04-16 06:00:00,,,,,
2012-04-16 09:00:00,,,,,
2012-04-16 12:00:00,,,,,
2012-04-16 15:00:00,,,,,
2012-04-16 18:00:00,,,,,
2012-04-16 21:00:00,,,,,
2012-04-17 00:00:00,,,,,
2012-04-17 03:00:00,,,,,
2012-04-17 06:00:00,,,,,
2012-04-17 09:00:00,,,,,
2012-04-17 12:00:00,,,,,
2012-04-17 15:00:00,,,,,
2012-04-17 18:00:00,,,,,
2012-04-17 21:00:00,,,,,
2012-04-18 00:00:00,,,,,
2012-04-18 03:00:00,,,,,
2012-04-18 06:00:00,,,,,
2012-04-18 09:00:00,,,,,
2012-04-18 12:00:00,,,,,
2012-04-18 15:00:00,,,,,
2012-04-18 18:00:00,,,,,
2012-04-18 21:00:00,,,,,
2012-04-19 00:00:00,,,,,
2012-04-19 03:00:00,,,,,
2012-04-19 06:00:00,,,,,
2012-04-19 09:00:00,,,,,
2012-04-19 12:00:00,,,,,
2012-04-19 15:00:00,,,,,
2012-04-19 18:00:00,,,,,
2012-04-19 21:00:00,,,,,
2012-04-20 00:00:00,,,,,
2012-04-20 03:00:00,,,,,
2012-04-20 06:00:00,,,,,
2012-04-20 09:00:00,,,,,
2012-04-20 12:00:00,,,,,
2012-04-20 15:00:00,,,,,
2012-04-20 18:00:00,,,,,
2012-04-20 21:00:00,,,,,
2012-04-21 00:00:00,,,,,
2012-04-21 03:00:00,,,,,
2012-04-21 06:00:00,,,,,
2012-04-21 09:00:00,,,,,
2012-04-21 12:00:00,,,,,
2012-04-21 15:00:00,,,,,
2012-04-21 18:00:00,,,,,
2012-04-21 21:00:00,,,,,
2012-04-22 00:00:00,,,,,
2012-04-22 03:00:00,,,,,
2012-04-22 06:00:00,,,,,
2012-04-22 09:00:00,,,,,
2012-04-22 12:00:00,,,,,
2012-04-22 15:00:00,,,,,
2012-04-22 18:00:00,,,,,
2012-04-22 21:00:00,,,,,
2012-04-23 00:00:00,,,,,
2012-04-23 03:00:00,,,,,
2012-04-23 06:00:00,,,,,
2012-04-23 09:00:00,,,,,
2012-04-23 12:00:00,,,,,
2012-04-23 15:00:00,,,,,
2012-04-23 18:00:00,,,,,
2012-04-23 21:00:00,,,,,
2012-04-24 00:00:00,,,,,
2012-04-24 03:00:00,,,,,
2012-04-24 06:00:00,,,,,
2012-04-24 09:00:00,,,,,
2012-04-24 12:00:00,,,,,
2012-04-24 15:00:00,,,,,
2012-04-24 18:00:00,,,,,
2012-04-24 21:00:00,,,,,
2012-04-25 00:00:00,,,,,
2012-04-25 03:00:00,,,,,
2012-04-25 06:00:00,,,,,
2012-04-25 09:00:00,,,,,
2012-04-25 12:00:00,,,,,
2012-04-25 15:00:00,,,,,
2012-04-25 18:00:00,,,,,
2012-04-25 21:00:00,,,,,
2012-04-26 00:00:00,,,,,
2012-04-26 03:00:00,,,,,
2012-04-26 06:00:00,,,,,
2012-04-26 09:00:00,,,,,
2012-04-26 12:00:00,,,,,
2012-04-26 15:00:00,,,,,
2012-04-26 18:00:00,,,,,
2012-04-26 21:00:00,,,,,
2012-04-27 00:00:00,,,,,
2012-04-27 03:00:00,,,,,
2012-04-27 06:00:00,,,,,
2012-04-27 09:00:00,,,,,
2012-04-27 12:00:00,,,,,
2012-04-27 15:00:00,,,,,
2012-04-27 18:00:00,,,,,
2012-04-27 21:00:00,,,,,
2012-04-28 00:00:00,,,,,
2012-04-28 03:00:00,,,,,
2012-04-28 06:00:00,,,,,
2012-04-28 09:00:00,,,,,
2012-04-28 12:00:00,,,,,
2012-04-28 15:00:00,,,,,
2012-04-28 18:00:00,,,,,
2012-04-28 21:00:00,,,,,
2012-04-29 00:00:00,,,,,
2012-04-29 03:00:00,,,,,
2012-04-29 06:00:00,,,,,
2012-04-29 09:00:00,,,,,
2012-04-29 12:00:00,,,,,
2012-04-29 15:00:00,,,,,
2012-04-29 18:00:00,,,,,
2012-04-29 21:00:00,,,,,
2012-04-30 00:00:00,,,,,
2012-04-30 03:00:00,,,,,
2012-04-30 06:00:00,,,,,
2012-04-30 09:00:00,,,,,
2012-04-30 12:00:00,,,,,
2012-04-30 15:00:00,,,,,
2012-04-30 18:00:00,,,,,
2012-04-30 21:00:00,,,,,
2012-05-01 00:00:00,,,,,
2012-05-01 03:00:00,,,,,
2012-05-01 06:00:00,,,,,
2012-05-01 09:00:00,,,,,
2012-05-01 12:00:00,,,,,
2012-05-01 15:00:00,,,,,
2012-05-01 18:00:00,,,,,
2012-05-01 21:00:00,,,,,
2012-05-02 00:00:00,,,,,
2012-05-02 03:00:00,,,,,
2012-05-02 06:00:00,,,,,
2012-05-02 09:00:00,,,,,
2012-05-02 12:00:00,,,,,
2012-05-02 15:00:00,,,,,
2012-05-02 18:00:00,,,,,
2012-05-02 21:00:00,,,,,
2012-05-03 00:00:00,,,,,
2012-05-03 03:00:00,,,,,
2012-05-03 06:00:00,,,,,
2012-05-03 09:00:00,,,,,
2012-05-03 12:00:00,,,,,
2012-05-03 15:00:00,,,,,
2012-05-03 18:00:00,,,,,
2012-05-03 21:00:00,,,,,
2012-05-04 00:00:00,,,,,
2012-05-04 03:00:00,,,,,
2012-05-04 06:00:00,,,,,
2012-05-04 09:00:00,,,,,
2012-05-04 12:00:00,,,,,
2012-05-04 15:00:00,,,,,
2012-05-04 18:00:00,,,,,
2012-05-04 21:00:00,,,,,
2012-05-05 00:00:00,,,,,
2012-05-05 03:00:00,,,,,
2012-05-05 06:00:00,,,,,
2012-05-05 09:00:00,,,,,
2012-05-05 12:00:00,,,,,
2012-05-05 15:00:00,,,,,
2012-05-05 18:00:00,,,,,
2012-05-05 21:00:00,,,,,
2012-05-06 00:00:00,,,,,
2012-05-06 03:00:00,,,,,
2012-05-06 06:00:00,,,,,
2012-05-06 09:00:00,,,,,
2012-05-06 12:00:00,,,,,
2012-05-06 15:00:00,,,,,
2012-05-06 18:00:00,,,,,
2012-05-06 21:00:00,,,,,
2012-05-07 00:00:00,,,,,
2012-05-07 03:00:00,,,,,
2012-05-07 06:00:00,,,,,
2012-05-07 09:00:00,,,,,
2012-05-07 12:00:00,,,,,
2012-05-07 15:00:00,,,,,
2012-05-07 18:00:00,,,,,
2012-05-07 21:00:00,,,,,
2012-05-08 00:00:00,,,,,
2012-05-08 03:00:00,,,,,
2012-05-08 06:00:00,,,,,
2012-05-08 09:00:00,,,,,
2012-05-08 12:00:00,,,,,
2012-05-08 15:00:00,,,,,
2012-05-08 18:00:00,,,,,
2012-05-08 21:00:00,,,,,
2012-05-09 00:00:00,,,,,
2012-05-09 03:00:00,,,,,
2012-05-09 06:00:00,,,,,
2012-05-09 09:00:00,,,,,
2012-05-09 12:00:00,,,,,
2012-05-09 15:00:00,,,,,
2012-05-09 18:00:00,,,,,
2012-05-09 21:00:00,,,,,
2012-05-10 00:00:00,,,,,
2012-05-10 03:00:00,,,,,
2012-05-10 06:00:00,,,,,
2012-05-10 09:00:00,,,,,
2012-05-10 12:00:00,,,,,
2012-05-10 15:00:00,,,,,
2012-05-10 18:00:00,,,,,
2012-05-10 21:00:00,,,,,
2012-05-11 00:00:00,,,,,
2012-05-11 03:00:00,,,,,
2012-05-11 06:00:00,,,,,
2012-05-11 09:00:00,,,,,
2012-05-11 12:00:00,,,,,
2012-05-11 15:00:00,,,,,
2012-05-11 18:00:00,,,,,
2012-05-11 21:00:00,,,,,
2012-05-12 00:00:00,,,,,
2012-05-12 03:00:00,,,,,
2012-05-12 06:00:00,,,,,
2012-05-12 09:00:00,,,,,
2012-05-12 12:00:00,,,,,
2012-05-12 15:00:00,,,,,
2012-05-12 18:00:00,,,,,
2012-05-12 21:00:00,,,,,
2012-05-13 00:00:00,,,,,
2012-05-13 03:00:00,,,,,
2012-05-13 06:00:00,,,,,
2012-05-13 09:00:00,,,,,
2012-05-13 12:00:00,,,,,
2012-05-13 15:00:00,,,,,
2012-05-13 18:00:00,,,,,
2012-05-13 21:00:00,,,,,
2012-05-14 00:00:00,,,,,
2012-05-14 03:00:00,,,,,
2012-05-14 06:00:00,,,,,
2012-05-14 09:00:00,,,,,
2012-05-14 12:00:00,,,,,
2012-05-14 15:00:00,,,,,
2012-05-14 18:00:00,,,,,
2012-05-14 21:00:00,,,,,
2012-05-15 00:00:00,,,,,
2012-05-15 03:00:00,,,,,
2012-05-15 06:00:00,,,,,
2012-05-15 09:00:00,,,,,
2012-05-15 12:00:00,,,,,
2012-05-15 15:00:00,,,,,
2012-05-15 18:00:00,,,,,
2012-05-15 21:00:00,,,,,
2012-05-16 00:00:00,,,,,
2012-05-16 03:00:00,,,,,
2012-05-16 06:00:00,,,,,
2012-05-16 09:00:00,,,,,
2012-05-16 12:00:00,,,,,
2012-05-16 15:00:00,,,,,
2012-05-16 18:00:00,,,,,
2012-05-16 21:00:00,,,,,
2012-05-17 00:00:00,,,,,
2012-05-17 03:00:00,,,,,
2012-05-17 06:00:00,,,,,
2012-05-17 09:00:00,,,,,
2012-05-17 12:00:00,,,,,
2012-05-17 15:00:00,,,,,
2012-05-17 18:00:00,,,,,
2012-05-17 21:00:00,,,,,
2012-05-18 00:00:00,,,,,
2012-05-18 03:00:00,,,,,
2012-05-18 06:00:00,,,,,
2012-05-18 09:00:00,,,,,
2012-05-18 12:00:00,,,,,
2012-05-18 15:00:00,,,,,
2012-05-18 18:00:00,,,,,
2012-05-18 21:00:00,,,,,
2012-05-19 00:00:00,,,,,
2012-05-19 03:00:00,,,,,
2012-05-19 06:00:00,,,,,
2012-05-19 09:00:00,,,,,
2012-05-19 12:00:00,,,,,
2012-05-19 15:00:00,,,,,
2012-05-19 18:00:00,,,,,
2012-05-19 21:00:00,,,,,
2012-05-20 00:00:00,,,,,
2012-05-20 03:00:00,,,,,
2012-05-20 06:00:00,,,,,
2012-05-20 09:00:00,,,,,
2012-05-20 12:00:00,,,,,
2012-05-20 15:00:00,,,,,
2012-05-20 18:00:00,,,,,
2012-05-20 21:00:00,,,,,
2012-05-21 00:00:00,,,,,
2012-05-21 03:00:00,,,,,
2012-05-21 06:00:00,,,,,
2012-05-21 09:00:00,,,,,
2012-05-21 12:00:00,,,,,
2012-05-21 15:00:00,,,,,
2012-05-21 18:00:00,,,,,
2012-05-21 21:00:00,,,,,
2012-05-22 00:00:00,,,,,
2012-05-22 03:00:00,,,,,
2012-05-22 06:00:00,,,,,
2012-05-22 09:00:00,,,,,
2012-05-22 12:00:00,,,,,
2012-05-22 15:00:00,,,,,
2012-05-22 18:00:00,,,,,
2012-05-22 21:00:00,,,,,
2012-05-23 00:00:00,,,,,
2012-05-23 03:00:00,,,,,
2012-05-23 06:00:00,,,,,
2012-05-23 09:00:00,,,,,
2012-05-23 12:00:00,,,,,
2012-05-23 15:00:00,,,,,
2012-05-23 18:00:00,,,,,
2012-05-23 21:00:00,,,,,
2012-05-24 00:00:00,,,,,
2012-05-24 03:00:00,,,,,
2012-05-24 06:00:00,,,,,
2012-05-24 09:00:00,,,,,
2012-05-24 12:00:00,,,,,
2012-05-24 15:00:00,,,,,
2012-05-24 18:00:00,,,,,
2012-05-24 21:00:00,,,,,
2012-05-25 00:00:00,,,,,
2012-05-25 03:00:00,,,,,
2012-05-25 06:00:00,,,,,
2012-05-25 09:00:00,,,,,
2012-05-25 12:00:00,,,,,
2012-05-25 15:00:00,,,,,
2012-05-25 18:00:00,,,,,
2012-05-25 21:00:00,,,,,
2012-05-26 00:00:00,,,,,
2012-05-26 03:00:00,,,,,
2012-05-26 06:00:00,,,,,
2012-05-26 09:00:00,,,,,
2012-05-26 12:00:00,,,,,
2012-05-26 15:00:00,,,,,
2012-05-26 18:00:00,,,,,
2012-05-26 21:00:00,,,,,
2012-05-27 00:00:00,,,,,
2012-05-27 03:00:00,,,,,
2012-05-27 06:00:00,,,,,
2012-05-27 09:00:00,,,,,
2012-05-27 12:00:00,,,,,
2012-05-27 15:00:00,,,,,
2012-05-27 18:00:00,,,,,
2012-05-27 21:00:00,,,,,
2012-05-28 00:00:00,,,,,
2012-05-28 03:00:00,,,,,
2012-05-28 06:00:00,,,,,
2012-05-28 09:00:00,,,,,
2012-05-28 12:00:00,,,,,
2012-05-28 15:00:00,,,,,
2012-05-28 18:00:00,,,,,
2012-05-28 21:00:00,,,,,
2012-05-29 00:00:00,,,,,
2012-05-29 03:00:00,,,,,
2012-05-29 06:00:00,,,,,
2012-05-29 09:00:00,,,,,
2012-05-29 12:00:00,,,,,
2012-05-29 15:00:00,,,,,
2012-05-29 18:00:00,,,,,
2012-05-29 21:00:00,,,,,
2012-05-30 00:00:00,,,,,
2012-05-30 03:00:00,,,,,
2012-05-30 06:00:00,,,,,
2012-05-30 09:00:00,,,,,
2012-05-30 12:00:00,,,,,
2012-05-30 15:00:00,,,,,
2012-05-30 18:00:00,,,,,
2012-05-30 21:00:00,,,,,
2012-05-31 00:00:00,,,,,
2012-05-31 03:00:00,,,,,
2012-05-31 06:00:00,,,,,
2012-05-31 09:00:00,,,,,
2012-05-31 12:00:00,,,,,
2012-05-31 15:00:00,,,,,
2012-05-31 18:00:00,,,,,
2012-05-31 21:00:00,,,,,
2012-06-01 00:00:00,,,,,
2012-06-01 03:00:00,,,,,
2012-06-01 06:00:00,,,,,
2012-06-01 09:00:00,,,,,
2012-06-01 12:00:00,,,,,
2012-06-01 15:00:00,,,,,
2012-06-01 18:00:00,,,,,
2012-06-01 21:00:00,,,,,
2012-06-02 00:00:00,,,,,
2012-06-02 03:00:00,,,,,
2012-06-02 06:00:00,,,,,
2012-06-02 09:00:00,,,,,
2012-06-02 12:00:00,,,,,
2012-06-02 15:00:00,,,,,
2012-06-02 18:00:00,,,,,
2012-06-02 21:00:00,,,,,
2012-06-03 00:00:00,,,,,
2012-06-03 03:00:00,,,,,
2012-06-03 06:00:00,,,,,
2012-06-03 09:00:00,,,,,
2012-06-03 12:00:00,,,,,
2012-06-03 15:00:00,,,,,
2012-06-03 18:00:00,,,,,
2012-06-03 21:00:00,,,,,
2012-06-04 00:00:00,,,,,
2012-06-04 03:00:00,,,,,
2012-06-04 06:00:00,,,,,
2012-06-04 09:00:00,,,,,
2012-06-04 12:00:00,,,,,
2012-06-04 15:00:00,,,,,
2012-06-04 18:00:00,,,,,
2012-06-04 21:00:00,,,,,
2012-06-05 00:00:00,,,,,
2012-06-05 03:00:00,,,,,
2012-06-05 06:00:00,,,,,
2012-06-05 09:00:00,,,,,
2012-06-05 12:00:00,,,,,
2012-06-05 15:00:00,,,,,
2012-06-05 18:00:00,,,,,
2012-06-05 21:00:00,,,,,
2012-06-06 00:00:00,,,,,
2012-06-06 03:00:00,,,,,
2012-06-06 06:00:00,,,,,
2012-06-06 09:00:00,,,,,
2012-06-06 12:00:00,,,,,
2012-06-06 15:00:00,,,,,
2012-06-06 18:00:00,,,,,
2012-06-06 21:00:00,,,,,
2012-06-07 00:00:00,,,,,
2012-06-07 03:00:00,,,,,
2012-06-07 06:00:00,,,,,
2012-06-07 09:00:00,,,,,
2012-06-07 12:00:00,,,,,
2012-06-07 15:00:00,,,,,
2012-06-07 18:00:00,,,,,
2012-06-07 21:00:00,,,,,
2012-06-08 00:00:00,,,,,
2012-06-08 03:00:00,,,,,
2012-06-08 06:00:00,,,,,
2012-06-08 09:00:00,,,,,
2012-06-08 12:00:00,,,,,
2012-06-08 15:00:00,,,,,
2012-06-08 18:00:00,,,,,
2012-06-08 21:00:00,,,,,
2012-06-09 00:00:00,,,,,
2012-06-09 03:00:00,,,,,
2012-06-09 06:00:00,,,,,
2012-06-09 09:00:00,,,,,
2012-06-09 12:00:00,,,,,
2012-06-09 15:00:00,,,,,
2012-06-09 18:00:00,,,,,
2012-06-09 21:00:00,,,,,
2012-06-10 00:00:00,,,,,
2012-06-10 03:00:00,,,,,
2012-06-10 06:00:00,,,,,
2012-06-10 09:00:00,,,,,
2012-06-10 12:00:00,,,,,
2012-06-10 15:00:00,,,,,
2012-06-10 18:00:00,,,,,
2012-06-10 21:00:00,,,,,
2012-06-11 00:00:00,,,,,
2012-06-11 03:00:00,,,,,
2012-06-11 06:00:00,,,,,
2012-06-11 09:00:00,,,,,
2012-06-11 12:00:00,,,,,
2012-06-11 15:00:00,,,,,
2012-06-11 18:00:00,,,,,
2012-06-11 21:00:00,,,,,
2012-06-12 00:00:00,,,,,
2012-06-12 03:00:00,,,,,
2012-06-12 06:00:00,,,,,
2012-06-12 09:00:00,,,,,
2012-06-12 12:00:00,,,,,
2012-06-12 15:00:00,,,,,
2012-06-12 18:00:00,,,,,
2012-06-12 21:00:00,,,,,
2012-06-13 00:00:00,,,,,
2012-06-13 03:00:00,,,,,
2012-06-13 06:00:00,,,,,
2012-06-13 09:00:00,,,,,
2012-06-13 12:00:00,,,,,
2012-06-13 15:00:00,,,,,
2012-06-13 18:00:00,,,,,
2012-06-13 21:00:00,,,,,
2012-06-14 00:00:00,,,,,
2012-06-14 03:00:00,,,,,
2012-06-14 06:00:00,,,,,
2012-06-14 09:00:00,,,,,
2012-06-14 12:00:00,,,,,
2012-06-14 15:00:00,,,,,
2012-06-14 18:00:00,,,,,
2012-06-14 21:00:00,,,,,
2012-06-15 00:00:00,,,,,
2012-06-15 03:00:00,,,,,
2012-06-15 06:00:00,,,,,
2012-06-15 09:00:00,,,,,
2012-06-15 12:00:00,,,,,
2012-06-15 15:00:00,,,,,
2012-06-15 18:00:00,,,,,
2012-06-15 21:00:00,,,,,
2012-06-16 00:00:00,,,,,
2012-06-16 03:00:00,,,,,
2012-06-16 06:00:00,,,,,
2012-06-16 09:00:00,,,,,
2012-06-16 12:00:00,,,,,
2012-06-16 15:00:00,,,,,
2012-06-16 18:00:00,,,,,
2012-06-16 21:00:00,,,,,
2012-06-17 00:00:00,,,,,
2012-06-17 03:00:00,,,,,
2012-06-17 06:00:00,,,,,
2012-06-17 09:00:00,,,,,
2012-06-17 12:00:00,,,,,
2012-06-17 15:00:00,,,,,
2012-06-17 18:00:00,,,,,
2012-06-17 21:00:00,,,,,
2012-06-18 00:00:00,,,,,
2012-06-18 03:00:00,,,,,
2012-06-18 06:00:00,,,,,
2012-06-18 09:00:00,,,,,
2012-06-18 12:00:00,,,,,
2012-06-18 15:00:00,,,,,
2012-06-18 18:00:00,,,,,
2012-06-18 21:00:00,,,,,
2012-06-19 00:00:00,,,,,
2012-06-19 03:00:00,,,,,
2012-06-19 06:00:00,,,,,
2012-06-19 09:00:00,,,,,
2012-06-19 12:00:00,,,,,
2012-06-19 15:00:00,,,,,
2012-06-19 18:00:00,,,,,
2012-06-19 21:00:00,,,,,
2012-06-20 00:00:00,,,,,
2012-06-20 03:00:00,,,,,
2012-06-20 06:00:00,,,,,
2012-06-20 09:00:00,,,,,
2012-06-20 12:00:00,,,,,
2012-06-20 15:00:00,,,,,
2012-06-20 18:00:00,,,,,
2012-06-20 21:00:00,,,,,
2012-06-21 00:00:00,,,,,
2012-06-21 03:00:00,,,,,
2012-06-21 06:00:00,,,,,
2012-06-21 09:00:00,,,,,
2012-06-21 12:00:00,,,,,
2012-06-21 15:00:00,,,,,
2012-06-21 18:00:00,,,,,
2012-06-21 21:00:00,,,,,
2012-06-22 00:00:00,,,,,
2012-06-22 03:00:00,,,,,
2012-06-22 06:00:00,,,,,
2012-06-22 09:00:00,,,,,
2012-06-22 12:00:00,,,,,
2012-06-22 15:00:00,,,,,
2012-06-22 18:00:00,,,,,
2012-06-22 21:00:00,,,,,
2012-06-23 00:00:00,,,,,
2012-06-23 03:00:00,,,,,
2012-06-23 06:00:00,,,,,
2012-06-23 09:00:00,,,,,
2012-06-23 12:00:00,,,,,
2012-06-23 15:00:00,,,,,
2012-06-23 18:00:00,,,,,
2012-06-23 21:00:00,,,,,
2012-06-24 00:00:00,,,,,
2012-06-24 03:00:00,,,,,
2012-06-24 06:00:00,,,,,
2012-06-24 09:00:00,,,,,
2012-06-24 12:00:00,,,,,
2012-06-24 15:00:00,,,,,
2012-06-24 18:00:00,,,,,
2012-06-24 21:00:00,,,,,
2012-06-25 00:00:00,,,,,
2012-06-25 03:00:00,,,,,
2012-06-25 06:00:00,,,,,
2012-06-25 09:00:00,,,,,
2012-06-25 12:00:00,,,,,
2012-06-25 15:00:00,,,,,
2012-06-25 18:00:00,,,,,
2012-06-25 21:00:00,,,,,
2012-06-26 00:00:00,,,,,
2012-06-26 03:00:00,,,,,
2012-06-26 06:00:00,,,,,
2012-06-26 09:00:00,,,,,
2012-06-26 12:00:00,,,,,
2012-06-26 15:00:00,,,,,
2012-06-26 18:00:00,,,,,
2012-06-26 21:00:00,,,,,
2012-06-27 00:00:00,,,,,
2012-06-27 03:00:00,,,,,
2012-06-27 06:00:00,,,,,
2012-06-27 09:00:00,,,,,
2012-06-27 12:00:00,,,,,
2012-06-27 15:00:00,,,,,
2012-06-27 18:00:00,,,,,
2012-06-27 21:00:00,,,,,
2012-06-28 00:00:00,,,,,
2012-06-28 03:00:00,,,,,
2012-06-28 06:00:00,,,,,
2012-06-28 09:00:00,,,,,
2012-06-28 12:00:00,,,,,
2012-06-28 15:00:00,,,,,
2012-06-28 18:00:00,,,,,
2012-06-28 21:00:00,,,,,
2012-06-29 00:00:00,,,,,
2012-06-29 03:00:00,,,,,
2012-06-29 06:00:00,,,,,
2012-06-29 09:00:00,,,,,
2012-06-29 12:00:00,,,,,
2012-06-29 15:00:00,,,,,
2012-06-29 18:00:00,,,,,
2012-06-29 21:00:00,,,,,
2012-06-30 00:00:00,,,,,
2012-06-30 03:00:00,,,,,
2012-06-30 06:00:00,,,,,
2012-06-30 09:00:00,,,,,
2012-06-30 12:00:00,,,,,
2012-06-30 15:00:00,,,,,
2012-06-30 18:00:00,,,,,
2012-06-30 21:00:00,,,,,
2012-07-01 00:00:00,,,,,
2012-07-01 03:00:00,,,,,
2012-07-01 06:00:00,,,,,
2012-07-01 09:00:00,,,,,
2012-07-01 12:00:00,,,,,
2012-07-01 15:00:00,,,,,
2012-07-01 18:00:00,,,,,
2012-07-01 21:00:00,,,,,
2012-07-02 00:00:00,,,,,
2012-07-02 03:00:00,,,,,
2012-07-02 06:00:00,,,,,
2012-07-02 09:00:00,,,,,
2012-07-02 12:00:00,,,,,
2012-07-02 15:00:00,,,,,
2012-07-02 18:00:00,,,,,
2012-07-02 21:00:00,,,,,
2012-07-03 00:00:00,,,,,
2012-07-03 03:00:00,,,,,
2012-07-03 06:00:00,,,,,
2012-07-03 09:00:00,,,,,
2012-07-03 12:00:00,,,,,
2012-07-03 15:00:00,,,,,
2012-07-03 18:00:00,,,,,
2012-07-03 21:00:00,,,,,
2012-07-04 00:00:00,,,,,
2012-07-04 03:00:00,,,,,
2012-07-04 06:00:00,,,,,
2012-07-04 09:00:00,,,,,
2012-07-04 12:00:00,,,,,
2012-07-04 15:00:00,,,,,
2012-07-04 18:00:00,,,,,
2012-07-04 21:00:00,,,,,
2012-07-05 00:00:00,,,,,
2012-07-05 03:00:00,,,,,
2012-07-05 06:00:00,,,,,
2012-07-05 09:00:00,,,,,
2012-07-05 12:00:00,,,,,
2012-07-05 15:00:00,,,,,
2012-07-05 18:00:00,,,,,
2012-07-05 21:00:00,,,,,
2012-07-06 00:00:00,,,,,
2012-07-06 03:00:00,,,,,
2012-07-06 06:00:00,,,,,
2012-07-06 09:00:00,,,,,
2012-07-06 12:00:00,,,,,
2012-07-06 15:00:00,,,,,
2012-07-06 18:00:00,,,,,
2012-07-06 21:00:00,,,,,
2012-07-07 00:00:00,,,,,
2012-07-07 03:00:00,,,,,
2012-07-07 06:00:00,,,,,
2012-07-07 09:00:00,,,,,
2012-07-07 12:00:00,,,,,
2012-07-07 15:00:00,,,,,
2012-07-07 18:00:00,,,,,
2012-07-07 21:00:00,,,,,
2012-07-08 00:00:00,,,,,
2012-07-08 03:00:00,,,,,
2012-07-08 06:00:00,,,,,
2012-07-08 09:00:00,,,,,
2012-07-08 12:00:00,,,,,
2012-07-08 15:00:00,,,,,
2012-07-08 18:00:00,,,,,
2012-07-08 21:00:00,,,,,
2012-07-09 00:00:00,,,,,
2012-07-09 03:00:00,,,,,
2012-07-09 06:00:00,,,,,
2012-07-09 09:00:00,,,,,
2012-07-09 12:00:00,,,,,
2012-07-09 15:00:00,,,,,
2012-07-09 18:00:00,,,,,
2012-07-09 21:00:00,,,,,
2012-07-10 00:00:00,,,,,
2012-07-10 03:00:00,,,,,
2012-07-10 06:00:00,,,,,
2012-07-10 09:00:00,,,,,
2012-07-10 12:00:00,,,,,
2012-07-10 15:00:00,,,,,
2012-07-10 18:00:00,,,,,
2012-07-10 21:00:00,,,,,
2012-07-11 00:00:00,,,,,
2012-07-11 03:00:00,,,,,
2012-07-11 06:00:00,,,,,
2012-07-11 09:00:00,,,,,
2012-07-11 12:00:00,,,,,
2012-07-11 15:00:00,,,,,
2012-07-11 18:00:00,,,,,
2012-07-11 21:00:00,,,,,
2012-07-12 00:00:00,,,,,
2012-07-12 03:00:00,,,,,
2012-07-12 06:00:00,,,,,
2012-07-12 09:00:00,,,,,
2012-07-12 12:00:00,,,,,
2012-07-12 15:00:00,,,,,
2012-07-12 18:00:00,,,,,
2012-07-12 21:00:00,,,,,
2012-07-13 00:00:00,,,,,
2012-07-13 03:00:00,,,,,
2012-07-13 06:00:00,,,,,
2012-07-13 09:00:00,,,,,
2012-07-13 12:00:00,,,,,
2012-07-13 15:00:00,,,,,
2012-07-13 18:00:00,,,,,
2012-07-13 21:00:00,,,,,
2012-07-14 00:00:00,,,,,
2012-07-14 03:00:00,,,,,
2012-07-14 06:00:00,,,,,
2012-07-14 09:00:00,,,,,
2012-07-14 12:00:00,,,,,
2012-07-14 15:00:00,,,,,
2012-07-14 18:00:00,,,,,
2012-07-14 21:00:00,,,,,
2012-07-15 00:00:00,,,,,
2012-07-15 03:00:00,,,,,
2012-07-15 06:00:00,,,,,
2012-07-15 09:00:00,,,,,
2012-07-15 12:00:00,,,,,
2012-07-15 15:00:00,,,,,
2012-07-15 18:00:00,,,,,
2012-07-15 21:00:00,,,,,
2012-07-16 00:00:00,,,,,
2012-07-16 03:00:00,,,,,
2012-07-16 06:00:00,,,,,
2012-07-16 09:00:00,,,,,
2012-07-16 12:00:00,,,,,
2012-07-16 15:00:00,,,,,
2012-07-16 18:00:00,,,,,
2012-07-16 21:00:00,,,,,
2012-07-17 00:00:00,,,,,
2012-07-17 03:00:00,,,,,
2012-07-17 06:00:00,,,,,
2012-07-17 09:00:00,,,,,
2012-07-17 12:00:00,,,,,
2012-07-17 15:00:00,,,,,
2012-07-17 18:00:00,,,,,
2012-07-17 21:00:00,,,,,
2012-07-18 00:00:00,,,,,
2012-07-18 03:00:00,,,,,
2012-07-18 06:00:00,,,,,
2012-07-18 09:00:00,,,,,
2012-07-18 12:00:00,,,,,
2012-07-18 15:00:00,,,,,
2012-07-18 18:00:00,,,,,
2012-07-18 21:00:00,,,,,
2012-07-19 00:00:00,,,,,
2012-07-19 03:00:00,,,,,
2012-07-19 06:00:00,,,,,
2012-07-19 09:00:00,,,,,
2012-07-19 12:00:00,,,,,
2012-07-19 15:00:00,,,,,
2012-07-19 18:00:00,,,,,
2012-07-19 21:00:00,,,,,
2012-07-20 00:00:00,,,,,
2012-07-20 03:00:00,,,,,
2012-07-20 06:00:00,,,,,
2012-07-20 09:00:00,,,,,
2012-07-20 12:00:00,,,,,
2012-07-20 15:00:00,,,,,
2012-07-20 18:00:00,,,,,
2012-07-20 21:00:00,,,,,
2012-07-21 00:00:00,,,,,
2012-07-21 03:00:00,,,,,
2012-07-21 06:00:00,,,,,
2012-07-21 09:00:00,,,,,
2012-07-21 12:00:00,,,,,
2012-07-21 15:00:00,,,,,
2012-07-21 18:00:00,,,,,
2012-07-21 21:00:00,,,,,
2012-07-22 00:00:00,,,,,
2012-07-22 03:00:00,,,,,
2012-07-22 06:00:00,,,,,
2012-07-22 09:00:00,,,,,
2012-07-22 12:00:00,,,,,
2012-07-22 15:00:00,,,,,
2012-07-22 18:00:00,,,,,
2012-07-22 21:00:00,,,,,
2012-07-23 00:00:00,,,,,
2012-07-23 03:00:00,,,,,
2012-07-23 06:00:00,,,,,
2012-07-23 09:00:00,,,,,
2012-07-23 12:00:00,,,,,
2012-07-23 15:00:00,,,,,
2012-07-23 18:00:00,,,,,
2012-07-23 21:00:00,,,,,
2012-07-24 00:00:00,,,,,
2012-07-24 03:00:00,,,,,
2012-07-24 06:00:00,,,,,
2012-07-24 09:00:00,,,,,
2012-07-24 12:00:00,,,,,
2012-07-24 15:00:00,,,,,
2012-07-24 18:00:00,,,,,
2012-07-24 21:00:00,,,,,
2012-07-25 00:00:00,,,,,
2012-07-25 03:00:00,,,,,
2012-07-25 06:00:00,,,,,
2012-07-25 09:00:00,,,,,
2012-07-25 12:00:00,,,,,
2012-07-25 15:00:00,,,,,
2012-07-25 18:00:00,,,,,
2012-07-25 21:00:00,,,,,
2012-07-26 00:00:00,,,,,
2012-07-26 03:00:00,,,,,
2012-07-26 06:00:00,,,,,
2012-07-26 09:00:00,,,,,
2012-07-26 12:00:00,,,,,
2012-07-26 15:00:00,,,,,
2012-07-26 18:00:00,,,,,
2012-07-26 21:00:00,,,,,
2012-07-27 00:00:00,,,,,
2012-07-27 03:00:00,,,,,
2012-07-27 06:00:00,,,,,
2012-07-27 09:00:00,,,,,
2012-07-27 12:00:00,,,,,
2012-07-27 15:00:00,,,,,
2012-07-27 18:00:00,,,,,
2012-07-27 21:00:00,,,,,
2012-07-28 00:00:00,,,,,
2012-07-28 03:00:00,,,,,
2012-07-28 06:00:00,,,,,
2012-07-28 09:00:00,,,,,
2012-07-28 12:00:00,,,,,
2012-07-28 15:00:00,,,,,
2012-07-28 18:00:00,,,,,
2012-07-28 21:00:00,,,,,
2012-07-29 00:00:00,,,,,
2012-07-29 03:00:00,,,,,
2012-07-29 06:00:00,,,,,
2012-07-29 09:00:00,,,,,
2012-07-29 12:00:00,,,,,
2012-07-29 15:00:00,,,,,
2012-07-29 18:00:00,,,,,
2012-07-29 21:00:00,,,,,
2012-07-30 00:00:00,,,,,
2012-07-30 03:00:00,,,,,
2012-07-30 06:00:00,,,,,
2012-07-30 09:00:00,,,,,
2012-07-30 12:00:00,,,,,
2012-07-30 15:00:00,,,,,
2012-07-30 18:00:00,,,,,
2012-07-30 21:00:00,,,,,
2012-07-31 00:00:00,,,,,
2012-07-31 03:00:00,,,,,
2012-07-31 06:00:00,,,,,
2012-07-31 09:00:00,,,,,
2012-07-31 12:00:00,,,,,
2012-07-31 15:00:00,,,,,
2012-07-31 18:00:00,,,,,
2012-07-31 21:00:00,,,,,
2012-08-01 00:00:00,,,,,
2012-08-01 03:00:00,,,,,
2012-08-01 06:00:00,,,,,
2012-08-01 09:00:00,,,,,
2012-08-01 12:00:00,,,,,
2012-08-01 15:00:00,,,,,
2012-08-01 18:00:00,,,,,
2012-08-01 21:00:00,,,,,
2012-08-02 00:00:00,,,,,
2012-08-02 03:00:00,,,,,
2012-08-02 06:00:00,,,,,
2012-08-02 09:00:00,,,,,
2012-08-02 12:00:00,,,,,
2012-08-02 15:00:00,,,,,
2012-08-02 18:00:00,,,,,
2012-08-02 21:00:00,,,,,
2012-08-03 00:00:00,,,,,
2012-08-03 03:00:00,,,,,
2012-08-03 06:00:00,,,,,
2012-08-03 09:00:00,,,,,
2012-08-03 12:00:00,,,,,
2012-08-03 15:00:00,,,,,
2012-08-03 18:00:00,,,,,
2012-08-03 21:00:00,,,,,
2012-08-04 00:00:00,,,,,
2012-08-04 03:00:00,,,,,
2012-08-04 06:00:00,,,,,
2012-08-04 09:00:00,,,,,
2012-08-04 12:00:00,,,,,
2012-08-04 15:00:00,,,,,
2012-08-04 18:00:00,,,,,
2012-08-04 21:00:00,,,,,
2012-08-05 00:00:00,,,,,
2012-08-05 03:00:00,,,,,
2012-08-05 06:00:00,,,,,
2012-08-05 09:00:00,,,,,
2012-08-05 12:00:00,,,,,
2012-08-05 15:00:00,,,,,
2012-08-05 18:00:00,,,,,
2012-08-05 21:00:00,,,,,
2012-08-06 00:00:00,,,,,
2012-08-06 03:00:00,,,,,
2012-08-06 06:00:00,,,,,
2012-08-06 09:00:00,,,,,
2012-08-06 12:00:00,,,,,
2012-08-06 15:00:00,,,,,
2012-08-06 18:00:00,,,,,
2012-08-06 21:00:00,,,,,
2012-08-07 00:00:00,,,,,
2012-08-07 03:00:00,,,,,
2012-08-07 06:00:00,,,,,
2012-08-07 09:00:00,,,,,
2012-08-07 12:00:00,,,,,
2012-08-07 15:00:00,,,,,
2012-08-07 18:00:00,,,,,
2012-08-07 21:00:00,,,,,
2012-08-08 00:00:00,,,,,
2012-08-08 03:00:00,,,,,
2012-08-08 06:00:00,,,,,
2012-08-08 09:00:00,,,,,
2012-08-08 12:00:00,,,,,
2012-08-08 15:00:00,,,,,
2012-08-08 18:00:00,,,,,
2012-08-08 21:00:00,,,,,
2012-08-09 00:00:00,,,,,
2012-08-09 03:00:00,,,,,
2012-08-09 06:00:00,,,,,
2012-08-09 09:00:00,,,,,
2012-08-09 12:00:00,,,,,
2012-08-09 15:00:00,,,,,
2012-08-09 18:00:00,,,,,
2012-08-09 21:00:00,,,,,
2012-08-10 00:00:00,,,,,
2012-08-10 03:00:00,,,,,
2012-08-10 06:00:00,,,,,
2012-08-10 09:00:00,,,,,
2012-08-10 12:00:00,,,,,
2012-08-10 15:00:00,,,,,
2012-08-10 18:00:00,,,,,
2012-08-10 21:00:00,,,,,
2012-08-11 00:00:00,,,,,
2012-08-11 03:00:00,,,,,
2012-08-11 06:00:00,,,,,
2012-08-11 09:00:00,,,,,
2012-08-11 12:00:00,,,,,
2012-08-11 15:00:00,,,,,
2012-08-11 18:00:00,,,,,
2012-08-11 21:00:00,,,,,
2012-08-12 00:00:00,,,,,
2012-08-12 03:00:00,,,,,
2012-08-12 06:00:00,,,,,
2012-08-12 09:00:00,,,,,
2012-08-12 12:00:00,,,,,
2012-08-12 15:00:00,,,,,
2012-08-12 18:00:00,,,,,
2012-08-12 21:00:00,,,,,
2012-08-13 00:00:00,,,,,
2012-08-13 03:00:00,,,,,
2012-08-13 06:00:00,,,,,
2012-08-13 09:00:00,,,,,
2012-08-13 12:00:00,,,,,
2012-08-13 15:00:00,,,,,
2012-08-13 18:00:00,,,,,
2012-08-13 21:00:00,,,,,
2012-08-14 00:00:00,,,,,
2012-08-14 03:00:00,,,,,
2012-08-14 06:00:00,,,,,
2012-08-14 09:00:00,,,,,
2012-08-14 12:00:00,,,,,
2012-08-14 15:00:00,,,,,
2012-08-14 18:00:00,,,,,
2012-08-14 21:00:00,,,,,
2012-08-15 00:00:00,,,,,
2012-08-15 03:00:00,,,,,
2012-08-15 06:00:00,,,,,
2012-08-15 09:00:00,,,,,
2012-08-15 12:00:00,,,,,
2012-08-15 15:00:00,,,,,
2012-08-15 18:00:00,,,,,
2012-08-15 21:00:00,,,,,
2012-08-16 00:00:00,,,,,
2012-08-16 03:00:00,,,,,
2012-08-16 06:00:00,,,,,
2012-08-16 09:00:00,,,,,
2012-08-16 12:00:00,,,,,
2012-08-16 15:00:00,,,,,
2012-08-16 18:00:00,,,,,
2012-08-16 21:00:00,,,,,
2012-08-17 00:00:00,,,,,
2012-08-17 03:00:00,,,,,
2012-08-17 06:00:00,,,,,
2012-08-17 09:00:00,,,,,
2012-08-17 12:00:00,,,,,
2012-08-17 15:00:00,,,,,
2012-08-17 18:00:00,,,,,
2012-08-17 21:00:00,,,,,
2012-08-18 00:00:00,,,,,
2012-08-18 03:00:00,,,,,
2012-08-18 06:00:00,,,,,
2012-08-18 09:00:00,,,,,
2012-08-18 12:00:00,,,,,
2012-08-18 15:00:00,,,,,
2012-08-18 18:00:00,,,,,
2012-08-18 21:00:00,,,,,
2012-08-19 00:00:00,,,,,
2012-08-19 03:00:00,,,,,
2012-08-19 06:00:00,,,,,
2012-08-19 09:00:00,,,,,
2012-08-19 12:00:00,,,,,
2012-08-19 15:00:00,,,,,
2012-08-19 18:00:00,,,,,
2012-08-19 21:00:00,,,,,
2012-08-20 00:00:00,,,,,
2012-08-20 03:00:00,,,,,
2012-08-20 06:00:00,,,,,
2012-08-20 09:00:00,,,,,
2012-08-20 12:00:00,,,,,
2012-08-20 15:00:00,,,,,
2012-08-20 18:00:00,,,,,
2012-08-20 21:00:00,,,,,
2012-08-21 00:00:00,,,,,
2012-08-21 03:00:00,,,,,
2012-08-21 06:00:00,,,,,
2012-08-21 09:00:00,,,,,
2012-08-21 12:00:00,,,,,
2012-08-21 15:00:00,,,,,
2012-08-21 18:00:00,,,,,
2012-08-21 21:00:00,,,,,
2012-08-22 00:00:00,,,,,
2012-08-22 03:00:00,,,,,
2012-08-22 06:00:00,,,,,
2012-08-22 09:00:00,,,,,
2012-08-22 12:00:00,,,,,
2012-08-22 15:00:00,,,,,
2012-08-22 18:00:00,,,,,
2012-08-22 21:00:00,,,,,
2012-08-23 00:00:00,,,,,
2012-08-23 03:00:00,,,,,
2012-08-23 06:00:00,,,,,
2012-08-23 09:00:00,,,,,
2012-08-23 12:00:00,,,,,
2012-08-23 15:00:00,,,,,
2012-08-23 18:00:00,,,,,
2012-08-23 21:00:00,,,,,
2012-08-24 00:00:00,,,,,
2012-08-24 03:00:00,,,,,
2012-08-24 06:00:00,,,,,
2012-08-24 09:00:00,,,,,
2012-08-24 12:00:00,,,,,
2012-08-24 15:00:00,,,,,
2012-08-24 18:00:00,,,,,
2012-08-24 21:00:00,,,,,
2012-08-25 00:00:00,,,,,
2012-08-25 03:00:00,,,,,
2012-08-25 06:00:00,,,,,
2012-08-25 09:00:00,,,,,
2012-08-25 12:00:00,,,,,
2012-08-25 15:00:00,,,,,
2012-08-25 18:00:00,,,,,
2012-08-25 21:00:00,,,,,
2012-08-26 00:00:00,,,,,
2012-08-26 03:00:00,,,,,
2012-08-26 06:00:00,,,,,
2012-08-26 09:00:00,,,,,
2012-08-26 12:00:00,,,,,
2012-08-26 15:00:00,,,,,
2012-08-26 18:00:00,,,,,
2012-08-26 21:00:00,,,,,
2012-08-27 00:00:00,,,,,
2012-08-27 03:00:00,,,,,
2012-08-27 06:00:00,,,,,
2012-08-27 09:00:00,,,,,
2012-08-27 12:00:00,,,,,
2012-08-27 15:00:00,,,,,
2012-08-27 18:00:00,,,,,
2012-08-27 21:00:00,,,,,
2012-08-28 00:00:00,,,,,
2012-08-28 03:00:00,,,,,
2012-08-28 06:00:00,,,,,
2012-08-28 09:00:00,,,,,
2012-08-28 12:00:00,,,,,
2012-08-28 15:00:00,,,,,
2012-08-28 18:00:00,,,,,
2012-08-28 21:00:00,,,,,
2012-08-29 00:00:00,,,,,
2012-08-29 03:00:00,,,,,
2012-08-29 06:00:00,,,,,
2012-08-29 09:00:00,,,,,
2012-08-29 12:00:00,,,,,
2012-08-29 15:00:00,,,,,
2012-08-29 18:00:00,,,,,
2012-08-29 21:00:00,,,,,
2012-08-30 00:00:00,,,,,
2012-08-30 03:00:00,,,,,
2012-08-30 06:00:00,,,,,
2012-08-30 09:00:00,,,,,
2012-08-30 12:00:00,,,,,
2012-08-30 15:00:00,,,,,
2012-08-30 18:00:00,,,,,
2012-08-30 21:00:00,,,,,
2012-08-31 00:00:00,,,,,
2012-08-31 03:00:00,,,,,
2012-08-31 06:00:00,,,,,
2012-08-31 09:00:00,,,,,
2012-08-31 12:00:00,,,,,
2012-08-31 15:00:00,,,,,
2012-08-31 18:00:00,,,,,
2012-08-31 21:00:00,,,,,
2012-09-01 00:00:00,,,,,
2012-09-01 03:00:00,,,,,
2012-09-01 06:00:00,,,,,
2012-09-01 09:00:00,,,,,
2012-09-01 12:00:00,,,,,
2012-09-01 15:00:00,,,,,
2012-09-01 18:00:00,,,,,
2012-09-01 21:00:00,,,,,
2012-09-02 00:00:00,,,,,
2012-09-02 03:00:00,,,,,
2012-09-02 06:00:00,,,,,
2012-09-02 09:00:00,,,,,
2012-09-02 12:00:00,,,,,
2012-09-02 15:00:00,,,,,
2012-09-02 18:00:00,,,,,
2012-09-02 21:00:00,,,,,
2012-09-03 00:00:00,,,,,
2012-09-03 03:00:00,,,,,
2012-09-03 06:00:00,,,,,
2012-09-03 09:00:00,,,,,
2012-09-03 12:00:00,,,,,
2012-09-03 15:00:00,,,,,
2012-09-03 18:00:00,,,,,
2012-09-03 21:00:00,,,,,
2012-09-04 00:00:00,,,,,
2012-09-04 03:00:00,,,,,
2012-09-04 06:00:00,,,,,
2012-09-04 09:00:00,,,,,
2012-09-04 12:00:00,,,,,
2012-09-04 15:00:00,,,,,
2012-09-04 18:00:00,,,,,
2012-09-04 21:00:00,,,,,
2012-09-05 00:00:00,,,,,
2012-09-05 03:00:00,,,,,
2012-09-05 06:00:00,,,,,
2012-09-05 09:00:00,,,,,
2012-09-05 12:00:00,,,,,
2012-09-05 15:00:00,,,,,
2012-09-05 18:00:00,,,,,
2012-09-05 21:00:00,,,,,
2012-09-06 00:00:00,,,,,
2012-09-06 03:00:00,,,,,
2012-09-06 06:00:00,,,,,
2012-09-06 09:00:00,,,,,
2012-09-06 12:00:00,,,,,
2012-09-06 15:00:00,,,,,
2012-09-06 18:00:00,,,,,
2012-09-06 21:00:00,,,,,
2012-09-07 00:00:00,,,,,
2012-09-07 03:00:00,,,,,
2012-09-07 06:00:00,,,,,
2012-09-07 09:00:00,,,,,
2012-09-07 12:00:00,,,,,
2012-09-07 15:00:00,,,,,
2012-09-07 18:00:00,,,,,
2012-09-07 21:00:00,,,,,
2012-09-08 00:00:00,,,,,
2012-09-08 03:00:00,,,,,
2012-09-08 06:00:00,,,,,
2012-09-08 09:00:00,,,,,
2012-09-08 12:00:00,,,,,
2012-09-08 15:00:00,,,,,
2012-09-08 18:00:00,,,,,
2012-09-08 21:00:00,,,,,
2012-09-09 00:00:00,,,,,
2012-09-09 03:00:00,,,,,
2012-09-09 06:00:00,,,,,
2012-09-09 09:00:00,,,,,
2012-09-09 12:00:00,,,,,
2012-09-09 15:00:00,,,,,
2012-09-09 18:00:00,,,,,
2012-09-09 21:00:00,,,,,
2012-09-10 00:00:00,,,,,
2012-09-10 03:00:00,,,,,
2012-09-10 06:00:00,,,,,
2012-09-10 09:00:00,,,,,
2012-09-10 12:00:00,,,,,
2012-09-10 15:00:00,,,,,
2012-09-10 18:00:00,,,,,
2012-09-10 21:00:00,,,,,
2012-09-11 00:00:00,,,,,
2012-09-11 03:00:00,,,,,
2012-09-11 06:00:00,,,,,
2012-09-11 09:00:00,,,,,
2012-09-11 12:00:00,,,,,
2012-09-11 15:00:00,,,,,
2012-09-11 18:00:00,,,,,
2012-09-11 21:00:00,,,,,
2012-09-12 00:00:00,,,,,
2012-09-12 03:00:00,,,,,
2012-09-12 06:00:00,,,,,
2012-09-12 09:00:00,,,,,
2012-09-12 12:00:00,,,,,
2012-09-12 15:00:00,,,,,
2012-09-12 18:00:00,,,,,
2012-09-12 21:00:00,,,,,
2012-09-13 00:00:00,,,,,
2012-09-13 03:00:00,,,,,
2012-09-13 06:00:00,,,,,
2012-09-13 09:00:00,,,,,
2012-09-13 12:00:00,,,,,
2012-09-13 15:00:00,,,,,
2012-09-13 18:00:00,,,,,
2012-09-13 21:00:00,,,,,
2012-09-14 00:00:00,,,,,
2012-09-14 03:00:00,,,,,
2012-09-14 06:00:00,,,,,
2012-09-14 09:00:00,,,,,
2012-09-14 12:00:00,,,,,
2012-09-14 15:00:00,,,,,
2012-09-14 18:00:00,,,,,
2012-09-14 21:00:00,,,,,
2012-09-15 00:00:00,,,,,
2012-09-15 03:00:00,,,,,
2012-09-15 06:00:00,,,,,
2012-09-15 09:00:00,,,,,
2012-09-15 12:00:00,,,,,
2012-09-15 15:00:00,,,,,
2012-09-15 18:00:00,,,,,
2012-09-15 21:00:00,,,,,
2012-09-16 00:00:00,,,,,
2012-09-16 03:00:00,,,,,
2012-09-16 06:00:00,,,,,
2012-09-16 09:00:00,,,,,
2012-09-16 12:00:00,,,,,
2012-09-16 15:00:00,,,,,
2012-09-16 18:00:00,,,,,
2012-09-16 21:00:00,,,,,
2012-09-17 00:00:00,,,,,
2012-09-17 03:00:00,,,,,
2012-09-17 06:00:00,,,,,
2012-09-17 09:00:00,,,,,
2012-09-17 12:00:00,,,,,
2012-09-17 15:00:00,,,,,
2012-09-17 18:00:00,,,,,
2012-09-17 21:00:00,,,,,
2012-09-18 00:00:00,,,,,
2012-09-18 03:00:00,,,,,
2012-09-18 06:00:00,,,,,
2012-09-18 09:00:00,,,,,
2012-09-18 12:00:00,,,,,
2012-09-18 15:00:00,,,,,
2012-09-18 18:00:00,,,,,
2012-09-18 21:00:00,,,,,
2012-09-19 00:00:00,,,,,
2012-09-19 03:00:00,,,,,
2012-09-19 06:00:00,,,,,
2012-09-19 09:00:00,,,,,
2012-09-19 12:00:00,,,,,
2012-09-19 15:00:00,,,,,
2012-09-19 18:00:00,,,,,
2012-09-19 21:00:00,,,,,
2012-09-20 00:00:00,,,,,
2012-09-20 03:00:00,,,,,
2012-09-20 06:00:00,,,,,
2012-09-20 09:00:00,,,,,
2012-09-20 12:00:00,,,,,
2012-09-20 15:00:00,,,,,
2012-09-20 18:00:00,,,,,
2012-09-20 21:00:00,,,,,
2012-09-21 00:00:00,,,,,
2012-09-21 03:00:00,,,,,
2012-09-21 06:00:00,,,,,
2012-09-21 09:00:00,,,,,
2012-09-21 12:00:00,,,,,
2012-09-21 15:00:00,,,,,
2012-09-21 18:00:00,,,,,
2012-09-21 21:00:00,,,,,
2012-09-22 00:00:00,,,,,
2012-09-22 03:00:00,,,,,
2012-09-22 06:00:00,,,,,
2012-09-22 09:00:00,,,,,
2012-09-22 12:00:00,,,,,
2012-09-22 15:00:00,,,,,
2012-09-22 18:00:00,,,,,
2012-09-22 21:00:00,,,,,
2012-09-23 00:00:00,,,,,
2012-09-23 03:00:00,,,,,
2012-09-23 06:00:00,,,,,
2012-09-23 09:00:00,,,,,
2012-09-23 12:00:00,,,,,
2012-09-23 15:00:00,,,,,
2012-09-23 18:00:00,,,,,
2012-09-23 21:00:00,,,,,
2012-09-24 00:00:00,,,,,
2012-09-24 03:00:00,,,,,
2012-09-24 06:00:00,,,,,
2012-09-24 09:00:00,,,,,
2012-09-24 12:00:00,,,,,
2012-09-24 15:00:00,,,,,
2012-09-24 18:00:00,,,,,
2012-09-24 21:00:00,,,,,
2012-09-25 00:00:00,,,,,
2012-09-25 03:00:00,,,,,
2012-09-25 06:00:00,,,,,
2012-09-25 09:00:00,,,,,
2012-09-25 12:00:00,,,,,
2012-09-25 15:00:00,,,,,
2012-09-25 18:00:00,,,,,
2012-09-25 21:00:00,,,,,
2012-09-26 00:00:00,,,,,
2012-09-26 03:00:00,,,,,
2012-09-26 06:00:00,,,,,
2012-09-26 09:00:00,,,,,
2012-09-26 12:00:00,,,,,
2012-09-26 15:00:00,,,,,
2012-09-26 18:00:00,,,,,
2012-09-26 21:00:00,,,,,
2012-09-27 00:00:00,,,,,
2012-09-27 03:00:00,,,,,
2012-09-27 06:00:00,,,,,
2012-09-27 09:00:00,,,,,
2012-09-27 12:00:00,,,,,
2012-09-27 15:00:00,,,,,
2012-09-27 18:00:00,,,,,
2012-09-27 21:00:00,,,,,
2012-09-28 00:00:00,,,,,
2012-09-28 03:00:00,,,,,
2012-09-28 06:00:00,,,,,
2012-09-28 09:00:00,,,,,
2012-09-28 12:00:00,,,,,
2012-09-28 15:00:00,,,,,
2012-09-28 18:00:00,,,,,
2012-09-28 21:00:00,,,,,
2012-09-29 00:00:00,,,,,
2012-09-29 03:00:00,,,,,
2012-09-29 06:00:00,,,,,
2012-09-29 09:00:00,,,,,
2012-09-29 12:00:00,,,,,
2012-09-29 15:00:00,,,,,
2012-09-29 18:00:00,,,,,
2012-09-29 21:00:00,,,,,
2012-09-30 00:00:00,,,,,
2012-09-30 03:00:00,,,,,
2012-09-30 06:00:00,,,,,
2012-09-30 09:00:00,,,,,
2012-09-30 12:00:00,,,,,
2012-09-30 15:00:00,,,,,
2012-09-30 18:00:00,,,,,
2012-09-30 21:00:00,,,,,
2012-10-01 00:00:00,,,,,
2012-10-01 03:00:00,,,,,
2012-10-01 06:00:00,,,,,
2012-10-01 09:00:00,,,,,
2012-10-01 12:00:00,,,,,
2012-10-01 15:00:00,,,,,
2012-10-01 18:00:00,,,,,
2012-10-01 21:00:00,,,,,
2012-10-02 00:00:00,,,,,
2012-10-02 03:00:00,,,,,
2012-10-02 06:00:00,,,,,
2012-10-02 09:00:00,,,,,
2012-10-02 12:00:00,,,,,
2012-10-02 15:00:00,,,,,
2012-10-02 18:00:00,,,,,
2012-10-02 21:00:00,,,,,
2012-10-03 00:00:00,,,,,
2012-10-03 03:00:00,,,,,
2012-10-03 06:00:00,,,,,
2012-10-03 09:00:00,,,,,
2012-10-03 12:00:00,,,,,
2012-10-03 15:00:00,,,,,
2012-10-03 18:00:00,,,,,
2012-10-03 21:00:00,,,,,
2012-10-04 00:00:00,,,,,
2012-10-04 03:00:00,,,,,
2012-10-04 06:00:00,,,,,
2012-10-04 09:00:00,,,,,
2012-10-04 12:00:00,,,,,
2012-10-04 15:00:00,,,,,
2012-10-04 18:00:00,,,,,
2012-10-04 21:00:00,,,,,
2012-10-05 00:00:00,,,,,
2012-10-05 03:00:00,,,,,
2012-10-05 06:00:00,,,,,
2012-10-05 09:00:00,,,,,
2012-10-05 12:00:00,,,,,
2012-10-05 15:00:00,,,,,
2012-10-05 18:00:00,,,,,
2012-10-05 21:00:00,,,,,
2012-10-06 00:00:00,,,,,
2012-10-06 03:00:00,,,,,
2012-10-06 06:00:00,,,,,
2012-10-06 09:00:00,,,,,
2012-10-06 12:00:00,,,,,
2012-10-06 15:00:00,,,,,
2012-10-06 18:00:00,,,,,
2012-10-06 21:00:00,,,,,
2012-10-07 00:00:00,,,,,
2012-10-07 03:00:00,,,,,
2012-10-07 06:00:00,,,,,
2012-10-07 09:00:00,,,,,
2012-10-07 12:00:00,,,,,
2012-10-07 15:00:00,,,,,
2012-10-07 18:00:00,,,,,
2012-10-07 21:00:00,,,,,
2012-10-08 00:00:00,,,,,
2012-10-08 03:00:00,,,,,
2012-10-08 06:00:00,,,,,
2012-10-08 09:00:00,,,,,
2012-10-08 12:00:00,,,,,
2012-10-08 15:00:00,,,,,
2012-10-08 18:00:00,,,,,
2012-10-08 21:00:00,,,,,
2012-10-09 00:00:00,,,,,
2012-10-09 03:00:00,,,,,
2012-10-09 06:00:00,,,,,
2012-10-09 09:00:00,,,,,
2012-10-09 12:00:00,,,,,
2012-10-09 15:00:00,,,,,
2012-10-09 18:00:00,,,,,
2012-10-09 21:00:00,,,,,
2012-10-10 00:00:00,,,,,
2012-10-10 03:00:00,,,,,
2012-10-10 06:00:00,,,,,
2012-10-10 09:00:00,,,,,
2012-10-10 12:00:00,,,,,
2012-10-10 15:00:00,,,,,
2012-10-10 18:00:00,,,,,
2012-10-10 21:00:00,,,,,
2012-10-11 00:00:00,,,,,
2012-10-11 03:00:00,,,,,
2012-10-11 06:00:00,,,,,
2012-10-11 09:00:00,,,,,
2012-10-11 12:00:00,,,,,
2012-10-11 15:00:00,,,,,
2012-10-11 18:00:00,,,,,
2012-10-11 21:00:00,,,,,
2012-10-12 00:00:00,,,,,
2012-10-12 03:00:00,,,,,
2012-10-12 06:00:00,,,,,
2012-10-12 09:00:00,,,,,
2012-10-12 12:00:00,,,,,
2012-10-12 15:00:00,,,,,
2012-10-12 18:00:00,,,,,
2012-10-12 21:00:00,,,,,
2012-10-13 00:00:00,,,,,
2012-10-13 03:00:00,,,,,
2012-10-13 06:00:00,,,,,
2012-10-13 09:00:00,,,,,
2012-10-13 12:00:00,,,,,
2012-10-13 15:00:00,,,,,
2012-10-13 18:00:00,,,,,
2012-10-13 21:00:00,,,,,
2012-10-14 00:00:00,,,,,
2012-10-14 03:00:00,,,,,
2012-10-14 06:00:00,,,,,
2012-10-14 09:00:00,,,,,
2012-10-14 12:00:00,,,,,
2012-10-14 15:00:00,,,,,
2012-10-14 18:00:00,,,,,
2012-10-14 21:00:00,,,,,
2012-10-15 00:00:00,,,,,
2012-10-15 03:00:00,,,,,
2012-10-15 06:00:00,,,,,
2012-10-15 09:00:00,,,,,
2012-10-15 12:00:00,,,,,
2012-10-15 15:00:00,,,,,
2012-10-15 18:00:00,,,,,
2012-10-15 21:00:00,,,,,
2012-10-16 00:00:00,,,,,
2012-10-16 03:00:00,,,,,
2012-10-16 06:00:00,,,,,
2012-10-16 09:00:00,,,,,
2012-10-16 12:00:00,,,,,
2012-10-16 15:00:00,,,,,
2012-10-16 18:00:00,,,,,
2012-10-16 21:00:00,,,,,
2012-10-17 00:00:00,,,,,
2012-10-17 03:00:00,,,,,
2012-10-17 06:00:00,,,,,
2012-10-17 09:00:00,,,,,
2012-10-17 12:00:00,,,,,
2012-10-17 15:00:00,,,,,
2012-10-17 18:00:00,,,,,
2012-10-17 21:00:00,,,,,
2012-10-18 00:00:00,,,,,
2012-10-18 03:00:00,,,,,
2012-10-18 06:00:00,,,,,
2012-10-18 09:00:00,,,,,
2012-10-18 12:00:00,,,,,
2012-10-18 15:00:00,,,,,
2012-10-18 18:00:00,,,,,
2012-10-18 21:00:00,,,,,
2012-10-19 00:00:00,,,,,
2012-10-19 03:00:00,,,,,
2012-10-19 06:00:00,,,,,
2012-10-19 09:00:00,,,,,
2012-10-19 12:00:00,,,,,
2012-10-19 15:00:00,,,,,
2012-10-19 18:00:00,,,,,
2012-10-19 21:00:00,,,,,
2012-10-20 00:00:00,,,,,
2012-10-20 03:00:00,,,,,
2012-10-20 06:00:00,,,,,
2012-10-20 09:00:00,,,,,
2012-10-20 12:00:00,,,,,
2012-10-20 15:00:00,,,,,
2012-10-20 18:00:00,,,,,
2012-10-20 21:00:00,,,,,
2012-10-21 00:00:00,,,,,
2012-10-21 03:00:00,,,,,
2012-10-21 06:00:00,,,,,
2012-10-21 09:00:00,,,,,
2012-10-21 12:00:00,,,,,
2012-10-21 15:00:00,,,,,
2012-10-21 18:00:00,,,,,
2012-10-21 21:00:00,,,,,
2012-10-22 00:00:00,,,,,
2012-10-22 03:00:00,,,,,
2012-10-22 06:00:00,,,,,
2012-10-22 09:00:00,,,,,
2012-10-22 12:00:00,,,,,
2012-10-22 15:00:00,,,,,
2012-10-22 18:00:00,,,,,
2012-10-22 21:00:00,,,,,
2012-10-23 00:00:00,,,,,
2012-10-23 03:00:00,,,,,
2012-10-23 06:00:00,,,,,
2012-10-23 09:00:00,,,,,
2012-10-23 12:00:00,,,,,
2012-10-23 15:00:00,,,,,
2012-10-23 18:00:00,,,,,
2012-10-23 21:00:00,,,,,
2012-10-24 00:00:00,,,,,
2012-10-24 03:00:00,,,,,
2012-10-24 06:00:00,,,,,
2012-10-24 09:00:00,,,,,
2012-10-24 12:00:00,,,,,
2012-10-24 15:00:00,,,,,
2012-10-24 18:00:00,,,,,
2012-10-24 21:00:00,,,,,
2012-10-25 00:00:00,,,,,
2012-10-25 03:00:00,,,,,
2012-10-25 06:00:00,,,,,
2012-10-25 09:00:00,,,,,
2012-10-25 12:00:00,,,,,
2012-10-25 15:00:00,,,,,
2012-10-25 18:00:00,,,,,
2012-10-25 21:00:00,,,,,
2012-10-26 00:00:00,,,,,
2012-10-26 03:00:00,,,,,
2012-10-26 06:00:00,,,,,
2012-10-26 09:00:00,,,,,
2012-10-26 12:00:00,,,,,
2012-10-26 15:00:00,,,,,
2012-10-26 18:00:00,,,,,
2012-10-26 21:00:00,,,,,
2012-10-27 00:00:00,,,,,
2012-10-27 03:00:00,,,,,
2012-10-27 06:00:00,,,,,
2012-10-27 09:00:00,,,,,
2012-10-27 12:00:00,,,,,
2012-10-27 15:00:00,,,,,
2012-10-27 18:00:00,,,,,
2012-10-27 21:00:00,,,,,
2012-10-28 00:00:00,,,,,
2012-10-28 03:00:00,,,,,
2012-10-28 06:00:00,,,,,
2012-10-28 09:00:00,,,,,
2012-10-28 12:00:00,,,,,
2012-10-28 15:00:00,,,,,
2012-10-28 18:00:00,,,,,
2012-10-28 21:00:00,,,,,
2012-10-29 00:00:00,,,,,
2012-10-29 03:00:00,,,,,
2012-10-29 06:00:00,,,,,
2012-10-29 09:00:00,,,,,
2012-10-29 12:00:00,,,,,
2012-10-29 15:00:00,,,,,
2012-10-29 18:00:00,,,,,
2012-10-29 21:00:00,,,,,
2012-10-30 00:00:00,,,,,
2012-10-30 03:00:00,,,,,
2012-10-30 06:00:00,,,,,
2012-10-30 09:00:00,,,,,
2012-10-30 12:00:00,,,,,
2012-10-30 15:00:00,,,,,
2012-10-30 18:00:00,,,,,
2012-10-30 21:00:00,,,,,
2012-10-31 00:00:00,,,,,
2012-10-31 03:00:00,,,,,
2012-10-31 06:00:00,,,,,
2012-10-31 09:00:00,,,,,
2012-10-31 12:00:00,,,,,
2012-10-31 15:00:00,,,,,
2012-10-31 18:00:00,,,,,
2012-10-31 21:00:00,,,,,
2012-11-01 00:00:00,,,,,
2012-11-01 03:00:00,,,,,
2012-11-01 06:00:00,,,,,
2012-11-01 09:00:00,,,,,
2012-11-01 12:00:00,,,,,
2012-11-01 15:00:00,,,,,
2012-11-01 18:00:00,,,,,
2012-11-01 21:00:00,,,,,
2012-11-02 00:00:00,,,,,
2012-11-02 03:00:00,,,,,
2012-11-02 06:00:00,,,,,
2012-11-02 09:00:00,,,,,
2012-11-02 12:00:00,,,,,
2012-11-02 15:00:00,,,,,
2012-11-02 18:00:00,,,,,
2012-11-02 21:00:00,,,,,
2012-11-03 00:00:00,,,,,
2012-11-03 03:00:00,,,,,
2012-11-03 06:00:00,,,,,
2012-11-03 09:00:00,,,,,
2012-11-03 12:00:00,,,,,
2012-11-03 15:00:00,,,,,
2012-11-03 18:00:00,,,,,
2012-11-03 21:00:00,,,,,
2012-11-04 00:00:00,,,,,
2012-11-04 03:00:00,,,,,
2012-11-04 06:00:00,,,,,
2012-11-04 09:00:00,,,,,
2012-11-04 12:00:00,,,,,
2012-11-04 15:00:00,,,,,
2012-11-04 18:00:00,,,,,
2012-11-04 21:00:00,,,,,
2012-11-05 00:00:00,,,,,
2012-11-05 03:00:00,,,,,
2012-11-05 06:00:00,,,,,
2012-11-05 09:00:00,,,,,
2012-11-05 12:00:00,,,,,
2012-11-05 15:00:00,,,,,
2012-11-05 18:00:00,,,,,
2012-11-05 21:00:00,,,,,
2012-11-06 00:00:00,,,,,
2012-11-06 03:00:00,,,,,
2012-11-06 06:00:00,,,,,
2012-11-06 09:00:00,,,,,
2012-11-06 12:00:00,,,,,
2012-11-06 15:00:00,,,,,
2012-11-06 18:00:00,,,,,
2012-11-06 21:00:00,,,,,
2012-11-07 00:00:00,,,,,
2012-11-07 03:00:00,,,,,
2012-11-07 06:00:00,,,,,
2012-11-07 09:00:00,,,,,
2012-11-07 12:00:00,,,,,
2012-11-07 15:00:00,,,,,
2012-11-07 18:00:00,,,,,
2012-11-07 21:00:00,,,,,
2012-11-08 00:00:00,,,,,
2012-11-08 03:00:00,,,,,
2012-11-08 06:00:00,,,,,
2012-11-08 09:00:00,,,,,
2012-11-08 12:00:00,,,,,
2012-11-08 15:00:00,,,,,
2012-11-08 18:00:00,,,,,
2012-11-08 21:00:00,,,,,
2012-11-09 00:00:00,,,,,
2012-11-09 03:00:00,,,,,
2012-11-09 06:00:00,,,,,
2012-11-09 09:00:00,,,,,
2012-11-09 12:00:00,,,,,
2012-11-09 15:00:00,,,,,
2012-11-09 18:00:00,,,,,
2012-11-09 21:00:00,,,,,
2012-11-10 00:00:00,,,,,
2012-11-10 03:00:00,,,,,
2012-11-10 06:00:00,,,,,
2012-11-10 09:00:00,,,,,
2012-11-10 12:00:00,,,,,
2012-11-10 15:00:00,,,,,
2012-11-10 18:00:00,,,,,
2012-11-10 21:00:00,,,,,
2012-11-11 00:00:00,,,,,
2012-11-11 03:00:00,,,,,
2012-11-11 06:00:00,,,,,
2012-11-11 09:00:00,,,,,
2012-11-11 12:00:00,,,,,
2012-11-11 15:00:00,,,,,
2012-11-11 18:00:00,,,,,
2012-11-11 21:00:00,,,,,
2012-11-12 00:00:00,,,,,
2012-11-12 03:00:00,,,,,
2012-11-12 06:00:00,,,,,
2012-11-12 09:00:00,,,,,
2012-11-12 12:00:00,,,,,
2012-11-12 15:00:00,,,,,
2012-11-12 18:00:00,,,,,
2012-11-12 21:00:00,,,,,
2012-11-13 00:00:00,,,,,
2012-11-13 03:00:00,,,,,
2012-11-13 06:00:00,,,,,
2012-11-13 09:00:00,,,,,
2012-11-13 12:00:00,,,,,
2012-11-13 15:00:00,,,,,
2012-11-13 18:00:00,,,,,
2012-11-13 21:00:00,,,,,
2012-11-14 00:00:00,,,,,
2012-11-14 03:00:00,,,,,
2012-11-14 06:00:00,,,,,
2012-11-14 09:00:00,,,,,
2012-11-14 12:00:00,,,,,
2012-11-14 15:00:00,,,,,
2012-11-14 18:00:00,,,,,
2012-11-14 21:00:00,,,,,
2012-11-15 00:00:00,,,,,
2012-11-15 03:00:00,,,,,
2012-11-15 06:00:00,,,,,
2012-11-15 09:00:00,,,,,
2012-11-15 12:00:00,,,,,
2012-11-15 15:00:00,,,,,
2012-11-15 18:00:00,,,,,
2012-11-15 21:00:00,,,,,
2012-11-16 00:00:00,,,,,
2012-11-16 03:00:00,,,,,
2012-11-16 06:00:00,,,,,
2012-11-16 09:00:00,,,,,
2012-11-16 12:00:00,,,,,
2012-11-16 15:00:00,,,,,
2012-11-16 18:00:00,,,,,
2012-11-16 21:00:00,,,,,
2012-11-17 00:00:00,,,,,
2012-11-17 03:00:00,,,,,
2012-11-17 06:00:00,,,,,
2012-11-17 09:00:00,,,,,
2012-11-17 12:00:00,,,,,
2012-11-17 15:00:00,,,,,
2012-11-17 18:00:00,,,,,
2012-11-17 21:00:00,,,,,
2012-11-18 00:00:00,,,,,
2012-11-18 03:00:00,,,,,
2012-11-18 06:00:00,,,,,
2012-11-18 09:00:00,,,,,
2012-11-18 12:00:00,,,,,
2012-11-18 15:00:00,,,,,
2012-11-18 18:00:00,,,,,
2012-11-18 21:00:00,,,,,
2012-11-19 00:00:00,,,,,
2012-11-19 03:00:00,,,,,
2012-11-19 06:00:00,,,,,
2012-11-19 09:00:00,,,,,
2012-11-19 12:00:00,,,,,
2012-11-19 15:00:00,,,,,
2012-11-19 18:00:00,,,,,
2012-11-19 21:00:00,,,,,
2012-11-20 00:00:00,,,,,
2012-11-20 03:00:00,,,,,
2012-11-20 06:00:00,,,,,
2012-11-20 09:00:00,,,,,
2012-11-20 12:00:00,,,,,
2012-11-20 15:00:00,,,,,
2012-11-20 18:00:00,,,,,
2012-11-20 21:00:00,,,,,
2012-11-21 00:00:00,,,,,
2012-11-21 03:00:00,,,,,
2012-11-21 06:00:00,,,,,
2012-11-21 09:00:00,,,,,
2012-11-21 12:00:00,,,,,
2012-11-21 15:00:00,,,,,
2012-11-21 18:00:00,,,,,
2012-11-21 21:00:00,,,,,
2012-11-22 00:00:00,,,,,
2012-11-22 03:00:00,,,,,
2012-11-22 06:00:00,,,,,
2012-11-22 09:00:00,,,,,
2012-11-22 12:00:00,,,,,
2012-11-22 15:00:00,,,,,
2012-11-22 18:00:00,,,,,
2012-11-22 21:00:00,,,,,
2012-11-23 00:00:00,,,,,
2012-11-23 03:00:00,,,,,
2012-11-23 06:00:00,,,,,
2012-11-23 09:00:00,,,,,
2012-11-23 12:00:00,,,,,
2012-11-23 15:00:00,,,,,
2012-11-23 18:00:00,,,,,
2012-11-23 21:00:00,,,,,
2012-11-24 00:00:00,,,,,
2012-11-24 03:00:00,,,,,
2012-11-24 06:00:00,,,,,
2012-11-24 09:00:00,,,,,
2012-11-24 12:00:00,,,,,
2012-11-24 15:00:00,,,,,
2012-11-24 18:00:00,,,,,
2012-11-24 21:00:00,,,,,
2012-11-25 00:00:00,,,,,
2012-11-25 03:00:00,,,,,
2012-11-25 06:00:00,,,,,
2012-11-25 09:00:00,,,,,
2012-11-25 12:00:00,,,,,
2012-11-25 15:00:00,,,,,
2012-11-25 18:00:00,,,,,
2012-11-25 21:00:00,,,,,
2012-11-26 00:00:00,,,,,
2012-11-26 03:00:00,,,,,
2012-11-26 06:00:00,,,,,
2012-11-26 09:00:00,,,,,
2012-11-26 12:00:00,,,,,
2012-11-26 15:00:00,,,,,
2012-11-26 18:00:00,,,,,
2012-11-26 21:00:00,,,,,
2012-11-27 00:00:00,,,,,
2012-11-27 03:00:00,,,,,
2012-11-27 06:00:00,,,,,
2012-11-27 09:00:00,,,,,
2012-11-27 12:00:00,,,,,
2012-11-27 15:00:00,,,,,
2012-11-27 18:00:00,,,,,
2012-11-27 21:00:00,,,,,
2012-11-28 00:00:00,,,,,
2012-11-28 03:00:00,,,,,
2012-11-28 06:00:00,,,,,
2012-11-28 09:00:00,,,,,
2012-11-28 12:00:00,,,,,
2012-11-28 15:00:00,,,,,
2012-11-28 18:00:00,,,,,
2012-11-28 21:00:00,,,,,
2012-11-29 00:00:00,,,,,
2012-11-29 03:00:00,,,,,
2012-11-29 06:00:00,,,,,
2012-11-29 09:00:00,,,,,
2012-11-29 12:00:00,,,,,
2012-11-29 15:00:00,,,,,
2012-11-29 18:00:00,,,,,
2012-11-29 21:00:00,,,,,
2012-11-30 00:00:00,,,,,
2012-11-30 03:00:00,,,,,
2012-11-30 06:00:00,,,,,
2012-11-30 09:00:00,,,,,
2012-11-30 12:00:00,,,,,
2012-11-30 15:00:00,,,,,
2012-11-30 18:00:00,,,,,
2012-11-30 21:00:00,,,,,
2012-12-01 00:00:00,,,,,
2012-12-01 03:00:00,,,,,
2012-12-01 06:00:00,,,,,
2012-12-01 09:00:00,,,,,
2012-12-01 12:00:00,,,,,
2012-12-01 15:00:00,,,,,
2012-12-01 18:00:00,,,,,
2012-12-01 21:00:00,,,,,
2012-12-02 00:00:00,,,,,
2012-12-02 03:00:00,,,,,
2012-12-02 06:00:00,,,,,
2012-12-02 09:00:00,,,,,
2012-12-02 12:00:00,,,,,
2012-12-02 15:00:00,,,,,
2012-12-02 18:00:00,,,,,
2012-12-02 21:00:00,,,,,
2012-12-03 00:00:00,,,,,
2012-12-03 03:00:00,,,,,
2012-12-03 06:00:00,,,,,
2012-12-03 09:00:00,,,,,
2012-12-03 12:00:00,,,,,
2012-12-03 15:00:00,,,,,
2012-12-03 18:00:00,,,,,
2012-12-03 21:00:00,,,,,
2012-12-04 00:00:00,,,,,
2012-12-04 03:00:00,,,,,
2012-12-04 06:00:00,,,,,
2012-12-04 09:00:00,,,,,
2012-12-04 12:00:00,,,,,
2012-12-04 15:00:00,,,,,
2012-12-04 18:00:00,,,,,
2012-12-04 21:00:00,,,,,
2012-12-05 00:00:00,,,,,
2012-12-05 03:00:00,,,,,
2012-12-05 06:00:00,,,,,
2012-12-05 09:00:00,,,,,
2012-12-05 12:00:00,,,,,
2012-12-05 15:00:00,,,,,
2012-12-05 18:00:00,,,,,
2012-12-05 21:00:00,,,,,
2012-12-06 00:00:00,,,,,
2012-12-06 03:00:00,,,,,
2012-12-06 06:00:00,,,,,
2012-12-06 09:00:00,,,,,
2012-12-06 12:00:00,,,,,
2012-12-06 15:00:00,,,,,
2012-12-06 18:00:00,,,,,
2012-12-06 21:00:00,,,,,
2012-12-07 00:00:00,,,,,
2012-12-07 03:00:00,,,,,
2012-12-07 06:00:00,,,,,
2012-12-07 09:00:00,,,,,
2012-12-07 12:00:00,,,,,
2012-12-07 15:00:00,,,,,
2012-12-07 18:00:00,,,,,
2012-12-07 21:00:00,,,,,
2012-12-08 00:00:00,,,,,
2012-12-08 03:00:00,,,,,
2012-12-08 06:00:00,,,,,
2012-12-08 09:00:00,,,,,
2012-12-08 12:00:00,,,,,
2012-12-08 15:00:00,,,,,
2012-12-08 18:00:00,,,,,
2012-12-08 21:00:00,,,,,
2012-12-09 00:00:00,,,,,
2012-12-09 03:00:00,,,,,
2012-12-09 06:00:00,,,,,
2012-12-09 09:00:00,,,,,
2012-12-09 12:00:00,,,,,
2012-12-09 15:00:00,,,,,
2012-12-09 18:00:00,,,,,
2012-12-09 21:00:00,,,,,
2012-12-10 00:00:00,,,,,
2012-12-10 03:00:00,,,,,
2012-12-10 06:00:00,,,,,
2012-12-10 09:00:00,,,,,
2012-12-10 12:00:00,,,,,
2012-12-10 15:00:00,,,,,
2012-12-10 18:00:00,,,,,
2012-12-10 21:00:00,,,,,
2012-12-11 00:00:00,,,,,
2012-12-11 03:00:00,,,,,
2012-12-11 06:00:00,,,,,
2012-12-11 09:00:00,,,,,
2012-12-11 12:00:00,,,,,
2012-12-11 15:00:00,,,,,
2012-12-11 18:00:00,,,,,
2012-12-11 21:00:00,,,,,
2012-12-12 00:00:00,,,,,
2012-12-12 03:00:00,,,,,
2012-12-12 06:00:00,,,,,
2012-12-12 09:00:00,,,,,
2012-12-12 12:00:00,,,,,
2012-12-12 15:00:00,,,,,
2012-12-12 18:00:00,,,,,
2012-12-12 21:00:00,,,,,
2012-12-13 00:00:00,,,,,
2012-12-13 03:00:00,,,,,
2012-12-13 06:00:00,,,,,
2012-12-13 09:00:00,,,,,
2012-12-13 12:00:00,,,,,
2012-12-13 15:00:00,,,,,
2012-12-13 18:00:00,,,,,
2012-12-13 21:00:00,,,,,
2012-12-14 00:00:00,,,,,
2012-12-14 03:00:00,,,,,
2012-12-14 06:00:00,,,,,
2012-12-14 09:00:00,,,,,
2012-12-14 12:00:00,,,,,
2012-12-14 15:00:00,,,,,
2012-12-14 18:00:00,,,,,
2012-12-14 21:00:00,,,,,
2012-12-15 00:00:00,,,,,
2012-12-15 03:00:00,,,,,
2012-12-15 06:00:00,,,,,
2012-12-15 09:00:00,,,,,
2012-12-15 12:00:00,,,,,
2012-12-15 15:00:00,,,,,
2012-12-15 18:00:00,,,,,
2012-12-15 21:00:00,,,,,
2012-12-16 00:00:00,,,,,
2012-12-16 03:00:00,,,,,
2012-12-16 06:00:00,,,,,
2012-12-16 09:00:00,,,,,
2012-12-16 12:00:00,,,,,
2012-12-16 15:00:00,,,,,
2012-12-16 18:00:00,,,,,
2012-12-16 21:00:00,,,,,
2012-12-17 00:00:00,,,,,
2012-12-17 03:00:00,,,,,
2012-12-17 06:00:00,,,,,
2012-12-17 09:00:00,,,,,
2012-12-17 12:00:00,,,,,
2012-12-17 15:00:00,,,,,
2012-12-17 18:00:00,,,,,
2012-12-17 21:00:00,,,,,
2012-12-18 00:00:00,,,,,
2012-12-18 03:00:00,,,,,
2012-12-18 06:00:00,,,,,
2012-12-18 09:00:00,,,,,
2012-12-18 12:00:00,,,,,
2012-12-18 15:00:00,,,,,
2012-12-18 18:00:00,,,,,
2012-12-18 21:00:00,,,,,
2012-12-19 00:00:00,,,,,
2012-12-19 03:00:00,,,,,
2012-12-19 06:00:00,,,,,
2012-12-19 09:00:00,,,,,
2012-12-19 12:00:00,,,,,
2012-12-19 15:00:00,,,,,
2012-12-19 18:00:00,,,,,
2012-12-19 21:00:00,,,,,
2012-12-20 00:00:00,,,,,
2012-12-20 03:00:00,,,,,
2012-12-20 06:00:00,,,,,
2012-12-20 09:00:00,,,,,
2012-12-20 12:00:00,,,,,
2012-12-20 15:00:00,,,,,
2012-12-20 18:00:00,,,,,
2012-12-20 21:00:00,,,,,
2012-12-21 00:00:00,,,,,
2012-12-21 03:00:00,,,,,
2012-12-21 06:00:00,,,,,
2012-12-21 09:00:00,,,,,
2012-12-21 12:00:00,,,,,
2012-12-21 15:00:00,,,,,
2012-12-21 18:00:00,,,,,
2012-12-21 21:00:00,,,,,
2012-12-22 00:00:00,,,,,
2012-12-22 03:00:00,,,,,
2012-12-22 06:00:00,,,,,
2012-12-22 09:00:00,,,,,
2012-12-22 12:00:00,,,,,
2012-12-22 15:00:00,,,,,
2012-12-22 18:00:00,,,,,
2012-12-22 21:00:00,,,,,
2012-12-23 00:00:00,,,,,
2012-12-23 03:00:00,,,,,
2012-12-23 06:00:00,,,,,
2012-12-23 09:00:00,,,,,
2012-12-23 12:00:00,,,,,
2012-12-23 15:00:00,,,,,
2012-12-23 18:00:00,,,,,
2012-12-23 21:00:00,,,,,
2012-12-24 00:00:00,,,,,
2012-12-24 03:00:00,,,,,
2012-12-24 06:00:00,,,,,
2012-12-24 09:00:00,,,,,
2012-12-24 12:00:00,,,,,
2012-12-24 15:00:00,,,,,
2012-12-24 18:00:00,,,,,
2012-12-24 21:00:00,,,,,
2012-12-25 00:00:00,,,,,
2012-12-25 03:00:00,,,,,
2012-12-25 06:00:00,,,,,
2012-12-25 09:00:00,,,,,
2012-12-25 12:00:00,,,,,
2012-12-25 15:00:00,,,,,
2012-12-25 18:00:00,,,,,
2012-12-25 21:00:00,,,,,
2012-12-26 00:00:00,,,,,
2012-12-26 03:00:00,,,,,
2012-12-26 06:00:00,,,,,
2012-12-26 09:00:00,,,,,
2012-12-26 12:00:00,,,,,
2012-12-26 15:00:00,,,,,
2012-12-26 18:00:00,,,,,
2012-12-26 21:00:00,,,,,
2012-12-27 00:00:00,,,,,
2012-12-27 03:00:00,,,,,
2012-12-27 06:00:00,,,,,
2012-12-27 09:00:00,,,,,
2012-12-27 12:00:00,,,,,
2012-12-27 15:00:00,,,,,
2012-12-27 18:00:00,,,,,
2012-12-27 21:00:00,,,,,
2012-12-28 00:00:00,,,,,
2012-12-28 03:00:00,,,,,
2012-12-28 06:00:00,,,,,
2012-12-28 09:00:00,,,,,
2012-12-28 12:00:00,,,,,
2012-12-28 15:00:00,,,,,
2012-12-28 18:00:00,,,,,
2012-12-28 21:00:00,,,,,
2012-12-29 00:00:00,,,,,
2012-12-29 03:00:00,,,,,
2012-12-29 06:00:00,,,,,
2012-12-29 09:00:00,,,,,
2012-12-29 12:00:00,,,,,
2012-12-29 15:00:00,,,,,
2012-12-29 18:00:00,,,,,
2012-12-29 21:00:00,,,,,
2012-12-30 00:00:00,,,,,
2012-12-30 03:00:00,,,,,
2012-12-30 06:00:00,,,,,
2012-12-30 09:00:00,,,,,
2012-12-30 12:00:00,,,,,
2012-12-30 15:00:00,,,,,
2012-12-30 18:00:00,,,,,
2012-12-30 21:00:00,,,,,
2012-12-31 00:00:00,,,,,
2012-12-31 03:00:00,,,,,
2012-12-31 06:00:00,,,,,
2012-12-31 09:00:00,,,,,
2012-12-31 12:00:00,,,,,
2012-12-31 15:00:00,,,,,
2012-12-31 18:00:00,,,,,
2012-12-31 21:00:00,,,,,
2013-01-01 00:00:00,,994.5,0.8,349.0,91.3
2013-01-01 03:00:00,,994.9,1.4,15.0,87.0
2013-01-01 06:00:00,,995.7,1.5,18.0,89.1
2013-01-01 09:00:00,,996.4,0.6,248.0,88.0
2013-01-01 12:00:00,,996.9,4.8,123.0,81.0
2013-01-01 15:00:00,,997.1,2.2,38.0,82.0
2013-01-01 18:00:00,,997.5,1.5,31.0,78.3
2013-01-01 21:00:00,,997.8,1.1,8.0,78.0
2013-01-02 00:00:00,,998.1,1.2,16.0,75.7
2013-01-02 03:00:00,,998.4,0.4,351.0,72.0
2013-01-02 06:00:00,,998.7,1.4,31.0,77.8
2013-01-02 09:00:00,,999.5,1.6,19.0,85.0
2013-01-02 12:00:00,,1000.4,0.4,342.0,86.0
2013-01-02 15:00:00,,1000.8,0.3,55.0,80.0
2013-01-02 18:00:00,,1001.5,0.4,209.0,77.0
2013-01-02 21:00:00,,1002.5,1.7,344.0,80.0
2013-01-03 00:00:00,,1003.0,0.6,302.0,78.0
2013-01-03 03:00:00,,1003.3,1.9,358.0,75.0
2013-01-03 06:00:00,,1003.6,1.8,45.0,74.0
2013-01-03 09:00:00,,1004.1,2.4,57.0,77.0
2013-01-03 12:00:00,,1004.5,1.9,85.0,80.0
2013-01-03 15:00:00,,1003.4,2.0,107.0,76.0
2013-01-03 18:00:00,,1003.4,3.2,117.0,75.0
2013-01-03 21:00:00,,1002.3,4.5,157.0,70.8
2013-01-04 00:00:00,,1001.3,1.5,236.0,73.0
2013-01-04 03:00:00,,999.2,,141.0,62.0
2013-01-04 06:00:00,,997.7,6.1,174.0,61.0
2013-01-04 09:00:00,,995.0,5.7,133.0,65.3
2013-01-04 12:00:00,,995.1,3.6,172.0,69.0
2013-01-04 15:00:00,,994.6,,193.0,58.0
2013-01-04 18:00:00,,994.6,,203.0,54.0
2013-01-04 21:00:00,,995.8,,202.0,72.0
2013-01-05 00:00:00,,995.6,11.5,197.0,61.8
2013-01-05 03:00:00,,995.1,13.5,201.0,55.8
2013-01-05 06:00:00,,994.2,13.2,195.0,55.0
2013-01-05 09:00:00,,994.6,8.6,201.0,47.0
2013-01-05 12:00:00,,993.1,11.3,145.0,56.0
2013-01-05 15:00:00,,991.9,,97.0,63.0
2013-01-05 18:00:00,,991.3,,204.0,64.0
2013-01-05 21:00:00,,989.9,0.8,349.0,59.2
2013-01-06 00:00:00,,988.7,5.2,131.0,62.0
2013-01-06 03:00:00,,987.6,2.7,29.0,61.7
2013-01-06 06:00:00,,986.3,1.1,41.0,65.0
2013-01-06 09:00:00,,985.5,1.6,34.0,76.5
2013-01-06 12:00:00,,984.7,0.4,26.0,81.0
2013-01-06 15:00:00,,984.3,2.1,53.0,78.0
2013-01-06 18:00:00,,985.0,0.3,298.0,82.7
2013-01-06 21:00:00,,985.8,1.3,43.0,65.0
2013-01-07 00:00:00,,987.0,0.8,11.0,71.0
2013-01-07 03:00:00,,987.8,1.9,21.0,74.6
2013-01-07 06:00:00,,989.2,2.1,27.0,71.4
2013-01-07 09:00:00,,990.6,1.9,24.0,86.0
2013-01-07 12:00:00,,992.3,0.2,46.0,75.0
2013-01-07 15:00:00,,993.3,0.9,44.0,83.0
2013-01-07 18:00:00,,994.5,1.0,38.0,76.0
2013-01-07 21:00:00,,995.7,2.4,62.0,83.4
2013-01-08 00:00:00,,996.7,1.2,37.0,77.0
2013-01-08 03:00:00,,996.9,2.0,38.0,80.9
2013-01-08 06:00:00,,997.0,2.7,45.0,82.0
2013-01-08 09:00:00,,997.3,1.8,32.0,84.0
2013-01-08 12:00:00,,997.3,0.3,233.0,87.0
2013-01-08 15:00:00,,996.6,0.0,194.0,90.1
2013-01-08 18:00:00,,996.1,0.7,231.0,94.0
2013-01-08 21:00:00,,995.8,1.3,221.0,86.0
2013-01-09 00:00:00,,995.3,2.6,216.0,77.8
2013-01-09 03:00:00,,994.4,2.3,217.0,84.0
2013-01-09 06:00:00,,993.7,1.7,220.0,86.8
2013-01-09 09:00:00,,993.3,0.6,220.0,90.0
2013-01-09 12:00:00,,993.0,0.2,233.0,87.0
2013-01-09 15:00:00,,992.1,,,90.0
2013-01-09 18:00:00,,992.0,0.4,281.0,85.8
2013-01-09 21:00:00,,992.0,0.9,229.0,87.0
2013-01-10 00:00:00,,992.3,2.0,231.0,90.0
2013-01-10 03:00:00,,992.0,1.2,284.0,76.0
2013-01-10 06:00:00,,992.2,2.0,220.0,82.9
2013-01-10 09:00:00,,992.1,0.9,236.0,84.4
2013-01-10 12:00:00,,991.9,0.7,216.0,89.0
2013-01-10 15:00:00,,991.5,0.3,356.0,85.8
2013-01-10 18:00:00,,990.8,0.2,148.0,63.0
2013-01-10 21:00:00,,990.1,2.0,218.0,49.0
2013-01-11 00:00:00,,989.2,1.7,18.0,57.2
2013-01-11 03:00:00,,988.3,2.4,330.0,59.0
2013-01-11 06:00:00,,987.6,1.4,298.0,64.4
2013-01-11 09:00:00,,987.0,1.2,262.0,68.0
2013-01-11 12:00:00,,986.3,,,67.3
2013-01-11 15:00:00,,985.3,0.6,232.0,74.0
2013-01-11 18:00:00,,984.5,0.7,238.0,86.0
2013-01-11 21:00:00,,983.9,2.1,21.0,79.0
2013-01-12 00:00:00,,983.3,2.6,49.0,79.9
2013-01-12 03:00:00,,982.7,3.4,29.0,77.0
2013-01-12 06:00:00,,982.6,1.0,67.0,68.0
2013-01-12 09:00:00,,982.7,0.3,342.0,71.0
2013-01-12 12:00:00,,982.7,0.2,352.0,73.2
2013-01-12 15:00:00,,982.9,1.3,205.0,82.7
2013-01-12 18:00:00,,983.5,1.4,233.0,90.0
2013-01-12 21:00:00,,984.5,0.2,245.0,85.0
2013-01-13 00:00:00,,985.9,0.4,236.0,85.0
2013-01-13 03:00:00,,986.9,0.5,264.0,82.0
2013-01-13 06:00:00,,987.7,1.6,226.0,81.0
2013-01-13 09:00:00,,988.3,0.2,86.0,84.0
2013-01-13 12:00:00,,988.4,0.6,19.0,83.0
2013-01-13 15:00:00,,987.8,0.1,240.0,90.7
2013-01-13 18:00:00,,987.6,0.2,27.0,93.0
2013-01-13 21:00:00,,987.4,0.8,227.0,85.9
2013-01-14 00:00:00,,988.0,1.5,224.0,81.0
2013-01-14 03:00:00,,988.9,1.6,316.0,78.0
2013-01-14 06:00:00,,990.2,0.7,267.0,76.0
2013-01-14 09:00:00,,992.2,1.0,233.0,85.0
2013-01-14 12:00:00,,993.6,0.5,237.0,88.0
2013-01-14 15:00:00,,994.9,0.1,216.0,84.0
2013-01-14 18:00:00,,996.4,0.0,30.0,87.2
2013-01-14 21:00:00,,997.9,1.0,11.0,71.5
2013-01-15 00:00:00,,999.1,1.9,19.0,73.9
2013-01-15 03:00:00,,999.6,1.4,222.0,67.5
2013-01-15 06:00:00,,1000.0,1.9,220.0,53.0
2013-01-15 09:00:00,,1000.0,2.2,232.0,61.0
2013-01-15 12:00:00,,999.8,1.9,207.0,71.5
2013-01-15 15:00:00,,997.9,2.4,244.0,64.0
2013-01-15 18:00:00,,996.4,1.3,219.0,47.0
2013-01-15 21:00:00,,994.6,1.2,32.0,68.3
2013-01-16 00:00:00,,992.7,1.3,231.0,75.0
2013-01-16 03:00:00,,991.0,2.5,235.0,72.8
2013-01-16 06:00:00,,989.8,0.9,233.0,54.2
2013-01-16 09:00:00,,989.2,2.1,236.0,91.0
2013-01-16 12:00:00,,989.6,1.7,227.0,82.0
2013-01-16 15:00:00,,989.2,1.3,215.0,93.0
2013-01-16 18:00:00,,988.4,1.0,239.0,94.0
2013-01-16 21:00:00,,988.1,0.9,233.0,89.0
2013-01-17 00:00:00,,988.2,0.7,356.0,77.6
2013-01-17 03:00:00,,988.0,2.1,16.0,81.5
2013-01-17 06:00:00,,988.5,2.3,27.0,72.0
2013-01-17 09:00:00,,989.2,0.8,233.0,89.0
2013-01-17 12:00:00,,989.9,0.3,236.0,91.0
2013-01-17 15:00:00,,990.7,0.1,231.0,95.8
2013-01-17 18:00:00,,991.7,0.0,231.0,90.7
2013-01-17 21:00:00,,993.6,1.6,223.0,87.1
2013-01-18 00:00:00,,994.9,0.8,322.0,81.0
2013-01-18 03:00:00,,995.7,1.2,335.0,80.3
2013-01-18 06:00:00,,996.2,1.1,345.0,79.9
2013-01-18 09:00:00,-16.4,996.9,3.0,236.0,77.0
2013-01-18 12:00:00,-17.3,997.3,2.0,257.0,90.0
2013-01-18 15:00:00,,997.0,0.1,306.0,96.0
2013-01-18 18:00:00,-18.0,996.8,2.3,47.0,96.7
2013-01-18 21:00:00,-17.2,996.3,3.9,121.0,76.0
2013-01-19 00:00:00,-17.0,995.5,,223.0,69.0
2013-01-19 03:00:00,-16.8,995.1,5.2,40.0,69.0
2013-01-19 06:00:00,-16.3,995.1,6.8,213.0,60.1
2013-01-19 09:00:00,-16.5,995.3,6.9,210.0,67.0
2013-01-19 12:00:00,-16.4,995.2,2.0,65.0,68.0
2013-01-19 15:00:00,-16.8,995.7,,262.0,74.0
2013-01-19 18:00:00,-16.8,995.5,5.9,222.0,72.9
2013-01-19 21:00:00,-15.5,995.8,,223.0,72.5
2013-01-20 00:00:00,-13.7,995.8,6.0,209.0,66.0
2013-01-20 03:00:00,-12.8,994.9,6.8,228.0,71.0
2013-01-20 06:00:00,-10.8,994.4,4.9,195.0,66.0
2013-01-20 09:00:00,-10.5,994.2,3.1,126.0,59.0
2013-01-20 12:00:00,-11.2,993.6,2.8,118.0,65.7
2013-01-20 15:00:00,,992.9,1.6,44.0,80.0
2013-01-20 18:00:00,,992.5,1.2,38.0,90.0
2013-01-20 21:00:00,-12.1,991.8,2.3,76.0,89.0
2013-01-21 00:00:00,-11.6,991.5,2.9,16.0,92.0
2013-01-21 03:00:00,-10.9,991.1,2.3,138.0,91.0
2013-01-21 06:00:00,,990.9,1.6,10.0,85.0
2013-01-21 09:00:00,,991.1,1.2,359.0,83.1
2013-01-21 12:00:00,-11.9,991.1,2.9,133.0,53.0
2013-01-21 15:00:00,,990.5,0.9,224.0,62.0
2013-01-21 18:00:00,-11.9,990.5,2.5,9.0,59.0
2013-01-21 21:00:00,,991.4,1.7,309.0,51.0
2013-01-22 00:00:00,-10.5,991.0,2.7,218.0,56.0
2013-01-22 03:00:00,-10.2,990.9,2.5,109.0,68.0
2013-01-22 06:00:00,-10.6,991.0,2.6,132.0,65.0
2013-01-22 09:00:00,-10.9,991.1,4.2,127.0,65.0
2013-01-22 12:00:00,,991.2,0.5,228.0,75.0
2013-01-22 15:00:00,,990.7,0.1,324.0,69.6
2013-01-22 18:00:00,,990.1,0.8,206.0,71.0
2013-01-22 21:00:00,-11.2,989.1,3.1,297.0,77.5
2013-01-23 00:00:00,-10.4,988.3,2.3,15.0,80.1
2013-01-23 03:00:00,,987.3,1.5,7.0,68.5
2013-01-23 06:00:00,,986.5,0.9,350.0,80.9
2013-01-23 09:00:00,-10.7,985.4,2.2,32.0,85.3
2013-01-23 12:00:00,,984.3,0.7,295.0,78.8
2013-01-23 15:00:00,,983.6,0.3,211.0,87.0
2013-01-23 18:00:00,,983.0,0.5,239.0,88.0
2013-01-23 21:00:00,,983.2,0.7,225.0,81.2
2013-01-24 00:00:00,,983.4,1.8,354.0,72.8
2013-01-24 03:00:00,,983.7,1.4,13.0,70.8
2013-01-24 06:00:00,,984.6,1.3,10.0,74.0
2013-01-24 09:00:00,,985.4,0.9,11.0,81.0
2013-01-24 12:00:00,,986.2,0.6,234.0,92.7
2013-01-24 15:00:00,,987.0,0.4,236.0,93.9
2013-01-24 18:00:00,,988.6,0.6,254.0,86.0
2013-01-24 21:00:00,,990.2,1.1,343.0,83.5
2013-01-25 00:00:00,,992.5,0.5,237.0,72.1
2013-01-25 03:00:00,,994.7,1.2,12.0,72.3
2013-01-25 06:00:00,,996.4,1.4,32.0,78.0
2013-01-25 09:00:00,,997.4,1.7,53.0,81.8
2013-01-25 12:00:00,,997.6,0.5,28.0,89.0
2013-01-25 15:00:00,,996.6,0.5,24.0,93.1
2013-01-25 18:00:00,,994.7,0.5,221.0,94.0
2013-01-25 21:00:00,,991.9,1.2,224.0,97.0
2013-01-26 00:00:00,,988.3,0.5,234.0,97.4
2013-01-26 03:00:00,,984.1,0.9,227.0,95.5
2013-01-26 06:00:00,,978.6,1.5,222.0,95.2
2013-01-26 09:00:00,,974.0,1.5,216.0,95.0
2013-01-26 12:00:00,,973.0,1.8,326.0,87.0
2013-01-26 15:00:00,,975.5,0.5,87.0,95.6
2013-01-26 18:00:00,,977.3,0.6,259.0,87.5
2013-01-26 21:00:00,-8.0,979.5,3.9,225.0,69.0
2013-01-27 00:00:00,-7.7,982.3,5.1,228.0,70.0
2013-01-27 03:00:00,-6.8,984.2,2.7,32.0,72.9
2013-01-27 06:00:00,-7.8,986.4,6.0,228.0,70.0
2013-01-27 09:00:00,,988.1,1.8,358.0,75.2
2013-01-27 12:00:00,-8.7,988.3,5.2,241.0,73.0
2013-01-27 15:00:00,,989.8,1.8,33.0,88.0
2013-01-27 18:00:00,-9.8,990.1,2.2,66.0,85.4
2013-01-27 21:00:00,,990.4,0.9,221.0,77.2
2013-01-28 00:00:00,-10.1,990.3,4.7,127.0,75.2
2013-01-28 03:00:00,,988.9,1.0,58.0,66.1
2013-01-28 06:00:00,-7.4,987.1,2.2,177.0,75.9
2013-01-28 09:00:00,-10.2,985.5,5.8,134.0,84.0
2013-01-28 12:00:00,-9.3,985.2,4.0,122.0,93.0
2013-01-28 15:00:00,,984.7,1.6,211.0,93.0
2013-01-28 18:00:00,,984.2,0.2,186.0,93.0
2013-01-28 21:00:00,,983.9,1.8,310.0,89.4
2013-01-29 00:00:00,,984.2,0.9,328.0,88.0
2013-01-29 03:00:00,-10.3,984.1,2.0,315.0,87.0
2013-01-29 06:00:00,,984.2,1.3,359.0,88.0
2013-01-29 09:00:00,,983.9,0.9,224.0,81.8
2013-01-29 12:00:00,,983.9,0.4,213.0,83.0
2013-01-29 15:00:00,,984.0,1.3,354.0,85.0
2013-01-29 18:00:00,-11.2,983.7,4.4,246.0,66.0
2013-01-29 21:00:00,,985.5,1.7,8.0,69.0
2013-01-30 00:00:00,,986.7,1.7,355.0,70.8
2013-01-30 03:00:00,,987.2,0.5,5.0,69.0
2013-01-30 06:00:00,,987.6,0.8,240.0,70.6
2013-01-30 09:00:00,,987.8,1.7,232.0,76.0
2013-01-30 12:00:00,,988.0,1.5,223.0,93.0
2013-01-30 15:00:00,,987.8,0.1,16.0,93.0
2013-01-30 18:00:00,,987.9,0.5,295.0,90.0
2013-01-30 21:00:00,,988.4,0.6,222.0,79.0
2013-01-31 00:00:00,,988.8,1.3,224.0,78.7
2013-01-31 03:00:00,,988.8,0.9,338.0,79.0
2013-01-31 06:00:00,-8.7,989.0,2.1,102.0,72.0
2013-01-31 09:00:00,-9.3,989.7,5.2,133.0,65.0
2013-01-31 12:00:00,,990.5,1.2,164.0,76.0
2013-01-31 15:00:00,,990.0,1.5,238.0,83.0
2013-01-31 18:00:00,,989.9,0.4,234.0,76.0
2013-01-31 21:00:00,,990.0,0.7,252.0,70.6
2013-02-01 00:00:00,,989.8,1.3,226.0,68.0
2013-02-01 03:00:00,,989.1,1.1,264.0,63.3
2013-02-01 06:00:00,,988.9,0.5,234.0,74.0
2013-02-01 09:00:00,-9.0,989.1,3.5,130.0,65.0
2013-02-01 12:00:00,-10.0,989.4,,,79.0
2013-02-01 15:00:00,,989.4,0.0,256.0,80.9
2013-02-01 18:00:00,,989.9,0.0,229.0,73.0
2013-02-01 21:00:00,,990.3,0.7,225.0,59.6
2013-02-02 00:00:00,,990.5,1.0,25.0,54.3
2013-02-02 03:00:00,-8.4,990.4,2.8,55.0,69.5
2013-02-02 06:00:00,-7.9,990.0,2.2,52.0,74.0
2013-02-02 09:00:00,-8.8,989.3,3.0,50.0,81.0
2013-02-02 12:00:00,,988.9,0.8,331.0,89.2
2013-02-02 15:00:00,,988.1,1.0,226.0,88.0
2013-02-02 18:00:00,,988.1,0.1,252.0,89.0
2013-02-02 21:00:00,,988.6,0.6,240.0,82.0
2013-02-03 00:00:00,,988.8,1.3,259.0,77.0
2013-02-03 03:00:00,,988.5,1.9,236.0,76.0
2013-02-03 06:00:00,-9.2,988.8,2.6,55.0,81.3
2013-02-03 09:00:00,-9.6,988.8,3.1,73.0,87.0
2013-02-03 12:00:00,-9.4,988.5,2.4,101.0,85.0
2013-02-03 15:00:00,,987.9,0.8,234.0,95.1
2013-02-03 18:00:00,,987.1,0.9,240.0,92.0
2013-02-03 21:00:00,,986.4,0.1,328.0,87.0
2013-02-04 00:00:00,,985.3,1.8,225.0,95.0
2013-02-04 03:00:00,,983.5,0.8,294.0,88.4
2013-02-04 06:00:00,,982.8,1.2,350.0,92.4
2013-02-04 09:00:00,,982.7,0.3,13.0,92.0
2013-02-04 12:00:00,,982.0,1.2,38.0,90.0
2013-02-04 15:00:00,-10.6,980.8,4.2,225.0,79.1
2013-02-04 18:00:00,,980.0,0.5,220.0,71.5
2013-02-04 21:00:00,-9.6,979.7,2.4,216.0,66.0
2013-02-05 00:00:00,-10.0,979.2,2.4,53.0,67.4
2013-02-05 03:00:00,-10.0,978.8,2.6,244.0,69.8
2013-02-05 06:00:00,-9.5,978.7,7.1,234.0,70.0
2013-02-05 09:00:00,-9.8,979.1,,305.0,73.0
2013-02-05 12:00:00,-9.0,979.7,,320.0,72.0
2013-02-05 15:00:00,-9.9,980.2,4.2,230.0,70.0
2013-02-05 18:00:00,,981.1,1.6,49.0,68.0
2013-02-05 21:00:00,,982.2,0.9,40.0,70.7
2013-02-06 00:00:00,-9.0,983.0,2.2,296.0,81.0
2013-02-06 03:00:00,,983.0,1.1,21.0,81.6
2013-02-06 06:00:00,-9.0,982.9,2.8,12.0,78.0
2013-02-06 09:00:00,,983.0,0.3,3.0,78.4
2013-02-06 12:00:00,,982.5,0.9,16.0,85.0
2013-02-06 15:00:00,-9.8,981.6,2.7,225.0,91.0
2013-02-06 18:00:00,,980.7,2.0,302.0,89.3
2013-02-06 21:00:00,,980.4,1.0,39.0,73.7
2013-02-07 00:00:00,,979.8,2.7,221.0,77.0
2013-02-07 03:00:00,,979.1,1.7,173.0,77.0
2013-02-07 06:00:00,,978.9,1.2,150.0,76.5
2013-02-07 09:00:00,,979.0,0.3,222.0,74.0
2013-02-07 12:00:00,,978.9,2.1,208.0,78.0
2013-02-07 15:00:00,,978.4,1.3,230.0,85.0
2013-02-07 18:00:00,,977.6,2.1,221.0,81.1
2013-02-07 21:00:00,,977.7,2.0,272.0,76.6
2013-02-08 00:00:00,,978.2,1.6,343.0,75.4
2013-02-08 03:00:00,,978.4,0.7,229.0,80.0
2013-02-08 06:00:00,-9.8,978.6,,138.0,76.9
2013-02-08 09:00:00,,979.1,,133.0,76.5
2013-02-08 12:00:00,-10.5,979.5,8.2,133.0,79.0
2013-02-08 15:00:00,-10.5,979.4,,149.0,77.0
2013-02-08 18:00:00,-10.6,979.1,,234.0,85.0
2013-02-08 21:00:00,,978.9,0.3,215.0,81.1
2013-02-09 00:00:00,,978.3,1.4,239.0,86.0
2013-02-09 03:00:00,,977.9,1.0,227.0,79.0
2013-02-09 06:00:00,,977.9,0.8,224.0,82.0
2013-02-09 09:00:00,,977.7,0.5,298.0,81.5
2013-02-09 12:00:00,,977.5,1.5,219.0,95.3
2013-02-09 15:00:00,,976.8,0.6,238.0,93.0
2013-02-09 18:00:00,-10.3,976.5,,,85.7
2013-02-09 21:00:00,,976.8,0.6,231.0,85.0
2013-02-10 00:00:00,,976.9,1.2,246.0,82.6
2013-02-10 03:00:00,,976.4,5.4,143.0,81.7
2013-02-10 06:00:00,,975.8,1.1,312.0,94.0
2013-02-10 09:00:00,-11.2,975.0,2.6,218.0,95.0
2013-02-10 12:00:00,,975.2,0.5,239.0,96.5
2013-02-10 15:00:00,,975.8,0.6,226.0,96.7
2013-02-10 18:00:00,,977.3,0.4,210.0,97.0
2013-02-10 21:00:00,,979.0,0.5,253.0,95.3
2013-02-11 00:00:00,,980.5,0.4,243.0,87.0
2013-02-11 03:00:00,,981.7,,225.0,71.7
2013-02-11 06:00:00,,982.9,,214.0,81.0
2013-02-11 09:00:00,,984.1,7.2,222.0,92.0
2013-02-11 12:00:00,,985.2,6.9,213.0,78.0
2013-02-11 15:00:00,,985.6,3.4,193.0,75.5
2013-02-11 18:00:00,,986.7,6.6,215.0,81.4
2013-02-11 21:00:00,,987.4,4.8,171.0,74.0
2013-02-12 00:00:00,,987.4,9.2,199.0,67.9
2013-02-12 03:00:00,,987.1,,204.0,59.8
2013-02-12 06:00:00,-11.8,986.8,8.0,213.0,69.4
2013-02-12 09:00:00,-13.0,986.3,11.4,221.0,87.0
2013-02-12 12:00:00,-12.2,986.3,9.0,212.0,78.0
2013-02-12 15:00:00,-13.1,985.3,13.7,222.0,84.0
2013-02-12 18:00:00,-14.8,985.4,10.1,206.0,74.7
2013-02-12 21:00:00,-15.8,985.3,,210.0,78.0
2013-02-13 00:00:00,-17.1,985.7,,212.0,79.0
2013-02-13 03:00:00,-17.7,986.4,15.7,216.0,76.5
2013-02-13 06:00:00,,987.3,13.0,206.0,63.6
2013-02-13 09:00:00,,988.5,11.7,191.0,56.0
2013-02-13 12:00:00,,989.3,,203.0,48.0
2013-02-13 15:00:00,,989.4,,219.0,57.0
2013-02-13 18:00:00,,989.4,,62.0,63.0
2013-02-13 21:00:00,-21.5,989.9,2.8,211.0,58.2
2013-02-14 00:00:00,-23.1,990.1,3.3,243.0,62.0
2013-02-14 03:00:00,,990.2,7.5,226.0,64.6
2013-02-14 06:00:00,-20.2,990.3,,225.0,66.9
2013-02-14 09:00:00,,990.5,7.6,238.0,69.0
2013-02-14 12:00:00,,990.5,7.9,234.0,73.0
2013-02-14 15:00:00,,990.1,7.1,236.0,70.0
2013-02-14 18:00:00,,989.7,6.5,222.0,68.0
2013-02-14 21:00:00,,989.5,8.2,236.0,68.0
2013-02-15 00:00:00,-19.8,989.1,4.8,239.0,69.0
2013-02-15 03:00:00,-21.1,988.2,,184.0,56.8
2013-02-15 06:00:00,,987.4,1.9,224.0,78.0
2013-02-15 09:00:00,,987.0,1.8,128.0,79.0
2013-02-15 12:00:00,,986.6,1.8,136.0,77.0
2013-02-15 15:00:00,,986.0,1.7,246.0,69.0
2013-02-15 18:00:00,,985.0,4.5,228.0,68.1
2013-02-15 21:00:00,,984.6,4.1,229.0,67.0
2013-02-16 00:00:00,,983.6,2.9,229.0,62.0
2013-02-16 03:00:00,,982.4,3.1,227.0,57.1
2013-02-16 06:00:00,,981.5,3.7,236.0,64.6
2013-02-16 09:00:00,-17.8,980.9,5.5,230.0,66.0
2013-02-16 12:00:00,,979.7,5.6,240.0,72.0
2013-02-16 15:00:00,,978.5,4.3,215.0,66.0
2013-02-16 18:00:00,,977.3,1.8,260.0,62.9
2013-02-16 21:00:00,,977.3,0.6,230.0,63.5
2013-02-17 00:00:00,,977.2,1.5,260.0,57.9
2013-02-17 03:00:00,,977.1,1.5,221.0,60.0
2013-02-17 06:00:00,,977.5,1.9,234.0,72.3
2013-02-17 09:00:00,,978.2,1.1,218.0,77.3
2013-02-17 12:00:00,,978.6,1.1,264.0,78.1
2013-02-17 15:00:00,,978.7,1.5,242.0,78.0
2013-02-17 18:00:00,,979.3,1.4,214.0,70.7
2013-02-17 21:00:00,,980.1,1.8,232.0,79.3
2013-02-18 00:00:00,,980.6,1.7,282.0,56.1
2013-02-18 03:00:00,,981.6,1.6,232.0,51.0
2013-02-18 06:00:00,,982.6,1.1,221.0,51.0
2013-02-18 09:00:00,-15.6,983.7,2.1,236.0,65.2
2013-02-18 12:00:00,,984.5,1.0,239.0,69.2
2013-02-18 15:00:00,,985.1,0.3,219.0,58.6
2013-02-18 18:00:00,,985.3,1.3,238.0,62.0
2013-02-18 21:00:00,,985.6,1.5,60.0,56.0
2013-02-19 00:00:00,-12.2,984.6,3.1,225.0,41.2
2013-02-19 03:00:00,-14.3,983.0,,234.0,68.8
2013-02-19 06:00:00,-14.3,981.0,,227.0,64.0
2013-02-19 09:00:00,-15.0,980.9,12.2,221.0,95.2
2013-02-19 12:00:00,-15.3,981.0,11.8,221.0,94.3
2013-02-19 15:00:00,-15.3,981.4,8.2,213.0,87.5
2013-02-19 18:00:00,-15.9,980.8,,205.0,86.0
2013-02-19 21:00:00,-15.5,981.3,,199.0,64.0
2013-02-20 00:00:00,,981.7,,194.0,46.7
2013-02-20 03:00:00,-10.6,981.3,,246.0,43.8
2013-02-20 06:00:00,-12.1,980.7,,226.0,46.0
2013-02-20 09:00:00,,979.0,1.2,219.0,57.0
2013-02-20 12:00:00,-14.2,977.3,2.1,256.0,67.0
2013-02-20 15:00:00,,976.2,1.6,168.0,59.8
2013-02-20 18:00:00,,975.3,0.7,235.0,76.9
2013-02-20 21:00:00,,974.9,1.2,247.0,74.0
2013-02-21 00:00:00,,974.2,1.4,243.0,71.6
2013-02-21 03:00:00,-12.5,972.9,2.4,238.0,64.8
2013-02-21 06:00:00,,972.2,0.3,221.0,50.6
2013-02-21 09:00:00,,971.8,0.7,244.0,64.0
2013-02-21 12:00:00,,971.5,0.8,41.0,79.0
2013-02-21 15:00:00,,971.2,0.3,152.0,77.0
2013-02-21 18:00:00,-14.8,971.0,4.3,226.0,66.6
2013-02-21 21:00:00,-14.4,971.0,4.1,235.0,73.2
2013-02-22 00:00:00,-13.0,970.6,3.9,214.0,71.0
2013-02-22 03:00:00,-12.6,970.7,4.4,222.0,62.7
2013-02-22 06:00:00,,971.2,0.7,246.0,68.2
2013-02-22 09:00:00,,971.6,0.2,209.0,62.0
2013-02-22 12:00:00,-14.9,971.3,3.1,225.0,73.0
2013-02-22 15:00:00,-10.2,970.4,,200.0,41.5
2013-02-22 18:00:00,,970.5,,194.0,40.0
2013-02-22 21:00:00,-7.8,971.6,,193.0,65.9
2013-02-23 00:00:00,-9.1,972.9,7.8,200.0,74.0
2013-02-23 03:00:00,-10.6,974.8,,200.0,63.4
2013-02-23 06:00:00,,976.9,,208.0,68.0
2013-02-23 09:00:00,,981.2,14.4,210.0,90.2
2013-02-23 12:00:00,-6.0,983.7,13.2,194.0,52.0
2013-02-23 15:00:00,,986.5,11.9,198.0,47.7
2013-02-23 18:00:00,-6.2,989.9,,250.0,62.6
2013-02-23 21:00:00,-5.0,992.4,,179.0,50.0
2013-02-24 00:00:00,,993.8,1.9,237.0,75.6
2013-02-24 03:00:00,-6.7,994.0,2.0,231.0,69.8
2013-02-24 06:00:00,,993.0,1.0,229.0,77.5
2013-02-24 09:00:00,,991.1,0.5,164.0,77.0
2013-02-24 12:00:00,,989.5,0.4,264.0,81.0
2013-02-24 15:00:00,,988.4,1.9,225.0,70.0
2013-02-24 18:00:00,,988.1,1.1,215.0,79.2
2013-02-24 21:00:00,-9.3,987.6,2.0,249.0,72.0
2013-02-25 00:00:00,,987.3,0.8,284.0,67.0
2013-02-25 03:00:00,,987.1,1.1,251.0,58.0
2013-02-25 06:00:00,-6.6,987.2,2.1,340.0,78.1
2013-02-25 09:00:00,,987.1,1.0,268.0,81.4
2013-02-25 12:00:00,-7.8,986.7,2.3,201.0,68.0
2013-02-25 15:00:00,,985.3,0.9,182.0,69.0
2013-02-25 18:00:00,,984.5,0.0,45.0,82.5
2013-02-25 21:00:00,-8.3,983.2,3.5,124.0,75.3
2013-02-26 00:00:00,-8.6,982.4,4.1,212.0,70.0
2013-02-26 03:00:00,-7.1,981.0,,212.0,67.0
2013-02-26 06:00:00,-7.4,980.9,8.3,222.0,70.8
2013-02-26 09:00:00,-6.9,980.5,10.8,235.0,65.5
2013-02-26 12:00:00,-5.9,980.8,8.0,229.0,66.9
2013-02-26 15:00:00,-4.9,981.5,7.5,221.0,67.0
2013-02-26 18:00:00,-5.8,981.8,,206.0,63.0
2013-02-26 21:00:00,-5.9,981.1,,232.0,63.1
2013-02-27 00:00:00,,979.6,1.2,260.0,71.3
2013-02-27 03:00:00,,977.7,1.9,21.0,66.0
2013-02-27 06:00:00,,976.0,1.6,349.0,83.0
2013-02-27 09:00:00,,975.0,1.2,234.0,79.8
2013-02-27 12:00:00,,974.9,0.3,263.0,81.0
2013-02-27 15:00:00,,974.9,1.9,222.0,74.3
2013-02-27 18:00:00,,975.1,0.1,290.0,87.0
2013-02-27 21:00:00,-6.9,975.6,,,84.0
2013-02-28 00:00:00,,976.3,0.6,213.0,73.5
2013-02-28 03:00:00,-7.6,976.2,,236.0,77.0
2013-02-28 06:00:00,-7.0,977.0,,236.0,71.0
2013-02-28 09:00:00,-7.6,978.5,6.9,230.0,68.0
2013-02-28 12:00:00,-6.9,979.5,4.8,227.0,64.7
2013-02-28 15:00:00,-6.9,980.9,,208.0,71.3
2013-02-28 18:00:00,,982.4,0.3,114.0,87.0
2013-02-28 21:00:00,,983.9,1.9,216.0,91.0
2013-03-01 00:00:00,-5.5,984.4,2.5,246.0,81.0
2013-03-01 03:00:00,-6.3,984.3,1.0,234.0,87.8
2013-03-01 06:00:00,-6.9,984.0,0.8,225.0,94.0
2013-03-01 09:00:00,-8.3,983.0,1.0,204.0,96.0
2013-03-01 12:00:00,-9.1,981.9,1.0,239.0,95.0
2013-03-01 15:00:00,-9.6,980.6,0.1,323.0,86.0
2013-03-01 18:00:00,-11.8,979.9,0.2,225.0,95.4
2013-03-01 21:00:00,-14.5,979.0,0.5,237.0,79.0
2013-03-02 00:00:00,,978.3,1.4,115.0,66.0
2013-03-02 03:00:00,,978.5,1.6,224.0,83.7
2013-03-02 06:00:00,,978.8,0.2,314.0,70.0
2013-03-02 09:00:00,-8.9,979.3,4.6,139.0,76.0
2013-03-02 12:00:00,-9.2,979.7,4.0,123.0,78.0
2013-03-02 15:00:00,-10.0,980.2,0.8,184.0,73.0
2013-03-02 18:00:00,-9.8,980.6,2.0,220.0,64.0
2013-03-02 21:00:00,-10.1,981.2,4.2,226.0,71.7
2013-03-03 00:00:00,-9.1,981.6,3.8,229.0,70.0
2013-03-03 03:00:00,-9.0,982.0,3.9,232.0,69.7
2013-03-03 06:00:00,-9.5,982.6,4.5,229.0,72.0
2013-03-03 09:00:00,-9.4,983.3,4.7,227.0,69.0
2013-03-03 12:00:00,-10.2,983.8,1.1,206.0,76.0
2013-03-03 15:00:00,-9.3,984.0,5.8,229.0,70.0
2013-03-03 18:00:00,-9.1,985.3,5.1,242.0,66.0
2013-03-03 21:00:00,-8.5,985.4,10.0,237.0,70.0
2013-03-04 00:00:00,-12.4,986.8,,229.0,71.0
2013-03-04 03:00:00,-11.8,987.6,10.9,223.0,74.4
2013-03-04 06:00:00,-12.1,988.7,11.0,219.0,80.0
2013-03-04 09:00:00,-11.0,989.2,6.9,226.0,63.0
2013-03-04 12:00:00,-11.6,988.7,,220.0,69.0
2013-03-04 15:00:00,-11.8,987.9,6.5,222.0,68.9
2013-03-04 18:00:00,-11.4,987.0,6.5,230.0,66.0
2013-03-04 21:00:00,-7.9,986.1,7.9,211.0,40.5
2013-03-05 00:00:00,-8.9,985.7,,209.0,52.0
2013-03-05 03:00:00,-9.0,984.0,,198.0,43.5
2013-03-05 06:00:00,-9.9,982.7,,232.0,61.6
2013-03-05 09:00:00,-12.9,981.6,,226.0,65.1
2013-03-05 12:00:00,-13.4,980.3,5.3,226.0,64.0
2013-03-05 15:00:00,-13.3,978.6,5.8,213.0,61.0
2013-03-05 18:00:00,-14.6,977.4,3.7,213.0,61.6
2013-03-05 21:00:00,-13.8,976.1,2.7,222.0,51.0
2013-03-06 00:00:00,-12.7,974.3,1.9,225.0,57.9
2013-03-06 03:00:00,-11.7,972.6,1.6,238.0,65.1
2013-03-06 06:00:00,-12.2,971.8,1.7,215.0,68.5
2013-03-06 09:00:00,-14.6,971.2,0.4,236.0,79.0
2013-03-06 12:00:00,-12.4,970.3,0.3,205.0,64.4
2013-03-06 15:00:00,-13.1,970.1,1.2,142.0,67.0
2013-03-06 18:00:00,-13.4,971.1,0.0,230.0,67.0
2013-03-06 21:00:00,-12.3,971.7,3.1,222.0,69.3
2013-03-07 00:00:00,-12.3,972.5,,227.0,64.0
2013-03-07 03:00:00,-10.5,973.2,,234.0,60.3
2013-03-07 06:00:00,-10.3,973.9,5.0,225.0,61.0
2013-03-07 09:00:00,-11.1,974.8,6.7,234.0,61.0
2013-03-07 12:00:00,-11.2,975.1,2.6,198.0,56.0
2013-03-07 15:00:00,-10.9,975.2,6.4,220.0,69.0
2013-03-07 18:00:00,-10.4,975.2,,228.0,59.0
2013-03-07 21:00:00,-9.3,975.3,8.9,223.0,63.0
2013-03-08 00:00:00,-8.0,975.9,7.6,211.0,63.1
2013-03-08 03:00:00,-7.3,975.5,6.1,215.0,56.0
2013-03-08 06:00:00,-8.0,975.6,9.1,219.0,62.0
2013-03-08 09:00:00,-8.1,976.5,4.6,229.0,59.0
2013-03-08 12:00:00,-8.6,977.0,,199.0,63.3
2013-03-08 15:00:00,-9.4,977.8,,225.0,62.0
2013-03-08 18:00:00,-10.7,978.5,,234.0,61.6
2013-03-08 21:00:00,-10.8,979.0,10.3,225.0,69.0
2013-03-09 00:00:00,-7.4,978.9,,227.0,44.9
2013-03-09 03:00:00,-7.5,979.1,,210.0,45.0
2013-03-09 06:00:00,-6.7,979.0,,205.0,37.0
2013-03-09 09:00:00,-7.0,979.0,8.8,209.0,34.0
2013-03-09 12:00:00,-6.9,978.8,,198.0,43.0
2013-03-09 15:00:00,-9.3,978.3,,237.0,56.0
2013-03-09 18:00:00,-8.8,977.7,7.5,226.0,54.0
2013-03-09 21:00:00,-8.9,976.9,7.2,235.0,64.0
2013-03-10 00:00:00,-7.7,976.4,7.7,227.0,64.0
2013-03-10 03:00:00,-8.4,976.4,4.4,230.0,73.3
2013-03-10 06:00:00,-7.7,977.0,3.6,222.0,66.0
2013-03-10 09:00:00,-7.6,977.9,0.3,192.0,64.0
2013-03-10 12:00:00,-8.4,979.8,0.1,195.0,61.6
2013-03-10 15:00:00,-9.5,981.3,0.6,181.0,64.5
2013-03-10 18:00:00,-9.8,983.4,0.5,200.0,61.0
2013-03-10 21:00:00,-9.8,984.6,1.3,222.0,57.0
2013-03-11 00:00:00,-8.8,985.5,1.7,234.0,53.9
2013-03-11 03:00:00,-8.0,985.7,2.4,212.0,65.0
2013-03-11 06:00:00,-9.6,986.4,0.5,244.0,72.0
2013-03-11 09:00:00,-11.3,986.6,1.1,237.0,81.0
2013-03-11 12:00:00,-10.4,986.6,0.4,251.0,85.3
2013-03-11 15:00:00,-10.4,985.7,1.7,233.0,83.5
2013-03-11 18:00:00,-10.0,985.1,1.0,262.0,76.0
2013-03-11 21:00:00,-9.3,984.8,0.5,227.0,75.0
2013-03-12 00:00:00,-8.9,984.8,4.8,238.0,69.0
2013-03-12 03:00:00,-8.4,985.1,4.0,236.0,73.0
2013-03-12 06:00:00,-8.5,985.9,4.5,220.0,71.0
2013-03-12 09:00:00,-9.1,987.0,4.2,239.0,70.0
2013-03-12 12:00:00,-9.7,987.6,4.9,230.0,65.0
2013-03-12 15:00:00,-7.8,987.1,6.2,220.0,51.0
2013-03-12 18:00:00,-7.0,986.1,,206.0,50.9
2013-03-12 21:00:00,-6.9,985.4,8.8,205.0,42.0
2013-03-13 00:00:00,-7.6,984.0,7.2,229.0,36.0
2013-03-13 03:00:00,-5.7,982.4,,148.0,51.7
2013-03-13 06:00:00,-8.2,981.6,2.3,314.0,52.1
2013-03-13 09:00:00,-8.5,979.8,0.7,72.0,59.0
2013-03-13 12:00:00,-11.8,978.9,0.4,202.0,76.0
2013-03-13 15:00:00,-11.4,977.5,0.6,206.0,58.0
2013-03-13 18:00:00,-11.5,975.9,3.6,210.0,68.7
2013-03-13 21:00:00,-11.2,974.9,2.3,232.0,81.3
2013-03-14 00:00:00,-9.3,974.3,2.9,229.0,71.9
2013-03-14 03:00:00,-8.8,974.0,1.3,217.0,70.1
2013-03-14 06:00:00,-8.8,974.8,0.9,199.0,73.5
2013-03-14 09:00:00,-9.1,975.8,0.4,147.0,82.7
2013-03-14 12:00:00,-8.8,977.5,0.6,184.0,79.0
2013-03-14 15:00:00,-8.8,978.7,0.4,193.0,68.0
2013-03-14 18:00:00,-8.6,980.1,2.7,271.0,66.0
2013-03-14 21:00:00,-6.9,981.7,1.5,56.0,62.0
2013-03-15 00:00:00,-6.6,983.0,4.6,210.0,63.3
2013-03-15 03:00:00,-6.3,983.8,0.5,179.0,61.8
2013-03-15 06:00:00,-7.3,985.5,5.1,218.0,60.0
2013-03-15 09:00:00,-7.4,986.8,2.4,98.0,53.3
2013-03-15 12:00:00,-7.2,986.8,0.6,130.0,55.1
2013-03-15 15:00:00,-9.8,986.6,2.4,200.0,61.0
2013-03-15 18:00:00,-10.1,986.0,2.6,253.0,56.0
2013-03-15 21:00:00,-8.6,985.6,0.6,251.0,48.0
2013-03-16 00:00:00,-7.1,984.4,1.7,214.0,43.8
2013-03-16 03:00:00,-7.2,983.0,2.3,243.0,50.3
2013-03-16 06:00:00,-7.1,982.3,0.5,285.0,61.5
2013-03-16 09:00:00,-11.0,981.4,1.1,256.0,76.0
2013-03-16 12:00:00,,980.2,0.9,225.0,73.2
2013-03-16 15:00:00,-10.1,978.8,1.7,244.0,46.0
2013-03-16 18:00:00,-12.5,977.3,1.5,221.0,52.0
2013-03-16 21:00:00,-13.1,975.8,0.7,206.0,57.0
2013-03-17 00:00:00,,974.2,1.4,354.0,70.0
2013-03-17 03:00:00,-11.0,971.9,2.1,236.0,77.0
2013-03-17 06:00:00,-11.9,969.6,1.3,219.0,72.0
2013-03-17 09:00:00,,967.8,0.6,221.0,79.0
2013-03-17 12:00:00,-16.0,967.0,0.4,200.0,75.0
2013-03-17 15:00:00,-16.8,966.6,0.0,180.0,72.5
2013-03-17 18:00:00,-16.7,967.0,0.1,142.0,87.6
2013-03-17 21:00:00,-16.5,967.2,0.8,217.0,67.0
2013-03-18 00:00:00,-13.6,966.6,2.4,230.0,70.0
2013-03-18 03:00:00,-12.4,966.0,1.4,236.0,65.0
2013-03-18 06:00:00,-13.4,965.0,0.5,228.0,74.2
2013-03-18 09:00:00,-16.6,964.7,1.9,202.0,77.0
2013-03-18 12:00:00,-18.3,965.5,1.3,244.0,78.0
2013-03-18 15:00:00,-18.9,967.3,1.2,225.0,67.0
2013-03-18 18:00:00,-19.4,969.5,1.2,213.0,77.0
2013-03-18 21:00:00,-15.9,971.9,0.4,268.0,72.4
2013-03-19 00:00:00,,973.6,0.6,306.0,56.0
2013-03-19 03:00:00,,974.2,0.8,39.0,64.0
2013-03-19 06:00:00,-7.6,975.4,3.0,219.0,62.0
2013-03-19 09:00:00,-6.6,976.2,,201.0,54.0
2013-03-19 12:00:00,-7.5,978.3,,216.0,52.8
2013-03-19 15:00:00,-8.3,979.9,,225.0,65.0
2013-03-19 18:00:00,-8.0,981.1,8.3,215.0,46.4
2013-03-19 21:00:00,-8.8,981.7,,262.0,52.0
2013-03-20 00:00:00,-8.2,982.1,,236.0,56.0
2013-03-20 03:00:00,-9.1,981.3,1.4,245.0,53.0
2013-03-20 06:00:00,-11.1,980.6,0.7,230.0,75.5
2013-03-20 09:00:00,-10.8,979.9,0.4,237.0,69.0
2013-03-20 12:00:00,-14.5,979.5,0.7,224.0,80.0
2013-03-20 15:00:00,-12.5,978.8,1.8,220.0,72.1
2013-03-20 18:00:00,-11.8,978.3,1.7,221.0,76.7
2013-03-20 21:00:00,-12.0,978.0,2.1,227.0,85.2
2013-03-21 00:00:00,-11.9,978.0,0.4,219.0,83.5
2013-03-21 03:00:00,-11.7,977.6,1.3,226.0,84.9
2013-03-21 06:00:00,-12.1,977.8,0.5,218.0,87.7
2013-03-21 09:00:00,-12.5,978.6,0.7,269.0,89.0
2013-03-21 12:00:00,-12.5,979.1,1.3,207.0,84.0
2013-03-21 15:00:00,-13.1,979.6,0.9,209.0,75.9
2013-03-21 18:00:00,-13.0,981.0,0.8,212.0,72.8
2013-03-21 21:00:00,-12.3,982.0,0.2,205.0,65.4
2013-03-22 00:00:00,-12.7,982.8,0.8,219.0,78.0
2013-03-22 03:00:00,-15.0,982.8,2.2,241.0,77.3
2013-03-22 06:00:00,-15.4,983.8,1.6,217.0,74.1
2013-03-22 09:00:00,-14.8,986.5,,,75.0
2013-03-22 12:00:00,-17.3,989.3,0.6,202.0,70.0
2013-03-22 15:00:00,-14.0,991.9,1.4,186.0,71.0
2013-03-22 18:00:00,,993.1,2.5,240.0,77.2
2013-03-22 21:00:00,-16.8,994.7,2.1,239.0,73.8
2013-03-23 00:00:00,,995.4,0.9,281.0,69.1
2013-03-23 03:00:00,,995.9,2.6,123.0,77.5
2013-03-23 06:00:00,-14.5,997.1,1.3,234.0,84.9
2013-03-23 09:00:00,-15.2,997.3,1.0,241.0,81.1
2013-03-23 12:00:00,-14.2,997.1,0.8,203.0,76.0
2013-03-23 15:00:00,-13.1,996.1,1.3,227.0,77.0
2013-03-23 18:00:00,-12.9,995.3,1.5,214.0,75.0
2013-03-23 21:00:00,-11.8,994.2,1.3,224.0,73.9
2013-03-24 00:00:00,-11.9,993.3,0.8,230.0,88.3
2013-03-24 03:00:00,-11.7,992.0,0.5,299.0,89.6
2013-03-24 06:00:00,-12.9,991.3,,149.0,76.2
2013-03-24 09:00:00,-14.5,990.8,,145.0,73.0
2013-03-24 12:00:00,-14.9,990.5,4.3,142.0,70.3
2013-03-24 15:00:00,-15.7,991.0,,331.0,73.0
2013-03-24 18:00:00,-15.9,990.4,,,73.0
2013-03-24 21:00:00,-17.0,989.3,0.8,215.0,77.0
2013-03-25 00:00:00,-15.2,987.0,1.5,214.0,71.5
2013-03-25 03:00:00,-15.8,983.4,4.8,233.0,75.2
2013-03-25 06:00:00,-16.4,979.9,1.8,204.0,74.0
2013-03-25 09:00:00,-18.8,979.2,0.6,259.0,78.5
2013-03-25 12:00:00,-19.2,980.7,0.9,197.0,85.9
2013-03-25 15:00:00,-17.5,981.9,1.6,242.0,82.0
2013-03-25 18:00:00,-16.2,982.3,1.7,245.0,84.3
2013-03-25 21:00:00,-14.5,981.9,1.6,244.0,83.0
2013-03-26 00:00:00,-13.0,981.8,4.2,153.0,74.0
2013-03-26 03:00:00,-15.1,981.5,2.8,158.0,80.0
2013-03-26 06:00:00,-15.8,980.9,6.8,143.0,73.5
2013-03-26 09:00:00,-16.2,980.3,6.8,137.0,67.0
2013-03-26 12:00:00,-16.9,979.4,4.7,107.0,70.8
2013-03-26 15:00:00,-18.0,978.3,,185.0,80.0
2013-03-26 18:00:00,-18.0,978.7,0.5,191.0,71.5
2013-03-26 21:00:00,-19.2,978.4,,222.0,83.0
2013-03-27 00:00:00,-19.5,979.0,,214.0,81.1
2013-03-27 03:00:00,-20.9,979.7,12.6,231.0,82.0
2013-03-27 06:00:00,-20.7,980.6,9.8,230.0,82.1
2013-03-27 09:00:00,-21.8,982.4,9.8,232.0,78.0
2013-03-27 12:00:00,-23.2,983.7,9.2,234.0,77.5
2013-03-27 15:00:00,-22.8,985.4,5.4,246.0,62.0
2013-03-27 18:00:00,-24.1,986.8,5.3,232.0,65.0
2013-03-27 21:00:00,-24.2,988.2,1.7,205.0,58.7
2013-03-28 00:00:00,-23.1,988.4,,215.0,59.0
2013-03-28 03:00:00,-21.0,987.6,0.1,216.0,65.0
2013-03-28 06:00:00,-22.8,986.1,1.4,216.0,76.0
2013-03-28 09:00:00,-24.6,983.9,1.0,210.0,78.0
2013-03-28 12:00:00,-25.4,982.1,1.8,216.0,77.0
2013-03-28 15:00:00,-26.4,981.3,1.6,216.0,74.2
2013-03-28 18:00:00,-26.2,980.0,0.3,214.0,74.0
2013-03-28 21:00:00,-25.9,979.7,0.5,217.0,69.6
2013-03-29 00:00:00,-22.0,980.0,0.5,206.0,58.2
2013-03-29 03:00:00,,978.9,2.0,223.0,75.5
2013-03-29 06:00:00,-21.8,978.5,0.1,314.0,63.0
2013-03-29 09:00:00,-24.6,979.0,0.3,254.0,74.0
2013-03-29 12:00:00,-24.8,979.0,1.8,208.0,72.0
2013-03-29 15:00:00,-26.3,979.0,1.5,224.0,75.2
2013-03-29 18:00:00,-21.9,978.3,2.8,233.0,71.6
2013-03-29 21:00:00,,978.3,2.7,213.0,69.0
2013-03-30 00:00:00,-19.1,978.4,2.2,238.0,71.4
2013-03-30 03:00:00,-17.7,977.8,2.4,221.0,74.6
2013-03-30 06:00:00,-18.1,978.7,2.7,217.0,78.2
2013-03-30 09:00:00,-18.3,980.0,2.0,213.0,75.0
2013-03-30 12:00:00,-20.4,982.2,2.0,230.0,81.8
2013-03-30 15:00:00,-18.5,984.5,0.3,94.0,77.0
2013-03-30 18:00:00,-16.2,986.3,0.9,307.0,68.5
2013-03-30 21:00:00,-16.0,987.4,0.7,94.0,66.7
2013-03-31 00:00:00,-15.5,989.2,2.5,262.0,66.0
2013-03-31 03:00:00,-16.2,991.9,1.3,252.0,63.3
2013-03-31 06:00:00,-17.8,993.9,2.6,96.0,65.6
2013-03-31 09:00:00,-18.7,995.6,1.8,69.0,66.0
2013-03-31 12:00:00,-20.3,996.3,1.0,252.0,69.0
2013-03-31 15:00:00,-21.5,996.5,0.1,262.0,78.0
2013-03-31 18:00:00,-20.2,995.5,1.8,221.0,78.0
2013-03-31 21:00:00,-19.8,993.5,1.2,230.0,76.8
2013-04-01 00:00:00,-18.0,991.4,0.8,252.0,71.1
2013-04-01 03:00:00,-18.0,988.8,0.0,236.0,73.5
2013-04-01 06:00:00,-18.1,985.2,0.7,252.0,70.0
2013-04-01 09:00:00,-18.8,982.5,3.5,227.0,79.8
2013-04-01 12:00:00,-18.8,979.2,0.7,201.0,80.0
2013-04-01 15:00:00,-19.1,977.5,,230.0,78.0
2013-04-01 18:00:00,-20.2,976.5,,229.0,78.0
2013-04-01 21:00:00,-19.1,975.6,,50.0,69.9
2013-04-02 00:00:00,-19.5,976.0,,23.0,66.9
2013-04-02 03:00:00,-20.1,975.9,,221.0,54.7
2013-04-02 06:00:00,-20.1,977.2,,11.0,60.0
2013-04-02 09:00:00,-21.4,977.6,,67.0,64.5
2013-04-02 12:00:00,-22.9,977.9,0.2,252.0,74.0
2013-04-02 15:00:00,-22.2,977.3,1.1,151.0,62.0
2013-04-02 18:00:00,-24.6,976.1,2.4,207.0,63.0
2013-04-02 21:00:00,-25.9,975.2,1.8,236.0,70.0
2013-04-03 00:00:00,-22.1,973.6,1.8,239.0,61.8
2013-04-03 03:00:00,,971.0,1.4,107.0,67.2
2013-04-03 06:00:00,-20.3,968.2,1.0,136.0,66.3
2013-04-03 09:00:00,-24.5,966.6,1.1,203.0,69.0
2013-04-03 12:00:00,,965.6,2.0,216.0,72.2
2013-04-03 15:00:00,-27.6,965.4,1.5,210.0,74.0
2013-04-03 18:00:00,-27.1,965.2,1.8,229.0,71.9
2013-04-03 21:00:00,-25.5,965.6,,,71.0
2013-04-04 00:00:00,-22.3,966.3,1.3,231.0,73.0
2013-04-04 03:00:00,-20.8,966.0,0.5,219.0,70.0
2013-04-04 06:00:00,-20.9,966.6,2.2,223.0,70.1
2013-04-04 09:00:00,-22.9,968.2,,228.0,73.0
2013-04-04 12:00:00,-21.7,968.8,,231.0,72.0
2013-04-04 15:00:00,-20.5,969.1,,195.0,69.0
2013-04-04 18:00:00,-22.2,972.0,,202.0,71.0
2013-04-04 21:00:00,-21.5,975.1,19.6,197.0,66.9
2013-04-05 00:00:00,-20.3,978.6,,200.0,57.0
2013-04-05 03:00:00,-22.0,980.9,,243.0,61.0
2013-04-05 06:00:00,-23.1,983.0,,226.0,52.0
2013-04-05 09:00:00,-23.9,983.3,,241.0,55.4
2013-04-05 12:00:00,-24.1,982.8,1.0,240.0,78.0
2013-04-05 15:00:00,-23.4,980.9,3.4,230.0,71.4
2013-04-05 18:00:00,-25.7,979.3,1.1,237.0,72.0
2013-04-05 21:00:00,-26.4,978.3,0.6,221.0,67.7
2013-04-06 00:00:00,-27.2,977.6,1.1,236.0,60.0
2013-04-06 03:00:00,-26.4,977.8,1.0,226.0,65.0
2013-04-06 06:00:00,-25.5,978.5,1.4,216.0,63.0
2013-04-06 09:00:00,-28.2,979.9,1.9,220.0,70.2
2013-04-06 12:00:00,-27.9,980.9,1.4,231.0,69.0
2013-04-06 15:00:00,-26.6,981.4,2.1,217.0,59.0
2013-04-06 18:00:00,-29.1,981.9,2.0,231.0,67.0
2013-04-06 21:00:00,-25.4,983.2,2.3,216.0,49.0
2013-04-07 00:00:00,-27.1,985.4,0.2,316.0,56.7
2013-04-07 03:00:00,-26.0,987.0,0.8,223.0,51.1
2013-04-07 06:00:00,-26.6,988.4,1.1,232.0,63.0
2013-04-07 09:00:00,-28.2,989.7,0.1,242.0,70.0
2013-04-07 12:00:00,-28.5,990.1,0.2,253.0,69.5
2013-04-07 15:00:00,-27.6,990.6,2.0,222.0,65.0
2013-04-07 18:00:00,-28.8,991.9,1.3,228.0,66.0
2013-04-07 21:00:00,-25.7,994.5,0.1,211.0,76.9
2013-04-08 00:00:00,,996.9,2.1,201.0,82.2
2013-04-08 03:00:00,-22.2,997.7,1.5,202.0,65.4
2013-04-08 06:00:00,-24.1,998.4,0.1,233.0,70.0
2013-04-08 09:00:00,-21.3,998.4,1.3,153.0,55.0
2013-04-08 12:00:00,-21.4,998.0,0.9,228.0,70.0
2013-04-08 15:00:00,-21.3,997.7,1.2,251.0,76.4
2013-04-08 18:00:00,-21.9,996.4,0.5,244.0,82.0
2013-04-08 21:00:00,-22.1,995.3,0.1,221.0,84.0
2013-04-09 00:00:00,-22.9,993.6,0.7,235.0,79.7
2013-04-09 03:00:00,-23.4,991.6,0.0,217.0,77.1
2013-04-09 06:00:00,-26.1,989.5,1.5,221.0,80.0
2013-04-09 09:00:00,-26.1,987.5,0.2,239.0,78.0
2013-04-09 12:00:00,-27.5,985.3,1.7,233.0,74.5
2013-04-09 15:00:00,-26.2,983.1,1.4,220.0,77.0
2013-04-09 18:00:00,-26.3,981.8,1.1,197.0,69.0
2013-04-09 21:00:00,-26.7,980.2,3.0,211.0,66.0
2013-04-10 00:00:00,-26.4,980.0,0.2,207.0,58.0
2013-04-10 03:00:00,-27.6,979.8,0.9,225.0,63.9
2013-04-10 06:00:00,-27.2,980.6,,,68.6
2013-04-10 09:00:00,-26.8,981.5,1.5,231.0,69.2
2013-04-10 12:00:00,-26.2,982.5,,,72.0
2013-04-10 15:00:00,-24.0,983.3,0.6,219.0,64.8
2013-04-10 18:00:00,-23.9,984.5,1.0,71.0,74.2
2013-04-10 21:00:00,-23.5,984.5,1.5,54.0,76.0
2013-04-11 00:00:00,-23.4,984.7,0.9,40.0,65.3
2013-04-11 03:00:00,-24.3,984.3,0.1,219.0,67.4
2013-04-11 06:00:00,-26.2,983.9,0.5,220.0,71.9
2013-04-11 09:00:00,-26.9,983.4,0.7,198.0,77.6
2013-04-11 12:00:00,-26.6,983.2,0.0,209.0,70.0
2013-04-11 15:00:00,-27.3,982.5,0.7,111.0,69.0
2013-04-11 18:00:00,-23.3,982.6,0.9,260.0,67.0
2013-04-11 21:00:00,-23.9,982.8,1.5,245.0,57.0
2013-04-12 00:00:00,-22.9,983.4,0.1,122.0,43.0
2013-04-12 03:00:00,-23.8,984.1,0.3,42.0,61.0
2013-04-12 06:00:00,-27.3,984.8,0.5,240.0,67.8
2013-04-12 09:00:00,-26.8,984.3,1.0,240.0,69.0
2013-04-12 12:00:00,-25.4,984.4,0.6,212.0,60.8
2013-04-12 15:00:00,-27.3,984.1,,,70.0
2013-04-12 18:00:00,-26.2,984.2,,,66.0
2013-04-12 21:00:00,-29.6,984.3,,,70.7
2013-04-13 00:00:00,-26.3,984.7,0.5,233.0,65.0
2013-04-13 03:00:00,,984.5,1.4,216.0,65.5
2013-04-13 06:00:00,-22.5,985.0,1.7,201.0,66.0
2013-04-13 09:00:00,-23.7,985.3,0.2,144.0,69.0
2013-04-13 12:00:00,-22.9,986.2,1.5,219.0,61.1
2013-04-13 15:00:00,-23.0,987.0,1.0,133.0,61.0
2013-04-13 18:00:00,-23.6,988.5,1.9,199.0,65.2
2013-04-13 21:00:00,-23.2,989.6,0.8,217.0,60.0
2013-04-14 00:00:00,-23.4,991.1,2.8,213.0,56.0
2013-04-14 03:00:00,-23.5,991.4,,233.0,67.0
2013-04-14 06:00:00,-23.1,992.1,3.5,216.0,57.9
2013-04-14 09:00:00,-23.1,992.0,,137.0,56.0
2013-04-14 12:00:00,-22.7,991.3,1.8,91.0,64.0
2013-04-14 15:00:00,-22.2,990.2,1.6,160.0,60.3
2013-04-14 18:00:00,-21.1,988.4,3.0,220.0,57.0
2013-04-14 21:00:00,-21.9,987.0,,228.0,76.2
2013-04-15 00:00:00,-20.9,985.5,,213.0,74.0
2013-04-15 03:00:00,-20.2,984.6,17.4,205.0,74.0
2013-04-15 06:00:00,-22.0,984.4,20.0,231.0,80.0
2013-04-15 09:00:00,-20.6,985.4,18.4,225.0,81.0
2013-04-15 12:00:00,-20.2,987.9,19.0,219.0,82.1
2013-04-15 15:00:00,-20.7,988.6,20.7,225.0,80.0
2013-04-15 18:00:00,-21.1,993.3,18.6,228.0,83.0
2013-04-15 21:00:00,-21.0,996.0,16.6,229.0,81.2
2013-04-16 00:00:00,-19.1,998.3,,18.0,76.2
2013-04-16 03:00:00,-20.3,1001.4,,230.0,61.9
2013-04-16 06:00:00,-20.5,1002.3,0.4,174.0,62.0
2013-04-16 09:00:00,-21.2,1002.9,0.0,90.0,76.6
2013-04-16 12:00:00,-24.3,1002.0,0.6,262.0,77.5
2013-04-16 15:00:00,-24.2,1001.2,1.7,206.0,77.0
2013-04-16 18:00:00,-22.1,998.1,2.2,207.0,73.0
2013-04-16 21:00:00,-21.9,994.9,2.1,204.0,68.5
2013-04-17 00:00:00,-24.5,993.0,2.1,216.0,71.6
2013-04-17 03:00:00,-23.7,991.3,2.2,204.0,73.2
2013-04-17 06:00:00,-25.8,989.7,0.5,193.0,79.0
2013-04-17 09:00:00,-23.4,989.0,0.0,190.0,79.0
2013-04-17 12:00:00,-24.5,989.4,2.0,232.0,77.5
2013-04-17 15:00:00,-21.9,990.6,3.0,142.0,69.5
2013-04-17 18:00:00,-23.2,992.2,6.0,134.0,68.0
2013-04-17 21:00:00,-24.1,994.0,6.0,134.0,67.0
2013-04-18 00:00:00,-24.7,996.1,3.0,239.0,77.2
2013-04-18 03:00:00,-25.2,997.5,,199.0,68.4
2013-04-18 06:00:00,-25.3,998.5,4.4,217.0,71.2
2013-04-18 09:00:00,-25.6,999.0,,228.0,76.0
2013-04-18 12:00:00,-24.8,999.6,,226.0,76.5
2013-04-18 15:00:00,-24.2,999.2,12.1,227.0,78.1
2013-04-18 18:00:00,-23.6,1000.3,,216.0,71.0
2013-04-18 21:00:00,-23.7,999.7,,76.0,70.2
2013-04-19 00:00:00,-24.4,1000.0,6.1,235.0,69.0
2013-04-19 03:00:00,-23.9,999.6,2.3,220.0,71.7
2013-04-19 06:00:00,-23.7,999.7,3.3,31.0,72.6
2013-04-19 09:00:00,-24.5,999.7,0.4,153.0,69.2
2013-04-19 12:00:00,-24.4,998.3,0.2,156.0,71.0
2013-04-19 15:00:00,-23.9,996.1,0.0,8.0,71.0
2013-04-19 18:00:00,-25.3,994.8,0.5,240.0,76.2
2013-04-19 21:00:00,-26.7,992.2,0.4,232.0,70.0
2013-04-20 00:00:00,-27.7,990.9,1.6,200.0,67.4
2013-04-20 03:00:00,-28.8,989.9,1.0,228.0,71.9
2013-04-20 06:00:00,-25.6,989.2,2.1,207.0,66.0
2013-04-20 09:00:00,-26.1,989.0,2.1,229.0,72.0
2013-04-20 12:00:00,-25.1,989.0,5.7,226.0,64.0
2013-04-20 15:00:00,-25.3,989.7,1.4,221.0,54.2
2013-04-20 18:00:00,-25.6,990.7,2.7,60.0,57.0
2013-04-20 21:00:00,-24.5,993.5,2.5,272.0,53.7
2013-04-21 00:00:00,-26.2,995.8,1.2,52.0,52.0
2013-04-21 03:00:00,-26.5,997.0,,,51.6
2013-04-21 06:00:00,-29.5,998.6,0.0,298.0,66.0
2013-04-21 09:00:00,-29.9,1000.2,0.0,190.0,64.0
2013-04-21 12:00:00,-31.2,1001.6,1.8,215.0,65.1
2013-04-21 15:00:00,-30.5,1002.2,1.2,227.0,60.0
2013-04-21 18:00:00,-31.8,1003.6,1.4,246.0,65.0
2013-04-21 21:00:00,-29.4,1006.6,1.8,29.0,63.0
2013-04-22 00:00:00,-29.0,1008.3,1.7,242.0,64.0
2013-04-22 03:00:00,-26.2,1008.1,1.7,217.0,64.0
2013-04-22 06:00:00,-30.2,1007.1,0.1,237.0,70.4
2013-04-22 09:00:00,-31.1,1007.1,0.1,224.0,70.0
2013-04-22 12:00:00,-31.6,1006.5,,,70.0
2013-04-22 15:00:00,-31.9,1005.9,0.0,264.0,69.0
2013-04-22 18:00:00,-29.4,1005.7,0.3,211.0,70.9
2013-04-22 21:00:00,-30.2,1006.8,1.1,265.0,70.0
2013-04-23 00:00:00,-30.1,1005.3,2.4,228.0,72.3
2013-04-23 03:00:00,-29.5,1003.7,2.2,215.0,67.0
2013-04-23 06:00:00,-28.1,1000.2,2.0,213.0,71.9
2013-04-23 09:00:00,-28.9,996.9,2.0,252.0,73.0
2013-04-23 12:00:00,-27.2,993.1,,,73.0
2013-04-23 15:00:00,-28.5,991.5,0.1,245.0,75.0
2013-04-23 18:00:00,-28.8,990.4,0.2,254.0,70.0
2013-04-23 21:00:00,-27.6,990.1,2.0,228.0,69.0
2013-04-24 00:00:00,-23.9,989.1,2.7,197.0,60.0
2013-04-24 03:00:00,-28.6,988.3,1.2,234.0,70.0
2013-04-24 06:00:00,-27.4,988.2,0.0,263.0,71.0
2013-04-24 09:00:00,-28.0,987.8,2.4,227.0,68.3
2013-04-24 12:00:00,-26.5,987.4,1.1,218.0,60.0
2013-04-24 15:00:00,-26.4,989.4,1.1,249.0,62.0
2013-04-24 18:00:00,-22.1,994.2,0.2,194.0,73.0
2013-04-24 21:00:00,-25.6,994.1,2.6,232.0,75.6
2013-04-25 00:00:00,-24.3,993.1,0.5,263.0,75.9
2013-04-25 03:00:00,-23.9,991.3,1.3,232.0,73.2
2013-04-25 06:00:00,-23.2,991.5,1.3,219.0,73.0
2013-04-25 09:00:00,-25.2,991.7,0.8,216.0,77.4
2013-04-25 12:00:00,-25.2,991.2,1.4,217.0,75.4
2013-04-25 15:00:00,-25.8,990.6,0.4,140.0,78.0
2013-04-25 18:00:00,-25.1,990.8,0.9,229.0,72.0
2013-04-25 21:00:00,-27.1,990.9,1.4,212.0,76.9
2013-04-26 00:00:00,-29.0,990.6,1.2,229.0,71.2
2013-04-26 03:00:00,-26.7,990.0,1.5,245.0,71.0
2013-04-26 06:00:00,-24.1,990.0,,,70.0
2013-04-26 09:00:00,-23.2,989.9,0.6,188.0,67.0
2013-04-26 12:00:00,-21.3,990.2,3.7,157.0,57.2
2013-04-26 15:00:00,-22.0,990.8,,140.0,52.1
2013-04-26 18:00:00,-22.5,990.5,5.9,135.0,63.0
2013-04-26 21:00:00,-23.7,991.1,2.7,156.0,64.8
2013-04-27 00:00:00,-23.6,991.3,,195.0,69.2
2013-04-27 03:00:00,-23.1,991.4,1.1,155.0,63.0
2013-04-27 06:00:00,-23.4,991.3,2.7,148.0,59.0
2013-04-27 09:00:00,-23.8,991.4,4.5,136.0,58.0
2013-04-27 12:00:00,-23.8,991.2,4.1,131.0,54.0
2013-04-27 15:00:00,-24.4,991.0,0.7,188.0,66.2
2013-04-27 18:00:00,-23.9,989.9,3.5,140.0,60.4
2013-04-27 21:00:00,-23.7,989.1,3.9,136.0,64.0
2013-04-28 00:00:00,-23.5,988.5,0.9,225.0,76.0
2013-04-28 03:00:00,-23.3,986.1,1.9,231.0,76.3
2013-04-28 06:00:00,-23.6,984.5,5.1,218.0,81.0
2013-04-28 09:00:00,-23.1,983.0,,224.0,80.0
2013-04-28 12:00:00,-23.5,981.2,,223.0,83.0
2013-04-28 15:00:00,-20.3,979.2,,198.0,78.1
2013-04-28 18:00:00,-19.3,977.4,21.2,197.0,70.0
2013-04-28 21:00:00,-19.4,977.5,23.6,196.0,73.0
2013-04-29 00:00:00,-18.7,975.5,24.3,196.0,76.0
2013-04-29 03:00:00,-18.3,976.9,27.9,203.0,77.8
2013-04-29 06:00:00,-17.8,976.7,,198.0,79.1
2013-04-29 09:00:00,-17.3,975.8,,199.0,77.0
2013-04-29 12:00:00,-16.4,975.6,28.8,202.0,77.0
2013-04-29 15:00:00,-16.0,975.8,,204.0,68.7
2013-04-29 18:00:00,-15.8,976.3,26.6,206.0,70.0
2013-04-29 21:00:00,-15.4,979.0,24.4,207.0,62.7
2013-04-30 00:00:00,-15.9,979.2,21.9,205.0,62.0
2013-04-30 03:00:00,-15.1,979.8,,212.0,44.3
2013-04-30 06:00:00,-15.6,981.4,17.0,201.0,63.2
2013-04-30 09:00:00,-15.7,982.7,,210.0,63.0
2013-04-30 12:00:00,-15.5,983.8,,196.0,61.0
2013-04-30 15:00:00,-15.8,984.8,15.6,210.0,67.0
2013-04-30 18:00:00,-15.1,985.6,14.9,194.0,57.8
2013-04-30 21:00:00,-15.3,986.9,,196.0,65.0
2013-05-01 00:00:00,-14.7,988.1,11.7,195.0,40.0
2013-05-01 03:00:00,-15.1,989.5,,248.0,52.9
2013-05-01 06:00:00,-16.1,990.5,,352.0,56.4
2013-05-01 09:00:00,-16.7,990.9,4.2,232.0,52.1
2013-05-01 12:00:00,-16.3,991.8,2.2,191.0,54.0
2013-05-01 15:00:00,-16.3,992.2,,224.0,61.0
2013-05-01 18:00:00,-17.0,992.2,,213.0,58.0
2013-05-01 21:00:00,-16.9,992.5,6.0,246.0,55.0
2013-05-02 00:00:00,-16.6,992.5,7.3,222.0,50.0
2013-05-02 03:00:00,-16.6,991.9,,218.0,52.0
2013-05-02 06:00:00,-17.9,992.5,,226.0,58.7
2013-05-02 09:00:00,-18.1,992.6,,176.0,56.7
2013-05-02 12:00:00,-18.3,991.3,4.4,257.0,55.0
2013-05-02 15:00:00,-18.7,990.9,4.3,170.0,50.0
2013-05-02 18:00:00,-20.9,990.6,1.4,225.0,60.0
2013-05-02 21:00:00,-19.4,990.3,2.5,151.0,54.0
2013-05-03 00:00:00,-21.5,990.0,0.4,234.0,67.0
2013-05-03 03:00:00,-23.2,989.9,0.8,47.0,73.0
2013-05-03 06:00:00,-25.0,990.2,0.1,273.0,74.0
2013-05-03 09:00:00,-23.7,991.2,0.4,216.0,67.0
2013-05-03 12:00:00,-25.8,992.4,1.6,220.0,74.9
2013-05-03 15:00:00,-24.6,992.9,1.6,224.0,70.0
2013-05-03 18:00:00,-23.5,993.7,1.4,202.0,67.0
2013-05-03 21:00:00,-24.2,995.1,1.6,237.0,75.7
2013-05-04 00:00:00,-23.5,996.0,2.5,228.0,76.0
2013-05-04 03:00:00,-21.5,996.5,2.5,225.0,77.5
2013-05-04 06:00:00,-21.4,996.4,1.5,263.0,77.0
2013-05-04 09:00:00,-21.9,996.0,1.3,232.0,78.0
2013-05-04 12:00:00,-22.1,995.7,0.3,189.0,80.0
2013-05-04 15:00:00,-23.9,994.2,0.4,256.0,81.0
2013-05-04 18:00:00,-24.5,993.2,1.1,218.0,79.0
2013-05-04 21:00:00,-23.8,992.5,0.6,57.0,76.8
2013-05-05 00:00:00,-22.0,992.4,,,71.0
2013-05-05 03:00:00,-23.5,992.3,1.7,230.0,73.8
2013-05-05 06:00:00,-25.8,992.3,1.3,244.0,77.0
2013-05-05 09:00:00,-24.5,992.9,1.3,250.0,75.3
2013-05-05 12:00:00,-24.1,993.5,1.4,213.0,78.0
2013-05-05 15:00:00,-24.0,994.5,0.9,215.0,79.0
2013-05-05 18:00:00,-23.6,994.9,1.1,209.0,77.1
2013-05-05 21:00:00,-24.0,995.5,0.7,180.0,73.0
2013-05-06 00:00:00,-24.7,995.7,0.4,193.0,66.5
2013-05-06 03:00:00,-25.8,995.2,0.9,210.0,68.5
2013-05-06 06:00:00,-29.1,994.2,1.0,224.0,70.0
2013-05-06 09:00:00,-27.2,993.8,1.6,209.0,64.0
2013-05-06 12:00:00,-29.5,993.0,1.5,243.0,69.7
2013-05-06 15:00:00,-26.3,992.1,1.8,194.0,66.0
2013-05-06 18:00:00,,990.7,2.2,223.0,70.0
2013-05-06 21:00:00,-30.5,989.7,0.1,212.0,69.0
2013-05-07 00:00:00,-26.8,988.2,0.6,142.0,68.0
2013-05-07 03:00:00,-30.2,986.7,0.3,11.0,71.9
2013-05-07 06:00:00,,989.5,1.7,171.0,65.0
2013-05-07 09:00:00,-26.3,989.5,1.0,173.0,76.0
2013-05-07 12:00:00,-26.7,988.3,0.7,144.0,76.0
2013-05-07 15:00:00,-29.3,986.2,2.1,232.0,72.8
2013-05-07 18:00:00,-31.0,985.0,0.4,206.0,73.8
2013-05-07 21:00:00,-31.8,984.8,0.2,200.0,71.0
2013-05-08 00:00:00,-31.4,985.7,0.1,205.0,70.0
2013-05-08 03:00:00,-32.8,986.5,1.3,227.0,69.3
2013-05-08 06:00:00,-31.4,987.5,0.6,205.0,71.9
2013-05-08 09:00:00,-31.0,989.0,1.1,209.0,69.0
2013-05-08 12:00:00,-28.1,989.7,1.8,135.0,59.0
2013-05-08 15:00:00,,990.3,1.1,232.0,68.3
2013-05-08 18:00:00,,989.9,0.9,235.0,70.0
2013-05-08 21:00:00,-34.3,990.1,1.3,238.0,65.9
2013-05-09 00:00:00,-34.2,989.5,1.0,248.0,61.0
2013-05-09 03:00:00,-31.3,988.5,2.9,218.0,65.0
2013-05-09 06:00:00,-34.7,988.5,1.4,212.0,63.0
2013-05-09 09:00:00,-35.2,988.4,1.7,216.0,64.0
2013-05-09 12:00:00,,988.6,0.8,234.0,47.0
2013-05-09 15:00:00,,988.4,1.7,47.0,43.0
2013-05-09 18:00:00,,990.4,,50.0,62.0
2013-05-09 21:00:00,-18.5,992.8,2.3,145.0,58.0
2013-05-10 00:00:00,-22.0,993.2,,60.0,55.8
2013-05-10 03:00:00,,994.1,0.1,80.0,77.0
2013-05-10 06:00:00,-23.9,993.9,1.4,218.0,72.4
2013-05-10 09:00:00,-23.3,991.6,1.1,200.0,78.0
2013-05-10 12:00:00,-23.3,988.9,3.9,206.0,72.8
2013-05-10 15:00:00,-22.7,986.3,0.4,190.0,76.0
2013-05-10 18:00:00,-25.4,984.5,0.6,201.0,78.0
2013-05-10 21:00:00,-27.5,984.2,0.1,264.0,77.0
2013-05-11 00:00:00,,986.9,1.1,229.0,79.0
2013-05-11 03:00:00,-24.7,989.0,1.3,212.0,83.0
2013-05-11 06:00:00,,990.4,0.1,232.0,75.4
2013-05-11 09:00:00,-28.6,992.9,0.0,220.0,76.4
2013-05-11 12:00:00,-27.9,993.9,1.3,225.0,75.7
2013-05-11 15:00:00,-27.3,995.3,0.9,204.0,78.0
2013-05-11 18:00:00,-25.4,996.5,0.7,207.0,82.0
2013-05-11 21:00:00,-27.2,997.8,,,76.2
2013-05-12 00:00:00,-25.9,997.5,0.9,221.0,78.0
2013-05-12 03:00:00,-26.1,996.9,0.5,271.0,78.0
2013-05-12 06:00:00,-25.4,996.8,1.0,233.0,78.0
2013-05-12 09:00:00,-24.6,996.3,0.0,251.0,78.5
2013-05-12 12:00:00,-23.8,995.7,0.2,203.0,80.0
2013-05-12 15:00:00,-24.5,995.0,0.0,254.0,79.0
2013-05-12 18:00:00,-23.5,994.4,,,80.0
2013-05-12 21:00:00,-23.3,995.6,2.1,338.0,80.0
2013-05-13 00:00:00,-23.5,997.0,4.0,130.0,72.2
2013-05-13 03:00:00,-23.7,997.5,5.2,132.0,68.0
2013-05-13 06:00:00,-23.7,998.8,5.6,129.0,66.0
2013-05-13 09:00:00,-24.0,999.8,5.8,129.0,66.0
2013-05-13 12:00:00,-24.0,999.9,3.1,339.0,69.0
2013-05-13 15:00:00,-23.2,999.9,,235.0,74.6
2013-05-13 18:00:00,-23.7,1000.1,1.8,174.0,63.0
2013-05-13 21:00:00,-22.2,998.3,,205.0,67.0
2013-05-14 00:00:00,-21.7,996.4,,188.0,64.0
2013-05-14 03:00:00,-20.5,995.4,9.7,199.0,47.5
2013-05-14 06:00:00,-24.0,994.5,,227.0,63.0
2013-05-14 09:00:00,-24.0,993.0,,228.0,57.8
2013-05-14 12:00:00,-24.5,990.0,,233.0,48.0
2013-05-14 15:00:00,-24.2,987.3,0.6,198.0,43.0
2013-05-14 18:00:00,-26.7,985.6,0.3,124.0,57.0
2013-05-14 21:00:00,-28.2,983.5,0.4,215.0,68.0
2013-05-15 00:00:00,-28.8,981.3,1.5,232.0,69.0
2013-05-15 03:00:00,-25.8,979.3,3.3,212.0,56.0
2013-05-15 06:00:00,-29.4,978.1,0.0,74.0,67.3
2013-05-15 09:00:00,,976.9,1.4,229.0,68.0
2013-05-15 12:00:00,-31.9,976.5,,,70.0
2013-05-15 15:00:00,-32.2,975.9,0.6,237.0,69.0
2013-05-15 18:00:00,-32.3,975.5,,,69.0
2013-05-15 21:00:00,-29.5,975.2,2.2,248.0,66.5
2013-05-16 00:00:00,,974.8,0.2,172.0,71.7
2013-05-16 03:00:00,-26.3,974.4,2.0,230.0,74.7
2013-05-16 06:00:00,-25.8,974.3,1.9,245.0,74.0
2013-05-16 09:00:00,-24.7,973.9,1.9,271.0,71.0
2013-05-16 12:00:00,-24.3,973.0,1.8,233.0,71.0
2013-05-16 15:00:00,-23.4,972.4,2.7,222.0,65.2
2013-05-16 18:00:00,-22.1,972.0,0.9,181.0,57.0
2013-05-16 21:00:00,-21.6,972.1,2.7,232.0,71.0
2013-05-17 00:00:00,,972.0,,195.0,55.0
2013-05-17 03:00:00,,971.5,,190.0,60.9
2013-05-17 06:00:00,-15.8,972.1,12.8,201.0,73.1
2013-05-17 09:00:00,-19.1,975.2,10.3,126.0,81.8
2013-05-17 12:00:00,-18.7,978.1,,213.0,76.0
2013-05-17 15:00:00,-20.1,979.5,,150.0,83.0
2013-05-17 18:00:00,-20.4,979.6,3.3,40.0,81.7
2013-05-17 21:00:00,,980.6,,198.0,47.3
2013-05-18 00:00:00,,980.9,,194.0,58.0
2013-05-18 03:00:00,-15.0,982.3,15.8,200.0,65.0
2013-05-18 06:00:00,-14.7,982.0,15.1,206.0,56.0
2013-05-18 09:00:00,-14.8,982.7,16.4,204.0,60.8
2013-05-18 12:00:00,-14.6,982.9,17.2,199.0,54.0
2013-05-18 15:00:00,-14.5,983.9,15.9,201.0,55.0
2013-05-18 18:00:00,-14.3,983.0,14.1,193.0,49.7
2013-05-18 21:00:00,-15.6,984.0,,226.0,61.5
2013-05-19 00:00:00,-15.8,984.4,,224.0,61.0
2013-05-19 03:00:00,-15.9,985.7,,186.0,65.0
2013-05-19 06:00:00,-16.9,985.5,1.0,225.0,68.0
2013-05-19 09:00:00,-16.7,986.4,2.6,17.0,67.4
2013-05-19 12:00:00,-16.7,987.2,4.2,229.0,57.5
2013-05-19 15:00:00,-16.6,986.9,4.3,219.0,60.0
2013-05-19 18:00:00,-17.0,987.6,4.8,226.0,54.0
2013-05-19 21:00:00,-18.2,988.3,0.5,57.0,66.0
2013-05-20 00:00:00,-18.3,988.3,1.4,252.0,61.0
2013-05-20 03:00:00,-16.9,987.9,1.7,58.0,57.0
2013-05-20 06:00:00,-17.0,987.9,6.0,229.0,52.0
2013-05-20 09:00:00,-17.0,988.5,2.4,206.0,53.0
2013-05-20 12:00:00,-18.7,989.1,1.3,243.0,59.1
2013-05-20 15:00:00,-20.5,988.9,0.6,229.0,68.0
2013-05-20 18:00:00,-22.5,988.9,0.4,195.0,75.0
2013-05-20 21:00:00,-21.7,989.6,0.0,296.0,75.0
2013-05-21 00:00:00,-21.6,989.3,0.1,238.0,75.0
2013-05-21 03:00:00,-21.8,989.0,,,79.0
2013-05-21 06:00:00,-21.7,988.7,,,83.0
2013-05-21 09:00:00,-21.8,987.6,,,83.8
2013-05-21 12:00:00,-22.4,986.9,0.2,229.0,82.0
2013-05-21 15:00:00,-24.7,985.5,0.5,229.0,79.4
2013-05-21 18:00:00,-22.8,984.4,0.1,212.0,83.0
2013-05-21 21:00:00,-22.2,984.0,0.9,205.0,83.0
2013-05-22 00:00:00,-21.9,984.1,,,83.2
2013-05-22 03:00:00,-23.6,983.9,0.9,209.0,79.0
2013-05-22 06:00:00,-25.7,984.2,2.1,220.0,78.0
2013-05-22 09:00:00,-27.0,984.3,0.1,226.0,78.0
2013-05-22 12:00:00,-26.6,985.0,0.4,249.0,79.2
2013-05-22 15:00:00,-22.7,986.7,0.5,223.0,80.0
2013-05-22 18:00:00,-23.1,987.7,0.4,280.0,82.0
2013-05-22 21:00:00,-21.6,988.5,1.2,79.0,75.0
2013-05-23 00:00:00,-21.6,988.5,,210.0,64.5
2013-05-23 03:00:00,-20.7,987.9,2.4,92.0,52.2
2013-05-23 06:00:00,-19.1,987.1,,216.0,52.0
2013-05-23 09:00:00,-18.5,986.3,,204.0,54.8
2013-05-23 12:00:00,-16.7,984.6,,198.0,30.0
2013-05-23 15:00:00,-16.4,983.0,,197.0,41.6
2013-05-23 18:00:00,-15.8,981.0,12.0,200.0,32.0
2013-05-23 21:00:00,-17.6,979.4,,76.0,43.1
2013-05-24 00:00:00,-19.5,979.0,,77.0,48.0
2013-05-24 03:00:00,-20.0,977.5,0.1,156.0,50.3
2013-05-24 06:00:00,-23.5,975.4,1.5,248.0,67.0
2013-05-24 09:00:00,-22.1,975.1,1.4,225.0,68.0
2013-05-24 12:00:00,-19.6,975.2,1.8,205.0,46.5
2013-05-24 15:00:00,-18.9,975.4,1.0,199.0,49.0
2013-05-24 18:00:00,-17.9,976.4,0.7,163.0,55.4
2013-05-24 21:00:00,-14.5,976.0,,201.0,32.0
2013-05-25 00:00:00,-17.4,976.3,,253.0,50.0
2013-05-25 03:00:00,-15.3,977.7,9.6,196.0,36.3
2013-05-25 06:00:00,-15.5,977.9,9.6,219.0,44.0
2013-05-25 09:00:00,-15.4,978.6,12.6,195.0,40.0
2013-05-25 12:00:00,-15.7,980.1,11.0,198.0,38.0
2013-05-25 15:00:00,-17.4,979.9,,240.0,53.0
2013-05-25 18:00:00,-17.5,981.2,7.7,232.0,65.0
2013-05-25 21:00:00,-17.5,981.7,,201.0,54.9
2013-05-26 00:00:00,-19.5,981.6,,308.0,55.0
2013-05-26 03:00:00,-20.6,980.6,0.5,233.0,61.5
2013-05-26 06:00:00,-23.8,979.8,1.7,222.0,64.7
2013-05-26 09:00:00,-25.4,979.4,1.4,232.0,73.0
2013-05-26 12:00:00,-25.7,979.4,0.0,250.0,74.0
2013-05-26 15:00:00,-27.1,980.1,0.1,39.0,71.0
2013-05-26 18:00:00,-25.9,981.6,0.3,204.0,75.9
2013-05-26 21:00:00,-26.1,984.7,0.9,214.0,68.0
2013-05-27 00:00:00,-24.5,987.8,1.3,210.0,86.0
2013-05-27 03:00:00,-23.2,990.1,1.4,248.0,82.4
2013-05-27 06:00:00,,992.4,4.5,215.0,64.1
2013-05-27 09:00:00,-19.9,995.2,,220.0,67.0
2013-05-27 12:00:00,-19.8,997.6,,224.0,70.0
2013-05-27 15:00:00,-17.4,998.8,9.9,220.0,47.0
2013-05-27 18:00:00,-20.0,999.7,13.2,232.0,71.0
2013-05-27 21:00:00,-19.9,1000.9,13.2,225.0,64.7
2013-05-28 00:00:00,-19.7,1001.2,,224.0,62.0
2013-05-28 03:00:00,-17.2,999.5,8.4,203.0,44.0
2013-05-28 06:00:00,-19.7,998.4,10.7,229.0,58.0
2013-05-28 09:00:00,-19.5,996.3,,228.0,57.8
2013-05-28 12:00:00,-20.8,995.3,15.2,225.0,71.0
2013-05-28 15:00:00,-21.3,993.7,15.0,230.0,82.0
2013-05-28 18:00:00,-19.7,992.8,15.7,206.0,74.0
2013-05-28 21:00:00,-19.8,992.7,,204.0,74.0
2013-05-29 00:00:00,-19.3,991.4,,199.0,70.6
2013-05-29 03:00:00,-17.9,989.8,,203.0,68.0
2013-05-29 06:00:00,-18.1,988.9,,196.0,73.2
2013-05-29 09:00:00,-17.9,991.0,,198.0,73.0
2013-05-29 12:00:00,-17.9,991.4,,197.0,75.4
2013-05-29 15:00:00,-17.2,992.1,24.8,196.0,71.0
2013-05-29 18:00:00,-17.4,993.0,23.9,200.0,76.0
2013-05-29 21:00:00,-16.8,995.0,,206.0,66.0
2013-05-30 00:00:00,-16.3,996.3,,196.0,75.1
2013-05-30 03:00:00,-15.1,996.2,17.0,208.0,61.0
2013-05-30 06:00:00,-16.3,998.5,15.5,206.0,66.0
2013-05-30 09:00:00,-15.5,999.7,14.9,194.0,47.0
2013-05-30 12:00:00,-15.9,1000.4,16.0,195.0,54.9
2013-05-30 15:00:00,-17.7,1001.5,,225.0,79.0
2013-05-30 18:00:00,-16.8,1002.1,,98.0,69.0
2013-05-30 21:00:00,-17.0,1001.3,,22.0,63.5
2013-05-31 00:00:00,-17.5,1001.0,2.8,140.0,63.0
2013-05-31 03:00:00,-17.7,1000.0,1.4,51.0,64.0
2013-05-31 06:00:00,-18.4,998.1,1.9,163.0,61.0
2013-05-31 09:00:00,-18.4,996.9,5.5,143.0,58.8
2013-05-31 12:00:00,-19.9,996.5,1.8,121.0,65.0
2013-05-31 15:00:00,,995.9,0.7,31.0,78.2
2013-05-31 18:00:00,-22.8,995.8,1.6,215.0,77.0
2013-05-31 21:00:00,-24.1,995.6,1.5,218.0,77.0
2013-06-01 00:00:00,-23.8,995.2,0.4,199.0,78.1
2013-06-01 03:00:00,-21.4,995.1,0.3,161.0,64.7
2013-06-01 06:00:00,-20.9,995.6,2.2,116.0,63.0
2013-06-01 09:00:00,-20.9,995.9,,145.0,58.0
2013-06-01 12:00:00,-22.0,997.4,0.4,221.0,63.4
2013-06-01 15:00:00,-25.7,997.2,0.8,263.0,75.0
2013-06-01 18:00:00,-22.9,997.5,0.5,122.0,70.0
2013-06-01 21:00:00,-25.4,996.9,0.5,219.0,77.0
2013-06-02 00:00:00,-25.4,995.6,0.8,211.0,73.0
2013-06-02 03:00:00,-22.9,994.3,2.4,148.0,71.6
2013-06-02 06:00:00,-23.2,992.7,3.2,125.0,63.0
2013-06-02 09:00:00,-23.8,991.6,0.8,95.0,75.0
2013-06-02 12:00:00,-24.8,990.5,0.8,186.0,73.0
2013-06-02 15:00:00,-26.4,989.3,0.6,182.0,75.6
2013-06-02 18:00:00,-27.1,988.7,0.4,135.0,70.0
2013-06-02 21:00:00,-29.1,988.4,0.0,242.0,72.5
2013-06-03 00:00:00,-29.2,988.8,0.3,226.0,60.0
2013-06-03 03:00:00,-30.0,989.3,0.4,176.0,68.0
2013-06-03 06:00:00,-28.1,990.1,2.0,205.0,58.4
2013-06-03 09:00:00,-27.5,990.9,2.2,232.0,56.2
2013-06-03 12:00:00,-23.4,991.8,1.1,231.0,56.0
2013-06-03 15:00:00,-23.7,993.2,2.8,229.0,52.0
2013-06-03 18:00:00,-23.1,994.7,5.7,222.0,48.9
2013-06-03 21:00:00,-24.3,996.7,2.4,212.0,52.0
2013-06-04 00:00:00,-24.2,997.2,3.6,209.0,45.3
2013-06-04 03:00:00,-23.7,998.2,2.5,141.0,42.9
2013-06-04 06:00:00,-27.6,998.4,0.2,280.0,56.4
2013-06-04 09:00:00,-26.8,998.1,1.5,39.0,53.0
2013-06-04 12:00:00,-24.4,999.1,0.6,209.0,40.0
2013-06-04 15:00:00,-27.2,999.0,0.9,209.0,55.0
2013-06-04 18:00:00,-28.4,999.6,1.9,253.0,61.0
2013-06-04 21:00:00,-28.1,1000.5,0.7,239.0,57.0
2013-06-05 00:00:00,-28.8,1001.6,1.3,230.0,66.0
2013-06-05 03:00:00,-28.5,1002.5,2.2,214.0,62.1
2013-06-05 06:00:00,-27.4,1003.6,1.7,206.0,52.0
2013-06-05 09:00:00,-27.6,1004.3,1.8,208.0,55.6
2013-06-05 12:00:00,-29.5,1004.9,1.0,276.0,63.0
2013-06-05 15:00:00,-27.4,1005.0,1.8,220.0,59.0
2013-06-05 18:00:00,-27.8,1005.1,0.1,148.0,66.8
2013-06-05 21:00:00,-27.7,1004.7,0.1,123.0,67.0
2013-06-06 00:00:00,-28.7,1004.4,0.2,211.0,69.7
2013-06-06 03:00:00,-27.8,1003.1,0.3,207.0,69.6
2013-06-06 06:00:00,-27.0,1002.1,0.4,196.0,71.7
2013-06-06 09:00:00,-25.7,1001.1,1.5,225.0,73.0
2013-06-06 12:00:00,-25.0,1000.8,1.2,252.0,75.0
2013-06-06 15:00:00,-24.2,999.6,1.4,226.0,76.0
2013-06-06 18:00:00,-23.6,997.5,1.3,263.0,79.0
2013-06-06 21:00:00,-23.4,997.2,1.2,230.0,81.9
2013-06-07 00:00:00,-23.9,998.7,2.0,247.0,80.0
2013-06-07 03:00:00,-24.2,998.5,0.6,205.0,78.0
2013-06-07 06:00:00,-23.5,998.0,0.2,337.0,76.0
2013-06-07 09:00:00,-23.7,996.3,1.7,211.0,76.1
2013-06-07 12:00:00,-23.0,994.1,,134.0,68.0
2013-06-07 15:00:00,-23.4,993.8,6.6,129.0,66.0
2013-06-07 18:00:00,-23.4,994.6,3.6,146.0,65.0
2013-06-07 21:00:00,-23.9,996.5,6.2,125.0,63.0
2013-06-08 00:00:00,-24.4,998.0,4.9,131.0,62.9
2013-06-08 03:00:00,-26.3,998.0,,177.0,72.1
2013-06-08 06:00:00,-28.1,998.3,0.1,181.0,71.4
2013-06-08 09:00:00,-26.8,998.1,0.7,132.0,69.7
2013-06-08 12:00:00,-29.4,997.3,0.4,219.0,70.3
2013-06-08 15:00:00,-30.3,996.4,0.9,244.0,71.0
2013-06-08 18:00:00,-28.4,995.3,0.8,241.0,68.0
2013-06-08 21:00:00,-30.9,994.9,0.0,8.0,72.0
2013-06-09 00:00:00,-31.2,994.2,0.8,249.0,73.0
2013-06-09 03:00:00,-28.3,994.3,0.5,237.0,71.0
2013-06-09 06:00:00,-27.4,993.6,2.4,45.0,65.0
2013-06-09 09:00:00,-28.2,992.1,2.5,221.0,59.0
2013-06-09 12:00:00,-29.0,989.5,5.2,118.0,58.8
2013-06-09 15:00:00,-30.5,986.8,,222.0,70.5
2013-06-09 18:00:00,-28.5,986.2,,219.0,66.0
2013-06-09 21:00:00,-28.7,984.9,13.5,233.0,70.0
2013-06-10 00:00:00,-26.8,986.2,15.0,201.0,67.8
2013-06-10 03:00:00,-24.9,984.8,12.8,212.0,69.0
2013-06-10 06:00:00,-24.4,984.8,16.5,220.0,73.0
2013-06-10 09:00:00,-22.8,985.9,13.1,219.0,69.0
2013-06-10 12:00:00,-22.8,987.0,,211.0,67.2
2013-06-10 15:00:00,-23.1,987.6,,205.0,63.0
2013-06-10 18:00:00,-23.2,987.9,13.4,204.0,64.0
2013-06-10 21:00:00,-22.6,987.6,16.9,202.0,61.0
2013-06-11 00:00:00,-21.8,987.1,12.4,204.0,52.0
2013-06-11 03:00:00,-21.6,986.7,14.2,198.0,45.7
2013-06-11 06:00:00,-21.2,986.5,,197.0,37.0
2013-06-11 09:00:00,-19.9,985.5,10.2,204.0,33.0
2013-06-11 12:00:00,-21.9,986.5,,42.0,52.0
2013-06-11 15:00:00,-22.6,986.3,,56.0,50.7
2013-06-11 18:00:00,-21.6,986.7,3.9,30.0,48.0
2013-06-11 21:00:00,-21.3,988.1,3.4,31.0,53.8
2013-06-12 00:00:00,-21.8,989.4,0.7,28.0,47.0
2013-06-12 03:00:00,-21.7,989.6,2.3,138.0,38.1
2013-06-12 06:00:00,-24.6,989.1,2.4,232.0,59.3
2013-06-12 09:00:00,-25.3,988.4,1.3,214.0,56.1
2013-06-12 12:00:00,-27.4,987.7,2.1,224.0,67.0
2013-06-12 15:00:00,-24.1,986.9,2.7,233.0,55.9
2013-06-12 18:00:00,-24.0,986.5,2.3,212.0,54.2
2013-06-12 21:00:00,-22.8,985.9,1.0,217.0,59.0
2013-06-13 00:00:00,-19.2,986.7,0.5,180.0,58.3
2013-06-13 03:00:00,-20.2,988.0,0.2,123.0,57.7
2013-06-13 06:00:00,-21.9,989.7,0.0,194.0,73.0
2013-06-13 09:00:00,-21.3,991.9,2.1,140.0,68.0
2013-06-13 12:00:00,-23.7,993.8,1.8,225.0,76.0
2013-06-13 15:00:00,-22.6,995.7,0.3,329.0,74.0
2013-06-13 18:00:00,-22.5,997.0,,139.0,69.0
2013-06-13 21:00:00,-23.1,999.5,,205.0,76.0
2013-06-14 00:00:00,-25.2,1001.1,1.0,207.0,71.0
2013-06-14 03:00:00,-26.3,1001.4,2.0,210.0,64.9
2013-06-14 06:00:00,-26.2,1000.4,2.4,230.0,62.6
2013-06-14 09:00:00,-26.5,1000.5,0.8,201.0,63.0
2013-06-14 12:00:00,-27.0,1000.6,1.7,233.0,62.0
2013-06-14 15:00:00,-27.7,1000.9,0.0,175.0,60.0
2013-06-14 18:00:00,-30.0,1001.6,0.0,246.0,69.0
2013-06-14 21:00:00,-29.8,1002.3,1.5,240.0,67.0
2013-06-15 00:00:00,-30.5,1002.8,1.8,238.0,66.0
2013-06-15 03:00:00,-31.1,1002.8,2.4,215.0,66.7
2013-06-15 06:00:00,,1002.3,1.9,264.0,49.5
2013-06-15 09:00:00,,1002.3,2.0,230.0,46.8
2013-06-15 12:00:00,-23.6,999.8,5.9,260.0,58.0
2013-06-15 15:00:00,-22.7,998.8,1.4,248.0,46.0
2013-06-15 18:00:00,-21.1,996.7,3.4,200.0,34.0
2013-06-15 21:00:00,-23.3,995.3,0.4,50.0,43.8
2013-06-16 00:00:00,-22.5,994.5,0.8,181.0,43.0
2013-06-16 03:00:00,-20.3,994.4,0.9,340.0,45.0
2013-06-16 06:00:00,-20.6,994.4,1.8,140.0,47.4
2013-06-16 09:00:00,-25.1,992.9,2.9,215.0,59.0
2013-06-16 12:00:00,-21.9,992.5,0.9,247.0,42.5
2013-06-16 15:00:00,,993.9,1.7,87.0,54.0
2013-06-16 18:00:00,-19.3,993.9,1.9,166.0,45.0
2013-06-16 21:00:00,-21.9,995.6,1.2,229.0,61.0
2013-06-17 00:00:00,-17.2,996.0,4.7,207.0,47.5
2013-06-17 03:00:00,-20.3,996.9,0.0,83.0,56.7
2013-06-17 06:00:00,-21.4,996.5,0.1,115.0,63.5
2013-06-17 09:00:00,-17.9,995.9,,113.0,49.0
2013-06-17 12:00:00,-18.2,996.1,2.9,227.0,47.1
2013-06-17 15:00:00,-15.5,995.7,7.0,151.0,60.0
2013-06-17 18:00:00,-15.3,996.7,,192.0,44.0
2013-06-17 21:00:00,-15.6,998.0,8.4,180.0,49.0
2013-06-18 00:00:00,-18.2,1000.3,,146.0,66.3
2013-06-18 03:00:00,-18.7,1002.4,5.1,139.0,60.0
2013-06-18 06:00:00,,1005.3,0.6,272.0,77.0
2013-06-18 09:00:00,-22.9,1007.3,1.7,203.0,76.0
2013-06-18 12:00:00,-23.6,1008.3,0.2,260.0,78.9
2013-06-18 15:00:00,,1009.3,,217.0,40.6
2013-06-18 18:00:00,,1010.3,,77.0,54.0
2013-06-18 21:00:00,-20.3,1011.1,,137.0,67.1
2013-06-19 00:00:00,-21.7,1012.3,,163.0,73.0
2013-06-19 03:00:00,-23.2,1010.4,3.1,226.0,75.0
2013-06-19 06:00:00,-25.2,1009.4,,,76.3
2013-06-19 09:00:00,-27.1,1007.8,2.7,216.0,77.9
2013-06-19 12:00:00,-27.2,1005.5,1.4,224.0,76.0
2013-06-19 15:00:00,-27.5,1004.4,2.9,214.0,73.3
2013-06-19 18:00:00,-26.8,1004.2,1.8,230.0,69.8
2013-06-19 21:00:00,-26.8,1004.8,2.3,212.0,68.0
2013-06-20 00:00:00,-26.7,1005.5,1.5,205.0,63.9
2013-06-20 03:00:00,-29.4,1005.7,1.6,231.0,69.2
2013-06-20 06:00:00,-27.6,1006.1,0.9,200.0,62.0
2013-06-20 09:00:00,-28.3,1007.1,1.8,252.0,76.0
2013-06-20 12:00:00,-29.0,1007.6,1.6,232.0,71.0
2013-06-20 15:00:00,-24.2,1007.0,3.4,224.0,56.0
2013-06-20 18:00:00,,1007.5,0.3,228.0,54.4
2013-06-20 21:00:00,-24.4,1007.6,0.6,252.0,69.0
2013-06-21 00:00:00,-22.2,1007.7,2.8,218.0,54.1
2013-06-21 03:00:00,-23.1,1007.7,0.8,222.0,62.0
2013-06-21 06:00:00,-22.6,1007.4,2.1,227.0,67.0
2013-06-21 09:00:00,-20.9,1007.0,2.6,233.0,64.2
2013-06-21 12:00:00,-18.0,1006.5,0.4,188.0,72.0
2013-06-21 15:00:00,,1005.7,,137.0,57.0
2013-06-21 18:00:00,-16.6,1005.7,5.1,157.0,57.0
2013-06-21 21:00:00,-18.0,1005.2,,203.0,85.7
2013-06-22 00:00:00,-17.4,1005.1,,161.0,53.6
2013-06-22 03:00:00,-18.9,1004.3,,157.0,67.0
2013-06-22 06:00:00,-18.0,1004.5,1.6,174.0,69.5
2013-06-22 09:00:00,-19.4,1003.4,3.4,207.0,82.0
2013-06-22 12:00:00,-20.4,1002.5,1.7,245.0,83.0
2013-06-22 15:00:00,-19.0,1000.3,0.6,258.0,82.0
2013-06-22 18:00:00,-15.5,997.6,3.3,74.0,60.0
2013-06-22 21:00:00,-15.8,995.2,,227.0,78.0
2013-06-23 00:00:00,-15.5,993.6,6.7,144.0,62.4
2013-06-23 03:00:00,-15.7,991.7,9.1,147.0,75.7
2013-06-23 06:00:00,-17.6,993.6,10.1,130.0,78.0
2013-06-23 09:00:00,-16.6,994.0,7.5,136.0,71.0
2013-06-23 12:00:00,-16.2,995.7,,158.0,65.0
2013-06-23 15:00:00,-15.4,996.6,8.0,223.0,53.0
2013-06-23 18:00:00,-16.7,998.2,,224.0,84.0
2013-06-23 21:00:00,-16.4,1000.8,12.7,197.0,74.0
2013-06-24 00:00:00,-16.8,1001.9,16.2,189.0,72.0
2013-06-24 03:00:00,-17.0,1003.6,16.1,199.0,80.3
2013-06-24 06:00:00,-16.8,1003.9,16.8,193.0,74.6
2013-06-24 09:00:00,-18.5,1006.5,16.1,226.0,76.7
2013-06-24 12:00:00,-15.9,1006.4,15.2,203.0,75.0
2013-06-24 15:00:00,-15.8,1008.3,19.3,196.0,70.0
2013-06-24 18:00:00,-16.5,1009.4,18.2,226.0,86.0
2013-06-24 21:00:00,-15.5,1010.7,,224.0,80.0
2013-06-25 00:00:00,-16.2,1013.2,17.4,227.0,72.0
2013-06-25 03:00:00,-15.9,1014.8,,226.0,61.0
2013-06-25 06:00:00,-15.4,1016.1,,237.0,63.7
2013-06-25 09:00:00,-15.0,1016.9,,227.0,63.0
2013-06-25 12:00:00,-15.4,1017.0,,193.0,61.0
2013-06-25 15:00:00,-14.9,1016.5,1.1,87.0,57.0
2013-06-25 18:00:00,-15.1,1017.0,2.7,267.0,48.0
2013-06-25 21:00:00,-15.3,1016.4,0.3,214.0,56.0
2013-06-26 00:00:00,-16.0,1016.4,0.7,209.0,76.0
2013-06-26 03:00:00,-15.8,1016.0,0.8,99.0,87.5
2013-06-26 06:00:00,-15.7,1015.6,0.6,219.0,88.0
2013-06-26 09:00:00,-16.4,1015.0,0.1,242.0,89.0
2013-06-26 12:00:00,-16.1,1013.8,1.5,247.0,88.0
2013-06-26 15:00:00,-15.7,1012.8,0.7,241.0,90.0
2013-06-26 18:00:00,-16.3,1011.4,0.3,222.0,90.0
2013-06-26 21:00:00,-16.2,1009.3,1.4,240.0,90.1
2013-06-27 00:00:00,-16.3,1006.9,0.2,224.0,90.0
2013-06-27 03:00:00,-16.1,1003.8,0.1,197.0,91.0
2013-06-27 06:00:00,-15.4,1001.3,0.2,54.0,91.0
2013-06-27 09:00:00,-14.1,999.0,,132.0,81.6
2013-06-27 12:00:00,-14.8,998.4,3.1,43.0,74.0
2013-06-27 15:00:00,-15.6,998.2,7.1,221.0,79.0
2013-06-27 18:00:00,-17.2,997.2,,226.0,86.4
2013-06-27 21:00:00,-17.8,997.1,,228.0,86.0
2013-06-28 00:00:00,-18.4,998.1,16.1,221.0,82.0
2013-06-28 03:00:00,-19.3,998.6,15.6,232.0,77.0
2013-06-28 06:00:00,-17.6,999.1,16.0,197.0,68.7
2013-06-28 09:00:00,-18.6,998.4,13.8,218.0,71.0
2013-06-28 12:00:00,-19.1,1000.6,,203.0,68.0
2013-06-28 15:00:00,-19.0,1000.1,,200.0,71.0
2013-06-28 18:00:00,-19.5,999.9,,222.0,82.0
2013-06-28 21:00:00,-18.7,999.4,18.9,222.0,84.0
2013-06-29 00:00:00,-17.9,999.8,14.9,225.0,80.3
2013-06-29 03:00:00,-17.0,999.3,,211.0,84.0
2013-06-29 06:00:00,-16.3,998.7,16.2,211.0,81.0
2013-06-29 09:00:00,-15.7,999.7,15.3,207.0,68.0
2013-06-29 12:00:00,-14.9,999.2,13.7,199.0,60.0
2013-06-29 15:00:00,-14.8,998.9,10.9,193.0,53.0
2013-06-29 18:00:00,-15.2,998.3,,192.0,49.0
2013-06-29 21:00:00,-17.3,998.6,10.0,219.0,45.0
2013-06-30 00:00:00,-18.2,998.0,,22.0,58.0
2013-06-30 03:00:00,-17.2,996.9,,144.0,50.6
2013-06-30 06:00:00,-17.9,996.2,2.9,88.0,51.0
2013-06-30 09:00:00,-17.8,995.0,,217.0,50.0
2013-06-30 12:00:00,-14.7,993.8,,201.0,47.6
2013-06-30 15:00:00,-14.5,993.3,9.0,198.0,47.0
2013-06-30 18:00:00,-14.4,992.8,9.9,207.0,53.3
2013-06-30 21:00:00,-16.0,992.9,,190.0,61.3
2013-07-01 00:00:00,-16.5,994.5,6.4,138.0,73.0
2013-07-01 03:00:00,-16.6,995.0,2.6,82.0,68.5
2013-07-01 06:00:00,-16.6,995.2,,233.0,60.8
2013-07-01 09:00:00,-16.6,995.5,2.7,73.0,57.9
2013-07-01 12:00:00,-16.8,996.2,,127.0,69.0
2013-07-01 15:00:00,-16.8,997.1,4.9,127.0,67.0
2013-07-01 18:00:00,-17.5,998.2,,116.0,66.0
2013-07-01 21:00:00,-18.7,999.1,0.9,143.0,70.1
2013-07-02 00:00:00,-19.4,999.7,1.1,47.0,67.2
2013-07-02 03:00:00,-20.0,998.9,2.3,40.0,66.0
2013-07-02 06:00:00,-19.4,999.7,1.5,297.0,59.0
2013-07-02 09:00:00,-20.2,1000.2,5.2,58.0,69.0
2013-07-02 12:00:00,-19.9,1001.2,2.7,57.0,72.1
2013-07-02 15:00:00,-20.4,1001.4,2.3,235.0,74.0
2013-07-02 18:00:00,-20.6,1001.1,1.5,357.0,70.0
2013-07-02 21:00:00,-21.0,1001.0,2.1,73.0,74.0
2013-07-03 00:00:00,-21.5,1000.8,2.1,76.0,69.5
2013-07-03 03:00:00,-22.4,1000.0,2.1,47.0,74.5
2013-07-03 06:00:00,-23.6,999.0,,,79.6
2013-07-03 09:00:00,-24.8,997.9,0.1,191.0,80.0
2013-07-03 12:00:00,-23.8,996.8,1.7,140.0,74.0
2013-07-03 15:00:00,-26.9,995.1,0.0,242.0,77.0
2013-07-03 18:00:00,-28.1,993.0,0.7,236.0,77.0
2013-07-03 21:00:00,-29.3,991.6,0.5,248.0,77.0
2013-07-04 00:00:00,-28.8,989.7,0.8,234.0,74.0
2013-07-04 03:00:00,-28.9,987.2,0.2,151.0,76.0
2013-07-04 06:00:00,-29.1,986.0,1.6,220.0,76.0
2013-07-04 09:00:00,-30.4,986.2,0.2,213.0,74.0
2013-07-04 12:00:00,-29.9,987.5,1.3,218.0,73.0
2013-07-04 15:00:00,-27.9,989.4,1.0,221.0,73.3
2013-07-04 18:00:00,-28.3,991.0,0.0,226.0,73.8
2013-07-04 21:00:00,-27.2,993.1,1.5,242.0,73.0
2013-07-05 00:00:00,-25.2,995.1,2.1,223.0,72.0
2013-07-05 03:00:00,-25.2,995.9,2.4,224.0,72.0
2013-07-05 06:00:00,-24.8,996.0,1.3,232.0,70.6
2013-07-05 09:00:00,-25.4,995.0,3.5,203.0,71.0
2013-07-05 12:00:00,-25.5,994.5,2.5,220.0,71.4
2013-07-05 15:00:00,-26.8,994.2,1.5,220.0,74.0
2013-07-05 18:00:00,-27.1,993.6,1.1,224.0,74.0
2013-07-05 21:00:00,-26.6,993.0,1.8,222.0,71.5
2013-07-06 00:00:00,-26.2,992.2,0.9,231.0,73.0
2013-07-06 03:00:00,-25.3,990.4,1.8,203.0,73.6
2013-07-06 06:00:00,-24.9,989.0,0.3,206.0,76.0
2013-07-06 09:00:00,-23.5,990.8,0.6,167.0,76.3
2013-07-06 12:00:00,-23.4,992.6,0.9,77.0,76.0
2013-07-06 15:00:00,-23.2,993.8,1.2,191.0,76.0
2013-07-06 18:00:00,-25.5,994.2,0.5,274.0,77.6
2013-07-06 21:00:00,-26.4,995.6,0.6,208.0,77.0
2013-07-07 00:00:00,-24.6,996.0,2.0,223.0,77.6
2013-07-07 03:00:00,-26.6,995.4,0.0,231.0,77.0
2013-07-07 06:00:00,-25.9,995.7,0.4,252.0,68.0
2013-07-07 09:00:00,-25.1,996.5,,,72.6
2013-07-07 12:00:00,-25.8,996.6,1.2,222.0,73.7
2013-07-07 15:00:00,-25.0,997.0,0.6,241.0,69.0
2013-07-07 18:00:00,-22.4,997.3,1.3,185.0,59.0
2013-07-07 21:00:00,-20.9,997.9,2.6,242.0,54.7
2013-07-08 00:00:00,-20.9,997.1,2.4,136.0,64.0
2013-07-08 03:00:00,-21.4,995.1,3.6,236.0,53.0
2013-07-08 06:00:00,-21.7,993.5,3.5,219.0,54.0
2013-07-08 09:00:00,-21.8,991.8,4.6,116.0,56.0
2013-07-08 12:00:00,-23.2,990.1,2.4,39.0,61.9
2013-07-08 15:00:00,-23.0,987.5,2.6,6.0,62.0
2013-07-08 18:00:00,-23.7,986.1,3.5,72.0,60.0
2013-07-08 21:00:00,-24.4,984.8,0.7,152.0,66.0
2013-07-09 00:00:00,-25.5,982.9,2.2,184.0,71.6
2013-07-09 03:00:00,-25.5,980.7,4.5,52.0,70.1
2013-07-09 06:00:00,-24.0,979.9,3.3,10.0,67.0
2013-07-09 09:00:00,-21.4,981.5,,208.0,69.0
2013-07-09 12:00:00,-23.4,984.7,,207.0,67.6
2013-07-09 15:00:00,-24.0,987.9,16.5,209.0,61.0
2013-07-09 18:00:00,-23.9,990.2,18.6,219.0,52.0
2013-07-09 21:00:00,-24.1,994.3,16.7,211.0,61.0
2013-07-10 00:00:00,-23.5,997.1,19.2,201.0,57.9
2013-07-10 03:00:00,-23.1,1000.6,19.6,218.0,54.1
2013-07-10 06:00:00,-22.5,1002.7,20.3,204.0,52.3
2013-07-10 09:00:00,-21.3,1003.0,19.5,203.0,49.0
2013-07-10 12:00:00,-20.8,1003.1,21.5,200.0,47.0
2013-07-10 15:00:00,-20.3,1002.3,,200.0,54.0
2013-07-10 18:00:00,-19.7,999.8,18.8,204.0,47.0
2013-07-10 21:00:00,-19.5,996.9,16.0,205.0,55.0
2013-07-11 00:00:00,-19.1,994.2,15.3,199.0,50.0
2013-07-11 03:00:00,-19.1,991.8,15.7,203.0,68.0
2013-07-11 06:00:00,-19.1,991.6,12.8,204.0,67.9
2013-07-11 09:00:00,-18.3,989.7,14.7,207.0,66.0
2013-07-11 12:00:00,-18.8,987.8,10.6,222.0,56.3
2013-07-11 15:00:00,-19.2,987.9,,229.0,71.0
2013-07-11 18:00:00,-21.1,987.8,,95.0,58.0
2013-07-11 21:00:00,-23.1,988.1,,73.0,71.0
2013-07-12 00:00:00,-23.4,989.1,2.0,100.0,61.9
2013-07-12 03:00:00,-23.4,989.2,3.9,200.0,58.0
2013-07-12 06:00:00,-26.0,990.6,,,73.0
2013-07-12 09:00:00,-25.4,991.3,1.2,162.0,72.0
2013-07-12 12:00:00,-28.5,991.3,0.0,322.0,69.0
2013-07-12 15:00:00,-29.1,991.8,1.4,219.0,73.0
2013-07-12 18:00:00,-29.1,992.1,0.1,265.0,69.3
2013-07-12 21:00:00,-27.8,992.4,1.7,199.0,63.0
2013-07-13 00:00:00,-30.0,993.2,,,70.0
2013-07-13 03:00:00,-29.8,993.4,0.6,212.0,72.0
2013-07-13 06:00:00,-30.6,993.8,1.9,210.0,68.3
2013-07-13 09:00:00,-31.4,993.4,1.5,238.0,68.0
2013-07-13 12:00:00,-30.7,993.4,1.1,215.0,61.0
2013-07-13 15:00:00,-29.8,994.0,0.1,193.0,62.7
2013-07-13 18:00:00,-31.6,994.2,0.8,241.0,67.0
2013-07-13 21:00:00,-33.2,994.3,,,69.0
2013-07-14 00:00:00,-33.4,994.4,1.1,237.0,67.0
2013-07-14 03:00:00,-33.0,994.7,0.5,245.0,66.7
2013-07-14 06:00:00,-33.4,994.4,0.6,237.0,66.5
2013-07-14 09:00:00,-34.0,994.5,2.2,220.0,66.5
2013-07-14 12:00:00,-33.2,994.1,1.2,197.0,63.0
2013-07-14 15:00:00,-34.8,993.5,0.1,285.0,66.0
2013-07-14 18:00:00,-34.5,992.7,1.2,222.0,66.0
2013-07-14 21:00:00,-32.9,992.3,0.8,264.0,66.1
2013-07-15 00:00:00,-32.8,992.5,0.0,183.0,61.0
2013-07-15 03:00:00,-32.1,992.2,1.7,212.0,65.2
2013-07-15 06:00:00,-32.5,992.5,1.1,225.0,62.0
2013-07-15 09:00:00,-33.8,992.3,,,66.5
2013-07-15 12:00:00,-34.2,992.0,0.2,17.0,66.3
2013-07-15 15:00:00,-31.6,990.6,2.2,237.0,59.0
2013-07-15 18:00:00,-34.6,989.9,0.6,41.0,68.0
2013-07-15 21:00:00,-34.8,989.2,1.1,45.0,67.4
2013-07-16 00:00:00,-35.0,988.1,0.3,227.0,65.8
2013-07-16 03:00:00,-36.0,987.6,1.4,233.0,67.0
2013-07-16 06:00:00,-36.5,987.2,,,68.0
2013-07-16 09:00:00,-35.5,987.0,,,66.0
2013-07-16 12:00:00,-36.3,986.6,0.0,232.0,65.1
2013-07-16 15:00:00,-36.0,985.4,0.1,236.0,67.0
2013-07-16 18:00:00,-36.3,984.6,0.3,230.0,70.0
2013-07-16 21:00:00,-37.4,983.9,,,65.0
2013-07-17 00:00:00,-37.1,983.2,0.8,240.0,65.0
2013-07-17 03:00:00,-36.2,982.3,1.2,237.0,66.0
2013-07-17 06:00:00,-35.5,981.9,0.5,260.0,65.5
2013-07-17 09:00:00,-35.2,981.0,0.5,297.0,68.0
2013-07-17 12:00:00,-33.6,980.3,0.1,221.0,68.2
2013-07-17 15:00:00,-30.4,980.3,0.4,121.0,67.9
2013-07-17 18:00:00,-31.1,979.9,0.7,195.0,70.0
2013-07-17 21:00:00,-30.4,980.2,0.7,301.0,63.9
2013-07-18 00:00:00,-30.6,980.2,0.3,331.0,67.0
2013-07-18 03:00:00,-30.7,980.6,0.6,73.0,68.4
2013-07-18 06:00:00,-31.3,981.6,1.2,33.0,64.0
2013-07-18 09:00:00,-30.3,982.5,2.1,56.0,61.4
2013-07-18 12:00:00,-29.7,983.4,2.2,42.0,57.8
2013-07-18 15:00:00,-30.8,984.4,1.0,212.0,54.0
2013-07-18 18:00:00,-31.0,985.4,0.1,5.0,56.0
2013-07-18 21:00:00,-26.4,985.7,3.6,30.0,45.0
2013-07-19 00:00:00,,986.6,3.1,342.0,48.5
2013-07-19 03:00:00,-23.5,988.3,2.1,179.0,45.9
2013-07-19 06:00:00,-22.1,988.5,,201.0,40.0
2013-07-19 09:00:00,-24.9,989.7,4.1,264.0,57.0
2013-07-19 12:00:00,-25.3,989.7,,250.0,50.0
2013-07-19 15:00:00,-26.3,988.6,1.5,165.0,53.0
2013-07-19 18:00:00,-28.4,986.8,0.2,207.0,64.0
2013-07-19 21:00:00,-30.2,984.0,0.7,227.0,70.0
2013-07-20 00:00:00,-30.4,980.3,0.8,227.0,67.0
2013-07-20 03:00:00,-32.6,976.2,,,66.1
2013-07-20 06:00:00,-33.9,972.7,,,66.0
2013-07-20 09:00:00,-34.6,969.4,0.7,207.0,69.0
2013-07-20 12:00:00,-35.3,966.9,0.1,105.0,68.0
2013-07-20 15:00:00,-36.0,964.3,0.0,198.0,66.0
2013-07-20 18:00:00,-34.0,961.4,1.9,205.0,68.0
2013-07-20 21:00:00,-34.4,959.1,0.7,230.0,66.8
2013-07-21 00:00:00,-34.4,957.1,1.1,220.0,69.0
2013-07-21 03:00:00,-37.4,956.5,,,65.0
2013-07-21 06:00:00,-36.3,957.5,0.8,200.0,66.3
2013-07-21 09:00:00,-36.2,959.8,0.0,210.0,66.0
2013-07-21 12:00:00,-33.5,961.9,0.5,182.0,65.9
2013-07-21 15:00:00,-36.7,964.4,1.2,245.0,64.0
2013-07-21 18:00:00,-34.5,966.4,2.2,218.0,55.0
2013-07-21 21:00:00,-34.8,969.2,1.0,210.0,52.0
2013-07-22 00:00:00,-35.4,971.6,1.6,225.0,52.0
2013-07-22 03:00:00,-34.6,974.4,1.0,262.0,48.0
2013-07-22 06:00:00,-35.0,976.5,0.5,266.0,56.1
2013-07-22 09:00:00,-33.2,977.4,2.7,218.0,47.0
2013-07-22 12:00:00,-35.8,978.7,0.8,248.0,53.0
2013-07-22 15:00:00,-33.5,979.1,2.5,231.0,48.6
2013-07-22 18:00:00,-36.1,980.0,0.6,188.0,55.0
2013-07-22 21:00:00,-37.7,980.9,0.0,39.0,60.0
2013-07-23 00:00:00,-37.8,982.4,0.1,183.0,58.0
2013-07-23 03:00:00,-37.6,983.0,0.8,272.0,57.0
2013-07-23 06:00:00,-37.8,983.1,0.1,211.0,58.9
2013-07-23 09:00:00,-37.5,982.8,0.5,226.0,64.9
2013-07-23 12:00:00,-38.6,981.9,1.5,224.0,61.0
2013-07-23 15:00:00,-36.0,981.9,0.0,190.0,56.4
2013-07-23 18:00:00,-35.7,981.6,1.4,228.0,62.0
2013-07-23 21:00:00,-34.1,980.8,2.1,210.0,61.0
2013-07-24 00:00:00,,980.8,1.0,222.0,52.0
2013-07-24 03:00:00,-30.4,979.9,0.7,227.0,50.0
2013-07-24 06:00:00,,978.7,,199.0,33.0
2013-07-24 09:00:00,,976.9,,196.0,24.0
2013-07-24 12:00:00,-16.7,974.4,11.3,194.0,32.6
2013-07-24 15:00:00,-17.7,975.3,13.5,213.0,82.0
2013-07-24 18:00:00,-17.4,974.9,,219.0,64.3
2013-07-24 21:00:00,-17.1,972.6,16.0,205.0,61.0
2013-07-25 00:00:00,-16.2,971.9,13.0,205.0,71.0
2013-07-25 03:00:00,-17.8,971.2,,180.0,62.8
2013-07-25 06:00:00,,972.5,,188.0,76.0
2013-07-25 09:00:00,,971.1,,221.0,75.0
2013-07-25 12:00:00,-25.3,971.1,0.8,75.0,76.0
2013-07-25 15:00:00,,971.2,,199.0,72.4
2013-07-25 18:00:00,,970.2,,197.0,35.0
2013-07-25 21:00:00,-21.3,970.7,,21.0,57.0
2013-07-26 00:00:00,,969.4,,59.0,69.0
2013-07-26 03:00:00,-21.4,969.5,4.8,52.0,52.0
2013-07-26 06:00:00,,970.4,,206.0,32.6
2013-07-26 09:00:00,-20.4,972.3,,228.0,44.0
2013-07-26 12:00:00,-21.4,972.8,,68.0,44.0
2013-07-26 15:00:00,-23.1,975.2,,139.0,46.0
2013-07-26 18:00:00,-24.0,976.2,0.9,230.0,48.0
2013-07-26 21:00:00,-26.8,978.8,0.6,22.0,62.0
2013-07-27 00:00:00,-27.3,982.1,0.4,276.0,61.7
2013-07-27 03:00:00,-27.6,983.7,2.5,216.0,65.0
2013-07-27 06:00:00,-24.9,984.4,2.8,214.0,45.3
2013-07-27 09:00:00,-25.9,985.4,0.1,239.0,49.0
2013-07-27 12:00:00,-29.4,987.1,0.9,228.0,65.5
2013-07-27 15:00:00,-29.8,988.9,0.2,202.0,71.0
2013-07-27 18:00:00,-31.0,989.6,1.1,229.0,66.0
2013-07-27 21:00:00,-31.2,990.0,1.9,226.0,66.0
2013-07-28 00:00:00,-31.7,991.0,0.1,228.0,62.0
2013-07-28 03:00:00,-33.6,991.4,,,67.4
2013-07-28 06:00:00,-33.5,992.2,1.1,212.0,66.0
2013-07-28 09:00:00,-33.5,992.1,1.7,222.0,65.7
2013-07-28 12:00:00,-32.8,992.0,0.4,104.0,71.0
2013-07-28 15:00:00,-34.6,991.1,1.4,229.0,69.4
2013-07-28 18:00:00,-33.3,991.0,0.3,31.0,68.3
2013-07-28 21:00:00,-34.6,992.4,1.8,228.0,67.0
2013-07-29 00:00:00,-34.7,993.1,0.9,234.0,66.5
2013-07-29 03:00:00,-33.6,992.3,1.2,249.0,66.0
2013-07-29 06:00:00,-33.2,989.5,1.7,262.0,68.7
2013-07-29 09:00:00,-29.6,983.3,5.3,52.0,72.0
2013-07-29 12:00:00,-30.1,977.9,2.9,226.0,71.2
2013-07-29 15:00:00,-28.2,975.0,1.0,75.0,71.0
2013-07-29 18:00:00,,978.1,1.4,206.0,68.1
2013-07-29 21:00:00,-25.3,977.5,3.0,228.0,70.4
2013-07-30 00:00:00,-24.7,977.3,0.7,230.0,69.0
2013-07-30 03:00:00,-23.7,976.4,2.2,219.0,68.0
2013-07-30 06:00:00,-22.2,976.1,1.4,183.0,74.2
2013-07-30 09:00:00,-21.9,976.4,2.9,116.0,70.0
2013-07-30 12:00:00,-22.6,976.5,4.7,135.0,69.0
2013-07-30 15:00:00,-23.4,978.2,5.7,131.0,68.0
2013-07-30 18:00:00,-24.4,979.6,4.4,136.0,65.0
2013-07-30 21:00:00,-27.9,980.4,1.1,214.0,74.7
2013-07-31 00:00:00,-28.6,981.1,0.2,156.0,74.3
2013-07-31 03:00:00,-29.9,981.1,0.0,173.0,75.0
2013-07-31 06:00:00,-30.3,981.2,,,71.0
2013-07-31 09:00:00,-32.3,980.3,1.7,221.0,71.7
2013-07-31 12:00:00,-33.6,979.7,0.4,242.0,70.0
2013-07-31 15:00:00,-32.1,979.4,0.6,205.0,71.0
2013-07-31 18:00:00,-31.2,978.6,2.2,208.0,71.0
2013-07-31 21:00:00,-32.1,978.7,,,71.0
2013-08-01 00:00:00,-32.1,979.1,1.2,301.0,68.0
2013-08-01 03:00:00,-34.7,979.3,0.9,228.0,66.0
2013-08-01 06:00:00,-35.5,978.8,0.7,161.0,64.3
2013-08-01 09:00:00,-34.9,979.0,0.2,14.0,61.5
2013-08-01 12:00:00,-32.8,977.7,1.9,188.0,60.0
2013-08-01 15:00:00,-34.4,975.6,3.1,247.0,56.0
2013-08-01 18:00:00,-37.0,973.0,0.5,90.0,64.0
2013-08-01 21:00:00,-36.1,970.6,0.2,190.0,61.8
2013-08-02 00:00:00,,967.5,0.2,39.0,73.0
2013-08-02 03:00:00,-35.1,964.6,1.8,210.0,69.9
2013-08-02 06:00:00,-35.8,965.8,1.0,9.0,60.8
2013-08-02 09:00:00,-34.5,970.5,0.1,247.0,67.0
2013-08-02 12:00:00,-31.2,975.4,0.8,181.0,69.7
2013-08-02 15:00:00,-34.7,976.9,1.8,223.0,68.0
2013-08-02 18:00:00,-34.3,977.6,2.3,230.0,68.3
2013-08-02 21:00:00,-33.5,978.3,0.4,211.0,72.0
2013-08-03 00:00:00,-36.0,979.4,0.0,191.0,66.2
2013-08-03 03:00:00,-35.3,979.6,0.7,240.0,67.0
2013-08-03 06:00:00,-32.4,979.0,0.6,212.0,69.0
2013-08-03 09:00:00,,979.1,1.1,187.0,74.0
2013-08-03 12:00:00,-32.7,980.4,0.1,173.0,70.0
2013-08-03 15:00:00,-34.2,982.3,0.1,194.0,69.0
2013-08-03 18:00:00,-33.4,983.8,2.3,231.0,71.0
2013-08-03 21:00:00,-32.6,985.0,1.9,230.0,71.1
2013-08-04 00:00:00,-33.0,985.7,0.5,211.0,70.0
2013-08-04 03:00:00,-32.6,987.4,0.1,148.0,67.0
2013-08-04 06:00:00,-34.9,989.6,0.1,272.0,65.5
2013-08-04 09:00:00,-35.8,990.1,0.2,234.0,66.0
2013-08-04 12:00:00,-36.4,989.2,0.5,224.0,65.0
2013-08-04 15:00:00,-35.4,987.4,0.2,196.0,64.0
2013-08-04 18:00:00,-35.5,985.4,1.6,224.0,66.0
2013-08-04 21:00:00,-36.2,983.4,1.1,237.0,65.0
2013-08-05 00:00:00,-34.4,983.1,1.5,225.0,65.0
2013-08-05 03:00:00,-32.8,982.9,2.3,217.0,70.5
2013-08-05 06:00:00,-35.0,984.0,,,70.3
2013-08-05 09:00:00,-35.5,986.1,1.6,224.0,70.1
2013-08-05 12:00:00,,991.5,2.7,148.0,73.1
2013-08-05 15:00:00,-32.0,994.3,1.5,217.0,71.0
2013-08-05 18:00:00,-27.9,994.7,0.9,139.0,64.0
2013-08-05 21:00:00,,994.9,2.2,104.0,53.0
2013-08-06 00:00:00,-26.8,994.5,1.9,64.0,56.4
2013-08-06 03:00:00,,993.5,1.2,14.0,64.0
2013-08-06 06:00:00,,991.9,2.2,229.0,64.0
2013-08-06 09:00:00,-34.6,991.9,1.5,246.0,64.0
2013-08-06 12:00:00,-34.3,991.6,0.6,323.0,63.0
2013-08-06 15:00:00,-33.6,993.2,2.8,226.0,63.4
2013-08-06 18:00:00,-33.9,995.2,,,59.0
2013-08-06 21:00:00,-36.3,996.8,2.4,225.0,64.5
2013-08-07 00:00:00,-33.7,996.9,3.2,228.0,66.0
2013-08-07 03:00:00,-34.9,996.4,1.7,214.0,65.0
2013-08-07 06:00:00,,999.7,3.1,57.0,53.6
2013-08-07 09:00:00,,1005.1,1.1,150.0,62.0
2013-08-07 12:00:00,,1007.8,1.7,239.0,66.0
2013-08-07 15:00:00,,1009.2,1.5,231.0,63.7
2013-08-07 18:00:00,,1011.3,1.0,203.0,39.3
2013-08-07 21:00:00,,1014.1,0.8,204.0,59.0
2013-08-08 00:00:00,,1016.0,2.1,229.0,62.0
2013-08-08 03:00:00,-31.1,1016.1,0.9,231.0,56.8
2013-08-08 06:00:00,,1016.0,2.6,217.0,57.0
2013-08-08 09:00:00,,1015.6,0.0,224.0,58.0
2013-08-08 12:00:00,-28.7,1015.5,1.0,216.0,50.8
2013-08-08 15:00:00,-33.3,1014.3,0.5,236.0,55.0
2013-08-08 18:00:00,-32.7,1012.1,2.4,229.0,58.0
2013-08-08 21:00:00,-33.3,1009.2,2.8,231.0,59.2
2013-08-09 00:00:00,-30.7,1005.3,2.3,217.0,54.0
2013-08-09 03:00:00,-30.0,1000.6,0.0,173.0,55.0
2013-08-09 06:00:00,-34.5,996.0,1.3,221.0,62.8
2013-08-09 09:00:00,-33.3,992.2,0.5,151.0,62.6
2013-08-09 12:00:00,-34.1,992.1,1.3,219.0,62.0
2013-08-09 15:00:00,,996.4,1.5,224.0,63.0
2013-08-09 18:00:00,,997.6,,203.0,57.0
2013-08-09 21:00:00,,1002.1,1.6,72.0,44.0
2013-08-10 00:00:00,-20.5,1001.7,2.4,204.0,51.1
2013-08-10 03:00:00,-16.8,1000.0,,227.0,36.0
2013-08-10 06:00:00,,999.1,,207.0,31.0
2013-08-10 09:00:00,,999.3,,275.0,50.0
2013-08-10 12:00:00,,998.7,,87.0,47.0
2013-08-10 15:00:00,-21.1,1000.4,1.2,51.0,48.0
2013-08-10 18:00:00,-17.9,1003.5,,205.0,51.0
2013-08-10 21:00:00,-17.5,1007.0,2.7,160.0,40.0
2013-08-11 00:00:00,-17.7,1009.0,,172.0,37.0
2013-08-11 03:00:00,-18.0,1009.6,,137.0,41.2
2013-08-11 06:00:00,-17.7,1009.1,2.4,196.0,31.0
2013-08-11 09:00:00,-18.1,1009.6,2.8,180.0,39.7
2013-08-11 12:00:00,-21.2,1009.6,1.9,195.0,46.0
2013-08-11 15:00:00,-20.5,1009.2,2.1,54.0,44.0
2013-08-11 18:00:00,-21.8,1008.0,2.5,70.0,46.0
2013-08-11 21:00:00,-20.0,1007.0,,231.0,44.0
2013-08-12 00:00:00,,1005.1,,206.0,27.0
2013-08-12 03:00:00,-16.9,1003.8,10.9,204.0,27.0
2013-08-12 06:00:00,-17.5,1003.4,10.7,208.0,32.0
2013-08-12 09:00:00,-17.3,1004.6,10.1,209.0,38.7
2013-08-12 12:00:00,-18.3,1006.4,,223.0,39.8
2013-08-12 15:00:00,-19.4,1007.9,,139.0,55.0
2013-08-12 18:00:00,-18.1,1008.0,,224.0,41.9
2013-08-12 21:00:00,-19.2,1008.8,,32.0,49.6
2013-08-13 00:00:00,,1008.5,,195.0,23.0
2013-08-13 03:00:00,-16.7,1009.2,,238.0,39.0
2013-08-13 06:00:00,-18.4,1010.2,7.5,238.0,46.3
2013-08-13 09:00:00,-17.4,1012.8,6.0,224.0,43.0
2013-08-13 12:00:00,-16.7,1014.4,7.0,236.0,50.5
2013-08-13 15:00:00,-15.5,1017.6,7.0,123.0,54.3
2013-08-13 18:00:00,-17.4,1019.9,,158.0,56.0
2013-08-13 21:00:00,-18.8,1020.6,,162.0,60.0
2013-08-14 00:00:00,-15.2,1019.7,,229.0,45.7
2013-08-14 03:00:00,,1020.5,,216.0,34.0
2013-08-14 06:00:00,-13.4,1021.5,8.1,204.0,39.0
2013-08-14 09:00:00,-12.7,1021.0,7.2,211.0,33.0
2013-08-14 12:00:00,-12.7,1021.0,6.6,184.0,42.4
2013-08-14 15:00:00,-15.6,1020.7,9.4,136.0,62.0
2013-08-14 18:00:00,-15.8,1021.8,4.9,146.0,57.0
2013-08-14 21:00:00,-16.6,1022.4,,144.0,62.0
2013-08-15 00:00:00,-18.6,1022.2,0.3,300.0,76.1
2013-08-15 03:00:00,-19.4,1022.5,0.5,204.0,78.0
2013-08-15 06:00:00,-18.2,1022.2,0.9,202.0,70.0
2013-08-15 09:00:00,-17.4,1021.9,0.1,211.0,63.0
2013-08-15 12:00:00,-17.4,1021.6,1.5,223.0,63.0
2013-08-15 15:00:00,-16.5,1021.4,0.2,239.0,57.0
2013-08-15 18:00:00,-17.9,1020.8,1.3,215.0,70.0
2013-08-15 21:00:00,-17.1,1020.1,0.6,223.0,73.8
2013-08-16 00:00:00,-17.3,1019.5,0.2,218.0,87.0
2013-08-16 03:00:00,-17.5,1018.8,1.6,228.0,87.0
2013-08-16 06:00:00,-17.4,1018.3,0.7,216.0,87.0
2013-08-16 09:00:00,-17.3,1017.8,0.0,201.0,87.7
2013-08-16 12:00:00,-17.6,1017.9,,,87.0
2013-08-16 15:00:00,-17.4,1016.5,1.0,235.0,87.0
2013-08-16 18:00:00,-17.5,1015.9,1.6,215.0,84.7
2013-08-16 21:00:00,-15.0,1014.5,2.7,76.0,83.0
2013-08-17 00:00:00,-14.8,1012.8,3.7,70.0,80.2
2013-08-17 03:00:00,-16.2,1012.0,,221.0,86.1
2013-08-17 06:00:00,-16.0,1012.0,,223.0,88.7
2013-08-17 09:00:00,-15.1,1015.0,16.0,223.0,81.0
2013-08-17 12:00:00,-15.5,1018.0,,231.0,71.1
2013-08-17 15:00:00,-16.5,1020.5,,198.0,66.0
2013-08-17 18:00:00,-18.5,1020.3,3.3,212.0,71.0
2013-08-17 21:00:00,-19.4,1020.4,3.5,206.0,74.9
2013-08-18 00:00:00,-21.6,1020.0,1.1,201.0,76.0
2013-08-18 03:00:00,-17.5,1019.0,0.9,168.0,74.0
2013-08-18 06:00:00,-22.3,1019.4,0.2,151.0,75.0
2013-08-18 09:00:00,-21.2,1019.1,1.8,204.0,85.0
2013-08-18 12:00:00,-22.3,1016.4,2.8,214.0,82.0
2013-08-18 15:00:00,-23.7,1014.4,2.1,213.0,80.0
2013-08-18 18:00:00,-24.1,1013.4,2.0,220.0,85.0
2013-08-18 21:00:00,-23.7,1012.0,0.8,213.0,80.0
2013-08-19 00:00:00,-23.4,1010.4,1.9,229.0,80.0
2013-08-19 03:00:00,-22.5,1006.4,4.0,230.0,73.0
2013-08-19 06:00:00,-23.4,1004.4,0.1,32.0,72.0
2013-08-19 09:00:00,-21.3,1004.5,0.8,190.0,72.0
2013-08-19 12:00:00,-19.3,1005.0,1.3,211.0,73.0
2013-08-19 15:00:00,-23.6,1003.7,2.4,217.0,73.0
2013-08-19 18:00:00,,1002.4,1.4,231.0,73.0
2013-08-19 21:00:00,-22.9,1001.4,1.1,227.0,65.0
2013-08-20 00:00:00,-22.3,1002.2,0.5,152.0,62.5
2013-08-20 03:00:00,-20.3,1003.4,1.8,198.0,55.1
2013-08-20 06:00:00,-20.0,1005.2,0.4,283.0,53.0
2013-08-20 09:00:00,-23.4,1007.4,1.2,202.0,69.0
2013-08-20 12:00:00,-21.7,1008.9,1.3,180.0,65.5
2013-08-20 15:00:00,-23.6,1010.1,1.2,219.0,68.0
2013-08-20 18:00:00,-25.9,1010.9,0.0,15.0,77.0
2013-08-20 21:00:00,-26.8,1011.8,0.1,1.0,72.6
2013-08-21 00:00:00,-26.1,1012.3,,,75.0
2013-08-21 03:00:00,-25.5,1012.3,1.3,232.0,76.6
2013-08-21 06:00:00,-24.7,1011.2,0.5,234.0,76.0
2013-08-21 09:00:00,-24.1,1010.9,1.6,235.0,75.7
2013-08-21 12:00:00,-23.2,1009.8,,,76.0
2013-08-21 15:00:00,-22.6,1008.3,0.1,220.0,77.0
2013-08-21 18:00:00,-22.4,1007.7,0.5,135.0,79.0
2013-08-21 21:00:00,-24.1,1006.8,0.2,155.0,80.0
2013-08-22 00:00:00,-24.9,1005.7,0.7,210.0,74.9
2013-08-22 03:00:00,-28.3,1004.0,1.7,227.0,79.0
2013-08-22 06:00:00,-27.1,1001.9,2.3,233.0,69.0
2013-08-22 09:00:00,-30.3,998.5,1.2,218.0,74.0
2013-08-22 12:00:00,-29.4,995.0,0.2,239.0,73.6
2013-08-22 15:00:00,-31.1,991.9,1.0,233.0,72.0
2013-08-22 18:00:00,-28.6,989.8,1.4,216.0,74.0
2013-08-22 21:00:00,-30.1,990.9,0.0,274.0,73.0
2013-08-23 00:00:00,-26.9,991.5,0.4,230.0,76.0
2013-08-23 03:00:00,,991.7,2.3,234.0,64.0
2013-08-23 06:00:00,-28.8,992.3,2.4,235.0,73.3
2013-08-23 09:00:00,-27.0,993.9,0.2,286.0,69.0
2013-08-23 12:00:00,-27.0,994.9,0.8,261.0,63.0
2013-08-23 15:00:00,-27.0,995.4,1.3,202.0,61.2
2013-08-23 18:00:00,-26.2,996.0,1.2,226.0,68.0
2013-08-23 21:00:00,-29.7,996.6,0.3,230.0,72.6
2013-08-24 00:00:00,-27.8,996.8,,,69.0
2013-08-24 03:00:00,-27.3,996.2,,,71.1
2013-08-24 06:00:00,-25.6,995.5,,,69.0
2013-08-24 09:00:00,-25.1,994.1,1.1,223.0,75.1
2013-08-24 12:00:00,-23.4,991.9,2.2,71.0,74.0
2013-08-24 15:00:00,-23.5,990.1,2.1,40.0,72.0
2013-08-24 18:00:00,-23.3,988.8,2.3,89.0,68.3
2013-08-24 21:00:00,-23.5,988.0,3.7,54.0,74.0
2013-08-25 00:00:00,-23.1,988.7,2.5,70.0,67.0
2013-08-25 03:00:00,-23.1,989.0,3.1,138.0,62.0
2013-08-25 06:00:00,-24.4,989.3,1.7,79.0,63.0
2013-08-25 09:00:00,-26.1,989.4,1.7,43.0,72.0
2013-08-25 12:00:00,-24.6,989.8,1.8,120.0,62.7
2013-08-25 15:00:00,-24.4,990.0,1.4,360.0,57.0
2013-08-25 18:00:00,-25.6,989.9,0.2,124.0,55.0
2013-08-25 21:00:00,-26.6,990.9,,,61.5
2013-08-26 00:00:00,-26.4,990.6,0.2,220.0,67.0
2013-08-26 03:00:00,-28.5,989.4,1.1,221.0,71.0
2013-08-26 06:00:00,-29.5,988.5,0.8,216.0,72.0
2013-08-26 09:00:00,-31.5,987.1,0.2,275.0,75.0
2013-08-26 12:00:00,-27.0,984.9,2.7,147.0,58.0
2013-08-26 15:00:00,-27.0,983.3,,137.0,61.0
2013-08-26 18:00:00,-29.4,981.1,3.3,158.0,63.0
2013-08-26 21:00:00,,979.2,,118.0,74.0
2013-08-27 00:00:00,-29.5,978.7,0.0,103.0,68.6
2013-08-27 03:00:00,-31.9,977.5,1.4,210.0,66.0
2013-08-27 06:00:00,-31.4,975.9,1.2,227.0,70.0
2013-08-27 09:00:00,,975.2,0.0,174.0,69.0
2013-08-27 12:00:00,-33.7,974.2,1.9,215.0,68.6
2013-08-27 15:00:00,-38.2,973.6,1.9,49.0,68.0
2013-08-27 18:00:00,-37.9,972.4,,,65.3
2013-08-27 21:00:00,-40.2,971.6,,,63.5
2013-08-28 00:00:00,-36.0,970.7,1.0,243.0,64.0
2013-08-28 03:00:00,-35.5,969.4,0.0,248.0,66.0
2013-08-28 06:00:00,-36.6,968.8,1.8,218.0,66.0
2013-08-28 09:00:00,-37.6,968.8,1.3,234.0,62.8
2013-08-28 12:00:00,-39.2,969.1,0.1,74.0,62.0
2013-08-28 15:00:00,-38.8,969.1,0.3,206.0,64.0
2013-08-28 18:00:00,-41.6,968.8,,,59.0
2013-08-28 21:00:00,-39.1,969.7,0.1,227.0,63.6
2013-08-29 00:00:00,-38.0,970.9,0.2,37.0,60.3
2013-08-29 03:00:00,-37.3,972.0,0.3,225.0,61.8
2013-08-29 06:00:00,-38.5,974.3,0.1,250.0,62.0
2013-08-29 09:00:00,-39.5,976.2,0.3,284.0,62.4
2013-08-29 12:00:00,-38.4,977.4,0.9,236.0,65.0
2013-08-29 15:00:00,-35.8,978.6,0.8,168.0,63.0
2013-08-29 18:00:00,-34.4,979.3,1.0,242.0,62.0
2013-08-29 21:00:00,-33.5,980.2,1.9,24.0,62.0
2013-08-30 00:00:00,-30.5,979.4,5.2,52.0,56.6
2013-08-30 03:00:00,,980.5,2.0,22.0,50.7
2013-08-30 06:00:00,-27.0,983.1,0.3,116.0,47.0
2013-08-30 09:00:00,-31.2,984.9,0.7,324.0,48.0
2013-08-30 12:00:00,,985.6,2.1,211.0,56.9
2013-08-30 15:00:00,-34.4,985.9,1.4,201.0,59.0
2013-08-30 18:00:00,-36.1,985.3,1.6,220.0,61.0
2013-08-30 21:00:00,-34.2,986.6,,,55.0
2013-08-31 00:00:00,-35.3,988.7,0.2,222.0,56.0
2013-08-31 03:00:00,,991.3,0.4,110.0,46.0
2013-08-31 06:00:00,,993.1,,210.0,40.0
2013-08-31 09:00:00,,994.9,,196.0,39.0
2013-08-31 12:00:00,,997.5,11.5,189.0,38.0
2013-08-31 15:00:00,,1000.2,,246.0,59.0
2013-08-31 18:00:00,-18.9,1002.8,,200.0,35.5
2013-08-31 21:00:00,-20.3,1004.5,,206.0,30.0
2013-09-01 00:00:00,-23.2,1004.1,1.6,242.0,52.0
2013-09-01 03:00:00,-23.0,1004.4,0.3,52.0,30.0
2013-09-01 06:00:00,-25.1,1004.5,0.5,236.0,55.0
2013-09-01 09:00:00,-25.5,1003.4,0.5,253.0,67.0
2013-09-01 12:00:00,-27.1,1002.5,0.1,216.0,70.0
2013-09-01 15:00:00,-23.9,1000.3,0.4,46.0,88.0
2013-09-01 18:00:00,-22.5,996.9,2.7,225.0,85.5
2013-09-01 21:00:00,-21.3,996.3,0.2,146.0,83.0
2013-09-02 00:00:00,-18.9,998.8,0.7,269.0,79.5
2013-09-02 03:00:00,-22.1,1000.9,1.8,213.0,80.9
2013-09-02 06:00:00,,1002.3,2.4,220.0,84.1
2013-09-02 09:00:00,-24.1,1002.2,2.0,230.0,80.2
2013-09-02 12:00:00,-26.0,1002.8,1.6,236.0,75.0
2013-09-02 15:00:00,-24.4,1002.4,1.5,232.0,67.5
2013-09-02 18:00:00,-24.8,1001.4,1.4,242.0,71.0
2013-09-02 21:00:00,-22.0,1000.9,0.8,207.0,68.0
2013-09-03 00:00:00,-21.4,1000.3,1.5,205.0,70.0
2013-09-03 03:00:00,-19.4,999.5,1.7,201.0,69.2
2013-09-03 06:00:00,-22.1,999.3,1.2,232.0,75.0
2013-09-03 09:00:00,,999.9,,,76.7
2013-09-03 12:00:00,-24.4,1000.0,,,81.5
2013-09-03 15:00:00,-27.7,999.5,1.4,261.0,75.0
2013-09-03 18:00:00,-27.1,999.2,1.3,195.0,75.1
2013-09-03 21:00:00,-29.3,999.1,2.0,227.0,77.0
2013-09-04 00:00:00,-27.8,998.7,1.6,229.0,70.7
2013-09-04 03:00:00,-25.5,997.7,0.7,240.0,63.2
2013-09-04 06:00:00,-26.6,996.0,3.0,259.0,63.0
2013-09-04 09:00:00,-28.6,994.7,1.6,252.0,62.0
2013-09-04 12:00:00,-30.7,992.1,0.2,207.0,63.0
2013-09-04 15:00:00,-28.5,989.5,0.3,39.0,62.0
2013-09-04 18:00:00,-28.0,987.7,1.4,211.0,63.0
2013-09-04 21:00:00,-28.0,988.7,2.5,231.0,79.0
2013-09-05 00:00:00,,990.5,,158.0,63.4
2013-09-05 03:00:00,,992.2,,231.0,69.0
2013-09-05 06:00:00,,989.5,,265.0,70.7
2013-09-05 09:00:00,-19.5,987.7,0.9,208.0,68.0
2013-09-05 12:00:00,-20.0,984.2,,,71.0
2013-09-05 15:00:00,-17.6,983.4,0.0,123.0,63.5
2013-09-05 18:00:00,-18.0,984.2,0.5,243.0,73.3
2013-09-05 21:00:00,-17.5,984.4,0.8,259.0,83.0
2013-09-06 00:00:00,-18.8,984.3,1.3,222.0,84.0
2013-09-06 03:00:00,-18.1,984.7,0.4,182.0,85.0
2013-09-06 06:00:00,-18.4,985.9,0.7,282.0,85.2
2013-09-06 09:00:00,-18.3,985.2,1.7,20.0,87.0
2013-09-06 12:00:00,-18.1,984.5,,233.0,85.0
2013-09-06 15:00:00,-18.4,984.4,,230.0,86.7
2013-09-06 18:00:00,-18.2,984.5,15.2,226.0,87.0
2013-09-06 21:00:00,-19.3,985.8,,222.0,85.0
2013-09-07 00:00:00,-18.5,984.9,,227.0,85.0
2013-09-07 03:00:00,-16.7,985.5,20.9,218.0,83.5
2013-09-07 06:00:00,-15.9,987.8,22.3,209.0,72.0
2013-09-07 09:00:00,-14.7,989.2,,219.0,62.1
2013-09-07 12:00:00,-14.6,990.6,,212.0,55.0
2013-09-07 15:00:00,-16.3,991.6,,27.0,61.9
2013-09-07 18:00:00,-17.2,993.3,,18.0,64.0
2013-09-07 21:00:00,-17.0,994.3,0.9,251.0,54.0
2013-09-08 00:00:00,-16.0,994.2,4.5,80.0,49.7
2013-09-08 03:00:00,-16.2,995.0,0.8,234.0,48.9
2013-09-08 06:00:00,-17.1,994.6,1.9,81.0,50.0
2013-09-08 09:00:00,-18.4,994.6,0.9,89.0,55.0
2013-09-08 12:00:00,,994.1,0.1,321.0,66.6
2013-09-08 15:00:00,,994.7,,,72.0
2013-09-08 18:00:00,-20.4,993.9,0.0,157.0,75.0
2013-09-08 21:00:00,-24.3,993.6,0.9,198.0,76.0
2013-09-09 00:00:00,-22.4,993.8,0.3,269.0,73.0
2013-09-09 03:00:00,-22.0,993.0,,,78.7
2013-09-09 06:00:00,-21.4,992.4,1.2,332.0,72.2
2013-09-09 09:00:00,-23.0,991.8,1.7,174.0,70.0
2013-09-09 12:00:00,-24.3,990.8,0.9,150.0,76.0
2013-09-09 15:00:00,-27.1,989.5,0.2,100.0,76.0
2013-09-09 18:00:00,-26.4,987.0,2.3,206.0,74.0
2013-09-09 21:00:00,-27.8,984.0,1.3,212.0,74.0
2013-09-10 00:00:00,-26.8,979.7,1.8,275.0,61.0
2013-09-10 03:00:00,-27.0,975.4,0.2,2.0,64.0
2013-09-10 06:00:00,-28.4,974.5,1.2,232.0,71.0
2013-09-10 09:00:00,-29.8,977.4,0.3,229.0,72.0
2013-09-10 12:00:00,,981.3,3.0,124.0,71.0
2013-09-10 15:00:00,,984.2,0.4,203.0,77.0
2013-09-10 18:00:00,-24.3,986.7,0.6,52.0,65.0
2013-09-10 21:00:00,-24.2,988.9,1.0,44.0,66.8
2013-09-11 00:00:00,-23.6,990.0,0.0,100.0,65.5
2013-09-11 03:00:00,-22.2,991.6,0.6,12.0,57.0
2013-09-11 06:00:00,-25.4,993.0,,,70.0
2013-09-11 09:00:00,-25.6,993.5,0.1,105.0,70.0
2013-09-11 12:00:00,-27.8,993.9,1.0,360.0,78.0
2013-09-11 15:00:00,-26.8,993.8,1.3,64.0,73.0
2013-09-11 18:00:00,-27.8,993.5,0.4,150.0,68.0
2013-09-11 21:00:00,-29.9,993.5,0.8,218.0,67.0
2013-09-12 00:00:00,-27.1,993.4,2.2,204.0,62.8
2013-09-12 03:00:00,-26.8,991.9,2.3,225.0,57.8
2013-09-12 06:00:00,-29.3,991.0,1.7,251.0,62.0
2013-09-12 09:00:00,-28.7,989.8,1.6,224.0,53.0
2013-09-12 12:00:00,,989.1,1.6,215.0,43.1
2013-09-12 15:00:00,-28.3,989.9,1.2,217.0,54.0
2013-09-12 18:00:00,-28.4,990.5,2.0,227.0,52.7
2013-09-12 21:00:00,,991.4,0.1,92.0,41.0
2013-09-13 00:00:00,,991.9,3.2,328.0,41.1
2013-09-13 03:00:00,-20.4,989.6,3.0,239.0,50.0
2013-09-13 06:00:00,-22.1,988.1,3.3,47.0,46.0
2013-09-13 09:00:00,-17.5,988.0,3.5,182.0,25.0
2013-09-13 12:00:00,,987.2,2.2,219.0,52.0
2013-09-13 15:00:00,-22.1,987.1,0.3,207.0,40.0
2013-09-13 18:00:00,-21.4,987.3,1.2,205.0,39.0
2013-09-13 21:00:00,,987.5,5.1,221.0,30.8
2013-09-14 00:00:00,,987.8,3.4,175.0,31.7
2013-09-14 03:00:00,-14.5,988.0,2.7,214.0,31.0
2013-09-14 06:00:00,-16.6,988.9,0.6,312.0,43.8
2013-09-14 09:00:00,,988.2,2.2,238.0,59.0
2013-09-14 12:00:00,-18.3,987.6,3.1,230.0,40.0
2013-09-14 15:00:00,-19.2,987.1,2.0,216.0,43.0
2013-09-14 18:00:00,-21.7,987.2,1.4,235.0,48.0
2013-09-14 21:00:00,-21.2,988.9,0.4,71.0,51.0
2013-09-15 00:00:00,-19.4,991.8,0.6,270.0,58.0
2013-09-15 03:00:00,-20.0,992.7,2.5,228.0,61.0
2013-09-15 06:00:00,-19.3,994.4,1.9,207.0,58.1
2013-09-15 09:00:00,-20.8,995.9,3.0,217.0,61.1
2013-09-15 12:00:00,-22.0,996.2,0.3,192.0,61.0
2013-09-15 15:00:00,-25.2,996.5,1.5,239.0,71.0
2013-09-15 18:00:00,-26.5,996.6,0.8,222.0,71.0
2013-09-15 21:00:00,-25.4,995.9,1.6,228.0,68.0
2013-09-16 00:00:00,-22.2,994.7,1.7,231.0,60.0
2013-09-16 03:00:00,,994.0,,,45.0
2013-09-16 06:00:00,-23.7,994.1,0.0,235.0,69.6
2013-09-16 09:00:00,-23.7,995.1,0.1,337.0,75.0
2013-09-16 12:00:00,-22.6,994.8,1.6,242.0,70.0
2013-09-16 15:00:00,-19.9,994.6,1.1,205.0,57.8
2013-09-16 18:00:00,,994.1,1.7,44.0,51.9
2013-09-16 21:00:00,-15.2,994.2,2.6,156.0,38.8
2013-09-17 00:00:00,-17.1,993.0,1.0,227.0,49.8
2013-09-17 03:00:00,-17.5,992.1,1.1,219.0,51.6
2013-09-17 06:00:00,-16.3,991.1,0.6,262.0,42.2
2013-09-17 09:00:00,-13.5,990.8,1.1,116.0,43.4
2013-09-17 12:00:00,-17.8,990.6,0.9,214.0,72.0
2013-09-17 15:00:00,,988.9,0.0,331.0,76.0
2013-09-17 18:00:00,-18.2,989.4,2.6,215.0,76.6
2013-09-17 21:00:00,-17.5,989.5,0.7,45.0,75.0
2013-09-18 00:00:00,-17.6,989.9,1.1,183.0,75.0
2013-09-18 03:00:00,-18.4,989.7,1.5,251.0,79.1
2013-09-18 06:00:00,-17.5,990.2,3.0,202.0,71.4
2013-09-18 09:00:00,-16.0,990.4,3.8,51.0,58.0
2013-09-18 12:00:00,-14.8,992.2,1.5,269.0,50.0
2013-09-18 15:00:00,-16.4,992.6,3.0,113.0,68.0
2013-09-18 18:00:00,-16.6,992.5,3.1,190.0,59.0
2013-09-18 21:00:00,-16.8,994.9,,223.0,69.8
2013-09-19 00:00:00,-16.4,996.9,,226.0,51.3
2013-09-19 03:00:00,-17.2,996.6,6.5,227.0,60.0
2013-09-19 06:00:00,-16.7,997.2,,226.0,64.3
2013-09-19 09:00:00,-15.9,998.2,,2.0,54.0
2013-09-19 12:00:00,-15.9,998.9,,313.0,55.0
2013-09-19 15:00:00,-16.7,999.4,0.3,124.0,53.7
2013-09-19 18:00:00,-13.5,999.7,,195.0,45.0
2013-09-19 21:00:00,-13.7,1001.5,,203.0,44.0
2013-09-20 00:00:00,-15.2,1003.1,,171.0,49.5
2013-09-20 03:00:00,-15.0,1002.9,,200.0,50.0
2013-09-20 06:00:00,-17.0,1003.1,4.2,197.0,59.0
2013-09-20 09:00:00,,1004.8,0.8,43.0,68.0
2013-09-20 12:00:00,-19.0,1005.4,1.0,199.0,69.8
2013-09-20 15:00:00,-23.4,1004.7,1.5,234.0,76.0
2013-09-20 18:00:00,,1004.1,1.2,50.0,73.0
2013-09-20 21:00:00,-23.5,1004.4,0.1,51.0,64.3
2013-09-21 00:00:00,-22.9,1004.1,0.5,234.0,64.0
2013-09-21 03:00:00,-21.4,1003.4,1.9,231.0,72.7
2013-09-21 06:00:00,-22.3,1002.8,2.9,224.0,74.0
2013-09-21 09:00:00,-20.3,1002.2,1.4,196.0,61.2
2013-09-21 12:00:00,-18.8,1001.2,2.0,257.0,51.0
2013-09-21 15:00:00,-17.8,999.7,1.8,245.0,44.0
2013-09-21 18:00:00,-17.1,998.2,0.7,205.0,44.0
2013-09-21 21:00:00,-14.5,997.5,2.1,35.0,47.1
2013-09-22 00:00:00,-13.9,996.1,1.9,280.0,42.0
2013-09-22 03:00:00,-16.1,994.8,0.5,220.0,59.0
2013-09-22 06:00:00,-15.3,993.3,1.3,43.0,47.0
2013-09-22 09:00:00,,992.1,0.1,200.0,66.9
2013-09-22 12:00:00,,991.9,0.1,213.0,64.7
2013-09-22 15:00:00,-22.8,991.9,1.1,246.0,73.0
2013-09-22 18:00:00,-24.8,992.1,,,77.0
2013-09-22 21:00:00,-24.8,993.2,0.1,234.0,71.0
2013-09-23 00:00:00,,994.7,0.0,327.0,63.6
2013-09-23 03:00:00,-20.1,995.9,1.2,235.0,70.0
2013-09-23 06:00:00,-18.1,996.4,1.1,21.0,66.0
2013-09-23 09:00:00,-16.3,997.1,3.3,61.0,67.0
2013-09-23 12:00:00,-16.8,998.6,4.8,136.0,69.0
2013-09-23 15:00:00,-17.6,1000.7,5.3,138.0,71.3
2013-09-23 18:00:00,-17.2,1001.1,4.4,102.0,67.0
2013-09-23 21:00:00,-16.4,1001.7,2.7,168.0,55.0
2013-09-24 00:00:00,-16.8,1003.1,6.4,223.0,51.0
2013-09-24 03:00:00,-17.3,1004.9,5.7,241.0,57.0
2013-09-24 06:00:00,-17.5,1005.3,,36.0,50.0
2013-09-24 09:00:00,-18.7,1006.7,,18.0,58.0
2013-09-24 12:00:00,-20.2,1007.4,2.0,232.0,60.0
2013-09-24 15:00:00,-23.1,1008.9,,,65.9
2013-09-24 18:00:00,-20.1,1009.9,0.8,209.0,53.0
2013-09-24 21:00:00,-23.0,1011.0,0.1,196.0,61.0
2013-09-25 00:00:00,-21.4,1011.0,2.2,228.0,70.0
2013-09-25 03:00:00,-18.8,1010.9,0.7,48.0,65.3
2013-09-25 06:00:00,-19.8,1012.0,0.9,213.0,60.0
2013-09-25 09:00:00,-21.3,1012.8,1.1,227.0,62.0
2013-09-25 12:00:00,-22.2,1012.4,2.5,265.0,64.0
2013-09-25 15:00:00,-24.6,1011.8,2.4,249.0,73.0
2013-09-25 18:00:00,-22.2,1010.9,1.2,206.0,59.9
2013-09-25 21:00:00,-24.4,1010.8,0.2,235.0,68.1
2013-09-26 00:00:00,-21.8,1011.8,,,60.0
2013-09-26 03:00:00,,1013.2,0.2,229.0,52.3
2013-09-26 06:00:00,-20.4,1015.4,0.0,295.0,71.0
2013-09-26 09:00:00,,1017.6,0.2,257.0,77.4
2013-09-26 12:00:00,,1017.8,2.0,253.0,74.0
2013-09-26 15:00:00,-26.1,1017.1,2.1,217.0,77.0
2013-09-26 18:00:00,-23.9,1017.2,0.0,86.0,65.0
2013-09-26 21:00:00,-23.9,1017.6,2.2,216.0,66.0
2013-09-27 00:00:00,-22.1,1017.5,1.6,52.0,62.4
2013-09-27 03:00:00,,1016.8,0.1,34.0,33.5
2013-09-27 06:00:00,-17.2,1015.7,1.5,192.0,42.3
2013-09-27 09:00:00,,1015.3,,192.0,30.0
2013-09-27 12:00:00,,1014.8,,197.0,32.0
2013-09-27 15:00:00,-12.1,1014.5,,208.0,35.0
2013-09-27 18:00:00,-11.5,1013.3,,195.0,28.0
2013-09-27 21:00:00,-11.0,1012.8,,206.0,25.0
2013-09-28 00:00:00,-9.9,1010.8,9.1,199.0,23.8
2013-09-28 03:00:00,-14.0,1008.4,,95.0,44.0
2013-09-28 06:00:00,,1004.1,,57.0,57.0
2013-09-28 09:00:00,-15.7,1002.3,1.2,38.0,44.0
2013-09-28 12:00:00,-18.0,1000.3,2.8,42.0,60.5
2013-09-28 15:00:00,,998.8,1.0,211.0,74.0
2013-09-28 18:00:00,-20.2,997.6,1.8,223.0,63.0
2013-09-28 21:00:00,-21.5,997.9,1.3,249.0,63.6
2013-09-29 00:00:00,-18.1,997.7,0.9,250.0,51.0
2013-09-29 03:00:00,-17.6,995.7,0.6,245.0,60.0
2013-09-29 06:00:00,-20.2,993.2,0.4,58.0,76.6
2013-09-29 09:00:00,-19.7,992.1,,150.0,76.8
2013-09-29 12:00:00,-22.1,992.7,,29.0,83.0
2013-09-29 15:00:00,-21.8,992.9,,248.0,81.7
2013-09-29 18:00:00,-22.3,993.2,0.0,161.0,83.0
2013-09-29 21:00:00,-23.4,992.8,0.3,343.0,75.0
2013-09-30 00:00:00,-20.3,992.7,0.4,238.0,64.1
2013-09-30 03:00:00,-20.0,992.1,0.3,27.0,63.6
2013-09-30 06:00:00,-20.3,991.9,0.1,51.0,69.0
2013-09-30 09:00:00,-24.0,992.0,0.1,244.0,79.0
2013-09-30 12:00:00,-23.3,992.8,1.1,230.0,78.0
2013-09-30 15:00:00,-23.6,993.0,,,78.0
2013-09-30 18:00:00,-24.9,993.7,,,78.0
2013-09-30 21:00:00,-23.4,994.6,1.7,242.0,76.0
2013-10-01 00:00:00,-21.8,996.2,0.8,227.0,63.0
2013-10-01 03:00:00,-19.5,997.1,0.0,256.0,61.2
2013-10-01 06:00:00,-20.3,997.8,0.1,240.0,68.0
2013-10-01 09:00:00,-21.5,998.6,0.2,52.0,76.0
2013-10-01 12:00:00,-21.3,999.1,0.2,303.0,77.0
2013-10-01 15:00:00,-20.7,999.2,0.1,260.0,69.0
2013-10-01 18:00:00,-19.1,999.3,0.3,31.0,58.0
2013-10-01 21:00:00,-17.8,999.9,0.3,222.0,69.0
2013-10-02 00:00:00,-16.3,999.9,0.0,148.0,74.1
2013-10-02 03:00:00,-16.4,998.9,0.4,338.0,73.0
2013-10-02 06:00:00,-16.6,998.4,0.1,23.0,79.3
2013-10-02 09:00:00,-16.7,998.0,0.0,88.0,85.5
2013-10-02 12:00:00,-17.0,997.7,0.2,102.0,86.5
2013-10-02 15:00:00,-16.8,997.2,,,83.0
2013-10-02 18:00:00,-18.1,996.9,0.2,59.0,87.3
2013-10-02 21:00:00,-17.3,996.3,0.4,204.0,78.0
2013-10-03 00:00:00,-17.2,994.8,0.9,227.0,75.0
2013-10-03 03:00:00,-17.1,993.1,1.2,255.0,73.0
2013-10-03 06:00:00,-15.8,991.3,0.1,205.0,65.2
2013-10-03 09:00:00,-18.0,989.5,0.2,262.0,75.0
2013-10-03 12:00:00,-19.6,987.1,0.0,53.0,85.5
2013-10-03 15:00:00,-21.9,985.1,0.2,235.0,88.7
2013-10-03 18:00:00,-22.6,983.7,0.1,12.0,81.0
2013-10-03 21:00:00,-19.5,983.2,0.0,242.0,80.0
2013-10-04 00:00:00,-18.0,983.2,1.1,231.0,81.0
2013-10-04 03:00:00,-16.4,983.6,0.2,189.0,77.7
2013-10-04 06:00:00,-14.0,983.8,1.1,76.0,55.0
2013-10-04 09:00:00,-13.8,985.1,1.2,23.0,48.2
2013-10-04 12:00:00,-15.4,986.2,1.6,46.0,67.0
2013-10-04 15:00:00,-14.6,987.1,0.3,133.0,57.0
2013-10-04 18:00:00,-15.4,988.1,1.7,36.0,66.1
2013-10-04 21:00:00,-15.1,989.2,5.0,46.0,67.0
2013-10-05 00:00:00,-13.8,991.3,3.8,220.0,59.6
2013-10-05 03:00:00,-13.5,991.4,3.3,128.0,63.0
2013-10-05 06:00:00,-14.4,991.0,4.1,351.0,65.0
2013-10-05 09:00:00,-14.2,991.7,2.4,45.0,61.0
2013-10-05 12:00:00,-18.0,992.1,0.7,60.0,75.0
2013-10-05 15:00:00,-18.6,991.3,0.9,187.0,66.5
2013-10-05 18:00:00,-19.5,990.9,1.8,221.0,77.0
2013-10-05 21:00:00,-20.2,990.5,1.2,221.0,73.3
2013-10-06 00:00:00,-15.8,990.6,0.6,253.0,63.0
2013-10-06 03:00:00,,990.4,0.0,249.0,68.0
2013-10-06 06:00:00,-14.5,990.9,0.4,247.0,65.0
2013-10-06 09:00:00,-16.3,991.5,1.1,243.0,78.0
2013-10-06 12:00:00,-17.5,992.5,0.6,272.0,74.0
2013-10-06 15:00:00,-17.3,993.1,0.3,227.0,81.0
2013-10-06 18:00:00,-15.6,994.0,0.0,78.0,56.5
2013-10-06 21:00:00,-17.2,994.6,1.9,234.0,79.0
2013-10-07 00:00:00,-14.3,994.9,0.3,23.0,66.3
2013-10-07 03:00:00,-13.8,994.9,1.2,271.0,71.2
2013-10-07 06:00:00,-15.2,994.9,0.2,23.0,76.0
2013-10-07 09:00:00,,994.7,1.0,224.0,85.0
2013-10-07 12:00:00,,994.7,0.4,218.0,83.6
2013-10-07 15:00:00,-21.5,994.4,0.3,201.0,82.0
2013-10-07 18:00:00,-22.3,993.8,1.7,220.0,79.8
2013-10-07 21:00:00,-19.9,992.9,1.9,235.0,73.5
2013-10-08 00:00:00,,992.7,0.8,235.0,55.0
2013-10-08 03:00:00,-15.0,992.2,0.8,53.0,53.0
2013-10-08 06:00:00,-14.1,992.1,,,56.6
2013-10-08 09:00:00,,991.5,0.3,254.0,77.1
2013-10-08 12:00:00,-16.4,991.3,0.1,4.0,50.0
2013-10-08 15:00:00,-18.5,991.4,0.4,79.0,55.0
2013-10-08 18:00:00,-18.5,990.7,0.8,241.0,59.0
2013-10-08 21:00:00,-14.0,990.5,2.7,45.0,51.0
2013-10-09 00:00:00,-14.6,991.1,3.0,295.0,52.6
2013-10-09 03:00:00,-13.5,990.4,1.5,262.0,59.2
2013-10-09 06:00:00,-12.8,990.2,5.3,225.0,63.0
2013-10-09 09:00:00,-11.7,991.2,4.8,181.0,61.6
2013-10-09 12:00:00,-13.8,992.2,2.3,224.0,64.0
2013-10-09 15:00:00,,991.1,0.9,213.0,72.0
2013-10-09 18:00:00,-13.8,991.3,2.0,203.0,37.5
2013-10-09 21:00:00,-13.4,991.8,3.7,209.0,49.0
2013-10-10 00:00:00,-11.9,991.9,5.4,136.0,56.0
2013-10-10 03:00:00,-12.4,991.6,1.0,257.0,58.3
2013-10-10 06:00:00,-14.2,990.5,3.0,228.0,77.0
2013-10-10 09:00:00,-15.6,990.5,0.4,84.0,68.1
2013-10-10 12:00:00,,989.9,0.5,218.0,80.1
2013-10-10 15:00:00,,989.4,0.2,191.0,82.0
2013-10-10 18:00:00,-21.7,989.7,0.9,224.0,79.0
2013-10-10 21:00:00,-18.1,990.0,0.6,92.0,67.0
2013-10-11 00:00:00,-17.9,989.9,1.7,255.0,68.0
2013-10-11 03:00:00,-15.9,989.0,0.5,237.0,61.2
2013-10-11 06:00:00,-16.2,988.7,0.5,140.0,72.3
2013-10-11 09:00:00,-19.3,990.4,0.0,72.0,78.0
2013-10-11 12:00:00,-20.4,990.7,0.0,75.0,78.0
2013-10-11 15:00:00,-21.7,991.2,1.4,11.0,79.1
2013-10-11 18:00:00,-21.9,991.9,0.2,332.0,69.4
2013-10-11 21:00:00,-20.5,992.6,0.9,234.0,72.0
2013-10-12 00:00:00,-18.1,992.4,0.8,331.0,58.0
2013-10-12 03:00:00,-17.1,992.0,0.8,334.0,54.0
2013-10-12 06:00:00,-17.9,991.7,0.9,243.0,65.0
2013-10-12 09:00:00,-21.8,991.3,0.6,225.0,81.0
2013-10-12 12:00:00,-22.4,990.5,,,77.8
2013-10-12 15:00:00,-23.9,989.5,1.0,226.0,80.0
2013-10-12 18:00:00,-23.2,988.1,1.3,224.0,80.0
2013-10-12 21:00:00,-22.8,987.4,,,72.8
2013-10-13 00:00:00,-19.1,986.3,0.4,247.0,67.0
2013-10-13 03:00:00,-18.7,986.7,1.6,240.0,73.3
2013-10-13 06:00:00,-18.7,987.6,0.5,1.0,78.0
2013-10-13 09:00:00,-19.4,987.2,1.0,210.0,82.6
2013-10-13 12:00:00,-19.5,986.5,2.7,52.0,75.0
2013-10-13 15:00:00,-21.5,987.6,0.1,285.0,79.5
2013-10-13 18:00:00,-21.0,988.2,0.5,154.0,70.0
2013-10-13 21:00:00,-19.3,988.8,1.3,106.0,56.0
2013-10-14 00:00:00,-18.5,989.2,3.3,227.0,50.0
2013-10-14 03:00:00,-17.8,989.3,3.9,233.0,53.9
2013-10-14 06:00:00,-18.1,989.2,3.9,221.0,57.0
2013-10-14 09:00:00,-18.7,989.6,5.1,138.0,65.0
2013-10-14 12:00:00,-18.6,989.7,4.8,151.0,57.0
2013-10-14 15:00:00,-18.9,989.4,1.9,149.0,58.0
2013-10-14 18:00:00,-19.4,989.3,2.3,240.0,58.7
2013-10-14 21:00:00,-19.0,989.1,2.0,144.0,47.0
2013-10-15 00:00:00,-19.6,988.5,,232.0,51.0
2013-10-15 03:00:00,-19.0,986.3,4.0,116.0,52.0
2013-10-15 06:00:00,-19.0,985.0,,228.0,44.0
2013-10-15 09:00:00,-19.5,984.9,2.5,140.0,46.0
2013-10-15 12:00:00,-20.5,983.5,2.9,72.0,48.9
2013-10-15 15:00:00,-21.0,981.9,4.6,262.0,56.0
2013-10-15 18:00:00,-21.3,980.9,0.3,142.0,50.0
2013-10-15 21:00:00,-20.6,979.5,1.1,209.0,52.4
2013-10-16 00:00:00,-17.0,977.9,3.1,210.0,46.5
2013-10-16 03:00:00,-16.2,977.3,,211.0,48.1
2013-10-16 06:00:00,-17.7,977.1,,223.0,52.1
2013-10-16 09:00:00,-19.6,976.2,,23.0,53.0
2013-10-16 12:00:00,-21.9,973.3,2.0,232.0,68.0
2013-10-16 15:00:00,-19.2,971.3,1.2,310.0,47.0
2013-10-16 18:00:00,-17.9,970.3,,225.0,40.0
2013-10-16 21:00:00,-18.0,970.3,,242.0,36.0
2013-10-17 00:00:00,-18.0,970.2,3.5,294.0,50.0
2013-10-17 03:00:00,-15.9,969.2,1.6,214.0,28.0
2013-10-17 06:00:00,-18.0,968.5,1.7,242.0,63.1
2013-10-17 09:00:00,-20.5,968.2,2.0,285.0,56.0
2013-10-17 12:00:00,,967.1,2.4,231.0,72.0
2013-10-17 15:00:00,,965.7,0.0,278.0,73.4
2013-10-17 18:00:00,-26.4,965.0,0.5,218.0,68.0
2013-10-17 21:00:00,-22.6,965.5,0.3,241.0,59.0
2013-10-18 00:00:00,,966.3,0.8,254.0,62.0
2013-10-18 03:00:00,-17.7,967.3,1.4,240.0,59.0
2013-10-18 06:00:00,-17.4,969.1,1.0,239.0,68.0
2013-10-18 09:00:00,-18.5,971.2,0.0,121.0,65.4
2013-10-18 12:00:00,-22.3,972.3,0.1,220.0,73.0
2013-10-18 15:00:00,,973.1,1.7,219.0,79.7
2013-10-18 18:00:00,-23.1,973.2,1.2,225.0,73.0
2013-10-18 21:00:00,-22.5,974.1,1.4,231.0,63.0
2013-10-19 00:00:00,,974.0,1.3,235.0,68.6
2013-10-19 03:00:00,,973.8,0.8,240.0,77.0
2013-10-19 06:00:00,-16.0,973.4,1.0,261.0,68.0
2013-10-19 09:00:00,-19.4,973.6,0.2,226.0,61.0
2013-10-19 12:00:00,,973.6,0.3,39.0,72.8
2013-10-19 15:00:00,,973.7,0.0,20.0,77.0
2013-10-19 18:00:00,-24.6,974.6,0.0,216.0,74.7
2013-10-19 21:00:00,-22.3,975.1,2.0,236.0,72.0
2013-10-20 00:00:00,,975.5,0.9,246.0,50.0
2013-10-20 03:00:00,,975.7,0.1,303.0,39.1
2013-10-20 06:00:00,,976.0,,140.0,38.0
2013-10-20 09:00:00,,977.7,,131.0,62.9
2013-10-20 12:00:00,,977.3,,262.0,73.0
2013-10-20 15:00:00,-20.3,976.6,2.1,230.0,76.1
2013-10-20 18:00:00,-19.4,976.5,0.2,206.0,72.0
2013-10-20 21:00:00,-16.4,976.7,1.2,229.0,76.0
2013-10-21 00:00:00,,976.7,0.4,235.0,66.0
2013-10-21 03:00:00,-13.9,976.6,1.1,243.0,77.0
2013-10-21 06:00:00,-14.4,976.7,0.9,253.0,79.8
2013-10-21 09:00:00,-14.7,977.4,0.1,242.0,84.0
2013-10-21 12:00:00,-15.7,978.1,,,87.0
2013-10-21 15:00:00,-15.4,979.4,0.6,9.0,80.0
2013-10-21 18:00:00,-14.2,980.5,,,87.0
2013-10-21 21:00:00,-13.0,982.1,0.3,278.0,69.0
2013-10-22 00:00:00,-13.4,983.5,,234.0,71.7
2013-10-22 03:00:00,-13.4,985.1,,233.0,67.7
2013-10-22 06:00:00,-13.5,986.6,4.6,234.0,64.0
2013-10-22 09:00:00,-15.2,988.5,,0.0,79.0
2013-10-22 12:00:00,-14.5,989.7,0.5,202.0,71.0
2013-10-22 15:00:00,-17.6,990.1,0.9,48.0,84.8
2013-10-22 18:00:00,-17.1,990.4,0.5,223.0,82.0
2013-10-22 21:00:00,-16.6,990.6,0.7,271.0,75.0
2013-10-23 00:00:00,-15.4,989.8,1.6,247.0,74.0
2013-10-23 03:00:00,-13.4,988.5,2.4,51.0,55.6
2013-10-23 06:00:00,-13.2,988.0,0.1,216.0,56.0
2013-10-23 09:00:00,-15.5,987.2,0.0,245.0,70.0
2013-10-23 12:00:00,,986.4,0.0,264.0,80.0
2013-10-23 15:00:00,-20.4,985.0,1.5,211.0,83.0
2013-10-23 18:00:00,-18.7,984.3,0.7,222.0,80.9
2013-10-23 21:00:00,-17.1,984.7,1.2,218.0,75.0
2013-10-24 00:00:00,-15.5,985.2,0.5,220.0,69.9
2013-10-24 03:00:00,-14.3,985.7,,,69.0
2013-10-24 06:00:00,-15.5,986.5,0.6,345.0,79.4
2013-10-24 09:00:00,-15.7,987.4,0.9,229.0,82.0
2013-10-24 12:00:00,-15.5,988.4,1.9,232.0,68.0
2013-10-24 15:00:00,-15.7,989.1,5.6,236.0,69.0
2013-10-24 18:00:00,-15.6,990.5,3.7,228.0,66.0
2013-10-24 21:00:00,-14.7,992.1,,183.0,57.1
2013-10-25 00:00:00,-15.2,993.5,4.4,237.0,65.0
2013-10-25 03:00:00,-14.6,994.4,1.8,230.0,57.4
2013-10-25 06:00:00,-15.3,995.2,3.1,237.0,64.0
2013-10-25 09:00:00,-15.7,995.8,0.2,63.0,69.0
2013-10-25 12:00:00,-16.7,996.1,0.6,336.0,80.0
2013-10-25 15:00:00,-17.0,996.0,2.0,343.0,75.0
2013-10-25 18:00:00,-17.0,995.9,2.6,151.0,72.0
2013-10-25 21:00:00,-17.3,995.8,5.4,133.0,72.1
2013-10-26 00:00:00,-17.4,995.9,5.0,141.0,68.3
2013-10-26 03:00:00,-17.5,996.0,5.1,130.0,69.0
2013-10-26 06:00:00,-17.9,996.1,5.6,137.0,70.2
2013-10-26 09:00:00,-18.2,996.9,5.4,139.0,70.5
2013-10-26 12:00:00,-18.8,997.4,5.8,137.0,70.0
2013-10-26 15:00:00,-19.4,998.1,6.2,140.0,71.0
2013-10-26 18:00:00,-19.4,998.9,,132.0,75.3
2013-10-26 21:00:00,-18.9,999.3,,192.0,71.0
2013-10-27 00:00:00,-17.8,999.5,0.7,125.0,65.0
2013-10-27 03:00:00,-17.7,999.3,0.7,195.0,59.0
2013-10-27 06:00:00,-18.7,999.1,3.1,120.0,59.7
2013-10-27 09:00:00,-19.2,999.2,0.7,226.0,64.0
2013-10-27 12:00:00,-20.7,998.7,0.1,151.0,76.0
2013-10-27 15:00:00,-22.0,998.1,0.1,230.0,80.2
2013-10-27 18:00:00,-20.8,997.6,0.1,20.0,77.0
2013-10-27 21:00:00,-18.9,997.2,1.2,253.0,69.0
2013-10-28 00:00:00,-17.7,996.6,0.7,241.0,51.0
2013-10-28 03:00:00,-19.1,995.4,1.2,237.0,54.6
2013-10-28 06:00:00,-18.3,994.5,1.2,304.0,59.0
2013-10-28 09:00:00,-19.0,994.0,1.7,210.0,59.0
2013-10-28 12:00:00,-19.3,993.2,1.0,231.0,70.0
2013-10-28 15:00:00,-19.0,992.5,0.6,199.0,66.0
2013-10-28 18:00:00,-18.5,992.3,0.5,257.0,75.0
2013-10-28 21:00:00,-17.5,992.8,1.4,227.0,62.0
2013-10-29 00:00:00,-16.4,992.6,2.5,238.0,60.0
2013-10-29 03:00:00,-15.1,992.5,1.3,241.0,49.0
2013-10-29 06:00:00,-15.5,993.2,0.7,141.0,54.0
2013-10-29 09:00:00,-17.1,994.8,0.2,208.0,55.0
2013-10-29 12:00:00,-16.3,996.0,2.3,150.0,42.0
2013-10-29 15:00:00,-19.4,996.7,0.6,212.0,71.0
2013-10-29 18:00:00,-17.8,998.5,1.0,21.0,56.5
2013-10-29 21:00:00,-15.8,1000.3,0.2,330.0,50.5
2013-10-30 00:00:00,-14.6,1001.4,0.1,280.0,39.0
2013-10-30 03:00:00,-13.7,1001.4,1.3,7.0,40.0
2013-10-30 06:00:00,-14.7,1001.7,2.7,13.0,49.3
2013-10-30 09:00:00,-15.6,1002.7,1.4,49.0,50.4
2013-10-30 12:00:00,-15.1,1002.8,3.0,242.0,40.0
2013-10-30 15:00:00,-15.5,1003.7,6.2,207.0,43.5
2013-10-30 18:00:00,-15.1,1002.0,2.9,226.0,39.0
2013-10-30 21:00:00,-14.9,1002.0,5.8,216.0,39.0
2013-10-31 00:00:00,-14.7,1001.1,7.0,138.0,50.2
2013-10-31 03:00:00,-13.4,999.9,2.4,324.0,55.9
2013-10-31 06:00:00,-13.7,998.5,,50.0,54.0
2013-10-31 09:00:00,-15.6,997.4,0.1,60.0,55.0
2013-10-31 12:00:00,,996.1,,,68.4
2013-10-31 15:00:00,,994.4,1.0,242.0,81.0
2013-10-31 18:00:00,-21.6,993.4,0.3,248.0,72.0
2013-10-31 21:00:00,-18.7,993.4,0.1,5.0,62.1
2013-11-01 00:00:00,,993.6,3.6,119.0,67.5
2013-11-01 03:00:00,-15.5,993.2,0.2,259.0,65.6
2013-11-01 06:00:00,-16.5,992.7,4.4,134.0,70.0
2013-11-01 09:00:00,-16.8,992.4,3.1,144.0,64.0
2013-11-01 12:00:00,-17.4,991.8,1.0,46.0,73.0
2013-11-01 15:00:00,-21.3,990.4,,,76.7
2013-11-01 18:00:00,,989.7,0.7,236.0,78.0
2013-11-01 21:00:00,-18.7,989.0,0.7,252.0,62.5
2013-11-02 00:00:00,,988.2,1.2,278.0,60.9
2013-11-02 03:00:00,-15.6,987.2,1.0,245.0,57.2
2013-11-02 06:00:00,-17.1,986.2,1.9,224.0,70.5
2013-11-02 09:00:00,-18.2,985.9,0.7,216.0,70.0
2013-11-02 12:00:00,-20.2,985.2,0.8,217.0,74.0
2013-11-02 15:00:00,-22.5,984.2,1.9,261.0,74.0
2013-11-02 18:00:00,-21.2,983.4,1.4,241.0,76.0
2013-11-02 21:00:00,,983.4,0.2,53.0,51.0
2013-11-03 00:00:00,,983.1,1.3,35.0,57.5
2013-11-03 03:00:00,-12.2,982.6,1.4,41.0,39.5
2013-11-03 06:00:00,-12.5,982.2,0.4,220.0,61.4
2013-11-03 09:00:00,-15.4,982.0,,,58.0
2013-11-03 12:00:00,,981.8,0.1,199.0,78.5
2013-11-03 15:00:00,,981.3,,,76.0
2013-11-03 18:00:00,-21.9,981.7,,,72.0
2013-11-03 21:00:00,,982.4,0.7,215.0,70.0
2013-11-04 00:00:00,,982.6,0.2,304.0,53.0
2013-11-04 03:00:00,,983.1,2.6,223.0,74.9
2013-11-04 06:00:00,-15.3,983.3,0.0,62.0,74.7
2013-11-04 09:00:00,-15.2,983.7,0.4,223.0,73.0
2013-11-04 12:00:00,-16.9,983.3,0.4,261.0,81.0
2013-11-04 15:00:00,-17.4,982.4,1.1,218.0,86.0
2013-11-04 18:00:00,-16.9,981.1,0.3,218.0,83.6
2013-11-04 21:00:00,-15.4,980.2,0.8,218.0,75.0
2013-11-05 00:00:00,-13.1,979.1,1.7,244.0,77.8
2013-11-05 03:00:00,-11.5,977.7,1.6,299.0,67.0
2013-11-05 06:00:00,-13.4,977.2,1.4,323.0,73.7
2013-11-05 09:00:00,-13.2,977.1,0.2,36.0,71.0
2013-11-05 12:00:00,-17.3,976.7,0.4,8.0,85.0
2013-11-05 15:00:00,-16.3,977.6,,,78.0
2013-11-05 18:00:00,-16.2,978.0,0.7,220.0,76.4
2013-11-05 21:00:00,-14.2,978.6,0.0,281.0,58.0
2013-11-06 00:00:00,-12.4,978.7,0.7,4.0,62.0
2013-11-06 03:00:00,-11.8,978.2,1.0,32.0,62.0
2013-11-06 06:00:00,-12.9,977.6,4.5,100.0,75.0
2013-11-06 09:00:00,-13.7,977.2,5.4,127.0,76.8
2013-11-06 12:00:00,-14.2,976.9,6.6,134.0,78.0
2013-11-06 15:00:00,-16.3,976.7,6.0,148.0,73.0
2013-11-06 18:00:00,-14.4,977.0,5.3,134.0,60.0
2013-11-06 21:00:00,-14.9,977.3,5.7,139.0,71.0
2013-11-07 00:00:00,-15.5,978.3,7.8,128.0,61.3
2013-11-07 03:00:00,-15.4,979.3,4.9,132.0,60.7
2013-11-07 06:00:00,-16.0,980.5,4.8,138.0,68.0
2013-11-07 09:00:00,-15.9,981.1,5.1,134.0,68.9
2013-11-07 12:00:00,-16.6,981.4,0.4,54.0,81.0
2013-11-07 15:00:00,-17.1,980.8,,190.0,81.0
2013-11-07 18:00:00,-16.2,979.7,0.7,219.0,73.0
2013-11-07 21:00:00,-15.9,977.9,0.5,28.0,69.0
2013-11-08 00:00:00,-13.8,976.9,1.6,257.0,56.7
2013-11-08 03:00:00,-12.7,976.0,1.2,238.0,50.0
2013-11-08 06:00:00,-15.0,975.5,1.4,322.0,63.0
2013-11-08 09:00:00,-17.1,975.4,0.1,318.0,64.5
2013-11-08 12:00:00,,975.4,0.7,257.0,79.5
2013-11-08 15:00:00,-18.4,975.3,0.9,215.0,76.0
2013-11-08 18:00:00,-19.1,975.2,1.1,233.0,79.0
2013-11-08 21:00:00,-17.9,975.4,1.0,229.0,72.9
2013-11-09 00:00:00,-14.2,975.6,0.4,232.0,65.0
2013-11-09 03:00:00,,975.7,0.5,248.0,61.0
2013-11-09 06:00:00,-13.8,975.6,0.7,236.0,68.0
2013-11-09 09:00:00,-16.1,976.0,0.3,241.0,76.0
2013-11-09 12:00:00,-18.1,977.2,0.7,222.0,83.0
2013-11-09 15:00:00,-20.1,978.5,0.4,264.0,82.3
2013-11-09 18:00:00,-17.0,979.5,0.2,300.0,80.2
2013-11-09 21:00:00,,980.9,1.9,242.0,77.0
2013-11-10 00:00:00,-12.8,981.4,1.2,236.0,73.1
2013-11-10 03:00:00,-12.1,981.3,1.6,298.0,74.8
2013-11-10 06:00:00,-11.2,981.5,0.8,238.0,62.0
2013-11-10 09:00:00,-10.4,981.9,5.7,208.0,69.0
2013-11-10 12:00:00,-10.6,982.3,,208.0,67.0
2013-11-10 15:00:00,-11.8,982.3,10.2,224.0,67.0
2013-11-10 18:00:00,-11.2,982.3,12.0,218.0,69.0
2013-11-10 21:00:00,-11.7,982.6,14.5,207.0,84.0
2013-11-11 00:00:00,-11.2,982.4,14.2,202.0,76.0
2013-11-11 03:00:00,-10.2,982.9,13.6,197.0,66.9
2013-11-11 06:00:00,-9.9,982.5,15.7,221.0,56.1
2013-11-11 09:00:00,-9.6,983.8,14.1,203.0,55.0
2013-11-11 12:00:00,-9.6,984.1,13.7,203.0,44.0
2013-11-11 15:00:00,-11.3,984.9,,217.0,41.6
2013-11-11 18:00:00,-11.2,985.5,,243.0,48.0
2013-11-11 21:00:00,-12.5,985.7,,335.0,61.0
2013-11-12 00:00:00,-9.1,985.3,0.8,231.0,64.7
2013-11-12 03:00:00,-9.4,983.8,1.8,45.0,61.7
2013-11-12 06:00:00,-10.7,981.6,1.1,37.0,68.0
2013-11-12 09:00:00,-11.5,979.8,1.2,208.0,66.0
2013-11-12 12:00:00,-11.7,979.0,1.8,83.0,76.2
2013-11-12 15:00:00,-12.5,978.1,5.7,136.0,79.0
2013-11-12 18:00:00,-12.6,978.2,6.0,126.0,79.5
2013-11-12 21:00:00,-12.3,979.3,2.0,209.0,83.0
2013-11-13 00:00:00,-13.0,980.7,6.0,136.0,75.3
2013-11-13 03:00:00,-11.2,981.4,4.1,125.0,66.3
2013-11-13 06:00:00,-11.8,982.1,7.0,226.0,68.0
2013-11-13 09:00:00,-11.8,983.3,7.0,223.0,65.0
2013-11-13 12:00:00,-10.8,984.0,,203.0,58.0
2013-11-13 15:00:00,-10.8,984.7,,209.0,65.0
2013-11-13 18:00:00,-9.9,984.6,13.6,198.0,53.0
2013-11-13 21:00:00,-9.7,986.6,,204.0,57.5
2013-11-14 00:00:00,-6.5,984.8,,231.0,39.0
2013-11-14 03:00:00,-6.1,985.1,,275.0,44.0
2013-11-14 06:00:00,-5.9,985.7,,199.0,33.5
2013-11-14 09:00:00,-7.7,986.4,,186.0,40.9
2013-11-14 12:00:00,-9.8,986.9,,175.0,53.0
2013-11-14 15:00:00,-12.2,987.1,1.2,208.0,62.0
2013-11-14 18:00:00,-14.7,986.1,1.3,229.0,77.2
2013-11-14 21:00:00,,986.2,1.8,179.0,35.0
2013-11-15 00:00:00,,986.7,1.4,4.0,41.0
2013-11-15 03:00:00,-6.5,986.1,0.7,360.0,44.0
2013-11-15 06:00:00,-8.1,985.8,2.1,11.0,72.0
2013-11-15 09:00:00,-9.2,985.9,1.3,212.0,66.0
2013-11-15 12:00:00,-12.9,985.6,0.1,236.0,79.0
2013-11-15 15:00:00,-12.0,984.3,2.8,214.0,57.0
2013-11-15 18:00:00,,984.1,,181.0,23.0
2013-11-15 21:00:00,-9.5,984.7,6.0,222.0,48.6
2013-11-16 00:00:00,-6.4,984.8,6.5,244.0,51.0
2013-11-16 03:00:00,-5.2,985.9,1.6,330.0,34.0
2013-11-16 06:00:00,-5.6,986.1,,296.0,41.0
2013-11-16 09:00:00,-8.2,987.1,1.2,296.0,44.0
2013-11-16 12:00:00,,987.7,0.7,185.0,50.0
2013-11-16 15:00:00,,987.5,2.5,32.0,66.0
2013-11-16 18:00:00,-12.5,988.0,0.4,204.0,53.0
2013-11-16 21:00:00,-11.1,988.3,1.4,242.0,69.0
2013-11-17 00:00:00,,988.2,1.1,233.0,46.6
2013-11-17 03:00:00,-6.2,987.9,2.6,53.0,54.0
2013-11-17 06:00:00,-7.8,987.8,3.2,19.0,71.0
2013-11-17 09:00:00,-8.4,988.1,0.8,254.0,68.0
2013-11-17 12:00:00,-11.0,988.4,0.2,267.0,70.8
2013-11-17 15:00:00,-8.7,987.7,,143.0,74.0
2013-11-17 18:00:00,-9.0,987.8,3.2,144.0,65.0
2013-11-17 21:00:00,-7.9,987.6,1.7,225.0,55.3
2013-11-18 00:00:00,-8.2,987.8,,220.0,64.0
2013-11-18 03:00:00,-8.3,987.9,,219.0,65.9
2013-11-18 06:00:00,-8.5,988.3,7.1,217.0,73.0
2013-11-18 09:00:00,-8.6,989.2,9.4,213.0,63.0
2013-11-18 12:00:00,-8.5,989.8,6.8,201.0,61.0
2013-11-18 15:00:00,-8.7,990.2,,166.0,60.0
2013-11-18 18:00:00,-8.2,991.0,7.6,208.0,55.0
2013-11-18 21:00:00,-6.5,991.8,8.4,200.0,42.8
2013-11-19 00:00:00,-6.6,991.7,8.3,232.0,53.8
2013-11-19 03:00:00,-5.1,990.6,,40.0,43.6
2013-11-19 06:00:00,-6.4,989.6,,16.0,59.0
2013-11-19 09:00:00,-7.8,988.2,1.8,174.0,43.0
2013-11-19 12:00:00,-11.3,986.8,0.5,28.0,72.0
2013-11-19 15:00:00,,984.7,0.4,329.0,70.0
2013-11-19 18:00:00,-12.6,983.3,0.1,232.0,74.0
2013-11-19 21:00:00,-9.7,982.5,1.3,234.0,67.0
2013-11-20 00:00:00,-8.4,982.2,1.8,350.0,70.7
2013-11-20 03:00:00,-7.5,982.0,0.9,8.0,51.3
2013-11-20 06:00:00,-7.8,982.4,0.3,21.0,62.0
2013-11-20 09:00:00,-8.6,983.1,0.6,241.0,60.0
2013-11-20 12:00:00,-10.7,984.4,0.6,246.0,77.0
2013-11-20 15:00:00,-9.9,985.5,0.1,2.0,82.8
2013-11-20 18:00:00,-11.5,987.1,0.2,316.0,85.0
2013-11-20 21:00:00,-8.8,988.6,,,76.0
2013-11-21 00:00:00,-8.6,989.9,0.4,358.0,81.0
2013-11-21 03:00:00,-8.4,990.8,1.0,222.0,83.0
2013-11-21 06:00:00,-9.3,992.0,0.2,249.0,81.6
2013-11-21 09:00:00,-9.8,993.0,0.0,282.0,89.0
2013-11-21 12:00:00,,993.6,1.4,236.0,86.0
2013-11-21 15:00:00,-13.0,993.7,1.1,232.0,70.0
2013-11-21 18:00:00,-12.0,994.7,1.8,230.0,68.6
2013-11-21 21:00:00,-8.7,995.5,4.9,233.0,59.0
2013-11-22 00:00:00,-8.4,996.2,5.6,223.0,65.0
2013-11-22 03:00:00,-8.2,996.3,6.9,229.0,68.0
2013-11-22 06:00:00,-8.2,997.0,6.1,230.0,69.6
2013-11-22 09:00:00,-8.8,996.7,8.7,208.0,55.0
2013-11-22 12:00:00,-9.4,997.0,,207.0,74.0
2013-11-22 15:00:00,-9.5,996.7,11.0,218.0,64.0
2013-11-22 18:00:00,-8.7,996.2,11.7,199.0,47.7
2013-11-22 21:00:00,-7.5,995.4,10.4,200.0,35.2
2013-11-23 00:00:00,-6.3,994.9,9.3,199.0,40.0
2013-11-23 03:00:00,-6.0,994.1,6.7,202.0,41.0
2013-11-23 06:00:00,-7.6,993.6,10.4,198.0,38.4
2013-11-23 09:00:00,-9.1,992.7,5.9,221.0,67.0
2013-11-23 12:00:00,-8.5,991.7,10.8,201.0,52.0
2013-11-23 15:00:00,-9.0,991.3,9.3,197.0,50.7
2013-11-23 18:00:00,-8.6,990.1,9.0,183.0,40.0
2013-11-23 21:00:00,-7.5,988.3,9.6,202.0,41.0
2013-11-24 00:00:00,-6.2,986.2,11.8,198.0,33.3
2013-11-24 03:00:00,-6.0,984.0,11.7,197.0,35.0
2013-11-24 06:00:00,-7.3,983.4,11.8,208.0,77.0
2013-11-24 09:00:00,-6.6,982.2,,218.0,71.8
2013-11-24 12:00:00,-6.6,983.0,12.8,201.0,64.7
2013-11-24 15:00:00,-6.5,982.0,16.9,208.0,64.0
2013-11-24 18:00:00,-7.2,982.8,12.6,209.0,82.0
2013-11-24 21:00:00,-6.7,983.3,16.2,214.0,80.0
2013-11-25 00:00:00,-6.6,985.2,12.7,217.0,79.6
2013-11-25 03:00:00,-5.8,985.5,,214.0,73.0
2013-11-25 06:00:00,-5.0,987.2,,198.0,60.0
2013-11-25 09:00:00,-4.0,987.2,,197.0,37.0
2013-11-25 12:00:00,-4.9,987.6,,202.0,34.2
2013-11-25 15:00:00,-5.4,987.8,13.8,194.0,28.0
2013-11-25 18:00:00,-6.5,988.3,,213.0,35.0
2013-11-25 21:00:00,-6.1,987.9,,239.0,45.4
2013-11-26 00:00:00,-3.2,988.2,6.2,242.0,42.6
2013-11-26 03:00:00,,988.8,8.1,208.0,26.0
2013-11-26 06:00:00,-2.3,989.6,8.5,205.0,32.0
2013-11-26 09:00:00,-3.2,989.5,5.0,234.0,49.7
2013-11-26 12:00:00,-3.3,990.3,,63.0,47.0
2013-11-26 15:00:00,-3.9,990.3,1.0,217.0,38.0
2013-11-26 18:00:00,-8.1,991.0,0.9,28.0,72.0
2013-11-26 21:00:00,,991.3,0.6,1.0,52.0
2013-11-27 00:00:00,,990.7,1.7,26.0,46.2
2013-11-27 03:00:00,,990.2,,139.0,59.7
2013-11-27 06:00:00,-3.2,990.3,3.3,311.0,66.1
2013-11-27 09:00:00,-3.4,990.0,,351.0,56.0
2013-11-27 12:00:00,-7.5,989.4,0.4,26.0,74.2
2013-11-27 15:00:00,,988.3,2.4,218.0,88.0
2013-11-27 18:00:00,-7.6,987.4,2.6,200.0,75.0
2013-11-27 21:00:00,-5.3,987.5,0.4,230.0,60.0
2013-11-28 00:00:00,-3.8,987.3,0.9,13.0,62.0
2013-11-28 03:00:00,-1.7,986.8,0.7,329.0,38.1
2013-11-28 06:00:00,-2.7,986.9,0.9,8.0,65.0
2013-11-28 09:00:00,-3.9,987.5,1.7,239.0,72.0
2013-11-28 12:00:00,-6.5,988.5,0.9,29.0,76.0
2013-11-28 15:00:00,-6.6,988.9,0.2,3.0,77.0
2013-11-28 18:00:00,-4.5,990.1,,228.0,70.2
2013-11-28 21:00:00,-4.4,991.1,4.7,150.0,78.0
2013-11-29 00:00:00,-4.0,991.3,,214.0,53.8
2013-11-29 03:00:00,-4.2,991.0,7.2,233.0,59.6
2013-11-29 06:00:00,-4.8,990.7,,210.0,51.0
2013-11-29 09:00:00,-5.7,990.5,,216.0,73.0
2013-11-29 12:00:00,-5.7,989.5,,208.0,65.0
2013-11-29 15:00:00,-5.7,987.9,0.6,214.0,59.0
2013-11-29 18:00:00,-5.4,987.0,4.8,128.0,65.8
2013-11-29 21:00:00,-5.0,986.6,2.6,207.0,52.9
2013-11-30 00:00:00,-3.8,986.3,3.4,183.0,59.0
2013-11-30 03:00:00,-2.9,985.3,2.9,206.0,52.8
2013-11-30 06:00:00,-3.7,984.7,5.3,134.0,60.1
2013-11-30 09:00:00,-5.3,984.3,0.8,13.0,61.0
2013-11-30 12:00:00,-6.8,983.5,,229.0,64.7
2013-11-30 15:00:00,-5.0,981.4,,236.0,35.0
2013-11-30 18:00:00,-4.2,980.2,,201.0,33.0
2013-11-30 21:00:00,-1.5,978.4,,204.0,28.3
2013-12-01 00:00:00,0.0,977.2,12.0,198.0,38.0
2013-12-01 03:00:00,-0.3,977.8,13.7,196.0,41.0
2013-12-01 06:00:00,-0.8,977.6,12.1,201.0,43.2
2013-12-01 09:00:00,-1.1,977.3,12.8,188.0,40.7
2013-12-01 12:00:00,-1.4,978.0,13.8,180.0,39.0
2013-12-01 15:00:00,-1.0,977.2,10.0,192.0,39.0
2013-12-01 18:00:00,-1.1,977.7,,204.0,34.0
2013-12-01 21:00:00,-2.5,978.4,,232.0,54.0
2013-12-02 00:00:00,-2.4,978.1,,302.0,62.3
2013-12-02 03:00:00,-1.6,977.5,2.9,4.0,59.0
2013-12-02 06:00:00,-2.0,977.2,3.1,128.0,52.0
2013-12-02 09:00:00,-3.7,977.8,2.9,132.0,57.0
2013-12-02 12:00:00,-6.5,978.0,,,73.0
2013-12-02 15:00:00,,977.8,0.7,315.0,62.9
2013-12-02 18:00:00,-5.0,978.4,3.2,154.0,55.0
2013-12-02 21:00:00,,979.0,0.4,296.0,56.0
2013-12-03 00:00:00,,979.5,1.7,321.0,63.0
2013-12-03 03:00:00,-1.5,979.8,3.7,45.0,54.0
2013-12-03 06:00:00,-2.7,980.2,4.1,235.0,49.7
2013-12-03 09:00:00,,980.6,1.7,5.0,60.0
2013-12-03 12:00:00,-3.9,980.4,,199.0,27.0
2013-12-03 15:00:00,-3.5,980.9,,193.0,29.0
2013-12-03 18:00:00,-2.3,982.7,9.9,203.0,45.2
2013-12-03 21:00:00,-1.5,983.3,9.6,203.0,45.0
2013-12-04 00:00:00,-0.8,984.7,,208.0,52.0
2013-12-04 03:00:00,-0.3,985.4,,207.0,49.6
2013-12-04 06:00:00,-0.5,985.9,,204.0,43.0
2013-12-04 09:00:00,-3.0,986.5,,246.0,67.0
2013-12-04 12:00:00,-3.8,987.2,,234.0,68.0
2013-12-04 15:00:00,-5.4,987.1,,346.0,70.0
2013-12-04 18:00:00,-5.2,986.8,,304.0,71.0
2013-12-04 21:00:00,,986.3,1.3,242.0,77.0
2013-12-05 00:00:00,-1.6,985.6,3.2,30.0,64.0
2013-12-05 03:00:00,-1.2,984.3,3.3,60.0,65.0
2013-12-05 06:00:00,-4.0,983.8,2.6,21.0,75.0
2013-12-05 09:00:00,,983.3,1.5,222.0,75.3
2013-12-05 12:00:00,,983.6,0.5,15.0,88.0
2013-12-05 15:00:00,,983.8,0.4,338.0,92.2
2013-12-05 18:00:00,,985.1,0.2,356.0,84.0
2013-12-05 21:00:00,,986.0,1.4,348.0,76.0
2013-12-06 00:00:00,-1.1,987.2,2.4,33.0,70.6
2013-12-06 03:00:00,,987.7,1.7,19.0,68.6
2013-12-06 06:00:00,,987.8,1.5,12.0,72.0
2013-12-06 09:00:00,,987.8,0.2,7.0,72.0
2013-12-06 12:00:00,,987.5,0.0,328.0,84.1
2013-12-06 15:00:00,-6.2,986.7,3.5,116.0,82.0
2013-12-06 18:00:00,,986.6,0.8,360.0,83.5
2013-12-06 21:00:00,-5.9,986.1,3.0,37.0,82.0
2013-12-07 00:00:00,-4.6,986.1,4.0,102.0,75.0
2013-12-07 03:00:00,-3.7,985.6,2.3,86.0,69.2
2013-12-07 06:00:00,-3.5,985.7,3.0,137.0,68.0
2013-12-07 09:00:00,-5.2,986.1,4.6,133.0,71.0
2013-12-07 12:00:00,-5.8,987.1,2.5,347.0,80.5
2013-12-07 15:00:00,,987.7,1.1,56.0,78.2
2013-12-07 18:00:00,-5.3,988.9,4.3,136.0,68.0
2013-12-07 21:00:00,-5.2,990.4,2.5,320.0,77.0
2013-12-08 00:00:00,,992.1,1.4,2.0,66.0
2013-12-08 03:00:00,-2.7,992.9,2.5,327.0,58.0
2013-12-08 06:00:00,,994.3,1.1,322.0,66.3
2013-12-08 09:00:00,,995.8,1.1,324.0,71.0
2013-12-08 12:00:00,,997.7,0.8,153.0,71.0
2013-12-08 15:00:00,-4.3,999.5,5.5,189.0,42.4
2013-12-08 18:00:00,-4.3,1001.8,,195.0,40.0
2013-12-08 21:00:00,-1.7,1003.1,6.2,212.0,42.0
2013-12-09 00:00:00,-0.9,1004.6,4.1,244.0,57.0
2013-12-09 03:00:00,-1.3,1005.2,2.0,337.0,57.3
2013-12-09 06:00:00,,1006.0,1.4,356.0,54.0
2013-12-09 09:00:00,,1006.3,0.6,237.0,66.0
2013-12-09 12:00:00,,1006.3,0.6,266.0,67.0
2013-12-09 15:00:00,,1005.7,0.9,229.0,76.2
2013-12-09 18:00:00,,1005.4,1.1,44.0,83.8
2013-12-09 21:00:00,,1004.6,0.9,13.0,72.0
2013-12-10 00:00:00,,1004.4,2.1,38.0,67.0
2013-12-10 03:00:00,-2.4,1003.2,2.1,36.0,68.5
2013-12-10 06:00:00,,1002.6,1.8,218.0,65.0
2013-12-10 09:00:00,,1001.5,1.8,218.0,86.7
2013-12-10 12:00:00,-6.3,1000.3,2.1,242.0,87.0
2013-12-10 15:00:00,,998.6,0.0,121.0,88.0
2013-12-10 18:00:00,,998.1,1.2,222.0,83.6
2013-12-10 21:00:00,,997.1,1.8,238.0,78.0
2013-12-11 00:00:00,,996.0,1.6,231.0,76.3
2013-12-11 03:00:00,,995.5,0.5,23.0,82.0
2013-12-11 06:00:00,-4.0,995.2,2.7,54.0,87.2
2013-12-11 09:00:00,,994.8,1.1,255.0,93.0
2013-12-11 12:00:00,-6.1,994.0,2.2,250.0,97.0
2013-12-11 15:00:00,-6.9,992.9,2.1,331.0,99.0
2013-12-11 18:00:00,-6.7,992.5,2.4,310.0,97.3
2013-12-11 21:00:00,-6.7,992.5,2.8,216.0,97.1
2013-12-12 00:00:00,,991.6,1.5,243.0,97.8
2013-12-12 03:00:00,-4.0,989.9,4.0,48.0,92.0
2013-12-12 06:00:00,,989.1,0.9,25.0,89.4
2013-12-12 09:00:00,-4.2,987.9,4.6,228.0,91.4
2013-12-12 12:00:00,,988.0,0.7,194.0,91.0
2013-12-12 15:00:00,,986.6,0.3,25.0,95.0
2013-12-12 18:00:00,,986.2,1.5,245.0,98.0
2013-12-12 21:00:00,,986.1,1.4,251.0,97.0
2013-12-13 00:00:00,-3.0,986.7,2.0,228.0,95.6
2013-12-13 03:00:00,,987.3,1.2,283.0,86.1
2013-12-13 06:00:00,,988.0,1.7,219.0,71.0
2013-12-13 09:00:00,-3.8,987.8,2.0,223.0,94.0
2013-12-13 12:00:00,,987.9,0.0,219.0,88.0
2013-12-13 15:00:00,,987.4,0.6,256.0,80.0
2013-12-13 18:00:00,,987.0,1.1,246.0,91.0
2013-12-13 21:00:00,,986.7,1.6,216.0,67.0
2013-12-14 00:00:00,,986.1,0.1,284.0,63.7
2013-12-14 03:00:00,,985.0,0.4,264.0,52.0
2013-12-14 06:00:00,-0.3,983.9,3.0,142.0,66.0
2013-12-14 09:00:00,-4.7,983.4,3.2,34.0,85.0
2013-12-14 12:00:00,,982.4,2.0,12.0,90.1
2013-12-14 15:00:00,-5.1,980.8,2.4,357.0,88.2
2013-12-14 18:00:00,,979.7,1.6,305.0,83.0
2013-12-14 21:00:00,,979.0,0.2,11.0,90.0
2013-12-15 00:00:00,,978.5,1.1,1.0,87.0
2013-12-15 03:00:00,,977.9,0.8,16.0,83.7
2013-12-15 06:00:00,-3.8,978.2,4.6,133.0,80.0
2013-12-15 09:00:00,-4.1,979.3,,139.0,71.0
2013-12-15 12:00:00,-4.1,980.7,6.3,146.0,71.0
2013-12-15 15:00:00,-4.0,981.7,5.3,143.0,72.1
2013-12-15 18:00:00,-3.3,983.3,,162.0,68.4
2013-12-15 21:00:00,-2.5,985.0,4.4,142.0,63.0
2013-12-16 00:00:00,-0.7,986.8,3.7,139.0,55.8
2013-12-16 03:00:00,,987.7,0.8,118.0,58.9
2013-12-16 06:00:00,,989.1,1.6,11.0,75.0
2013-12-16 09:00:00,,990.1,1.8,326.0,80.0
2013-12-16 12:00:00,,991.0,1.1,346.0,80.0
2013-12-16 15:00:00,,991.1,0.0,249.0,79.0
2013-12-16 18:00:00,,991.3,0.9,232.0,73.4
2013-12-16 21:00:00,,991.8,0.5,4.0,68.0
2013-12-17 00:00:00,,992.0,1.0,228.0,72.0
2013-12-17 03:00:00,,991.7,0.9,11.0,71.9
2013-12-17 06:00:00,,991.5,1.5,25.0,78.5
2013-12-17 09:00:00,,991.4,0.9,342.0,71.0
2013-12-17 12:00:00,-3.9,990.5,2.4,209.0,79.0
2013-12-17 15:00:00,,989.7,1.6,220.0,85.0
2013-12-17 18:00:00,,989.5,1.2,221.0,84.0
2013-12-17 21:00:00,,989.0,1.4,234.0,85.5
2013-12-18 00:00:00,,988.6,1.6,19.0,71.3
2013-12-18 03:00:00,,987.9,1.5,242.0,72.0
2013-12-18 06:00:00,-1.4,987.9,2.3,222.0,88.0
2013-12-18 09:00:00,,988.2,0.7,16.0,79.0
2013-12-18 12:00:00,,988.2,0.1,229.0,79.0
2013-12-18 15:00:00,,988.0,0.3,279.0,88.0
2013-12-18 18:00:00,,988.5,0.5,254.0,88.0
2013-12-18 21:00:00,,988.8,0.8,223.0,82.0
2013-12-19 00:00:00,-0.6,988.9,2.3,334.0,75.8
2013-12-19 03:00:00,,988.7,1.2,210.0,69.0
2013-12-19 06:00:00,-1.3,988.8,,137.0,68.6
2013-12-19 09:00:00,-1.4,989.1,4.4,141.0,65.0
2013-12-19 12:00:00,-2.3,989.3,5.3,134.0,71.0
2013-12-19 15:00:00,-2.2,989.1,2.6,144.0,65.0
2013-12-19 18:00:00,-2.2,989.7,7.1,209.0,64.0
2013-12-19 21:00:00,-1.7,990.3,6.7,218.0,72.5
2013-12-20 00:00:00,0.5,990.7,11.0,216.0,69.2
2013-12-20 03:00:00,1.1,990.7,,215.0,59.2
2013-12-20 06:00:00,-1.6,991.6,,147.0,76.6
2013-12-20 09:00:00,-2.2,992.4,8.1,148.0,74.8
2013-12-20 12:00:00,-2.7,993.0,6.7,154.0,73.0
2013-12-20 15:00:00,-3.2,993.1,6.0,157.0,75.0
2013-12-20 18:00:00,-3.2,993.3,8.0,150.0,71.0
2013-12-20 21:00:00,-1.9,993.1,7.0,146.0,66.0
2013-12-21 00:00:00,-1.4,993.1,6.7,149.0,58.6
2013-12-21 03:00:00,-1.1,992.2,6.9,154.0,57.0
2013-12-21 06:00:00,-1.7,991.8,7.2,145.0,60.0
2013-12-21 09:00:00,-2.1,991.4,8.2,143.0,66.0
2013-12-21 12:00:00,-2.8,991.0,6.1,138.0,60.3
2013-12-21 15:00:00,-2.8,990.1,3.5,149.0,64.0
2013-12-21 18:00:00,,989.3,1.7,182.0,49.0
2013-12-21 21:00:00,-1.1,988.7,3.0,227.0,50.3
2013-12-22 00:00:00,-1.4,987.3,,233.0,68.0
2013-12-22 03:00:00,-1.0,986.1,,224.0,64.0
2013-12-22 06:00:00,-0.2,985.5,5.3,216.0,54.6
2013-12-22 09:00:00,-0.2,985.0,9.4,205.0,48.0
2013-12-22 12:00:00,-1.6,984.7,8.4,203.0,51.0
2013-12-22 15:00:00,-2.6,984.5,,226.0,58.3
2013-12-22 18:00:00,-4.7,985.4,,32.0,83.0
2013-12-22 21:00:00,-2.5,986.1,2.9,16.0,79.0
2013-12-23 00:00:00,,986.5,1.9,337.0,68.0
2013-12-23 03:00:00,,986.7,1.7,39.0,56.0
2013-12-23 06:00:00,-0.3,987.0,2.6,38.0,68.0
2013-12-23 09:00:00,-0.9,986.9,2.2,50.0,75.4
2013-12-23 12:00:00,,986.5,1.2,218.0,84.8
2013-12-23 15:00:00,,985.5,0.1,225.0,85.0
2013-12-23 18:00:00,,985.4,0.0,94.0,87.0
2013-12-23 21:00:00,,985.8,1.4,242.0,74.0
2013-12-24 00:00:00,,986.8,0.9,358.0,66.1
2013-12-24 03:00:00,0.2,987.5,2.3,221.0,63.0
2013-12-24 06:00:00,,988.4,1.3,6.0,74.0
2013-12-24 09:00:00,-1.5,988.8,2.0,221.0,84.0
2013-12-24 12:00:00,,989.7,1.6,206.0,81.0
2013-12-24 15:00:00,,989.7,0.3,240.0,79.7
2013-12-24 18:00:00,-1.2,989.8,,132.0,80.0
2013-12-24 21:00:00,-0.6,990.2,,136.0,75.9
2013-12-25 00:00:00,-0.2,991.2,,238.0,78.0
2013-12-25 03:00:00,0.9,991.7,,185.0,72.8
2013-12-25 06:00:00,,993.1,0.8,326.0,72.0
2013-12-25 09:00:00,-1.0,994.3,3.6,17.0,82.0
2013-12-25 12:00:00,-1.4,996.1,4.3,231.0,62.0
2013-12-25 15:00:00,,997.6,1.6,191.0,64.0
2013-12-25 18:00:00,,999.1,1.6,214.0,61.3
2013-12-25 21:00:00,,1000.5,1.6,23.0,59.0
2013-12-26 00:00:00,2.0,1001.3,2.8,51.0,44.0
2013-12-26 03:00:00,1.3,1001.3,2.3,42.0,61.4
2013-12-26 06:00:00,,1000.7,1.6,39.0,66.7
2013-12-26 09:00:00,,999.6,1.8,15.0,71.0
2013-12-26 12:00:00,-0.9,998.3,4.5,123.0,86.0
2013-12-26 15:00:00,-2.3,997.5,3.7,58.0,89.9
2013-12-26 18:00:00,-2.5,996.6,3.7,92.0,91.8
2013-12-26 21:00:00,-1.5,996.0,3.3,121.0,84.3
2013-12-27 00:00:00,,995.7,1.3,219.0,93.0
2013-12-27 03:00:00,,995.4,1.9,192.0,91.0
2013-12-27 06:00:00,-1.4,995.6,4.9,156.0,86.6
2013-12-27 09:00:00,,996.1,1.6,215.0,95.0
2013-12-27 12:00:00,,996.4,0.5,270.0,93.0
2013-12-27 15:00:00,,995.6,1.0,230.0,93.0
2013-12-27 18:00:00,,994.1,1.0,230.0,85.9
2013-12-27 21:00:00,,993.2,1.1,229.0,75.0
2013-12-28 00:00:00,,992.4,1.6,228.0,80.6
2013-12-28 03:00:00,,992.0,0.9,21.0,78.3
2013-12-28 06:00:00,0.0,992.7,3.1,209.0,83.0
2013-12-28 09:00:00,,996.5,1.0,345.0,85.2
2013-12-28 12:00:00,,997.8,0.1,67.0,60.0
2013-12-28 15:00:00,,998.6,0.9,150.0,70.0
2013-12-28 18:00:00,,999.7,0.1,44.0,63.0
2013-12-28 21:00:00,,1000.2,1.2,356.0,69.0
2013-12-29 00:00:00,0.7,1000.5,2.4,15.0,58.0
2013-12-29 03:00:00,1.6,999.2,4.2,79.0,63.6
2013-12-29 06:00:00,0.2,998.6,2.9,212.0,84.5
2013-12-29 09:00:00,-1.6,998.1,2.4,223.0,87.8
2013-12-29 12:00:00,-3.3,998.3,,,93.0
2013-12-29 15:00:00,,998.6,0.3,222.0,92.0
2013-12-29 18:00:00,,999.2,0.0,241.0,96.0
2013-12-29 21:00:00,-3.1,999.7,3.3,235.0,93.2
2013-12-30 00:00:00,,1000.2,1.6,250.0,80.0
2013-12-30 03:00:00,,1000.2,0.3,310.0,75.0
2013-12-30 06:00:00,,999.8,1.7,345.0,89.2
2013-12-30 09:00:00,,999.5,0.5,35.0,90.9
2013-12-30 12:00:00,,999.2,1.2,222.0,95.5
2013-12-30 15:00:00,,999.3,0.4,239.0,95.0
2013-12-30 18:00:00,-4.3,999.4,2.6,228.0,98.0
2013-12-30 21:00:00,-2.2,999.8,2.1,239.0,90.0
2013-12-31 00:00:00,-1.3,1000.3,2.3,34.0,91.2
2013-12-31 03:00:00,,1000.0,1.3,352.0,92.0
2013-12-31 06:00:00,,999.8,1.4,246.0,95.0
2013-12-31 09:00:00,,1001.0,1.0,292.0,96.0
2013-12-31 12:00:00,,1003.1,1.3,237.0,98.7
2013-12-31 15:00:00,,1003.4,1.8,233.0,97.7
2013-12-31 18:00:00,,1003.7,0.8,220.0,98.0
2013-12-31 21:00:00,,1003.4,1.5,224.0,96.0
2014-01-01 00:00:00,,1003.2,1.2,27.0,49.0
2014-01-01 03:00:00,,1002.4,1.8,8.0,74.2
2014-01-01 06:00:00,,1001.6,1.5,229.0,75.0
2014-01-01 09:00:00,,1003.7,1.2,258.0,71.0
2014-01-01 12:00:00,,1005.1,0.4,156.0,71.0
2014-01-01 15:00:00,,1003.7,0.8,232.0,64.7
2014-01-01 18:00:00,,1002.2,1.6,166.0,53.0
2014-01-01 21:00:00,,1001.3,1.5,229.0,68.0
2014-01-02 00:00:00,,1000.4,1.1,261.0,33.0
2014-01-02 03:00:00,3.7,999.3,,138.0,39.0
2014-01-02 06:00:00,2.3,998.7,,236.0,41.0
2014-01-02 09:00:00,0.0,998.1,2.3,227.0,59.9
2014-01-02 12:00:00,-1.7,997.7,2.3,218.0,60.6
2014-01-02 15:00:00,,996.9,,192.0,26.0
2014-01-02 18:00:00,,997.3,,358.0,66.4
2014-01-02 21:00:00,2.2,997.1,,28.0,39.8
2014-01-03 00:00:00,,997.0,1.1,273.0,43.0
2014-01-03 03:00:00,,996.6,1.6,357.0,71.6
2014-01-03 06:00:00,,996.4,0.6,266.0,72.0
2014-01-03 09:00:00,,996.0,1.3,231.0,66.0
2014-01-03 12:00:00,,995.2,1.7,216.0,78.0
2014-01-03 15:00:00,,994.0,0.7,244.0,70.2
2014-01-03 18:00:00,,993.2,0.3,135.0,71.0
2014-01-03 21:00:00,,993.2,0.3,183.0,72.0
2014-01-04 00:00:00,,993.3,1.7,239.0,73.7
2014-01-04 03:00:00,0.8,992.7,2.9,217.0,78.2
2014-01-04 06:00:00,,992.6,0.6,260.0,83.0
2014-01-04 09:00:00,,992.9,1.0,219.0,91.0
2014-01-04 12:00:00,,993.7,1.3,242.0,98.2
2014-01-04 15:00:00,,994.0,0.1,298.0,96.6
2014-01-04 18:00:00,,994.9,0.5,223.0,96.0
2014-01-04 21:00:00,-4.2,996.3,2.0,222.0,97.0
2014-01-05 00:00:00,,998.5,1.5,230.0,97.0
2014-01-05 03:00:00,,1000.2,1.7,235.0,95.8
2014-01-05 06:00:00,,1001.9,1.1,231.0,86.5
2014-01-05 09:00:00,,1003.2,0.6,240.0,78.8
2014-01-05 12:00:00,-3.1,1003.5,2.2,218.0,88.0
2014-01-05 15:00:00,,1003.6,1.3,212.0,74.0
2014-01-05 18:00:00,,1003.0,0.7,226.0,75.0
2014-01-05 21:00:00,,1002.0,1.3,228.0,84.6
2014-01-06 00:00:00,,999.8,1.7,232.0,84.9
2014-01-06 03:00:00,,996.6,0.6,355.0,80.0
2014-01-06 06:00:00,,993.9,1.4,27.0,60.0
2014-01-06 09:00:00,,993.4,1.8,227.0,89.3
2014-01-06 12:00:00,-1.2,994.7,,,89.0
2014-01-06 15:00:00,,995.1,0.0,213.0,75.0
2014-01-06 18:00:00,,994.8,0.9,238.0,87.0
2014-01-06 21:00:00,,994.4,0.3,334.0,66.0
2014-01-07 00:00:00,5.8,994.7,,143.0,39.0
2014-01-07 03:00:00,,995.4,,328.0,50.2
2014-01-07 06:00:00,2.9,996.6,,342.0,55.9
2014-01-07 09:00:00,,997.7,0.7,294.0,66.0
2014-01-07 12:00:00,,997.8,1.6,239.0,87.3
2014-01-07 15:00:00,,997.7,1.3,246.0,87.0
2014-01-07 18:00:00,,997.5,0.7,186.0,74.0
2014-01-07 21:00:00,-1.0,997.7,2.1,228.0,70.0
2014-01-08 00:00:00,,997.5,0.4,345.0,43.0
2014-01-08 03:00:00,,996.3,1.6,226.0,64.0
2014-01-08 06:00:00,,995.5,1.1,241.0,53.0
2014-01-08 09:00:00,-0.4,995.5,2.3,226.0,88.1
2014-01-08 12:00:00,,996.0,0.7,43.0,90.6
2014-01-08 15:00:00,,995.5,0.4,286.0,92.0
2014-01-08 18:00:00,,995.2,1.4,205.0,98.5
2014-01-08 21:00:00,,995.1,1.8,289.0,89.0
2014-01-09 00:00:00,-1.2,994.7,2.4,18.0,84.6
2014-01-09 03:00:00,-0.8,994.0,3.0,38.0,74.0
2014-01-09 06:00:00,-0.8,993.6,3.1,57.0,76.0
2014-01-09 09:00:00,-1.1,994.1,2.3,55.0,75.0
2014-01-09 12:00:00,,994.6,0.9,252.0,74.5
2014-01-09 15:00:00,,994.7,0.1,269.0,72.0
2014-01-09 18:00:00,,995.2,1.0,223.0,82.0
2014-01-09 21:00:00,-0.2,995.8,2.0,157.0,76.6
2014-01-10 00:00:00,,996.3,0.5,285.0,84.4
2014-01-10 03:00:00,,996.8,1.2,230.0,83.0
2014-01-10 06:00:00,,997.5,1.0,231.0,89.0
2014-01-10 09:00:00,,998.1,0.7,224.0,93.0
2014-01-10 12:00:00,,998.1,0.0,2.0,90.0
2014-01-10 15:00:00,,998.0,0.7,169.0,78.0
2014-01-10 18:00:00,,998.0,0.6,262.0,87.0
2014-01-10 21:00:00,,998.4,1.6,26.0,80.0
2014-01-11 00:00:00,,998.9,1.0,359.0,76.0
2014-01-11 03:00:00,0.8,998.9,2.3,318.0,74.5
2014-01-11 06:00:00,1.6,998.9,2.1,205.0,67.0
2014-01-11 09:00:00,,999.3,0.4,2.0,78.0
2014-01-11 12:00:00,,999.3,0.1,10.0,76.0
2014-01-11 15:00:00,,998.8,0.5,218.0,82.0
2014-01-11 18:00:00,,998.4,0.8,260.0,85.0
2014-01-11 21:00:00,,998.2,0.6,19.0,83.0
2014-01-12 00:00:00,,997.4,1.4,17.0,73.8
2014-01-12 03:00:00,0.8,996.3,3.5,55.0,80.0
2014-01-12 06:00:00,0.0,995.5,3.6,104.0,68.0
2014-01-12 09:00:00,0.1,995.1,3.9,75.0,73.0
2014-01-12 12:00:00,,994.9,1.7,77.0,70.2
2014-01-12 15:00:00,-0.7,994.4,4.2,77.0,76.0
2014-01-12 18:00:00,,994.6,1.9,58.0,89.0
2014-01-12 21:00:00,-1.0,994.9,2.2,24.0,88.0
2014-01-13 00:00:00,-0.2,995.1,2.5,34.0,88.0
2014-01-13 03:00:00,,994.8,1.5,29.0,77.4
2014-01-13 06:00:00,0.2,995.0,3.0,128.0,78.3
2014-01-13 09:00:00,,995.7,1.0,234.0,90.0
2014-01-13 12:00:00,,996.0,0.7,219.0,95.0
2014-01-13 15:00:00,,996.1,0.7,287.0,95.0
2014-01-13 18:00:00,,997.2,0.3,268.0,93.9
2014-01-13 21:00:00,0.1,997.8,3.2,210.0,75.0
2014-01-14 00:00:00,1.4,998.2,2.8,184.0,61.8
2014-01-14 03:00:00,1.6,998.3,5.2,141.0,70.3
2014-01-14 06:00:00,0.5,999.3,3.7,171.0,75.7
2014-01-14 09:00:00,,999.9,0.7,232.0,70.0
2014-01-14 12:00:00,,999.6,1.2,139.0,61.0
2014-01-14 15:00:00,,999.0,0.6,291.0,71.0
2014-01-14 18:00:00,,999.0,0.5,324.0,58.0
2014-01-14 21:00:00,,998.7,0.5,311.0,64.9
2014-01-15 00:00:00,1.7,998.3,5.1,141.0,56.0
2014-01-15 03:00:00,1.7,997.4,,141.0,59.0
2014-01-15 06:00:00,1.0,997.4,5.9,142.0,63.7
2014-01-15 09:00:00,0.9,997.0,4.4,137.0,64.8
2014-01-15 12:00:00,0.9,996.8,3.6,142.0,52.0
2014-01-15 15:00:00,,996.0,0.4,129.0,61.7
2014-01-15 18:00:00,-0.2,995.7,3.6,221.0,66.0
2014-01-15 21:00:00,1.9,995.8,2.1,113.0,51.5
2014-01-16 00:00:00,1.9,995.8,4.1,128.0,53.5
2014-01-16 03:00:00,1.0,994.7,6.2,226.0,65.0
2014-01-16 06:00:00,3.2,994.4,5.4,216.0,35.0
2014-01-16 09:00:00,1.6,994.3,2.5,37.0,51.4
2014-01-16 12:00:00,-0.7,993.8,,90.0,60.6
2014-01-16 15:00:00,,993.4,0.4,6.0,53.0
2014-01-16 18:00:00,,993.2,0.4,22.0,82.5
2014-01-16 21:00:00,,993.0,1.9,226.0,79.0
2014-01-17 00:00:00,,993.1,2.2,59.0,67.1
2014-01-17 03:00:00,-0.1,993.4,2.2,293.0,79.5
2014-01-17 06:00:00,0.8,993.6,2.8,231.0,65.5
2014-01-17 09:00:00,0.9,993.8,,202.0,48.0
2014-01-17 12:00:00,-0.1,993.7,,210.0,59.0
2014-01-17 15:00:00,0.3,994.4,15.0,200.0,50.0
2014-01-17 18:00:00,0.6,993.5,15.8,204.0,54.0
2014-01-17 21:00:00,0.8,992.1,18.0,210.0,55.2
2014-01-18 00:00:00,0.2,990.8,19.4,216.0,63.0
2014-01-18 03:00:00,-0.4,989.7,19.3,216.0,67.0
2014-01-18 06:00:00,-0.5,989.0,23.3,200.0,50.1
2014-01-18 09:00:00,-0.6,986.6,21.4,212.0,63.0
2014-01-18 12:00:00,-1.0,984.9,23.3,216.0,71.0
2014-01-18 15:00:00,-1.0,984.4,22.2,219.0,77.0
2014-01-18 18:00:00,-0.6,983.2,20.2,214.0,77.8
2014-01-18 21:00:00,-0.7,982.7,21.1,219.0,72.0
2014-01-19 00:00:00,-1.4,984.0,17.9,218.0,89.0
2014-01-19 03:00:00,-1.5,984.3,16.6,206.0,91.0
2014-01-19 06:00:00,-0.3,983.7,,195.0,71.0
2014-01-19 09:00:00,0.4,984.1,12.7,204.0,61.0
2014-01-19 12:00:00,0.2,984.1,8.9,208.0,69.0
2014-01-19 15:00:00,0.6,983.7,,202.0,59.5
2014-01-19 18:00:00,-0.8,982.7,,231.0,77.0
2014-01-19 21:00:00,-0.2,982.8,,220.0,78.0
2014-01-20 00:00:00,1.5,982.7,,226.0,59.0
2014-01-20 03:00:00,1.0,982.1,5.2,140.0,70.1
2014-01-20 06:00:00,0.5,982.5,3.9,134.0,67.0
2014-01-20 09:00:00,0.1,983.7,2.0,99.0,68.7
2014-01-20 12:00:00,0.1,984.1,4.8,208.0,65.0
2014-01-20 15:00:00,0.8,985.0,3.1,245.0,62.5
2014-01-20 18:00:00,1.3,986.2,,197.0,54.0
2014-01-20 21:00:00,0.4,987.7,,212.0,69.0
2014-01-21 00:00:00,0.3,989.0,8.6,219.0,74.0
2014-01-21 03:00:00,1.6,989.6,6.8,211.0,69.7
2014-01-21 06:00:00,1.3,990.4,4.7,222.0,64.0
2014-01-21 09:00:00,1.9,991.6,8.6,203.0,52.0
2014-01-21 12:00:00,2.2,992.4,8.4,202.0,44.7
2014-01-21 15:00:00,1.7,992.5,12.1,204.0,53.0
2014-01-21 18:00:00,1.5,992.7,,199.0,48.5
2014-01-21 21:00:00,1.7,993.2,14.0,208.0,47.0
2014-01-22 00:00:00,1.1,994.1,,228.0,60.0
2014-01-22 03:00:00,0.9,993.2,10.1,226.0,69.6
2014-01-22 06:00:00,1.1,994.1,7.3,223.0,69.0
2014-01-22 09:00:00,1.7,993.9,,212.0,56.0
2014-01-22 12:00:00,0.6,993.6,,218.0,67.1
2014-01-22 15:00:00,-0.7,992.5,2.4,215.0,75.0
2014-01-22 18:00:00,,991.3,0.2,243.0,66.0
2014-01-22 21:00:00,,990.3,0.6,241.0,63.6
2014-01-23 00:00:00,,988.5,0.8,255.0,67.0
2014-01-23 03:00:00,,985.8,1.8,294.0,72.5
2014-01-23 06:00:00,,983.7,1.9,245.0,87.3
2014-01-23 09:00:00,,982.3,1.1,229.0,75.4
2014-01-23 12:00:00,,981.2,0.2,360.0,94.0
2014-01-23 15:00:00,,981.7,1.0,244.0,98.0
2014-01-23 18:00:00,,982.2,1.0,259.0,91.0
2014-01-23 21:00:00,,983.4,0.8,267.0,83.0
2014-01-24 00:00:00,-0.9,984.9,2.8,16.0,81.0
2014-01-24 03:00:00,,986.0,1.9,23.0,81.6
2014-01-24 06:00:00,,987.3,1.0,96.0,76.0
2014-01-24 09:00:00,,988.8,1.8,60.0,82.0
2014-01-24 12:00:00,,990.1,0.0,287.0,87.0
2014-01-24 15:00:00,-1.6,990.9,2.2,215.0,88.5
2014-01-24 18:00:00,,992.1,0.2,225.0,88.6
2014-01-24 21:00:00,,993.4,0.6,15.0,83.0
2014-01-25 00:00:00,,994.2,0.9,242.0,85.0
2014-01-25 03:00:00,0.4,995.1,3.0,78.0,69.7
2014-01-25 06:00:00,-0.4,996.0,2.2,14.0,90.0
2014-01-25 09:00:00,,997.2,0.7,41.0,86.0
2014-01-25 12:00:00,,998.1,1.3,48.0,86.0
2014-01-25 15:00:00,,997.5,0.7,29.0,85.0
2014-01-25 18:00:00,-0.9,997.1,2.8,53.0,82.0
2014-01-25 21:00:00,,996.2,0.9,35.0,62.0
2014-01-26 00:00:00,,994.8,1.6,137.0,79.7
2014-01-26 03:00:00,,993.9,1.4,226.0,94.9
2014-01-26 06:00:00,-1.5,992.1,2.1,233.0,89.1
2014-01-26 09:00:00,-1.5,991.6,3.4,213.0,86.0
2014-01-26 12:00:00,-1.5,990.9,4.3,221.0,86.0
2014-01-26 15:00:00,-1.7,989.7,5.5,202.0,83.0
2014-01-26 18:00:00,-1.7,988.4,7.9,213.0,82.1
2014-01-26 21:00:00,-1.3,987.5,6.1,204.0,76.6
2014-01-27 00:00:00,0.6,985.7,3.5,170.0,64.0
2014-01-27 03:00:00,-0.8,985.4,2.4,157.0,68.0
2014-01-27 06:00:00,0.2,985.4,7.3,218.0,56.8
2014-01-27 09:00:00,0.3,986.6,,188.0,53.0
2014-01-27 12:00:00,-0.5,988.0,5.3,210.0,50.0
2014-01-27 15:00:00,0.0,988.6,6.6,192.0,38.2
2014-01-27 18:00:00,-0.7,989.5,,110.0,58.0
2014-01-27 21:00:00,0.0,990.1,2.9,122.0,53.9
2014-01-28 00:00:00,,989.7,0.3,290.0,59.4
2014-01-28 03:00:00,,988.8,0.6,352.0,70.0
2014-01-28 06:00:00,,987.8,0.4,34.0,70.0
2014-01-28 09:00:00,,986.7,0.2,307.0,70.2
2014-01-28 12:00:00,,984.8,1.4,107.0,80.0
2014-01-28 15:00:00,-3.3,983.1,2.6,148.0,80.0
2014-01-28 18:00:00,,982.5,0.6,220.0,81.0
2014-01-28 21:00:00,,982.0,0.5,346.0,69.0
2014-01-29 00:00:00,,982.5,1.3,350.0,72.0
2014-01-29 03:00:00,,983.3,1.1,302.0,78.6
2014-01-29 06:00:00,,984.1,1.0,228.0,79.0
2014-01-29 09:00:00,-1.9,985.3,,141.0,70.0
2014-01-29 12:00:00,-2.4,985.9,,251.0,84.8
2014-01-29 15:00:00,-2.8,986.6,,324.0,80.0
2014-01-29 18:00:00,-3.5,987.1,2.0,217.0,90.0
2014-01-29 21:00:00,,987.1,1.1,251.0,83.0
2014-01-30 00:00:00,,986.8,0.9,224.0,64.0
2014-01-30 03:00:00,-1.5,986.0,4.3,226.0,51.1
2014-01-30 06:00:00,-2.5,985.7,,225.0,64.2
2014-01-30 09:00:00,-2.4,985.8,6.3,222.0,46.0
2014-01-30 12:00:00,-2.6,985.1,6.6,215.0,55.0
2014-01-30 15:00:00,-2.9,984.7,10.4,194.0,37.1
2014-01-30 18:00:00,-2.7,984.8,,201.0,44.6
2014-01-30 21:00:00,-3.2,984.9,,223.0,59.0
2014-01-31 00:00:00,-2.9,985.5,,226.0,62.9
2014-01-31 03:00:00,-1.5,985.7,10.2,213.0,59.0
2014-01-31 06:00:00,-1.1,986.6,12.5,201.0,45.0
2014-01-31 09:00:00,-1.9,987.6,,208.0,57.0
2014-01-31 12:00:00,-1.9,988.9,11.2,202.0,44.4
2014-01-31 15:00:00,-1.8,989.6,10.4,205.0,39.0
2014-01-31 18:00:00,-1.7,989.8,9.7,203.0,38.0
2014-01-31 21:00:00,-1.1,990.9,6.2,210.0,34.7
2014-02-01 00:00:00,-2.5,992.0,6.5,222.0,63.0
2014-02-01 03:00:00,-2.3,992.4,6.4,235.0,66.1
2014-02-01 06:00:00,-2.4,992.5,4.8,235.0,63.0
2014-02-01 09:00:00,-2.3,992.4,,38.0,72.0
2014-02-01 12:00:00,,992.2,0.9,208.0,76.0
2014-02-01 15:00:00,,991.4,1.2,154.0,68.9
2014-02-01 18:00:00,,990.6,1.2,221.0,77.0
2014-02-01 21:00:00,,989.7,1.2,231.0,72.0
2014-02-02 00:00:00,,988.9,1.5,228.0,70.7
2014-02-02 03:00:00,,987.6,1.8,27.0,56.4
2014-02-02 06:00:00,,987.1,1.1,343.0,70.5
2014-02-02 09:00:00,-2.6,987.3,2.1,226.0,81.0
2014-02-02 12:00:00,,987.8,0.0,331.0,81.0
2014-02-02 15:00:00,,988.3,0.2,246.0,82.6
2014-02-02 18:00:00,,988.6,0.9,199.0,78.1
2014-02-02 21:00:00,,988.8,1.0,236.0,82.0
2014-02-03 00:00:00,,988.8,1.1,236.0,72.2
2014-02-03 03:00:00,,988.6,1.3,241.0,70.0
2014-02-03 06:00:00,-1.5,988.4,2.0,216.0,67.8
2014-02-03 09:00:00,,988.7,0.4,221.0,71.0
2014-02-03 12:00:00,,988.8,1.2,206.0,78.0
2014-02-03 15:00:00,,987.6,0.1,259.0,84.0
2014-02-03 18:00:00,,987.1,1.8,228.0,79.0
2014-02-03 21:00:00,-2.2,987.8,2.2,230.0,66.2
2014-02-04 00:00:00,-2.9,988.8,2.7,326.0,90.0
2014-02-04 03:00:00,-2.8,988.9,4.4,142.0,78.8
2014-02-04 06:00:00,,989.1,1.4,261.0,90.2
2014-02-04 09:00:00,,989.5,1.5,252.0,92.8
2014-02-04 12:00:00,-4.8,989.6,,,93.0
2014-02-04 15:00:00,,989.5,1.2,49.0,86.0
2014-02-04 18:00:00,-4.8,989.5,,228.0,72.0
2014-02-04 21:00:00,-5.2,990.2,,226.0,80.0
2014-02-05 00:00:00,-4.2,990.6,6.9,227.0,70.0
2014-02-05 03:00:00,-3.2,990.5,,243.0,66.0
2014-02-05 06:00:00,-2.3,990.6,3.6,159.0,67.1
2014-02-05 09:00:00,,990.9,1.6,240.0,60.0
2014-02-05 12:00:00,-4.4,990.8,4.7,201.0,71.0
2014-02-05 15:00:00,-5.1,990.5,5.7,231.0,68.7
2014-02-05 18:00:00,-5.2,990.4,7.5,223.0,71.0
2014-02-05 21:00:00,-4.6,990.1,8.0,232.0,68.9
2014-02-06 00:00:00,-4.4,989.8,7.0,224.0,64.0
2014-02-06 03:00:00,-3.7,988.8,7.8,215.0,58.0
2014-02-06 06:00:00,-3.9,987.9,8.2,225.0,59.7
2014-02-06 09:00:00,-4.0,987.6,10.6,201.0,53.0
2014-02-06 12:00:00,-4.5,986.7,10.5,196.0,46.0
2014-02-06 15:00:00,-3.9,985.4,10.6,192.0,33.0
2014-02-06 18:00:00,-3.5,984.5,11.3,199.0,30.0
2014-02-06 21:00:00,-2.9,983.2,11.6,206.0,28.0
2014-02-07 00:00:00,-2.0,982.2,11.7,205.0,33.8
2014-02-07 03:00:00,-1.5,979.7,11.0,211.0,28.9
2014-02-07 06:00:00,-1.9,978.2,9.8,217.0,36.0
2014-02-07 09:00:00,-1.8,976.9,11.5,199.0,25.1
2014-02-07 12:00:00,-2.3,975.9,10.1,203.0,34.0
2014-02-07 15:00:00,-1.9,974.5,10.8,207.0,33.0
2014-02-07 18:00:00,-1.5,973.8,9.6,203.0,34.3
2014-02-07 21:00:00,-0.8,972.8,11.6,206.0,39.6
2014-02-08 00:00:00,0.0,971.7,10.6,205.0,40.1
2014-02-08 03:00:00,-0.1,973.0,13.0,201.0,46.7
2014-02-08 06:00:00,0.0,973.8,12.7,198.0,46.0
2014-02-08 09:00:00,-0.5,975.4,11.9,209.0,53.9
2014-02-08 12:00:00,-0.8,977.3,10.5,201.0,62.0
2014-02-08 15:00:00,-0.5,978.5,15.2,200.0,59.0
2014-02-08 18:00:00,-0.5,980.0,13.2,200.0,61.0
2014-02-08 21:00:00,-1.1,982.6,12.8,215.0,77.7
2014-02-09 00:00:00,-1.0,984.7,11.5,212.0,76.0
2014-02-09 03:00:00,-0.6,986.8,13.6,207.0,77.2
2014-02-09 06:00:00,0.3,988.8,13.5,206.0,59.7
2014-02-09 09:00:00,1.2,990.5,12.1,195.0,46.0
2014-02-09 12:00:00,0.2,991.5,,234.0,49.8
2014-02-09 15:00:00,-1.0,993.1,,245.0,58.0
2014-02-09 18:00:00,-2.5,994.7,,185.0,67.3
2014-02-09 21:00:00,0.2,995.4,2.1,146.0,55.0
2014-02-10 00:00:00,,996.8,1.2,234.0,73.0
2014-02-10 03:00:00,0.3,997.6,2.4,48.0,65.9
2014-02-10 06:00:00,-0.6,997.8,4.5,126.0,74.0
2014-02-10 09:00:00,-1.3,998.6,5.7,140.0,76.0
2014-02-10 12:00:00,-1.6,999.0,5.1,132.0,68.5
2014-02-10 15:00:00,-1.6,999.6,4.3,136.0,74.8
2014-02-10 18:00:00,,1000.0,1.9,234.0,88.0
2014-02-10 21:00:00,,1001.0,0.2,10.0,89.0
2014-02-11 00:00:00,,1001.2,1.5,148.0,78.0
2014-02-11 03:00:00,-2.2,1001.6,,128.0,76.3
2014-02-11 06:00:00,-2.0,1002.7,5.5,135.0,67.2
2014-02-11 09:00:00,-2.3,1004.3,,323.0,69.0
2014-02-11 12:00:00,-3.5,1006.2,2.0,226.0,72.0
2014-02-11 15:00:00,,1007.8,1.5,154.0,66.3
2014-02-11 18:00:00,-4.9,1008.5,2.6,204.0,65.8
2014-02-11 21:00:00,-3.7,1009.4,2.1,239.0,65.0
2014-02-12 00:00:00,-2.1,1010.3,2.1,218.0,69.0
2014-02-12 03:00:00,,1011.1,1.5,226.0,64.2
2014-02-12 06:00:00,-0.8,1012.3,2.8,212.0,71.0
2014-02-12 09:00:00,,1014.3,1.7,304.0,74.0
2014-02-12 12:00:00,,1014.8,1.5,162.0,69.1
2014-02-12 15:00:00,,1013.4,0.2,212.0,82.0
2014-02-12 18:00:00,-4.5,1011.5,2.4,218.0,83.9
2014-02-12 21:00:00,,1008.6,0.5,251.0,76.0
2014-02-13 00:00:00,,1005.8,1.4,355.0,79.0
2014-02-13 03:00:00,-2.4,1002.3,2.9,233.0,82.3
2014-02-13 06:00:00,-1.8,1000.3,2.4,219.0,85.0
2014-02-13 09:00:00,,998.6,0.8,217.0,85.2
2014-02-13 12:00:00,,997.4,1.2,225.0,85.0
2014-02-13 15:00:00,,996.0,1.1,216.0,88.0
2014-02-13 18:00:00,,995.3,0.0,316.0,88.0
2014-02-13 21:00:00,,994.6,0.7,226.0,79.4
2014-02-14 00:00:00,,993.9,0.9,227.0,76.3
2014-02-14 03:00:00,,993.7,0.3,6.0,74.0
2014-02-14 06:00:00,-1.2,993.9,2.4,30.0,75.2
2014-02-14 09:00:00,,995.1,1.2,179.0,74.0
2014-02-14 12:00:00,,995.9,1.4,205.0,74.5
2014-02-14 15:00:00,-2.1,996.3,2.8,224.0,82.0
2014-02-14 18:00:00,-2.1,996.8,2.6,225.0,82.2
2014-02-14 21:00:00,,997.3,0.5,176.0,79.0
2014-02-15 00:00:00,,997.4,1.0,255.0,88.1
2014-02-15 03:00:00,,997.2,0.7,272.0,95.0
2014-02-15 06:00:00,-2.2,996.5,,132.0,89.9
2014-02-15 09:00:00,-2.4,995.6,2.2,193.0,92.0
2014-02-15 12:00:00,-2.8,995.1,5.6,225.0,92.0
2014-02-15 15:00:00,-2.0,992.8,,227.0,69.0
2014-02-15 18:00:00,-2.7,991.1,,238.0,70.0
2014-02-15 21:00:00,-2.6,990.4,11.1,228.0,66.0
2014-02-16 00:00:00,-1.4,990.4,11.6,206.0,66.0
2014-02-16 03:00:00,-1.6,990.8,9.0,230.0,63.0
2014-02-16 06:00:00,-0.2,991.7,,202.0,45.0
2014-02-16 09:00:00,-2.7,992.0,6.5,244.0,72.9
2014-02-16 12:00:00,-3.7,992.1,3.3,170.0,65.0
2014-02-16 15:00:00,-4.7,991.0,,187.0,71.0
2014-02-16 18:00:00,-3.9,989.7,4.5,211.0,54.0
2014-02-16 21:00:00,-3.7,988.6,2.2,153.0,54.0
2014-02-17 00:00:00,-3.7,987.3,5.6,226.0,60.9
2014-02-17 03:00:00,-3.3,986.1,5.9,203.0,57.8
2014-02-17 06:00:00,-3.8,985.4,3.1,214.0,64.0
2014-02-17 09:00:00,,985.1,1.8,172.0,50.0
2014-02-17 12:00:00,,984.4,1.1,132.0,63.4
2014-02-17 15:00:00,-4.8,983.0,2.4,128.0,67.0
2014-02-17 18:00:00,-4.5,981.8,2.1,127.0,67.0
2014-02-17 21:00:00,-4.9,980.1,3.5,218.0,83.0
2014-02-18 00:00:00,,978.0,1.9,216.0,81.0
2014-02-18 03:00:00,,977.0,1.2,319.0,67.6
2014-02-18 06:00:00,,976.9,1.6,217.0,62.0
2014-02-18 09:00:00,,977.1,1.4,178.0,67.0
2014-02-18 12:00:00,,977.2,0.9,167.0,65.0
2014-02-18 15:00:00,-5.3,977.5,,228.0,67.8
2014-02-18 18:00:00,-5.7,977.8,,228.0,73.0
2014-02-18 21:00:00,-5.9,978.6,5.5,226.0,70.0
2014-02-19 00:00:00,-5.3,978.9,4.4,222.0,68.0
2014-02-19 03:00:00,-5.4,979.6,8.8,218.0,63.0
2014-02-19 06:00:00,-5.8,980.6,,228.0,65.3
2014-02-19 09:00:00,-4.2,981.3,9.8,224.0,47.0
2014-02-19 12:00:00,-4.4,982.3,8.4,234.0,45.0
2014-02-19 15:00:00,-4.3,983.5,,218.0,43.0
2014-02-19 18:00:00,-5.6,984.8,11.8,234.0,62.0
2014-02-19 21:00:00,-4.2,986.4,,209.0,50.0
2014-02-20 00:00:00,-5.0,987.8,,225.0,61.2
2014-02-20 03:00:00,-3.9,987.6,,197.0,56.9
2014-02-20 06:00:00,,987.8,1.5,315.0,70.2
2014-02-20 09:00:00,-5.5,987.4,2.3,237.0,81.0
2014-02-20 12:00:00,-5.6,986.7,2.6,230.0,80.0
2014-02-20 15:00:00,,985.1,0.7,193.0,78.0
2014-02-20 18:00:00,,983.6,0.2,179.0,76.0
2014-02-20 21:00:00,,982.4,1.3,224.0,75.0
2014-02-21 00:00:00,,981.1,0.6,214.0,83.0
2014-02-21 03:00:00,,979.5,0.6,290.0,71.6
2014-02-21 06:00:00,,978.6,0.7,265.0,69.7
2014-02-21 09:00:00,-4.8,978.1,3.8,236.0,71.1
2014-02-21 12:00:00,-4.7,977.7,2.5,148.0,68.0
2014-02-21 15:00:00,,977.5,1.9,213.0,93.0
2014-02-21 18:00:00,-5.8,976.9,2.0,216.0,90.0
2014-02-21 21:00:00,-6.3,977.8,4.4,222.0,91.0
2014-02-22 00:00:00,-5.9,978.8,4.1,229.0,90.9
2014-02-22 03:00:00,-5.2,979.2,5.4,219.0,72.0
2014-02-22 06:00:00,-4.5,980.1,5.6,224.0,71.0
2014-02-22 09:00:00,-5.2,981.6,7.6,227.0,71.0
2014-02-22 12:00:00,-6.1,982.3,9.3,221.0,67.0
2014-02-22 15:00:00,-5.4,983.2,7.3,223.0,66.0
2014-02-22 18:00:00,-5.5,984.6,7.5,221.0,69.0
2014-02-22 21:00:00,-5.2,986.2,3.9,222.0,66.5
2014-02-23 00:00:00,-4.5,986.7,,188.0,70.0
2014-02-23 03:00:00,-4.3,987.4,4.1,237.0,62.0
2014-02-23 06:00:00,,987.9,1.9,222.0,66.0
2014-02-23 09:00:00,,988.0,1.5,106.0,67.5
2014-02-23 12:00:00,,987.3,0.7,291.0,91.0
2014-02-23 15:00:00,,986.4,0.2,221.0,90.0
2014-02-23 18:00:00,-6.7,985.5,2.0,231.0,94.0
2014-02-23 21:00:00,,984.4,0.7,205.0,91.0
2014-02-24 00:00:00,,983.0,0.7,157.0,81.7
2014-02-24 03:00:00,,981.8,0.4,190.0,73.0
2014-02-24 06:00:00,,980.9,1.2,196.0,73.6
2014-02-24 09:00:00,-7.8,980.8,2.4,144.0,65.3
2014-02-24 12:00:00,-7.7,979.7,2.0,207.0,59.3
2014-02-24 15:00:00,,978.5,0.6,186.0,65.0
2014-02-24 18:00:00,,977.8,0.1,64.0,64.0
2014-02-24 21:00:00,,977.2,1.1,225.0,65.3
2014-02-25 00:00:00,,976.6,1.4,186.0,60.0
2014-02-25 03:00:00,-6.0,975.3,2.0,216.0,62.6
2014-02-25 06:00:00,,975.0,1.3,127.0,68.0
2014-02-25 09:00:00,,975.5,0.9,182.0,73.7
2014-02-25 12:00:00,,975.3,1.4,204.0,67.9
2014-02-25 15:00:00,,975.0,0.7,165.0,68.9
2014-02-25 18:00:00,,975.7,0.9,151.0,74.0
2014-02-25 21:00:00,,976.6,0.1,266.0,66.3
2014-02-26 00:00:00,,978.0,1.4,203.0,60.4
2014-02-26 03:00:00,,979.5,0.1,309.0,60.6
2014-02-26 06:00:00,,980.9,0.4,128.0,69.0
2014-02-26 09:00:00,,982.3,1.8,151.0,73.2
2014-02-26 12:00:00,,983.0,0.7,167.0,83.0
2014-02-26 15:00:00,,983.7,1.5,208.0,87.5
2014-02-26 18:00:00,,984.3,1.0,197.0,73.0
2014-02-26 21:00:00,,985.4,1.9,215.0,85.0
2014-02-27 00:00:00,,986.1,1.3,56.0,87.5
2014-02-27 03:00:00,-4.5,986.1,3.6,129.0,80.3
2014-02-27 06:00:00,-4.5,986.1,2.9,131.0,84.0
2014-02-27 09:00:00,,986.2,0.2,141.0,84.0
2014-02-27 12:00:00,,986.1,0.9,154.0,80.0
2014-02-27 15:00:00,-5.8,985.4,2.7,219.0,77.1
2014-02-27 18:00:00,-5.5,984.9,3.6,213.0,77.0
2014-02-27 21:00:00,,984.4,1.5,203.0,71.5
2014-02-28 00:00:00,,983.0,0.5,100.0,70.0
2014-02-28 03:00:00,,981.0,1.2,151.0,71.1
2014-02-28 06:00:00,-5.1,979.4,4.1,134.0,67.2
2014-02-28 09:00:00,-5.8,978.4,5.2,133.0,73.0
2014-02-28 12:00:00,-6.0,977.5,8.3,234.0,73.0
2014-02-28 15:00:00,-6.5,976.6,8.3,223.0,63.0
2014-02-28 18:00:00,-6.3,976.9,5.8,227.0,61.8
2014-02-28 21:00:00,-6.8,978.0,6.4,224.0,60.0
2014-03-01 00:00:00,-6.0,979.3,8.9,228.0,42.3
2014-03-01 03:00:00,-5.6,980.6,,229.0,52.0
2014-03-01 06:00:00,-6.2,982.0,9.0,235.0,61.0
2014-03-01 09:00:00,-6.8,982.8,7.4,245.0,65.0
2014-03-01 12:00:00,-6.7,982.8,6.8,238.0,65.0
2014-03-01 15:00:00,-7.4,982.9,4.7,230.0,60.0
2014-03-01 18:00:00,-6.7,983.2,4.9,231.0,59.0
2014-03-01 21:00:00,-6.5,983.6,2.8,198.0,50.7
2014-03-02 00:00:00,-4.4,984.1,2.5,232.0,50.0
2014-03-02 03:00:00,-3.2,984.3,0.9,11.0,43.9
2014-03-02 06:00:00,-3.3,984.6,0.3,287.0,46.0
2014-03-02 09:00:00,-5.5,984.9,0.3,87.0,72.0
2014-03-02 12:00:00,-5.6,985.7,0.0,340.0,72.0
2014-03-02 15:00:00,-6.7,986.1,3.4,228.0,74.0
2014-03-02 18:00:00,-6.6,987.6,2.1,194.0,78.9
2014-03-02 21:00:00,-6.6,989.6,2.5,208.0,71.0
2014-03-03 00:00:00,-7.1,990.9,,236.0,64.0
2014-03-03 03:00:00,-6.4,992.4,,225.0,56.4
2014-03-03 06:00:00,-6.5,992.9,9.0,243.0,55.7
2014-03-03 09:00:00,-7.1,994.4,6.6,237.0,55.0
2014-03-03 12:00:00,-8.1,995.2,,194.0,49.0
2014-03-03 15:00:00,-8.6,995.1,5.4,218.0,66.0
2014-03-03 18:00:00,-7.8,994.3,3.3,216.0,51.5
2014-03-03 21:00:00,-6.5,993.3,5.4,222.0,66.5
2014-03-04 00:00:00,-6.3,992.7,2.6,213.0,82.0
2014-03-04 03:00:00,-5.8,991.6,5.2,224.0,60.0
2014-03-04 06:00:00,-7.1,991.2,4.7,211.0,81.0
2014-03-04 09:00:00,-5.9,990.8,2.6,196.0,63.6
2014-03-04 12:00:00,-6.1,990.7,4.4,210.0,69.0
2014-03-04 15:00:00,-7.0,990.8,6.0,251.0,61.0
2014-03-04 18:00:00,-7.4,991.1,2.1,212.0,59.0
2014-03-04 21:00:00,-7.5,991.3,3.3,222.0,63.5
2014-03-05 00:00:00,-6.9,991.5,2.5,144.0,64.8
2014-03-05 03:00:00,-5.2,991.1,1.6,281.0,64.0
2014-03-05 06:00:00,-7.0,990.4,0.1,2.0,76.5
2014-03-05 09:00:00,-7.2,989.9,0.3,70.0,80.0
2014-03-05 12:00:00,-8.2,990.2,2.0,215.0,85.7
2014-03-05 15:00:00,-9.0,989.9,0.8,204.0,90.0
2014-03-05 18:00:00,-8.7,989.8,3.0,221.0,78.0
2014-03-05 21:00:00,-8.5,989.3,5.6,219.0,76.0
2014-03-06 00:00:00,-8.6,988.0,5.5,224.0,89.2
2014-03-06 03:00:00,-6.9,986.1,6.4,236.0,87.3
2014-03-06 06:00:00,-7.1,984.0,7.7,220.0,85.0
2014-03-06 09:00:00,-8.7,983.1,,232.0,91.0
2014-03-06 12:00:00,-8.6,983.0,12.4,217.0,92.9
2014-03-06 15:00:00,-7.8,982.5,11.4,223.0,87.7
2014-03-06 18:00:00,-7.2,985.2,14.3,213.0,85.0
2014-03-06 21:00:00,-7.4,987.3,13.6,206.0,78.0
2014-03-07 00:00:00,-6.4,989.7,14.5,197.0,60.0
2014-03-07 03:00:00,-5.6,991.4,11.5,203.0,49.0
2014-03-07 06:00:00,-6.4,993.4,,130.0,55.0
2014-03-07 09:00:00,-7.5,994.3,,214.0,59.0
2014-03-07 12:00:00,-7.4,994.7,3.8,199.0,60.0
2014-03-07 15:00:00,-8.4,994.8,1.1,189.0,58.8
2014-03-07 18:00:00,-8.9,994.4,2.3,148.0,62.1
2014-03-07 21:00:00,-8.3,993.9,1.3,211.0,64.0
2014-03-08 00:00:00,-7.8,993.0,1.6,213.0,68.0
2014-03-08 03:00:00,-7.5,991.7,1.6,214.0,68.9
2014-03-08 06:00:00,-7.2,990.4,1.7,210.0,74.0
2014-03-08 09:00:00,-7.1,988.9,1.5,192.0,74.0
2014-03-08 12:00:00,-7.1,987.2,1.7,212.0,69.7
2014-03-08 15:00:00,-6.8,985.9,2.5,206.0,71.0
2014-03-08 18:00:00,-6.6,985.3,0.8,297.0,71.6
2014-03-08 21:00:00,-7.0,985.2,1.5,17.0,64.1
2014-03-09 00:00:00,-7.5,985.6,4.1,226.0,64.6
2014-03-09 03:00:00,-7.6,985.4,5.9,232.0,68.5
2014-03-09 06:00:00,-8.0,985.7,3.5,222.0,68.5
2014-03-09 09:00:00,-8.1,986.3,1.5,206.0,70.0
2014-03-09 12:00:00,-8.2,986.2,6.0,226.0,67.0
2014-03-09 15:00:00,-8.2,986.1,5.2,229.0,64.9
2014-03-09 18:00:00,-8.7,986.0,4.2,125.0,74.0
2014-03-09 21:00:00,-8.8,986.1,4.6,230.0,65.8
2014-03-10 00:00:00,-8.8,986.9,5.4,230.0,70.0
2014-03-10 03:00:00,-9.5,987.6,7.5,240.0,75.0
2014-03-10 06:00:00,-9.9,988.6,7.5,232.0,68.5
2014-03-10 09:00:00,-10.4,989.4,5.4,224.0,62.1
2014-03-10 12:00:00,-11.3,990.1,8.3,224.0,66.0
2014-03-10 15:00:00,-11.4,991.6,7.8,230.0,65.0
2014-03-10 18:00:00,-12.3,992.8,9.2,224.0,67.1
2014-03-10 21:00:00,-11.8,993.9,4.3,221.0,69.0
2014-03-11 00:00:00,-12.0,995.5,8.6,226.0,59.9
2014-03-11 03:00:00,-12.2,996.4,,223.0,60.4
2014-03-11 06:00:00,-12.7,997.5,10.2,229.0,60.0
2014-03-11 09:00:00,-11.4,998.6,7.0,224.0,48.0
2014-03-11 12:00:00,-12.6,999.8,,211.0,43.0
2014-03-11 15:00:00,-12.6,1000.3,2.6,189.0,39.0
2014-03-11 18:00:00,-13.7,1001.4,2.7,198.0,55.0
2014-03-11 21:00:00,-12.1,1001.7,3.2,233.0,38.0
2014-03-12 00:00:00,-9.9,1002.2,1.0,28.0,49.0
2014-03-12 03:00:00,-9.8,1002.0,1.6,230.0,31.8
2014-03-12 06:00:00,-10.3,1001.6,4.0,228.0,37.1
2014-03-12 09:00:00,-10.5,1000.9,5.4,197.0,24.9
2014-03-12 12:00:00,-10.1,999.5,3.2,217.0,32.6
2014-03-12 15:00:00,-10.3,999.1,3.4,192.0,41.0
2014-03-12 18:00:00,-8.9,998.2,7.9,191.0,27.4
2014-03-12 21:00:00,-9.9,998.3,4.0,196.0,43.0
2014-03-13 00:00:00,-8.5,997.8,4.4,136.0,46.1
2014-03-13 03:00:00,-9.2,997.6,5.2,237.0,48.0
2014-03-13 06:00:00,-9.8,996.9,3.5,231.0,54.6
2014-03-13 09:00:00,-10.1,996.9,5.2,210.0,50.0
2014-03-13 12:00:00,-10.8,995.8,8.1,218.0,55.1
2014-03-13 15:00:00,-11.2,994.6,8.6,220.0,54.0
2014-03-13 18:00:00,-10.8,993.0,9.4,225.0,57.0
2014-03-13 21:00:00,-10.7,992.1,7.5,221.0,58.0
2014-03-14 00:00:00,-10.5,991.2,7.7,238.0,57.0
2014-03-14 03:00:00,-9.5,990.0,6.2,232.0,56.0
2014-03-14 06:00:00,-9.4,989.0,,218.0,51.0
2014-03-14 09:00:00,-10.8,989.0,1.8,152.0,54.7
2014-03-14 12:00:00,-12.3,988.6,2.2,208.0,58.0
2014-03-14 15:00:00,-12.2,988.3,2.9,247.0,58.1
2014-03-14 18:00:00,-12.2,989.1,1.9,176.0,45.0
2014-03-14 21:00:00,-12.1,989.6,1.6,222.0,56.0
2014-03-15 00:00:00,-9.3,989.4,1.4,237.0,59.0
2014-03-15 03:00:00,,989.8,0.3,230.0,48.0
2014-03-15 06:00:00,-8.2,989.4,1.4,217.0,56.0
2014-03-15 09:00:00,-7.8,989.3,0.3,7.0,63.3
2014-03-15 12:00:00,-8.5,989.2,4.9,251.0,55.6
2014-03-15 15:00:00,-7.9,988.9,,245.0,50.0
2014-03-15 18:00:00,-9.5,989.9,4.6,241.0,51.0
2014-03-15 21:00:00,-9.4,990.8,,115.0,46.0
2014-03-16 00:00:00,-7.2,991.1,0.9,185.0,51.3
2014-03-16 03:00:00,-8.9,990.4,5.7,133.0,63.0
2014-03-16 06:00:00,-9.7,989.6,,136.0,74.0
2014-03-16 09:00:00,-10.7,989.7,6.5,136.0,78.0
2014-03-16 12:00:00,-11.3,989.5,4.7,125.0,75.4
2014-03-16 15:00:00,-11.7,990.3,3.7,228.0,71.0
2014-03-16 18:00:00,-12.2,990.0,5.4,224.0,69.0
2014-03-16 21:00:00,-12.1,990.1,5.0,233.0,65.7
2014-03-17 00:00:00,-11.4,989.6,4.3,227.0,76.0
2014-03-17 03:00:00,-11.3,987.9,0.7,250.0,84.7
2014-03-17 06:00:00,-11.5,985.2,0.1,55.0,89.0
2014-03-17 09:00:00,-11.0,980.3,0.1,58.0,91.0
2014-03-17 12:00:00,-11.1,975.4,,230.0,88.0
2014-03-17 15:00:00,-12.8,972.5,,223.0,89.9
2014-03-17 18:00:00,-11.6,973.4,16.0,233.0,88.0
2014-03-17 21:00:00,,975.7,14.2,214.0,64.0
2014-03-18 00:00:00,-7.7,980.4,,234.0,61.0
2014-03-18 03:00:00,-6.2,984.3,,32.0,60.8
2014-03-18 06:00:00,-7.5,986.7,,299.0,81.0
2014-03-18 09:00:00,-7.4,987.1,1.7,185.0,78.0
2014-03-18 12:00:00,-8.2,986.9,2.0,273.0,91.3
2014-03-18 15:00:00,-7.9,986.2,2.5,189.0,74.0
2014-03-18 18:00:00,-8.1,985.8,2.4,208.0,76.3
2014-03-18 21:00:00,-8.2,985.8,4.1,220.0,65.0
2014-03-19 00:00:00,-8.2,985.4,5.1,131.0,59.0
2014-03-19 03:00:00,-8.5,985.7,2.5,194.0,65.4
2014-03-19 06:00:00,-9.8,985.7,4.1,206.0,56.5
2014-03-19 09:00:00,-11.0,986.2,0.2,248.0,66.0
2014-03-19 12:00:00,-11.8,986.3,1.1,191.0,78.0
2014-03-19 15:00:00,-10.6,985.6,2.0,218.0,71.0
2014-03-19 18:00:00,-11.9,984.4,3.2,218.0,72.0
2014-03-19 21:00:00,-11.6,983.1,3.1,191.0,64.3
2014-03-20 00:00:00,-9.0,981.3,0.8,5.0,56.0
2014-03-20 03:00:00,-9.3,981.0,2.0,222.0,72.6
2014-03-20 06:00:00,-6.8,980.4,3.1,227.0,45.0
2014-03-20 09:00:00,-11.1,983.0,,137.0,75.3
2014-03-20 12:00:00,,985.5,,300.0,84.0
2014-03-20 15:00:00,-13.0,985.9,,127.0,77.0
2014-03-20 18:00:00,-12.7,985.2,1.5,19.0,79.0
2014-03-20 21:00:00,-12.1,983.0,0.7,112.0,76.2
2014-03-21 00:00:00,-11.9,981.1,1.1,212.0,77.0
2014-03-21 03:00:00,-11.8,979.0,0.5,228.0,84.8
2014-03-21 06:00:00,-11.4,977.4,1.5,231.0,89.3
2014-03-21 09:00:00,-10.8,976.9,0.6,214.0,91.0
2014-03-21 12:00:00,-10.5,976.6,1.1,197.0,89.3
2014-03-21 15:00:00,-10.3,976.5,0.4,80.0,87.0
2014-03-21 18:00:00,-11.1,977.0,0.7,198.0,77.0
2014-03-21 21:00:00,-11.1,978.0,1.1,312.0,85.8
2014-03-22 00:00:00,-11.5,979.8,3.5,142.0,77.0
2014-03-22 03:00:00,-11.8,981.5,2.0,267.0,75.0
2014-03-22 06:00:00,-11.8,981.6,5.3,213.0,60.9
2014-03-22 09:00:00,-10.7,982.6,5.3,230.0,60.0
2014-03-22 12:00:00,-11.3,983.1,2.6,215.0,50.0
2014-03-22 15:00:00,-12.2,984.1,0.7,241.0,69.0
2014-03-22 18:00:00,-10.1,983.4,2.4,162.0,52.0
2014-03-22 21:00:00,-11.6,985.2,1.3,79.0,58.0
2014-03-23 00:00:00,-11.1,985.3,2.2,302.0,71.7
2014-03-23 03:00:00,-10.1,984.2,2.6,217.0,65.0
2014-03-23 06:00:00,-11.9,984.5,0.3,167.0,74.8
2014-03-23 09:00:00,-13.5,984.5,1.5,228.0,76.0
2014-03-23 12:00:00,-11.8,983.8,2.4,223.0,71.2
2014-03-23 15:00:00,-15.0,983.1,1.1,224.0,81.0
2014-03-23 18:00:00,-11.9,982.2,1.6,215.0,78.0
2014-03-23 21:00:00,-10.7,982.5,0.6,182.0,73.0
2014-03-24 00:00:00,-10.0,982.5,0.9,218.0,63.0
2014-03-24 03:00:00,-8.5,981.3,0.0,287.0,59.0
2014-03-24 06:00:00,-9.0,980.0,1.9,59.0,73.2
2014-03-24 09:00:00,-9.2,978.6,2.0,69.0,72.0
2014-03-24 12:00:00,-9.9,976.7,,226.0,70.0
2014-03-24 15:00:00,-10.1,974.6,,232.0,72.7
2014-03-24 18:00:00,-10.3,973.4,,228.0,73.0
2014-03-24 21:00:00,-10.0,972.4,13.6,238.0,77.0
2014-03-25 00:00:00,-10.1,972.4,14.6,235.0,74.0
2014-03-25 03:00:00,-10.1,973.0,13.1,233.0,77.3
2014-03-25 06:00:00,-11.4,974.7,11.0,223.0,71.0
2014-03-25 09:00:00,-12.6,976.3,11.3,219.0,70.0
2014-03-25 12:00:00,-12.8,977.0,11.4,221.0,66.3
2014-03-25 15:00:00,-13.4,977.4,7.1,220.0,60.0
2014-03-25 18:00:00,-13.7,978.5,10.8,219.0,59.0
2014-03-25 21:00:00,-13.8,979.3,6.9,226.0,58.8
2014-03-26 00:00:00,-13.8,980.0,9.0,216.0,57.0
2014-03-26 03:00:00,-14.3,980.1,,267.0,57.0
2014-03-26 06:00:00,-15.4,980.9,5.0,209.0,58.0
2014-03-26 09:00:00,-16.0,981.3,5.0,210.0,58.0
2014-03-26 12:00:00,-16.8,981.6,4.3,221.0,60.4
2014-03-26 15:00:00,-17.2,982.2,1.0,159.0,60.7
2014-03-26 18:00:00,-17.9,982.9,4.3,123.0,64.0
2014-03-26 21:00:00,-18.3,983.7,2.4,115.0,63.2
2014-03-27 00:00:00,-18.0,984.8,2.6,139.0,64.0
2014-03-27 03:00:00,-18.2,985.6,7.3,216.0,60.1
2014-03-27 06:00:00,-18.5,986.0,,144.0,61.0
2014-03-27 09:00:00,-19.3,986.0,5.7,135.0,64.0
2014-03-27 12:00:00,-19.3,985.9,6.3,138.0,66.2
2014-03-27 15:00:00,-19.2,985.2,4.4,134.0,62.3
2014-03-27 18:00:00,-18.9,984.5,2.6,184.0,73.8
2014-03-27 21:00:00,-18.7,983.9,1.2,20.0,66.0
2014-03-28 00:00:00,-18.0,983.3,0.4,118.0,58.9
2014-03-28 03:00:00,-18.0,981.7,0.3,164.0,60.6
2014-03-28 06:00:00,-18.0,980.7,0.7,207.0,68.1
2014-03-28 09:00:00,-17.5,979.6,1.1,69.0,71.0
2014-03-28 12:00:00,-18.7,978.4,0.1,135.0,78.0
2014-03-28 15:00:00,-18.7,976.9,0.9,202.0,80.4
2014-03-28 18:00:00,-17.3,975.8,0.7,193.0,84.0
2014-03-28 21:00:00,-16.0,975.7,0.4,207.0,84.8
2014-03-29 00:00:00,-14.1,976.0,1.6,224.0,83.0
2014-03-29 03:00:00,-12.9,977.0,2.0,203.0,81.0
2014-03-29 06:00:00,-13.0,979.7,0.5,115.0,81.4
2014-03-29 09:00:00,-13.3,982.8,0.2,231.0,80.5
2014-03-29 12:00:00,-14.5,985.7,0.7,166.0,73.0
2014-03-29 15:00:00,-14.6,987.4,0.5,183.0,85.0
2014-03-29 18:00:00,-15.8,988.6,0.6,222.0,82.0
2014-03-29 21:00:00,-14.8,989.5,0.5,198.0,83.0
2014-03-30 00:00:00,-14.1,990.2,0.3,192.0,81.4
2014-03-30 03:00:00,-13.8,990.7,,,80.7
2014-03-30 06:00:00,-14.9,991.5,,125.0,73.0
2014-03-30 09:00:00,-16.5,992.7,,136.0,70.2
2014-03-30 12:00:00,-18.1,992.5,,299.0,67.1
2014-03-30 15:00:00,-18.8,991.2,,158.0,67.0
2014-03-30 18:00:00,-19.8,989.3,2.6,166.0,70.7
2014-03-30 21:00:00,-22.1,986.6,0.5,203.0,80.0
2014-03-31 00:00:00,-17.7,984.5,1.4,220.0,53.0
2014-03-31 03:00:00,-18.3,980.0,3.4,211.0,66.0
2014-03-31 06:00:00,-21.0,975.3,2.0,219.0,67.3
2014-03-31 09:00:00,-21.1,970.4,0.7,87.0,75.0
2014-03-31 12:00:00,-20.9,966.4,0.4,198.0,60.1
2014-03-31 15:00:00,-18.8,963.8,1.9,216.0,59.0
2014-03-31 18:00:00,-18.0,966.5,1.6,223.0,79.0
2014-03-31 21:00:00,-17.5,969.8,1.0,113.0,75.0
2014-04-01 00:00:00,-16.3,972.4,3.1,299.0,70.2
2014-04-01 03:00:00,-16.6,973.3,0.9,185.0,75.0
2014-04-01 06:00:00,-20.4,974.7,0.0,202.0,80.5
2014-04-01 09:00:00,-17.5,975.5,1.0,228.0,77.0
2014-04-01 12:00:00,-17.4,976.5,0.1,28.0,77.0
2014-04-01 15:00:00,-17.3,977.4,2.3,140.0,72.0
2014-04-01 18:00:00,-18.4,978.6,1.1,145.0,54.0
2014-04-01 21:00:00,-17.7,979.8,4.5,224.0,62.4
2014-04-02 00:00:00,-16.8,981.7,0.7,227.0,53.1
2014-04-02 03:00:00,-17.5,984.2,2.5,216.0,53.3
2014-04-02 06:00:00,-18.8,986.9,1.6,142.0,49.0
2014-04-02 09:00:00,-20.2,990.4,1.9,207.0,57.8
2014-04-02 12:00:00,-19.7,992.5,2.4,184.0,50.0
2014-04-02 15:00:00,-20.0,994.0,0.5,65.0,59.0
2014-04-02 18:00:00,-21.4,992.9,1.5,196.0,72.0
2014-04-02 21:00:00,-21.3,992.2,0.3,99.0,74.4
2014-04-03 00:00:00,-20.4,990.9,0.4,180.0,62.7
2014-04-03 03:00:00,-18.5,990.8,0.0,43.0,58.9
2014-04-03 06:00:00,-19.9,991.0,0.8,191.0,72.0
2014-04-03 09:00:00,-21.1,991.4,0.7,200.0,68.0
2014-04-03 12:00:00,-19.7,991.2,0.1,152.0,71.0
2014-04-03 15:00:00,-19.1,990.1,1.1,200.0,78.7
2014-04-03 18:00:00,-19.1,987.7,1.1,198.0,77.2
2014-04-03 21:00:00,-18.5,986.0,0.4,213.0,72.0
2014-04-04 00:00:00,-17.2,983.9,1.5,197.0,67.0
2014-04-04 03:00:00,-17.7,982.7,,237.0,77.4
2014-04-04 06:00:00,-19.0,981.8,,234.0,75.0
2014-04-04 09:00:00,-18.9,980.7,4.1,223.0,54.8
2014-04-04 12:00:00,-20.7,980.4,5.9,231.0,62.7
2014-04-04 15:00:00,-21.9,979.0,2.5,149.0,66.1
2014-04-04 18:00:00,-22.9,977.7,1.3,155.0,57.0
2014-04-04 21:00:00,-22.6,976.3,2.1,213.0,62.5
2014-04-05 00:00:00,-21.8,975.3,1.1,198.0,58.0
2014-04-05 03:00:00,-21.3,974.1,1.3,211.0,58.3
2014-04-05 06:00:00,-21.8,973.1,1.4,206.0,64.0
2014-04-05 09:00:00,-21.3,973.5,3.6,230.0,61.0
2014-04-05 12:00:00,-20.6,975.2,2.9,292.0,69.0
2014-04-05 15:00:00,-20.1,977.1,0.9,188.0,65.0
2014-04-05 18:00:00,-19.9,978.5,0.9,223.0,71.0
2014-04-05 21:00:00,-20.2,979.7,,137.0,69.7
2014-04-06 00:00:00,-19.3,981.4,2.3,288.0,72.4
2014-04-06 03:00:00,-19.4,982.6,,46.0,61.1
2014-04-06 06:00:00,-21.5,983.4,1.3,150.0,67.0
2014-04-06 09:00:00,-22.9,985.0,2.3,154.0,68.0
2014-04-06 12:00:00,-23.6,986.1,1.0,190.0,75.0
2014-04-06 15:00:00,-24.5,986.3,0.1,206.0,73.8
2014-04-06 18:00:00,-22.9,986.1,0.3,111.0,74.0
2014-04-06 21:00:00,-23.6,986.3,0.9,200.0,74.4
2014-04-07 00:00:00,-20.8,986.3,0.9,225.0,66.0
2014-04-07 03:00:00,-19.3,985.5,0.2,259.0,64.6
2014-04-07 06:00:00,-17.5,985.5,,140.0,59.3
2014-04-07 09:00:00,-17.9,985.3,2.8,130.0,62.6
2014-04-07 12:00:00,-18.0,984.7,3.1,69.0,67.0
2014-04-07 15:00:00,-18.6,985.1,4.0,148.0,59.0
2014-04-07 18:00:00,-21.6,985.4,1.1,51.0,76.0
2014-04-07 21:00:00,-22.4,985.7,0.1,163.0,78.7
2014-04-08 00:00:00,-20.1,986.1,1.7,325.0,74.9
2014-04-08 03:00:00,-20.5,985.5,0.9,116.0,74.4
2014-04-08 06:00:00,-21.5,985.0,4.2,146.0,68.0
2014-04-08 09:00:00,-22.6,985.0,0.2,226.0,64.2
2014-04-08 12:00:00,-22.9,985.2,0.5,211.0,63.9
2014-04-08 15:00:00,-23.0,985.4,1.6,154.0,62.0
2014-04-08 18:00:00,-22.6,985.4,0.6,173.0,61.0
2014-04-08 21:00:00,-23.7,985.9,0.4,76.0,55.0
2014-04-09 00:00:00,-23.0,986.8,1.3,199.0,45.8
2014-04-09 03:00:00,-22.2,986.9,,237.0,51.0
2014-04-09 06:00:00,-23.2,987.6,4.5,226.0,53.7
2014-04-09 09:00:00,-24.0,988.3,,160.0,53.0
2014-04-09 12:00:00,-25.3,988.6,2.6,142.0,54.0
2014-04-09 15:00:00,-26.1,988.3,0.9,203.0,62.0
2014-04-09 18:00:00,-26.4,988.5,0.1,173.0,54.0
2014-04-09 21:00:00,-26.3,989.1,1.3,194.0,56.2
2014-04-10 00:00:00,-23.9,989.4,1.4,207.0,52.0
2014-04-10 03:00:00,-22.8,988.7,0.7,192.0,66.0
2014-04-10 06:00:00,-23.0,987.2,0.2,180.0,73.7
2014-04-10 09:00:00,-22.9,985.4,2.0,209.0,77.0
2014-04-10 12:00:00,-23.3,983.1,0.1,245.0,74.4
2014-04-10 15:00:00,-22.9,981.2,0.9,147.0,53.0
2014-04-10 18:00:00,-22.2,980.4,4.3,229.0,56.0
2014-04-10 21:00:00,-21.5,979.3,2.5,40.0,56.0
2014-04-11 00:00:00,-21.3,978.1,1.4,203.0,52.0
2014-04-11 03:00:00,-21.4,975.8,5.6,215.0,59.0
2014-04-11 06:00:00,-21.1,973.6,,232.0,68.0
2014-04-11 09:00:00,-19.3,973.5,,188.0,59.0
2014-04-11 12:00:00,-18.6,973.9,12.3,195.0,51.4
2014-04-11 15:00:00,-19.8,974.2,,258.0,54.1
2014-04-11 18:00:00,-19.6,975.3,,180.0,39.5
2014-04-11 21:00:00,-18.4,977.0,,202.0,69.8
2014-04-12 00:00:00,-18.5,979.6,,195.0,60.0
2014-04-12 03:00:00,-16.8,979.2,,193.0,33.7
2014-04-12 06:00:00,-16.7,980.8,8.6,220.0,42.0
2014-04-12 09:00:00,-19.0,983.3,4.3,101.0,49.0
2014-04-12 12:00:00,-20.9,984.1,,162.0,60.5
2014-04-12 15:00:00,-22.5,983.7,0.5,162.0,69.5
2014-04-12 18:00:00,-24.4,983.5,,,72.5
2014-04-12 21:00:00,-24.6,984.2,0.2,151.0,75.0
2014-04-13 00:00:00,-23.1,984.7,1.6,250.0,68.7
2014-04-13 03:00:00,-22.9,984.0,1.1,241.0,72.8
2014-04-13 06:00:00,-23.4,983.5,2.8,223.0,68.0
2014-04-13 09:00:00,-24.8,983.0,0.0,266.0,74.0
2014-04-13 12:00:00,-23.7,982.0,0.3,233.0,71.0
2014-04-13 15:00:00,-23.6,982.3,2.0,194.0,73.0
2014-04-13 18:00:00,-23.4,983.0,0.7,148.0,78.2
2014-04-13 21:00:00,-24.3,983.6,0.1,214.0,78.0
2014-04-14 00:00:00,-23.4,984.1,1.8,233.0,75.8
2014-04-14 03:00:00,-23.0,984.2,,,76.0
2014-04-14 06:00:00,-22.6,984.6,0.2,188.0,75.9
2014-04-14 09:00:00,-24.4,985.6,0.0,156.0,75.0
2014-04-14 12:00:00,-23.4,986.9,0.3,196.0,72.0
2014-04-14 15:00:00,-22.5,988.1,0.1,217.0,70.0
2014-04-14 18:00:00,-21.7,989.2,0.3,206.0,69.0
2014-04-14 21:00:00,-21.3,990.6,0.4,172.0,67.1
2014-04-15 00:00:00,-19.8,991.3,1.3,233.0,66.1
2014-04-15 03:00:00,-19.3,991.6,2.1,210.0,61.0
2014-04-15 06:00:00,-16.6,991.7,0.6,178.0,57.5
2014-04-15 09:00:00,-18.5,993.3,1.1,352.0,62.0
2014-04-15 12:00:00,-19.0,992.6,2.5,218.0,62.0
2014-04-15 15:00:00,-19.7,991.9,2.0,230.0,70.0
2014-04-15 18:00:00,-21.1,991.3,0.1,63.0,73.0
2014-04-15 21:00:00,-20.9,991.0,1.9,225.0,69.0
2014-04-16 00:00:00,-19.8,990.5,2.4,209.0,66.0
2014-04-16 03:00:00,-17.7,990.8,2.1,204.0,60.9
2014-04-16 06:00:00,-15.8,991.0,2.2,229.0,48.2
2014-04-16 09:00:00,-16.2,991.2,1.7,227.0,51.0
2014-04-16 12:00:00,-18.7,991.4,3.0,198.0,63.0
2014-04-16 15:00:00,-17.4,990.4,3.7,240.0,61.0
2014-04-16 18:00:00,-16.5,990.3,3.5,237.0,56.1
2014-04-16 21:00:00,-16.9,994.9,1.6,249.0,61.0
2014-04-17 00:00:00,-13.5,998.1,2.0,216.0,51.0
2014-04-17 03:00:00,-16.8,999.0,1.5,229.0,70.0
2014-04-17 06:00:00,,999.2,1.1,218.0,76.2
2014-04-17 09:00:00,-17.7,998.6,1.0,216.0,69.9
2014-04-17 12:00:00,-16.1,998.7,1.6,229.0,77.0
2014-04-17 15:00:00,-13.8,998.0,2.9,225.0,58.0
2014-04-17 18:00:00,-16.4,996.9,2.7,216.0,66.2
2014-04-17 21:00:00,-15.8,997.0,1.5,227.0,70.3
2014-04-18 00:00:00,-11.9,996.2,2.5,198.0,48.9
2014-04-18 03:00:00,-12.8,996.6,0.2,138.0,62.8
2014-04-18 06:00:00,-9.9,998.3,0.8,214.0,52.0
2014-04-18 09:00:00,-13.6,999.0,1.1,227.0,60.0
2014-04-18 12:00:00,-12.1,998.5,0.8,194.0,52.8
2014-04-18 15:00:00,,995.8,1.1,246.0,75.0
2014-04-18 18:00:00,-14.8,992.8,2.0,202.0,59.0
2014-04-18 21:00:00,-14.2,989.3,0.7,159.0,61.0
2014-04-19 00:00:00,-12.7,987.9,2.5,223.0,62.0
2014-04-19 03:00:00,-13.4,985.1,1.6,222.0,74.9
2014-04-19 06:00:00,,983.2,0.1,216.0,83.8
2014-04-19 09:00:00,-17.9,982.6,2.1,196.0,81.0
2014-04-19 12:00:00,-15.8,982.7,0.4,35.0,82.2
2014-04-19 15:00:00,-17.1,982.6,0.8,63.0,80.0
2014-04-19 18:00:00,-19.0,981.8,1.7,206.0,82.0
2014-04-19 21:00:00,-18.0,982.1,0.8,245.0,77.0
2014-04-20 00:00:00,-18.0,983.1,0.9,204.0,71.9
2014-04-20 03:00:00,-18.5,983.9,1.3,227.0,78.0
2014-04-20 06:00:00,-20.1,984.6,1.4,218.0,81.0
2014-04-20 09:00:00,-19.8,985.3,1.4,212.0,70.0
2014-04-20 12:00:00,-21.0,985.4,1.2,213.0,80.5
2014-04-20 15:00:00,-21.2,986.0,0.0,112.0,79.0
2014-04-20 18:00:00,-18.2,988.2,1.3,215.0,88.5
2014-04-20 21:00:00,-17.0,991.1,0.8,102.0,87.0
2014-04-21 00:00:00,-18.8,993.8,0.3,207.0,85.3
2014-04-21 03:00:00,-17.9,996.6,0.9,193.0,86.6
2014-04-21 06:00:00,-17.5,998.9,1.6,169.0,86.0
2014-04-21 09:00:00,-18.2,1000.4,1.5,216.0,85.0
2014-04-21 12:00:00,-18.2,1001.9,0.3,216.0,86.0
2014-04-21 15:00:00,-17.5,1003.3,0.8,178.0,87.0
2014-04-21 18:00:00,-16.0,1005.5,0.4,195.0,74.0
2014-04-21 21:00:00,-17.4,1007.0,0.1,204.0,70.0
2014-04-22 00:00:00,-15.6,1007.5,,145.0,70.0
2014-04-22 03:00:00,-17.0,1007.6,,0.0,78.0
2014-04-22 06:00:00,-16.0,1007.3,1.2,121.0,69.4
2014-04-22 09:00:00,-17.0,1006.9,3.1,141.0,69.5
2014-04-22 12:00:00,-17.9,1007.0,,137.0,73.0
2014-04-22 15:00:00,-18.6,1006.6,2.6,146.0,75.0
2014-04-22 18:00:00,-18.6,1006.5,,176.0,76.8
2014-04-22 21:00:00,-19.2,1007.1,3.0,139.0,70.0
2014-04-23 00:00:00,-19.0,1006.8,,211.0,72.0
2014-04-23 03:00:00,-21.1,1004.6,2.8,213.0,72.9
2014-04-23 06:00:00,-20.5,1002.8,2.5,227.0,71.3
2014-04-23 09:00:00,-22.1,1000.4,1.5,214.0,74.7
2014-04-23 12:00:00,-23.6,998.5,1.8,231.0,76.0
2014-04-23 15:00:00,-22.7,997.5,2.4,217.0,71.0
2014-04-23 18:00:00,-22.5,995.8,0.6,210.0,71.0
2014-04-23 21:00:00,-22.5,995.0,2.6,221.0,70.8
2014-04-24 00:00:00,-21.7,995.2,0.3,15.0,69.9
2014-04-24 03:00:00,-22.2,994.2,2.6,252.0,68.0
2014-04-24 06:00:00,-17.7,993.7,1.5,217.0,54.0
2014-04-24 09:00:00,-20.7,992.4,1.8,223.0,72.0
2014-04-24 12:00:00,-20.7,990.0,0.4,272.0,74.0
2014-04-24 15:00:00,-16.1,987.4,2.3,208.0,82.2
2014-04-24 18:00:00,-16.6,985.8,1.4,296.0,77.0
2014-04-24 21:00:00,-17.2,984.4,0.8,287.0,89.0
2014-04-25 00:00:00,-13.5,987.6,,150.0,83.0
2014-04-25 03:00:00,-13.0,992.7,,97.0,72.2
2014-04-25 06:00:00,-16.6,995.5,,220.0,77.7
2014-04-25 09:00:00,-15.5,997.5,1.7,213.0,78.0
2014-04-25 12:00:00,-15.5,997.6,0.9,231.0,80.0
2014-04-25 15:00:00,-16.7,996.9,1.8,219.0,82.0
2014-04-25 18:00:00,-17.3,997.1,1.0,253.0,84.2
2014-04-25 21:00:00,-17.9,995.7,1.7,212.0,84.0
2014-04-26 00:00:00,-16.0,993.9,0.9,256.0,79.6
2014-04-26 03:00:00,-15.6,991.3,2.7,228.0,82.0
2014-04-26 06:00:00,-15.1,989.9,1.5,214.0,81.3
2014-04-26 09:00:00,-15.3,990.7,0.6,195.0,85.0
2014-04-26 12:00:00,-15.4,993.1,0.2,132.0,89.0
2014-04-26 15:00:00,-16.0,994.9,2.4,187.0,88.0
2014-04-26 18:00:00,-18.4,994.5,2.9,217.0,85.0
2014-04-26 21:00:00,-18.2,994.8,1.5,220.0,86.5
2014-04-27 00:00:00,-18.8,994.1,0.4,83.0,85.0
2014-04-27 03:00:00,-16.2,992.8,1.3,231.0,87.0
2014-04-27 06:00:00,-16.4,990.2,,,87.0
2014-04-27 09:00:00,-15.0,988.6,0.6,203.0,87.7
2014-04-27 12:00:00,-14.7,987.8,1.6,211.0,88.9
2014-04-27 15:00:00,-16.3,987.1,0.6,150.0,86.0
2014-04-27 18:00:00,-16.1,986.6,1.6,223.0,87.0
2014-04-27 21:00:00,-16.3,985.3,,,88.0
2014-04-28 00:00:00,-15.7,984.2,1.4,210.0,87.9
2014-04-28 03:00:00,-16.0,981.8,1.7,233.0,87.7
2014-04-28 06:00:00,-15.9,979.2,,,88.0
2014-04-28 09:00:00,-13.6,977.6,0.4,199.0,80.0
2014-04-28 12:00:00,-15.7,976.9,0.6,236.0,82.0
2014-04-28 15:00:00,-16.7,976.1,3.5,207.0,81.0
2014-04-28 18:00:00,-17.0,976.6,2.5,216.0,77.0
2014-04-28 21:00:00,-16.8,977.9,3.7,220.0,65.0
2014-04-29 00:00:00,-19.5,978.8,,138.0,67.0
2014-04-29 03:00:00,-20.6,980.5,,152.0,71.0
2014-04-29 06:00:00,-24.2,982.3,8.4,130.0,66.0
2014-04-29 09:00:00,-25.0,983.8,4.9,132.0,56.8
2014-04-29 12:00:00,-26.8,984.5,,211.0,70.4
2014-04-29 15:00:00,-26.3,983.5,,,66.0
2014-04-29 18:00:00,-26.3,982.1,1.5,180.0,57.6
2014-04-29 21:00:00,-26.6,982.3,2.6,168.0,61.0
2014-04-30 00:00:00,-26.5,983.0,4.8,144.0,58.0
2014-04-30 03:00:00,-26.6,983.9,1.4,108.0,51.0
2014-04-30 06:00:00,-27.7,984.4,0.3,140.0,56.8
2014-04-30 09:00:00,-28.0,985.4,0.3,125.0,64.0
2014-04-30 12:00:00,-27.3,985.4,0.5,131.0,64.6
2014-04-30 15:00:00,-29.7,985.5,0.1,39.0,72.0
2014-04-30 18:00:00,-27.9,985.3,1.4,130.0,67.0
2014-04-30 21:00:00,-28.1,984.7,2.6,190.0,72.1
2014-05-01 00:00:00,-28.6,984.0,2.1,222.0,59.0
2014-05-01 03:00:00,-29.4,982.2,0.1,269.0,63.4
2014-05-01 06:00:00,-30.7,979.1,1.6,211.0,62.0
2014-05-01 09:00:00,-31.4,977.2,1.2,234.0,67.5
2014-05-01 12:00:00,-30.2,976.6,0.9,267.0,59.1
2014-05-01 15:00:00,-27.8,978.8,0.4,156.0,46.5
2014-05-01 18:00:00,-28.4,983.4,1.2,29.0,63.0
2014-05-01 21:00:00,-28.1,987.9,0.8,210.0,64.0
2014-05-02 00:00:00,-29.3,991.5,1.4,152.0,57.9
2014-05-02 03:00:00,-29.3,993.3,0.0,288.0,69.2
2014-05-02 06:00:00,-28.8,993.8,1.8,230.0,64.0
2014-05-02 09:00:00,-29.1,993.5,2.0,223.0,62.9
2014-05-02 12:00:00,-29.1,991.4,3.0,235.0,66.0
2014-05-02 15:00:00,-29.4,987.7,2.5,222.0,65.5
2014-05-02 18:00:00,-30.5,986.4,0.8,213.0,71.3
2014-05-02 21:00:00,,988.4,5.1,146.0,48.0
2014-05-03 00:00:00,-27.3,990.0,,20.0,66.4
2014-05-03 03:00:00,,990.8,,176.0,71.0
2014-05-03 06:00:00,-30.3,993.6,1.2,232.0,70.1
2014-05-03 09:00:00,-28.9,995.3,2.6,232.0,74.0
2014-05-03 12:00:00,-27.1,996.8,2.8,212.0,65.0
2014-05-03 15:00:00,-27.7,998.7,2.5,216.0,65.9
2014-05-03 18:00:00,-26.1,1001.7,1.9,204.0,62.0
2014-05-03 21:00:00,-27.4,1003.3,1.6,220.0,67.0
2014-05-04 00:00:00,-28.5,1003.5,0.5,237.0,68.0
2014-05-04 03:00:00,-27.2,1003.3,2.6,222.0,61.4
2014-05-04 06:00:00,-26.6,1002.0,2.6,235.0,65.9
2014-05-04 09:00:00,-25.4,1000.7,2.5,207.0,40.0
2014-05-04 12:00:00,-27.0,999.6,0.4,222.0,65.0
2014-05-04 15:00:00,-26.1,998.1,1.6,224.0,69.0
2014-05-04 18:00:00,-24.5,998.1,,,58.1
2014-05-04 21:00:00,-27.5,998.8,0.2,286.0,65.0
2014-05-05 00:00:00,,1000.2,0.4,101.0,80.0
2014-05-05 03:00:00,-25.7,999.9,2.0,233.0,73.6
2014-05-05 06:00:00,-23.9,999.3,2.8,217.0,64.9
2014-05-05 09:00:00,-24.1,998.7,1.9,249.0,61.0
2014-05-05 12:00:00,-21.6,998.7,1.1,229.0,50.0
2014-05-05 15:00:00,-22.7,998.4,1.7,226.0,57.0
2014-05-05 18:00:00,-24.7,997.2,0.5,207.0,57.0
2014-05-05 21:00:00,-20.9,996.6,2.3,223.0,56.3
2014-05-06 00:00:00,,996.4,0.5,262.0,58.0
2014-05-06 03:00:00,-20.0,995.8,0.5,85.0,72.0
2014-05-06 06:00:00,-22.4,995.7,0.2,124.0,71.4
2014-05-06 09:00:00,-24.1,994.8,0.2,243.0,76.5
2014-05-06 12:00:00,-23.3,993.5,0.0,4.0,78.0
2014-05-06 15:00:00,-23.9,991.9,0.1,243.0,79.4
2014-05-06 18:00:00,-19.5,990.2,1.9,214.0,76.0
2014-05-06 21:00:00,-22.3,988.7,0.2,103.0,80.0
2014-05-07 00:00:00,-20.3,987.5,,,79.1
2014-05-07 03:00:00,-19.3,986.0,,,76.9
2014-05-07 06:00:00,-23.7,985.1,1.0,251.0,85.0
2014-05-07 09:00:00,-21.7,984.8,1.2,264.0,82.4
2014-05-07 12:00:00,-24.2,984.0,,,80.5
2014-05-07 15:00:00,-22.5,983.3,1.2,213.0,81.0
2014-05-07 18:00:00,-21.9,983.3,1.0,238.0,82.0
2014-05-07 21:00:00,-20.7,984.0,1.4,223.0,83.0
2014-05-08 00:00:00,-20.7,985.2,,,83.0
2014-05-08 03:00:00,-21.0,987.5,,,83.0
2014-05-08 06:00:00,-22.4,990.1,0.4,207.0,82.0
2014-05-08 09:00:00,-23.6,992.1,0.4,216.0,82.0
2014-05-08 12:00:00,-23.0,993.5,1.5,221.0,81.4
2014-05-08 15:00:00,-21.9,993.9,0.4,270.0,81.0
2014-05-08 18:00:00,-21.4,993.3,1.4,235.0,72.0
2014-05-08 21:00:00,,993.5,1.4,98.0,67.3
2014-05-09 00:00:00,,993.3,2.6,161.0,58.0
2014-05-09 03:00:00,-13.8,991.0,5.8,220.0,68.0
2014-05-09 06:00:00,-10.1,988.6,,194.0,55.8
2014-05-09 09:00:00,-9.6,987.3,,196.0,57.0
2014-05-09 12:00:00,-8.2,983.1,7.1,298.0,51.0
2014-05-09 15:00:00,-5.8,979.4,10.0,190.0,32.3
2014-05-09 18:00:00,-10.6,975.9,,200.0,49.0
2014-05-09 21:00:00,,973.7,,221.0,59.0
2014-05-10 00:00:00,-14.3,974.6,1.1,214.0,64.1
2014-05-10 03:00:00,,973.5,2.3,171.0,45.3
2014-05-10 06:00:00,,973.4,,199.0,57.0
2014-05-10 09:00:00,-7.1,974.0,,218.0,67.0
2014-05-10 12:00:00,-7.6,976.0,20.0,209.0,72.1
2014-05-10 15:00:00,-8.2,978.6,,206.0,61.0
2014-05-10 18:00:00,-10.1,980.9,,227.0,65.0
2014-05-10 21:00:00,-8.9,984.1,14.1,208.0,46.6
2014-05-11 00:00:00,-11.2,986.7,10.1,230.0,61.0
2014-05-11 03:00:00,-11.1,988.7,,216.0,65.5
2014-05-11 06:00:00,-9.9,990.3,,206.0,45.4
2014-05-11 09:00:00,-10.0,992.1,11.7,198.0,53.0
2014-05-11 12:00:00,-9.7,992.0,,204.0,46.0
2014-05-11 15:00:00,-9.7,991.4,16.6,197.0,54.8
2014-05-11 18:00:00,-9.5,992.2,15.2,209.0,57.0
2014-05-11 21:00:00,-9.4,991.5,15.3,206.0,47.0
2014-05-12 00:00:00,-9.3,990.6,13.5,193.0,41.0
2014-05-12 03:00:00,-9.1,989.8,14.7,194.0,37.0
2014-05-12 06:00:00,-8.4,987.9,16.0,201.0,42.4
2014-05-12 09:00:00,-8.0,986.3,16.2,200.0,43.0
2014-05-12 12:00:00,-8.7,985.6,,199.0,57.0
2014-05-12 15:00:00,-8.6,984.5,20.1,212.0,72.0
2014-05-12 18:00:00,-9.4,986.4,22.2,203.0,68.7
2014-05-12 21:00:00,-8.8,986.8,22.8,213.0,61.0
2014-05-13 00:00:00,-8.3,987.4,,210.0,81.1
2014-05-13 03:00:00,-7.7,987.7,19.2,218.0,82.0
2014-05-13 06:00:00,-7.5,989.2,19.0,206.0,90.0
2014-05-13 09:00:00,-6.6,990.7,15.9,209.0,83.0
2014-05-13 12:00:00,-6.7,990.5,15.5,211.0,82.0
2014-05-13 15:00:00,-6.6,990.5,13.3,225.0,81.0
2014-05-13 18:00:00,-6.6,990.4,11.9,214.0,75.0
2014-05-13 21:00:00,-4.8,990.5,10.8,204.0,68.2
2014-05-14 00:00:00,-4.4,990.8,8.6,198.0,59.0
2014-05-14 03:00:00,-5.7,992.3,9.2,222.0,66.2
2014-05-14 06:00:00,-6.0,991.2,,199.0,67.0
2014-05-14 09:00:00,-7.1,990.9,,47.0,79.0
2014-05-14 12:00:00,-8.1,989.3,1.6,268.0,67.0
2014-05-14 15:00:00,-9.3,988.7,1.6,198.0,70.0
2014-05-14 18:00:00,-8.3,987.9,1.3,226.0,64.3
2014-05-14 21:00:00,-6.9,987.1,3.0,179.0,57.0
2014-05-15 00:00:00,-10.6,987.5,0.1,27.0,77.0
2014-05-15 03:00:00,-9.5,987.1,0.5,187.0,76.1
2014-05-15 06:00:00,-11.6,987.9,1.0,218.0,80.5
2014-05-15 09:00:00,-12.1,987.8,0.9,260.0,80.0
2014-05-15 12:00:00,-12.2,988.5,0.1,46.0,75.9
2014-05-15 15:00:00,-10.7,989.2,0.0,181.0,75.0
2014-05-15 18:00:00,-11.0,989.4,1.7,209.0,83.0
2014-05-15 21:00:00,-12.5,989.6,0.6,65.0,85.6
2014-05-16 00:00:00,-12.2,989.8,1.0,201.0,81.0
2014-05-16 03:00:00,-12.2,989.6,1.6,233.0,78.0
2014-05-16 06:00:00,-13.2,988.8,0.4,222.0,83.0
2014-05-16 09:00:00,-12.7,988.6,,,85.5
2014-05-16 12:00:00,-12.6,987.8,0.5,232.0,84.0
2014-05-16 15:00:00,-12.9,986.7,1.1,227.0,85.0
2014-05-16 18:00:00,-14.4,986.2,0.1,169.0,85.0
2014-05-16 21:00:00,-12.9,986.1,0.0,247.0,84.1
2014-05-17 00:00:00,-12.3,985.3,1.0,203.0,86.6
2014-05-17 03:00:00,-12.4,985.1,0.0,36.0,86.0
2014-05-17 06:00:00,-12.1,984.7,0.3,196.0,89.0
2014-05-17 09:00:00,-12.1,984.0,0.4,186.0,87.0
2014-05-17 12:00:00,-12.4,983.3,0.5,190.0,86.1
2014-05-17 15:00:00,-13.0,982.7,1.5,156.0,87.0
2014-05-17 18:00:00,-13.3,981.8,0.5,212.0,89.0
2014-05-17 21:00:00,-13.1,981.2,5.2,136.0,84.0
2014-05-18 00:00:00,-13.0,981.2,3.1,133.0,82.6
2014-05-18 03:00:00,-13.2,981.3,3.1,120.0,85.0
2014-05-18 06:00:00,-13.8,982.2,3.6,161.0,80.0
2014-05-18 09:00:00,-14.8,983.3,1.3,234.0,82.0
2014-05-18 12:00:00,-14.6,984.3,3.5,133.0,74.7
2014-05-18 15:00:00,-15.4,985.2,4.7,130.0,72.8
2014-05-18 18:00:00,-16.9,986.2,7.7,132.0,75.0
2014-05-18 21:00:00,-18.2,988.0,7.6,137.0,73.0
2014-05-19 00:00:00,-18.1,989.1,,130.0,76.0
2014-05-19 03:00:00,-18.9,990.1,,30.0,75.0
2014-05-19 06:00:00,-19.4,990.5,0.9,206.0,74.0
2014-05-19 09:00:00,-20.1,991.2,0.0,26.0,73.0
2014-05-19 12:00:00,-20.6,991.3,0.4,200.0,76.0
2014-05-19 15:00:00,-21.3,991.3,1.8,304.0,78.2
2014-05-19 18:00:00,-21.5,991.1,,,79.2
2014-05-19 21:00:00,-21.8,991.0,0.1,259.0,79.0
2014-05-20 00:00:00,-25.6,991.2,0.0,220.0,78.9
2014-05-20 03:00:00,-23.0,991.5,1.1,218.0,79.0
2014-05-20 06:00:00,-23.0,992.4,0.0,297.0,80.0
2014-05-20 09:00:00,-22.2,994.0,,,80.0
2014-05-20 12:00:00,-21.9,995.4,,,79.0
2014-05-20 15:00:00,-22.6,997.0,1.0,186.0,80.0
2014-05-20 18:00:00,-24.5,998.8,0.4,231.0,78.0
2014-05-20 21:00:00,-24.5,1000.7,1.5,233.0,79.0
2014-05-21 00:00:00,-24.7,1002.1,1.2,230.0,78.0
2014-05-21 03:00:00,-28.3,1003.1,0.6,255.0,74.8
2014-05-21 06:00:00,-26.9,1004.2,0.6,238.0,77.2
2014-05-21 09:00:00,-26.0,1004.6,0.2,25.0,76.0
2014-05-21 12:00:00,-24.9,1004.4,1.4,250.0,79.0
2014-05-21 15:00:00,-27.3,1003.6,0.8,230.0,76.5
2014-05-21 18:00:00,-28.2,1002.5,1.4,215.0,76.0
2014-05-21 21:00:00,-28.0,1001.1,,,76.0
2014-05-22 00:00:00,-28.6,999.4,0.7,227.0,75.0
2014-05-22 03:00:00,-28.7,997.4,,,74.2
2014-05-22 06:00:00,-27.9,995.5,0.1,181.0,75.0
2014-05-22 09:00:00,-28.5,994.0,0.1,227.0,75.0
2014-05-22 12:00:00,-27.7,992.2,0.9,238.0,75.0
2014-05-22 15:00:00,-28.0,990.2,0.0,234.0,75.0
2014-05-22 18:00:00,-27.3,988.7,0.7,218.0,75.2
2014-05-22 21:00:00,-28.5,987.9,,,75.0
2014-05-23 00:00:00,-27.3,988.0,,,76.4
2014-05-23 03:00:00,-25.5,988.1,0.5,259.0,77.2
2014-05-23 06:00:00,-24.5,987.9,1.0,203.0,79.0
2014-05-23 09:00:00,-24.7,988.1,0.6,230.0,79.0
2014-05-23 12:00:00,-23.9,988.5,1.6,204.0,80.0
2014-05-23 15:00:00,-24.2,988.6,2.2,215.0,76.7
2014-05-23 18:00:00,-23.9,988.4,2.4,252.0,70.0
2014-05-23 21:00:00,-26.6,988.3,1.8,244.0,70.8
2014-05-24 00:00:00,-27.9,987.7,1.8,154.0,67.3
2014-05-24 03:00:00,-30.4,986.4,0.1,242.0,72.3
2014-05-24 06:00:00,-30.8,986.3,,,72.6
2014-05-24 09:00:00,-30.7,987.2,0.5,232.0,72.4
2014-05-24 12:00:00,-27.7,986.9,1.9,240.0,72.4
2014-05-24 15:00:00,,988.2,2.1,222.0,75.0
2014-05-24 18:00:00,-25.1,989.0,0.3,244.0,74.0
2014-05-24 21:00:00,-24.9,990.7,,,75.0
2014-05-25 00:00:00,-26.9,992.5,0.1,189.0,72.0
2014-05-25 03:00:00,-26.5,994.2,,,75.6
2014-05-25 06:00:00,-27.2,996.0,0.0,217.0,76.0
2014-05-25 09:00:00,-26.3,998.2,1.9,224.0,72.0
2014-05-25 12:00:00,-27.3,1000.5,1.1,226.0,72.9
2014-05-25 15:00:00,-26.5,1001.3,1.9,241.0,70.0
2014-05-25 18:00:00,,1001.3,3.1,44.0,65.0
2014-05-25 21:00:00,,1002.4,0.7,251.0,64.7
2014-05-26 00:00:00,-19.2,1001.9,0.5,217.0,59.0
2014-05-26 03:00:00,-17.7,1001.0,2.4,64.0,59.0
2014-05-26 06:00:00,-18.6,1000.8,0.2,334.0,62.0
2014-05-26 09:00:00,-18.4,999.2,0.4,137.0,55.7
2014-05-26 12:00:00,-20.0,997.1,0.2,114.0,67.0
2014-05-26 15:00:00,-22.5,993.9,0.3,206.0,75.0
2014-05-26 18:00:00,-22.6,990.9,1.2,207.0,78.0
2014-05-26 21:00:00,-23.6,988.9,0.3,236.0,80.0
2014-05-27 00:00:00,-24.0,987.2,0.1,41.0,81.1
2014-05-27 03:00:00,-22.5,986.7,0.0,237.0,81.0
2014-05-27 06:00:00,-22.2,988.9,0.0,175.0,80.5
2014-05-27 09:00:00,-21.4,990.8,0.5,229.0,75.0
2014-05-27 12:00:00,-22.2,991.3,2.6,75.0,69.4
2014-05-27 15:00:00,-23.5,991.8,0.0,184.0,71.0
2014-05-27 18:00:00,-22.6,992.1,0.9,61.0,70.0
2014-05-27 21:00:00,-23.4,992.6,0.7,148.0,66.0
2014-05-28 00:00:00,-22.5,993.1,0.0,18.0,66.0
2014-05-28 03:00:00,-22.7,993.2,,,74.6
2014-05-28 06:00:00,-22.2,992.6,0.3,176.0,75.0
2014-05-28 09:00:00,-21.6,992.6,0.6,234.0,71.0
2014-05-28 12:00:00,-21.4,991.8,0.2,159.0,66.0
2014-05-28 15:00:00,-18.6,989.0,,137.0,49.9
2014-05-28 18:00:00,-16.5,986.8,5.0,220.0,54.0
2014-05-28 21:00:00,-14.1,985.8,7.8,209.0,54.0
2014-05-29 00:00:00,-12.8,982.8,,205.0,58.0
2014-05-29 03:00:00,-13.6,982.1,10.7,204.0,54.3
2014-05-29 06:00:00,-15.6,981.9,11.7,224.0,67.0
2014-05-29 09:00:00,-15.8,981.8,,202.0,60.0
2014-05-29 12:00:00,-16.5,981.6,,137.0,63.0
2014-05-29 15:00:00,-18.5,980.9,,234.0,63.0
2014-05-29 18:00:00,-16.9,979.5,12.2,227.0,45.0
2014-05-29 21:00:00,-14.1,978.4,13.6,196.0,41.9
2014-05-30 00:00:00,-14.1,977.6,16.4,202.0,58.0
2014-05-30 03:00:00,-12.8,976.5,15.9,197.0,53.3
2014-05-30 06:00:00,-11.7,975.5,14.9,200.0,53.0
2014-05-30 09:00:00,-11.7,975.5,16.2,193.0,56.0
2014-05-30 12:00:00,-10.1,973.7,12.3,196.0,34.0
2014-05-30 15:00:00,-8.2,972.8,11.9,194.0,37.0
2014-05-30 18:00:00,-7.9,972.7,13.5,191.0,41.0
2014-05-30 21:00:00,-7.5,973.4,13.8,196.0,50.0
2014-05-31 00:00:00,-8.2,975.2,,236.0,58.0
2014-05-31 03:00:00,-7.0,976.1,,186.0,74.2
2014-05-31 06:00:00,-11.7,977.2,1.0,271.0,71.6
2014-05-31 09:00:00,,977.5,,330.0,70.0
2014-05-31 12:00:00,-8.9,980.1,0.5,137.0,74.0
2014-05-31 15:00:00,-11.5,982.4,0.9,70.0,72.0
2014-05-31 18:00:00,-13.6,982.4,2.1,223.0,78.5
2014-05-31 21:00:00,-11.5,983.5,,239.0,65.0
2014-06-01 00:00:00,-9.8,985.9,5.4,218.0,47.5
2014-06-01 03:00:00,-13.8,987.6,,290.0,77.0
2014-06-01 06:00:00,-12.1,988.5,1.5,357.0,66.2
2014-06-01 09:00:00,-14.3,989.4,2.3,70.0,68.5
2014-06-01 12:00:00,-12.0,990.3,,214.0,59.0
2014-06-01 15:00:00,-14.6,990.6,,63.0,77.0
2014-06-01 18:00:00,-14.8,989.4,,132.0,78.0
2014-06-01 21:00:00,-16.0,987.1,1.8,189.0,81.8
2014-06-02 00:00:00,-16.6,982.9,1.9,187.0,81.0
2014-06-02 03:00:00,-18.9,978.6,0.1,83.0,81.0
2014-06-02 06:00:00,,974.6,0.3,133.0,83.3
2014-06-02 09:00:00,-22.5,972.7,0.1,164.0,85.0
2014-06-02 12:00:00,-19.1,971.7,0.6,143.0,84.0
2014-06-02 15:00:00,-20.0,971.1,0.8,232.0,83.0
2014-06-02 18:00:00,-21.6,972.5,2.0,224.0,82.0
2014-06-02 21:00:00,-21.4,976.0,2.0,227.0,82.0
2014-06-03 00:00:00,-21.5,979.7,1.1,299.0,84.0
2014-06-03 03:00:00,-19.7,982.6,0.8,206.0,81.4
2014-06-03 06:00:00,-19.9,985.3,1.7,102.0,71.0
2014-06-03 09:00:00,-19.7,987.3,,228.0,59.6
2014-06-03 12:00:00,-19.7,989.8,,228.0,55.1
2014-06-03 15:00:00,-19.1,991.5,10.2,240.0,57.0
2014-06-03 18:00:00,-18.9,993.5,9.4,234.0,57.0
2014-06-03 21:00:00,-18.9,994.3,8.8,238.0,51.3
2014-06-04 00:00:00,-18.3,995.0,,260.0,52.7
2014-06-04 03:00:00,-18.5,994.6,,108.0,55.0
2014-06-04 06:00:00,-19.5,994.0,5.0,134.0,63.0
2014-06-04 09:00:00,-20.5,993.0,0.5,158.0,64.0
2014-06-04 12:00:00,-20.3,992.0,,226.0,51.0
2014-06-04 15:00:00,-20.2,991.9,,210.0,49.7
2014-06-04 18:00:00,-20.4,992.0,6.5,228.0,50.0
2014-06-04 21:00:00,-20.7,992.4,1.9,98.0,58.0
2014-06-05 00:00:00,-20.7,992.1,2.5,123.0,54.0
2014-06-05 03:00:00,-22.5,992.9,2.2,51.0,60.0
2014-06-05 06:00:00,-24.0,993.4,1.3,204.0,60.2
2014-06-05 09:00:00,-25.4,993.4,1.4,214.0,63.0
2014-06-05 12:00:00,-26.6,993.9,1.0,40.0,70.0
2014-06-05 15:00:00,-26.3,993.7,0.8,158.0,70.0
2014-06-05 18:00:00,-26.3,994.6,0.3,215.0,70.0
2014-06-05 21:00:00,-26.6,994.7,2.3,159.0,67.0
2014-06-06 00:00:00,-29.7,995.0,,,72.7
2014-06-06 03:00:00,-28.5,994.7,0.8,138.0,72.7
2014-06-06 06:00:00,-29.7,995.0,0.0,180.0,71.0
2014-06-06 09:00:00,-30.3,995.1,1.3,207.0,73.0
2014-06-06 12:00:00,-26.8,994.4,2.8,230.0,66.8
2014-06-06 15:00:00,-27.3,993.6,0.7,301.0,71.0
2014-06-06 18:00:00,-28.2,992.3,,,76.0
2014-06-06 21:00:00,-25.4,990.9,2.5,243.0,76.7
2014-06-07 00:00:00,-25.3,989.1,1.8,204.0,72.0
2014-06-07 03:00:00,-24.8,987.0,0.6,220.0,73.0
2014-06-07 06:00:00,-24.5,984.6,0.0,208.0,74.0
2014-06-07 09:00:00,-24.2,982.6,,,74.9
2014-06-07 12:00:00,-23.8,980.6,1.7,225.0,78.0
2014-06-07 15:00:00,-23.5,978.4,,,78.8
2014-06-07 18:00:00,-23.3,977.1,0.2,117.0,79.4
2014-06-07 21:00:00,-22.2,976.1,1.2,28.0,77.0
2014-06-08 00:00:00,-21.6,975.5,2.8,47.0,72.0
2014-06-08 03:00:00,-19.7,975.2,3.3,45.0,77.1
2014-06-08 06:00:00,-20.0,976.1,5.0,39.0,75.0
2014-06-08 09:00:00,-19.2,977.3,2.5,126.0,69.0
2014-06-08 12:00:00,-22.2,977.6,1.4,234.0,67.1
2014-06-08 15:00:00,-21.1,978.2,0.2,291.0,62.0
2014-06-08 18:00:00,-23.2,979.3,0.8,62.0,66.2
2014-06-08 21:00:00,-25.4,981.5,0.1,208.0,69.0
2014-06-09 00:00:00,-23.1,983.4,2.2,224.0,64.0
2014-06-09 03:00:00,-24.9,984.6,,,70.0
2014-06-09 06:00:00,-24.6,987.1,0.8,212.0,72.7
2014-06-09 09:00:00,-23.1,989.4,0.2,229.0,72.0
2014-06-09 12:00:00,-22.5,989.5,0.6,244.0,74.0
2014-06-09 15:00:00,-22.1,986.6,,,76.0
2014-06-09 18:00:00,-21.2,982.1,1.7,225.0,78.0
2014-06-09 21:00:00,-21.7,977.2,1.1,10.0,79.9
2014-06-10 00:00:00,-21.7,975.7,1.3,216.0,78.2
2014-06-10 03:00:00,-24.2,975.5,0.2,116.0,80.7
2014-06-10 06:00:00,-23.9,976.9,2.4,46.0,81.6
2014-06-10 09:00:00,-24.3,978.7,0.6,231.0,77.9
2014-06-10 12:00:00,-26.3,980.6,2.2,210.0,76.0
2014-06-10 15:00:00,-27.3,980.6,2.5,224.0,75.0
2014-06-10 18:00:00,-29.5,980.4,0.1,208.0,75.1
2014-06-10 21:00:00,-28.9,980.3,0.6,244.0,76.0
2014-06-11 00:00:00,,980.3,1.3,246.0,78.6
2014-06-11 03:00:00,,979.9,3.1,232.0,79.4
2014-06-11 06:00:00,-22.4,979.4,,,81.0
2014-06-11 09:00:00,-21.8,978.7,2.5,149.0,82.0
2014-06-11 12:00:00,-22.2,978.8,1.6,211.0,81.0
2014-06-11 15:00:00,-23.1,978.6,5.6,227.0,79.6
2014-06-11 18:00:00,-23.6,979.4,4.9,236.0,64.0
2014-06-11 21:00:00,-24.6,980.0,,328.0,59.6
2014-06-12 00:00:00,-26.8,980.6,5.1,219.0,60.0
2014-06-12 03:00:00,-26.7,980.7,2.3,210.0,53.1
2014-06-12 06:00:00,-25.9,981.7,5.3,231.0,56.0
2014-06-12 09:00:00,-25.8,983.1,3.8,200.0,52.0
2014-06-12 12:00:00,-26.4,983.3,2.3,248.0,53.0
2014-06-12 15:00:00,-25.7,983.9,2.9,168.0,50.0
2014-06-12 18:00:00,-27.4,984.5,0.0,253.0,59.8
2014-06-12 21:00:00,-26.4,984.2,3.3,217.0,61.0
2014-06-13 00:00:00,-26.0,984.5,3.5,207.0,56.0
2014-06-13 03:00:00,-26.5,985.2,4.4,230.0,52.6
2014-06-13 06:00:00,-25.5,986.2,1.2,196.0,40.0
2014-06-13 09:00:00,-28.0,986.8,1.5,219.0,53.0
2014-06-13 12:00:00,-29.2,987.2,2.9,227.0,53.0
2014-06-13 15:00:00,-30.6,987.2,0.0,119.0,48.0
2014-06-13 18:00:00,-31.3,987.5,,,50.8
2014-06-13 21:00:00,-29.6,988.2,0.2,180.0,64.0
2014-06-14 00:00:00,-29.0,988.9,,,66.0
2014-06-14 03:00:00,-28.7,989.1,,,65.0
2014-06-14 06:00:00,-29.6,989.9,,,71.0
2014-06-14 09:00:00,-29.9,990.1,,,72.0
2014-06-14 12:00:00,-29.8,989.7,1.2,200.0,73.0
2014-06-14 15:00:00,-31.2,988.7,,,71.0
2014-06-14 18:00:00,-30.5,986.4,2.3,219.0,68.0
2014-06-14 21:00:00,-31.9,984.3,1.7,211.0,69.3
2014-06-15 00:00:00,-30.9,981.3,1.0,195.0,68.1
2014-06-15 03:00:00,-32.8,978.4,,,70.0
2014-06-15 06:00:00,-32.3,976.6,0.4,192.0,66.8
2014-06-15 09:00:00,-32.4,976.3,,,69.0
2014-06-15 12:00:00,-34.0,976.1,0.5,211.0,66.8
2014-06-15 15:00:00,-32.8,975.9,1.6,233.0,64.0
2014-06-15 18:00:00,-31.1,975.5,1.6,195.0,67.2
2014-06-15 21:00:00,-29.7,975.2,1.7,246.0,68.0
2014-06-16 00:00:00,,976.9,2.3,14.0,65.0
2014-06-16 03:00:00,,979.5,1.5,350.0,63.6
2014-06-16 06:00:00,-20.8,981.2,4.9,146.0,67.0
2014-06-16 09:00:00,-21.0,983.0,4.0,139.0,64.0
2014-06-16 12:00:00,-18.4,985.6,,196.0,67.0
2014-06-16 15:00:00,-19.5,989.2,,194.0,54.8
2014-06-16 18:00:00,-19.4,993.1,16.6,196.0,53.0
2014-06-16 21:00:00,-18.4,994.6,14.2,197.0,43.8
2014-06-17 00:00:00,-21.5,997.0,,36.0,61.0
2014-06-17 03:00:00,-23.3,997.8,,206.0,72.4
2014-06-17 06:00:00,-23.3,997.8,1.3,80.0,76.0
2014-06-17 09:00:00,-22.9,995.9,2.1,228.0,76.0
2014-06-17 12:00:00,-22.1,993.9,0.9,74.0,67.0
2014-06-17 15:00:00,-19.9,993.9,3.9,48.0,61.0
2014-06-17 18:00:00,,994.6,,132.0,75.0
2014-06-17 21:00:00,-19.1,996.4,,236.0,79.0
2014-06-18 00:00:00,-19.5,998.2,,217.0,80.1
2014-06-18 03:00:00,-18.9,998.2,0.6,124.0,79.1
2014-06-18 06:00:00,-19.7,998.6,1.3,231.0,74.3
2014-06-18 09:00:00,-20.0,997.7,2.2,216.0,66.0
2014-06-18 12:00:00,-22.2,996.5,3.0,218.0,70.0
2014-06-18 15:00:00,-22.3,994.9,0.7,269.0,64.0
2014-06-18 18:00:00,-25.4,992.9,0.9,205.0,68.4
2014-06-18 21:00:00,,991.4,0.0,325.0,75.0
2014-06-19 00:00:00,-26.8,988.9,2.7,216.0,75.0
2014-06-19 03:00:00,-27.3,986.4,1.9,220.0,71.6
2014-06-19 06:00:00,-26.6,984.2,1.6,225.0,67.5
2014-06-19 09:00:00,-29.1,982.9,0.1,220.0,73.3
2014-06-19 12:00:00,-24.8,984.7,1.4,146.0,70.0
2014-06-19 15:00:00,-27.2,985.0,3.1,220.0,72.8
2014-06-19 18:00:00,-28.3,984.6,1.8,204.0,74.0
2014-06-19 21:00:00,-27.1,984.0,2.6,238.0,71.0
2014-06-20 00:00:00,-23.8,983.0,3.0,220.0,58.2
2014-06-20 03:00:00,-28.4,983.2,0.3,23.0,69.0
2014-06-20 06:00:00,-24.2,983.7,2.6,195.0,63.0
2014-06-20 09:00:00,-27.6,983.8,0.5,264.0,65.0
2014-06-20 12:00:00,-28.7,984.7,1.1,219.0,67.0
2014-06-20 15:00:00,-28.6,986.1,1.4,226.0,67.0
2014-06-20 18:00:00,-28.8,987.2,1.7,220.0,65.0
2014-06-20 21:00:00,-29.3,988.4,1.1,212.0,67.1
2014-06-21 00:00:00,-30.2,990.3,0.6,47.0,69.0
2014-06-21 03:00:00,-28.5,992.4,0.1,193.0,64.7
2014-06-21 06:00:00,-26.9,994.4,3.8,42.0,66.0
2014-06-21 09:00:00,-27.0,996.5,1.9,62.0,70.0
2014-06-21 12:00:00,-28.2,996.3,0.1,203.0,64.0
2014-06-21 15:00:00,-29.2,995.4,2.6,211.0,68.0
2014-06-21 18:00:00,-30.1,994.4,1.2,275.0,61.0
2014-06-21 21:00:00,-30.3,994.8,2.0,218.0,59.0
2014-06-22 00:00:00,-28.7,994.2,2.7,196.0,57.8
2014-06-22 03:00:00,-29.5,993.5,2.3,213.0,59.2
2014-06-22 06:00:00,-29.5,993.5,1.4,214.0,63.0
2014-06-22 09:00:00,-30.3,993.8,0.1,229.0,61.4
2014-06-22 12:00:00,-30.3,993.5,1.4,240.0,63.0
2014-06-22 15:00:00,-32.5,993.6,0.8,226.0,68.0
2014-06-22 18:00:00,-32.4,993.7,1.2,236.0,67.2
2014-06-22 21:00:00,-31.3,993.3,0.0,232.0,68.0
2014-06-23 00:00:00,-30.9,992.7,0.8,220.0,64.6
2014-06-23 03:00:00,-32.5,991.8,1.5,210.0,67.0
2014-06-23 06:00:00,-32.5,991.4,2.5,204.0,67.8
2014-06-23 09:00:00,-33.1,991.7,0.6,72.0,67.0
2014-06-23 12:00:00,-35.1,991.6,,,68.2
2014-06-23 15:00:00,-33.4,991.9,1.0,212.0,67.6
2014-06-23 18:00:00,-32.9,992.0,1.3,223.0,65.0
2014-06-23 21:00:00,-33.5,992.1,1.0,233.0,65.1
2014-06-24 00:00:00,-34.7,992.2,0.4,186.0,66.0
2014-06-24 03:00:00,-34.5,991.5,1.1,232.0,66.9
2014-06-24 06:00:00,-33.6,991.0,0.9,208.0,69.0
2014-06-24 09:00:00,-32.4,990.6,2.5,226.0,63.0
2014-06-24 12:00:00,-31.2,990.2,1.3,223.0,66.0
2014-06-24 15:00:00,-34.5,990.1,,,69.0
2014-06-24 18:00:00,-34.4,989.6,1.7,41.0,67.0
2014-06-24 21:00:00,-35.2,991.1,,,68.0
2014-06-25 00:00:00,-34.6,993.4,,,68.5
2014-06-25 03:00:00,-32.7,996.3,0.1,101.0,69.9
2014-06-25 06:00:00,-32.7,998.8,1.1,222.0,69.0
2014-06-25 09:00:00,-31.4,999.9,1.6,230.0,67.4
2014-06-25 12:00:00,-33.0,1000.6,3.3,224.0,68.0
2014-06-25 15:00:00,-32.0,1000.1,3.1,221.0,65.0
2014-06-25 18:00:00,-28.6,998.9,0.6,69.0,59.2
2014-06-25 21:00:00,-33.3,998.6,1.2,54.0,67.4
2014-06-26 00:00:00,,999.7,,,68.0
2014-06-26 03:00:00,-33.3,999.6,1.1,140.0,69.0
2014-06-26 06:00:00,-32.3,998.8,2.3,212.0,63.1
2014-06-26 09:00:00,-33.5,998.1,0.8,223.0,67.3
2014-06-26 12:00:00,-33.1,997.1,2.5,232.0,67.0
2014-06-26 15:00:00,-31.8,996.5,2.8,231.0,60.0
2014-06-26 18:00:00,,996.8,2.3,206.0,42.0
2014-06-26 21:00:00,-30.2,997.4,0.4,223.0,51.0
2014-06-27 00:00:00,-27.4,1000.4,0.6,133.0,64.0
2014-06-27 03:00:00,-27.8,1000.4,2.0,212.0,68.4
2014-06-27 06:00:00,-31.8,1000.4,2.5,222.0,68.0
2014-06-27 09:00:00,-30.1,1000.0,1.8,227.0,64.0
2014-06-27 12:00:00,-31.6,999.3,1.0,234.0,64.1
2014-06-27 15:00:00,-32.1,998.7,0.4,221.0,63.0
2014-06-27 18:00:00,-32.9,998.1,1.5,230.0,67.0
2014-06-27 21:00:00,-33.2,997.5,,,69.7
2014-06-28 00:00:00,-29.2,996.7,1.4,228.0,73.0
2014-06-28 03:00:00,-28.5,994.9,0.0,209.0,73.7
2014-06-28 06:00:00,-27.2,994.1,0.0,200.0,75.0
2014-06-28 09:00:00,-26.8,993.4,0.3,234.0,75.5
2014-06-28 12:00:00,-26.5,991.5,0.2,202.0,76.0
2014-06-28 15:00:00,-24.9,989.7,,,77.2
2014-06-28 18:00:00,-23.6,988.4,1.0,207.0,80.0
2014-06-28 21:00:00,-24.0,987.9,3.7,51.0,66.2
2014-06-29 00:00:00,-20.7,987.9,4.3,198.0,53.0
2014-06-29 03:00:00,-21.4,988.7,,239.0,58.0
2014-06-29 06:00:00,-24.5,993.6,,32.0,66.2
2014-06-29 09:00:00,-24.1,995.8,,119.0,57.7
2014-06-29 12:00:00,-26.3,996.6,0.0,150.0,67.0
2014-06-29 15:00:00,,996.5,,,70.3
2014-06-29 18:00:00,-27.9,995.6,0.1,334.0,75.0
2014-06-29 21:00:00,-29.3,996.0,0.4,158.0,73.0
2014-06-30 00:00:00,-28.0,996.5,0.1,166.0,72.4
2014-06-30 03:00:00,-27.7,997.2,0.5,221.0,73.5
2014-06-30 06:00:00,-29.2,997.3,0.8,224.0,74.0
2014-06-30 09:00:00,-29.3,997.2,1.7,233.0,72.0
2014-06-30 12:00:00,-28.1,996.9,1.5,229.0,73.2
2014-06-30 15:00:00,-27.8,997.0,0.3,221.0,74.0
2014-06-30 18:00:00,-27.4,997.3,,,74.0
2014-06-30 21:00:00,-26.8,997.6,0.6,320.0,72.9
2014-07-01 00:00:00,-26.4,998.3,4.7,218.0,67.0
2014-07-01 03:00:00,-26.2,999.3,1.7,316.0,63.5
2014-07-01 06:00:00,-26.7,1000.5,2.1,146.0,56.4
2014-07-01 09:00:00,-29.3,1001.7,0.1,148.0,58.3
2014-07-01 12:00:00,-28.3,1003.5,1.4,152.0,65.0
2014-07-01 15:00:00,-30.5,1005.0,1.4,207.0,63.0
2014-07-01 18:00:00,-31.4,1005.6,1.8,207.0,65.0
2014-07-01 21:00:00,-31.7,1005.4,1.6,228.0,66.0
2014-07-02 00:00:00,-31.1,1004.8,3.1,203.0,63.0
2014-07-02 03:00:00,-31.7,1004.2,0.8,217.0,61.0
2014-07-02 06:00:00,-29.2,1003.1,3.1,220.0,54.0
2014-07-02 09:00:00,-31.7,1001.9,2.8,228.0,63.0
2014-07-02 12:00:00,-31.9,1000.3,1.6,229.0,58.7
2014-07-02 15:00:00,-32.3,997.6,2.3,228.0,65.0
2014-07-02 18:00:00,-27.6,995.7,1.2,208.0,62.1
2014-07-02 21:00:00,-30.1,994.6,0.1,318.0,71.4
2014-07-03 00:00:00,-28.9,995.4,1.0,201.0,74.0
2014-07-03 03:00:00,-26.5,995.2,0.7,108.0,68.0
2014-07-03 06:00:00,-28.9,995.3,1.6,234.0,72.0
2014-07-03 09:00:00,-28.7,995.0,,,70.7
2014-07-03 12:00:00,-27.8,994.7,0.1,185.0,71.2
2014-07-03 15:00:00,-27.4,993.5,,,71.1
2014-07-03 18:00:00,-29.4,992.5,1.1,206.0,67.0
2014-07-03 21:00:00,-29.2,991.7,,,67.3
2014-07-04 00:00:00,-28.6,990.8,1.3,219.0,68.3
2014-07-04 03:00:00,-27.8,989.0,0.4,180.0,73.9
2014-07-04 06:00:00,-27.7,988.5,0.2,160.0,76.0
2014-07-04 09:00:00,-28.0,987.2,0.7,200.0,69.0
2014-07-04 12:00:00,-26.4,986.4,1.3,210.0,68.0
2014-07-04 15:00:00,-25.9,985.3,1.5,223.0,73.0
2014-07-04 18:00:00,-26.3,985.3,0.9,236.0,73.3
2014-07-04 21:00:00,-24.1,984.5,2.8,25.0,65.0
2014-07-05 00:00:00,-24.2,984.9,,54.0,65.0
2014-07-05 03:00:00,-25.9,986.4,,86.0,63.4
2014-07-05 06:00:00,-26.1,988.0,,141.0,65.2
2014-07-05 09:00:00,-28.2,988.8,0.3,169.0,65.0
2014-07-05 12:00:00,-26.5,990.1,1.2,135.0,70.1
2014-07-05 15:00:00,-30.5,990.3,1.1,235.0,69.0
2014-07-05 18:00:00,-31.1,990.3,0.0,243.0,71.0
2014-07-05 21:00:00,-31.9,990.3,0.4,193.0,71.3
2014-07-06 00:00:00,-31.7,990.3,0.8,217.0,71.0
2014-07-06 03:00:00,-31.3,990.4,1.1,219.0,68.0
2014-07-06 06:00:00,-33.3,990.1,0.2,287.0,67.0
2014-07-06 09:00:00,-34.8,989.6,,,70.0
2014-07-06 12:00:00,-32.9,988.8,0.7,228.0,69.0
2014-07-06 15:00:00,-34.8,988.3,0.0,231.0,68.0
2014-07-06 18:00:00,-36.3,988.0,,,68.2
2014-07-06 21:00:00,-35.9,987.3,,,67.0
2014-07-07 00:00:00,-32.9,985.1,2.2,210.0,68.7
2014-07-07 03:00:00,-32.9,983.4,1.4,221.0,69.0
2014-07-07 06:00:00,-33.0,981.9,1.1,174.0,67.8
2014-07-07 09:00:00,-33.4,979.3,1.8,209.0,70.0
2014-07-07 12:00:00,-33.8,977.3,0.1,37.0,70.0
2014-07-07 15:00:00,-32.5,975.4,0.2,123.0,70.0
2014-07-07 18:00:00,-31.3,976.4,0.1,127.0,69.0
2014-07-07 21:00:00,-31.7,975.5,1.5,226.0,67.0
2014-07-08 00:00:00,-31.6,974.9,0.1,142.0,66.0
2014-07-08 03:00:00,-32.2,973.9,0.1,254.0,65.7
2014-07-08 06:00:00,-31.5,973.8,2.2,244.0,68.0
2014-07-08 09:00:00,-31.3,974.0,1.9,210.0,65.7
2014-07-08 12:00:00,-28.3,972.6,1.7,146.0,76.0
2014-07-08 15:00:00,-31.3,970.1,1.8,230.0,71.0
2014-07-08 18:00:00,-28.7,966.8,3.9,224.0,71.0
2014-07-08 21:00:00,-28.6,965.3,1.8,1.0,73.1
2014-07-09 00:00:00,-29.9,968.0,0.0,294.0,71.0
2014-07-09 03:00:00,,975.1,,159.0,75.8
2014-07-09 06:00:00,-27.8,981.2,,248.0,74.0
2014-07-09 09:00:00,-26.9,983.9,1.6,228.0,75.8
2014-07-09 12:00:00,-26.0,985.0,2.4,234.0,74.2
2014-07-09 15:00:00,-27.3,985.4,0.4,225.0,71.0
2014-07-09 18:00:00,-25.7,981.0,2.0,50.0,75.0
2014-07-09 21:00:00,-25.2,975.5,1.9,239.0,75.0
2014-07-10 00:00:00,-23.2,974.2,0.9,105.0,75.8
2014-07-10 03:00:00,-23.9,979.2,1.6,156.0,75.2
2014-07-10 06:00:00,-25.7,982.3,1.4,184.0,67.0
2014-07-10 09:00:00,-25.7,983.7,0.1,170.0,75.0
2014-07-10 12:00:00,-29.6,983.1,1.1,223.0,73.4
2014-07-10 15:00:00,-28.1,982.0,0.4,204.0,73.0
2014-07-10 18:00:00,-27.7,980.8,0.0,261.0,76.0
2014-07-10 21:00:00,-28.6,979.6,0.5,232.0,75.0
2014-07-11 00:00:00,-29.0,979.3,0.3,229.0,74.0
2014-07-11 03:00:00,-30.7,979.1,2.0,232.0,73.0
2014-07-11 06:00:00,-29.0,977.8,,,72.6
2014-07-11 09:00:00,-27.6,976.4,2.7,209.0,73.0
2014-07-11 12:00:00,-25.9,974.7,,,74.5
2014-07-11 15:00:00,-23.6,975.2,0.9,197.0,77.7
2014-07-11 18:00:00,-23.7,977.8,0.3,222.0,78.3
2014-07-11 21:00:00,-24.4,980.2,1.5,61.0,74.0
2014-07-12 00:00:00,-25.0,983.5,5.2,249.0,70.0
2014-07-12 03:00:00,-24.8,986.4,3.2,126.0,62.0
2014-07-12 06:00:00,-26.4,989.2,5.8,136.0,62.2
2014-07-12 09:00:00,-27.9,990.5,,181.0,62.0
2014-07-12 12:00:00,-28.0,990.3,,145.0,68.0
2014-07-12 15:00:00,-29.4,989.5,0.4,174.0,66.0
2014-07-12 18:00:00,-30.7,988.8,0.8,292.0,70.0
2014-07-12 21:00:00,-33.2,988.2,0.3,236.0,69.6
2014-07-13 00:00:00,-33.1,988.0,1.8,239.0,70.0
2014-07-13 03:00:00,-33.2,987.2,0.2,223.0,69.1
2014-07-13 06:00:00,-31.9,987.0,1.3,224.0,69.0
2014-07-13 09:00:00,-33.1,987.1,0.0,227.0,67.0
2014-07-13 12:00:00,-33.9,987.9,0.2,264.0,66.0
2014-07-13 15:00:00,-31.2,988.7,2.2,213.0,69.8
2014-07-13 18:00:00,-30.4,989.2,,,64.0
2014-07-13 21:00:00,-31.3,989.0,0.0,250.0,60.0
2014-07-14 00:00:00,-28.5,988.8,4.6,144.0,54.5
2014-07-14 03:00:00,-29.0,988.5,1.3,97.0,57.1
2014-07-14 06:00:00,-29.6,988.1,2.4,104.0,56.0
2014-07-14 09:00:00,-29.6,987.2,2.9,60.0,64.5
2014-07-14 12:00:00,-29.7,987.0,1.5,96.0,61.8
2014-07-14 15:00:00,-30.3,986.8,3.4,33.0,59.0
2014-07-14 18:00:00,-30.7,987.3,2.7,55.0,55.3
2014-07-14 21:00:00,-31.7,987.1,1.1,85.0,56.0
2014-07-15 00:00:00,-29.5,988.0,,218.0,60.0
2014-07-15 03:00:00,-30.5,988.9,1.6,65.0,55.4
2014-07-15 06:00:00,-31.9,989.7,,268.0,60.6
2014-07-15 09:00:00,-28.9,990.0,2.2,233.0,44.0
2014-07-15 12:00:00,-30.4,992.1,0.8,248.0,48.2
2014-07-15 15:00:00,-32.8,993.1,2.5,42.0,52.0
2014-07-15 18:00:00,-32.8,992.2,1.8,231.0,56.0
2014-07-15 21:00:00,-30.5,991.2,1.5,235.0,43.1
2014-07-16 00:00:00,-33.6,989.7,0.7,281.0,59.0
2014-07-16 03:00:00,-33.2,988.4,,,55.5
2014-07-16 06:00:00,-35.4,987.8,0.9,57.0,61.0
2014-07-16 09:00:00,-34.5,987.4,1.5,224.0,55.9
2014-07-16 12:00:00,-33.6,986.4,0.1,21.0,60.0
2014-07-16 15:00:00,-36.1,985.8,,,63.0
2014-07-16 18:00:00,-38.2,985.7,,,64.0
2014-07-16 21:00:00,-34.9,987.0,1.3,229.0,72.0
2014-07-17 00:00:00,-34.4,989.7,,,63.5
2014-07-17 03:00:00,-33.1,991.5,1.0,229.0,65.9
2014-07-17 06:00:00,-32.2,992.7,1.6,209.0,68.9
2014-07-17 09:00:00,-34.4,993.0,,,68.0
2014-07-17 12:00:00,-33.2,993.0,0.9,205.0,70.0
2014-07-17 15:00:00,-36.7,993.7,0.1,265.0,65.8
2014-07-17 18:00:00,-34.8,994.2,1.9,225.0,67.0
2014-07-17 21:00:00,-33.3,994.9,1.3,201.0,65.3
2014-07-18 00:00:00,-32.7,994.4,2.8,218.0,61.0
2014-07-18 03:00:00,-32.8,993.3,1.6,246.0,55.2
2014-07-18 06:00:00,-33.7,994.1,1.7,212.0,57.0
2014-07-18 09:00:00,-33.5,993.4,1.6,227.0,53.0
2014-07-18 12:00:00,-33.0,992.7,1.8,226.0,54.0
2014-07-18 15:00:00,-33.9,991.9,,,51.8
2014-07-18 18:00:00,-33.1,990.8,1.7,225.0,53.4
2014-07-18 21:00:00,-33.8,989.5,,,56.0
2014-07-19 00:00:00,-34.7,987.9,2.0,241.0,53.1
2014-07-19 03:00:00,-36.1,986.6,,,59.9
2014-07-19 06:00:00,-36.8,987.0,,,63.0
2014-07-19 09:00:00,-35.8,987.4,1.7,220.0,64.0
2014-07-19 12:00:00,-35.0,986.3,1.4,240.0,61.8
2014-07-19 15:00:00,-33.1,985.0,1.9,228.0,59.0
2014-07-19 18:00:00,-33.7,983.9,1.1,208.0,57.0
2014-07-19 21:00:00,-35.9,983.5,,,55.5
2014-07-20 00:00:00,-35.6,982.4,1.0,233.0,61.3
2014-07-20 03:00:00,-35.9,981.0,0.9,227.0,61.0
2014-07-20 06:00:00,-32.3,980.3,1.5,211.0,50.3
2014-07-20 09:00:00,-32.2,980.5,2.2,241.0,53.0
2014-07-20 12:00:00,-27.6,981.0,0.3,360.0,44.2
2014-07-20 15:00:00,,983.4,,220.0,66.0
2014-07-20 18:00:00,,983.9,,227.0,61.0
2014-07-20 21:00:00,-17.6,982.7,7.1,241.0,40.3
2014-07-21 00:00:00,,981.6,10.2,204.0,33.0
2014-07-21 03:00:00,,979.7,8.7,202.0,27.0
2014-07-21 06:00:00,-12.5,980.5,,217.0,81.3
2014-07-21 09:00:00,-11.1,980.2,,205.0,65.6
2014-07-21 12:00:00,-10.7,980.0,,202.0,72.0
2014-07-21 15:00:00,-11.0,982.5,,215.0,85.0
2014-07-21 18:00:00,-12.2,984.7,,198.0,69.0
2014-07-21 21:00:00,-12.6,987.2,20.7,199.0,66.0
2014-07-22 00:00:00,-14.0,992.6,,200.0,64.9
2014-07-22 03:00:00,-13.1,994.6,16.8,196.0,47.0
2014-07-22 06:00:00,-12.9,995.6,,196.0,52.0
2014-07-22 09:00:00,-13.2,995.9,,205.0,62.0
2014-07-22 12:00:00,-10.4,994.9,,192.0,44.0
2014-07-22 15:00:00,-9.6,993.4,8.8,185.0,34.5
2014-07-22 18:00:00,-9.4,992.1,,193.0,34.0
2014-07-22 21:00:00,-8.3,991.4,,192.0,27.0
2014-07-23 00:00:00,-8.1,989.9,,194.0,26.0
2014-07-23 03:00:00,-10.5,992.3,,196.0,41.8
2014-07-23 06:00:00,,995.3,,195.0,40.0
2014-07-23 09:00:00,-14.4,995.3,,197.0,44.0
2014-07-23 12:00:00,-13.5,994.2,,186.0,33.0
2014-07-23 15:00:00,-16.8,992.3,7.7,53.0,53.0
2014-07-23 18:00:00,,993.2,3.1,231.0,71.3
2014-07-23 21:00:00,,993.5,,94.0,73.0
2014-07-24 00:00:00,-19.8,992.9,0.9,129.0,65.0
2014-07-24 03:00:00,-20.0,992.1,3.0,140.0,56.4
2014-07-24 06:00:00,-22.4,990.4,1.9,198.0,62.0
2014-07-24 09:00:00,,988.4,0.0,212.0,73.0
2014-07-24 12:00:00,,985.4,0.0,188.0,71.0
2014-07-24 15:00:00,-27.9,983.2,,,73.0
2014-07-24 18:00:00,-24.3,981.1,0.8,167.0,79.2
2014-07-24 21:00:00,-25.0,980.6,0.9,136.0,78.8
2014-07-25 00:00:00,-25.2,980.7,0.4,268.0,75.0
2014-07-25 03:00:00,-27.5,980.8,2.4,220.0,75.0
2014-07-25 06:00:00,-27.8,981.7,0.7,31.0,74.5
2014-07-25 09:00:00,-29.4,984.9,0.3,141.0,72.8
2014-07-25 12:00:00,-28.0,988.4,,,73.0
2014-07-25 15:00:00,-29.6,991.3,1.3,223.0,71.7
2014-07-25 18:00:00,-29.5,993.4,1.7,224.0,73.0
2014-07-25 21:00:00,-29.6,996.3,2.1,220.0,74.0
2014-07-26 00:00:00,-29.6,998.9,0.4,208.0,75.3
2014-07-26 03:00:00,-31.1,1001.5,,,72.1
2014-07-26 06:00:00,-29.5,1002.7,0.7,209.0,74.0
2014-07-26 09:00:00,-29.3,1005.0,,,71.0
2014-07-26 12:00:00,-27.4,1005.9,,,76.0
2014-07-26 15:00:00,-30.0,1006.3,0.3,219.0,73.8
2014-07-26 18:00:00,-30.0,1004.5,1.5,226.0,72.3
2014-07-26 21:00:00,-26.4,1003.6,0.6,193.0,78.0
2014-07-27 00:00:00,-27.9,1001.4,,,75.0
2014-07-27 03:00:00,-26.6,999.6,0.8,229.0,76.4
2014-07-27 06:00:00,-25.0,997.6,1.7,239.0,77.0
2014-07-27 09:00:00,-25.4,995.3,0.8,205.0,77.0
2014-07-27 12:00:00,-25.7,993.4,,,77.4
2014-07-27 15:00:00,-26.5,990.8,,,77.2
2014-07-27 18:00:00,-27.1,989.1,1.2,76.0,76.0
2014-07-27 21:00:00,-28.5,988.7,0.1,195.0,74.9
2014-07-28 00:00:00,-26.5,988.8,,,76.0
2014-07-28 03:00:00,-25.4,990.7,0.1,280.0,77.0
2014-07-28 06:00:00,-26.4,992.4,,,77.4
2014-07-28 09:00:00,-25.6,994.6,1.0,196.0,76.0
2014-07-28 12:00:00,-23.4,996.8,0.8,134.0,72.0
2014-07-28 15:00:00,-24.0,998.5,0.2,83.0,68.0
2014-07-28 18:00:00,-23.6,1000.1,2.3,57.0,62.8
2014-07-28 21:00:00,-23.2,1002.0,0.2,77.0,65.0
2014-07-29 00:00:00,-23.8,1002.7,0.0,280.0,70.0
2014-07-29 03:00:00,-23.2,1002.9,3.0,46.0,63.8
2014-07-29 06:00:00,-23.2,1003.2,,129.0,65.0
2014-07-29 09:00:00,-22.7,1003.3,1.0,53.0,65.0
2014-07-29 12:00:00,-23.4,1004.1,3.6,96.0,64.0
2014-07-29 15:00:00,-24.2,1004.6,1.4,90.0,66.1
2014-07-29 18:00:00,-24.2,1004.0,1.2,36.0,73.4
2014-07-29 21:00:00,-24.5,1005.0,0.2,352.0,72.0
2014-07-30 00:00:00,-24.0,1004.6,0.0,86.0,67.0
2014-07-30 03:00:00,-24.0,1004.5,,,61.0
2014-07-30 06:00:00,-24.1,1004.9,0.6,131.0,62.0
2014-07-30 09:00:00,-24.3,1005.1,0.0,64.0,71.4
2014-07-30 12:00:00,-24.3,1005.0,,,76.0
2014-07-30 15:00:00,-24.4,1004.6,0.9,320.0,75.5
2014-07-30 18:00:00,-23.6,1004.1,3.9,149.0,76.0
2014-07-30 21:00:00,-23.6,1003.1,,136.0,66.0
2014-07-31 00:00:00,-23.1,1001.6,8.4,127.0,72.9
2014-07-31 03:00:00,-22.1,1000.3,,152.0,71.0
2014-07-31 06:00:00,-21.7,997.7,5.7,202.0,78.0
2014-07-31 09:00:00,-22.1,993.9,,128.0,77.0
2014-07-31 12:00:00,-22.0,993.6,10.1,132.0,76.0
2014-07-31 15:00:00,-22.0,994.8,,203.0,78.0
2014-07-31 18:00:00,-23.0,994.4,,185.0,74.2
2014-07-31 21:00:00,-22.6,993.5,,204.0,72.4
2014-08-01 00:00:00,-22.2,994.7,16.2,212.0,81.0
2014-08-01 03:00:00,-23.8,994.0,14.3,226.0,80.1
2014-08-01 06:00:00,-23.1,994.0,,230.0,79.0
2014-08-01 09:00:00,-22.2,994.9,19.1,217.0,76.0
2014-08-01 12:00:00,-22.9,995.6,16.8,218.0,73.0
2014-08-01 15:00:00,-19.6,995.1,,205.0,54.0
2014-08-01 18:00:00,-22.4,995.0,,71.0,53.0
2014-08-01 21:00:00,-22.9,995.1,5.6,226.0,54.5
2014-08-02 00:00:00,-25.2,994.1,,152.0,60.1
2014-08-02 03:00:00,-27.5,991.9,,138.0,66.4
2014-08-02 06:00:00,-27.5,989.4,0.1,283.0,66.3
2014-08-02 09:00:00,-26.2,985.5,0.6,232.0,66.0
2014-08-02 12:00:00,-27.8,982.2,0.1,78.0,70.0
2014-08-02 15:00:00,-28.5,978.0,,,71.6
2014-08-02 18:00:00,-31.8,974.8,,,71.0
2014-08-02 21:00:00,-32.3,971.5,1.3,31.0,69.0
2014-08-03 00:00:00,-32.1,968.9,,,70.0
2014-08-03 03:00:00,-31.3,966.2,,,72.3
2014-08-03 06:00:00,-28.7,966.1,,,74.0
2014-08-03 09:00:00,-29.5,966.5,0.6,192.0,72.0
2014-08-03 12:00:00,-27.8,967.2,2.6,229.0,74.0
2014-08-03 15:00:00,-28.5,968.6,2.1,169.0,55.6
2014-08-03 18:00:00,-29.4,969.6,0.1,95.0,56.0
2014-08-03 21:00:00,-28.0,969.8,1.2,58.0,54.6
2014-08-04 00:00:00,-27.4,969.4,0.4,71.0,50.0
2014-08-04 03:00:00,-26.7,968.6,2.5,70.0,59.9
2014-08-04 06:00:00,-26.5,968.1,2.4,64.0,66.0
2014-08-04 09:00:00,-26.0,968.2,0.4,86.0,64.0
2014-08-04 12:00:00,-24.5,968.9,2.3,53.0,56.0
2014-08-04 15:00:00,-22.2,969.5,4.0,235.0,48.3
2014-08-04 18:00:00,-22.4,969.9,6.8,206.0,50.0
2014-08-04 21:00:00,-22.8,970.2,,232.0,64.0
2014-08-05 00:00:00,-22.5,971.2,,45.0,57.0
2014-08-05 03:00:00,-20.1,971.4,,212.0,45.0
2014-08-05 06:00:00,-19.1,973.3,,211.0,40.0
2014-08-05 09:00:00,-18.2,974.7,9.5,194.0,42.0
2014-08-05 12:00:00,-22.0,977.1,12.2,248.0,64.0
2014-08-05 15:00:00,-21.9,979.1,13.4,235.0,55.0
2014-08-05 18:00:00,-18.3,980.6,12.9,221.0,37.8
2014-08-05 21:00:00,-18.2,981.7,12.0,205.0,35.0
2014-08-06 00:00:00,-21.8,982.0,,232.0,50.0
2014-08-06 03:00:00,-21.4,979.9,11.7,238.0,42.4
2014-08-06 06:00:00,-21.7,979.3,7.5,233.0,39.6
2014-08-06 09:00:00,-22.1,978.1,,236.0,44.0
2014-08-06 12:00:00,-21.0,976.8,3.4,223.0,41.0
2014-08-06 15:00:00,-22.1,976.0,1.7,220.0,37.0
2014-08-06 18:00:00,-21.0,974.7,4.9,248.0,39.0
2014-08-06 21:00:00,-20.1,973.9,6.1,237.0,39.9
2014-08-07 00:00:00,-19.8,972.7,6.3,236.0,43.3
2014-08-07 03:00:00,-17.5,972.1,6.6,241.0,44.0
2014-08-07 06:00:00,-15.8,971.7,8.5,226.0,38.0
2014-08-07 09:00:00,-13.0,972.3,,204.0,42.0
2014-08-07 12:00:00,-13.8,972.8,,205.0,53.1
2014-08-07 15:00:00,-14.0,973.8,11.0,219.0,54.0
2014-08-07 18:00:00,-13.3,973.3,13.7,201.0,43.0
2014-08-07 21:00:00,-13.3,975.6,14.3,202.0,58.0
2014-08-08 00:00:00,-12.3,975.0,11.5,202.0,33.6
2014-08-08 03:00:00,-12.1,975.9,12.6,196.0,39.0
2014-08-08 06:00:00,-12.6,975.4,,230.0,35.5
2014-08-08 09:00:00,-15.7,975.7,,234.0,47.0
2014-08-08 12:00:00,,975.8,,237.0,53.0
2014-08-08 15:00:00,-19.3,974.8,3.4,237.0,59.8
2014-08-08 18:00:00,-20.4,974.0,0.9,230.0,56.0
2014-08-08 21:00:00,-17.3,974.7,2.3,112.0,45.0
2014-08-09 00:00:00,-20.2,976.9,0.2,203.0,60.0
2014-08-09 03:00:00,-20.6,976.7,2.3,224.0,62.2
2014-08-09 06:00:00,-20.9,977.5,0.9,55.0,61.0
2014-08-09 09:00:00,-23.1,979.7,0.0,242.0,62.2
2014-08-09 12:00:00,-24.0,980.6,,,69.0
2014-08-09 15:00:00,-24.7,981.1,1.7,194.0,52.0
2014-08-09 18:00:00,-21.0,981.5,1.6,201.0,55.4
2014-08-09 21:00:00,-25.6,981.8,0.3,228.0,70.0
2014-08-10 00:00:00,,982.6,,,69.2
2014-08-10 03:00:00,-25.3,982.7,0.8,220.0,78.0
2014-08-10 06:00:00,-26.4,982.6,1.8,229.0,74.0
2014-08-10 09:00:00,-27.3,982.6,0.3,133.0,77.0
2014-08-10 12:00:00,-25.6,981.9,,,72.4
2014-08-10 15:00:00,-28.1,981.4,0.8,48.0,78.0
2014-08-10 18:00:00,-30.5,980.8,0.2,216.0,72.3
2014-08-10 21:00:00,-28.1,981.2,0.7,214.0,76.3
2014-08-11 00:00:00,-27.1,981.3,1.8,191.0,76.0
2014-08-11 03:00:00,-27.8,980.5,1.8,227.0,75.2
2014-08-11 06:00:00,-24.8,980.4,0.2,227.0,82.0
2014-08-11 09:00:00,,980.2,3.2,71.0,80.0
2014-08-11 12:00:00,-20.5,981.4,0.9,57.0,81.0
2014-08-11 15:00:00,-20.3,982.1,0.1,135.0,82.2
2014-08-11 18:00:00,-22.7,982.3,0.0,236.0,81.0
2014-08-11 21:00:00,-24.9,981.9,2.1,230.0,77.0
2014-08-12 00:00:00,-23.6,981.8,2.0,230.0,70.7
2014-08-12 03:00:00,-26.1,982.0,1.1,235.0,73.8
2014-08-12 06:00:00,-27.0,982.1,0.4,251.0,73.8
2014-08-12 09:00:00,-24.6,982.2,1.5,214.0,72.0
2014-08-12 12:00:00,-27.6,982.5,,,71.9
2014-08-12 15:00:00,-27.1,982.0,,,75.0
2014-08-12 18:00:00,,981.0,0.7,217.0,83.0
2014-08-12 21:00:00,-22.6,980.1,1.7,223.0,80.0
2014-08-13 00:00:00,-21.4,979.2,1.5,250.0,80.2
2014-08-13 03:00:00,-20.1,979.1,2.4,192.0,80.0
2014-08-13 06:00:00,-19.3,979.5,2.6,14.0,78.0
2014-08-13 09:00:00,-18.3,980.2,,227.0,64.0
2014-08-13 12:00:00,-18.5,981.6,,220.0,63.0
2014-08-13 15:00:00,-18.5,982.5,,235.0,55.4
2014-08-13 18:00:00,-17.9,984.2,13.6,228.0,57.0
2014-08-13 21:00:00,-18.7,986.3,,221.0,56.9
2014-08-14 00:00:00,-19.3,987.2,,227.0,51.5
2014-08-14 03:00:00,-19.3,987.1,,226.0,49.9
2014-08-14 06:00:00,-19.2,987.5,,190.0,52.0
2014-08-14 09:00:00,-19.1,986.2,,222.0,49.9
2014-08-14 12:00:00,-17.4,985.5,,208.0,51.0
2014-08-14 15:00:00,-17.9,985.2,16.9,206.0,54.0
2014-08-14 18:00:00,-16.9,982.8,17.1,204.0,40.6
2014-08-14 21:00:00,-18.4,983.0,,201.0,53.0
2014-08-15 00:00:00,-18.2,982.2,17.6,207.0,50.1
2014-08-15 03:00:00,-19.1,982.1,,214.0,54.8
2014-08-15 06:00:00,-19.3,980.2,,157.0,48.7
2014-08-15 09:00:00,-20.7,978.4,,101.0,66.0
2014-08-15 12:00:00,-21.9,975.7,3.5,105.0,63.1
2014-08-15 15:00:00,-22.9,973.6,2.1,68.0,56.0
2014-08-15 18:00:00,-23.8,971.5,1.0,126.0,53.2
2014-08-15 21:00:00,-26.3,969.0,0.0,188.0,68.0
2014-08-16 00:00:00,-26.8,967.0,0.6,228.0,67.0
2014-08-16 03:00:00,-25.8,965.2,1.0,236.0,63.0
2014-08-16 06:00:00,-27.3,963.7,1.7,243.0,66.1
2014-08-16 09:00:00,-25.4,961.2,3.0,250.0,53.0
2014-08-16 12:00:00,-27.9,959.6,2.3,50.0,60.0
2014-08-16 15:00:00,-28.7,959.1,0.3,231.0,68.8
2014-08-16 18:00:00,-29.5,960.1,2.1,206.0,72.5
2014-08-16 21:00:00,-28.6,961.8,0.0,119.0,71.0
2014-08-17 00:00:00,-29.5,962.6,0.7,227.0,71.4
2014-08-17 03:00:00,-28.0,963.2,,,76.0
2014-08-17 06:00:00,-29.0,963.2,0.0,203.0,75.0
2014-08-17 09:00:00,-29.2,962.4,0.8,226.0,75.5
2014-08-17 12:00:00,-29.0,961.9,1.4,254.0,73.0
2014-08-17 15:00:00,-28.7,961.6,0.2,208.0,74.0
2014-08-17 18:00:00,-28.3,961.1,0.8,222.0,77.0
2014-08-17 21:00:00,-26.7,961.1,1.4,211.0,75.0
2014-08-18 00:00:00,-27.4,961.7,0.7,238.0,63.0
2014-08-18 03:00:00,-27.5,962.4,0.1,118.0,69.9
2014-08-18 06:00:00,-26.4,962.5,0.9,240.0,66.0
2014-08-18 09:00:00,-26.8,962.4,1.7,233.0,67.5
2014-08-18 12:00:00,-28.0,961.0,0.7,203.0,65.5
2014-08-18 15:00:00,-30.2,959.6,,,69.0
2014-08-18 18:00:00,-27.5,958.4,,,71.0
2014-08-18 21:00:00,-26.0,958.7,1.3,229.0,75.5
2014-08-19 00:00:00,,958.2,0.8,30.0,74.0
2014-08-19 03:00:00,,959.9,,225.0,81.8
2014-08-19 06:00:00,-20.9,961.7,,205.0,82.0
2014-08-19 09:00:00,-20.0,964.5,15.6,219.0,80.3
2014-08-19 12:00:00,-19.6,967.1,19.7,203.0,77.4
2014-08-19 15:00:00,-19.8,968.5,20.0,209.0,70.0
2014-08-19 18:00:00,-19.5,969.9,16.2,217.0,57.5
2014-08-19 21:00:00,-19.2,971.0,,218.0,52.0
2014-08-20 00:00:00,-19.5,971.9,11.8,206.0,55.4
2014-08-20 03:00:00,-18.9,971.5,,205.0,51.3
2014-08-20 06:00:00,-18.9,973.1,14.4,211.0,49.0
2014-08-20 09:00:00,-18.8,973.2,16.7,206.0,44.0
2014-08-20 12:00:00,-18.3,974.4,14.0,199.0,36.9
2014-08-20 15:00:00,-17.2,973.4,14.5,190.0,26.8
2014-08-20 18:00:00,-15.8,973.4,9.6,197.0,23.0
2014-08-20 21:00:00,-19.5,974.2,,255.0,33.2
2014-08-21 00:00:00,-19.3,975.3,,164.0,32.0
2014-08-21 03:00:00,-18.8,975.1,2.5,191.0,29.0
2014-08-21 06:00:00,-19.1,976.0,3.2,218.0,33.7
2014-08-21 09:00:00,-19.4,976.9,2.4,187.0,34.0
2014-08-21 12:00:00,-21.2,979.0,0.5,247.0,54.0
2014-08-21 15:00:00,-22.3,980.1,1.0,194.0,51.9
2014-08-21 18:00:00,-21.8,982.3,0.4,331.0,47.0
2014-08-21 21:00:00,-24.1,983.9,0.7,38.0,55.0
2014-08-22 00:00:00,-24.9,985.7,0.1,70.0,61.0
2014-08-22 03:00:00,-21.2,986.6,0.1,130.0,52.1
2014-08-22 06:00:00,-23.0,986.3,2.9,201.0,56.0
2014-08-22 09:00:00,,984.6,1.9,202.0,66.0
2014-08-22 12:00:00,-27.3,982.7,,,66.0
2014-08-22 15:00:00,-29.6,981.6,0.2,253.0,71.0
2014-08-22 18:00:00,-28.8,980.2,2.3,246.0,69.7
2014-08-22 21:00:00,-25.4,979.7,0.8,34.0,55.4
2014-08-23 00:00:00,,979.8,4.8,51.0,39.0
2014-08-23 03:00:00,-21.8,981.8,,,42.3
2014-08-23 06:00:00,-23.4,981.6,3.3,236.0,52.0
2014-08-23 09:00:00,-26.1,979.1,1.6,220.0,64.7
2014-08-23 12:00:00,-25.6,977.2,1.2,216.0,58.0
2014-08-23 15:00:00,-26.8,976.5,0.0,217.0,58.1
2014-08-23 18:00:00,-27.7,976.9,0.8,183.0,66.0
2014-08-23 21:00:00,-26.8,977.2,0.9,214.0,71.0
2014-08-24 00:00:00,-28.0,977.8,3.1,212.0,72.4
2014-08-24 03:00:00,-24.9,977.1,1.1,223.0,76.9
2014-08-24 06:00:00,-26.1,977.1,1.2,217.0,75.6
2014-08-24 09:00:00,-26.1,977.3,1.6,228.0,76.0
2014-08-24 12:00:00,-25.6,978.2,3.0,34.0,68.4
2014-08-24 15:00:00,-23.9,979.6,1.5,24.0,57.0
2014-08-24 18:00:00,-25.4,981.5,0.6,120.0,65.5
2014-08-24 21:00:00,-24.6,981.5,0.2,103.0,51.8
2014-08-25 00:00:00,-22.2,982.3,4.3,225.0,47.0
2014-08-25 03:00:00,-20.7,985.3,,228.0,75.8
2014-08-25 06:00:00,-18.9,986.6,,218.0,64.2
2014-08-25 09:00:00,-17.7,984.5,,191.0,43.2
2014-08-25 12:00:00,-17.1,982.6,10.2,197.0,31.0
2014-08-25 15:00:00,-18.1,983.2,,198.0,51.0
2014-08-25 18:00:00,-19.2,983.9,,207.0,56.0
2014-08-25 21:00:00,-19.4,985.7,18.2,200.0,48.8
2014-08-26 00:00:00,-18.5,985.3,16.3,213.0,49.3
2014-08-26 03:00:00,-18.1,986.7,18.0,198.0,55.0
2014-08-26 06:00:00,-17.0,986.6,15.5,198.0,44.0
2014-08-26 09:00:00,-16.9,987.6,13.9,195.0,40.8
2014-08-26 12:00:00,-15.8,988.1,14.7,195.0,23.0
2014-08-26 15:00:00,-15.1,989.7,12.7,194.0,22.0
2014-08-26 18:00:00,-15.0,990.7,13.5,197.0,33.0
2014-08-26 21:00:00,-15.1,991.5,11.1,196.0,33.0
2014-08-27 00:00:00,-16.6,991.3,,140.0,52.7
2014-08-27 03:00:00,-17.3,990.4,,202.0,49.5
2014-08-27 06:00:00,-15.9,990.7,,230.0,40.6
2014-08-27 09:00:00,-17.9,991.2,,233.0,53.0
2014-08-27 12:00:00,-18.2,988.1,8.8,253.0,52.9
2014-08-27 15:00:00,-19.3,985.9,8.3,225.0,53.0
2014-08-27 18:00:00,-19.0,981.7,4.0,214.0,49.0
2014-08-27 21:00:00,-21.7,977.7,,322.0,55.0
2014-08-28 00:00:00,-20.1,976.1,1.5,232.0,52.0
2014-08-28 03:00:00,,978.9,,191.0,27.5
2014-08-28 06:00:00,,986.2,,192.0,51.0
2014-08-28 09:00:00,-15.7,991.6,,203.0,47.0
2014-08-28 12:00:00,-14.6,993.4,12.0,192.0,32.0
2014-08-28 15:00:00,-16.2,995.0,,236.0,37.4
2014-08-28 18:00:00,-13.5,995.8,11.7,202.0,20.4
2014-08-28 21:00:00,-16.8,996.5,,230.0,40.0
2014-08-29 00:00:00,-16.3,997.7,,233.0,26.8
2014-08-29 03:00:00,-16.6,998.9,2.4,234.0,34.0
2014-08-29 06:00:00,-16.5,1000.2,2.1,56.0,27.6
2014-08-29 09:00:00,-17.9,1000.3,0.9,131.0,44.0
2014-08-29 12:00:00,-20.9,998.9,0.5,254.0,56.0
2014-08-29 15:00:00,-20.9,997.3,1.1,207.0,57.0
2014-08-29 18:00:00,-22.4,995.1,1.5,235.0,68.3
2014-08-29 21:00:00,-22.9,992.6,0.2,264.0,69.8
2014-08-30 00:00:00,-20.9,990.5,2.8,237.0,54.2
2014-08-30 03:00:00,-18.8,987.8,4.1,229.0,42.2
2014-08-30 06:00:00,-19.3,985.3,2.5,192.0,45.1
2014-08-30 09:00:00,-20.1,981.4,0.8,202.0,47.0
2014-08-30 12:00:00,-16.8,978.5,0.7,219.0,39.7
2014-08-30 15:00:00,,977.9,,197.0,68.0
2014-08-30 18:00:00,-13.6,978.4,,195.0,63.0
2014-08-30 21:00:00,-13.6,978.4,13.3,210.0,83.0
2014-08-31 00:00:00,-14.1,978.4,11.3,221.0,88.6
2014-08-31 03:00:00,-12.4,978.9,15.1,212.0,90.1
2014-08-31 06:00:00,-12.1,980.1,12.6,203.0,83.0
2014-08-31 09:00:00,-11.7,980.6,12.5,206.0,83.0
2014-08-31 12:00:00,-11.8,982.4,15.0,206.0,87.0
2014-08-31 15:00:00,-12.0,984.3,,203.0,85.7
2014-08-31 18:00:00,-11.5,987.7,,205.0,82.0
2014-08-31 21:00:00,-11.1,990.2,,208.0,81.0
2014-09-01 00:00:00,-11.5,992.2,,216.0,72.7
2014-09-01 03:00:00,-10.5,993.8,,198.0,54.0
2014-09-01 06:00:00,-11.4,995.0,,58.0,56.7
2014-09-01 09:00:00,-11.4,995.0,,29.0,65.0
2014-09-01 12:00:00,-12.9,994.6,3.3,228.0,66.0
2014-09-01 15:00:00,-12.0,994.3,,143.0,64.7
2014-09-01 18:00:00,,994.6,,237.0,79.0
2014-09-01 21:00:00,-16.0,995.8,1.4,245.0,82.0
2014-09-02 00:00:00,-16.1,996.5,1.7,238.0,75.0
2014-09-02 03:00:00,-16.6,996.1,2.3,233.0,79.3
2014-09-02 06:00:00,-17.2,994.8,1.1,197.0,78.8
2014-09-02 09:00:00,-16.7,993.5,0.2,104.0,69.0
2014-09-02 12:00:00,-17.5,991.1,1.0,194.0,70.0
2014-09-02 15:00:00,-18.9,987.9,2.1,218.0,79.0
2014-09-02 18:00:00,-18.0,985.7,0.7,194.0,79.5
2014-09-02 21:00:00,-17.9,984.2,,134.0,73.0
2014-09-03 00:00:00,-18.5,984.3,,128.0,76.8
2014-09-03 03:00:00,-19.9,984.1,6.4,136.0,67.3
2014-09-03 06:00:00,-20.5,984.6,2.5,129.0,68.0
2014-09-03 09:00:00,-21.5,984.4,3.4,27.0,74.0
2014-09-03 12:00:00,-20.9,983.7,3.4,256.0,65.0
2014-09-03 15:00:00,-21.6,983.5,0.9,206.0,70.0
2014-09-03 18:00:00,-21.2,981.9,0.3,349.0,72.0
2014-09-03 21:00:00,-18.6,980.6,2.0,250.0,59.7
2014-09-04 00:00:00,,978.3,,218.0,55.0
2014-09-04 03:00:00,,976.7,,208.0,46.0
2014-09-04 06:00:00,-13.3,975.6,,195.0,50.0
2014-09-04 09:00:00,-13.6,974.0,13.8,197.0,60.2
2014-09-04 12:00:00,-13.1,972.9,10.0,213.0,59.0
2014-09-04 15:00:00,-12.8,972.7,,208.0,59.7
2014-09-04 18:00:00,-12.9,973.0,,202.0,52.0
2014-09-04 21:00:00,-12.6,973.6,14.1,193.0,44.5
2014-09-05 00:00:00,-15.1,975.4,,360.0,74.4
2014-09-05 03:00:00,-15.1,975.9,,57.0,70.2
2014-09-05 06:00:00,-17.0,976.1,1.1,57.0,74.0
2014-09-05 09:00:00,-17.9,976.3,3.1,246.0,80.4
2014-09-05 12:00:00,-16.1,976.3,2.4,226.0,72.4
2014-09-05 15:00:00,-16.7,978.1,2.6,174.0,73.0
2014-09-05 18:00:00,-16.2,979.9,0.0,29.0,67.0
2014-09-05 21:00:00,-17.8,981.5,1.9,228.0,85.0
2014-09-06 00:00:00,-16.8,983.1,1.5,163.0,74.5
2014-09-06 03:00:00,-16.8,984.9,0.3,33.0,67.0
2014-09-06 06:00:00,-18.6,985.7,1.3,67.0,76.0
2014-09-06 09:00:00,-14.9,987.7,3.6,156.0,54.0
2014-09-06 12:00:00,-15.8,989.9,6.0,226.0,67.3
2014-09-06 15:00:00,-15.8,990.5,2.5,116.0,64.0
2014-09-06 18:00:00,-17.4,990.0,,108.0,68.0
2014-09-06 21:00:00,-18.4,989.6,0.9,99.0,77.7
2014-09-07 00:00:00,-19.4,989.0,1.3,210.0,72.0
2014-09-07 03:00:00,-19.5,988.3,,,70.5
2014-09-07 06:00:00,-21.9,987.8,0.5,320.0,76.9
2014-09-07 09:00:00,-21.0,987.8,1.6,215.0,79.3
2014-09-07 12:00:00,-20.8,988.5,0.4,164.0,80.0
2014-09-07 15:00:00,-20.0,989.2,,,78.0
2014-09-07 18:00:00,-20.8,990.0,0.9,146.0,75.0
2014-09-07 21:00:00,-23.9,991.2,1.2,231.0,76.0
2014-09-08 00:00:00,-22.5,992.5,,,68.4
2014-09-08 03:00:00,-22.4,993.6,0.0,9.0,64.6
2014-09-08 06:00:00,-26.9,993.6,0.7,243.0,76.0
2014-09-08 09:00:00,-24.7,993.5,1.6,234.0,77.0
2014-09-08 12:00:00,-23.7,994.0,0.5,242.0,75.3
2014-09-08 15:00:00,-22.9,994.5,0.2,162.0,77.0
2014-09-08 18:00:00,-24.3,993.7,2.0,210.0,78.0
2014-09-08 21:00:00,-24.1,993.3,2.2,222.0,65.6
2014-09-09 00:00:00,-21.6,993.2,0.2,45.0,59.0
2014-09-09 03:00:00,-19.7,992.3,1.9,223.0,43.8
2014-09-09 06:00:00,-18.8,991.5,4.9,224.0,48.0
2014-09-09 09:00:00,-17.7,990.8,,242.0,46.6
2014-09-09 12:00:00,-17.6,989.7,6.1,224.0,51.0
2014-09-09 15:00:00,-15.0,987.6,7.6,222.0,39.0
2014-09-09 18:00:00,-15.8,985.7,8.8,252.0,39.4
2014-09-09 21:00:00,-11.4,985.3,,202.0,39.0
2014-09-10 00:00:00,-12.2,982.9,,232.0,37.0
2014-09-10 03:00:00,-13.4,980.5,,205.0,45.8
2014-09-10 06:00:00,-14.7,978.0,7.2,235.0,51.6
2014-09-10 09:00:00,-16.8,979.3,2.9,53.0,61.9
2014-09-10 12:00:00,-12.6,979.3,4.9,280.0,40.0
2014-09-10 15:00:00,-13.8,980.8,0.4,160.0,58.0
2014-09-10 18:00:00,-11.5,980.6,,214.0,38.4
2014-09-10 21:00:00,-12.7,982.7,,197.0,58.0
2014-09-11 00:00:00,-13.2,984.1,,131.0,57.4
2014-09-11 03:00:00,-13.2,984.1,0.9,43.0,64.5
2014-09-11 06:00:00,-18.0,984.2,2.3,232.0,80.0
2014-09-11 09:00:00,,983.4,1.4,255.0,79.0
2014-09-11 12:00:00,-19.7,983.3,0.8,211.0,74.6
2014-09-11 15:00:00,-21.3,982.4,2.9,208.0,80.0
2014-09-11 18:00:00,-23.1,982.2,0.2,134.0,80.0
2014-09-11 21:00:00,-19.3,982.0,1.5,202.0,80.3
2014-09-12 00:00:00,-19.1,982.6,1.7,249.0,78.3
2014-09-12 03:00:00,-19.3,982.7,2.6,207.0,83.3
2014-09-12 06:00:00,-22.8,983.0,1.5,228.0,84.4
2014-09-12 09:00:00,-20.2,982.7,1.4,209.0,83.0
2014-09-12 12:00:00,,983.3,,196.0,34.0
2014-09-12 15:00:00,,984.4,,198.0,53.0
2014-09-12 18:00:00,-10.4,986.0,13.5,205.0,48.0
2014-09-12 21:00:00,-10.4,988.0,14.1,199.0,73.0
2014-09-13 00:00:00,-9.9,991.0,10.6,200.0,55.6
2014-09-13 03:00:00,-10.6,993.3,,221.0,61.0
2014-09-13 06:00:00,-10.1,995.1,,224.0,50.0
2014-09-13 09:00:00,-10.8,996.8,7.3,140.0,71.0
2014-09-13 12:00:00,-11.4,998.7,,38.0,61.0
2014-09-13 15:00:00,-13.0,999.4,3.4,30.0,78.7
2014-09-13 18:00:00,-13.1,1000.5,1.3,141.0,78.9
2014-09-13 21:00:00,-13.6,1000.8,0.4,171.0,72.0
2014-09-14 00:00:00,-13.4,1000.2,0.6,253.0,57.0
2014-09-14 03:00:00,-13.6,999.7,0.2,323.0,54.0
2014-09-14 06:00:00,-15.4,998.2,1.5,227.0,64.2
2014-09-14 09:00:00,-15.8,997.8,0.0,354.0,61.1
2014-09-14 12:00:00,-17.2,997.3,0.8,229.0,64.0
2014-09-14 15:00:00,-19.1,997.0,,,73.0
2014-09-14 18:00:00,-18.4,996.7,0.8,216.0,69.0
2014-09-14 21:00:00,-19.7,995.9,1.8,219.0,75.0
2014-09-15 00:00:00,-18.1,994.8,0.9,209.0,69.2
2014-09-15 03:00:00,-16.8,993.5,0.1,265.0,72.9
2014-09-15 06:00:00,-18.9,993.1,1.7,215.0,79.0
2014-09-15 09:00:00,-21.5,992.5,,,78.0
2014-09-15 12:00:00,-20.8,992.3,,,83.0
2014-09-15 15:00:00,-23.4,991.5,0.3,228.0,81.0
2014-09-15 18:00:00,-24.2,991.1,1.2,224.0,79.7
2014-09-15 21:00:00,-23.9,991.8,0.0,188.0,81.0
2014-09-16 00:00:00,-22.6,992.6,0.2,4.0,79.2
2014-09-16 03:00:00,-19.4,993.0,,,80.0
2014-09-16 06:00:00,-20.4,992.5,0.1,77.0,82.5
2014-09-16 09:00:00,-19.6,992.5,0.6,222.0,81.4
2014-09-16 12:00:00,-19.8,992.4,0.6,344.0,82.3
2014-09-16 15:00:00,-17.5,992.0,2.8,111.0,63.8
2014-09-16 18:00:00,-17.8,992.1,4.0,114.0,64.0
2014-09-16 21:00:00,-17.9,993.4,7.0,126.0,60.2
2014-09-17 00:00:00,-18.5,994.2,4.7,133.0,58.4
2014-09-17 03:00:00,-19.1,995.0,,187.0,56.0
2014-09-17 06:00:00,-20.9,996.2,4.2,124.0,61.0
2014-09-17 09:00:00,-21.4,997.8,0.6,89.0,56.0
2014-09-17 12:00:00,-22.3,999.3,,226.0,53.7
2014-09-17 15:00:00,-22.8,1000.1,,89.0,52.3
2014-09-17 18:00:00,-24.2,1001.9,,47.0,58.0
2014-09-17 21:00:00,-23.3,1003.6,1.3,128.0,54.0
2014-09-18 00:00:00,-22.6,1004.8,1.5,131.0,52.2
2014-09-18 03:00:00,-21.8,1005.8,1.7,242.0,52.1
2014-09-18 06:00:00,-22.8,1006.2,,238.0,53.0
2014-09-18 09:00:00,-22.4,1007.1,,225.0,49.0
2014-09-18 12:00:00,-20.7,1007.0,11.4,203.0,44.0
2014-09-18 15:00:00,-21.8,1006.5,,197.0,42.6
2014-09-18 18:00:00,-19.5,1006.9,,210.0,34.0
2014-09-18 21:00:00,-19.0,1006.1,,195.0,41.0
2014-09-19 00:00:00,-17.4,1004.5,8.0,204.0,34.0
2014-09-19 03:00:00,-19.1,1003.4,,225.0,39.9
2014-09-19 06:00:00,-18.6,1001.5,,185.0,34.1
2014-09-19 09:00:00,-18.8,1000.8,,326.0,43.0
2014-09-19 12:00:00,-20.1,998.4,1.1,247.0,54.0
2014-09-19 15:00:00,,996.8,0.5,265.0,66.0
2014-09-19 18:00:00,,995.9,1.7,254.0,71.7
2014-09-19 21:00:00,-24.2,995.4,0.0,236.0,70.0
2014-09-20 00:00:00,,995.4,1.1,247.0,64.3
2014-09-20 03:00:00,-21.3,995.0,0.7,229.0,65.0
2014-09-20 06:00:00,-21.1,995.2,0.1,228.0,63.5
2014-09-20 09:00:00,-21.4,995.6,,,65.0
2014-09-20 12:00:00,-23.4,995.2,,213.0,74.4
2014-09-20 15:00:00,,995.1,,0.0,74.0
2014-09-20 18:00:00,-26.0,994.6,,0.0,74.0
2014-09-20 21:00:00,-24.1,992.9,1.2,35.0,72.7
2014-09-21 00:00:00,-23.7,991.8,0.2,336.0,70.0
2014-09-21 03:00:00,-22.6,991.0,0.8,305.0,69.3
2014-09-21 06:00:00,-23.4,989.6,2.1,230.0,76.0
2014-09-21 09:00:00,-24.7,988.1,1.9,234.0,74.4
2014-09-21 12:00:00,-25.3,987.1,,,74.0
2014-09-21 15:00:00,-26.4,986.4,2.5,216.0,74.0
2014-09-21 18:00:00,-25.5,984.8,2.2,218.0,70.0
2014-09-21 21:00:00,-26.2,983.3,,,70.0
2014-09-22 00:00:00,-24.0,982.1,2.3,230.0,71.3
2014-09-22 03:00:00,,980.2,0.1,138.0,56.0
2014-09-22 06:00:00,-24.7,979.7,2.2,218.0,79.3
2014-09-22 09:00:00,,980.2,,,78.0
2014-09-22 12:00:00,-27.2,982.5,,,77.0
2014-09-22 15:00:00,-25.5,984.4,1.4,231.0,77.1
2014-09-22 18:00:00,-23.1,985.3,0.8,259.0,69.4
2014-09-22 21:00:00,,985.6,,218.0,53.5
2014-09-23 00:00:00,,986.3,,223.0,57.0
2014-09-23 03:00:00,-12.0,984.6,8.7,201.0,34.0
2014-09-23 06:00:00,-16.6,984.2,,227.0,54.3
2014-09-23 09:00:00,-15.5,983.2,5.1,209.0,42.1
2014-09-23 12:00:00,,981.4,,201.0,44.1
2014-09-23 15:00:00,,981.3,,200.0,43.0
2014-09-23 18:00:00,-14.3,981.3,,62.0,66.0
2014-09-23 21:00:00,,981.0,,37.0,53.0
2014-09-24 00:00:00,-14.4,981.0,2.6,43.0,64.8
2014-09-24 03:00:00,-14.9,982.5,0.8,36.0,75.0
2014-09-24 06:00:00,-15.3,984.7,0.4,246.0,71.0
2014-09-24 09:00:00,-13.5,987.2,2.6,66.0,67.8
2014-09-24 12:00:00,-12.6,990.1,2.5,202.0,59.0
2014-09-24 15:00:00,-15.0,991.8,0.2,86.0,75.0
2014-09-24 18:00:00,-13.9,993.5,3.6,136.0,52.0
2014-09-24 21:00:00,-15.4,994.4,0.1,356.0,68.0
2014-09-25 00:00:00,-16.4,995.0,0.6,298.0,73.8
2014-09-25 03:00:00,-15.6,995.8,1.1,241.0,73.4
2014-09-25 06:00:00,-16.8,997.1,1.6,224.0,81.0
2014-09-25 09:00:00,-18.3,998.1,0.3,217.0,79.0
2014-09-25 12:00:00,-18.0,997.0,4.9,229.0,61.7
2014-09-25 15:00:00,-18.1,996.3,,227.0,59.1
2014-09-25 18:00:00,-18.9,995.4,,205.0,61.0
2014-09-25 21:00:00,-20.8,994.1,,209.0,67.0
2014-09-26 00:00:00,-19.5,992.9,1.0,215.0,60.0
2014-09-26 03:00:00,-18.2,991.5,0.6,257.0,67.4
2014-09-26 06:00:00,-21.1,990.5,,,65.5
2014-09-26 09:00:00,,989.9,,,74.0
2014-09-26 12:00:00,-24.6,989.4,,,74.0
2014-09-26 15:00:00,-26.2,989.8,,,71.9
2014-09-26 18:00:00,-26.7,990.7,1.1,210.0,77.0
2014-09-26 21:00:00,-24.9,992.4,0.4,235.0,75.0
2014-09-27 00:00:00,,993.1,0.1,245.0,68.1
2014-09-27 03:00:00,-20.8,993.8,0.1,2.0,67.9
2014-09-27 06:00:00,-21.1,994.0,0.2,244.0,73.0
2014-09-27 09:00:00,-21.9,994.0,1.2,239.0,77.4
2014-09-27 12:00:00,-21.6,993.1,1.3,224.0,73.0
2014-09-27 15:00:00,-22.3,992.5,,,75.0
2014-09-27 18:00:00,-23.1,991.7,1.8,211.0,69.0
2014-09-27 21:00:00,-24.4,991.3,2.0,229.0,71.7
2014-09-28 00:00:00,-22.7,991.4,0.5,229.0,68.8
2014-09-28 03:00:00,-21.4,992.3,0.7,260.0,60.0
2014-09-28 06:00:00,-24.7,993.1,0.3,294.0,70.6
2014-09-28 09:00:00,-26.1,994.1,0.7,221.0,76.0
2014-09-28 12:00:00,-28.0,994.6,1.4,248.0,74.0
2014-09-28 15:00:00,-28.5,994.6,0.1,252.0,75.2
2014-09-28 18:00:00,-27.8,994.2,1.7,224.0,73.0
2014-09-28 21:00:00,-26.0,993.1,2.0,221.0,67.1
2014-09-29 00:00:00,-25.9,992.2,1.2,242.0,70.0
2014-09-29 03:00:00,-23.4,990.6,1.8,241.0,80.1
2014-09-29 06:00:00,-24.1,990.2,2.1,244.0,78.0
2014-09-29 09:00:00,-23.4,992.0,0.3,211.0,80.0
2014-09-29 12:00:00,-22.9,994.4,2.4,230.0,80.0
2014-09-29 15:00:00,-25.2,995.8,0.1,229.0,78.0
2014-09-29 18:00:00,-23.7,997.8,1.7,224.0,77.5
2014-09-29 21:00:00,-22.5,998.1,,,79.0
2014-09-30 00:00:00,-21.0,998.0,,,76.6
2014-09-30 03:00:00,-19.1,997.4,0.6,228.0,71.0
2014-09-30 06:00:00,-20.0,996.4,1.1,225.0,72.0
2014-09-30 09:00:00,-21.6,995.0,0.8,226.0,78.0
2014-09-30 12:00:00,-23.3,993.8,0.7,200.0,80.0
2014-09-30 15:00:00,-24.8,992.4,0.5,302.0,77.0
2014-09-30 18:00:00,-24.3,990.9,2.0,245.0,76.0
2014-09-30 21:00:00,-22.5,990.1,1.4,224.0,74.4
2014-10-01 00:00:00,-20.2,989.5,2.5,226.0,72.0
2014-10-01 03:00:00,-19.2,988.9,,,65.0
2014-10-01 06:00:00,-19.5,988.3,0.3,264.0,63.0
2014-10-01 09:00:00,-23.4,987.8,1.2,224.0,78.0
2014-10-01 12:00:00,,987.1,1.2,46.0,73.0
2014-10-01 15:00:00,-25.5,986.8,,,74.0
2014-10-01 18:00:00,-25.3,986.5,1.2,226.0,74.8
2014-10-01 21:00:00,-21.8,987.3,,,69.0
2014-10-02 00:00:00,,987.9,0.5,218.0,83.0
2014-10-02 03:00:00,-18.8,988.0,1.5,232.0,81.0
2014-10-02 06:00:00,-18.8,988.6,0.7,242.0,81.7
2014-10-02 09:00:00,-19.6,989.1,1.3,223.0,82.0
2014-10-02 12:00:00,-21.0,989.9,,,80.6
2014-10-02 15:00:00,-23.9,989.9,,,80.0
2014-10-02 18:00:00,-24.8,989.8,1.1,231.0,79.0
2014-10-02 21:00:00,-22.2,989.7,1.5,267.0,80.7
2014-10-03 00:00:00,-20.8,988.6,2.1,238.0,82.0
2014-10-03 03:00:00,-19.1,987.5,2.2,222.0,81.0
2014-10-03 06:00:00,-19.6,986.4,2.4,224.0,80.0
2014-10-03 09:00:00,-18.4,985.8,0.2,199.0,78.0
2014-10-03 12:00:00,-18.5,984.4,0.4,223.0,79.0
2014-10-03 15:00:00,-17.0,983.4,1.5,228.0,77.0
2014-10-03 18:00:00,-17.7,982.6,0.1,286.0,85.0
2014-10-03 21:00:00,-15.5,981.2,0.0,104.0,88.0
2014-10-04 00:00:00,-13.3,979.1,2.6,50.0,87.4
2014-10-04 03:00:00,-12.4,977.6,2.6,227.0,72.4
2014-10-04 06:00:00,-15.1,976.8,,231.0,86.1
2014-10-04 09:00:00,-15.4,976.7,,225.0,86.0
2014-10-04 12:00:00,-13.4,975.8,19.0,190.0,76.8
2014-10-04 15:00:00,-14.3,975.7,22.6,197.0,76.0
2014-10-04 18:00:00,-14.2,975.4,20.5,200.0,73.0
2014-10-04 21:00:00,-13.9,975.3,21.1,197.0,73.0
2014-10-05 00:00:00,-13.3,974.7,21.4,204.0,70.3
2014-10-05 03:00:00,-12.7,973.4,22.3,202.0,66.5
2014-10-05 06:00:00,-12.6,972.5,22.1,204.0,74.0
2014-10-05 09:00:00,-12.4,971.0,22.1,211.0,69.0
2014-10-05 12:00:00,-12.5,969.1,24.8,203.0,75.0
2014-10-05 15:00:00,-12.2,968.7,,208.0,78.0
2014-10-05 18:00:00,-12.3,967.3,,216.0,65.0
2014-10-05 21:00:00,-10.7,966.4,19.0,212.0,43.3
2014-10-06 00:00:00,-10.7,966.2,15.9,206.0,39.0
2014-10-06 03:00:00,-10.0,965.3,17.0,196.0,38.0
2014-10-06 06:00:00,-12.4,965.1,,230.0,59.0
2014-10-06 09:00:00,-13.2,964.9,,230.0,63.4
2014-10-06 12:00:00,-12.7,964.6,,323.0,53.0
2014-10-06 15:00:00,-15.5,965.5,,118.0,56.8
2014-10-06 18:00:00,,965.8,0.1,216.0,65.0
2014-10-06 21:00:00,-16.4,966.7,0.8,241.0,59.0
2014-10-07 00:00:00,-15.1,967.2,3.4,216.0,77.5
2014-10-07 03:00:00,-13.5,968.1,0.3,233.0,72.3
2014-10-07 06:00:00,-15.1,968.7,0.7,248.0,77.0
2014-10-07 09:00:00,-18.0,969.7,2.3,221.0,80.0
2014-10-07 12:00:00,-19.5,970.6,0.8,229.0,79.0
2014-10-07 15:00:00,-19.2,971.8,2.1,214.0,69.0
2014-10-07 18:00:00,-20.1,972.3,1.5,47.0,76.4
2014-10-07 21:00:00,-17.8,972.5,0.1,275.0,71.0
2014-10-08 00:00:00,-15.3,971.6,0.5,265.0,69.0
2014-10-08 03:00:00,-13.9,970.9,0.7,260.0,67.8
2014-10-08 06:00:00,-13.1,971.3,0.2,22.0,75.5
2014-10-08 09:00:00,-14.3,970.6,,,84.0
2014-10-08 12:00:00,-14.4,969.0,2.4,200.0,89.0
2014-10-08 15:00:00,-14.5,967.5,0.1,136.0,89.0
2014-10-08 18:00:00,-14.2,966.2,3.7,45.0,89.0
2014-10-08 21:00:00,-12.4,965.6,0.0,94.0,86.3
2014-10-09 00:00:00,-12.0,967.0,2.0,272.0,79.0
2014-10-09 03:00:00,-10.6,969.4,,,71.7
2014-10-09 06:00:00,-12.8,968.8,1.4,195.0,78.1
2014-10-09 09:00:00,-13.3,968.6,0.6,176.0,79.9
2014-10-09 12:00:00,-14.6,969.1,0.5,115.0,84.0
2014-10-09 15:00:00,,969.3,0.1,287.0,78.0
2014-10-09 18:00:00,,969.2,1.3,242.0,86.4
2014-10-09 21:00:00,-19.6,969.0,1.1,240.0,77.2
2014-10-10 00:00:00,,968.9,0.7,222.0,70.1
2014-10-10 03:00:00,-14.8,969.1,0.3,232.0,63.0
2014-10-10 06:00:00,-17.8,969.5,1.1,247.0,75.8
2014-10-10 09:00:00,-17.1,971.7,0.8,240.0,81.8
2014-10-10 12:00:00,,973.2,0.5,212.0,80.0
2014-10-10 15:00:00,,972.6,0.7,204.0,88.2
2014-10-10 18:00:00,-21.0,972.1,0.5,229.0,83.0
2014-10-10 21:00:00,-17.3,972.8,1.8,44.0,86.3
2014-10-11 00:00:00,,972.3,0.7,230.0,72.7
2014-10-11 03:00:00,-12.5,971.4,0.2,52.0,74.0
2014-10-11 06:00:00,-14.5,968.9,1.1,233.0,86.0
2014-10-11 09:00:00,-14.4,969.8,1.8,54.0,88.6
2014-10-11 12:00:00,-18.5,971.4,0.0,98.0,88.0
2014-10-11 15:00:00,-17.5,974.1,,,86.0
2014-10-11 18:00:00,-15.5,976.0,0.5,224.0,79.0
2014-10-11 21:00:00,-15.6,976.4,1.9,242.0,83.0
2014-10-12 00:00:00,-13.8,975.6,1.1,247.0,77.0
2014-10-12 03:00:00,-13.4,975.2,3.4,124.0,72.7
2014-10-12 06:00:00,-15.6,976.1,,,77.0
2014-10-12 09:00:00,-15.1,977.2,,,76.0
2014-10-12 12:00:00,-16.5,976.6,,,80.8
2014-10-12 15:00:00,-16.3,974.6,1.4,220.0,76.5
2014-10-12 18:00:00,-15.9,971.7,,237.0,72.6
2014-10-12 21:00:00,-15.6,968.1,3.9,226.0,73.0
2014-10-13 00:00:00,-14.2,965.2,1.8,229.0,76.0
2014-10-13 03:00:00,-14.2,964.0,4.6,236.0,74.3
2014-10-13 06:00:00,-14.8,963.7,0.8,42.0,71.0
2014-10-13 09:00:00,-16.7,964.2,,136.0,71.7
2014-10-13 12:00:00,-17.8,964.9,5.3,136.0,73.0
2014-10-13 15:00:00,-18.4,965.5,4.6,128.0,69.3
2014-10-13 18:00:00,-19.3,966.2,4.9,145.0,67.0
2014-10-13 21:00:00,-19.4,965.6,,219.0,76.0
2014-10-14 00:00:00,-19.1,964.5,,227.0,74.4
2014-10-14 03:00:00,-16.6,962.9,,192.0,80.0
2014-10-14 06:00:00,-17.0,962.9,,198.0,72.0
2014-10-14 09:00:00,-17.1,961.2,22.9,212.0,83.0
2014-10-14 12:00:00,-16.5,960.4,26.7,208.0,81.3
2014-10-14 15:00:00,-16.0,959.9,24.4,213.0,83.0
2014-10-14 18:00:00,-15.7,959.8,25.3,209.0,84.8
2014-10-14 21:00:00,-15.4,961.0,28.6,210.0,81.9
2014-10-15 00:00:00,-14.5,963.2,28.1,214.0,78.0
2014-10-15 03:00:00,-14.7,966.6,,211.0,78.9
2014-10-15 06:00:00,-14.4,969.5,,219.0,66.0
2014-10-15 09:00:00,-13.5,970.1,,197.0,43.9
2014-10-15 12:00:00,-14.6,970.6,,132.0,55.0
2014-10-15 15:00:00,-15.6,971.3,,216.0,63.6
2014-10-15 18:00:00,-16.7,971.8,2.0,144.0,68.0
2014-10-15 21:00:00,-16.1,971.5,1.3,143.0,72.0
2014-10-16 00:00:00,-16.8,971.0,6.0,132.0,67.5
2014-10-16 03:00:00,-17.3,970.2,,138.0,70.4
2014-10-16 06:00:00,-18.7,970.3,8.5,129.0,70.0
2014-10-16 09:00:00,-19.9,970.5,7.0,136.0,67.0
2014-10-16 12:00:00,-20.9,970.8,,142.0,66.0
2014-10-16 15:00:00,-21.6,970.6,3.8,150.0,63.3
2014-10-16 18:00:00,-22.1,970.5,1.0,314.0,76.0
2014-10-16 21:00:00,-21.7,970.0,0.1,215.0,72.0
2014-10-17 00:00:00,-20.6,969.3,0.6,209.0,61.4
2014-10-17 03:00:00,-19.3,968.6,,,60.9
2014-10-17 06:00:00,-21.5,968.4,0.5,234.0,64.7
2014-10-17 09:00:00,,968.7,0.0,225.0,71.0
2014-10-17 12:00:00,-23.6,968.1,1.5,53.0,60.5
2014-10-17 15:00:00,-24.0,967.8,0.4,42.0,60.2
2014-10-17 18:00:00,,967.2,,192.0,49.0
2014-10-17 21:00:00,,967.8,,197.0,42.3
2014-10-18 00:00:00,-12.7,968.8,8.1,190.0,34.0
2014-10-18 03:00:00,-13.3,968.9,,252.0,32.1
2014-10-18 06:00:00,-14.1,968.1,6.4,232.0,37.5
2014-10-18 09:00:00,,967.5,,252.0,49.0
2014-10-18 12:00:00,,966.6,,247.0,61.0
2014-10-18 15:00:00,-19.9,965.7,0.6,275.0,47.0
2014-10-18 18:00:00,-16.9,964.8,3.8,243.0,47.0
2014-10-18 21:00:00,-15.6,964.0,4.7,234.0,42.0
2014-10-19 00:00:00,-12.7,962.8,0.2,206.0,30.3
2014-10-19 03:00:00,-13.7,961.2,1.3,271.0,42.0
2014-10-19 06:00:00,-14.0,958.1,1.8,210.0,35.3
2014-10-19 09:00:00,-15.5,955.1,4.4,215.0,44.0
2014-10-19 12:00:00,,953.2,0.0,114.0,67.0
2014-10-19 15:00:00,,951.8,0.2,54.0,73.0
2014-10-19 18:00:00,-23.8,951.7,0.4,235.0,68.3
2014-10-19 21:00:00,,952.6,0.1,232.0,59.0
2014-10-20 00:00:00,,953.4,1.9,228.0,53.0
2014-10-20 03:00:00,,955.7,,203.0,59.0
2014-10-20 06:00:00,-11.4,960.6,,208.0,59.6
2014-10-20 09:00:00,-13.2,964.3,,207.0,52.0
2014-10-20 12:00:00,-13.8,968.1,,204.0,47.0
2014-10-20 15:00:00,-14.7,970.7,,204.0,61.0
2014-10-20 18:00:00,-14.5,974.0,20.2,206.0,60.0
2014-10-20 21:00:00,-13.7,976.2,,194.0,38.0
2014-10-21 00:00:00,-12.3,977.4,,198.0,32.5
2014-10-21 03:00:00,-12.0,978.1,,190.0,25.8
2014-10-21 06:00:00,-13.8,978.2,,234.0,52.0
2014-10-21 09:00:00,-15.5,978.4,,248.0,52.5
2014-10-21 12:00:00,-16.9,977.6,0.7,349.0,55.0
2014-10-21 15:00:00,-18.9,976.9,0.0,152.0,60.6
2014-10-21 18:00:00,-17.7,976.4,1.1,210.0,50.8
2014-10-21 21:00:00,-13.9,975.2,,260.0,46.3
2014-10-22 00:00:00,,976.1,,233.0,47.1
2014-10-22 03:00:00,-11.2,977.4,,223.0,54.0
2014-10-22 06:00:00,-12.8,978.8,,216.0,61.0
2014-10-22 09:00:00,-13.8,980.1,3.2,140.0,56.0
2014-10-22 12:00:00,-15.0,980.8,,330.0,79.9
2014-10-22 15:00:00,-16.2,980.9,1.9,241.0,68.0
2014-10-22 18:00:00,-16.7,980.5,1.8,203.0,65.0
2014-10-22 21:00:00,-15.5,980.4,1.6,290.0,61.8
2014-10-23 00:00:00,-13.0,980.3,0.6,232.0,58.7
2014-10-23 03:00:00,-12.1,979.3,2.5,235.0,60.8
2014-10-23 06:00:00,-13.2,978.3,1.3,267.0,67.0
2014-10-23 09:00:00,-16.7,977.6,0.2,235.0,69.0
2014-10-23 12:00:00,,976.4,0.2,196.0,77.0
2014-10-23 15:00:00,-16.7,975.4,1.0,200.0,63.0
2014-10-23 18:00:00,-17.2,974.7,1.4,250.0,51.8
2014-10-23 21:00:00,-16.3,975.1,1.6,16.0,73.0
2014-10-24 00:00:00,,975.6,0.3,351.0,33.3
2014-10-24 03:00:00,,976.4,0.9,227.0,44.9
2014-10-24 06:00:00,-10.4,976.5,0.7,228.0,40.0
2014-10-24 09:00:00,-13.5,977.1,1.6,219.0,76.0
2014-10-24 12:00:00,-12.6,978.2,1.7,218.0,64.0
2014-10-24 15:00:00,-14.4,979.6,,133.0,75.3
2014-10-24 18:00:00,-14.9,981.4,,17.0,78.3
2014-10-24 21:00:00,-13.2,982.1,,124.0,70.0
2014-10-25 00:00:00,-13.7,983.4,1.1,352.0,81.0
2014-10-25 03:00:00,-13.4,983.9,1.6,322.0,86.0
2014-10-25 06:00:00,-13.3,983.8,0.4,112.0,82.4
2014-10-25 09:00:00,-14.0,983.9,0.1,228.0,73.0
2014-10-25 12:00:00,-12.8,983.1,0.7,254.0,88.0
2014-10-25 15:00:00,-10.2,982.9,,200.0,67.0
2014-10-25 18:00:00,-10.4,982.3,,221.0,88.3
2014-10-25 21:00:00,-9.5,981.7,8.7,219.0,72.0
2014-10-26 00:00:00,-9.3,982.1,11.5,215.0,78.8
2014-10-26 03:00:00,-10.4,984.0,7.9,205.0,75.2
2014-10-26 06:00:00,-11.9,985.8,11.0,146.0,77.0
2014-10-26 09:00:00,-10.9,987.7,8.6,196.0,70.0
2014-10-26 12:00:00,-12.3,988.5,9.8,140.0,73.6
2014-10-26 15:00:00,-10.1,988.7,8.7,198.0,75.0
2014-10-26 18:00:00,-9.5,987.8,,210.0,83.3
2014-10-26 21:00:00,-9.3,988.0,,211.0,69.0
2014-10-27 00:00:00,-9.1,989.3,16.8,208.0,65.0
2014-10-27 03:00:00,-11.4,992.9,,138.0,61.2
2014-10-27 06:00:00,-12.2,994.1,,137.0,71.0
2014-10-27 09:00:00,-9.4,994.7,6.6,205.0,56.7
2014-10-27 12:00:00,,994.6,,9.0,81.0
2014-10-27 15:00:00,,992.0,,194.0,38.0
2014-10-27 18:00:00,,991.9,,194.0,31.0
2014-10-27 21:00:00,-6.3,990.8,7.4,190.0,26.0
2014-10-28 00:00:00,-6.4,992.2,,325.0,51.0
2014-10-28 03:00:00,-6.7,992.3,,43.0,40.0
2014-10-28 06:00:00,-8.4,992.8,0.6,352.0,60.8
2014-10-28 09:00:00,-9.8,993.3,1.1,216.0,50.9
2014-10-28 12:00:00,,993.9,0.3,24.0,76.8
2014-10-28 15:00:00,-14.2,994.3,0.7,251.0,74.0
2014-10-28 18:00:00,-14.6,995.1,1.7,212.0,75.1
2014-10-28 21:00:00,-11.5,996.4,0.5,356.0,59.0
2014-10-29 00:00:00,-9.7,997.5,0.9,2.0,59.3
2014-10-29 03:00:00,-8.6,997.9,0.8,356.0,45.0
2014-10-29 06:00:00,-9.2,997.9,1.6,220.0,54.0
2014-10-29 09:00:00,-12.5,998.7,0.2,299.0,73.0
2014-10-29 12:00:00,-14.1,998.7,,,80.0
2014-10-29 15:00:00,-14.9,998.0,0.0,97.0,79.0
2014-10-29 18:00:00,-16.2,997.4,0.1,225.0,85.0
2014-10-29 21:00:00,-14.9,997.3,0.5,357.0,77.1
2014-10-30 00:00:00,-12.9,997.2,1.3,218.0,75.0
2014-10-30 03:00:00,-12.5,996.5,1.0,342.0,77.8
2014-10-30 06:00:00,-12.9,995.6,1.7,345.0,73.0
2014-10-30 09:00:00,-13.7,994.8,1.6,323.0,77.4
2014-10-30 12:00:00,-14.0,994.1,2.1,349.0,78.0
2014-10-30 15:00:00,-14.5,993.2,2.4,302.0,78.0
2014-10-30 18:00:00,-14.1,992.2,1.3,42.0,77.0
2014-10-30 21:00:00,-13.7,992.0,0.7,267.0,75.0
2014-10-31 00:00:00,-12.8,992.1,0.3,295.0,69.0
2014-10-31 03:00:00,-12.1,991.9,0.8,236.0,68.6
2014-10-31 06:00:00,-12.5,992.3,0.4,302.0,68.0
2014-10-31 09:00:00,-13.0,993.0,0.8,286.0,75.0
2014-10-31 12:00:00,-12.8,993.1,0.9,5.0,76.6
2014-10-31 15:00:00,-13.4,993.5,,,70.8
2014-10-31 18:00:00,-12.7,993.5,1.1,146.0,69.0
2014-10-31 21:00:00,-12.1,993.1,1.1,242.0,69.0
2014-11-01 00:00:00,-10.9,991.7,0.9,297.0,68.0
2014-11-01 03:00:00,-11.3,989.0,0.4,322.0,75.1
2014-11-01 06:00:00,-11.4,986.3,0.8,232.0,75.0
2014-11-01 09:00:00,-12.0,983.6,0.1,41.0,75.0
2014-11-01 12:00:00,-12.6,981.1,,,78.0
2014-11-01 15:00:00,-12.9,978.9,0.1,274.0,85.9
2014-11-01 18:00:00,-12.5,977.5,0.1,232.0,87.0
2014-11-01 21:00:00,-11.5,976.7,0.2,303.0,81.8
2014-11-02 00:00:00,-10.9,976.5,0.6,332.0,78.9
2014-11-02 03:00:00,-10.4,977.0,3.5,144.0,83.3
2014-11-02 06:00:00,-10.5,978.4,1.1,48.0,67.0
2014-11-02 09:00:00,-11.9,980.1,2.1,17.0,74.0
2014-11-02 12:00:00,-12.2,981.9,2.1,95.0,74.0
2014-11-02 15:00:00,-12.4,983.1,,221.0,70.0
2014-11-02 18:00:00,-12.0,984.6,,232.0,73.1
2014-11-02 21:00:00,-10.8,987.2,,193.0,63.0
2014-11-03 00:00:00,-10.3,989.3,,123.0,62.0
2014-11-03 03:00:00,-10.4,990.1,5.0,126.0,70.9
2014-11-03 06:00:00,-10.8,990.8,4.5,135.0,70.7
2014-11-03 09:00:00,-11.4,991.5,2.4,44.0,69.0
2014-11-03 12:00:00,-12.1,991.8,0.3,158.0,65.0
2014-11-03 15:00:00,-14.2,992.0,0.9,69.0,78.0
2014-11-03 18:00:00,-13.4,992.7,0.8,182.0,71.0
2014-11-03 21:00:00,-11.7,993.2,1.0,240.0,69.3
2014-11-04 00:00:00,-9.3,992.8,0.9,350.0,62.8
2014-11-04 03:00:00,-9.2,992.2,1.8,349.0,53.8
2014-11-04 06:00:00,-9.3,992.6,3.1,141.0,52.0
2014-11-04 09:00:00,-12.3,992.5,0.3,27.0,73.4
2014-11-04 12:00:00,,992.2,0.1,1.0,78.0
2014-11-04 15:00:00,,991.7,,,82.0
2014-11-04 18:00:00,-16.6,991.2,0.7,248.0,84.0
2014-11-04 21:00:00,-13.5,990.3,1.3,236.0,74.0
2014-11-05 00:00:00,,989.6,1.6,28.0,67.3
2014-11-05 03:00:00,-9.6,989.0,0.5,8.0,57.5
2014-11-05 06:00:00,-10.4,989.2,1.8,80.0,60.7
2014-11-05 09:00:00,-12.6,990.1,1.6,337.0,79.0
2014-11-05 12:00:00,-13.5,990.7,0.2,32.0,76.0
2014-11-05 15:00:00,-14.2,991.3,0.5,194.0,77.0
2014-11-05 18:00:00,-15.4,991.9,0.3,189.0,83.1
2014-11-05 21:00:00,-12.6,992.5,1.8,220.0,72.0
2014-11-06 00:00:00,-11.1,992.9,1.5,236.0,69.0
2014-11-06 03:00:00,-10.4,993.6,1.4,339.0,64.0
2014-11-06 06:00:00,-9.4,994.6,1.4,276.0,43.6
2014-11-06 09:00:00,-12.0,995.6,0.0,350.0,59.1
2014-11-06 12:00:00,,996.4,1.5,229.0,79.0
2014-11-06 15:00:00,-16.1,996.6,1.5,233.0,78.0
2014-11-06 18:00:00,-15.0,996.5,1.9,222.0,73.0
2014-11-06 21:00:00,-13.7,996.9,1.0,228.0,70.8
2014-11-07 00:00:00,,996.7,3.1,218.0,73.0
2014-11-07 03:00:00,-10.0,997.1,1.7,240.0,71.0
2014-11-07 06:00:00,-11.3,998.3,0.7,18.0,71.4
2014-11-07 09:00:00,-11.3,999.2,0.2,29.0,61.8
2014-11-07 12:00:00,-14.6,999.9,0.0,257.0,82.0
2014-11-07 15:00:00,-15.6,1000.1,0.8,222.0,84.0
2014-11-07 18:00:00,-13.6,1000.0,0.1,268.0,75.0
2014-11-07 21:00:00,-12.6,999.8,1.0,228.0,74.7
2014-11-08 00:00:00,-10.7,998.9,0.7,15.0,71.0
2014-11-08 03:00:00,-9.4,998.0,0.5,305.0,68.4
2014-11-08 06:00:00,-10.7,996.9,0.9,1.0,75.0
2014-11-08 09:00:00,-12.3,996.0,1.2,289.0,75.0
2014-11-08 12:00:00,-15.6,995.0,,,83.7
2014-11-08 15:00:00,-17.2,994.1,0.1,2.0,84.0
2014-11-08 18:00:00,-16.3,993.4,0.1,216.0,83.0
2014-11-08 21:00:00,-12.9,993.3,0.5,346.0,85.0
2014-11-09 00:00:00,,993.2,0.8,335.0,77.4
2014-11-09 03:00:00,-10.6,992.6,1.0,3.0,76.1
2014-11-09 06:00:00,-11.1,992.5,0.7,13.0,77.0
2014-11-09 09:00:00,-11.9,992.8,0.7,285.0,77.5
2014-11-09 12:00:00,-13.7,992.6,0.4,226.0,85.0
2014-11-09 15:00:00,-14.2,992.6,0.2,18.0,85.4
2014-11-09 18:00:00,-12.4,992.9,0.8,228.0,83.0
2014-11-09 21:00:00,-10.9,992.8,1.1,246.0,75.0
2014-11-10 00:00:00,-10.1,992.8,1.3,232.0,73.8
2014-11-10 03:00:00,-9.3,992.9,1.6,231.0,73.0
2014-11-10 06:00:00,-9.1,993.2,1.4,235.0,75.0
2014-11-10 09:00:00,-10.8,993.6,0.7,348.0,78.0
2014-11-10 12:00:00,-10.9,994.1,0.3,231.0,79.0
2014-11-10 15:00:00,-10.7,994.2,,,80.2
2014-11-10 18:00:00,-10.9,994.5,0.4,231.0,82.9
2014-11-10 21:00:00,-9.2,994.7,0.8,236.0,78.2
2014-11-11 00:00:00,-7.2,994.5,1.0,256.0,71.0
2014-11-11 03:00:00,-7.5,994.1,1.0,343.0,66.5
2014-11-11 06:00:00,-7.8,993.6,1.5,39.0,68.2
2014-11-11 09:00:00,-8.8,993.7,0.8,301.0,75.2
2014-11-11 12:00:00,-9.6,993.7,0.1,260.0,77.0
2014-11-11 15:00:00,-10.3,993.5,0.2,325.0,82.0
2014-11-11 18:00:00,-9.5,993.4,0.8,155.0,69.1
2014-11-11 21:00:00,-7.9,993.7,0.7,239.0,74.0
2014-11-12 00:00:00,-6.5,993.9,0.9,347.0,61.0
2014-11-12 03:00:00,-6.2,994.2,3.5,122.0,57.0
2014-11-12 06:00:00,-8.0,994.8,5.2,133.0,63.2
2014-11-12 09:00:00,-8.9,995.5,4.7,137.0,69.0
2014-11-12 12:00:00,-9.6,995.5,,289.0,75.0
2014-11-12 15:00:00,-9.5,995.0,3.0,143.0,66.0
2014-11-12 18:00:00,-9.6,994.7,3.9,117.0,65.0
2014-11-12 21:00:00,-8.8,994.6,4.4,140.0,62.2
2014-11-13 00:00:00,-8.3,994.1,1.5,327.0,65.0
2014-11-13 03:00:00,-7.6,993.0,2.9,330.0,68.0
2014-11-13 06:00:00,-8.2,992.4,3.4,306.0,72.0
2014-11-13 09:00:00,-8.9,992.2,5.5,142.0,61.5
2014-11-13 12:00:00,-10.3,991.2,1.5,219.0,62.0
2014-11-13 15:00:00,-10.4,990.1,4.8,137.0,61.4
2014-11-13 18:00:00,-11.0,990.1,,,66.0
2014-11-13 21:00:00,-10.7,989.8,0.4,323.0,65.1
2014-11-14 00:00:00,-8.8,989.3,1.5,305.0,63.9
2014-11-14 03:00:00,-8.1,988.6,3.0,313.0,65.8
2014-11-14 06:00:00,-8.8,988.3,1.7,330.0,66.0
2014-11-14 09:00:00,-9.5,988.4,5.2,139.0,58.2
2014-11-14 12:00:00,-10.1,988.1,1.2,203.0,59.0
2014-11-14 15:00:00,-10.2,987.1,2.7,189.0,58.0
2014-11-14 18:00:00,-10.2,985.6,5.2,213.0,53.7
2014-11-14 21:00:00,-9.6,984.0,3.6,227.0,56.0
2014-11-15 00:00:00,-8.6,982.4,1.9,333.0,49.1
2014-11-15 03:00:00,-7.5,980.6,3.1,21.0,51.0
2014-11-15 06:00:00,-9.1,979.4,2.4,5.0,69.3
2014-11-15 09:00:00,-10.0,978.2,3.3,67.0,64.0
2014-11-15 12:00:00,-11.2,976.6,3.8,147.0,67.9
2014-11-15 15:00:00,-14.3,975.7,0.1,221.0,78.0
2014-11-15 18:00:00,-14.7,976.6,0.2,254.0,72.0
2014-11-15 21:00:00,-11.1,978.3,0.6,227.0,69.0
2014-11-16 00:00:00,,980.2,3.1,4.0,75.0
2014-11-16 03:00:00,-8.0,982.3,3.0,120.0,60.0
2014-11-16 06:00:00,-9.7,984.1,3.9,84.0,81.7
2014-11-16 09:00:00,-11.1,985.7,6.2,127.0,81.7
2014-11-16 12:00:00,-12.4,986.8,8.4,138.0,77.0
2014-11-16 15:00:00,-12.7,987.5,8.3,143.0,72.0
2014-11-16 18:00:00,-12.0,988.9,9.2,133.0,76.0
2014-11-16 21:00:00,-11.1,989.2,10.4,132.0,75.0
2014-11-17 00:00:00,-8.5,990.7,10.1,200.0,63.1
2014-11-17 03:00:00,-7.9,991.8,5.5,190.0,51.8
2014-11-17 06:00:00,-9.8,992.4,8.5,140.0,65.0
2014-11-17 09:00:00,-10.2,992.6,4.8,130.0,68.0
2014-11-17 12:00:00,-9.8,992.5,6.3,121.0,58.9
2014-11-17 15:00:00,-10.0,992.0,7.1,143.0,64.0
2014-11-17 18:00:00,-10.4,992.0,4.9,130.0,67.0
2014-11-17 21:00:00,-8.1,991.6,,332.0,64.8
2014-11-18 00:00:00,-8.3,990.4,2.5,311.0,66.0
2014-11-18 03:00:00,-7.7,989.0,1.3,33.0,60.3
2014-11-18 06:00:00,-8.4,987.8,1.4,1.0,64.0
2014-11-18 09:00:00,-8.8,987.0,0.5,258.0,64.6
2014-11-18 12:00:00,-11.1,986.2,0.3,158.0,74.9
2014-11-18 15:00:00,-10.6,985.2,0.6,56.0,75.4
2014-11-18 18:00:00,-10.0,985.3,2.3,78.0,75.0
2014-11-18 21:00:00,-8.7,985.6,0.4,260.0,72.8
2014-11-19 00:00:00,-9.1,985.7,3.4,132.0,75.0
2014-11-19 03:00:00,-9.0,985.9,4.3,133.0,74.7
2014-11-19 06:00:00,-8.7,986.2,4.8,136.0,66.0
2014-11-19 09:00:00,-9.3,986.9,4.8,137.0,68.0
2014-11-19 12:00:00,-9.7,987.8,4.0,133.0,63.1
2014-11-19 15:00:00,-9.6,988.5,2.1,119.0,58.0
2014-11-19 18:00:00,-9.9,989.7,6.4,136.0,65.9
2014-11-19 21:00:00,-8.1,991.2,6.0,146.0,47.8
2014-11-20 00:00:00,-7.3,992.4,7.3,225.0,42.3
2014-11-20 03:00:00,-6.3,993.6,4.2,208.0,47.0
2014-11-20 06:00:00,-8.0,994.7,3.9,229.0,51.0
2014-11-20 09:00:00,-8.3,995.8,8.1,197.0,35.0
2014-11-20 12:00:00,-11.5,995.7,,221.0,56.5
2014-11-20 15:00:00,-10.9,995.4,,141.0,74.9
2014-11-20 18:00:00,-10.4,995.4,6.9,143.0,65.0
2014-11-20 21:00:00,-8.9,995.3,,64.0,62.0
2014-11-21 00:00:00,-9.4,994.4,2.7,317.0,70.2
2014-11-21 03:00:00,-8.1,993.0,3.1,334.0,71.2
2014-11-21 06:00:00,-8.2,991.1,2.2,3.0,69.0
2014-11-21 09:00:00,-9.5,989.7,0.3,11.0,69.0
2014-11-21 12:00:00,-12.4,988.4,0.5,244.0,79.0
2014-11-21 15:00:00,-13.2,987.5,,,77.1
2014-11-21 18:00:00,-13.5,987.4,,,79.7
2014-11-21 21:00:00,-9.7,987.3,1.7,228.0,75.0
2014-11-22 00:00:00,,987.4,1.3,307.0,75.0
2014-11-22 03:00:00,-6.8,987.4,1.8,155.0,57.0
2014-11-22 06:00:00,-8.3,987.4,2.7,326.0,74.3
2014-11-22 09:00:00,-9.1,987.6,0.9,338.0,67.0
2014-11-22 12:00:00,-11.6,987.3,0.4,297.0,78.0
2014-11-22 15:00:00,-11.6,986.3,1.8,237.0,73.6
2014-11-22 18:00:00,-12.0,985.9,1.6,221.0,75.1
2014-11-22 21:00:00,-8.3,985.7,0.9,284.0,65.4
2014-11-23 00:00:00,,985.5,1.5,1.0,61.0
2014-11-23 03:00:00,-6.4,985.3,1.2,2.0,55.0
2014-11-23 06:00:00,-6.1,985.2,1.4,292.0,40.5
2014-11-23 09:00:00,-6.6,985.5,4.4,135.0,55.1
2014-11-23 12:00:00,-9.6,985.8,0.8,257.0,65.0
2014-11-23 15:00:00,-10.2,985.6,0.4,214.0,65.0
2014-11-23 18:00:00,-8.4,985.2,1.3,223.0,56.2
2014-11-23 21:00:00,-6.7,985.3,1.8,213.0,46.0
2014-11-24 00:00:00,-6.1,985.0,2.0,246.0,49.7
2014-11-24 03:00:00,-5.6,984.4,2.3,240.0,58.3
2014-11-24 06:00:00,-5.3,983.9,1.2,252.0,54.3
2014-11-24 09:00:00,-6.7,984.1,1.6,237.0,77.0
2014-11-24 12:00:00,-7.4,983.6,3.2,229.0,65.8
2014-11-24 15:00:00,-5.8,983.4,,205.0,39.0
2014-11-24 18:00:00,-6.1,983.4,,192.0,48.0
2014-11-24 21:00:00,-4.7,983.7,10.9,197.0,41.0
2014-11-25 00:00:00,-3.9,985.1,11.3,198.0,43.5
2014-11-25 03:00:00,-3.5,985.8,,212.0,44.1
2014-11-25 06:00:00,-3.2,986.5,,53.0,51.0
2014-11-25 09:00:00,-5.5,987.6,4.0,234.0,71.2
2014-11-25 12:00:00,,988.1,0.0,193.0,78.4
2014-11-25 15:00:00,-8.5,987.8,0.8,216.0,83.0
2014-11-25 18:00:00,-9.0,987.6,0.9,221.0,72.0
2014-11-25 21:00:00,-5.2,988.0,1.1,223.0,65.1
2014-11-26 00:00:00,-4.2,988.0,2.4,224.0,76.1
2014-11-26 03:00:00,-3.2,988.2,1.7,345.0,70.0
2014-11-26 06:00:00,-4.0,988.2,3.1,6.0,68.6
2014-11-26 09:00:00,-5.1,988.7,1.0,14.0,71.9
2014-11-26 12:00:00,-8.1,988.9,,,71.4
2014-11-26 15:00:00,-9.8,988.6,0.5,265.0,81.4
2014-11-26 18:00:00,-9.0,988.6,0.1,232.0,76.0
2014-11-26 21:00:00,-5.9,989.0,1.1,14.0,68.0
2014-11-27 00:00:00,-4.3,989.0,1.5,22.0,66.6
2014-11-27 03:00:00,-4.0,988.9,2.7,20.0,67.2
2014-11-27 06:00:00,-4.6,989.0,3.2,19.0,71.0
2014-11-27 09:00:00,-6.1,989.9,1.3,355.0,80.0
2014-11-27 12:00:00,-9.1,990.4,0.1,359.0,86.3
2014-11-27 15:00:00,-8.3,990.7,0.3,227.0,85.0
2014-11-27 18:00:00,-7.9,991.3,0.7,333.0,80.0
2014-11-27 21:00:00,-5.9,992.3,0.5,342.0,68.0
2014-11-28 00:00:00,-4.3,992.8,4.0,134.0,69.0
2014-11-28 03:00:00,-4.2,993.0,4.1,134.0,69.6
2014-11-28 06:00:00,-5.0,993.8,4.2,138.0,68.0
2014-11-28 09:00:00,-5.5,994.8,4.6,142.0,76.0
2014-11-28 12:00:00,-6.2,995.3,4.6,137.0,78.0
2014-11-28 15:00:00,-6.9,995.8,1.8,344.0,92.0
2014-11-28 18:00:00,-6.5,996.4,0.3,326.0,88.0
2014-11-28 21:00:00,-6.3,996.9,1.5,329.0,91.0
2014-11-29 00:00:00,-4.6,996.8,0.8,280.0,80.0
2014-11-29 03:00:00,-4.8,996.5,0.9,348.0,80.0
2014-11-29 06:00:00,-5.0,996.6,0.4,262.0,81.0
2014-11-29 09:00:00,-5.9,996.8,0.6,222.0,79.0
2014-11-29 12:00:00,-6.8,996.6,,,87.3
2014-11-29 15:00:00,-8.8,996.3,0.0,226.0,89.0
2014-11-29 18:00:00,-9.0,996.0,0.2,14.0,87.5
2014-11-29 21:00:00,-5.2,995.5,0.2,330.0,67.0
2014-11-30 00:00:00,,995.1,2.3,54.0,45.0
2014-11-30 03:00:00,-3.9,994.6,,235.0,65.5
2014-11-30 06:00:00,-4.8,994.9,3.7,163.0,65.3
2014-11-30 09:00:00,-6.0,994.6,2.4,342.0,77.0
2014-11-30 12:00:00,-7.0,994.1,1.9,53.0,79.0
2014-11-30 15:00:00,-6.6,993.4,3.6,108.0,64.9
2014-11-30 18:00:00,-8.5,993.5,0.3,291.0,71.0
2014-11-30 21:00:00,-6.0,992.9,1.8,360.0,62.0
2014-12-01 00:00:00,-4.5,992.2,2.6,12.0,63.9
2014-12-01 03:00:00,-3.7,991.5,3.0,25.0,67.8
2014-12-01 06:00:00,,990.7,1.3,354.0,67.9
2014-12-01 09:00:00,,989.9,0.4,346.0,63.3
2014-12-01 12:00:00,,989.1,1.1,333.0,84.0
2014-12-01 15:00:00,,988.6,1.6,41.0,74.0
2014-12-01 18:00:00,,988.7,0.1,329.0,84.0
2014-12-01 21:00:00,,988.8,1.1,225.0,69.0
2014-12-02 00:00:00,,988.6,1.5,360.0,77.0
2014-12-02 03:00:00,-5.1,988.0,2.1,14.0,84.0
2014-12-02 06:00:00,,987.1,1.3,2.0,78.7
2014-12-02 09:00:00,,985.6,1.4,218.0,74.0
2014-12-02 12:00:00,,983.2,0.3,19.0,87.0
2014-12-02 15:00:00,,980.7,0.4,325.0,87.0
2014-12-02 18:00:00,-8.2,977.6,,,77.0
2014-12-02 21:00:00,,975.4,1.1,310.0,79.9
2014-12-03 00:00:00,,973.4,1.5,225.0,77.0
2014-12-03 03:00:00,-5.4,971.4,5.1,225.0,68.0
2014-12-03 06:00:00,-5.9,971.5,,205.0,65.0
2014-12-03 09:00:00,-7.3,972.6,,230.0,65.8
2014-12-03 12:00:00,-7.9,974.7,9.9,209.0,71.0
2014-12-03 15:00:00,-7.5,976.3,13.0,204.0,59.0
2014-12-03 18:00:00,-8.1,979.1,11.3,223.0,71.0
2014-12-03 21:00:00,-6.9,981.3,10.3,216.0,61.0
2014-12-04 00:00:00,-4.7,983.7,15.0,201.0,51.0
2014-12-04 03:00:00,-4.1,984.5,,208.0,41.0
2014-12-04 06:00:00,-5.4,985.8,,226.0,61.7
2014-12-04 09:00:00,-6.1,986.3,,41.0,60.0
2014-12-04 12:00:00,,986.3,1.8,145.0,68.0
2014-12-04 15:00:00,-9.5,986.6,,,77.0
2014-12-04 18:00:00,,986.9,0.1,319.0,75.4
2014-12-04 21:00:00,,986.9,1.1,333.0,70.6
2014-12-05 00:00:00,-4.8,986.4,2.0,22.0,70.0
2014-12-05 03:00:00,,985.4,1.7,16.0,62.2
2014-12-05 06:00:00,-4.9,984.1,2.0,21.0,60.5
2014-12-05 09:00:00,,982.6,0.8,332.0,63.0
2014-12-05 12:00:00,,981.2,1.1,337.0,79.0
2014-12-05 15:00:00,,979.9,0.1,332.0,83.0
2014-12-05 18:00:00,,979.1,1.3,224.0,81.0
2014-12-05 21:00:00,,978.9,0.5,231.0,79.0
2014-12-06 00:00:00,,978.9,1.2,219.0,67.7
2014-12-06 03:00:00,-5.5,978.6,,143.0,69.3
2014-12-06 06:00:00,-6.8,979.0,,139.0,72.0
2014-12-06 09:00:00,-7.3,979.5,5.6,137.0,76.2
2014-12-06 12:00:00,-8.1,979.8,,308.0,86.6
2014-12-06 15:00:00,,979.7,0.9,25.0,86.0
2014-12-06 18:00:00,,979.7,0.4,207.0,80.0
2014-12-06 21:00:00,,979.8,0.1,152.0,64.0
2014-12-07 00:00:00,-5.5,979.7,2.2,329.0,59.1
2014-12-07 03:00:00,,979.6,1.5,34.0,57.3
2014-12-07 06:00:00,,979.2,1.5,324.0,68.0
2014-12-07 09:00:00,,978.7,0.2,300.0,61.0
2014-12-07 12:00:00,-6.3,978.8,3.6,131.0,72.6
2014-12-07 15:00:00,,978.8,0.2,312.0,78.5
2014-12-07 18:00:00,,979.2,0.8,177.0,67.0
2014-12-07 21:00:00,,979.3,0.6,245.0,37.0
2014-12-08 00:00:00,-4.4,979.6,3.6,237.0,54.0
2014-12-08 03:00:00,,979.1,0.7,298.0,55.2
2014-12-08 06:00:00,,978.1,0.6,40.0,38.9
2014-12-08 09:00:00,-4.0,977.0,5.3,213.0,37.0
2014-12-08 12:00:00,-4.7,975.8,3.9,108.0,58.0
2014-12-08 15:00:00,-6.2,974.9,2.4,32.0,81.0
2014-12-08 18:00:00,,974.7,1.0,232.0,66.9
2014-12-08 21:00:00,,975.2,1.3,240.0,71.0
2014-12-09 00:00:00,,975.4,1.5,5.0,71.7
2014-12-09 03:00:00,-3.7,975.4,4.5,220.0,73.0
2014-12-09 06:00:00,-3.0,975.5,2.4,128.0,71.0
2014-12-09 09:00:00,,976.2,1.2,63.0,80.0
2014-12-09 12:00:00,,976.2,1.5,255.0,62.0
2014-12-09 15:00:00,-3.0,977.0,3.3,97.0,54.0
2014-12-09 18:00:00,-4.6,978.6,6.1,229.0,72.0
2014-12-09 21:00:00,-2.8,980.5,2.4,28.0,64.9
2014-12-10 00:00:00,-1.1,982.6,4.9,142.0,66.0
2014-12-10 03:00:00,-1.5,984.0,2.8,133.0,58.5
2014-12-10 06:00:00,,984.7,0.4,3.0,63.6
2014-12-10 09:00:00,,984.7,0.2,286.0,51.0
2014-12-10 12:00:00,,983.8,1.5,357.0,83.0
2014-12-10 15:00:00,,983.0,0.0,264.0,90.3
2014-12-10 18:00:00,-8.6,983.0,,,91.0
2014-12-10 21:00:00,,983.1,1.4,225.0,84.0
2014-12-11 00:00:00,,983.6,1.4,222.0,78.0
2014-12-11 03:00:00,-2.9,983.6,2.3,220.0,80.8
2014-12-11 06:00:00,-3.9,983.8,2.3,351.0,87.0
2014-12-11 09:00:00,-5.0,984.5,3.0,38.0,86.5
2014-12-11 12:00:00,,984.8,0.0,59.0,84.6
2014-12-11 15:00:00,,985.1,1.3,322.0,89.0
2014-12-11 18:00:00,-6.2,985.7,2.5,324.0,89.7
2014-12-11 21:00:00,,986.6,1.7,333.0,83.0
2014-12-12 00:00:00,,987.3,1.4,4.0,79.0
2014-12-12 03:00:00,-3.4,987.9,4.5,138.0,75.0
2014-12-12 06:00:00,,988.8,1.9,226.0,73.2
2014-12-12 09:00:00,,989.8,0.9,30.0,77.0
2014-12-12 12:00:00,,990.9,0.5,353.0,82.7
2014-12-12 15:00:00,,991.5,0.5,9.0,85.0
2014-12-12 18:00:00,,992.9,0.5,351.0,81.0
2014-12-12 21:00:00,,993.9,1.0,227.0,79.0
2014-12-13 00:00:00,,994.7,0.7,316.0,78.0
2014-12-13 03:00:00,-4.0,995.0,2.5,330.0,81.0
2014-12-13 06:00:00,,995.6,0.6,334.0,82.3
2014-12-13 09:00:00,,996.4,0.5,327.0,84.0
2014-12-13 12:00:00,,996.9,0.7,333.0,88.7
2014-12-13 15:00:00,,997.1,0.1,329.0,85.0
2014-12-13 18:00:00,-7.0,997.8,,,86.0
2014-12-13 21:00:00,,998.0,1.2,228.0,77.0
2014-12-14 00:00:00,,998.6,1.4,324.0,79.3
2014-12-14 03:00:00,,998.4,1.4,232.0,71.5
2014-12-14 06:00:00,,998.5,1.1,222.0,66.5
2014-12-14 09:00:00,,998.7,1.8,227.0,84.0
2014-12-14 12:00:00,,998.7,0.2,225.0,88.0
2014-12-14 15:00:00,,997.8,0.2,329.0,86.0
2014-12-14 18:00:00,,997.0,0.1,242.0,82.0
2014-12-14 21:00:00,,996.6,1.1,22.0,82.3
2014-12-15 00:00:00,,995.6,1.2,262.0,71.0
2014-12-15 03:00:00,,994.3,1.2,314.0,67.0
2014-12-15 06:00:00,,993.3,1.5,350.0,68.0
2014-12-15 09:00:00,,992.4,1.6,324.0,75.2
2014-12-15 12:00:00,,991.9,0.0,356.0,74.0
2014-12-15 15:00:00,,990.8,0.0,351.0,77.5
2014-12-15 18:00:00,,990.2,0.3,231.0,81.9
2014-12-15 21:00:00,,989.7,0.7,9.0,78.0
2014-12-16 00:00:00,,989.2,1.3,41.0,69.6
2014-12-16 03:00:00,,988.4,1.7,35.0,69.7
2014-12-16 06:00:00,,987.8,1.2,48.0,71.0
2014-12-16 09:00:00,-2.9,987.0,2.8,60.0,80.0
2014-12-16 12:00:00,,986.6,1.7,48.0,83.9
2014-12-16 15:00:00,-4.3,986.3,4.2,126.0,85.0
2014-12-16 18:00:00,-4.3,987.4,5.5,132.0,84.2
2014-12-16 21:00:00,-3.7,989.2,2.8,133.0,79.0
2014-12-17 00:00:00,-1.7,991.5,,264.0,68.2
2014-12-17 03:00:00,,993.3,1.9,357.0,63.0
2014-12-17 06:00:00,,994.7,2.3,47.0,78.6
2014-12-17 09:00:00,,996.3,2.7,60.0,58.0
2014-12-17 12:00:00,,998.2,3.4,91.0,65.0
2014-12-17 15:00:00,,999.0,1.1,28.0,77.0
2014-12-17 18:00:00,,999.3,0.9,214.0,73.0
2014-12-17 21:00:00,,999.5,1.0,349.0,75.3
2014-12-18 00:00:00,,999.6,3.3,33.0,77.0
2014-12-18 03:00:00,,999.7,2.6,23.0,74.0
2014-12-18 06:00:00,,999.7,3.2,39.0,72.0
2014-12-18 09:00:00,,999.1,2.0,33.0,76.0
2014-12-18 12:00:00,,998.4,2.6,88.0,78.0
2014-12-18 15:00:00,,997.0,3.5,90.0,81.0
2014-12-18 18:00:00,,997.0,2.6,36.0,86.0
2014-12-18 21:00:00,,996.8,1.3,230.0,81.8
2014-12-19 00:00:00,,997.4,1.8,32.0,74.8
2014-12-19 03:00:00,,997.6,1.7,320.0,79.9
2014-12-19 06:00:00,,997.5,1.1,337.0,77.0
2014-12-19 09:00:00,,996.2,2.4,47.0,57.0
2014-12-19 12:00:00,,994.6,1.5,46.0,82.0
2014-12-19 15:00:00,,992.1,0.7,222.0,84.9
2014-12-19 18:00:00,,990.6,2.3,212.0,80.0
2014-12-19 21:00:00,,989.9,0.8,349.0,79.0
2014-12-20 00:00:00,-2.1,989.3,,136.0,63.0
2014-12-20 03:00:00,-4.4,989.0,,306.0,62.0
2014-12-20 06:00:00,-5.7,988.3,,272.0,68.6
2014-12-20 09:00:00,,988.3,0.5,40.0,64.0
2014-12-20 12:00:00,-6.8,987.6,4.0,220.0,58.0
2014-12-20 15:00:00,-4.4,987.8,3.0,130.0,52.0
2014-12-20 18:00:00,-5.2,988.8,2.7,139.0,63.9
2014-12-20 21:00:00,,989.5,1.4,223.0,67.0
2014-12-21 00:00:00,,990.0,0.6,145.0,58.0
2014-12-21 03:00:00,,989.7,1.5,80.0,61.0
2014-12-21 06:00:00,-5.4,989.7,2.1,48.0,54.2
2014-12-21 09:00:00,,989.6,0.8,33.0,73.0
2014-12-21 12:00:00,,989.5,0.2,311.0,76.0
2014-12-21 15:00:00,-7.3,988.6,2.9,76.0,77.0
2014-12-21 18:00:00,,988.1,1.3,16.0,83.9
2014-12-21 21:00:00,,987.4,1.9,187.0,80.2
2014-12-22 00:00:00,,986.7,1.3,231.0,76.0
2014-12-22 03:00:00,,985.4,1.9,7.0,73.0
2014-12-22 06:00:00,,984.8,1.2,8.0,73.0
2014-12-22 09:00:00,-6.7,984.9,2.6,304.0,84.6
2014-12-22 12:00:00,,985.7,0.5,219.0,84.0
2014-12-22 15:00:00,,986.1,0.1,320.0,85.5
2014-12-22 18:00:00,,986.3,0.1,235.0,87.0
2014-12-22 21:00:00,-8.0,987.0,4.0,133.0,74.0
2014-12-23 00:00:00,-6.5,988.5,3.8,41.0,75.4
2014-12-23 03:00:00,,989.3,1.5,15.0,79.2
2014-12-23 06:00:00,,990.0,4.7,88.0,78.0
2014-12-23 09:00:00,,991.4,6.1,126.0,81.0
2014-12-23 12:00:00,-8.9,992.3,4.7,115.0,80.1
2014-12-23 15:00:00,-9.2,992.2,4.0,106.0,82.0
2014-12-23 18:00:00,-9.2,992.4,4.2,106.0,82.0
2014-12-23 21:00:00,-10.8,992.4,3.3,65.0,78.0
2014-12-24 00:00:00,,992.0,1.6,32.0,75.0
2014-12-24 03:00:00,,991.0,0.8,242.0,72.5
2014-12-24 06:00:00,,989.8,1.3,242.0,77.0
2014-12-24 09:00:00,,989.3,1.4,303.0,80.0
2014-12-24 12:00:00,-8.2,988.8,2.2,174.0,69.0
2014-12-24 15:00:00,-7.8,988.5,3.0,150.0,70.9
2014-12-24 18:00:00,,989.3,1.6,348.0,75.0
2014-12-24 21:00:00,,989.6,1.0,214.0,60.0
2014-12-25 00:00:00,-7.1,990.0,2.1,350.0,62.1
2014-12-25 03:00:00,,989.5,1.7,15.0,64.9
2014-12-25 06:00:00,,989.0,1.2,10.0,68.0
2014-12-25 09:00:00,,988.1,0.6,246.0,68.4
2014-12-25 12:00:00,,986.9,0.7,41.0,71.8
2014-12-25 15:00:00,,984.5,1.8,46.0,80.0
2014-12-25 18:00:00,-8.9,981.8,2.5,224.0,82.0
2014-12-25 21:00:00,-9.5,980.6,,135.0,81.0
2014-12-26 00:00:00,-8.6,979.9,4.9,137.0,74.9
2014-12-26 03:00:00,-8.7,979.7,4.1,147.0,68.2
2014-12-26 06:00:00,-8.6,980.7,6.9,132.0,68.0
2014-12-26 09:00:00,-8.2,982.5,5.3,134.0,69.0
2014-12-26 12:00:00,-7.5,984.6,4.2,125.0,72.4
2014-12-26 15:00:00,-8.1,986.9,2.1,55.0,81.3
2014-12-26 18:00:00,,988.3,0.6,199.0,77.0
2014-12-26 21:00:00,,989.5,1.0,235.0,68.7
2014-12-27 00:00:00,,989.7,1.8,232.0,71.0
2014-12-27 03:00:00,,989.9,1.4,308.0,66.3
2014-12-27 06:00:00,,990.2,0.8,283.0,59.0
2014-12-27 09:00:00,,990.0,0.6,1.0,79.1
2014-12-27 12:00:00,,989.8,1.6,218.0,85.0
2014-12-27 15:00:00,,989.1,1.6,26.0,97.2
2014-12-27 18:00:00,-7.9,989.3,2.8,54.0,85.0
2014-12-27 21:00:00,,989.2,1.1,355.0,87.0
2014-12-28 00:00:00,-7.0,989.3,3.4,42.0,77.5
2014-12-28 03:00:00,-6.1,989.3,3.8,109.0,77.0
2014-12-28 06:00:00,,989.6,1.2,22.0,74.6
2014-12-28 09:00:00,,989.8,1.1,220.0,80.0
2014-12-28 12:00:00,,989.9,1.2,356.0,85.0
2014-12-28 15:00:00,,989.2,1.2,228.0,84.0
2014-12-28 18:00:00,,989.1,0.0,358.0,89.0
2014-12-28 21:00:00,,989.3,1.0,14.0,74.9
2014-12-29 00:00:00,,989.5,1.3,340.0,78.0
2014-12-29 03:00:00,,989.5,1.4,349.0,77.0
2014-12-29 06:00:00,,989.5,1.0,12.0,76.2
2014-12-29 09:00:00,,989.9,0.4,17.0,73.0
2014-12-29 12:00:00,,989.9,0.8,215.0,74.0
2014-12-29 15:00:00,,989.5,1.9,42.0,87.0
2014-12-29 18:00:00,,989.6,0.1,218.0,90.7
2014-12-29 21:00:00,,990.2,1.8,219.0,83.0
2014-12-30 00:00:00,,990.6,1.9,189.0,
2014-12-30 03:00:00,,991.0,5.6,136.0,73.6
2014-12-30 06:00:00,,991.2,2.9,326.0,72.4
2014-12-30 09:00:00,,992.1,0.7,263.0,75.2
2014-12-30 12:00:00,,992.6,4.7,151.0,76.3
2014-12-30 15:00:00,,992.8,1.0,240.0,87.0
2014-12-30 18:00:00,,993.2,0.4,249.0,82.0
2014-12-30 21:00:00,,993.7,1.5,223.0,83.0
2014-12-31 00:00:00,-10.9,994.0,3.9,120.0,76.5
2014-12-31 03:00:00,,994.0,4.6,124.0,75.0
2014-12-31 06:00:00,,994.2,3.6,24.0,70.5
2014-12-31 09:00:00,-13.6,994.5,2.1,34.0,74.0
2014-12-31 12:00:00,-11.3,994.1,2.4,62.0,74.9
2014-12-31 15:00:00,-10.5,993.6,2.8,44.0,83.1
2014-12-31 18:00:00,-10.7,993.1,2.1,31.0,79.0
2014-12-31 21:00:00,,992.2,1.7,2.0,79.0
2015-01-01 00:00:00,-11.6,991.5,2.6,12.0,76.0
2015-01-01 03:00:00,-12.6,990.5,4.2,41.0,79.1
2015-01-01 06:00:00,-10.6,990.2,4.4,21.0,79.7
2015-01-01 09:00:00,-9.2,989.7,6.7,129.0,77.0
2015-01-01 12:00:00,-8.6,989.4,5.2,151.0,80.0
2015-01-01 15:00:00,-8.4,989.2,,277.0,82.5
2015-01-01 18:00:00,,989.0,0.9,238.0,83.0
2015-01-01 21:00:00,,988.5,2.0,320.0,81.0
2015-01-02 00:00:00,,987.8,,139.0,68.7
2015-01-02 03:00:00,,986.9,6.7,137.0,69.0
2015-01-02 06:00:00,,986.0,6.1,142.0,63.0
2015-01-02 09:00:00,,984.7,4.6,221.0,56.0
2015-01-02 12:00:00,-13.4,983.7,4.5,155.0,58.0
2015-01-02 15:00:00,-14.8,983.4,5.9,256.0,51.0
2015-01-02 18:00:00,-13.1,983.9,7.3,204.0,58.5
2015-01-02 21:00:00,-12.7,984.4,5.7,222.0,78.0
2015-01-03 00:00:00,,984.6,6.7,202.0,42.0
2015-01-03 03:00:00,,985.5,7.4,205.0,43.0
2015-01-03 06:00:00,,986.1,8.1,222.0,51.8
2015-01-03 09:00:00,,987.0,5.9,223.0,52.0
2015-01-03 12:00:00,,987.8,6.8,184.0,37.0
2015-01-03 15:00:00,,988.1,,347.0,60.7
2015-01-03 18:00:00,,989.1,2.0,240.0,42.0
2015-01-03 21:00:00,,989.6,3.3,222.0,53.0
2015-01-04 00:00:00,,990.1,1.5,221.0,44.0
2015-01-04 03:00:00,,990.3,2.9,236.0,35.2
2015-01-04 06:00:00,,990.8,1.9,227.0,44.0
2015-01-04 09:00:00,,991.4,0.4,245.0,72.0
2015-01-04 12:00:00,,991.5,4.2,136.0,69.9
2015-01-04 15:00:00,,992.1,0.7,19.0,91.0
2015-01-04 18:00:00,,992.3,0.5,345.0,83.0
2015-01-04 21:00:00,,991.9,0.0,340.0,81.0
2015-01-05 00:00:00,,991.8,1.1,230.0,79.4
2015-01-05 03:00:00,,991.7,0.8,255.0,71.8
2015-01-05 06:00:00,,991.2,1.4,16.0,72.8
2015-01-05 09:00:00,,990.9,2.9,174.0,70.0
2015-01-05 12:00:00,,991.0,2.7,198.0,84.0
2015-01-05 15:00:00,,990.2,1.4,42.0,87.3
2015-01-05 18:00:00,,990.0,0.8,310.0,89.0
2015-01-05 21:00:00,,990.1,0.6,246.0,95.2
2015-01-06 00:00:00,,989.8,1.2,295.0,96.0
2015-01-06 03:00:00,,989.5,1.0,238.0,95.7
2015-01-06 06:00:00,,989.3,1.4,223.0,91.7
2015-01-06 09:00:00,,988.9,1.0,218.0,90.2
2015-01-06 12:00:00,,988.8,0.4,224.0,93.0
2015-01-06 15:00:00,,988.7,0.9,228.0,93.3
2015-01-06 18:00:00,,989.0,1.4,24.0,84.7
2015-01-06 21:00:00,,990.0,1.1,226.0,87.0
2015-01-07 00:00:00,,990.8,1.5,232.0,87.5
2015-01-07 03:00:00,,991.1,0.7,313.0,83.9
2015-01-07 06:00:00,,990.9,0.6,263.0,76.0
2015-01-07 09:00:00,,991.4,0.6,236.0,84.0
2015-01-07 12:00:00,,991.6,2.7,237.0,91.1
2015-01-07 15:00:00,,991.6,1.1,220.0,85.0
2015-01-07 18:00:00,,992.4,0.4,74.0,65.0
2015-01-07 21:00:00,-13.1,993.2,2.2,12.0,79.2
2015-01-08 00:00:00,,993.6,1.8,196.0,79.0
2015-01-08 03:00:00,,993.5,2.1,222.0,87.5
2015-01-08 06:00:00,,993.1,1.2,19.0,84.0
2015-01-08 09:00:00,,992.7,1.6,218.0,76.8
2015-01-08 12:00:00,,992.0,0.2,48.0,86.0
2015-01-08 15:00:00,,991.1,0.8,332.0,89.0
2015-01-08 18:00:00,,990.3,0.2,270.0,86.3
2015-01-08 21:00:00,,989.4,1.8,138.0,89.0
2015-01-09 00:00:00,-7.9,988.2,3.2,65.0,95.0
2015-01-09 03:00:00,-7.1,987.0,2.9,90.0,92.0
2015-01-09 06:00:00,-5.8,985.5,6.6,121.0,85.5
2015-01-09 09:00:00,-6.4,985.2,,248.0,92.0
2015-01-09 12:00:00,-6.6,984.1,,238.0,96.3
2015-01-09 15:00:00,,983.2,0.5,326.0,97.0
2015-01-09 18:00:00,,982.4,0.3,324.0,95.0
2015-01-09 21:00:00,-4.8,981.7,4.8,136.0,78.7
2015-01-10 00:00:00,,981.5,1.9,116.0,77.0
2015-01-10 03:00:00,-5.6,981.6,,133.0,79.0
2015-01-10 06:00:00,-5.4,982.3,5.3,151.0,78.0
2015-01-10 09:00:00,-7.0,982.9,4.2,106.0,74.4
2015-01-10 12:00:00,-8.6,983.9,3.1,188.0,71.0
2015-01-10 15:00:00,-8.5,984.7,2.5,91.0,77.4
2015-01-10 18:00:00,-9.8,985.4,5.0,156.0,74.0
2015-01-10 21:00:00,-8.9,986.5,4.2,204.0,71.0
2015-01-11 00:00:00,,986.8,1.9,115.0,70.0
2015-01-11 03:00:00,-4.0,986.9,2.7,203.0,72.4
2015-01-11 06:00:00,,986.6,0.7,228.0,72.0
2015-01-11 09:00:00,-4.9,986.8,2.5,132.0,79.0
2015-01-11 12:00:00,-6.5,986.5,3.2,148.0,80.0
2015-01-11 15:00:00,,986.2,1.1,340.0,84.1
2015-01-11 18:00:00,,986.2,0.3,344.0,90.0
2015-01-11 21:00:00,,986.5,0.8,309.0,93.0
2015-01-12 00:00:00,,986.3,1.5,217.0,95.0
2015-01-12 03:00:00,,986.1,1.6,226.0,89.1
2015-01-12 06:00:00,-2.7,986.3,5.0,132.0,83.0
2015-01-12 09:00:00,-4.1,986.7,4.6,146.0,80.0
2015-01-12 12:00:00,-5.3,987.1,2.7,322.0,89.6
2015-01-12 15:00:00,,987.7,0.9,210.0,90.1
2015-01-12 18:00:00,,988.3,1.6,169.0,90.0
2015-01-12 21:00:00,-6.3,989.3,2.5,356.0,85.0
2015-01-13 00:00:00,,989.7,1.4,317.0,85.0
2015-01-13 03:00:00,-2.1,989.9,4.6,151.0,70.0
2015-01-13 06:00:00,,990.4,1.6,204.0,79.0
2015-01-13 09:00:00,,991.1,1.5,330.0,84.0
2015-01-13 12:00:00,,991.7,0.4,360.0,86.0
2015-01-13 15:00:00,,991.5,0.2,3.0,86.6
2015-01-13 18:00:00,,992.1,1.4,154.0,87.0
2015-01-13 21:00:00,,992.6,0.6,233.0,83.0
2015-01-14 00:00:00,,992.8,0.9,252.0,86.1
2015-01-14 03:00:00,,992.9,1.9,164.0,75.5
2015-01-14 06:00:00,-3.9,993.5,,134.0,81.2
2015-01-14 09:00:00,-4.1,994.4,4.0,164.0,80.0
2015-01-14 12:00:00,-4.0,995.1,4.4,138.0,77.0
2015-01-14 15:00:00,,995.6,1.0,14.0,85.4
2015-01-14 18:00:00,,996.4,0.3,330.0,81.1
2015-01-14 21:00:00,,997.4,0.9,227.0,79.0
2015-01-15 00:00:00,,997.8,1.5,231.0,78.0
2015-01-15 03:00:00,,997.9,1.0,204.0,72.6
2015-01-15 06:00:00,,998.3,1.5,224.0,71.1
2015-01-15 09:00:00,-3.1,998.6,4.3,137.0,74.4
2015-01-15 12:00:00,,999.2,1.7,223.0,86.0
2015-01-15 15:00:00,,998.9,0.4,277.0,85.1
2015-01-15 18:00:00,,999.1,0.1,268.0,83.0
2015-01-15 21:00:00,,998.9,1.4,15.0,85.1
2015-01-16 00:00:00,-3.4,998.7,3.3,88.0,88.0
2015-01-16 03:00:00,-3.3,998.1,3.4,52.0,86.0
2015-01-16 06:00:00,-3.9,997.6,4.6,84.0,86.5
2015-01-16 09:00:00,-4.3,997.6,5.4,125.0,82.2
2015-01-16 12:00:00,-4.6,997.7,2.5,92.0,89.8
2015-01-16 15:00:00,-4.7,997.1,4.7,128.0,79.0
2015-01-16 18:00:00,,997.0,1.9,207.0,90.0
2015-01-16 21:00:00,,996.8,0.8,236.0,88.4
2015-01-17 00:00:00,,996.5,0.3,238.0,86.0
2015-01-17 03:00:00,,995.5,1.0,228.0,86.8
2015-01-17 06:00:00,,994.9,0.9,225.0,91.1
2015-01-17 09:00:00,,994.1,0.1,290.0,93.0
2015-01-17 12:00:00,,993.1,0.7,221.0,95.8
2015-01-17 15:00:00,,991.5,0.1,168.0,74.0
2015-01-17 18:00:00,,990.5,1.6,206.0,76.0
2015-01-17 21:00:00,,989.2,1.5,215.0,71.0
2015-01-18 00:00:00,-3.4,987.8,,152.0,64.2
2015-01-18 03:00:00,-3.3,985.6,5.7,164.0,62.0
2015-01-18 06:00:00,-1.8,983.9,5.4,204.0,43.9
2015-01-18 09:00:00,-2.9,982.5,3.6,213.0,56.2
2015-01-18 12:00:00,-3.5,981.6,,213.0,55.0
2015-01-18 15:00:00,-3.8,980.0,6.5,213.0,75.0
2015-01-18 18:00:00,-3.7,980.0,9.5,217.0,54.0
2015-01-18 21:00:00,-3.0,980.4,,210.0,46.0
2015-01-19 00:00:00,-1.1,980.8,8.6,225.0,60.4
2015-01-19 03:00:00,-1.9,981.6,9.7,240.0,58.0
2015-01-19 06:00:00,-1.1,982.7,10.1,214.0,40.0
2015-01-19 09:00:00,-1.8,984.1,8.9,219.0,48.0
2015-01-19 12:00:00,-1.4,986.4,13.1,204.0,46.2
2015-01-19 15:00:00,-0.6,988.8,11.1,204.0,36.4
2015-01-19 18:00:00,-0.2,992.1,12.7,208.0,34.0
2015-01-19 21:00:00,0.7,995.8,10.6,216.0,32.8
2015-01-20 00:00:00,-1.2,998.8,8.6,257.0,64.0
2015-01-20 03:00:00,-0.5,1001.5,,300.0,57.5
2015-01-20 06:00:00,-0.2,1002.9,,360.0,60.0
2015-01-20 09:00:00,-1.9,1002.0,3.7,120.0,69.0
2015-01-20 12:00:00,-3.1,999.7,5.2,127.0,82.0
2015-01-20 15:00:00,,996.0,0.3,346.0,87.1
2015-01-20 18:00:00,,993.0,1.2,230.0,90.4
2015-01-20 21:00:00,,991.4,1.2,348.0,90.0
2015-01-21 00:00:00,-1.9,990.4,2.1,332.0,83.1
2015-01-21 03:00:00,-1.6,989.5,2.0,15.0,75.5
2015-01-21 06:00:00,,989.1,1.8,52.0,61.6
2015-01-21 09:00:00,,988.3,0.9,60.0,67.0
2015-01-21 12:00:00,,987.4,0.1,355.0,87.8
2015-01-21 15:00:00,,985.2,0.4,272.0,91.0
2015-01-21 18:00:00,,984.0,0.1,252.0,85.3
2015-01-21 21:00:00,,983.9,0.5,44.0,83.7
2015-01-22 00:00:00,,983.3,0.6,6.0,75.5
2015-01-22 03:00:00,-0.1,983.3,4.3,23.0,80.0
2015-01-22 06:00:00,-1.9,984.7,,140.0,80.0
2015-01-22 09:00:00,-2.3,985.6,6.7,153.0,65.0
2015-01-22 12:00:00,-2.9,985.0,,337.0,82.0
2015-01-22 15:00:00,-3.8,983.8,,231.0,90.9
2015-01-22 18:00:00,,982.9,1.0,62.0,84.0
2015-01-22 21:00:00,-3.8,982.7,5.7,219.0,80.8
2015-01-23 00:00:00,-2.7,983.4,3.9,230.0,75.8
2015-01-23 03:00:00,-0.2,985.2,,272.0,60.9
2015-01-23 06:00:00,-1.2,987.0,4.2,111.0,58.0
2015-01-23 09:00:00,-2.5,990.0,4.8,163.0,61.8
2015-01-23 12:00:00,-2.8,991.6,3.1,136.0,68.0
2015-01-23 15:00:00,,991.9,0.3,358.0,79.0
2015-01-23 18:00:00,-3.4,990.7,3.2,114.0,75.8
2015-01-23 21:00:00,,989.7,1.7,115.0,73.0
2015-01-24 00:00:00,,988.5,1.5,20.0,72.8
2015-01-24 03:00:00,-3.2,987.2,3.0,79.0,91.3
2015-01-24 06:00:00,-3.5,985.7,5.3,132.0,84.6
2015-01-24 09:00:00,,984.4,1.7,232.0,97.0
2015-01-24 12:00:00,-4.1,983.9,5.2,226.0,86.0
2015-01-24 15:00:00,-4.0,983.4,4.4,224.0,84.0
2015-01-24 18:00:00,-3.8,983.9,4.9,223.0,75.0
2015-01-24 21:00:00,-2.2,985.5,3.4,221.0,70.0
2015-01-25 00:00:00,-2.6,986.8,4.6,240.0,69.0
2015-01-25 03:00:00,-1.1,988.0,3.2,259.0,60.3
2015-01-25 06:00:00,,989.1,0.7,268.0,67.9
2015-01-25 09:00:00,,989.4,1.8,249.0,77.0
2015-01-25 12:00:00,-5.3,990.4,2.7,185.0,70.0
2015-01-25 15:00:00,-6.3,990.4,2.4,275.0,71.0
2015-01-25 18:00:00,,991.0,0.9,237.0,73.9
2015-01-25 21:00:00,,991.0,1.0,233.0,42.0
2015-01-26 00:00:00,,990.8,1.1,61.0,55.8
2015-01-26 03:00:00,-1.5,989.3,2.0,240.0,72.0
2015-01-26 06:00:00,-0.9,988.1,3.0,49.0,84.0
2015-01-26 09:00:00,-2.6,987.3,2.1,231.0,68.0
2015-01-26 12:00:00,,987.5,0.8,236.0,93.0
2015-01-26 15:00:00,-3.7,986.7,2.5,195.0,83.0
2015-01-26 18:00:00,,986.0,1.0,221.0,89.0
2015-01-26 21:00:00,,985.0,0.8,207.0,80.8
2015-01-27 00:00:00,-1.9,984.3,5.0,222.0,71.0
2015-01-27 03:00:00,-2.1,984.1,4.9,212.0,75.0
2015-01-27 06:00:00,-3.1,984.9,5.8,233.0,84.9
2015-01-27 09:00:00,-2.3,986.1,2.9,234.0,68.5
2015-01-27 12:00:00,,987.8,1.8,25.0,67.0
2015-01-27 15:00:00,,988.7,0.4,151.0,70.0
2015-01-27 18:00:00,-3.6,989.3,3.2,212.0,75.0
2015-01-27 21:00:00,,988.9,0.8,266.0,77.9
2015-01-28 00:00:00,,989.1,1.1,248.0,65.0
2015-01-28 03:00:00,,989.2,0.4,340.0,68.0
2015-01-28 06:00:00,,988.7,0.9,31.0,68.0
2015-01-28 09:00:00,,988.5,1.4,236.0,81.2
2015-01-28 12:00:00,,988.9,0.4,27.0,92.5
2015-01-28 15:00:00,,989.2,0.9,238.0,95.0
2015-01-28 18:00:00,,989.3,0.8,232.0,88.0
2015-01-28 21:00:00,,989.5,1.1,32.0,86.0
2015-01-29 00:00:00,,989.5,1.4,11.0,83.3
2015-01-29 03:00:00,,989.0,1.5,241.0,75.4
2015-01-29 06:00:00,,988.9,1.4,15.0,78.0
2015-01-29 09:00:00,,988.8,0.3,349.0,81.0
2015-01-29 12:00:00,,988.6,0.1,243.0,93.1
2015-01-29 15:00:00,,987.9,0.6,256.0,90.7
2015-01-29 18:00:00,,987.0,0.2,236.0,95.0
2015-01-29 21:00:00,-6.3,985.7,2.2,251.0,87.0
2015-01-30 00:00:00,,983.7,2.1,250.0,85.0
2015-01-30 03:00:00,,982.0,1.2,251.0,72.9
2015-01-30 06:00:00,-2.2,981.2,2.2,234.0,77.8
2015-01-30 09:00:00,,980.8,1.1,313.0,77.0
2015-01-30 12:00:00,-2.1,980.4,3.5,232.0,56.0
2015-01-30 15:00:00,,980.4,1.3,147.0,41.3
2015-01-30 18:00:00,-4.0,980.4,5.4,238.0,67.1
2015-01-30 21:00:00,-2.2,981.6,5.8,212.0,62.0
2015-01-31 00:00:00,-3.1,982.4,7.0,230.0,68.0
2015-01-31 03:00:00,-0.5,982.4,7.6,213.0,37.9
2015-01-31 06:00:00,-0.3,983.0,9.0,208.0,32.8
2015-01-31 09:00:00,-1.5,984.0,8.4,212.0,45.0
2015-01-31 12:00:00,-1.2,983.8,4.5,173.0,37.7
2015-01-31 15:00:00,-3.9,983.1,4.8,245.0,59.0
2015-01-31 18:00:00,-3.2,982.8,7.3,238.0,49.4
2015-01-31 21:00:00,-3.4,982.8,5.9,251.0,59.6
2015-02-01 00:00:00,-1.8,983.0,,13.0,58.0
2015-02-01 03:00:00,-0.9,983.0,2.6,34.0,65.0
2015-02-01 06:00:00,,982.9,0.9,21.0,52.2
2015-02-01 09:00:00,,982.9,1.2,240.0,59.0
2015-02-01 12:00:00,,983.2,0.3,348.0,81.0
2015-02-01 15:00:00,,983.0,0.8,234.0,80.9
2015-02-01 18:00:00,,982.8,1.9,238.0,75.0
2015-02-01 21:00:00,-3.9,982.4,3.4,219.0,55.9
2015-02-02 00:00:00,,982.6,2.0,238.0,55.6
2015-02-02 03:00:00,-0.5,982.3,2.1,23.0,51.8
2015-02-02 06:00:00,-1.4,981.8,2.0,55.0,54.8
2015-02-02 09:00:00,-2.3,982.1,2.0,227.0,56.0
2015-02-02 12:00:00,-2.9,982.2,5.1,143.0,69.0
2015-02-02 15:00:00,,981.9,0.7,307.0,68.0
2015-02-02 18:00:00,-2.5,982.1,,208.0,60.8
2015-02-02 21:00:00,-3.4,982.6,2.4,234.0,77.0
2015-02-03 00:00:00,-2.7,982.6,,120.0,79.7
2015-02-03 03:00:00,-2.4,982.4,2.1,263.0,80.9
2015-02-03 06:00:00,-3.1,983.2,5.4,155.0,68.5
2015-02-03 09:00:00,,983.7,1.9,229.0,88.0
2015-02-03 12:00:00,,983.8,1.5,52.0,84.0
2015-02-03 15:00:00,,984.1,0.3,178.0,82.0
2015-02-03 18:00:00,-3.5,984.1,,232.0,73.0
2015-02-03 21:00:00,-3.5,984.9,,229.0,78.0
2015-02-04 00:00:00,-2.4,985.3,8.7,232.0,74.0
2015-02-04 03:00:00,-3.0,986.1,8.6,230.0,87.0
2015-02-04 06:00:00,-3.1,986.9,9.6,228.0,90.7
2015-02-04 09:00:00,-2.0,987.5,10.4,221.0,62.9
2015-02-04 12:00:00,-2.4,988.3,13.9,216.0,64.9
2015-02-04 15:00:00,-3.0,989.3,10.1,228.0,81.0
2015-02-04 18:00:00,-3.2,990.5,,228.0,85.9
2015-02-04 21:00:00,-2.2,990.5,7.4,231.0,67.0
2015-02-05 00:00:00,-2.4,991.6,9.6,208.0,74.1
2015-02-05 03:00:00,-1.8,991.2,7.4,211.0,64.0
2015-02-05 06:00:00,-2.6,990.9,,213.0,64.0
2015-02-05 09:00:00,-3.4,989.9,,225.0,72.0
2015-02-05 12:00:00,-2.9,988.9,17.4,215.0,65.6
2015-02-05 15:00:00,-2.9,988.3,17.7,208.0,63.0
2015-02-05 18:00:00,-1.8,986.2,,206.0,44.0
2015-02-05 21:00:00,0.2,984.2,,207.0,34.0
2015-02-06 00:00:00,1.0,982.5,10.7,202.0,30.0
2015-02-06 03:00:00,0.1,981.1,,221.0,33.0
2015-02-06 06:00:00,-0.5,979.4,,49.0,56.0
2015-02-06 09:00:00,-2.1,978.2,,246.0,61.0
2015-02-06 12:00:00,-0.8,978.1,,202.0,39.0
2015-02-06 15:00:00,-2.3,976.8,5.7,226.0,61.8
2015-02-06 18:00:00,-1.8,976.3,,214.0,45.0
2015-02-06 21:00:00,-3.4,976.3,,248.0,49.0
2015-02-07 00:00:00,-0.6,976.0,9.1,220.0,42.0
2015-02-07 03:00:00,-2.2,976.2,6.6,242.0,71.0
2015-02-07 06:00:00,0.3,975.9,,217.0,48.0
2015-02-07 09:00:00,-1.0,976.1,7.6,236.0,57.9
2015-02-07 12:00:00,-0.4,976.0,8.5,209.0,45.0
2015-02-07 15:00:00,-0.7,976.6,7.8,198.0,52.0
2015-02-07 18:00:00,-3.3,976.8,5.5,235.0,64.6
2015-02-07 21:00:00,-0.4,976.9,10.0,211.0,55.0
2015-02-08 00:00:00,-1.1,977.1,,257.0,57.0
2015-02-08 03:00:00,-1.0,976.7,,323.0,64.8
2015-02-08 06:00:00,,976.2,1.2,290.0,49.0
2015-02-08 09:00:00,,976.3,1.7,261.0,77.0
2015-02-08 12:00:00,,976.4,1.6,229.0,76.0
2015-02-08 15:00:00,,976.3,1.3,239.0,67.0
2015-02-08 18:00:00,0.6,976.2,,208.0,44.0
2015-02-08 21:00:00,-2.0,977.9,4.5,229.0,63.0
2015-02-09 00:00:00,-0.7,978.3,5.1,230.0,59.5
2015-02-09 03:00:00,0.4,979.1,5.8,220.0,66.0
2015-02-09 06:00:00,0.1,980.2,2.7,206.0,57.9
2015-02-09 09:00:00,-1.5,980.8,4.6,233.0,74.0
2015-02-09 12:00:00,-2.4,980.7,2.2,50.0,78.4
2015-02-09 15:00:00,0.2,980.8,6.8,211.0,49.5
2015-02-09 18:00:00,0.2,981.2,,195.0,48.3
2015-02-09 21:00:00,-1.9,981.5,7.5,244.0,60.0
2015-02-10 00:00:00,2.3,980.7,9.1,207.0,39.0
2015-02-10 03:00:00,0.5,981.3,11.6,201.0,56.6
2015-02-10 06:00:00,1.1,980.7,8.9,213.0,43.7
2015-02-10 09:00:00,0.1,981.0,,210.0,51.0
2015-02-10 12:00:00,-0.1,981.3,,208.0,52.0
2015-02-10 15:00:00,-0.5,981.8,13.9,208.0,55.8
2015-02-10 18:00:00,-0.4,983.0,11.8,212.0,48.0
2015-02-10 21:00:00,-1.2,984.3,,232.0,61.2
2015-02-11 00:00:00,-1.4,984.5,,242.0,67.0
2015-02-11 03:00:00,,983.7,1.0,76.0,64.4
2015-02-11 06:00:00,,983.0,0.9,13.0,70.0
2015-02-11 09:00:00,-1.5,982.6,3.8,154.0,69.9
2015-02-11 12:00:00,,982.7,0.1,265.0,88.0
2015-02-11 15:00:00,,982.1,0.5,309.0,91.0
2015-02-11 18:00:00,,982.2,1.1,321.0,89.0
2015-02-11 21:00:00,,982.4,0.2,256.0,82.0
2015-02-12 00:00:00,,982.4,0.4,316.0,77.5
2015-02-12 03:00:00,,982.0,0.8,43.0,69.5
2015-02-12 06:00:00,-2.4,982.0,3.1,124.0,68.5
2015-02-12 09:00:00,-3.3,982.5,5.5,141.0,78.7
2015-02-12 12:00:00,-3.8,982.7,5.2,143.0,75.9
2015-02-12 15:00:00,-3.8,982.5,3.9,133.0,76.0
2015-02-12 18:00:00,,982.7,0.7,337.0,87.6
2015-02-12 21:00:00,,982.8,0.7,14.0,87.8
2015-02-13 00:00:00,,982.5,1.5,41.0,86.0
2015-02-13 03:00:00,,981.3,0.7,49.0,76.9
2015-02-13 06:00:00,,980.2,0.5,74.0,86.1
2015-02-13 09:00:00,,979.1,0.8,247.0,87.8
2015-02-13 12:00:00,,978.2,1.1,258.0,84.0
2015-02-13 15:00:00,-4.7,977.7,2.0,72.0,91.0
2015-02-13 18:00:00,-4.6,977.6,4.9,238.0,72.0
2015-02-13 21:00:00,-3.7,977.8,6.8,224.0,64.7
2015-02-14 00:00:00,-2.4,977.9,6.9,230.0,43.9
2015-02-14 03:00:00,-2.2,978.1,9.1,204.0,47.0
2015-02-14 06:00:00,-4.0,978.5,9.0,236.0,61.0
2015-02-14 09:00:00,-3.5,978.7,11.4,211.0,50.4
2015-02-14 12:00:00,-3.2,978.7,8.8,206.0,43.5
2015-02-14 15:00:00,-2.5,978.0,6.7,193.0,40.0
2015-02-14 18:00:00,-4.6,977.8,,169.0,61.0
2015-02-14 21:00:00,-4.5,978.0,,231.0,62.5
2015-02-15 00:00:00,-4.4,978.7,,246.0,68.8
2015-02-15 03:00:00,-4.4,979.9,8.7,235.0,66.8
2015-02-15 06:00:00,-2.3,981.0,,204.0,55.0
2015-02-15 09:00:00,-4.2,981.9,5.1,235.0,66.0
2015-02-15 12:00:00,-5.0,982.3,2.9,227.0,71.0
2015-02-15 15:00:00,-5.8,983.0,2.8,238.0,64.4
2015-02-15 18:00:00,,983.6,1.7,226.0,66.0
2015-02-15 21:00:00,-5.3,984.4,2.8,228.0,52.6
2015-02-16 00:00:00,,985.5,0.4,348.0,47.0
2015-02-16 03:00:00,-3.1,986.0,2.3,323.0,58.3
2015-02-16 06:00:00,-2.8,986.7,,243.0,55.0
2015-02-16 09:00:00,,987.7,1.7,217.0,43.2
2015-02-16 12:00:00,-4.8,987.8,4.5,232.0,51.6
2015-02-16 15:00:00,,989.0,1.6,229.0,44.0
2015-02-16 18:00:00,-5.9,989.1,2.0,230.0,51.5
2015-02-16 21:00:00,,990.0,1.8,24.0,67.0
2015-02-17 00:00:00,,989.6,1.3,282.0,59.3
2015-02-17 03:00:00,,988.4,0.5,258.0,52.0
2015-02-17 06:00:00,,987.0,1.6,248.0,66.0
2015-02-17 09:00:00,-4.9,986.4,2.0,300.0,75.0
2015-02-17 12:00:00,,986.0,0.7,338.0,82.2
2015-02-17 15:00:00,,985.7,0.4,240.0,77.7
2015-02-17 18:00:00,,986.1,1.5,228.0,87.0
2015-02-17 21:00:00,,986.4,1.3,255.0,79.9
2015-02-18 00:00:00,,986.9,0.8,9.0,72.0
2015-02-18 03:00:00,-3.0,986.9,4.1,156.0,73.3
2015-02-18 06:00:00,,986.9,0.9,12.0,72.0
2015-02-18 09:00:00,,987.1,0.5,320.0,78.0
2015-02-18 12:00:00,,986.3,0.8,170.0,85.0
2015-02-18 15:00:00,,985.3,1.1,241.0,93.6
2015-02-18 18:00:00,,984.2,1.5,325.0,94.5
2015-02-18 21:00:00,,983.3,0.9,296.0,91.0
2015-02-19 00:00:00,,982.4,0.3,299.0,78.0
2015-02-19 03:00:00,,980.9,1.1,236.0,82.5
2015-02-19 06:00:00,,980.2,0.9,234.0,82.8
2015-02-19 09:00:00,,980.2,1.0,244.0,91.2
2015-02-19 12:00:00,,979.9,1.2,215.0,80.0
2015-02-19 15:00:00,,979.7,0.7,199.0,71.0
2015-02-19 18:00:00,,980.1,0.8,233.0,75.8
2015-02-19 21:00:00,-3.8,980.1,4.2,136.0,61.9
2015-02-20 00:00:00,,980.3,1.3,228.0,71.0
2015-02-20 03:00:00,,980.2,0.3,324.0,68.0
2015-02-20 06:00:00,-3.7,979.3,2.0,51.0,64.2
2015-02-20 09:00:00,,978.1,1.7,229.0,91.5
2015-02-20 12:00:00,-5.4,976.6,2.2,236.0,93.0
2015-02-20 15:00:00,,974.7,1.2,206.0,93.0
2015-02-20 18:00:00,,973.5,0.1,228.0,91.0
2015-02-20 21:00:00,,972.3,1.0,239.0,84.4
2015-02-21 00:00:00,,971.3,0.4,255.0,76.4
2015-02-21 03:00:00,,970.4,1.1,330.0,74.2
2015-02-21 06:00:00,,970.3,0.3,18.0,71.9
2015-02-21 09:00:00,,970.4,0.4,237.0,84.0
2015-02-21 12:00:00,,970.8,0.1,3.0,90.3
2015-02-21 15:00:00,,971.2,0.1,311.0,88.0
2015-02-21 18:00:00,,971.4,0.2,200.0,83.0
2015-02-21 21:00:00,,972.1,0.8,254.0,83.0
2015-02-22 00:00:00,,972.8,1.5,23.0,69.4
2015-02-22 03:00:00,-4.9,973.4,,237.0,73.5
2015-02-22 06:00:00,-5.4,974.7,,244.0,71.0
2015-02-22 09:00:00,-4.4,976.7,8.1,250.0,63.0
2015-02-22 12:00:00,-5.1,978.4,5.3,241.0,64.5
2015-02-22 15:00:00,-6.0,979.4,,261.0,66.0
2015-02-22 18:00:00,,979.4,1.2,233.0,62.0
2015-02-22 21:00:00,,979.8,1.1,230.0,64.1
2015-02-23 00:00:00,,980.8,0.4,247.0,57.0
2015-02-23 03:00:00,,982.4,0.4,320.0,69.0
2015-02-23 06:00:00,,985.1,1.1,330.0,81.2
2015-02-23 09:00:00,,987.0,1.6,242.0,80.6
2015-02-23 12:00:00,-6.1,989.2,4.9,196.0,45.0
2015-02-23 15:00:00,,989.7,0.6,219.0,72.3
2015-02-23 18:00:00,,987.6,1.4,251.0,76.0
2015-02-23 21:00:00,,984.8,0.3,34.0,75.0
2015-02-24 00:00:00,,982.1,0.3,286.0,80.4
2015-02-24 03:00:00,-4.2,978.4,4.8,58.0,80.0
2015-02-24 06:00:00,-5.1,975.5,3.2,128.0,80.0
2015-02-24 09:00:00,-6.4,973.4,4.0,232.0,93.0
2015-02-24 12:00:00,-5.3,971.2,,226.0,74.8
2015-02-24 15:00:00,-6.3,970.9,,229.0,79.0
2015-02-24 18:00:00,-6.4,971.4,8.0,235.0,82.0
2015-02-24 21:00:00,-6.4,973.1,10.3,233.0,70.0
2015-02-25 00:00:00,-5.6,974.4,7.1,242.0,62.0
2015-02-25 03:00:00,-4.6,975.7,5.7,242.0,62.1
2015-02-25 06:00:00,-4.8,976.7,2.3,225.0,69.0
2015-02-25 09:00:00,-5.0,977.4,,206.0,55.8
2015-02-25 12:00:00,,978.1,0.2,288.0,67.2
2015-02-25 15:00:00,,978.6,1.4,259.0,81.2
2015-02-25 18:00:00,,979.4,1.2,199.0,74.0
2015-02-25 21:00:00,,980.4,0.5,342.0,76.5
2015-02-26 00:00:00,,981.4,0.7,234.0,77.6
2015-02-26 03:00:00,,981.9,1.2,238.0,76.0
2015-02-26 06:00:00,,982.5,1.9,334.0,84.0
2015-02-26 09:00:00,,982.6,1.4,253.0,84.0
2015-02-26 12:00:00,,982.7,1.0,214.0,83.6
2015-02-26 15:00:00,,982.2,0.6,225.0,92.0
2015-02-26 18:00:00,-6.6,981.8,,244.0,86.0
2015-02-26 21:00:00,-6.5,982.3,,240.0,81.0
2015-02-27 00:00:00,-5.6,983.5,9.7,234.0,72.5
2015-02-27 03:00:00,-4.7,985.4,,244.0,63.6
2015-02-27 06:00:00,-4.7,987.3,,244.0,66.0
2015-02-27 09:00:00,,988.6,1.1,25.0,65.0
2015-02-27 12:00:00,-5.4,989.2,2.6,246.0,68.0
2015-02-27 15:00:00,,988.9,0.2,135.0,65.8
2015-02-27 18:00:00,-4.8,987.8,,214.0,66.0
2015-02-27 21:00:00,-4.9,987.7,,230.0,70.5
2015-02-28 00:00:00,-5.3,987.3,7.7,232.0,73.0
2015-02-28 03:00:00,-4.8,987.2,7.2,234.0,74.1
2015-02-28 06:00:00,-4.7,986.8,6.4,234.0,67.1
2015-02-28 09:00:00,-4.9,987.3,4.2,237.0,61.5
2015-02-28 12:00:00,-5.5,987.6,,105.0,70.0
2015-02-28 15:00:00,-5.4,988.4,2.2,65.0,70.0
2015-02-28 18:00:00,-5.8,989.6,2.1,276.0,71.7
2015-02-28 21:00:00,,991.1,0.8,231.0,73.0
2015-03-01 00:00:00,-4.4,992.2,0.7,358.0,66.9
2015-03-01 03:00:00,-3.9,992.5,0.5,41.0,71.0
2015-03-01 06:00:00,-4.8,992.3,1.6,81.0,67.1
2015-03-01 09:00:00,-5.4,991.4,1.2,237.0,73.0
2015-03-01 12:00:00,-5.4,990.3,0.8,245.0,72.0
2015-03-01 15:00:00,-6.0,989.4,1.2,204.0,81.0
2015-03-01 18:00:00,-7.7,988.8,,,93.0
2015-03-01 21:00:00,-7.3,988.3,2.0,230.0,91.8
2015-03-02 00:00:00,-7.2,987.8,1.2,259.0,84.0
2015-03-02 03:00:00,-7.5,987.0,1.0,262.0,76.8
2015-03-02 06:00:00,-7.7,986.0,1.6,227.0,75.0
2015-03-02 09:00:00,-7.9,985.1,2.9,245.0,69.6
2015-03-02 12:00:00,-8.1,984.3,0.2,287.0,83.0
2015-03-02 15:00:00,-9.9,983.2,2.1,172.0,69.0
2015-03-02 18:00:00,-12.0,982.0,0.2,22.0,73.0
2015-03-02 21:00:00,-9.7,980.6,0.5,184.0,70.9
2015-03-03 00:00:00,-9.4,979.3,1.8,222.0,77.3
2015-03-03 03:00:00,-9.0,976.8,2.3,238.0,79.7
2015-03-03 06:00:00,-8.1,974.9,0.8,270.0,67.0
2015-03-03 09:00:00,-9.2,974.8,1.1,187.0,66.7
2015-03-03 12:00:00,-12.3,975.2,1.8,214.0,75.0
2015-03-03 15:00:00,-10.8,976.0,0.4,225.0,53.0
2015-03-03 18:00:00,-11.4,976.8,1.1,165.0,62.0
2015-03-03 21:00:00,-11.8,977.6,1.4,229.0,67.0
2015-03-04 00:00:00,-8.0,979.1,1.1,254.0,66.0
2015-03-04 03:00:00,-7.6,980.1,1.6,213.0,74.0
2015-03-04 06:00:00,-8.2,981.5,0.2,238.0,76.0
2015-03-04 09:00:00,-9.4,983.2,0.2,204.0,82.0
2015-03-04 12:00:00,-11.4,984.8,0.7,229.0,85.6
2015-03-04 15:00:00,-10.4,986.6,1.5,234.0,70.0
2015-03-04 18:00:00,-10.4,989.1,2.6,231.0,68.0
2015-03-04 21:00:00,-9.8,991.1,3.6,224.0,71.2
2015-03-05 00:00:00,-7.6,993.2,6.2,235.0,72.0
2015-03-05 03:00:00,-6.5,994.0,6.6,222.0,71.0
2015-03-05 06:00:00,-5.8,995.0,3.1,210.0,63.0
2015-03-05 09:00:00,-5.2,995.9,2.4,236.0,68.5
2015-03-05 12:00:00,-4.6,996.6,6.5,229.0,69.0
2015-03-05 15:00:00,-4.1,997.3,3.7,247.0,59.6
2015-03-05 18:00:00,-4.5,997.8,,169.0,67.0
2015-03-05 21:00:00,-4.7,998.2,1.0,266.0,75.0
2015-03-06 00:00:00,-3.7,998.1,0.4,330.0,75.1
2015-03-06 03:00:00,-3.8,997.7,1.3,284.0,77.7
2015-03-06 06:00:00,-4.6,996.9,1.3,219.0,80.0
2015-03-06 09:00:00,-5.0,996.4,2.1,225.0,71.0
2015-03-06 12:00:00,-7.5,995.6,1.3,229.0,71.6
2015-03-06 15:00:00,-9.5,994.4,,,82.0
2015-03-06 18:00:00,-10.8,993.8,1.1,231.0,83.3
2015-03-06 21:00:00,-9.4,993.9,0.3,244.0,80.0
2015-03-07 00:00:00,-6.0,993.1,0.1,12.0,66.0
2015-03-07 03:00:00,-6.4,992.1,1.2,233.0,69.4
2015-03-07 06:00:00,-5.5,991.3,1.8,231.0,70.9
2015-03-07 09:00:00,-5.9,991.9,1.1,233.0,77.0
2015-03-07 12:00:00,-6.5,992.8,1.4,226.0,83.0
2015-03-07 15:00:00,-7.3,993.6,1.2,230.0,74.3
2015-03-07 18:00:00,-7.1,994.1,0.8,243.0,76.8
2015-03-07 21:00:00,-6.0,994.6,0.8,213.0,76.0
2015-03-08 00:00:00,-4.3,994.3,0.0,272.0,68.6
2015-03-08 03:00:00,-4.7,993.8,0.5,252.0,80.0
2015-03-08 06:00:00,-5.4,993.3,1.7,241.0,86.1
2015-03-08 09:00:00,-5.2,992.7,1.0,284.0,83.0
2015-03-08 12:00:00,-6.5,992.3,1.3,6.0,85.0
2015-03-08 15:00:00,-5.7,991.9,1.5,309.0,89.0
2015-03-08 18:00:00,-6.6,992.3,0.7,331.0,88.7
2015-03-08 21:00:00,-6.7,992.7,1.3,292.0,89.3
2015-03-09 00:00:00,-6.4,993.5,1.8,19.0,90.0
2015-03-09 03:00:00,-5.7,994.0,2.2,145.0,80.8
2015-03-09 06:00:00,-5.9,995.1,1.8,149.0,82.7
2015-03-09 09:00:00,-6.1,996.8,0.6,270.0,83.0
2015-03-09 12:00:00,-6.3,997.9,1.3,256.0,84.0
2015-03-09 15:00:00,-6.4,999.0,3.5,242.0,86.0
2015-03-09 18:00:00,-6.6,1000.3,2.3,246.0,86.0
2015-03-09 21:00:00,-5.8,1001.7,2.6,247.0,84.0
2015-03-10 00:00:00,-4.8,1002.5,2.6,245.0,81.3
2015-03-10 03:00:00,-4.7,1002.4,1.4,306.0,84.6
2015-03-10 06:00:00,-4.8,1002.4,0.2,240.0,86.0
2015-03-10 09:00:00,-5.9,1002.2,0.1,237.0,90.4
2015-03-10 12:00:00,-6.4,1001.1,0.9,213.0,92.0
2015-03-10 15:00:00,-6.8,999.5,,,93.0
2015-03-10 18:00:00,-7.5,997.4,1.1,222.0,94.2
2015-03-10 21:00:00,-6.4,994.9,,,90.0
2015-03-11 00:00:00,-4.6,992.3,0.8,240.0,72.1
2015-03-11 03:00:00,-4.7,989.6,0.8,240.0,75.0
2015-03-11 06:00:00,-6.2,987.6,0.1,248.0,83.1
2015-03-11 09:00:00,-8.1,987.1,0.7,193.0,86.0
2015-03-11 12:00:00,-9.1,987.7,0.1,196.0,87.4
2015-03-11 15:00:00,-10.4,989.0,0.0,249.0,84.0
2015-03-11 18:00:00,-9.0,990.8,0.5,160.0,77.0
2015-03-11 21:00:00,-8.8,991.7,0.5,3.0,76.0
2015-03-12 00:00:00,-8.8,991.6,1.9,33.0,75.0
2015-03-12 03:00:00,-9.7,989.7,,240.0,74.3
2015-03-12 06:00:00,-9.6,989.8,,212.0,71.8
2015-03-12 09:00:00,-8.6,989.8,,220.0,64.0
2015-03-12 12:00:00,-10.9,991.1,,243.0,72.0
2015-03-12 15:00:00,-11.6,992.3,0.7,211.0,71.0
2015-03-12 18:00:00,-10.9,992.9,1.2,127.0,83.0
2015-03-12 21:00:00,-11.1,992.5,1.6,240.0,85.0
2015-03-13 00:00:00,-10.7,990.6,1.3,229.0,72.0
2015-03-13 03:00:00,-9.2,990.2,1.7,352.0,74.0
2015-03-13 06:00:00,-10.5,990.2,4.8,142.0,74.0
2015-03-13 09:00:00,-11.5,990.0,0.8,360.0,80.5
2015-03-13 12:00:00,-11.8,989.0,1.1,298.0,82.4
2015-03-13 15:00:00,-12.0,988.3,2.0,207.0,81.0
2015-03-13 18:00:00,-12.5,987.4,0.3,197.0,85.0
2015-03-13 21:00:00,-13.1,985.0,3.7,244.0,82.0
2015-03-14 00:00:00,-11.9,983.4,2.8,250.0,83.0
2015-03-14 03:00:00,-8.5,982.5,4.6,234.0,72.0
2015-03-14 06:00:00,-9.8,982.8,4.4,227.0,68.0
2015-03-14 09:00:00,-11.0,983.8,7.6,336.0,73.0
2015-03-14 12:00:00,-11.5,985.5,,242.0,70.7
2015-03-14 15:00:00,-11.0,986.7,5.6,235.0,67.7
2015-03-14 18:00:00,-11.3,988.7,,232.0,58.0
2015-03-14 21:00:00,-12.1,990.5,4.1,223.0,62.0
2015-03-15 00:00:00,-12.6,992.4,5.1,243.0,69.0
2015-03-15 03:00:00,-12.5,993.1,5.0,242.0,64.3
2015-03-15 06:00:00,-12.1,992.9,2.8,237.0,62.0
2015-03-15 09:00:00,-12.8,992.7,3.2,148.0,65.0
2015-03-15 12:00:00,-13.0,991.6,1.6,158.0,73.6
2015-03-15 15:00:00,-12.8,990.1,1.3,261.0,78.0
2015-03-15 18:00:00,-13.3,987.5,3.7,234.0,80.4
2015-03-15 21:00:00,-14.0,984.2,1.8,220.0,72.0
2015-03-16 00:00:00,-12.8,981.9,3.3,239.0,72.6
2015-03-16 03:00:00,-10.6,980.8,1.7,228.0,72.6
2015-03-16 06:00:00,-11.1,982.6,2.0,313.0,79.8
2015-03-16 09:00:00,-12.3,982.7,0.5,263.0,83.0
2015-03-16 12:00:00,-12.1,982.9,0.6,209.0,80.0
2015-03-16 15:00:00,-12.0,983.3,0.5,248.0,83.0
2015-03-16 18:00:00,-12.7,984.8,1.0,260.0,87.0
2015-03-16 21:00:00,-14.1,987.0,1.3,139.0,82.6
2015-03-17 00:00:00,-15.2,989.4,4.3,172.0,77.0
2015-03-17 03:00:00,-16.0,991.3,,148.0,70.4
2015-03-17 06:00:00,-16.5,993.2,5.1,150.0,66.3
2015-03-17 09:00:00,-16.8,995.2,2.5,135.0,58.0
2015-03-17 12:00:00,-17.9,996.7,1.1,232.0,62.0
2015-03-17 15:00:00,-18.4,998.2,1.8,228.0,61.5
2015-03-17 18:00:00,-18.8,998.7,2.8,232.0,55.0
2015-03-17 21:00:00,-18.4,998.9,4.0,240.0,60.0
2015-03-18 00:00:00,-17.1,999.2,0.6,230.0,47.1
2015-03-18 03:00:00,-16.7,998.6,0.8,213.0,56.1
2015-03-18 06:00:00,-16.6,999.0,1.7,224.0,61.0
2015-03-18 09:00:00,-19.6,998.4,2.0,222.0,73.0
2015-03-18 12:00:00,-18.9,996.7,1.9,191.0,66.0
2015-03-18 15:00:00,-19.6,995.7,1.6,223.0,63.0
2015-03-18 18:00:00,-21.4,994.4,1.5,205.0,77.0
2015-03-18 21:00:00,-18.6,994.3,1.3,255.0,68.0
2015-03-19 00:00:00,,997.6,1.1,279.0,61.0
2015-03-19 03:00:00,,1000.7,1.2,225.0,62.7
2015-03-19 06:00:00,-14.7,1001.4,0.4,20.0,67.9
2015-03-19 09:00:00,-16.3,1001.2,0.8,260.0,77.0
2015-03-19 12:00:00,-15.8,1000.3,3.1,229.0,77.0
2015-03-19 15:00:00,-15.3,998.0,3.1,243.0,67.0
2015-03-19 18:00:00,-15.1,997.0,1.0,199.0,57.2
2015-03-19 21:00:00,-15.7,996.8,2.2,248.0,75.0
2015-03-20 00:00:00,-14.1,996.9,1.4,231.0,67.0
2015-03-20 03:00:00,-13.5,998.7,2.1,248.0,68.8
2015-03-20 06:00:00,-12.8,999.0,0.6,228.0,67.8
2015-03-20 09:00:00,-11.6,999.0,,,54.0
2015-03-20 12:00:00,-12.3,997.8,2.2,243.0,79.9
2015-03-20 15:00:00,-12.8,995.6,0.9,234.0,89.0
2015-03-20 18:00:00,-12.8,993.7,1.5,235.0,89.0
2015-03-20 21:00:00,-11.9,992.1,1.0,237.0,86.1
2015-03-21 00:00:00,-10.9,990.6,1.0,233.0,82.2
2015-03-21 03:00:00,-10.0,989.3,0.2,232.0,69.8
2015-03-21 06:00:00,-10.4,989.2,4.8,146.0,75.0
2015-03-21 09:00:00,-11.1,989.2,2.3,143.0,76.9
2015-03-21 12:00:00,-11.4,989.1,4.9,141.0,76.9
2015-03-21 15:00:00,-11.6,989.0,1.5,91.0,78.0
2015-03-21 18:00:00,-11.6,988.6,,,77.0
2015-03-21 21:00:00,-11.2,987.5,0.1,164.0,74.4
2015-03-22 00:00:00,-11.9,985.7,0.8,176.0,71.6
2015-03-22 03:00:00,-11.9,984.0,0.9,245.0,80.0
2015-03-22 06:00:00,-12.7,982.5,2.0,240.0,81.0
2015-03-22 09:00:00,-15.4,980.7,1.4,230.0,81.7
2015-03-22 12:00:00,-13.9,978.8,1.0,236.0,76.5
2015-03-22 15:00:00,-13.3,977.1,2.7,242.0,77.4
2015-03-22 18:00:00,-12.0,975.9,2.3,248.0,81.0
2015-03-22 21:00:00,-11.7,975.5,3.2,229.0,81.0
2015-03-23 00:00:00,-12.0,975.1,0.6,194.0,78.0
2015-03-23 03:00:00,-11.5,974.1,1.8,239.0,72.0
2015-03-23 06:00:00,-11.9,973.7,1.8,240.0,76.0
2015-03-23 09:00:00,-12.2,973.6,0.9,60.0,76.0
2015-03-23 12:00:00,-12.6,973.2,3.0,121.0,73.0
2015-03-23 15:00:00,-12.9,972.3,0.5,311.0,83.8
2015-03-23 18:00:00,-13.2,971.1,0.9,184.0,72.0
2015-03-23 21:00:00,-13.1,969.2,3.3,143.0,71.0
2015-03-24 00:00:00,-12.9,967.2,1.7,356.0,79.0
2015-03-24 03:00:00,-12.7,964.8,0.0,187.0,78.0
2015-03-24 06:00:00,-13.4,962.8,2.1,225.0,80.0
2015-03-24 09:00:00,-13.8,961.5,4.2,244.0,79.0
2015-03-24 12:00:00,-13.1,961.4,1.2,39.0,83.0
2015-03-24 15:00:00,-13.5,962.1,0.5,221.0,84.0
2015-03-24 18:00:00,-12.7,963.4,1.2,172.0,84.0
2015-03-24 21:00:00,-12.6,965.3,1.3,148.0,78.0
2015-03-25 00:00:00,-13.1,967.4,1.4,247.0,79.2
2015-03-25 03:00:00,-13.6,969.6,2.9,239.0,77.9
2015-03-25 06:00:00,-14.0,971.5,3.2,241.0,76.2
2015-03-25 09:00:00,-14.0,973.7,1.2,270.0,77.0
2015-03-25 12:00:00,-14.2,975.5,0.1,72.0,75.3
2015-03-25 15:00:00,-14.6,977.1,1.0,80.0,77.0
2015-03-25 18:00:00,-14.8,978.9,1.7,254.0,70.0
2015-03-25 21:00:00,-15.0,980.3,,240.0,74.0
2015-03-26 00:00:00,-13.7,981.7,,243.0,63.0
2015-03-26 03:00:00,-12.9,982.8,7.4,249.0,61.3
2015-03-26 06:00:00,-13.4,984.0,7.8,236.0,65.0
2015-03-26 09:00:00,-12.9,984.8,4.5,238.0,64.0
2015-03-26 12:00:00,-12.3,985.4,3.1,237.0,65.0
2015-03-26 15:00:00,-12.6,986.3,1.1,217.0,67.3
2015-03-26 18:00:00,-13.5,986.6,0.3,256.0,68.0
2015-03-26 21:00:00,-12.8,986.5,0.0,281.0,69.0
2015-03-27 00:00:00,-12.2,986.0,,,63.0
2015-03-27 03:00:00,-12.4,985.3,1.1,330.0,72.0
2015-03-27 06:00:00,-12.8,984.6,2.4,236.0,74.4
2015-03-27 09:00:00,-12.8,983.3,0.4,158.0,70.0
2015-03-27 12:00:00,-15.4,980.8,0.9,228.0,74.0
2015-03-27 15:00:00,-16.4,978.8,0.2,108.0,77.0
2015-03-27 18:00:00,-16.4,978.7,0.7,209.0,77.0
2015-03-27 21:00:00,-14.8,979.5,,238.0,71.0
2015-03-28 00:00:00,-14.4,980.2,,242.0,63.5
2015-03-28 03:00:00,-14.7,980.8,,42.0,66.8
2015-03-28 06:00:00,-16.2,981.6,,191.0,54.3
2015-03-28 09:00:00,-16.6,982.1,3.0,237.0,60.0
2015-03-28 12:00:00,-17.8,982.0,3.2,241.0,59.0
2015-03-28 15:00:00,-18.1,982.8,0.5,200.0,54.0
2015-03-28 18:00:00,-19.6,983.7,0.7,176.0,55.0
2015-03-28 21:00:00,-21.5,984.5,0.9,62.0,82.0
2015-03-29 00:00:00,-18.5,985.5,1.1,227.0,66.0
2015-03-29 03:00:00,-18.5,985.5,1.2,227.0,70.6
2015-03-29 06:00:00,-20.6,985.4,0.9,241.0,79.3
2015-03-29 09:00:00,-21.7,985.3,0.5,228.0,77.1
2015-03-29 12:00:00,-20.2,984.8,1.2,233.0,71.0
2015-03-29 15:00:00,-18.1,983.4,2.0,230.0,72.8
2015-03-29 18:00:00,-17.1,982.0,1.1,213.0,71.0
2015-03-29 21:00:00,-16.0,981.0,0.0,80.0,77.0
2015-03-30 00:00:00,-14.5,981.8,0.7,24.0,59.9
2015-03-30 03:00:00,-15.7,983.5,3.5,268.0,57.0
2015-03-30 06:00:00,-16.1,985.4,1.5,327.0,58.0
2015-03-30 09:00:00,-17.1,986.7,0.0,26.0,74.0
2015-03-30 12:00:00,-17.6,987.6,0.1,216.0,78.9
2015-03-30 15:00:00,-19.6,988.1,0.1,200.0,77.0
2015-03-30 18:00:00,-20.1,988.7,0.0,6.0,77.0
2015-03-30 21:00:00,-21.0,989.4,0.0,203.0,79.0
2015-03-31 00:00:00,-19.1,990.1,1.6,234.0,76.0
2015-03-31 03:00:00,-17.3,990.4,2.0,240.0,81.0
2015-03-31 06:00:00,-16.8,989.7,0.9,269.0,86.0
2015-03-31 09:00:00,-15.9,988.3,,,87.0
2015-03-31 12:00:00,-12.2,986.4,1.2,2.0,77.0
2015-03-31 15:00:00,-13.5,984.5,4.4,134.0,73.8
2015-03-31 18:00:00,-13.7,983.2,5.7,129.0,73.0
2015-03-31 21:00:00,-12.9,983.0,1.6,220.0,80.0
2015-04-01 00:00:00,-12.8,983.0,3.7,210.0,70.8
2015-04-01 03:00:00,-12.6,982.4,2.1,199.0,74.0
2015-04-01 06:00:00,-11.9,983.8,,216.0,60.1
2015-04-01 09:00:00,-13.0,985.9,,224.0,79.0
2015-04-01 12:00:00,-13.0,987.7,,213.0,74.8
2015-04-01 15:00:00,-12.8,988.7,18.7,207.0,72.0
2015-04-01 18:00:00,-12.5,989.1,19.0,207.0,68.0
2015-04-01 21:00:00,-12.2,990.9,18.1,213.0,60.0
2015-04-02 00:00:00,-12.1,991.5,,226.0,50.3
2015-04-02 03:00:00,-13.1,992.3,,214.0,60.0
2015-04-02 06:00:00,-15.4,992.4,,57.0,67.0
2015-04-02 09:00:00,-15.8,992.1,1.0,157.0,64.0
2015-04-02 12:00:00,-19.7,991.1,0.0,70.0,79.4
2015-04-02 15:00:00,,989.8,0.2,356.0,80.8
2015-04-02 18:00:00,-20.9,988.0,1.0,232.0,81.0
2015-04-02 21:00:00,-21.4,986.9,1.4,230.0,82.1
2015-04-03 00:00:00,-19.0,985.7,0.3,272.0,78.0
2015-04-03 03:00:00,-18.7,984.9,0.2,234.0,75.9
2015-04-03 06:00:00,-18.3,984.5,2.1,237.0,81.0
2015-04-03 09:00:00,-17.4,984.4,1.1,258.0,79.0
2015-04-03 12:00:00,-17.7,984.4,,,83.0
2015-04-03 15:00:00,-17.4,984.3,0.3,277.0,72.2
2015-04-03 18:00:00,-18.1,984.1,2.7,128.0,67.2
2015-04-03 21:00:00,-19.4,985.4,2.4,158.0,63.0
2015-04-04 00:00:00,-18.7,985.9,1.7,15.0,60.1
2015-04-04 03:00:00,-18.9,986.9,0.1,307.0,61.9
2015-04-04 06:00:00,-20.3,987.1,1.4,149.0,67.0
2015-04-04 09:00:00,-20.7,987.5,0.2,327.0,77.0
2015-04-04 12:00:00,-22.1,987.6,,142.0,68.0
2015-04-04 15:00:00,-23.4,987.9,,0.0,70.5
2015-04-04 18:00:00,-24.8,988.0,,163.0,76.5
2015-04-04 21:00:00,-25.3,988.8,4.1,360.0,75.8
2015-04-05 00:00:00,-24.3,988.9,0.9,288.0,70.0
2015-04-05 03:00:00,-23.5,988.7,,,60.6
2015-04-05 06:00:00,-26.3,987.9,0.1,277.0,75.3
2015-04-05 09:00:00,-25.9,986.4,1.8,155.0,67.8
2015-04-05 12:00:00,-26.9,985.1,0.9,204.0,75.0
2015-04-05 15:00:00,-26.5,984.1,0.2,96.0,73.0
2015-04-05 18:00:00,-26.0,984.4,1.5,272.0,73.8
2015-04-05 21:00:00,-25.7,985.7,1.2,203.0,64.0
2015-04-06 00:00:00,-24.9,986.8,3.2,238.0,58.8
2015-04-06 03:00:00,-23.8,987.8,1.2,235.0,51.3
2015-04-06 06:00:00,-24.1,989.3,1.2,349.0,64.0
2015-04-06 09:00:00,-23.3,990.8,0.8,245.0,59.1
2015-04-06 12:00:00,-23.6,992.1,1.7,224.0,66.0
2015-04-06 15:00:00,-23.6,994.0,1.1,263.0,71.0
2015-04-06 18:00:00,-24.5,995.4,1.1,226.0,70.0
2015-04-06 21:00:00,-24.2,996.7,0.0,230.0,67.0
2015-04-07 00:00:00,-23.8,997.4,2.8,232.0,62.0
2015-04-07 03:00:00,-22.3,997.7,1.8,229.0,63.4
2015-04-07 06:00:00,-23.4,998.9,0.2,207.0,71.0
2015-04-07 09:00:00,-23.0,999.8,2.4,230.0,67.2
2015-04-07 12:00:00,-22.8,998.8,1.8,249.0,72.7
2015-04-07 15:00:00,-21.3,997.8,1.8,230.0,71.0
2015-04-07 18:00:00,-20.2,996.5,0.3,239.0,67.0
2015-04-07 21:00:00,-20.0,995.0,1.0,269.0,82.0
2015-04-08 00:00:00,-19.0,993.6,0.1,195.0,83.0
2015-04-08 03:00:00,-15.2,991.9,1.4,64.0,85.9
2015-04-08 06:00:00,,991.3,3.3,149.0,68.9
2015-04-08 09:00:00,-13.7,991.5,,221.0,80.0
2015-04-08 12:00:00,-15.0,990.8,,228.0,84.9
2015-04-08 15:00:00,-14.9,990.4,9.2,240.0,82.0
2015-04-08 18:00:00,-14.5,989.3,11.4,241.0,81.0
2015-04-08 21:00:00,-13.4,988.3,9.5,241.0,78.0
2015-04-09 00:00:00,-11.9,988.4,13.7,212.0,57.4
2015-04-09 03:00:00,-13.8,987.6,,239.0,78.0
2015-04-09 06:00:00,-15.0,989.0,11.1,227.0,85.0
2015-04-09 09:00:00,-14.8,988.9,10.2,232.0,80.0
2015-04-09 12:00:00,-14.3,988.6,,35.0,84.0
2015-04-09 15:00:00,-14.1,989.1,,357.0,76.0
2015-04-09 18:00:00,-13.6,989.6,,230.0,69.0
2015-04-09 21:00:00,-14.7,990.3,,108.0,69.0
2015-04-10 00:00:00,-14.3,990.6,,71.0,67.0
2015-04-10 03:00:00,-15.0,990.5,1.3,35.0,74.0
2015-04-10 06:00:00,-15.6,991.3,1.5,84.0,76.0
2015-04-10 09:00:00,-17.2,991.2,0.1,285.0,79.0
2015-04-10 12:00:00,-18.0,991.0,3.0,55.0,73.0
2015-04-10 15:00:00,-17.5,990.9,2.2,145.0,63.9
2015-04-10 18:00:00,-20.3,991.5,0.1,11.0,76.0
2015-04-10 21:00:00,-20.3,992.0,1.8,71.0,77.0
2015-04-11 00:00:00,-20.6,993.0,0.4,307.0,67.0
2015-04-11 03:00:00,-20.2,993.6,0.9,35.0,67.2
2015-04-11 06:00:00,-23.5,994.2,,,79.0
2015-04-11 09:00:00,-24.3,995.0,0.7,180.0,76.0
2015-04-11 12:00:00,-24.6,994.6,0.0,118.0,76.4
2015-04-11 15:00:00,-23.5,994.0,0.6,135.0,73.0
2015-04-11 18:00:00,-26.5,994.0,0.2,233.0,75.0
2015-04-11 21:00:00,-27.4,993.8,0.2,29.0,76.0
2015-04-12 00:00:00,-23.9,993.6,0.1,202.0,66.0
2015-04-12 03:00:00,-24.3,992.6,0.0,346.0,63.0
2015-04-12 06:00:00,-26.3,991.4,0.4,240.0,72.4
2015-04-12 09:00:00,-26.8,990.7,0.4,211.0,74.0
2015-04-12 12:00:00,-22.3,989.7,4.3,130.0,54.0
2015-04-12 15:00:00,-24.6,987.7,0.7,190.0,74.0
2015-04-12 18:00:00,-24.5,984.7,,,77.0
2015-04-12 21:00:00,-24.2,982.6,0.8,245.0,74.0
2015-04-13 00:00:00,-24.2,981.6,1.4,196.0,71.0
2015-04-13 03:00:00,-23.4,981.1,1.7,180.0,58.4
2015-04-13 06:00:00,-23.6,981.8,3.4,242.0,55.5
2015-04-13 09:00:00,-23.9,982.0,2.6,136.0,57.0
2015-04-13 12:00:00,-25.9,982.3,2.8,47.0,62.0
2015-04-13 15:00:00,-26.0,982.7,3.5,266.0,51.8
2015-04-13 18:00:00,-26.5,983.9,0.9,145.0,53.7
2015-04-13 21:00:00,-27.0,985.0,1.4,130.0,56.0
2015-04-14 00:00:00,-27.1,986.1,0.3,121.0,55.7
2015-04-14 03:00:00,-26.3,986.1,2.4,38.0,53.7
2015-04-14 06:00:00,-26.2,987.1,0.1,60.0,50.6
2015-04-14 09:00:00,-26.0,989.1,3.1,206.0,41.7
2015-04-14 12:00:00,-28.8,990.2,0.4,242.0,59.0
2015-04-14 15:00:00,-27.2,991.1,2.7,234.0,49.0
2015-04-14 18:00:00,-28.6,991.2,2.6,221.0,56.0
2015-04-14 21:00:00,-29.8,990.4,2.4,244.0,63.8
2015-04-15 00:00:00,-25.8,988.7,2.1,208.0,41.0
2015-04-15 03:00:00,-26.7,986.8,1.6,214.0,58.0
2015-04-15 06:00:00,-26.1,987.0,0.9,207.0,58.0
2015-04-15 09:00:00,-27.1,985.5,1.4,236.0,63.2
2015-04-15 12:00:00,-28.5,984.3,0.5,252.0,66.0
2015-04-15 15:00:00,-29.3,983.0,1.2,222.0,66.8
2015-04-15 18:00:00,-29.8,982.4,0.0,244.0,69.2
2015-04-15 21:00:00,-29.0,982.1,0.1,234.0,68.0
2015-04-16 00:00:00,-29.0,982.6,3.3,232.0,72.2
2015-04-16 03:00:00,-26.5,981.8,,,75.7
2015-04-16 06:00:00,-27.4,980.6,1.7,237.0,74.5
2015-04-16 09:00:00,-29.7,978.0,1.6,228.0,74.0
2015-04-16 12:00:00,-30.8,976.0,0.4,19.0,72.0
2015-04-16 15:00:00,-28.9,973.0,0.8,218.0,73.0
2015-04-16 18:00:00,-27.6,972.6,0.0,170.0,76.0
2015-04-16 21:00:00,-27.2,973.0,,,75.0
2015-04-17 00:00:00,-25.0,973.8,0.9,238.0,78.0
2015-04-17 03:00:00,-25.6,974.5,1.5,215.0,77.5
2015-04-17 06:00:00,-26.4,975.0,1.2,241.0,76.0
2015-04-17 09:00:00,-25.8,975.2,2.6,230.0,77.5
2015-04-17 12:00:00,-24.3,974.3,1.2,240.0,79.0
2015-04-17 15:00:00,-21.4,974.1,1.2,101.0,78.0
2015-04-17 18:00:00,-21.7,975.1,0.1,158.0,77.1
2015-04-17 21:00:00,-21.4,975.9,0.5,302.0,69.0
2015-04-18 00:00:00,-20.7,977.6,1.1,249.0,71.0
2015-04-18 03:00:00,-21.3,977.5,3.1,211.0,70.0
2015-04-18 06:00:00,-25.2,977.3,1.2,226.0,71.0
2015-04-18 09:00:00,-23.4,977.4,0.3,270.0,60.6
2015-04-18 12:00:00,-22.8,977.4,1.8,268.0,58.1
2015-04-18 15:00:00,-20.0,977.6,1.2,294.0,52.0
2015-04-18 18:00:00,-19.8,979.1,1.2,206.0,64.0
2015-04-18 21:00:00,-21.7,980.0,0.3,152.0,73.0
2015-04-19 00:00:00,-19.9,980.3,1.9,217.0,73.1
2015-04-19 03:00:00,-20.8,979.7,0.8,208.0,78.4
2015-04-19 06:00:00,-22.4,978.9,0.1,323.0,77.0
2015-04-19 09:00:00,-23.6,978.1,0.8,231.0,78.0
2015-04-19 12:00:00,-25.2,977.3,0.6,254.0,77.7
2015-04-19 15:00:00,-22.0,976.1,0.4,250.0,76.9
2015-04-19 18:00:00,-23.4,975.2,0.1,322.0,79.0
2015-04-19 21:00:00,-24.9,975.1,,,78.0
2015-04-20 00:00:00,-23.6,976.2,1.7,50.0,70.3
2015-04-20 03:00:00,-24.3,977.5,0.4,310.0,68.2
2015-04-20 06:00:00,-24.9,979.2,2.5,78.0,63.0
2015-04-20 09:00:00,-24.9,981.2,0.1,59.0,65.0
2015-04-20 12:00:00,-24.0,982.5,2.5,136.0,59.6
2015-04-20 15:00:00,-25.3,983.2,0.7,47.0,56.9
2015-04-20 18:00:00,-25.9,984.1,,249.0,58.9
2015-04-20 21:00:00,-27.1,985.5,3.3,195.0,51.0
2015-04-21 00:00:00,-29.5,986.3,,259.0,67.0
2015-04-21 03:00:00,-29.6,986.5,1.3,235.0,71.3
2015-04-21 06:00:00,-30.0,986.6,0.4,188.0,63.8
2015-04-21 09:00:00,-31.0,986.6,1.5,205.0,68.0
2015-04-21 12:00:00,-30.8,986.2,1.5,239.0,65.0
2015-04-21 15:00:00,-31.8,985.6,1.2,220.0,68.0
2015-04-21 18:00:00,-33.6,985.3,,,69.0
2015-04-21 21:00:00,-32.3,988.3,0.0,40.0,66.3
2015-04-22 00:00:00,-29.3,990.5,0.4,223.0,55.0
2015-04-22 03:00:00,-30.9,989.4,,,65.3
2015-04-22 06:00:00,-31.1,988.3,3.5,230.0,64.0
2015-04-22 09:00:00,-29.0,986.3,1.3,198.0,56.0
2015-04-22 12:00:00,-31.6,985.7,,,65.0
2015-04-22 15:00:00,-30.9,985.8,,,64.0
2015-04-22 18:00:00,-30.2,985.9,,,58.0
2015-04-22 21:00:00,-26.0,986.8,0.6,80.0,51.0
2015-04-23 00:00:00,-26.2,986.4,2.1,228.0,54.5
2015-04-23 03:00:00,-25.6,986.8,0.8,235.0,59.6
2015-04-23 06:00:00,-25.6,985.8,0.5,258.0,56.0
2015-04-23 09:00:00,-24.5,986.4,0.6,320.0,35.0
2015-04-23 12:00:00,,987.2,1.5,112.0,66.0
2015-04-23 15:00:00,-20.5,987.2,1.3,200.0,62.0
2015-04-23 18:00:00,,985.8,1.8,234.0,72.9
2015-04-23 21:00:00,-21.7,985.3,1.1,261.0,56.0
2015-04-24 00:00:00,,985.7,1.1,349.0,43.0
2015-04-24 03:00:00,,985.2,2.2,237.0,37.3
2015-04-24 06:00:00,-15.0,985.5,2.7,232.0,31.7
2015-04-24 09:00:00,-17.5,984.9,1.7,242.0,37.0
2015-04-24 12:00:00,,985.3,0.0,230.0,51.0
2015-04-24 15:00:00,,984.9,,,61.6
2015-04-24 18:00:00,-19.8,985.1,1.2,217.0,56.0
2015-04-24 21:00:00,-17.9,984.7,0.9,235.0,55.8
2015-04-25 00:00:00,-16.0,983.0,1.7,56.0,59.0
2015-04-25 03:00:00,,981.1,,193.0,56.5
2015-04-25 06:00:00,,980.0,,205.0,57.0
2015-04-25 09:00:00,-8.7,978.2,8.3,208.0,54.6
2015-04-25 12:00:00,-8.7,977.4,11.3,209.0,57.0
2015-04-25 15:00:00,-10.5,976.7,7.7,235.0,66.0
2015-04-25 18:00:00,-9.5,978.3,,213.0,59.0
2015-04-25 21:00:00,-10.3,979.9,,210.0,54.0
2015-04-26 00:00:00,-11.6,983.4,,214.0,51.0
2015-04-26 03:00:00,-14.9,986.2,,266.0,61.8
2015-04-26 06:00:00,,989.5,,42.0,77.0
2015-04-26 09:00:00,-19.9,990.4,1.5,52.0,76.0
2015-04-26 12:00:00,-19.9,990.7,1.7,28.0,76.6
2015-04-26 15:00:00,-21.3,989.8,,,79.0
2015-04-26 18:00:00,-22.1,989.5,1.2,235.0,82.0
2015-04-26 21:00:00,-23.1,988.8,1.2,253.0,80.0
2015-04-27 00:00:00,-24.0,988.1,,,76.0
2015-04-27 03:00:00,-22.4,988.4,0.2,204.0,83.0
2015-04-27 06:00:00,-21.1,988.4,0.4,95.0,83.0
2015-04-27 09:00:00,-21.6,988.9,0.5,222.0,81.8
2015-04-27 12:00:00,-21.6,988.8,0.2,232.0,81.2
2015-04-27 15:00:00,-22.5,988.3,0.8,116.0,79.3
2015-04-27 18:00:00,-24.3,988.2,1.5,233.0,78.7
2015-04-27 21:00:00,-26.4,988.0,1.6,242.0,77.0
2015-04-28 00:00:00,-27.4,989.0,0.5,256.0,76.3
2015-04-28 03:00:00,-28.1,989.5,0.6,230.0,78.0
2015-04-28 06:00:00,-27.8,990.6,,,74.0
2015-04-28 09:00:00,-27.8,991.2,1.0,32.0,75.0
2015-04-28 12:00:00,-26.9,993.0,0.1,170.0,71.3
2015-04-28 15:00:00,-26.3,994.4,0.6,328.0,74.0
2015-04-28 18:00:00,-25.7,995.1,0.6,217.0,76.0
2015-04-28 21:00:00,-25.9,995.5,0.7,245.0,75.5
2015-04-29 00:00:00,-25.5,996.2,,,72.0
2015-04-29 03:00:00,-29.2,996.2,,,73.0
2015-04-29 06:00:00,-30.3,995.9,0.1,258.0,73.0
2015-04-29 09:00:00,-31.0,995.5,,,71.0
2015-04-29 12:00:00,-30.9,995.0,,,70.0
2015-04-29 15:00:00,-30.7,993.5,1.6,248.0,69.4
2015-04-29 18:00:00,-28.6,992.0,,,62.0
2015-04-29 21:00:00,-29.2,990.6,0.3,203.0,64.0
2015-04-30 00:00:00,-26.4,988.6,0.3,246.0,52.0
2015-04-30 03:00:00,-30.8,987.1,0.2,222.0,67.7
2015-04-30 06:00:00,-30.2,985.2,0.1,154.0,67.6
2015-04-30 09:00:00,-30.8,983.7,,,67.3
2015-04-30 12:00:00,-30.7,982.5,1.0,248.0,65.0
2015-04-30 15:00:00,-31.4,981.1,0.3,233.0,67.0
2015-04-30 18:00:00,-31.3,979.6,0.9,266.0,62.0
2015-04-30 21:00:00,-31.5,978.6,1.3,243.0,68.0
2015-05-01 00:00:00,-30.1,978.6,1.3,250.0,62.5
2015-05-01 03:00:00,-28.3,978.8,0.2,189.0,62.0
2015-05-01 06:00:00,-31.8,978.8,,,69.7
2015-05-01 09:00:00,-30.7,979.6,,,66.0
2015-05-01 12:00:00,-32.9,980.2,0.4,238.0,70.8
2015-05-01 15:00:00,-29.8,980.7,,,75.0
2015-05-01 18:00:00,-30.4,981.0,,,77.0
2015-05-01 21:00:00,-32.2,980.9,,,70.9
2015-05-02 00:00:00,-32.0,980.7,,,69.0
2015-05-02 03:00:00,-32.2,979.2,1.2,244.0,68.4
2015-05-02 06:00:00,-33.2,978.0,0.8,226.0,68.9
2015-05-02 09:00:00,-32.7,977.3,1.5,234.0,69.0
2015-05-02 12:00:00,-30.4,977.2,0.1,121.0,72.0
2015-05-02 15:00:00,-27.8,978.5,1.0,215.0,73.0
2015-05-02 18:00:00,-26.5,979.2,0.7,303.0,66.0
2015-05-02 21:00:00,-25.8,981.3,2.1,47.0,64.0
2015-05-03 00:00:00,-27.0,983.5,0.0,149.0,69.1
2015-05-03 03:00:00,-29.4,985.4,0.6,83.0,72.9
2015-05-03 06:00:00,-28.4,986.5,3.7,52.0,67.0
2015-05-03 09:00:00,,987.9,,206.0,49.0
2015-05-03 12:00:00,,989.0,,212.0,45.0
2015-05-03 15:00:00,-16.5,991.2,14.6,200.0,58.0
2015-05-03 18:00:00,-15.7,991.4,12.8,200.0,48.0
2015-05-03 21:00:00,-15.0,991.2,15.4,203.0,52.3
2015-05-04 00:00:00,-16.6,991.2,,77.0,64.0
2015-05-04 03:00:00,-17.1,991.4,,69.0,70.0
2015-05-04 06:00:00,-18.7,990.8,0.6,82.0,73.6
2015-05-04 09:00:00,,988.9,0.8,224.0,78.4
2015-05-04 12:00:00,-21.8,986.9,2.5,228.0,66.0
2015-05-04 15:00:00,-23.1,984.8,0.7,242.0,66.0
2015-05-04 18:00:00,-24.0,983.4,1.8,221.0,72.0
2015-05-04 21:00:00,-26.0,983.0,0.0,85.0,74.0
2015-05-05 00:00:00,-27.0,983.1,0.6,52.0,74.7
2015-05-05 03:00:00,-26.5,983.6,2.2,249.0,73.0
2015-05-05 06:00:00,-28.2,984.8,0.1,230.0,73.0
2015-05-05 09:00:00,-25.8,986.6,0.4,247.0,69.2
2015-05-05 12:00:00,-24.3,988.9,,,69.9
2015-05-05 15:00:00,-23.1,990.9,1.9,159.0,62.0
2015-05-05 18:00:00,-23.5,992.8,0.9,135.0,66.5
2015-05-05 21:00:00,-23.8,994.5,1.1,274.0,60.0
2015-05-06 00:00:00,-24.3,996.8,0.2,242.0,67.0
2015-05-06 03:00:00,-28.5,997.2,0.4,220.0,75.0
2015-05-06 06:00:00,-28.7,996.8,2.7,227.0,72.8
2015-05-06 09:00:00,-27.6,996.4,1.4,286.0,67.0
2015-05-06 12:00:00,-25.7,996.3,1.0,242.0,63.1
2015-05-06 15:00:00,-22.8,995.8,0.6,316.0,53.8
2015-05-06 18:00:00,,997.0,1.6,45.0,46.0
2015-05-06 21:00:00,-18.1,997.1,5.4,56.0,44.0
2015-05-07 00:00:00,-16.9,999.3,2.2,73.0,34.0
2015-05-07 03:00:00,-19.9,998.2,1.4,222.0,45.0
2015-05-07 06:00:00,-20.5,997.8,1.4,52.0,53.1
2015-05-07 09:00:00,-22.5,997.8,2.2,242.0,62.0
2015-05-07 12:00:00,-21.7,997.7,2.4,228.0,60.0
2015-05-07 15:00:00,-22.9,997.0,1.4,250.0,65.2
2015-05-07 18:00:00,-24.8,995.2,0.2,233.0,71.0
2015-05-07 21:00:00,-22.2,993.4,0.4,63.0,68.4
2015-05-08 00:00:00,-24.4,992.2,0.1,327.0,66.7
2015-05-08 03:00:00,-23.6,990.3,,,69.0
2015-05-08 06:00:00,-22.3,989.4,0.5,235.0,70.0
2015-05-08 09:00:00,-20.6,990.1,0.0,58.0,71.0
2015-05-08 12:00:00,-23.9,990.2,0.3,232.0,78.1
2015-05-08 15:00:00,-22.3,991.2,0.1,206.0,74.0
2015-05-08 18:00:00,-24.0,992.8,,,74.0
2015-05-08 21:00:00,-24.7,994.8,0.1,275.0,76.0
2015-05-09 00:00:00,-25.0,996.9,0.1,308.0,75.0
2015-05-09 03:00:00,-22.9,999.2,0.3,294.0,76.0
2015-05-09 06:00:00,-21.4,1001.4,,,77.9
2015-05-09 09:00:00,-21.7,1002.9,,230.0,77.0
2015-05-09 12:00:00,-22.8,1004.8,,0.0,77.0
2015-05-09 15:00:00,-23.7,1006.9,,0.0,75.1
2015-05-09 18:00:00,-26.1,1008.4,0.2,237.0,78.2
2015-05-09 21:00:00,-24.2,1010.0,0.5,230.0,77.0
2015-05-10 00:00:00,-24.0,1011.5,0.0,217.0,75.0
2015-05-10 03:00:00,-24.5,1012.0,1.2,245.0,76.4
2015-05-10 06:00:00,-23.8,1012.1,0.6,62.0,78.8
2015-05-10 09:00:00,-22.7,1011.6,,,82.0
2015-05-10 12:00:00,-21.8,1010.3,,73.0,80.2
2015-05-10 15:00:00,-22.6,1008.2,,224.0,81.0
2015-05-10 18:00:00,-23.0,1004.8,,311.0,79.7
2015-05-10 21:00:00,-23.4,1002.7,1.3,224.0,80.1
2015-05-11 00:00:00,-24.4,1001.1,0.2,252.0,79.1
2015-05-11 03:00:00,-23.1,999.2,0.7,222.0,79.8
2015-05-11 06:00:00,-24.6,997.8,0.9,230.0,80.0
2015-05-11 09:00:00,-24.4,995.3,0.0,210.0,79.0
2015-05-11 12:00:00,-24.8,993.5,,,79.0
2015-05-11 15:00:00,-23.6,990.2,0.2,206.0,80.0
2015-05-11 18:00:00,-21.4,988.0,,,82.0
2015-05-11 21:00:00,-19.3,987.4,0.8,239.0,84.0
2015-05-12 00:00:00,-17.1,986.4,0.2,333.0,86.0
2015-05-12 03:00:00,-17.2,984.6,0.0,69.0,85.3
2015-05-12 06:00:00,-18.1,983.9,0.2,332.0,75.5
2015-05-12 09:00:00,-18.9,983.6,2.6,127.0,67.2
2015-05-12 12:00:00,-18.7,983.8,0.7,334.0,66.0
2015-05-12 15:00:00,-19.4,985.7,3.5,286.0,74.0
2015-05-12 18:00:00,-19.4,986.9,1.1,77.0,77.0
2015-05-12 21:00:00,-19.2,989.7,0.9,49.0,74.2
2015-05-13 00:00:00,-19.2,992.2,3.7,136.0,63.0
2015-05-13 03:00:00,-20.3,994.5,1.8,40.0,68.9
2015-05-13 06:00:00,-20.3,995.7,2.8,107.0,63.1
2015-05-13 09:00:00,-22.4,996.3,0.1,144.0,70.1
2015-05-13 12:00:00,-23.2,995.4,0.0,171.0,73.2
2015-05-13 15:00:00,-21.5,992.5,1.3,189.0,70.0
2015-05-13 18:00:00,,988.2,1.2,273.0,75.0
2015-05-13 21:00:00,,984.5,1.4,226.0,76.6
2015-05-14 00:00:00,-28.1,982.4,2.5,227.0,76.5
2015-05-14 03:00:00,-27.3,981.6,0.1,168.0,78.7
2015-05-14 06:00:00,-26.7,982.3,0.3,151.0,80.0
2015-05-14 09:00:00,-23.9,983.6,3.6,146.0,80.0
2015-05-14 12:00:00,-26.1,985.2,1.2,244.0,78.2
2015-05-14 15:00:00,-24.6,986.6,1.1,229.0,78.0
2015-05-14 18:00:00,-24.5,987.4,1.6,264.0,79.0
2015-05-14 21:00:00,-24.4,987.6,0.7,226.0,78.0
2015-05-15 00:00:00,-24.2,986.9,2.6,228.0,78.7
2015-05-15 03:00:00,-22.6,985.0,1.1,239.0,80.0
2015-05-15 06:00:00,-23.2,983.3,1.5,208.0,77.1
2015-05-15 09:00:00,-22.6,981.4,1.4,250.0,77.0
2015-05-15 12:00:00,-22.5,979.8,0.0,322.0,80.0
2015-05-15 15:00:00,-21.9,978.3,0.0,69.0,82.3
2015-05-15 18:00:00,-22.3,978.5,0.7,212.0,78.1
2015-05-15 21:00:00,-23.9,978.5,0.8,47.0,74.4
2015-05-16 00:00:00,-24.7,979.8,0.9,202.0,71.0
2015-05-16 03:00:00,-26.3,981.7,0.5,227.0,68.1
2015-05-16 06:00:00,-25.8,984.0,0.8,164.0,67.7
2015-05-16 09:00:00,-27.8,986.0,0.3,202.0,73.0
2015-05-16 12:00:00,-27.0,988.5,0.4,183.0,65.0
2015-05-16 15:00:00,-26.5,989.6,1.5,198.0,59.0
2015-05-16 18:00:00,-26.5,990.9,1.8,56.0,66.0
2015-05-16 21:00:00,-23.4,992.2,2.9,58.0,52.0
2015-05-17 00:00:00,-23.1,992.5,1.8,55.0,54.5
2015-05-17 03:00:00,-23.8,992.1,2.5,33.0,52.0
2015-05-17 06:00:00,-23.9,992.1,2.5,13.0,52.0
2015-05-17 09:00:00,-25.8,991.1,3.1,76.0,55.6
2015-05-17 12:00:00,-25.2,989.7,2.1,180.0,45.0
2015-05-17 15:00:00,-27.9,988.4,3.6,52.0,62.0
2015-05-17 18:00:00,-28.4,987.7,0.0,125.0,60.3
2015-05-17 21:00:00,-29.5,987.0,1.6,233.0,66.6
2015-05-18 00:00:00,-30.7,986.1,1.8,71.0,70.0
2015-05-18 03:00:00,-30.7,984.7,0.6,229.0,67.6
2015-05-18 06:00:00,-31.2,983.2,0.1,3.0,66.7
2015-05-18 09:00:00,-32.3,981.2,1.9,225.0,69.0
2015-05-18 12:00:00,-32.0,980.4,,,68.0
2015-05-18 15:00:00,-31.9,979.7,1.5,235.0,67.8
2015-05-18 18:00:00,-34.3,979.0,0.1,231.0,68.0
2015-05-18 21:00:00,-34.1,978.9,0.4,224.0,70.0
2015-05-19 00:00:00,-33.3,978.5,1.1,247.0,68.2
2015-05-19 03:00:00,-33.0,977.9,2.0,220.0,69.7
2015-05-19 06:00:00,-32.2,977.0,,,70.2
2015-05-19 09:00:00,,975.1,,,73.0
2015-05-19 12:00:00,,973.0,1.9,222.0,75.0
2015-05-19 15:00:00,,969.3,2.6,349.0,78.0
2015-05-19 18:00:00,-22.5,968.8,4.9,127.0,78.4
2015-05-19 21:00:00,-22.9,970.8,,233.0,83.0
2015-05-20 00:00:00,-21.7,973.9,,219.0,79.0
2015-05-20 03:00:00,-20.4,975.6,,228.0,76.0
2015-05-20 06:00:00,-20.5,978.1,,231.0,77.5
2015-05-20 09:00:00,-19.5,982.8,,267.0,63.0
2015-05-20 12:00:00,-19.6,986.6,,226.0,55.0
2015-05-20 15:00:00,-22.6,989.6,,74.0,67.0
2015-05-20 18:00:00,-22.5,991.5,,276.0,64.0
2015-05-20 21:00:00,-24.5,992.0,0.4,204.0,71.3
2015-05-21 00:00:00,-24.5,989.9,0.4,205.0,74.0
2015-05-21 03:00:00,-19.9,986.3,4.9,124.0,59.3
2015-05-21 06:00:00,,983.6,0.3,304.0,72.0
2015-05-21 09:00:00,,981.9,1.6,240.0,71.5
2015-05-21 12:00:00,-25.0,979.1,2.0,245.0,74.0
2015-05-21 15:00:00,-24.3,977.5,0.9,190.0,70.1
2015-05-21 18:00:00,-23.4,977.0,1.0,208.0,76.0
2015-05-21 21:00:00,-19.5,978.5,0.2,213.0,78.0
2015-05-22 00:00:00,,980.8,0.9,216.0,82.5
2015-05-22 03:00:00,-17.6,983.2,0.1,2.0,81.1
2015-05-22 06:00:00,-17.1,984.7,0.7,84.0,84.0
2015-05-22 09:00:00,-16.9,985.2,,237.0,86.0
2015-05-22 12:00:00,-17.8,985.5,,234.0,85.4
2015-05-22 15:00:00,-18.8,987.0,,231.0,84.0
2015-05-22 18:00:00,-18.3,988.7,17.2,234.0,86.9
2015-05-22 21:00:00,-15.3,989.2,17.2,195.0,84.1
2015-05-23 00:00:00,-15.0,988.8,18.1,197.0,81.0
2015-05-23 03:00:00,-16.7,990.4,16.5,231.0,87.0
2015-05-23 06:00:00,-15.4,991.5,,210.0,78.0
2015-05-23 09:00:00,-14.4,992.3,18.0,222.0,63.5
2015-05-23 12:00:00,-10.9,990.8,,206.0,44.0
2015-05-23 15:00:00,-15.7,992.9,,96.0,69.0
2015-05-23 18:00:00,,993.8,,219.0,76.0
2015-05-23 21:00:00,-16.8,995.0,3.3,151.0,66.0
2015-05-24 00:00:00,-16.8,995.9,1.5,106.0,60.8
2015-05-24 03:00:00,-18.6,996.3,3.9,176.0,72.0
2015-05-24 06:00:00,-19.1,995.5,0.2,244.0,71.0
2015-05-24 09:00:00,-20.9,995.3,1.7,198.0,70.0
2015-05-24 12:00:00,-21.2,992.9,3.1,221.0,68.2
2015-05-24 15:00:00,-22.9,991.6,1.4,165.0,71.0
2015-05-24 18:00:00,-23.6,992.1,1.8,271.0,72.8
2015-05-24 21:00:00,-22.4,994.2,0.7,233.0,73.0
2015-05-25 00:00:00,-22.4,995.2,1.3,236.0,75.0
2015-05-25 03:00:00,-23.9,996.2,0.0,220.0,77.8
2015-05-25 06:00:00,-25.1,997.3,1.9,245.0,77.2
2015-05-25 09:00:00,-26.0,997.5,2.2,226.0,76.0
2015-05-25 12:00:00,-27.0,997.5,1.5,242.0,75.8
2015-05-25 15:00:00,-27.7,996.8,1.1,226.0,74.8
2015-05-25 18:00:00,-27.5,996.0,,,74.0
2015-05-25 21:00:00,-28.3,994.4,,,72.7
2015-05-26 00:00:00,,992.0,0.6,97.0,79.0
2015-05-26 03:00:00,-23.4,990.5,2.3,232.0,80.0
2015-05-26 06:00:00,-23.8,988.7,1.9,268.0,79.0
2015-05-26 09:00:00,-23.6,986.6,1.7,207.0,79.0
2015-05-26 12:00:00,-23.0,984.4,0.6,198.0,82.0
2015-05-26 15:00:00,-23.8,982.2,2.4,223.0,80.0
2015-05-26 18:00:00,-23.2,979.9,1.7,239.0,80.9
2015-05-26 21:00:00,-22.5,978.7,1.7,239.0,81.0
2015-05-27 00:00:00,-22.6,978.8,2.5,227.0,80.8
2015-05-27 03:00:00,-22.7,980.2,1.4,240.0,80.8
2015-05-27 06:00:00,-22.6,981.9,1.4,226.0,80.0
2015-05-27 09:00:00,-22.1,984.9,0.2,257.0,81.0
2015-05-27 12:00:00,-21.0,987.9,,,82.0
2015-05-27 15:00:00,-20.2,991.2,0.8,91.0,83.0
2015-05-27 18:00:00,-20.4,994.5,1.5,52.0,83.0
2015-05-27 21:00:00,-22.1,997.4,,,81.8
2015-05-28 00:00:00,-23.1,1000.0,0.9,156.0,81.0
2015-05-28 03:00:00,-24.2,1002.2,,,79.3
2015-05-28 06:00:00,-24.0,1004.4,0.5,187.0,76.7
2015-05-28 09:00:00,-23.5,1007.1,1.5,123.0,73.0
2015-05-28 12:00:00,-24.8,1009.6,2.0,216.0,63.0
2015-05-28 15:00:00,-25.1,1012.1,1.6,238.0,67.0
2015-05-28 18:00:00,-24.8,1013.9,0.3,346.0,65.0
2015-05-28 21:00:00,-24.5,1015.4,0.6,214.0,64.1
2015-05-29 00:00:00,-25.8,1016.2,0.1,212.0,70.0
2015-05-29 03:00:00,-22.4,1016.3,3.2,160.0,64.8
2015-05-29 06:00:00,-23.4,1015.8,0.8,162.0,65.9
2015-05-29 09:00:00,-23.7,1015.2,1.4,212.0,74.8
2015-05-29 12:00:00,-24.1,1013.2,0.3,240.0,78.0
2015-05-29 15:00:00,-24.7,1010.4,1.4,219.0,78.0
2015-05-29 18:00:00,-25.8,1007.8,0.1,263.0,75.9
2015-05-29 21:00:00,-25.7,1005.9,0.7,273.0,76.0
2015-05-30 00:00:00,-26.3,1004.6,0.2,215.0,74.6
2015-05-30 03:00:00,-23.6,1003.6,,,72.3
2015-05-30 06:00:00,-24.3,1003.4,,,73.0
2015-05-30 09:00:00,-22.8,1004.4,,,64.0
2015-05-30 12:00:00,-22.8,1004.9,,,71.0
2015-05-30 15:00:00,-23.9,1005.5,0.2,204.0,66.7
2015-05-30 18:00:00,-26.0,1005.3,0.3,71.0,68.0
2015-05-30 21:00:00,-23.8,1005.5,,,65.1
2015-05-31 00:00:00,-23.6,1004.8,,,73.0
2015-05-31 03:00:00,-23.1,1004.0,,,79.0
2015-05-31 06:00:00,-23.0,1002.5,1.1,281.0,79.0
2015-05-31 09:00:00,-21.9,1000.7,0.9,244.0,77.1
2015-05-31 12:00:00,-21.5,998.7,3.7,228.0,72.0
2015-05-31 15:00:00,-21.2,997.4,0.5,95.0,80.0
2015-05-31 18:00:00,-20.7,996.3,2.4,150.0,66.3
2015-05-31 21:00:00,-21.0,994.3,,133.0,61.0
2015-06-01 00:00:00,-21.9,992.3,4.7,217.0,73.0
2015-06-01 03:00:00,-20.8,990.0,4.5,213.0,75.6
2015-06-01 06:00:00,-19.9,990.2,,221.0,62.0
2015-06-01 09:00:00,-19.8,989.4,,209.0,61.0
2015-06-01 12:00:00,-22.3,990.4,,171.0,61.8
2015-06-01 15:00:00,-24.0,992.3,,227.0,73.0
2015-06-01 18:00:00,-23.8,993.2,,237.0,60.0
2015-06-01 21:00:00,-23.5,994.6,,236.0,64.8
2015-06-02 00:00:00,-23.0,994.5,6.8,245.0,51.0
2015-06-02 03:00:00,-22.2,995.3,,266.0,47.0
2015-06-02 06:00:00,-24.9,994.1,1.9,240.0,57.0
2015-06-02 09:00:00,-25.9,992.9,0.4,251.0,58.0
2015-06-02 12:00:00,-24.9,991.8,2.5,218.0,55.0
2015-06-02 15:00:00,,990.3,,218.0,55.5
2015-06-02 18:00:00,,988.6,,212.0,57.0
2015-06-02 21:00:00,-13.6,987.4,,207.0,68.0
2015-06-03 00:00:00,-12.7,986.6,18.1,220.0,72.7
2015-06-03 03:00:00,-9.7,985.3,16.6,211.0,55.2
2015-06-03 06:00:00,-7.7,983.7,,166.0,50.0
2015-06-03 09:00:00,-11.0,984.8,,136.0,61.0
2015-06-03 12:00:00,,984.9,,182.0,70.0
2015-06-03 15:00:00,-14.8,984.4,1.2,148.0,70.0
2015-06-03 18:00:00,,983.8,0.4,130.0,82.0
2015-06-03 21:00:00,,980.4,2.9,217.0,80.0
2015-06-04 00:00:00,-19.7,979.6,0.7,230.0,75.0
2015-06-04 03:00:00,-17.7,981.0,,158.0,66.9
2015-06-04 06:00:00,-19.8,983.5,,145.0,67.0
2015-06-04 09:00:00,-19.4,983.3,,171.0,57.8
2015-06-04 12:00:00,-16.8,982.7,,199.0,34.0
2015-06-04 15:00:00,-16.3,983.2,,205.0,35.9
2015-06-04 18:00:00,-15.4,982.2,15.2,207.0,35.0
2015-06-04 21:00:00,-13.8,981.3,12.3,208.0,37.3
2015-06-05 00:00:00,-13.0,981.3,,123.0,39.7
2015-06-05 03:00:00,-14.7,981.3,,346.0,44.0
2015-06-05 06:00:00,-14.7,982.9,2.6,30.0,61.0
2015-06-05 09:00:00,-14.9,984.1,2.8,26.0,59.8
2015-06-05 12:00:00,-15.5,984.7,5.2,217.0,58.9
2015-06-05 15:00:00,-16.6,984.2,3.3,343.0,61.0
2015-06-05 18:00:00,-17.9,983.5,,270.0,58.2
2015-06-05 21:00:00,-16.2,982.9,1.3,201.0,55.0
2015-06-06 00:00:00,-16.9,982.7,1.6,249.0,63.6
2015-06-06 03:00:00,-15.8,982.8,0.4,186.0,82.8
2015-06-06 06:00:00,-16.6,981.9,1.4,247.0,83.4
2015-06-06 09:00:00,-14.8,981.9,3.4,206.0,74.0
2015-06-06 12:00:00,-14.3,981.7,3.5,200.0,64.2
2015-06-06 15:00:00,-19.1,980.8,0.1,247.0,70.0
2015-06-06 18:00:00,,978.8,0.5,250.0,74.0
2015-06-06 21:00:00,-20.9,976.1,2.7,234.0,69.0
2015-06-07 00:00:00,-23.4,973.8,,,70.0
2015-06-07 03:00:00,-23.7,971.3,0.9,32.0,72.9
2015-06-07 06:00:00,-22.2,970.2,0.4,246.0,83.4
2015-06-07 09:00:00,-25.8,969.6,,,80.0
2015-06-07 12:00:00,,969.4,0.4,270.0,76.0
2015-06-07 15:00:00,-28.0,969.8,0.8,231.0,74.3
2015-06-07 18:00:00,-27.0,972.7,0.2,330.0,75.0
2015-06-07 21:00:00,-24.8,976.0,0.7,182.0,77.0
2015-06-08 00:00:00,-22.7,979.2,1.1,232.0,81.5
2015-06-08 03:00:00,-22.7,981.0,1.2,231.0,81.0
2015-06-08 06:00:00,-24.3,982.2,0.2,12.0,77.8
2015-06-08 09:00:00,-21.2,983.2,1.3,184.0,75.4
2015-06-08 12:00:00,-21.2,983.3,0.0,117.0,72.0
2015-06-08 15:00:00,-25.0,982.4,,,65.0
2015-06-08 18:00:00,-21.6,981.9,0.2,205.0,56.0
2015-06-08 21:00:00,,981.4,,242.0,50.0
2015-06-09 00:00:00,-18.1,981.2,,241.0,55.2
2015-06-09 03:00:00,-15.2,980.6,,214.0,58.2
2015-06-09 06:00:00,-14.3,980.4,,212.0,52.0
2015-06-09 09:00:00,-17.0,981.4,12.0,237.0,69.5
2015-06-09 12:00:00,-17.7,983.0,,232.0,59.0
2015-06-09 15:00:00,-16.3,983.4,,227.0,62.0
2015-06-09 18:00:00,-16.6,983.7,,221.0,75.0
2015-06-09 21:00:00,-16.6,983.7,13.7,218.0,62.0
2015-06-10 00:00:00,-16.8,984.6,15.0,222.0,72.0
2015-06-10 03:00:00,-17.4,984.7,11.3,206.0,69.3
2015-06-10 06:00:00,-16.9,983.6,15.0,211.0,60.6
2015-06-10 09:00:00,-17.6,985.0,12.2,206.0,69.7
2015-06-10 12:00:00,-17.3,983.4,,212.0,60.2
2015-06-10 15:00:00,-17.2,984.7,,210.0,55.0
2015-06-10 18:00:00,-18.4,984.5,,197.0,52.0
2015-06-10 21:00:00,-18.8,984.9,5.9,217.0,54.0
2015-06-11 00:00:00,-19.9,984.1,,84.0,67.0
2015-06-11 03:00:00,-20.3,983.3,1.0,240.0,67.0
2015-06-11 06:00:00,-22.4,981.4,1.5,205.0,69.8
2015-06-11 09:00:00,-22.4,979.9,2.5,237.0,64.0
2015-06-11 12:00:00,-24.2,979.2,0.5,20.0,63.8
2015-06-11 15:00:00,-27.3,979.7,,,70.6
2015-06-11 18:00:00,-28.1,981.7,0.0,326.0,72.0
2015-06-11 21:00:00,-24.9,983.6,1.2,226.0,58.8
2015-06-12 00:00:00,-27.8,983.8,0.5,189.0,69.0
2015-06-12 03:00:00,-26.3,981.1,0.8,227.0,59.8
2015-06-12 06:00:00,-25.3,979.5,0.8,184.0,53.0
2015-06-12 09:00:00,-25.1,977.4,1.8,213.0,54.2
2015-06-12 12:00:00,-26.4,975.5,1.7,226.0,58.0
2015-06-12 15:00:00,-23.6,976.7,2.0,234.0,51.8
2015-06-12 18:00:00,,980.8,0.6,184.0,53.0
2015-06-12 21:00:00,-20.2,985.6,4.6,56.0,76.0
2015-06-13 00:00:00,,991.2,0.8,296.0,75.5
2015-06-13 03:00:00,-23.2,995.5,0.6,350.0,73.2
2015-06-13 06:00:00,-24.4,997.6,0.6,217.0,76.0
2015-06-13 09:00:00,-23.2,999.9,1.3,231.0,64.0
2015-06-13 12:00:00,-23.6,1002.0,1.1,157.0,61.0
2015-06-13 15:00:00,-25.4,1004.1,0.3,333.0,74.0
2015-06-13 18:00:00,-26.0,1005.2,0.3,214.0,76.6
2015-06-13 21:00:00,-27.9,1006.5,0.1,241.0,75.2
2015-06-14 00:00:00,-28.5,1007.0,0.1,292.0,73.0
2015-06-14 03:00:00,-28.8,1007.1,2.1,218.0,73.2
2015-06-14 06:00:00,-28.4,1006.5,,,74.0
2015-06-14 09:00:00,-29.7,1006.6,0.0,249.0,74.4
2015-06-14 12:00:00,-26.7,1006.2,0.0,246.0,75.0
2015-06-14 15:00:00,,1006.4,0.1,282.0,74.0
2015-06-14 18:00:00,-23.8,1006.7,,,78.0
2015-06-14 21:00:00,-23.6,1007.2,0.0,243.0,78.0
2015-06-15 00:00:00,-23.9,1007.5,,,78.9
2015-06-15 03:00:00,-22.7,1007.1,0.1,237.0,79.7
2015-06-15 06:00:00,-23.4,1006.9,,,80.0
2015-06-15 09:00:00,-23.1,1006.5,,0.0,80.0
2015-06-15 12:00:00,-23.0,1006.2,,0.0,80.1
2015-06-15 15:00:00,-22.1,1005.6,,115.0,79.0
2015-06-15 18:00:00,-22.9,1005.0,1.8,57.0,72.0
2015-06-15 21:00:00,-22.2,1005.4,1.1,222.0,69.9
2015-06-16 00:00:00,-22.4,1004.9,0.6,83.0,78.0
2015-06-16 03:00:00,-22.3,1004.7,0.6,41.0,68.9
2015-06-16 06:00:00,-22.5,1004.7,1.5,26.0,64.8
2015-06-16 09:00:00,-22.9,1004.9,0.7,290.0,65.2
2015-06-16 12:00:00,-22.9,1005.4,1.3,210.0,64.0
2015-06-16 15:00:00,-22.7,1005.3,4.7,225.0,61.1
2015-06-16 18:00:00,-22.8,1005.8,0.2,340.0,61.0
2015-06-16 21:00:00,-23.5,1005.7,1.3,227.0,52.8
2015-06-17 00:00:00,-23.4,1005.7,1.7,208.0,54.0
2015-06-17 03:00:00,-22.1,1005.8,0.6,211.0,49.8
2015-06-17 06:00:00,-23.2,1005.9,3.4,234.0,55.0
2015-06-17 09:00:00,-22.7,1005.9,0.8,217.0,52.3
2015-06-17 12:00:00,-22.7,1005.5,1.6,234.0,49.0
2015-06-17 15:00:00,-22.9,1005.1,1.2,227.0,47.0
2015-06-17 18:00:00,-24.4,1004.9,0.4,220.0,50.0
2015-06-17 21:00:00,-25.1,1004.2,0.1,225.0,59.0
2015-06-18 00:00:00,-21.4,1003.3,1.5,216.0,55.0
2015-06-18 03:00:00,-23.4,1002.6,0.0,200.0,70.7
2015-06-18 06:00:00,-24.0,1000.6,0.0,205.0,75.0
2015-06-18 09:00:00,-26.8,998.8,0.7,269.0,78.0
2015-06-18 12:00:00,-26.9,997.0,0.2,322.0,78.1
2015-06-18 15:00:00,-24.4,995.8,2.7,41.0,69.0
2015-06-18 18:00:00,-22.6,995.0,0.6,247.0,73.0
2015-06-18 21:00:00,-20.6,994.8,1.4,56.0,63.3
2015-06-19 00:00:00,-19.7,994.9,0.6,12.0,61.0
2015-06-19 03:00:00,-19.8,993.6,4.9,160.0,46.0
2015-06-19 06:00:00,-19.8,993.5,,229.0,54.0
2015-06-19 09:00:00,-20.9,993.5,8.5,224.0,63.0
2015-06-19 12:00:00,-21.2,994.6,11.7,242.0,73.0
2015-06-19 15:00:00,-21.3,993.8,,235.0,77.0
2015-06-19 18:00:00,-20.4,994.0,12.8,234.0,71.7
2015-06-19 21:00:00,-21.2,993.9,14.1,240.0,76.0
2015-06-20 00:00:00,-20.7,994.4,13.2,227.0,77.2
2015-06-20 03:00:00,-19.0,994.8,14.8,210.0,69.0
2015-06-20 06:00:00,-19.1,995.7,13.9,212.0,69.1
2015-06-20 09:00:00,-21.3,997.1,12.2,234.0,73.0
2015-06-20 12:00:00,-18.9,996.8,11.0,215.0,60.0
2015-06-20 15:00:00,-18.7,996.7,12.3,211.0,52.0
2015-06-20 18:00:00,-19.7,997.3,15.0,228.0,58.8
2015-06-20 21:00:00,-18.9,996.9,14.1,210.0,51.6
2015-06-21 00:00:00,-17.9,996.5,13.2,209.0,46.0
2015-06-21 03:00:00,-17.4,995.3,,203.0,46.0
2015-06-21 06:00:00,-17.0,994.5,,216.0,35.9
2015-06-21 09:00:00,,994.6,3.4,230.0,52.6
2015-06-21 12:00:00,,993.6,2.8,65.0,62.0
2015-06-21 15:00:00,-24.2,994.2,1.3,180.0,57.0
2015-06-21 18:00:00,-27.3,993.4,2.5,220.0,68.0
2015-06-21 21:00:00,-27.3,992.7,1.2,217.0,65.8
2015-06-22 00:00:00,-26.9,992.0,2.1,232.0,64.4
2015-06-22 03:00:00,-28.4,990.7,0.2,263.0,68.1
2015-06-22 06:00:00,-27.4,990.0,,,70.0
2015-06-22 09:00:00,-27.0,988.3,,,71.0
2015-06-22 12:00:00,-23.9,986.1,0.3,213.0,65.0
2015-06-22 15:00:00,-23.9,982.8,1.3,248.0,75.0
2015-06-22 18:00:00,-22.9,980.2,0.0,29.0,79.0
2015-06-22 21:00:00,-20.3,977.8,1.8,113.0,75.0
2015-06-23 00:00:00,-19.2,975.0,,240.0,79.7
2015-06-23 03:00:00,-19.6,974.8,,237.0,81.1
2015-06-23 06:00:00,-17.8,976.7,13.3,235.0,85.0
2015-06-23 09:00:00,-15.9,978.3,14.1,232.0,78.0
2015-06-23 12:00:00,-16.3,981.8,,230.0,83.3
2015-06-23 15:00:00,-15.8,983.5,,235.0,69.0
2015-06-23 18:00:00,-15.9,985.8,,230.0,59.0
2015-06-23 21:00:00,-15.1,985.0,9.2,241.0,50.6
2015-06-24 00:00:00,,984.1,,201.0,37.0
2015-06-24 03:00:00,-11.4,984.1,,158.0,37.0
2015-06-24 06:00:00,-13.7,985.2,2.6,241.0,36.8
2015-06-24 09:00:00,,984.9,0.2,101.0,63.0
2015-06-24 12:00:00,,983.1,2.1,235.0,64.0
2015-06-24 15:00:00,-19.4,978.8,3.1,237.0,54.0
2015-06-24 18:00:00,-22.4,978.1,2.1,216.0,72.1
2015-06-24 21:00:00,-20.4,979.8,0.3,245.0,69.0
2015-06-25 00:00:00,-20.9,980.5,0.5,66.0,73.0
2015-06-25 03:00:00,-21.3,981.1,0.5,340.0,57.3
2015-06-25 06:00:00,-21.1,982.2,0.2,8.0,61.5
2015-06-25 09:00:00,-22.2,983.3,0.0,126.0,67.0
2015-06-25 12:00:00,-22.3,983.5,2.6,154.0,64.0
2015-06-25 15:00:00,-24.0,984.1,1.6,228.0,65.0
2015-06-25 18:00:00,-26.2,985.4,0.3,133.0,71.0
2015-06-25 21:00:00,-25.5,986.4,1.4,63.0,70.0
2015-06-26 00:00:00,-25.7,987.5,0.5,110.0,63.0
2015-06-26 03:00:00,-26.5,988.1,0.4,116.0,59.0
2015-06-26 06:00:00,-26.1,987.5,,,54.0
2015-06-26 09:00:00,-27.2,986.6,1.5,266.0,54.9
2015-06-26 12:00:00,-28.9,986.4,,,55.0
2015-06-26 15:00:00,-29.2,985.4,0.1,224.0,56.0
2015-06-26 18:00:00,-26.9,984.8,2.2,213.0,48.0
2015-06-26 21:00:00,-25.8,984.2,2.3,228.0,47.3
2015-06-27 00:00:00,-24.7,984.2,5.2,238.0,51.0
2015-06-27 03:00:00,-24.7,983.8,1.3,54.0,49.0
2015-06-27 06:00:00,-25.0,983.9,2.2,51.0,56.0
2015-06-27 09:00:00,-24.0,984.4,1.2,85.0,50.0
2015-06-27 12:00:00,-25.1,984.8,0.0,229.0,50.7
2015-06-27 15:00:00,-27.6,984.6,0.0,253.0,55.0
2015-06-27 18:00:00,-28.0,984.7,0.5,67.0,56.6
2015-06-27 21:00:00,-31.3,986.1,,,70.0
2015-06-28 00:00:00,-30.0,986.6,1.7,228.0,63.7
2015-06-28 03:00:00,-30.7,987.0,0.7,260.0,65.1
2015-06-28 06:00:00,-31.5,986.8,0.6,251.0,65.0
2015-06-28 09:00:00,-32.5,987.4,,,65.0
2015-06-28 12:00:00,-29.2,988.6,,186.0,55.8
2015-06-28 15:00:00,-32.3,990.5,,0.0,65.0
2015-06-28 18:00:00,-30.6,992.4,,0.0,64.0
2015-06-28 21:00:00,-31.2,994.1,0.9,232.0,65.0
2015-06-29 00:00:00,-30.0,994.3,0.2,240.0,67.0
2015-06-29 03:00:00,-29.3,994.3,2.0,237.0,63.0
2015-06-29 06:00:00,-29.0,995.0,,,67.0
2015-06-29 09:00:00,-26.8,994.9,,,70.0
2015-06-29 12:00:00,-26.0,994.7,,,75.0
2015-06-29 15:00:00,-24.4,995.0,0.5,213.0,77.0
2015-06-29 18:00:00,-23.4,995.1,1.4,233.0,78.5
2015-06-29 21:00:00,-21.3,995.6,1.7,28.0,80.0
2015-06-30 00:00:00,-19.4,995.7,2.4,57.0,71.0
2015-06-30 03:00:00,-19.0,997.0,1.1,35.0,74.0
2015-06-30 06:00:00,-18.7,998.2,4.5,56.0,72.9
2015-06-30 09:00:00,-18.4,998.8,2.7,198.0,80.0
2015-06-30 12:00:00,-20.5,998.6,,241.0,83.0
2015-06-30 15:00:00,-20.3,999.4,,238.0,82.0
2015-06-30 18:00:00,-20.9,1000.6,19.8,233.0,81.0
2015-06-30 21:00:00,-21.0,1000.9,20.1,233.0,78.6
2015-07-01 00:00:00,-20.4,1000.3,18.8,231.0,81.0
2015-07-01 03:00:00,-18.2,999.7,,240.0,80.3
2015-07-01 06:00:00,-20.2,1001.7,16.2,239.0,81.0
2015-07-01 09:00:00,-19.5,1001.3,14.8,233.0,78.4
2015-07-01 12:00:00,-18.7,1002.0,15.0,234.0,76.0
2015-07-01 15:00:00,-17.6,1001.8,,104.0,66.0
2015-07-01 18:00:00,-18.5,1002.9,,231.0,53.0
2015-07-01 21:00:00,-18.7,1002.4,4.6,12.0,55.0
2015-07-02 00:00:00,-19.8,1002.2,3.6,32.0,55.8
2015-07-02 03:00:00,-19.8,1002.9,4.9,148.0,53.0
2015-07-02 06:00:00,-22.8,1002.3,0.2,183.0,64.4
2015-07-02 09:00:00,-23.6,1001.9,2.0,54.0,68.0
2015-07-02 12:00:00,-23.3,1002.0,0.9,56.0,68.0
2015-07-02 15:00:00,-25.5,1001.8,0.1,140.0,73.0
2015-07-02 18:00:00,-27.8,1001.0,0.2,240.0,71.1
2015-07-02 21:00:00,-26.7,1001.9,,,69.7
2015-07-03 00:00:00,-26.3,1001.8,1.3,16.0,66.0
2015-07-03 03:00:00,-23.6,1002.4,2.0,165.0,64.0
2015-07-03 06:00:00,-23.6,1002.5,2.7,41.0,57.6
2015-07-03 09:00:00,-26.2,1002.7,0.1,306.0,66.0
2015-07-03 12:00:00,-25.2,1002.2,,,63.7
2015-07-03 15:00:00,-23.0,1001.8,2.5,226.0,55.0
2015-07-03 18:00:00,-25.2,1000.9,2.9,51.0,68.0
2015-07-03 21:00:00,-25.8,1001.2,2.0,69.0,61.3
2015-07-04 00:00:00,-25.4,1001.6,0.1,322.0,59.7
2015-07-04 03:00:00,-26.4,1001.7,0.1,220.0,65.3
2015-07-04 06:00:00,-25.1,1001.6,0.0,160.0,62.0
2015-07-04 09:00:00,-26.0,1002.0,,,64.1
2015-07-04 12:00:00,-27.0,1001.9,,,65.0
2015-07-04 15:00:00,-28.1,1001.5,2.5,208.0,68.0
2015-07-04 18:00:00,-28.7,1001.3,0.1,208.0,71.0
2015-07-04 21:00:00,-28.5,1000.6,0.2,258.0,67.0
2015-07-05 00:00:00,-26.3,1001.0,2.2,53.0,58.5
2015-07-05 03:00:00,-28.4,1001.0,0.9,223.0,65.0
2015-07-05 06:00:00,-28.4,1001.1,0.3,234.0,65.0
2015-07-05 09:00:00,-30.1,1000.9,,,68.0
2015-07-05 12:00:00,-30.2,1000.8,1.3,216.0,69.0
2015-07-05 15:00:00,-29.8,1000.4,2.3,219.0,64.4
2015-07-05 18:00:00,-30.9,999.2,1.7,257.0,65.0
2015-07-05 21:00:00,-30.4,997.9,0.7,250.0,63.0
2015-07-06 00:00:00,-30.0,995.9,0.5,224.0,59.0
2015-07-06 03:00:00,-29.9,993.6,1.7,231.0,59.4
2015-07-06 06:00:00,-29.9,991.7,2.1,235.0,60.0
2015-07-06 09:00:00,-30.4,990.0,2.9,226.0,59.3
2015-07-06 12:00:00,-27.0,987.9,1.9,235.0,52.0
2015-07-06 15:00:00,-28.7,988.5,1.4,218.0,56.0
2015-07-06 18:00:00,-31.8,988.4,2.2,231.0,63.0
2015-07-06 21:00:00,-31.8,989.1,0.9,220.0,64.0
2015-07-07 00:00:00,-29.5,988.2,2.3,241.0,57.4
2015-07-07 03:00:00,-29.8,985.6,1.6,214.0,56.6
2015-07-07 06:00:00,-29.9,982.1,3.0,222.0,57.0
2015-07-07 09:00:00,-26.2,978.1,1.9,244.0,45.0
2015-07-07 12:00:00,-30.4,975.7,0.2,1.0,64.3
2015-07-07 15:00:00,-28.8,976.7,0.7,59.0,61.0
2015-07-07 18:00:00,,980.3,0.2,170.0,80.0
2015-07-07 21:00:00,-25.0,984.7,5.0,229.0,67.0
2015-07-08 00:00:00,-26.9,986.3,,0.0,71.5
2015-07-08 03:00:00,-24.1,984.6,0.7,234.0,66.0
2015-07-08 06:00:00,-25.8,978.5,1.1,261.0,73.3
2015-07-08 09:00:00,-21.3,966.2,3.6,230.0,66.0
2015-07-08 12:00:00,-22.1,955.3,1.3,82.0,70.0
2015-07-08 15:00:00,,951.9,1.9,225.0,70.8
2015-07-08 18:00:00,,952.3,,131.0,56.0
2015-07-08 21:00:00,,956.3,,244.0,71.0
2015-07-09 00:00:00,,959.2,,174.0,78.0
2015-07-09 03:00:00,-20.2,961.8,4.7,132.0,68.7
2015-07-09 06:00:00,-21.6,964.8,3.9,160.0,66.0
2015-07-09 09:00:00,-22.5,968.0,6.0,152.0,59.0
2015-07-09 12:00:00,-24.1,970.2,,126.0,73.0
2015-07-09 15:00:00,-25.1,971.4,,66.0,72.0
2015-07-09 18:00:00,-25.4,971.9,,,77.0
2015-07-09 21:00:00,-29.6,971.7,0.4,203.0,75.1
2015-07-10 00:00:00,-26.7,970.7,3.1,223.0,71.0
2015-07-10 03:00:00,-26.9,971.4,0.0,227.0,62.0
2015-07-10 06:00:00,-31.5,973.7,1.0,244.0,67.0
2015-07-10 09:00:00,-31.1,976.3,0.1,289.0,65.0
2015-07-10 12:00:00,-28.4,975.8,3.5,228.0,66.4
2015-07-10 15:00:00,,972.6,,,62.0
2015-07-10 18:00:00,-24.1,970.1,0.5,258.0,63.0
2015-07-10 21:00:00,-25.7,969.7,0.0,157.0,71.7
2015-07-11 00:00:00,-25.0,969.5,0.0,340.0,70.8
2015-07-11 03:00:00,-22.2,969.6,0.2,332.0,60.9
2015-07-11 06:00:00,-21.9,969.6,1.3,83.0,58.9
2015-07-11 09:00:00,-21.8,970.6,4.6,124.0,54.0
2015-07-11 12:00:00,-22.3,973.8,,230.0,74.1
2015-07-11 15:00:00,-20.2,976.9,3.8,166.0,50.0
2015-07-11 18:00:00,-21.9,982.1,7.0,235.0,53.6
2015-07-11 21:00:00,-23.2,985.3,,216.0,54.0
2015-07-12 00:00:00,-24.8,986.5,,246.0,65.4
2015-07-12 03:00:00,-24.8,985.3,,,70.0
2015-07-12 06:00:00,-24.3,984.4,1.6,238.0,76.3
2015-07-12 09:00:00,-26.0,983.9,1.4,231.0,79.0
2015-07-12 12:00:00,-26.6,983.9,0.6,223.0,73.8
2015-07-12 15:00:00,-28.7,984.4,0.2,334.0,71.7
2015-07-12 18:00:00,-27.9,982.3,2.2,238.0,72.0
2015-07-12 21:00:00,-30.5,980.4,1.5,234.0,71.4
2015-07-13 00:00:00,-30.9,979.7,0.0,275.0,70.0
2015-07-13 03:00:00,-29.8,979.5,,,74.0
2015-07-13 06:00:00,-29.1,980.3,2.1,227.0,72.0
2015-07-13 09:00:00,-26.9,979.2,0.3,250.0,68.0
2015-07-13 12:00:00,-27.0,979.0,,,68.0
2015-07-13 15:00:00,-27.2,979.5,0.1,174.0,73.0
2015-07-13 18:00:00,-28.8,979.5,0.7,224.0,75.0
2015-07-13 21:00:00,-30.0,979.8,0.5,209.0,71.0
2015-07-14 00:00:00,-32.6,979.8,0.6,234.0,69.6
2015-07-14 03:00:00,-33.7,979.9,0.7,220.0,70.0
2015-07-14 06:00:00,-31.5,980.1,1.3,54.0,69.0
2015-07-14 09:00:00,-31.1,980.3,0.2,240.0,69.0
2015-07-14 12:00:00,-28.4,980.2,0.4,120.0,70.0
2015-07-14 15:00:00,-29.6,981.7,0.1,206.0,70.0
2015-07-14 18:00:00,-28.3,981.9,1.7,201.0,67.9
2015-07-14 21:00:00,-32.7,981.8,1.0,263.0,68.0
2015-07-15 00:00:00,-28.6,982.2,2.2,231.0,59.0
2015-07-15 03:00:00,-30.6,981.7,2.0,232.0,54.8
2015-07-15 06:00:00,-31.9,981.4,1.0,236.0,56.0
2015-07-15 09:00:00,-33.7,980.8,,,58.5
2015-07-15 12:00:00,-33.4,980.3,0.1,325.0,61.0
2015-07-15 15:00:00,-32.4,980.2,2.6,239.0,67.0
2015-07-15 18:00:00,-32.5,980.3,,,69.5
2015-07-15 21:00:00,-34.4,981.0,,,69.3
2015-07-16 00:00:00,-35.6,980.5,1.5,244.0,67.0
2015-07-16 03:00:00,-35.5,979.3,0.7,247.0,67.0
2015-07-16 06:00:00,-33.2,978.5,0.2,234.0,67.0
2015-07-16 09:00:00,-32.3,977.8,0.9,148.0,67.0
2015-07-16 12:00:00,-35.4,978.1,,,66.2
2015-07-16 15:00:00,-31.8,980.5,,,73.0
2015-07-16 18:00:00,-34.4,980.6,1.1,225.0,68.0
2015-07-16 21:00:00,-31.3,980.4,0.2,172.0,72.0
2015-07-17 00:00:00,,980.8,2.2,251.0,70.0
2015-07-17 03:00:00,,980.8,2.9,159.0,56.0
2015-07-17 06:00:00,,981.3,,151.0,67.0
2015-07-17 09:00:00,-20.4,981.4,,208.0,62.0
2015-07-17 12:00:00,-20.2,982.2,4.9,235.0,58.2
2015-07-17 15:00:00,-21.9,981.7,2.1,48.0,63.2
2015-07-17 18:00:00,,981.0,,214.0,74.0
2015-07-17 21:00:00,,979.6,,204.0,42.0
2015-07-18 00:00:00,-13.1,980.6,13.4,214.0,35.0
2015-07-18 03:00:00,-11.8,981.2,10.1,186.0,28.4
2015-07-18 06:00:00,,980.8,,90.0,37.5
2015-07-18 09:00:00,,979.4,,164.0,53.9
2015-07-18 12:00:00,,977.2,1.4,238.0,59.0
2015-07-18 15:00:00,-22.3,975.9,1.6,238.0,47.5
2015-07-18 18:00:00,-23.9,973.4,,,49.8
2015-07-18 21:00:00,-23.0,973.9,3.1,208.0,76.0
2015-07-19 00:00:00,-23.3,975.9,0.3,125.0,78.0
2015-07-19 03:00:00,-22.1,977.3,3.3,41.0,63.0
2015-07-19 06:00:00,-23.4,979.5,,130.0,58.0
2015-07-19 09:00:00,-26.1,983.1,6.9,131.0,60.0
2015-07-19 12:00:00,-27.3,986.9,,84.0,60.7
2015-07-19 15:00:00,-28.4,989.4,,58.0,67.0
2015-07-19 18:00:00,-28.7,990.1,0.3,79.0,67.9
2015-07-19 21:00:00,-28.5,990.4,1.9,44.0,68.2
2015-07-20 00:00:00,-29.0,990.1,,,69.0
2015-07-20 03:00:00,-26.9,988.9,1.2,175.0,65.4
2015-07-20 06:00:00,-27.4,988.2,2.0,219.0,70.0
2015-07-20 09:00:00,-28.0,987.1,0.4,343.0,65.0
2015-07-20 12:00:00,-26.5,986.7,0.4,202.0,55.0
2015-07-20 15:00:00,-26.5,987.0,1.4,112.0,70.0
2015-07-20 18:00:00,-27.9,987.4,0.4,21.0,73.0
2015-07-20 21:00:00,-27.4,988.9,,,72.1
2015-07-21 00:00:00,-26.4,990.1,0.5,218.0,67.8
2015-07-21 03:00:00,-26.4,989.5,4.1,138.0,59.8
2015-07-21 06:00:00,-26.8,988.8,,234.0,74.0
2015-07-21 09:00:00,-26.7,988.7,,239.0,72.0
2015-07-21 12:00:00,-26.2,986.8,6.7,226.0,54.4
2015-07-21 15:00:00,-24.0,985.8,,212.0,49.0
2015-07-21 18:00:00,-22.9,984.9,,213.0,38.0
2015-07-21 21:00:00,-26.8,984.1,,107.0,43.0
2015-07-22 00:00:00,,985.0,,27.0,43.0
2015-07-22 03:00:00,-29.4,984.1,1.4,231.0,47.5
2015-07-22 06:00:00,-31.5,982.3,2.5,228.0,57.0
2015-07-22 09:00:00,-32.0,979.8,1.2,237.0,59.0
2015-07-22 12:00:00,-32.4,977.8,0.8,287.0,57.0
2015-07-22 15:00:00,-33.5,977.8,,,57.0
2015-07-22 18:00:00,-31.0,978.0,1.4,230.0,56.0
2015-07-22 21:00:00,-31.9,976.0,2.8,227.0,56.6
2015-07-23 00:00:00,-32.3,974.7,1.9,221.0,54.0
2015-07-23 03:00:00,-28.3,972.3,1.0,276.0,50.7
2015-07-23 06:00:00,,972.2,1.1,95.0,28.0
2015-07-23 09:00:00,,973.2,0.9,189.0,53.6
2015-07-23 12:00:00,-21.3,974.0,1.7,122.0,36.0
2015-07-23 15:00:00,,975.4,,,53.0
2015-07-23 18:00:00,-22.5,975.7,2.4,180.0,43.0
2015-07-23 21:00:00,-26.8,976.7,0.4,144.0,51.0
2015-07-24 00:00:00,,976.7,0.7,230.0,55.0
2015-07-24 03:00:00,,976.6,0.8,242.0,65.5
2015-07-24 06:00:00,-31.6,977.2,0.5,233.0,60.4
2015-07-24 09:00:00,-30.5,977.6,0.4,262.0,58.0
2015-07-24 12:00:00,-31.3,977.2,0.3,214.0,62.6
2015-07-24 15:00:00,-33.8,976.8,1.6,244.0,64.0
2015-07-24 18:00:00,-34.3,975.8,1.9,232.0,66.0
2015-07-24 21:00:00,-32.0,974.8,2.0,235.0,61.2
2015-07-25 00:00:00,-33.1,973.9,,,66.0
2015-07-25 03:00:00,-34.3,972.9,,,66.8
2015-07-25 06:00:00,-32.2,972.7,0.2,107.0,69.0
2015-07-25 09:00:00,-30.7,972.2,0.3,209.0,68.0
2015-07-25 12:00:00,-33.2,971.1,0.8,247.0,72.0
2015-07-25 15:00:00,-33.8,970.9,0.4,240.0,68.0
2015-07-25 18:00:00,-34.5,970.9,,,67.0
2015-07-25 21:00:00,-36.0,970.5,,,65.0
2015-07-26 00:00:00,-34.5,970.4,0.8,249.0,66.7
2015-07-26 03:00:00,-35.5,971.4,0.4,227.0,68.0
2015-07-26 06:00:00,-36.2,971.9,1.4,229.0,64.0
2015-07-26 09:00:00,-32.8,971.8,1.1,237.0,70.0
2015-07-26 12:00:00,-34.1,971.8,1.4,235.0,64.0
2015-07-26 15:00:00,-33.9,970.7,2.3,231.0,61.0
2015-07-26 18:00:00,-30.0,969.7,2.6,257.0,57.0
2015-07-26 21:00:00,-30.7,969.2,,,65.0
2015-07-27 00:00:00,-30.8,969.2,2.8,228.0,67.5
2015-07-27 03:00:00,-30.5,968.8,1.2,234.0,64.0
2015-07-27 06:00:00,-26.6,968.7,0.2,188.0,63.0
2015-07-27 09:00:00,,969.4,,193.0,38.0
2015-07-27 12:00:00,,974.1,5.1,182.0,39.0
2015-07-27 15:00:00,-19.4,977.1,4.9,214.0,34.0
2015-07-27 18:00:00,-22.6,979.4,1.8,221.0,40.0
2015-07-27 21:00:00,,980.0,0.1,152.0,43.0
2015-07-28 00:00:00,,979.3,,,61.0
2015-07-28 03:00:00,-23.8,978.2,1.1,237.0,67.3
2015-07-28 06:00:00,,980.3,,146.0,69.0
2015-07-28 09:00:00,-20.5,983.7,,185.0,68.7
2015-07-28 12:00:00,-21.7,985.6,,205.0,66.0
2015-07-28 15:00:00,-19.4,986.0,2.4,141.0,60.0
2015-07-28 18:00:00,-18.6,986.7,,128.0,63.0
2015-07-28 21:00:00,-19.3,988.1,4.0,154.0,63.0
2015-07-29 00:00:00,-19.4,988.3,7.4,148.0,65.2
2015-07-29 03:00:00,-20.8,988.9,6.7,143.0,60.0
2015-07-29 06:00:00,-21.7,989.1,,41.0,58.0
2015-07-29 09:00:00,-22.4,988.4,,115.0,67.0
2015-07-29 12:00:00,-23.4,987.2,2.9,134.0,69.1
2015-07-29 15:00:00,-25.5,985.6,2.1,178.0,70.0
2015-07-29 18:00:00,-25.7,983.0,3.2,154.0,69.6
2015-07-29 21:00:00,-29.9,979.9,0.8,232.0,74.0
2015-07-30 00:00:00,,975.9,1.5,236.0,71.0
2015-07-30 03:00:00,-31.4,972.5,,,73.0
2015-07-30 06:00:00,-32.6,970.5,0.9,233.0,70.0
2015-07-30 09:00:00,-34.5,970.5,0.3,223.0,67.0
2015-07-30 12:00:00,-33.8,972.2,0.6,269.0,68.0
2015-07-30 15:00:00,-30.7,973.6,2.2,231.0,71.9
2015-07-30 18:00:00,-29.7,974.6,0.0,347.0,72.0
2015-07-30 21:00:00,-28.7,975.4,,,74.0
2015-07-31 00:00:00,-28.8,976.4,0.9,207.0,73.6
2015-07-31 03:00:00,-29.5,978.6,1.6,55.0,72.0
2015-07-31 06:00:00,-31.5,981.6,0.1,79.0,71.0
2015-07-31 09:00:00,-30.8,985.5,0.5,169.0,70.0
2015-07-31 12:00:00,-33.4,987.5,,,64.0
2015-07-31 15:00:00,-34.5,987.9,1.2,210.0,65.0
2015-07-31 18:00:00,-34.9,987.2,1.2,232.0,63.8
2015-07-31 21:00:00,-36.4,987.9,0.3,261.0,63.0
2015-08-01 00:00:00,-35.4,989.7,0.3,262.0,59.0
2015-08-01 03:00:00,-33.9,992.7,0.8,219.0,59.0
2015-08-01 06:00:00,-32.6,996.1,,,56.0
2015-08-01 09:00:00,-32.2,999.6,0.2,273.0,55.0
2015-08-01 12:00:00,-34.5,1003.0,,,59.0
2015-08-01 15:00:00,,1006.5,0.7,233.0,53.0
2015-08-01 18:00:00,-31.0,1008.1,,,60.3
2015-08-01 21:00:00,-31.3,1008.9,2.2,231.0,65.0
2015-08-02 00:00:00,-30.7,1010.1,1.9,230.0,59.0
2015-08-02 03:00:00,-27.4,1008.6,1.0,180.0,57.2
2015-08-02 06:00:00,-28.9,1006.6,0.3,186.0,60.0
2015-08-02 09:00:00,-27.5,1003.7,2.4,231.0,61.0
2015-08-02 12:00:00,-24.8,1000.9,,,57.0
2015-08-02 15:00:00,-24.6,997.5,0.9,294.0,68.0
2015-08-02 18:00:00,-25.6,1000.3,1.9,227.0,71.2
2015-08-02 21:00:00,-21.5,1005.1,0.6,220.0,72.0
2015-08-03 00:00:00,-22.0,1008.5,2.1,216.0,74.1
2015-08-03 03:00:00,-22.1,1009.0,0.6,279.0,76.3
2015-08-03 06:00:00,-22.7,1008.8,1.3,262.0,72.1
2015-08-03 09:00:00,-20.7,1009.8,0.9,219.0,68.0
2015-08-03 12:00:00,-20.1,1010.5,,,70.4
2015-08-03 15:00:00,-18.8,1010.4,,241.0,72.0
2015-08-03 18:00:00,-18.9,1011.3,,78.0,72.0
2015-08-03 21:00:00,-18.9,1011.8,,64.0,65.6
2015-08-04 00:00:00,-19.4,1011.1,1.6,244.0,69.0
2015-08-04 03:00:00,-18.6,1009.7,0.0,157.0,65.0
2015-08-04 06:00:00,-18.1,1007.7,0.7,59.0,67.8
2015-08-04 09:00:00,-19.5,1004.4,0.1,356.0,79.0
2015-08-04 12:00:00,-19.1,1001.4,,,84.0
2015-08-04 15:00:00,-16.4,998.4,0.8,94.0,82.0
2015-08-04 18:00:00,-17.4,996.7,1.7,67.0,79.0
2015-08-04 21:00:00,-17.4,995.4,1.8,52.0,79.0
2015-08-05 00:00:00,-17.3,994.8,0.8,96.0,79.7
2015-08-05 03:00:00,-17.0,994.4,,,81.6
2015-08-05 06:00:00,-17.0,994.4,0.0,235.0,77.0
2015-08-05 09:00:00,-18.6,995.3,,,80.2
2015-08-05 12:00:00,-18.3,996.3,1.1,225.0,79.2
2015-08-05 15:00:00,-19.2,997.5,4.5,133.0,68.0
2015-08-05 18:00:00,-22.1,998.8,,142.0,70.0
2015-08-05 21:00:00,,1002.4,,144.0,66.4
2015-08-06 00:00:00,-25.5,1004.5,8.1,145.0,59.0
2015-08-06 03:00:00,-26.6,1005.6,,230.0,68.8
2015-08-06 06:00:00,-27.3,1006.3,,236.0,69.0
2015-08-06 09:00:00,-27.7,1005.7,2.4,224.0,65.7
2015-08-06 12:00:00,-29.1,1005.6,,,71.0
2015-08-06 15:00:00,-28.7,1005.5,,,69.0
2015-08-06 18:00:00,-27.1,1003.7,,,68.0
2015-08-06 21:00:00,-26.4,1002.9,,,69.0
2015-08-07 00:00:00,-27.6,1001.9,0.1,156.0,63.0
2015-08-07 03:00:00,-28.3,999.6,0.0,203.0,60.6
2015-08-07 06:00:00,-29.8,997.3,0.2,267.0,67.3
2015-08-07 09:00:00,-30.6,994.5,1.7,231.0,63.0
2015-08-07 12:00:00,-30.5,991.7,0.1,186.0,62.6
2015-08-07 15:00:00,-32.9,990.2,1.4,245.0,69.0
2015-08-07 18:00:00,-31.2,986.5,0.8,219.0,63.5
2015-08-07 21:00:00,-32.6,982.9,1.8,218.0,61.5
2015-08-08 00:00:00,-33.8,979.3,,2.0,63.9
2015-08-08 03:00:00,-34.6,975.7,2.1,253.0,62.7
2015-08-08 06:00:00,-34.5,973.5,1.9,242.0,63.0
2015-08-08 09:00:00,-35.0,972.6,0.9,226.0,65.0
2015-08-08 12:00:00,-30.6,975.4,,,69.9
2015-08-08 15:00:00,-32.9,974.8,2.4,235.0,66.0
2015-08-08 18:00:00,-33.7,974.4,1.2,244.0,66.0
2015-08-08 21:00:00,-32.9,974.8,1.7,257.0,63.1
2015-08-09 00:00:00,-30.9,974.4,2.0,245.0,63.0
2015-08-09 03:00:00,-32.5,974.1,,,62.8
2015-08-09 06:00:00,-31.6,974.0,,,67.0
2015-08-09 09:00:00,-33.5,973.8,,,68.1
2015-08-09 12:00:00,-30.9,972.7,,,69.0
2015-08-09 15:00:00,-28.8,971.4,,,71.0
2015-08-09 18:00:00,-26.4,970.5,,,75.0
2015-08-09 21:00:00,-25.4,972.3,,,77.0
2015-08-10 00:00:00,-23.1,974.4,,,75.0
2015-08-10 03:00:00,-23.1,975.8,,,74.7
2015-08-10 06:00:00,-27.1,978.3,0.4,236.0,75.0
2015-08-10 09:00:00,-26.2,981.6,0.1,129.0,76.0
2015-08-10 12:00:00,-26.5,983.8,1.1,159.0,70.9
2015-08-10 15:00:00,,985.1,1.1,246.0,73.8
2015-08-10 18:00:00,-28.8,983.1,1.0,228.0,71.0
2015-08-10 21:00:00,-31.4,981.8,2.5,235.0,75.0
2015-08-11 00:00:00,-31.9,981.9,2.2,220.0,72.0
2015-08-11 03:00:00,-30.0,982.2,0.3,176.0,73.0
2015-08-11 06:00:00,-28.2,979.0,2.4,249.0,71.0
2015-08-11 09:00:00,-26.3,975.6,2.6,248.0,74.0
2015-08-11 12:00:00,-25.6,980.1,0.2,323.0,78.0
2015-08-11 15:00:00,-23.7,985.6,1.0,193.0,72.0
2015-08-11 18:00:00,,987.4,1.9,283.0,72.0
2015-08-11 21:00:00,-26.9,988.7,0.8,233.0,78.0
2015-08-12 00:00:00,,988.2,3.6,261.0,67.5
2015-08-12 03:00:00,-28.8,987.5,0.4,66.0,72.0
2015-08-12 06:00:00,-28.2,985.8,0.2,226.0,72.0
2015-08-12 09:00:00,-27.4,982.8,,,73.0
2015-08-12 12:00:00,-26.9,980.7,,,73.4
2015-08-12 15:00:00,,981.2,0.1,8.0,81.0
2015-08-12 18:00:00,-22.3,982.0,0.9,197.0,78.4
2015-08-12 21:00:00,-21.9,983.2,0.7,275.0,75.0
2015-08-13 00:00:00,-21.9,985.8,1.1,227.0,72.6
2015-08-13 03:00:00,-22.9,989.3,0.7,176.0,67.0
2015-08-13 06:00:00,-23.0,994.7,,155.0,69.1
2015-08-13 09:00:00,-24.0,1000.3,,130.0,65.0
2015-08-13 12:00:00,-24.1,1003.9,2.0,167.0,68.0
2015-08-13 15:00:00,-25.0,1004.8,,288.0,73.7
2015-08-13 18:00:00,-25.9,1004.3,0.9,179.0,70.0
2015-08-13 21:00:00,-26.3,1004.2,0.0,57.0,71.7
2015-08-14 00:00:00,-23.5,1003.0,1.6,208.0,71.0
2015-08-14 03:00:00,-23.7,1001.1,2.4,231.0,72.0
2015-08-14 06:00:00,-25.5,998.9,2.1,222.0,71.0
2015-08-14 09:00:00,-24.7,997.0,1.1,222.0,67.5
2015-08-14 12:00:00,-25.8,995.1,0.4,285.0,74.7
2015-08-14 15:00:00,-24.0,992.8,0.1,226.0,75.0
2015-08-14 18:00:00,-23.5,989.5,0.9,237.0,77.0
2015-08-14 21:00:00,-21.3,986.3,0.9,247.0,81.0
2015-08-15 00:00:00,-21.8,984.3,0.0,152.0,80.4
2015-08-15 03:00:00,-23.0,983.1,,,79.5
2015-08-15 06:00:00,-21.1,981.1,,,83.0
2015-08-15 09:00:00,-18.2,979.2,,120.0,71.0
2015-08-15 12:00:00,-17.8,978.7,2.0,237.0,70.9
2015-08-15 15:00:00,-19.1,979.6,,231.0,71.0
2015-08-15 18:00:00,-20.7,980.6,,257.0,78.0
2015-08-15 21:00:00,-23.2,981.2,,174.0,77.0
2015-08-16 00:00:00,-23.5,982.2,1.9,65.0,75.0
2015-08-16 03:00:00,-24.7,980.4,,,75.8
2015-08-16 06:00:00,-25.8,978.2,1.0,216.0,76.0
2015-08-16 09:00:00,-26.0,976.5,0.2,280.0,74.0
2015-08-16 12:00:00,-26.0,975.2,1.4,258.0,75.0
2015-08-16 15:00:00,-25.6,973.3,2.6,215.0,72.0
2015-08-16 18:00:00,-26.5,971.4,0.1,161.0,75.0
2015-08-16 21:00:00,-27.3,968.8,1.2,225.0,71.0
2015-08-17 00:00:00,-26.7,966.5,1.3,248.0,69.1
2015-08-17 03:00:00,-24.1,966.2,2.8,232.0,66.0
2015-08-17 06:00:00,-25.4,966.7,3.6,205.0,69.2
2015-08-17 09:00:00,-24.7,968.3,7.5,238.0,64.0
2015-08-17 12:00:00,-26.6,969.9,7.8,241.0,65.6
2015-08-17 15:00:00,-28.0,972.3,7.5,251.0,66.0
2015-08-17 18:00:00,-28.7,974.7,5.7,234.0,60.0
2015-08-17 21:00:00,-28.8,977.6,3.6,235.0,53.7
2015-08-18 00:00:00,-29.3,980.7,,34.0,61.0
2015-08-18 03:00:00,-30.3,982.5,,,63.1
2015-08-18 06:00:00,-29.9,983.5,,,70.0
2015-08-18 09:00:00,-29.3,983.9,1.3,216.0,71.2
2015-08-18 12:00:00,-28.8,983.5,1.9,232.0,72.0
2015-08-18 15:00:00,-26.1,983.5,0.0,254.0,65.5
2015-08-18 18:00:00,-25.7,982.7,1.8,236.0,62.0
2015-08-18 21:00:00,-24.6,982.4,,239.0,64.0
2015-08-19 00:00:00,-23.6,981.2,5.9,221.0,59.0
2015-08-19 03:00:00,-24.4,980.0,7.5,233.0,69.4
2015-08-19 06:00:00,-23.8,978.9,8.0,228.0,63.8
2015-08-19 09:00:00,-24.0,977.1,,236.0,69.0
2015-08-19 12:00:00,-23.8,975.3,12.4,232.0,76.0
2015-08-19 15:00:00,-22.9,974.6,10.9,210.0,60.0
2015-08-19 18:00:00,-23.8,973.6,,209.0,72.0
2015-08-19 21:00:00,-23.3,972.8,,210.0,71.0
2015-08-20 00:00:00,-23.4,972.5,,215.0,69.7
2015-08-20 03:00:00,-23.0,971.5,,208.0,60.0
2015-08-20 06:00:00,-22.8,971.1,22.4,214.0,62.0
2015-08-20 09:00:00,-22.1,971.3,20.6,214.0,56.0
2015-08-20 12:00:00,-20.9,970.8,,210.0,47.1
2015-08-20 15:00:00,-21.5,969.9,,242.0,54.0
2015-08-20 18:00:00,-22.1,968.8,,254.0,58.0
2015-08-20 21:00:00,,967.2,10.5,205.0,41.6
2015-08-21 00:00:00,-20.8,967.6,,248.0,51.0
2015-08-21 03:00:00,-19.5,967.7,,208.0,44.0
2015-08-21 06:00:00,-18.0,967.2,7.5,243.0,42.0
2015-08-21 09:00:00,-18.0,966.8,,216.0,38.8
2015-08-21 12:00:00,-17.8,965.7,4.2,199.0,37.0
2015-08-21 15:00:00,-17.0,965.4,5.1,179.0,33.9
2015-08-21 18:00:00,-16.8,965.4,3.3,206.0,33.0
2015-08-21 21:00:00,-16.8,965.2,6.9,260.0,39.0
2015-08-22 00:00:00,-16.5,965.2,,300.0,50.0
2015-08-22 03:00:00,,964.5,,210.0,46.0
2015-08-22 06:00:00,-13.2,963.7,,242.0,65.0
2015-08-22 09:00:00,-13.3,965.9,5.6,164.0,61.0
2015-08-22 12:00:00,-16.4,969.4,8.6,148.0,79.0
2015-08-22 15:00:00,-16.8,973.6,8.0,141.0,75.0
2015-08-22 18:00:00,-15.4,976.7,,163.0,65.0
2015-08-22 21:00:00,-17.5,979.2,,150.0,75.0
2015-08-23 00:00:00,-18.4,981.3,3.2,129.0,60.0
2015-08-23 03:00:00,-20.1,981.3,,0.0,75.2
2015-08-23 06:00:00,-22.4,979.5,0.1,138.0,77.0
2015-08-23 09:00:00,-23.6,977.0,0.0,105.0,78.0
2015-08-23 12:00:00,-25.8,973.5,0.4,285.0,78.0
2015-08-23 15:00:00,-24.3,971.1,,,79.0
2015-08-23 18:00:00,-27.7,970.7,,,75.0
2015-08-23 21:00:00,-27.1,970.4,0.1,237.0,76.5
2015-08-24 00:00:00,-24.5,971.1,1.3,204.0,79.2
2015-08-24 03:00:00,-25.3,971.3,0.0,330.0,78.1
2015-08-24 06:00:00,-25.8,970.3,1.8,246.0,77.0
2015-08-24 09:00:00,-26.8,968.2,4.1,240.0,76.2
2015-08-24 12:00:00,-25.3,966.6,0.8,255.0,77.7
2015-08-24 15:00:00,-25.2,966.7,4.2,243.0,78.0
2015-08-24 18:00:00,-27.8,968.1,3.7,224.0,75.0
2015-08-24 21:00:00,-28.5,969.8,1.0,18.0,71.0
2015-08-25 00:00:00,-28.9,972.6,2.2,104.0,65.1
2015-08-25 03:00:00,-30.6,974.7,,220.0,58.8
2015-08-25 06:00:00,-30.2,975.4,3.8,239.0,54.9
2015-08-25 09:00:00,-28.5,975.7,,253.0,61.0
2015-08-25 12:00:00,-29.0,977.0,,238.0,68.1
2015-08-25 15:00:00,-28.2,977.8,11.8,234.0,58.7
2015-08-25 18:00:00,-27.6,978.5,10.4,230.0,50.0
2015-08-25 21:00:00,-27.4,979.0,10.1,238.0,50.8
2015-08-26 00:00:00,-26.6,980.5,8.5,234.0,42.0
2015-08-26 03:00:00,-26.5,979.5,10.4,251.0,49.0
2015-08-26 06:00:00,-25.2,978.7,,166.0,35.0
2015-08-26 09:00:00,-27.7,978.6,7.1,226.0,48.0
2015-08-26 12:00:00,-28.3,977.0,6.2,234.0,44.0
2015-08-26 15:00:00,-28.9,975.2,3.8,243.0,44.2
2015-08-26 18:00:00,-29.8,973.0,,177.0,40.0
2015-08-26 21:00:00,-31.9,971.1,1.4,226.0,52.0
2015-08-27 00:00:00,-32.8,969.0,0.9,36.0,53.7
2015-08-27 03:00:00,-31.4,965.8,2.3,241.0,56.4
2015-08-27 06:00:00,-31.0,962.4,,,50.0
2015-08-27 09:00:00,-31.5,961.2,0.5,251.0,59.0
2015-08-27 12:00:00,-31.5,960.4,1.9,231.0,62.0
2015-08-27 15:00:00,-31.5,960.2,2.2,220.0,59.5
2015-08-27 18:00:00,-31.2,960.4,0.0,270.0,62.0
2015-08-27 21:00:00,-31.1,960.8,0.0,226.0,64.0
2015-08-28 00:00:00,-29.2,961.2,0.8,249.0,60.0
2015-08-28 03:00:00,-26.4,961.6,1.3,301.0,72.1
2015-08-28 06:00:00,-25.7,963.6,0.0,233.0,74.9
2015-08-28 09:00:00,-24.9,965.3,0.4,186.0,76.0
2015-08-28 12:00:00,-24.3,967.8,0.2,230.0,78.0
2015-08-28 15:00:00,-23.2,970.6,1.2,63.0,78.3
2015-08-28 18:00:00,-22.9,972.7,0.2,262.0,80.1
2015-08-28 21:00:00,,975.6,1.8,150.0,63.0
2015-08-29 00:00:00,,976.7,,209.0,45.0
2015-08-29 03:00:00,,977.9,,69.0,56.8
2015-08-29 06:00:00,,979.2,,188.0,56.1
2015-08-29 09:00:00,-16.5,981.5,0.1,89.0,53.0
2015-08-29 12:00:00,-19.5,983.3,0.3,214.0,68.1
2015-08-29 15:00:00,,984.9,,202.0,55.0
2015-08-29 18:00:00,-14.9,987.8,,232.0,64.0
2015-08-29 21:00:00,-13.4,991.5,12.0,208.0,58.1
2015-08-30 00:00:00,-11.5,992.9,12.6,202.0,41.0
2015-08-30 03:00:00,-13.6,992.5,8.7,245.0,34.0
2015-08-30 06:00:00,-15.3,993.0,,218.0,39.6
2015-08-30 09:00:00,-18.0,993.1,,232.0,46.0
2015-08-30 12:00:00,,994.0,0.5,1.0,61.0
2015-08-30 15:00:00,-21.8,994.4,1.1,221.0,71.2
2015-08-30 18:00:00,-22.6,994.3,2.1,245.0,62.0
2015-08-30 21:00:00,-21.2,993.2,0.8,273.0,58.0
2015-08-31 00:00:00,-20.4,989.9,0.3,264.0,51.0
2015-08-31 03:00:00,-19.1,984.5,1.8,216.0,49.0
2015-08-31 06:00:00,-18.5,979.3,0.4,81.0,55.3
2015-08-31 09:00:00,-20.8,978.3,0.4,201.0,73.0
2015-08-31 12:00:00,-20.9,980.1,0.1,255.0,58.0
2015-08-31 15:00:00,-24.3,980.6,0.1,156.0,68.0
2015-08-31 18:00:00,-24.3,980.1,1.5,236.0,63.0
2015-08-31 21:00:00,-25.1,978.7,2.2,226.0,63.0
2015-09-01 00:00:00,-21.4,976.0,2.6,234.0,51.2
2015-09-01 03:00:00,-24.1,972.7,1.4,203.0,52.6
2015-09-01 06:00:00,-23.1,973.7,0.1,155.0,60.0
2015-09-01 09:00:00,-20.8,979.4,0.5,90.0,63.0
2015-09-01 12:00:00,,981.4,,223.0,62.3
2015-09-01 15:00:00,-20.3,984.0,5.1,71.0,68.0
2015-09-01 18:00:00,,985.5,0.3,272.0,71.0
2015-09-01 21:00:00,,985.1,3.1,237.0,75.5
2015-09-02 00:00:00,-26.0,985.3,0.8,232.0,69.0
2015-09-02 03:00:00,-25.8,985.5,3.1,239.0,72.0
2015-09-02 06:00:00,-27.9,986.3,0.5,331.0,72.0
2015-09-02 09:00:00,,986.5,0.9,293.0,72.4
2015-09-02 12:00:00,-31.2,987.7,,,72.0
2015-09-02 15:00:00,-30.9,988.5,,,72.0
2015-09-02 18:00:00,-31.2,989.6,0.0,239.0,70.0
2015-09-02 21:00:00,-32.1,990.7,0.4,241.0,69.0
2015-09-03 00:00:00,-30.4,991.6,0.3,243.0,63.4
2015-09-03 03:00:00,-28.1,992.4,0.5,248.0,68.0
2015-09-03 06:00:00,-30.5,993.5,0.3,231.0,69.0
2015-09-03 09:00:00,-29.3,994.5,0.9,238.0,69.0
2015-09-03 12:00:00,-30.7,994.8,1.6,252.0,68.5
2015-09-03 15:00:00,-30.7,994.7,,,70.0
2015-09-03 18:00:00,-31.9,994.8,0.1,2.0,69.0
2015-09-03 21:00:00,-27.8,995.6,,,71.0
2015-09-04 00:00:00,-27.8,996.2,0.3,235.0,71.3
2015-09-04 03:00:00,-27.6,996.3,,,72.0
2015-09-04 06:00:00,-28.2,996.2,,,74.0
2015-09-04 09:00:00,-28.3,997.5,0.9,235.0,74.0
2015-09-04 12:00:00,-28.6,998.5,0.2,194.0,73.0
2015-09-04 15:00:00,-27.3,998.7,0.0,284.0,54.9
2015-09-04 18:00:00,-27.0,1000.2,0.3,100.0,55.9
2015-09-04 21:00:00,-28.1,1001.2,0.0,146.0,57.0
2015-09-05 00:00:00,-26.3,1002.3,,,49.0
2015-09-05 03:00:00,-26.6,1001.6,0.0,43.0,37.0
2015-09-05 06:00:00,-28.5,1001.8,0.5,266.0,55.0
2015-09-05 09:00:00,-27.0,1002.8,0.3,349.0,46.0
2015-09-05 12:00:00,,1003.1,,141.0,34.0
2015-09-05 15:00:00,,1005.0,,156.0,46.0
2015-09-05 18:00:00,-20.2,1006.5,5.1,238.0,44.1
2015-09-05 21:00:00,-20.5,1006.9,,17.0,41.0
2015-09-06 00:00:00,-19.5,1007.3,,227.0,37.0
2015-09-06 03:00:00,-19.7,1006.8,,73.0,40.7
2015-09-06 06:00:00,-21.4,1006.8,,143.0,39.0
2015-09-06 09:00:00,,1005.9,0.2,7.0,56.0
2015-09-06 12:00:00,,1004.4,1.7,51.0,64.0
2015-09-06 15:00:00,-29.0,1004.0,1.1,212.0,62.0
2015-09-06 18:00:00,-30.5,1001.8,1.4,253.0,66.0
2015-09-06 21:00:00,-30.2,998.5,1.1,236.0,60.0
2015-09-07 00:00:00,-27.5,992.9,1.6,251.0,64.0
2015-09-07 03:00:00,,988.4,0.2,159.0,51.1
2015-09-07 06:00:00,-23.0,984.3,2.8,58.0,75.0
2015-09-07 09:00:00,-25.0,982.1,1.4,243.0,74.0
2015-09-07 12:00:00,-24.9,978.7,0.7,278.0,72.5
2015-09-07 15:00:00,-25.0,977.4,0.5,217.0,72.0
2015-09-07 18:00:00,-25.3,976.3,,,74.4
2015-09-07 21:00:00,-23.8,978.8,,,69.0
2015-09-08 00:00:00,-21.8,981.3,0.1,227.0,76.0
2015-09-08 03:00:00,-22.0,983.2,3.8,148.0,74.0
2015-09-08 06:00:00,-21.6,984.7,,142.0,65.5
2015-09-08 09:00:00,-22.2,986.7,5.8,136.0,62.0
2015-09-08 12:00:00,-23.8,987.4,7.4,142.0,64.0
2015-09-08 15:00:00,-25.0,989.1,,0.0,73.3
2015-09-08 18:00:00,-24.3,989.3,,207.0,70.0
2015-09-08 21:00:00,-24.4,989.1,0.2,282.0,72.1
2015-09-09 00:00:00,-23.8,988.4,0.6,175.0,67.0
2015-09-09 03:00:00,-23.9,987.9,1.1,277.0,65.0
2015-09-09 06:00:00,-24.3,987.4,1.1,149.0,62.0
2015-09-09 09:00:00,-24.4,986.0,2.5,141.0,54.8
2015-09-09 12:00:00,-24.5,984.5,2.6,137.0,61.0
2015-09-09 15:00:00,-25.2,983.0,,,75.0
2015-09-09 18:00:00,-27.8,981.5,,,70.0
2015-09-09 21:00:00,-30.1,979.5,,,69.0
2015-09-10 00:00:00,-29.1,978.1,0.5,231.0,65.8
2015-09-10 03:00:00,-28.7,976.6,0.3,220.0,67.2
2015-09-10 06:00:00,-30.2,975.8,0.3,239.0,73.0
2015-09-10 09:00:00,-31.8,975.8,,,71.2
2015-09-10 12:00:00,-30.6,976.0,1.0,240.0,72.0
2015-09-10 15:00:00,-30.2,976.9,,,71.0
2015-09-10 18:00:00,-27.9,978.8,,,71.0
2015-09-10 21:00:00,-27.2,980.3,,,73.7
2015-09-11 00:00:00,-24.2,981.4,,,66.0
2015-09-11 03:00:00,-24.9,981.8,0.6,224.0,72.2
2015-09-11 06:00:00,-26.9,981.7,0.5,213.0,65.0
2015-09-11 09:00:00,,981.2,0.5,204.0,69.0
2015-09-11 12:00:00,,980.8,0.8,234.0,76.0
2015-09-11 15:00:00,-34.0,979.4,1.6,242.0,67.9
2015-09-11 18:00:00,-33.6,977.4,1.1,225.0,68.0
2015-09-11 21:00:00,-30.2,975.2,0.7,217.0,69.0
2015-09-12 00:00:00,-29.6,972.4,,,68.1
2015-09-12 03:00:00,-27.7,969.4,0.1,228.0,71.4
2015-09-12 06:00:00,-26.1,967.1,,,76.0
2015-09-12 09:00:00,-23.9,964.6,3.8,74.0,68.0
2015-09-12 12:00:00,-23.5,963.7,2.8,114.0,73.7
2015-09-12 15:00:00,-24.6,964.2,7.4,225.0,76.0
2015-09-12 18:00:00,-24.1,965.0,2.6,131.0,73.0
2015-09-12 21:00:00,-24.4,968.1,,19.0,74.0
2015-09-13 00:00:00,-23.8,973.3,3.4,97.0,54.3
2015-09-13 03:00:00,-24.6,977.1,2.9,206.0,56.8
2015-09-13 06:00:00,-26.1,979.7,2.9,140.0,55.0
2015-09-13 09:00:00,-27.6,981.9,2.3,171.0,60.0
2015-09-13 12:00:00,-29.7,981.3,1.5,212.0,67.0
2015-09-13 15:00:00,-27.2,977.7,3.4,224.0,59.9
2015-09-13 18:00:00,-26.9,971.4,2.2,227.0,62.0
2015-09-13 21:00:00,-27.4,965.9,,,66.8
2015-09-14 00:00:00,-25.2,959.8,0.6,238.0,57.0
2015-09-14 03:00:00,-25.3,954.8,0.1,83.0,62.7
2015-09-14 06:00:00,-28.0,953.0,,,72.0
2015-09-14 09:00:00,-28.6,953.6,,,73.9
2015-09-14 12:00:00,-29.3,952.2,,,72.0
2015-09-14 15:00:00,-27.2,952.9,2.3,212.0,71.9
2015-09-14 18:00:00,-25.2,956.4,2.5,217.0,76.0
2015-09-14 21:00:00,-23.9,961.1,,241.0,78.0
2015-09-15 00:00:00,-24.4,968.6,,133.0,66.9
2015-09-15 03:00:00,-25.2,973.3,6.8,141.0,62.0
2015-09-15 06:00:00,-25.3,977.0,2.0,24.0,61.0
2015-09-15 09:00:00,-24.7,979.8,,0.0,59.0
2015-09-15 12:00:00,-23.6,981.6,3.0,139.0,40.5
2015-09-15 15:00:00,-24.2,982.9,0.9,183.0,50.0
2015-09-15 18:00:00,-24.4,981.2,5.5,153.0,54.0
2015-09-15 21:00:00,-25.3,979.4,2.1,160.0,59.0
2015-09-16 00:00:00,-25.2,976.6,,342.0,69.9
2015-09-16 03:00:00,-25.1,972.8,0.0,205.0,74.1
2015-09-16 06:00:00,-25.1,969.6,0.3,272.0,75.0
2015-09-16 09:00:00,-24.5,967.3,0.8,274.0,67.0
2015-09-16 12:00:00,-25.7,967.0,3.2,337.0,66.0
2015-09-16 15:00:00,-26.1,967.6,3.8,139.0,60.0
2015-09-16 18:00:00,-25.7,969.3,7.1,254.0,71.0
2015-09-16 21:00:00,-27.0,971.0,8.6,241.0,65.0
2015-09-17 00:00:00,-26.9,973.6,11.5,241.0,65.3
2015-09-17 03:00:00,-25.6,976.7,,262.0,48.0
2015-09-17 06:00:00,-27.0,978.2,,154.0,47.4
2015-09-17 09:00:00,,978.0,0.7,225.0,68.1
2015-09-17 12:00:00,,976.9,,,65.0
2015-09-17 15:00:00,-32.1,976.0,,,54.0
2015-09-17 18:00:00,-31.7,974.8,0.2,2.0,55.7
2015-09-17 21:00:00,-33.3,972.5,,,56.0
2015-09-18 00:00:00,-29.3,969.4,,,45.3
2015-09-18 03:00:00,-30.3,967.3,,,63.0
2015-09-18 06:00:00,-31.8,966.4,0.3,200.0,60.4
2015-09-18 09:00:00,-32.0,969.1,2.2,203.0,60.0
2015-09-18 12:00:00,-30.5,969.8,2.3,222.0,48.3
2015-09-18 15:00:00,-32.5,968.4,,,62.0
2015-09-18 18:00:00,-29.7,965.0,0.2,174.0,63.0
2015-09-18 21:00:00,,962.1,2.5,222.0,62.2
2015-09-19 00:00:00,,960.4,2.9,60.0,63.0
2015-09-19 03:00:00,,961.1,3.5,53.0,48.1
2015-09-19 06:00:00,-21.9,966.0,2.2,111.0,57.0
2015-09-19 09:00:00,-22.7,969.0,0.7,224.0,59.0
2015-09-19 12:00:00,-25.6,970.7,0.8,156.0,66.0
2015-09-19 15:00:00,-23.2,969.5,1.9,120.0,72.0
2015-09-19 18:00:00,,969.1,0.3,304.0,69.8
2015-09-19 21:00:00,,969.4,1.0,241.0,68.0
2015-09-20 00:00:00,-26.1,970.0,0.2,336.0,68.2
2015-09-20 03:00:00,,970.7,0.7,301.0,65.6
2015-09-20 06:00:00,-23.3,971.5,0.3,304.0,65.0
2015-09-20 09:00:00,-25.2,972.8,2.1,241.0,58.0
2015-09-20 12:00:00,-24.9,973.7,0.0,14.0,67.2
2015-09-20 15:00:00,-25.0,972.5,1.3,206.0,67.0
2015-09-20 18:00:00,-29.4,969.2,1.8,260.0,70.0
2015-09-20 21:00:00,-28.1,971.5,0.8,254.0,65.5
2015-09-21 00:00:00,-25.3,976.1,2.5,235.0,78.0
2015-09-21 03:00:00,,977.1,1.0,56.0,66.0
2015-09-21 06:00:00,-21.1,976.0,2.1,41.0,59.0
2015-09-21 09:00:00,-21.8,978.0,1.4,190.0,61.0
2015-09-21 12:00:00,-22.2,982.7,0.2,277.0,66.0
2015-09-21 15:00:00,-24.8,984.0,0.0,75.0,71.1
2015-09-21 18:00:00,-25.1,985.5,0.2,181.0,73.0
2015-09-21 21:00:00,-25.3,987.0,0.2,171.0,67.9
2015-09-22 00:00:00,-24.8,987.3,0.5,230.0,64.2
2015-09-22 03:00:00,-23.5,986.3,,,62.2
2015-09-22 06:00:00,-23.7,985.2,2.4,33.0,66.0
2015-09-22 09:00:00,-23.8,984.8,3.3,37.0,68.2
2015-09-22 12:00:00,-23.6,984.3,,238.0,73.0
2015-09-22 15:00:00,-23.6,985.6,,240.0,74.0
2015-09-22 18:00:00,-23.8,987.9,14.8,239.0,67.0
2015-09-22 21:00:00,,988.7,12.9,220.0,47.0
2015-09-23 00:00:00,-21.3,991.8,,234.0,47.0
2015-09-23 03:00:00,-21.7,993.6,,228.0,47.4
2015-09-23 06:00:00,-24.4,994.7,,19.0,62.0
2015-09-23 09:00:00,,993.2,,0.0,67.0
2015-09-23 12:00:00,-28.1,991.4,,214.0,62.0
2015-09-23 15:00:00,-29.7,989.3,,0.0,60.8
2015-09-23 18:00:00,-32.2,988.2,0.2,248.0,70.0
2015-09-23 21:00:00,-28.0,987.7,,,63.0
2015-09-24 00:00:00,,987.8,,,61.0
2015-09-24 03:00:00,-26.7,987.4,,,71.0
2015-09-24 06:00:00,-26.7,988.1,,,72.7
2015-09-24 09:00:00,-28.3,989.3,,,73.0
2015-09-24 12:00:00,-27.4,990.7,,,63.0
2015-09-24 15:00:00,-27.1,992.4,,,70.0
2015-09-24 18:00:00,-28.3,994.8,,,56.8
2015-09-24 21:00:00,-30.1,995.7,,,65.0
2015-09-25 00:00:00,-27.0,996.6,,,54.0
2015-09-25 03:00:00,-26.1,996.4,,,48.0
2015-09-25 06:00:00,-27.8,994.4,3.5,226.0,56.0
2015-09-25 09:00:00,-30.1,992.0,3.6,264.0,57.0
2015-09-25 12:00:00,-28.9,989.0,2.6,204.0,49.0
2015-09-25 15:00:00,-33.3,987.2,0.9,229.0,61.0
2015-09-25 18:00:00,,988.5,0.5,179.0,58.0
2015-09-25 21:00:00,-29.6,988.9,0.3,283.0,61.0
2015-09-26 00:00:00,-27.6,989.1,0.1,343.0,56.0
2015-09-26 03:00:00,,989.4,0.7,214.0,57.0
2015-09-26 06:00:00,-25.8,989.6,2.7,221.0,62.7
2015-09-26 09:00:00,,989.8,3.0,221.0,69.5
2015-09-26 12:00:00,-29.3,990.1,1.1,217.0,64.0
2015-09-26 15:00:00,-31.5,989.1,0.2,238.0,65.1
2015-09-26 18:00:00,-33.3,988.6,,,66.0
2015-09-26 21:00:00,-30.8,987.4,1.6,238.0,68.0
2015-09-27 00:00:00,,986.1,2.1,250.0,61.0
2015-09-27 03:00:00,-26.3,985.2,0.0,329.0,54.0
2015-09-27 06:00:00,-27.7,984.1,,,66.9
2015-09-27 09:00:00,-30.3,982.6,1.4,246.0,69.8
2015-09-27 12:00:00,-29.5,980.6,1.8,241.0,65.9
2015-09-27 15:00:00,-30.9,978.6,1.7,233.0,67.0
2015-09-27 18:00:00,-34.3,977.1,,,69.0
2015-09-27 21:00:00,-32.4,975.5,1.1,225.0,62.0
2015-09-28 00:00:00,,973.9,1.8,250.0,61.9
2015-09-28 03:00:00,,972.9,,,55.0
2015-09-28 06:00:00,-30.6,972.2,0.0,244.0,67.0
2015-09-28 09:00:00,,971.9,0.1,222.0,68.0
2015-09-28 12:00:00,-31.9,972.3,1.6,229.0,67.2
2015-09-28 15:00:00,-33.9,973.0,,,68.0
2015-09-28 18:00:00,-34.7,973.7,1.0,257.0,64.0
2015-09-28 21:00:00,-31.7,974.7,0.9,49.0,57.6
2015-09-29 00:00:00,,976.9,0.3,274.0,47.0
2015-09-29 03:00:00,,978.8,0.1,322.0,54.5
2015-09-29 06:00:00,-24.7,980.4,0.6,90.0,55.7
2015-09-29 09:00:00,,982.5,,187.0,48.5
2015-09-29 12:00:00,,984.3,4.8,253.0,55.0
2015-09-29 15:00:00,-17.1,985.2,6.2,234.0,47.4
2015-09-29 18:00:00,-17.4,985.6,2.2,235.0,43.0
2015-09-29 21:00:00,-12.9,986.1,7.1,218.0,43.9
2015-09-30 00:00:00,-15.9,988.3,4.7,218.0,50.0
2015-09-30 03:00:00,-16.1,988.4,5.7,228.0,56.0
2015-09-30 06:00:00,-17.5,987.0,1.0,124.0,57.1
2015-09-30 09:00:00,,984.9,,191.0,71.0
2015-09-30 12:00:00,,982.4,,204.0,32.6
2015-09-30 15:00:00,,982.7,,173.0,35.0
2015-09-30 18:00:00,,982.8,,36.0,50.0
2015-09-30 21:00:00,,982.0,,228.0,52.5
2015-10-01 00:00:00,,981.3,3.5,213.0,
2015-10-01 03:00:00,,980.5,2.7,225.0,49.8
2015-10-01 06:00:00,-15.9,979.4,3.2,240.0,36.0
2015-10-01 09:00:00,-16.1,979.6,1.6,202.0,32.2
2015-10-01 12:00:00,-15.0,980.4,,234.0,49.0
2015-10-01 15:00:00,-11.6,982.6,,226.0,61.7
2015-10-01 18:00:00,-14.5,985.7,10.2,240.0,74.0
2015-10-01 21:00:00,-14.9,988.2,,239.0,57.0
2015-10-02 00:00:00,-17.6,990.8,,301.0,69.6
2015-10-02 03:00:00,-17.5,991.9,2.0,50.0,68.4
2015-10-02 06:00:00,-15.3,992.1,,212.0,40.4
2015-10-02 09:00:00,-16.5,992.5,,214.0,40.0
2015-10-02 12:00:00,-15.7,991.3,11.9,210.0,38.0
2015-10-02 15:00:00,-15.1,989.3,8.0,205.0,27.0
2015-10-02 18:00:00,-17.6,987.5,,332.0,46.0
2015-10-02 21:00:00,-19.0,986.8,,64.0,75.1
2015-10-03 00:00:00,-18.4,989.1,,140.0,68.0
2015-10-03 03:00:00,-17.8,989.0,,168.0,63.2
2015-10-03 06:00:00,-17.0,987.7,6.7,214.0,50.5
2015-10-03 09:00:00,,985.5,2.0,50.0,76.0
2015-10-03 12:00:00,-21.8,984.3,,62.0,75.0
2015-10-03 15:00:00,-21.7,981.3,3.0,257.0,73.0
2015-10-03 18:00:00,,979.1,,251.0,54.8
2015-10-03 21:00:00,,978.2,,247.0,54.0
2015-10-04 00:00:00,-12.1,979.6,5.5,212.0,64.4
2015-10-04 03:00:00,-14.5,981.4,8.7,180.0,68.0
2015-10-04 06:00:00,-15.1,985.3,10.2,218.0,67.6
2015-10-04 09:00:00,-16.6,985.8,7.6,205.0,59.1
2015-10-04 12:00:00,-15.4,986.4,12.3,200.0,57.0
2015-10-04 15:00:00,-15.2,985.8,9.1,212.0,73.0
2015-10-04 18:00:00,-15.3,984.9,,173.0,70.0
2015-10-04 21:00:00,-14.2,983.9,,230.0,62.0
2015-10-05 00:00:00,-13.4,982.6,,207.0,67.0
2015-10-05 03:00:00,-13.6,982.3,15.6,224.0,86.0
2015-10-05 06:00:00,-13.1,981.6,17.1,223.0,75.5
2015-10-05 09:00:00,-13.0,979.8,17.5,200.0,67.0
2015-10-05 12:00:00,-12.9,979.6,15.2,210.0,70.0
2015-10-05 15:00:00,-13.8,979.5,,211.0,64.8
2015-10-05 18:00:00,-14.8,979.1,18.8,211.0,74.0
2015-10-05 21:00:00,-13.6,978.7,22.9,220.0,68.0
2015-10-06 00:00:00,-13.3,980.5,21.5,219.0,75.9
2015-10-06 03:00:00,-13.5,983.7,20.2,226.0,83.0
2015-10-06 06:00:00,-13.3,986.9,19.0,217.0,83.8
2015-10-06 09:00:00,-11.6,988.7,,201.0,67.0
2015-10-06 12:00:00,-12.0,992.7,,222.0,71.8
2015-10-06 15:00:00,-10.2,990.7,10.0,203.0,58.0
2015-10-06 18:00:00,-12.1,992.4,,162.0,69.0
2015-10-06 21:00:00,-8.8,990.2,,207.0,49.0
2015-10-07 00:00:00,-8.1,991.0,11.5,212.0,39.3
2015-10-07 03:00:00,-7.4,990.7,11.6,222.0,32.0
2015-10-07 06:00:00,-7.3,988.4,13.9,201.0,31.0
2015-10-07 09:00:00,-9.0,989.6,,243.0,36.0
2015-10-07 12:00:00,,988.5,,217.0,55.0
2015-10-07 15:00:00,,987.1,,132.0,70.9
2015-10-07 18:00:00,-18.6,985.5,1.7,223.0,75.0
2015-10-07 21:00:00,-16.9,983.1,1.9,241.0,72.1
2015-10-08 00:00:00,-13.8,980.2,1.6,230.0,62.0
2015-10-08 03:00:00,-12.2,978.2,0.6,320.0,63.4
2015-10-08 06:00:00,-16.1,978.9,1.0,257.0,77.3
2015-10-08 09:00:00,-16.7,981.2,0.0,132.0,75.6
2015-10-08 12:00:00,-18.9,981.6,0.1,242.0,81.0
2015-10-08 15:00:00,-17.9,981.6,0.1,55.0,79.0
2015-10-08 18:00:00,-18.2,980.9,0.0,191.0,80.0
2015-10-08 21:00:00,-16.3,980.1,1.1,241.0,75.0
2015-10-09 00:00:00,-15.9,980.0,0.4,242.0,75.3
2015-10-09 03:00:00,-14.3,979.0,0.4,235.0,70.0
2015-10-09 06:00:00,-15.6,977.8,0.8,311.0,76.0
2015-10-09 09:00:00,-17.0,977.4,1.1,216.0,71.0
2015-10-09 12:00:00,-16.0,977.8,0.7,43.0,61.4
2015-10-09 15:00:00,-16.5,977.8,0.5,167.0,60.0
2015-10-09 18:00:00,-17.5,977.7,0.7,307.0,62.6
2015-10-09 21:00:00,-16.5,977.8,1.1,222.0,53.6
2015-10-10 00:00:00,-16.3,977.2,1.4,244.0,59.0
2015-10-10 03:00:00,-13.6,976.8,1.0,297.0,49.0
2015-10-10 06:00:00,-13.1,975.5,2.2,254.0,50.0
2015-10-10 09:00:00,-10.5,975.4,5.5,225.0,52.0
2015-10-10 12:00:00,-14.3,974.8,,163.0,61.0
2015-10-10 15:00:00,,973.7,,247.0,44.0
2015-10-10 18:00:00,,973.5,0.5,79.0,50.0
2015-10-10 21:00:00,-11.7,974.3,,159.0,57.0
2015-10-11 00:00:00,-12.1,975.6,,171.0,73.0
2015-10-11 03:00:00,-12.9,976.5,9.7,152.0,55.8
2015-10-11 06:00:00,-11.7,977.6,,192.0,59.8
2015-10-11 09:00:00,-12.7,979.8,8.8,160.0,62.0
2015-10-11 12:00:00,-13.3,980.9,,159.0,50.0
2015-10-11 15:00:00,-14.4,982.1,,229.0,60.0
2015-10-11 18:00:00,-14.3,982.1,,136.0,50.6
2015-10-11 21:00:00,-13.2,982.0,3.2,203.0,55.0
2015-10-12 00:00:00,-12.7,983.2,,240.0,45.0
2015-10-12 03:00:00,-12.6,984.3,,231.0,58.9
2015-10-12 06:00:00,-13.9,987.3,6.5,166.0,68.4
2015-10-12 09:00:00,-14.0,988.7,,168.0,57.0
2015-10-12 12:00:00,-14.7,989.2,,222.0,59.0
2015-10-12 15:00:00,-15.3,989.2,1.9,136.0,61.0
2015-10-12 18:00:00,-14.7,989.7,2.9,123.0,58.0
2015-10-12 21:00:00,-15.3,988.7,1.0,201.0,54.7
2015-10-13 00:00:00,-14.2,987.0,4.1,228.0,60.0
2015-10-13 03:00:00,-12.8,986.7,5.5,138.0,51.2
2015-10-13 06:00:00,-13.5,987.0,2.7,96.0,54.8
2015-10-13 09:00:00,-16.1,987.5,2.0,27.0,61.4
2015-10-13 12:00:00,-16.1,987.2,2.1,139.0,67.0
2015-10-13 15:00:00,-17.7,986.9,1.2,149.0,77.0
2015-10-13 18:00:00,-19.2,986.1,0.7,248.0,75.7
2015-10-13 21:00:00,-17.9,985.4,0.1,150.0,74.0
2015-10-14 00:00:00,-16.6,984.8,0.0,265.0,77.5
2015-10-14 03:00:00,-16.1,984.3,1.0,259.0,72.0
2015-10-14 06:00:00,-17.0,983.9,2.4,317.0,77.0
2015-10-14 09:00:00,-17.2,983.7,3.2,142.0,69.0
2015-10-14 12:00:00,-18.7,984.3,2.3,173.0,74.6
2015-10-14 15:00:00,-19.6,984.8,3.2,147.0,70.0
2015-10-14 18:00:00,-19.4,985.2,2.0,67.0,68.0
2015-10-14 21:00:00,-18.9,985.1,2.0,19.0,63.7
2015-10-15 00:00:00,-17.2,985.3,1.8,49.0,56.9
2015-10-15 03:00:00,-17.7,984.6,,258.0,56.0
2015-10-15 06:00:00,-18.3,983.5,,4.0,62.0
2015-10-15 09:00:00,-20.9,981.9,,152.0,63.5
2015-10-15 12:00:00,-23.1,980.4,0.1,223.0,78.0
2015-10-15 15:00:00,-23.7,978.4,1.4,226.0,77.0
2015-10-15 18:00:00,-26.2,976.5,,,76.0
2015-10-15 21:00:00,-23.5,975.4,0.4,222.0,68.5
2015-10-16 00:00:00,-21.3,975.1,0.9,234.0,71.0
2015-10-16 03:00:00,-19.5,973.9,0.7,3.0,68.9
2015-10-16 06:00:00,-19.7,973.7,0.8,335.0,75.0
2015-10-16 09:00:00,-21.1,973.9,0.1,14.0,78.1
2015-10-16 12:00:00,-21.2,973.6,,,77.4
2015-10-16 15:00:00,-22.2,972.8,0.8,219.0,78.0
2015-10-16 18:00:00,-24.3,972.6,2.2,239.0,78.0
2015-10-16 21:00:00,-21.3,973.4,0.3,92.0,68.0
2015-10-17 00:00:00,-20.0,973.9,3.0,250.0,71.4
2015-10-17 03:00:00,-17.1,973.4,1.8,255.0,63.5
2015-10-17 06:00:00,-15.9,974.9,0.3,38.0,50.0
2015-10-17 09:00:00,-16.7,976.0,1.0,243.0,71.0
2015-10-17 12:00:00,-14.6,976.5,1.7,276.0,59.2
2015-10-17 15:00:00,-14.0,977.7,0.2,216.0,66.8
2015-10-17 18:00:00,-14.0,978.2,0.2,187.0,60.0
2015-10-17 21:00:00,-14.1,979.1,1.3,54.0,70.0
2015-10-18 00:00:00,-12.6,979.2,0.7,15.0,73.0
2015-10-18 03:00:00,-11.8,978.2,0.5,34.0,69.0
2015-10-18 06:00:00,-12.3,977.8,0.0,271.0,71.0
2015-10-18 09:00:00,-13.5,978.1,1.2,143.0,72.0
2015-10-18 12:00:00,,979.3,0.0,195.0,88.0
2015-10-18 15:00:00,,980.5,1.6,246.0,84.7
2015-10-18 18:00:00,-17.8,981.5,0.9,234.0,83.4
2015-10-18 21:00:00,-15.3,982.8,0.5,56.0,70.0
2015-10-19 00:00:00,,983.5,,,54.0
2015-10-19 03:00:00,-11.7,983.6,0.7,267.0,62.2
2015-10-19 06:00:00,-10.8,984.3,1.5,164.0,67.7
2015-10-19 09:00:00,-9.8,984.3,,203.0,47.0
2015-10-19 12:00:00,-11.5,985.1,,197.0,64.0
2015-10-19 15:00:00,-12.0,985.4,7.8,229.0,80.0
2015-10-19 18:00:00,-12.5,985.2,10.0,228.0,85.8
2015-10-19 21:00:00,-12.6,985.2,11.1,238.0,90.0
2015-10-20 00:00:00,-12.4,985.2,14.4,223.0,88.0
2015-10-20 03:00:00,-12.3,985.0,10.2,218.0,86.0
2015-10-20 06:00:00,-11.4,984.4,12.3,220.0,71.0
2015-10-20 09:00:00,-11.7,984.6,14.0,207.0,68.0
2015-10-20 12:00:00,-10.6,986.6,11.8,219.0,71.0
2015-10-20 15:00:00,-10.5,988.1,14.0,203.0,67.0
2015-10-20 18:00:00,-11.5,989.5,12.2,203.0,53.0
2015-10-20 21:00:00,-12.6,991.7,15.8,236.0,72.9
2015-10-21 00:00:00,-12.5,992.5,,237.0,76.8
2015-10-21 03:00:00,-12.1,992.0,19.8,235.0,73.0
2015-10-21 06:00:00,-10.6,991.5,17.3,212.0,77.5
2015-10-21 09:00:00,-8.7,990.8,,208.0,63.0
2015-10-21 12:00:00,-10.4,991.5,15.7,201.0,68.6
2015-10-21 15:00:00,-12.5,991.0,15.3,241.0,89.0
2015-10-21 18:00:00,-12.2,990.3,14.3,237.0,89.1
2015-10-21 21:00:00,-10.3,989.7,,212.0,73.0
2015-10-22 00:00:00,-9.0,988.1,,131.0,63.5
2015-10-22 03:00:00,-9.4,987.2,1.0,111.0,58.8
2015-10-22 06:00:00,-9.9,986.3,0.2,129.0,73.8
2015-10-22 09:00:00,-11.3,984.7,0.6,89.0,71.0
2015-10-22 12:00:00,-13.5,983.6,,,81.0
2015-10-22 15:00:00,-15.9,982.0,2.3,244.0,83.0
2015-10-22 18:00:00,-17.5,981.0,0.1,241.0,83.0
2015-10-22 21:00:00,-13.9,979.4,3.1,243.0,76.6
2015-10-23 00:00:00,-12.9,978.0,0.8,45.0,76.0
2015-10-23 03:00:00,-12.1,976.7,2.7,228.0,79.0
2015-10-23 06:00:00,-11.4,976.2,0.0,301.0,77.6
2015-10-23 09:00:00,-13.0,975.2,0.5,302.0,85.8
2015-10-23 12:00:00,-12.7,973.6,1.5,232.0,82.0
2015-10-23 15:00:00,-12.9,972.7,0.0,309.0,82.0
2015-10-23 18:00:00,-13.4,972.5,1.8,232.0,79.8
2015-10-23 21:00:00,-12.1,972.9,0.9,244.0,75.0
2015-10-24 00:00:00,-10.1,974.0,1.5,63.0,73.0
2015-10-24 03:00:00,-11.5,974.7,,151.0,73.6
2015-10-24 06:00:00,-12.9,975.3,5.4,145.0,76.0
2015-10-24 09:00:00,-13.9,976.0,,306.0,84.0
2015-10-24 12:00:00,-14.8,975.4,0.8,254.0,87.5
2015-10-24 15:00:00,-15.1,974.2,0.4,239.0,86.0
2015-10-24 18:00:00,-15.3,973.9,0.5,329.0,85.0
2015-10-24 21:00:00,-14.8,973.9,0.1,360.0,84.0
2015-10-25 00:00:00,-13.8,974.5,0.6,8.0,81.0
2015-10-25 03:00:00,-13.4,975.0,1.2,279.0,77.3
2015-10-25 06:00:00,-13.6,975.7,0.2,333.0,79.0
2015-10-25 09:00:00,-14.0,976.9,2.1,227.0,65.5
2015-10-25 12:00:00,-14.4,977.8,1.2,229.0,72.0
2015-10-25 15:00:00,-15.4,977.9,1.8,241.0,72.6
2015-10-25 18:00:00,-14.9,978.3,3.2,233.0,64.0
2015-10-25 21:00:00,-15.3,978.7,3.2,233.0,68.0
2015-10-26 00:00:00,-13.6,978.7,4.8,238.0,66.0
2015-10-26 03:00:00,,,,,
2015-10-26 06:00:00,,,,,
2015-10-26 09:00:00,,,,,
2015-10-26 12:00:00,,,,,
2015-10-26 15:00:00,,,,,
2015-10-26 18:00:00,,,,,
2015-10-26 21:00:00,,,,,
2015-10-27 00:00:00,,,,,
2015-10-27 03:00:00,,,,,
2015-10-27 06:00:00,,,,,
2015-10-27 09:00:00,,,,,
2015-10-27 12:00:00,,,,,
2015-10-27 15:00:00,,,,,
2015-10-27 18:00:00,,,,,
2015-10-27 21:00:00,,,,,
2015-10-28 00:00:00,,,,,
2015-10-28 03:00:00,,,,,
2015-10-28 06:00:00,,,,,
2015-10-28 09:00:00,,,,,
2015-10-28 12:00:00,,,,,
2015-10-28 15:00:00,,,,,
2015-10-28 18:00:00,,,,,
2015-10-28 21:00:00,,,,,
2015-10-29 00:00:00,,,,,
2015-10-29 03:00:00,,,,,
2015-10-29 06:00:00,,,,,
2015-10-29 09:00:00,,,,,
2015-10-29 12:00:00,,,,,
2015-10-29 15:00:00,,,,,
2015-10-29 18:00:00,,,,,
2015-10-29 21:00:00,,,,,
2015-10-30 00:00:00,,,,,
2015-10-30 03:00:00,,,,,
2015-10-30 06:00:00,,,,,
2015-10-30 09:00:00,,,,,
2015-10-30 12:00:00,,,,,
2015-10-30 15:00:00,,,,,
2015-10-30 18:00:00,,,,,
2015-10-30 21:00:00,,,,,
2015-10-31 00:00:00,,,,,
2015-10-31 03:00:00,,,,,
2015-10-31 06:00:00,,,,,
2015-10-31 09:00:00,,,,,
2015-10-31 12:00:00,,,,,
2015-10-31 15:00:00,,,,,
2015-10-31 18:00:00,,,,,
2015-10-31 21:00:00,,,,,
2015-11-01 00:00:00,,,,,
2015-11-01 03:00:00,,,,,
2015-11-01 06:00:00,,,,,
2015-11-01 09:00:00,,,,,
2015-11-01 12:00:00,,,,,
2015-11-01 15:00:00,,,,,
2015-11-01 18:00:00,,,,,
2015-11-01 21:00:00,,,,,
2015-11-02 00:00:00,,,,,
2015-11-02 03:00:00,,,,,
2015-11-02 06:00:00,,,,,
2015-11-02 09:00:00,,,,,
2015-11-02 12:00:00,,,,,
2015-11-02 15:00:00,,,,,
2015-11-02 18:00:00,,,,,
2015-11-02 21:00:00,,,,,
2015-11-03 00:00:00,,,,,
2015-11-03 03:00:00,,,,,
2015-11-03 06:00:00,,,,,
2015-11-03 09:00:00,,,,,
2015-11-03 12:00:00,,,,,
2015-11-03 15:00:00,,,,,
2015-11-03 18:00:00,,,,,
2015-11-03 21:00:00,,,,,
2015-11-04 00:00:00,,,,,
2015-11-04 03:00:00,,,,,
2015-11-04 06:00:00,,,,,
2015-11-04 09:00:00,,,,,
2015-11-04 12:00:00,,,,,
2015-11-04 15:00:00,,,,,
2015-11-04 18:00:00,,,,,
2015-11-04 21:00:00,,,,,
2015-11-05 00:00:00,,,,,
2015-11-05 03:00:00,,,,,
2015-11-05 06:00:00,,,,,
2015-11-05 09:00:00,,,,,
2015-11-05 12:00:00,,,,,
2015-11-05 15:00:00,,,,,
2015-11-05 18:00:00,,,,,
2015-11-05 21:00:00,,,,,
2015-11-06 00:00:00,,,,,
2015-11-06 03:00:00,-9.2,961.0,2.9,193.6,71.4
2015-11-06 06:00:00,-10.7,962.6,3.9,208.7,72.1
2015-11-06 09:00:00,-11.4,964.1,5.5,156.6,62.9
2015-11-06 12:00:00,-12.4,966.4,2.2,236.1,75.3
2015-11-06 15:00:00,-12.6,968.2,1.2,133.0,65.3
2015-11-06 18:00:00,-13.2,970.3,1.3,53.0,68.5
2015-11-06 21:00:00,-12.2,972.4,,254.6,57.5
2015-11-07 00:00:00,-10.9,975.1,5.0,243.2,47.6
2015-11-07 03:00:00,-11.5,977.7,6.7,250.1,60.1
2015-11-07 06:00:00,-11.3,980.0,2.4,254.2,46.8
2015-11-07 09:00:00,-13.3,982.6,3.6,243.5,59.7
2015-11-07 12:00:00,-14.0,984.5,2.4,240.0,61.0
2015-11-07 15:00:00,-17.0,986.0,,,70.0
2015-11-07 18:00:00,-17.5,986.9,2.0,251.7,69.6
2015-11-07 21:00:00,-12.8,988.7,1.7,273.9,64.2
2015-11-08 00:00:00,,989.8,0.9,233.6,52.2
2015-11-08 03:00:00,-10.9,990.1,1.6,308.2,63.8
2015-11-08 06:00:00,,990.9,1.1,262.9,68.2
2015-11-08 09:00:00,,991.6,1.0,227.3,73.3
2015-11-08 12:00:00,-16.7,991.9,1.3,249.0,82.3
2015-11-08 15:00:00,-17.8,990.9,1.1,238.4,81.5
2015-11-08 18:00:00,-18.1,989.8,0.2,130.3,74.8
2015-11-08 21:00:00,-14.1,987.9,1.8,247.7,74.8
2015-11-09 00:00:00,,984.9,1.9,245.4,51.1
2015-11-09 03:00:00,,981.0,1.9,245.9,45.6
2015-11-09 06:00:00,,977.0,0.0,246.6,63.0
2015-11-09 09:00:00,,974.1,0.8,228.4,61.4
2015-11-09 12:00:00,-14.7,971.3,0.4,270.2,80.3
2015-11-09 15:00:00,-15.8,969.1,0.2,228.6,75.7
2015-11-09 18:00:00,-17.4,968.3,0.0,249.4,74.2
2015-11-09 21:00:00,,968.6,0.4,12.6,72.7
2015-11-10 00:00:00,-10.8,970.1,2.1,255.8,67.3
2015-11-10 03:00:00,-7.4,971.9,2.9,222.6,39.7
2015-11-10 06:00:00,-8.4,973.9,6.7,138.5,43.9
2015-11-10 09:00:00,-9.8,976.5,7.5,245.1,53.6
2015-11-10 12:00:00,-10.8,979.8,8.5,238.3,62.5
2015-11-10 15:00:00,-10.1,982.4,6.6,224.1,51.6
2015-11-10 18:00:00,-10.2,984.6,5.1,238.5,55.8
2015-11-10 21:00:00,-8.5,987.1,6.0,143.4,62.6
2015-11-11 00:00:00,-6.8,988.8,4.3,145.5,53.9
2015-11-11 03:00:00,-7.0,990.0,3.2,137.8,57.5
2015-11-11 06:00:00,-8.5,990.6,2.1,317.5,70.7
2015-11-11 09:00:00,,990.6,0.0,61.6,67.8
2015-11-11 12:00:00,-13.4,990.5,0.0,254.5,77.5
2015-11-11 15:00:00,-15.2,990.0,0.0,255.7,81.4
2015-11-11 18:00:00,-14.7,989.8,0.3,22.5,78.3
2015-11-11 21:00:00,-13.1,989.7,0.9,222.3,73.3
2015-11-12 00:00:00,,990.0,0.9,24.1,74.9
2015-11-12 03:00:00,-8.7,989.4,1.2,344.5,73.0
2015-11-12 06:00:00,-8.8,988.2,2.5,267.3,73.1
2015-11-12 09:00:00,-10.7,987.2,1.1,298.5,66.7
2015-11-12 12:00:00,-12.3,985.9,0.2,68.4,75.8
2015-11-12 15:00:00,-9.9,984.5,0.8,221.9,46.7
2015-11-12 18:00:00,-9.3,983.8,4.6,238.6,46.0
2015-11-12 21:00:00,-5.5,981.8,,200.3,27.1
2015-11-13 00:00:00,-5.6,981.8,6.9,222.9,34.2
2015-11-13 03:00:00,-6.8,982.1,8.2,233.8,53.2
2015-11-13 06:00:00,-8.0,982.5,,288.7,61.1
2015-11-13 09:00:00,-8.8,983.7,,77.7,58.1
2015-11-13 12:00:00,-8.7,985.3,5.5,218.3,41.8
2015-11-13 15:00:00,-11.0,986.7,2.2,16.6,67.9
2015-11-13 18:00:00,-13.3,988.4,1.5,24.8,82.7
2015-11-13 21:00:00,-11.1,989.3,2.7,21.6,80.0
2015-11-14 00:00:00,-10.2,989.9,1.8,320.1,74.4
2015-11-14 03:00:00,-6.8,989.6,,238.2,50.4
2015-11-14 06:00:00,-6.7,989.8,3.7,195.4,33.9
2015-11-14 09:00:00,-8.1,989.8,,0.0,45.2
2015-11-14 12:00:00,-7.9,989.5,,218.9,38.3
2015-11-14 15:00:00,-8.4,990.7,,233.6,33.6
2015-11-14 18:00:00,-9.4,991.6,8.2,230.4,38.2
2015-11-14 21:00:00,-10.6,993.9,8.0,150.1,71.7
2015-11-15 00:00:00,-9.1,994.4,,3.2,72.1
2015-11-15 03:00:00,-8.4,994.4,,36.1,66.8
2015-11-15 06:00:00,-10.2,994.8,0.7,353.4,81.3
2015-11-15 09:00:00,-10.2,994.7,1.3,337.4,76.4
2015-11-15 12:00:00,-10.8,994.2,0.6,38.9,66.9
2015-11-15 15:00:00,-8.3,993.6,,210.1,58.4
2015-11-15 18:00:00,-8.2,993.4,,208.6,55.5
2015-11-15 21:00:00,-8.3,993.7,,202.4,49.9
2015-11-16 00:00:00,,993.3,9.9,220.1,55.5
2015-11-16 03:00:00,,992.3,,230.3,55.1
2015-11-16 06:00:00,-8.2,989.8,,304.5,62.6
2015-11-16 09:00:00,-9.0,988.5,3.5,38.0,57.9
2015-11-16 12:00:00,-9.1,987.8,3.0,207.0,49.5
2015-11-16 15:00:00,-7.6,987.1,,190.3,39.5
2015-11-16 18:00:00,-7.2,986.4,,214.6,44.2
2015-11-16 21:00:00,-8.0,988.0,8.9,198.6,55.1
2015-11-17 00:00:00,,989.9,,243.8,55.2
2015-11-17 03:00:00,-9.3,990.4,4.4,159.1,56.5
2015-11-17 06:00:00,-8.4,989.8,6.2,243.7,64.3
2015-11-17 09:00:00,,989.2,7.5,202.9,52.1
2015-11-17 12:00:00,-9.0,989.1,6.1,246.2,60.7
2015-11-17 15:00:00,-11.3,988.8,,79.8,56.3
2015-11-17 18:00:00,-10.7,986.9,,245.0,66.4
2015-11-17 21:00:00,-7.9,986.9,3.6,265.2,58.4
2015-11-18 00:00:00,-7.0,986.6,4.4,238.2,61.5
2015-11-18 03:00:00,-6.9,985.4,2.9,13.1,70.7
2015-11-18 06:00:00,-7.0,983.6,0.9,213.0,59.2
2015-11-18 09:00:00,-9.5,981.7,0.4,329.6,63.9
2015-11-18 12:00:00,-10.3,980.2,0.0,341.4,59.3
2015-11-18 15:00:00,-10.7,977.5,1.0,233.7,59.5
2015-11-18 18:00:00,-6.9,975.8,,213.7,45.5
2015-11-18 21:00:00,-7.6,975.3,,246.7,68.4
2015-11-19 00:00:00,-6.0,973.0,8.6,238.6,61.1
2015-11-19 03:00:00,-5.8,971.8,,216.1,64.7
2015-11-19 06:00:00,-5.8,970.9,6.9,205.1,53.6
2015-11-19 09:00:00,-6.5,969.0,,221.9,66.4
2015-11-19 12:00:00,-7.4,969.4,,226.4,76.3
2015-11-19 15:00:00,-5.8,967.1,8.7,201.1,43.1
2015-11-19 18:00:00,-5.4,966.1,9.4,203.5,38.0
2015-11-19 21:00:00,-4.3,965.6,7.9,200.3,34.6
2015-11-20 00:00:00,-3.8,966.2,,257.1,57.5
2015-11-20 03:00:00,-4.7,966.6,5.7,137.7,54.6
2015-11-20 06:00:00,-5.6,967.5,1.8,127.7,59.1
2015-11-20 09:00:00,-6.8,968.4,2.6,71.7,75.4
2015-11-20 12:00:00,-7.5,969.1,0.0,74.5,73.3
2015-11-20 15:00:00,-7.5,969.1,1.6,75.7,72.9
2015-11-20 18:00:00,-9.8,970.0,1.5,222.7,85.9
2015-11-20 21:00:00,-6.2,971.1,1.1,31.0,64.5
2015-11-21 00:00:00,,972.1,2.3,94.1,59.3
2015-11-21 03:00:00,-4.7,972.7,1.5,22.7,57.9
2015-11-21 06:00:00,-5.1,973.4,2.0,82.0,63.2
2015-11-21 09:00:00,-7.7,974.3,0.8,323.7,72.5
2015-11-21 12:00:00,,975.0,0.2,51.3,72.2
2015-11-21 15:00:00,-11.0,975.2,0.6,275.2,80.5
2015-11-21 18:00:00,-10.9,976.0,0.2,357.4,82.9
2015-11-21 21:00:00,-8.0,977.5,0.1,298.4,74.5
2015-11-22 00:00:00,-6.3,978.9,1.1,240.1,72.1
2015-11-22 03:00:00,-5.5,979.5,0.9,319.8,68.0
2015-11-22 06:00:00,-5.9,980.5,1.1,9.7,71.6
2015-11-22 09:00:00,-6.3,981.4,0.6,299.6,73.3
2015-11-22 12:00:00,-6.6,982.4,,,71.3
2015-11-22 15:00:00,-7.4,982.7,0.7,258.7,74.6
2015-11-22 18:00:00,-7.1,983.3,0.1,15.4,73.0
2015-11-22 21:00:00,-4.7,984.0,2.1,226.9,62.5
2015-11-23 00:00:00,-4.4,984.3,,143.7,62.6
2015-11-23 03:00:00,-4.4,984.7,2.8,143.8,63.5
2015-11-23 06:00:00,-4.9,985.3,5.4,214.1,55.1
2015-11-23 09:00:00,-5.2,985.8,5.7,217.6,53.0
2015-11-23 12:00:00,-5.5,986.0,7.2,143.3,46.1
2015-11-23 15:00:00,-5.6,986.0,,208.4,46.3
2015-11-23 18:00:00,-5.9,985.8,5.6,146.8,67.4
2015-11-23 21:00:00,-6.9,986.6,,150.9,77.2
2015-11-24 00:00:00,-5.5,987.9,6.5,155.8,75.2
2015-11-24 03:00:00,-4.0,987.2,,168.7,66.4
2015-11-24 06:00:00,-4.1,987.4,1.7,25.8,43.9
2015-11-24 09:00:00,-4.2,987.5,0.9,169.3,32.6
2015-11-24 12:00:00,-6.1,987.5,4.1,130.2,51.2
2015-11-24 15:00:00,-7.5,987.4,1.7,62.1,60.9
2015-11-24 18:00:00,-8.1,987.4,0.3,40.0,68.7
2015-11-24 21:00:00,,987.3,0.4,343.5,67.0
2015-11-25 00:00:00,,987.1,1.0,239.7,61.6
2015-11-25 03:00:00,-3.8,986.5,1.7,31.5,49.4
2015-11-25 06:00:00,-4.9,986.2,0.7,3.5,60.6
2015-11-25 09:00:00,-6.3,986.3,0.8,345.1,66.1
2015-11-25 12:00:00,-8.3,986.5,0.1,331.8,81.6
2015-11-25 15:00:00,-10.0,986.1,1.7,272.2,83.5
2015-11-25 18:00:00,-10.8,986.2,0.4,22.3,78.6
2015-11-25 21:00:00,,986.4,0.7,239.2,57.9
2015-11-26 00:00:00,,986.0,1.3,349.4,55.4
2015-11-26 03:00:00,-3.1,985.2,1.4,26.4,52.8
2015-11-26 06:00:00,-3.5,983.4,0.3,313.9,53.9
2015-11-26 09:00:00,-5.4,981.6,2.5,245.0,65.3
2015-11-26 12:00:00,,980.3,1.0,232.1,80.0
2015-11-26 15:00:00,,978.6,0.9,43.0,78.7
2015-11-26 18:00:00,-11.7,977.4,0.7,26.9,83.8
2015-11-26 21:00:00,-7.7,976.1,1.9,231.6,79.9
2015-11-27 00:00:00,,974.5,1.6,232.1,74.0
2015-11-27 03:00:00,,972.4,1.0,256.7,69.5
2015-11-27 06:00:00,-4.4,970.7,1.8,249.7,75.6
2015-11-27 09:00:00,-6.0,970.3,0.7,9.8,68.0
2015-11-27 12:00:00,-5.3,970.0,2.3,16.3,51.3
2015-11-27 15:00:00,-4.9,969.8,,206.8,47.9
2015-11-27 18:00:00,-5.3,969.9,,217.5,75.4
2015-11-27 21:00:00,-6.3,971.2,,215.8,76.8
2015-11-28 00:00:00,-5.2,972.6,,216.1,60.6
2015-11-28 03:00:00,-5.0,974.8,,204.0,54.8
2015-11-28 06:00:00,-5.6,974.7,,260.9,62.0
2015-11-28 09:00:00,-5.3,974.9,,228.8,51.8
2015-11-28 12:00:00,-7.8,975.6,1.9,218.0,59.1
2015-11-28 15:00:00,-8.4,975.8,2.2,266.6,68.0
2015-11-28 18:00:00,-8.4,976.6,0.9,207.2,58.8
2015-11-28 21:00:00,-4.3,976.6,2.1,347.7,44.5
2015-11-29 00:00:00,,976.9,1.7,31.9,34.4
2015-11-29 03:00:00,-2.4,976.0,3.3,44.5,58.4
2015-11-29 06:00:00,-3.3,975.2,1.7,37.6,68.8
2015-11-29 09:00:00,-5.4,974.9,1.4,33.3,82.1
2015-11-29 12:00:00,-7.5,974.4,0.4,321.2,92.4
2015-11-29 15:00:00,-9.7,973.7,0.9,226.7,93.2
2015-11-29 18:00:00,-10.3,972.9,0.5,222.8,90.7
2015-11-29 21:00:00,-6.2,972.6,1.2,29.2,85.2
2015-11-30 00:00:00,,972.3,1.8,28.1,83.2
2015-11-30 03:00:00,-3.3,972.0,1.5,19.6,65.2
2015-11-30 06:00:00,-3.9,972.6,1.4,284.7,71.7
2015-11-30 09:00:00,-6.0,974.2,2.7,305.7,85.6
2015-11-30 12:00:00,-6.7,976.5,2.1,351.0,85.0
2015-11-30 15:00:00,-7.4,978.8,1.3,202.0,83.8
2015-11-30 18:00:00,-8.1,980.8,1.1,55.8,79.0
2015-11-30 21:00:00,-4.4,982.7,2.2,358.5,70.7
2015-12-01 00:00:00,,983.9,3.4,100.6,58.8
2015-12-01 03:00:00,-3.5,985.4,2.5,38.0,69.3
2015-12-01 06:00:00,,986.1,0.0,21.3,71.7
2015-12-01 09:00:00,,986.2,1.0,342.1,65.7
2015-12-01 12:00:00,,986.0,0.6,263.8,88.4
2015-12-01 15:00:00,,984.6,0.7,347.1,81.1
2015-12-01 18:00:00,-8.9,982.7,,,85.4
2015-12-01 21:00:00,,980.7,,161.1,69.3
2015-12-02 00:00:00,,979.0,,159.5,64.5
2015-12-02 03:00:00,-2.6,978.5,6.3,153.5,57.1
2015-12-02 06:00:00,-3.7,979.1,11.2,217.5,47.7
2015-12-02 09:00:00,,981.2,8.7,232.7,63.0
2015-12-02 12:00:00,-3.8,983.2,8.8,202.3,32.2
2015-12-02 15:00:00,-7.2,984.7,4.6,251.0,62.0
2015-12-02 18:00:00,-7.3,984.8,,213.1,61.5
2015-12-02 21:00:00,-3.2,984.8,2.2,320.9,55.5
2015-12-03 00:00:00,,984.3,1.9,229.8,66.2
2015-12-03 03:00:00,,983.4,1.3,236.9,70.0
2015-12-03 06:00:00,-2.5,982.7,5.6,162.0,69.6
2015-12-03 09:00:00,-4.2,983.0,3.0,217.0,78.0
2015-12-03 12:00:00,-5.4,983.7,,11.7,87.8
2015-12-03 15:00:00,-5.4,984.3,,,83.6
2015-12-03 18:00:00,,985.0,0.3,350.8,84.7
2015-12-03 21:00:00,,985.4,0.4,244.5,71.4
2015-12-04 00:00:00,,985.3,1.0,11.2,63.4
2015-12-04 03:00:00,,984.5,1.8,352.6,67.9
2015-12-04 06:00:00,-3.3,983.9,3.0,41.9,64.1
2015-12-04 09:00:00,-4.9,983.9,2.7,59.4,55.6
2015-12-04 12:00:00,,983.5,0.3,214.5,67.6
2015-12-04 15:00:00,,982.9,1.1,22.1,79.8
2015-12-04 18:00:00,-6.5,981.9,4.5,123.5,48.7
2015-12-04 21:00:00,,982.1,,209.6,20.4
2015-12-05 00:00:00,-12.7,982.5,8.4,192.8,19.8
2015-12-05 03:00:00,-14.0,982.8,8.9,212.5,22.0
2015-12-05 06:00:00,-14.6,983.7,11.8,210.3,20.0
2015-12-05 09:00:00,-14.6,984.4,8.9,209.3,19.0
2015-12-05 12:00:00,,985.2,,32.9,55.2
2015-12-05 15:00:00,,985.6,,70.6,52.5
2015-12-05 18:00:00,,986.0,0.7,58.3,63.8
2015-12-05 21:00:00,,986.4,0.4,263.7,66.6
2015-12-06 00:00:00,,987.0,1.3,238.1,50.2
2015-12-06 03:00:00,,986.9,,155.8,27.3
2015-12-06 06:00:00,,987.7,1.0,298.7,36.8
2015-12-06 09:00:00,,988.0,1.3,266.6,60.7
2015-12-06 12:00:00,,988.0,0.2,157.9,58.8
2015-12-06 15:00:00,,986.9,0.0,311.1,72.8
2015-12-06 18:00:00,,985.8,0.5,132.3,58.5
2015-12-06 21:00:00,,984.2,1.1,16.7,56.6
2015-12-07 00:00:00,,983.0,1.3,247.1,62.6
2015-12-07 03:00:00,,982.7,1.9,249.0,70.7
2015-12-07 06:00:00,,983.1,0.6,172.2,65.0
2015-12-07 09:00:00,,983.9,0.0,14.4,63.5
2015-12-07 12:00:00,,984.0,0.9,332.8,69.3
2015-12-07 15:00:00,,983.1,0.4,340.4,75.6
2015-12-07 18:00:00,,981.7,0.7,257.7,70.3
2015-12-07 21:00:00,,979.8,0.6,8.5,72.5
2015-12-08 00:00:00,,978.0,3.4,72.2,67.6
2015-12-08 03:00:00,,977.2,2.7,70.0,66.3
2015-12-08 06:00:00,-2.4,978.0,4.8,141.5,59.1
2015-12-08 09:00:00,,980.3,1.6,207.0,77.8
2015-12-08 12:00:00,,983.1,0.9,24.1,80.7
2015-12-08 15:00:00,,985.3,2.7,253.7,77.9
2015-12-08 18:00:00,,988.2,1.2,190.7,61.8
2015-12-08 21:00:00,-4.2,990.7,4.6,240.0,61.1
2015-12-09 00:00:00,-3.5,992.9,3.6,279.1,49.9
2015-12-09 03:00:00,-5.8,995.3,3.8,226.3,55.3
2015-12-09 06:00:00,-6.2,996.8,5.7,150.7,66.5
2015-12-09 09:00:00,-6.2,998.2,4.6,158.6,67.3
2015-12-09 12:00:00,-7.2,999.8,,236.9,84.1
2015-12-09 15:00:00,,1000.4,1.7,322.6,90.0
2015-12-09 18:00:00,,1000.9,1.1,320.6,93.6
2015-12-09 21:00:00,-4.7,1001.5,2.0,333.4,91.5
2015-12-10 00:00:00,,1001.4,1.6,18.2,94.6
2015-12-10 03:00:00,,1001.2,1.3,339.5,86.9
2015-12-10 06:00:00,,1001.4,0.7,49.5,91.1
2015-12-10 09:00:00,,1002.1,0.4,237.0,95.9
2015-12-10 12:00:00,-7.0,1003.0,,,96.8
2015-12-10 15:00:00,,1003.3,0.4,231.1,96.1
2015-12-10 18:00:00,,1004.3,0.7,213.2,92.4
2015-12-10 21:00:00,,1005.0,0.4,164.0,88.0
2015-12-11 00:00:00,,1005.4,0.5,238.2,89.1
2015-12-11 03:00:00,,1005.7,0.4,267.8,88.4
2015-12-11 06:00:00,,1005.5,1.6,29.1,72.9
2015-12-11 09:00:00,-4.0,1005.5,2.6,48.5,79.5
2015-12-11 12:00:00,-4.2,1005.7,2.3,71.1,74.0
2015-12-11 15:00:00,-3.4,1005.7,2.0,191.3,66.5
2015-12-11 18:00:00,-1.8,1006.4,,201.5,51.6
2015-12-11 21:00:00,,1007.9,6.5,203.2,49.6
2015-12-12 00:00:00,,1008.6,8.6,246.5,70.4
2015-12-12 03:00:00,,1009.5,5.3,241.0,67.4
2015-12-12 06:00:00,,1010.3,,318.7,77.2
2015-12-12 09:00:00,,1011.0,,344.3,73.0
2015-12-12 12:00:00,-6.1,1011.6,2.4,214.7,82.8
2015-12-12 15:00:00,-5.8,1011.4,2.4,224.5,80.0
2015-12-12 18:00:00,,1011.9,1.1,214.7,66.3
2015-12-12 21:00:00,,1011.4,2.8,235.4,85.1
2015-12-13 00:00:00,,1010.8,0.6,16.8,63.4
2015-12-13 03:00:00,,1010.6,1.0,358.3,55.0
2015-12-13 06:00:00,,1011.0,0.3,336.8,76.8
2015-12-13 09:00:00,,1011.5,1.8,54.3,69.2
2015-12-13 12:00:00,,1011.7,0.4,41.2,85.7
2015-12-13 15:00:00,,1011.5,0.2,228.6,86.5
2015-12-13 18:00:00,,1011.3,0.6,248.5,82.3
2015-12-13 21:00:00,-1.3,1010.5,2.1,240.0,83.5
2015-12-14 00:00:00,,1009.6,1.6,42.4,66.5
2015-12-14 03:00:00,,1007.9,0.6,16.3,75.1
2015-12-14 06:00:00,,1006.6,0.6,259.0,84.5
2015-12-14 09:00:00,,1004.3,1.3,225.1,74.5
2015-12-14 12:00:00,,1002.3,0.2,23.5,92.2
2015-12-14 15:00:00,,999.9,0.7,269.9,90.1
2015-12-14 18:00:00,,999.0,0.9,228.6,92.8
2015-12-14 21:00:00,,999.6,0.7,321.7,93.8
2015-12-15 00:00:00,,1000.0,1.2,237.0,86.2
2015-12-15 03:00:00,,1000.0,1.2,280.6,75.3
2015-12-15 06:00:00,-0.8,998.5,2.2,240.0,77.5
2015-12-15 09:00:00,,996.3,1.6,238.1,85.6
2015-12-15 12:00:00,,994.3,0.2,300.6,97.4
2015-12-15 15:00:00,-5.9,991.8,2.7,219.5,97.9
2015-12-15 18:00:00,,990.2,0.4,187.2,97.5
2015-12-15 21:00:00,,988.9,1.4,265.3,97.5
2015-12-16 00:00:00,,988.2,1.1,237.3,98.1
2015-12-16 03:00:00,-3.9,987.4,2.0,235.8,98.6
2015-12-16 06:00:00,,986.6,0.6,250.4,97.3
2015-12-16 09:00:00,-2.6,985.1,4.3,140.5,64.6
2015-12-16 12:00:00,,983.9,4.0,140.6,71.0
2015-12-16 15:00:00,,982.5,1.3,240.8,88.1
2015-12-16 18:00:00,,980.7,0.6,240.8,84.7
2015-12-16 21:00:00,,979.1,0.5,316.2,77.6
2015-12-17 00:00:00,,977.6,0.9,2.5,69.2
2015-12-17 03:00:00,-1.9,976.0,3.5,41.8,73.7
2015-12-17 06:00:00,-2.8,975.3,3.1,50.5,78.7
2015-12-17 09:00:00,-3.3,975.2,2.5,62.2,76.4
2015-12-17 12:00:00,,975.5,1.7,65.9,83.5
2015-12-17 15:00:00,-3.6,975.5,2.0,64.6,84.6
2015-12-17 18:00:00,,975.5,1.3,16.8,86.0
2015-12-17 21:00:00,,975.7,0.8,358.8,84.5
2015-12-18 00:00:00,-3.4,976.1,2.3,27.9,83.5
2015-12-18 03:00:00,-3.2,976.1,3.0,36.9,76.6
2015-12-18 06:00:00,-3.6,976.7,3.1,56.1,78.9
2015-12-18 09:00:00,-3.4,977.3,2.4,67.5,78.2
2015-12-18 12:00:00,,978.1,1.8,61.4,74.5
2015-12-18 15:00:00,,978.6,0.8,243.7,86.8
2015-12-18 18:00:00,,979.2,1.6,236.5,84.2
2015-12-18 21:00:00,,980.0,0.9,240.9,74.6
2015-12-19 00:00:00,,980.8,1.9,359.6,76.7
2015-12-19 03:00:00,,980.9,1.5,15.2,64.0
2015-12-19 06:00:00,,981.4,0.8,26.1,62.3
2015-12-19 09:00:00,,981.7,0.2,0.6,61.6
2015-12-19 12:00:00,,982.3,0.9,235.5,80.9
2015-12-19 15:00:00,,982.3,0.9,249.2,86.5
2015-12-19 18:00:00,,982.8,0.5,243.2,71.6
2015-12-19 21:00:00,,983.0,1.3,232.5,81.8
2015-12-20 00:00:00,,983.3,0.8,13.3,61.2
2015-12-20 03:00:00,,983.4,0.8,12.5,67.4
2015-12-20 06:00:00,,983.8,1.4,35.7,68.9
2015-12-20 09:00:00,,984.7,0.7,8.2,69.5
2015-12-20 12:00:00,,986.0,0.2,241.6,81.8
2015-12-20 15:00:00,-7.6,986.5,,,86.2
2015-12-20 18:00:00,,987.9,0.0,236.3,84.1
2015-12-20 21:00:00,,989.2,1.2,233.1,84.3
2015-12-21 00:00:00,,990.0,1.2,17.9,72.9
2015-12-21 03:00:00,-1.3,990.4,3.2,44.7,70.8
2015-12-21 06:00:00,-1.8,990.6,3.1,66.8,73.4
2015-12-21 09:00:00,-2.8,990.9,2.4,77.3,79.7
2015-12-21 12:00:00,,990.8,1.3,169.2,77.5
2015-12-21 15:00:00,,990.0,0.1,214.3,89.0
2015-12-21 18:00:00,,989.8,0.1,219.7,86.5
2015-12-21 21:00:00,,989.7,0.6,8.6,81.4
2015-12-22 00:00:00,,989.2,2.5,355.6,82.6
2015-12-22 03:00:00,-1.5,988.3,3.0,225.3,86.6
2015-12-22 06:00:00,-0.8,987.9,3.1,37.7,75.3
2015-12-22 09:00:00,-2.2,987.8,3.5,101.6,83.1
2015-12-22 12:00:00,-3.0,988.2,3.2,135.4,82.4
2015-12-22 15:00:00,,988.4,1.0,248.0,90.9
2015-12-22 18:00:00,,989.1,1.4,37.8,73.1
2015-12-22 21:00:00,-1.9,989.8,3.8,223.6,60.3
2015-12-23 00:00:00,-2.5,990.4,5.1,249.4,68.7
2015-12-23 03:00:00,-2.1,991.2,4.8,232.9,76.8
2015-12-23 06:00:00,-3.4,991.9,8.1,233.1,87.8
2015-12-23 09:00:00,-3.1,992.8,8.0,249.4,73.2
2015-12-23 12:00:00,-2.3,993.8,6.7,232.4,59.9
2015-12-23 15:00:00,-3.0,993.6,,175.0,70.2
2015-12-23 18:00:00,-3.2,994.6,,225.3,73.8
2015-12-23 21:00:00,-3.3,995.1,,221.4,75.4
2015-12-24 00:00:00,-3.9,995.8,14.3,223.8,80.1
2015-12-24 03:00:00,-3.8,995.6,12.1,212.8,75.6
2015-12-24 06:00:00,-3.9,995.6,13.2,219.9,81.6
2015-12-24 09:00:00,-3.8,995.9,15.9,216.8,74.4
2015-12-24 12:00:00,-4.5,996.4,14.5,217.4,80.9
2015-12-24 15:00:00,-4.0,997.3,17.5,206.4,67.3
2015-12-24 18:00:00,-3.5,996.6,14.5,210.8,58.0
2015-12-24 21:00:00,-1.1,995.9,,211.3,34.5
2015-12-25 00:00:00,0.7,995.0,,210.0,28.4
2015-12-25 03:00:00,0.4,994.7,,213.5,48.5
2015-12-25 06:00:00,-0.8,994.1,,330.8,51.2
2015-12-25 09:00:00,,993.7,0.8,28.5,56.0
2015-12-25 12:00:00,,993.2,0.1,49.0,75.0
2015-12-25 15:00:00,,992.3,0.8,250.7,82.7
2015-12-25 18:00:00,,991.4,0.4,226.6,74.7
2015-12-25 21:00:00,,991.1,0.4,311.4,77.8
2015-12-26 00:00:00,-1.3,991.4,2.3,225.7,80.3
2015-12-26 03:00:00,,990.9,1.0,350.2,71.2
2015-12-26 06:00:00,,990.4,1.5,15.9,78.9
2015-12-26 09:00:00,-2.1,988.9,4.9,145.5,73.0
2015-12-26 12:00:00,-2.7,988.5,4.8,139.1,76.8
2015-12-26 15:00:00,-3.6,987.6,4.5,145.6,85.6
2015-12-26 18:00:00,-2.9,986.5,3.8,161.3,83.2
2015-12-26 21:00:00,-3.1,985.8,3.3,239.1,88.8
2015-12-27 00:00:00,-2.5,985.1,7.1,236.6,75.9
2015-12-27 03:00:00,-3.5,985.0,,234.2,90.0
2015-12-27 06:00:00,-2.7,985.7,9.0,224.0,91.1
2015-12-27 09:00:00,-2.2,987.1,9.5,233.3,83.9
2015-12-27 12:00:00,-2.7,988.6,8.6,234.1,86.9
2015-12-27 15:00:00,-1.4,989.9,5.6,213.1,67.4
2015-12-27 18:00:00,-2.2,991.4,6.9,213.4,69.4
2015-12-27 21:00:00,0.4,992.3,,60.9,58.7
2015-12-28 00:00:00,-0.6,993.2,2.5,18.7,75.7
2015-12-28 03:00:00,,992.0,0.4,19.1,67.2
2015-12-28 06:00:00,-0.5,989.2,4.4,147.9,78.6
2015-12-28 09:00:00,,987.1,0.6,335.1,84.6
2015-12-28 12:00:00,,986.4,1.8,219.2,91.9
2015-12-28 15:00:00,,985.9,1.6,210.9,77.2
2015-12-28 18:00:00,-3.7,985.4,2.4,229.9,54.7
2015-12-28 21:00:00,,985.6,0.3,7.5,54.3
2015-12-29 00:00:00,,985.4,1.1,34.0,48.2
2015-12-29 03:00:00,,984.1,1.1,19.9,53.0
2015-12-29 06:00:00,,982.9,0.9,10.3,73.8
2015-12-29 09:00:00,-0.9,983.3,2.2,50.4,77.3
2015-12-29 12:00:00,,984.3,1.6,240.8,82.6
2015-12-29 15:00:00,,986.3,0.1,220.9,81.4
2015-12-29 18:00:00,,986.5,1.5,240.3,87.8
2015-12-29 21:00:00,,986.4,1.1,357.4,80.4
2015-12-30 00:00:00,-0.7,986.5,3.8,40.0,87.5
2015-12-30 03:00:00,,986.4,1.9,239.1,88.9
2015-12-30 06:00:00,,986.5,1.8,232.4,84.5
2015-12-30 09:00:00,,986.6,1.7,333.9,88.7
2015-12-30 12:00:00,-1.6,987.0,2.0,227.1,88.9
2015-12-30 15:00:00,,987.0,0.7,75.2,94.6
2015-12-30 18:00:00,-1.2,987.5,,214.0,77.0
2015-12-30 21:00:00,-0.6,988.9,3.3,239.7,64.3
2015-12-31 00:00:00,-0.5,990.2,7.5,224.5,63.8
2015-12-31 03:00:00,-0.7,989.7,,230.6,72.7
2015-12-31 06:00:00,-0.2,990.0,4.8,232.0,73.2
2015-12-31 09:00:00,0.8,990.3,9.1,201.1,41.1
2015-12-31 12:00:00,0.0,990.4,7.4,207.0,37.1
2015-12-31 15:00:00,-0.2,990.5,9.8,212.7,46.3
2015-12-31 18:00:00,-0.1,990.5,,219.9,63.9
2015-12-31 21:00:00,-1.9,990.2,,356.9,81.9
2016-01-01 00:00:00,,989.6,1.4,55.8,76.7
2016-01-01 03:00:00,-1.0,988.2,2.7,150.6,68.9
2016-01-01 06:00:00,-1.7,987.0,3.0,59.9,73.4
2016-01-01 09:00:00,,985.8,0.8,235.7,83.4
2016-01-01 12:00:00,-2.9,984.8,,,76.7
2016-01-01 15:00:00,-5.6,983.2,,,78.8
2016-01-01 18:00:00,,982.3,0.4,239.7,84.5
2016-01-01 21:00:00,-2.1,981.9,2.5,99.2,79.7
2016-01-02 00:00:00,-2.0,982.1,2.2,30.2,77.6
2016-01-02 03:00:00,,981.9,0.5,20.6,79.9
2016-01-02 06:00:00,,982.3,1.7,341.4,84.2
2016-01-02 09:00:00,,982.8,0.2,230.4,82.2
2016-01-02 12:00:00,,983.6,0.1,28.1,86.6
2016-01-02 15:00:00,-4.1,983.8,,,87.4
2016-01-02 18:00:00,,984.2,0.0,350.8,82.6
2016-01-02 21:00:00,,984.5,1.6,234.3,87.8
2016-01-03 00:00:00,,984.8,0.2,350.7,74.4
2016-01-03 03:00:00,,984.6,1.3,244.6,75.8
2016-01-03 06:00:00,,984.4,1.6,231.8,87.7
2016-01-03 09:00:00,,984.5,0.2,217.8,79.6
2016-01-03 12:00:00,,984.4,0.2,230.1,77.7
2016-01-03 15:00:00,,983.9,0.4,227.1,81.4
2016-01-03 18:00:00,,983.9,0.0,274.0,78.2
2016-01-03 21:00:00,,983.5,0.4,251.3,55.8
2016-01-04 00:00:00,-1.4,983.0,3.8,246.5,57.5
2016-01-04 03:00:00,-1.1,982.1,,241.3,56.0
2016-01-04 06:00:00,0.4,981.7,,210.8,40.1
2016-01-04 09:00:00,-0.2,981.4,6.6,205.7,47.1
2016-01-04 12:00:00,-2.9,981.4,9.4,246.5,77.1
2016-01-04 15:00:00,-2.2,980.7,8.4,229.4,70.7
2016-01-04 18:00:00,-2.2,980.9,10.2,226.4,70.0
2016-01-04 21:00:00,-2.8,981.9,7.2,233.6,77.0
2016-01-05 00:00:00,-0.4,982.2,8.1,220.1,56.0
2016-01-05 03:00:00,1.3,982.5,,209.4,50.1
2016-01-05 06:00:00,0.7,983.2,,209.3,50.5
2016-01-05 09:00:00,-0.1,984.1,,189.3,57.9
2016-01-05 12:00:00,-1.4,985.4,,213.4,57.3
2016-01-05 15:00:00,-0.3,984.8,9.0,208.6,41.1
2016-01-05 18:00:00,-0.2,985.5,,208.8,38.1
2016-01-05 21:00:00,-2.2,985.8,6.2,234.0,65.6
2016-01-06 00:00:00,-0.7,985.7,,346.4,61.7
2016-01-06 03:00:00,,985.0,1.3,357.8,67.2
2016-01-06 06:00:00,,984.2,1.3,14.9,48.2
2016-01-06 09:00:00,-0.6,983.6,3.3,140.1,61.4
2016-01-06 12:00:00,,983.2,0.3,253.8,84.9
2016-01-06 15:00:00,,982.9,1.5,227.8,83.3
2016-01-06 18:00:00,,982.9,1.8,233.3,77.0
2016-01-06 21:00:00,-1.0,983.1,5.0,136.2,63.3
2016-01-07 00:00:00,,983.8,1.4,245.2,73.1
2016-01-07 03:00:00,,983.9,1.2,181.2,74.7
2016-01-07 06:00:00,,984.4,0.0,336.1,91.6
2016-01-07 09:00:00,,984.8,0.7,226.5,94.8
2016-01-07 12:00:00,,985.2,0.3,0.4,94.4
2016-01-07 15:00:00,,985.4,0.0,188.5,95.4
2016-01-07 18:00:00,,985.5,0.4,231.8,94.2
2016-01-07 21:00:00,,985.9,1.5,224.6,94.1
2016-01-08 00:00:00,,986.1,0.9,261.0,87.2
2016-01-08 03:00:00,,985.7,1.4,235.5,86.1
2016-01-08 06:00:00,,985.8,0.5,290.7,85.2
2016-01-08 09:00:00,,986.0,0.3,251.2,87.2
2016-01-08 12:00:00,,986.5,0.0,37.1,92.0
2016-01-08 15:00:00,,986.2,0.5,207.2,89.9
2016-01-08 18:00:00,,986.4,1.5,255.1,85.4
2016-01-08 21:00:00,-1.7,986.6,2.6,235.7,79.8
2016-01-09 00:00:00,-0.7,986.5,5.4,162.3,67.5
2016-01-09 03:00:00,-1.6,985.8,3.8,234.1,71.7
2016-01-09 06:00:00,-1.4,986.2,3.6,201.1,54.8
2016-01-09 09:00:00,-3.1,986.0,,222.5,78.5
2016-01-09 12:00:00,-3.1,985.0,8.5,226.8,70.7
2016-01-09 15:00:00,-4.2,982.8,12.6,226.0,86.4
2016-01-09 18:00:00,-4.1,980.7,,229.3,89.7
2016-01-09 21:00:00,-3.5,978.6,,229.9,85.7
2016-01-10 00:00:00,-3.1,977.0,,230.5,86.7
2016-01-10 03:00:00,-2.7,974.7,23.0,228.4,79.4
2016-01-10 06:00:00,-3.1,977.2,,229.2,85.7
2016-01-10 09:00:00,-2.4,979.5,22.0,230.7,77.9
2016-01-10 12:00:00,-1.8,980.6,17.3,227.4,72.9
2016-01-10 15:00:00,-2.2,981.7,,219.8,83.0
2016-01-10 18:00:00,-1.0,982.2,14.4,213.9,74.7
2016-01-10 21:00:00,-1.3,984.0,17.6,218.5,81.8
2016-01-11 00:00:00,-1.5,985.6,18.5,220.1,79.2
2016-01-11 03:00:00,-1.1,986.6,19.0,223.2,80.7
2016-01-11 06:00:00,0.1,988.8,,216.9,66.9
2016-01-11 09:00:00,0.9,989.3,15.7,203.1,59.2
2016-01-11 12:00:00,1.2,989.8,11.7,213.5,55.5
2016-01-11 15:00:00,0.7,989.1,14.5,219.4,61.4
2016-01-11 18:00:00,-0.1,989.3,,231.0,72.6
2016-01-11 21:00:00,0.5,990.3,,210.8,64.1
2016-01-12 00:00:00,1.2,989.3,15.6,216.3,58.5
2016-01-12 03:00:00,1.4,989.0,,224.5,53.4
2016-01-12 06:00:00,1.2,989.4,13.7,211.8,58.1
2016-01-12 09:00:00,1.1,990.0,13.6,215.0,52.4
2016-01-12 12:00:00,1.4,989.6,11.7,201.2,52.8
2016-01-12 15:00:00,0.6,989.8,9.8,220.0,59.6
2016-01-12 18:00:00,0.6,990.9,6.8,231.2,55.4
2016-01-12 21:00:00,0.4,990.1,8.0,242.7,55.0
2016-01-13 00:00:00,1.7,989.2,,211.0,50.5
2016-01-13 03:00:00,1.8,988.4,,236.1,48.5
2016-01-13 06:00:00,2.9,987.4,,239.5,35.6
2016-01-13 09:00:00,3.1,985.9,4.3,221.6,33.8
2016-01-13 12:00:00,1.0,985.9,2.2,34.0,57.7
2016-01-13 15:00:00,,985.6,1.7,10.3,64.8
2016-01-13 18:00:00,,985.1,0.9,199.2,50.9
2016-01-13 21:00:00,-0.4,984.0,2.4,246.9,70.1
2016-01-14 00:00:00,,983.4,1.1,41.4,51.5
2016-01-14 03:00:00,2.3,982.4,2.9,50.3,51.6
2016-01-14 06:00:00,,982.5,1.1,248.4,72.8
2016-01-14 09:00:00,,982.4,0.2,248.8,77.1
2016-01-14 12:00:00,,982.4,0.1,276.7,83.6
2016-01-14 15:00:00,,981.9,1.3,235.4,87.0
2016-01-14 18:00:00,,981.7,0.6,50.6,82.5
2016-01-14 21:00:00,,982.3,1.2,1.4,72.7
2016-01-15 00:00:00,,981.9,1.6,43.0,66.5
2016-01-15 03:00:00,1.9,982.0,5.9,145.1,58.9
2016-01-15 06:00:00,0.5,982.3,4.4,137.2,62.3
2016-01-15 09:00:00,-0.4,982.6,,237.4,71.8
2016-01-15 12:00:00,,982.5,0.8,80.5,68.9
2016-01-15 15:00:00,,981.8,1.7,86.1,57.4
2016-01-15 18:00:00,0.7,981.9,4.6,79.0,57.1
2016-01-15 21:00:00,-0.1,982.0,4.7,45.7,82.2
2016-01-16 00:00:00,,982.7,1.4,21.7,65.2
2016-01-16 03:00:00,0.5,982.8,2.3,349.4,71.2
2016-01-16 06:00:00,,982.2,0.4,245.9,75.3
2016-01-16 09:00:00,,981.9,0.4,81.4,66.3
2016-01-16 12:00:00,,981.7,1.9,222.1,63.1
2016-01-16 15:00:00,0.6,981.1,2.4,216.7,63.7
2016-01-16 18:00:00,,980.8,1.6,284.9,62.0
2016-01-16 21:00:00,,981.7,1.1,337.0,75.0
2016-01-17 00:00:00,,982.1,1.4,262.3,66.0
2016-01-17 03:00:00,,981.8,1.6,54.8,70.8
2016-01-17 06:00:00,,981.9,0.9,50.7,61.3
2016-01-17 09:00:00,,981.7,1.4,230.2,70.5
2016-01-17 12:00:00,,981.7,0.2,248.0,77.2
2016-01-17 15:00:00,-2.8,981.1,2.1,281.2,82.3
2016-01-17 18:00:00,,981.1,0.4,236.1,79.5
2016-01-17 21:00:00,,981.7,0.2,15.0,68.6
2016-01-18 00:00:00,,982.2,1.5,230.9,65.7
2016-01-18 03:00:00,,982.0,1.7,230.4,53.3
2016-01-18 06:00:00,,982.2,1.7,51.3,41.5
2016-01-18 09:00:00,1.9,982.8,2.4,171.3,65.2
2016-01-18 12:00:00,,983.3,0.2,0.6,82.1
2016-01-18 15:00:00,,982.7,1.2,213.3,78.4
2016-01-18 18:00:00,,981.6,1.0,234.8,89.4
2016-01-18 21:00:00,,980.8,0.6,346.9,78.0
2016-01-19 00:00:00,,979.8,1.2,16.7,87.4
2016-01-19 03:00:00,-0.9,978.1,3.1,51.9,93.0
2016-01-19 06:00:00,-1.4,977.5,2.3,240.9,92.8
2016-01-19 09:00:00,,977.6,0.2,312.2,97.7
2016-01-19 12:00:00,,978.3,0.3,238.2,97.5
2016-01-19 15:00:00,,978.7,1.5,216.9,98.1
2016-01-19 18:00:00,,979.6,0.5,324.6,98.1
2016-01-19 21:00:00,,980.7,0.5,337.4,98.8
2016-01-20 00:00:00,,981.5,0.9,270.1,99.0
2016-01-20 03:00:00,,981.8,1.0,242.5,97.2
2016-01-20 06:00:00,,982.0,0.7,254.8,93.7
2016-01-20 09:00:00,,982.4,1.8,306.8,92.6
2016-01-20 12:00:00,,982.4,1.4,160.9,85.3
2016-01-20 15:00:00,-1.6,981.4,5.7,152.6,82.8
2016-01-20 18:00:00,,980.8,0.9,252.3,96.3
2016-01-20 21:00:00,-1.2,980.3,2.3,226.2,88.5
2016-01-21 00:00:00,-1.1,979.0,3.7,215.8,88.1
2016-01-21 03:00:00,-1.4,977.0,,239.6,93.0
2016-01-21 06:00:00,-1.2,975.8,,239.1,94.7
2016-01-21 09:00:00,-1.0,974.4,10.8,234.7,91.8
2016-01-21 12:00:00,-1.6,973.4,13.1,234.4,96.2
2016-01-21 15:00:00,-1.6,973.9,11.5,234.9,96.5
2016-01-21 18:00:00,-1.4,974.1,10.3,236.3,95.0
2016-01-21 21:00:00,-1.4,974.5,10.7,224.2,92.2
2016-01-22 00:00:00,-0.8,974.6,9.5,219.6,89.2
2016-01-22 03:00:00,-1.2,975.0,11.3,228.2,92.6
2016-01-22 06:00:00,-1.4,974.8,11.2,228.2,94.0
2016-01-22 09:00:00,-1.3,975.9,11.8,228.2,95.1
2016-01-22 12:00:00,-0.3,976.9,11.0,217.8,77.7
2016-01-22 15:00:00,-0.7,976.5,,212.7,78.9
2016-01-22 18:00:00,-1.4,977.4,12.8,215.8,77.8
2016-01-22 21:00:00,-1.8,978.0,11.4,235.6,85.1
2016-01-23 00:00:00,-1.5,978.8,12.3,222.1,80.4
2016-01-23 03:00:00,0.4,979.6,10.2,224.7,60.4
2016-01-23 06:00:00,-0.6,979.8,,25.2,86.7
2016-01-23 09:00:00,-1.6,979.1,,226.7,88.1
2016-01-23 12:00:00,,977.8,1.6,221.1,88.9
2016-01-23 15:00:00,-3.9,975.5,2.1,221.6,85.2
2016-01-23 18:00:00,-4.9,972.8,3.2,249.4,88.2
2016-01-23 21:00:00,,971.1,0.7,67.5,77.5
2016-01-24 00:00:00,,970.6,1.7,222.1,83.7
2016-01-24 03:00:00,,969.7,0.6,249.5,74.8
2016-01-24 06:00:00,,970.1,0.5,264.2,86.8
2016-01-24 09:00:00,,971.1,0.4,234.7,75.0
2016-01-24 12:00:00,-3.4,972.5,,,92.1
2016-01-24 15:00:00,-3.3,973.4,,,92.1
2016-01-24 18:00:00,,974.3,0.7,238.5,93.7
2016-01-24 21:00:00,,975.2,0.4,229.8,77.5
2016-01-25 00:00:00,,976.2,1.5,228.3,76.6
2016-01-25 03:00:00,,976.5,1.9,254.3,75.2
2016-01-25 06:00:00,,977.8,1.4,257.8,73.9
2016-01-25 09:00:00,0.1,979.1,4.1,236.6,63.7
2016-01-25 12:00:00,-0.5,981.2,3.1,130.3,68.0
2016-01-25 15:00:00,-0.8,983.1,2.0,136.8,78.7
2016-01-25 18:00:00,-0.4,984.6,,230.7,65.5
2016-01-25 21:00:00,-0.9,986.9,3.4,125.4,73.4
2016-01-26 00:00:00,-0.1,988.8,,30.2,73.1
2016-01-26 03:00:00,,989.4,1.0,257.0,73.5
2016-01-26 06:00:00,,989.9,0.5,89.4,76.5
2016-01-26 09:00:00,,990.1,0.7,43.0,85.3
2016-01-26 12:00:00,,990.5,1.4,223.9,89.1
2016-01-26 15:00:00,,990.1,0.2,257.0,92.4
2016-01-26 18:00:00,-2.2,990.3,,,86.2
2016-01-26 21:00:00,,990.1,0.0,230.5,77.8
2016-01-27 00:00:00,,989.9,0.1,268.1,68.5
2016-01-27 03:00:00,0.1,988.8,2.6,49.4,84.4
2016-01-27 06:00:00,,988.0,0.2,47.2,77.7
2016-01-27 09:00:00,,987.1,1.5,45.0,94.2
2016-01-27 12:00:00,,986.8,1.0,29.4,98.9
2016-01-27 15:00:00,,986.3,1.4,208.2,95.8
2016-01-27 18:00:00,-4.9,986.4,3.0,249.7,96.2
2016-01-27 21:00:00,-5.8,986.7,2.4,247.6,97.4
2016-01-28 00:00:00,,986.8,1.0,250.8,88.6
2016-01-28 03:00:00,,986.4,0.6,0.3,68.0
2016-01-28 06:00:00,,986.5,1.3,22.8,69.2
2016-01-28 09:00:00,,986.5,0.1,37.4,70.1
2016-01-28 12:00:00,,986.7,0.4,347.0,84.5
2016-01-28 15:00:00,,985.7,0.4,64.6,83.8
2016-01-28 18:00:00,,984.4,1.0,238.6,82.5
2016-01-28 21:00:00,-3.2,982.9,3.1,160.2,81.1
2016-01-29 00:00:00,-3.4,981.8,3.6,236.9,88.8
2016-01-29 03:00:00,-2.8,980.3,5.2,224.1,84.9
2016-01-29 06:00:00,-2.4,980.4,8.3,231.3,72.4
2016-01-29 09:00:00,-2.8,980.5,7.2,236.1,73.0
2016-01-29 12:00:00,-1.7,980.8,6.3,217.6,49.5
2016-01-29 15:00:00,-2.1,981.2,8.1,224.4,60.0
2016-01-29 18:00:00,-2.8,981.4,7.5,212.2,72.5
2016-01-29 21:00:00,-2.7,981.0,12.1,227.5,73.0
2016-01-30 00:00:00,-1.8,980.7,9.2,213.2,61.0
2016-01-30 03:00:00,-1.9,979.1,8.8,228.9,61.6
2016-01-30 06:00:00,-0.9,977.7,9.2,205.2,49.8
2016-01-30 09:00:00,-1.0,977.1,11.8,207.8,48.1
2016-01-30 12:00:00,-1.1,975.9,11.1,210.8,46.1
2016-01-30 15:00:00,-1.3,974.1,9.8,204.4,46.4
2016-01-30 18:00:00,-1.2,973.4,9.3,213.4,44.5
2016-01-30 21:00:00,-1.9,973.2,,128.5,71.2
2016-01-31 00:00:00,-2.0,971.7,5.1,239.3,71.2
2016-01-31 03:00:00,-1.5,970.4,5.0,237.7,61.7
2016-01-31 06:00:00,,969.6,1.5,162.9,59.2
2016-01-31 09:00:00,-1.5,969.3,3.2,138.3,58.2
2016-01-31 12:00:00,-2.0,969.1,5.9,212.4,56.5
2016-01-31 15:00:00,-3.7,969.4,7.9,227.4,73.5
2016-01-31 18:00:00,-2.8,970.0,10.2,213.9,68.3
2016-01-31 21:00:00,-2.2,970.7,7.1,205.0,58.2
2016-02-01 00:00:00,-3.5,971.4,6.9,233.9,81.1
2016-02-01 03:00:00,-1.0,970.8,,211.1,49.4
2016-02-01 06:00:00,-1.2,971.0,10.4,209.4,44.3
2016-02-01 09:00:00,-1.0,970.8,8.5,203.3,41.8
2016-02-01 12:00:00,-3.7,971.3,,181.7,56.6
2016-02-01 15:00:00,-4.2,970.6,4.3,238.4,58.6
2016-02-01 18:00:00,-4.9,969.6,5.9,249.7,53.6
2016-02-01 21:00:00,,969.5,1.9,177.2,49.0
2016-02-02 00:00:00,-1.9,968.8,4.8,254.7,51.4
2016-02-02 03:00:00,,969.1,1.5,5.2,50.0
2016-02-02 06:00:00,,969.4,1.9,335.3,70.7
2016-02-02 09:00:00,-2.4,970.5,3.2,170.1,77.1
2016-02-02 12:00:00,,971.7,0.4,97.5,78.1
2016-02-02 15:00:00,-5.1,971.7,3.0,280.3,57.1
2016-02-02 18:00:00,-3.0,972.5,4.0,211.9,45.9
2016-02-02 21:00:00,,973.5,0.2,338.7,49.8
2016-02-03 00:00:00,,974.3,0.2,111.5,43.6
2016-02-03 03:00:00,,974.9,1.2,234.8,59.9
2016-02-03 06:00:00,-1.1,976.5,,145.0,55.6
2016-02-03 09:00:00,-2.1,978.1,4.0,159.4,68.0
2016-02-03 12:00:00,-4.7,980.2,,235.2,80.6
2016-02-03 15:00:00,-5.6,981.1,2.3,229.1,69.0
2016-02-03 18:00:00,,981.6,0.4,50.5,59.3
2016-02-03 21:00:00,-1.3,981.8,,234.5,41.7
2016-02-04 00:00:00,,981.8,,211.6,36.4
2016-02-04 03:00:00,-1.4,982.0,7.5,227.4,69.1
2016-02-04 06:00:00,-0.6,981.0,8.1,228.9,59.7
2016-02-04 09:00:00,-1.2,980.0,11.6,229.2,68.1
2016-02-04 12:00:00,-0.6,979.7,9.2,215.5,51.2
2016-02-04 15:00:00,-0.7,978.4,13.2,219.5,54.9
2016-02-04 18:00:00,-0.7,978.2,13.1,209.1,48.2
2016-02-04 21:00:00,0.7,978.0,12.2,208.8,40.4
2016-02-05 00:00:00,1.4,978.3,9.1,204.4,38.1
2016-02-05 03:00:00,1.7,978.3,,223.8,41.9
2016-02-05 06:00:00,1.9,978.4,4.2,224.9,48.7
2016-02-05 09:00:00,-0.3,979.5,2.4,123.5,50.1
2016-02-05 12:00:00,,980.1,1.2,162.9,60.2
2016-02-05 15:00:00,,980.3,0.2,248.3,67.9
2016-02-05 18:00:00,,980.5,0.2,237.2,74.6
2016-02-05 21:00:00,,981.0,0.7,64.2,61.0
2016-02-06 00:00:00,,981.4,1.1,298.8,72.0
2016-02-06 03:00:00,-1.8,981.0,2.2,160.5,57.6
2016-02-06 06:00:00,-2.7,981.4,4.2,137.6,67.4
2016-02-06 09:00:00,-3.0,982.0,2.4,164.8,72.1
2016-02-06 12:00:00,,982.8,0.0,303.6,86.0
2016-02-06 15:00:00,,983.4,0.1,237.9,86.3
2016-02-06 18:00:00,,984.1,1.0,176.5,84.3
2016-02-06 21:00:00,,984.7,0.1,10.4,68.4
2016-02-07 00:00:00,-3.0,984.8,,246.0,54.2
2016-02-07 03:00:00,-2.4,985.0,3.5,223.0,57.5
2016-02-07 06:00:00,-2.3,985.6,5.6,235.9,44.5
2016-02-07 09:00:00,-3.6,986.5,2.7,253.6,67.1
2016-02-07 12:00:00,-5.5,986.8,3.2,227.1,67.7
2016-02-07 15:00:00,-6.5,986.4,3.1,215.7,61.5
2016-02-07 18:00:00,-6.8,986.6,2.0,228.4,59.0
2016-02-07 21:00:00,,986.7,1.4,250.1,55.7
2016-02-08 00:00:00,,986.2,1.0,342.3,38.4
2016-02-08 03:00:00,,985.5,0.7,35.1,51.9
2016-02-08 06:00:00,,984.8,0.8,40.5,63.9
2016-02-08 09:00:00,,983.9,1.5,54.6,61.5
2016-02-08 12:00:00,,982.9,1.0,230.3,79.0
2016-02-08 15:00:00,-6.8,982.4,,,74.0
2016-02-08 18:00:00,,982.8,0.1,199.5,82.4
2016-02-08 21:00:00,,983.7,0.0,226.4,69.3
2016-02-09 00:00:00,,984.1,0.1,266.3,68.5
2016-02-09 03:00:00,,984.4,0.6,310.4,69.7
2016-02-09 06:00:00,,984.6,0.4,20.8,63.5
2016-02-09 09:00:00,,985.1,0.6,294.4,75.6
2016-02-09 12:00:00,,985.3,0.4,251.2,75.9
2016-02-09 15:00:00,,985.5,0.6,208.5,76.4
2016-02-09 18:00:00,,986.0,1.5,216.3,74.1
2016-02-09 21:00:00,,986.4,0.8,243.5,69.2
2016-02-10 00:00:00,-3.7,986.5,,,64.8
2016-02-10 03:00:00,,986.3,0.6,225.9,68.3
2016-02-10 06:00:00,,986.5,0.9,223.5,65.4
2016-02-10 09:00:00,,986.8,0.6,148.6,77.3
2016-02-10 12:00:00,,987.2,1.6,223.8,70.7
2016-02-10 15:00:00,,987.7,0.0,159.2,76.7
2016-02-10 18:00:00,,988.0,0.0,194.6,83.6
2016-02-10 21:00:00,,987.7,1.6,233.2,80.6
2016-02-11 00:00:00,,986.7,1.8,233.3,73.7
2016-02-11 03:00:00,,985.0,1.6,342.4,70.8
2016-02-11 06:00:00,,984.0,1.1,298.3,64.6
2016-02-11 09:00:00,,984.1,1.0,229.9,75.9
2016-02-11 12:00:00,,984.0,0.3,298.7,77.4
2016-02-11 15:00:00,,984.3,0.2,133.8,51.7
2016-02-11 18:00:00,,984.7,0.4,221.9,57.0
2016-02-11 21:00:00,,985.0,1.3,219.7,73.6
2016-02-12 00:00:00,,985.5,1.7,270.8,73.7
2016-02-12 03:00:00,,984.9,1.0,292.6,76.0
2016-02-12 06:00:00,,984.9,1.7,233.1,90.0
2016-02-12 09:00:00,-3.2,984.2,4.8,233.7,73.0
2016-02-12 12:00:00,-4.0,984.6,,235.5,72.8
2016-02-12 15:00:00,-4.7,985.4,,232.0,71.7
2016-02-12 18:00:00,-4.8,986.8,12.2,234.2,72.2
2016-02-12 21:00:00,-4.6,988.4,11.6,230.6,71.2
2016-02-13 00:00:00,-1.7,989.1,12.3,242.5,50.8
2016-02-13 03:00:00,-1.1,990.5,11.0,244.5,48.1
2016-02-13 06:00:00,-3.1,992.2,11.8,254.8,66.8
2016-02-13 09:00:00,-3.2,994.8,,236.4,59.1
2016-02-13 12:00:00,-4.0,996.9,,213.5,71.2
2016-02-13 15:00:00,,998.4,1.5,30.6,79.8
2016-02-13 18:00:00,-4.7,999.8,3.3,125.5,68.1
2016-02-13 21:00:00,,1000.8,1.5,235.4,77.9
2016-02-14 00:00:00,,1001.0,1.5,237.9,75.8
2016-02-14 03:00:00,,1000.7,0.0,334.3,74.9
2016-02-14 06:00:00,,999.6,1.8,244.1,91.9
2016-02-14 09:00:00,,998.8,1.1,220.1,94.4
2016-02-14 12:00:00,,998.2,0.6,202.8,96.0
2016-02-14 15:00:00,,998.0,0.3,325.5,96.2
2016-02-14 18:00:00,,997.6,1.0,165.2,81.0
2016-02-14 21:00:00,,997.5,1.2,186.6,83.9
2016-02-15 00:00:00,,997.0,1.0,278.5,79.8
2016-02-15 03:00:00,,996.2,0.4,248.3,67.1
2016-02-15 06:00:00,,995.5,0.7,211.5,74.5
2016-02-15 09:00:00,,994.5,0.7,189.3,81.3
2016-02-15 12:00:00,,993.4,1.9,222.9,77.6
2016-02-15 15:00:00,,991.9,1.0,203.9,81.0
2016-02-15 18:00:00,,990.8,0.7,202.0,86.0
2016-02-15 21:00:00,,990.6,0.0,187.2,81.9
2016-02-16 00:00:00,,990.1,0.2,332.2,62.9
2016-02-16 03:00:00,-3.9,989.0,2.1,220.2,78.9
2016-02-16 06:00:00,-3.1,988.3,,,68.6
2016-02-16 09:00:00,-5.2,988.1,2.3,236.6,87.3
2016-02-16 12:00:00,-3.9,987.4,2.5,209.8,80.8
2016-02-16 15:00:00,,986.6,0.4,258.5,79.3
2016-02-16 18:00:00,-3.8,985.5,,,79.7
2016-02-16 21:00:00,,984.8,0.3,242.1,73.5
2016-02-17 00:00:00,-3.0,984.8,4.2,155.2,69.5
2016-02-17 03:00:00,,984.3,1.9,122.2,75.3
2016-02-17 06:00:00,-4.2,983.8,,148.9,72.4
2016-02-17 09:00:00,-4.9,983.8,5.2,157.4,77.2
2016-02-17 12:00:00,-5.4,982.8,,258.6,87.3
2016-02-17 15:00:00,,980.7,0.7,49.8,89.8
2016-02-17 18:00:00,-5.3,978.2,4.0,134.9,78.5
2016-02-17 21:00:00,-6.1,976.6,2.1,221.6,93.2
2016-02-18 00:00:00,-5.6,975.3,,,83.8
2016-02-18 03:00:00,,974.3,1.3,223.7,84.7
2016-02-18 06:00:00,,974.1,1.0,246.4,77.3
2016-02-18 09:00:00,-6.6,974.1,,,77.2
2016-02-18 12:00:00,,973.7,0.8,198.9,68.8
2016-02-18 15:00:00,,973.5,0.2,35.0,81.9
2016-02-18 18:00:00,,972.8,0.0,196.1,82.9
2016-02-18 21:00:00,,972.6,1.6,229.5,80.0
2016-02-19 00:00:00,,972.4,1.6,212.2,71.8
2016-02-19 03:00:00,,972.4,1.1,227.1,82.5
2016-02-19 06:00:00,,973.2,0.4,209.6,67.5
2016-02-19 09:00:00,,974.1,0.8,223.1,75.5
2016-02-19 12:00:00,,974.8,0.0,265.4,77.7
2016-02-19 15:00:00,-7.3,975.4,2.2,236.2,80.9
2016-02-19 18:00:00,,976.5,0.0,302.1,82.4
2016-02-19 21:00:00,-6.5,977.7,2.8,228.0,63.0
2016-02-20 00:00:00,,979.7,0.9,237.5,68.0
2016-02-20 03:00:00,,980.7,1.8,229.8,61.7
2016-02-20 06:00:00,-6.6,982.0,2.5,225.5,70.6
2016-02-20 09:00:00,-6.7,983.8,4.1,231.9,67.8
2016-02-20 12:00:00,-5.7,984.9,3.8,213.2,60.3
2016-02-20 15:00:00,-5.1,985.9,3.3,111.9,70.5
2016-02-20 18:00:00,-6.3,987.4,5.5,227.8,71.6
2016-02-20 21:00:00,-4.7,988.6,,227.7,63.6
2016-02-21 00:00:00,-5.3,990.3,4.1,228.6,69.2
2016-02-21 03:00:00,-4.5,991.4,4.1,250.6,57.7
2016-02-21 06:00:00,-5.5,992.9,7.3,244.9,68.8
2016-02-21 09:00:00,-5.2,994.7,4.2,221.7,66.7
2016-02-21 12:00:00,-5.5,995.7,,231.0,68.7
2016-02-21 15:00:00,-5.7,996.2,4.2,224.0,68.4
2016-02-21 18:00:00,-5.7,996.8,2.1,253.1,69.0
2016-02-21 21:00:00,-5.9,996.7,3.9,236.7,70.2
2016-02-22 00:00:00,-6.1,996.7,4.5,245.5,71.6
2016-02-22 03:00:00,-5.8,995.8,3.6,237.2,64.1
2016-02-22 06:00:00,-6.2,994.8,2.7,245.6,67.6
2016-02-22 09:00:00,,993.4,1.1,99.3,69.9
2016-02-22 12:00:00,,992.1,0.1,163.9,74.9
2016-02-22 15:00:00,,990.0,1.5,230.7,68.6
2016-02-22 18:00:00,-8.1,988.9,3.5,206.1,59.0
2016-02-22 21:00:00,-7.6,987.9,2.8,236.6,66.7
2016-02-23 00:00:00,,987.5,1.5,259.6,55.9
2016-02-23 03:00:00,,986.9,1.0,230.2,54.2
2016-02-23 06:00:00,,986.6,0.7,357.9,73.4
2016-02-23 09:00:00,,986.8,0.3,230.3,78.2
2016-02-23 12:00:00,,987.1,1.1,217.0,76.0
2016-02-23 15:00:00,-10.3,987.4,2.5,211.9,67.6
2016-02-23 18:00:00,,988.1,1.5,190.9,58.4
2016-02-23 21:00:00,,988.7,1.0,219.8,47.9
2016-02-24 00:00:00,,989.3,1.5,313.0,63.5
2016-02-24 03:00:00,,989.2,0.4,21.0,48.8
2016-02-24 06:00:00,,989.5,1.5,299.7,52.5
2016-02-24 09:00:00,,989.7,0.0,267.0,72.9
2016-02-24 12:00:00,,989.7,1.9,232.5,79.9
2016-02-24 15:00:00,,989.6,0.2,251.3,79.0
2016-02-24 18:00:00,,988.8,1.3,232.9,86.9
2016-02-24 21:00:00,,988.1,0.5,213.6,57.6
2016-02-25 00:00:00,,987.0,0.3,223.8,48.0
2016-02-25 03:00:00,,985.9,1.2,333.7,64.4
2016-02-25 06:00:00,,985.2,0.4,231.5,45.7
2016-02-25 09:00:00,,984.6,0.7,47.8,72.9
2016-02-25 12:00:00,,984.1,0.2,170.5,73.4
2016-02-25 15:00:00,-8.9,983.4,2.0,229.6,59.0
2016-02-25 18:00:00,-10.4,982.3,2.8,225.5,60.2
2016-02-25 21:00:00,-8.6,982.3,3.4,205.1,53.8
2016-02-26 00:00:00,-6.1,982.3,2.5,233.6,40.4
2016-02-26 03:00:00,-5.2,982.1,2.1,217.9,42.5
2016-02-26 06:00:00,-6.0,982.8,4.0,239.2,48.1
2016-02-26 09:00:00,,983.9,0.5,202.9,50.3
2016-02-26 12:00:00,-8.5,984.9,2.0,255.1,48.3
2016-02-26 15:00:00,,985.9,0.5,214.0,59.4
2016-02-26 18:00:00,,987.2,0.8,187.9,64.5
2016-02-26 21:00:00,-8.1,988.7,2.2,228.8,69.1
2016-02-27 00:00:00,,990.9,0.3,250.4,47.4
2016-02-27 03:00:00,-5.0,992.2,4.4,234.8,68.1
2016-02-27 06:00:00,-4.8,993.8,,222.0,71.8
2016-02-27 09:00:00,-4.8,995.3,8.3,220.0,76.5
2016-02-27 12:00:00,-4.5,996.4,6.7,208.7,75.7
2016-02-27 15:00:00,-5.0,997.5,9.9,240.3,78.7
2016-02-27 18:00:00,-5.1,998.4,10.3,237.3,81.6
2016-02-27 21:00:00,-3.5,999.6,10.5,212.0,52.1
2016-02-28 00:00:00,-4.4,999.7,9.2,237.3,69.2
2016-02-28 03:00:00,-4.2,999.7,9.3,226.6,61.0
2016-02-28 06:00:00,-4.1,1000.0,8.6,228.4,63.9
2016-02-28 09:00:00,-3.6,1000.2,,152.3,67.1
2016-02-28 12:00:00,-4.0,1000.2,,57.7,65.3
2016-02-28 15:00:00,,999.9,1.5,210.3,65.1
2016-02-28 18:00:00,,999.7,1.4,96.6,79.5
2016-02-28 21:00:00,-5.0,999.6,3.9,245.4,73.5
2016-02-29 00:00:00,,998.6,0.2,238.1,65.2
2016-02-29 03:00:00,-4.0,997.6,2.6,221.5,73.2
2016-02-29 06:00:00,,996.7,0.2,79.7,69.8
2016-02-29 09:00:00,,996.2,0.9,227.0,75.8
2016-02-29 12:00:00,-5.1,995.2,2.1,228.7,70.1
2016-02-29 15:00:00,,994.2,1.9,236.3,75.3
2016-02-29 18:00:00,,993.7,1.8,230.4,79.8
2016-02-29 21:00:00,,993.5,0.1,279.9,76.2
2016-03-01 00:00:00,-4.7,993.1,1.1,214.4,79.8
2016-03-01 03:00:00,-4.5,993.9,0.8,353.6,72.0
2016-03-01 06:00:00,-5.1,995.1,3.7,140.2,78.8
2016-03-01 09:00:00,-5.8,995.7,5.1,146.8,64.6
2016-03-01 12:00:00,-6.9,995.7,0.9,129.7,84.3
2016-03-01 15:00:00,-6.9,994.6,0.7,156.9,80.5
2016-03-01 18:00:00,-6.3,993.5,1.2,212.2,76.2
2016-03-01 21:00:00,-6.0,993.6,0.9,270.5,63.6
2016-03-02 00:00:00,-6.2,994.3,0.2,229.1,85.2
2016-03-02 03:00:00,-5.1,993.3,3.4,143.4,73.4
2016-03-02 06:00:00,-6.5,991.5,0.6,87.2,92.1
2016-03-02 09:00:00,-5.3,989.3,4.6,140.5,81.0
2016-03-02 12:00:00,-5.4,987.1,4.3,136.2,84.4
2016-03-02 15:00:00,-5.4,985.2,4.5,143.4,82.5
2016-03-02 18:00:00,-5.8,984.2,4.2,165.5,82.1
2016-03-02 21:00:00,-5.1,983.4,2.7,143.8,77.4
2016-03-03 00:00:00,-5.7,982.4,5.3,139.5,79.4
2016-03-03 03:00:00,-5.7,981.3,0.5,247.5,84.7
2016-03-03 06:00:00,-7.2,980.0,1.8,246.5,87.6
2016-03-03 09:00:00,-10.3,978.9,2.0,227.7,85.4
2016-03-03 12:00:00,,977.6,0.7,247.2,93.9
2016-03-03 15:00:00,-11.8,976.4,1.6,263.7,93.6
2016-03-03 18:00:00,-8.4,975.0,1.8,242.1,74.0
2016-03-03 21:00:00,-7.8,974.4,0.1,21.8,81.7
2016-03-04 00:00:00,-7.4,973.8,1.2,234.9,78.0
2016-03-04 03:00:00,-6.8,973.1,1.8,220.8,71.8
2016-03-04 06:00:00,-7.6,973.0,1.9,220.2,84.3
2016-03-04 09:00:00,-8.4,972.8,2.4,234.1,78.3
2016-03-04 12:00:00,-7.6,973.0,3.1,233.5,74.6
2016-03-04 15:00:00,-7.4,972.9,6.2,227.3,76.0
2016-03-04 18:00:00,-7.2,973.7,3.3,219.9,75.0
2016-03-04 21:00:00,-5.8,974.2,5.0,242.4,74.1
2016-03-05 00:00:00,-5.0,975.0,5.8,238.0,70.4
2016-03-05 03:00:00,-4.3,976.5,0.9,205.9,63.4
2016-03-05 06:00:00,-6.2,978.3,,258.0,93.9
2016-03-05 09:00:00,-7.1,979.7,0.1,200.5,94.4
2016-03-05 12:00:00,-7.2,980.5,1.2,219.5,94.7
2016-03-05 15:00:00,-6.8,981.4,2.2,224.0,76.0
2016-03-05 18:00:00,-7.1,982.5,1.1,66.8,78.5
2016-03-05 21:00:00,-6.2,983.4,1.4,44.4,77.7
2016-03-06 00:00:00,-5.6,983.7,0.5,266.4,61.6
2016-03-06 03:00:00,-6.1,983.9,0.4,113.1,72.5
2016-03-06 06:00:00,-6.4,983.6,,,75.0
2016-03-06 09:00:00,-8.4,983.4,0.1,279.7,77.0
2016-03-06 12:00:00,-9.0,982.9,2.4,245.7,76.0
2016-03-06 15:00:00,-11.4,981.8,0.7,217.6,75.4
2016-03-06 18:00:00,-10.6,980.7,3.0,239.5,71.4
2016-03-06 21:00:00,-9.8,979.8,1.7,228.7,71.7
2016-03-07 00:00:00,-8.3,978.5,0.3,253.8,69.1
2016-03-07 03:00:00,-7.1,977.4,0.0,280.5,68.1
2016-03-07 06:00:00,-7.9,976.7,0.9,208.7,79.5
2016-03-07 09:00:00,-9.0,976.3,2.1,221.4,90.6
2016-03-07 12:00:00,-9.3,975.7,2.0,244.2,93.3
2016-03-07 15:00:00,-9.2,975.1,0.8,240.6,93.5
2016-03-07 18:00:00,-9.5,975.1,1.0,192.5,88.3
2016-03-07 21:00:00,-9.3,975.7,1.9,198.3,72.0
2016-03-08 00:00:00,-8.2,976.2,1.3,218.3,58.2
2016-03-08 03:00:00,-6.7,977.3,,,46.5
2016-03-08 06:00:00,-8.8,978.1,2.4,217.9,69.0
2016-03-08 09:00:00,-9.9,978.9,0.9,206.8,64.4
2016-03-08 12:00:00,-11.1,979.6,1.4,219.0,77.1
2016-03-08 15:00:00,-10.0,980.5,2.4,211.8,65.8
2016-03-08 18:00:00,-9.7,981.4,0.3,272.2,66.1
2016-03-08 21:00:00,-10.0,982.4,2.2,231.2,70.0
2016-03-09 00:00:00,-8.2,983.7,0.4,238.4,60.7
2016-03-09 03:00:00,-7.8,984.9,1.9,229.3,59.2
2016-03-09 06:00:00,-7.5,985.9,0.7,192.1,61.9
2016-03-09 09:00:00,-7.9,986.8,0.0,200.8,84.4
2016-03-09 12:00:00,-8.4,987.2,1.7,247.3,81.1
2016-03-09 15:00:00,-8.9,987.0,0.1,256.3,84.0
2016-03-09 18:00:00,-8.0,986.7,1.9,209.8,74.0
2016-03-09 21:00:00,-6.6,986.3,0.7,259.3,77.3
2016-03-10 00:00:00,-6.1,985.6,1.4,213.0,73.5
2016-03-10 03:00:00,-6.8,984.5,,234.7,77.2
2016-03-10 06:00:00,-6.5,982.8,,247.5,74.2
2016-03-10 09:00:00,-7.9,982.6,10.9,230.7,76.7
2016-03-10 12:00:00,-8.0,982.3,12.7,235.7,82.3
2016-03-10 15:00:00,-5.8,983.2,12.8,224.7,59.8
2016-03-10 18:00:00,-6.0,983.9,15.1,203.3,61.1
2016-03-10 21:00:00,-4.9,983.6,13.4,200.9,52.4
2016-03-11 00:00:00,-3.6,983.9,10.6,217.3,46.7
2016-03-11 03:00:00,-5.1,984.0,,251.5,75.9
2016-03-11 06:00:00,-6.4,983.5,,226.2,72.4
2016-03-11 09:00:00,-6.6,982.9,,161.7,72.7
2016-03-11 12:00:00,-7.1,981.2,,,79.8
2016-03-11 15:00:00,-8.3,978.5,2.6,211.9,72.5
2016-03-11 18:00:00,-8.0,976.3,2.2,186.9,82.6
2016-03-11 21:00:00,-7.5,975.3,,,69.9
2016-03-12 00:00:00,-7.2,975.5,0.7,39.1,63.3
2016-03-12 03:00:00,-7.2,976.1,1.3,242.4,67.8
2016-03-12 06:00:00,-8.4,977.6,2.1,235.2,64.4
2016-03-12 09:00:00,-9.8,980.0,0.9,225.9,80.5
2016-03-12 12:00:00,-10.0,981.7,,237.8,71.9
2016-03-12 15:00:00,-10.0,983.0,1.6,243.9,67.8
2016-03-12 18:00:00,-9.8,983.2,,0.0,65.5
2016-03-12 21:00:00,-9.6,983.6,1.0,224.3,80.8
2016-03-13 00:00:00,-9.0,982.4,,,62.2
2016-03-13 03:00:00,-8.9,980.4,0.7,251.6,72.3
2016-03-13 06:00:00,-9.3,978.8,2.3,226.5,86.2
2016-03-13 09:00:00,-8.9,977.3,,242.2,86.9
2016-03-13 12:00:00,-9.3,976.6,,237.8,82.9
2016-03-13 15:00:00,-10.1,977.0,,232.7,78.6
2016-03-13 18:00:00,-8.7,978.0,,236.0,72.7
2016-03-13 21:00:00,-8.7,979.1,9.5,240.9,70.4
2016-03-14 00:00:00,-8.7,980.9,5.2,239.4,76.4
2016-03-14 03:00:00,-8.8,982.2,,221.9,69.3
2016-03-14 06:00:00,-9.3,983.1,0.5,55.1,84.4
2016-03-14 09:00:00,-9.5,983.6,0.6,306.7,85.7
2016-03-14 12:00:00,-10.3,983.7,1.1,357.7,90.4
2016-03-14 15:00:00,-10.5,983.5,,,90.8
2016-03-14 18:00:00,-10.3,983.7,0.1,157.3,89.4
2016-03-14 21:00:00,-9.5,983.8,0.0,156.7,84.8
2016-03-15 00:00:00,-8.8,984.0,,,77.0
2016-03-15 03:00:00,-9.6,984.2,3.3,150.7,76.0
2016-03-15 06:00:00,-10.0,984.7,0.5,184.8,80.7
2016-03-15 09:00:00,-11.1,985.5,1.4,207.9,82.6
2016-03-15 12:00:00,-11.0,986.2,1.4,182.3,77.4
2016-03-15 15:00:00,-11.8,986.6,3.5,148.7,72.3
2016-03-15 18:00:00,-12.3,986.7,,,82.2
2016-03-15 21:00:00,-12.1,986.5,1.1,159.7,77.0
2016-03-16 00:00:00,-12.7,985.8,1.5,217.8,80.1
2016-03-16 03:00:00,-13.0,984.3,1.7,225.1,80.6
2016-03-16 06:00:00,-14.4,983.6,5.0,231.6,71.2
2016-03-16 09:00:00,-15.1,982.1,,237.7,73.1
2016-03-16 12:00:00,-11.3,979.9,,248.5,60.6
2016-03-16 15:00:00,-13.1,980.2,10.6,235.6,69.7
2016-03-16 18:00:00,-12.6,981.1,10.6,235.9,67.1
2016-03-16 21:00:00,-12.2,982.0,8.9,232.5,61.3
2016-03-17 00:00:00,-11.5,983.0,11.1,240.6,52.9
2016-03-17 03:00:00,-11.1,982.8,12.5,243.1,49.4
2016-03-17 06:00:00,-11.5,983.9,8.5,236.0,55.7
2016-03-17 09:00:00,-14.3,985.8,13.3,247.4,70.1
2016-03-17 12:00:00,-14.9,987.6,11.2,237.2,67.8
2016-03-17 15:00:00,-15.1,989.4,11.8,230.2,66.4
2016-03-17 18:00:00,-13.9,991.0,8.9,219.0,56.2
2016-03-17 21:00:00,-13.5,992.8,7.1,238.6,53.5
2016-03-18 00:00:00,-13.4,994.1,7.9,244.6,60.7
2016-03-18 03:00:00,-12.4,994.4,,205.2,52.8
2016-03-18 06:00:00,-12.4,991.8,,237.1,83.5
2016-03-18 09:00:00,-11.5,987.4,,225.5,88.1
2016-03-18 12:00:00,-12.0,983.2,8.5,229.2,88.3
2016-03-18 15:00:00,-12.7,980.0,,235.1,86.4
2016-03-18 18:00:00,-13.5,977.0,,237.4,90.9
2016-03-18 21:00:00,-12.3,976.4,18.4,237.8,89.2
2016-03-19 00:00:00,-11.4,977.1,18.4,235.2,86.6
2016-03-19 03:00:00,-10.3,979.5,16.2,223.9,86.6
2016-03-19 06:00:00,-10.3,981.1,18.6,220.0,87.9
2016-03-19 09:00:00,-10.8,983.9,20.4,213.3,86.7
2016-03-19 12:00:00,-10.7,985.4,20.0,218.7,81.6
2016-03-19 15:00:00,-10.9,987.8,23.8,212.8,80.6
2016-03-19 18:00:00,-10.7,990.7,23.3,209.8,71.2
2016-03-19 21:00:00,-9.7,992.3,,204.0,53.1
2016-03-20 00:00:00,-8.5,993.6,,245.7,34.3
2016-03-20 03:00:00,-10.1,994.2,,251.8,47.6
2016-03-20 06:00:00,-11.7,992.2,,231.9,63.1
2016-03-20 09:00:00,-12.2,988.0,4.7,233.7,66.5
2016-03-20 12:00:00,-10.5,981.7,2.6,234.4,59.6
2016-03-20 15:00:00,-9.1,977.0,0.2,201.0,66.3
2016-03-20 18:00:00,-7.1,972.6,,159.1,41.3
2016-03-20 21:00:00,-7.2,970.6,,225.0,71.2
2016-03-21 00:00:00,-7.8,969.4,5.4,163.4,78.4
2016-03-21 03:00:00,-12.0,968.2,,144.8,80.6
2016-03-21 06:00:00,-12.5,968.3,,149.9,73.5
2016-03-21 09:00:00,-13.3,968.5,,151.7,69.6
2016-03-21 12:00:00,-13.8,968.5,,148.3,76.6
2016-03-21 15:00:00,-14.9,968.8,,149.1,68.2
2016-03-21 18:00:00,-15.9,969.0,2.0,202.2,62.3
2016-03-21 21:00:00,-16.2,969.1,2.9,141.4,63.8
2016-03-22 00:00:00,-15.1,968.8,2.8,147.2,68.4
2016-03-22 03:00:00,-15.1,968.8,0.9,201.5,74.5
2016-03-22 06:00:00,-15.9,969.8,1.2,200.7,75.9
2016-03-22 09:00:00,-16.9,972.9,3.5,228.8,67.0
2016-03-22 12:00:00,-16.8,976.3,0.1,237.6,60.8
2016-03-22 15:00:00,-17.0,978.7,3.0,145.7,68.7
2016-03-22 18:00:00,-17.0,979.0,0.7,222.7,74.2
2016-03-22 21:00:00,-16.6,978.2,0.2,182.7,74.4
2016-03-23 00:00:00,-16.7,977.0,0.7,195.7,81.3
2016-03-23 03:00:00,-15.7,975.8,2.7,227.8,79.2
2016-03-23 06:00:00,-13.5,976.2,2.8,223.5,75.3
2016-03-23 09:00:00,-13.6,977.9,4.6,234.7,68.4
2016-03-23 12:00:00,-13.6,978.6,4.0,227.8,65.2
2016-03-23 15:00:00,-13.0,978.7,4.2,232.6,64.4
2016-03-23 18:00:00,-11.9,978.4,5.1,234.7,60.7
2016-03-23 21:00:00,-10.9,978.6,6.1,235.8,64.5
2016-03-24 00:00:00,-9.9,979.4,2.6,236.5,59.7
2016-03-24 03:00:00,-8.9,980.8,3.4,243.6,59.7
2016-03-24 06:00:00,-10.9,982.1,3.2,236.1,66.6
2016-03-24 09:00:00,-12.6,983.4,1.3,262.4,57.8
2016-03-24 12:00:00,-12.6,984.6,0.1,154.0,57.2
2016-03-24 15:00:00,-12.4,985.4,2.2,157.9,74.4
2016-03-24 18:00:00,-12.7,985.9,1.8,166.0,79.3
2016-03-24 21:00:00,-12.3,986.4,0.0,171.1,78.3
2016-03-25 00:00:00,-12.3,985.9,1.4,226.8,81.3
2016-03-25 03:00:00,-11.1,984.9,1.2,229.2,75.1
2016-03-25 06:00:00,-11.3,984.2,1.9,238.7,71.6
2016-03-25 09:00:00,-11.1,983.4,2.5,223.7,81.9
2016-03-25 12:00:00,-11.1,983.0,0.9,216.2,89.6
2016-03-25 15:00:00,-9.6,982.2,1.0,32.1,90.9
2016-03-25 18:00:00,-9.9,981.8,0.5,84.8,87.4
2016-03-25 21:00:00,-10.2,982.1,2.1,244.1,76.0
2016-03-26 00:00:00,-10.5,982.8,2.2,217.5,79.8
2016-03-26 03:00:00,-9.6,982.6,0.2,315.2,60.5
2016-03-26 06:00:00,-10.4,982.9,1.7,302.4,80.4
2016-03-26 09:00:00,-10.6,982.6,0.8,244.8,81.2
2016-03-26 12:00:00,-11.1,981.5,4.5,241.6,80.4
2016-03-26 15:00:00,-11.2,980.4,0.5,240.4,75.6
2016-03-26 18:00:00,-11.1,979.2,0.4,240.7,81.4
2016-03-26 21:00:00,-11.0,978.1,0.7,208.9,85.1
2016-03-27 00:00:00,-10.8,977.8,0.1,175.9,85.2
2016-03-27 03:00:00,-11.0,977.4,2.2,198.8,84.3
2016-03-27 06:00:00,-11.7,977.2,1.6,201.0,84.2
2016-03-27 09:00:00,-10.7,977.8,1.7,227.6,68.4
2016-03-27 12:00:00,-11.2,978.6,2.8,238.8,66.9
2016-03-27 15:00:00,-12.1,979.2,1.9,230.1,68.9
2016-03-27 18:00:00,-12.6,980.5,3.9,235.5,69.8
2016-03-27 21:00:00,-13.2,981.8,5.8,247.0,74.1
2016-03-28 00:00:00,-13.3,983.2,3.2,236.1,63.3
2016-03-28 03:00:00,-12.9,984.1,,339.1,68.8
2016-03-28 06:00:00,-14.5,985.7,0.2,229.4,72.0
2016-03-28 09:00:00,-15.5,986.8,2.6,223.3,71.4
2016-03-28 12:00:00,-15.5,987.6,1.3,192.2,69.2
2016-03-28 15:00:00,-16.7,988.3,0.8,194.0,71.0
2016-03-28 18:00:00,-16.3,989.0,1.9,224.0,73.8
2016-03-28 21:00:00,-15.8,989.8,2.7,235.6,72.1
2016-03-29 00:00:00,-14.6,990.7,1.4,235.3,70.4
2016-03-29 03:00:00,-14.5,991.3,1.7,228.7,71.2
2016-03-29 06:00:00,-15.7,992.4,1.1,215.5,69.1
2016-03-29 09:00:00,-15.6,993.4,1.6,217.7,76.0
2016-03-29 12:00:00,-15.1,994.3,0.7,221.3,73.6
2016-03-29 15:00:00,-15.4,994.8,1.7,227.6,79.5
2016-03-29 18:00:00,-16.3,995.5,1.1,220.1,75.8
2016-03-29 21:00:00,-18.0,996.4,2.6,237.8,79.2
2016-03-30 00:00:00,-17.4,996.5,1.3,240.9,75.0
2016-03-30 03:00:00,-15.7,995.2,2.3,231.4,76.1
2016-03-30 06:00:00,-16.8,993.7,2.3,217.5,77.6
2016-03-30 09:00:00,-15.5,992.4,3.5,222.3,74.0
2016-03-30 12:00:00,-16.3,990.8,1.7,225.2,71.7
2016-03-30 15:00:00,-15.1,989.3,2.6,226.2,63.8
2016-03-30 18:00:00,-14.3,988.3,1.4,251.8,71.4
2016-03-30 21:00:00,-13.6,987.5,0.6,213.5,63.9
2016-03-31 00:00:00,-13.1,986.8,0.1,230.4,66.4
2016-03-31 03:00:00,-12.6,986.0,0.7,204.0,60.2
2016-03-31 06:00:00,-13.1,985.9,1.6,167.6,73.3
2016-03-31 09:00:00,-13.4,986.3,0.2,220.8,75.9
2016-03-31 12:00:00,-13.8,986.8,0.6,178.2,78.1
2016-03-31 15:00:00,-14.2,987.3,4.0,238.2,79.3
2016-03-31 18:00:00,-13.3,988.2,2.1,290.2,78.8
2016-03-31 21:00:00,-13.0,990.2,0.9,200.3,74.2
2016-04-01 00:00:00,-12.5,992.7,0.0,196.8,82.9
2016-04-01 03:00:00,-12.0,993.7,,,88.0
2016-04-01 06:00:00,-12.4,994.6,0.1,183.3,89.6
2016-04-01 09:00:00,-14.1,994.8,3.7,237.5,88.5
2016-04-01 12:00:00,-14.6,995.9,,240.0,83.7
2016-04-01 15:00:00,-15.7,998.5,,239.1,79.9
2016-04-01 18:00:00,-15.9,1002.0,7.4,236.6,66.2
2016-04-01 21:00:00,-15.4,1005.2,,255.0,67.2
2016-04-02 00:00:00,-14.3,1006.4,3.6,141.9,68.2
2016-04-02 03:00:00,-15.1,1006.8,4.3,148.6,73.8
2016-04-02 06:00:00,-15.4,1006.4,2.6,125.7,73.5
2016-04-02 09:00:00,-15.3,1004.9,1.9,27.9,72.8
2016-04-02 12:00:00,-15.4,1002.3,1.2,10.6,74.3
2016-04-02 15:00:00,-15.2,999.6,2.7,138.0,71.3
2016-04-02 18:00:00,-16.3,996.4,1.5,239.4,85.3
2016-04-02 21:00:00,-15.8,994.4,1.7,226.2,82.9
2016-04-03 00:00:00,-15.8,991.3,0.0,337.4,82.1
2016-04-03 03:00:00,-16.8,989.6,1.6,245.4,68.7
2016-04-03 06:00:00,-16.9,989.8,2.0,131.8,66.3
2016-04-03 09:00:00,-17.9,990.6,1.8,143.3,66.2
2016-04-03 12:00:00,-18.6,991.4,3.0,155.0,63.0
2016-04-03 15:00:00,-19.4,992.2,2.1,130.3,59.3
2016-04-03 18:00:00,-21.1,992.6,3.1,155.3,58.2
2016-04-03 21:00:00,-20.6,993.2,1.2,205.1,59.1
2016-04-04 00:00:00,-20.2,993.5,2.1,116.4,54.5
2016-04-04 03:00:00,-20.9,993.4,5.6,238.6,59.0
2016-04-04 06:00:00,-21.6,993.4,3.4,242.0,60.6
2016-04-04 09:00:00,-22.1,994.1,7.0,248.9,60.3
2016-04-04 12:00:00,-23.1,994.7,6.2,252.7,62.3
2016-04-04 15:00:00,-23.8,995.6,2.1,218.0,54.7
2016-04-04 18:00:00,-23.8,995.7,,160.5,58.8
2016-04-04 21:00:00,-24.3,996.3,3.8,153.6,52.6
2016-04-05 00:00:00,-23.4,996.5,3.2,156.0,58.2
2016-04-05 03:00:00,-23.1,995.2,0.8,209.3,61.2
2016-04-05 06:00:00,-24.3,993.8,1.3,190.3,68.6
2016-04-05 09:00:00,-23.8,991.9,1.9,237.9,72.5
2016-04-05 12:00:00,-24.4,989.4,3.6,157.5,67.4
2016-04-05 15:00:00,-24.9,985.9,2.2,197.8,66.0
2016-04-05 18:00:00,-24.9,983.2,5.5,236.8,69.9
2016-04-05 21:00:00,-24.8,981.3,5.5,237.9,72.1
2016-04-06 00:00:00,-24.8,980.8,7.1,247.1,72.5
2016-04-06 03:00:00,-23.4,981.1,2.4,309.1,62.7
2016-04-06 06:00:00,-23.7,982.0,,70.3,64.5
2016-04-06 09:00:00,-23.5,982.8,1.9,117.1,60.7
2016-04-06 12:00:00,-23.7,982.4,4.1,138.2,55.9
2016-04-06 15:00:00,-23.4,982.1,2.3,87.4,54.0
2016-04-06 18:00:00,-23.0,981.9,2.0,173.2,52.6
2016-04-06 21:00:00,-23.3,982.1,2.8,223.1,47.2
2016-04-07 00:00:00,-21.6,981.7,0.1,155.7,47.3
2016-04-07 03:00:00,-22.0,980.6,0.1,4.6,53.6
2016-04-07 06:00:00,-24.4,978.6,4.0,236.4,67.3
2016-04-07 09:00:00,-23.9,974.9,3.1,222.8,56.4
2016-04-07 12:00:00,-24.5,970.9,0.6,178.8,64.0
2016-04-07 15:00:00,-24.6,967.7,2.9,231.0,63.5
2016-04-07 18:00:00,-25.3,965.1,0.7,197.0,67.1
2016-04-07 21:00:00,-25.8,962.6,0.0,193.0,66.3
2016-04-08 00:00:00,,962.3,0.1,230.1,67.0
2016-04-08 03:00:00,,962.5,0.6,202.3,74.0
2016-04-08 06:00:00,-24.9,964.1,1.3,229.0,79.5
2016-04-08 09:00:00,-24.0,965.9,0.8,211.1,74.4
2016-04-08 12:00:00,-22.8,967.4,2.6,234.8,58.9
2016-04-08 15:00:00,-22.3,970.2,,,62.2
2016-04-08 18:00:00,-21.6,972.5,0.8,251.4,57.9
2016-04-08 21:00:00,-21.1,974.2,3.4,154.2,63.5
2016-04-09 00:00:00,-21.4,976.3,1.4,211.3,63.7
2016-04-09 03:00:00,-21.3,977.2,2.8,150.8,64.2
2016-04-09 06:00:00,-21.6,978.1,2.5,130.8,61.6
2016-04-09 09:00:00,-21.9,978.8,2.7,222.9,54.6
2016-04-09 12:00:00,-21.8,979.1,6.6,248.2,54.6
2016-04-09 15:00:00,-21.8,979.7,,170.5,55.6
2016-04-09 18:00:00,-21.8,980.0,4.7,228.7,55.2
2016-04-09 21:00:00,-21.7,980.2,4.9,228.6,56.0
2016-04-10 00:00:00,-21.2,979.6,1.4,22.0,60.0
2016-04-10 03:00:00,-21.7,977.8,,234.4,65.4
2016-04-10 06:00:00,-21.4,975.1,,226.8,77.7
2016-04-10 09:00:00,-21.8,973.3,,236.1,81.3
2016-04-10 12:00:00,-17.7,970.9,,223.3,78.0
2016-04-10 15:00:00,,970.5,23.0,211.7,75.0
2016-04-10 18:00:00,-15.1,970.4,21.3,221.2,64.8
2016-04-10 21:00:00,-13.6,973.0,,222.0,49.8
2016-04-11 00:00:00,-13.5,977.9,,211.7,47.8
2016-04-11 03:00:00,-18.1,982.4,13.8,236.8,65.5
2016-04-11 06:00:00,-18.2,983.6,,243.2,53.3
2016-04-11 09:00:00,-19.8,983.5,,256.2,61.2
2016-04-11 12:00:00,-19.9,982.5,,235.9,62.2
2016-04-11 15:00:00,-21.9,980.1,,,77.6
2016-04-11 18:00:00,-22.0,977.6,1.0,278.4,75.4
2016-04-11 21:00:00,-20.5,973.7,,249.2,70.6
2016-04-12 00:00:00,-19.8,970.3,3.0,233.2,73.8
2016-04-12 03:00:00,-19.4,966.2,,280.2,74.0
2016-04-12 06:00:00,-20.5,965.3,,,74.5
2016-04-12 09:00:00,-20.6,965.9,,233.0,65.9
2016-04-12 12:00:00,-21.6,967.9,2.8,210.3,58.3
2016-04-12 15:00:00,-21.5,969.2,5.7,241.8,59.9
2016-04-12 18:00:00,-23.3,971.4,6.9,239.7,60.4
2016-04-12 21:00:00,-23.3,972.6,3.4,230.1,54.8
2016-04-13 00:00:00,-21.4,974.2,2.7,230.4,45.9
2016-04-13 03:00:00,-21.4,974.7,6.5,225.3,46.7
2016-04-13 06:00:00,-21.8,975.5,,233.5,56.1
2016-04-13 09:00:00,-20.4,975.4,,243.5,61.3
2016-04-13 12:00:00,-18.5,976.5,13.6,212.9,49.2
2016-04-13 15:00:00,-18.3,977.0,11.3,220.8,56.8
2016-04-13 18:00:00,-19.0,979.0,13.1,231.5,71.5
2016-04-13 21:00:00,-18.9,980.8,12.5,205.8,72.3
2016-04-14 00:00:00,-18.7,981.8,12.8,230.9,75.1
2016-04-14 03:00:00,-18.8,982.1,15.1,214.6,73.7
2016-04-14 06:00:00,-18.2,984.8,12.0,228.5,68.6
2016-04-14 09:00:00,-19.1,985.8,,230.8,63.1
2016-04-14 12:00:00,-19.0,986.1,,157.9,70.3
2016-04-14 15:00:00,-19.1,987.1,,85.2,65.4
2016-04-14 18:00:00,-20.1,988.9,4.9,139.7,66.9
2016-04-14 21:00:00,-21.1,990.3,5.7,146.2,69.7
2016-04-15 00:00:00,-21.4,991.2,,303.6,74.3
2016-04-15 03:00:00,-21.8,990.8,1.0,175.3,69.7
2016-04-15 06:00:00,-23.4,991.8,0.5,228.9,74.4
2016-04-15 09:00:00,-23.0,992.8,,152.4,64.2
2016-04-15 12:00:00,-23.6,993.8,4.4,152.9,66.6
2016-04-15 15:00:00,-23.5,994.8,1.7,165.9,65.3
2016-04-15 18:00:00,-24.4,995.4,1.5,153.1,68.5
2016-04-15 21:00:00,-24.8,995.8,0.7,248.6,72.8
2016-04-16 00:00:00,-24.7,995.8,0.4,228.5,75.6
2016-04-16 03:00:00,-24.6,995.5,,,75.5
2016-04-16 06:00:00,-26.1,995.1,1.5,233.0,75.2
2016-04-16 09:00:00,-26.5,994.6,2.1,214.5,71.7
2016-04-16 12:00:00,-28.0,995.4,0.8,249.9,73.2
2016-04-16 15:00:00,-25.8,995.3,1.9,131.8,62.6
2016-04-16 18:00:00,-26.4,995.0,0.6,251.4,54.7
2016-04-16 21:00:00,-25.9,993.8,3.3,135.8,52.5
2016-04-17 00:00:00,-24.1,993.6,0.3,12.4,45.8
2016-04-17 03:00:00,-23.2,992.9,1.2,42.2,64.6
2016-04-17 06:00:00,-22.7,992.4,1.2,42.0,58.4
2016-04-17 09:00:00,-22.1,992.6,4.3,234.6,58.6
2016-04-17 12:00:00,-21.9,991.8,2.3,256.4,50.1
2016-04-17 15:00:00,-21.6,991.0,2.0,24.8,55.2
2016-04-17 18:00:00,-21.1,990.2,0.7,89.5,57.9
2016-04-17 21:00:00,-20.8,989.2,3.3,116.1,56.9
2016-04-18 00:00:00,-20.3,988.2,2.3,71.4,54.3
2016-04-18 03:00:00,-20.7,987.3,1.2,348.3,65.4
2016-04-18 06:00:00,-20.1,986.1,3.2,72.4,56.8
2016-04-18 09:00:00,-19.6,984.6,4.4,62.1,54.0
2016-04-18 12:00:00,-16.8,983.0,1.0,341.0,40.4
2016-04-18 15:00:00,-16.1,982.1,1.0,135.9,44.9
2016-04-18 18:00:00,-15.4,980.7,,231.4,48.5
2016-04-18 21:00:00,-11.4,979.3,,206.2,59.3
2016-04-19 00:00:00,-12.0,978.5,,211.3,66.1
2016-04-19 03:00:00,-11.8,978.6,,212.8,70.5
2016-04-19 06:00:00,-10.6,978.1,21.8,212.3,66.5
2016-04-19 09:00:00,-10.2,979.2,19.6,222.0,83.0
2016-04-19 12:00:00,-9.5,980.5,20.9,224.7,81.0
2016-04-19 15:00:00,-8.6,982.4,20.9,223.6,78.3
2016-04-19 18:00:00,-7.6,986.3,18.5,212.7,67.0
2016-04-19 21:00:00,-6.8,988.4,15.9,213.9,60.7
2016-04-20 00:00:00,-5.7,990.0,17.7,205.9,59.0
2016-04-20 03:00:00,-5.0,993.2,16.1,210.5,51.3
2016-04-20 06:00:00,-4.8,994.7,14.3,205.2,48.2
2016-04-20 09:00:00,-3.9,996.6,,201.3,41.9
2016-04-20 12:00:00,,999.2,,205.5,69.5
2016-04-20 15:00:00,-8.6,1000.2,,153.4,63.6
2016-04-20 18:00:00,-11.1,1000.5,2.4,241.7,68.8
2016-04-20 21:00:00,-13.0,1001.4,2.8,244.5,71.7
2016-04-21 00:00:00,-13.7,1002.6,0.1,251.5,71.8
2016-04-21 03:00:00,-14.9,1003.2,1.2,244.4,76.6
2016-04-21 06:00:00,-15.3,1003.2,0.7,229.1,78.0
2016-04-21 09:00:00,-14.9,1003.4,0.0,131.4,79.2
2016-04-21 12:00:00,-14.0,1003.7,1.0,240.2,81.7
2016-04-21 15:00:00,-13.4,1003.7,0.1,280.4,80.9
2016-04-21 18:00:00,-12.1,1004.2,0.1,193.3,75.4
2016-04-21 21:00:00,-14.5,1004.3,0.2,250.8,82.0
2016-04-22 00:00:00,-15.7,1004.6,0.6,340.4,77.5
2016-04-22 03:00:00,-14.5,1004.6,0.9,283.7,72.3
2016-04-22 06:00:00,-13.7,1004.8,0.9,213.8,67.5
2016-04-22 09:00:00,-14.4,1005.4,0.4,203.4,77.0
2016-04-22 12:00:00,-12.6,1005.5,0.7,206.6,67.8
2016-04-22 15:00:00,-12.8,1005.3,1.5,25.9,70.3
2016-04-22 18:00:00,-13.4,1004.9,0.0,168.9,78.6
2016-04-22 21:00:00,-13.1,1004.5,3.5,152.0,74.5
2016-04-23 00:00:00,-13.5,1004.1,1.5,165.3,79.0
2016-04-23 03:00:00,-13.9,1003.1,0.6,324.5,82.0
2016-04-23 06:00:00,-14.0,1002.1,0.0,184.5,82.9
2016-04-23 09:00:00,-14.7,1000.8,1.3,246.7,86.4
2016-04-23 12:00:00,-14.7,999.6,0.5,235.4,83.7
2016-04-23 15:00:00,-14.3,997.7,1.7,230.6,74.1
2016-04-23 18:00:00,-14.8,996.7,1.0,214.5,79.4
2016-04-23 21:00:00,-15.0,995.7,1.3,249.6,81.5
2016-04-24 00:00:00,-14.8,995.4,0.2,231.6,80.9
2016-04-24 03:00:00,-15.2,994.7,,,76.8
2016-04-24 06:00:00,-17.0,995.1,1.1,57.8,82.1
2016-04-24 09:00:00,-17.6,996.3,0.3,217.0,83.9
2016-04-24 12:00:00,-21.0,996.9,0.4,279.1,81.5
2016-04-24 15:00:00,-22.2,997.8,0.2,188.0,82.2
2016-04-24 18:00:00,-18.1,998.6,2.3,240.8,79.2
2016-04-24 21:00:00,-18.0,999.6,0.1,205.6,77.5
2016-04-25 00:00:00,-17.2,1000.6,2.1,240.8,73.9
2016-04-25 03:00:00,-16.8,1001.4,0.6,236.3,73.9
2016-04-25 06:00:00,-16.3,1001.9,1.8,232.7,73.1
2016-04-25 09:00:00,-16.8,1002.2,1.1,228.9,75.2
2016-04-25 12:00:00,-17.4,1001.9,0.4,189.9,80.0
2016-04-25 15:00:00,-19.4,1001.1,0.9,232.7,79.9
2016-04-25 18:00:00,,999.7,0.9,253.0,79.8
2016-04-25 21:00:00,-24.3,997.6,1.4,249.0,79.2
2016-04-26 00:00:00,-23.1,995.6,0.5,251.6,77.9
2016-04-26 03:00:00,,993.0,1.3,228.8,86.8
2016-04-26 06:00:00,-21.0,991.0,1.9,239.8,83.1
2016-04-26 09:00:00,-22.6,989.3,0.0,221.8,81.3
2016-04-26 12:00:00,-24.1,988.1,0.8,227.8,82.1
2016-04-26 15:00:00,-25.1,987.0,2.0,248.3,78.2
2016-04-26 18:00:00,-25.9,986.9,1.9,246.2,77.4
2016-04-26 21:00:00,-23.6,987.6,0.0,237.1,80.2
2016-04-27 00:00:00,-22.0,988.2,1.8,236.7,81.0
2016-04-27 03:00:00,-23.4,988.6,2.3,219.6,80.0
2016-04-27 06:00:00,-19.9,989.4,3.3,210.4,65.8
2016-04-27 09:00:00,,990.3,5.6,242.0,63.2
2016-04-27 12:00:00,-18.0,991.6,,37.3,60.6
2016-04-27 15:00:00,-18.4,992.0,,155.9,62.0
2016-04-27 18:00:00,-19.0,992.3,0.8,157.0,56.2
2016-04-27 21:00:00,-20.6,992.1,0.9,232.0,65.9
2016-04-28 00:00:00,-20.6,991.7,,,68.0
2016-04-28 03:00:00,-21.9,991.0,0.3,109.6,69.8
2016-04-28 06:00:00,-22.8,990.6,0.1,233.4,73.0
2016-04-28 09:00:00,-22.1,989.9,1.2,222.6,72.0
2016-04-28 12:00:00,-23.6,989.5,0.4,237.0,68.6
2016-04-28 15:00:00,-24.0,989.2,0.4,233.9,72.7
2016-04-28 18:00:00,-20.9,989.4,0.3,227.2,76.0
2016-04-28 21:00:00,-22.2,990.5,0.6,234.7,71.3
2016-04-29 00:00:00,-22.1,991.1,0.5,223.9,72.1
2016-04-29 03:00:00,-23.0,992.1,2.7,242.9,72.3
2016-04-29 06:00:00,-22.5,993.6,2.3,225.4,65.1
2016-04-29 09:00:00,-22.3,995.0,3.4,233.7,67.0
2016-04-29 12:00:00,-22.7,996.1,4.8,251.6,64.6
2016-04-29 15:00:00,-23.2,997.6,0.3,182.5,59.7
2016-04-29 18:00:00,-24.1,999.1,0.8,196.9,64.1
2016-04-29 21:00:00,-25.1,1001.1,0.4,163.8,64.2
2016-04-30 00:00:00,-24.6,1002.6,2.4,152.7,65.6
2016-04-30 03:00:00,-27.5,1002.9,0.7,244.3,71.2
2016-04-30 06:00:00,-27.7,1003.0,0.8,226.3,69.8
2016-04-30 09:00:00,-26.6,1002.8,1.3,253.4,65.7
2016-04-30 12:00:00,-24.9,1002.4,3.3,252.9,75.1
2016-04-30 15:00:00,-24.3,1002.9,2.2,248.1,75.4
2016-04-30 18:00:00,-23.2,1004.2,0.7,220.8,74.1
2016-04-30 21:00:00,-23.1,1005.1,0.5,218.9,75.3
2016-05-01 00:00:00,-22.5,1005.4,1.0,276.7,62.6
2016-05-01 03:00:00,-22.6,1006.1,1.3,265.0,64.5
2016-05-01 06:00:00,-22.5,1006.2,0.1,215.4,59.6
2016-05-01 09:00:00,-23.4,1006.4,0.4,22.6,58.9
2016-05-01 12:00:00,-23.7,1006.3,4.1,240.2,62.6
2016-05-01 15:00:00,-24.5,1006.2,,241.2,56.9
2016-05-01 18:00:00,-24.3,1006.0,3.0,225.1,58.9
2016-05-01 21:00:00,-25.1,1005.5,1.2,154.0,62.7
2016-05-02 00:00:00,-25.6,1005.9,0.8,245.6,68.0
2016-05-02 03:00:00,-26.3,1005.5,0.2,147.0,66.5
2016-05-02 06:00:00,-25.5,1006.2,1.3,243.0,71.0
2016-05-02 09:00:00,-25.0,1006.4,0.0,230.7,69.2
2016-05-02 12:00:00,-27.1,1007.0,,,72.2
2016-05-02 15:00:00,-28.5,1007.2,2.4,225.3,71.2
2016-05-02 18:00:00,-27.2,1006.7,0.2,205.5,70.8
2016-05-02 21:00:00,-28.1,1005.6,2.9,225.8,70.2
2016-05-03 00:00:00,-25.4,1004.5,0.8,57.3,67.6
2016-05-03 03:00:00,-28.3,1004.7,0.2,10.0,73.9
2016-05-03 06:00:00,-27.3,1004.5,0.1,93.3,72.8
2016-05-03 09:00:00,-28.4,1003.1,1.2,242.7,74.0
2016-05-03 12:00:00,-28.2,1001.4,0.9,236.4,73.2
2016-05-03 15:00:00,-28.3,1002.2,3.5,255.2,73.2
2016-05-03 18:00:00,-27.6,1005.0,1.4,214.5,73.6
2016-05-03 21:00:00,-27.5,1006.1,1.0,244.0,73.0
2016-05-04 00:00:00,-27.7,1006.0,2.6,229.0,72.8
2016-05-04 03:00:00,-25.9,1005.4,0.2,232.2,69.7
2016-05-04 06:00:00,-26.0,1004.7,0.2,101.0,74.5
2016-05-04 09:00:00,-25.8,1004.1,2.4,246.6,73.6
2016-05-04 12:00:00,-26.5,1002.7,2.6,233.5,73.2
2016-05-04 15:00:00,-25.5,999.0,1.6,236.0,68.8
2016-05-04 18:00:00,-25.2,994.7,2.4,234.4,64.4
2016-05-04 21:00:00,-21.0,991.6,0.6,228.1,45.9
2016-05-05 00:00:00,-25.5,987.6,0.0,263.2,59.3
2016-05-05 03:00:00,-24.2,984.3,0.2,161.6,48.9
2016-05-05 06:00:00,-22.6,982.4,0.7,209.6,56.2
2016-05-05 09:00:00,-23.6,982.2,0.8,225.5,66.7
2016-05-05 12:00:00,-19.2,981.4,2.0,171.9,44.2
2016-05-05 15:00:00,-23.6,978.8,2.7,238.4,54.8
2016-05-05 18:00:00,,975.6,0.5,265.7,65.9
2016-05-05 21:00:00,-25.4,973.2,1.1,229.7,60.1
2016-05-06 00:00:00,-27.9,971.5,0.3,210.3,72.0
2016-05-06 03:00:00,-26.9,969.9,2.6,242.1,66.4
2016-05-06 06:00:00,-25.8,970.6,0.1,55.2,64.5
2016-05-06 09:00:00,-25.8,975.0,0.2,309.6,70.0
2016-05-06 12:00:00,-25.0,979.9,0.2,191.0,69.5
2016-05-06 15:00:00,-24.4,984.3,0.3,147.3,70.3
2016-05-06 18:00:00,,988.4,0.9,55.7,53.6
2016-05-06 21:00:00,,991.8,2.9,119.8,57.9
2016-05-07 00:00:00,-21.2,993.6,4.8,49.2,63.6
2016-05-07 03:00:00,-22.0,995.3,3.4,80.1,61.0
2016-05-07 06:00:00,-22.3,996.4,4.6,122.3,59.0
2016-05-07 09:00:00,-23.4,996.4,1.7,166.9,59.7
2016-05-07 12:00:00,-24.8,994.5,1.1,218.2,68.8
2016-05-07 15:00:00,-25.3,991.1,1.5,256.2,70.2
2016-05-07 18:00:00,-26.5,987.7,1.6,240.2,71.4
2016-05-07 21:00:00,-28.0,983.7,0.4,249.5,69.8
2016-05-08 00:00:00,-28.2,980.5,1.7,224.1,69.6
2016-05-08 03:00:00,-27.9,978.6,,,70.7
2016-05-08 06:00:00,-29.0,977.8,1.0,228.6,74.3
2016-05-08 09:00:00,-28.1,978.1,0.5,284.3,73.4
2016-05-08 12:00:00,-26.4,978.7,1.3,278.6,69.2
2016-05-08 15:00:00,-27.6,979.7,1.6,241.6,72.9
2016-05-08 18:00:00,-26.5,981.2,0.1,240.5,77.4
2016-05-08 21:00:00,-24.5,984.4,1.3,238.2,77.9
2016-05-09 00:00:00,-21.8,987.2,0.0,317.7,80.5
2016-05-09 03:00:00,,990.5,1.5,51.4,83.9
2016-05-09 06:00:00,,994.2,1.5,70.4,85.6
2016-05-09 09:00:00,-16.7,997.6,2.3,62.0,82.2
2016-05-09 12:00:00,-17.1,1001.0,2.3,38.3,81.9
2016-05-09 15:00:00,-17.9,1003.6,0.7,83.6,83.0
2016-05-09 18:00:00,-19.0,1004.8,,,75.8
2016-05-09 21:00:00,-21.1,1005.7,0.0,229.6,73.9
2016-05-10 00:00:00,,1005.1,1.2,255.4,75.0
2016-05-10 03:00:00,,1004.1,2.4,255.4,80.1
2016-05-10 06:00:00,-21.8,1002.7,3.3,232.5,70.9
2016-05-10 09:00:00,,1000.0,2.4,81.9,76.1
2016-05-10 12:00:00,,997.4,1.9,246.9,84.2
2016-05-10 15:00:00,,996.1,0.6,7.4,73.6
2016-05-10 18:00:00,,997.4,2.9,191.4,79.4
2016-05-10 21:00:00,,998.6,1.5,233.4,79.4
2016-05-11 00:00:00,-22.6,999.2,0.7,194.1,80.4
2016-05-11 03:00:00,-23.9,999.1,0.1,284.9,80.1
2016-05-11 06:00:00,-24.7,998.2,0.1,260.5,76.2
2016-05-11 09:00:00,-27.9,997.4,0.9,233.7,79.1
2016-05-11 12:00:00,-25.5,996.5,0.4,225.7,77.4
2016-05-11 15:00:00,-26.5,995.6,1.7,238.7,81.8
2016-05-11 18:00:00,-28.3,994.9,1.0,255.7,73.9
2016-05-11 21:00:00,-27.0,994.8,,,76.5
2016-05-12 00:00:00,-24.3,994.6,,,80.3
2016-05-12 03:00:00,-22.8,994.6,0.0,231.8,80.8
2016-05-12 06:00:00,-23.0,995.1,0.2,258.9,80.2
2016-05-12 09:00:00,-22.3,995.5,,,81.1
2016-05-12 12:00:00,-23.0,996.2,,,80.6
2016-05-12 15:00:00,-21.8,996.9,,,81.6
2016-05-12 18:00:00,-21.5,997.1,,,81.9
2016-05-12 21:00:00,-20.6,997.9,,,82.8
2016-05-13 00:00:00,-22.0,998.7,,,81.7
2016-05-13 03:00:00,-20.4,998.6,,,83.1
2016-05-13 06:00:00,-20.0,999.3,,,83.5
2016-05-13 09:00:00,-20.0,999.2,,,83.3
2016-05-13 12:00:00,-20.7,999.1,,,82.9
2016-05-13 15:00:00,-20.4,998.3,,,82.9
2016-05-13 18:00:00,-20.3,997.7,,,83.2
2016-05-13 21:00:00,-19.3,996.7,,,84.4
2016-05-14 00:00:00,-19.1,995.5,,,84.5
2016-05-14 03:00:00,-19.6,994.6,,,84.4
2016-05-14 06:00:00,-21.0,993.5,,,83.0
2016-05-14 09:00:00,-22.1,992.4,,,83.0
2016-05-14 12:00:00,-22.7,990.8,,,80.4
2016-05-14 15:00:00,-24.6,989.3,,,79.7
2016-05-14 18:00:00,-23.7,987.8,,,80.3
2016-05-14 21:00:00,-20.0,987.0,,,84.3
2016-05-15 00:00:00,-20.5,986.3,,,83.6
2016-05-15 03:00:00,-22.0,986.2,,,81.6
2016-05-15 06:00:00,-21.0,986.3,,,83.8
2016-05-15 09:00:00,-19.7,986.7,,,84.3
2016-05-15 12:00:00,-18.0,988.0,,,85.4
2016-05-15 15:00:00,-17.4,989.0,,,85.9
2016-05-15 18:00:00,-15.9,989.8,0.3,75.8,87.1
2016-05-15 21:00:00,-15.6,991.2,2.3,55.9,86.8
2016-05-16 00:00:00,-15.0,991.5,4.4,107.7,82.7
2016-05-16 03:00:00,-14.8,993.0,5.1,233.6,72.1
2016-05-16 06:00:00,-16.6,994.5,1.7,233.3,71.6
2016-05-16 09:00:00,-16.7,995.2,4.9,243.0,67.9
2016-05-16 12:00:00,-17.8,996.8,2.0,128.7,71.6
2016-05-16 15:00:00,-19.1,997.4,1.0,244.0,65.4
2016-05-16 18:00:00,-19.6,997.7,1.0,230.2,62.0
2016-05-16 21:00:00,-20.3,998.9,0.6,194.6,62.6
2016-05-17 00:00:00,-21.2,999.7,0.3,100.8,62.3
2016-05-17 03:00:00,-21.7,1000.6,1.0,104.3,66.2
2016-05-17 06:00:00,-23.6,1001.6,0.0,33.7,65.1
2016-05-17 09:00:00,-23.0,1002.6,1.0,173.5,64.2
2016-05-17 12:00:00,-21.9,1002.8,1.7,124.9,66.7
2016-05-17 15:00:00,-22.2,1002.7,4.0,146.6,68.1
2016-05-17 18:00:00,-22.5,1002.1,1.7,123.3,70.7
2016-05-17 21:00:00,-22.9,1001.8,1.8,144.1,67.8
2016-05-18 00:00:00,-23.8,1001.4,4.6,154.3,68.8
2016-05-18 03:00:00,-23.6,1000.5,6.3,145.8,66.4
2016-05-18 06:00:00,-24.4,1000.3,4.2,146.1,66.4
2016-05-18 09:00:00,-25.2,1000.6,,353.2,72.2
2016-05-18 12:00:00,-25.8,999.8,,,74.1
2016-05-18 15:00:00,-30.1,998.9,0.0,261.8,70.7
2016-05-18 18:00:00,-30.5,997.9,0.5,235.9,67.7
2016-05-18 21:00:00,-30.7,997.2,0.3,227.0,63.9
2016-05-19 00:00:00,-33.3,996.8,,,71.4
2016-05-19 03:00:00,-33.0,996.7,0.5,59.3,68.5
2016-05-19 06:00:00,-34.4,996.9,1.2,208.6,72.8
2016-05-19 09:00:00,-32.9,996.6,,,69.5
2016-05-19 12:00:00,-33.2,995.1,0.5,212.0,70.5
2016-05-19 15:00:00,-32.8,992.6,0.5,171.1,67.9
2016-05-19 18:00:00,-32.6,989.5,1.3,238.8,66.2
2016-05-19 21:00:00,-30.9,984.9,3.5,247.9,63.7
2016-05-20 00:00:00,-28.5,978.6,1.8,244.6,62.5
2016-05-20 03:00:00,,974.7,6.1,178.7,61.5
2016-05-20 06:00:00,-24.0,983.9,1.7,225.6,71.4
2016-05-20 09:00:00,,983.8,,240.6,73.0
2016-05-20 12:00:00,-28.1,981.9,4.6,237.1,73.2
2016-05-20 15:00:00,-25.8,981.0,4.1,226.1,67.6
2016-05-20 18:00:00,-27.6,980.9,0.8,57.0,72.0
2016-05-20 21:00:00,-28.4,981.7,0.5,195.5,68.0
2016-05-21 00:00:00,,985.3,1.9,193.0,65.5
2016-05-21 03:00:00,,987.8,0.8,249.0,77.7
2016-05-21 06:00:00,-23.7,988.2,2.8,70.7,72.9
2016-05-21 09:00:00,-25.8,988.9,0.1,133.4,80.0
2016-05-21 12:00:00,-22.4,989.6,0.0,190.4,81.1
2016-05-21 15:00:00,-23.5,988.7,1.0,214.9,78.1
2016-05-21 18:00:00,,987.4,1.4,255.5,70.8
2016-05-21 21:00:00,-28.3,987.6,2.1,230.4,78.9
2016-05-22 00:00:00,-29.3,987.8,2.2,250.7,72.6
2016-05-22 03:00:00,-29.0,989.6,0.1,218.3,75.3
2016-05-22 06:00:00,-27.8,987.5,2.5,229.2,76.3
2016-05-22 09:00:00,-27.3,985.0,2.1,228.0,74.7
2016-05-22 12:00:00,-25.8,984.0,2.2,246.3,76.8
2016-05-22 15:00:00,-25.1,987.6,,,74.1
2016-05-22 18:00:00,-26.0,989.7,2.4,240.3,74.8
2016-05-22 21:00:00,-27.7,990.6,3.0,251.0,73.8
2016-05-23 00:00:00,-23.9,989.2,2.8,228.1,69.6
2016-05-23 03:00:00,-25.6,989.1,0.4,213.7,67.9
2016-05-23 06:00:00,-26.9,989.6,1.5,46.5,77.5
2016-05-23 09:00:00,-24.0,990.0,3.4,238.0,85.2
2016-05-23 12:00:00,,992.1,1.0,217.5,83.1
2016-05-23 15:00:00,-22.1,994.6,1.9,256.8,76.3
2016-05-23 18:00:00,-18.1,993.5,3.0,237.0,69.8
2016-05-23 21:00:00,-20.9,992.7,1.3,246.9,74.2
2016-05-24 00:00:00,,990.2,3.0,231.0,57.4
2016-05-24 03:00:00,-16.9,987.4,1.5,252.2,64.9
2016-05-24 06:00:00,-19.2,981.7,1.5,244.1,72.1
2016-05-24 09:00:00,-16.7,975.4,0.1,230.7,72.5
2016-05-24 12:00:00,-15.8,973.1,1.3,74.8,77.5
2016-05-24 15:00:00,,975.6,4.8,68.6,64.8
2016-05-24 18:00:00,,980.4,,141.6,83.6
2016-05-24 21:00:00,,984.6,,159.9,76.6
2016-05-25 00:00:00,-15.8,985.5,,171.3,76.3
2016-05-25 03:00:00,-16.7,985.6,2.5,200.5,75.2
2016-05-25 06:00:00,-19.3,984.8,1.2,245.4,80.1
2016-05-25 09:00:00,,983.9,2.1,242.7,83.7
2016-05-25 12:00:00,,984.3,5.7,141.7,63.4
2016-05-25 15:00:00,-19.3,988.1,2.2,216.1,77.5
2016-05-25 18:00:00,-18.0,987.3,,135.7,79.4
2016-05-25 21:00:00,-18.6,984.8,2.0,217.0,77.8
2016-05-26 00:00:00,-21.5,981.9,3.5,221.3,80.9
2016-05-26 03:00:00,,982.4,2.3,235.0,78.7
2016-05-26 06:00:00,-24.0,982.2,1.1,258.2,73.1
2016-05-26 09:00:00,-24.3,986.0,0.5,275.1,75.2
2016-05-26 12:00:00,,988.0,0.6,15.8,47.0
2016-05-26 15:00:00,,990.8,3.7,93.0,47.9
2016-05-26 18:00:00,,990.8,0.9,314.6,56.7
2016-05-26 21:00:00,,990.1,2.4,228.9,68.0
2016-05-27 00:00:00,-18.1,985.7,0.4,168.1,57.3
2016-05-27 03:00:00,-22.8,983.9,0.1,231.4,69.2
2016-05-27 06:00:00,-18.0,985.8,2.4,204.5,69.3
2016-05-27 09:00:00,-21.1,986.7,0.1,196.7,77.5
2016-05-27 12:00:00,-22.4,984.3,2.0,229.0,74.6
2016-05-27 15:00:00,-24.4,980.3,2.8,220.2,73.6
2016-05-27 18:00:00,-24.8,976.8,,,72.9
2016-05-27 21:00:00,-24.8,975.2,0.0,199.1,68.8
2016-05-28 00:00:00,-24.7,974.7,1.5,204.3,73.4
2016-05-28 03:00:00,-21.2,975.0,0.6,231.2,81.3
2016-05-28 06:00:00,-22.2,975.2,0.0,258.2,83.2
2016-05-28 09:00:00,-20.5,976.1,0.4,73.5,81.0
2016-05-28 12:00:00,-23.6,975.9,0.0,191.3,85.4
2016-05-28 15:00:00,-24.2,975.6,0.8,288.6,78.1
2016-05-28 18:00:00,-21.6,974.8,0.6,229.6,67.9
2016-05-28 21:00:00,,974.6,0.0,239.9,73.0
2016-05-29 00:00:00,-23.3,975.0,0.4,156.5,75.8
2016-05-29 03:00:00,-25.7,974.3,1.5,246.4,74.9
2016-05-29 06:00:00,-28.0,974.7,0.0,196.1,76.7
2016-05-29 09:00:00,-23.3,976.0,0.2,277.6,81.1
2016-05-29 12:00:00,,978.6,2.8,251.4,80.1
2016-05-29 15:00:00,-23.0,981.6,0.0,175.9,79.9
2016-05-29 18:00:00,-22.8,984.0,1.3,29.9,76.5
2016-05-29 21:00:00,-20.3,986.7,1.2,116.7,63.4
2016-05-30 00:00:00,-20.4,988.6,1.5,221.9,61.4
2016-05-30 03:00:00,-20.7,990.0,0.9,260.8,63.8
2016-05-30 06:00:00,-22.5,990.6,0.0,159.4,62.7
2016-05-30 09:00:00,,990.4,0.1,129.6,71.8
2016-05-30 12:00:00,-24.8,990.5,0.8,15.0,77.2
2016-05-30 15:00:00,-23.8,990.4,0.0,265.6,74.9
2016-05-30 18:00:00,-25.4,989.7,0.2,182.7,71.3
2016-05-30 21:00:00,-26.6,989.3,0.8,58.6,73.4
2016-05-31 00:00:00,-25.6,986.9,1.1,209.8,60.5
2016-05-31 03:00:00,-26.3,984.8,2.5,219.7,55.7
2016-05-31 06:00:00,-29.5,981.3,0.8,233.6,55.5
2016-05-31 09:00:00,-25.6,977.9,0.7,326.8,62.0
2016-05-31 12:00:00,-24.7,974.0,2.6,55.6,58.4
2016-05-31 15:00:00,-29.6,970.7,1.6,218.0,62.8
2016-05-31 18:00:00,,970.7,0.3,10.0,65.7
2016-05-31 21:00:00,-31.8,973.4,0.9,246.8,66.1
2016-06-01 00:00:00,,975.3,0.1,87.1,60.5
2016-06-01 03:00:00,-30.1,976.4,1.6,215.7,68.3
2016-06-01 06:00:00,-29.7,977.7,1.5,226.6,59.0
2016-06-01 09:00:00,-29.1,979.0,1.9,244.3,55.7
2016-06-01 12:00:00,-29.1,979.1,1.9,220.1,55.9
2016-06-01 15:00:00,-27.7,979.1,0.9,243.7,43.4
2016-06-01 18:00:00,,978.2,,205.6,43.5
2016-06-01 21:00:00,-22.8,978.3,4.3,163.4,34.0
2016-06-02 00:00:00,,977.9,,273.9,40.8
2016-06-02 03:00:00,-27.2,978.2,0.5,297.4,47.7
2016-06-02 06:00:00,-26.5,979.4,,,51.6
2016-06-02 09:00:00,-23.8,980.7,2.6,65.0,63.4
2016-06-02 12:00:00,-23.0,980.7,3.4,243.9,58.0
2016-06-02 15:00:00,-22.2,980.9,0.9,254.4,52.3
2016-06-02 18:00:00,-23.7,981.2,2.3,257.9,56.0
2016-06-02 21:00:00,-26.9,980.5,2.0,37.9,59.4
2016-06-03 00:00:00,-28.4,978.8,0.3,217.1,60.7
2016-06-03 03:00:00,-28.9,975.9,3.4,221.1,60.1
2016-06-03 06:00:00,-28.6,972.5,2.3,248.5,58.0
2016-06-03 09:00:00,-33.0,969.9,2.2,50.5,65.5
2016-06-03 12:00:00,-32.6,967.9,0.6,51.1,62.0
2016-06-03 15:00:00,-35.7,967.0,0.4,230.7,68.5
2016-06-03 18:00:00,-34.4,967.5,,,66.3
2016-06-03 21:00:00,-31.9,970.1,0.3,153.6,69.5
2016-06-04 00:00:00,-31.6,972.4,0.2,277.9,71.8
2016-06-04 03:00:00,-34.5,973.1,0.6,318.5,70.6
2016-06-04 06:00:00,-32.9,973.2,0.2,259.0,64.9
2016-06-04 09:00:00,-35.2,972.1,1.6,235.3,67.7
2016-06-04 12:00:00,-35.8,970.8,1.1,251.3,64.1
2016-06-04 15:00:00,-32.8,969.0,2.8,244.1,57.9
2016-06-04 18:00:00,-32.9,968.0,2.0,219.9,57.2
2016-06-04 21:00:00,-34.2,968.5,0.5,270.6,58.8
2016-06-05 00:00:00,-33.4,969.8,,,62.9
2016-06-05 03:00:00,-33.3,971.4,1.9,215.1,64.5
2016-06-05 06:00:00,-31.4,973.1,2.3,226.2,63.5
2016-06-05 09:00:00,-33.4,975.7,1.8,261.9,59.8
2016-06-05 12:00:00,-33.4,978.7,1.1,247.9,60.7
2016-06-05 15:00:00,-31.9,982.8,1.0,228.4,56.6
2016-06-05 18:00:00,-31.5,987.5,1.4,250.9,54.4
2016-06-05 21:00:00,-32.8,991.0,1.7,237.4,59.5
2016-06-06 00:00:00,-32.3,993.2,1.1,234.5,59.6
2016-06-06 03:00:00,-32.1,993.0,1.4,234.4,65.5
2016-06-06 06:00:00,,989.3,1.9,240.3,61.7
2016-06-06 09:00:00,,987.7,0.2,218.6,73.0
2016-06-06 12:00:00,-23.0,988.3,1.0,255.1,71.3
2016-06-06 15:00:00,-22.4,988.6,4.0,135.2,63.7
2016-06-06 18:00:00,-25.1,988.7,0.3,253.1,55.9
2016-06-06 21:00:00,-26.9,989.0,0.9,241.7,53.6
2016-06-07 00:00:00,-26.9,987.4,1.0,223.4,51.3
2016-06-07 03:00:00,-29.8,985.1,0.1,234.2,61.6
2016-06-07 06:00:00,-31.6,984.5,0.1,344.5,62.1
2016-06-07 09:00:00,-29.8,983.2,0.7,235.3,62.6
2016-06-07 12:00:00,-29.5,981.9,2.6,234.7,59.8
2016-06-07 15:00:00,-32.9,981.0,1.8,248.3,65.9
2016-06-07 18:00:00,-33.0,982.5,0.9,89.7,67.8
2016-06-07 21:00:00,-33.3,984.0,0.1,265.7,64.6
2016-06-08 00:00:00,-35.1,986.1,0.3,291.0,66.2
2016-06-08 03:00:00,-32.3,985.8,1.2,234.7,63.4
2016-06-08 06:00:00,-34.0,986.0,0.4,192.9,73.5
2016-06-08 09:00:00,-35.0,984.9,,,69.3
2016-06-08 12:00:00,-32.3,984.0,0.9,255.0,70.1
2016-06-08 15:00:00,-31.4,982.8,0.5,222.1,71.2
2016-06-08 18:00:00,-30.1,982.6,0.1,252.8,71.6
2016-06-08 21:00:00,-30.0,983.1,,,73.9
2016-06-09 00:00:00,-28.5,983.9,0.6,253.4,74.3
2016-06-09 03:00:00,-26.6,984.8,0.5,225.2,76.2
2016-06-09 06:00:00,-26.5,985.0,0.1,283.5,74.1
2016-06-09 09:00:00,-27.4,984.8,1.5,251.7,75.8
2016-06-09 12:00:00,-25.7,984.7,1.8,228.8,76.0
2016-06-09 15:00:00,-27.4,984.9,0.1,101.9,76.1
2016-06-09 18:00:00,-29.9,985.2,0.5,218.6,73.6
2016-06-09 21:00:00,-32.0,985.7,0.1,264.1,66.4
2016-06-10 00:00:00,-30.2,986.4,0.7,192.5,59.8
2016-06-10 03:00:00,-31.2,986.7,0.3,316.7,65.5
2016-06-10 06:00:00,,986.2,0.8,252.9,66.0
2016-06-10 09:00:00,,,,,
2016-06-10 12:00:00,,,,,
2016-06-10 15:00:00,,,,,
2016-06-10 18:00:00,,,,,
2016-06-10 21:00:00,,,,,
2016-06-11 00:00:00,-34.0,974.4,2.1,244.8,64.8
2016-06-11 03:00:00,-31.2,974.6,2.2,242.3,57.6
2016-06-11 06:00:00,-32.5,975.9,2.1,248.2,65.0
2016-06-11 09:00:00,-31.0,977.1,,,69.7
2016-06-11 12:00:00,,978.4,2.3,225.7,66.6
2016-06-11 15:00:00,-26.8,979.7,2.2,231.8,63.9
2016-06-11 18:00:00,-25.9,980.4,2.3,245.3,61.3
2016-06-11 21:00:00,-26.2,981.4,0.3,237.3,66.2
2016-06-12 00:00:00,-25.5,981.7,0.0,352.2,67.5
2016-06-12 03:00:00,-25.7,981.9,,,75.5
2016-06-12 06:00:00,-25.6,982.4,0.7,61.2,75.1
2016-06-12 09:00:00,-25.0,982.7,3.8,231.4,70.0
2016-06-12 12:00:00,-25.1,982.5,,232.2,76.9
2016-06-12 15:00:00,-24.6,983.4,,239.3,77.3
2016-06-12 18:00:00,-25.2,984.9,,239.7,74.8
2016-06-12 21:00:00,-25.9,987.2,14.8,229.8,73.8
2016-06-13 00:00:00,-24.4,988.1,,334.2,56.5
2016-06-13 03:00:00,-24.7,989.5,,216.1,56.5
2016-06-13 06:00:00,-24.4,990.9,4.1,230.1,63.4
2016-06-13 09:00:00,-24.4,991.7,1.6,332.3,60.7
2016-06-13 12:00:00,-23.5,992.0,1.2,323.3,62.1
2016-06-13 15:00:00,-23.6,993.3,1.0,71.1,68.2
2016-06-13 18:00:00,-23.2,993.1,3.6,59.8,72.0
2016-06-13 21:00:00,-23.3,993.5,1.6,21.9,62.5
2016-06-14 00:00:00,-23.5,993.2,3.5,122.1,61.6
2016-06-14 03:00:00,-25.8,992.5,2.2,132.1,66.6
2016-06-14 06:00:00,-25.2,990.9,1.8,161.6,60.0
2016-06-14 09:00:00,-26.3,989.1,0.1,54.8,64.6
2016-06-14 12:00:00,-26.8,986.9,,,64.0
2016-06-14 15:00:00,-26.9,983.8,0.9,72.5,71.8
2016-06-14 18:00:00,-26.8,981.6,0.6,205.4,70.0
2016-06-14 21:00:00,-26.8,980.2,,,70.0
2016-06-15 00:00:00,-28.1,978.6,,,72.4
2016-06-15 03:00:00,-28.3,977.9,,,69.8
2016-06-15 06:00:00,-27.8,977.6,,,72.9
2016-06-15 09:00:00,-26.9,978.2,1.4,236.3,74.3
2016-06-15 12:00:00,-27.1,978.5,1.3,226.0,74.8
2016-06-15 15:00:00,-26.1,979.2,1.0,71.5,73.4
2016-06-15 18:00:00,-25.7,980.7,2.1,64.8,67.7
2016-06-15 21:00:00,-25.2,982.8,1.0,68.7,65.5
2016-06-16 00:00:00,-26.3,984.8,1.5,54.3,71.5
2016-06-16 03:00:00,-26.4,985.9,0.8,289.2,61.7
2016-06-16 06:00:00,-26.6,988.3,2.5,241.0,58.7
2016-06-16 09:00:00,-28.0,989.4,2.9,74.3,65.6
2016-06-16 12:00:00,-29.8,991.2,0.2,13.0,69.0
2016-06-16 15:00:00,-27.6,992.7,1.8,67.2,56.8
2016-06-16 18:00:00,-28.9,994.2,1.1,61.8,59.5
2016-06-16 21:00:00,-30.7,995.2,2.4,44.4,62.7
2016-06-17 00:00:00,-31.9,997.0,0.3,275.4,62.4
2016-06-17 03:00:00,-30.4,998.6,0.5,146.4,60.4
2016-06-17 06:00:00,-29.6,999.1,1.7,164.6,55.6
2016-06-17 09:00:00,-30.4,998.8,2.9,236.0,56.5
2016-06-17 12:00:00,-31.9,998.9,0.2,227.8,56.8
2016-06-17 15:00:00,-34.0,997.7,1.8,227.5,66.3
2016-06-17 18:00:00,-34.9,997.0,1.5,251.4,64.2
2016-06-17 21:00:00,-35.2,995.6,0.2,342.0,62.7
2016-06-18 00:00:00,-32.8,993.0,2.6,237.6,56.1
2016-06-18 03:00:00,,990.3,2.2,236.5,50.4
2016-06-18 06:00:00,-32.6,988.0,0.4,157.1,58.9
2016-06-18 09:00:00,,986.6,0.8,241.6,64.3
2016-06-18 12:00:00,-36.7,985.7,0.4,72.0,66.3
2016-06-18 15:00:00,-35.9,983.9,1.6,238.8,67.1
2016-06-18 18:00:00,-32.5,982.0,2.2,252.3,64.6
2016-06-18 21:00:00,-34.7,980.8,1.2,240.8,64.6
2016-06-19 00:00:00,-36.1,979.5,0.8,244.7,66.7
2016-06-19 03:00:00,-34.6,978.1,1.8,235.5,68.0
2016-06-19 06:00:00,-35.4,977.5,0.2,259.1,65.9
2016-06-19 09:00:00,-30.8,977.9,2.3,247.0,71.9
2016-06-19 12:00:00,-33.3,979.5,1.2,247.5,67.5
2016-06-19 15:00:00,-31.3,980.1,0.4,205.5,72.8
2016-06-19 18:00:00,-34.1,980.7,0.3,224.6,68.0
2016-06-19 21:00:00,-34.4,980.6,0.8,214.9,66.0
2016-06-20 00:00:00,-35.2,981.2,2.9,244.4,64.3
2016-06-20 03:00:00,-33.6,981.4,0.3,188.8,69.9
2016-06-20 06:00:00,,980.6,,208.2,57.8
2016-06-20 09:00:00,,982.0,,196.9,47.4
2016-06-20 12:00:00,-22.6,981.8,,45.5,50.1
2016-06-20 15:00:00,-23.7,982.4,3.3,95.0,44.8
2016-06-20 18:00:00,-22.4,982.1,1.3,168.4,45.7
2016-06-20 21:00:00,-22.0,982.1,1.5,194.5,36.4
2016-06-21 00:00:00,-22.6,983.5,0.5,117.8,37.9
2016-06-21 03:00:00,-21.4,985.0,1.1,73.3,41.6
2016-06-21 06:00:00,-17.9,986.8,1.7,332.7,52.7
2016-06-21 09:00:00,-19.6,989.2,2.0,66.2,45.5
2016-06-21 12:00:00,-21.5,991.4,1.6,80.4,46.1
2016-06-21 15:00:00,-20.4,994.1,1.3,64.6,40.3
2016-06-21 18:00:00,-20.3,997.8,3.5,53.0,41.1
2016-06-21 21:00:00,-18.4,1000.8,0.9,152.6,40.2
2016-06-22 00:00:00,,1004.5,0.0,76.2,49.9
2016-06-22 03:00:00,,1006.6,0.6,312.7,63.2
2016-06-22 06:00:00,-26.5,1008.1,0.4,231.3,58.7
2016-06-22 09:00:00,-28.7,1008.1,2.3,234.2,69.7
2016-06-22 12:00:00,-27.5,1008.6,0.7,216.6,65.4
2016-06-22 15:00:00,-28.1,1008.3,1.1,243.4,68.0
2016-06-22 18:00:00,-28.2,1007.2,1.0,243.0,74.2
2016-06-22 21:00:00,-26.5,1006.3,1.0,222.0,78.7
2016-06-23 00:00:00,-24.3,1006.7,0.2,82.0,72.7
2016-06-23 03:00:00,-23.3,1007.6,1.3,257.8,77.9
2016-06-23 06:00:00,-23.9,1007.8,0.1,318.1,77.7
2016-06-23 09:00:00,-22.2,1006.3,0.3,220.0,76.5
2016-06-23 12:00:00,-21.1,1004.8,1.3,226.0,78.2
2016-06-23 15:00:00,-20.4,1001.4,,,75.7
2016-06-23 18:00:00,-20.5,998.6,0.2,204.8,78.1
2016-06-23 21:00:00,-18.3,996.6,,,71.6
2016-06-24 00:00:00,-19.0,994.2,0.7,253.1,72.0
2016-06-24 03:00:00,-19.0,992.4,1.1,240.2,76.2
2016-06-24 06:00:00,-17.8,990.7,,,76.7
2016-06-24 09:00:00,-17.3,988.8,0.1,143.7,79.0
2016-06-24 12:00:00,-14.5,988.0,,229.3,82.7
2016-06-24 15:00:00,-14.5,990.3,,280.5,70.6
2016-06-24 18:00:00,-16.0,992.0,,105.7,78.0
2016-06-24 21:00:00,-19.2,992.7,,23.6,81.1
2016-06-25 00:00:00,-18.4,991.2,0.1,330.9,83.3
2016-06-25 03:00:00,-17.0,988.3,1.4,213.9,84.9
2016-06-25 06:00:00,-17.4,986.1,2.0,345.9,82.1
2016-06-25 09:00:00,-18.2,983.9,0.5,167.0,84.0
2016-06-25 12:00:00,-18.4,983.0,2.4,219.7,87.9
2016-06-25 15:00:00,-17.3,981.5,5.1,241.2,80.3
2016-06-25 18:00:00,-17.9,980.2,2.1,226.9,80.0
2016-06-25 21:00:00,-17.5,979.8,0.8,230.3,80.2
2016-06-26 00:00:00,-17.8,978.3,1.1,254.0,82.6
2016-06-26 03:00:00,-19.9,976.2,,147.4,74.9
2016-06-26 06:00:00,-19.7,972.7,,155.3,75.8
2016-06-26 09:00:00,-20.8,969.8,6.8,144.3,71.2
2016-06-26 12:00:00,-20.8,968.3,,334.5,74.5
2016-06-26 15:00:00,-22.2,969.0,,154.7,52.9
2016-06-26 18:00:00,-24.1,969.4,2.1,245.9,66.3
2016-06-26 21:00:00,-26.4,970.1,,198.0,71.3
2016-06-27 00:00:00,-28.8,971.0,0.3,310.6,71.3
2016-06-27 03:00:00,-29.1,971.4,1.7,246.9,73.7
2016-06-27 06:00:00,-28.4,972.3,1.1,235.5,75.5
2016-06-27 09:00:00,-29.9,973.5,0.8,231.6,73.0
2016-06-27 12:00:00,-31.0,973.9,1.2,234.3,70.7
2016-06-27 15:00:00,-31.3,974.0,,,71.8
2016-06-27 18:00:00,-28.9,974.9,0.3,233.3,68.9
2016-06-27 21:00:00,-28.3,977.0,0.2,226.2,72.2
2016-06-28 00:00:00,-27.5,979.2,1.4,217.2,71.1
2016-06-28 03:00:00,-28.5,980.7,1.8,212.5,70.0
2016-06-28 06:00:00,-30.8,981.9,1.2,240.1,71.2
2016-06-28 09:00:00,-29.6,982.5,0.8,214.3,65.4
2016-06-28 12:00:00,-27.7,983.1,,,68.5
2016-06-28 15:00:00,-28.7,983.0,1.7,242.9,70.3
2016-06-28 18:00:00,-28.0,982.3,0.4,292.6,68.1
2016-06-28 21:00:00,-25.7,982.6,0.3,136.6,62.6
2016-06-29 00:00:00,-25.5,982.2,1.8,93.9,62.4
2016-06-29 03:00:00,-22.5,981.5,1.6,103.8,48.2
2016-06-29 06:00:00,-22.8,982.4,0.4,188.0,51.7
2016-06-29 09:00:00,-26.9,982.8,0.5,276.2,63.9
2016-06-29 12:00:00,,983.3,,,67.2
2016-06-29 15:00:00,-24.0,984.3,0.9,195.4,60.9
2016-06-29 18:00:00,,984.2,1.3,247.4,63.1
2016-06-29 21:00:00,-27.5,984.0,1.0,230.8,54.0
2016-06-30 00:00:00,-31.9,984.0,,,66.9
2016-06-30 03:00:00,-30.6,984.8,2.1,226.6,69.3
2016-06-30 06:00:00,-29.6,987.5,1.0,97.3,74.5
2016-06-30 09:00:00,-30.8,989.9,2.0,223.8,73.2
2016-06-30 12:00:00,-32.8,990.2,0.9,243.6,70.6
2016-06-30 15:00:00,-30.2,988.8,1.4,208.6,71.8
2016-06-30 18:00:00,,985.1,1.9,233.4,72.8
2016-06-30 21:00:00,-27.8,979.9,0.1,244.3,73.5
2016-07-01 00:00:00,-26.4,976.4,1.2,317.9,74.7
2016-07-01 03:00:00,-24.1,975.8,2.7,45.5,76.4
2016-07-01 06:00:00,-24.2,979.7,4.8,64.5,75.8
2016-07-01 09:00:00,-23.1,984.9,5.1,237.7,65.3
2016-07-01 12:00:00,-24.6,989.2,4.3,236.5,59.4
2016-07-01 15:00:00,-25.0,991.5,,137.5,58.9
2016-07-01 18:00:00,-24.3,992.1,0.6,234.5,60.6
2016-07-01 21:00:00,-24.5,991.7,1.0,223.5,63.3
2016-07-02 00:00:00,-24.2,990.2,1.0,76.4,72.2
2016-07-02 03:00:00,-24.0,988.1,0.9,23.8,77.4
2016-07-02 06:00:00,-23.0,985.8,0.9,20.6,78.0
2016-07-02 09:00:00,-23.0,984.1,0.5,66.8,78.8
2016-07-02 12:00:00,-23.4,983.3,1.8,42.2,74.0
2016-07-02 15:00:00,-22.6,982.6,,239.5,68.5
2016-07-02 18:00:00,-22.8,982.6,3.7,228.5,66.3
2016-07-02 21:00:00,-23.1,984.0,3.8,261.0,67.2
2016-07-03 00:00:00,-24.1,986.3,4.3,236.4,57.6
2016-07-03 03:00:00,-24.5,988.3,0.3,204.7,62.1
2016-07-03 06:00:00,-26.0,989.9,2.4,203.8,67.9
2016-07-03 09:00:00,,990.4,0.8,71.4,72.4
2016-07-03 12:00:00,-28.7,990.3,1.1,211.3,71.5
2016-07-03 15:00:00,-29.2,989.6,,,72.8
2016-07-03 18:00:00,-27.1,987.6,0.2,279.9,70.4
2016-07-03 21:00:00,-26.0,985.3,0.9,187.1,71.4
2016-07-04 00:00:00,-26.1,983.1,0.6,44.2,74.8
2016-07-04 03:00:00,-26.0,980.9,0.9,218.7,74.9
2016-07-04 06:00:00,-26.3,979.3,0.9,41.2,74.5
2016-07-04 09:00:00,-25.9,979.5,0.2,239.1,72.4
2016-07-04 12:00:00,-25.8,979.5,1.1,54.7,64.5
2016-07-04 15:00:00,-25.7,980.4,3.5,125.8,59.4
2016-07-04 18:00:00,-25.9,980.6,1.3,232.4,64.1
2016-07-04 21:00:00,-25.8,984.4,5.7,138.1,55.7
2016-07-05 00:00:00,-26.0,985.2,,126.7,50.7
2016-07-05 03:00:00,-26.6,986.2,1.4,144.5,53.5
2016-07-05 06:00:00,-27.1,987.8,1.3,155.6,49.2
2016-07-05 09:00:00,-28.1,987.8,2.8,210.7,45.3
2016-07-05 12:00:00,-30.1,987.5,2.5,46.2,54.9
2016-07-05 15:00:00,-29.6,987.4,1.5,75.7,56.7
2016-07-05 18:00:00,-31.2,987.8,0.6,83.7,55.4
2016-07-05 21:00:00,-32.6,988.9,0.2,118.3,60.5
2016-07-06 00:00:00,-33.8,989.1,,,61.4
2016-07-06 03:00:00,-30.6,989.5,1.5,120.3,60.9
2016-07-06 06:00:00,-29.6,989.6,1.7,172.7,65.4
2016-07-06 09:00:00,-34.1,988.5,2.1,274.5,60.0
2016-07-06 12:00:00,,987.7,0.5,262.2,65.1
2016-07-06 15:00:00,-35.6,986.2,2.3,230.9,63.9
2016-07-06 18:00:00,-36.4,984.8,,,65.6
2016-07-06 21:00:00,-34.6,983.9,,,57.7
2016-07-07 00:00:00,-35.5,982.8,0.8,74.5,63.9
2016-07-07 03:00:00,-34.9,982.1,1.1,253.0,65.1
2016-07-07 06:00:00,-36.2,982.9,2.1,233.3,65.1
2016-07-07 09:00:00,-36.6,984.0,1.0,240.8,63.8
2016-07-07 12:00:00,-36.3,984.9,2.2,232.0,61.8
2016-07-07 15:00:00,-35.5,986.7,1.8,227.7,63.8
2016-07-07 18:00:00,-35.4,987.8,1.5,220.8,64.0
2016-07-07 21:00:00,-33.7,988.6,0.9,235.0,63.9
2016-07-08 00:00:00,-32.9,989.3,2.1,240.6,65.8
2016-07-08 03:00:00,-32.6,989.5,1.8,224.4,66.0
2016-07-08 06:00:00,-31.3,990.3,0.2,60.8,65.6
2016-07-08 09:00:00,-29.0,991.0,1.4,236.3,71.8
2016-07-08 12:00:00,-27.6,991.5,0.0,218.8,73.6
2016-07-08 15:00:00,-27.1,991.8,0.6,236.2,75.2
2016-07-08 18:00:00,-26.1,991.3,0.4,216.9,75.6
2016-07-08 21:00:00,-26.3,990.9,2.1,233.1,76.4
2016-07-09 00:00:00,-25.9,990.3,0.9,234.0,76.7
2016-07-09 03:00:00,-26.9,990.0,0.4,241.6,74.8
2016-07-09 06:00:00,-28.0,989.9,0.8,241.1,75.2
2016-07-09 09:00:00,-28.0,990.2,0.8,240.0,74.3
2016-07-09 12:00:00,,991.1,0.5,234.3,68.2
2016-07-09 15:00:00,-29.3,992.2,0.3,240.1,73.1
2016-07-09 18:00:00,-29.6,993.3,0.0,249.2,73.1
2016-07-09 21:00:00,-25.7,994.6,0.4,50.2,76.0
2016-07-10 00:00:00,-29.7,995.8,0.1,196.0,74.3
2016-07-10 03:00:00,-29.3,996.4,0.3,206.2,71.9
2016-07-10 06:00:00,-32.0,996.5,,,72.8
2016-07-10 09:00:00,-34.1,996.1,2.4,240.3,68.6
2016-07-10 12:00:00,-30.7,995.4,1.4,227.5,74.8
2016-07-10 15:00:00,,994.8,0.8,146.3,74.5
2016-07-10 18:00:00,,993.4,3.3,220.3,66.8
2016-07-10 21:00:00,,993.3,2.7,71.5,61.6
2016-07-11 00:00:00,-24.2,993.8,2.2,237.5,45.4
2016-07-11 03:00:00,-26.5,993.4,2.2,262.0,46.6
2016-07-11 06:00:00,-22.3,992.9,0.8,204.1,35.8
2016-07-11 09:00:00,,993.3,2.8,256.3,34.9
2016-07-11 12:00:00,-17.7,994.4,0.9,82.4,31.1
2016-07-11 15:00:00,-21.9,995.8,1.3,292.3,42.6
2016-07-11 18:00:00,-17.6,997.6,4.9,236.7,27.0
2016-07-11 21:00:00,,999.7,0.5,272.1,30.3
2016-07-12 00:00:00,-17.6,1001.7,3.1,199.2,33.1
2016-07-12 03:00:00,,1002.5,0.2,259.4,55.6
2016-07-12 06:00:00,,1001.3,1.7,201.6,67.3
2016-07-12 09:00:00,-27.4,1000.3,3.1,229.9,72.8
2016-07-12 12:00:00,-29.4,998.9,0.2,233.5,74.1
2016-07-12 15:00:00,-26.9,997.4,0.6,227.2,77.2
2016-07-12 18:00:00,-25.6,995.8,0.2,294.6,74.4
2016-07-12 21:00:00,-23.9,994.0,0.0,130.3,72.8
2016-07-13 00:00:00,-23.2,992.4,0.0,219.5,74.1
2016-07-13 03:00:00,-20.8,991.4,2.0,228.1,70.5
2016-07-13 06:00:00,-18.8,992.8,0.3,246.3,72.2
2016-07-13 09:00:00,-20.6,993.1,0.7,235.8,79.1
2016-07-13 12:00:00,-19.4,992.3,0.0,255.6,79.7
2016-07-13 15:00:00,-16.8,990.8,2.2,56.6,81.2
2016-07-13 18:00:00,-17.0,990.7,2.0,3.5,82.3
2016-07-13 21:00:00,-16.9,991.5,0.6,39.8,83.6
2016-07-14 00:00:00,-18.3,991.7,1.3,126.2,82.3
2016-07-14 03:00:00,-18.5,993.1,1.1,79.8,73.0
2016-07-14 06:00:00,-19.1,994.1,0.4,136.4,76.8
2016-07-14 09:00:00,-19.4,994.7,,,76.0
2016-07-14 12:00:00,-20.1,995.2,,,77.9
2016-07-14 15:00:00,-19.9,995.5,0.1,201.7,76.3
2016-07-14 18:00:00,-19.7,995.7,,,81.6
2016-07-14 21:00:00,-22.2,996.3,0.0,83.8,78.2
2016-07-15 00:00:00,-22.0,997.5,0.0,289.7,79.8
2016-07-15 03:00:00,-20.7,997.9,0.7,254.8,80.2
2016-07-15 06:00:00,-19.9,998.1,0.0,250.5,75.1
2016-07-15 09:00:00,-18.1,997.9,0.8,136.7,79.0
2016-07-15 12:00:00,-18.0,998.2,2.9,151.2,72.6
2016-07-15 15:00:00,-17.4,997.9,1.0,43.8,81.0
2016-07-15 18:00:00,-17.3,996.9,1.9,23.1,75.7
2016-07-15 21:00:00,-16.9,996.6,1.8,132.1,71.6
2016-07-16 00:00:00,-17.9,995.4,,230.4,71.0
2016-07-16 03:00:00,-17.8,994.3,6.2,224.7,66.3
2016-07-16 06:00:00,-18.0,993.1,,41.3,62.4
2016-07-16 09:00:00,-17.5,991.1,,227.6,68.9
2016-07-16 12:00:00,-15.5,988.5,,215.8,67.7
2016-07-16 15:00:00,-16.0,989.0,,244.5,73.3
2016-07-16 18:00:00,-16.4,989.4,,232.8,68.5
2016-07-16 21:00:00,-17.2,990.4,,249.2,69.6
2016-07-17 00:00:00,-18.1,991.5,1.1,228.5,82.5
2016-07-17 03:00:00,-19.6,992.3,1.0,215.3,82.2
2016-07-17 06:00:00,-21.6,992.7,0.8,213.0,78.3
2016-07-17 09:00:00,,993.4,0.5,242.7,78.3
2016-07-17 12:00:00,,993.5,1.8,242.5,75.5
2016-07-17 15:00:00,-27.3,993.8,1.1,211.8,77.7
2016-07-17 18:00:00,-25.4,992.7,1.0,183.8,76.5
2016-07-17 21:00:00,-27.8,990.7,1.2,250.5,76.0
2016-07-18 00:00:00,-25.9,988.0,2.0,247.0,78.7
2016-07-18 03:00:00,-24.0,985.3,0.1,155.9,79.2
2016-07-18 06:00:00,-21.6,983.0,1.3,218.1,73.9
2016-07-18 09:00:00,-21.2,982.3,1.8,211.0,72.9
2016-07-18 12:00:00,-21.9,984.3,0.1,197.1,76.3
2016-07-18 15:00:00,-18.9,986.6,2.0,253.3,79.7
2016-07-18 18:00:00,-19.3,988.2,0.3,271.3,80.7
2016-07-18 21:00:00,-22.3,990.1,2.4,248.4,78.8
2016-07-19 00:00:00,-22.3,992.5,1.0,195.8,83.9
2016-07-19 03:00:00,-19.5,993.3,0.6,153.4,70.1
2016-07-19 06:00:00,-20.0,994.9,1.6,237.6,72.7
2016-07-19 09:00:00,-21.0,996.0,0.2,321.0,77.5
2016-07-19 12:00:00,-19.9,995.4,,,71.5
2016-07-19 15:00:00,-20.8,994.2,,,79.0
2016-07-19 18:00:00,-20.6,992.9,1.7,226.7,82.0
2016-07-19 21:00:00,-20.2,991.7,0.5,241.2,81.6
2016-07-20 00:00:00,-19.7,990.6,2.0,13.4,82.2
2016-07-20 03:00:00,-19.1,989.6,1.1,239.8,82.2
2016-07-20 06:00:00,-19.5,988.7,0.3,266.0,81.6
2016-07-20 09:00:00,-18.6,988.3,0.0,53.8,81.4
2016-07-20 12:00:00,-20.7,988.9,0.1,207.7,82.5
2016-07-20 15:00:00,-22.9,989.4,1.0,162.0,83.7
2016-07-20 18:00:00,-21.0,989.6,1.1,107.8,80.1
2016-07-20 21:00:00,-25.9,990.4,0.7,57.6,79.2
2016-07-21 00:00:00,-22.8,990.2,0.9,258.8,80.4
2016-07-21 03:00:00,-22.4,990.5,5.4,133.0,70.2
2016-07-21 06:00:00,-24.5,990.9,1.8,217.1,73.6
2016-07-21 09:00:00,-23.7,991.6,0.8,212.4,69.8
2016-07-21 12:00:00,-23.3,991.5,2.2,121.7,63.8
2016-07-21 15:00:00,-23.7,991.3,1.8,283.7,62.8
2016-07-21 18:00:00,-23.9,991.5,0.2,175.3,59.7
2016-07-21 21:00:00,-24.2,992.1,1.0,83.4,68.6
2016-07-22 00:00:00,-23.9,991.6,1.9,74.1,65.8
2016-07-22 03:00:00,-24.1,991.5,3.9,134.3,61.8
2016-07-22 06:00:00,-24.4,991.3,1.1,87.0,61.7
2016-07-22 09:00:00,-24.3,991.6,1.5,177.2,53.3
2016-07-22 12:00:00,-25.1,991.5,1.2,114.0,58.2
2016-07-22 15:00:00,-25.0,991.8,2.8,79.3,62.3
2016-07-22 18:00:00,-25.7,991.7,,239.9,60.0
2016-07-22 21:00:00,-25.3,992.1,6.5,235.2,58.5
2016-07-23 00:00:00,-24.7,992.1,6.0,245.7,53.5
2016-07-23 03:00:00,-25.0,992.4,4.5,230.5,53.2
2016-07-23 06:00:00,-25.3,993.2,3.4,213.5,47.6
2016-07-23 09:00:00,-29.1,993.9,1.6,255.1,60.7
2016-07-23 12:00:00,,994.7,,,63.4
2016-07-23 15:00:00,-29.8,995.4,,,61.3
2016-07-23 18:00:00,-31.3,996.1,1.1,200.9,63.7
2016-07-23 21:00:00,-33.7,997.0,,,66.3
2016-07-24 00:00:00,-34.7,997.7,0.1,226.4,68.2
2016-07-24 03:00:00,-32.4,998.0,1.1,238.8,69.4
2016-07-24 06:00:00,-34.9,998.7,0.2,160.4,68.1
2016-07-24 09:00:00,-31.1,998.8,2.4,225.6,64.5
2016-07-24 12:00:00,-33.0,999.1,0.9,286.1,63.1
2016-07-24 15:00:00,-32.0,999.2,1.2,216.5,65.5
2016-07-24 18:00:00,-32.9,999.4,1.8,246.1,63.7
2016-07-24 21:00:00,-34.7,999.4,0.8,216.4,61.5
2016-07-25 00:00:00,-33.5,999.5,1.2,219.1,63.7
2016-07-25 03:00:00,-34.5,998.9,,,63.8
2016-07-25 06:00:00,-34.4,999.0,0.9,236.4,64.0
2016-07-25 09:00:00,-31.3,999.0,2.1,225.0,56.7
2016-07-25 12:00:00,-34.0,998.9,1.5,235.3,65.0
2016-07-25 15:00:00,-33.7,999.2,,,64.0
2016-07-25 18:00:00,-33.3,1000.2,0.6,241.5,59.2
2016-07-25 21:00:00,-33.8,1001.6,0.0,270.9,61.8
2016-07-26 00:00:00,-31.2,1003.2,0.4,220.1,56.1
2016-07-26 03:00:00,-34.4,1004.3,0.8,233.7,64.9
2016-07-26 06:00:00,-34.7,1004.6,,,66.0
2016-07-26 09:00:00,-34.7,1003.7,0.1,230.5,65.6
2016-07-26 12:00:00,-31.3,1002.8,,,60.5
2016-07-26 15:00:00,-32.2,1001.6,0.6,214.3,64.6
2016-07-26 18:00:00,-32.0,1000.4,1.6,229.5,65.3
2016-07-26 21:00:00,-29.2,999.5,,,53.4
2016-07-27 00:00:00,-29.9,998.4,1.8,235.9,63.4
2016-07-27 03:00:00,-30.9,996.9,1.5,67.9,66.4
2016-07-27 06:00:00,-30.7,996.3,0.1,212.3,64.6
2016-07-27 09:00:00,-30.7,995.6,0.6,234.6,67.8
2016-07-27 12:00:00,-28.5,995.4,1.7,217.9,69.0
2016-07-27 15:00:00,-28.4,995.4,,,71.9
2016-07-27 18:00:00,-26.6,995.9,0.6,227.5,74.2
2016-07-27 21:00:00,-27.4,996.4,0.8,210.8,73.4
2016-07-28 00:00:00,-30.9,997.0,,,70.7
2016-07-28 03:00:00,-29.8,998.2,1.1,206.7,72.6
2016-07-28 06:00:00,-32.0,998.4,0.4,231.1,68.0
2016-07-28 09:00:00,-33.5,998.9,0.1,219.1,70.9
2016-07-28 12:00:00,-32.9,1000.0,0.1,194.1,71.1
2016-07-28 15:00:00,-29.2,1001.5,1.1,155.7,71.2
2016-07-28 18:00:00,-32.6,1002.9,0.2,250.3,70.7
2016-07-28 21:00:00,-32.1,1005.0,0.1,81.0,70.4
2016-07-29 00:00:00,-31.4,1006.1,,,69.7
2016-07-29 03:00:00,-32.1,1007.3,0.4,197.9,70.1
2016-07-29 06:00:00,-30.7,1008.5,0.6,30.4,62.1
2016-07-29 09:00:00,-30.7,1008.6,1.8,246.7,67.9
2016-07-29 12:00:00,-29.4,1008.3,0.8,48.5,65.3
2016-07-29 15:00:00,-28.6,1007.8,1.2,205.2,60.8
2016-07-29 18:00:00,-28.5,1007.2,,,65.0
2016-07-29 21:00:00,-28.2,1006.8,1.5,233.8,65.0
2016-07-30 00:00:00,-29.6,1005.3,0.8,237.4,66.6
2016-07-30 03:00:00,-30.4,1005.8,,,69.2
2016-07-30 06:00:00,-29.4,1006.5,,,66.2
2016-07-30 09:00:00,-31.6,1006.9,0.2,152.9,66.7
2016-07-30 12:00:00,-30.2,1008.0,3.0,211.7,63.0
2016-07-30 15:00:00,-33.0,1009.5,0.8,243.1,65.9
2016-07-30 18:00:00,-30.9,1010.0,4.2,256.0,62.1
2016-07-30 21:00:00,-30.5,1009.9,1.0,224.6,65.8
2016-07-31 00:00:00,-27.8,1009.7,1.4,241.0,67.8
2016-07-31 03:00:00,,1009.9,2.9,239.2,69.9
2016-07-31 06:00:00,-25.0,1010.3,2.0,215.9,67.9
2016-07-31 09:00:00,-24.1,1009.9,1.4,247.0,76.3
2016-07-31 12:00:00,-24.3,1010.3,3.5,136.9,73.7
2016-07-31 15:00:00,-23.5,1010.9,0.9,269.0,74.4
2016-07-31 18:00:00,-25.1,1011.7,1.7,137.1,68.3
2016-07-31 21:00:00,-25.1,1014.6,,150.5,63.2
2016-08-01 00:00:00,-25.6,1014.2,,34.7,57.3
2016-08-01 03:00:00,-29.5,1012.2,,70.2,68.6
2016-08-01 06:00:00,-29.3,1005.4,2.1,231.6,68.9
2016-08-01 09:00:00,-31.1,1000.4,3.2,242.2,63.8
2016-08-01 12:00:00,-30.7,1001.3,2.8,237.1,59.5
2016-08-01 15:00:00,-27.7,1002.3,2.0,215.6,54.3
2016-08-01 18:00:00,-30.6,1002.5,1.5,249.6,59.8
2016-08-01 21:00:00,-32.6,1003.0,2.3,238.1,64.9
2016-08-02 00:00:00,-29.4,1002.5,0.5,195.7,53.2
2016-08-02 03:00:00,-30.2,1001.1,0.6,269.2,56.5
2016-08-02 06:00:00,-31.2,1000.0,0.4,354.8,61.0
2016-08-02 09:00:00,-30.1,1000.3,2.5,231.7,59.7
2016-08-02 12:00:00,,1001.5,4.0,57.2,38.9
2016-08-02 15:00:00,,1003.4,3.9,60.8,50.0
2016-08-02 18:00:00,,1004.6,0.2,148.0,37.4
2016-08-02 21:00:00,,1005.0,2.6,254.6,46.2
2016-08-03 00:00:00,,1005.6,1.8,259.4,65.2
2016-08-03 03:00:00,-20.2,1008.2,0.6,218.2,50.4
2016-08-03 06:00:00,-19.8,1011.3,1.7,197.0,59.5
2016-08-03 09:00:00,-23.9,1014.3,1.0,221.5,71.1
2016-08-03 12:00:00,-23.5,1015.2,0.7,202.4,71.7
2016-08-03 15:00:00,-24.9,1014.5,0.0,183.1,74.2
2016-08-03 18:00:00,-27.1,1014.4,0.3,184.8,77.2
2016-08-03 21:00:00,-28.1,1014.2,1.2,210.9,75.8
2016-08-04 00:00:00,,1013.5,2.7,246.8,70.8
2016-08-04 03:00:00,-32.3,1013.0,0.3,219.5,68.7
2016-08-04 06:00:00,-33.8,1011.5,1.7,233.4,68.3
2016-08-04 09:00:00,-32.6,1010.5,1.3,235.7,70.2
2016-08-04 12:00:00,-34.0,1010.2,2.4,252.5,67.7
2016-08-04 15:00:00,-34.8,1009.5,1.9,239.5,68.2
2016-08-04 18:00:00,-34.1,1008.0,2.1,243.2,67.3
2016-08-04 21:00:00,-32.3,1006.5,0.0,43.9,70.9
2016-08-05 00:00:00,,1003.9,2.1,235.8,72.1
2016-08-05 03:00:00,-32.3,1001.8,,,71.7
2016-08-05 06:00:00,-32.0,1001.8,2.6,224.8,73.3
2016-08-05 09:00:00,-30.5,1001.1,0.1,87.3,73.5
2016-08-05 12:00:00,-32.9,1000.9,0.0,78.3,66.1
2016-08-05 15:00:00,,1000.7,0.7,203.6,63.5
2016-08-05 18:00:00,,1000.7,0.1,321.9,65.0
2016-08-05 21:00:00,,1001.7,0.0,298.9,69.3
2016-08-06 00:00:00,-32.2,1002.5,2.3,238.1,68.1
2016-08-06 03:00:00,-35.0,1003.3,0.2,230.3,68.1
2016-08-06 06:00:00,-33.4,1003.8,3.2,38.3,69.8
2016-08-06 09:00:00,-31.8,1005.4,1.4,36.2,61.0
2016-08-06 12:00:00,,1006.2,3.2,50.1,57.9
2016-08-06 15:00:00,,1009.9,1.0,158.6,49.9
2016-08-06 18:00:00,-28.5,1009.8,1.9,129.9,51.9
2016-08-06 21:00:00,-29.2,1010.1,1.7,143.3,57.6
2016-08-07 00:00:00,-27.8,1010.9,3.4,82.7,49.0
2016-08-07 03:00:00,-30.8,1011.3,0.9,91.6,59.9
2016-08-07 06:00:00,-29.1,1011.3,1.5,73.5,52.1
2016-08-07 09:00:00,-32.5,1010.2,0.7,187.6,60.2
2016-08-07 12:00:00,-28.0,1008.8,,134.9,39.4
2016-08-07 15:00:00,-30.0,1008.2,2.8,59.7,44.0
2016-08-07 18:00:00,-26.3,1006.3,3.9,232.7,35.7
2016-08-07 21:00:00,-25.5,1005.1,,233.7,36.4
2016-08-08 00:00:00,-24.1,1003.2,5.4,220.1,37.0
2016-08-08 03:00:00,-25.0,1002.2,5.5,99.4,34.4
2016-08-08 06:00:00,-24.4,1001.1,1.6,59.4,41.1
2016-08-08 09:00:00,-25.2,1000.0,4.1,285.0,41.5
2016-08-08 12:00:00,-25.2,998.8,1.6,107.0,34.1
2016-08-08 15:00:00,-27.9,998.3,0.5,201.4,40.9
2016-08-08 18:00:00,-28.6,997.9,0.4,358.0,45.8
2016-08-08 21:00:00,-27.2,998.5,0.5,215.9,49.1
2016-08-09 00:00:00,-27.3,998.4,0.4,53.8,51.4
2016-08-09 03:00:00,-28.4,998.4,,,61.5
2016-08-09 06:00:00,-29.2,998.2,0.3,240.7,60.8
2016-08-09 09:00:00,-29.0,997.7,,,63.1
2016-08-09 12:00:00,-27.9,996.9,1.9,232.4,52.4
2016-08-09 15:00:00,-28.3,996.0,0.2,248.7,55.4
2016-08-09 18:00:00,-28.0,996.4,,,53.8
2016-08-09 21:00:00,-28.8,997.4,0.1,216.8,68.4
2016-08-10 00:00:00,-26.4,999.0,0.4,198.2,73.5
2016-08-10 03:00:00,-25.3,1001.1,,,75.5
2016-08-10 06:00:00,-23.8,1002.7,0.0,166.9,76.3
2016-08-10 09:00:00,,1003.2,0.6,248.8,76.3
2016-08-10 12:00:00,,1002.7,1.1,252.3,70.2
2016-08-10 15:00:00,-32.6,1001.4,0.1,9.2,70.6
2016-08-10 18:00:00,-33.8,1000.4,0.7,229.1,69.1
2016-08-10 21:00:00,-35.9,998.6,,,65.8
2016-08-11 00:00:00,-35.0,997.2,0.5,210.4,66.3
2016-08-11 03:00:00,-35.9,996.1,0.2,347.0,64.9
2016-08-11 06:00:00,-36.5,995.7,,,66.4
2016-08-11 09:00:00,-35.8,996.5,1.8,245.5,66.1
2016-08-11 12:00:00,-35.4,997.6,,,66.4
2016-08-11 15:00:00,-35.0,999.5,,,68.7
2016-08-11 18:00:00,-32.4,1000.5,0.7,37.3,69.8
2016-08-11 21:00:00,-30.9,1002.0,0.6,181.6,71.6
2016-08-12 00:00:00,-28.6,1003.1,1.0,246.4,73.7
2016-08-12 03:00:00,-28.0,1002.9,0.8,35.5,74.1
2016-08-12 06:00:00,-28.7,1003.2,,,73.3
2016-08-12 09:00:00,,1002.3,,219.3,68.3
2016-08-12 12:00:00,,1001.7,,0.0,67.6
2016-08-12 15:00:00,-35.2,1001.7,,11.4,69.6
2016-08-12 18:00:00,-38.4,1001.4,0.8,235.8,63.6
2016-08-12 21:00:00,-37.4,1000.6,0.0,232.6,63.1
2016-08-13 00:00:00,-36.3,999.8,0.5,252.6,66.6
2016-08-13 03:00:00,-33.6,998.6,0.7,229.4,71.6
2016-08-13 06:00:00,-35.3,997.6,2.2,237.9,66.3
2016-08-13 09:00:00,-37.4,995.0,0.2,208.4,63.8
2016-08-13 12:00:00,,992.0,2.4,242.0,75.2
2016-08-13 15:00:00,-32.7,990.8,,,73.1
2016-08-13 18:00:00,,990.7,2.1,235.5,62.9
2016-08-13 21:00:00,-36.3,992.2,1.5,58.2,66.5
2016-08-14 00:00:00,-34.3,995.6,0.4,295.9,62.0
2016-08-14 03:00:00,-37.4,998.6,0.8,251.0,65.5
2016-08-14 06:00:00,-35.2,1000.9,1.6,222.4,69.0
2016-08-14 09:00:00,,1003.6,0.8,57.9,73.7
2016-08-14 12:00:00,,1005.5,3.3,253.3,76.3
2016-08-14 15:00:00,,1007.7,2.2,229.8,75.3
2016-08-14 18:00:00,-21.3,1009.4,0.2,222.7,71.6
2016-08-14 21:00:00,,1010.9,1.0,60.2,66.5
2016-08-15 00:00:00,-17.9,1010.2,1.9,231.5,83.5
2016-08-15 03:00:00,-17.9,1008.9,1.2,273.6,83.9
2016-08-15 06:00:00,-13.9,1008.4,,149.8,80.7
2016-08-15 09:00:00,-16.2,1009.0,,144.6,74.9
2016-08-15 12:00:00,-16.7,1008.6,6.9,148.8,71.2
2016-08-15 15:00:00,-19.1,1008.5,,271.3,81.3
2016-08-15 18:00:00,,1006.7,,163.5,81.4
2016-08-15 21:00:00,-22.1,1005.3,0.2,240.5,85.8
2016-08-16 00:00:00,-24.0,1004.2,0.6,278.2,79.3
2016-08-16 03:00:00,-24.6,1002.9,0.5,254.4,77.5
2016-08-16 06:00:00,-21.5,1001.1,,,81.2
2016-08-16 09:00:00,-19.7,999.3,0.9,210.4,84.2
2016-08-16 12:00:00,-16.7,997.5,,143.2,72.5
2016-08-16 15:00:00,-16.6,996.0,,143.4,72.7
2016-08-16 18:00:00,-16.6,993.5,7.5,146.8,64.3
2016-08-16 21:00:00,-16.5,991.6,,110.6,62.0
2016-08-17 00:00:00,-17.8,989.2,,278.2,63.2
2016-08-17 03:00:00,-17.9,986.9,,86.0,58.7
2016-08-17 06:00:00,-17.6,984.3,4.5,80.4,58.9
2016-08-17 09:00:00,-16.3,982.6,4.3,219.3,59.5
2016-08-17 12:00:00,-20.0,985.0,,240.2,79.8
2016-08-17 15:00:00,-19.7,984.7,,230.3,70.6
2016-08-17 18:00:00,-20.1,985.1,,242.0,59.4
2016-08-17 21:00:00,-19.3,986.4,,222.4,56.4
2016-08-18 00:00:00,-19.7,987.3,,238.7,65.9
2016-08-18 03:00:00,-19.0,987.3,,121.7,65.7
2016-08-18 06:00:00,-20.6,989.1,,349.7,64.4
2016-08-18 09:00:00,-19.0,989.0,,242.7,59.9
2016-08-18 12:00:00,-18.4,988.5,,250.8,62.3
2016-08-18 15:00:00,-18.4,988.2,10.3,249.6,56.8
2016-08-18 18:00:00,-19.3,989.0,10.5,235.5,54.2
2016-08-18 21:00:00,-21.5,988.6,,287.2,50.4
2016-08-19 00:00:00,,987.1,,36.6,57.1
2016-08-19 03:00:00,-25.6,986.4,,,55.7
2016-08-19 06:00:00,-27.4,985.3,2.4,260.6,62.1
2016-08-19 09:00:00,-27.6,984.0,2.4,226.3,64.4
2016-08-19 12:00:00,-28.0,983.5,0.5,279.4,60.4
2016-08-19 15:00:00,-28.3,983.6,1.3,232.5,57.6
2016-08-19 18:00:00,-28.0,983.6,3.1,241.7,67.7
2016-08-19 21:00:00,,985.4,0.3,53.0,59.5
2016-08-20 00:00:00,,985.6,2.8,235.7,55.0
2016-08-20 03:00:00,-21.4,985.7,1.4,219.3,57.9
2016-08-20 06:00:00,,986.1,,240.7,48.1
2016-08-20 09:00:00,,986.9,6.2,250.0,51.8
2016-08-20 12:00:00,-9.9,987.4,5.5,238.4,46.3
2016-08-20 15:00:00,-8.9,988.5,9.7,206.4,41.0
2016-08-20 18:00:00,-13.4,990.4,,253.5,47.9
2016-08-20 21:00:00,-13.2,992.2,,224.9,49.8
2016-08-21 00:00:00,-14.9,993.7,0.7,223.4,57.3
2016-08-21 03:00:00,-17.9,995.7,0.1,279.8,65.1
2016-08-21 06:00:00,-19.7,998.8,0.3,257.9,69.8
2016-08-21 09:00:00,-20.8,1000.4,1.4,270.7,75.2
2016-08-21 12:00:00,-21.8,1002.0,0.3,243.7,78.7
2016-08-21 15:00:00,-24.1,1003.5,1.0,233.8,77.9
2016-08-21 18:00:00,-24.6,1003.9,1.8,226.7,76.9
2016-08-21 21:00:00,,1003.7,0.5,193.0,66.0
2016-08-22 00:00:00,-24.1,1003.1,0.4,85.0,68.0
2016-08-22 03:00:00,,1001.2,2.4,242.4,73.3
2016-08-22 06:00:00,-24.0,998.4,1.9,222.0,66.9
2016-08-22 09:00:00,-23.6,996.7,1.9,243.8,64.5
2016-08-22 12:00:00,-27.4,996.3,0.1,199.9,73.5
2016-08-22 15:00:00,-25.5,996.6,0.2,165.4,80.7
2016-08-22 18:00:00,-28.0,996.2,1.1,237.9,75.8
2016-08-22 21:00:00,-24.0,995.2,3.0,229.1,78.4
2016-08-23 00:00:00,-24.5,995.9,1.8,252.2,78.1
2016-08-23 03:00:00,-21.7,997.6,0.2,227.7,81.2
2016-08-23 06:00:00,-20.7,999.3,2.2,125.0,64.2
2016-08-23 09:00:00,-21.2,999.1,5.1,242.2,53.9
2016-08-23 12:00:00,-21.8,999.6,5.1,237.3,49.0
2016-08-23 15:00:00,-24.3,1000.6,1.1,222.0,64.4
2016-08-23 18:00:00,-26.6,999.7,2.5,215.6,60.7
2016-08-23 21:00:00,-27.2,998.4,4.9,57.0,64.1
2016-08-24 00:00:00,-29.5,997.3,2.0,237.9,67.5
2016-08-24 03:00:00,-27.3,997.3,,,63.9
2016-08-24 06:00:00,-25.8,998.2,0.4,138.8,72.0
2016-08-24 09:00:00,-22.9,998.4,1.9,206.1,67.9
2016-08-24 12:00:00,-24.0,998.4,0.2,4.0,69.6
2016-08-24 15:00:00,,998.0,1.1,248.3,70.6
2016-08-24 18:00:00,,997.3,1.6,244.0,70.1
2016-08-24 21:00:00,-30.8,996.2,1.6,250.6,67.9
2016-08-25 00:00:00,-30.2,995.4,1.2,220.8,67.5
2016-08-25 03:00:00,-30.9,994.1,1.5,232.6,67.4
2016-08-25 06:00:00,-29.9,992.7,0.4,174.8,68.7
2016-08-25 09:00:00,-31.0,990.9,0.7,231.8,68.0
2016-08-25 12:00:00,-31.0,988.7,1.2,253.4,69.5
2016-08-25 15:00:00,-28.4,986.7,2.1,238.7,72.5
2016-08-25 18:00:00,,985.2,0.3,267.4,71.9
2016-08-25 21:00:00,-24.1,983.1,0.5,53.0,74.0
2016-08-26 00:00:00,-22.3,982.8,0.6,276.6,73.8
2016-08-26 03:00:00,-22.2,982.4,0.0,245.0,73.1
2016-08-26 06:00:00,-22.8,981.9,0.3,311.5,71.8
2016-08-26 09:00:00,-22.1,980.3,3.5,71.2,63.3
2016-08-26 12:00:00,-22.5,978.4,0.5,38.5,76.0
2016-08-26 15:00:00,-20.2,976.3,2.6,91.0,73.5
2016-08-26 18:00:00,-20.4,974.4,,229.3,76.9
2016-08-26 21:00:00,-20.9,974.0,,243.0,77.3
2016-08-27 00:00:00,-18.1,972.4,,241.9,57.5
2016-08-27 03:00:00,-21.6,971.6,17.3,240.2,73.9
2016-08-27 06:00:00,-20.6,969.1,19.3,233.2,73.6
2016-08-27 09:00:00,-19.3,968.7,17.1,228.3,73.8
2016-08-27 12:00:00,-19.4,970.1,17.3,226.4,74.5
2016-08-27 15:00:00,-21.1,971.6,16.8,232.7,70.4
2016-08-27 18:00:00,-16.9,971.2,15.4,212.7,54.0
2016-08-27 21:00:00,-16.3,971.7,15.4,215.4,49.6
2016-08-28 00:00:00,-17.1,972.3,,230.6,53.5
2016-08-28 03:00:00,-18.5,970.2,,65.0,53.6
2016-08-28 06:00:00,-18.9,971.0,5.2,236.5,50.1
2016-08-28 09:00:00,-22.1,970.2,0.3,201.6,58.8
2016-08-28 12:00:00,,969.8,0.6,226.4,65.6
2016-08-28 15:00:00,-26.1,969.3,0.2,105.8,61.1
2016-08-28 18:00:00,-26.0,968.4,2.0,230.4,56.6
2016-08-28 21:00:00,,968.2,0.1,290.9,69.0
2016-08-29 00:00:00,,967.6,0.0,74.5,58.5
2016-08-29 03:00:00,-27.9,966.5,,,64.6
2016-08-29 06:00:00,-28.0,966.3,0.0,65.4,69.2
2016-08-29 09:00:00,-30.5,967.2,0.2,75.2,71.2
2016-08-29 12:00:00,-27.9,967.9,,,71.3
2016-08-29 15:00:00,-27.1,968.7,0.7,352.2,71.3
2016-08-29 18:00:00,-23.2,969.8,0.0,141.0,65.7
2016-08-29 21:00:00,-23.1,970.7,0.0,147.6,74.5
2016-08-30 00:00:00,-19.4,970.7,1.9,53.2,76.6
2016-08-30 03:00:00,,970.4,,228.8,84.4
2016-08-30 06:00:00,-17.0,971.8,,231.3,84.7
2016-08-30 09:00:00,-16.1,972.1,11.9,230.8,84.7
2016-08-30 12:00:00,-16.3,972.1,,233.3,90.2
2016-08-30 15:00:00,-15.4,971.5,,235.4,87.0
2016-08-30 18:00:00,-14.2,974.1,,211.8,83.1
2016-08-30 21:00:00,-14.6,975.8,23.8,215.3,81.8
2016-08-31 00:00:00,-14.4,979.6,20.9,207.9,75.3
2016-08-31 03:00:00,-16.3,981.6,,234.0,75.1
2016-08-31 06:00:00,-13.5,982.8,17.6,215.0,60.1
2016-08-31 09:00:00,-15.0,983.4,,231.6,63.5
2016-08-31 12:00:00,-13.8,983.1,,167.1,54.9
2016-08-31 15:00:00,-14.3,982.0,,38.9,55.8
2016-08-31 18:00:00,-16.0,982.1,0.8,234.9,55.6
2016-08-31 21:00:00,-16.2,981.4,0.2,138.5,60.0
2016-09-01 00:00:00,-17.9,980.2,,,67.9
2016-09-01 03:00:00,-18.5,978.4,,,71.4
2016-09-01 06:00:00,-20.6,976.5,2.4,249.2,76.8
2016-09-01 09:00:00,-21.2,975.2,0.9,240.4,78.8
2016-09-01 12:00:00,-20.8,973.6,,,80.4
2016-09-01 15:00:00,-21.1,972.9,2.4,246.6,78.9
2016-09-01 18:00:00,-19.5,972.8,3.2,237.6,78.4
2016-09-01 21:00:00,-18.7,974.1,2.0,233.0,76.8
2016-09-02 00:00:00,-17.3,975.1,0.0,187.4,71.4
2016-09-02 03:00:00,-18.7,974.7,0.1,229.0,71.4
2016-09-02 06:00:00,-18.9,975.0,0.0,3.1,72.7
2016-09-02 09:00:00,-18.9,974.8,2.4,262.9,72.8
2016-09-02 12:00:00,-19.9,974.7,3.0,219.3,74.6
2016-09-02 15:00:00,-21.3,974.7,3.3,228.6,76.0
2016-09-02 18:00:00,-22.4,976.0,1.9,240.7,73.0
2016-09-02 21:00:00,-21.8,977.6,0.1,154.9,75.1
2016-09-03 00:00:00,-22.4,976.4,1.1,195.1,73.8
2016-09-03 03:00:00,-21.2,972.5,1.5,48.7,76.6
2016-09-03 06:00:00,-18.8,973.1,0.4,169.8,82.3
2016-09-03 09:00:00,-18.9,977.0,0.8,164.2,80.5
2016-09-03 12:00:00,-23.0,977.9,1.1,242.2,81.0
2016-09-03 15:00:00,-21.6,979.3,1.6,252.1,73.7
2016-09-03 18:00:00,-26.0,979.9,0.6,53.3,79.1
2016-09-03 21:00:00,-25.7,979.5,0.0,262.5,75.7
2016-09-04 00:00:00,-25.6,978.5,0.5,263.2,73.3
2016-09-04 03:00:00,-24.5,977.3,0.1,310.1,76.2
2016-09-04 06:00:00,-23.5,975.5,,,79.1
2016-09-04 09:00:00,-22.1,972.9,2.4,240.6,78.3
2016-09-04 12:00:00,-20.8,970.6,0.1,55.9,82.7
2016-09-04 15:00:00,-19.4,970.1,0.2,287.8,84.4
2016-09-04 18:00:00,-19.0,971.1,0.1,164.1,84.2
2016-09-04 21:00:00,-19.6,971.4,1.1,252.1,83.2
2016-09-05 00:00:00,-19.8,972.5,0.2,248.9,82.8
2016-09-05 03:00:00,-19.3,973.0,2.1,244.7,82.4
2016-09-05 06:00:00,-18.0,973.6,1.2,210.4,80.7
2016-09-05 09:00:00,-16.6,974.3,,145.8,60.4
2016-09-05 12:00:00,-18.2,973.9,,305.6,66.4
2016-09-05 15:00:00,-19.2,972.9,,170.5,80.3
2016-09-05 18:00:00,-20.0,969.7,,138.0,68.4
2016-09-05 21:00:00,-20.0,968.2,,142.7,77.0
2016-09-06 00:00:00,-16.6,966.8,,205.2,72.7
2016-09-06 03:00:00,-18.0,968.1,,230.1,60.8
2016-09-06 06:00:00,-20.8,970.9,,225.6,54.9
2016-09-06 09:00:00,-22.9,972.5,9.7,226.1,61.3
2016-09-06 12:00:00,-23.7,974.4,,268.4,62.2
2016-09-06 15:00:00,-25.3,976.0,,232.1,60.0
2016-09-06 18:00:00,-28.0,976.5,1.7,241.8,71.2
2016-09-06 21:00:00,-29.0,977.8,2.1,248.4,66.2
2016-09-07 00:00:00,-26.1,979.4,,,60.1
2016-09-07 03:00:00,-25.9,980.2,,,57.5
2016-09-07 06:00:00,-29.4,979.8,,,69.5
2016-09-07 09:00:00,-28.9,978.1,,,65.2
2016-09-07 12:00:00,-28.9,976.2,,,63.7
2016-09-07 15:00:00,-30.8,974.6,,,68.2
2016-09-07 18:00:00,-30.4,972.2,,,67.9
2016-09-07 21:00:00,-29.0,969.0,2.6,245.9,66.0
2016-09-08 00:00:00,,966.8,2.8,234.9,60.6
2016-09-08 03:00:00,,964.8,3.2,237.1,61.2
2016-09-08 06:00:00,-23.8,964.4,0.3,293.7,79.1
2016-09-08 09:00:00,-20.7,967.9,0.2,239.4,71.2
2016-09-08 12:00:00,-20.0,967.6,0.6,213.3,58.9
2016-09-08 15:00:00,-18.5,964.5,,,79.9
2016-09-08 18:00:00,-18.8,963.2,0.4,291.4,84.0
2016-09-08 21:00:00,-19.3,964.7,,123.9,70.0
2016-09-09 00:00:00,-19.5,967.2,,221.8,76.5
2016-09-09 03:00:00,-19.9,970.9,,63.9,61.1
2016-09-09 06:00:00,-21.3,974.3,,212.0,56.0
2016-09-09 09:00:00,-23.7,976.2,0.7,256.7,77.0
2016-09-09 12:00:00,-23.6,976.3,0.1,122.4,76.3
2016-09-09 15:00:00,-27.7,973.4,1.7,243.2,75.3
2016-09-09 18:00:00,-25.7,967.7,0.7,233.7,75.7
2016-09-09 21:00:00,-25.3,962.1,2.6,256.8,75.3
2016-09-10 00:00:00,-22.7,954.5,1.5,231.3,70.2
2016-09-10 03:00:00,,950.6,0.1,86.8,60.9
2016-09-10 06:00:00,,950.9,0.9,48.0,76.5
2016-09-10 09:00:00,-23.4,951.6,1.3,97.0,75.2
2016-09-10 12:00:00,-23.3,952.9,1.3,97.1,77.8
2016-09-10 15:00:00,-24.6,953.6,0.0,108.9,76.2
2016-09-10 18:00:00,-22.9,954.7,0.6,109.4,78.3
2016-09-10 21:00:00,-21.4,956.9,2.3,40.4,69.9
2016-09-11 00:00:00,-21.3,959.4,,,69.5
2016-09-11 03:00:00,-21.2,961.5,1.4,211.0,61.9
2016-09-11 06:00:00,-22.0,964.7,0.8,193.1,74.3
2016-09-11 09:00:00,-22.8,966.8,0.8,13.1,71.2
2016-09-11 12:00:00,-24.4,968.4,1.6,227.3,67.8
2016-09-11 15:00:00,-25.1,969.0,3.7,229.4,62.5
2016-09-11 18:00:00,-25.6,968.6,,,66.9
2016-09-11 21:00:00,-27.6,968.3,0.0,154.1,68.7
2016-09-12 00:00:00,-25.8,967.9,,,62.1
2016-09-12 03:00:00,-25.0,967.1,0.1,231.4,66.8
2016-09-12 06:00:00,-25.4,967.2,,,71.8
2016-09-12 09:00:00,-26.0,967.1,2.0,237.0,68.6
2016-09-12 12:00:00,-27.0,967.2,0.5,218.6,67.3
2016-09-12 15:00:00,-25.9,966.7,2.9,236.7,60.6
2016-09-12 18:00:00,-25.6,966.2,1.4,158.2,55.3
2016-09-12 21:00:00,-25.8,964.9,,,55.8
2016-09-13 00:00:00,-26.4,964.6,8.9,233.9,68.0
2016-09-13 03:00:00,-26.7,963.6,9.2,223.9,66.5
2016-09-13 06:00:00,,,,,
2016-09-13 09:00:00,-25.2,961.6,,,62.1
2016-09-13 12:00:00,-25.7,960.5,4.5,138.7,59.6
2016-09-13 15:00:00,-26.3,958.5,0.1,54.6,60.6
2016-09-13 18:00:00,,,,,
2016-09-13 21:00:00,,,,,
2016-09-14 00:00:00,-26.9,954.4,0.5,59.7,63.6
2016-09-14 03:00:00,-27.1,953.1,0.0,264.1,66.2
2016-09-14 06:00:00,-29.4,952.9,0.1,234.3,70.2
2016-09-14 09:00:00,-30.6,953.9,1.1,268.9,70.6
2016-09-14 12:00:00,-29.4,955.7,1.9,228.6,68.7
2016-09-14 15:00:00,-29.2,958.3,1.7,44.5,71.6
2016-09-14 18:00:00,,963.0,4.0,149.6,73.7
2016-09-14 21:00:00,-26.0,966.8,,,66.1
2016-09-15 00:00:00,,968.6,,,64.5
2016-09-15 03:00:00,,,,,
2016-09-15 06:00:00,,,,,
2016-09-15 09:00:00,,,,,
2016-09-15 12:00:00,,,,,
2016-09-15 15:00:00,-33.6,979.6,0.7,5.6,63.7
2016-09-15 18:00:00,-31.6,981.1,0.2,5.6,69.6
2016-09-15 21:00:00,-29.4,982.3,,,64.5
2016-09-16 00:00:00,-28.0,983.2,0.0,254.2,63.7
2016-09-16 03:00:00,-28.2,983.7,,,63.9
2016-09-16 06:00:00,,,,,
2016-09-16 09:00:00,-28.1,984.9,,,72.8
2016-09-16 12:00:00,-28.0,985.3,,,71.8
2016-09-16 15:00:00,-28.9,985.4,,,69.1
2016-09-16 18:00:00,,,,,
2016-09-16 21:00:00,-27.1,984.5,1.5,284.2,52.0
2016-09-17 00:00:00,,983.3,0.5,266.8,52.9
2016-09-17 03:00:00,,983.3,0.6,227.7,
2016-09-17 06:00:00,-27.3,983.7,0.4,354.4,63.8
2016-09-17 09:00:00,,,,,
2016-09-17 12:00:00,-26.8,982.0,0.7,351.2,43.5
2016-09-17 15:00:00,-25.9,982.4,,,49.4
2016-09-17 18:00:00,,982.8,1.4,252.3,44.3
2016-09-17 21:00:00,-28.2,983.3,,,53.2
2016-09-18 00:00:00,-24.5,985.0,0.2,183.8,60.9
2016-09-18 03:00:00,-23.7,986.7,0.0,215.6,54.0
2016-09-18 06:00:00,,987.6,0.0,241.8,68.2
2016-09-18 09:00:00,,988.1,0.1,235.1,69.7
2016-09-18 12:00:00,-29.2,988.4,0.3,233.2,73.1
2016-09-18 15:00:00,-26.5,987.8,1.4,220.9,73.9
2016-09-18 18:00:00,,987.0,0.6,236.9,76.2
2016-09-18 21:00:00,-23.9,985.7,1.2,253.7,67.2
2016-09-19 00:00:00,-19.4,985.1,2.7,159.3,39.5
2016-09-19 03:00:00,,,,,
2016-09-19 06:00:00,,,,,
2016-09-19 09:00:00,,,,,
2016-09-19 12:00:00,-28.9,985.1,1.6,240.2,56.1
2016-09-19 15:00:00,,,,,
2016-09-19 18:00:00,,,,,
2016-09-19 21:00:00,-29.1,987.7,0.7,214.2,53.6
2016-09-20 00:00:00,-27.6,989.5,1.9,242.7,62.2
2016-09-20 03:00:00,,,,,
2016-09-20 06:00:00,,,,,
2016-09-20 09:00:00,,,,,
2016-09-20 12:00:00,-20.6,983.7,2.5,239.0,80.1
2016-09-20 15:00:00,-19.5,979.9,2.4,234.4,80.9
2016-09-20 18:00:00,-19.9,977.7,,232.0,78.1
2016-09-20 21:00:00,-20.7,977.6,,233.7,81.6
2016-09-21 00:00:00,-17.9,977.9,15.8,216.1,78.2
2016-09-21 03:00:00,-15.8,980.5,19.7,206.3,70.7
2016-09-21 06:00:00,-14.5,984.0,,203.2,52.8
2016-09-21 09:00:00,-13.2,989.5,15.5,198.4,48.0
2016-09-21 12:00:00,-11.6,995.3,15.2,205.2,40.7
2016-09-21 15:00:00,,999.7,,52.7,72.8
2016-09-21 18:00:00,,1001.6,,21.9,54.4
2016-09-21 21:00:00,-18.6,1000.1,1.8,226.0,61.6
2016-09-22 00:00:00,-21.4,994.6,1.2,307.6,76.3
2016-09-22 03:00:00,-19.4,987.8,0.6,224.3,69.4
2016-09-22 06:00:00,,,,,
2016-09-22 09:00:00,,,,,
2016-09-22 12:00:00,-18.1,971.4,0.6,55.2,79.6
2016-09-22 15:00:00,-18.1,972.1,,,78.0
2016-09-22 18:00:00,,,,,
2016-09-22 21:00:00,,973.2,0.7,223.7,
2016-09-23 00:00:00,-17.6,974.8,,234.6,75.6
2016-09-23 03:00:00,,,,,
2016-09-23 06:00:00,,,,,
2016-09-23 09:00:00,-17.5,980.7,1.3,186.8,56.8
2016-09-23 12:00:00,,980.5,1.5,210.4,56.4
2016-09-23 15:00:00,-21.5,979.6,4.4,244.7,52.2
2016-09-23 18:00:00,-23.6,979.9,2.4,154.5,56.0
2016-09-23 21:00:00,-22.0,980.6,0.3,202.4,59.3
2016-09-24 00:00:00,,981.1,0.2,291.3,56.6
2016-09-24 03:00:00,-21.8,980.1,0.8,269.1,63.0
2016-09-24 06:00:00,,,,,
2016-09-24 09:00:00,,,,,
2016-09-24 12:00:00,,,,,
2016-09-24 15:00:00,-29.8,981.6,0.2,289.7,71.2
2016-09-24 18:00:00,,,,,
2016-09-24 21:00:00,,,,,
2016-09-25 00:00:00,-24.3,983.9,0.5,260.5,62.9
2016-09-25 03:00:00,-24.6,984.7,1.0,261.7,67.9
2016-09-25 06:00:00,-25.6,986.6,,,64.5
2016-09-25 09:00:00,-25.4,988.8,2.2,235.7,67.0
2016-09-25 12:00:00,-26.1,990.6,0.7,245.5,69.7
2016-09-25 15:00:00,-25.0,991.8,2.0,248.1,57.8
2016-09-25 18:00:00,-27.4,994.3,0.1,35.1,65.5
2016-09-25 21:00:00,-25.3,995.2,0.0,256.5,53.1
2016-09-26 00:00:00,,996.4,1.6,221.4,48.9
2016-09-26 03:00:00,,997.5,1.2,223.3,47.8
2016-09-26 06:00:00,,997.9,1.3,244.9,64.6
2016-09-26 09:00:00,-29.0,997.5,1.6,229.7,66.6
2016-09-26 12:00:00,,996.8,1.4,210.3,51.5
2016-09-26 15:00:00,-28.8,996.1,0.0,30.2,68.0
2016-09-26 18:00:00,-28.3,995.3,0.8,30.1,70.8
2016-09-26 21:00:00,-26.3,993.6,0.2,234.3,64.1
2016-09-27 00:00:00,,,,,
2016-09-27 03:00:00,,,,,
2016-09-27 06:00:00,,,,,
2016-09-27 09:00:00,,,,,
2016-09-27 12:00:00,-22.8,993.3,2.8,236.6,50.8
2016-09-27 15:00:00,,,,,
2016-09-27 18:00:00,,992.6,1.0,255.6,42.0
2016-09-27 21:00:00,-15.1,993.4,,,
2016-09-28 00:00:00,-17.8,997.5,1.3,167.4,56.9
2016-09-28 03:00:00,-18.8,999.5,1.5,228.8,63.4
2016-09-28 06:00:00,,1000.4,1.7,244.4,72.3
2016-09-28 09:00:00,,1001.7,2.0,220.7,70.0
2016-09-28 12:00:00,-25.3,1001.5,2.5,233.0,66.9
2016-09-28 15:00:00,-25.2,1001.0,1.2,229.6,45.9
2016-09-28 18:00:00,-27.1,1001.1,0.1,212.8,65.3
2016-09-28 21:00:00,-26.2,1001.8,0.7,224.6,60.9
2016-09-29 00:00:00,,1001.9,2.2,240.7,51.1
2016-09-29 03:00:00,,1000.1,2.2,226.9,62.6
2016-09-29 06:00:00,-23.5,998.5,0.1,344.6,68.4
2016-09-29 09:00:00,-25.2,997.5,0.4,283.4,64.2
2016-09-29 12:00:00,-26.8,996.0,1.8,248.4,67.5
2016-09-29 15:00:00,-29.7,994.3,0.6,261.9,68.5
2016-09-29 18:00:00,-26.4,992.0,1.2,232.1,61.6
2016-09-29 21:00:00,,990.8,0.0,294.1,55.9
2016-09-30 00:00:00,,989.7,,,47.2
2016-09-30 03:00:00,-21.9,989.1,1.0,238.2,61.7
2016-09-30 06:00:00,-25.0,989.1,1.4,237.2,70.9
2016-09-30 09:00:00,,988.7,1.2,253.4,72.7
2016-09-30 12:00:00,-27.3,988.1,2.6,231.5,69.4
2016-09-30 15:00:00,-23.2,987.7,2.6,244.1,61.7
2016-09-30 18:00:00,,987.3,0.4,225.6,61.7
2016-09-30 21:00:00,-23.9,986.8,0.8,217.9,53.8
2016-10-01 00:00:00,-21.4,986.0,0.8,241.2,53.1
2016-10-01 03:00:00,-22.1,985.3,1.7,239.2,64.5
2016-10-01 06:00:00,-22.0,984.5,3.0,248.3,65.5
2016-10-01 09:00:00,,984.9,1.5,217.4,67.0
2016-10-01 12:00:00,,984.6,,,67.6
2016-10-01 15:00:00,,984.8,0.6,61.0,55.7
2016-10-01 18:00:00,-27.9,985.5,1.2,143.1,55.9
2016-10-01 21:00:00,,985.7,4.3,230.0,54.3
2016-10-02 00:00:00,,986.1,,221.2,39.9
2016-10-02 03:00:00,,987.4,,211.5,45.8
2016-10-02 06:00:00,-13.2,988.1,13.7,210.4,41.9
2016-10-02 09:00:00,-13.3,989.6,13.4,216.8,52.8
2016-10-02 12:00:00,-12.3,990.4,11.9,204.6,28.3
2016-10-02 15:00:00,-16.4,992.2,,264.1,33.0
2016-10-02 18:00:00,,992.7,,180.8,33.7
2016-10-02 21:00:00,,993.4,1.0,246.2,60.6
2016-10-03 00:00:00,-18.4,994.9,0.9,250.1,46.1
2016-10-03 03:00:00,,994.8,2.5,223.1,62.4
2016-10-03 06:00:00,-16.8,996.1,1.4,214.4,55.4
2016-10-03 09:00:00,,997.4,1.6,159.4,52.8
2016-10-03 12:00:00,,998.0,2.0,216.3,66.6
2016-10-03 15:00:00,-21.4,998.4,0.2,339.2,56.6
2016-10-03 18:00:00,-24.6,999.0,1.5,263.5,57.2
2016-10-03 21:00:00,-21.9,999.2,0.2,65.6,56.6
2016-10-04 00:00:00,,1000.2,,244.6,40.6
2016-10-04 03:00:00,,1000.6,4.5,209.9,37.6
2016-10-04 06:00:00,-16.4,1000.9,,31.5,44.9
2016-10-04 09:00:00,,1000.0,1.5,239.4,64.4
2016-10-04 12:00:00,-21.1,999.4,0.6,220.5,52.7
2016-10-04 15:00:00,-25.4,997.7,1.8,234.0,65.5
2016-10-04 18:00:00,-24.7,995.2,0.2,290.8,62.7
2016-10-04 21:00:00,-23.1,992.3,0.8,229.7,61.7
2016-10-05 00:00:00,-21.0,989.0,0.4,238.2,65.3
2016-10-05 03:00:00,-20.1,986.3,1.1,254.3,62.3
2016-10-05 06:00:00,-19.6,986.2,,,71.1
2016-10-05 09:00:00,-20.5,990.3,0.1,334.4,75.4
2016-10-05 12:00:00,-21.5,991.7,,244.4,74.3
2016-10-05 15:00:00,-19.7,993.0,3.3,136.9,65.9
2016-10-05 18:00:00,-22.2,994.2,2.5,64.0,75.3
2016-10-05 21:00:00,-22.1,995.4,0.3,243.5,52.0
2016-10-06 00:00:00,-22.0,995.9,2.1,301.5,68.3
2016-10-06 03:00:00,-21.9,995.2,3.8,243.3,53.1
2016-10-06 06:00:00,-23.2,995.2,0.2,335.9,59.9
2016-10-06 09:00:00,-26.5,995.0,2.1,236.6,60.2
2016-10-06 12:00:00,-27.3,994.4,2.7,263.1,62.2
2016-10-06 15:00:00,-28.3,993.3,2.5,241.9,59.6
2016-10-06 18:00:00,-30.5,992.4,2.0,238.9,66.2
2016-10-06 21:00:00,-26.9,991.9,0.2,139.4,54.8
2016-10-07 00:00:00,,991.4,0.0,241.8,49.5
2016-10-07 03:00:00,-22.9,990.7,1.9,224.6,64.8
2016-10-07 06:00:00,-23.9,990.3,0.2,334.7,62.7
2016-10-07 09:00:00,-26.7,990.4,0.5,219.7,60.5
2016-10-07 12:00:00,,990.1,0.7,236.2,66.4
2016-10-07 15:00:00,-29.2,989.5,0.5,240.7,67.5
2016-10-07 18:00:00,-28.8,989.3,0.4,236.0,64.7
2016-10-07 21:00:00,-27.1,989.8,1.4,249.4,62.4
2016-10-08 00:00:00,,989.6,0.0,242.0,57.9
2016-10-08 03:00:00,,989.0,0.3,239.5,49.3
2016-10-08 06:00:00,-22.8,988.2,0.1,255.6,61.3
2016-10-08 09:00:00,-23.1,987.2,,,70.1
2016-10-08 12:00:00,-23.4,985.9,0.0,251.7,64.7
2016-10-08 15:00:00,-21.6,984.5,0.4,230.3,62.2
2016-10-08 18:00:00,,983.9,,228.7,69.4
2016-10-08 21:00:00,,983.7,,225.5,70.7
2016-10-09 00:00:00,-16.3,983.4,10.5,222.6,66.8
2016-10-09 03:00:00,-16.2,984.0,10.0,222.7,65.5
2016-10-09 06:00:00,-16.3,984.5,12.4,216.6,48.5
2016-10-09 09:00:00,-14.5,985.4,9.8,203.9,42.9
2016-10-09 12:00:00,-18.0,988.5,,242.4,59.5
2016-10-09 15:00:00,-18.1,991.1,7.2,238.3,65.0
2016-10-09 18:00:00,-17.9,994.1,4.7,235.6,56.2
2016-10-09 21:00:00,,997.1,,153.9,71.6
2016-10-10 00:00:00,,999.0,0.5,285.9,71.7
2016-10-10 03:00:00,,998.2,0.3,300.1,56.4
2016-10-10 06:00:00,-18.4,996.8,1.0,193.7,65.3
2016-10-10 09:00:00,-22.2,995.5,1.7,291.4,71.6
2016-10-10 12:00:00,,993.5,1.5,285.6,73.7
2016-10-10 15:00:00,-20.4,992.1,0.2,129.3,69.0
2016-10-10 18:00:00,-19.2,990.8,1.6,223.0,79.8
2016-10-10 21:00:00,,989.7,2.3,244.1,84.4
2016-10-11 00:00:00,,988.1,0.9,213.8,80.4
2016-10-11 03:00:00,-13.3,987.4,0.3,14.1,77.2
2016-10-11 06:00:00,-13.5,986.7,2.5,99.3,71.2
2016-10-11 09:00:00,-13.3,985.9,2.3,109.6,69.5
2016-10-11 12:00:00,-13.6,985.6,3.6,74.3,83.9
2016-10-11 15:00:00,-14.6,986.0,0.6,48.7,85.4
2016-10-11 18:00:00,-14.2,987.0,,233.9,85.5
2016-10-11 21:00:00,-13.6,988.6,,226.7,83.1
2016-10-12 00:00:00,-13.6,990.9,14.2,231.6,85.7
2016-10-12 03:00:00,-12.9,991.4,13.0,230.3,77.9
2016-10-12 06:00:00,-13.0,992.5,12.8,228.8,76.4
2016-10-12 09:00:00,-13.1,994.2,9.4,227.4,78.2
2016-10-12 12:00:00,-12.7,994.9,,223.2,69.0
2016-10-12 15:00:00,-11.7,994.8,,217.4,69.0
2016-10-12 18:00:00,-11.5,994.8,,233.8,54.9
2016-10-12 21:00:00,-12.3,994.7,7.1,227.6,60.4
2016-10-13 00:00:00,-12.1,993.4,7.4,225.8,61.3
2016-10-13 03:00:00,-11.8,992.0,,260.9,56.6
2016-10-13 06:00:00,-11.9,990.6,,9.1,54.0
2016-10-13 09:00:00,-12.1,989.0,1.1,150.7,61.0
2016-10-13 12:00:00,-13.3,987.0,0.4,128.2,67.3
2016-10-13 15:00:00,-13.9,985.1,0.3,170.6,74.5
2016-10-13 18:00:00,-14.2,983.4,,,81.8
2016-10-13 21:00:00,-13.2,981.5,0.3,96.9,78.9
2016-10-14 00:00:00,-12.4,980.3,3.0,160.8,70.0
2016-10-14 03:00:00,-11.8,979.4,2.4,125.4,65.8
2016-10-14 06:00:00,-12.7,978.6,4.9,141.2,67.7
2016-10-14 09:00:00,-13.8,978.6,1.7,262.1,72.5
2016-10-14 12:00:00,-14.0,977.9,1.4,344.6,76.5
2016-10-14 15:00:00,-13.6,978.0,3.0,235.0,71.7
2016-10-14 18:00:00,-13.9,978.7,0.5,45.8,78.1
2016-10-14 21:00:00,-14.0,980.1,2.9,356.3,80.8
2016-10-15 00:00:00,-14.0,981.2,0.4,292.4,76.5
2016-10-15 03:00:00,-14.1,981.8,3.4,142.3,71.4
2016-10-15 06:00:00,-14.6,982.3,2.3,111.7,64.8
2016-10-15 09:00:00,-16.3,982.2,0.5,61.0,75.2
2016-10-15 12:00:00,-16.0,982.0,0.5,136.7,72.7
2016-10-15 15:00:00,-17.7,981.4,0.2,219.9,82.1
2016-10-15 18:00:00,-17.8,981.5,0.6,227.1,81.3
2016-10-15 21:00:00,-16.8,981.1,1.5,206.1,74.7
2016-10-16 00:00:00,-15.9,980.9,2.1,211.6,61.2
2016-10-16 03:00:00,-15.3,981.1,2.2,224.3,60.3
2016-10-16 06:00:00,-15.5,981.9,2.0,274.3,62.9
2016-10-16 09:00:00,-16.8,982.9,0.3,20.4,66.9
2016-10-16 12:00:00,-17.4,984.0,1.1,205.7,69.0
2016-10-16 15:00:00,-18.4,985.0,1.5,176.2,62.1
2016-10-16 18:00:00,-17.2,986.0,0.7,224.8,58.2
2016-10-16 21:00:00,-17.2,986.2,0.3,70.5,64.6
2016-10-17 00:00:00,-15.3,985.5,1.0,179.4,55.4
2016-10-17 03:00:00,-15.0,984.1,0.7,282.5,66.4
2016-10-17 06:00:00,-17.7,982.7,,,68.2
2016-10-17 09:00:00,-18.4,980.6,0.8,227.4,76.6
2016-10-17 12:00:00,-21.3,977.3,2.1,244.0,76.9
2016-10-17 15:00:00,-23.0,974.4,0.8,224.3,75.2
2016-10-17 18:00:00,-25.9,971.6,0.0,152.3,77.7
2016-10-17 21:00:00,-23.3,970.1,0.4,225.8,66.3
2016-10-18 00:00:00,,970.0,0.3,278.7,69.7
2016-10-18 03:00:00,,969.4,1.0,267.5,66.7
2016-10-18 06:00:00,-19.2,969.1,1.1,226.8,77.5
2016-10-18 09:00:00,,969.7,0.1,216.1,80.9
2016-10-18 12:00:00,,970.2,2.9,49.3,81.5
2016-10-18 15:00:00,-24.0,970.6,2.0,233.8,79.8
2016-10-18 18:00:00,-23.2,971.4,0.0,265.7,80.3
2016-10-18 21:00:00,-20.2,972.4,1.0,207.7,82.7
2016-10-19 00:00:00,,973.8,1.9,251.8,85.4
2016-10-19 03:00:00,,974.8,0.3,258.7,90.8
2016-10-19 06:00:00,-17.4,975.3,1.7,239.9,85.9
2016-10-19 09:00:00,-20.4,975.6,1.4,248.4,83.2
2016-10-19 12:00:00,-21.1,975.3,2.5,252.2,82.4
2016-10-19 15:00:00,-18.4,974.9,2.2,242.1,84.6
2016-10-19 18:00:00,-18.5,974.4,2.7,246.3,84.8
2016-10-19 21:00:00,-15.6,974.3,1.8,217.8,87.9
2016-10-20 00:00:00,-14.4,974.1,0.5,231.5,90.1
2016-10-20 03:00:00,,974.0,0.1,252.1,83.5
2016-10-20 06:00:00,-14.4,974.7,1.8,224.5,82.3
2016-10-20 09:00:00,-15.7,975.9,2.1,159.0,78.9
2016-10-20 12:00:00,-17.4,977.4,0.6,306.2,78.5
2016-10-20 15:00:00,-16.4,978.8,0.5,225.1,74.9
2016-10-20 18:00:00,-17.0,980.1,1.8,213.2,78.3
2016-10-20 21:00:00,-15.0,981.6,0.6,114.7,67.6
2016-10-21 00:00:00,,982.4,0.6,92.8,69.0
2016-10-21 03:00:00,-15.2,982.5,1.9,35.0,78.4
2016-10-21 06:00:00,-14.9,982.8,2.2,23.9,71.0
2016-10-21 09:00:00,-16.1,982.7,2.4,227.6,69.5
2016-10-21 12:00:00,-16.3,982.5,2.0,223.3,66.1
2016-10-21 15:00:00,-20.7,982.0,,,78.5
2016-10-21 18:00:00,-17.2,981.9,2.0,235.7,64.5
2016-10-21 21:00:00,,981.6,0.2,190.8,62.2
2016-10-22 00:00:00,-15.3,981.3,3.4,235.4,61.9
2016-10-22 03:00:00,-14.6,981.1,0.2,304.9,53.9
2016-10-22 06:00:00,-15.5,981.1,0.1,302.9,71.0
2016-10-22 09:00:00,-16.6,981.4,0.6,149.5,73.9
2016-10-22 12:00:00,-17.2,981.3,1.2,204.2,72.9
2016-10-22 15:00:00,-18.5,981.0,0.5,240.2,74.3
2016-10-22 18:00:00,-18.2,981.3,,,59.8
2016-10-22 21:00:00,-17.1,980.9,0.1,109.0,49.8
2016-10-23 00:00:00,-16.1,980.1,1.3,249.0,50.8
2016-10-23 03:00:00,,979.9,0.5,274.3,50.7
2016-10-23 06:00:00,-16.8,980.8,3.8,148.2,65.8
2016-10-23 09:00:00,-18.3,982.1,,146.9,71.8
2016-10-23 12:00:00,-20.5,982.8,,72.3,59.5
2016-10-23 15:00:00,-22.6,982.6,,185.4,72.3
2016-10-23 18:00:00,-24.8,981.2,1.7,245.6,73.1
2016-10-23 21:00:00,-22.5,980.5,1.4,269.9,67.0
2016-10-24 00:00:00,,979.2,2.6,227.0,66.6
2016-10-24 03:00:00,,977.6,0.8,245.1,61.2
2016-10-24 06:00:00,-19.9,976.7,0.2,269.7,64.3
2016-10-24 09:00:00,,976.0,,,73.4
2016-10-24 12:00:00,,974.8,1.0,238.5,76.2
2016-10-24 15:00:00,-27.4,974.0,0.6,280.8,72.8
2016-10-24 18:00:00,-28.6,972.8,0.4,228.2,72.8
2016-10-24 21:00:00,,971.9,1.9,235.4,66.3
2016-10-25 00:00:00,,973.0,1.7,237.4,57.9
2016-10-25 03:00:00,,975.7,1.4,326.8,55.5
2016-10-25 06:00:00,-16.5,976.4,0.0,214.3,60.6
2016-10-25 09:00:00,-17.6,976.7,1.2,207.1,67.7
2016-10-25 12:00:00,-17.7,976.8,0.4,269.3,64.3
2016-10-25 15:00:00,-16.2,977.4,0.9,151.2,48.8
2016-10-25 18:00:00,-16.2,979.1,0.2,189.2,46.1
2016-10-25 21:00:00,-14.9,981.1,2.0,241.4,44.1
2016-10-26 00:00:00,-13.1,982.5,1.4,284.3,55.7
2016-10-26 03:00:00,-11.6,983.7,0.6,263.1,43.4
2016-10-26 06:00:00,-15.1,985.1,1.5,241.9,41.9
2016-10-26 09:00:00,,987.1,1.5,240.7,58.3
2016-10-26 12:00:00,-19.8,988.2,2.6,229.1,58.5
2016-10-26 15:00:00,-18.3,988.4,1.6,234.6,43.6
2016-10-26 18:00:00,-17.4,989.3,0.7,207.0,43.3
2016-10-26 21:00:00,-14.2,989.4,1.0,236.1,55.6
2016-10-27 00:00:00,-14.5,988.9,0.3,277.4,65.3
2016-10-27 03:00:00,,988.0,1.1,251.0,54.2
2016-10-27 06:00:00,-13.1,987.1,0.9,235.9,63.3
2016-10-27 09:00:00,-17.9,987.0,1.2,234.0,64.2
2016-10-27 12:00:00,,986.4,,,74.8
2016-10-27 15:00:00,-21.4,985.2,,,64.7
2016-10-27 18:00:00,-24.7,984.3,0.7,68.9,74.8
2016-10-27 21:00:00,,983.9,0.2,58.0,56.0
2016-10-28 00:00:00,,983.3,0.0,279.9,56.7
2016-10-28 03:00:00,-12.6,983.3,0.4,249.6,52.1
2016-10-28 06:00:00,-12.2,983.5,,,60.5
2016-10-28 09:00:00,-16.8,984.2,0.2,204.4,74.9
2016-10-28 12:00:00,,984.5,0.7,250.5,76.5
2016-10-28 15:00:00,-16.4,984.3,2.3,205.5,64.6
2016-10-28 18:00:00,-16.9,984.0,3.3,223.9,66.2
2016-10-28 21:00:00,-14.7,984.0,5.7,232.1,68.3
2016-10-29 00:00:00,-13.3,983.7,5.6,245.5,65.8
2016-10-29 03:00:00,-13.3,983.6,5.2,243.5,60.4
2016-10-29 06:00:00,-14.8,983.8,1.3,253.2,70.0
2016-10-29 09:00:00,,984.1,,202.1,69.6
2016-10-29 12:00:00,,984.3,0.0,231.7,77.9
2016-10-29 15:00:00,-22.5,984.5,0.8,209.9,80.9
2016-10-29 18:00:00,-24.0,984.6,0.6,54.3,79.4
2016-10-29 21:00:00,,985.2,1.2,257.6,55.2
2016-10-30 00:00:00,,985.3,0.0,220.0,53.0
2016-10-30 03:00:00,-10.2,984.6,0.7,314.3,55.5
2016-10-30 06:00:00,-12.7,983.2,1.0,326.4,56.1
2016-10-30 09:00:00,,982.6,0.1,217.6,72.2
2016-10-30 12:00:00,,981.6,1.0,239.1,74.5
2016-10-30 15:00:00,-19.7,980.5,0.5,236.2,70.7
2016-10-30 18:00:00,-16.6,980.1,0.6,277.0,69.9
2016-10-30 21:00:00,,980.4,2.0,218.6,71.0
2016-10-31 00:00:00,-14.1,981.5,5.1,244.9,67.5
2016-10-31 03:00:00,-13.6,983.4,5.0,142.8,66.8
2016-10-31 06:00:00,-14.4,985.3,6.6,147.8,71.0
2016-10-31 09:00:00,-14.5,986.9,5.1,158.3,68.1
2016-10-31 12:00:00,-15.4,986.5,,156.6,83.9
2016-10-31 15:00:00,-15.5,986.5,0.9,235.7,80.5
2016-10-31 18:00:00,-15.2,985.7,0.5,120.0,72.2
2016-10-31 21:00:00,-14.7,986.6,2.3,2.3,76.6
2016-11-01 00:00:00,-12.3,988.5,1.2,95.5,59.5
2016-11-01 03:00:00,-11.8,991.7,0.8,27.2,61.5
2016-11-01 06:00:00,-13.7,993.3,0.1,207.6,73.0
2016-11-01 09:00:00,-16.1,995.7,1.2,162.9,72.3
2016-11-01 12:00:00,-18.6,996.9,2.0,242.2,80.1
2016-11-01 15:00:00,-21.0,998.6,0.9,196.7,83.5
2016-11-01 18:00:00,-21.9,1000.2,3.1,228.5,72.4
2016-11-01 21:00:00,,1001.8,0.8,155.3,56.2
2016-11-02 00:00:00,,1002.6,2.9,228.7,72.0
2016-11-02 03:00:00,-12.9,1004.6,0.9,259.0,66.4
2016-11-02 06:00:00,-13.0,1006.5,1.3,219.2,73.2
2016-11-02 09:00:00,-13.4,1008.0,0.8,223.6,75.2
2016-11-02 12:00:00,-13.3,1008.9,2.1,227.0,78.9
2016-11-02 15:00:00,-12.5,1008.6,,,75.0
2016-11-02 18:00:00,-11.3,1008.9,,,76.0
2016-11-02 21:00:00,-9.6,1009.5,,,55.9
2016-11-03 00:00:00,,1009.4,0.3,226.6,58.7
2016-11-03 03:00:00,,1009.1,1.2,237.5,72.1
2016-11-03 06:00:00,-7.6,1009.5,,,68.4
2016-11-03 09:00:00,-9.3,1009.0,1.0,50.8,81.7
2016-11-03 12:00:00,-10.0,1008.3,0.3,57.5,86.1
2016-11-03 15:00:00,-9.7,1006.5,0.4,225.3,87.7
2016-11-03 18:00:00,-9.3,1004.9,0.2,236.4,82.1
2016-11-03 21:00:00,-9.6,1003.4,0.6,204.7,76.5
2016-11-04 00:00:00,,1001.8,,,57.8
2016-11-04 03:00:00,,999.5,0.3,230.7,80.7
2016-11-04 06:00:00,,998.1,0.3,211.8,72.8
2016-11-04 09:00:00,,997.0,0.3,251.7,82.4
2016-11-04 12:00:00,-18.3,996.1,0.6,223.6,87.5
2016-11-04 15:00:00,-15.8,994.9,1.8,220.6,85.7
2016-11-04 18:00:00,-16.9,994.5,0.6,222.6,91.6
2016-11-04 21:00:00,-14.5,994.8,0.4,211.7,86.0
2016-11-05 00:00:00,,995.8,2.5,241.6,81.7
2016-11-05 03:00:00,-12.4,997.9,1.8,199.7,79.9
2016-11-05 06:00:00,-10.4,997.6,1.4,227.5,82.7
2016-11-05 09:00:00,-12.6,998.3,0.0,221.6,77.6
2016-11-05 12:00:00,,1000.1,0.6,218.0,90.5
2016-11-05 15:00:00,-12.0,1001.3,1.7,150.1,72.1
2016-11-05 18:00:00,-13.2,1002.7,0.3,217.4,79.4
2016-11-05 21:00:00,,1004.0,0.4,150.6,53.3
2016-11-06 00:00:00,,1005.4,1.0,225.9,65.9
2016-11-06 03:00:00,,1006.8,0.7,38.2,42.4
2016-11-06 06:00:00,,1007.6,0.5,212.6,57.1
2016-11-06 09:00:00,,1008.4,0.2,276.3,69.5
2016-11-06 12:00:00,-18.1,1008.5,1.2,240.0,86.1
2016-11-06 15:00:00,-18.4,1008.3,0.7,231.3,81.9
2016-11-06 18:00:00,-20.9,1008.7,1.4,238.0,77.4
2016-11-06 21:00:00,,1009.1,1.0,195.1,58.4
2016-11-07 00:00:00,,1007.6,2.2,217.7,48.6
2016-11-07 03:00:00,,1007.6,0.4,234.7,40.4
2016-11-07 06:00:00,,1008.4,1.2,227.9,69.6
2016-11-07 09:00:00,-13.2,1008.0,2.7,229.1,76.9
2016-11-07 12:00:00,-16.0,1008.2,0.4,203.6,77.0
2016-11-07 15:00:00,,1006.4,2.2,234.5,80.7
2016-11-07 18:00:00,-17.9,1005.3,0.4,56.6,77.2
2016-11-07 21:00:00,,1003.7,2.5,244.3,76.0
2016-11-08 00:00:00,,1001.6,1.1,254.3,65.2
2016-11-08 03:00:00,,999.5,0.6,34.9,67.4
2016-11-08 06:00:00,,997.4,0.2,333.7,67.0
2016-11-08 09:00:00,,996.3,0.1,184.7,61.4
2016-11-08 12:00:00,-12.6,995.9,1.5,248.4,80.7
2016-11-08 15:00:00,-12.1,995.1,0.3,185.8,80.4
2016-11-08 18:00:00,-14.7,995.6,0.5,269.9,82.1
2016-11-08 21:00:00,,995.6,0.2,157.1,51.3
2016-11-09 00:00:00,,995.6,1.7,244.6,75.2
2016-11-09 03:00:00,-4.7,995.0,1.7,235.4,72.4
2016-11-09 06:00:00,-4.3,994.7,0.2,214.1,64.6
2016-11-09 09:00:00,-6.3,995.7,2.2,217.9,71.9
2016-11-09 12:00:00,,996.4,0.0,231.2,84.7
2016-11-09 15:00:00,-9.8,996.6,0.5,226.1,78.9
2016-11-09 18:00:00,-7.7,997.5,0.3,83.1,70.5
2016-11-09 21:00:00,-5.3,998.0,1.3,186.0,67.7
2016-11-10 00:00:00,,996.9,0.0,283.7,72.1
2016-11-10 03:00:00,,994.8,1.0,325.5,67.5
2016-11-10 06:00:00,,992.8,1.2,222.4,75.8
2016-11-10 09:00:00,-6.7,991.0,1.3,215.9,77.1
2016-11-10 12:00:00,,989.6,0.6,242.3,90.9
2016-11-10 15:00:00,,988.9,0.8,244.0,88.4
2016-11-10 18:00:00,-10.8,990.2,0.1,236.7,84.7
2016-11-10 21:00:00,,992.6,1.4,267.7,74.5
2016-11-11 00:00:00,,993.5,0.7,238.6,66.8
2016-11-11 03:00:00,,994.7,1.6,240.8,76.2
2016-11-11 06:00:00,-5.0,996.5,0.4,45.7,62.2
2016-11-11 09:00:00,-6.7,998.1,,143.4,60.5
2016-11-11 12:00:00,-8.8,1000.4,,198.0,70.4
2016-11-11 15:00:00,-7.8,1001.5,3.5,142.1,74.3
2016-11-11 18:00:00,-8.8,1003.0,0.4,190.8,78.0
2016-11-11 21:00:00,-7.7,1004.0,0.7,291.9,71.6
2016-11-12 00:00:00,,1004.2,1.0,211.3,68.8
2016-11-12 03:00:00,-6.4,1004.0,0.9,321.0,64.9
2016-11-12 06:00:00,-7.4,1003.8,4.7,153.2,66.0
2016-11-12 09:00:00,-9.6,1003.5,,152.6,73.5
2016-11-12 12:00:00,-9.7,1003.0,,270.5,86.1
2016-11-12 15:00:00,-9.9,1002.4,,32.5,90.1
2016-11-12 18:00:00,-9.3,1002.2,0.3,208.8,82.5
2016-11-12 21:00:00,-9.1,1002.9,1.6,44.6,71.2
2016-11-13 00:00:00,-9.3,1003.2,1.4,188.4,64.5
2016-11-13 03:00:00,-8.9,1004.1,,236.3,75.4
2016-11-13 06:00:00,-9.5,1004.7,,251.0,63.5
2016-11-13 09:00:00,-12.2,1007.5,,230.4,79.3
2016-11-13 12:00:00,-12.0,1008.3,6.2,229.6,77.7
2016-11-13 15:00:00,-11.9,1008.4,6.2,240.7,72.3
2016-11-13 18:00:00,-11.5,1008.5,,228.6,62.6
2016-11-13 21:00:00,-9.1,1009.5,4.3,223.6,72.9
2016-11-14 00:00:00,-10.4,1009.0,5.3,235.3,68.4
2016-11-14 03:00:00,-9.2,1008.2,4.0,233.4,72.0
2016-11-14 06:00:00,-11.6,1006.8,,257.9,60.7
2016-11-14 09:00:00,-9.7,1005.4,0.1,160.2,67.6
2016-11-14 12:00:00,-13.0,1004.0,0.2,62.3,74.5
2016-11-14 15:00:00,,1002.6,0.4,257.9,82.0
2016-11-14 18:00:00,-15.9,1001.9,1.4,226.2,82.1
2016-11-14 21:00:00,,1001.5,0.7,215.2,74.0
2016-11-15 00:00:00,,1001.0,1.1,242.9,71.0
2016-11-15 03:00:00,-6.9,1000.7,2.0,293.8,70.6
2016-11-15 06:00:00,-7.4,1000.9,2.3,291.1,77.7
2016-11-15 09:00:00,-9.1,1001.7,0.7,347.6,82.4
2016-11-15 12:00:00,-10.1,1002.7,0.2,330.9,81.4
2016-11-15 15:00:00,-10.4,1003.2,0.0,266.2,84.0
2016-11-15 18:00:00,-9.2,1004.0,,,72.3
2016-11-15 21:00:00,,1004.7,0.0,306.8,72.4
2016-11-16 00:00:00,,1004.8,0.9,216.8,77.9
2016-11-16 03:00:00,,1004.5,0.2,259.9,59.0
2016-11-16 06:00:00,,1004.3,0.4,351.0,72.6
2016-11-16 09:00:00,,1004.2,0.1,147.9,75.5
2016-11-16 12:00:00,-12.5,1003.5,0.1,227.5,87.5
2016-11-16 15:00:00,-12.4,1002.7,,,80.4
2016-11-16 18:00:00,-10.7,1001.8,0.6,323.3,74.2
2016-11-16 21:00:00,-9.2,1001.1,0.7,255.2,74.8
2016-11-17 00:00:00,,1000.1,0.8,241.3,68.6
2016-11-17 03:00:00,,999.5,0.8,243.9,72.4
2016-11-17 06:00:00,,999.1,0.1,335.6,70.3
2016-11-17 09:00:00,-10.1,999.2,0.2,244.7,87.0
2016-11-17 12:00:00,-11.8,999.2,,,90.9
2016-11-17 15:00:00,-12.5,998.8,0.0,357.6,89.6
2016-11-17 18:00:00,-13.0,998.5,1.2,39.2,83.1
2016-11-17 21:00:00,,997.9,0.8,295.9,60.1
2016-11-18 00:00:00,-8.5,997.8,1.7,352.0,68.4
2016-11-18 03:00:00,-7.9,996.9,1.2,340.2,62.5
2016-11-18 06:00:00,,996.5,0.9,295.1,68.1
2016-11-18 09:00:00,-13.6,995.6,0.0,216.3,61.4
2016-11-18 12:00:00,-16.5,995.2,1.0,246.8,84.6
2016-11-18 15:00:00,,994.6,1.7,238.1,86.0
2016-11-18 18:00:00,-17.2,993.4,0.6,255.5,72.6
2016-11-18 21:00:00,,993.1,0.6,211.9,50.6
2016-11-19 00:00:00,,991.9,1.1,241.7,42.2
2016-11-19 03:00:00,-6.9,991.2,1.7,254.6,62.9
2016-11-19 06:00:00,-8.5,990.9,2.1,227.5,65.8
2016-11-19 09:00:00,-10.6,991.6,0.4,273.5,66.0
2016-11-19 12:00:00,-11.9,993.2,0.4,77.9,57.0
2016-11-19 15:00:00,-12.4,993.7,1.0,225.5,68.3
2016-11-19 18:00:00,-11.6,993.5,0.2,196.5,76.2
2016-11-19 21:00:00,-8.9,992.6,0.4,174.5,68.6
2016-11-20 00:00:00,-8.1,991.2,1.5,23.7,59.0
2016-11-20 03:00:00,-7.7,989.4,0.9,0.3,57.7
2016-11-20 06:00:00,-7.5,987.9,0.2,288.6,57.9
2016-11-20 09:00:00,-10.0,986.7,0.2,246.5,73.2
2016-11-20 12:00:00,-12.3,985.4,0.6,217.4,78.7
2016-11-20 15:00:00,-13.4,984.1,0.7,328.4,74.0
2016-11-20 18:00:00,-11.1,982.9,0.1,172.1,71.6
2016-11-20 21:00:00,,982.5,0.7,241.3,55.0
2016-11-21 00:00:00,,981.5,0.5,13.2,48.3
2016-11-21 03:00:00,-1.7,980.1,,207.7,46.2
2016-11-21 06:00:00,-1.1,979.4,,196.9,46.6
2016-11-21 09:00:00,-3.5,980.1,3.6,227.5,75.0
2016-11-21 12:00:00,-4.7,980.0,,49.1,82.6
2016-11-21 15:00:00,-6.3,980.3,0.4,105.1,92.2
2016-11-21 18:00:00,-6.0,981.6,2.7,151.1,83.9
2016-11-21 21:00:00,-7.0,984.3,,152.6,77.2
2016-11-22 00:00:00,-6.9,986.8,6.8,142.1,73.7
2016-11-22 03:00:00,-6.3,988.6,4.1,138.4,72.4
2016-11-22 06:00:00,-5.3,990.3,,213.9,65.3
2016-11-22 09:00:00,-7.4,991.9,1.1,309.4,74.0
2016-11-22 12:00:00,,992.2,2.3,59.3,80.9
2016-11-22 15:00:00,-9.8,992.7,4.7,141.3,71.6
2016-11-22 18:00:00,-10.0,991.5,,243.4,81.4
2016-11-22 21:00:00,,,,,
2016-11-23 00:00:00,-6.5,991.0,4.5,55.4,57.3
2016-11-23 03:00:00,-5.4,991.1,3.9,128.7,44.3
2016-11-23 06:00:00,-5.8,990.7,1.2,45.6,58.5
2016-11-23 09:00:00,-4.9,990.1,0.8,246.6,57.3
2016-11-23 12:00:00,-6.3,989.2,0.9,82.5,68.9
2016-11-23 15:00:00,-5.6,987.9,4.3,228.5,68.8
2016-11-23 18:00:00,-4.4,987.6,0.2,352.3,59.9
2016-11-23 21:00:00,-3.9,987.3,0.3,355.2,69.2
2016-11-24 00:00:00,-1.7,986.9,1.0,15.9,69.8
2016-11-24 03:00:00,,987.1,1.8,30.3,52.3
2016-11-24 06:00:00,,987.7,0.1,325.9,57.8
2016-11-24 09:00:00,,988.1,,,81.2
2016-11-24 12:00:00,-12.7,988.3,0.1,241.6,92.8
2016-11-24 15:00:00,-10.8,988.5,0.0,21.1,92.5
2016-11-24 18:00:00,-9.5,988.9,1.6,291.5,93.3
2016-11-24 21:00:00,-9.2,989.3,1.5,284.5,92.2
2016-11-25 00:00:00,-8.3,989.5,1.8,222.4,91.4
2016-11-25 03:00:00,-7.0,989.4,2.1,249.5,85.7
2016-11-25 06:00:00,-7.3,989.4,4.0,247.4,87.8
2016-11-25 09:00:00,-7.4,989.8,2.3,257.0,85.7
2016-11-25 12:00:00,-7.8,990.6,0.1,248.3,83.9
2016-11-25 15:00:00,-8.0,990.5,1.5,241.9,82.1
2016-11-25 18:00:00,-7.7,991.0,1.2,243.4,80.4
2016-11-25 21:00:00,-7.3,991.9,1.7,313.0,79.2
2016-11-26 00:00:00,-4.7,992.7,0.4,358.8,64.7
2016-11-26 03:00:00,-5.1,993.0,1.1,38.6,69.8
2016-11-26 06:00:00,-5.9,993.4,0.6,305.0,74.7
2016-11-26 09:00:00,-6.9,994.4,2.6,117.8,80.3
2016-11-26 12:00:00,-7.6,994.9,4.1,148.8,81.4
2016-11-26 15:00:00,-7.8,995.7,4.1,146.4,80.2
2016-11-26 18:00:00,-7.0,996.6,0.2,200.5,75.2
2016-11-26 21:00:00,-5.7,997.7,0.1,354.6,70.6
2016-11-27 00:00:00,-5.5,998.7,1.1,18.3,73.8
2016-11-27 03:00:00,-4.4,998.7,0.4,34.6,68.6
2016-11-27 06:00:00,-6.1,999.1,1.1,50.8,76.6
2016-11-27 09:00:00,-6.5,999.2,2.3,109.6,78.4
2016-11-27 12:00:00,-6.9,999.8,3.5,144.0,77.1
2016-11-27 15:00:00,-7.0,999.7,0.0,224.7,81.1
2016-11-27 18:00:00,-6.6,1000.1,0.2,343.2,79.2
2016-11-27 21:00:00,-4.8,1000.5,0.6,254.5,69.7
2016-11-28 00:00:00,-3.6,1000.7,0.6,36.7,69.5
2016-11-28 03:00:00,-3.4,1000.3,1.7,54.8,78.8
2016-11-28 06:00:00,-4.9,1000.2,1.1,20.8,78.4
2016-11-28 09:00:00,-5.7,1000.2,0.8,340.2,84.5
2016-11-28 12:00:00,-5.9,999.9,0.1,23.3,83.7
2016-11-28 15:00:00,-5.7,999.0,0.2,234.7,79.1
2016-11-28 18:00:00,-6.2,998.5,1.2,259.9,87.4
2016-11-28 21:00:00,-4.7,998.0,2.9,241.4,83.9
2016-11-29 00:00:00,-2.3,997.5,1.5,15.0,73.9
2016-11-29 03:00:00,-1.9,996.7,1.1,7.4,71.8
2016-11-29 06:00:00,-3.6,995.6,1.1,255.2,78.5
2016-11-29 09:00:00,,995.1,1.3,55.4,83.3
2016-11-29 12:00:00,-9.2,994.2,1.0,255.7,94.7
2016-11-29 15:00:00,-10.1,993.6,0.3,246.0,94.2
2016-11-29 18:00:00,-9.0,994.5,0.7,237.0,95.0
2016-11-29 21:00:00,,996.0,0.5,238.9,94.3
2016-11-30 00:00:00,-3.4,996.5,1.6,232.6,86.3
2016-11-30 03:00:00,-2.5,996.4,1.3,16.7,81.6
2016-11-30 06:00:00,-3.9,996.7,2.8,131.4,85.3
2016-11-30 09:00:00,-5.4,996.6,1.2,227.5,87.9
2016-11-30 12:00:00,-5.5,995.7,2.5,223.9,86.5
2016-11-30 15:00:00,-5.7,994.1,1.3,266.2,87.2
2016-11-30 18:00:00,-5.7,991.9,3.2,233.1,90.7
2016-11-30 21:00:00,-4.7,990.7,1.1,338.6,87.5
2016-12-01 00:00:00,-3.5,989.8,2.4,230.2,86.0
2016-12-01 03:00:00,,989.1,1.4,231.3,85.5
2016-12-01 06:00:00,,989.1,0.7,272.8,85.3
2016-12-01 09:00:00,,989.5,1.4,246.0,90.1
2016-12-01 12:00:00,-4.5,988.7,4.0,237.5,93.4
2016-12-01 15:00:00,,988.2,0.1,199.5,89.3
2016-12-01 18:00:00,,989.2,0.6,23.5,80.4
2016-12-01 21:00:00,,990.4,0.7,339.5,63.3
2016-12-02 00:00:00,-2.6,991.7,5.2,147.4,66.6
2016-12-02 03:00:00,-4.7,993.0,,147.5,74.3
2016-12-02 06:00:00,-5.8,994.2,5.2,146.4,71.0
2016-12-02 09:00:00,-6.3,995.8,,36.8,85.7
2016-12-02 12:00:00,-6.3,997.1,2.9,133.1,71.7
2016-12-02 15:00:00,-7.1,998.1,4.1,148.5,77.8
2016-12-02 18:00:00,-7.7,999.2,7.0,143.3,74.1
2016-12-02 21:00:00,-7.3,1000.2,7.8,150.2,73.1
2016-12-03 00:00:00,-5.7,1000.6,,4.9,74.0
2016-12-03 03:00:00,,1000.3,,26.2,58.7
2016-12-03 06:00:00,,999.9,1.3,312.0,68.9
2016-12-03 09:00:00,,999.5,0.6,225.8,74.7
2016-12-03 12:00:00,,998.9,1.8,302.4,79.0
2016-12-03 15:00:00,-8.6,998.0,2.2,219.7,69.3
2016-12-03 18:00:00,,997.0,1.8,260.5,66.4
2016-12-03 21:00:00,,996.0,0.0,246.0,35.1
2016-12-04 00:00:00,-4.6,994.8,2.9,54.8,67.5
2016-12-04 03:00:00,,993.5,1.7,31.4,58.8
2016-12-04 06:00:00,,992.9,1.6,169.7,47.7
2016-12-04 09:00:00,-5.8,992.4,,141.6,72.2
2016-12-04 12:00:00,-6.3,992.0,,140.5,76.0
2016-12-04 15:00:00,-7.3,991.1,,175.3,80.8
2016-12-04 18:00:00,-7.2,990.8,,241.6,81.6
2016-12-04 21:00:00,-6.5,990.6,2.2,226.8,82.0
2016-12-05 00:00:00,-5.6,990.2,3.7,149.9,74.4
2016-12-05 03:00:00,-4.4,990.0,2.0,125.9,49.9
2016-12-05 06:00:00,,990.2,1.9,254.6,62.9
2016-12-05 09:00:00,,989.9,0.2,3.2,56.9
2016-12-05 12:00:00,,989.2,,,83.7
2016-12-05 15:00:00,,987.8,0.6,220.5,77.3
2016-12-05 18:00:00,,986.2,0.9,241.2,79.5
2016-12-05 21:00:00,,985.0,1.1,218.0,59.1
2016-12-06 00:00:00,,983.9,1.3,242.2,48.5
2016-12-06 03:00:00,,983.4,0.7,253.8,57.4
2016-12-06 06:00:00,,983.4,0.4,336.2,63.4
2016-12-06 09:00:00,-7.4,983.4,2.3,245.3,77.2
2016-12-06 12:00:00,,983.1,1.5,242.6,70.2
2016-12-06 15:00:00,-9.0,982.7,4.1,243.3,64.1
2016-12-06 18:00:00,-5.7,983.4,2.2,221.5,61.3
2016-12-06 21:00:00,,984.5,0.5,284.3,67.8
2016-12-07 00:00:00,,985.8,2.2,44.1,79.8
2016-12-07 03:00:00,,986.5,3.9,135.2,69.8
2016-12-07 06:00:00,,987.5,6.7,142.4,66.9
2016-12-07 09:00:00,,988.6,6.7,183.0,67.0
2016-12-07 12:00:00,-7.0,988.8,5.4,243.8,72.9
2016-12-07 15:00:00,-7.4,989.6,5.1,239.3,68.8
2016-12-07 18:00:00,-7.2,990.7,2.7,249.6,70.7
2016-12-07 21:00:00,-6.9,991.3,,245.2,74.3
2016-12-08 00:00:00,,991.3,6.3,239.2,61.0
2016-12-08 03:00:00,,991.5,4.9,225.3,68.3
2016-12-08 06:00:00,,991.3,7.1,242.3,73.0
2016-12-08 09:00:00,-6.6,991.0,4.1,232.5,69.1
2016-12-08 12:00:00,-5.6,991.0,,219.1,69.5
2016-12-08 15:00:00,,990.7,,205.7,45.5
2016-12-08 18:00:00,,990.4,8.8,202.4,36.7
2016-12-08 21:00:00,-4.7,990.9,9.2,246.8,63.7
2016-12-09 00:00:00,-3.4,991.5,,229.1,50.0
2016-12-09 03:00:00,-2.2,991.4,,337.8,51.7
2016-12-09 06:00:00,,991.9,0.7,53.0,56.7
2016-12-09 09:00:00,,992.5,1.4,329.4,72.9
2016-12-09 12:00:00,,993.2,1.0,245.8,77.4
2016-12-09 15:00:00,,993.3,0.4,239.4,80.7
2016-12-09 18:00:00,,993.6,1.0,229.1,79.5
2016-12-09 21:00:00,,994.0,1.1,228.8,64.1
2016-12-10 00:00:00,,993.8,1.7,334.3,51.1
2016-12-10 03:00:00,-3.1,993.4,3.3,49.2,64.3
2016-12-10 06:00:00,,993.2,0.8,336.9,57.6
2016-12-10 09:00:00,,992.9,0.0,19.2,59.2
2016-12-10 12:00:00,,992.5,0.2,337.4,84.8
2016-12-10 15:00:00,,991.9,0.1,262.2,78.3
2016-12-10 18:00:00,-7.9,991.1,,208.4,67.5
2016-12-10 21:00:00,,991.2,3.3,38.6,59.0
2016-12-11 00:00:00,,991.7,4.6,254.2,50.6
2016-12-11 03:00:00,,991.5,1.5,35.8,48.3
2016-12-11 06:00:00,,991.3,1.1,255.6,39.2
2016-12-11 09:00:00,,991.6,1.0,12.3,58.7
2016-12-11 12:00:00,-5.4,991.9,2.0,222.7,45.2
2016-12-11 15:00:00,,992.0,0.1,217.5,62.0
2016-12-11 18:00:00,-6.2,992.7,2.7,212.4,53.6
2016-12-11 21:00:00,,993.4,2.3,238.8,47.0
2016-12-12 00:00:00,,994.2,1.2,337.6,26.3
2016-12-12 03:00:00,0.7,994.2,3.4,58.2,31.5
2016-12-12 06:00:00,0.2,994.1,3.0,115.3,39.8
2016-12-12 09:00:00,,994.2,1.4,30.2,66.9
2016-12-12 12:00:00,,994.3,0.9,225.9,86.5
2016-12-12 15:00:00,,993.8,1.8,233.4,95.5
2016-12-12 18:00:00,,994.2,0.4,240.5,95.5
2016-12-12 21:00:00,,994.5,0.5,249.4,79.0
2016-12-13 00:00:00,,994.4,0.7,21.5,75.5
2016-12-13 03:00:00,,994.6,0.7,295.3,76.0
2016-12-13 06:00:00,,995.1,1.1,228.2,87.0
2016-12-13 09:00:00,,996.2,0.3,319.2,87.1
2016-12-13 12:00:00,-2.7,997.2,,,89.6
2016-12-13 15:00:00,,998.1,1.2,11.5,91.9
2016-12-13 18:00:00,,999.7,0.0,13.2,81.9
2016-12-13 21:00:00,,1001.2,1.0,350.3,81.1
2016-12-14 00:00:00,,1002.2,1.2,12.3,74.8
2016-12-14 03:00:00,,1002.5,1.5,36.5,68.1
2016-12-14 06:00:00,,1002.8,1.6,45.9,82.3
2016-12-14 09:00:00,,1003.0,0.4,7.6,88.1
2016-12-14 12:00:00,,1002.8,0.9,36.8,94.7
2016-12-14 15:00:00,,1002.3,0.1,240.3,96.9
2016-12-14 18:00:00,,1001.9,1.9,229.2,93.3
2016-12-14 21:00:00,,1002.1,1.3,230.0,88.9
2016-12-15 00:00:00,,1001.4,1.5,45.2,83.9
2016-12-15 03:00:00,,1000.7,1.6,40.0,79.9
2016-12-15 06:00:00,-0.5,1000.0,3.2,54.3,87.7
2016-12-15 09:00:00,,999.8,1.3,67.2,89.3
2016-12-15 12:00:00,,999.1,1.7,229.0,91.8
2016-12-15 15:00:00,,997.8,0.5,48.5,95.2
2016-12-15 18:00:00,,997.5,1.5,91.6,94.0
2016-12-15 21:00:00,,996.7,1.6,65.6,80.4
2016-12-16 00:00:00,,995.5,1.4,13.8,73.6
2016-12-16 03:00:00,,994.1,1.9,26.7,79.5
2016-12-16 06:00:00,-2.4,993.1,3.3,64.4,86.1
2016-12-16 09:00:00,,992.9,1.9,76.5,84.7
2016-12-16 12:00:00,-3.5,992.7,2.5,248.8,89.3
2016-12-16 15:00:00,,992.1,1.2,231.3,81.9
2016-12-16 18:00:00,-2.6,992.1,,236.6,68.6
2016-12-16 21:00:00,-1.8,993.4,,223.8,58.8
2016-12-17 00:00:00,-0.4,993.0,,233.2,58.8
2016-12-17 03:00:00,-0.1,992.4,,218.2,46.1
2016-12-17 06:00:00,-1.2,993.0,,207.2,63.5
2016-12-17 09:00:00,-1.4,992.1,7.4,196.2,52.0
2016-12-17 12:00:00,-2.4,991.5,,217.7,61.1
2016-12-17 15:00:00,-2.1,990.6,,219.3,58.7
2016-12-17 18:00:00,-2.4,990.5,,219.0,74.2
2016-12-17 21:00:00,-0.5,991.5,,224.0,75.2
2016-12-18 00:00:00,-0.5,992.5,11.3,216.7,68.0
2016-12-18 03:00:00,-1.9,993.8,7.2,220.9,83.4
2016-12-18 06:00:00,-3.6,994.2,,233.8,83.0
2016-12-18 09:00:00,-3.3,994.5,10.2,225.0,74.2
2016-12-18 12:00:00,-2.2,994.9,10.9,205.1,61.6
2016-12-18 15:00:00,-1.6,994.8,12.3,206.4,54.7
2016-12-18 18:00:00,-0.8,995.0,11.3,208.0,42.3
2016-12-18 21:00:00,0.0,994.8,9.6,214.4,40.6
2016-12-19 00:00:00,1.8,994.6,10.9,207.7,29.1
2016-12-19 03:00:00,2.2,994.5,9.9,211.1,32.1
2016-12-19 06:00:00,1.2,994.7,6.4,230.3,34.0
2016-12-19 09:00:00,1.5,994.7,8.1,218.3,31.4
2016-12-19 12:00:00,-2.7,995.5,,57.4,54.8
2016-12-19 15:00:00,,995.0,,192.9,69.7
2016-12-19 18:00:00,-4.2,995.4,2.8,62.7,66.7
2016-12-19 21:00:00,,995.8,0.7,239.2,63.1
2016-12-20 00:00:00,,995.3,1.2,9.5,55.9
2016-12-20 03:00:00,,995.0,1.2,237.4,52.1
2016-12-20 06:00:00,,995.2,1.7,324.9,68.5
2016-12-20 09:00:00,,995.6,0.7,337.7,74.6
2016-12-20 12:00:00,,995.9,0.3,241.6,80.6
2016-12-20 15:00:00,,996.1,0.1,328.9,76.9
2016-12-20 18:00:00,,996.5,0.6,66.2,79.9
2016-12-20 21:00:00,,997.1,0.5,3.6,78.0
2016-12-21 00:00:00,,997.1,1.9,25.0,68.7
2016-12-21 03:00:00,0.2,997.1,2.1,62.8,73.4
2016-12-21 06:00:00,,996.6,1.0,345.0,74.3
2016-12-21 09:00:00,,996.2,0.3,76.6,83.4
2016-12-21 12:00:00,,995.5,1.3,48.8,75.5
2016-12-21 15:00:00,,993.8,0.3,177.4,71.3
2016-12-21 18:00:00,-4.1,992.8,,,88.5
2016-12-21 21:00:00,,992.8,1.5,226.7,81.3
2016-12-22 00:00:00,0.6,992.7,2.6,55.0,62.3
2016-12-22 03:00:00,,992.3,0.7,255.7,73.6
2016-12-22 06:00:00,,991.9,0.9,353.0,75.1
2016-12-22 09:00:00,,991.5,1.1,233.2,68.4
2016-12-22 12:00:00,,991.6,0.1,234.8,79.4
2016-12-22 15:00:00,-4.9,991.2,2.0,230.9,84.6
2016-12-22 18:00:00,,992.4,0.4,345.8,69.5
2016-12-22 21:00:00,-0.4,993.9,2.1,55.8,68.3
2016-12-23 00:00:00,,994.4,1.9,4.8,67.7
2016-12-23 03:00:00,,994.3,1.5,25.8,70.4
2016-12-23 06:00:00,,994.7,0.6,264.2,67.3
2016-12-23 09:00:00,,994.9,1.4,227.0,73.6
2016-12-23 12:00:00,,995.1,1.0,249.5,64.4
2016-12-23 15:00:00,-2.0,995.0,3.9,234.6,71.0
2016-12-23 18:00:00,-0.9,995.7,,189.4,58.8
2016-12-23 21:00:00,0.0,995.9,6.8,143.0,62.6
2016-12-24 00:00:00,0.3,996.1,5.2,142.8,60.5
2016-12-24 03:00:00,0.7,995.9,,37.3,57.7
2016-12-24 06:00:00,,996.0,0.8,359.4,69.2
2016-12-24 09:00:00,,996.0,1.6,333.1,71.4
2016-12-24 12:00:00,,996.3,1.4,58.0,77.5
2016-12-24 15:00:00,,996.6,0.3,226.9,82.9
2016-12-24 18:00:00,,997.1,0.7,233.5,83.9
2016-12-24 21:00:00,,997.5,1.7,241.3,77.7
2016-12-25 00:00:00,,996.9,4.7,133.9,71.5
2016-12-25 03:00:00,0.5,996.0,4.2,147.9,69.6
2016-12-25 06:00:00,0.4,995.4,2.1,123.9,67.0
2016-12-25 09:00:00,,994.7,1.5,146.0,77.5
2016-12-25 12:00:00,,994.4,0.5,243.0,88.2
2016-12-25 15:00:00,,993.8,0.7,295.0,86.9
2016-12-25 18:00:00,,993.2,1.1,266.9,84.3
2016-12-25 21:00:00,,992.9,1.2,233.9,77.5
2016-12-26 00:00:00,,992.3,1.5,11.3,71.3
2016-12-26 03:00:00,,991.4,1.5,20.3,71.0
2016-12-26 06:00:00,,990.7,1.6,41.6,75.1
2016-12-26 09:00:00,,990.4,1.6,230.3,76.2
2016-12-26 12:00:00,,990.3,0.5,238.5,87.4
2016-12-26 15:00:00,,990.0,0.0,33.2,89.7
2016-12-26 18:00:00,-5.9,990.3,,,93.1
2016-12-26 21:00:00,,990.7,1.0,229.7,88.4
2016-12-27 00:00:00,,991.2,1.8,44.7,75.8
2016-12-27 03:00:00,,991.1,1.9,50.6,78.6
2016-12-27 06:00:00,,991.0,1.0,5.8,76.0
2016-12-27 09:00:00,,991.3,1.0,44.2,78.0
2016-12-27 12:00:00,,991.6,1.6,219.7,87.8
2016-12-27 15:00:00,,991.6,0.7,227.9,90.6
2016-12-27 18:00:00,,991.9,0.0,224.4,87.4
2016-12-27 21:00:00,,992.5,0.5,308.5,71.8
2016-12-28 00:00:00,,992.6,1.2,23.5,67.8
2016-12-28 03:00:00,,992.5,1.2,22.4,62.7
2016-12-28 06:00:00,,991.7,1.9,52.0,69.4
2016-12-28 09:00:00,,991.4,1.0,64.1,73.4
2016-12-28 12:00:00,,990.5,0.8,242.9,82.8
2016-12-28 15:00:00,,989.2,0.0,286.2,80.7
2016-12-28 18:00:00,,988.4,0.1,45.4,84.4
2016-12-28 21:00:00,-1.9,987.9,4.1,89.7,78.0
2016-12-29 00:00:00,-1.3,986.9,3.8,96.5,73.2
2016-12-29 03:00:00,-1.0,986.1,2.6,182.6,71.1
2016-12-29 06:00:00,,985.4,1.5,77.3,74.8
2016-12-29 09:00:00,-1.6,985.5,2.9,77.8,77.4
2016-12-29 12:00:00,-2.5,985.8,3.1,71.6,93.6
2016-12-29 15:00:00,,985.9,1.9,95.3,79.8
2016-12-29 18:00:00,,986.6,0.7,113.3,82.2
2016-12-29 21:00:00,,987.5,0.9,237.1,83.3
2016-12-30 00:00:00,-1.4,988.4,2.0,246.1,81.0
2016-12-30 03:00:00,-1.1,988.5,2.2,334.9,77.2
2016-12-30 06:00:00,,989.2,1.2,232.3,81.9
2016-12-30 09:00:00,,990.0,1.0,293.8,69.4
2016-12-30 12:00:00,-1.0,990.2,5.3,144.7,69.3
2016-12-30 15:00:00,-1.0,990.3,2.3,56.3,69.2
2016-12-30 18:00:00,-0.7,990.7,2.3,59.0,61.4
2016-12-30 21:00:00,,990.9,1.8,64.5,59.1
2016-12-31 00:00:00,1.5,991.0,5.4,152.4,57.2
2016-12-31 03:00:00,3.0,990.8,5.6,212.0,33.9
2016-12-31 06:00:00,,991.2,0.9,229.8,64.9
2016-12-31 09:00:00,-0.5,991.6,3.1,249.9,62.5
2016-12-31 12:00:00,0.3,991.2,,206.3,44.4
2016-12-31 15:00:00,-1.5,991.7,6.5,229.7,66.1
2016-12-31 18:00:00,0.2,992.2,6.7,215.9,53.9
2016-12-31 21:00:00,1.1,992.5,2.4,182.8,57.0
2017-01-01 00:00:00,-0.3,992.7,7.0,238.1,75.6
2017-01-01 03:00:00,1.0,993.2,2.6,241.2,69.4
2017-01-01 06:00:00,-0.6,993.5,,348.5,79.1
2017-01-01 09:00:00,,993.4,1.6,287.1,66.8
2017-01-01 12:00:00,,993.4,1.6,320.3,69.5
2017-01-01 15:00:00,,993.1,0.1,308.9,73.7
2017-01-01 18:00:00,,992.8,1.0,69.8,73.2
2017-01-01 21:00:00,,992.5,0.9,23.9,64.9
2017-01-02 00:00:00,,991.7,0.9,15.3,72.8
2017-01-02 03:00:00,,990.6,0.6,39.7,66.3
2017-01-02 06:00:00,,990.0,0.7,17.9,68.1
2017-01-02 09:00:00,,989.1,0.7,358.2,64.7
2017-01-02 12:00:00,,988.3,1.0,27.6,82.9
2017-01-02 15:00:00,-2.8,986.8,4.8,248.8,67.1
2017-01-02 18:00:00,,986.1,0.9,173.5,56.7
2017-01-02 21:00:00,-1.4,985.2,2.4,326.1,62.8
2017-01-03 00:00:00,,983.7,1.0,28.2,50.6
2017-01-03 03:00:00,,981.0,1.9,58.9,59.7
2017-01-03 06:00:00,0.0,979.2,2.5,231.7,70.8
2017-01-03 09:00:00,,977.5,1.9,34.8,75.3
2017-01-03 12:00:00,,976.1,1.2,49.0,77.3
2017-01-03 15:00:00,,975.1,1.2,244.4,90.9
2017-01-03 18:00:00,,975.9,0.2,46.5,87.4
2017-01-03 21:00:00,,977.4,1.7,242.7,80.8
2017-01-04 00:00:00,,978.9,2.3,33.4,69.6
2017-01-04 03:00:00,-0.7,980.3,2.2,248.4,84.9
2017-01-04 06:00:00,,982.3,1.6,231.0,81.6
2017-01-04 09:00:00,-0.2,984.3,5.1,150.3,69.2
2017-01-04 12:00:00,-1.6,986.4,,219.8,83.5
2017-01-04 15:00:00,,987.6,0.2,210.9,84.7
2017-01-04 18:00:00,0.0,989.1,4.0,131.7,61.6
2017-01-04 21:00:00,0.3,990.2,,137.7,58.0
2017-01-05 00:00:00,0.4,992.0,,231.9,61.7
2017-01-05 03:00:00,0.8,993.7,6.2,217.6,66.0
2017-01-05 06:00:00,1.0,995.0,6.7,208.5,56.4
2017-01-05 09:00:00,0.7,996.2,6.8,226.7,60.7
2017-01-05 12:00:00,0.9,997.2,8.8,226.8,69.8
2017-01-05 15:00:00,0.0,997.9,10.2,233.1,74.8
2017-01-05 18:00:00,1.3,998.8,9.8,213.8,63.1
2017-01-05 21:00:00,0.9,999.2,6.8,225.3,64.3
2017-01-06 00:00:00,2.5,1000.0,,213.5,61.9
2017-01-06 03:00:00,1.9,999.6,6.7,129.1,74.3
2017-01-06 06:00:00,1.1,999.3,3.2,129.6,65.9
2017-01-06 09:00:00,0.5,998.8,,301.6,74.8
2017-01-06 12:00:00,,997.5,0.1,332.7,85.4
2017-01-06 15:00:00,-2.0,995.5,,,84.7
2017-01-06 18:00:00,,994.3,1.8,31.1,96.6
2017-01-06 21:00:00,,993.1,0.6,327.4,96.0
2017-01-07 00:00:00,,992.0,0.4,24.9,86.1
2017-01-07 03:00:00,-1.3,991.0,2.7,46.1,82.7
2017-01-07 06:00:00,,990.6,0.9,226.2,82.9
2017-01-07 09:00:00,,990.9,1.6,302.7,90.0
2017-01-07 12:00:00,,991.1,0.2,233.6,95.7
2017-01-07 15:00:00,,990.9,1.5,221.4,73.9
2017-01-07 18:00:00,-1.3,991.9,,233.1,76.2
2017-01-07 21:00:00,-1.2,993.2,,237.0,77.4
2017-01-08 00:00:00,-0.2,994.5,7.4,237.4,73.9
2017-01-08 03:00:00,0.5,995.4,,234.5,69.8
2017-01-08 06:00:00,1.2,996.5,3.9,138.0,64.7
2017-01-08 09:00:00,,997.5,1.5,61.8,69.8
2017-01-08 12:00:00,-0.4,998.2,3.0,198.1,74.2
2017-01-08 15:00:00,-1.6,997.9,2.4,26.5,74.7
2017-01-08 18:00:00,,997.7,0.5,262.9,81.2
2017-01-08 21:00:00,,996.7,1.2,198.1,70.3
2017-01-09 00:00:00,0.9,996.8,4.1,218.3,70.8
2017-01-09 03:00:00,0.5,996.5,4.4,154.0,70.7
2017-01-09 06:00:00,0.0,996.2,5.3,140.7,72.9
2017-01-09 09:00:00,-0.7,996.3,5.4,138.3,71.5
2017-01-09 12:00:00,-0.6,996.5,4.5,128.1,62.7
2017-01-09 15:00:00,-0.8,996.0,2.6,117.3,74.4
2017-01-09 18:00:00,-0.5,996.0,3.1,146.0,66.9
2017-01-09 21:00:00,,996.0,1.9,352.7,76.0
2017-01-10 00:00:00,,996.3,0.4,260.0,68.3
2017-01-10 03:00:00,0.0,995.9,4.4,150.1,70.2
2017-01-10 06:00:00,,996.0,1.5,151.5,68.4
2017-01-10 09:00:00,-0.3,996.0,2.5,150.4,60.4
2017-01-10 12:00:00,-0.6,995.7,4.1,124.5,66.1
2017-01-10 15:00:00,0.1,995.5,6.6,200.3,52.4
2017-01-10 18:00:00,-0.9,996.1,5.2,226.5,56.9
2017-01-10 21:00:00,1.0,994.9,7.6,195.0,39.1
2017-01-11 00:00:00,2.0,995.6,7.8,212.2,43.2
2017-01-11 03:00:00,2.0,995.6,10.5,207.3,32.1
2017-01-11 06:00:00,1.6,994.7,9.5,208.8,38.5
2017-01-11 09:00:00,0.6,994.2,9.8,204.8,37.5
2017-01-11 12:00:00,-0.3,994.6,11.4,196.7,54.7
2017-01-11 15:00:00,-0.7,994.0,9.4,218.1,54.4
2017-01-11 18:00:00,-0.5,993.1,10.7,211.5,55.9
2017-01-11 21:00:00,0.1,993.2,12.8,214.1,51.7
2017-01-12 00:00:00,-0.4,992.7,,218.6,60.8
2017-01-12 03:00:00,-0.3,991.8,,209.2,59.1
2017-01-12 06:00:00,-0.4,991.6,17.6,214.1,59.2
2017-01-12 09:00:00,-1.8,991.2,,213.0,70.9
2017-01-12 12:00:00,-1.6,990.6,20.7,209.6,71.3
2017-01-12 15:00:00,-0.8,989.2,,226.3,61.2
2017-01-12 18:00:00,-0.7,989.9,19.9,213.1,65.9
2017-01-12 21:00:00,-1.2,990.1,,212.4,70.0
2017-01-13 00:00:00,-0.9,989.8,22.3,221.5,71.1
2017-01-13 03:00:00,-0.3,991.0,23.7,211.9,66.3
2017-01-13 06:00:00,-0.9,992.3,22.4,210.2,65.7
2017-01-13 09:00:00,-0.3,992.7,,210.1,59.0
2017-01-13 12:00:00,-0.4,993.9,,217.5,59.0
2017-01-13 15:00:00,-0.6,994.0,,222.7,72.5
2017-01-13 18:00:00,-0.5,994.7,14.3,209.6,71.0
2017-01-13 21:00:00,0.4,995.4,10.8,206.9,65.8
2017-01-14 00:00:00,-0.8,995.9,,228.3,78.3
2017-01-14 03:00:00,0.2,995.5,10.3,206.6,66.6
2017-01-14 06:00:00,-0.5,994.8,,222.1,71.4
2017-01-14 09:00:00,-1.2,995.1,13.0,222.0,86.5
2017-01-14 12:00:00,-1.5,995.6,16.7,220.8,90.0
2017-01-14 15:00:00,-1.0,995.7,17.4,206.5,84.1
2017-01-14 18:00:00,-0.7,997.8,15.8,210.7,82.5
2017-01-14 21:00:00,-0.2,999.1,16.5,216.1,77.2
2017-01-15 00:00:00,1.1,999.7,,198.8,67.3
2017-01-15 03:00:00,0.3,999.2,,215.5,76.8
2017-01-15 06:00:00,0.2,999.9,9.4,213.1,66.9
2017-01-15 09:00:00,-1.0,999.7,,233.3,80.1
2017-01-15 12:00:00,-0.6,999.7,6.0,141.2,71.6
2017-01-15 15:00:00,,999.3,1.6,91.0,65.0
2017-01-15 18:00:00,-0.5,998.8,,275.8,73.1
2017-01-15 21:00:00,,998.1,1.0,9.8,88.2
2017-01-16 00:00:00,0.0,997.6,4.7,155.1,79.4
2017-01-16 03:00:00,-0.7,996.9,,157.6,79.6
2017-01-16 06:00:00,-1.4,997.1,7.8,145.5,78.5
2017-01-16 09:00:00,-1.8,997.4,7.4,149.7,71.9
2017-01-16 12:00:00,-2.2,998.4,,332.4,86.3
2017-01-16 15:00:00,-2.2,998.4,,272.7,80.1
2017-01-16 18:00:00,-0.9,999.4,3.9,147.0,56.1
2017-01-16 21:00:00,-0.3,1000.3,3.1,131.9,61.0
2017-01-17 00:00:00,-0.3,1000.5,7.1,152.4,66.9
2017-01-17 03:00:00,-0.1,1000.7,6.8,151.3,60.1
2017-01-17 06:00:00,0.2,1001.2,6.4,146.2,59.9
2017-01-17 09:00:00,-0.1,1001.8,3.9,144.2,58.0
2017-01-17 12:00:00,,1001.9,1.5,241.4,53.5
2017-01-17 15:00:00,-1.5,1001.8,2.1,265.8,49.3
2017-01-17 18:00:00,-1.8,1001.7,4.8,255.6,46.3
2017-01-17 21:00:00,-0.7,1002.0,2.5,272.2,47.7
2017-01-18 00:00:00,0.7,1001.8,4.1,234.7,43.1
2017-01-18 03:00:00,1.1,1001.4,5.8,134.8,48.9
2017-01-18 06:00:00,1.1,1001.3,4.5,154.6,46.8
2017-01-18 09:00:00,0.2,1001.6,5.4,217.3,57.2
2017-01-18 12:00:00,-1.5,1001.6,2.6,204.1,78.5
2017-01-18 15:00:00,-1.4,1000.8,2.5,148.8,68.3
2017-01-18 18:00:00,-1.5,1000.9,2.1,140.6,75.6
2017-01-18 21:00:00,-1.4,1001.2,4.3,140.1,79.3
2017-01-19 00:00:00,,1001.1,1.9,200.8,67.5
2017-01-19 03:00:00,,1000.8,1.0,300.4,65.4
2017-01-19 06:00:00,-0.5,1001.1,4.7,153.3,73.5
2017-01-19 09:00:00,-0.6,1002.3,5.0,145.8,68.5
2017-01-19 12:00:00,-2.0,1003.0,3.9,148.7,69.9
2017-01-19 15:00:00,,1003.6,1.2,45.2,82.4
2017-01-19 18:00:00,,1004.3,0.6,265.3,78.9
2017-01-19 21:00:00,,1005.4,1.0,318.7,82.4
2017-01-20 00:00:00,0.3,1005.6,4.3,131.6,51.7
2017-01-20 03:00:00,0.3,1005.6,2.7,127.3,44.6
2017-01-20 06:00:00,-0.4,1005.5,3.8,140.7,58.7
2017-01-20 09:00:00,,1005.6,1.7,232.9,61.7
2017-01-20 12:00:00,,1004.9,0.2,175.2,63.2
2017-01-20 15:00:00,-2.5,1003.2,2.2,234.2,69.1
2017-01-20 18:00:00,-2.4,1002.5,2.1,242.5,59.4
2017-01-20 21:00:00,-1.3,1001.5,5.0,231.7,43.8
2017-01-21 00:00:00,-1.2,1000.0,,226.0,62.4
2017-01-21 03:00:00,-2.0,999.1,8.4,237.9,66.8
2017-01-21 06:00:00,-1.9,998.1,6.9,234.8,72.8
2017-01-21 09:00:00,-2.5,997.5,5.2,230.5,72.0
2017-01-21 12:00:00,-1.9,996.5,3.7,220.0,53.6
2017-01-21 15:00:00,-3.2,995.1,6.0,252.7,70.5
2017-01-21 18:00:00,-4.0,993.7,7.6,253.7,68.5
2017-01-21 21:00:00,0.5,992.6,7.1,200.4,25.9
2017-01-22 00:00:00,0.0,991.6,4.9,259.3,52.7
2017-01-22 03:00:00,-0.5,990.8,,298.0,51.6
2017-01-22 06:00:00,,989.4,0.6,267.6,50.9
2017-01-22 09:00:00,,988.0,0.9,249.5,65.6
2017-01-22 12:00:00,,986.3,1.0,31.0,70.5
2017-01-22 15:00:00,,985.7,0.0,240.4,78.3
2017-01-22 18:00:00,,985.2,1.4,232.2,74.6
2017-01-22 21:00:00,,985.4,1.2,242.8,65.5
2017-01-23 00:00:00,,985.9,0.7,253.7,65.5
2017-01-23 03:00:00,-0.1,985.6,3.7,63.2,66.3
2017-01-23 06:00:00,,986.2,1.8,247.0,75.5
2017-01-23 09:00:00,-1.3,987.5,2.6,231.3,76.0
2017-01-23 12:00:00,,989.2,0.6,54.7,76.5
2017-01-23 15:00:00,,991.7,0.2,46.1,66.6
2017-01-23 18:00:00,,994.6,0.9,228.2,79.3
2017-01-23 21:00:00,,997.3,1.0,234.9,69.9
2017-01-24 00:00:00,,999.4,1.6,250.5,82.1
2017-01-24 03:00:00,,1000.9,1.4,253.9,75.3
2017-01-24 06:00:00,,1002.2,0.9,348.0,79.8
2017-01-24 09:00:00,,1002.7,1.3,253.4,75.2
2017-01-24 12:00:00,,1002.4,0.3,29.5,83.8
2017-01-24 15:00:00,,1001.8,1.9,148.0,64.1
2017-01-24 18:00:00,0.0,1001.8,4.4,147.9,59.7
2017-01-24 21:00:00,0.8,1001.6,6.5,138.2,56.2
2017-01-25 00:00:00,1.9,1001.6,,166.3,52.5
2017-01-25 03:00:00,1.4,1001.6,,322.9,56.3
2017-01-25 06:00:00,0.9,1002.4,4.2,145.6,52.4
2017-01-25 09:00:00,,1003.1,1.5,304.2,61.8
2017-01-25 12:00:00,,1004.0,1.4,189.5,60.4
2017-01-25 15:00:00,,1004.1,0.5,245.8,63.6
2017-01-25 18:00:00,,1004.6,1.3,246.0,70.2
2017-01-25 21:00:00,,1004.5,1.2,222.7,61.3
2017-01-26 00:00:00,,1003.7,1.0,257.2,62.3
2017-01-26 03:00:00,0.0,1001.8,3.4,149.0,68.3
2017-01-26 06:00:00,-0.6,1000.5,,150.1,69.5
2017-01-26 09:00:00,-0.4,999.0,5.4,155.6,61.2
2017-01-26 12:00:00,-1.6,997.8,,225.9,70.2
2017-01-26 15:00:00,-2.2,995.3,,238.0,79.2
2017-01-26 18:00:00,-3.0,994.3,12.5,232.5,94.0
2017-01-26 21:00:00,-2.5,992.8,11.4,225.7,86.2
2017-01-27 00:00:00,-2.4,992.2,11.9,229.0,90.7
2017-01-27 03:00:00,-1.9,991.5,13.1,231.3,83.0
2017-01-27 06:00:00,-2.0,991.7,13.2,222.5,85.5
2017-01-27 09:00:00,-1.8,992.3,12.7,230.4,83.4
2017-01-27 12:00:00,-0.9,992.2,11.5,228.6,71.1
2017-01-27 15:00:00,-0.1,992.9,9.9,209.3,59.0
2017-01-27 18:00:00,-0.7,994.8,,216.6,60.8
2017-01-27 21:00:00,-1.0,996.7,11.2,219.7,59.0
2017-01-28 00:00:00,-0.3,997.6,,220.8,50.5
2017-01-28 03:00:00,0.2,998.4,,193.3,40.5
2017-01-28 06:00:00,-0.1,999.5,7.1,217.7,32.0
2017-01-28 09:00:00,-1.3,1000.3,3.1,155.6,42.7
2017-01-28 12:00:00,-2.6,1000.0,6.5,148.4,65.9
2017-01-28 15:00:00,-3.3,999.0,4.1,153.4,66.8
2017-01-28 18:00:00,-3.1,997.7,2.4,152.7,67.0
2017-01-28 21:00:00,,996.2,1.7,249.1,75.9
2017-01-29 00:00:00,,994.6,1.5,48.3,64.6
2017-01-29 03:00:00,-2.0,992.4,2.1,52.9,60.5
2017-01-29 06:00:00,,990.9,1.3,50.6,58.8
2017-01-29 09:00:00,,989.6,1.3,61.2,67.6
2017-01-29 12:00:00,-3.2,988.4,2.4,145.9,70.2
2017-01-29 15:00:00,,987.0,1.4,238.4,86.5
2017-01-29 18:00:00,,985.7,1.6,242.5,82.7
2017-01-29 21:00:00,-3.0,985.4,2.2,244.3,71.0
2017-01-30 00:00:00,,984.6,0.7,228.7,62.0
2017-01-30 03:00:00,,983.9,1.3,57.6,65.1
2017-01-30 06:00:00,-2.5,983.9,,223.5,84.5
2017-01-30 09:00:00,-2.7,984.8,,229.7,89.4
2017-01-30 12:00:00,-2.8,985.0,,227.1,89.2
2017-01-30 15:00:00,-3.0,984.7,11.6,239.0,94.3
2017-01-30 18:00:00,-2.9,983.6,12.0,231.8,94.5
2017-01-30 21:00:00,-3.1,983.7,15.4,227.9,92.9
2017-01-31 00:00:00,-3.1,983.4,15.0,228.0,93.1
2017-01-31 03:00:00,-2.6,983.2,17.4,227.0,92.8
2017-01-31 06:00:00,-2.1,983.3,15.7,230.9,89.5
2017-01-31 09:00:00,-2.4,983.8,18.1,235.5,78.8
2017-01-31 12:00:00,-1.4,986.6,14.2,204.3,71.1
2017-01-31 15:00:00,-1.8,990.0,15.2,225.8,86.7
2017-01-31 18:00:00,-1.3,992.3,18.0,207.0,76.0
2017-01-31 21:00:00,-1.6,995.0,13.7,228.2,72.0
2017-02-01 00:00:00,-2.6,995.5,13.1,221.2,68.3
2017-02-01 03:00:00,-2.4,995.8,11.7,229.6,61.5
2017-02-01 06:00:00,-2.3,996.5,13.0,217.7,58.6
2017-02-01 09:00:00,-2.6,996.5,10.2,216.8,65.7
2017-02-01 12:00:00,-2.2,996.1,11.2,204.9,58.6
2017-02-01 15:00:00,-1.9,994.9,,199.0,49.2
2017-02-01 18:00:00,-2.5,995.5,,164.7,55.9
2017-02-01 21:00:00,-2.2,994.7,5.7,161.1,59.5
2017-02-02 00:00:00,-1.7,993.6,2.7,213.8,51.1
2017-02-02 03:00:00,-1.6,992.3,5.5,144.8,54.5
2017-02-02 06:00:00,-1.8,991.7,4.2,147.7,53.4
2017-02-02 09:00:00,-2.7,991.5,3.1,220.6,60.9
2017-02-02 12:00:00,-3.7,990.8,4.3,242.9,63.1
2017-02-02 15:00:00,-3.5,990.2,5.2,224.0,47.2
2017-02-02 18:00:00,-4.3,989.6,3.8,243.0,56.0
2017-02-02 21:00:00,-3.6,990.0,4.2,225.7,56.3
2017-02-03 00:00:00,-3.0,989.7,6.3,237.5,58.0
2017-02-03 03:00:00,-2.6,989.8,6.2,237.3,57.4
2017-02-03 06:00:00,-2.8,990.7,6.8,229.9,62.1
2017-02-03 09:00:00,-2.9,991.6,4.5,220.8,66.0
2017-02-03 12:00:00,-4.0,992.1,5.9,226.5,70.4
2017-02-03 15:00:00,-4.5,992.5,5.2,241.8,65.7
2017-02-03 18:00:00,-3.3,992.4,6.9,225.8,46.5
2017-02-03 21:00:00,-2.6,992.3,8.2,227.0,41.2
2017-02-04 00:00:00,-1.3,992.5,8.7,215.5,37.5
2017-02-04 03:00:00,-1.4,992.4,7.9,214.0,35.4
2017-02-04 06:00:00,-2.5,992.1,7.5,239.8,52.6
2017-02-04 09:00:00,-1.7,991.6,9.5,214.4,28.2
2017-02-04 12:00:00,-1.4,991.2,9.7,205.4,29.2
2017-02-04 15:00:00,-1.4,991.1,10.6,209.1,30.3
2017-02-04 18:00:00,-1.6,990.4,12.4,212.7,42.3
2017-02-04 21:00:00,-2.1,990.7,8.1,215.3,66.5
2017-02-05 00:00:00,-1.1,991.3,10.9,213.4,59.6
2017-02-05 03:00:00,-0.1,990.0,11.1,214.4,53.9
2017-02-05 06:00:00,-0.9,989.6,10.2,222.1,47.3
2017-02-05 09:00:00,-1.2,989.6,7.9,210.5,51.0
2017-02-05 12:00:00,-1.9,988.8,9.0,237.6,62.5
2017-02-05 15:00:00,-0.9,987.7,10.8,204.0,46.6
2017-02-05 18:00:00,-1.6,988.4,6.9,214.5,61.4
2017-02-05 21:00:00,-1.8,988.0,6.0,239.1,64.7
2017-02-06 00:00:00,0.3,987.6,3.9,228.2,47.7
2017-02-06 03:00:00,-0.6,987.5,7.7,140.1,75.3
2017-02-06 06:00:00,-1.4,987.6,,45.9,72.1
2017-02-06 09:00:00,-1.6,987.3,,213.8,76.1
2017-02-06 12:00:00,,987.4,1.5,166.0,66.1
2017-02-06 15:00:00,-3.6,987.5,2.2,165.6,64.3
2017-02-06 18:00:00,-4.0,988.8,2.5,162.7,73.2
2017-02-06 21:00:00,,989.9,1.4,239.6,72.0
2017-02-07 00:00:00,,991.4,0.7,246.8,59.4
2017-02-07 03:00:00,,992.8,1.3,245.4,74.2
2017-02-07 06:00:00,,994.2,0.9,335.6,71.4
2017-02-07 09:00:00,,995.2,1.1,289.5,60.9
2017-02-07 12:00:00,-2.3,995.9,2.1,229.1,67.4
2017-02-07 15:00:00,-0.8,996.3,,230.8,49.5
2017-02-07 18:00:00,-1.2,996.7,,211.9,54.6
2017-02-07 21:00:00,-1.2,996.5,,205.8,52.3
2017-02-08 00:00:00,-0.2,995.7,13.7,205.0,45.8
2017-02-08 03:00:00,-0.6,995.2,17.8,210.6,48.1
2017-02-08 06:00:00,-0.5,995.0,17.8,214.9,55.2
2017-02-08 09:00:00,-1.1,995.2,16.2,224.0,71.9
2017-02-08 12:00:00,-0.6,996.4,14.2,220.1,68.3
2017-02-08 15:00:00,0.1,997.0,15.2,211.3,61.6
2017-02-08 18:00:00,0.9,997.9,10.4,211.2,52.5
2017-02-08 21:00:00,1.4,998.8,,225.2,50.3
2017-02-09 00:00:00,0.4,999.5,,259.1,64.5
2017-02-09 03:00:00,0.4,999.2,2.3,351.3,73.3
2017-02-09 06:00:00,,998.4,0.4,6.6,70.8
2017-02-09 09:00:00,,997.3,1.5,259.9,81.3
2017-02-09 12:00:00,,996.7,0.4,63.7,90.9
2017-02-09 15:00:00,,996.2,1.3,96.8,84.1
2017-02-09 18:00:00,,996.2,0.9,223.1,87.3
2017-02-09 21:00:00,,996.0,1.0,250.9,80.1
2017-02-10 00:00:00,,996.5,1.5,242.0,80.3
2017-02-10 03:00:00,,996.2,1.4,233.3,69.2
2017-02-10 06:00:00,,996.7,1.3,345.1,78.8
2017-02-10 09:00:00,,997.1,1.9,56.0,74.2
2017-02-10 12:00:00,,997.4,0.5,309.4,77.2
2017-02-10 15:00:00,,997.6,1.1,256.1,79.5
2017-02-10 18:00:00,-2.4,997.8,3.0,235.8,71.9
2017-02-10 21:00:00,,997.6,1.0,272.5,65.5
2017-02-11 00:00:00,,997.4,0.9,357.0,74.9
2017-02-11 03:00:00,,996.6,0.6,233.7,74.9
2017-02-11 06:00:00,,996.0,1.0,205.8,79.6
2017-02-11 09:00:00,,995.8,0.1,7.3,78.5
2017-02-11 12:00:00,-2.5,995.6,,,81.1
2017-02-11 15:00:00,,994.6,0.7,335.2,86.3
2017-02-11 18:00:00,,994.4,0.5,134.8,75.6
2017-02-11 21:00:00,-2.4,994.1,,,71.5
2017-02-12 00:00:00,,993.8,1.0,8.6,73.6
2017-02-12 03:00:00,-2.4,993.1,2.7,77.8,86.1
2017-02-12 06:00:00,,992.6,1.6,43.5,89.6
2017-02-12 09:00:00,,992.3,0.5,43.7,90.3
2017-02-12 12:00:00,,992.3,0.3,44.6,91.5
2017-02-12 15:00:00,,992.1,0.0,220.6,92.3
2017-02-12 18:00:00,,992.5,0.8,235.3,93.4
2017-02-12 21:00:00,,993.1,0.1,279.3,82.6
2017-02-13 00:00:00,,993.0,0.0,254.6,77.8
2017-02-13 03:00:00,,993.1,0.9,298.1,71.3
2017-02-13 06:00:00,-1.7,993.4,2.9,126.6,69.7
2017-02-13 09:00:00,,993.4,0.6,52.2,82.0
2017-02-13 12:00:00,,993.1,1.0,181.3,75.6
2017-02-13 15:00:00,-2.2,991.8,3.8,152.6,62.5
2017-02-13 18:00:00,-2.6,991.1,4.2,156.7,64.5
2017-02-13 21:00:00,,991.0,1.4,154.6,55.5
2017-02-14 00:00:00,-2.7,990.6,,243.7,67.4
2017-02-14 03:00:00,-2.5,990.8,,241.6,62.2
2017-02-14 06:00:00,-2.3,991.1,6.9,240.3,38.9
2017-02-14 09:00:00,-4.6,992.1,,240.5,64.7
2017-02-14 12:00:00,-4.5,992.2,11.1,242.2,57.7
2017-02-14 15:00:00,-3.6,991.5,10.5,239.1,55.3
2017-02-14 18:00:00,-4.8,992.8,11.3,239.5,50.0
2017-02-14 21:00:00,-4.6,993.4,,232.1,59.8
2017-02-15 00:00:00,-3.5,993.4,,241.0,64.8
2017-02-15 03:00:00,,992.5,1.7,325.6,59.9
2017-02-15 06:00:00,,992.0,1.0,317.0,59.2
2017-02-15 09:00:00,,990.8,0.7,237.8,64.0
2017-02-15 12:00:00,-4.2,989.5,3.3,250.1,78.6
2017-02-15 15:00:00,-4.6,987.4,2.5,227.3,72.8
2017-02-15 18:00:00,-5.1,986.0,2.7,236.5,77.1
2017-02-15 21:00:00,-4.5,984.2,3.1,241.1,70.2
2017-02-16 00:00:00,,983.9,1.8,246.8,73.0
2017-02-16 03:00:00,-1.4,984.5,2.0,255.9,60.2
2017-02-16 06:00:00,-2.6,985.2,5.7,254.2,72.0
2017-02-16 09:00:00,-3.1,986.2,4.8,163.4,69.4
2017-02-16 12:00:00,-3.0,987.6,2.4,135.1,65.3
2017-02-16 15:00:00,,988.6,1.1,242.9,75.7
2017-02-16 18:00:00,,989.4,1.2,248.1,76.3
2017-02-16 21:00:00,-3.2,990.2,2.2,262.8,72.5
2017-02-17 00:00:00,,990.7,0.8,19.2,62.8
2017-02-17 03:00:00,,991.3,1.4,188.2,66.3
2017-02-17 06:00:00,-3.0,991.9,,166.3,77.2
2017-02-17 09:00:00,-3.5,993.0,3.0,193.4,82.4
2017-02-17 12:00:00,-4.0,993.3,,226.1,85.5
2017-02-17 15:00:00,,993.3,1.0,128.9,80.5
2017-02-17 18:00:00,,993.2,0.8,319.0,74.1
2017-02-17 21:00:00,,992.8,0.9,218.7,73.2
2017-02-18 00:00:00,,991.5,1.5,243.8,70.5
2017-02-18 03:00:00,,990.2,1.4,249.0,72.0
2017-02-18 06:00:00,,989.5,1.9,228.5,76.7
2017-02-18 09:00:00,,989.0,0.6,22.8,73.4
2017-02-18 12:00:00,,987.0,0.5,189.7,68.8
2017-02-18 15:00:00,,986.8,1.9,157.7,58.3
2017-02-18 18:00:00,,986.6,1.2,160.5,65.0
2017-02-18 21:00:00,,987.2,1.2,167.6,62.1
2017-02-19 00:00:00,-2.5,988.0,4.3,143.1,62.5
2017-02-19 03:00:00,-3.6,988.4,,248.7,71.8
2017-02-19 06:00:00,,988.8,1.7,164.1,65.9
2017-02-19 09:00:00,-4.2,990.1,3.4,142.7,61.4
2017-02-19 12:00:00,-4.5,991.3,5.0,233.5,62.6
2017-02-19 15:00:00,,992.6,1.6,220.9,57.5
2017-02-19 18:00:00,-5.4,994.0,2.8,238.5,58.4
2017-02-19 21:00:00,,994.8,1.2,240.4,60.2
2017-02-20 00:00:00,,993.8,1.8,235.2,57.1
2017-02-20 03:00:00,-2.9,991.5,2.2,275.5,63.8
2017-02-20 06:00:00,,989.0,0.3,321.0,63.9
2017-02-20 09:00:00,,984.8,0.8,231.0,72.7
2017-02-20 12:00:00,,981.1,0.9,179.3,73.3
2017-02-20 15:00:00,,979.4,0.5,218.6,80.4
2017-02-20 18:00:00,,979.8,0.8,220.2,76.0
2017-02-20 21:00:00,,981.5,0.4,224.2,67.2
2017-02-21 00:00:00,-2.8,983.7,4.5,237.0,68.2
2017-02-21 03:00:00,-2.8,985.8,4.7,146.8,67.8
2017-02-21 06:00:00,-3.5,987.3,5.5,148.5,66.2
2017-02-21 09:00:00,-3.2,988.6,2.0,133.4,62.3
2017-02-21 12:00:00,-3.5,989.4,3.7,145.8,64.8
2017-02-21 15:00:00,,989.6,1.9,188.2,82.5
2017-02-21 18:00:00,,990.2,0.9,306.7,88.5
2017-02-21 21:00:00,-4.2,991.8,2.2,163.5,71.1
2017-02-22 00:00:00,,993.6,0.9,247.4,71.3
2017-02-22 03:00:00,,995.4,1.7,216.5,71.7
2017-02-22 06:00:00,,996.7,0.9,182.2,68.9
2017-02-22 09:00:00,,998.7,0.3,234.6,66.0
2017-02-22 12:00:00,-4.6,1000.5,2.1,219.3,74.5
2017-02-22 15:00:00,,1001.8,0.2,185.4,67.9
2017-02-22 18:00:00,,1003.5,1.8,217.2,79.7
2017-02-22 21:00:00,,1005.2,0.5,219.7,83.9
2017-02-23 00:00:00,-4.0,1006.7,4.3,149.5,71.5
2017-02-23 03:00:00,-4.4,1007.0,,138.6,79.8
2017-02-23 06:00:00,-4.4,1007.4,7.0,147.5,83.1
2017-02-23 09:00:00,-4.7,1006.7,,150.8,82.5
2017-02-23 12:00:00,-4.9,1006.0,,238.3,94.7
2017-02-23 15:00:00,-5.3,1005.2,2.1,244.1,92.4
2017-02-23 18:00:00,-5.1,1004.6,2.5,211.9,65.2
2017-02-23 21:00:00,-4.9,1004.6,4.1,243.4,60.0
2017-02-24 00:00:00,,1004.2,0.6,202.5,61.7
2017-02-24 03:00:00,-4.8,1002.4,2.7,153.8,67.9
2017-02-24 06:00:00,,1000.2,1.1,184.2,73.7
2017-02-24 09:00:00,,997.6,0.3,82.8,87.0
2017-02-24 12:00:00,,995.0,1.5,202.9,85.1
2017-02-24 15:00:00,,992.4,1.5,222.3,94.4
2017-02-24 18:00:00,,990.4,0.3,259.4,94.9
2017-02-24 21:00:00,,989.7,1.4,201.9,87.6
2017-02-25 00:00:00,,990.0,0.2,182.4,77.2
2017-02-25 03:00:00,-4.7,989.7,2.0,199.1,83.8
2017-02-25 06:00:00,-4.8,989.7,2.4,145.8,81.9
2017-02-25 09:00:00,-5.1,990.1,4.6,144.7,75.9
2017-02-25 12:00:00,,989.9,0.2,157.4,88.1
2017-02-25 15:00:00,,989.2,0.9,163.4,79.7
2017-02-25 18:00:00,,988.7,0.3,196.3,81.2
2017-02-25 21:00:00,,988.3,0.8,154.3,72.8
2017-02-26 00:00:00,,988.1,0.4,225.2,72.6
2017-02-26 03:00:00,-3.7,987.6,,,73.1
2017-02-26 06:00:00,-3.8,987.5,,0.0,78.5
2017-02-26 09:00:00,-4.4,987.8,,204.7,81.9
2017-02-26 12:00:00,-4.5,988.2,,183.6,84.8
2017-02-26 15:00:00,-5.2,987.9,,0.0,89.0
2017-02-26 18:00:00,,987.6,1.3,188.9,90.6
2017-02-26 21:00:00,-5.4,987.3,2.3,232.4,91.6
2017-02-27 00:00:00,-5.1,986.9,3.7,234.3,91.6
2017-02-27 03:00:00,,985.9,1.8,229.8,83.1
2017-02-27 06:00:00,-5.0,985.3,2.7,218.1,73.7
2017-02-27 09:00:00,,985.1,0.5,198.6,73.6
2017-02-27 12:00:00,-5.3,984.5,4.5,251.6,72.3
2017-02-27 15:00:00,-6.1,984.8,4.6,238.8,73.8
2017-02-27 18:00:00,,985.3,1.4,216.0,70.0
2017-02-27 21:00:00,-5.9,986.0,4.1,226.6,69.5
2017-02-28 00:00:00,-5.7,987.9,4.8,240.3,69.4
2017-02-28 03:00:00,,989.7,0.5,247.0,65.5
2017-02-28 06:00:00,-6.0,992.2,3.3,238.4,68.2
2017-02-28 09:00:00,-6.1,995.2,,227.6,75.5
2017-02-28 12:00:00,-6.4,998.1,,237.7,76.2
2017-02-28 15:00:00,-6.3,1000.6,,237.6,69.4
2017-02-28 18:00:00,-6.7,1003.1,,239.1,69.3
2017-02-28 21:00:00,-6.2,1005.5,5.7,226.8,66.0
2017-03-01 00:00:00,-4.3,1006.5,,281.8,51.0
2017-03-01 03:00:00,-3.5,1007.4,,133.5,45.4
2017-03-01 06:00:00,-6.4,1009.4,,225.2,73.5
2017-03-01 09:00:00,-7.1,1010.9,5.2,224.4,67.1
2017-03-01 12:00:00,-6.8,1011.4,6.8,225.0,62.7
2017-03-01 15:00:00,-6.7,1011.4,3.5,223.3,54.2
2017-03-01 18:00:00,-7.5,1012.1,2.2,202.2,57.8
2017-03-01 21:00:00,-6.7,1012.3,1.6,218.6,49.6
2017-03-02 00:00:00,-4.8,1011.6,1.5,254.0,52.0
2017-03-02 03:00:00,-4.5,1010.3,1.4,234.3,54.0
2017-03-02 06:00:00,-5.4,1009.2,2.5,229.9,55.7
2017-03-02 09:00:00,-6.9,1008.8,5.7,148.9,58.6
2017-03-02 12:00:00,-7.4,1007.9,3.4,157.0,56.7
2017-03-02 15:00:00,-8.4,1005.7,3.7,197.3,57.2
2017-03-02 18:00:00,-8.4,1004.5,0.3,187.3,53.7
2017-03-02 21:00:00,-6.6,1003.8,0.9,213.0,58.4
2017-03-03 00:00:00,-5.3,1002.5,1.5,239.6,58.8
2017-03-03 03:00:00,,1001.3,0.2,263.0,53.9
2017-03-03 06:00:00,-3.9,1000.3,0.1,35.9,59.6
2017-03-03 09:00:00,-5.8,999.9,0.5,225.4,65.2
2017-03-03 12:00:00,-6.5,999.0,2.0,148.0,70.2
2017-03-03 15:00:00,-4.2,998.3,3.3,148.0,66.9
2017-03-03 18:00:00,-5.1,999.7,,151.9,76.8
2017-03-03 21:00:00,-6.3,1000.5,,0.0,83.6
2017-03-04 00:00:00,-6.6,1000.4,,199.0,73.1
2017-03-04 03:00:00,-6.4,1000.0,1.1,221.0,73.7
2017-03-04 06:00:00,-6.3,999.7,0.3,233.2,70.9
2017-03-04 09:00:00,-6.8,999.5,0.2,173.5,74.1
2017-03-04 12:00:00,-6.8,998.9,2.3,222.5,73.2
2017-03-04 15:00:00,-6.7,999.1,0.1,142.7,72.5
2017-03-04 18:00:00,-7.1,999.6,2.8,236.5,81.3
2017-03-04 21:00:00,-6.9,1001.0,1.8,201.0,77.4
2017-03-05 00:00:00,-7.0,1002.5,4.3,236.6,69.3
2017-03-05 03:00:00,-7.2,1004.0,5.1,245.8,71.6
2017-03-05 06:00:00,-7.3,1005.1,3.9,237.9,71.7
2017-03-05 09:00:00,-7.1,1005.9,4.2,237.0,67.6
2017-03-05 12:00:00,-7.4,1006.8,3.6,228.1,68.2
2017-03-05 15:00:00,-7.1,1007.3,3.3,227.2,71.3
2017-03-05 18:00:00,-8.0,1008.1,0.3,203.9,70.5
2017-03-05 21:00:00,-6.9,1008.7,1.7,162.9,61.4
2017-03-06 00:00:00,,1008.8,1.2,197.7,52.0
2017-03-06 03:00:00,,1009.0,0.2,268.1,51.0
2017-03-06 06:00:00,-6.2,1008.4,1.3,277.9,55.3
2017-03-06 09:00:00,-7.3,1008.0,3.1,198.3,51.7
2017-03-06 12:00:00,-8.2,1007.2,1.5,238.5,56.3
2017-03-06 15:00:00,-8.8,1006.7,1.4,219.0,61.9
2017-03-06 18:00:00,-9.0,1005.6,2.1,221.2,71.7
2017-03-06 21:00:00,-8.2,1005.0,2.4,204.5,72.8
2017-03-07 00:00:00,-6.1,1004.7,1.7,237.4,69.7
2017-03-07 03:00:00,-5.7,1004.3,2.0,239.4,65.7
2017-03-07 06:00:00,-5.3,1004.1,,,71.6
2017-03-07 09:00:00,-5.4,1003.5,1.8,192.0,64.8
2017-03-07 12:00:00,-5.3,1003.1,0.3,119.8,70.5
2017-03-07 15:00:00,-5.2,1002.1,,,70.9
2017-03-07 18:00:00,-5.3,1001.1,0.3,103.6,75.7
2017-03-07 21:00:00,-4.6,1000.7,,,76.2
2017-03-08 00:00:00,-3.9,1000.2,0.0,267.1,71.4
2017-03-08 03:00:00,-3.5,999.5,0.1,224.3,67.4
2017-03-08 06:00:00,-4.4,998.8,1.6,108.1,77.8
2017-03-08 09:00:00,-4.8,998.6,0.1,239.5,79.6
2017-03-08 12:00:00,-4.8,997.7,1.8,226.1,78.4
2017-03-08 15:00:00,-5.1,996.3,4.0,233.3,79.8
2017-03-08 18:00:00,-5.3,994.8,1.8,221.3,81.2
2017-03-08 21:00:00,-4.6,993.8,1.5,230.1,80.3
2017-03-09 00:00:00,-3.9,992.3,0.1,257.0,72.5
2017-03-09 03:00:00,-2.8,990.6,0.6,331.2,75.9
2017-03-09 06:00:00,-3.5,988.6,,,77.0
2017-03-09 09:00:00,-4.7,987.7,,,87.7
2017-03-09 12:00:00,-5.1,986.5,1.6,241.4,92.3
2017-03-09 15:00:00,-5.5,985.2,0.5,225.4,94.1
2017-03-09 18:00:00,-5.1,984.1,2.8,216.5,87.2
2017-03-09 21:00:00,-4.3,983.3,3.7,228.4,74.3
2017-03-10 00:00:00,-5.0,982.1,,235.7,72.4
2017-03-10 03:00:00,-3.5,981.2,,239.0,64.4
2017-03-10 06:00:00,-3.9,981.2,9.4,241.2,63.4
2017-03-10 09:00:00,-5.5,982.9,,231.2,68.8
2017-03-10 12:00:00,-6.9,984.4,7.0,238.8,74.9
2017-03-10 15:00:00,-7.4,984.9,7.3,239.9,74.7
2017-03-10 18:00:00,-7.8,985.8,8.2,242.9,71.5
2017-03-10 21:00:00,-7.6,987.0,7.2,238.8,72.1
2017-03-11 00:00:00,-7.1,988.0,6.8,250.0,65.4
2017-03-11 03:00:00,-7.3,988.5,6.3,244.6,69.3
2017-03-11 06:00:00,-7.0,989.4,6.5,237.2,72.0
2017-03-11 09:00:00,-7.1,990.8,6.1,240.0,69.0
2017-03-11 12:00:00,-7.3,991.5,7.9,253.3,76.0
2017-03-11 15:00:00,-7.2,992.4,4.4,232.2,72.9
2017-03-11 18:00:00,-8.0,993.4,,176.4,79.2
2017-03-11 21:00:00,-7.6,994.0,0.3,134.0,77.7
2017-03-12 00:00:00,,994.4,0.5,146.4,72.6
2017-03-12 03:00:00,-6.8,994.0,3.1,151.6,71.3
2017-03-12 06:00:00,-6.8,993.8,0.0,158.7,82.8
2017-03-12 09:00:00,-7.1,992.9,0.3,164.0,85.0
2017-03-12 12:00:00,-7.2,991.6,0.6,166.2,83.4
2017-03-12 15:00:00,-7.9,989.7,2.0,220.6,92.3
2017-03-12 18:00:00,-7.8,988.4,,234.5,88.8
2017-03-12 21:00:00,-7.0,988.0,,248.6,70.7
2017-03-13 00:00:00,-7.9,988.6,10.4,243.9,73.9
2017-03-13 03:00:00,-8.2,988.5,8.3,242.6,70.6
2017-03-13 06:00:00,-9.1,988.7,8.3,238.4,71.7
2017-03-13 09:00:00,-9.3,988.5,9.2,242.1,70.4
2017-03-13 12:00:00,-9.6,987.8,9.6,234.6,70.6
2017-03-13 15:00:00,-9.5,986.6,7.4,227.7,64.7
2017-03-13 18:00:00,-9.2,985.4,5.7,206.2,51.7
2017-03-13 21:00:00,-8.3,984.5,9.4,235.7,50.5
2017-03-14 00:00:00,-8.2,984.0,,250.5,49.4
2017-03-14 03:00:00,-6.9,984.5,13.4,220.6,47.8
2017-03-14 06:00:00,-6.1,984.3,11.1,206.2,42.5
2017-03-14 09:00:00,-7.1,984.1,15.0,217.0,49.2
2017-03-14 12:00:00,-7.7,985.4,,219.7,63.5
2017-03-14 15:00:00,-7.9,985.7,19.8,210.7,60.0
2017-03-14 18:00:00,-8.1,986.7,18.8,218.1,58.6
2017-03-14 21:00:00,-9.0,987.3,18.6,227.5,77.0
2017-03-15 00:00:00,-8.2,987.3,,208.1,57.0
2017-03-15 03:00:00,-7.5,986.2,,216.7,48.3
2017-03-15 06:00:00,-6.9,985.3,9.5,214.5,48.1
2017-03-15 09:00:00,-7.8,984.9,13.3,205.4,50.2
2017-03-15 12:00:00,-8.3,984.1,,204.4,56.9
2017-03-15 15:00:00,-9.0,984.2,,208.8,57.5
2017-03-15 18:00:00,-9.9,984.8,19.9,210.8,62.1
2017-03-15 21:00:00,-9.7,985.6,19.6,211.3,56.1
2017-03-16 00:00:00,-9.5,987.0,19.7,208.3,58.4
2017-03-16 03:00:00,-8.8,987.5,16.3,208.6,48.7
2017-03-16 06:00:00,-8.4,988.5,,203.4,35.4
2017-03-16 09:00:00,-9.3,988.6,,136.3,52.7
2017-03-16 12:00:00,-10.5,989.5,,262.5,58.8
2017-03-16 15:00:00,-11.5,989.1,,218.5,62.8
2017-03-16 18:00:00,-11.6,988.2,,171.1,51.0
2017-03-16 21:00:00,-11.2,987.6,0.1,174.9,55.0
2017-03-17 00:00:00,-11.3,986.4,0.1,242.0,60.7
2017-03-17 03:00:00,-10.1,985.7,1.9,150.4,54.7
2017-03-17 06:00:00,-11.1,985.2,0.9,335.9,65.0
2017-03-17 09:00:00,-11.3,984.9,1.0,175.8,63.3
2017-03-17 12:00:00,-11.3,984.3,0.1,232.4,64.0
2017-03-17 15:00:00,-12.0,983.7,0.7,170.1,73.9
2017-03-17 18:00:00,-13.1,983.3,2.3,217.8,75.8
2017-03-17 21:00:00,-13.4,983.3,3.1,231.6,72.0
2017-03-18 00:00:00,-14.5,982.5,7.2,240.1,66.9
2017-03-18 03:00:00,-14.8,982.0,,227.8,62.2
2017-03-18 06:00:00,-14.7,981.4,,234.8,61.7
2017-03-18 09:00:00,-14.5,980.6,12.3,235.3,63.9
2017-03-18 12:00:00,-12.9,980.4,12.9,212.8,49.7
2017-03-18 15:00:00,-13.9,981.1,12.6,222.4,55.8
2017-03-18 18:00:00,-12.5,981.0,11.5,220.3,43.7
2017-03-18 21:00:00,-13.2,982.4,12.5,230.5,55.3
2017-03-19 00:00:00,-12.0,982.5,11.1,229.3,48.0
2017-03-19 03:00:00,-12.3,983.8,11.7,231.2,60.8
2017-03-19 06:00:00,-12.3,983.7,10.9,232.5,59.4
2017-03-19 09:00:00,-11.0,984.3,11.6,215.3,51.4
2017-03-19 12:00:00,-11.6,983.9,11.2,217.7,64.6
2017-03-19 15:00:00,-11.8,983.4,10.6,237.2,63.4
2017-03-19 18:00:00,-10.2,982.6,11.9,231.3,59.5
2017-03-19 21:00:00,-9.1,982.9,,217.7,56.2
2017-03-20 00:00:00,-9.4,983.3,16.0,217.4,57.7
2017-03-20 03:00:00,-8.7,984.0,16.1,213.7,54.4
2017-03-20 06:00:00,-7.0,982.8,12.8,200.7,35.0
2017-03-20 09:00:00,-6.2,982.6,11.2,209.1,39.1
2017-03-20 12:00:00,-6.5,982.6,11.8,220.8,34.6
2017-03-20 15:00:00,-6.2,982.2,12.4,211.4,30.6
2017-03-20 18:00:00,-5.9,981.5,12.6,211.7,38.2
2017-03-20 21:00:00,-6.7,982.7,16.0,209.1,56.6
2017-03-21 00:00:00,-5.9,982.6,17.0,209.4,51.5
2017-03-21 03:00:00,-5.6,982.6,12.5,206.4,50.0
2017-03-21 06:00:00,-4.6,980.7,17.4,203.0,48.7
2017-03-21 09:00:00,-5.1,981.3,15.0,203.5,42.0
2017-03-21 12:00:00,-5.4,981.6,15.1,210.2,40.3
2017-03-21 15:00:00,-7.0,982.1,,232.4,61.6
2017-03-21 18:00:00,-6.3,981.9,,225.0,42.4
2017-03-21 21:00:00,-5.7,982.3,,214.8,36.9
2017-03-22 00:00:00,-5.2,982.7,12.4,216.6,33.7
2017-03-22 03:00:00,-5.4,983.8,14.3,215.6,38.3
2017-03-22 06:00:00,-6.9,985.1,,208.7,42.6
2017-03-22 09:00:00,-6.5,985.6,14.5,200.6,35.5
2017-03-22 12:00:00,-6.6,985.9,16.6,213.0,47.6
2017-03-22 15:00:00,-8.4,986.7,14.5,233.6,67.2
2017-03-22 18:00:00,-9.6,987.8,,223.7,70.2
2017-03-22 21:00:00,-9.0,988.3,,148.6,71.2
2017-03-23 00:00:00,-7.3,987.9,,231.7,67.0
2017-03-23 03:00:00,-6.6,986.9,,225.6,58.8
2017-03-23 06:00:00,-7.0,986.3,2.5,196.2,53.4
2017-03-23 09:00:00,-7.5,986.1,1.2,196.7,53.2
2017-03-23 12:00:00,-7.6,986.3,1.1,125.1,62.0
2017-03-23 15:00:00,-8.6,985.8,0.2,143.0,56.7
2017-03-23 18:00:00,-8.9,986.7,2.6,319.6,61.0
2017-03-23 21:00:00,-10.1,987.6,0.4,233.0,72.4
2017-03-24 00:00:00,-8.6,987.2,1.8,253.8,66.9
2017-03-24 03:00:00,,987.5,0.8,243.6,68.1
2017-03-24 06:00:00,-10.2,988.5,0.8,19.2,82.2
2017-03-24 09:00:00,-10.0,989.5,1.0,163.7,63.6
2017-03-24 12:00:00,-10.3,990.4,1.8,77.6,72.5
2017-03-24 15:00:00,-11.3,990.0,1.4,196.9,62.6
2017-03-24 18:00:00,-10.3,990.0,4.7,219.8,53.8
2017-03-24 21:00:00,-10.9,990.5,0.0,99.8,67.5
2017-03-25 00:00:00,-9.3,990.6,,,64.9
2017-03-25 03:00:00,-8.3,990.1,0.2,240.4,61.0
2017-03-25 06:00:00,-8.9,990.0,0.0,349.8,61.0
2017-03-25 09:00:00,-8.5,989.9,,,68.3
2017-03-25 12:00:00,-8.1,989.6,1.7,0.7,63.4
2017-03-25 15:00:00,-8.6,989.0,0.1,124.6,66.8
2017-03-25 18:00:00,-9.0,988.0,2.9,229.6,68.0
2017-03-25 21:00:00,-9.1,987.3,,236.5,68.3
2017-03-26 00:00:00,-9.2,986.8,5.0,229.3,68.0
2017-03-26 03:00:00,-10.2,985.6,9.5,230.5,66.4
2017-03-26 06:00:00,-10.4,985.1,,231.2,65.8
2017-03-26 09:00:00,-9.6,984.5,14.0,236.2,65.6
2017-03-26 12:00:00,-10.2,985.2,14.2,231.0,66.5
2017-03-26 15:00:00,-11.7,985.8,16.8,239.0,70.7
2017-03-26 18:00:00,-11.5,987.0,13.7,236.2,66.0
2017-03-26 21:00:00,-8.3,987.5,,248.3,51.2
2017-03-27 00:00:00,-8.6,988.7,,207.6,54.6
2017-03-27 03:00:00,-8.8,989.2,,234.2,53.4
2017-03-27 06:00:00,-10.6,989.7,4.8,232.0,60.3
2017-03-27 09:00:00,-11.8,990.1,2.1,199.0,56.2
2017-03-27 12:00:00,-13.2,990.3,0.0,177.5,61.1
2017-03-27 15:00:00,-13.9,989.8,1.0,169.8,79.2
2017-03-27 18:00:00,-13.4,989.2,0.6,163.1,76.9
2017-03-27 21:00:00,-13.0,988.6,2.1,203.2,75.4
2017-03-28 00:00:00,-12.0,988.6,1.1,222.7,74.4
2017-03-28 03:00:00,-12.1,987.6,1.0,309.3,78.1
2017-03-28 06:00:00,-11.6,987.0,0.8,305.7,78.1
2017-03-28 09:00:00,-12.1,985.7,0.0,209.8,86.8
2017-03-28 12:00:00,-12.4,984.1,0.0,339.9,89.3
2017-03-28 15:00:00,-12.6,983.2,1.1,219.0,89.5
2017-03-28 18:00:00,-13.5,982.6,2.1,107.2,84.0
2017-03-28 21:00:00,-14.3,982.7,0.4,130.3,86.0
2017-03-29 00:00:00,-13.8,983.1,,246.5,84.1
2017-03-29 03:00:00,-13.8,984.0,,232.1,81.1
2017-03-29 06:00:00,-14.4,985.8,8.8,264.0,77.7
2017-03-29 09:00:00,-14.5,987.8,,260.7,82.4
2017-03-29 12:00:00,-15.2,989.5,,233.3,83.7
2017-03-29 15:00:00,-15.3,991.0,0.4,243.2,79.2
2017-03-29 18:00:00,-15.5,991.5,,,83.8
2017-03-29 21:00:00,-16.6,991.8,,,83.8
2017-03-30 00:00:00,-14.3,991.3,0.5,227.7,80.0
2017-03-30 03:00:00,-13.4,990.3,,,77.4
2017-03-30 06:00:00,-13.8,989.2,0.6,287.2,81.3
2017-03-30 09:00:00,-12.8,988.0,,,84.5
2017-03-30 12:00:00,-11.6,986.4,1.2,220.3,83.6
2017-03-30 15:00:00,-10.9,985.2,,,84.1
2017-03-30 18:00:00,-10.7,984.6,0.5,27.2,85.9
2017-03-30 21:00:00,-10.6,984.1,2.1,279.3,82.8
2017-03-31 00:00:00,-10.9,983.7,0.1,339.4,83.3
2017-03-31 03:00:00,-12.0,983.8,1.0,290.1,84.9
2017-03-31 06:00:00,-13.5,985.4,0.5,213.5,72.6
2017-03-31 09:00:00,-14.6,987.6,0.7,213.1,86.6
2017-03-31 12:00:00,-14.4,989.6,0.5,53.1,81.8
2017-03-31 15:00:00,-14.6,991.5,0.0,135.1,80.3
2017-03-31 18:00:00,-14.6,991.6,,,80.1
2017-03-31 21:00:00,-14.3,990.6,0.2,33.9,78.0
2017-04-01 00:00:00,-14.0,988.4,,,80.4
2017-04-01 03:00:00,-13.4,985.3,2.9,233.4,81.1
2017-04-01 06:00:00,-14.3,984.3,,245.3,78.2
2017-04-01 09:00:00,-14.1,986.2,5.1,241.2,75.8
2017-04-01 12:00:00,-14.1,988.1,,238.4,70.8
2017-04-01 15:00:00,-14.5,989.1,2.9,230.7,70.1
2017-04-01 18:00:00,-16.6,990.3,6.0,146.1,76.7
2017-04-01 21:00:00,-17.4,991.1,3.5,200.6,71.6
2017-04-02 00:00:00,-18.3,991.6,3.4,142.3,69.2
2017-04-02 03:00:00,-18.4,990.9,5.3,236.1,63.5
2017-04-02 06:00:00,-19.6,990.8,7.6,249.9,64.8
2017-04-02 09:00:00,-19.9,991.4,6.4,224.1,56.3
2017-04-02 12:00:00,-20.4,990.7,,127.8,53.5
2017-04-02 15:00:00,-20.6,991.0,,0.0,64.5
2017-04-02 18:00:00,-21.5,991.2,1.2,156.8,67.8
2017-04-02 21:00:00,-22.4,991.8,,159.5,62.5
2017-04-03 00:00:00,,992.3,,0.0,61.1
2017-04-03 03:00:00,-20.4,993.5,1.9,328.7,66.8
2017-04-03 06:00:00,-20.3,994.4,1.7,289.3,67.7
2017-04-03 09:00:00,-22.3,994.1,0.0,103.5,70.0
2017-04-03 12:00:00,-22.6,993.1,0.2,253.4,75.5
2017-04-03 15:00:00,-22.1,991.6,2.9,222.5,67.7
2017-04-03 18:00:00,-22.3,988.9,4.6,217.6,70.0
2017-04-03 21:00:00,-19.4,985.3,2.8,204.3,65.2
2017-04-04 00:00:00,,983.0,,,63.9
2017-04-04 03:00:00,-16.2,980.4,0.7,213.6,68.0
2017-04-04 06:00:00,-15.0,979.4,,,67.8
2017-04-04 09:00:00,-15.2,976.4,,,81.6
2017-04-04 12:00:00,-14.8,972.6,0.3,48.6,86.7
2017-04-04 15:00:00,-13.7,969.0,,232.4,85.8
2017-04-04 18:00:00,-13.2,969.6,,237.0,75.7
2017-04-04 21:00:00,-14.2,974.1,11.7,232.9,78.6
2017-04-05 00:00:00,-13.2,979.8,8.3,238.9,69.1
2017-04-05 03:00:00,-14.2,983.9,10.1,234.5,65.2
2017-04-05 06:00:00,-15.2,987.5,11.3,241.2,65.0
2017-04-05 09:00:00,-14.4,989.0,11.1,225.3,61.3
2017-04-05 12:00:00,-14.6,991.0,,231.1,60.0
2017-04-05 15:00:00,-13.4,991.6,,245.4,65.6
2017-04-05 18:00:00,-13.6,992.1,7.7,233.0,63.6
2017-04-05 21:00:00,-12.8,992.4,,157.0,58.4
2017-04-06 00:00:00,-12.9,993.1,,237.5,61.4
2017-04-06 03:00:00,-13.6,992.5,,165.5,55.3
2017-04-06 06:00:00,-13.2,991.9,,126.9,60.0
2017-04-06 09:00:00,-12.7,991.4,4.2,231.1,54.4
2017-04-06 12:00:00,-14.6,991.4,1.3,209.8,62.2
2017-04-06 15:00:00,-15.4,990.4,3.0,150.8,71.2
2017-04-06 18:00:00,-15.8,989.5,2.8,158.3,72.5
2017-04-06 21:00:00,-16.9,988.6,1.2,235.6,71.5
2017-04-07 00:00:00,-15.6,987.6,0.8,233.3,63.3
2017-04-07 03:00:00,-14.7,986.4,0.7,223.7,65.2
2017-04-07 06:00:00,-15.4,985.8,2.0,240.3,73.1
2017-04-07 09:00:00,-13.7,985.8,0.1,12.6,76.3
2017-04-07 12:00:00,-13.7,985.2,,,76.3
2017-04-07 15:00:00,-13.5,984.7,0.3,205.8,79.3
2017-04-07 18:00:00,-13.3,984.6,0.1,333.2,79.7
2017-04-07 21:00:00,-13.3,985.1,0.0,286.6,85.3
2017-04-08 00:00:00,-14.7,985.8,2.3,213.6,86.3
2017-04-08 03:00:00,-15.1,986.0,3.0,239.4,81.2
2017-04-08 06:00:00,-15.5,986.2,0.0,191.9,81.6
2017-04-08 09:00:00,-15.9,986.2,0.5,92.7,80.4
2017-04-08 12:00:00,-16.9,985.9,1.7,193.6,68.1
2017-04-08 15:00:00,-16.7,985.4,2.0,315.3,83.1
2017-04-08 18:00:00,-17.1,985.3,1.2,291.2,80.3
2017-04-08 21:00:00,-17.7,984.7,2.2,327.7,80.4
2017-04-09 00:00:00,-17.0,984.2,0.7,335.2,73.3
2017-04-09 03:00:00,-17.5,983.8,0.1,302.5,75.2
2017-04-09 06:00:00,-18.3,983.1,1.2,130.2,78.1
2017-04-09 09:00:00,-19.2,982.8,0.7,225.8,78.2
2017-04-09 12:00:00,-18.2,981.8,0.0,161.3,75.8
2017-04-09 15:00:00,-19.8,980.5,0.0,130.1,78.4
2017-04-09 18:00:00,-18.2,979.3,,,74.6
2017-04-09 21:00:00,-16.6,978.2,1.7,61.4,73.9
2017-04-10 00:00:00,-15.5,978.3,2.3,109.2,68.5
2017-04-10 03:00:00,-15.1,978.1,0.4,80.6,68.0
2017-04-10 06:00:00,-16.5,978.1,2.7,96.9,63.0
2017-04-10 09:00:00,-15.9,977.7,1.8,83.7,67.1
2017-04-10 12:00:00,-16.4,977.6,2.2,117.8,62.8
2017-04-10 15:00:00,-17.4,977.9,0.7,162.6,67.5
2017-04-10 18:00:00,-17.4,977.0,0.8,184.9,64.3
2017-04-10 21:00:00,-18.1,976.5,4.4,155.7,57.4
2017-04-11 00:00:00,-18.6,976.5,0.6,213.2,65.6
2017-04-11 03:00:00,-17.7,976.2,2.5,225.3,64.2
2017-04-11 06:00:00,-20.5,976.4,0.6,180.3,70.9
2017-04-11 09:00:00,,976.6,0.0,186.5,73.8
2017-04-11 12:00:00,-22.5,976.8,,211.9,71.9
2017-04-11 15:00:00,-22.8,977.4,,0.0,80.9
2017-04-11 18:00:00,-23.4,978.1,,0.0,80.8
2017-04-11 21:00:00,-25.4,978.8,,204.5,79.3
2017-04-12 00:00:00,,979.6,2.0,215.6,81.9
2017-04-12 03:00:00,,980.4,3.1,225.7,84.7
2017-04-12 06:00:00,-18.9,980.3,3.6,218.2,72.1
2017-04-12 09:00:00,-19.8,982.5,0.3,98.8,74.5
2017-04-12 12:00:00,-21.7,984.7,1.1,159.2,65.2
2017-04-12 15:00:00,-20.5,986.7,0.8,230.7,74.7
2017-04-12 18:00:00,-20.3,989.2,2.4,229.7,71.4
2017-04-12 21:00:00,-18.7,989.7,0.8,195.3,65.3
2017-04-13 00:00:00,-20.5,989.1,0.0,209.6,74.3
2017-04-13 03:00:00,,986.1,0.1,108.4,71.4
2017-04-13 06:00:00,-17.5,983.6,0.1,13.5,77.2
2017-04-13 09:00:00,-16.0,982.7,0.4,240.4,71.3
2017-04-13 12:00:00,-14.9,983.0,0.0,106.7,73.8
2017-04-13 15:00:00,-17.1,984.1,0.5,248.0,75.7
2017-04-13 18:00:00,-18.5,985.0,0.6,205.9,79.0
2017-04-13 21:00:00,-17.4,986.0,0.1,176.2,70.8
2017-04-14 00:00:00,-16.0,987.3,0.6,164.4,65.9
2017-04-14 03:00:00,-17.6,987.4,0.6,266.9,78.3
2017-04-14 06:00:00,-17.8,988.1,0.0,241.2,79.3
2017-04-14 09:00:00,-18.7,988.8,0.1,255.8,80.7
2017-04-14 12:00:00,-16.7,989.1,1.5,232.7,79.8
2017-04-14 15:00:00,-16.0,988.4,3.7,233.8,79.3
2017-04-14 18:00:00,-16.0,987.8,1.3,227.4,81.2
2017-04-14 21:00:00,-16.2,987.8,2.4,226.9,83.3
2017-04-15 00:00:00,-14.8,987.9,0.1,211.2,80.5
2017-04-15 03:00:00,-14.3,988.4,0.0,183.4,79.6
2017-04-15 06:00:00,-14.3,988.3,,,83.9
2017-04-15 09:00:00,-14.5,987.9,,,85.1
2017-04-15 12:00:00,-14.1,987.4,1.2,189.3,78.8
2017-04-15 15:00:00,-15.2,986.8,4.4,231.7,82.4
2017-04-15 18:00:00,-15.7,985.5,,238.3,76.7
2017-04-15 21:00:00,-16.1,985.7,,232.8,75.9
2017-04-16 00:00:00,-16.2,986.1,,234.6,80.5
2017-04-16 03:00:00,-14.5,985.2,,130.5,73.0
2017-04-16 06:00:00,-14.3,988.1,,237.7,64.1
2017-04-16 09:00:00,-15.5,990.7,,125.7,61.3
2017-04-16 12:00:00,-16.4,993.1,,241.4,57.6
2017-04-16 15:00:00,-17.5,996.2,2.2,123.5,59.1
2017-04-16 18:00:00,-17.5,997.6,7.0,249.9,56.3
2017-04-16 21:00:00,-18.5,998.8,,167.1,58.3
2017-04-17 00:00:00,-17.9,999.7,,181.0,56.7
2017-04-17 03:00:00,-18.7,999.5,1.5,198.5,61.7
2017-04-17 06:00:00,-18.9,999.3,1.9,158.0,60.3
2017-04-17 09:00:00,-19.5,998.9,0.2,110.6,57.8
2017-04-17 12:00:00,-19.3,998.5,0.0,118.1,62.2
2017-04-17 15:00:00,-19.7,998.0,1.1,106.6,59.1
2017-04-17 18:00:00,-19.7,997.5,1.4,132.4,53.0
2017-04-17 21:00:00,-21.0,997.3,1.4,124.7,58.1
2017-04-18 00:00:00,-20.1,997.3,,,60.4
2017-04-18 03:00:00,-21.0,996.1,0.2,341.7,69.8
2017-04-18 06:00:00,-21.6,995.0,0.9,187.0,64.4
2017-04-18 09:00:00,-22.8,993.6,1.1,141.0,64.7
2017-04-18 12:00:00,-23.5,993.0,,,74.0
2017-04-18 15:00:00,-23.0,992.4,0.4,149.5,66.8
2017-04-18 18:00:00,-24.1,992.1,,,69.9
2017-04-18 21:00:00,-23.8,992.0,,,71.4
2017-04-19 00:00:00,-23.6,991.7,,,67.6
2017-04-19 03:00:00,-24.2,991.4,0.5,213.9,72.0
2017-04-19 06:00:00,-24.9,991.2,0.0,190.0,71.6
2017-04-19 09:00:00,-26.0,990.5,0.6,257.7,72.7
2017-04-19 12:00:00,-24.9,989.7,1.1,235.2,69.5
2017-04-19 15:00:00,-25.8,989.1,0.9,218.8,77.1
2017-04-19 18:00:00,-26.0,987.7,1.4,231.2,72.3
2017-04-19 21:00:00,-21.8,987.0,1.1,138.4,81.4
2017-04-20 00:00:00,-22.1,985.9,1.8,225.1,80.5
2017-04-20 03:00:00,-22.5,984.0,2.8,234.7,80.8
2017-04-20 06:00:00,-20.9,983.8,0.2,299.3,82.2
2017-04-20 09:00:00,-20.6,984.2,0.7,226.6,82.5
2017-04-20 12:00:00,-20.0,984.8,1.9,236.6,82.5
2017-04-20 15:00:00,-20.2,985.1,0.0,288.4,76.9
2017-04-20 18:00:00,-19.5,985.6,,231.9,62.6
2017-04-20 21:00:00,-18.8,986.5,1.7,214.4,60.5
2017-04-21 00:00:00,-19.4,987.3,3.1,226.2,56.5
2017-04-21 03:00:00,-18.2,988.6,2.9,225.0,52.2
2017-04-21 06:00:00,-17.9,989.3,,,59.4
2017-04-21 09:00:00,-17.0,989.2,4.5,226.8,48.4
2017-04-21 12:00:00,-17.5,989.2,,243.7,41.6
2017-04-21 15:00:00,-17.8,990.0,6.6,218.6,38.9
2017-04-21 18:00:00,-19.6,990.0,,111.4,44.3
2017-04-21 21:00:00,-22.6,989.1,,232.8,68.8
2017-04-22 00:00:00,,988.2,,,50.7
2017-04-22 03:00:00,-21.9,986.5,,,72.4
2017-04-22 06:00:00,-22.2,984.9,2.0,229.0,65.7
2017-04-22 09:00:00,-22.9,983.9,,,72.9
2017-04-22 12:00:00,-22.2,983.2,,0.0,68.7
2017-04-22 15:00:00,-22.9,982.5,,0.0,74.8
2017-04-22 18:00:00,-24.5,982.2,,225.1,73.7
2017-04-22 21:00:00,-24.5,982.0,0.1,229.7,73.7
2017-04-23 00:00:00,-22.7,981.8,,,67.1
2017-04-23 03:00:00,-23.4,981.3,0.2,211.0,70.8
2017-04-23 06:00:00,-23.5,981.3,0.3,211.0,70.2
2017-04-23 09:00:00,-21.9,981.2,,,58.8
2017-04-23 12:00:00,-21.1,981.1,0.0,99.5,64.8
2017-04-23 15:00:00,-18.6,981.0,1.8,46.2,47.5
2017-04-23 18:00:00,-18.0,981.2,1.1,51.7,54.5
2017-04-23 21:00:00,-18.6,981.3,2.1,58.3,61.0
2017-04-24 00:00:00,-17.0,981.9,2.7,43.7,55.9
2017-04-24 03:00:00,-17.4,982.3,0.0,95.5,55.2
2017-04-24 06:00:00,-16.1,983.0,3.5,224.7,48.3
2017-04-24 09:00:00,-16.4,983.8,2.2,13.6,59.9
2017-04-24 12:00:00,-14.1,984.7,3.6,246.1,42.1
2017-04-24 15:00:00,-11.9,985.6,,236.9,38.6
2017-04-24 18:00:00,-13.6,987.3,3.7,93.7,45.8
2017-04-24 21:00:00,-13.7,989.0,,246.7,46.7
2017-04-25 00:00:00,-15.0,990.2,6.7,255.7,55.8
2017-04-25 03:00:00,-15.8,991.8,,228.3,48.4
2017-04-25 06:00:00,-17.9,992.1,2.8,215.3,60.2
2017-04-25 09:00:00,-18.1,991.1,2.4,244.3,59.7
2017-04-25 12:00:00,-18.4,989.9,0.1,136.2,63.8
2017-04-25 15:00:00,-17.2,989.1,0.8,283.6,62.0
2017-04-25 18:00:00,-18.3,988.2,0.0,100.8,74.8
2017-04-25 21:00:00,-20.4,987.0,,,78.7
2017-04-26 00:00:00,-19.2,986.2,0.0,71.5,76.7
2017-04-26 03:00:00,-20.5,985.7,1.1,51.4,79.5
2017-04-26 06:00:00,-20.3,985.9,0.1,312.0,78.0
2017-04-26 09:00:00,-20.7,986.4,,,78.6
2017-04-26 12:00:00,-20.6,985.7,0.1,96.6,78.6
2017-04-26 15:00:00,-19.8,985.3,0.3,55.4,77.6
2017-04-26 18:00:00,-17.4,984.5,0.5,42.0,70.5
2017-04-26 21:00:00,,986.0,,156.3,49.1
2017-04-27 00:00:00,-13.8,986.3,3.5,105.8,46.8
2017-04-27 03:00:00,-14.5,987.4,6.8,271.0,49.1
2017-04-27 06:00:00,-16.9,989.3,,61.6,56.8
2017-04-27 09:00:00,-14.3,990.4,,246.8,51.0
2017-04-27 12:00:00,-17.3,993.5,,302.2,46.7
2017-04-27 15:00:00,,995.1,,311.3,67.5
2017-04-27 18:00:00,-19.0,996.3,0.0,293.0,61.8
2017-04-27 21:00:00,-19.9,996.8,0.0,85.0,67.8
2017-04-28 00:00:00,-19.3,997.3,,,54.7
2017-04-28 03:00:00,-17.6,997.5,1.2,244.0,51.1
2017-04-28 06:00:00,-17.3,997.0,1.6,226.9,48.6
2017-04-28 09:00:00,-19.1,997.6,,,60.7
2017-04-28 12:00:00,,998.0,1.5,125.4,32.2
2017-04-28 15:00:00,,998.1,2.9,229.7,40.7
2017-04-28 18:00:00,-9.1,997.1,,239.2,46.0
2017-04-28 21:00:00,-9.0,997.8,,229.5,50.1
2017-04-29 00:00:00,-8.9,997.2,9.8,252.8,55.2
2017-04-29 03:00:00,-6.4,995.6,12.6,235.6,47.2
2017-04-29 06:00:00,-6.4,995.6,13.4,232.4,47.6
2017-04-29 09:00:00,-8.5,994.0,13.2,238.7,62.4
2017-04-29 12:00:00,-9.2,993.8,16.2,246.5,64.6
2017-04-29 15:00:00,-9.3,993.8,13.5,244.4,66.2
2017-04-29 18:00:00,-9.6,992.7,16.2,245.6,65.4
2017-04-29 21:00:00,-9.6,993.7,15.9,238.1,67.8
2017-04-30 00:00:00,-10.0,993.5,16.5,233.8,68.2
2017-04-30 03:00:00,-7.3,993.7,14.4,218.0,53.2
2017-04-30 06:00:00,-6.0,994.1,12.5,215.5,45.5
2017-04-30 09:00:00,-9.5,994.3,,128.9,71.5
2017-04-30 12:00:00,-8.5,994.2,,31.8,62.0
2017-04-30 15:00:00,-10.6,995.0,0.6,49.0,72.4
2017-04-30 18:00:00,-11.2,994.6,3.4,53.4,83.4
2017-04-30 21:00:00,-11.6,994.2,0.6,23.3,86.6
2017-05-01 00:00:00,-12.4,993.8,2.2,252.8,72.9
2017-05-01 03:00:00,-13.4,993.3,0.3,135.4,73.8
2017-05-01 06:00:00,-13.3,992.3,0.1,126.6,82.5
2017-05-01 09:00:00,-13.4,991.2,3.6,143.3,79.6
2017-05-01 12:00:00,-13.7,990.4,1.6,98.2,79.6
2017-05-01 15:00:00,-14.7,988.7,4.9,111.1,78.3
2017-05-01 18:00:00,-15.2,987.4,6.3,132.8,79.1
2017-05-01 21:00:00,-15.8,986.8,7.6,142.5,79.5
2017-05-02 00:00:00,-16.3,985.9,6.6,136.2,80.7
2017-05-02 03:00:00,-17.4,985.3,9.0,159.5,75.5
2017-05-02 06:00:00,-18.1,983.2,6.7,145.8,70.9
2017-05-02 09:00:00,-18.0,981.5,,235.5,72.3
2017-05-02 12:00:00,-18.6,979.0,4.6,167.2,71.4
2017-05-02 15:00:00,-18.1,975.8,3.0,194.5,75.8
2017-05-02 18:00:00,-16.3,972.7,,223.5,78.6
2017-05-02 21:00:00,-17.0,971.9,,242.5,84.8
2017-05-03 00:00:00,-15.3,971.5,13.8,242.6,69.1
2017-05-03 03:00:00,-14.7,971.1,11.9,215.6,83.6
2017-05-03 06:00:00,-13.8,970.0,14.2,235.4,83.1
2017-05-03 09:00:00,-9.8,970.6,,224.0,52.9
2017-05-03 12:00:00,-9.1,970.2,,215.3,40.5
2017-05-03 15:00:00,-11.5,971.2,,87.7,59.4
2017-05-03 18:00:00,-12.3,971.8,,66.3,62.2
2017-05-03 21:00:00,-12.7,972.8,0.7,128.4,57.5
2017-05-04 00:00:00,-16.2,973.7,0.1,51.1,73.4
2017-05-04 03:00:00,-16.6,973.7,2.1,212.8,73.9
2017-05-04 06:00:00,-16.6,974.5,0.0,227.3,79.2
2017-05-04 09:00:00,-17.3,975.6,,0.0,84.7
2017-05-04 12:00:00,-17.2,976.1,,0.0,81.4
2017-05-04 15:00:00,-15.5,976.6,,218.5,78.0
2017-05-04 18:00:00,-16.8,977.2,0.5,66.8,78.5
2017-05-04 21:00:00,-16.9,977.2,0.5,235.9,75.7
2017-05-05 00:00:00,-16.3,977.9,0.1,348.8,67.0
2017-05-05 03:00:00,-15.8,977.4,1.7,219.6,56.8
2017-05-05 06:00:00,-13.5,977.6,2.5,188.7,56.8
2017-05-05 09:00:00,,978.1,0.0,9.2,68.2
2017-05-05 12:00:00,-16.6,978.6,1.2,214.7,57.8
2017-05-05 15:00:00,-18.5,980.6,0.1,173.3,75.7
2017-05-05 18:00:00,-18.7,981.6,0.6,166.3,71.5
2017-05-05 21:00:00,-20.4,981.9,0.0,281.5,74.2
2017-05-06 00:00:00,-20.5,982.4,0.1,257.2,72.3
2017-05-06 03:00:00,-20.9,981.2,0.8,230.7,74.6
2017-05-06 06:00:00,-21.1,979.3,0.6,227.8,73.5
2017-05-06 09:00:00,-19.0,977.6,,,76.2
2017-05-06 12:00:00,-17.0,976.1,1.9,204.6,82.5
2017-05-06 15:00:00,-16.7,975.0,0.7,234.4,85.9
2017-05-06 18:00:00,-16.9,975.1,0.5,214.5,84.9
2017-05-06 21:00:00,-16.6,975.9,1.5,239.7,84.4
2017-05-07 00:00:00,-16.0,976.2,0.9,94.9,84.9
2017-05-07 03:00:00,-15.6,976.9,2.9,151.9,66.8
2017-05-07 06:00:00,-15.8,977.1,0.5,172.6,61.2
2017-05-07 09:00:00,-16.8,978.3,,243.7,68.4
2017-05-07 12:00:00,-17.0,979.4,,240.6,65.4
2017-05-07 15:00:00,-15.1,979.9,,121.1,49.2
2017-05-07 18:00:00,-16.9,982.3,,102.9,58.6
2017-05-07 21:00:00,-17.2,984.2,0.2,140.0,66.8
2017-05-08 00:00:00,-18.3,985.2,2.0,131.6,70.9
2017-05-08 03:00:00,-18.9,985.9,1.5,46.0,74.2
2017-05-08 06:00:00,-19.6,986.6,1.6,115.7,68.8
2017-05-08 09:00:00,-21.4,986.3,0.0,161.4,71.0
2017-05-08 12:00:00,-22.1,985.0,0.0,163.4,65.8
2017-05-08 15:00:00,-25.8,982.7,0.2,62.5,78.1
2017-05-08 18:00:00,-24.8,981.4,0.3,272.8,76.7
2017-05-08 21:00:00,-25.6,980.4,0.3,247.8,77.4
2017-05-09 00:00:00,-25.9,979.6,1.1,221.2,76.5
2017-05-09 03:00:00,-27.4,979.0,0.1,269.8,74.3
2017-05-09 06:00:00,-27.8,978.7,,,76.4
2017-05-09 09:00:00,-28.5,979.6,,156.7,76.1
2017-05-09 12:00:00,-29.5,980.7,,0.0,76.0
2017-05-09 15:00:00,-26.1,981.2,,0.0,75.8
2017-05-09 18:00:00,-25.2,981.4,,0.0,76.2
2017-05-09 21:00:00,-25.6,981.9,,213.5,67.0
2017-05-10 00:00:00,-25.0,981.5,2.7,241.7,61.7
2017-05-10 03:00:00,-25.9,981.1,1.3,213.3,58.3
2017-05-10 06:00:00,-25.6,979.6,0.8,209.2,58.7
2017-05-10 09:00:00,-22.5,977.0,5.1,242.8,53.2
2017-05-10 12:00:00,,974.8,,241.2,58.3
2017-05-10 15:00:00,-18.2,973.1,,234.5,54.2
2017-05-10 18:00:00,-16.4,972.8,,199.2,71.9
2017-05-10 21:00:00,-15.9,973.0,,204.2,66.2
2017-05-11 00:00:00,-15.7,973.7,21.5,208.2,63.1
2017-05-11 03:00:00,-16.6,975.6,20.3,206.1,70.8
2017-05-11 06:00:00,-16.7,978.0,22.3,209.0,73.3
2017-05-11 09:00:00,-15.9,978.8,,214.8,63.3
2017-05-11 12:00:00,-17.1,980.4,,233.4,67.8
2017-05-11 15:00:00,-18.0,981.3,,230.7,63.4
2017-05-11 18:00:00,-18.0,980.5,,,62.2
2017-05-11 21:00:00,-19.0,980.8,,,65.7
2017-05-12 00:00:00,-18.5,980.0,0.6,179.1,62.2
2017-05-12 03:00:00,-21.4,978.2,0.0,219.2,73.9
2017-05-12 06:00:00,-19.6,976.7,0.2,242.3,71.7
2017-05-12 09:00:00,-18.9,974.9,0.1,210.0,75.7
2017-05-12 12:00:00,-21.8,973.5,0.4,305.2,76.3
2017-05-12 15:00:00,-22.8,973.6,,,75.5
2017-05-12 18:00:00,-20.3,974.3,0.0,220.7,77.8
2017-05-12 21:00:00,-20.4,975.7,0.7,247.5,82.5
2017-05-13 00:00:00,-19.4,977.1,,,84.1
2017-05-13 03:00:00,-18.6,978.5,,238.5,64.3
2017-05-13 06:00:00,-19.7,980.8,2.6,239.8,64.1
2017-05-13 09:00:00,-21.2,981.6,,74.3,72.8
2017-05-13 12:00:00,-23.2,981.7,0.4,226.5,76.9
2017-05-13 15:00:00,-23.3,980.7,1.3,146.8,70.7
2017-05-13 18:00:00,-24.4,979.9,,,74.8
2017-05-13 21:00:00,-24.6,977.8,2.2,264.2,75.5
2017-05-14 00:00:00,-25.5,976.2,,,77.0
2017-05-14 03:00:00,-25.3,974.1,1.1,244.9,72.9
2017-05-14 06:00:00,-23.6,972.2,1.0,234.0,69.4
2017-05-14 09:00:00,-27.3,971.7,0.3,50.1,75.6
2017-05-14 12:00:00,-25.9,971.5,0.0,224.5,76.4
2017-05-14 15:00:00,-25.1,972.5,0.3,258.5,75.2
2017-05-14 18:00:00,-24.6,974.9,1.6,240.6,74.0
2017-05-14 21:00:00,-24.9,977.6,0.1,330.9,77.0
2017-05-15 00:00:00,-23.3,981.0,,,82.2
2017-05-15 03:00:00,-22.3,983.2,1.2,183.2,82.5
2017-05-15 06:00:00,-24.1,984.3,1.3,232.8,79.4
2017-05-15 09:00:00,-25.1,984.0,0.9,248.3,78.3
2017-05-15 12:00:00,-23.6,983.0,1.2,223.8,80.0
2017-05-15 15:00:00,-23.4,981.1,1.2,218.8,79.7
2017-05-15 18:00:00,-22.0,979.5,0.3,135.0,78.4
2017-05-15 21:00:00,-24.9,978.1,0.3,256.6,79.2
2017-05-16 00:00:00,-24.0,976.8,1.6,230.2,79.0
2017-05-16 03:00:00,-25.0,975.9,2.5,224.2,75.2
2017-05-16 06:00:00,-21.0,974.9,1.9,227.4,52.9
2017-05-16 09:00:00,,975.0,2.5,187.3,49.0
2017-05-16 12:00:00,-20.9,975.3,1.2,229.0,50.4
2017-05-16 15:00:00,-21.3,974.9,0.1,197.2,58.2
2017-05-16 18:00:00,-23.7,974.8,1.5,248.3,69.5
2017-05-16 21:00:00,-22.5,974.7,1.0,235.0,64.0
2017-05-17 00:00:00,,975.3,1.1,222.3,49.7
2017-05-17 03:00:00,,975.3,0.0,189.1,46.0
2017-05-17 06:00:00,,976.0,,215.1,75.2
2017-05-17 09:00:00,-12.2,978.3,,236.5,74.9
2017-05-17 12:00:00,-12.0,980.5,8.3,231.4,76.9
2017-05-17 15:00:00,-11.8,982.7,6.8,238.2,70.0
2017-05-17 18:00:00,-12.3,984.0,11.4,243.3,69.9
2017-05-17 21:00:00,-12.4,985.3,11.5,227.2,79.3
2017-05-18 00:00:00,-12.1,988.1,8.3,211.9,73.6
2017-05-18 03:00:00,-11.2,988.7,10.1,223.0,73.3
2017-05-18 06:00:00,-11.5,991.2,8.1,200.4,61.9
2017-05-18 09:00:00,-11.8,994.9,7.7,224.2,65.9
2017-05-18 12:00:00,-11.8,996.1,7.1,212.4,63.4
2017-05-18 15:00:00,-11.7,997.0,7.3,217.3,68.7
2017-05-18 18:00:00,-12.7,997.9,11.4,152.7,72.0
2017-05-18 21:00:00,-12.9,999.9,7.8,148.0,58.0
2017-05-19 00:00:00,-14.2,1000.1,,289.8,71.4
2017-05-19 03:00:00,-16.7,998.7,,18.6,78.2
2017-05-19 06:00:00,-18.5,999.2,1.3,237.7,79.8
2017-05-19 09:00:00,-19.2,998.5,0.8,230.9,77.6
2017-05-19 12:00:00,-20.2,996.6,1.9,263.9,71.7
2017-05-19 15:00:00,-20.6,992.3,1.3,238.0,76.0
2017-05-19 18:00:00,-18.5,988.3,0.7,291.7,72.0
2017-05-19 21:00:00,-19.4,985.3,,,71.5
2017-05-20 00:00:00,-20.5,983.9,0.8,250.5,78.5
2017-05-20 03:00:00,-21.9,983.5,,,84.9
2017-05-20 06:00:00,-21.5,982.1,0.5,251.3,81.2
2017-05-20 09:00:00,-21.2,980.8,0.0,24.2,83.3
2017-05-20 12:00:00,-21.6,980.8,,,82.2
2017-05-20 15:00:00,-20.9,980.1,,,83.3
2017-05-20 18:00:00,-20.1,980.2,1.0,264.8,79.3
2017-05-20 21:00:00,-17.1,979.4,0.5,53.8,67.3
2017-05-21 00:00:00,-16.6,979.9,0.5,48.8,61.3
2017-05-21 03:00:00,-16.0,979.3,5.0,246.1,58.8
2017-05-21 06:00:00,-16.5,979.0,1.7,230.2,65.3
2017-05-21 09:00:00,-14.7,978.1,,204.9,49.1
2017-05-21 12:00:00,-14.7,976.5,,216.0,48.7
2017-05-21 15:00:00,-14.7,975.5,11.8,207.4,43.9
2017-05-21 18:00:00,-14.9,974.8,15.0,206.3,50.6
2017-05-21 21:00:00,-14.6,974.7,,210.1,44.1
2017-05-22 00:00:00,-14.8,973.8,13.4,215.2,51.0
2017-05-22 03:00:00,-14.7,974.0,13.9,202.9,54.4
2017-05-22 06:00:00,-13.7,974.1,,204.5,41.2
2017-05-22 09:00:00,-17.2,975.8,,82.0,55.5
2017-05-22 12:00:00,-17.7,977.2,,101.6,59.8
2017-05-22 15:00:00,-19.1,978.3,1.4,142.3,63.4
2017-05-22 18:00:00,-20.2,978.9,1.4,64.4,64.5
2017-05-22 21:00:00,-21.5,979.6,1.2,226.8,75.5
2017-05-23 00:00:00,-22.1,979.2,0.4,225.6,75.2
2017-05-23 03:00:00,-22.9,978.7,1.4,230.9,77.1
2017-05-23 06:00:00,-22.7,979.5,0.1,214.3,67.7
2017-05-23 09:00:00,-21.4,980.3,2.9,226.9,74.1
2017-05-23 12:00:00,-19.8,980.9,2.2,233.4,76.8
2017-05-23 15:00:00,-18.7,981.6,1.3,219.9,78.1
2017-05-23 18:00:00,-18.2,982.6,0.0,194.5,85.0
2017-05-23 21:00:00,-16.4,983.7,0.5,221.8,75.0
2017-05-24 00:00:00,,985.1,,220.9,58.3
2017-05-24 03:00:00,,987.1,,222.3,53.4
2017-05-24 06:00:00,-12.7,990.4,,140.8,65.8
2017-05-24 09:00:00,-13.5,993.7,,182.6,71.3
2017-05-24 12:00:00,-13.8,995.1,,0.0,67.5
2017-05-24 15:00:00,-14.7,996.1,0.8,217.2,76.0
2017-05-24 18:00:00,-14.1,997.4,,,62.8
2017-05-24 21:00:00,-12.8,999.3,4.2,141.1,55.0
2017-05-25 00:00:00,-15.3,1001.6,2.1,252.4,79.8
2017-05-25 03:00:00,-16.7,1002.4,0.4,226.1,78.6
2017-05-25 06:00:00,-17.7,1003.3,0.3,219.3,82.3
2017-05-25 09:00:00,-16.1,1003.8,0.3,221.6,78.3
2017-05-25 12:00:00,-16.1,1003.7,2.3,149.2,78.0
2017-05-25 15:00:00,-16.3,1003.6,0.8,207.6,80.9
2017-05-25 18:00:00,-16.7,1003.9,1.6,173.8,79.7
2017-05-25 21:00:00,-17.0,1004.1,2.2,154.1,78.2
2017-05-26 00:00:00,-17.6,1004.1,,,83.2
2017-05-26 03:00:00,-18.0,1003.7,,,83.0
2017-05-26 06:00:00,-18.0,1002.7,,,80.7
2017-05-26 09:00:00,-18.6,1001.5,,,79.5
2017-05-26 12:00:00,-18.9,1000.2,,,79.5
2017-05-26 15:00:00,-19.2,998.2,0.7,154.0,71.4
2017-05-26 18:00:00,-19.4,995.4,0.1,23.9,72.3
2017-05-26 21:00:00,-20.8,993.5,0.7,249.0,68.2
2017-05-27 00:00:00,-22.3,991.2,0.3,216.7,70.3
2017-05-27 03:00:00,-22.5,988.9,0.4,245.1,72.2
2017-05-27 06:00:00,-24.7,986.6,0.5,237.6,74.6
2017-05-27 09:00:00,-24.4,985.4,,,72.9
2017-05-27 12:00:00,-22.0,984.3,0.3,216.7,76.0
2017-05-27 15:00:00,-21.1,983.6,0.2,232.7,81.2
2017-05-27 18:00:00,-20.7,982.2,0.3,266.7,82.6
2017-05-27 21:00:00,-18.4,980.8,5.0,248.4,69.9
2017-05-28 00:00:00,-18.7,980.0,,246.3,71.8
2017-05-28 03:00:00,-19.7,979.5,,236.9,81.2
2017-05-28 06:00:00,-19.2,979.6,,231.6,78.9
2017-05-28 09:00:00,-18.3,980.4,11.9,236.3,67.4
2017-05-28 12:00:00,-19.0,980.2,13.9,236.8,61.5
2017-05-28 15:00:00,-19.4,981.1,12.3,231.3,62.3
2017-05-28 18:00:00,-17.8,982.3,16.9,211.7,63.6
2017-05-28 21:00:00,-17.5,984.9,,206.9,63.3
2017-05-29 00:00:00,-18.1,987.4,,250.8,52.6
2017-05-29 03:00:00,-18.9,989.3,2.8,189.3,47.1
2017-05-29 06:00:00,-19.8,989.8,,,64.1
2017-05-29 09:00:00,-21.0,988.0,1.9,229.2,69.3
2017-05-29 12:00:00,-20.7,985.9,0.0,225.2,64.0
2017-05-29 15:00:00,-21.7,985.1,0.2,210.5,66.7
2017-05-29 18:00:00,-22.8,985.7,0.1,165.5,72.5
2017-05-29 21:00:00,-24.4,986.5,0.0,216.9,76.7
2017-05-30 00:00:00,-24.4,986.9,0.3,232.2,75.9
2017-05-30 03:00:00,-24.5,986.5,,,75.8
2017-05-30 06:00:00,-24.5,986.5,,,76.8
2017-05-30 09:00:00,-23.7,985.9,0.0,247.3,78.7
2017-05-30 12:00:00,-23.8,985.8,0.4,251.7,78.0
2017-05-30 15:00:00,-21.9,985.5,,,77.5
2017-05-30 18:00:00,-22.5,984.9,1.2,228.2,78.7
2017-05-30 21:00:00,-23.0,984.0,2.0,226.8,77.2
2017-05-31 00:00:00,-23.6,982.5,0.4,271.2,72.8
2017-05-31 03:00:00,-24.9,981.0,,,76.2
2017-05-31 06:00:00,-25.9,980.2,0.6,228.0,75.4
2017-05-31 09:00:00,-23.5,979.0,2.9,236.2,67.8
2017-05-31 12:00:00,-22.1,979.1,1.9,218.2,63.0
2017-05-31 15:00:00,-21.9,979.0,2.3,230.5,65.4
2017-05-31 18:00:00,-21.2,979.4,1.1,228.9,55.5
2017-05-31 21:00:00,-21.0,980.9,0.0,202.7,68.9
2017-06-01 00:00:00,-22.6,981.6,0.1,228.8,70.7
2017-06-01 03:00:00,-25.0,981.7,,,75.3
2017-06-01 06:00:00,-24.0,982.3,,,68.9
2017-06-01 09:00:00,-25.1,983.2,1.1,221.4,74.6
2017-06-01 12:00:00,-25.9,983.4,0.4,219.6,75.7
2017-06-01 15:00:00,-26.1,984.6,1.6,245.9,75.2
2017-06-01 18:00:00,-25.7,985.4,2.1,223.5,75.6
2017-06-01 21:00:00,-23.1,984.8,3.2,220.2,70.5
2017-06-02 00:00:00,,984.7,,231.6,59.1
2017-06-02 03:00:00,,985.8,,238.1,60.8
2017-06-02 06:00:00,-11.9,987.9,7.3,156.7,57.9
2017-06-02 09:00:00,-13.5,989.3,,0.0,63.0
2017-06-02 12:00:00,-15.4,989.8,,297.2,73.2
2017-06-02 15:00:00,-15.2,990.7,0.5,210.1,75.8
2017-06-02 18:00:00,-16.9,990.6,,,74.7
2017-06-02 21:00:00,-17.0,989.9,0.1,280.3,79.4
2017-06-03 00:00:00,-15.9,988.4,0.9,82.8,81.6
2017-06-03 03:00:00,-16.5,986.7,0.5,229.2,84.1
2017-06-03 06:00:00,-17.4,984.9,,,86.7
2017-06-03 09:00:00,-19.0,983.4,0.4,207.5,84.9
2017-06-03 12:00:00,-17.9,982.8,1.7,212.1,76.6
2017-06-03 15:00:00,-18.2,982.7,0.9,252.6,77.0
2017-06-03 18:00:00,-19.6,983.5,1.2,247.3,79.8
2017-06-03 21:00:00,-19.8,984.5,,,79.4
2017-06-04 00:00:00,-19.0,984.6,0.5,226.2,79.0
2017-06-04 03:00:00,-19.1,984.3,1.4,235.2,79.3
2017-06-04 06:00:00,-19.5,983.6,1.1,219.9,82.6
2017-06-04 09:00:00,-19.8,983.4,0.6,237.8,83.7
2017-06-04 12:00:00,-20.3,982.9,1.4,223.3,84.4
2017-06-04 15:00:00,-21.1,982.0,3.2,228.4,83.0
2017-06-04 18:00:00,-17.8,981.7,2.2,231.6,68.8
2017-06-04 21:00:00,,981.4,4.9,230.3,50.2
2017-06-05 00:00:00,-14.3,980.8,,242.1,56.8
2017-06-05 03:00:00,-13.0,981.5,,254.6,48.9
2017-06-05 06:00:00,-14.0,982.9,,213.1,59.8
2017-06-05 09:00:00,-15.1,983.1,,263.0,62.6
2017-06-05 12:00:00,-16.0,983.8,2.0,240.7,64.5
2017-06-05 15:00:00,-16.4,984.6,0.0,163.5,60.5
2017-06-05 18:00:00,-17.5,985.9,,,67.2
2017-06-05 21:00:00,-20.4,986.5,0.0,227.2,75.2
2017-06-06 00:00:00,-20.0,986.6,0.2,238.8,74.4
2017-06-06 03:00:00,-18.5,985.9,0.0,255.1,73.3
2017-06-06 06:00:00,-15.5,985.2,1.1,18.9,62.3
2017-06-06 09:00:00,-14.5,985.5,1.3,70.8,77.7
2017-06-06 12:00:00,-14.9,984.9,0.1,83.4,83.8
2017-06-06 15:00:00,-12.5,985.4,,214.5,57.9
2017-06-06 18:00:00,-14.1,986.7,,160.0,68.5
2017-06-06 21:00:00,-15.4,989.1,,87.0,72.8
2017-06-07 00:00:00,-17.2,989.3,1.0,213.3,74.4
2017-06-07 03:00:00,-16.4,989.9,0.1,65.8,70.5
2017-06-07 06:00:00,-17.1,989.8,0.8,225.5,67.8
2017-06-07 09:00:00,-17.9,989.2,1.9,230.4,69.9
2017-06-07 12:00:00,-17.9,989.0,1.2,220.9,65.6
2017-06-07 15:00:00,-21.9,989.2,,,75.1
2017-06-07 18:00:00,-19.2,990.6,,319.4,76.8
2017-06-07 21:00:00,-19.1,991.0,,0.0,80.9
2017-06-08 00:00:00,-19.8,991.3,,165.4,78.4
2017-06-08 03:00:00,-20.7,991.6,,0.0,78.8
2017-06-08 06:00:00,-20.1,991.8,,0.0,78.8
2017-06-08 09:00:00,-20.3,991.9,0.8,225.4,72.5
2017-06-08 12:00:00,-20.1,991.3,0.5,151.6,61.2
2017-06-08 15:00:00,-20.8,990.0,0.5,17.6,59.9
2017-06-08 18:00:00,-19.6,989.0,2.4,177.7,50.2
2017-06-08 21:00:00,-20.8,989.1,0.4,134.2,55.1
2017-06-09 00:00:00,-23.0,989.1,0.2,56.7,57.8
2017-06-09 03:00:00,-24.1,988.2,1.2,230.6,59.8
2017-06-09 06:00:00,-23.7,988.1,0.1,160.3,54.6
2017-06-09 09:00:00,-28.1,988.0,0.1,37.9,68.5
2017-06-09 12:00:00,-26.4,989.1,,,71.8
2017-06-09 15:00:00,-27.5,989.6,,,68.0
2017-06-09 18:00:00,,990.8,1.1,150.4,55.2
2017-06-09 21:00:00,-23.8,992.3,0.4,114.5,61.1
2017-06-10 00:00:00,,993.0,0.5,212.9,72.7
2017-06-10 03:00:00,-24.7,992.8,0.1,257.1,70.5
2017-06-10 06:00:00,-28.2,993.1,,,69.8
2017-06-10 09:00:00,,993.0,,,75.5
2017-06-10 12:00:00,-31.0,993.0,0.2,218.2,71.3
2017-06-10 15:00:00,-33.0,992.7,,,74.5
2017-06-10 18:00:00,-29.5,992.3,0.0,233.0,73.9
2017-06-10 21:00:00,-29.6,992.0,1.3,225.1,73.5
2017-06-11 00:00:00,-29.0,992.8,1.6,217.9,73.0
2017-06-11 03:00:00,-27.9,993.3,0.1,143.4,68.6
2017-06-11 06:00:00,-29.1,994.6,1.1,250.1,71.7
2017-06-11 09:00:00,,996.1,0.2,12.4,59.9
2017-06-11 12:00:00,,996.8,1.3,212.9,47.4
2017-06-11 15:00:00,-22.7,997.4,,147.8,60.1
2017-06-11 18:00:00,-25.2,996.6,3.0,47.1,74.2
2017-06-11 21:00:00,-22.2,996.3,3.5,167.2,48.5
2017-06-12 00:00:00,-20.9,995.7,7.8,217.2,39.8
2017-06-12 03:00:00,-20.2,995.3,,212.7,38.0
2017-06-12 06:00:00,-19.5,994.7,10.9,208.7,40.8
2017-06-12 09:00:00,-18.6,993.7,9.5,207.6,32.4
2017-06-12 12:00:00,-21.6,993.1,6.2,265.8,43.2
2017-06-12 15:00:00,-21.2,991.9,,255.8,40.9
2017-06-12 18:00:00,-22.1,990.3,3.1,239.2,45.5
2017-06-12 21:00:00,-23.5,989.9,,,45.8
2017-06-13 00:00:00,-24.3,989.2,1.8,227.2,43.8
2017-06-13 03:00:00,-27.0,989.0,0.8,234.8,65.8
2017-06-13 06:00:00,-27.3,989.1,,,62.2
2017-06-13 09:00:00,-29.2,989.3,,,64.9
2017-06-13 12:00:00,-27.8,989.1,1.1,236.6,63.8
2017-06-13 15:00:00,-27.9,988.4,0.3,231.2,68.6
2017-06-13 18:00:00,-27.0,987.1,1.0,213.3,67.8
2017-06-13 21:00:00,-28.5,985.8,,,70.5
2017-06-14 00:00:00,-28.3,984.8,0.0,58.7,70.2
2017-06-14 03:00:00,-28.7,983.6,,,73.9
2017-06-14 06:00:00,-29.0,982.4,1.4,218.0,76.2
2017-06-14 09:00:00,-29.5,981.7,0.0,238.1,72.7
2017-06-14 12:00:00,-30.2,981.5,,0.0,70.1
2017-06-14 15:00:00,-31.3,980.6,,0.0,70.6
2017-06-14 18:00:00,-30.6,979.5,,0.0,71.0
2017-06-14 21:00:00,-30.1,978.0,1.4,223.5,70.7
2017-06-15 00:00:00,-30.2,976.2,,,73.7
2017-06-15 03:00:00,-29.7,973.8,1.5,75.2,60.8
2017-06-15 06:00:00,-25.3,972.5,3.6,66.5,44.1
2017-06-15 09:00:00,-26.8,972.0,2.3,60.5,45.2
2017-06-15 12:00:00,-27.1,971.9,,,45.5
2017-06-15 15:00:00,-24.5,971.5,0.4,191.3,42.0
2017-06-15 18:00:00,-23.9,971.4,2.7,63.8,40.5
2017-06-15 21:00:00,-20.7,972.2,,241.5,41.8
2017-06-16 00:00:00,,973.2,,210.8,43.6
2017-06-16 03:00:00,-16.3,975.8,,210.0,56.3
2017-06-16 06:00:00,-14.1,974.6,,211.9,47.8
2017-06-16 09:00:00,-16.7,978.3,,241.9,47.7
2017-06-16 12:00:00,,978.8,,53.9,60.0
2017-06-16 15:00:00,,977.3,0.1,262.8,68.5
2017-06-16 18:00:00,-20.0,974.7,0.1,247.0,66.4
2017-06-16 21:00:00,,972.3,,,70.0
2017-06-17 00:00:00,,971.3,0.0,250.0,74.6
2017-06-17 03:00:00,-25.6,971.3,0.7,278.1,71.2
2017-06-17 06:00:00,-27.1,972.8,,,75.4
2017-06-17 09:00:00,-24.4,974.0,0.4,218.6,76.5
2017-06-17 12:00:00,-28.6,976.5,,,74.7
2017-06-17 15:00:00,,980.0,0.0,135.3,79.6
2017-06-17 18:00:00,-25.3,982.2,1.2,228.0,77.8
2017-06-17 21:00:00,-25.0,983.4,,,77.0
2017-06-18 00:00:00,-24.6,981.8,2.8,188.5,73.9
2017-06-18 03:00:00,-23.4,979.6,0.0,58.1,68.3
2017-06-18 06:00:00,-22.0,977.5,,230.6,57.1
2017-06-18 09:00:00,-22.4,976.5,,236.7,57.7
2017-06-18 12:00:00,-22.6,976.2,8.5,226.9,55.0
2017-06-18 15:00:00,-22.4,976.9,3.7,214.0,50.6
2017-06-18 18:00:00,-22.4,977.7,,183.3,54.7
2017-06-18 21:00:00,-22.5,979.8,2.5,58.8,52.9
2017-06-19 00:00:00,-23.9,982.3,0.9,239.6,55.4
2017-06-19 03:00:00,-25.0,984.0,1.5,81.3,53.3
2017-06-19 06:00:00,-25.3,985.9,4.9,237.5,51.6
2017-06-19 09:00:00,-25.6,988.1,5.9,237.2,47.3
2017-06-19 12:00:00,-26.0,989.9,3.7,210.8,48.7
2017-06-19 15:00:00,-29.3,990.9,,0.0,64.6
2017-06-19 18:00:00,-30.8,991.5,0.1,213.6,68.6
2017-06-19 21:00:00,-30.5,991.7,1.1,248.7,70.6
2017-06-20 00:00:00,-30.4,992.0,0.0,250.7,62.6
2017-06-20 03:00:00,-32.1,991.7,,0.0,70.0
2017-06-20 06:00:00,-31.7,992.7,,,68.1
2017-06-20 09:00:00,-31.4,993.0,,,66.0
2017-06-20 12:00:00,-31.2,993.3,,,69.3
2017-06-20 15:00:00,-31.9,993.7,1.1,221.4,67.3
2017-06-20 18:00:00,-30.7,994.3,,,65.2
2017-06-20 21:00:00,-33.1,995.5,,,69.2
2017-06-21 00:00:00,-31.7,997.3,,,67.2
2017-06-21 03:00:00,-31.5,999.4,0.2,219.3,67.2
2017-06-21 06:00:00,-31.9,1001.2,0.9,224.4,68.1
2017-06-21 09:00:00,-29.6,1003.1,,,67.5
2017-06-21 12:00:00,-28.6,1004.3,,,71.1
2017-06-21 15:00:00,-29.5,1004.5,,,71.8
2017-06-21 18:00:00,-28.4,1004.5,1.8,254.9,70.7
2017-06-21 21:00:00,-28.7,1004.9,1.0,240.7,70.0
2017-06-22 00:00:00,-27.8,1003.8,0.9,231.2,71.1
2017-06-22 03:00:00,-26.9,1001.3,2.2,242.1,67.1
2017-06-22 06:00:00,-26.6,997.6,2.1,222.0,71.0
2017-06-22 09:00:00,-27.0,994.2,0.8,230.9,71.0
2017-06-22 12:00:00,-27.0,990.0,0.4,228.3,72.4
2017-06-22 15:00:00,-25.0,986.5,0.2,184.6,57.9
2017-06-22 18:00:00,-27.5,984.8,0.1,247.0,71.7
2017-06-22 21:00:00,-26.1,984.4,,,72.6
2017-06-23 00:00:00,-26.2,984.6,1.1,231.1,73.4
2017-06-23 03:00:00,-27.0,985.6,,,72.8
2017-06-23 06:00:00,-27.0,984.7,,,71.5
2017-06-23 09:00:00,-23.4,984.9,,,79.4
2017-06-23 12:00:00,,987.4,0.7,149.9,78.2
2017-06-23 15:00:00,-20.0,989.4,,153.3,73.2
2017-06-23 18:00:00,-21.6,992.8,,94.0,76.0
2017-06-23 21:00:00,-21.4,995.5,,0.0,75.2
2017-06-24 00:00:00,-20.7,998.4,1.6,144.4,62.9
2017-06-24 03:00:00,-21.7,997.4,,,79.5
2017-06-24 06:00:00,-21.6,996.4,0.2,178.0,79.3
2017-06-24 09:00:00,-21.1,994.1,1.7,226.2,76.5
2017-06-24 12:00:00,-21.2,991.9,5.0,244.5,64.8
2017-06-24 15:00:00,-21.4,991.7,1.1,340.6,58.2
2017-06-24 18:00:00,-22.3,991.7,0.1,298.2,57.5
2017-06-24 21:00:00,-22.5,992.0,,,58.1
2017-06-25 00:00:00,-24.4,992.3,0.7,158.4,57.0
2017-06-25 03:00:00,-24.7,993.2,0.0,160.5,56.8
2017-06-25 06:00:00,-28.8,994.7,,,68.0
2017-06-25 09:00:00,,995.4,0.3,192.6,72.9
2017-06-25 12:00:00,-29.7,994.8,1.4,226.6,67.4
2017-06-25 15:00:00,-29.7,994.7,0.0,233.4,62.5
2017-06-25 18:00:00,-27.1,991.9,2.1,235.6,59.5
2017-06-25 21:00:00,-29.1,989.0,1.8,245.6,63.8
2017-06-26 00:00:00,-28.3,987.5,0.0,210.1,61.4
2017-06-26 03:00:00,-29.8,986.9,2.8,230.9,67.2
2017-06-26 06:00:00,-29.1,987.0,1.6,233.1,65.8
2017-06-26 09:00:00,-30.5,986.8,,,69.2
2017-06-26 12:00:00,-29.6,985.3,0.3,258.2,69.2
2017-06-26 15:00:00,-26.4,983.7,0.1,239.6,69.0
2017-06-26 18:00:00,-26.2,982.9,,,68.0
2017-06-26 21:00:00,-23.0,983.7,,264.1,68.7
2017-06-27 00:00:00,,985.3,,0.0,78.1
2017-06-27 03:00:00,-23.1,985.3,,0.0,78.0
2017-06-27 06:00:00,-23.8,985.9,,0.0,77.2
2017-06-27 09:00:00,-21.8,986.0,0.5,141.9,62.2
2017-06-27 12:00:00,-22.8,986.9,,139.1,67.8
2017-06-27 15:00:00,-22.9,987.9,,146.3,66.4
2017-06-27 18:00:00,-23.4,989.2,5.2,146.6,63.8
2017-06-27 21:00:00,-24.2,990.8,5.5,138.7,62.0
2017-06-28 00:00:00,-23.9,992.1,2.0,117.4,58.8
2017-06-28 03:00:00,-25.3,993.3,6.4,145.8,60.7
2017-06-28 06:00:00,-26.6,995.1,,95.1,60.0
2017-06-28 09:00:00,-27.4,996.5,3.0,225.4,57.9
2017-06-28 12:00:00,-28.1,997.6,2.6,201.7,47.2
2017-06-28 15:00:00,-30.0,998.3,,,66.8
2017-06-28 18:00:00,-30.6,998.5,,,72.0
2017-06-28 21:00:00,-31.1,998.0,,,65.9
2017-06-29 00:00:00,-28.9,998.8,,,58.0
2017-06-29 03:00:00,-29.7,1000.9,,,54.3
2017-06-29 06:00:00,-33.0,1003.3,,,66.8
2017-06-29 09:00:00,-32.8,1005.0,,,66.4
2017-06-29 12:00:00,-30.8,1005.9,,,66.4
2017-06-29 15:00:00,-29.4,1006.1,,,65.1
2017-06-29 18:00:00,-28.3,1005.5,,,67.5
2017-06-29 21:00:00,-27.4,1004.0,0.2,239.0,72.0
2017-06-30 00:00:00,-25.7,1001.4,4.6,156.9,65.7
2017-06-30 03:00:00,-25.5,1000.5,4.7,111.2,63.3
2017-06-30 06:00:00,-24.5,1000.4,0.9,78.2,72.0
2017-06-30 09:00:00,-23.8,1000.3,2.0,40.4,70.3
2017-06-30 12:00:00,-23.9,1001.3,2.0,308.8,63.0
2017-06-30 15:00:00,-24.1,1001.3,0.1,167.7,52.6
2017-06-30 18:00:00,-26.8,1001.0,1.6,210.1,66.2
2017-06-30 21:00:00,-26.3,1000.1,,,66.8
2017-07-01 00:00:00,-27.8,997.6,2.6,221.3,66.6
2017-07-01 03:00:00,-30.8,996.1,0.7,239.8,72.7
2017-07-01 06:00:00,-30.3,993.9,2.8,266.4,67.7
2017-07-01 09:00:00,-30.5,995.5,0.5,286.6,66.1
2017-07-01 12:00:00,-31.2,994.4,1.1,249.2,65.8
2017-07-01 15:00:00,,993.3,,200.8,52.9
2017-07-01 18:00:00,,994.4,,201.9,36.8
2017-07-01 21:00:00,-12.1,996.5,9.4,199.8,22.6
2017-07-02 00:00:00,,998.8,,1.0,42.8
2017-07-02 03:00:00,,997.6,,221.1,58.2
2017-07-02 06:00:00,-21.7,995.8,1.5,235.5,67.5
2017-07-02 09:00:00,-19.8,993.1,1.2,230.4,63.5
2017-07-02 12:00:00,-17.0,988.6,2.7,76.4,71.6
2017-07-02 15:00:00,-17.6,984.6,4.1,89.1,78.7
2017-07-02 18:00:00,,983.4,0.2,279.3,75.3
2017-07-02 21:00:00,-20.4,985.0,1.0,151.4,83.9
2017-07-03 00:00:00,-20.6,985.2,0.4,192.5,78.3
2017-07-03 03:00:00,-21.7,986.0,0.7,229.8,71.1
2017-07-03 06:00:00,-19.6,987.1,,148.2,67.6
2017-07-03 09:00:00,-21.3,989.2,,171.5,70.0
2017-07-03 12:00:00,-22.3,990.0,5.9,149.3,64.2
2017-07-03 15:00:00,-22.9,988.7,4.1,151.8,64.4
2017-07-03 18:00:00,-24.0,988.3,,0.0,75.7
2017-07-03 21:00:00,-24.3,987.6,0.8,159.8,71.6
2017-07-04 00:00:00,-26.0,987.6,0.1,163.9,71.9
2017-07-04 03:00:00,-26.7,987.5,0.0,168.2,70.7
2017-07-04 06:00:00,-29.3,987.6,0.0,236.0,74.0
2017-07-04 09:00:00,-29.2,987.9,,,66.6
2017-07-04 12:00:00,-31.3,988.0,1.3,205.3,73.7
2017-07-04 15:00:00,-32.4,987.6,0.7,242.7,70.3
2017-07-04 18:00:00,-31.3,987.5,,,66.4
2017-07-04 21:00:00,-34.5,988.1,,0.0,69.0
2017-07-05 00:00:00,-34.1,988.3,,0.0,69.0
2017-07-05 03:00:00,-35.5,987.6,,278.5,68.8
2017-07-05 06:00:00,-35.6,987.8,,0.0,67.3
2017-07-05 09:00:00,-35.2,988.0,,0.0,66.0
2017-07-05 12:00:00,-34.8,987.5,,0.0,67.1
2017-07-05 15:00:00,-35.7,987.1,0.1,235.9,66.6
2017-07-05 18:00:00,-37.0,984.7,,,66.5
2017-07-05 21:00:00,-38.5,982.6,,,65.4
2017-07-06 00:00:00,-37.7,980.7,,,65.1
2017-07-06 03:00:00,-36.1,980.0,,,64.5
2017-07-06 06:00:00,-34.1,979.3,,,62.8
2017-07-06 09:00:00,-36.5,979.2,,,65.7
2017-07-06 12:00:00,-37.3,980.0,,,65.1
2017-07-06 15:00:00,-34.6,980.3,,,63.9
2017-07-06 18:00:00,-36.0,980.3,,,66.0
2017-07-06 21:00:00,-33.2,981.4,,,68.2
2017-07-07 00:00:00,-34.9,981.7,,,65.9
2017-07-07 03:00:00,-33.1,981.8,,,65.0
2017-07-07 06:00:00,-33.7,981.6,0.4,252.0,66.1
2017-07-07 09:00:00,-34.4,981.6,,,67.3
2017-07-07 12:00:00,-32.2,980.8,,,69.1
2017-07-07 15:00:00,-36.4,981.2,,,64.5
2017-07-07 18:00:00,-35.6,981.9,,,63.4
2017-07-07 21:00:00,-35.4,982.4,,,66.8
2017-07-08 00:00:00,-33.7,982.3,,,68.9
2017-07-08 03:00:00,-31.5,979.9,,,62.9
2017-07-08 06:00:00,,977.9,,225.9,41.4
2017-07-08 09:00:00,,976.9,,0.0,58.7
2017-07-08 12:00:00,-30.3,976.9,,,55.6
2017-07-08 15:00:00,,978.7,,,74.6
2017-07-08 18:00:00,,978.1,,,69.9
2017-07-08 21:00:00,,978.8,,,73.5
2017-07-09 00:00:00,-33.0,979.2,,,68.1
2017-07-09 03:00:00,-33.0,979.7,,,75.2
2017-07-09 06:00:00,-31.7,980.2,,,74.1
2017-07-09 09:00:00,-33.0,981.3,,,68.9
2017-07-09 12:00:00,-33.3,981.9,,,68.2
2017-07-09 15:00:00,-33.3,983.4,,,67.6
2017-07-09 18:00:00,-31.9,984.9,,,69.3
2017-07-09 21:00:00,-35.0,987.1,,,66.2
2017-07-10 00:00:00,-34.8,988.7,,,70.2
2017-07-10 03:00:00,,990.6,,,75.8
2017-07-10 06:00:00,,992.3,,,74.1
2017-07-10 09:00:00,-27.5,993.9,,,75.5
2017-07-10 12:00:00,-26.0,994.1,,,75.8
2017-07-10 15:00:00,-23.9,992.8,,,79.8
2017-07-10 18:00:00,-21.5,990.6,,,81.6
2017-07-10 21:00:00,-21.6,988.9,0.7,90.5,82.3
2017-07-11 00:00:00,-20.5,986.4,,242.0,78.5
2017-07-11 03:00:00,-21.8,986.9,,237.3,80.8
2017-07-11 06:00:00,-18.5,984.7,,215.8,76.8
2017-07-11 09:00:00,-17.7,985.6,15.0,210.3,70.3
2017-07-11 12:00:00,-19.7,988.0,,213.0,75.2
2017-07-11 15:00:00,-19.4,988.8,,203.4,62.2
2017-07-11 18:00:00,-22.1,990.7,,235.6,64.2
2017-07-11 21:00:00,-22.2,992.2,,241.8,56.4
2017-07-12 00:00:00,-23.9,992.5,,176.4,76.1
2017-07-12 03:00:00,-24.1,991.9,0.3,148.7,75.9
2017-07-12 06:00:00,-26.9,990.5,,,74.3
2017-07-12 09:00:00,-25.7,989.6,,,71.0
2017-07-12 12:00:00,-29.5,989.3,,,72.3
2017-07-12 15:00:00,-29.3,986.9,0.4,251.2,71.1
2017-07-12 18:00:00,-29.1,982.7,0.5,212.6,71.5
2017-07-12 21:00:00,-26.7,978.4,2.3,268.3,66.2
2017-07-13 00:00:00,-26.0,974.6,3.7,203.3,67.8
2017-07-13 03:00:00,-24.1,976.8,,,75.3
2017-07-13 06:00:00,-25.4,976.9,3.1,208.1,72.8
2017-07-13 09:00:00,-23.6,976.7,2.5,243.8,67.6
2017-07-13 12:00:00,-27.3,977.8,1.7,36.2,69.6
2017-07-13 15:00:00,-24.8,980.0,0.4,217.8,73.4
2017-07-13 18:00:00,-24.2,981.0,,,77.7
2017-07-13 21:00:00,-23.2,980.7,0.1,98.8,75.9
2017-07-14 00:00:00,-27.6,979.0,0.1,244.0,75.2
2017-07-14 03:00:00,-24.7,977.4,0.1,209.7,78.5
2017-07-14 06:00:00,-22.9,977.7,0.6,283.6,79.3
2017-07-14 09:00:00,-22.9,978.9,0.6,260.8,80.4
2017-07-14 12:00:00,-21.3,984.1,,133.7,77.2
2017-07-14 15:00:00,-23.3,986.9,,215.9,72.4
2017-07-14 18:00:00,-24.2,988.0,,153.0,68.1
2017-07-14 21:00:00,-26.3,989.0,,,70.2
2017-07-15 00:00:00,-27.4,988.9,,,73.7
2017-07-15 03:00:00,-28.3,988.6,0.1,261.2,73.2
2017-07-15 06:00:00,-28.5,988.1,,,67.3
2017-07-15 09:00:00,-30.9,990.1,,,71.2
2017-07-15 12:00:00,-29.5,992.0,,,73.5
2017-07-15 15:00:00,-28.5,993.4,1.4,119.4,65.8
2017-07-15 18:00:00,-29.6,993.9,,,66.8
2017-07-15 21:00:00,-28.2,995.3,1.7,182.9,52.0
2017-07-16 00:00:00,-29.8,996.7,,,52.6
2017-07-16 03:00:00,-31.3,997.5,,,66.5
2017-07-16 06:00:00,-30.2,998.0,,,62.1
2017-07-16 09:00:00,-29.9,997.5,,,64.7
2017-07-16 12:00:00,-30.1,996.1,,,66.1
2017-07-16 15:00:00,-29.2,995.3,0.7,275.1,65.7
2017-07-16 18:00:00,-27.0,993.8,2.6,232.5,56.8
2017-07-16 21:00:00,-26.9,992.3,0.3,234.4,67.8
2017-07-17 00:00:00,-27.3,990.9,,,65.6
2017-07-17 03:00:00,-26.7,990.4,,,65.7
2017-07-17 06:00:00,-27.1,990.5,0.1,163.1,64.5
2017-07-17 09:00:00,-28.6,989.9,,,68.8
2017-07-17 12:00:00,-28.7,989.2,,,70.5
2017-07-17 15:00:00,-26.4,988.8,,,64.0
2017-07-17 18:00:00,-29.8,988.7,0.3,245.7,70.0
2017-07-17 21:00:00,-29.7,988.1,0.0,219.2,71.8
2017-07-18 00:00:00,-29.5,986.4,2.4,221.6,70.3
2017-07-18 03:00:00,,985.0,,145.2,43.2
2017-07-18 06:00:00,,984.4,,0.0,63.2
2017-07-18 09:00:00,,982.1,,,66.4
2017-07-18 12:00:00,-34.5,979.9,,,67.5
2017-07-18 15:00:00,-33.4,978.1,,,66.7
2017-07-18 18:00:00,-32.5,976.4,,,60.4
2017-07-18 21:00:00,-35.3,974.6,,,67.9
2017-07-19 00:00:00,-34.3,973.2,,,65.1
2017-07-19 03:00:00,-30.5,972.2,0.3,214.2,60.7
2017-07-19 06:00:00,-33.0,972.8,2.9,228.8,67.5
2017-07-19 09:00:00,-32.7,974.1,2.5,228.8,69.0
2017-07-19 12:00:00,-32.9,974.4,,,69.8
2017-07-19 15:00:00,-35.2,975.3,,,68.5
2017-07-19 18:00:00,,977.0,,,74.6
2017-07-19 21:00:00,,978.5,1.2,230.3,62.3
2017-07-20 00:00:00,-31.6,978.3,1.2,230.4,60.9
2017-07-20 03:00:00,-29.5,978.3,0.3,186.2,57.8
2017-07-20 06:00:00,-31.7,978.1,2.0,233.7,59.5
2017-07-20 09:00:00,-28.5,979.0,2.5,55.3,50.6
2017-07-20 12:00:00,-27.9,979.9,2.5,38.7,51.9
2017-07-20 15:00:00,-24.6,980.4,2.3,80.1,40.4
2017-07-20 18:00:00,,980.7,,220.5,52.7
2017-07-20 21:00:00,,981.8,,227.4,56.1
2017-07-21 00:00:00,-20.2,983.3,,231.4,55.6
2017-07-21 03:00:00,-18.5,980.1,,205.7,33.1
2017-07-21 06:00:00,-17.5,979.1,,210.8,37.1
2017-07-21 09:00:00,-17.0,978.3,,211.7,39.5
2017-07-21 12:00:00,-15.1,976.4,17.6,207.2,42.7
2017-07-21 15:00:00,-15.7,973.0,,256.4,27.2
2017-07-21 18:00:00,-11.1,973.5,,202.2,34.6
2017-07-21 21:00:00,,975.1,,50.0,40.3
2017-07-22 00:00:00,,977.4,,197.1,36.9
2017-07-22 03:00:00,-19.1,979.1,1.7,226.6,55.8
2017-07-22 06:00:00,,981.5,0.8,40.2,62.7
2017-07-22 09:00:00,-22.9,985.3,,,51.7
2017-07-22 12:00:00,-19.4,989.0,1.9,232.1,52.9
2017-07-22 15:00:00,-19.8,992.3,,136.6,66.7
2017-07-22 18:00:00,-22.4,995.4,,147.6,68.0
2017-07-22 21:00:00,,997.9,,171.8,74.0
2017-07-23 00:00:00,-24.2,1000.0,,285.9,72.3
2017-07-23 03:00:00,-22.5,1000.6,2.0,168.8,62.9
2017-07-23 06:00:00,-21.1,999.8,,216.3,66.6
2017-07-23 09:00:00,-20.7,998.6,,231.1,72.1
2017-07-23 12:00:00,-21.2,998.4,9.6,213.9,76.0
2017-07-23 15:00:00,-21.2,998.3,11.6,228.4,78.8
2017-07-23 18:00:00,-21.0,997.6,11.8,234.0,79.8
2017-07-23 21:00:00,-20.2,997.6,11.1,230.4,81.6
2017-07-24 00:00:00,-20.0,999.4,14.8,217.0,75.5
2017-07-24 03:00:00,-19.7,1001.1,13.8,214.3,63.8
2017-07-24 06:00:00,-18.4,1002.5,15.5,215.9,61.0
2017-07-24 09:00:00,-20.4,1001.3,,27.1,57.9
2017-07-24 12:00:00,-19.4,1000.8,,80.6,44.3
2017-07-24 15:00:00,-18.6,1000.3,3.1,171.6,49.0
2017-07-24 18:00:00,-17.6,998.8,2.5,226.0,50.1
2017-07-24 21:00:00,-17.0,996.5,1.2,221.0,57.2
2017-07-25 00:00:00,-16.6,995.0,,158.1,56.8
2017-07-25 03:00:00,-16.5,991.7,,113.4,54.5
2017-07-25 06:00:00,-16.5,988.6,6.7,238.8,60.5
2017-07-25 09:00:00,-17.0,984.9,,222.8,74.6
2017-07-25 12:00:00,-17.6,982.4,,226.5,69.0
2017-07-25 15:00:00,-18.5,979.8,,209.6,74.2
2017-07-25 18:00:00,-19.0,977.4,,208.9,72.7
2017-07-25 21:00:00,-19.3,979.3,25.0,216.5,76.7
2017-07-26 00:00:00,-18.4,980.7,23.8,222.4,66.2
2017-07-26 03:00:00,-17.9,982.0,,221.3,60.6
2017-07-26 06:00:00,-17.4,983.1,,214.9,52.6
2017-07-26 09:00:00,-17.5,984.4,17.1,214.5,49.5
2017-07-26 12:00:00,-16.5,982.7,14.3,217.6,33.5
2017-07-26 15:00:00,-18.1,981.3,,227.9,48.8
2017-07-26 18:00:00,-15.9,979.7,,212.4,32.1
2017-07-26 21:00:00,-18.4,978.8,,253.9,52.9
2017-07-27 00:00:00,-18.0,978.6,9.8,241.6,48.0
2017-07-27 03:00:00,-17.3,979.2,,249.1,41.8
2017-07-27 06:00:00,-15.3,979.8,,211.1,40.4
2017-07-27 09:00:00,-15.2,980.3,,223.8,39.8
2017-07-27 12:00:00,-19.3,982.1,,164.8,44.0
2017-07-27 15:00:00,,981.0,,0.0,44.7
2017-07-27 18:00:00,-21.0,979.0,0.2,45.2,64.9
2017-07-27 21:00:00,-22.7,978.6,,,57.6
2017-07-28 00:00:00,-25.7,979.2,,,66.0
2017-07-28 03:00:00,-24.0,979.8,,,58.5
2017-07-28 06:00:00,-25.5,981.2,,,65.6
2017-07-28 09:00:00,-26.2,983.3,,324.5,65.8
2017-07-28 12:00:00,-26.2,983.6,1.5,253.6,67.6
2017-07-28 15:00:00,-27.2,982.8,2.1,230.0,69.3
2017-07-28 18:00:00,-27.7,981.0,1.9,233.5,69.6
2017-07-28 21:00:00,-26.9,980.5,,,65.0
2017-07-29 00:00:00,-28.2,980.1,,,68.7
2017-07-29 03:00:00,-26.3,979.6,,,77.0
2017-07-29 06:00:00,-29.1,978.3,0.7,244.7,74.7
2017-07-29 09:00:00,-27.1,976.5,0.1,291.3,74.3
2017-07-29 12:00:00,-24.3,976.3,2.0,229.1,78.8
2017-07-29 15:00:00,-24.5,976.4,0.0,124.6,78.8
2017-07-29 18:00:00,-26.5,975.2,1.5,219.9,77.3
2017-07-29 21:00:00,-25.7,975.9,0.0,208.5,76.7
2017-07-30 00:00:00,-27.2,977.3,0.1,2.6,78.0
2017-07-30 03:00:00,-26.3,978.9,0.2,172.4,76.5
2017-07-30 06:00:00,-25.1,979.8,1.8,261.0,77.9
2017-07-30 09:00:00,-24.8,980.5,3.1,233.5,76.5
2017-07-30 12:00:00,-23.4,981.8,3.0,237.5,61.9
2017-07-30 15:00:00,-23.0,983.3,0.8,238.9,67.1
2017-07-30 18:00:00,-23.2,983.8,,,62.8
2017-07-30 21:00:00,-22.8,985.1,0.7,75.0,70.0
2017-07-31 00:00:00,-22.9,985.0,2.0,45.3,74.2
2017-07-31 03:00:00,-23.1,985.1,2.2,92.4,66.3
2017-07-31 06:00:00,-23.7,985.4,1.7,100.7,64.1
2017-07-31 09:00:00,-24.2,986.2,0.6,317.2,57.1
2017-07-31 12:00:00,-25.8,986.4,2.6,82.8,58.9
2017-07-31 15:00:00,-26.4,987.6,2.4,150.3,65.7
2017-07-31 18:00:00,-28.1,989.4,1.3,197.9,68.0
2017-07-31 21:00:00,-29.7,992.3,,,72.7
2017-08-01 00:00:00,-31.0,993.1,,,71.9
2017-08-01 03:00:00,-30.0,992.0,3.0,226.2,70.5
2017-08-01 06:00:00,-28.9,987.7,0.3,311.3,67.9
2017-08-01 09:00:00,,982.0,1.3,29.7,61.3
2017-08-01 12:00:00,,978.6,0.5,163.6,56.2
2017-08-01 15:00:00,-23.4,980.2,0.8,57.9,65.3
2017-08-01 18:00:00,-25.2,982.3,,,65.8
2017-08-01 21:00:00,-26.3,984.8,,,66.8
2017-08-02 00:00:00,-25.9,987.0,,,70.2
2017-08-02 03:00:00,-25.8,987.8,,,71.5
2017-08-02 06:00:00,-26.6,988.4,0.7,229.1,72.1
2017-08-02 09:00:00,-29.9,987.6,0.5,230.1,69.7
2017-08-02 12:00:00,-31.3,986.8,,,71.6
2017-08-02 15:00:00,-31.6,986.5,,,70.6
2017-08-02 18:00:00,-32.3,985.9,,,69.8
2017-08-02 21:00:00,-30.7,985.5,,,71.5
2017-08-03 00:00:00,-29.5,984.5,,,73.1
2017-08-03 03:00:00,-31.9,983.9,,,71.5
2017-08-03 06:00:00,-34.1,983.5,,,68.9
2017-08-03 09:00:00,-32.5,984.2,,,70.9
2017-08-03 12:00:00,-33.5,984.7,,,69.2
2017-08-03 15:00:00,-32.9,985.5,,,71.9
2017-08-03 18:00:00,-34.5,985.3,,,69.2
2017-08-03 21:00:00,-34.2,985.7,,,67.3
2017-08-04 00:00:00,-33.6,985.7,,,66.2
2017-08-04 03:00:00,-35.7,986.1,,,68.9
2017-08-04 06:00:00,-34.5,987.7,,,67.2
2017-08-04 09:00:00,-36.5,990.6,,,65.6
2017-08-04 12:00:00,-34.3,991.9,,,67.0
2017-08-04 15:00:00,-33.5,993.0,,,65.9
2017-08-04 18:00:00,-33.1,992.5,1.7,234.5,64.1
2017-08-04 21:00:00,-34.3,992.1,2.3,247.5,63.3
2017-08-05 00:00:00,-32.5,992.1,1.1,231.8,60.2
2017-08-05 03:00:00,-33.1,992.0,1.1,251.9,61.7
2017-08-05 06:00:00,-33.6,992.0,,,60.7
2017-08-05 09:00:00,-30.3,991.8,2.9,211.3,49.5
2017-08-05 12:00:00,-33.4,991.1,,,56.8
2017-08-05 15:00:00,-34.1,990.3,2.5,222.9,60.2
2017-08-05 18:00:00,-33.1,990.0,,,55.3
2017-08-05 21:00:00,-32.4,990.9,,,58.5
2017-08-06 00:00:00,-33.6,991.1,,,64.8
2017-08-06 03:00:00,-33.7,991.1,,,65.0
2017-08-06 06:00:00,-35.0,991.2,,,65.5
2017-08-06 09:00:00,-32.6,991.1,,,68.7
2017-08-06 12:00:00,,990.3,,,67.7
2017-08-06 15:00:00,-29.6,989.6,,,67.6
2017-08-06 18:00:00,-28.9,988.5,,,68.7
2017-08-06 21:00:00,-26.0,987.8,,,58.9
2017-08-07 00:00:00,,987.5,4.8,211.1,51.0
2017-08-07 03:00:00,,987.8,4.0,243.2,44.6
2017-08-07 06:00:00,-20.7,988.5,3.1,134.6,51.9
2017-08-07 09:00:00,-21.6,988.9,2.1,62.4,45.4
2017-08-07 12:00:00,-19.0,990.3,,233.9,35.2
2017-08-07 15:00:00,-23.5,991.8,,60.3,59.2
2017-08-07 18:00:00,-22.8,993.6,,194.5,53.1
2017-08-07 21:00:00,-25.0,993.9,,,57.1
2017-08-08 00:00:00,-24.3,994.7,0.5,305.3,45.1
2017-08-08 03:00:00,-22.4,995.1,0.8,278.5,37.1
2017-08-08 06:00:00,,993.5,1.9,256.7,58.5
2017-08-08 09:00:00,-27.2,991.5,0.6,240.4,53.7
2017-08-08 12:00:00,-23.8,986.7,0.1,232.0,39.6
2017-08-08 15:00:00,-22.7,981.3,3.8,223.8,35.8
2017-08-08 18:00:00,-27.4,977.0,0.3,217.9,54.1
2017-08-08 21:00:00,-26.5,972.7,,,61.1
2017-08-09 00:00:00,-25.4,969.8,0.3,261.9,60.9
2017-08-09 03:00:00,-24.6,966.3,1.3,266.3,71.6
2017-08-09 06:00:00,-25.4,965.8,,,76.5
2017-08-09 09:00:00,-24.3,968.9,1.2,252.4,79.2
2017-08-09 12:00:00,,970.3,2.7,237.8,80.8
2017-08-09 15:00:00,,972.6,0.5,199.3,61.2
2017-08-09 18:00:00,-18.8,974.9,5.1,125.1,64.6
2017-08-09 21:00:00,-20.0,976.8,4.0,145.6,62.1
2017-08-10 00:00:00,-19.8,978.7,1.1,166.1,52.9
2017-08-10 03:00:00,-20.9,981.2,,245.9,54.0
2017-08-10 06:00:00,-22.1,983.8,,59.9,57.3
2017-08-10 09:00:00,-22.6,985.8,4.0,141.5,58.8
2017-08-10 12:00:00,-24.6,986.4,0.1,40.2,63.8
2017-08-10 15:00:00,-27.2,985.1,,,67.5
2017-08-10 18:00:00,-26.6,982.7,,,68.5
2017-08-10 21:00:00,-29.8,981.0,,,70.0
2017-08-11 00:00:00,-30.2,979.7,,,69.8
2017-08-11 03:00:00,-30.8,978.9,,,70.7
2017-08-11 06:00:00,-30.2,978.8,0.9,252.9,67.9
2017-08-11 09:00:00,-28.8,978.8,0.2,121.5,73.5
2017-08-11 12:00:00,-26.3,979.1,,,71.4
2017-08-11 15:00:00,-26.5,979.4,,,73.3
2017-08-11 18:00:00,-28.8,979.0,0.3,274.6,70.9
2017-08-11 21:00:00,-29.5,979.7,,,68.2
2017-08-12 00:00:00,-29.5,980.3,,,71.9
2017-08-12 03:00:00,-27.0,979.5,,,69.1
2017-08-12 06:00:00,,979.6,,145.4,57.6
2017-08-12 09:00:00,-25.7,979.0,,236.8,59.4
2017-08-12 12:00:00,-26.3,976.4,,234.6,70.6
2017-08-12 15:00:00,-25.6,974.8,14.5,233.0,71.7
2017-08-12 18:00:00,-25.7,974.0,14.8,225.8,72.2
2017-08-12 21:00:00,-25.0,973.3,17.5,228.4,73.2
2017-08-13 00:00:00,-24.2,972.9,,224.0,62.5
2017-08-13 03:00:00,-22.5,971.6,19.2,219.5,52.5
2017-08-13 06:00:00,-21.7,972.6,21.6,215.5,56.1
2017-08-13 09:00:00,-20.6,971.8,23.3,210.2,54.1
2017-08-13 12:00:00,-19.4,971.4,,203.9,44.7
2017-08-13 15:00:00,-18.5,972.1,18.5,205.6,39.9
2017-08-13 18:00:00,-18.0,973.4,16.2,209.7,41.0
2017-08-13 21:00:00,-17.4,973.6,16.6,203.1,37.0
2017-08-14 00:00:00,-16.3,973.5,,220.9,24.9
2017-08-14 03:00:00,-16.4,973.2,,227.7,31.8
2017-08-14 06:00:00,-16.7,972.2,9.9,214.5,32.8
2017-08-14 09:00:00,-16.4,971.4,11.8,211.3,32.8
2017-08-14 12:00:00,-16.1,970.2,11.7,213.9,39.1
2017-08-14 15:00:00,-16.4,970.1,13.2,213.1,56.0
2017-08-14 18:00:00,-14.4,968.8,10.8,206.6,29.1
2017-08-14 21:00:00,-14.0,968.7,13.5,207.3,42.6
2017-08-15 00:00:00,-13.3,968.5,8.6,229.2,28.8
2017-08-15 03:00:00,-14.0,970.9,8.7,234.5,38.8
2017-08-15 06:00:00,-14.2,973.9,,198.1,57.1
2017-08-15 09:00:00,-14.4,977.2,,241.9,59.1
2017-08-15 12:00:00,-18.2,980.8,,,59.8
2017-08-15 15:00:00,-19.2,982.0,,,66.3
2017-08-15 18:00:00,-21.8,981.2,,,69.4
2017-08-15 21:00:00,-19.8,980.4,0.8,56.5,76.2
2017-08-16 00:00:00,-22.0,980.9,,,62.0
2017-08-16 03:00:00,-23.9,982.0,,,76.6
2017-08-16 06:00:00,-25.6,983.3,0.8,263.9,77.3
2017-08-16 09:00:00,-23.4,984.7,1.4,241.9,73.8
2017-08-16 12:00:00,-24.2,985.8,1.4,230.6,71.0
2017-08-16 15:00:00,-24.5,987.1,,,77.2
2017-08-16 18:00:00,-25.4,988.0,,,73.7
2017-08-16 21:00:00,-25.1,988.7,0.5,62.6,71.5
2017-08-17 00:00:00,-23.5,989.8,1.8,223.2,73.4
2017-08-17 03:00:00,-22.0,991.9,,,81.9
2017-08-17 06:00:00,-21.8,992.4,,,82.4
2017-08-17 09:00:00,-21.3,993.8,,,81.7
2017-08-17 12:00:00,-21.0,995.0,,,83.1
2017-08-17 15:00:00,-18.9,996.1,1.0,245.1,83.7
2017-08-17 18:00:00,-17.2,995.9,,,85.9
2017-08-17 21:00:00,-15.3,995.4,0.4,249.1,89.4
2017-08-18 00:00:00,-12.8,994.9,1.1,209.0,84.0
2017-08-18 03:00:00,-14.2,992.5,2.7,138.2,83.3
2017-08-18 06:00:00,-14.2,988.2,,133.9,77.6
2017-08-18 09:00:00,-14.0,983.5,6.2,234.8,80.1
2017-08-18 12:00:00,-15.6,981.2,,229.5,87.1
2017-08-18 15:00:00,-12.8,981.6,,229.5,80.5
2017-08-18 18:00:00,-14.0,985.1,13.2,206.9,69.8
2017-08-18 21:00:00,-14.6,988.9,12.1,221.8,64.0
2017-08-19 00:00:00,-16.7,991.0,8.3,237.2,63.0
2017-08-19 03:00:00,-17.9,991.4,,263.0,64.9
2017-08-19 06:00:00,-19.6,991.8,,213.7,65.9
2017-08-19 09:00:00,-22.1,992.1,0.3,259.3,69.3
2017-08-19 12:00:00,-24.1,991.6,1.6,224.8,72.7
2017-08-19 15:00:00,-23.0,991.7,0.1,63.7,71.9
2017-08-19 18:00:00,-20.9,991.0,0.8,217.0,58.9
2017-08-19 21:00:00,-24.8,990.6,0.8,227.5,68.4
2017-08-20 00:00:00,-25.6,990.5,,,66.9
2017-08-20 03:00:00,-26.7,990.3,,,68.9
2017-08-20 06:00:00,-26.9,990.0,,,72.3
2017-08-20 09:00:00,-25.3,989.5,,,73.7
2017-08-20 12:00:00,-25.1,988.9,,,70.1
2017-08-20 15:00:00,-22.3,988.4,,,72.6
2017-08-20 18:00:00,-23.7,987.6,,,77.1
2017-08-20 21:00:00,-23.2,986.8,,,78.4
2017-08-21 00:00:00,-23.2,985.2,,,77.9
2017-08-21 03:00:00,-24.3,982.6,,,79.1
2017-08-21 06:00:00,-26.0,979.5,,,78.6
2017-08-21 09:00:00,-26.0,975.4,,,75.2
2017-08-21 12:00:00,-25.5,971.1,,,73.7
2017-08-21 15:00:00,-23.1,967.8,,,70.8
2017-08-21 18:00:00,-26.7,965.4,2.6,236.2,73.8
2017-08-21 21:00:00,-27.5,962.6,0.3,235.7,67.8
2017-08-22 00:00:00,-25.2,959.5,2.5,236.2,59.0
2017-08-22 03:00:00,-26.8,956.8,1.3,51.2,62.4
2017-08-22 06:00:00,-29.9,956.6,2.0,265.5,67.8
2017-08-22 09:00:00,-28.8,958.8,0.1,143.0,67.2
2017-08-22 12:00:00,-27.6,962.0,0.0,59.5,70.9
2017-08-22 15:00:00,-26.9,965.7,,0.0,81.6
2017-08-22 18:00:00,-29.2,968.3,,,73.9
2017-08-22 21:00:00,-29.6,971.0,,,74.2
2017-08-23 00:00:00,-29.8,972.4,,,74.3
2017-08-23 03:00:00,,972.7,,,79.6
2017-08-23 06:00:00,,973.1,,,70.3
2017-08-23 09:00:00,-23.7,974.0,,,62.1
2017-08-23 12:00:00,-24.0,975.1,,,57.4
2017-08-23 15:00:00,-22.9,975.1,,,53.9
2017-08-23 18:00:00,-24.3,975.5,,,59.9
2017-08-23 21:00:00,-24.2,975.9,,,58.9
2017-08-24 00:00:00,-23.8,977.7,,,67.5
2017-08-24 03:00:00,-23.0,979.8,,,67.8
2017-08-24 06:00:00,-21.2,982.4,,,59.2
2017-08-24 09:00:00,-22.8,984.8,,,64.4
2017-08-24 12:00:00,-24.0,986.6,0.4,231.1,58.6
2017-08-24 15:00:00,-21.9,987.8,,,47.3
2017-08-24 18:00:00,-25.3,988.1,,,58.2
2017-08-24 21:00:00,-25.9,988.8,,,57.9
2017-08-25 00:00:00,-23.0,987.7,,,58.4
2017-08-25 03:00:00,-23.3,984.3,,,69.0
2017-08-25 06:00:00,-20.6,980.6,,,80.8
2017-08-25 09:00:00,-18.8,975.1,,,84.1
2017-08-25 12:00:00,-18.3,971.4,,,84.4
2017-08-25 15:00:00,-18.2,970.2,3.5,262.5,81.2
2017-08-25 18:00:00,-20.1,969.8,3.4,257.9,76.0
2017-08-25 21:00:00,-19.9,971.3,,,76.7
2017-08-26 00:00:00,-20.0,972.0,,,68.8
2017-08-26 03:00:00,-22.7,973.4,,,80.9
2017-08-26 06:00:00,-20.8,974.8,,,75.7
2017-08-26 09:00:00,-21.4,976.0,,,70.6
2017-08-26 12:00:00,-21.0,976.0,,,71.6
2017-08-26 15:00:00,,975.8,,,84.2
2017-08-26 18:00:00,,975.1,,,74.4
2017-08-26 21:00:00,-25.7,974.9,,,77.4
2017-08-27 00:00:00,,974.2,,,73.7
2017-08-27 03:00:00,,974.7,,,82.0
2017-08-27 06:00:00,-20.5,974.6,,,82.3
2017-08-27 09:00:00,-22.3,973.5,,,81.3
2017-08-27 12:00:00,-22.8,972.1,,,80.5
2017-08-27 15:00:00,-22.7,969.9,,,81.9
2017-08-27 18:00:00,-22.5,968.2,,,81.2
2017-08-27 21:00:00,-22.7,966.7,,,80.8
2017-08-28 00:00:00,-21.9,965.3,,,81.2
2017-08-28 03:00:00,-21.2,963.9,,,76.6
2017-08-28 06:00:00,-22.2,963.5,7.2,243.7,71.3
2017-08-28 09:00:00,-23.3,963.6,8.9,242.6,71.5
2017-08-28 12:00:00,-23.5,964.5,6.3,231.3,67.8
2017-08-28 15:00:00,-23.6,966.4,,98.0,64.2
2017-08-28 18:00:00,-26.2,969.6,3.2,219.7,65.2
2017-08-28 21:00:00,-25.1,973.0,,,59.9
2017-08-29 00:00:00,-25.2,976.5,,,66.9
2017-08-29 03:00:00,-25.4,978.6,,,70.1
2017-08-29 06:00:00,-27.4,980.4,2.1,176.4,65.4
2017-08-29 09:00:00,-29.6,981.3,,,69.4
2017-08-29 12:00:00,-28.9,981.5,1.9,158.9,63.4
2017-08-29 15:00:00,-29.4,980.9,1.7,163.3,59.3
2017-08-29 18:00:00,-31.4,980.1,1.7,157.8,65.0
2017-08-29 21:00:00,-33.3,980.1,,,68.2
2017-08-30 00:00:00,-31.8,980.0,,,68.4
2017-08-30 03:00:00,-31.9,979.3,,,65.2
2017-08-30 06:00:00,-30.6,977.3,,,55.2
2017-08-30 09:00:00,-29.1,975.6,14.5,231.9,71.8
2017-08-30 12:00:00,-26.7,974.1,15.6,215.1,67.7
2017-08-30 15:00:00,-25.4,975.6,18.2,208.6,63.6
2017-08-30 18:00:00,-24.6,976.1,17.1,201.0,60.9
2017-08-30 21:00:00,-23.5,978.8,,226.0,45.8
2017-08-31 00:00:00,-26.5,982.5,,244.7,65.4
2017-08-31 03:00:00,-27.6,984.2,,0.0,48.1
2017-08-31 06:00:00,-31.2,984.5,,,57.7
2017-08-31 09:00:00,,985.2,,,65.3
2017-08-31 12:00:00,-33.0,985.2,,,63.1
2017-08-31 15:00:00,-31.0,982.3,,,62.0
2017-08-31 18:00:00,-31.3,978.3,,,67.3
2017-08-31 21:00:00,-33.1,975.4,,,69.1
2017-09-01 00:00:00,-31.6,973.6,,,67.3
2017-09-01 03:00:00,-33.8,973.0,,,66.0
2017-09-01 06:00:00,-32.8,971.3,,,69.7
2017-09-01 09:00:00,-34.2,969.3,,,68.5
2017-09-01 12:00:00,-33.1,968.8,,,65.4
2017-09-01 15:00:00,-30.7,968.7,,,52.2
2017-09-01 18:00:00,-32.9,969.3,,,54.4
2017-09-01 21:00:00,-35.0,969.7,,,53.5
2017-09-02 00:00:00,-33.5,969.7,,,58.9
2017-09-02 03:00:00,-32.9,969.7,,,60.7
2017-09-02 06:00:00,-31.8,969.6,,,54.1
2017-09-02 09:00:00,,970.4,2.4,199.2,32.5
2017-09-02 12:00:00,,973.2,0.3,311.8,51.4
2017-09-02 15:00:00,,973.0,0.1,258.9,55.9
2017-09-02 18:00:00,-24.6,975.8,2.5,58.2,49.6
2017-09-02 21:00:00,-25.0,979.5,,,56.0
2017-09-03 00:00:00,-22.7,981.7,4.1,219.3,47.3
2017-09-03 03:00:00,-25.1,984.0,4.6,144.6,54.5
2017-09-03 06:00:00,-25.8,986.3,,,64.6
2017-09-03 09:00:00,-28.6,987.7,,,72.9
2017-09-03 12:00:00,-29.0,989.5,,,69.4
2017-09-03 15:00:00,-28.4,991.6,,,73.0
2017-09-03 18:00:00,-24.4,994.5,3.0,155.2,66.4
2017-09-03 21:00:00,-26.3,998.1,,,62.0
2017-09-04 00:00:00,-24.7,999.0,0.6,253.1,53.9
2017-09-04 03:00:00,-25.2,999.1,1.4,242.6,53.4
2017-09-04 06:00:00,-26.3,998.9,3.1,255.9,53.3
2017-09-04 09:00:00,-27.5,998.3,3.1,233.7,50.5
2017-09-04 12:00:00,-26.0,997.2,2.8,219.0,44.4
2017-09-04 15:00:00,-28.5,996.6,0.1,336.0,45.2
2017-09-04 18:00:00,-28.6,996.0,0.4,217.6,66.2
2017-09-04 21:00:00,-28.7,995.6,2.3,209.2,63.2
2017-09-05 00:00:00,-28.5,993.7,0.1,241.8,60.7
2017-09-05 03:00:00,,990.5,,,53.5
2017-09-05 06:00:00,-32.5,988.1,,,66.8
2017-09-05 09:00:00,-32.1,985.1,,,69.1
2017-09-05 12:00:00,-32.2,982.4,0.4,217.0,67.1
2017-09-05 15:00:00,,979.5,,138.8,72.0
2017-09-05 18:00:00,,980.8,,164.4,70.9
2017-09-05 21:00:00,-25.0,983.0,,0.0,74.5
2017-09-06 00:00:00,-24.2,984.8,0.1,256.1,74.6
2017-09-06 03:00:00,-21.7,987.5,2.1,209.9,54.3
2017-09-06 06:00:00,-21.6,990.6,,135.7,45.8
2017-09-06 09:00:00,-21.7,994.4,,224.3,46.6
2017-09-06 12:00:00,-23.5,998.2,6.0,235.5,48.5
2017-09-06 15:00:00,,1000.5,,56.2,61.8
2017-09-06 18:00:00,-27.5,1001.7,,160.5,52.7
2017-09-06 21:00:00,-31.2,1002.6,,,65.9
2017-09-07 00:00:00,-26.6,1002.0,3.1,215.6,55.4
2017-09-07 03:00:00,-27.5,999.5,4.0,239.4,61.4
2017-09-07 06:00:00,-29.8,996.9,2.0,247.2,65.0
2017-09-07 09:00:00,-31.2,995.6,2.2,235.7,67.3
2017-09-07 12:00:00,-32.0,994.6,0.0,235.9,64.9
2017-09-07 15:00:00,-28.4,997.8,2.6,231.1,54.3
2017-09-07 18:00:00,,1001.9,1.4,148.5,48.5
2017-09-07 21:00:00,,1002.2,2.3,59.9,42.7
2017-09-08 00:00:00,-21.7,1001.8,,,64.2
2017-09-08 03:00:00,-24.4,999.0,2.6,225.3,73.2
2017-09-08 06:00:00,-25.7,995.9,0.6,258.5,71.1
2017-09-08 09:00:00,-28.3,993.1,,,75.1
2017-09-08 12:00:00,-28.8,992.1,,,76.9
2017-09-08 15:00:00,-26.9,989.2,0.7,252.7,78.3
2017-09-08 18:00:00,-27.0,986.1,2.4,234.3,75.2
2017-09-08 21:00:00,-29.9,986.4,1.1,225.8,73.5
2017-09-09 00:00:00,-28.5,987.1,,,72.9
2017-09-09 03:00:00,-26.8,987.5,0.8,267.1,76.6
2017-09-09 06:00:00,-27.2,988.4,,,76.3
2017-09-09 09:00:00,-27.3,989.1,,,75.4
2017-09-09 12:00:00,-25.5,989.3,0.4,226.3,82.9
2017-09-09 15:00:00,-23.4,990.3,,,81.1
2017-09-09 18:00:00,-25.5,992.6,,,77.3
2017-09-09 21:00:00,,993.7,,,70.4
2017-09-10 00:00:00,-26.0,993.6,0.4,236.2,70.4
2017-09-10 03:00:00,-25.1,993.2,,,70.5
2017-09-10 06:00:00,-25.7,990.9,,,77.3
2017-09-10 09:00:00,-22.3,987.8,0.2,137.2,68.4
2017-09-10 12:00:00,-26.7,987.1,,,74.6
2017-09-10 15:00:00,-26.3,987.5,0.1,306.8,73.6
2017-09-10 18:00:00,-25.7,985.8,1.0,239.5,73.4
2017-09-10 21:00:00,-25.7,982.4,0.1,284.3,73.1
2017-09-11 00:00:00,-24.1,979.5,,,71.4
2017-09-11 03:00:00,-22.3,977.1,0.2,224.8,70.9
2017-09-11 06:00:00,-21.1,977.8,,,73.4
2017-09-11 09:00:00,-20.0,979.4,,,74.2
2017-09-11 12:00:00,-21.7,980.7,0.1,266.6,75.7
2017-09-11 15:00:00,-21.4,981.2,1.8,230.1,73.2
2017-09-11 18:00:00,-21.3,981.9,,,72.0
2017-09-11 21:00:00,-20.7,981.3,,,70.0
2017-09-12 00:00:00,-20.0,981.2,0.2,303.6,70.0
2017-09-12 03:00:00,-20.6,981.6,1.9,247.3,75.3
2017-09-12 06:00:00,-20.2,986.0,0.5,291.2,79.9
2017-09-12 09:00:00,-22.0,986.8,,,79.1
2017-09-12 12:00:00,-21.0,985.7,,,78.0
2017-09-12 15:00:00,-20.9,985.7,0.2,273.6,80.8
2017-09-12 18:00:00,-20.7,986.8,,,79.0
2017-09-12 21:00:00,-21.6,988.8,,149.6,70.2
2017-09-13 00:00:00,-22.2,991.4,,142.2,67.1
2017-09-13 03:00:00,-22.1,993.8,4.5,148.2,62.6
2017-09-13 06:00:00,-22.9,995.3,,0.0,71.6
2017-09-13 09:00:00,-25.3,996.0,,,70.8
2017-09-13 12:00:00,-25.8,995.7,0.6,238.6,71.0
2017-09-13 15:00:00,-24.0,996.3,1.9,232.7,68.8
2017-09-13 18:00:00,-22.0,996.6,3.2,234.1,69.8
2017-09-13 21:00:00,-20.5,995.6,2.2,229.9,72.5
2017-09-14 00:00:00,-19.7,993.3,1.7,221.8,77.8
2017-09-14 03:00:00,-21.1,989.3,,,72.4
2017-09-14 06:00:00,-20.6,985.4,1.9,254.1,80.6
2017-09-14 09:00:00,-20.3,986.4,0.4,140.4,83.6
2017-09-14 12:00:00,-20.1,987.8,0.1,260.8,83.0
2017-09-14 15:00:00,-21.0,987.5,,,82.7
2017-09-14 18:00:00,-20.8,987.8,,,82.9
2017-09-14 21:00:00,-22.1,989.6,1.0,225.9,81.4
2017-09-15 00:00:00,-21.0,991.0,1.7,249.8,81.7
2017-09-15 03:00:00,-20.6,992.3,2.3,231.2,83.2
2017-09-15 06:00:00,-22.9,993.5,0.5,247.3,81.0
2017-09-15 09:00:00,-24.1,995.0,,,81.4
2017-09-15 12:00:00,-27.4,994.9,,,77.4
2017-09-15 15:00:00,-25.3,994.3,,,79.1
2017-09-15 18:00:00,-22.6,994.2,,,81.6
2017-09-15 21:00:00,-25.1,992.8,,232.4,79.0
2017-09-16 00:00:00,-21.7,991.6,,0.0,80.9
2017-09-16 03:00:00,-21.2,989.8,,,81.6
2017-09-16 06:00:00,-21.5,988.7,,,82.1
2017-09-16 09:00:00,-21.1,987.8,,,82.4
2017-09-16 12:00:00,-20.7,987.0,1.1,27.3,82.5
2017-09-16 15:00:00,-20.5,986.6,1.8,110.9,74.5
2017-09-16 18:00:00,-20.5,987.8,4.3,122.2,72.2
2017-09-16 21:00:00,-20.7,990.0,0.9,79.8,69.7
2017-09-17 00:00:00,-21.1,991.9,3.7,121.4,65.2
2017-09-17 03:00:00,-21.9,994.0,0.6,59.8,61.4
2017-09-17 06:00:00,-22.9,995.8,0.2,104.5,63.3
2017-09-17 09:00:00,-23.4,996.9,0.0,138.6,56.9
2017-09-17 12:00:00,-25.4,997.6,0.2,134.4,71.2
2017-09-17 15:00:00,,997.5,,,76.5
2017-09-17 18:00:00,-30.3,996.9,,,74.1
2017-09-17 21:00:00,-28.9,995.9,1.9,219.8,69.4
2017-09-18 00:00:00,-26.8,994.0,2.4,216.1,68.2
2017-09-18 03:00:00,,991.6,,,60.0
2017-09-18 06:00:00,-25.8,988.5,4.1,216.7,68.6
2017-09-18 09:00:00,-27.4,987.1,0.9,309.2,65.8
2017-09-18 12:00:00,-25.2,986.3,3.6,220.2,56.5
2017-09-18 15:00:00,-22.6,989.8,1.5,259.9,73.2
2017-09-18 18:00:00,-25.7,989.4,1.6,229.9,70.8
2017-09-18 21:00:00,-24.0,988.4,2.0,241.7,63.2
2017-09-19 00:00:00,-23.7,987.6,,,62.6
2017-09-19 03:00:00,-21.4,987.5,1.9,241.7,61.0
2017-09-19 06:00:00,-23.1,988.0,0.2,227.6,63.3
2017-09-19 09:00:00,-23.4,988.3,,,61.9
2017-09-19 12:00:00,-24.1,988.3,,,71.2
2017-09-19 15:00:00,-22.9,987.4,0.3,277.9,70.0
2017-09-19 18:00:00,-21.3,986.0,,,68.1
2017-09-19 21:00:00,-24.1,984.8,,,70.4
2017-09-20 00:00:00,-20.1,984.1,,,79.4
2017-09-20 03:00:00,,982.8,,,83.9
2017-09-20 06:00:00,,981.3,,,79.0
2017-09-20 09:00:00,,979.6,,,79.4
2017-09-20 12:00:00,-23.2,976.8,,,80.7
2017-09-20 15:00:00,-23.8,973.6,0.1,247.9,80.0
2017-09-20 18:00:00,-23.7,973.5,0.1,192.4,79.0
2017-09-20 21:00:00,-19.2,977.3,,,85.8
2017-09-21 00:00:00,-18.8,980.1,,,84.1
2017-09-21 03:00:00,-21.6,979.8,,,82.8
2017-09-21 06:00:00,-23.5,978.5,,,80.8
2017-09-21 09:00:00,-21.4,976.8,0.2,219.8,81.2
2017-09-21 12:00:00,-20.9,977.2,1.2,196.6,80.9
2017-09-21 15:00:00,-20.4,977.8,2.6,138.3,63.9
2017-09-21 18:00:00,-21.9,979.0,,144.8,67.0
2017-09-21 21:00:00,-22.3,980.7,3.9,144.8,63.0
2017-09-22 00:00:00,-22.9,981.6,5.6,149.0,64.6
2017-09-22 03:00:00,-22.9,982.3,,131.4,67.7
2017-09-22 06:00:00,-23.9,981.7,,218.0,64.0
2017-09-22 09:00:00,-25.5,980.4,,,66.3
2017-09-22 12:00:00,-25.9,978.5,1.5,217.2,65.7
2017-09-22 15:00:00,-26.5,976.8,,,71.4
2017-09-22 18:00:00,-25.9,975.8,,0.0,73.4
2017-09-22 21:00:00,-25.1,975.0,,230.8,73.9
2017-09-23 00:00:00,-24.2,974.3,,0.0,63.0
2017-09-23 03:00:00,-24.6,973.5,2.4,144.3,59.5
2017-09-23 06:00:00,-26.2,973.5,,,67.7
2017-09-23 09:00:00,-28.5,973.0,,,73.9
2017-09-23 12:00:00,-30.1,972.4,,,67.7
2017-09-23 15:00:00,-32.1,971.7,,,69.9
2017-09-23 18:00:00,-33.1,970.5,,,70.5
2017-09-23 21:00:00,-32.2,970.3,,,67.6
2017-09-24 00:00:00,-28.2,970.2,1.3,253.5,66.0
2017-09-24 03:00:00,-28.4,970.2,,,65.5
2017-09-24 06:00:00,-29.7,970.7,,,70.0
2017-09-24 09:00:00,-30.3,971.9,,,72.5
2017-09-24 12:00:00,-31.0,972.8,,,73.4
2017-09-24 15:00:00,-33.1,973.6,,,70.5
2017-09-24 18:00:00,-34.2,974.0,,,67.9
2017-09-24 21:00:00,-32.1,974.7,,,64.3
2017-09-25 00:00:00,-30.9,975.4,,,60.7
2017-09-25 03:00:00,-29.2,975.7,,,59.6
2017-09-25 06:00:00,-30.7,975.2,,,67.8
2017-09-25 09:00:00,-30.7,975.2,,,69.2
2017-09-25 12:00:00,-29.7,974.7,,,66.1
2017-09-25 15:00:00,-29.3,974.3,,,66.6
2017-09-25 18:00:00,-27.8,974.6,3.2,58.3,58.3
2017-09-25 21:00:00,-27.3,977.0,,,53.3
2017-09-26 00:00:00,-27.7,978.1,,,49.9
2017-09-26 03:00:00,-25.8,978.7,0.0,251.0,49.5
2017-09-26 06:00:00,-22.8,979.6,,139.8,40.7
2017-09-26 09:00:00,-23.1,982.1,3.1,149.6,36.8
2017-09-26 12:00:00,-24.3,981.8,0.8,189.2,52.7
2017-09-26 15:00:00,-24.1,981.6,,151.1,56.5
2017-09-26 18:00:00,-24.5,981.1,,0.0,70.8
2017-09-26 21:00:00,-24.4,980.7,,0.0,71.6
2017-09-27 00:00:00,-23.6,980.3,0.1,54.7,65.2
2017-09-27 03:00:00,-23.4,979.8,0.0,267.3,59.8
2017-09-27 06:00:00,-25.6,980.4,0.1,237.8,59.7
2017-09-27 09:00:00,-27.5,980.7,,,69.1
2017-09-27 12:00:00,-28.7,980.9,,,68.9
2017-09-27 15:00:00,-31.8,981.6,,,68.6
2017-09-27 18:00:00,-27.3,979.7,,,60.0
2017-09-27 21:00:00,-27.3,978.9,1.6,222.6,65.0
2017-09-28 00:00:00,-25.8,979.5,,,53.9
2017-09-28 03:00:00,-25.1,979.1,,222.8,57.6
2017-09-28 06:00:00,-24.4,978.3,,0.0,64.1
2017-09-28 09:00:00,-24.9,977.8,,0.0,65.0
2017-09-28 12:00:00,-26.2,977.1,,315.6,70.5
2017-09-28 15:00:00,-21.9,978.7,3.9,242.8,60.3
2017-09-28 18:00:00,-22.5,981.3,1.5,241.7,50.1
2017-09-28 21:00:00,-21.5,984.2,2.3,67.2,42.3
2017-09-29 00:00:00,-20.1,986.7,0.3,198.4,34.4
2017-09-29 03:00:00,-19.5,987.0,1.4,118.8,32.0
2017-09-29 06:00:00,-19.6,985.9,3.8,148.3,34.0
2017-09-29 09:00:00,-21.1,984.6,,140.8,48.9
2017-09-29 12:00:00,-19.3,983.0,,214.1,49.5
2017-09-29 15:00:00,-19.3,982.0,,197.9,64.7
2017-09-29 18:00:00,-18.8,982.3,13.7,213.1,67.0
2017-09-29 21:00:00,-18.1,981.6,10.8,220.6,63.4
2017-09-30 00:00:00,-18.6,981.9,11.5,229.7,65.5
2017-09-30 03:00:00,-16.8,982.2,6.9,225.1,53.9
2017-09-30 06:00:00,-18.5,982.8,,244.5,51.1
2017-09-30 09:00:00,-20.4,984.0,6.0,144.6,46.3
2017-09-30 12:00:00,-23.2,982.8,,262.4,61.2
2017-09-30 15:00:00,,980.1,,0.0,67.3
2017-09-30 18:00:00,-27.8,976.9,1.9,237.6,71.5
2017-09-30 21:00:00,-25.8,974.0,0.1,222.4,68.7
2017-10-01 00:00:00,-23.7,972.0,,,66.0
2017-10-01 03:00:00,-23.1,971.7,,,76.0
2017-10-01 06:00:00,-24.1,971.9,1.2,246.5,78.2
2017-10-01 09:00:00,-24.3,972.5,1.7,240.7,77.9
2017-10-01 12:00:00,-24.4,973.3,0.4,240.1,77.8
2017-10-01 15:00:00,-23.6,974.4,2.4,238.5,76.3
2017-10-01 18:00:00,-23.3,976.0,0.7,270.9,77.0
2017-10-01 21:00:00,-20.6,976.0,,146.9,67.7
2017-10-02 00:00:00,-20.6,976.0,,134.9,69.9
2017-10-02 03:00:00,-20.0,974.1,8.3,227.9,78.5
2017-10-02 06:00:00,-20.4,971.7,,214.2,80.0
2017-10-02 09:00:00,-20.8,970.8,,207.5,77.9
2017-10-02 12:00:00,-20.7,970.7,24.0,204.2,75.9
2017-10-02 15:00:00,-19.8,970.1,,206.9,75.6
2017-10-02 18:00:00,-19.6,969.0,27.3,204.1,75.1
2017-10-02 21:00:00,-18.6,967.2,27.6,202.1,71.0
2017-10-03 00:00:00,-18.5,966.8,29.7,210.8,78.4
2017-10-03 03:00:00,-18.0,969.2,27.2,218.8,77.5
2017-10-03 06:00:00,-17.2,967.5,,215.8,69.8
2017-10-03 09:00:00,-16.9,968.5,23.1,207.7,71.5
2017-10-03 12:00:00,-15.3,968.0,19.8,214.7,60.8
2017-10-03 15:00:00,-16.1,968.6,20.5,202.8,72.2
2017-10-03 18:00:00,-16.0,969.1,24.3,205.9,69.6
2017-10-03 21:00:00,-15.5,967.8,,210.6,76.2
2017-10-04 00:00:00,-15.8,968.4,23.8,214.4,84.7
2017-10-04 03:00:00,-15.3,968.7,22.0,220.4,79.9
2017-10-04 06:00:00,-14.2,968.8,20.0,230.4,71.1
2017-10-04 09:00:00,-14.5,969.0,20.3,226.2,84.5
2017-10-04 12:00:00,-13.6,970.4,19.8,214.3,82.5
2017-10-04 15:00:00,-13.4,975.4,18.4,247.5,92.9
2017-10-04 18:00:00,-12.8,985.0,,242.6,80.4
2017-10-04 21:00:00,-14.7,989.9,,148.8,77.8
2017-10-05 00:00:00,-14.0,993.1,8.5,223.7,86.1
2017-10-05 03:00:00,-14.9,992.7,,228.9,86.2
2017-10-05 06:00:00,-13.0,990.5,,209.7,70.6
2017-10-05 09:00:00,-13.7,989.6,18.3,219.0,83.2
2017-10-05 12:00:00,-13.8,988.4,16.9,228.6,74.5
2017-10-05 15:00:00,-11.6,987.1,,204.3,56.7
2017-10-05 18:00:00,-11.9,986.3,12.9,226.3,46.6
2017-10-05 21:00:00,-10.7,985.6,11.8,207.0,35.7
2017-10-06 00:00:00,-10.4,985.8,12.4,218.8,36.5
2017-10-06 03:00:00,-11.4,987.3,14.7,225.8,46.6
2017-10-06 06:00:00,-9.9,989.6,,230.6,29.9
2017-10-06 09:00:00,-13.3,991.2,,232.3,51.2
2017-10-06 12:00:00,-13.4,989.6,,237.7,46.9
2017-10-06 15:00:00,-11.1,988.9,,232.2,41.9
2017-10-06 18:00:00,-13.7,988.5,7.3,246.2,48.5
2017-10-06 21:00:00,-9.7,988.2,11.8,214.2,27.1
2017-10-07 00:00:00,-12.8,988.1,,356.4,62.9
2017-10-07 03:00:00,-9.6,987.7,,208.7,38.7
2017-10-07 06:00:00,-12.4,987.8,,33.1,75.9
2017-10-07 09:00:00,-10.2,987.5,,203.9,48.4
2017-10-07 12:00:00,-12.0,988.5,,237.1,63.1
2017-10-07 15:00:00,-14.4,989.4,,236.3,66.6
2017-10-07 18:00:00,-13.7,989.3,,203.5,55.0
2017-10-07 21:00:00,-13.6,988.9,,204.8,59.6
2017-10-08 00:00:00,-13.7,990.1,13.9,226.6,66.3
2017-10-08 03:00:00,-12.9,990.6,10.1,234.3,63.0
2017-10-08 06:00:00,-12.2,991.3,11.8,228.9,59.3
2017-10-08 09:00:00,-11.6,991.2,13.1,208.4,55.5
2017-10-08 12:00:00,-10.8,990.9,13.4,200.2,48.9
2017-10-08 15:00:00,-12.2,989.6,,255.7,51.1
2017-10-08 18:00:00,-12.6,988.6,,213.2,45.0
2017-10-08 21:00:00,-15.5,986.6,,245.3,64.7
2017-10-09 00:00:00,-14.8,983.4,1.2,317.9,63.0
2017-10-09 03:00:00,-12.5,979.5,1.8,26.9,53.0
2017-10-09 06:00:00,-14.4,976.8,1.8,247.4,77.6
2017-10-09 09:00:00,,976.9,,,80.8
2017-10-09 12:00:00,-15.8,977.5,,,76.5
2017-10-09 15:00:00,-15.4,977.3,,,84.3
2017-10-09 18:00:00,-14.3,978.1,,150.1,75.0
2017-10-09 21:00:00,-13.7,978.6,,134.7,70.3
2017-10-10 00:00:00,-12.7,980.0,,215.1,60.9
2017-10-10 03:00:00,-13.0,981.1,3.4,115.1,55.2
2017-10-10 06:00:00,-13.0,982.6,4.0,225.4,59.5
2017-10-10 09:00:00,-14.1,982.4,0.4,33.8,75.8
2017-10-10 12:00:00,-14.8,982.4,0.5,65.7,70.5
2017-10-10 15:00:00,-15.4,983.4,0.1,242.4,67.2
2017-10-10 18:00:00,-15.3,985.0,0.2,283.8,77.0
2017-10-10 21:00:00,-13.2,985.3,1.5,257.3,66.0
2017-10-11 00:00:00,-13.7,986.1,0.3,249.7,60.3
2017-10-11 03:00:00,-12.6,985.6,1.1,241.5,65.9
2017-10-11 06:00:00,-13.9,985.3,0.4,245.9,72.0
2017-10-11 09:00:00,,985.6,1.9,263.6,81.6
2017-10-11 12:00:00,-18.8,985.8,,,79.4
2017-10-11 15:00:00,-20.8,986.1,0.2,223.3,77.5
2017-10-11 18:00:00,-21.0,987.0,0.0,206.8,78.8
2017-10-11 21:00:00,-17.5,988.2,0.4,222.0,64.3
2017-10-12 00:00:00,,990.2,0.9,225.3,72.9
2017-10-12 03:00:00,,991.6,0.1,358.6,70.6
2017-10-12 06:00:00,-16.2,992.7,0.1,105.4,64.2
2017-10-12 09:00:00,-17.9,993.9,,,81.7
2017-10-12 12:00:00,-19.2,994.5,1.1,237.8,81.2
2017-10-12 15:00:00,-19.5,995.5,0.0,219.4,78.8
2017-10-12 18:00:00,-23.9,996.2,,,80.7
2017-10-12 21:00:00,-21.5,996.3,0.9,227.8,79.9
2017-10-13 00:00:00,-19.4,995.3,2.0,258.7,76.9
2017-10-13 03:00:00,-17.8,993.6,2.7,244.7,82.4
2017-10-13 06:00:00,-16.0,991.7,,,83.9
2017-10-13 09:00:00,-17.1,990.3,,,83.1
2017-10-13 12:00:00,-16.6,988.6,1.1,236.7,86.2
2017-10-13 15:00:00,-17.2,986.9,1.0,286.1,85.8
2017-10-13 18:00:00,-16.6,985.5,0.1,119.7,86.2
2017-10-13 21:00:00,-14.6,984.5,0.7,31.6,78.2
2017-10-14 00:00:00,-13.8,984.7,0.4,11.4,69.8
2017-10-14 03:00:00,-13.7,985.8,0.3,150.4,68.9
2017-10-14 06:00:00,-14.6,987.5,,,68.5
2017-10-14 09:00:00,-16.8,989.1,2.0,31.7,79.1
2017-10-14 12:00:00,-17.9,990.5,0.6,51.1,78.7
2017-10-14 15:00:00,-18.3,991.0,0.4,248.2,79.9
2017-10-14 18:00:00,-18.8,991.8,,,75.9
2017-10-14 21:00:00,-17.7,991.8,1.2,233.4,75.6
2017-10-15 00:00:00,-16.3,991.6,1.7,330.6,74.6
2017-10-15 03:00:00,-16.0,990.9,0.1,127.9,68.9
2017-10-15 06:00:00,-14.0,990.4,3.0,133.6,61.3
2017-10-15 09:00:00,-15.0,990.3,0.4,201.0,63.0
2017-10-15 12:00:00,-16.7,989.3,0.9,62.7,68.9
2017-10-15 15:00:00,-16.4,988.6,,145.4,67.1
2017-10-15 18:00:00,-20.8,988.7,0.7,212.8,71.1
2017-10-15 21:00:00,-17.7,988.5,,0.0,56.6
2017-10-16 00:00:00,,988.5,,,56.7
2017-10-16 03:00:00,-17.2,988.2,,,61.9
2017-10-16 06:00:00,-16.8,988.2,0.7,101.9,68.5
2017-10-16 09:00:00,-18.9,988.4,1.1,61.3,76.1
2017-10-16 12:00:00,-21.6,987.4,0.4,221.4,81.0
2017-10-16 15:00:00,,987.4,0.0,220.3,81.4
2017-10-16 18:00:00,-25.4,988.0,0.3,214.0,81.0
2017-10-16 21:00:00,-22.7,989.0,,,72.9
2017-10-17 00:00:00,,989.4,,,71.4
2017-10-17 03:00:00,,989.1,,,69.4
2017-10-17 06:00:00,,988.9,,,73.6
2017-10-17 09:00:00,-23.8,988.5,,,80.6
2017-10-17 12:00:00,-23.8,988.1,,,81.4
2017-10-17 15:00:00,-25.8,987.6,0.1,249.5,77.5
2017-10-17 18:00:00,-21.9,987.1,,,74.0
2017-10-17 21:00:00,-20.9,986.5,0.3,131.1,65.4
2017-10-18 00:00:00,,985.9,1.8,236.8,68.7
2017-10-18 03:00:00,,984.0,1.7,97.5,61.5
2017-10-18 06:00:00,,982.4,0.5,112.1,68.7
2017-10-18 09:00:00,-24.2,980.1,,,77.3
2017-10-18 12:00:00,-27.7,977.9,,,76.1
2017-10-18 15:00:00,-28.2,977.2,0.1,279.1,72.5
2017-10-18 18:00:00,-27.4,977.9,0.0,341.5,76.5
2017-10-18 21:00:00,,979.8,0.0,237.3,67.7
2017-10-19 00:00:00,,981.8,0.1,254.5,65.5
2017-10-19 03:00:00,,982.5,0.6,310.8,62.6
2017-10-19 06:00:00,,982.7,0.5,219.5,62.6
2017-10-19 09:00:00,-24.1,982.1,0.0,223.5,71.8
2017-10-19 12:00:00,-26.3,981.3,1.1,220.3,74.3
2017-10-19 15:00:00,-27.6,980.8,,,74.7
2017-10-19 18:00:00,-29.8,982.4,0.1,245.7,73.6
2017-10-19 21:00:00,,984.2,0.1,270.8,64.1
2017-10-20 00:00:00,,985.8,0.0,357.2,59.6
2017-10-20 03:00:00,-19.8,987.0,1.4,251.9,62.3
2017-10-20 06:00:00,-19.4,987.4,3.0,247.9,67.0
2017-10-20 09:00:00,-21.0,988.2,1.4,274.8,69.5
2017-10-20 12:00:00,-18.7,988.7,0.7,4.3,67.9
2017-10-20 15:00:00,,988.9,,199.1,55.4
2017-10-20 18:00:00,,990.3,,208.5,59.3
2017-10-20 21:00:00,-11.7,991.1,,241.2,70.2
2017-10-21 00:00:00,-9.2,991.6,,201.4,50.6
2017-10-21 03:00:00,-8.4,990.8,8.8,209.1,53.4
2017-10-21 06:00:00,-9.0,989.4,11.2,202.1,48.5
2017-10-21 09:00:00,-8.3,989.4,10.6,198.3,33.2
2017-10-21 12:00:00,-8.7,988.7,11.7,198.4,32.6
2017-10-21 15:00:00,-11.1,990.0,,178.2,46.6
2017-10-21 18:00:00,,989.1,,230.3,59.0
2017-10-21 21:00:00,-13.3,988.9,0.1,96.8,49.1
2017-10-22 00:00:00,-10.5,988.3,3.0,226.7,61.1
2017-10-22 03:00:00,-9.9,987.4,0.1,316.1,52.4
2017-10-22 06:00:00,-11.9,988.4,1.6,86.2,69.2
2017-10-22 09:00:00,-11.5,988.6,0.2,246.5,50.3
2017-10-22 12:00:00,-13.9,989.4,0.9,58.9,64.7
2017-10-22 15:00:00,-10.9,989.5,1.8,200.1,36.6
2017-10-22 18:00:00,-15.5,990.6,0.2,268.0,61.1
2017-10-22 21:00:00,-14.0,991.0,,28.5,62.8
2017-10-23 00:00:00,,992.7,3.0,22.8,49.0
2017-10-23 03:00:00,-11.3,992.2,,270.3,46.4
2017-10-23 06:00:00,-12.2,991.0,2.4,254.4,64.7
2017-10-23 09:00:00,-11.3,991.8,5.7,230.3,47.0
2017-10-23 12:00:00,-10.5,990.7,,144.1,30.7
2017-10-23 15:00:00,-12.3,990.7,,113.3,31.4
2017-10-23 18:00:00,-9.9,990.6,,207.6,30.2
2017-10-23 21:00:00,-10.6,991.0,,144.2,37.5
2017-10-24 00:00:00,-10.7,990.8,,311.4,55.1
2017-10-24 03:00:00,-10.2,989.4,,238.3,44.8
2017-10-24 06:00:00,-11.6,987.5,1.2,241.4,55.4
2017-10-24 09:00:00,,986.7,1.1,219.3,76.8
2017-10-24 12:00:00,-15.1,986.4,0.0,331.0,71.0
2017-10-24 15:00:00,-17.3,985.4,0.1,271.7,79.9
2017-10-24 18:00:00,-19.1,984.4,0.0,326.0,77.7
2017-10-24 21:00:00,-16.1,983.8,1.6,220.8,71.7
2017-10-25 00:00:00,,983.4,2.9,343.8,68.1
2017-10-25 03:00:00,-13.9,983.1,2.7,330.3,66.7
2017-10-25 06:00:00,-14.4,982.0,1.3,317.3,61.4
2017-10-25 09:00:00,-17.5,981.5,,,72.0
2017-10-25 12:00:00,-19.4,981.2,0.7,50.5,77.5
2017-10-25 15:00:00,-19.3,981.1,0.1,319.9,75.5
2017-10-25 18:00:00,-17.4,981.2,0.0,126.7,72.8
2017-10-25 21:00:00,-16.6,981.2,0.3,253.3,67.8
2017-10-26 00:00:00,-14.3,981.2,1.2,244.8,61.5
2017-10-26 03:00:00,-14.5,980.8,1.9,346.1,67.5
2017-10-26 06:00:00,-15.3,980.4,1.3,310.9,68.0
2017-10-26 09:00:00,,980.8,0.8,258.9,78.2
2017-10-26 12:00:00,-19.7,981.4,0.2,331.7,78.3
2017-10-26 15:00:00,-22.6,981.7,,,78.9
2017-10-26 18:00:00,-21.3,981.7,2.4,241.1,80.8
2017-10-26 21:00:00,-17.7,981.8,0.5,240.7,68.9
2017-10-27 00:00:00,,981.7,1.1,241.4,60.8
2017-10-27 03:00:00,,981.4,0.6,250.1,63.7
2017-10-27 06:00:00,,981.7,1.4,248.6,56.5
2017-10-27 09:00:00,-17.3,982.4,1.6,262.3,68.3
2017-10-27 12:00:00,-16.7,982.8,0.1,184.9,70.7
2017-10-27 15:00:00,-18.7,983.2,0.8,270.4,68.6
2017-10-27 18:00:00,-17.9,984.1,0.9,256.3,68.2
2017-10-27 21:00:00,-14.7,984.6,0.2,346.2,51.5
2017-10-28 00:00:00,,984.8,1.5,11.1,35.0
2017-10-28 03:00:00,-10.0,984.2,1.3,30.7,33.7
2017-10-28 06:00:00,-10.8,983.3,0.4,21.5,45.8
2017-10-28 09:00:00,,981.6,1.2,305.1,62.9
2017-10-28 12:00:00,,979.8,0.4,29.3,73.9
2017-10-28 15:00:00,-18.9,978.2,0.0,329.5,68.2
2017-10-28 18:00:00,-18.2,977.9,1.1,256.1,68.5
2017-10-28 21:00:00,,978.0,0.0,4.5,49.5
2017-10-29 00:00:00,,978.4,0.6,37.8,59.2
2017-10-29 03:00:00,-10.7,979.3,1.9,257.4,73.0
2017-10-29 06:00:00,,981.8,0.5,139.5,58.0
2017-10-29 09:00:00,-13.0,984.3,0.0,300.2,72.0
2017-10-29 12:00:00,-16.4,986.1,0.5,268.3,80.5
2017-10-29 15:00:00,,987.4,0.8,250.2,81.8
2017-10-29 18:00:00,-18.2,989.4,0.0,316.4,70.5
2017-10-29 21:00:00,,991.3,0.1,241.2,54.1
2017-10-30 00:00:00,,993.3,0.1,289.3,60.7
2017-10-30 03:00:00,,994.6,0.5,11.9,59.6
2017-10-30 06:00:00,,995.8,1.8,251.6,69.9
2017-10-30 09:00:00,-12.7,997.1,2.2,226.2,70.5
2017-10-30 12:00:00,-16.2,996.9,1.4,238.6,75.1
2017-10-30 15:00:00,-15.4,996.8,2.5,236.5,70.9
2017-10-30 18:00:00,-16.9,997.0,,,72.7
2017-10-30 21:00:00,,997.6,0.1,35.5,63.9
2017-10-31 00:00:00,-12.0,998.6,1.9,252.8,69.0
2017-10-31 03:00:00,,999.1,1.2,244.3,76.4
2017-10-31 06:00:00,-11.5,1000.5,1.2,274.9,78.2
2017-10-31 09:00:00,-14.8,1001.7,1.6,253.2,88.5
2017-10-31 12:00:00,-15.0,1002.0,1.9,302.6,89.8
2017-10-31 15:00:00,-15.8,1001.0,1.7,273.5,87.9
2017-10-31 18:00:00,-16.8,999.7,0.0,236.4,86.9
2017-10-31 21:00:00,-13.5,998.8,1.0,266.7,91.5
2017-11-01 00:00:00,,997.7,0.8,244.0,82.2
2017-11-01 03:00:00,-9.3,997.4,0.6,331.9,68.6
2017-11-01 06:00:00,-10.7,997.6,0.4,333.9,73.3
2017-11-01 09:00:00,-12.3,997.6,1.0,254.7,77.7
2017-11-01 12:00:00,,996.7,0.2,239.6,86.0
2017-11-01 15:00:00,-15.0,994.6,1.6,232.4,86.8
2017-11-01 18:00:00,-15.1,993.0,0.8,250.9,85.3
2017-11-01 21:00:00,-12.9,991.8,0.6,352.9,81.2
2017-11-02 00:00:00,-10.8,990.8,1.1,228.0,75.0
2017-11-02 03:00:00,-10.4,990.4,0.5,23.0,71.8
2017-11-02 06:00:00,-10.7,990.5,0.9,234.4,74.1
2017-11-02 09:00:00,-11.2,991.4,0.6,248.0,74.2
2017-11-02 12:00:00,-11.8,992.3,,,81.6
2017-11-02 15:00:00,-12.9,992.8,,,85.7
2017-11-02 18:00:00,-11.5,992.9,0.8,246.6,83.2
2017-11-02 21:00:00,-11.5,993.3,1.7,234.4,86.8
2017-11-03 00:00:00,-9.6,993.4,3.7,147.9,78.0
2017-11-03 03:00:00,-10.4,993.5,4.4,131.9,77.6
2017-11-03 06:00:00,-11.1,994.3,4.4,140.6,80.3
2017-11-03 09:00:00,-11.6,995.4,5.6,146.5,75.6
2017-11-03 12:00:00,-11.9,996.2,1.2,110.0,75.8
2017-11-03 15:00:00,-12.5,997.2,1.0,129.8,71.9
2017-11-03 18:00:00,-11.5,997.8,0.1,294.1,68.8
2017-11-03 21:00:00,-11.5,998.5,0.2,242.3,75.3
2017-11-04 00:00:00,-10.9,998.6,0.1,7.4,74.2
2017-11-04 03:00:00,-10.5,998.0,0.7,240.6,70.9
2017-11-04 06:00:00,-11.5,996.7,0.3,349.5,68.1
2017-11-04 09:00:00,-12.4,995.0,0.1,47.2,74.3
2017-11-04 12:00:00,-12.3,993.3,0.2,15.9,78.3
2017-11-04 15:00:00,-13.1,991.5,,,80.1
2017-11-04 18:00:00,-13.4,989.6,0.1,341.4,82.7
2017-11-04 21:00:00,-12.7,988.1,0.7,355.8,76.5
2017-11-05 00:00:00,-12.0,986.5,1.0,239.3,77.8
2017-11-05 03:00:00,-11.4,985.0,2.7,141.8,71.1
2017-11-05 06:00:00,-12.2,983.9,4.3,140.9,69.5
2017-11-05 09:00:00,-12.6,983.2,3.3,134.6,71.0
2017-11-05 12:00:00,-12.9,982.9,2.7,149.4,69.9
2017-11-05 15:00:00,-13.0,982.9,2.0,134.3,69.8
2017-11-05 18:00:00,-13.0,983.3,1.3,40.7,74.4
2017-11-05 21:00:00,-12.7,984.3,2.2,18.0,73.0
2017-11-06 00:00:00,-12.1,985.6,1.5,18.9,66.1
2017-11-06 03:00:00,-11.7,986.6,1.5,92.0,62.8
2017-11-06 06:00:00,-12.3,987.8,1.2,269.6,73.4
2017-11-06 09:00:00,-12.9,989.2,,,75.4
2017-11-06 12:00:00,-13.4,989.9,,,79.1
2017-11-06 15:00:00,-12.7,990.2,3.0,205.6,65.1
2017-11-06 18:00:00,-12.6,990.6,1.2,228.1,71.9
2017-11-06 21:00:00,-11.7,991.0,1.4,241.6,65.3
2017-11-07 00:00:00,-11.5,990.9,1.3,237.8,63.7
2017-11-07 03:00:00,-11.5,990.6,1.7,335.1,60.3
2017-11-07 06:00:00,-11.5,990.8,2.0,220.7,66.3
2017-11-07 09:00:00,-12.8,990.3,6.2,157.6,72.2
2017-11-07 12:00:00,-13.1,989.2,5.5,154.8,65.2
2017-11-07 15:00:00,-14.2,988.1,5.8,136.0,70.6
2017-11-07 18:00:00,-14.0,986.9,5.8,147.7,63.0
2017-11-07 21:00:00,-12.9,985.4,5.4,146.0,58.6
2017-11-08 00:00:00,-11.8,983.8,5.7,143.3,51.6
2017-11-08 03:00:00,-11.7,981.7,5.6,148.4,53.2
2017-11-08 06:00:00,-12.4,980.2,4.6,147.4,52.9
2017-11-08 09:00:00,-13.4,979.0,,111.2,55.9
2017-11-08 12:00:00,-16.0,977.5,0.7,155.3,64.6
2017-11-08 15:00:00,-17.0,975.9,0.0,232.6,69.2
2017-11-08 18:00:00,-18.5,974.5,0.0,165.1,74.6
2017-11-08 21:00:00,,973.3,,,65.1
2017-11-09 00:00:00,,972.6,1.1,242.9,57.4
2017-11-09 03:00:00,,972.5,0.8,13.0,56.1
2017-11-09 06:00:00,,973.3,1.6,327.9,63.0
2017-11-09 09:00:00,-15.7,975.0,0.1,1.9,64.0
2017-11-09 12:00:00,-16.6,976.7,0.3,339.6,76.4
2017-11-09 15:00:00,-17.1,978.0,,,82.7
2017-11-09 18:00:00,-16.2,979.0,1.1,222.1,80.6
2017-11-09 21:00:00,-13.1,979.4,0.5,242.1,67.4
2017-11-10 00:00:00,,979.6,0.3,318.9,62.6
2017-11-10 03:00:00,,979.2,0.7,348.6,57.6
2017-11-10 06:00:00,,979.0,0.7,267.2,66.6
2017-11-10 09:00:00,-15.0,978.2,1.1,243.1,65.4
2017-11-10 12:00:00,-17.2,977.5,0.1,296.4,77.5
2017-11-10 15:00:00,-17.5,976.4,0.0,345.3,75.2
2017-11-10 18:00:00,-18.7,975.5,,,76.2
2017-11-10 21:00:00,,975.0,0.4,249.0,59.7
2017-11-11 00:00:00,,974.1,0.4,266.9,68.8
2017-11-11 03:00:00,,973.7,1.1,343.5,67.3
2017-11-11 06:00:00,-9.9,973.7,1.8,200.2,71.1
2017-11-11 09:00:00,-11.6,974.4,0.5,266.8,73.9
2017-11-11 12:00:00,-12.2,974.4,0.2,269.2,78.3
2017-11-11 15:00:00,-12.3,974.5,3.0,215.9,71.1
2017-11-11 18:00:00,-12.6,974.1,1.4,235.2,65.3
2017-11-11 21:00:00,-12.6,974.3,1.1,244.9,75.2
2017-11-12 00:00:00,,973.6,1.2,295.3,55.9
2017-11-12 03:00:00,-9.2,973.1,1.3,297.9,53.8
2017-11-12 06:00:00,-9.8,972.5,1.9,323.3,63.6
2017-11-12 09:00:00,-11.3,972.4,,,65.4
2017-11-12 12:00:00,,972.2,1.2,219.9,78.9
2017-11-12 15:00:00,-14.0,972.1,0.0,309.1,67.2
2017-11-12 18:00:00,-12.5,973.2,3.2,223.1,63.6
2017-11-12 21:00:00,-10.3,973.9,0.8,230.7,58.4
2017-11-13 00:00:00,-10.0,974.7,1.1,52.2,76.2
2017-11-13 03:00:00,,975.2,0.7,4.4,67.8
2017-11-13 06:00:00,,975.5,0.2,175.8,60.1
2017-11-13 09:00:00,,975.8,0.3,247.8,83.9
2017-11-13 12:00:00,-12.2,975.9,0.5,151.3,75.0
2017-11-13 15:00:00,-12.1,976.0,0.3,181.8,73.1
2017-11-13 18:00:00,-11.8,976.5,,,73.9
2017-11-13 21:00:00,-10.3,977.1,0.6,261.8,68.7
2017-11-14 00:00:00,-9.8,977.6,1.1,233.8,62.0
2017-11-14 03:00:00,-9.3,978.2,2.2,334.6,60.4
2017-11-14 06:00:00,-10.9,978.3,1.7,2.7,72.0
2017-11-14 09:00:00,,978.2,0.2,309.1,65.0
2017-11-14 12:00:00,,977.7,0.8,256.6,78.1
2017-11-14 15:00:00,-14.7,977.2,1.7,226.4,78.3
2017-11-14 18:00:00,-16.3,977.2,0.5,21.2,76.2
2017-11-14 21:00:00,-12.3,977.8,1.0,236.9,61.5
2017-11-15 00:00:00,,978.2,1.6,231.9,70.7
2017-11-15 03:00:00,,977.9,1.0,357.3,68.1
2017-11-15 06:00:00,-11.1,976.7,2.1,243.0,78.2
2017-11-15 09:00:00,-13.5,976.3,2.3,254.6,78.0
2017-11-15 12:00:00,,975.6,0.9,318.7,65.2
2017-11-15 15:00:00,-10.3,975.0,4.8,229.2,47.7
2017-11-15 18:00:00,-7.8,974.4,4.8,229.3,50.7
2017-11-15 21:00:00,-6.2,974.3,9.1,204.3,48.2
2017-11-16 00:00:00,-5.7,974.2,6.4,233.5,38.0
2017-11-16 03:00:00,-6.6,974.7,,275.4,53.1
2017-11-16 06:00:00,-7.8,974.5,1.8,52.6,72.0
2017-11-16 09:00:00,-6.7,973.7,,212.7,55.3
2017-11-16 12:00:00,-9.0,974.1,,222.6,72.1
2017-11-16 15:00:00,-8.3,974.5,,75.4,66.7
2017-11-16 18:00:00,-9.4,974.7,0.7,354.3,78.5
2017-11-16 21:00:00,-8.4,975.7,1.8,25.2,73.0
2017-11-17 00:00:00,-7.6,976.0,2.7,128.6,73.2
2017-11-17 03:00:00,-8.5,976.9,3.2,47.8,81.2
2017-11-17 06:00:00,-8.6,977.8,2.8,27.8,81.1
2017-11-17 09:00:00,-8.5,979.2,4.8,229.4,64.1
2017-11-17 12:00:00,-9.2,980.1,6.2,250.4,73.2
2017-11-17 15:00:00,-10.3,981.1,2.2,3.4,81.5
2017-11-17 18:00:00,-11.2,981.8,,263.0,81.1
2017-11-17 21:00:00,,981.7,0.8,240.1,74.7
2017-11-18 00:00:00,,981.5,0.8,1.4,75.5
2017-11-18 03:00:00,,980.7,0.6,328.4,66.0
2017-11-18 06:00:00,,980.2,0.5,285.0,58.7
2017-11-18 09:00:00,,979.9,0.9,56.7,77.3
2017-11-18 12:00:00,,980.0,0.1,199.1,78.0
2017-11-18 15:00:00,-15.6,979.8,0.4,54.2,72.9
2017-11-18 18:00:00,-12.4,979.7,0.2,227.3,63.5
2017-11-18 21:00:00,,980.1,0.8,250.2,45.6
2017-11-19 00:00:00,,979.9,1.0,245.0,59.5
2017-11-19 03:00:00,-5.8,979.3,1.8,35.8,53.6
2017-11-19 06:00:00,-8.0,979.3,2.6,346.1,80.9
2017-11-19 09:00:00,,979.5,1.3,246.6,81.8
2017-11-19 12:00:00,,980.0,0.1,29.3,85.8
2017-11-19 15:00:00,-14.8,980.3,1.5,258.7,89.7
2017-11-19 18:00:00,-14.3,981.2,0.9,213.9,89.1
2017-11-19 21:00:00,,981.2,1.4,251.9,85.9
2017-11-20 00:00:00,,981.1,1.3,237.2,86.6
2017-11-20 03:00:00,,980.4,1.2,333.2,76.4
2017-11-20 06:00:00,,980.4,0.8,9.0,75.3
2017-11-20 09:00:00,-8.3,980.3,1.3,238.4,82.4
2017-11-20 12:00:00,-7.4,980.2,,240.5,62.4
2017-11-20 15:00:00,-6.8,980.8,,199.8,49.5
2017-11-20 18:00:00,-6.8,981.7,11.0,210.3,51.0
2017-11-20 21:00:00,-5.4,982.5,8.3,178.4,49.5
2017-11-21 00:00:00,-4.8,983.0,7.3,207.5,39.6
2017-11-21 03:00:00,-5.7,983.1,,32.7,61.8
2017-11-21 06:00:00,-6.6,982.6,,87.6,70.7
2017-11-21 09:00:00,-8.4,981.1,1.9,301.8,80.8
2017-11-21 12:00:00,,979.5,1.5,252.1,89.4
2017-11-21 15:00:00,-12.6,977.4,,,85.3
2017-11-21 18:00:00,-12.5,976.4,,,76.0
2017-11-21 21:00:00,,975.5,1.1,241.0,77.3
2017-11-22 00:00:00,-7.6,974.6,0.9,12.6,70.1
2017-11-22 03:00:00,-7.0,973.5,2.9,28.1,81.6
2017-11-22 06:00:00,-6.8,972.3,2.0,47.4,78.8
2017-11-22 09:00:00,-8.0,971.5,4.7,152.7,76.1
2017-11-22 12:00:00,-9.8,972.5,3.5,213.5,86.8
2017-11-22 15:00:00,-9.4,972.2,,,80.9
2017-11-22 18:00:00,-9.2,972.1,2.8,149.5,55.6
2017-11-22 21:00:00,-7.5,971.9,3.2,72.5,56.4
2017-11-23 00:00:00,-5.8,972.5,3.3,60.9,53.4
2017-11-23 03:00:00,-6.5,973.1,2.5,330.9,56.1
2017-11-23 06:00:00,-7.0,973.7,1.9,31.0,60.2
2017-11-23 09:00:00,,974.1,0.0,8.2,52.5
2017-11-23 12:00:00,,973.8,1.2,171.5,61.5
2017-11-23 15:00:00,,973.3,1.6,51.6,78.7
2017-11-23 18:00:00,-14.5,972.9,,,80.8
2017-11-23 21:00:00,,972.9,0.8,39.8,68.4
2017-11-24 00:00:00,,973.3,1.2,259.1,77.9
2017-11-24 03:00:00,-5.8,974.4,2.1,134.3,67.9
2017-11-24 06:00:00,-6.3,976.5,0.9,71.9,65.1
2017-11-24 09:00:00,,979.3,0.6,245.8,70.4
2017-11-24 12:00:00,-10.7,982.1,0.4,293.9,84.7
2017-11-24 15:00:00,-11.6,984.2,2.1,55.1,69.2
2017-11-24 18:00:00,-7.3,986.8,4.7,210.3,46.9
2017-11-24 21:00:00,,988.8,1.8,257.0,47.0
2017-11-25 00:00:00,-2.7,989.2,3.4,235.6,41.5
2017-11-25 03:00:00,,989.4,1.9,234.1,47.2
2017-11-25 06:00:00,,988.9,1.6,232.1,63.8
2017-11-25 09:00:00,-5.8,987.0,1.4,246.9,65.0
2017-11-25 12:00:00,,984.5,0.1,357.3,63.2
2017-11-25 15:00:00,,981.2,0.2,243.9,82.0
2017-11-25 18:00:00,,979.3,0.6,236.7,85.5
2017-11-25 21:00:00,,977.9,1.1,238.7,82.7
2017-11-26 00:00:00,-3.7,977.4,1.6,221.8,71.9
2017-11-26 03:00:00,,977.5,1.0,22.5,60.4
2017-11-26 06:00:00,,976.8,0.5,297.2,46.4
2017-11-26 09:00:00,-6.3,976.6,,205.3,46.3
2017-11-26 12:00:00,-7.9,977.0,,227.7,48.9
2017-11-26 15:00:00,-8.2,977.3,2.9,235.6,49.8
2017-11-26 18:00:00,-10.0,978.4,0.2,65.4,65.0
2017-11-26 21:00:00,,979.3,1.3,236.2,45.9
2017-11-27 00:00:00,,980.4,0.5,254.0,44.7
2017-11-27 03:00:00,,980.7,2.6,22.6,45.8
2017-11-27 06:00:00,-14.9,981.0,1.1,73.8,50.9
2017-11-27 09:00:00,,981.2,0.3,57.7,51.0
2017-11-27 12:00:00,,981.2,0.0,257.6,76.5
2017-11-27 15:00:00,,980.3,0.4,261.5,85.6
2017-11-27 18:00:00,,979.3,1.0,233.9,84.9
2017-11-27 21:00:00,,978.7,1.8,343.9,74.5
2017-11-28 00:00:00,-14.7,978.2,1.2,348.4,66.3
2017-11-28 03:00:00,-12.7,977.8,1.2,337.3,63.9
2017-11-28 06:00:00,-12.4,977.8,1.3,337.6,71.4
2017-11-28 09:00:00,-12.6,978.3,0.5,352.8,72.6
2017-11-28 12:00:00,-12.2,978.9,0.4,211.5,76.6
2017-11-28 15:00:00,-12.5,979.1,0.2,171.0,69.2
2017-11-28 18:00:00,-13.2,979.6,0.9,229.3,77.6
2017-11-28 21:00:00,-9.2,979.9,0.2,339.6,69.1
2017-11-29 00:00:00,,980.1,,143.5,68.3
2017-11-29 03:00:00,-8.5,980.5,,130.6,66.9
2017-11-29 06:00:00,-8.8,981.0,2.3,119.3,57.5
2017-11-29 09:00:00,,981.2,,219.1,68.8
2017-11-29 12:00:00,,981.2,0.6,234.7,84.0
2017-11-29 15:00:00,,981.6,,,84.0
2017-11-29 18:00:00,-10.1,982.3,2.3,60.1,65.0
2017-11-29 21:00:00,-11.8,983.6,2.4,35.3,48.6
2017-11-30 00:00:00,-6.9,985.4,2.1,35.7,58.4
2017-11-30 03:00:00,,986.2,0.8,251.1,46.0
2017-11-30 06:00:00,,986.5,0.4,243.0,46.1
2017-11-30 09:00:00,-18.6,986.2,0.7,19.3,61.6
2017-11-30 12:00:00,-15.3,985.9,2.2,207.5,70.2
2017-11-30 15:00:00,-14.1,985.4,3.7,132.9,42.6
2017-11-30 18:00:00,-14.4,985.8,0.7,222.0,76.7
2017-11-30 21:00:00,,985.8,1.4,49.2,54.6
2017-12-01 00:00:00,,985.8,1.9,246.5,66.8
2017-12-01 03:00:00,-16.1,985.3,3.3,325.0,67.7
2017-12-01 06:00:00,-15.3,985.4,5.6,138.3,58.6
2017-12-01 09:00:00,-14.5,985.8,3.9,190.4,64.0
2017-12-01 12:00:00,-13.4,986.4,5.6,143.2,63.4
2017-12-01 15:00:00,-13.1,986.9,2.9,62.8,70.8
2017-12-01 18:00:00,-13.3,987.1,3.7,67.1,70.8
2017-12-01 21:00:00,-14.1,987.5,4.1,61.3,65.3
2017-12-02 00:00:00,-14.3,987.6,2.5,65.0,64.3
2017-12-02 03:00:00,,987.0,1.0,309.3,65.2
2017-12-02 06:00:00,,986.7,1.3,7.2,63.1
2017-12-02 09:00:00,,987.5,1.0,205.8,71.2
2017-12-02 12:00:00,,988.6,0.6,249.2,79.9
2017-12-02 15:00:00,,989.4,0.1,257.3,79.7
2017-12-02 18:00:00,,989.7,1.9,210.7,71.2
2017-12-02 21:00:00,,989.5,1.1,253.6,66.8
2017-12-03 00:00:00,,988.5,1.3,228.5,45.5
2017-12-03 03:00:00,,987.1,0.6,75.0,54.4
2017-12-03 06:00:00,-19.7,984.6,2.9,51.8,73.7
2017-12-03 09:00:00,-17.8,983.6,4.2,104.3,75.4
2017-12-03 12:00:00,,982.6,1.2,183.0,81.4
2017-12-03 15:00:00,,982.2,0.2,309.2,84.1
2017-12-03 18:00:00,,982.5,0.2,276.0,86.0
2017-12-03 21:00:00,-22.5,983.2,4.3,64.5,74.9
2017-12-04 00:00:00,-19.4,983.4,4.4,76.8,56.2
2017-12-04 03:00:00,-20.6,983.2,2.8,44.9,67.3
2017-12-04 06:00:00,-19.1,982.8,2.8,96.5,68.8
2017-12-04 09:00:00,-18.3,982.5,3.5,72.2,69.4
2017-12-04 12:00:00,-16.1,981.8,4.1,118.1,75.6
2017-12-04 15:00:00,-15.6,981.5,3.1,120.9,79.0
2017-12-04 18:00:00,-16.3,981.3,2.2,139.4,79.7
2017-12-04 21:00:00,,982.1,1.5,242.5,86.9
2017-12-05 00:00:00,,982.5,0.8,242.4,80.2
2017-12-05 03:00:00,-18.7,982.8,,145.5,75.4
2017-12-05 06:00:00,-16.5,983.3,5.6,147.2,77.1
2017-12-05 09:00:00,-15.6,984.0,,347.9,86.9
2017-12-05 12:00:00,,984.2,1.6,124.1,80.6
2017-12-05 15:00:00,,984.3,0.9,238.0,86.1
2017-12-05 18:00:00,-13.6,983.9,5.0,221.5,64.0
2017-12-05 21:00:00,,984.2,1.6,41.8,65.6
2017-12-06 00:00:00,,984.3,1.9,25.1,71.2
2017-12-06 03:00:00,,983.9,1.8,1.6,75.9
2017-12-06 06:00:00,,983.4,1.2,6.2,77.2
2017-12-06 09:00:00,,983.1,1.7,62.7,75.9
2017-12-06 12:00:00,-11.6,981.9,2.5,76.2,80.7
2017-12-06 15:00:00,,980.8,0.4,91.1,80.5
2017-12-06 18:00:00,,979.9,0.2,334.4,80.8
2017-12-06 21:00:00,,979.9,0.8,325.2,80.7
2017-12-07 00:00:00,,980.4,0.7,298.2,82.3
2017-12-07 03:00:00,-10.1,981.5,3.6,160.0,74.4
2017-12-07 06:00:00,,982.8,0.9,306.1,85.7
2017-12-07 09:00:00,,983.9,0.8,336.1,85.9
2017-12-07 12:00:00,,984.9,0.0,329.2,79.0
2017-12-07 15:00:00,,985.6,0.3,13.4,84.7
2017-12-07 18:00:00,,985.7,0.1,238.3,84.0
2017-12-07 21:00:00,,986.0,1.0,236.6,86.4
2017-12-08 00:00:00,,985.4,1.8,243.8,82.0
2017-12-08 03:00:00,,984.8,1.2,22.4,72.7
2017-12-08 06:00:00,,984.3,0.7,3.4,79.7
2017-12-08 09:00:00,,983.8,1.2,232.6,86.6
2017-12-08 12:00:00,,983.4,1.0,223.7,94.0
2017-12-08 15:00:00,-12.5,982.7,,,92.8
2017-12-08 18:00:00,,982.2,0.1,33.8,70.8
2017-12-08 21:00:00,,981.8,1.2,243.6,77.6
2017-12-09 00:00:00,,981.3,0.7,300.4,69.0
2017-12-09 03:00:00,,980.6,1.4,230.2,72.7
2017-12-09 06:00:00,,980.4,0.6,250.0,79.9
2017-12-09 09:00:00,,981.0,0.5,254.3,86.0
2017-12-09 12:00:00,,981.4,0.1,53.2,89.9
2017-12-09 15:00:00,,982.0,0.4,233.3,92.3
2017-12-09 18:00:00,-9.2,982.6,,,86.8
2017-12-09 21:00:00,,983.3,1.3,342.4,75.5
2017-12-10 00:00:00,,983.8,1.3,332.7,60.9
2017-12-10 03:00:00,-6.5,983.4,3.0,327.7,67.9
2017-12-10 06:00:00,,983.9,1.4,318.5,67.3
2017-12-10 09:00:00,,984.1,1.2,47.2,61.7
2017-12-10 12:00:00,,984.1,1.7,247.1,48.9
2017-12-10 15:00:00,-7.7,983.7,4.5,211.3,47.0
2017-12-10 18:00:00,-8.3,983.7,,229.5,64.0
2017-12-10 21:00:00,-8.2,984.5,8.2,227.5,69.1
2017-12-11 00:00:00,-7.8,985.1,5.2,218.6,68.7
2017-12-11 03:00:00,-7.4,985.0,3.6,213.2,64.0
2017-12-11 06:00:00,-7.1,985.2,4.4,216.4,59.8
2017-12-11 09:00:00,,985.4,1.2,236.3,59.9
2017-12-11 12:00:00,,985.3,1.0,143.1,59.8
2017-12-11 15:00:00,,984.9,1.8,32.6,79.0
2017-12-11 18:00:00,,985.3,0.6,9.0,69.9
2017-12-11 21:00:00,-8.0,985.7,,233.8,82.1
2017-12-12 00:00:00,-7.4,986.8,,231.7,90.2
2017-12-12 03:00:00,-6.0,987.3,6.5,226.8,71.2
2017-12-12 06:00:00,-5.9,988.5,9.9,206.1,58.0
2017-12-12 09:00:00,-7.2,990.0,,214.1,58.1
2017-12-12 12:00:00,-8.4,991.1,7.9,229.9,71.1
2017-12-12 15:00:00,-7.3,991.0,7.0,223.3,53.6
2017-12-12 18:00:00,-6.4,991.2,4.1,198.3,48.2
2017-12-12 21:00:00,-7.3,990.9,3.8,338.0,72.4
2017-12-13 00:00:00,,990.1,,197.1,38.2
2017-12-13 03:00:00,-0.9,989.8,,209.4,38.7
2017-12-13 06:00:00,,990.3,,202.4,37.2
2017-12-13 09:00:00,,991.2,9.1,217.2,47.8
2017-12-13 12:00:00,,993.2,7.9,211.9,46.9
2017-12-13 15:00:00,,994.1,9.1,199.7,45.6
2017-12-13 18:00:00,-4.5,994.3,12.8,207.7,42.9
2017-12-13 21:00:00,-4.8,996.0,9.8,222.0,54.6
2017-12-14 00:00:00,-7.3,996.9,,227.5,63.1
2017-12-14 03:00:00,-5.6,997.1,5.1,242.2,64.7
2017-12-14 06:00:00,,997.2,0.6,16.7,65.5
2017-12-14 09:00:00,,997.0,1.2,46.0,75.2
2017-12-14 12:00:00,,997.0,1.8,228.8,88.4
2017-12-14 15:00:00,,997.1,0.7,348.9,83.9
2017-12-14 18:00:00,,997.2,0.1,64.9,79.6
2017-12-14 21:00:00,-8.1,997.3,3.5,53.2,65.1
2017-12-15 00:00:00,,997.7,0.5,51.2,58.6
2017-12-15 03:00:00,-3.7,997.4,2.6,49.8,67.9
2017-12-15 06:00:00,,997.1,1.3,245.3,69.0
2017-12-15 09:00:00,,997.2,0.2,322.6,68.2
2017-12-15 12:00:00,,997.8,0.0,176.9,83.2
2017-12-15 15:00:00,,997.8,0.9,261.1,77.7
2017-12-15 18:00:00,,998.1,0.0,4.9,71.7
2017-12-15 21:00:00,,998.7,0.9,335.1,67.8
2017-12-16 00:00:00,,999.1,1.4,18.2,67.7
2017-12-16 03:00:00,,999.3,1.7,232.2,60.5
2017-12-16 06:00:00,,999.1,1.3,277.7,67.5
2017-12-16 09:00:00,,998.4,0.5,329.4,68.5
2017-12-16 12:00:00,,997.8,0.0,33.4,81.4
2017-12-16 15:00:00,,996.1,0.1,7.4,78.1
2017-12-16 18:00:00,,994.7,0.4,232.6,80.3
2017-12-16 21:00:00,,993.4,0.3,275.0,68.8
2017-12-17 00:00:00,,991.3,1.6,23.4,71.4
2017-12-17 03:00:00,-1.0,989.4,4.3,58.0,68.8
2017-12-17 06:00:00,-1.5,987.5,3.2,45.1,71.2
2017-12-17 09:00:00,-2.4,986.4,2.3,57.2,79.9
2017-12-17 12:00:00,,985.5,1.8,22.8,74.0
2017-12-17 15:00:00,,984.4,1.4,246.9,93.8
2017-12-17 18:00:00,,983.7,1.8,108.9,91.5
2017-12-17 21:00:00,,983.5,1.3,242.6,89.7
2017-12-18 00:00:00,,983.1,1.7,225.4,92.1
2017-12-18 03:00:00,,982.6,0.3,247.4,91.8
2017-12-18 06:00:00,,982.6,0.7,238.8,92.2
2017-12-18 09:00:00,,982.9,0.2,236.4,94.7
2017-12-18 12:00:00,-3.1,983.3,,,96.6
2017-12-18 15:00:00,,983.7,0.2,86.3,91.1
2017-12-18 18:00:00,,984.1,0.2,239.8,77.1
2017-12-18 21:00:00,-0.7,984.5,4.8,132.7,72.4
2017-12-19 00:00:00,,985.5,1.3,68.9,64.2
2017-12-19 03:00:00,-0.3,985.9,4.2,233.6,67.5
2017-12-19 06:00:00,-0.3,986.2,4.5,236.3,70.2
2017-12-19 09:00:00,,987.1,1.3,332.5,73.6
2017-12-19 12:00:00,,987.8,0.1,57.0,78.3
2017-12-19 15:00:00,,988.1,1.0,203.9,78.2
2017-12-19 18:00:00,,988.8,1.1,232.7,78.9
2017-12-19 21:00:00,,989.3,0.5,8.6,73.2
2017-12-20 00:00:00,-0.6,989.8,2.4,232.9,79.5
2017-12-20 03:00:00,0.8,990.2,4.9,152.0,65.2
2017-12-20 06:00:00,-0.1,991.2,6.1,141.8,70.7
2017-12-20 09:00:00,-1.0,992.9,3.8,143.8,72.5
2017-12-20 12:00:00,-1.2,994.0,3.4,147.3,72.9
2017-12-20 15:00:00,-2.3,994.3,5.7,143.0,80.4
2017-12-20 18:00:00,-2.0,994.9,5.0,138.3,73.4
2017-12-20 21:00:00,-1.3,995.0,2.3,165.7,69.0
2017-12-21 00:00:00,-1.1,995.0,5.7,143.5,71.1
2017-12-21 03:00:00,-1.4,994.1,5.3,143.8,69.2
2017-12-21 06:00:00,-1.6,993.3,4.8,127.9,77.6
2017-12-21 09:00:00,-2.5,992.5,6.9,130.2,82.8
2017-12-21 12:00:00,-3.4,991.7,6.9,129.7,84.0
2017-12-21 15:00:00,-3.5,990.3,5.7,134.7,73.0
2017-12-21 18:00:00,-4.2,989.1,,226.5,83.0
2017-12-21 21:00:00,-3.5,988.1,2.1,234.5,79.7
2017-12-22 00:00:00,,987.2,1.1,245.4,69.4
2017-12-22 03:00:00,,986.1,0.5,243.8,74.2
2017-12-22 06:00:00,,986.5,0.5,12.4,90.6
2017-12-22 09:00:00,-2.9,986.9,3.4,216.5,81.7
2017-12-22 12:00:00,,987.2,1.3,358.7,68.2
2017-12-22 15:00:00,-3.4,987.7,4.0,227.5,72.8
2017-12-22 18:00:00,-3.0,988.5,4.4,227.1,67.8
2017-12-22 21:00:00,-2.9,989.4,4.9,236.4,69.9
2017-12-23 00:00:00,-2.7,990.3,7.1,230.3,68.0
2017-12-23 03:00:00,-2.7,990.8,6.6,224.6,74.1
2017-12-23 06:00:00,-2.0,991.5,5.1,215.6,66.6
2017-12-23 09:00:00,-1.7,992.0,4.1,179.2,58.0
2017-12-23 12:00:00,-2.6,992.1,6.2,133.2,70.4
2017-12-23 15:00:00,-3.0,991.9,5.4,145.0,67.2
2017-12-23 18:00:00,-3.0,991.8,2.3,171.8,71.3
2017-12-23 21:00:00,-2.4,991.5,2.5,180.6,66.2
2017-12-24 00:00:00,-1.7,990.7,2.1,101.5,68.5
2017-12-24 03:00:00,-1.8,990.0,3.7,131.9,66.8
2017-12-24 06:00:00,,990.1,0.8,86.6,61.1
2017-12-24 09:00:00,-2.3,990.4,2.7,122.8,63.7
2017-12-24 12:00:00,,990.9,0.1,318.9,79.5
2017-12-24 15:00:00,,990.7,0.1,227.3,84.9
2017-12-24 18:00:00,,991.1,0.3,16.3,81.9
2017-12-24 21:00:00,,991.5,0.7,358.7,66.0
2017-12-25 00:00:00,,991.9,0.6,0.4,67.2
2017-12-25 03:00:00,,991.7,0.6,304.9,60.6
2017-12-25 06:00:00,,991.9,0.8,48.5,48.9
2017-12-25 09:00:00,,991.9,1.6,246.4,72.0
2017-12-25 12:00:00,,991.8,1.5,245.1,85.7
2017-12-25 15:00:00,,990.7,0.0,19.9,88.8
2017-12-25 18:00:00,,990.2,1.7,229.7,94.1
2017-12-25 21:00:00,,989.5,0.3,357.3,83.8
2017-12-26 00:00:00,,988.8,1.5,34.7,87.4
2017-12-26 03:00:00,-3.5,988.0,3.0,223.4,89.1
2017-12-26 06:00:00,-3.3,987.8,2.3,228.7,89.6
2017-12-26 09:00:00,,988.3,0.8,309.5,90.1
2017-12-26 12:00:00,,988.8,0.6,56.4,85.1
2017-12-26 15:00:00,,988.4,0.9,30.5,86.3
2017-12-26 18:00:00,,988.0,0.8,46.0,80.7
2017-12-26 21:00:00,,988.0,1.2,52.1,80.2
2017-12-27 00:00:00,-2.8,988.0,2.4,19.4,68.8
2017-12-27 03:00:00,,987.7,1.1,32.8,66.6
2017-12-27 06:00:00,,988.3,1.6,4.2,72.2
2017-12-27 09:00:00,-2.9,989.3,2.1,169.6,71.8
2017-12-27 12:00:00,,990.3,0.1,18.8,75.9
2017-12-27 15:00:00,,990.6,1.0,223.5,90.2
2017-12-27 18:00:00,,991.2,1.0,235.2,85.3
2017-12-27 21:00:00,,991.7,1.7,235.4,80.4
2017-12-28 00:00:00,,992.1,1.3,236.0,60.9
2017-12-28 03:00:00,,992.2,1.4,59.1,56.0
2017-12-28 06:00:00,,992.6,1.4,236.9,59.8
2017-12-28 09:00:00,,992.9,1.1,251.6,76.4
2017-12-28 12:00:00,,992.4,1.2,235.3,82.0
2017-12-28 15:00:00,,991.4,0.6,228.0,84.2
2017-12-28 18:00:00,-6.9,990.1,,,85.2
2017-12-28 21:00:00,,989.4,1.5,34.6,78.5
2017-12-29 00:00:00,,988.4,3.1,144.5,79.0
2017-12-29 03:00:00,-1.9,986.9,2.6,241.3,73.4
2017-12-29 06:00:00,,986.3,1.6,222.4,70.2
2017-12-29 09:00:00,,987.4,1.6,201.2,76.6
2017-12-29 12:00:00,,987.5,1.2,222.8,80.7
2017-12-29 15:00:00,,986.8,0.9,243.7,78.2
2017-12-29 18:00:00,,986.4,0.3,229.7,75.1
2017-12-29 21:00:00,,987.2,1.6,243.3,76.2
2017-12-30 00:00:00,,987.6,0.7,27.0,55.0
2017-12-30 03:00:00,,988.6,0.6,281.2,57.3
2017-12-30 06:00:00,-3.4,989.6,2.3,333.7,79.8
2017-12-30 09:00:00,,990.9,1.5,235.9,78.7
2017-12-30 12:00:00,,992.2,0.5,139.6,73.2
2017-12-30 15:00:00,-6.9,993.1,2.0,273.2,83.1
2017-12-30 18:00:00,-6.4,993.3,2.9,224.1,73.3
2017-12-30 21:00:00,,994.0,1.1,271.5,63.0
2017-12-31 00:00:00,,994.7,1.5,232.1,50.8
2017-12-31 03:00:00,,994.9,1.5,236.3,36.4
2017-12-31 06:00:00,-0.9,994.8,2.7,31.8,72.7
2017-12-31 09:00:00,-2.9,994.0,2.1,231.5,70.0
2017-12-31 12:00:00,,992.2,1.5,239.6,88.4
2017-12-31 15:00:00,,989.9,1.0,35.2,89.6
2017-12-31 18:00:00,,987.7,0.3,60.8,82.6
2017-12-31 21:00:00,,987.1,0.5,240.5,74.4
2018-01-01 00:00:00,,986.9,2.1,246.5,79.1
2018-01-01 03:00:00,0.1,987.2,2.9,204.4,70.5
2018-01-01 06:00:00,,987.5,0.6,91.7,62.3
2018-01-01 09:00:00,,988.4,1.7,233.6,76.4
2018-01-01 12:00:00,,988.5,0.0,310.4,77.9
2018-01-01 15:00:00,,988.3,0.7,248.6,87.9
2018-01-01 18:00:00,,988.4,0.1,222.4,88.0
2018-01-01 21:00:00,,989.2,1.4,27.4,73.1
2018-01-02 00:00:00,0.0,989.7,2.6,49.5,61.1
2018-01-02 03:00:00,,990.5,1.7,337.9,73.5
2018-01-02 06:00:00,,990.9,1.5,350.4,78.1
2018-01-02 09:00:00,,991.8,1.4,246.4,85.0
2018-01-02 12:00:00,,993.0,0.0,7.3,82.5
2018-01-02 15:00:00,,993.4,1.0,233.1,89.9
2018-01-02 18:00:00,,994.5,0.1,317.0,84.0
2018-01-02 21:00:00,,995.9,0.6,245.2,82.7
2018-01-03 00:00:00,-0.5,996.6,2.7,33.6,78.9
2018-01-03 03:00:00,-1.0,997.1,3.0,47.3,73.1
2018-01-03 06:00:00,-1.9,997.3,2.5,94.4,74.7
2018-01-03 09:00:00,-2.7,997.9,4.2,136.2,71.8
2018-01-03 12:00:00,,998.3,1.2,161.9,75.0
2018-01-03 15:00:00,,997.7,1.1,233.0,83.4
2018-01-03 18:00:00,,996.5,0.0,138.7,85.0
2018-01-03 21:00:00,,995.4,1.0,235.1,94.8
2018-01-04 00:00:00,,993.6,0.7,236.9,90.3
2018-01-04 03:00:00,,991.9,0.9,244.9,89.5
2018-01-04 06:00:00,-4.5,990.3,4.1,237.2,95.1
2018-01-04 09:00:00,-3.9,989.5,4.2,215.3,82.5
2018-01-04 12:00:00,-4.3,988.6,2.3,119.7,78.1
2018-01-04 15:00:00,-4.7,987.9,2.2,209.5,74.7
2018-01-04 18:00:00,-4.5,987.2,5.8,147.9,75.9
2018-01-04 21:00:00,-4.2,987.2,6.2,137.4,69.3
2018-01-05 00:00:00,-2.0,986.7,4.7,130.6,73.9
2018-01-05 03:00:00,-1.0,985.9,2.4,187.6,64.4
2018-01-05 06:00:00,,986.6,1.5,142.4,64.3
2018-01-05 09:00:00,-1.9,986.7,3.0,128.6,64.3
2018-01-05 12:00:00,-3.1,987.9,5.0,236.9,72.4
2018-01-05 15:00:00,-3.0,988.1,,225.2,59.5
2018-01-05 18:00:00,-2.4,988.8,,208.0,57.4
2018-01-05 21:00:00,-2.9,989.1,6.8,229.7,74.2
2018-01-06 00:00:00,-3.4,988.8,7.9,237.3,86.8
2018-01-06 03:00:00,-2.4,988.3,7.7,227.0,73.8
2018-01-06 06:00:00,-0.4,989.3,4.6,216.2,46.7
2018-01-06 09:00:00,-1.1,990.1,6.2,205.6,44.8
2018-01-06 12:00:00,-4.4,991.4,4.7,231.5,75.1
2018-01-06 15:00:00,-5.0,992.0,,217.0,75.4
2018-01-06 18:00:00,,992.5,1.3,245.3,70.5
2018-01-06 21:00:00,,993.3,1.2,227.8,59.2
2018-01-07 00:00:00,,993.8,0.3,251.5,48.2
2018-01-07 03:00:00,,994.0,0.6,280.7,70.4
2018-01-07 06:00:00,,994.0,1.1,246.3,79.3
2018-01-07 09:00:00,,993.4,1.7,50.9,75.4
2018-01-07 12:00:00,-3.3,993.4,2.2,231.7,94.3
2018-01-07 15:00:00,,992.0,0.2,235.2,93.7
2018-01-07 18:00:00,-2.5,991.9,,111.0,82.5
2018-01-07 21:00:00,-2.9,992.2,4.6,87.5,94.0
2018-01-08 00:00:00,-2.1,991.8,5.7,103.0,90.4
2018-01-08 03:00:00,-1.4,991.8,4.7,123.4,90.0
2018-01-08 06:00:00,-1.7,991.6,5.8,133.9,88.7
2018-01-08 09:00:00,-2.2,992.1,2.0,142.9,92.5
2018-01-08 12:00:00,-3.1,992.6,,243.7,97.7
2018-01-08 15:00:00,,993.4,0.8,170.3,91.8
2018-01-08 18:00:00,,994.7,1.0,171.3,86.7
2018-01-08 21:00:00,,996.1,1.2,36.9,92.7
2018-01-09 00:00:00,,997.2,0.7,28.1,77.7
2018-01-09 03:00:00,-0.6,997.4,5.6,136.0,76.4
2018-01-09 06:00:00,-1.0,998.1,,153.8,74.9
2018-01-09 09:00:00,-1.4,998.7,5.8,139.5,78.0
2018-01-09 12:00:00,-1.3,999.2,2.2,217.3,77.8
2018-01-09 15:00:00,-0.3,998.9,5.9,195.5,73.3
2018-01-09 18:00:00,0.0,999.0,3.9,197.8,62.5
2018-01-09 21:00:00,-0.5,998.4,3.6,176.5,71.8
2018-01-10 00:00:00,,997.6,1.1,177.8,63.4
2018-01-10 03:00:00,1.4,996.7,3.1,227.4,64.2
2018-01-10 06:00:00,1.1,995.7,3.6,221.7,62.9
2018-01-10 09:00:00,,994.7,1.9,61.0,69.1
2018-01-10 12:00:00,,993.6,0.0,44.6,82.6
2018-01-10 15:00:00,,991.9,0.8,232.1,89.5
2018-01-10 18:00:00,,990.0,1.9,236.2,69.2
2018-01-10 21:00:00,-1.7,988.9,2.8,61.5,56.3
2018-01-11 00:00:00,,988.3,1.5,233.9,63.4
2018-01-11 03:00:00,,986.9,1.5,23.6,45.0
2018-01-11 06:00:00,,985.9,1.9,38.6,41.2
2018-01-11 09:00:00,0.3,985.7,4.1,108.4,49.9
2018-01-11 12:00:00,,985.7,2.9,154.3,51.8
2018-01-11 15:00:00,,985.3,1.2,224.6,72.2
2018-01-11 18:00:00,,985.9,0.7,216.0,86.7
2018-01-11 21:00:00,,986.6,1.0,232.2,88.3
2018-01-12 00:00:00,,987.2,1.8,1.0,83.9
2018-01-12 03:00:00,-1.5,988.0,2.1,237.3,82.2
2018-01-12 06:00:00,,989.2,1.2,333.8,83.4
2018-01-12 09:00:00,-2.8,990.8,2.0,233.6,88.1
2018-01-12 12:00:00,,992.6,1.2,221.0,92.7
2018-01-12 15:00:00,,993.8,0.8,32.6,89.1
2018-01-12 18:00:00,-3.5,994.5,2.2,313.0,86.9
2018-01-12 21:00:00,,995.4,0.8,265.2,81.3
2018-01-13 00:00:00,-7.2,996.5,2.0,355.8,77.4
2018-01-13 03:00:00,,997.4,1.4,9.9,77.0
2018-01-13 06:00:00,,998.5,0.6,338.1,77.7
2018-01-13 09:00:00,,998.9,0.6,32.9,82.5
2018-01-13 12:00:00,,998.4,0.4,9.2,89.4
2018-01-13 15:00:00,-2.2,995.6,3.4,83.2,88.9
2018-01-13 18:00:00,-2.9,992.5,3.7,81.9,94.5
2018-01-13 21:00:00,,989.4,1.8,227.5,89.3
2018-01-14 00:00:00,,987.0,1.4,207.8,79.4
2018-01-14 03:00:00,,985.3,1.4,55.0,76.5
2018-01-14 06:00:00,-0.8,985.8,4.0,210.8,70.7
2018-01-14 09:00:00,-0.8,986.1,3.2,210.2,63.5
2018-01-14 12:00:00,-1.9,986.8,,240.3,77.3
2018-01-14 15:00:00,-2.3,987.6,8.0,244.1,76.4
2018-01-14 18:00:00,-1.4,988.2,5.9,238.5,74.0
2018-01-14 21:00:00,0.6,988.8,3.5,220.4,69.8
2018-01-15 00:00:00,0.4,988.1,4.2,72.3,72.3
2018-01-15 03:00:00,0.6,986.6,2.9,58.6,70.9
2018-01-15 06:00:00,,984.7,1.6,62.0,79.5
2018-01-15 09:00:00,-1.0,982.9,2.4,56.4,85.0
2018-01-15 12:00:00,-2.0,981.6,3.8,140.2,84.9
2018-01-15 15:00:00,,980.1,0.5,234.1,95.1
2018-01-15 18:00:00,,978.9,1.2,250.0,93.6
2018-01-15 21:00:00,-1.6,977.7,2.6,234.5,85.9
2018-01-16 00:00:00,,976.6,1.2,234.4,81.5
2018-01-16 03:00:00,-5.1,975.1,2.1,230.6,80.5
2018-01-16 06:00:00,,974.3,2.5,159.4,82.5
2018-01-16 09:00:00,,974.2,0.8,232.2,89.3
2018-01-16 12:00:00,,974.1,0.6,218.0,93.4
2018-01-16 15:00:00,,973.5,0.5,17.4,93.6
2018-01-16 18:00:00,,973.8,0.2,257.4,92.0
2018-01-16 21:00:00,,974.5,0.2,255.6,90.7
2018-01-17 00:00:00,,975.1,0.8,234.2,90.0
2018-01-17 03:00:00,,975.5,1.5,231.5,87.7
2018-01-17 06:00:00,-6.0,976.3,2.1,156.4,77.1
2018-01-17 09:00:00,,977.4,1.9,337.0,90.7
2018-01-17 12:00:00,,978.1,0.1,55.6,94.6
2018-01-17 15:00:00,,978.4,0.1,46.4,87.2
2018-01-17 18:00:00,-9.4,978.8,2.0,66.6,79.2
2018-01-17 21:00:00,,979.4,1.0,339.6,87.4
2018-01-18 00:00:00,,979.5,1.3,26.9,74.6
2018-01-18 03:00:00,,979.1,2.1,28.9,75.4
2018-01-18 06:00:00,-4.2,979.3,2.5,15.5,81.2
2018-01-18 09:00:00,-4.9,979.1,3.7,135.2,71.4
2018-01-18 12:00:00,-8.2,979.2,2.3,214.7,89.4
2018-01-18 15:00:00,,978.9,0.5,232.0,95.8
2018-01-18 18:00:00,,978.7,0.2,218.6,95.7
2018-01-18 21:00:00,,978.9,0.5,244.4,91.6
2018-01-19 00:00:00,,979.3,0.3,272.1,86.4
2018-01-19 03:00:00,,979.1,0.9,229.1,79.3
2018-01-19 06:00:00,,978.9,0.6,270.4,81.1
2018-01-19 09:00:00,,979.0,0.5,1.5,82.6
2018-01-19 12:00:00,,979.0,0.6,243.5,90.6
2018-01-19 15:00:00,,978.0,2.5,226.8,97.1
2018-01-19 18:00:00,,977.7,0.7,245.3,78.9
2018-01-19 21:00:00,-2.2,978.2,3.9,53.7,70.6
2018-01-20 00:00:00,,978.7,1.3,27.5,66.8
2018-01-20 03:00:00,,978.2,0.2,14.8,56.5
2018-01-20 06:00:00,,977.0,1.6,230.0,52.0
2018-01-20 09:00:00,,976.1,1.7,270.7,71.4
2018-01-20 12:00:00,,975.7,,,81.4
2018-01-20 15:00:00,,975.0,0.2,235.8,91.4
2018-01-20 18:00:00,-7.4,974.8,,,82.8
2018-01-20 21:00:00,,974.7,1.4,241.8,84.9
2018-01-21 00:00:00,,975.1,1.7,32.0,77.2
2018-01-21 03:00:00,,975.2,1.5,48.8,63.6
2018-01-21 06:00:00,-10.4,975.9,2.9,44.7,56.3
2018-01-21 09:00:00,,975.6,1.0,242.7,63.1
2018-01-21 12:00:00,,976.5,2.5,225.1,47.3
2018-01-21 15:00:00,,977.0,0.3,266.2,59.9
2018-01-21 18:00:00,,977.7,1.0,230.7,61.3
2018-01-21 21:00:00,-0.6,978.3,,120.9,58.0
2018-01-22 00:00:00,-0.3,979.1,3.5,130.6,68.6
2018-01-22 03:00:00,-0.9,979.5,2.5,13.5,78.3
2018-01-22 06:00:00,,980.1,0.6,8.0,61.8
2018-01-22 09:00:00,,981.3,2.0,32.5,73.2
2018-01-22 12:00:00,,982.8,0.8,204.6,83.9
2018-01-22 15:00:00,,984.0,0.5,265.3,90.4
2018-01-22 18:00:00,,984.7,0.1,244.0,85.9
2018-01-22 21:00:00,,985.7,0.9,11.9,76.3
2018-01-23 00:00:00,-0.2,986.3,3.6,52.2,74.4
2018-01-23 03:00:00,-0.1,986.3,2.2,243.3,68.1
2018-01-23 06:00:00,,986.2,1.4,49.4,66.2
2018-01-23 09:00:00,,986.1,1.7,67.6,79.4
2018-01-23 12:00:00,,985.7,1.8,48.6,79.3
2018-01-23 15:00:00,,984.5,1.7,40.0,84.1
2018-01-23 18:00:00,-2.9,982.9,,213.1,63.6
2018-01-23 21:00:00,,982.4,,218.8,50.7
2018-01-24 00:00:00,-0.5,981.0,7.4,237.0,43.4
2018-01-24 03:00:00,-0.5,980.5,11.2,225.8,54.4
2018-01-24 06:00:00,-0.8,980.0,11.1,214.3,47.0
2018-01-24 09:00:00,-0.8,979.6,14.7,206.8,49.6
2018-01-24 12:00:00,-1.2,979.3,13.8,207.4,50.3
2018-01-24 15:00:00,,979.1,12.1,205.9,52.0
2018-01-24 18:00:00,,978.9,,245.4,63.1
2018-01-24 21:00:00,,979.5,11.3,208.2,44.6
2018-01-25 00:00:00,0.9,980.0,11.9,213.5,45.1
2018-01-25 03:00:00,0.8,981.2,11.0,214.1,46.7
2018-01-25 06:00:00,0.6,982.2,7.8,223.6,54.9
2018-01-25 09:00:00,-0.5,983.3,8.5,238.1,73.8
2018-01-25 12:00:00,-0.3,985.0,8.0,229.6,74.0
2018-01-25 15:00:00,-2.3,986.4,6.1,228.6,81.4
2018-01-25 18:00:00,-2.2,988.4,7.9,237.3,81.8
2018-01-25 21:00:00,0.0,989.7,6.3,218.2,45.1
2018-01-26 00:00:00,-0.4,990.9,7.0,245.9,71.3
2018-01-26 03:00:00,-0.3,991.5,7.0,229.9,71.8
2018-01-26 06:00:00,0.1,992.3,,266.6,64.5
2018-01-26 09:00:00,-1.0,992.5,2.2,54.0,74.1
2018-01-26 12:00:00,,992.4,0.6,225.7,88.8
2018-01-26 15:00:00,,991.3,1.6,214.8,80.5
2018-01-26 18:00:00,,990.4,0.1,342.3,81.2
2018-01-26 21:00:00,,989.8,1.7,40.1,77.4
2018-01-27 00:00:00,,989.7,0.6,261.5,71.9
2018-01-27 03:00:00,0.1,989.0,3.4,28.8,76.4
2018-01-27 06:00:00,,989.2,1.2,47.3,55.9
2018-01-27 09:00:00,,989.1,1.1,221.2,73.2
2018-01-27 12:00:00,,989.8,0.7,241.6,94.4
2018-01-27 15:00:00,,990.7,0.0,359.5,94.5
2018-01-27 18:00:00,-6.8,991.9,,,91.2
2018-01-27 21:00:00,,993.3,0.8,239.5,79.2
2018-01-28 00:00:00,,994.8,1.1,343.9,78.3
2018-01-28 03:00:00,-1.5,995.6,4.1,141.2,71.3
2018-01-28 06:00:00,-1.8,996.1,2.8,143.7,73.3
2018-01-28 09:00:00,-2.1,996.1,3.0,155.2,74.9
2018-01-28 12:00:00,-2.7,996.1,2.8,139.6,76.8
2018-01-28 15:00:00,,995.3,1.2,233.5,89.1
2018-01-28 18:00:00,,994.1,1.1,223.6,93.5
2018-01-28 21:00:00,,993.4,0.4,223.6,93.1
2018-01-29 00:00:00,,992.2,1.1,232.7,94.6
2018-01-29 03:00:00,,990.8,1.1,220.5,90.9
2018-01-29 06:00:00,,989.3,1.6,214.2,72.2
2018-01-29 09:00:00,-2.8,988.7,2.8,133.8,71.2
2018-01-29 12:00:00,-3.2,987.8,3.8,208.8,63.7
2018-01-29 15:00:00,-4.4,986.7,6.9,223.4,77.7
2018-01-29 18:00:00,-4.6,985.9,6.0,236.4,67.6
2018-01-29 21:00:00,-3.7,985.0,7.7,244.3,65.2
2018-01-30 00:00:00,-4.3,984.7,,229.0,76.8
2018-01-30 03:00:00,-3.8,984.5,10.3,243.2,68.2
2018-01-30 06:00:00,-1.3,984.9,8.9,205.4,39.5
2018-01-30 09:00:00,-4.4,985.7,8.5,232.1,65.7
2018-01-30 12:00:00,-4.5,986.3,7.1,236.2,55.7
2018-01-30 15:00:00,-4.1,986.9,,159.6,64.1
2018-01-30 18:00:00,-4.7,987.9,4.6,250.2,71.1
2018-01-30 21:00:00,,989.4,1.7,292.4,64.0
2018-01-31 00:00:00,,990.3,0.9,10.8,60.0
2018-01-31 03:00:00,,991.0,0.3,61.1,62.0
2018-01-31 06:00:00,,991.4,0.4,349.0,57.1
2018-01-31 09:00:00,,992.4,1.2,313.7,71.4
2018-01-31 12:00:00,,993.1,0.8,235.7,88.4
2018-01-31 15:00:00,,993.2,0.6,215.1,89.0
2018-01-31 18:00:00,,994.1,0.2,221.8,84.9
2018-01-31 21:00:00,,994.9,0.0,278.0,81.0
2018-02-01 00:00:00,,995.3,0.9,236.2,79.0
2018-02-01 03:00:00,,995.1,1.6,15.8,73.3
2018-02-01 06:00:00,-3.3,995.1,2.6,40.1,73.9
2018-02-01 09:00:00,,995.3,0.9,336.0,82.3
2018-02-01 12:00:00,,994.8,0.3,320.2,87.7
2018-02-01 15:00:00,-5.1,994.1,2.2,219.2,90.4
2018-02-01 18:00:00,,993.9,0.2,270.0,81.9
2018-02-01 21:00:00,,994.1,0.7,2.8,88.4
2018-02-02 00:00:00,,993.5,1.0,4.1,76.7
2018-02-02 03:00:00,-2.5,992.8,4.1,143.9,66.6
2018-02-02 06:00:00,-3.6,992.7,4.4,143.7,68.8
2018-02-02 09:00:00,-4.1,992.5,4.2,138.8,65.9
2018-02-02 12:00:00,-4.8,992.2,3.5,146.8,68.3
2018-02-02 15:00:00,,991.9,0.3,250.6,76.4
2018-02-02 18:00:00,,992.3,0.5,281.1,82.9
2018-02-02 21:00:00,,992.2,0.8,230.2,78.2
2018-02-03 00:00:00,,992.3,0.8,250.1,60.4
2018-02-03 03:00:00,-3.6,992.0,5.6,144.1,64.1
2018-02-03 06:00:00,-3.7,992.3,,54.6,58.8
2018-02-03 09:00:00,,992.9,1.1,226.0,75.4
2018-02-03 12:00:00,-7.2,992.5,2.6,255.5,58.6
2018-02-03 15:00:00,,992.5,1.4,61.6,60.1
2018-02-03 18:00:00,,992.3,1.7,9.4,55.6
2018-02-03 21:00:00,-4.0,992.4,2.3,233.8,51.6
2018-02-04 00:00:00,-2.9,991.7,3.9,59.4,51.4
2018-02-04 03:00:00,,991.1,1.1,282.7,58.0
2018-02-04 06:00:00,,991.0,1.5,311.6,56.6
2018-02-04 09:00:00,,990.4,1.3,250.2,64.1
2018-02-04 12:00:00,,989.2,1.3,278.1,59.6
2018-02-04 15:00:00,,988.3,0.6,216.8,61.3
2018-02-04 18:00:00,,987.2,1.2,158.2,36.0
2018-02-04 21:00:00,-5.1,986.7,,239.1,51.6
2018-02-05 00:00:00,-5.5,986.0,,233.8,67.6
2018-02-05 03:00:00,-6.6,985.2,10.6,242.7,86.4
2018-02-05 06:00:00,-7.1,985.5,10.9,238.2,93.9
2018-02-05 09:00:00,-7.2,985.4,11.4,239.3,93.8
2018-02-05 12:00:00,-6.2,985.4,7.6,205.7,69.3
2018-02-05 15:00:00,-6.0,984.9,9.4,206.2,64.4
2018-02-05 18:00:00,-4.8,984.1,9.9,209.6,46.5
2018-02-05 21:00:00,-5.5,984.0,,229.0,69.2
2018-02-06 00:00:00,-5.3,984.0,14.7,225.2,81.1
2018-02-06 03:00:00,-5.6,984.3,13.0,232.9,92.7
2018-02-06 06:00:00,-4.3,985.0,12.1,215.4,88.2
2018-02-06 09:00:00,-3.6,985.7,9.3,221.9,73.9
2018-02-06 12:00:00,-4.6,986.1,,220.5,56.3
2018-02-06 15:00:00,-3.4,985.4,7.7,200.5,41.5
2018-02-06 18:00:00,-3.4,985.4,,205.1,43.9
2018-02-06 21:00:00,-4.7,985.5,6.2,239.1,55.1
2018-02-07 00:00:00,-2.9,986.0,,3.2,46.2
2018-02-07 03:00:00,-3.0,985.3,,328.3,59.2
2018-02-07 06:00:00,,984.0,0.3,254.5,57.9
2018-02-07 09:00:00,,983.0,0.4,236.2,65.5
2018-02-07 12:00:00,,981.9,0.5,255.0,87.8
2018-02-07 15:00:00,-5.8,980.9,2.2,238.4,82.1
2018-02-07 18:00:00,,980.3,1.6,222.9,85.3
2018-02-07 21:00:00,,980.3,0.4,279.3,88.7
2018-02-08 00:00:00,,980.8,1.6,248.8,91.9
2018-02-08 03:00:00,,980.5,0.7,103.5,80.8
2018-02-08 06:00:00,,980.4,0.0,70.5,74.7
2018-02-08 09:00:00,,980.1,1.2,331.3,88.3
2018-02-08 12:00:00,,980.0,0.0,4.0,88.4
2018-02-08 15:00:00,-8.6,979.5,,,91.6
2018-02-08 18:00:00,,978.6,0.0,245.9,85.8
2018-02-08 21:00:00,-6.8,977.4,2.0,239.3,82.5
2018-02-09 00:00:00,,976.0,1.7,244.2,79.2
2018-02-09 03:00:00,,973.9,1.8,228.4,73.4
2018-02-09 06:00:00,,972.7,0.2,42.6,76.5
2018-02-09 09:00:00,,972.3,0.7,248.1,80.1
2018-02-09 12:00:00,,972.7,0.5,215.8,91.6
2018-02-09 15:00:00,-9.2,972.9,2.1,218.4,70.8
2018-02-09 18:00:00,,973.9,1.5,218.2,73.3
2018-02-09 21:00:00,,974.5,1.5,235.0,69.1
2018-02-10 00:00:00,,975.7,1.1,248.2,63.3
2018-02-10 03:00:00,,975.6,1.1,246.3,77.0
2018-02-10 06:00:00,,976.7,0.5,246.6,67.8
2018-02-10 09:00:00,,978.0,0.8,248.0,71.7
2018-02-10 12:00:00,,979.2,0.1,232.3,78.2
2018-02-10 15:00:00,,979.9,0.3,240.4,88.7
2018-02-10 18:00:00,,981.0,0.4,334.1,76.9
2018-02-10 21:00:00,,981.7,0.8,225.7,81.8
2018-02-11 00:00:00,,981.8,0.7,247.8,76.8
2018-02-11 03:00:00,,982.3,0.8,227.3,64.8
2018-02-11 06:00:00,-3.6,983.9,,243.6,68.3
2018-02-11 09:00:00,-4.1,987.0,,221.3,62.1
2018-02-11 12:00:00,-4.9,989.8,,221.8,70.5
2018-02-11 15:00:00,-4.5,991.8,,22.2,67.2
2018-02-11 18:00:00,,994.0,1.2,162.4,66.3
2018-02-11 21:00:00,,996.1,0.4,271.6,72.2
2018-02-12 00:00:00,-2.7,997.0,,266.1,56.9
2018-02-12 03:00:00,,998.1,1.7,310.8,65.7
2018-02-12 06:00:00,,998.1,1.0,246.8,68.4
2018-02-12 09:00:00,-5.4,997.1,2.0,280.0,76.7
2018-02-12 12:00:00,,994.9,1.9,232.1,66.8
2018-02-12 15:00:00,,991.8,0.4,230.3,77.8
2018-02-12 18:00:00,,989.0,1.2,245.4,88.2
2018-02-12 21:00:00,,987.6,0.1,312.5,70.8
2018-02-13 00:00:00,,986.0,1.2,244.8,75.7
2018-02-13 03:00:00,,983.6,1.7,20.1,74.4
2018-02-13 06:00:00,-3.9,982.0,2.2,244.0,85.6
2018-02-13 09:00:00,,980.7,0.8,238.4,74.0
2018-02-13 12:00:00,,981.6,0.3,227.9,80.6
2018-02-13 15:00:00,,981.8,0.2,179.9,83.6
2018-02-13 18:00:00,,982.7,0.3,234.1,84.8
2018-02-13 21:00:00,-6.1,984.1,3.3,229.7,78.3
2018-02-14 00:00:00,,985.1,1.0,356.3,79.1
2018-02-14 03:00:00,,985.3,1.0,239.2,73.4
2018-02-14 06:00:00,,986.5,1.2,18.4,79.3
2018-02-14 09:00:00,,989.3,0.5,280.3,74.2
2018-02-14 12:00:00,,991.9,0.4,73.9,87.1
2018-02-14 15:00:00,,993.6,0.5,201.0,86.4
2018-02-14 18:00:00,,992.4,1.2,229.6,90.3
2018-02-14 21:00:00,,989.0,1.6,220.3,82.0
2018-02-15 00:00:00,-3.4,983.3,3.3,267.3,82.7
2018-02-15 03:00:00,-2.7,978.5,3.7,248.3,84.8
2018-02-15 06:00:00,,977.4,1.9,240.5,84.0
2018-02-15 09:00:00,-0.1,982.1,4.0,229.3,77.8
2018-02-15 12:00:00,,983.5,1.4,222.4,92.8
2018-02-15 15:00:00,-1.8,984.2,,153.3,56.7
2018-02-15 18:00:00,-3.5,985.8,,139.5,60.2
2018-02-15 21:00:00,-4.0,987.1,,259.0,73.6
2018-02-16 00:00:00,-3.8,987.3,,199.9,70.2
2018-02-16 03:00:00,,986.9,1.1,92.0,56.2
2018-02-16 06:00:00,,986.6,1.4,314.9,72.6
2018-02-16 09:00:00,,986.1,1.0,334.3,76.0
2018-02-16 12:00:00,,984.9,1.8,227.2,76.3
2018-02-16 15:00:00,,984.2,1.5,271.8,82.2
2018-02-16 18:00:00,,983.8,0.8,239.8,78.3
2018-02-16 21:00:00,,983.8,1.8,237.6,91.7
2018-02-17 00:00:00,-2.3,984.0,3.0,128.4,73.8
2018-02-17 03:00:00,-3.0,984.6,5.0,120.4,77.8
2018-02-17 06:00:00,,985.8,0.2,295.3,89.0
2018-02-17 09:00:00,-5.0,987.0,2.4,221.6,75.2
2018-02-17 12:00:00,-5.2,988.1,2.1,30.9,73.2
2018-02-17 15:00:00,,989.7,1.4,86.4,68.9
2018-02-17 18:00:00,-5.7,991.4,3.0,140.3,63.8
2018-02-17 21:00:00,-5.3,993.0,4.0,201.6,61.8
2018-02-18 00:00:00,-5.8,995.0,,235.2,71.8
2018-02-18 03:00:00,-5.5,996.1,8.8,238.7,66.0
2018-02-18 06:00:00,-5.3,997.2,,237.3,55.6
2018-02-18 09:00:00,-6.5,997.9,,258.7,65.3
2018-02-18 12:00:00,,997.9,0.8,251.6,73.0
2018-02-18 15:00:00,,997.1,0.7,255.4,82.5
2018-02-18 18:00:00,,996.4,0.1,240.9,78.2
2018-02-18 21:00:00,,996.0,0.6,257.7,83.0
2018-02-19 00:00:00,,995.6,0.6,348.4,88.2
2018-02-19 03:00:00,,995.3,0.4,5.0,89.7
2018-02-19 06:00:00,,995.4,0.7,339.9,84.5
2018-02-19 09:00:00,-7.2,995.5,,,84.9
2018-02-19 12:00:00,-7.9,995.6,3.5,114.7,71.5
2018-02-19 15:00:00,-9.4,995.9,3.4,242.6,72.0
2018-02-19 18:00:00,,995.9,0.1,304.3,73.3
2018-02-19 21:00:00,,994.7,1.8,147.0,64.9
2018-02-20 00:00:00,,993.2,0.4,235.3,55.2
2018-02-20 03:00:00,,991.3,0.9,335.4,72.2
2018-02-20 06:00:00,,990.4,1.1,225.7,73.3
2018-02-20 09:00:00,,990.2,0.9,245.4,77.3
2018-02-20 12:00:00,-8.0,989.8,5.6,239.1,71.0
2018-02-20 15:00:00,-7.9,990.1,,231.4,72.1
2018-02-20 18:00:00,-5.6,989.8,,216.9,52.6
2018-02-20 21:00:00,-5.1,989.8,,202.1,40.4
2018-02-21 00:00:00,-4.4,989.4,,208.0,40.1
2018-02-21 03:00:00,-5.0,987.7,7.1,237.4,51.5
2018-02-21 06:00:00,-6.9,987.1,6.9,228.2,68.3
2018-02-21 09:00:00,-7.6,987.1,6.2,238.8,63.5
2018-02-21 12:00:00,-8.5,986.8,,225.4,61.7
2018-02-21 15:00:00,-10.0,986.6,,243.6,67.9
2018-02-21 18:00:00,-10.7,985.8,,249.0,67.5
2018-02-21 21:00:00,-8.4,985.5,7.7,237.0,47.3
2018-02-22 00:00:00,-8.6,985.4,7.7,244.7,53.2
2018-02-22 03:00:00,-8.3,985.2,8.5,247.4,57.5
2018-02-22 06:00:00,-8.1,984.3,8.0,237.7,49.8
2018-02-22 09:00:00,-7.0,984.2,10.8,225.8,44.7
2018-02-22 12:00:00,-7.1,983.1,10.8,229.1,51.7
2018-02-22 15:00:00,-7.4,982.5,,149.6,47.6
2018-02-22 18:00:00,-5.9,982.9,,205.8,45.7
2018-02-22 21:00:00,-4.6,982.7,,208.9,48.9
2018-02-23 00:00:00,-3.8,982.7,,213.9,39.4
2018-02-23 03:00:00,-4.3,983.3,17.6,197.8,53.1
2018-02-23 06:00:00,-4.1,983.7,19.4,207.0,55.2
2018-02-23 09:00:00,-4.3,984.4,18.4,210.7,64.2
2018-02-23 12:00:00,-4.6,985.5,19.4,213.9,64.2
2018-02-23 15:00:00,-4.8,986.8,16.1,217.1,68.0
2018-02-23 18:00:00,-3.6,988.1,17.2,203.8,49.7
2018-02-23 21:00:00,-2.9,988.2,15.5,207.8,43.5
2018-02-24 00:00:00,-1.0,988.0,,204.5,35.0
2018-02-24 03:00:00,-1.9,987.5,,199.6,52.4
2018-02-24 06:00:00,-4.0,988.2,5.9,223.2,65.2
2018-02-24 09:00:00,-5.1,988.2,2.2,286.2,64.7
2018-02-24 12:00:00,-6.4,987.4,,311.0,77.4
2018-02-24 15:00:00,,986.7,0.9,180.2,77.0
2018-02-24 18:00:00,,986.0,0.6,168.6,69.3
2018-02-24 21:00:00,,985.5,0.1,323.1,77.3
2018-02-25 00:00:00,,984.7,1.8,241.6,83.7
2018-02-25 03:00:00,,983.5,1.8,257.3,72.4
2018-02-25 06:00:00,,982.8,0.7,358.2,73.4
2018-02-25 09:00:00,,982.0,0.1,242.5,80.9
2018-02-25 12:00:00,,981.4,1.3,257.2,88.6
2018-02-25 15:00:00,,980.7,0.1,235.0,89.3
2018-02-25 18:00:00,,980.7,0.8,222.7,92.0
2018-02-25 21:00:00,,980.6,1.4,253.9,86.8
2018-02-26 00:00:00,,980.7,1.0,254.6,74.4
2018-02-26 03:00:00,,980.9,0.1,197.2,82.4
2018-02-26 06:00:00,,981.5,0.1,27.2,87.4
2018-02-26 09:00:00,,982.2,0.0,229.9,90.7
2018-02-26 12:00:00,,982.6,0.4,225.3,92.5
2018-02-26 15:00:00,,983.1,0.0,237.0,92.6
2018-02-26 18:00:00,-9.0,983.4,,,91.7
2018-02-26 21:00:00,,983.7,0.0,226.6,78.5
2018-02-27 00:00:00,,983.9,0.4,215.6,81.8
2018-02-27 03:00:00,,983.3,0.1,225.4,80.3
2018-02-27 06:00:00,,982.5,1.0,238.9,88.8
2018-02-27 09:00:00,,981.5,1.9,240.4,91.2
2018-02-27 12:00:00,-10.3,980.3,2.8,236.0,92.2
2018-02-27 15:00:00,,979.9,0.0,230.9,93.5
2018-02-27 18:00:00,,979.2,0.7,223.0,93.4
2018-02-27 21:00:00,,979.2,0.9,216.7,87.8
2018-02-28 00:00:00,,978.9,1.1,253.9,80.8
2018-02-28 03:00:00,,979.5,1.0,284.9,85.8
2018-02-28 06:00:00,-7.5,980.3,3.9,266.7,77.4
2018-02-28 09:00:00,,981.0,0.7,217.9,85.0
2018-02-28 12:00:00,-9.3,981.2,3.9,157.0,79.1
2018-02-28 15:00:00,,981.4,0.1,236.8,87.2
2018-02-28 18:00:00,,980.6,0.6,224.8,82.8
2018-02-28 21:00:00,-9.0,980.3,2.3,216.2,71.9
2018-03-01 00:00:00,-7.0,980.1,2.3,129.2,59.3
2018-03-01 03:00:00,-6.7,980.6,0.8,275.5,63.3
2018-03-01 06:00:00,-7.6,981.1,,246.4,64.1
2018-03-01 09:00:00,-7.7,981.9,,248.8,62.3
2018-03-01 12:00:00,-8.6,983.1,2.9,234.3,62.7
2018-03-01 15:00:00,-7.9,984.3,1.5,217.5,59.1
2018-03-01 18:00:00,-9.8,984.9,1.8,232.0,59.7
2018-03-01 21:00:00,,985.2,,,52.6
2018-03-02 00:00:00,,985.9,1.6,60.7,62.6
2018-03-02 03:00:00,,986.3,,,53.7
2018-03-02 06:00:00,,986.7,,,62.8
2018-03-02 09:00:00,-13.2,986.9,0.2,208.3,78.2
2018-03-02 12:00:00,-12.4,986.9,0.4,237.8,84.3
2018-03-02 15:00:00,-9.3,986.5,1.2,230.1,74.4
2018-03-02 18:00:00,-10.2,986.2,0.5,217.9,79.6
2018-03-02 21:00:00,-9.0,986.0,1.7,220.8,79.7
2018-03-03 00:00:00,,986.6,0.5,236.2,63.9
2018-03-03 03:00:00,,987.6,0.6,238.3,83.7
2018-03-03 06:00:00,-8.2,988.6,0.0,2.0,84.9
2018-03-03 09:00:00,-9.6,989.9,1.4,227.4,90.6
2018-03-03 12:00:00,-10.4,990.7,1.2,241.8,83.5
2018-03-03 15:00:00,-9.8,990.9,0.5,56.8,78.6
2018-03-03 18:00:00,,991.4,0.7,208.2,88.3
2018-03-03 21:00:00,-13.6,991.1,1.6,219.0,78.9
2018-03-04 00:00:00,-10.4,990.9,1.4,246.5,80.3
2018-03-04 03:00:00,,990.2,0.1,322.3,71.6
2018-03-04 06:00:00,-9.1,990.2,,,79.8
2018-03-04 09:00:00,-9.8,990.3,0.5,219.3,90.1
2018-03-04 12:00:00,-10.4,990.1,,,91.3
2018-03-04 15:00:00,-10.8,989.5,0.6,222.2,91.6
2018-03-04 18:00:00,-10.5,988.9,3.8,234.2,90.8
2018-03-04 21:00:00,-9.7,988.4,,241.1,86.7
2018-03-05 00:00:00,-9.1,986.9,8.4,238.3,83.0
2018-03-05 03:00:00,-9.2,985.6,,239.0,89.8
2018-03-05 06:00:00,-9.0,984.5,13.0,235.0,81.8
2018-03-05 09:00:00,-10.6,984.2,15.7,231.4,86.5
2018-03-05 12:00:00,-11.0,984.3,16.9,224.7,88.1
2018-03-05 15:00:00,-7.2,983.8,12.8,220.1,71.7
2018-03-05 18:00:00,-9.4,984.4,15.3,232.0,77.3
2018-03-05 21:00:00,-6.4,985.0,14.6,212.2,63.3
2018-03-06 00:00:00,-7.7,986.0,14.9,232.3,69.7
2018-03-06 03:00:00,-8.1,987.4,14.4,235.0,67.4
2018-03-06 06:00:00,-6.8,987.9,14.8,230.0,53.3
2018-03-06 09:00:00,-9.1,989.5,10.8,238.5,66.5
2018-03-06 12:00:00,-9.8,988.7,,245.1,65.7
2018-03-06 15:00:00,-10.5,988.4,,228.2,68.0
2018-03-06 18:00:00,-10.8,988.2,1.9,214.2,69.8
2018-03-06 21:00:00,-10.3,987.4,0.8,209.9,69.6
2018-03-07 00:00:00,-9.8,986.4,2.1,229.6,75.7
2018-03-07 03:00:00,-10.0,985.1,3.5,113.1,74.0
2018-03-07 06:00:00,-10.7,984.6,4.9,140.0,74.1
2018-03-07 09:00:00,-10.7,983.4,2.5,108.7,71.5
2018-03-07 12:00:00,-11.6,982.4,4.2,139.2,68.8
2018-03-07 15:00:00,-12.2,980.8,5.7,139.2,72.6
2018-03-07 18:00:00,-11.7,979.4,1.8,290.1,76.9
2018-03-07 21:00:00,-11.7,977.7,,239.9,78.7
2018-03-08 00:00:00,-11.0,975.3,1.3,248.0,79.6
2018-03-08 03:00:00,-10.2,973.0,0.6,241.8,77.3
2018-03-08 06:00:00,-10.3,972.2,1.4,260.6,81.7
2018-03-08 09:00:00,-10.5,971.7,2.5,251.8,70.7
2018-03-08 12:00:00,-11.8,970.8,4.9,242.1,73.9
2018-03-08 15:00:00,-12.1,970.0,4.8,234.9,73.7
2018-03-08 18:00:00,-12.3,969.2,2.9,218.7,72.7
2018-03-08 21:00:00,-13.6,968.7,,237.4,72.2
2018-03-09 00:00:00,-13.5,969.1,,233.3,70.4
2018-03-09 03:00:00,-13.3,970.1,8.4,244.3,59.7
2018-03-09 06:00:00,-13.8,971.3,7.3,228.8,65.4
2018-03-09 09:00:00,-13.3,971.8,4.2,233.7,65.4
2018-03-09 12:00:00,-13.2,972.0,,219.6,54.5
2018-03-09 15:00:00,-14.0,971.7,0.9,189.4,60.7
2018-03-09 18:00:00,-14.9,971.9,1.0,165.8,71.5
2018-03-09 21:00:00,-14.2,972.6,1.5,235.8,69.6
2018-03-10 00:00:00,,972.7,0.3,244.1,47.4
2018-03-10 03:00:00,,973.0,,217.9,54.0
2018-03-10 06:00:00,-5.2,975.3,,215.4,63.3
2018-03-10 09:00:00,-7.2,979.6,,220.2,80.0
2018-03-10 12:00:00,-6.7,983.8,,216.5,65.1
2018-03-10 15:00:00,-6.4,986.3,,222.9,40.6
2018-03-10 18:00:00,-8.1,988.4,,132.8,57.7
2018-03-10 21:00:00,-7.2,990.4,,143.2,59.0
2018-03-11 00:00:00,-6.6,991.8,3.9,188.9,48.9
2018-03-11 03:00:00,-7.2,992.3,2.8,248.0,66.0
2018-03-11 06:00:00,-8.0,992.5,2.4,229.8,78.8
2018-03-11 09:00:00,-7.8,992.7,4.6,229.8,73.7
2018-03-11 12:00:00,-8.7,992.7,0.7,236.8,81.5
2018-03-11 15:00:00,-8.7,992.1,1.3,229.5,78.8
2018-03-11 18:00:00,-8.5,991.8,2.2,166.8,69.0
2018-03-11 21:00:00,-8.6,991.7,1.8,242.0,70.1
2018-03-12 00:00:00,-8.7,991.5,3.5,242.6,68.4
2018-03-12 03:00:00,-8.4,991.1,2.4,217.0,66.7
2018-03-12 06:00:00,-9.6,991.7,5.2,145.3,67.4
2018-03-12 09:00:00,-12.1,992.9,5.0,258.3,63.8
2018-03-12 12:00:00,-12.1,992.8,5.5,240.0,63.8
2018-03-12 15:00:00,-12.4,992.4,6.6,260.7,60.2
2018-03-12 18:00:00,-12.6,991.9,6.9,254.9,61.6
2018-03-12 21:00:00,-10.6,992.7,6.5,245.8,49.5
2018-03-13 00:00:00,,992.8,9.1,209.2,33.4
2018-03-13 03:00:00,-7.9,992.2,5.9,234.1,49.9
2018-03-13 06:00:00,-5.2,991.7,8.8,216.8,40.6
2018-03-13 09:00:00,-5.8,991.5,6.7,212.4,44.5
2018-03-13 12:00:00,-7.9,990.6,6.9,240.1,49.8
2018-03-13 15:00:00,-5.9,989.3,6.3,224.8,48.3
2018-03-13 18:00:00,-7.5,989.8,6.5,213.6,59.8
2018-03-13 21:00:00,-8.2,989.8,7.2,204.4,59.3
2018-03-14 00:00:00,-8.2,989.0,6.6,206.7,55.9
2018-03-14 03:00:00,-7.6,988.5,8.6,208.4,46.5
2018-03-14 06:00:00,-8.6,988.5,9.4,206.0,49.5
2018-03-14 09:00:00,-8.9,986.9,9.9,218.0,45.5
2018-03-14 12:00:00,-8.9,986.1,11.7,209.4,54.4
2018-03-14 15:00:00,-9.5,985.3,14.3,209.6,60.0
2018-03-14 18:00:00,-9.4,985.7,15.1,215.0,65.3
2018-03-14 21:00:00,-9.0,985.3,12.9,213.4,62.3
2018-03-15 00:00:00,-8.1,984.8,13.8,213.5,55.8
2018-03-15 03:00:00,-8.0,984.1,11.1,206.2,51.3
2018-03-15 06:00:00,-7.0,983.0,,212.5,37.7
2018-03-15 09:00:00,-10.7,982.8,,188.5,40.7
2018-03-15 12:00:00,,982.0,2.5,240.2,56.4
2018-03-15 15:00:00,-12.6,980.9,0.8,100.9,59.6
2018-03-15 18:00:00,-15.8,979.0,0.7,235.2,73.6
2018-03-15 21:00:00,-13.8,976.7,0.3,239.0,73.0
2018-03-16 00:00:00,-12.4,974.9,1.1,239.7,60.6
2018-03-16 03:00:00,-10.3,973.4,1.4,226.3,58.9
2018-03-16 06:00:00,-10.2,972.3,0.1,240.3,61.2
2018-03-16 09:00:00,-11.1,971.5,2.3,244.6,67.7
2018-03-16 12:00:00,-11.9,970.9,,232.3,69.0
2018-03-16 15:00:00,-12.6,971.0,,237.6,69.7
2018-03-16 18:00:00,-13.1,971.9,9.4,250.4,72.3
2018-03-16 21:00:00,-12.6,973.1,6.2,237.4,66.7
2018-03-17 00:00:00,-12.2,974.3,,253.6,63.7
2018-03-17 03:00:00,-11.3,975.5,,35.8,76.7
2018-03-17 06:00:00,-11.8,976.0,3.0,339.0,78.0
2018-03-17 09:00:00,-12.8,974.9,1.7,203.1,72.9
2018-03-17 12:00:00,-14.7,972.2,3.2,245.1,82.6
2018-03-17 15:00:00,-15.4,970.2,0.9,149.5,77.3
2018-03-17 18:00:00,-16.7,969.8,0.6,216.5,81.1
2018-03-17 21:00:00,-17.9,970.5,1.8,244.0,80.4
2018-03-18 00:00:00,-14.7,972.8,1.7,230.8,79.8
2018-03-18 03:00:00,-13.1,977.5,2.3,227.1,78.6
2018-03-18 06:00:00,-13.2,983.2,2.2,274.7,82.0
2018-03-18 09:00:00,-15.2,986.4,0.3,223.2,81.1
2018-03-18 12:00:00,-14.3,988.8,2.6,228.7,74.4
2018-03-18 15:00:00,-14.4,990.3,1.5,224.5,68.5
2018-03-18 18:00:00,-14.2,993.3,0.7,232.7,73.1
2018-03-18 21:00:00,-11.8,995.5,0.1,254.4,75.6
2018-03-19 00:00:00,-9.8,996.1,2.2,229.1,79.4
2018-03-19 03:00:00,-7.8,993.4,1.6,240.8,76.1
2018-03-19 06:00:00,-6.7,990.3,2.6,222.0,79.2
2018-03-19 09:00:00,-5.2,990.9,,243.9,72.6
2018-03-19 12:00:00,-5.9,993.4,,221.4,70.9
2018-03-19 15:00:00,-5.6,995.1,,14.7,76.3
2018-03-19 18:00:00,-5.9,996.2,4.5,227.4,76.4
2018-03-19 21:00:00,-5.7,996.8,2.6,48.0,83.6
2018-03-20 00:00:00,-5.5,997.1,6.4,142.3,78.7
2018-03-20 03:00:00,-6.4,994.4,,253.2,90.1
2018-03-20 06:00:00,-7.0,991.3,,213.0,93.4
2018-03-20 09:00:00,-9.4,988.3,0.4,55.4,81.1
2018-03-20 12:00:00,-7.8,987.0,2.3,8.3,70.2
2018-03-20 15:00:00,-9.8,987.1,,231.0,76.0
2018-03-20 18:00:00,-9.7,987.2,,65.5,78.3
2018-03-20 21:00:00,-9.5,987.5,,233.8,66.8
2018-03-21 00:00:00,-10.3,988.0,6.1,245.1,71.5
2018-03-21 03:00:00,-9.2,987.8,3.7,130.9,69.1
2018-03-21 06:00:00,-10.9,987.2,2.4,157.4,78.7
2018-03-21 09:00:00,-11.4,986.7,0.5,214.1,82.1
2018-03-21 12:00:00,-12.8,985.2,0.3,267.5,82.2
2018-03-21 15:00:00,-12.5,984.5,0.0,248.2,84.5
2018-03-21 18:00:00,-13.1,983.7,1.8,242.9,84.8
2018-03-21 21:00:00,-12.2,983.2,0.5,354.3,83.7
2018-03-22 00:00:00,-11.0,983.4,0.2,179.1,80.5
2018-03-22 03:00:00,-11.9,983.4,2.1,245.9,84.6
2018-03-22 06:00:00,-11.7,983.2,0.5,254.1,81.9
2018-03-22 09:00:00,-11.7,983.2,0.0,240.3,84.9
2018-03-22 12:00:00,-11.9,983.3,0.4,65.7,84.4
2018-03-22 15:00:00,-12.7,983.5,2.4,227.3,82.9
2018-03-22 18:00:00,-13.1,983.5,2.5,237.7,72.1
2018-03-22 21:00:00,-13.3,984.1,1.5,237.8,68.4
2018-03-23 00:00:00,-13.8,984.0,1.5,217.4,66.0
2018-03-23 03:00:00,-14.6,983.9,5.0,255.4,67.5
2018-03-23 06:00:00,-14.3,984.1,1.6,225.0,73.2
2018-03-23 09:00:00,-15.0,985.5,2.5,211.4,81.7
2018-03-23 12:00:00,-15.8,987.7,1.8,216.8,82.5
2018-03-23 15:00:00,-18.9,989.3,1.6,212.0,84.7
2018-03-23 18:00:00,-17.9,990.6,1.8,211.8,79.8
2018-03-23 21:00:00,-19.1,991.5,0.5,216.1,73.8
2018-03-24 00:00:00,-17.6,991.0,2.5,258.3,74.5
2018-03-24 03:00:00,-16.1,989.6,1.3,242.1,69.7
2018-03-24 06:00:00,-15.4,988.2,1.4,235.1,74.9
2018-03-24 09:00:00,-15.5,987.1,0.7,228.0,68.5
2018-03-24 12:00:00,,985.8,,248.8,46.8
2018-03-24 15:00:00,,986.2,,211.5,55.5
2018-03-24 18:00:00,-6.6,988.0,10.4,213.6,49.3
2018-03-24 21:00:00,-5.7,986.9,,207.2,63.2
2018-03-25 00:00:00,-6.5,988.5,,217.8,44.8
2018-03-25 03:00:00,-7.1,987.6,,239.4,51.2
2018-03-25 06:00:00,-6.6,989.1,6.4,227.9,41.6
2018-03-25 09:00:00,-4.6,990.3,9.2,199.1,43.9
2018-03-25 12:00:00,-8.5,991.5,,210.0,54.7
2018-03-25 15:00:00,-7.7,992.0,,248.5,42.5
2018-03-25 18:00:00,-10.3,992.4,,260.1,57.5
2018-03-25 21:00:00,-9.4,992.2,2.3,163.0,39.2
2018-03-26 00:00:00,-10.8,991.7,1.6,224.4,66.9
2018-03-26 03:00:00,-7.9,990.0,2.8,226.3,55.2
2018-03-26 06:00:00,,990.0,0.9,2.8,59.3
2018-03-26 09:00:00,-14.7,991.3,0.9,254.6,75.5
2018-03-26 12:00:00,-17.1,993.5,0.1,275.7,78.7
2018-03-26 15:00:00,-15.5,995.6,1.0,154.4,72.3
2018-03-26 18:00:00,-16.8,997.2,0.0,229.4,78.4
2018-03-26 21:00:00,-16.3,998.4,1.7,258.3,78.4
2018-03-27 00:00:00,,999.7,0.2,251.7,66.6
2018-03-27 03:00:00,,1000.7,,,57.0
2018-03-27 06:00:00,,1001.7,0.1,244.7,80.5
2018-03-27 09:00:00,-16.5,1002.0,0.6,244.7,79.3
2018-03-27 12:00:00,,,,,
2018-03-27 15:00:00,,,,,
2018-03-27 18:00:00,,,,,
2018-03-27 21:00:00,,,,,
2018-03-28 00:00:00,,,,,
2018-03-28 03:00:00,,,,,
2018-03-28 06:00:00,-18.3,1006.2,1.9,238.6,83.8
2018-03-28 09:00:00,-18.3,1006.5,1.0,213.9,80.6
2018-03-28 12:00:00,-19.7,1006.6,1.5,223.3,81.2
2018-03-28 15:00:00,-18.1,1006.1,0.4,269.9,84.8
2018-03-28 18:00:00,-15.2,1007.1,0.8,231.6,86.2
2018-03-28 21:00:00,-13.9,1006.8,1.9,225.2,84.3
2018-03-29 00:00:00,-12.4,1006.3,0.0,200.7,77.5
2018-03-29 03:00:00,-11.1,1006.2,1.0,33.1,81.6
2018-03-29 06:00:00,-11.9,1007.2,1.6,197.3,81.8
2018-03-29 09:00:00,-12.4,1007.5,0.1,192.5,78.5
2018-03-29 12:00:00,-13.8,1008.4,0.3,282.8,70.0
2018-03-29 15:00:00,-14.7,1008.6,3.0,156.2,69.5
2018-03-29 18:00:00,-16.8,1008.3,1.1,191.7,72.7
2018-03-29 21:00:00,-16.9,1007.4,1.9,230.4,71.4
2018-03-30 00:00:00,-18.1,1006.8,2.7,231.3,77.5
2018-03-30 03:00:00,-16.3,1005.7,2.2,243.7,72.5
2018-03-30 06:00:00,-18.4,1004.7,,,74.5
2018-03-30 09:00:00,-19.2,1004.2,0.1,219.9,76.0
2018-03-30 12:00:00,-19.4,1003.5,0.8,222.5,73.8
2018-03-30 15:00:00,-18.3,1002.5,2.7,208.9,60.2
2018-03-30 18:00:00,-20.0,1001.7,1.5,216.8,66.7
2018-03-30 21:00:00,-17.4,1001.7,0.2,231.4,55.4
2018-03-31 00:00:00,,1002.2,1.1,254.4,47.3
2018-03-31 03:00:00,-13.5,1002.5,1.0,241.1,58.3
2018-03-31 06:00:00,,1002.9,0.3,56.2,66.9
2018-03-31 09:00:00,-17.2,1004.2,0.0,177.1,78.7
2018-03-31 12:00:00,-15.6,1005.5,0.4,160.2,69.0
2018-03-31 15:00:00,-18.1,1006.1,0.0,199.9,73.7
2018-03-31 18:00:00,-19.9,1006.2,0.5,223.3,73.1
2018-03-31 21:00:00,-19.8,1006.5,0.1,316.3,72.7
2018-04-01 00:00:00,,1006.3,1.1,246.3,66.8
2018-04-01 03:00:00,-16.7,1006.0,1.6,232.9,72.0
2018-04-01 06:00:00,-17.3,1005.2,1.4,219.2,73.6
2018-04-01 09:00:00,-20.9,1005.1,0.3,253.6,75.5
2018-04-01 12:00:00,-17.9,1004.4,1.9,251.0,68.0
2018-04-01 15:00:00,-20.9,1004.1,0.7,238.0,58.4
2018-04-01 18:00:00,,1003.6,,,73.3
2018-04-01 21:00:00,,1004.0,0.0,147.2,55.7
2018-04-02 00:00:00,,1004.0,0.1,254.1,63.5
2018-04-02 03:00:00,,1004.3,1.0,232.8,68.5
2018-04-02 06:00:00,-17.7,1004.1,0.4,205.8,78.0
2018-04-02 09:00:00,,1004.7,1.0,118.0,76.9
2018-04-02 12:00:00,-15.9,1005.1,0.7,45.1,74.0
2018-04-02 15:00:00,-14.7,1005.8,2.7,65.5,64.5
2018-04-02 18:00:00,-15.4,1006.6,0.3,235.4,67.0
2018-04-02 21:00:00,-14.7,1006.9,0.4,52.0,59.9
2018-04-03 00:00:00,-15.8,1006.5,0.2,21.7,65.2
2018-04-03 03:00:00,-14.3,1004.8,0.6,293.2,58.0
2018-04-03 06:00:00,-15.0,1003.6,0.2,218.2,55.4
2018-04-03 09:00:00,-16.7,1002.6,3.1,61.8,75.2
2018-04-03 12:00:00,-15.3,1000.6,3.8,54.6,58.2
2018-04-03 15:00:00,-15.3,998.9,1.5,96.1,50.3
2018-04-03 18:00:00,-17.2,997.7,1.6,55.0,76.9
2018-04-03 21:00:00,-16.2,996.6,1.3,35.7,58.5
2018-04-04 00:00:00,,995.6,2.3,7.2,58.3
2018-04-04 03:00:00,-13.4,994.5,2.7,127.8,51.0
2018-04-04 06:00:00,-16.1,995.0,0.8,157.9,66.0
2018-04-04 09:00:00,-16.0,994.6,0.9,194.2,61.3
2018-04-04 12:00:00,-15.5,994.7,1.1,148.3,50.5
2018-04-04 15:00:00,-16.2,996.0,2.1,100.5,55.6
2018-04-04 18:00:00,-16.9,996.8,3.8,232.4,55.9
2018-04-04 21:00:00,-16.0,995.9,2.0,66.7,60.0
2018-04-05 00:00:00,-14.7,995.8,3.4,220.3,50.7
2018-04-05 03:00:00,-15.7,996.5,,230.9,57.2
2018-04-05 06:00:00,-16.1,996.8,7.2,222.9,57.3
2018-04-05 09:00:00,-15.7,997.3,5.7,207.9,57.3
2018-04-05 12:00:00,-15.2,996.9,8.9,232.9,49.6
2018-04-05 15:00:00,-15.7,997.0,6.5,232.3,51.9
2018-04-05 18:00:00,-15.9,996.8,8.5,235.3,50.3
2018-04-05 21:00:00,-15.3,997.3,7.9,224.3,46.6
2018-04-06 00:00:00,-15.2,996.4,4.2,256.8,51.0
2018-04-06 03:00:00,-14.9,996.9,5.0,254.9,42.3
2018-04-06 06:00:00,-17.5,996.6,0.5,236.4,50.9
2018-04-06 09:00:00,,995.8,1.0,263.5,68.2
2018-04-06 12:00:00,,994.9,0.6,217.9,70.0
2018-04-06 15:00:00,-23.4,995.1,0.8,215.6,70.7
2018-04-06 18:00:00,-24.5,995.4,0.1,248.2,73.5
2018-04-06 21:00:00,-24.7,995.5,0.7,247.7,72.7
2018-04-07 00:00:00,,995.4,0.5,254.6,70.8
2018-04-07 03:00:00,,995.2,0.3,237.0,69.7
2018-04-07 06:00:00,-24.0,995.4,0.3,237.4,75.1
2018-04-07 09:00:00,-25.4,995.9,,,76.5
2018-04-07 12:00:00,-25.6,996.4,1.3,244.8,75.6
2018-04-07 15:00:00,-25.3,997.2,1.0,238.1,76.2
2018-04-07 18:00:00,-24.4,997.7,0.8,221.8,78.0
2018-04-07 21:00:00,-23.6,998.7,,,72.1
2018-04-08 00:00:00,,999.5,1.0,247.5,73.4
2018-04-08 03:00:00,-22.5,1000.1,0.6,238.5,72.5
2018-04-08 06:00:00,-24.1,1000.8,0.5,228.6,77.5
2018-04-08 09:00:00,,1001.7,0.7,212.4,76.4
2018-04-08 12:00:00,-23.2,1002.3,0.1,296.5,73.8
2018-04-08 15:00:00,-25.3,1002.9,0.6,213.5,74.5
2018-04-08 18:00:00,-24.7,1003.2,0.7,229.6,76.1
2018-04-08 21:00:00,-22.2,1003.4,1.8,246.2,80.6
2018-04-09 00:00:00,,1003.5,2.1,231.7,75.7
2018-04-09 03:00:00,,1003.2,2.1,234.3,77.9
2018-04-09 06:00:00,-17.0,1003.4,0.1,256.4,83.4
2018-04-09 09:00:00,-17.4,1003.9,0.4,225.0,84.1
2018-04-09 12:00:00,-16.6,1004.2,1.6,236.5,87.5
2018-04-09 15:00:00,-17.5,1004.3,1.2,229.7,85.9
2018-04-09 18:00:00,-16.9,1005.2,2.2,237.5,86.6
2018-04-09 21:00:00,-15.9,1005.9,,,87.2
2018-04-10 00:00:00,-16.5,1006.2,3.3,242.3,85.7
2018-04-10 03:00:00,-17.2,1006.7,0.2,47.0,83.7
2018-04-10 06:00:00,-18.4,1007.4,,,86.4
2018-04-10 09:00:00,-17.2,1007.4,2.5,229.7,86.7
2018-04-10 12:00:00,-18.2,1003.8,3.7,235.7,85.0
2018-04-10 15:00:00,-19.4,998.3,2.9,222.0,84.0
2018-04-10 18:00:00,-19.2,993.7,1.9,217.4,85.8
2018-04-10 21:00:00,,996.8,5.3,163.0,85.5
2018-04-11 00:00:00,,999.9,1.8,204.5,68.1
2018-04-11 03:00:00,-14.1,1000.8,3.3,134.0,69.5
2018-04-11 06:00:00,-17.8,1001.8,0.2,252.4,80.2
2018-04-11 09:00:00,-17.3,1001.8,0.1,253.1,72.9
2018-04-11 12:00:00,-19.5,1001.1,0.8,264.2,82.7
2018-04-11 15:00:00,-19.0,1000.1,0.1,220.0,82.2
2018-04-11 18:00:00,-20.2,999.3,0.3,252.5,83.2
2018-04-11 21:00:00,-19.3,998.9,,,76.7
2018-04-12 00:00:00,-20.4,997.6,1.6,231.1,79.0
2018-04-12 03:00:00,-19.2,996.2,1.0,237.4,77.4
2018-04-12 06:00:00,-18.8,995.0,1.5,236.8,80.2
2018-04-12 09:00:00,-16.6,993.0,1.4,236.1,77.2
2018-04-12 12:00:00,-18.3,992.3,0.1,150.0,79.2
2018-04-12 15:00:00,-17.6,992.2,2.0,233.0,81.7
2018-04-12 18:00:00,-16.9,991.8,1.3,256.6,86.2
2018-04-12 21:00:00,-14.9,990.2,2.2,221.8,84.4
2018-04-13 00:00:00,-14.8,989.4,2.4,230.9,86.9
2018-04-13 03:00:00,-14.4,988.5,1.9,273.3,85.9
2018-04-13 06:00:00,-15.9,987.4,,147.1,76.3
2018-04-13 09:00:00,-16.6,988.1,,158.9,72.3
2018-04-13 12:00:00,-17.5,988.2,5.9,142.1,70.6
2018-04-13 15:00:00,-17.6,987.6,3.6,147.0,58.4
2018-04-13 18:00:00,-18.6,986.8,1.1,183.9,72.9
2018-04-13 21:00:00,-19.8,986.9,0.7,170.8,77.9
2018-04-14 00:00:00,-18.6,987.5,1.2,124.8,62.7
2018-04-14 03:00:00,-22.7,988.6,1.3,250.8,76.5
2018-04-14 06:00:00,-21.0,989.5,2.4,216.8,68.1
2018-04-14 09:00:00,-24.4,989.9,1.3,226.2,71.3
2018-04-14 12:00:00,-24.5,990.3,2.6,246.8,69.9
2018-04-14 15:00:00,-22.6,989.6,0.9,233.0,57.5
2018-04-14 18:00:00,-21.0,991.8,1.1,296.8,56.0
2018-04-14 21:00:00,-20.2,994.3,0.0,316.7,52.3
2018-04-15 00:00:00,-20.6,994.5,,,52.9
2018-04-15 03:00:00,-22.7,993.7,1.9,230.1,70.0
2018-04-15 06:00:00,-21.7,992.2,2.7,247.4,66.0
2018-04-15 09:00:00,-18.2,991.0,2.9,214.6,59.6
2018-04-15 12:00:00,-22.2,990.9,2.4,240.9,68.1
2018-04-15 15:00:00,-22.0,992.3,2.4,221.5,70.1
2018-04-15 18:00:00,-21.7,994.5,0.4,229.9,75.2
2018-04-15 21:00:00,-22.1,998.2,1.9,245.2,71.3
2018-04-16 00:00:00,-19.4,1000.7,2.2,228.0,71.9
2018-04-16 03:00:00,-19.1,1001.9,1.0,260.4,70.3
2018-04-16 06:00:00,-19.0,1003.4,3.3,244.6,78.9
2018-04-16 09:00:00,-15.1,1005.5,0.6,285.7,78.2
2018-04-16 12:00:00,-14.1,1006.0,3.5,228.1,80.1
2018-04-16 15:00:00,-13.4,1006.7,0.1,73.1,84.6
2018-04-16 18:00:00,-12.5,1006.7,1.0,235.7,86.2
2018-04-16 21:00:00,-12.3,1007.5,0.0,151.7,89.3
2018-04-17 00:00:00,-9.4,1007.4,,134.9,81.1
2018-04-17 03:00:00,-11.3,1006.9,,267.4,89.6
2018-04-17 06:00:00,-11.1,1005.9,,222.6,90.9
2018-04-17 09:00:00,-11.0,1004.6,2.7,236.9,89.1
2018-04-17 12:00:00,-15.2,1004.0,,,90.6
2018-04-17 15:00:00,,1002.9,0.0,246.2,84.1
2018-04-17 18:00:00,,1002.1,2.1,228.1,89.8
2018-04-17 21:00:00,,1002.1,2.2,237.9,87.7
2018-04-18 00:00:00,-11.3,1001.3,0.7,216.7,85.5
2018-04-18 03:00:00,-10.2,999.2,,,85.7
2018-04-18 06:00:00,-11.2,997.4,,225.1,89.8
2018-04-18 09:00:00,-10.8,995.2,,0.0,91.9
2018-04-18 12:00:00,-10.1,993.5,,0.0,92.8
2018-04-18 15:00:00,-10.1,991.2,,42.1,92.1
2018-04-18 18:00:00,-10.0,990.0,,251.1,92.9
2018-04-18 21:00:00,-9.9,990.8,0.3,248.9,92.4
2018-04-19 00:00:00,-8.8,992.3,0.2,147.8,93.0
2018-04-19 03:00:00,-7.5,993.2,1.0,27.7,81.5
2018-04-19 06:00:00,-10.7,994.6,,234.4,88.7
2018-04-19 09:00:00,-12.4,996.1,,229.8,89.4
2018-04-19 12:00:00,-13.1,997.2,,177.4,81.5
2018-04-19 15:00:00,-13.0,997.2,,232.7,83.7
2018-04-19 18:00:00,-14.5,997.9,,135.9,77.7
2018-04-19 21:00:00,-15.0,998.4,,33.2,78.3
2018-04-20 00:00:00,-15.0,998.9,1.3,144.7,70.5
2018-04-20 03:00:00,-15.8,999.6,3.4,156.8,68.7
2018-04-20 06:00:00,-16.5,1000.1,6.0,142.3,68.5
2018-04-20 09:00:00,-17.2,999.6,2.3,69.1,70.2
2018-04-20 12:00:00,-18.7,999.5,2.1,112.2,66.8
2018-04-20 15:00:00,-19.4,998.8,1.3,105.3,66.3
2018-04-20 18:00:00,-20.1,997.8,0.8,141.8,63.9
2018-04-20 21:00:00,-22.4,997.7,0.2,152.3,80.2
2018-04-21 00:00:00,-20.1,997.1,1.4,240.6,75.2
2018-04-21 03:00:00,-18.9,996.8,0.2,216.9,69.7
2018-04-21 06:00:00,-20.2,996.4,0.5,109.7,63.1
2018-04-21 09:00:00,-20.4,996.0,4.7,151.0,66.4
2018-04-21 12:00:00,-23.3,995.8,0.8,232.2,75.6
2018-04-21 15:00:00,-21.1,995.0,0.1,213.2,70.6
2018-04-21 18:00:00,-21.6,994.3,0.4,236.9,75.0
2018-04-21 21:00:00,-21.6,993.9,0.4,155.7,67.7
2018-04-22 00:00:00,-23.4,993.1,0.7,179.1,66.5
2018-04-22 03:00:00,-24.5,992.5,,,78.1
2018-04-22 06:00:00,-22.4,992.8,1.2,235.9,75.5
2018-04-22 09:00:00,-21.2,993.2,0.0,233.2,71.6
2018-04-22 12:00:00,-20.0,993.3,,135.7,66.0
2018-04-22 15:00:00,-21.2,993.9,2.5,88.3,69.2
2018-04-22 18:00:00,-21.3,994.2,3.8,109.5,67.6
2018-04-22 21:00:00,-20.4,994.0,,231.8,76.8
2018-04-23 00:00:00,-20.0,995.1,,233.4,71.9
2018-04-23 03:00:00,-20.0,996.6,,12.9,61.3
2018-04-23 06:00:00,-21.7,996.9,,262.2,56.2
2018-04-23 09:00:00,-21.3,996.5,3.6,234.3,53.1
2018-04-23 12:00:00,-21.7,995.9,5.5,243.7,54.5
2018-04-23 15:00:00,-22.0,995.0,5.1,243.7,54.9
2018-04-23 18:00:00,-21.9,994.6,2.2,216.7,46.6
2018-04-23 21:00:00,-22.2,993.4,2.7,225.2,48.0
2018-04-24 00:00:00,-23.0,992.0,0.2,257.2,54.2
2018-04-24 03:00:00,-25.1,990.3,0.1,188.3,61.7
2018-04-24 06:00:00,-26.2,987.8,1.5,228.2,68.0
2018-04-24 09:00:00,-26.5,985.5,1.2,205.9,67.1
2018-04-24 12:00:00,-26.4,983.1,1.6,209.7,59.8
2018-04-24 15:00:00,-24.4,980.1,3.4,244.1,65.9
2018-04-24 18:00:00,-24.2,977.8,0.2,313.0,66.8
2018-04-24 21:00:00,-22.5,976.0,1.4,253.6,69.8
2018-04-25 00:00:00,-22.5,974.5,1.0,225.1,71.5
2018-04-25 03:00:00,-22.5,972.7,1.5,226.8,73.8
2018-04-25 06:00:00,-22.5,972.0,2.5,226.5,74.1
2018-04-25 09:00:00,-23.6,971.2,1.4,234.3,69.3
2018-04-25 12:00:00,,970.5,1.7,231.3,76.1
2018-04-25 15:00:00,-28.1,969.2,0.6,211.2,75.1
2018-04-25 18:00:00,-27.6,969.0,0.8,249.3,72.7
2018-04-25 21:00:00,-26.4,970.2,0.4,19.3,73.9
2018-04-26 00:00:00,,972.4,0.4,245.4,66.3
2018-04-26 03:00:00,,975.5,0.9,196.6,32.7
2018-04-26 06:00:00,,977.9,3.1,163.5,27.5
2018-04-26 09:00:00,-24.6,980.0,1.0,236.2,62.5
2018-04-26 12:00:00,,982.8,1.6,175.9,39.1
2018-04-26 15:00:00,,985.2,2.0,237.6,45.6
2018-04-26 18:00:00,,987.9,3.3,158.2,65.6
2018-04-26 21:00:00,-13.8,990.0,3.1,16.4,81.2
2018-04-27 00:00:00,-14.2,991.1,0.3,163.3,75.5
2018-04-27 03:00:00,-14.9,990.8,0.1,243.4,85.2
2018-04-27 06:00:00,-14.8,989.7,,,85.9
2018-04-27 09:00:00,-19.7,987.8,,,85.7
2018-04-27 12:00:00,,986.2,0.2,230.5,82.4
2018-04-27 15:00:00,,985.0,0.5,34.3,79.7
2018-04-27 18:00:00,-23.3,985.3,,,82.6
2018-04-27 21:00:00,-22.0,985.4,0.2,270.3,81.6
2018-04-28 00:00:00,-21.6,984.9,1.6,242.4,81.9
2018-04-28 03:00:00,-22.5,983.1,2.1,248.3,81.0
2018-04-28 06:00:00,-21.3,981.3,1.1,239.4,82.5
2018-04-28 09:00:00,-20.5,980.0,1.1,249.0,83.4
2018-04-28 12:00:00,-19.4,979.8,3.5,227.0,84.4
2018-04-28 15:00:00,-20.4,979.6,3.1,223.4,70.9
2018-04-28 18:00:00,-21.1,979.6,2.3,227.8,64.3
2018-04-28 21:00:00,-22.6,979.6,1.8,240.7,64.3
2018-04-29 00:00:00,-22.6,979.1,1.7,213.5,64.6
2018-04-29 03:00:00,-25.5,978.4,1.6,224.3,70.8
2018-04-29 06:00:00,,977.8,2.2,236.4,73.8
2018-04-29 09:00:00,-27.8,977.5,1.7,244.8,73.2
2018-04-29 12:00:00,-28.5,977.3,0.9,232.7,71.2
2018-04-29 15:00:00,-27.9,976.9,2.1,62.0,70.1
2018-04-29 18:00:00,-28.1,977.7,0.2,90.9,75.1
2018-04-29 21:00:00,-26.9,980.4,0.5,229.9,69.8
2018-04-30 00:00:00,,982.6,3.6,145.0,79.7
2018-04-30 03:00:00,-23.1,984.6,0.4,230.3,75.8
2018-04-30 06:00:00,-22.9,985.8,0.0,241.7,78.4
2018-04-30 09:00:00,-20.9,987.0,1.2,209.3,77.3
2018-04-30 12:00:00,-20.3,986.6,0.8,282.6,81.1
2018-04-30 15:00:00,-19.5,985.7,0.3,142.9,83.5
2018-04-30 18:00:00,-16.3,984.9,2.2,73.5,74.6
2018-04-30 21:00:00,-15.7,985.1,,152.2,62.6
2018-05-01 00:00:00,-16.8,983.9,6.5,150.5,69.4
2018-05-01 03:00:00,-15.4,983.4,5.1,182.1,61.2
2018-05-01 06:00:00,-17.0,982.8,3.5,167.2,62.9
2018-05-01 09:00:00,-17.8,983.0,4.6,136.9,57.4
2018-05-01 12:00:00,-18.0,983.9,4.5,232.4,61.2
2018-05-01 15:00:00,-18.6,983.0,5.9,231.9,61.0
2018-05-01 18:00:00,-19.7,982.4,5.8,242.4,64.3
2018-05-01 21:00:00,-19.2,981.7,3.0,232.4,60.2
2018-05-02 00:00:00,-19.2,981.2,2.3,237.0,60.0
2018-05-02 03:00:00,-19.6,980.5,1.5,227.4,75.1
2018-05-02 06:00:00,-19.9,979.8,,,79.2
2018-05-02 09:00:00,-20.5,979.5,1.8,239.6,81.9
2018-05-02 12:00:00,-21.1,979.5,1.6,144.2,76.9
2018-05-02 15:00:00,,979.7,0.7,233.9,77.5
2018-05-02 18:00:00,-24.5,980.0,1.9,226.2,76.8
2018-05-02 21:00:00,-24.2,980.5,0.3,265.9,72.2
2018-05-03 00:00:00,-23.9,981.1,0.4,224.8,77.4
2018-05-03 03:00:00,-22.2,981.1,,,78.8
2018-05-03 06:00:00,-22.1,981.5,0.9,201.7,78.2
2018-05-03 09:00:00,-24.4,982.0,0.7,243.8,78.6
2018-05-03 12:00:00,-24.3,983.1,0.3,211.8,78.2
2018-05-03 15:00:00,-27.9,984.5,,,77.1
2018-05-03 18:00:00,-29.0,985.3,0.4,219.9,74.0
2018-05-03 21:00:00,-28.2,987.7,0.8,248.5,68.2
2018-05-04 00:00:00,-30.6,989.7,0.3,276.9,67.3
2018-05-04 03:00:00,-31.8,990.9,0.8,243.9,70.5
2018-05-04 06:00:00,-29.6,991.4,,,69.9
2018-05-04 09:00:00,-30.8,991.6,1.2,243.1,71.2
2018-05-04 12:00:00,-28.6,992.1,2.0,230.7,72.0
2018-05-04 15:00:00,,993.1,1.5,208.6,67.2
2018-05-04 18:00:00,-24.0,995.2,1.2,250.4,73.8
2018-05-04 21:00:00,-23.3,997.3,2.3,253.0,79.2
2018-05-05 00:00:00,-26.6,998.6,1.8,222.3,80.5
2018-05-05 03:00:00,-28.0,998.8,2.6,235.5,78.2
2018-05-05 06:00:00,-27.6,997.4,2.1,68.4,76.0
2018-05-05 09:00:00,-29.9,996.0,0.6,74.7,75.5
2018-05-05 12:00:00,-31.2,995.2,1.2,228.0,72.0
2018-05-05 15:00:00,-29.7,994.5,0.0,209.6,74.4
2018-05-05 18:00:00,,993.7,0.2,246.0,79.4
2018-05-05 21:00:00,,993.1,1.8,243.8,79.8
2018-05-06 00:00:00,-20.6,991.3,0.1,219.4,74.2
2018-05-06 03:00:00,-20.5,989.8,3.4,230.1,73.2
2018-05-06 06:00:00,-22.3,988.3,4.6,245.9,72.1
2018-05-06 09:00:00,-23.0,987.4,3.4,209.2,67.2
2018-05-06 12:00:00,-23.4,986.7,0.7,229.0,61.5
2018-05-06 15:00:00,-25.8,985.6,0.6,243.6,68.0
2018-05-06 18:00:00,-23.7,985.7,0.4,85.6,61.6
2018-05-06 21:00:00,-23.7,986.3,2.7,151.4,56.6
2018-05-07 00:00:00,-24.7,985.6,1.1,158.1,59.6
2018-05-07 03:00:00,-27.7,985.8,0.1,254.1,65.6
2018-05-07 06:00:00,-25.8,986.0,0.0,182.1,63.8
2018-05-07 09:00:00,-24.9,986.3,,,72.9
2018-05-07 12:00:00,-25.5,986.3,0.3,294.1,65.9
2018-05-07 15:00:00,-26.0,986.2,1.7,164.5,60.2
2018-05-07 18:00:00,-27.7,986.1,0.1,180.1,61.8
2018-05-07 21:00:00,-26.2,986.9,2.0,146.4,56.5
2018-05-08 00:00:00,-25.6,988.2,1.2,217.3,56.6
2018-05-08 03:00:00,-25.1,988.9,1.3,230.9,58.7
2018-05-08 06:00:00,-24.1,990.4,3.1,100.4,56.3
2018-05-08 09:00:00,-24.1,992.0,1.6,67.6,56.7
2018-05-08 12:00:00,-23.5,992.9,2.3,241.5,48.0
2018-05-08 15:00:00,-24.4,994.1,0.8,287.7,62.3
2018-05-08 18:00:00,-24.2,994.1,1.3,335.2,65.2
2018-05-08 21:00:00,-25.2,994.5,1.2,203.9,73.7
2018-05-09 00:00:00,-26.2,994.1,0.7,158.3,72.8
2018-05-09 03:00:00,-26.4,993.8,,,72.5
2018-05-09 06:00:00,-26.0,993.4,0.5,153.1,66.5
2018-05-09 09:00:00,-27.9,992.4,0.3,229.1,74.5
2018-05-09 12:00:00,-30.4,991.4,1.1,255.8,73.0
2018-05-09 15:00:00,-29.2,989.9,0.2,249.0,73.6
2018-05-09 18:00:00,-29.5,988.4,0.7,247.1,73.3
2018-05-09 21:00:00,-31.0,986.5,1.5,227.0,73.7
2018-05-10 00:00:00,-31.3,984.4,1.1,239.2,71.4
2018-05-10 03:00:00,-30.8,981.8,1.2,244.9,72.1
2018-05-10 06:00:00,-30.6,980.2,0.5,254.6,71.7
2018-05-10 09:00:00,-30.0,978.5,1.1,253.5,72.3
2018-05-10 12:00:00,-30.4,977.3,0.9,212.1,72.7
2018-05-10 15:00:00,-29.7,976.5,1.5,239.1,74.2
2018-05-10 18:00:00,-28.4,975.1,1.7,252.6,70.2
2018-05-10 21:00:00,-26.8,974.6,0.7,79.9,66.2
2018-05-11 00:00:00,-27.2,973.5,0.1,86.9,69.8
2018-05-11 03:00:00,-24.3,972.1,0.8,74.1,56.1
2018-05-11 06:00:00,,972.3,,225.9,52.8
2018-05-11 09:00:00,-22.2,971.2,,13.8,52.3
2018-05-11 12:00:00,-22.5,971.8,4.2,42.2,43.5
2018-05-11 15:00:00,-22.4,972.0,2.4,79.1,44.7
2018-05-11 18:00:00,-21.7,971.3,2.7,158.8,40.0
2018-05-11 21:00:00,-25.8,971.0,1.5,249.4,59.6
2018-05-12 00:00:00,-24.8,971.6,0.8,219.0,52.8
2018-05-12 03:00:00,-24.1,972.4,1.4,318.7,49.8
2018-05-12 06:00:00,-25.1,973.4,1.5,168.2,55.6
2018-05-12 09:00:00,-28.1,972.6,2.4,220.0,69.3
2018-05-12 12:00:00,-28.1,972.4,2.2,242.6,69.0
2018-05-12 15:00:00,-25.7,971.9,3.2,217.4,58.8
2018-05-12 18:00:00,-26.1,972.6,,,58.4
2018-05-12 21:00:00,-29.2,974.8,0.5,230.7,66.5
2018-05-13 00:00:00,-29.0,977.2,,,69.2
2018-05-13 03:00:00,-26.1,978.9,0.4,212.3,62.1
2018-05-13 06:00:00,-28.1,980.6,1.4,236.4,69.2
2018-05-13 09:00:00,-26.8,981.9,1.0,219.2,64.1
2018-05-13 12:00:00,-26.7,982.2,1.1,268.8,60.5
2018-05-13 15:00:00,-25.6,982.5,1.3,212.3,59.1
2018-05-13 18:00:00,-24.3,982.6,0.7,249.3,52.3
2018-05-13 21:00:00,-22.9,982.3,0.3,55.5,54.7
2018-05-14 00:00:00,-23.8,983.4,1.6,224.1,57.1
2018-05-14 03:00:00,-24.9,983.2,2.0,256.1,57.3
2018-05-14 06:00:00,-20.4,982.1,2.5,219.8,46.3
2018-05-14 09:00:00,-21.2,981.3,1.7,229.9,47.0
2018-05-14 12:00:00,,980.6,0.5,104.4,62.9
2018-05-14 15:00:00,-25.9,979.5,,,68.0
2018-05-14 18:00:00,-28.3,978.8,0.2,224.1,70.8
2018-05-14 21:00:00,-28.4,978.6,2.2,236.0,70.6
2018-05-15 00:00:00,-27.5,979.7,0.2,59.8,71.5
2018-05-15 03:00:00,-26.3,979.6,1.0,61.7,68.9
2018-05-15 06:00:00,-28.7,980.0,0.2,226.7,74.5
2018-05-15 09:00:00,-29.7,980.5,0.9,241.0,70.3
2018-05-15 12:00:00,-29.9,980.9,,,71.0
2018-05-15 15:00:00,-26.8,981.9,1.0,223.7,68.7
2018-05-15 18:00:00,-26.5,982.6,0.1,205.8,74.7
2018-05-15 21:00:00,-21.9,984.9,1.1,244.1,72.3
2018-05-16 00:00:00,,987.0,0.6,186.2,63.1
2018-05-16 03:00:00,-18.7,989.7,1.1,224.0,72.0
2018-05-16 06:00:00,-15.3,992.5,4.1,155.1,64.2
2018-05-16 09:00:00,-17.9,995.2,4.1,340.1,69.7
2018-05-16 12:00:00,-19.1,996.5,1.2,149.8,73.2
2018-05-16 15:00:00,-21.9,996.4,1.4,218.4,72.7
2018-05-16 18:00:00,-24.0,996.2,3.0,224.0,76.8
2018-05-16 21:00:00,-24.4,995.8,1.8,265.2,70.4
2018-05-17 00:00:00,-26.5,994.9,0.9,264.4,75.3
2018-05-17 03:00:00,-27.0,993.7,2.0,235.7,71.5
2018-05-17 06:00:00,-26.3,993.9,0.1,243.8,73.9
2018-05-17 09:00:00,-28.4,995.0,0.0,142.3,75.4
2018-05-17 12:00:00,-29.8,997.5,1.2,229.3,75.4
2018-05-17 15:00:00,-26.6,1000.6,1.0,287.7,83.9
2018-05-17 18:00:00,-25.2,1003.6,1.9,224.4,81.7
2018-05-17 21:00:00,-24.7,1006.5,1.6,237.9,78.3
2018-05-18 00:00:00,-26.6,1008.3,1.2,237.2,74.2
2018-05-18 03:00:00,-28.2,1009.2,1.4,231.2,73.9
2018-05-18 06:00:00,-28.2,1010.1,0.8,238.3,75.9
2018-05-18 09:00:00,-30.5,1010.2,,,73.5
2018-05-18 12:00:00,-29.7,1009.3,,,77.9
2018-05-18 15:00:00,-28.7,1007.6,0.9,256.2,74.8
2018-05-18 18:00:00,-27.8,1006.3,0.5,231.0,74.5
2018-05-18 21:00:00,-28.4,1004.8,0.1,204.2,74.4
2018-05-19 00:00:00,-29.7,1002.3,1.8,232.1,73.1
2018-05-19 03:00:00,-29.1,1000.0,1.8,229.9,73.7
2018-05-19 06:00:00,-28.1,998.6,1.5,230.6,71.7
2018-05-19 09:00:00,-29.0,997.0,1.7,245.2,72.7
2018-05-19 12:00:00,-26.6,996.2,0.5,51.7,75.1
2018-05-19 15:00:00,-28.8,995.3,,,75.4
2018-05-19 18:00:00,-29.4,994.7,0.2,242.8,74.0
2018-05-19 21:00:00,-26.5,995.1,0.5,249.1,73.8
2018-05-20 00:00:00,-25.5,994.9,0.4,238.7,77.2
2018-05-20 03:00:00,-24.4,994.5,0.6,233.7,78.9
2018-05-20 06:00:00,-24.7,994.7,1.4,223.6,80.0
2018-05-20 09:00:00,-24.4,994.6,1.9,236.4,78.9
2018-05-20 12:00:00,-25.1,995.3,0.3,261.6,76.9
2018-05-20 15:00:00,-23.3,995.3,1.0,58.3,79.4
2018-05-20 18:00:00,-23.1,996.1,1.3,155.5,74.5
2018-05-20 21:00:00,-23.2,997.1,1.8,146.6,70.6
2018-05-21 00:00:00,-23.2,998.3,1.0,220.8,70.9
2018-05-21 03:00:00,-22.8,999.2,1.4,39.4,66.4
2018-05-21 06:00:00,-22.6,1000.0,1.5,56.9,68.9
2018-05-21 09:00:00,-22.5,1000.3,2.0,22.2,69.1
2018-05-21 12:00:00,-22.5,1000.2,0.9,40.3,68.5
2018-05-21 15:00:00,-22.2,999.3,1.7,243.3,62.9
2018-05-21 18:00:00,-22.8,998.3,,234.4,77.1
2018-05-21 21:00:00,-22.1,997.5,,233.9,80.0
2018-05-22 00:00:00,-23.0,996.0,,237.9,79.3
2018-05-22 03:00:00,-19.8,995.0,,223.1,82.9
2018-05-22 06:00:00,,995.0,21.9,213.4,78.0
2018-05-22 09:00:00,-19.1,995.6,21.8,206.2,79.1
2018-05-22 12:00:00,-19.0,997.3,19.3,219.9,81.4
2018-05-22 15:00:00,-18.2,997.2,21.6,212.2,73.2
2018-05-22 18:00:00,-17.1,996.8,21.4,211.3,63.6
2018-05-22 21:00:00,-16.1,998.4,,209.6,55.4
2018-05-23 00:00:00,-15.8,998.7,,198.5,44.7
2018-05-23 03:00:00,-16.8,999.4,10.6,219.3,45.2
2018-05-23 06:00:00,-17.7,1000.5,,255.5,53.0
2018-05-23 09:00:00,-19.0,1001.0,,238.3,50.5
2018-05-23 12:00:00,-22.0,999.8,2.5,218.5,56.8
2018-05-23 15:00:00,-20.2,998.3,2.8,227.4,42.6
2018-05-23 18:00:00,,996.5,0.3,288.4,65.1
2018-05-23 21:00:00,,993.9,2.6,45.9,66.7
2018-05-24 00:00:00,-26.0,991.6,1.4,239.2,61.1
2018-05-24 03:00:00,-27.8,988.8,,,65.2
2018-05-24 06:00:00,-27.5,987.7,1.0,194.8,67.1
2018-05-24 09:00:00,-28.3,986.3,1.2,232.3,66.2
2018-05-24 12:00:00,-28.9,986.7,2.0,239.3,66.6
2018-05-24 15:00:00,-29.3,986.8,,,68.2
2018-05-24 18:00:00,-29.2,987.6,,,67.9
2018-05-24 21:00:00,-28.4,988.5,0.9,240.9,64.5
2018-05-25 00:00:00,-28.9,989.3,0.4,280.8,66.4
2018-05-25 03:00:00,-30.0,989.5,1.0,266.5,68.6
2018-05-25 06:00:00,-29.9,989.6,0.6,213.5,67.9
2018-05-25 09:00:00,-29.5,989.0,0.9,183.7,68.0
2018-05-25 12:00:00,-29.7,988.6,1.8,238.6,69.4
2018-05-25 15:00:00,-26.6,986.7,2.3,215.0,66.0
2018-05-25 18:00:00,-27.3,985.9,0.7,214.8,68.7
2018-05-25 21:00:00,-27.4,985.4,0.7,201.0,70.3
2018-05-26 00:00:00,-25.6,984.9,1.7,262.5,67.9
2018-05-26 03:00:00,-25.7,984.1,,,74.6
2018-05-26 06:00:00,-23.4,984.4,2.5,222.8,77.2
2018-05-26 09:00:00,-21.0,984.2,1.3,209.7,82.0
2018-05-26 12:00:00,-19.1,983.5,1.8,67.9,83.1
2018-05-26 15:00:00,-17.7,983.5,1.0,155.9,80.4
2018-05-26 18:00:00,-18.5,984.8,1.2,32.4,81.5
2018-05-26 21:00:00,-18.2,987.5,3.0,107.6,77.6
2018-05-27 00:00:00,-17.0,990.1,3.1,141.7,68.4
2018-05-27 03:00:00,-16.4,992.1,3.0,88.0,71.1
2018-05-27 06:00:00,-17.4,995.3,6.6,73.7,66.2
2018-05-27 09:00:00,-17.8,997.8,,241.0,62.5
2018-05-27 12:00:00,-18.3,1000.5,4.3,211.5,52.9
2018-05-27 15:00:00,-21.4,1001.2,,171.8,63.5
2018-05-27 18:00:00,,1002.3,0.4,98.1,71.8
2018-05-27 21:00:00,-21.3,1003.0,1.8,175.1,61.1
2018-05-28 00:00:00,-23.7,1003.2,0.1,1.1,75.2
2018-05-28 03:00:00,-22.5,1003.5,0.0,210.3,74.5
2018-05-28 06:00:00,-22.3,1003.9,1.0,27.6,75.2
2018-05-28 09:00:00,-22.8,1003.7,3.0,155.1,62.0
2018-05-28 12:00:00,-23.9,1003.3,1.9,206.8,65.0
2018-05-28 15:00:00,-26.2,1004.1,0.1,161.6,65.2
2018-05-28 18:00:00,-24.4,1004.4,0.7,149.2,66.0
2018-05-28 21:00:00,,1005.5,0.0,295.9,71.4
2018-05-29 00:00:00,,1006.3,,,74.0
2018-05-29 03:00:00,,1006.0,1.8,157.4,69.7
2018-05-29 06:00:00,-25.5,1003.4,,,76.0
2018-05-29 09:00:00,-23.1,998.9,3.4,77.0,65.4
2018-05-29 12:00:00,-25.5,995.3,0.6,220.9,76.1
2018-05-29 15:00:00,,992.8,1.2,243.1,74.6
2018-05-29 18:00:00,-27.8,992.0,0.9,260.8,65.4
2018-05-29 21:00:00,-28.4,992.9,0.7,161.9,68.1
2018-05-30 00:00:00,-28.6,994.6,1.2,232.0,63.9
2018-05-30 03:00:00,-29.8,996.8,0.7,218.2,63.9
2018-05-30 06:00:00,-30.8,999.4,,,62.1
2018-05-30 09:00:00,-32.6,1001.5,,,67.9
2018-05-30 12:00:00,-30.9,1002.7,,,69.1
2018-05-30 15:00:00,-31.9,1002.9,0.5,240.5,64.2
2018-05-30 18:00:00,-29.2,1003.1,2.3,63.3,75.1
2018-05-30 21:00:00,-28.3,1002.6,0.4,244.2,70.5
2018-05-31 00:00:00,-28.0,1002.3,0.5,219.3,70.2
2018-05-31 03:00:00,-28.0,1002.0,0.3,235.8,73.3
2018-05-31 06:00:00,-29.2,1002.4,1.5,241.2,70.8
2018-05-31 09:00:00,-26.0,1001.9,0.3,193.5,66.6
2018-05-31 12:00:00,,1002.0,4.7,233.3,68.9
2018-05-31 15:00:00,,1003.8,1.8,150.6,51.4
2018-05-31 18:00:00,-20.0,1004.9,3.0,173.7,52.5
2018-05-31 21:00:00,,1005.8,0.6,70.8,68.1
2018-06-01 00:00:00,,1008.2,0.8,186.9,69.2
2018-06-01 03:00:00,-27.2,1009.4,0.9,238.8,67.5
2018-06-01 06:00:00,-27.5,1009.6,1.2,241.8,65.0
2018-06-01 09:00:00,-28.7,1009.4,1.9,241.0,68.7
2018-06-01 12:00:00,-30.4,1008.9,0.1,291.6,69.8
2018-06-01 15:00:00,-30.6,1007.9,1.5,238.8,68.6
2018-06-01 18:00:00,-30.9,1007.0,0.0,267.9,67.5
2018-06-01 21:00:00,-30.6,1005.8,,,66.5
2018-06-02 00:00:00,-26.8,1004.3,0.2,115.1,67.7
2018-06-02 03:00:00,,1002.2,2.1,235.1,69.1
2018-06-02 06:00:00,,999.6,0.3,68.5,51.2
2018-06-02 09:00:00,,998.2,,212.1,48.7
2018-06-02 12:00:00,,996.5,,218.8,44.9
2018-06-02 15:00:00,,994.6,10.0,256.3,47.1
2018-06-02 18:00:00,-16.6,992.9,,0.9,39.3
2018-06-02 21:00:00,-16.5,992.1,,200.4,34.8
2018-06-03 00:00:00,-19.7,990.4,0.9,227.1,41.3
2018-06-03 03:00:00,,986.7,2.0,267.8,56.7
2018-06-03 06:00:00,-22.6,980.5,2.1,238.2,52.7
2018-06-03 09:00:00,-22.0,973.1,0.2,225.9,46.8
2018-06-03 12:00:00,-26.4,966.0,2.0,265.1,67.5
2018-06-03 15:00:00,,961.7,,,69.3
2018-06-03 18:00:00,-29.1,962.1,1.9,247.7,65.3
2018-06-03 21:00:00,,967.4,1.9,190.7,58.1
2018-06-04 00:00:00,,972.0,0.5,71.6,73.2
2018-06-04 03:00:00,-19.9,976.1,0.4,217.5,65.0
2018-06-04 06:00:00,-21.5,979.0,0.2,179.0,70.0
2018-06-04 09:00:00,-19.4,982.7,3.7,149.7,64.9
2018-06-04 12:00:00,-19.4,986.7,4.8,153.2,62.1
2018-06-04 15:00:00,-20.9,990.5,7.2,164.1,64.8
2018-06-04 18:00:00,-19.8,992.9,8.0,224.9,69.6
2018-06-04 21:00:00,-21.2,995.2,9.1,145.7,63.2
2018-06-05 00:00:00,-21.7,996.4,6.4,136.7,58.2
2018-06-05 03:00:00,-24.7,997.6,,0.0,66.4
2018-06-05 06:00:00,-22.8,996.2,,143.4,57.5
2018-06-05 09:00:00,-26.7,995.2,,201.6,74.3
2018-06-05 12:00:00,-26.2,993.4,1.0,198.0,72.3
2018-06-05 15:00:00,-28.8,991.0,1.9,229.2,74.7
2018-06-05 18:00:00,-25.4,988.6,1.8,246.6,66.0
2018-06-05 21:00:00,-27.1,987.2,,,73.2
2018-06-06 00:00:00,-27.4,986.4,1.1,233.2,75.2
2018-06-06 03:00:00,-24.9,985.8,0.4,288.1,74.2
2018-06-06 06:00:00,-24.8,985.5,,,75.5
2018-06-06 09:00:00,-24.7,984.5,0.0,258.8,71.4
2018-06-06 12:00:00,-22.7,982.9,2.1,19.0,57.7
2018-06-06 15:00:00,-24.7,981.2,,53.3,65.5
2018-06-06 18:00:00,-22.5,981.1,4.6,122.8,52.0
2018-06-06 21:00:00,-21.5,981.4,2.5,99.2,54.3
2018-06-07 00:00:00,-22.0,982.2,1.7,190.7,54.8
2018-06-07 03:00:00,-22.3,982.8,2.5,353.1,51.3
2018-06-07 06:00:00,-25.0,982.8,1.7,163.6,57.5
2018-06-07 09:00:00,-27.2,984.5,0.3,205.8,72.2
2018-06-07 12:00:00,-26.6,984.8,3.2,191.2,69.1
2018-06-07 15:00:00,-27.2,984.2,1.8,241.2,63.1
2018-06-07 18:00:00,-25.5,983.7,2.3,226.8,56.1
2018-06-07 21:00:00,-28.7,983.0,0.1,316.5,70.2
2018-06-08 00:00:00,,981.5,0.1,232.6,62.7
2018-06-08 03:00:00,-30.6,979.8,1.6,222.3,58.4
2018-06-08 06:00:00,-30.5,978.7,0.3,211.9,52.7
2018-06-08 09:00:00,-27.8,977.8,2.6,230.5,40.0
2018-06-08 12:00:00,-26.9,976.9,0.2,116.6,40.6
2018-06-08 15:00:00,-23.0,975.3,2.3,253.5,35.0
2018-06-08 18:00:00,,974.6,,201.5,41.0
2018-06-08 21:00:00,-18.6,974.6,,207.9,51.5
2018-06-09 00:00:00,-18.0,975.2,9.7,209.1,41.8
2018-06-09 03:00:00,-17.2,974.5,8.8,198.7,40.9
2018-06-09 06:00:00,-16.2,972.6,11.3,206.1,33.5
2018-06-09 09:00:00,-14.7,971.0,9.1,214.1,25.3
2018-06-09 12:00:00,-19.5,970.7,6.4,248.1,49.0
2018-06-09 15:00:00,,970.8,,231.6,42.1
2018-06-09 18:00:00,-19.0,971.3,1.7,237.1,33.6
2018-06-09 21:00:00,-18.9,971.5,3.6,236.7,31.7
2018-06-10 00:00:00,-22.0,971.9,1.5,238.1,48.9
2018-06-10 03:00:00,-19.9,974.0,0.3,210.9,32.7
2018-06-10 06:00:00,-22.0,976.2,0.1,219.1,41.4
2018-06-10 09:00:00,,,,,
2018-06-10 12:00:00,,,,,
2018-06-10 15:00:00,,,,,
2018-06-10 18:00:00,,,,,
2018-06-10 21:00:00,,,,,
2018-06-11 00:00:00,,,,,
2018-06-11 03:00:00,,,,,
2018-06-11 06:00:00,,,,,
2018-06-11 09:00:00,,,,,
2018-06-11 12:00:00,-23.3,980.4,0.8,196.1,70.4
2018-06-11 15:00:00,-24.2,981.1,1.0,213.7,76.4
2018-06-11 18:00:00,-24.6,982.4,,,77.4
2018-06-11 21:00:00,-21.9,983.2,,,78.2
2018-06-12 00:00:00,-23.8,983.0,2.8,241.9,77.0
2018-06-12 03:00:00,-26.8,982.9,0.2,162.0,74.5
2018-06-12 06:00:00,-27.0,983.5,0.5,249.0,73.4
2018-06-12 09:00:00,-26.7,984.4,,,70.3
2018-06-12 12:00:00,-29.0,985.7,0.8,242.9,72.2
2018-06-12 15:00:00,-30.0,987.4,0.4,244.6,71.0
2018-06-12 18:00:00,-28.0,988.5,0.2,297.5,71.0
2018-06-12 21:00:00,,990.2,0.3,284.6,78.3
2018-06-13 00:00:00,-27.3,991.3,1.3,240.6,77.0
2018-06-13 03:00:00,,992.0,0.9,254.0,72.4
2018-06-13 06:00:00,-28.0,993.3,0.1,215.3,76.2
2018-06-13 09:00:00,-31.5,995.4,,,71.6
2018-06-13 12:00:00,-30.8,997.9,0.2,267.0,70.9
2018-06-13 15:00:00,,1000.3,0.8,226.7,64.7
2018-06-13 18:00:00,-26.8,1002.2,0.1,287.7,65.9
2018-06-13 21:00:00,-25.6,1004.0,0.5,26.0,63.9
2018-06-14 00:00:00,-26.9,1005.6,0.3,238.5,73.6
2018-06-14 03:00:00,-27.1,1005.6,0.3,271.8,53.7
2018-06-14 06:00:00,-30.6,1004.4,0.6,39.5,69.7
2018-06-14 09:00:00,-27.3,1003.1,0.1,202.3,52.0
2018-06-14 12:00:00,-32.2,1001.3,0.4,225.5,66.4
2018-06-14 15:00:00,-31.9,1000.4,2.1,220.2,63.4
2018-06-14 18:00:00,-32.1,1000.3,0.0,14.1,62.5
2018-06-14 21:00:00,-33.6,1001.2,,0.0,65.0
2018-06-15 00:00:00,-34.2,1001.9,,,65.5
2018-06-15 03:00:00,-34.5,1001.0,,,64.6
2018-06-15 06:00:00,-36.0,1000.3,,,67.3
2018-06-15 09:00:00,-33.7,1001.6,1.5,221.9,67.8
2018-06-15 12:00:00,-31.2,1002.6,,,68.7
2018-06-15 15:00:00,,1003.3,,0.0,55.4
2018-06-15 18:00:00,-30.3,1003.2,,0.0,45.1
2018-06-15 21:00:00,-31.0,1003.3,,215.1,57.0
2018-06-16 00:00:00,-29.1,1002.1,,0.0,46.5
2018-06-16 03:00:00,-28.7,1000.5,,0.0,44.1
2018-06-16 06:00:00,-24.3,999.2,0.3,206.1,42.2
2018-06-16 09:00:00,,996.6,,217.2,60.7
2018-06-16 12:00:00,,994.6,,221.1,63.6
2018-06-16 15:00:00,-16.4,991.5,13.5,211.0,56.0
2018-06-16 18:00:00,-15.6,989.7,11.0,217.7,52.9
2018-06-16 21:00:00,-15.5,989.6,13.2,217.9,69.3
2018-06-17 00:00:00,-15.5,988.5,,222.0,59.0
2018-06-17 03:00:00,-16.3,990.8,,213.6,66.4
2018-06-17 06:00:00,-15.8,990.6,,212.9,50.7
2018-06-17 09:00:00,-15.7,991.2,,228.1,58.2
2018-06-17 12:00:00,-15.9,992.3,15.1,214.5,50.0
2018-06-17 15:00:00,-15.5,992.3,16.0,220.9,60.8
2018-06-17 18:00:00,-14.5,991.3,,224.6,62.0
2018-06-17 21:00:00,-14.0,992.1,15.9,223.7,70.2
2018-06-18 00:00:00,-12.4,991.8,16.9,230.4,49.5
2018-06-18 03:00:00,-11.7,991.6,17.6,219.8,50.8
2018-06-18 06:00:00,-10.9,992.4,17.4,220.3,45.9
2018-06-18 09:00:00,-9.7,992.7,14.8,215.3,37.1
2018-06-18 12:00:00,-9.0,994.1,16.3,207.9,33.8
2018-06-18 15:00:00,-8.0,994.2,14.4,209.9,28.5
2018-06-18 18:00:00,-8.3,996.1,16.6,207.3,43.3
2018-06-18 21:00:00,-8.3,996.1,13.8,208.0,43.5
2018-06-19 00:00:00,-8.6,996.2,,198.6,36.3
2018-06-19 03:00:00,-12.6,995.2,,64.6,53.0
2018-06-19 06:00:00,,994.5,,131.9,54.5
2018-06-19 09:00:00,-17.1,993.7,0.3,50.4,57.4
2018-06-19 12:00:00,-13.7,991.6,0.8,214.3,49.4
2018-06-19 15:00:00,-12.5,989.8,3.2,87.8,56.5
2018-06-19 18:00:00,-9.2,988.0,,204.1,33.5
2018-06-19 21:00:00,-10.7,987.5,,225.4,51.7
2018-06-20 00:00:00,-9.3,986.9,,214.3,56.7
2018-06-20 03:00:00,-10.3,989.5,,212.8,55.9
2018-06-20 06:00:00,-10.1,992.8,15.4,222.1,58.2
2018-06-20 09:00:00,-9.1,994.9,,217.4,55.2
2018-06-20 12:00:00,,,,,
2018-06-20 15:00:00,,,,,
2018-06-20 18:00:00,,,,,
2018-06-20 21:00:00,,,,,
2018-06-21 00:00:00,,,,,
2018-06-21 03:00:00,,,,,
2018-06-21 06:00:00,,,,,
2018-06-21 09:00:00,,,,,
2018-06-21 12:00:00,,,,,
2018-06-21 15:00:00,,,,,
2018-06-21 18:00:00,,,,,
2018-06-21 21:00:00,,,,,
2018-06-22 00:00:00,,,,,
2018-06-22 03:00:00,,,,,
2018-06-22 06:00:00,,,,,
2018-06-22 09:00:00,,,,,
2018-06-22 12:00:00,,,,,
2018-06-22 15:00:00,,,,,
2018-06-22 18:00:00,,,,,
2018-06-22 21:00:00,,,,,
2018-06-23 00:00:00,,,,,
2018-06-23 03:00:00,,,,,
2018-06-23 06:00:00,,,,,
2018-06-23 09:00:00,,,,,
2018-06-23 12:00:00,,,,,
2018-06-23 15:00:00,,,,,
2018-06-23 18:00:00,,,,,
2018-06-23 21:00:00,,,,,
2018-06-24 00:00:00,,,,,
2018-06-24 03:00:00,,,,,
2018-06-24 06:00:00,,,,,
2018-06-24 09:00:00,,,,,
2018-06-24 12:00:00,,,,,
2018-06-24 15:00:00,,,,,
2018-06-24 18:00:00,,,,,
2018-06-24 21:00:00,,,,,
2018-06-25 00:00:00,,,,,
2018-06-25 03:00:00,,,,,
2018-06-25 06:00:00,,,,,
2018-06-25 09:00:00,,,,,
2018-06-25 12:00:00,,,,,
2018-06-25 15:00:00,,,,,
2018-06-25 18:00:00,,,,,
2018-06-25 21:00:00,,,,,
2018-06-26 00:00:00,,,,,
2018-06-26 03:00:00,,,,,
2018-06-26 06:00:00,,,,,
2018-06-26 09:00:00,,,,,
2018-06-26 12:00:00,,,,,
2018-06-26 15:00:00,,,,,
2018-06-26 18:00:00,,,,,
2018-06-26 21:00:00,,,,,
2018-06-27 00:00:00,,,,,
2018-06-27 03:00:00,,,,,
2018-06-27 06:00:00,,,,,
2018-06-27 09:00:00,,,,,
2018-06-27 12:00:00,,,,,
2018-06-27 15:00:00,,,,,
2018-06-27 18:00:00,,,,,
2018-06-27 21:00:00,,,,,
2018-06-28 00:00:00,,,,,
2018-06-28 03:00:00,,,,,
2018-06-28 06:00:00,,,,,
2018-06-28 09:00:00,,,,,
2018-06-28 12:00:00,,,,,
2018-06-28 15:00:00,,,,,
2018-06-28 18:00:00,,,,,
2018-06-28 21:00:00,,,,,
2018-06-29 00:00:00,,,,,
2018-06-29 03:00:00,,,,,
2018-06-29 06:00:00,,,,,
2018-06-29 09:00:00,,,,,
2018-06-29 12:00:00,,,,,
2018-06-29 15:00:00,,,,,
2018-06-29 18:00:00,,,,,
2018-06-29 21:00:00,,,,,
2018-06-30 00:00:00,,,,,
2018-06-30 03:00:00,,,,,
2018-06-30 06:00:00,,,,,
2018-06-30 09:00:00,,,,,
2018-06-30 12:00:00,,,,,
2018-06-30 15:00:00,,,,,
2018-06-30 18:00:00,,,,,
2018-06-30 21:00:00,,,,,
2018-07-01 00:00:00,,,,,
2018-07-01 03:00:00,,,,,
2018-07-01 06:00:00,,,,,
2018-07-01 09:00:00,,,,,
2018-07-01 12:00:00,,,,,
2018-07-01 15:00:00,,,,,
2018-07-01 18:00:00,,,,,
2018-07-01 21:00:00,,,,,
2018-07-02 00:00:00,,,,,
2018-07-02 03:00:00,,,,,
2018-07-02 06:00:00,,,,,
2018-07-02 09:00:00,,,,,
2018-07-02 12:00:00,,,,,
2018-07-02 15:00:00,,,,,
2018-07-02 18:00:00,,,,,
2018-07-02 21:00:00,,,,,
2018-07-03 00:00:00,,,,,
2018-07-03 03:00:00,,,,,
2018-07-03 06:00:00,,,,,
2018-07-03 09:00:00,,,,,
2018-07-03 12:00:00,,,,,
2018-07-03 15:00:00,,,,,
2018-07-03 18:00:00,,,,,
2018-07-03 21:00:00,,,,,
2018-07-04 00:00:00,,,,,
2018-07-04 03:00:00,,,,,
2018-07-04 06:00:00,,,,,
2018-07-04 09:00:00,,,,,
2018-07-04 12:00:00,,,,,
2018-07-04 15:00:00,,,,,
2018-07-04 18:00:00,,,,,
2018-07-04 21:00:00,,,,,
2018-07-05 00:00:00,,,,,
2018-07-05 03:00:00,,,,,
2018-07-05 06:00:00,,,,,
2018-07-05 09:00:00,,,,,
2018-07-05 12:00:00,,,,,
2018-07-05 15:00:00,,,,,
2018-07-05 18:00:00,,,,,
2018-07-05 21:00:00,,,,,
2018-07-06 00:00:00,,,,,
2018-07-06 03:00:00,,,,,
2018-07-06 06:00:00,,,,,
2018-07-06 09:00:00,,,,,
2018-07-06 12:00:00,,,,,
2018-07-06 15:00:00,,,,,
2018-07-06 18:00:00,,,,,
2018-07-06 21:00:00,,,,,
2018-07-07 00:00:00,,,,,
2018-07-07 03:00:00,,,,,
2018-07-07 06:00:00,,,,,
2018-07-07 09:00:00,,,,,
2018-07-07 12:00:00,,,,,
2018-07-07 15:00:00,,,,,
2018-07-07 18:00:00,,,,,
2018-07-07 21:00:00,,,,,
2018-07-08 00:00:00,,,,,
2018-07-08 03:00:00,,,,,
2018-07-08 06:00:00,,,,,
2018-07-08 09:00:00,,,,,
2018-07-08 12:00:00,,,,,
2018-07-08 15:00:00,,,,,
2018-07-08 18:00:00,,,,,
2018-07-08 21:00:00,,,,,
2018-07-09 00:00:00,,,,,
2018-07-09 03:00:00,,,,,
2018-07-09 06:00:00,,,,,
2018-07-09 09:00:00,,,,,
2018-07-09 12:00:00,,,,,
2018-07-09 15:00:00,,,,,
2018-07-09 18:00:00,,,,,
2018-07-09 21:00:00,,,,,
2018-07-10 00:00:00,,,,,
2018-07-10 03:00:00,,,,,
2018-07-10 06:00:00,,,,,
2018-07-10 09:00:00,,,,,
2018-07-10 12:00:00,,,,,
2018-07-10 15:00:00,,,,,
2018-07-10 18:00:00,,,,,
2018-07-10 21:00:00,,,,,
2018-07-11 00:00:00,,,,,
2018-07-11 03:00:00,,,,,
2018-07-11 06:00:00,,,,,
2018-07-11 09:00:00,,,,,
2018-07-11 12:00:00,,,,,
2018-07-11 15:00:00,,,,,
2018-07-11 18:00:00,,,,,
2018-07-11 21:00:00,,,,,
2018-07-12 00:00:00,,,,,
2018-07-12 03:00:00,,,,,
2018-07-12 06:00:00,,,,,
2018-07-12 09:00:00,,,,,
2018-07-12 12:00:00,,,,,
2018-07-12 15:00:00,,,,,
2018-07-12 18:00:00,,,,,
2018-07-12 21:00:00,,,,,
2018-07-13 00:00:00,,,,,
2018-07-13 03:00:00,,,,,
2018-07-13 06:00:00,,,,,
2018-07-13 09:00:00,,,,,
2018-07-13 12:00:00,,,,,
2018-07-13 15:00:00,,,,,
2018-07-13 18:00:00,,,,,
2018-07-13 21:00:00,,,,,
2018-07-14 00:00:00,,,,,
2018-07-14 03:00:00,,,,,
2018-07-14 06:00:00,,,,,
2018-07-14 09:00:00,,,,,
2018-07-14 12:00:00,,,,,
2018-07-14 15:00:00,,,,,
2018-07-14 18:00:00,,,,,
2018-07-14 21:00:00,,,,,
2018-07-15 00:00:00,,,,,
2018-07-15 03:00:00,,,,,
2018-07-15 06:00:00,,,,,
2018-07-15 09:00:00,,,,,
2018-07-15 12:00:00,,,,,
2018-07-15 15:00:00,,,,,
2018-07-15 18:00:00,,,,,
2018-07-15 21:00:00,,,,,
2018-07-16 00:00:00,,,,,
2018-07-16 03:00:00,,,,,
2018-07-16 06:00:00,,,,,
2018-07-16 09:00:00,,,,,
2018-07-16 12:00:00,,,,,
2018-07-16 15:00:00,,,,,
2018-07-16 18:00:00,,,,,
2018-07-16 21:00:00,,,,,
2018-07-17 00:00:00,,,,,
2018-07-17 03:00:00,,,,,
2018-07-17 06:00:00,,,,,
2018-07-17 09:00:00,,,,,
2018-07-17 12:00:00,,,,,
2018-07-17 15:00:00,,,,,
2018-07-17 18:00:00,,,,,
2018-07-17 21:00:00,,,,,
2018-07-18 00:00:00,,,,,
2018-07-18 03:00:00,,,,,
2018-07-18 06:00:00,,,,,
2018-07-18 09:00:00,,,,,
2018-07-18 12:00:00,,,,,
2018-07-18 15:00:00,,,,,
2018-07-18 18:00:00,,,,,
2018-07-18 21:00:00,,,,,
2018-07-19 00:00:00,,,,,
2018-07-19 03:00:00,,,,,
2018-07-19 06:00:00,,,,,
2018-07-19 09:00:00,,,,,
2018-07-19 12:00:00,,,,,
2018-07-19 15:00:00,,,,,
2018-07-19 18:00:00,,,,,
2018-07-19 21:00:00,,,,,
2018-07-20 00:00:00,,,,,
2018-07-20 03:00:00,,,,,
2018-07-20 06:00:00,,,,,
2018-07-20 09:00:00,,,,,
2018-07-20 12:00:00,,,,,
2018-07-20 15:00:00,,,,,
2018-07-20 18:00:00,,,,,
2018-07-20 21:00:00,,,,,
2018-07-21 00:00:00,,,,,
2018-07-21 03:00:00,,,,,
2018-07-21 06:00:00,,,,,
2018-07-21 09:00:00,,,,,
2018-07-21 12:00:00,,,,,
2018-07-21 15:00:00,,,,,
2018-07-21 18:00:00,,,,,
2018-07-21 21:00:00,,,,,
2018-07-22 00:00:00,,,,,
2018-07-22 03:00:00,,,,,
2018-07-22 06:00:00,,,,,
2018-07-22 09:00:00,,,,,
2018-07-22 12:00:00,,,,,
2018-07-22 15:00:00,,,,,
2018-07-22 18:00:00,,,,,
2018-07-22 21:00:00,,,,,
2018-07-23 00:00:00,,,,,
2018-07-23 03:00:00,,,,,
2018-07-23 06:00:00,,,,,
2018-07-23 09:00:00,,,,,
2018-07-23 12:00:00,,,,,
2018-07-23 15:00:00,,,,,
2018-07-23 18:00:00,,,,,
2018-07-23 21:00:00,,,,,
2018-07-24 00:00:00,,,,,
2018-07-24 03:00:00,,,,,
2018-07-24 06:00:00,,,,,
2018-07-24 09:00:00,,,,,
2018-07-24 12:00:00,,,,,
2018-07-24 15:00:00,,,,,
2018-07-24 18:00:00,,,,,
2018-07-24 21:00:00,,,,,
2018-07-25 00:00:00,,,,,
2018-07-25 03:00:00,,,,,
2018-07-25 06:00:00,,,,,
2018-07-25 09:00:00,,,,,
2018-07-25 12:00:00,,,,,
2018-07-25 15:00:00,,,,,
2018-07-25 18:00:00,,,,,
2018-07-25 21:00:00,,,,,
2018-07-26 00:00:00,,,,,
2018-07-26 03:00:00,,,,,
2018-07-26 06:00:00,,,,,
2018-07-26 09:00:00,,,,,
2018-07-26 12:00:00,,,,,
2018-07-26 15:00:00,,,,,
2018-07-26 18:00:00,,,,,
2018-07-26 21:00:00,,,,,
2018-07-27 00:00:00,,,,,
2018-07-27 03:00:00,,,,,
2018-07-27 06:00:00,,,,,
2018-07-27 09:00:00,,,,,
2018-07-27 12:00:00,,,,,
2018-07-27 15:00:00,,,,,
2018-07-27 18:00:00,,,,,
2018-07-27 21:00:00,,,,,
2018-07-28 00:00:00,,,,,
2018-07-28 03:00:00,,,,,
2018-07-28 06:00:00,,,,,
2018-07-28 09:00:00,,,,,
2018-07-28 12:00:00,,,,,
2018-07-28 15:00:00,,,,,
2018-07-28 18:00:00,,,,,
2018-07-28 21:00:00,,,,,
2018-07-29 00:00:00,,,,,
2018-07-29 03:00:00,,,,,
2018-07-29 06:00:00,,,,,
2018-07-29 09:00:00,,,,,
2018-07-29 12:00:00,,,,,
2018-07-29 15:00:00,,,,,
2018-07-29 18:00:00,,,,,
2018-07-29 21:00:00,,,,,
2018-07-30 00:00:00,,,,,
2018-07-30 03:00:00,,,,,
2018-07-30 06:00:00,,,,,
2018-07-30 09:00:00,,,,,
2018-07-30 12:00:00,,,,,
2018-07-30 15:00:00,,,,,
2018-07-30 18:00:00,,,,,
2018-07-30 21:00:00,,,,,
2018-07-31 00:00:00,,,,,
2018-07-31 03:00:00,,,,,
2018-07-31 06:00:00,,,,,
2018-07-31 09:00:00,,,,,
2018-07-31 12:00:00,,,,,
2018-07-31 15:00:00,,,,,
2018-07-31 18:00:00,,,,,
2018-07-31 21:00:00,,,,,
2018-08-01 00:00:00,,,,,
2018-08-01 03:00:00,,,,,
2018-08-01 06:00:00,,,,,
2018-08-01 09:00:00,,,,,
2018-08-01 12:00:00,,,,,
2018-08-01 15:00:00,,,,,
2018-08-01 18:00:00,,,,,
2018-08-01 21:00:00,,,,,
2018-08-02 00:00:00,,,,,
2018-08-02 03:00:00,,,,,
2018-08-02 06:00:00,,,,,
2018-08-02 09:00:00,,,,,
2018-08-02 12:00:00,,,,,
2018-08-02 15:00:00,,,,,
2018-08-02 18:00:00,,,,,
2018-08-02 21:00:00,,,,,
2018-08-03 00:00:00,,,,,
2018-08-03 03:00:00,,,,,
2018-08-03 06:00:00,,,,,
2018-08-03 09:00:00,,,,,
2018-08-03 12:00:00,,,,,
2018-08-03 15:00:00,,,,,
2018-08-03 18:00:00,,,,,
2018-08-03 21:00:00,,,,,
2018-08-04 00:00:00,,,,,
2018-08-04 03:00:00,,,,,
2018-08-04 06:00:00,,,,,
2018-08-04 09:00:00,,,,,
2018-08-04 12:00:00,,,,,
2018-08-04 15:00:00,,,,,
2018-08-04 18:00:00,,,,,
2018-08-04 21:00:00,,,,,
2018-08-05 00:00:00,,,,,
2018-08-05 03:00:00,,,,,
2018-08-05 06:00:00,,,,,
2018-08-05 09:00:00,,,,,
2018-08-05 12:00:00,,,,,
2018-08-05 15:00:00,,,,,
2018-08-05 18:00:00,,,,,
2018-08-05 21:00:00,,,,,
2018-08-06 00:00:00,,,,,
2018-08-06 03:00:00,,,,,
2018-08-06 06:00:00,,,,,
2018-08-06 09:00:00,,,,,
2018-08-06 12:00:00,,,,,
2018-08-06 15:00:00,,,,,
2018-08-06 18:00:00,,,,,
2018-08-06 21:00:00,,,,,
2018-08-07 00:00:00,,,,,
2018-08-07 03:00:00,,,,,
2018-08-07 06:00:00,,,,,
2018-08-07 09:00:00,,,,,
2018-08-07 12:00:00,,,,,
2018-08-07 15:00:00,,,,,
2018-08-07 18:00:00,,,,,
2018-08-07 21:00:00,,,,,
2018-08-08 00:00:00,,,,,
2018-08-08 03:00:00,,,,,
2018-08-08 06:00:00,,,,,
2018-08-08 09:00:00,,,,,
2018-08-08 12:00:00,,,,,
2018-08-08 15:00:00,,,,,
2018-08-08 18:00:00,,,,,
2018-08-08 21:00:00,,,,,
2018-08-09 00:00:00,,,,,
2018-08-09 03:00:00,,,,,
2018-08-09 06:00:00,,,,,
2018-08-09 09:00:00,,,,,
2018-08-09 12:00:00,,,,,
2018-08-09 15:00:00,,,,,
2018-08-09 18:00:00,,,,,
2018-08-09 21:00:00,,,,,
2018-08-10 00:00:00,,,,,
2018-08-10 03:00:00,,,,,
2018-08-10 06:00:00,,,,,
2018-08-10 09:00:00,,,,,
2018-08-10 12:00:00,,,,,
2018-08-10 15:00:00,,,,,
2018-08-10 18:00:00,,,,,
2018-08-10 21:00:00,,,,,
2018-08-11 00:00:00,,,,,
2018-08-11 03:00:00,,,,,
2018-08-11 06:00:00,,,,,
2018-08-11 09:00:00,,,,,
2018-08-11 12:00:00,,,,,
2018-08-11 15:00:00,,,,,
2018-08-11 18:00:00,,,,,
2018-08-11 21:00:00,,,,,
2018-08-12 00:00:00,,,,,
2018-08-12 03:00:00,,,,,
2018-08-12 06:00:00,,,,,
2018-08-12 09:00:00,,,,,
2018-08-12 12:00:00,,,,,
2018-08-12 15:00:00,,,,,
2018-08-12 18:00:00,,,,,
2018-08-12 21:00:00,,,,,
2018-08-13 00:00:00,,,,,
2018-08-13 03:00:00,,,,,
2018-08-13 06:00:00,,,,,
2018-08-13 09:00:00,,,,,
2018-08-13 12:00:00,,,,,
2018-08-13 15:00:00,,,,,
2018-08-13 18:00:00,,,,,
2018-08-13 21:00:00,,,,,
2018-08-14 00:00:00,,,,,
2018-08-14 03:00:00,,,,,
2018-08-14 06:00:00,,,,,
2018-08-14 09:00:00,,,,,
2018-08-14 12:00:00,,,,,
2018-08-14 15:00:00,,,,,
2018-08-14 18:00:00,,,,,
2018-08-14 21:00:00,,,,,
2018-08-15 00:00:00,,,,,
2018-08-15 03:00:00,,,,,
2018-08-15 06:00:00,,,,,
2018-08-15 09:00:00,,,,,
2018-08-15 12:00:00,,,,,
2018-08-15 15:00:00,,,,,
2018-08-15 18:00:00,,,,,
2018-08-15 21:00:00,,,,,
2018-08-16 00:00:00,,,,,
2018-08-16 03:00:00,,,,,
2018-08-16 06:00:00,,,,,
2018-08-16 09:00:00,,,,,
2018-08-16 12:00:00,,,,,
2018-08-16 15:00:00,,,,,
2018-08-16 18:00:00,,,,,
2018-08-16 21:00:00,,,,,
2018-08-17 00:00:00,,,,,
2018-08-17 03:00:00,,,,,
2018-08-17 06:00:00,,,,,
2018-08-17 09:00:00,,,,,
2018-08-17 12:00:00,,,,,
2018-08-17 15:00:00,,,,,
2018-08-17 18:00:00,,,,,
2018-08-17 21:00:00,,,,,
2018-08-18 00:00:00,,,,,
2018-08-18 03:00:00,,,,,
2018-08-18 06:00:00,,,,,
2018-08-18 09:00:00,,,,,
2018-08-18 12:00:00,,,,,
2018-08-18 15:00:00,,,,,
2018-08-18 18:00:00,,,,,
2018-08-18 21:00:00,,,,,
2018-08-19 00:00:00,,,,,
2018-08-19 03:00:00,,,,,
2018-08-19 06:00:00,,,,,
2018-08-19 09:00:00,,,,,
2018-08-19 12:00:00,,,,,
2018-08-19 15:00:00,,,,,
2018-08-19 18:00:00,,,,,
2018-08-19 21:00:00,,,,,
2018-08-20 00:00:00,,,,,
2018-08-20 03:00:00,,,,,
2018-08-20 06:00:00,,,,,
2018-08-20 09:00:00,,,,,
2018-08-20 12:00:00,,,,,
2018-08-20 15:00:00,,,,,
2018-08-20 18:00:00,,,,,
2018-08-20 21:00:00,,,,,
2018-08-21 00:00:00,,,,,
2018-08-21 03:00:00,,,,,
2018-08-21 06:00:00,,,,,
2018-08-21 09:00:00,,,,,
2018-08-21 12:00:00,,,,,
2018-08-21 15:00:00,,,,,
2018-08-21 18:00:00,,,,,
2018-08-21 21:00:00,,,,,
2018-08-22 00:00:00,,,,,
2018-08-22 03:00:00,,,,,
2018-08-22 06:00:00,,,,,
2018-08-22 09:00:00,,,,,
2018-08-22 12:00:00,,,,,
2018-08-22 15:00:00,,,,,
2018-08-22 18:00:00,,,,,
2018-08-22 21:00:00,,,,,
2018-08-23 00:00:00,,,,,
2018-08-23 03:00:00,,,,,
2018-08-23 06:00:00,,,,,
2018-08-23 09:00:00,,,,,
2018-08-23 12:00:00,,,,,
2018-08-23 15:00:00,,,,,
2018-08-23 18:00:00,,,,,
2018-08-23 21:00:00,,,,,
2018-08-24 00:00:00,,,,,
2018-08-24 03:00:00,,,,,
2018-08-24 06:00:00,,,,,
2018-08-24 09:00:00,,,,,
2018-08-24 12:00:00,,,,,
2018-08-24 15:00:00,,,,,
2018-08-24 18:00:00,,,,,
2018-08-24 21:00:00,,,,,
2018-08-25 00:00:00,,,,,
2018-08-25 03:00:00,,,,,
2018-08-25 06:00:00,,,,,
2018-08-25 09:00:00,,,,,
2018-08-25 12:00:00,,,,,
2018-08-25 15:00:00,,,,,
2018-08-25 18:00:00,,,,,
2018-08-25 21:00:00,,,,,
2018-08-26 00:00:00,,,,,
2018-08-26 03:00:00,,,,,
2018-08-26 06:00:00,,,,,
2018-08-26 09:00:00,,,,,
2018-08-26 12:00:00,,,,,
2018-08-26 15:00:00,,,,,
2018-08-26 18:00:00,,,,,
2018-08-26 21:00:00,,,,,
2018-08-27 00:00:00,,,,,
2018-08-27 03:00:00,,,,,
2018-08-27 06:00:00,,,,,
2018-08-27 09:00:00,,,,,
2018-08-27 12:00:00,,,,,
2018-08-27 15:00:00,,,,,
2018-08-27 18:00:00,,,,,
2018-08-27 21:00:00,,,,,
2018-08-28 00:00:00,,,,,
2018-08-28 03:00:00,,,,,
2018-08-28 06:00:00,,,,,
2018-08-28 09:00:00,,,,,
2018-08-28 12:00:00,,,,,
2018-08-28 15:00:00,,,,,
2018-08-28 18:00:00,,,,,
2018-08-28 21:00:00,,,,,
2018-08-29 00:00:00,,,,,
2018-08-29 03:00:00,,,,,
2018-08-29 06:00:00,,,,,
2018-08-29 09:00:00,,,,,
2018-08-29 12:00:00,,,,,
2018-08-29 15:00:00,,,,,
2018-08-29 18:00:00,,,,,
2018-08-29 21:00:00,,,,,
2018-08-30 00:00:00,,,,,
2018-08-30 03:00:00,,,,,
2018-08-30 06:00:00,,,,,
2018-08-30 09:00:00,,,,,
2018-08-30 12:00:00,,,,,
2018-08-30 15:00:00,,,,,
2018-08-30 18:00:00,,,,,
2018-08-30 21:00:00,,,,,
2018-08-31 00:00:00,,,,,
2018-08-31 03:00:00,,,,,
2018-08-31 06:00:00,,,,,
2018-08-31 09:00:00,,,,,
2018-08-31 12:00:00,,,,,
2018-08-31 15:00:00,,,,,
2018-08-31 18:00:00,,,,,
2018-08-31 21:00:00,,,,,
2018-09-01 00:00:00,,,,,
2018-09-01 03:00:00,,,,,
2018-09-01 06:00:00,,,,,
2018-09-01 09:00:00,,,,,
2018-09-01 12:00:00,,,,,
2018-09-01 15:00:00,,,,,
2018-09-01 18:00:00,,,,,
2018-09-01 21:00:00,,,,,
2018-09-02 00:00:00,,,,,
2018-09-02 03:00:00,,,,,
2018-09-02 06:00:00,,,,,
2018-09-02 09:00:00,,,,,
2018-09-02 12:00:00,,,,,
2018-09-02 15:00:00,,,,,
2018-09-02 18:00:00,,,,,
2018-09-02 21:00:00,,,,,
2018-09-03 00:00:00,,,,,
2018-09-03 03:00:00,,,,,
2018-09-03 06:00:00,,,,,
2018-09-03 09:00:00,,,,,
2018-09-03 12:00:00,,,,,
2018-09-03 15:00:00,,,,,
2018-09-03 18:00:00,,,,,
2018-09-03 21:00:00,,,,,
2018-09-04 00:00:00,,,,,
2018-09-04 03:00:00,,,,,
2018-09-04 06:00:00,,,,,
2018-09-04 09:00:00,,,,,
2018-09-04 12:00:00,,,,,
2018-09-04 15:00:00,,,,,
2018-09-04 18:00:00,,,,,
2018-09-04 21:00:00,,,,,
2018-09-05 00:00:00,,,,,
2018-09-05 03:00:00,,,,,
2018-09-05 06:00:00,,,,,
2018-09-05 09:00:00,,,,,
2018-09-05 12:00:00,,,,,
2018-09-05 15:00:00,,,,,
2018-09-05 18:00:00,,,,,
2018-09-05 21:00:00,,,,,
2018-09-06 00:00:00,,,,,
2018-09-06 03:00:00,,,,,
2018-09-06 06:00:00,,,,,
2018-09-06 09:00:00,,,,,
2018-09-06 12:00:00,,,,,
2018-09-06 15:00:00,,,,,
2018-09-06 18:00:00,,,,,
2018-09-06 21:00:00,,,,,
2018-09-07 00:00:00,,,,,
2018-09-07 03:00:00,,,,,
2018-09-07 06:00:00,,,,,
2018-09-07 09:00:00,,,,,
2018-09-07 12:00:00,,,,,
2018-09-07 15:00:00,,,,,
2018-09-07 18:00:00,,,,,
2018-09-07 21:00:00,,,,,
2018-09-08 00:00:00,,,,,
2018-09-08 03:00:00,,,,,
2018-09-08 06:00:00,,,,,
2018-09-08 09:00:00,,,,,
2018-09-08 12:00:00,,,,,
2018-09-08 15:00:00,,,,,
2018-09-08 18:00:00,,,,,
2018-09-08 21:00:00,,,,,
2018-09-09 00:00:00,,,,,
2018-09-09 03:00:00,,,,,
2018-09-09 06:00:00,,,,,
2018-09-09 09:00:00,,,,,
2018-09-09 12:00:00,,,,,
2018-09-09 15:00:00,,,,,
2018-09-09 18:00:00,,,,,
2018-09-09 21:00:00,,,,,
2018-09-10 00:00:00,,,,,
2018-09-10 03:00:00,,,,,
2018-09-10 06:00:00,,,,,
2018-09-10 09:00:00,,,,,
2018-09-10 12:00:00,,,,,
2018-09-10 15:00:00,,,,,
2018-09-10 18:00:00,,,,,
2018-09-10 21:00:00,,,,,
2018-09-11 00:00:00,,,,,
2018-09-11 03:00:00,,,,,
2018-09-11 06:00:00,,,,,
2018-09-11 09:00:00,,,,,
2018-09-11 12:00:00,,,,,
2018-09-11 15:00:00,,,,,
2018-09-11 18:00:00,,,,,
2018-09-11 21:00:00,,,,,
2018-09-12 00:00:00,,,,,
2018-09-12 03:00:00,,,,,
2018-09-12 06:00:00,,,,,
2018-09-12 09:00:00,,,,,
2018-09-12 12:00:00,,,,,
2018-09-12 15:00:00,,,,,
2018-09-12 18:00:00,,,,,
2018-09-12 21:00:00,,,,,
2018-09-13 00:00:00,,,,,
2018-09-13 03:00:00,,,,,
2018-09-13 06:00:00,,,,,
2018-09-13 09:00:00,,,,,
2018-09-13 12:00:00,,,,,
2018-09-13 15:00:00,,,,,
2018-09-13 18:00:00,,,,,
2018-09-13 21:00:00,,,,,
2018-09-14 00:00:00,,,,,
2018-09-14 03:00:00,,,,,
2018-09-14 06:00:00,,,,,
2018-09-14 09:00:00,,,,,
2018-09-14 12:00:00,,,,,
2018-09-14 15:00:00,,,,,
2018-09-14 18:00:00,,,,,
2018-09-14 21:00:00,,,,,
2018-09-15 00:00:00,,,,,
2018-09-15 03:00:00,,,,,
2018-09-15 06:00:00,,,,,
2018-09-15 09:00:00,,,,,
2018-09-15 12:00:00,,,,,
2018-09-15 15:00:00,,,,,
2018-09-15 18:00:00,,,,,
2018-09-15 21:00:00,,,,,
2018-09-16 00:00:00,,,,,
2018-09-16 03:00:00,,,,,
2018-09-16 06:00:00,,,,,
2018-09-16 09:00:00,,,,,
2018-09-16 12:00:00,,,,,
2018-09-16 15:00:00,,,,,
2018-09-16 18:00:00,,,,,
2018-09-16 21:00:00,,,,,
2018-09-17 00:00:00,,,,,
2018-09-17 03:00:00,,,,,
2018-09-17 06:00:00,,,,,
2018-09-17 09:00:00,,,,,
2018-09-17 12:00:00,,,,,
2018-09-17 15:00:00,,,,,
2018-09-17 18:00:00,,,,,
2018-09-17 21:00:00,,,,,
2018-09-18 00:00:00,,,,,
2018-09-18 03:00:00,,,,,
2018-09-18 06:00:00,,,,,
2018-09-18 09:00:00,,,,,
2018-09-18 12:00:00,,,,,
2018-09-18 15:00:00,,,,,
2018-09-18 18:00:00,,,,,
2018-09-18 21:00:00,,,,,
2018-09-19 00:00:00,,,,,
2018-09-19 03:00:00,,,,,
2018-09-19 06:00:00,,,,,
2018-09-19 09:00:00,,,,,
2018-09-19 12:00:00,,,,,
2018-09-19 15:00:00,,,,,
2018-09-19 18:00:00,,,,,
2018-09-19 21:00:00,,,,,
2018-09-20 00:00:00,,,,,
2018-09-20 03:00:00,,,,,
2018-09-20 06:00:00,,,,,
2018-09-20 09:00:00,,,,,
2018-09-20 12:00:00,,,,,
2018-09-20 15:00:00,,,,,
2018-09-20 18:00:00,,,,,
2018-09-20 21:00:00,,,,,
2018-09-21 00:00:00,,,,,
2018-09-21 03:00:00,,,,,
2018-09-21 06:00:00,,,,,
2018-09-21 09:00:00,,,,,
2018-09-21 12:00:00,,,,,
2018-09-21 15:00:00,,,,,
2018-09-21 18:00:00,,,,,
2018-09-21 21:00:00,,,,,
2018-09-22 00:00:00,,,,,
2018-09-22 03:00:00,,,,,
2018-09-22 06:00:00,,,,,
2018-09-22 09:00:00,,,,,
2018-09-22 12:00:00,,,,,
2018-09-22 15:00:00,,,,,
2018-09-22 18:00:00,,,,,
2018-09-22 21:00:00,,,,,
2018-09-23 00:00:00,,,,,
2018-09-23 03:00:00,,,,,
2018-09-23 06:00:00,,,,,
2018-09-23 09:00:00,,,,,
2018-09-23 12:00:00,,,,,
2018-09-23 15:00:00,,,,,
2018-09-23 18:00:00,,,,,
2018-09-23 21:00:00,,,,,
2018-09-24 00:00:00,,,,,
2018-09-24 03:00:00,,,,,
2018-09-24 06:00:00,,,,,
2018-09-24 09:00:00,,,,,
2018-09-24 12:00:00,,,,,
2018-09-24 15:00:00,,,,,
2018-09-24 18:00:00,,,,,
2018-09-24 21:00:00,,,,,
2018-09-25 00:00:00,,,,,
2018-09-25 03:00:00,,,,,
2018-09-25 06:00:00,,,,,
2018-09-25 09:00:00,,,,,
2018-09-25 12:00:00,,,,,
2018-09-25 15:00:00,,,,,
2018-09-25 18:00:00,,,,,
2018-09-25 21:00:00,,,,,
2018-09-26 00:00:00,,,,,
2018-09-26 03:00:00,,,,,
2018-09-26 06:00:00,,,,,
2018-09-26 09:00:00,,,,,
2018-09-26 12:00:00,,,,,
2018-09-26 15:00:00,,,,,
2018-09-26 18:00:00,,,,,
2018-09-26 21:00:00,,,,,
2018-09-27 00:00:00,,,,,
2018-09-27 03:00:00,,,,,
2018-09-27 06:00:00,,,,,
2018-09-27 09:00:00,,,,,
2018-09-27 12:00:00,,,,,
2018-09-27 15:00:00,,,,,
2018-09-27 18:00:00,,,,,
2018-09-27 21:00:00,,,,,
2018-09-28 00:00:00,,,,,
2018-09-28 03:00:00,,,,,
2018-09-28 06:00:00,,,,,
2018-09-28 09:00:00,,,,,
2018-09-28 12:00:00,,,,,
2018-09-28 15:00:00,,,,,
2018-09-28 18:00:00,,,,,
2018-09-28 21:00:00,,,,,
2018-09-29 00:00:00,,,,,
2018-09-29 03:00:00,,,,,
2018-09-29 06:00:00,,,,,
2018-09-29 09:00:00,,,,,
2018-09-29 12:00:00,,,,,
2018-09-29 15:00:00,,,,,
2018-09-29 18:00:00,,,,,
2018-09-29 21:00:00,,,,,
2018-09-30 00:00:00,,,,,
2018-09-30 03:00:00,,,,,
2018-09-30 06:00:00,,,,,
2018-09-30 09:00:00,,,,,
2018-09-30 12:00:00,,,,,
2018-09-30 15:00:00,,,,,
2018-09-30 18:00:00,,,,,
2018-09-30 21:00:00,,,,,
2018-10-01 00:00:00,,,,,
2018-10-01 03:00:00,,,,,
2018-10-01 06:00:00,,,,,
2018-10-01 09:00:00,,,,,
2018-10-01 12:00:00,,,,,
2018-10-01 15:00:00,,,,,
2018-10-01 18:00:00,,,,,
2018-10-01 21:00:00,,,,,
2018-10-02 00:00:00,,,,,
2018-10-02 03:00:00,,,,,
2018-10-02 06:00:00,,,,,
2018-10-02 09:00:00,,,,,
2018-10-02 12:00:00,,,,,
2018-10-02 15:00:00,,,,,
2018-10-02 18:00:00,,,,,
2018-10-02 21:00:00,,,,,
2018-10-03 00:00:00,,,,,
2018-10-03 03:00:00,,,,,
2018-10-03 06:00:00,,,,,
2018-10-03 09:00:00,,,,,
2018-10-03 12:00:00,,,,,
2018-10-03 15:00:00,,,,,
2018-10-03 18:00:00,,,,,
2018-10-03 21:00:00,,,,,
2018-10-04 00:00:00,,,,,
2018-10-04 03:00:00,,,,,
2018-10-04 06:00:00,,,,,
2018-10-04 09:00:00,,,,,
2018-10-04 12:00:00,,,,,
2018-10-04 15:00:00,,,,,
2018-10-04 18:00:00,,,,,
2018-10-04 21:00:00,,,,,
2018-10-05 00:00:00,,,,,
2018-10-05 03:00:00,,,,,
2018-10-05 06:00:00,,,,,
2018-10-05 09:00:00,,,,,
2018-10-05 12:00:00,,,,,
2018-10-05 15:00:00,,,,,
2018-10-05 18:00:00,,,,,
2018-10-05 21:00:00,,,,,
2018-10-06 00:00:00,,,,,
2018-10-06 03:00:00,,,,,
2018-10-06 06:00:00,,,,,
2018-10-06 09:00:00,,,,,
2018-10-06 12:00:00,,,,,
2018-10-06 15:00:00,,,,,
2018-10-06 18:00:00,,,,,
2018-10-06 21:00:00,,,,,
2018-10-07 00:00:00,,,,,
2018-10-07 03:00:00,,,,,
2018-10-07 06:00:00,,,,,
2018-10-07 09:00:00,,,,,
2018-10-07 12:00:00,,,,,
2018-10-07 15:00:00,,,,,
2018-10-07 18:00:00,,,,,
2018-10-07 21:00:00,,,,,
2018-10-08 00:00:00,,,,,
2018-10-08 03:00:00,,,,,
2018-10-08 06:00:00,,,,,
2018-10-08 09:00:00,,,,,
2018-10-08 12:00:00,,,,,
2018-10-08 15:00:00,,,,,
2018-10-08 18:00:00,,,,,
2018-10-08 21:00:00,,,,,
2018-10-09 00:00:00,,,,,
2018-10-09 03:00:00,,,,,
2018-10-09 06:00:00,,,,,
2018-10-09 09:00:00,,,,,
2018-10-09 12:00:00,,,,,
2018-10-09 15:00:00,,,,,
2018-10-09 18:00:00,,,,,
2018-10-09 21:00:00,,,,,
2018-10-10 00:00:00,,,,,
2018-10-10 03:00:00,,,,,
2018-10-10 06:00:00,,,,,
2018-10-10 09:00:00,,,,,
2018-10-10 12:00:00,,,,,
2018-10-10 15:00:00,,,,,
2018-10-10 18:00:00,,,,,
2018-10-10 21:00:00,,,,,
2018-10-11 00:00:00,,,,,
2018-10-11 03:00:00,,,,,
2018-10-11 06:00:00,,,,,
2018-10-11 09:00:00,,,,,
2018-10-11 12:00:00,,,,,
2018-10-11 15:00:00,,,,,
2018-10-11 18:00:00,,,,,
2018-10-11 21:00:00,,,,,
2018-10-12 00:00:00,,,,,
2018-10-12 03:00:00,,,,,
2018-10-12 06:00:00,,,,,
2018-10-12 09:00:00,,,,,
2018-10-12 12:00:00,,,,,
2018-10-12 15:00:00,,,,,
2018-10-12 18:00:00,,,,,
2018-10-12 21:00:00,,,,,
2018-10-13 00:00:00,,,,,
2018-10-13 03:00:00,,,,,
2018-10-13 06:00:00,,,,,
2018-10-13 09:00:00,,,,,
2018-10-13 12:00:00,,,,,
2018-10-13 15:00:00,,,,,
2018-10-13 18:00:00,,,,,
2018-10-13 21:00:00,,,,,
2018-10-14 00:00:00,,,,,
2018-10-14 03:00:00,,,,,
2018-10-14 06:00:00,,,,,
2018-10-14 09:00:00,,,,,
2018-10-14 12:00:00,,,,,
2018-10-14 15:00:00,,,,,
2018-10-14 18:00:00,,,,,
2018-10-14 21:00:00,,,,,
2018-10-15 00:00:00,,,,,
2018-10-15 03:00:00,,,,,
2018-10-15 06:00:00,,,,,
2018-10-15 09:00:00,,,,,
2018-10-15 12:00:00,,,,,
2018-10-15 15:00:00,,,,,
2018-10-15 18:00:00,,,,,
2018-10-15 21:00:00,,,,,
2018-10-16 00:00:00,,,,,
2018-10-16 03:00:00,,,,,
2018-10-16 06:00:00,,,,,
2018-10-16 09:00:00,,,,,
2018-10-16 12:00:00,,,,,
2018-10-16 15:00:00,,,,,
2018-10-16 18:00:00,,,,,
2018-10-16 21:00:00,,,,,
2018-10-17 00:00:00,,,,,
2018-10-17 03:00:00,,,,,
2018-10-17 06:00:00,,,,,
2018-10-17 09:00:00,,,,,
2018-10-17 12:00:00,,,,,
2018-10-17 15:00:00,,,,,
2018-10-17 18:00:00,,,,,
2018-10-17 21:00:00,,,,,
2018-10-18 00:00:00,,,,,
2018-10-18 03:00:00,,,,,
2018-10-18 06:00:00,,,,,
2018-10-18 09:00:00,,,,,
2018-10-18 12:00:00,,,,,
2018-10-18 15:00:00,,,,,
2018-10-18 18:00:00,,,,,
2018-10-18 21:00:00,,,,,
2018-10-19 00:00:00,,,,,
2018-10-19 03:00:00,,,,,
2018-10-19 06:00:00,,,,,
2018-10-19 09:00:00,,,,,
2018-10-19 12:00:00,,,,,
2018-10-19 15:00:00,,,,,
2018-10-19 18:00:00,,,,,
2018-10-19 21:00:00,,,,,
2018-10-20 00:00:00,,,,,
2018-10-20 03:00:00,,,,,
2018-10-20 06:00:00,,,,,
2018-10-20 09:00:00,,,,,
2018-10-20 12:00:00,,,,,
2018-10-20 15:00:00,,,,,
2018-10-20 18:00:00,,,,,
2018-10-20 21:00:00,,,,,
2018-10-21 00:00:00,,,,,
2018-10-21 03:00:00,,,,,
2018-10-21 06:00:00,,,,,
2018-10-21 09:00:00,,,,,
2018-10-21 12:00:00,,,,,
2018-10-21 15:00:00,,,,,
2018-10-21 18:00:00,,,,,
2018-10-21 21:00:00,,,,,
2018-10-22 00:00:00,,,,,
2018-10-22 03:00:00,,,,,
2018-10-22 06:00:00,,,,,
2018-10-22 09:00:00,,,,,
2018-10-22 12:00:00,,,,,
2018-10-22 15:00:00,,,,,
2018-10-22 18:00:00,,,,,
2018-10-22 21:00:00,,,,,
2018-10-23 00:00:00,,,,,
2018-10-23 03:00:00,,,,,
2018-10-23 06:00:00,,,,,
2018-10-23 09:00:00,,,,,
2018-10-23 12:00:00,,,,,
2018-10-23 15:00:00,,,,,
2018-10-23 18:00:00,,,,,
2018-10-23 21:00:00,,,,,
2018-10-24 00:00:00,,,,,
2018-10-24 03:00:00,,,,,
2018-10-24 06:00:00,,,,,
2018-10-24 09:00:00,,,,,
2018-10-24 12:00:00,,,,,
2018-10-24 15:00:00,,,,,
2018-10-24 18:00:00,,,,,
2018-10-24 21:00:00,,,,,
2018-10-25 00:00:00,,,,,
2018-10-25 03:00:00,,,,,
2018-10-25 06:00:00,,,,,
2018-10-25 09:00:00,,,,,
2018-10-25 12:00:00,,,,,
2018-10-25 15:00:00,,,,,
2018-10-25 18:00:00,,,,,
2018-10-25 21:00:00,,,,,
2018-10-26 00:00:00,,,,,
2018-10-26 03:00:00,,,,,
2018-10-26 06:00:00,,,,,
2018-10-26 09:00:00,,,,,
2018-10-26 12:00:00,,,,,
2018-10-26 15:00:00,,,,,
2018-10-26 18:00:00,,,,,
2018-10-26 21:00:00,,,,,
2018-10-27 00:00:00,,,,,
2018-10-27 03:00:00,,,,,
2018-10-27 06:00:00,,,,,
2018-10-27 09:00:00,,,,,
2018-10-27 12:00:00,,,,,
2018-10-27 15:00:00,,,,,
2018-10-27 18:00:00,,,,,
2018-10-27 21:00:00,,,,,
2018-10-28 00:00:00,,,,,
2018-10-28 03:00:00,,,,,
2018-10-28 06:00:00,,,,,
2018-10-28 09:00:00,,,,,
2018-10-28 12:00:00,,,,,
2018-10-28 15:00:00,,,,,
2018-10-28 18:00:00,,,,,
2018-10-28 21:00:00,,,,,
2018-10-29 00:00:00,,,,,
2018-10-29 03:00:00,,,,,
2018-10-29 06:00:00,,,,,
2018-10-29 09:00:00,,,,,
2018-10-29 12:00:00,,,,,
2018-10-29 15:00:00,,,,,
2018-10-29 18:00:00,,,,,
2018-10-29 21:00:00,,,,,
2018-10-30 00:00:00,,,,,
2018-10-30 03:00:00,,,,,
2018-10-30 06:00:00,,,,,
2018-10-30 09:00:00,,,,,
2018-10-30 12:00:00,,,,,
2018-10-30 15:00:00,,,,,
2018-10-30 18:00:00,,,,,
2018-10-30 21:00:00,,,,,
2018-10-31 00:00:00,,,,,
2018-10-31 03:00:00,,,,,
2018-10-31 06:00:00,,,,,
2018-10-31 09:00:00,,,,,
2018-10-31 12:00:00,,,,,
2018-10-31 15:00:00,,,,,
2018-10-31 18:00:00,,,,,
2018-10-31 21:00:00,,,,,
2018-11-01 00:00:00,,,,,
2018-11-01 03:00:00,,,,,
2018-11-01 06:00:00,,,,,
2018-11-01 09:00:00,,,,,
2018-11-01 12:00:00,,,,,
2018-11-01 15:00:00,,,,,
2018-11-01 18:00:00,,,,,
2018-11-01 21:00:00,,,,,
2018-11-02 00:00:00,,,,,
2018-11-02 03:00:00,,,,,
2018-11-02 06:00:00,,,,,
2018-11-02 09:00:00,,,,,
2018-11-02 12:00:00,,,,,
2018-11-02 15:00:00,,,,,
2018-11-02 18:00:00,,,,,
2018-11-02 21:00:00,,,,,
2018-11-03 00:00:00,,,,,
2018-11-03 03:00:00,,,,,
2018-11-03 06:00:00,,,,,
2018-11-03 09:00:00,,,,,
2018-11-03 12:00:00,,,,,
2018-11-03 15:00:00,,,,,
2018-11-03 18:00:00,,,,,
2018-11-03 21:00:00,,,,,
2018-11-04 00:00:00,,,,,
2018-11-04 03:00:00,,,,,
2018-11-04 06:00:00,,,,,
2018-11-04 09:00:00,,,,,
2018-11-04 12:00:00,,,,,
2018-11-04 15:00:00,,,,,
2018-11-04 18:00:00,,,,,
2018-11-04 21:00:00,,,,,
2018-11-05 00:00:00,,,,,
2018-11-05 03:00:00,,,,,
2018-11-05 06:00:00,,,,,
2018-11-05 09:00:00,,,,,
2018-11-05 12:00:00,,,,,
2018-11-05 15:00:00,,,,,
2018-11-05 18:00:00,,,,,
2018-11-05 21:00:00,,,,,
2018-11-06 00:00:00,,,,,
2018-11-06 03:00:00,,,,,
2018-11-06 06:00:00,,,,,
2018-11-06 09:00:00,,,,,
2018-11-06 12:00:00,,,,,
2018-11-06 15:00:00,,,,,
2018-11-06 18:00:00,,,,,
2018-11-06 21:00:00,,,,,
2018-11-07 00:00:00,,,,,
2018-11-07 03:00:00,,,,,
2018-11-07 06:00:00,,,,,
2018-11-07 09:00:00,,,,,
2018-11-07 12:00:00,,,,,
2018-11-07 15:00:00,,,,,
2018-11-07 18:00:00,,,,,
2018-11-07 21:00:00,,,,,
2018-11-08 00:00:00,,,,,
2018-11-08 03:00:00,,,,,
2018-11-08 06:00:00,,,,,
2018-11-08 09:00:00,,,,,
2018-11-08 12:00:00,,,,,
2018-11-08 15:00:00,,,,,
2018-11-08 18:00:00,,,,,
2018-11-08 21:00:00,,,,,
2018-11-09 00:00:00,,,,,
2018-11-09 03:00:00,,,,,
2018-11-09 06:00:00,,,,,
2018-11-09 09:00:00,,,,,
2018-11-09 12:00:00,,,,,
2018-11-09 15:00:00,,,,,
2018-11-09 18:00:00,,,,,
2018-11-09 21:00:00,,,,,
2018-11-10 00:00:00,,,,,
2018-11-10 03:00:00,,,,,
2018-11-10 06:00:00,,,,,
2018-11-10 09:00:00,,,,,
2018-11-10 12:00:00,,,,,
2018-11-10 15:00:00,,,,,
2018-11-10 18:00:00,,,,,
2018-11-10 21:00:00,,,,,
2018-11-11 00:00:00,,,,,
2018-11-11 03:00:00,,,,,
2018-11-11 06:00:00,,,,,
2018-11-11 09:00:00,,,,,
2018-11-11 12:00:00,,,,,
2018-11-11 15:00:00,,,,,
2018-11-11 18:00:00,,,,,
2018-11-11 21:00:00,,,,,
2018-11-12 00:00:00,,,,,
2018-11-12 03:00:00,,,,,
2018-11-12 06:00:00,,,,,
2018-11-12 09:00:00,,,,,
2018-11-12 12:00:00,,,,,
2018-11-12 15:00:00,,,,,
2018-11-12 18:00:00,,,,,
2018-11-12 21:00:00,,,,,
2018-11-13 00:00:00,,,,,
2018-11-13 03:00:00,,,,,
2018-11-13 06:00:00,,,,,
2018-11-13 09:00:00,,,,,
2018-11-13 12:00:00,,,,,
2018-11-13 15:00:00,,,,,
2018-11-13 18:00:00,,,,,
2018-11-13 21:00:00,,,,,
2018-11-14 00:00:00,,,,,
2018-11-14 03:00:00,,,,,
2018-11-14 06:00:00,,,,,
2018-11-14 09:00:00,,,,,
2018-11-14 12:00:00,,,,,
2018-11-14 15:00:00,,,,,
2018-11-14 18:00:00,,,,,
2018-11-14 21:00:00,,,,,
2018-11-15 00:00:00,,,,,
2018-11-15 03:00:00,,,,,
2018-11-15 06:00:00,,,,,
2018-11-15 09:00:00,,,,,
2018-11-15 12:00:00,,,,,
2018-11-15 15:00:00,,,,,
2018-11-15 18:00:00,,,,,
2018-11-15 21:00:00,,,,,
2018-11-16 00:00:00,,,,,
2018-11-16 03:00:00,,,,,
2018-11-16 06:00:00,,,,,
2018-11-16 09:00:00,,,,,
2018-11-16 12:00:00,,,,,
2018-11-16 15:00:00,,,,,
2018-11-16 18:00:00,,,,,
2018-11-16 21:00:00,,,,,
2018-11-17 00:00:00,,,,,
2018-11-17 03:00:00,,,,,
2018-11-17 06:00:00,,,,,
2018-11-17 09:00:00,,,,,
2018-11-17 12:00:00,,,,,
2018-11-17 15:00:00,,,,,
2018-11-17 18:00:00,,,,,
2018-11-17 21:00:00,,,,,
2018-11-18 00:00:00,,,,,
2018-11-18 03:00:00,,,,,
2018-11-18 06:00:00,,,,,
2018-11-18 09:00:00,,,,,
2018-11-18 12:00:00,,,,,
2018-11-18 15:00:00,,,,,
2018-11-18 18:00:00,,,,,
2018-11-18 21:00:00,,,,,
2018-11-19 00:00:00,,,,,
2018-11-19 03:00:00,,,,,
2018-11-19 06:00:00,,,,,
2018-11-19 09:00:00,,,,,
2018-11-19 12:00:00,,,,,
2018-11-19 15:00:00,,,,,
2018-11-19 18:00:00,,,,,
2018-11-19 21:00:00,,,,,
2018-11-20 00:00:00,,,,,
2018-11-20 03:00:00,,,,,
2018-11-20 06:00:00,,,,,
2018-11-20 09:00:00,,,,,
2018-11-20 12:00:00,,,,,
2018-11-20 15:00:00,,,,,
2018-11-20 18:00:00,,,,,
2018-11-20 21:00:00,,,,,
2018-11-21 00:00:00,,,,,
2018-11-21 03:00:00,,,,,
2018-11-21 06:00:00,,,,,
2018-11-21 09:00:00,,,,,
2018-11-21 12:00:00,,,,,
2018-11-21 15:00:00,,,,,
2018-11-21 18:00:00,,,,,
2018-11-21 21:00:00,,,,,
2018-11-22 00:00:00,,,,,
2018-11-22 03:00:00,,,,,
2018-11-22 06:00:00,,,,,
2018-11-22 09:00:00,,,,,
2018-11-22 12:00:00,,,,,
2018-11-22 15:00:00,,,,,
2018-11-22 18:00:00,,,,,
2018-11-22 21:00:00,,,,,
2018-11-23 00:00:00,,,,,
2018-11-23 03:00:00,,,,,
2018-11-23 06:00:00,,,,,
2018-11-23 09:00:00,,,,,
2018-11-23 12:00:00,,,,,
2018-11-23 15:00:00,,,,,
2018-11-23 18:00:00,,,,,
2018-11-23 21:00:00,,,,,
2018-11-24 00:00:00,,,,,
2018-11-24 03:00:00,,,,,
2018-11-24 06:00:00,,,,,
2018-11-24 09:00:00,,,,,
2018-11-24 12:00:00,,,,,
2018-11-24 15:00:00,,,,,
2018-11-24 18:00:00,,,,,
2018-11-24 21:00:00,,,,,
2018-11-25 00:00:00,,,,,
2018-11-25 03:00:00,,,,,
2018-11-25 06:00:00,,,,,
2018-11-25 09:00:00,,,,,
2018-11-25 12:00:00,,,,,
2018-11-25 15:00:00,,,,,
2018-11-25 18:00:00,,,,,
2018-11-25 21:00:00,,,,,
2018-11-26 00:00:00,,,,,
2018-11-26 03:00:00,,,,,
2018-11-26 06:00:00,,,,,
2018-11-26 09:00:00,,,,,
2018-11-26 12:00:00,,,,,
2018-11-26 15:00:00,,,,,
2018-11-26 18:00:00,,,,,
2018-11-26 21:00:00,,,,,
2018-11-27 00:00:00,,,,,
2018-11-27 03:00:00,,,,,
2018-11-27 06:00:00,,,,,
2018-11-27 09:00:00,,,,,
2018-11-27 12:00:00,,,,,
2018-11-27 15:00:00,,,,,
2018-11-27 18:00:00,,,,,
2018-11-27 21:00:00,,,,,
2018-11-28 00:00:00,,,,,
2018-11-28 03:00:00,,,,,
2018-11-28 06:00:00,,,,,
2018-11-28 09:00:00,,,,,
2018-11-28 12:00:00,,,,,
2018-11-28 15:00:00,,,,,
2018-11-28 18:00:00,,,,,
2018-11-28 21:00:00,,,,,
2018-11-29 00:00:00,,,,,
2018-11-29 03:00:00,,,,,
2018-11-29 06:00:00,,,,,
2018-11-29 09:00:00,,,,,
2018-11-29 12:00:00,,,,,
2018-11-29 15:00:00,,,,,
2018-11-29 18:00:00,,,,,
2018-11-29 21:00:00,,,,,
2018-11-30 00:00:00,,,,,
2018-11-30 03:00:00,,,,,
2018-11-30 06:00:00,,,,,
2018-11-30 09:00:00,,,,,
2018-11-30 12:00:00,,,,,
2018-11-30 15:00:00,,,,,
2018-11-30 18:00:00,,,,,
2018-11-30 21:00:00,,,,,
2018-12-01 00:00:00,,,,,
2018-12-01 03:00:00,,,,,
2018-12-01 06:00:00,,,,,
2018-12-01 09:00:00,,,,,
2018-12-01 12:00:00,,,,,
2018-12-01 15:00:00,,,,,
2018-12-01 18:00:00,,,,,
2018-12-01 21:00:00,,,,,
2018-12-02 00:00:00,,,,,
2018-12-02 03:00:00,,,,,
2018-12-02 06:00:00,,,,,
2018-12-02 09:00:00,,,,,
2018-12-02 12:00:00,,,,,
2018-12-02 15:00:00,,,,,
2018-12-02 18:00:00,,,,,
2018-12-02 21:00:00,,,,,
2018-12-03 00:00:00,,,,,
2018-12-03 03:00:00,,,,,
2018-12-03 06:00:00,,,,,
2018-12-03 09:00:00,,,,,
2018-12-03 12:00:00,,,,,
2018-12-03 15:00:00,,,,,
2018-12-03 18:00:00,,,,,
2018-12-03 21:00:00,,,,,
2018-12-04 00:00:00,,,,,
2018-12-04 03:00:00,,,,,
2018-12-04 06:00:00,,,,,
2018-12-04 09:00:00,,,,,
2018-12-04 12:00:00,,,,,
2018-12-04 15:00:00,,,,,
2018-12-04 18:00:00,,,,,
2018-12-04 21:00:00,,,,,
2018-12-05 00:00:00,,,,,
2018-12-05 03:00:00,,,,,
2018-12-05 06:00:00,,,,,
2018-12-05 09:00:00,,,,,
2018-12-05 12:00:00,,,,,
2018-12-05 15:00:00,,,,,
2018-12-05 18:00:00,,,,,
2018-12-05 21:00:00,,,,,
2018-12-06 00:00:00,,,,,
2018-12-06 03:00:00,,,,,
2018-12-06 06:00:00,,,,,
2018-12-06 09:00:00,,,,,
2018-12-06 12:00:00,,,,,
2018-12-06 15:00:00,,,,,
2018-12-06 18:00:00,,,,,
2018-12-06 21:00:00,,,,,
2018-12-07 00:00:00,,,,,
2018-12-07 03:00:00,,,,,
2018-12-07 06:00:00,,,,,
2018-12-07 09:00:00,,,,,
2018-12-07 12:00:00,,,,,
2018-12-07 15:00:00,,,,,
2018-12-07 18:00:00,,,,,
2018-12-07 21:00:00,,,,,
2018-12-08 00:00:00,,,,,
2018-12-08 03:00:00,,,,,
2018-12-08 06:00:00,,,,,
2018-12-08 09:00:00,,,,,
2018-12-08 12:00:00,,,,,
2018-12-08 15:00:00,,,,,
2018-12-08 18:00:00,,,,,
2018-12-08 21:00:00,,,,,
2018-12-09 00:00:00,,,,,
2018-12-09 03:00:00,,,,,
2018-12-09 06:00:00,,,,,
2018-12-09 09:00:00,,,,,
2018-12-09 12:00:00,,,,,
2018-12-09 15:00:00,,,,,
2018-12-09 18:00:00,,,,,
2018-12-09 21:00:00,,,,,
2018-12-10 00:00:00,,,,,
2018-12-10 03:00:00,,,,,
2018-12-10 06:00:00,,,,,
2018-12-10 09:00:00,,,,,
2018-12-10 12:00:00,,,,,
2018-12-10 15:00:00,,,,,
2018-12-10 18:00:00,,,,,
2018-12-10 21:00:00,,,,,
2018-12-11 00:00:00,,,,,
2018-12-11 03:00:00,,,,,
2018-12-11 06:00:00,,,,,
2018-12-11 09:00:00,,,,,
2018-12-11 12:00:00,,,,,
2018-12-11 15:00:00,,,,,
2018-12-11 18:00:00,,,,,
2018-12-11 21:00:00,,,,,
2018-12-12 00:00:00,,,,,
2018-12-12 03:00:00,,,,,
2018-12-12 06:00:00,,,,,
2018-12-12 09:00:00,,,,,
2018-12-12 12:00:00,,,,,
2018-12-12 15:00:00,,,,,
2018-12-12 18:00:00,,,,,
2018-12-12 21:00:00,,,,,
2018-12-13 00:00:00,,,,,
2018-12-13 03:00:00,,,,,
2018-12-13 06:00:00,,,,,
2018-12-13 09:00:00,,,,,
2018-12-13 12:00:00,,,,,
2018-12-13 15:00:00,,,,,
2018-12-13 18:00:00,,,,,
2018-12-13 21:00:00,,,,,
2018-12-14 00:00:00,,,,,
2018-12-14 03:00:00,,,,,
2018-12-14 06:00:00,,,,,
2018-12-14 09:00:00,,,,,
2018-12-14 12:00:00,,,,,
2018-12-14 15:00:00,,,,,
2018-12-14 18:00:00,,,,,
2018-12-14 21:00:00,,,,,
2018-12-15 00:00:00,,,,,
2018-12-15 03:00:00,,,,,
2018-12-15 06:00:00,,,,,
2018-12-15 09:00:00,,,,,
2018-12-15 12:00:00,,,,,
2018-12-15 15:00:00,,,,,
2018-12-15 18:00:00,,,,,
2018-12-15 21:00:00,,,,,
2018-12-16 00:00:00,,,,,
2018-12-16 03:00:00,,,,,
2018-12-16 06:00:00,,,,,
2018-12-16 09:00:00,,,,,
2018-12-16 12:00:00,,,,,
2018-12-16 15:00:00,,,,,
2018-12-16 18:00:00,,,,,
2018-12-16 21:00:00,,,,,
2018-12-17 00:00:00,,,,,
2018-12-17 03:00:00,,,,,
2018-12-17 06:00:00,,,,,
2018-12-17 09:00:00,,,,,
2018-12-17 12:00:00,,,,,
2018-12-17 15:00:00,,,,,
2018-12-17 18:00:00,,,,,
2018-12-17 21:00:00,,,,,
2018-12-18 00:00:00,,,,,
2018-12-18 03:00:00,,,,,
2018-12-18 06:00:00,,,,,
2018-12-18 09:00:00,,,,,
2018-12-18 12:00:00,,,,,
2018-12-18 15:00:00,,,,,
2018-12-18 18:00:00,,,,,
2018-12-18 21:00:00,,,,,
2018-12-19 00:00:00,,,,,
2018-12-19 03:00:00,,,,,
2018-12-19 06:00:00,,,,,
2018-12-19 09:00:00,,,,,
2018-12-19 12:00:00,,,,,
2018-12-19 15:00:00,,,,,
2018-12-19 18:00:00,,,,,
2018-12-19 21:00:00,,,,,
2018-12-20 00:00:00,,,,,
2018-12-20 03:00:00,,,,,
2018-12-20 06:00:00,,,,,
2018-12-20 09:00:00,,,,,
2018-12-20 12:00:00,,,,,
2018-12-20 15:00:00,,,,,
2018-12-20 18:00:00,,,,,
2018-12-20 21:00:00,,,,,
2018-12-21 00:00:00,,,,,
2018-12-21 03:00:00,,,,,
2018-12-21 06:00:00,,,,,
2018-12-21 09:00:00,,,,,
2018-12-21 12:00:00,,,,,
2018-12-21 15:00:00,,,,,
2018-12-21 18:00:00,,,,,
2018-12-21 21:00:00,,,,,
2018-12-22 00:00:00,,,,,
2018-12-22 03:00:00,,,,,
2018-12-22 06:00:00,,,,,
2018-12-22 09:00:00,,,,,
2018-12-22 12:00:00,,,,,
2018-12-22 15:00:00,,,,,
2018-12-22 18:00:00,,,,,
2018-12-22 21:00:00,,,,,
2018-12-23 00:00:00,,,,,
2018-12-23 03:00:00,,,,,
2018-12-23 06:00:00,,,,,
2018-12-23 09:00:00,,,,,
2018-12-23 12:00:00,,,,,
2018-12-23 15:00:00,,,,,
2018-12-23 18:00:00,,,,,
2018-12-23 21:00:00,,,,,
2018-12-24 00:00:00,,,,,
2018-12-24 03:00:00,,,,,
2018-12-24 06:00:00,,,,,
2018-12-24 09:00:00,,,,,
2018-12-24 12:00:00,,,,,
2018-12-24 15:00:00,,,,,
2018-12-24 18:00:00,,,,,
2018-12-24 21:00:00,,,,,
2018-12-25 00:00:00,,,,,
2018-12-25 03:00:00,,,,,
2018-12-25 06:00:00,,,,,
2018-12-25 09:00:00,,,,,
2018-12-25 12:00:00,,,,,
2018-12-25 15:00:00,,,,,
2018-12-25 18:00:00,,,,,
2018-12-25 21:00:00,,,,,
2018-12-26 00:00:00,,,,,
2018-12-26 03:00:00,,,,,
2018-12-26 06:00:00,,,,,
2018-12-26 09:00:00,,,,,
2018-12-26 12:00:00,,,,,
2018-12-26 15:00:00,,,,,
2018-12-26 18:00:00,,,,,
2018-12-26 21:00:00,,,,,
2018-12-27 00:00:00,,,,,
2018-12-27 03:00:00,,,,,
2018-12-27 06:00:00,,,,,
2018-12-27 09:00:00,,,,,
2018-12-27 12:00:00,,,,,
2018-12-27 15:00:00,,,,,
2018-12-27 18:00:00,,,,,
2018-12-27 21:00:00,,,,,
2018-12-28 00:00:00,,,,,
2018-12-28 03:00:00,,,,,
2018-12-28 06:00:00,,,,,
2018-12-28 09:00:00,,,,,
2018-12-28 12:00:00,,,,,
2018-12-28 15:00:00,,,,,
2018-12-28 18:00:00,,,,,
2018-12-28 21:00:00,,,,,
2018-12-29 00:00:00,,,,,
2018-12-29 03:00:00,,,,,
2018-12-29 06:00:00,,,,,
2018-12-29 09:00:00,,,,,
2018-12-29 12:00:00,,,,,
2018-12-29 15:00:00,,,,,
2018-12-29 18:00:00,,,,,
2018-12-29 21:00:00,,,,,
2018-12-30 00:00:00,,,,,
2018-12-30 03:00:00,,,,,
2018-12-30 06:00:00,,,,,
2018-12-30 09:00:00,,,,,
2018-12-30 12:00:00,,,,,
2018-12-30 15:00:00,,,,,
2018-12-30 18:00:00,,,,,
2018-12-30 21:00:00,,,,,
2018-12-31 00:00:00,,,,,
2018-12-31 03:00:00,,,,,
2018-12-31 06:00:00,,,,,
2018-12-31 09:00:00,,,,,
2018-12-31 12:00:00,,,,,
2018-12-31 15:00:00,,,,,
2018-12-31 18:00:00,,,,,
2018-12-31 21:00:00,,,,,
2019-01-01 00:00:00,,,,,
2019-01-01 03:00:00,,,,,
2019-01-01 06:00:00,,,,,
2019-01-01 09:00:00,,,,,
2019-01-01 12:00:00,,,,,
2019-01-01 15:00:00,,,,,
2019-01-01 18:00:00,,,,,
2019-01-01 21:00:00,,,,,
2019-01-02 00:00:00,,,,,
2019-01-02 03:00:00,,,,,
2019-01-02 06:00:00,,,,,
2019-01-02 09:00:00,,,,,
2019-01-02 12:00:00,,,,,
2019-01-02 15:00:00,,,,,
2019-01-02 18:00:00,,,,,
2019-01-02 21:00:00,,,,,
2019-01-03 00:00:00,,,,,
2019-01-03 03:00:00,,,,,
2019-01-03 06:00:00,,,,,
2019-01-03 09:00:00,,,,,
2019-01-03 12:00:00,,,,,
2019-01-03 15:00:00,,,,,
2019-01-03 18:00:00,,,,,
2019-01-03 21:00:00,,,,,
2019-01-04 00:00:00,,,,,
2019-01-04 03:00:00,,,,,
2019-01-04 06:00:00,,,,,
2019-01-04 09:00:00,,,,,
2019-01-04 12:00:00,,,,,
2019-01-04 15:00:00,,,,,
2019-01-04 18:00:00,,,,,
2019-01-04 21:00:00,,,,,
2019-01-05 00:00:00,,,,,
2019-01-05 03:00:00,,,,,
2019-01-05 06:00:00,,,,,
2019-01-05 09:00:00,,,,,
2019-01-05 12:00:00,,,,,
2019-01-05 15:00:00,,,,,
2019-01-05 18:00:00,,,,,
2019-01-05 21:00:00,,,,,
2019-01-06 00:00:00,,,,,
2019-01-06 03:00:00,,,,,
2019-01-06 06:00:00,,,,,
2019-01-06 09:00:00,,,,,
2019-01-06 12:00:00,,,,,
2019-01-06 15:00:00,,,,,
2019-01-06 18:00:00,,,,,
2019-01-06 21:00:00,,,,,
2019-01-07 00:00:00,,,,,
2019-01-07 03:00:00,,,,,
2019-01-07 06:00:00,,,,,
2019-01-07 09:00:00,,,,,
2019-01-07 12:00:00,,,,,
2019-01-07 15:00:00,,,,,
2019-01-07 18:00:00,,,,,
2019-01-07 21:00:00,,,,,
2019-01-08 00:00:00,,,,,
2019-01-08 03:00:00,,,,,
2019-01-08 06:00:00,,,,,
2019-01-08 09:00:00,,,,,
2019-01-08 12:00:00,,,,,
2019-01-08 15:00:00,,,,,
2019-01-08 18:00:00,,,,,
2019-01-08 21:00:00,,,,,
2019-01-09 00:00:00,,,,,
2019-01-09 03:00:00,,,,,
2019-01-09 06:00:00,,,,,
2019-01-09 09:00:00,,,,,
2019-01-09 12:00:00,,,,,
2019-01-09 15:00:00,,,,,
2019-01-09 18:00:00,,,,,
2019-01-09 21:00:00,,,,,
2019-01-10 00:00:00,,,,,
2019-01-10 03:00:00,,,,,
2019-01-10 06:00:00,,,,,
2019-01-10 09:00:00,,,,,
2019-01-10 12:00:00,,,,,
2019-01-10 15:00:00,,,,,
2019-01-10 18:00:00,,,,,
2019-01-10 21:00:00,,,,,
2019-01-11 00:00:00,,,,,
2019-01-11 03:00:00,,,,,
2019-01-11 06:00:00,,,,,
2019-01-11 09:00:00,,,,,
2019-01-11 12:00:00,,,,,
2019-01-11 15:00:00,,,,,
2019-01-11 18:00:00,,,,,
2019-01-11 21:00:00,,,,,
2019-01-12 00:00:00,,,,,
2019-01-12 03:00:00,,,,,
2019-01-12 06:00:00,,,,,
2019-01-12 09:00:00,,,,,
2019-01-12 12:00:00,,,,,
2019-01-12 15:00:00,,,,,
2019-01-12 18:00:00,,,,,
2019-01-12 21:00:00,,,,,
2019-01-13 00:00:00,,,,,
2019-01-13 03:00:00,,,,,
2019-01-13 06:00:00,,,,,
2019-01-13 09:00:00,,,,,
2019-01-13 12:00:00,,,,,
2019-01-13 15:00:00,,,,,
2019-01-13 18:00:00,,,,,
2019-01-13 21:00:00,,,,,
2019-01-14 00:00:00,,,,,
2019-01-14 03:00:00,,,,,
2019-01-14 06:00:00,,,,,
2019-01-14 09:00:00,,,,,
2019-01-14 12:00:00,,,,,
2019-01-14 15:00:00,,,,,
2019-01-14 18:00:00,,,,,
2019-01-14 21:00:00,,,,,
2019-01-15 00:00:00,,,,,
2019-01-15 03:00:00,,,,,
2019-01-15 06:00:00,,,,,
2019-01-15 09:00:00,,,,,
2019-01-15 12:00:00,,,,,
2019-01-15 15:00:00,,,,,
2019-01-15 18:00:00,,,,,
2019-01-15 21:00:00,,,,,
2019-01-16 00:00:00,,,,,
2019-01-16 03:00:00,,,,,
2019-01-16 06:00:00,,,,,
2019-01-16 09:00:00,,,,,
2019-01-16 12:00:00,,,,,
2019-01-16 15:00:00,,,,,
2019-01-16 18:00:00,,,,,
2019-01-16 21:00:00,,,,,
2019-01-17 00:00:00,,,,,
2019-01-17 03:00:00,,,,,
2019-01-17 06:00:00,,,,,
2019-01-17 09:00:00,,,,,
2019-01-17 12:00:00,,,,,
2019-01-17 15:00:00,,,,,
2019-01-17 18:00:00,,,,,
2019-01-17 21:00:00,,,,,
2019-01-18 00:00:00,,,,,
2019-01-18 03:00:00,,,,,
2019-01-18 06:00:00,,,,,
2019-01-18 09:00:00,,,,,
2019-01-18 12:00:00,,,,,
2019-01-18 15:00:00,,,,,
2019-01-18 18:00:00,,,,,
2019-01-18 21:00:00,,,,,
2019-01-19 00:00:00,,,,,
2019-01-19 03:00:00,,,,,
2019-01-19 06:00:00,,,,,
2019-01-19 09:00:00,,,,,
2019-01-19 12:00:00,,,,,
2019-01-19 15:00:00,,,,,
2019-01-19 18:00:00,,,,,
2019-01-19 21:00:00,,,,,
2019-01-20 00:00:00,,,,,
2019-01-20 03:00:00,,,,,
2019-01-20 06:00:00,,,,,
2019-01-20 09:00:00,,,,,
2019-01-20 12:00:00,,,,,
2019-01-20 15:00:00,,,,,
2019-01-20 18:00:00,,,,,
2019-01-20 21:00:00,,,,,
2019-01-21 00:00:00,,,,,
2019-01-21 03:00:00,,,,,
2019-01-21 06:00:00,,,,,
2019-01-21 09:00:00,,,,,
2019-01-21 12:00:00,,,,,
2019-01-21 15:00:00,,,,,
2019-01-21 18:00:00,,,,,
2019-01-21 21:00:00,,,,,
2019-01-22 00:00:00,,,,,
2019-01-22 03:00:00,,,,,
2019-01-22 06:00:00,,,,,
2019-01-22 09:00:00,,,,,
2019-01-22 12:00:00,,,,,
2019-01-22 15:00:00,,,,,
2019-01-22 18:00:00,,,,,
2019-01-22 21:00:00,,,,,
2019-01-23 00:00:00,,,,,
2019-01-23 03:00:00,,,,,
2019-01-23 06:00:00,,,,,
2019-01-23 09:00:00,,,,,
2019-01-23 12:00:00,,,,,
2019-01-23 15:00:00,,,,,
2019-01-23 18:00:00,,,,,
2019-01-23 21:00:00,,,,,
2019-01-24 00:00:00,,,,,
2019-01-24 03:00:00,,,,,
2019-01-24 06:00:00,,,,,
2019-01-24 09:00:00,,,,,
2019-01-24 12:00:00,,,,,
2019-01-24 15:00:00,,,,,
2019-01-24 18:00:00,,,,,
2019-01-24 21:00:00,,,,,
2019-01-25 00:00:00,,,,,
2019-01-25 03:00:00,,,,,
2019-01-25 06:00:00,,,,,
2019-01-25 09:00:00,,,,,
2019-01-25 12:00:00,,,,,
2019-01-25 15:00:00,,,,,
2019-01-25 18:00:00,,,,,
2019-01-25 21:00:00,,,,,
2019-01-26 00:00:00,,,,,
2019-01-26 03:00:00,,,,,
2019-01-26 06:00:00,,,,,
2019-01-26 09:00:00,,,,,
2019-01-26 12:00:00,,,,,
2019-01-26 15:00:00,,,,,
2019-01-26 18:00:00,,,,,
2019-01-26 21:00:00,,,,,
2019-01-27 00:00:00,,,,,
2019-01-27 03:00:00,,,,,
2019-01-27 06:00:00,,,,,
2019-01-27 09:00:00,,,,,
2019-01-27 12:00:00,,,,,
2019-01-27 15:00:00,,,,,
2019-01-27 18:00:00,,,,,
2019-01-27 21:00:00,,,,,
2019-01-28 00:00:00,,,,,
2019-01-28 03:00:00,,,,,
2019-01-28 06:00:00,,,,,
2019-01-28 09:00:00,,,,,
2019-01-28 12:00:00,,,,,
2019-01-28 15:00:00,,,,,
2019-01-28 18:00:00,,,,,
2019-01-28 21:00:00,,,,,
2019-01-29 00:00:00,,,,,
2019-01-29 03:00:00,,,,,
2019-01-29 06:00:00,,,,,
2019-01-29 09:00:00,,,,,
2019-01-29 12:00:00,,,,,
2019-01-29 15:00:00,,,,,
2019-01-29 18:00:00,,,,,
2019-01-29 21:00:00,,,,,
2019-01-30 00:00:00,,,,,
2019-01-30 03:00:00,,,,,
2019-01-30 06:00:00,,,,,
2019-01-30 09:00:00,,,,,
2019-01-30 12:00:00,,,,,
2019-01-30 15:00:00,,,,,
2019-01-30 18:00:00,,,,,
2019-01-30 21:00:00,,,,,
2019-01-31 00:00:00,,,,,
2019-01-31 03:00:00,,,,,
2019-01-31 06:00:00,,,,,
2019-01-31 09:00:00,,,,,
2019-01-31 12:00:00,,,,,
2019-01-31 15:00:00,,,,,
2019-01-31 18:00:00,,,,,
2019-01-31 21:00:00,,,,,
2019-02-01 00:00:00,,,,,
2019-02-01 03:00:00,,,,,
2019-02-01 06:00:00,,,,,
2019-02-01 09:00:00,,,,,
2019-02-01 12:00:00,,,,,
2019-02-01 15:00:00,,,,,
2019-02-01 18:00:00,,,,,
2019-02-01 21:00:00,,,,,
2019-02-02 00:00:00,,,,,
2019-02-02 03:00:00,,,,,
2019-02-02 06:00:00,,,,,
2019-02-02 09:00:00,,,,,
2019-02-02 12:00:00,,,,,
2019-02-02 15:00:00,,,,,
2019-02-02 18:00:00,,,,,
2019-02-02 21:00:00,,,,,
2019-02-03 00:00:00,,,,,
2019-02-03 03:00:00,,,,,
2019-02-03 06:00:00,,,,,
2019-02-03 09:00:00,,,,,
2019-02-03 12:00:00,,,,,
2019-02-03 15:00:00,,,,,
2019-02-03 18:00:00,,,,,
2019-02-03 21:00:00,,,,,
2019-02-04 00:00:00,,,,,
2019-02-04 03:00:00,,,,,
2019-02-04 06:00:00,,,,,
2019-02-04 09:00:00,,,,,
2019-02-04 12:00:00,,,,,
2019-02-04 15:00:00,,,,,
2019-02-04 18:00:00,,,,,
2019-02-04 21:00:00,,,,,
2019-02-05 00:00:00,,,,,
2019-02-05 03:00:00,,,,,
2019-02-05 06:00:00,,,,,
2019-02-05 09:00:00,,,,,
2019-02-05 12:00:00,,,,,
2019-02-05 15:00:00,,,,,
2019-02-05 18:00:00,,,,,
2019-02-05 21:00:00,,,,,
2019-02-06 00:00:00,,,,,
2019-02-06 03:00:00,,,,,
2019-02-06 06:00:00,,,,,
2019-02-06 09:00:00,,,,,
2019-02-06 12:00:00,,,,,
2019-02-06 15:00:00,,,,,
2019-02-06 18:00:00,,,,,
2019-02-06 21:00:00,,,,,
2019-02-07 00:00:00,,,,,
2019-02-07 03:00:00,,,,,
2019-02-07 06:00:00,,,,,
2019-02-07 09:00:00,,,,,
2019-02-07 12:00:00,,,,,
2019-02-07 15:00:00,,,,,
2019-02-07 18:00:00,,,,,
2019-02-07 21:00:00,,,,,
2019-02-08 00:00:00,,,,,
2019-02-08 03:00:00,,,,,
2019-02-08 06:00:00,,,,,
2019-02-08 09:00:00,,,,,
2019-02-08 12:00:00,,,,,
2019-02-08 15:00:00,,,,,
2019-02-08 18:00:00,,,,,
2019-02-08 21:00:00,,,,,
2019-02-09 00:00:00,,,,,
2019-02-09 03:00:00,,,,,
2019-02-09 06:00:00,,,,,
2019-02-09 09:00:00,,,,,
2019-02-09 12:00:00,,,,,
2019-02-09 15:00:00,,,,,
2019-02-09 18:00:00,,,,,
2019-02-09 21:00:00,,,,,
2019-02-10 00:00:00,,,,,
2019-02-10 03:00:00,,,,,
2019-02-10 06:00:00,,,,,
2019-02-10 09:00:00,,,,,
2019-02-10 12:00:00,,,,,
2019-02-10 15:00:00,,,,,
2019-02-10 18:00:00,,,,,
2019-02-10 21:00:00,,,,,
2019-02-11 00:00:00,,,,,
2019-02-11 03:00:00,,,,,
2019-02-11 06:00:00,,,,,
2019-02-11 09:00:00,,,,,
2019-02-11 12:00:00,,,,,
2019-02-11 15:00:00,,,,,
2019-02-11 18:00:00,,,,,
2019-02-11 21:00:00,,,,,
2019-02-12 00:00:00,,,,,
2019-02-12 03:00:00,,,,,
2019-02-12 06:00:00,,,,,
2019-02-12 09:00:00,,,,,
2019-02-12 12:00:00,,,,,
2019-02-12 15:00:00,,,,,
2019-02-12 18:00:00,,,,,
2019-02-12 21:00:00,,,,,
2019-02-13 00:00:00,,,,,
2019-02-13 03:00:00,,,,,
2019-02-13 06:00:00,,,,,
2019-02-13 09:00:00,,,,,
2019-02-13 12:00:00,,,,,
2019-02-13 15:00:00,,,,,
2019-02-13 18:00:00,,,,,
2019-02-13 21:00:00,,,,,
2019-02-14 00:00:00,,,,,
2019-02-14 03:00:00,,,,,
2019-02-14 06:00:00,,,,,
2019-02-14 09:00:00,,,,,
2019-02-14 12:00:00,,,,,
2019-02-14 15:00:00,,,,,
2019-02-14 18:00:00,,,,,
2019-02-14 21:00:00,,,,,
2019-02-15 00:00:00,,,,,
2019-02-15 03:00:00,,,,,
2019-02-15 06:00:00,,,,,
2019-02-15 09:00:00,,,,,
2019-02-15 12:00:00,,,,,
2019-02-15 15:00:00,,,,,
2019-02-15 18:00:00,,,,,
2019-02-15 21:00:00,,,,,
2019-02-16 00:00:00,,,,,
2019-02-16 03:00:00,,,,,
2019-02-16 06:00:00,,,,,
2019-02-16 09:00:00,,,,,
2019-02-16 12:00:00,,,,,
2019-02-16 15:00:00,,,,,
2019-02-16 18:00:00,,,,,
2019-02-16 21:00:00,,,,,
2019-02-17 00:00:00,,,,,
2019-02-17 03:00:00,,,,,
2019-02-17 06:00:00,,,,,
2019-02-17 09:00:00,,,,,
2019-02-17 12:00:00,,,,,
2019-02-17 15:00:00,,,,,
2019-02-17 18:00:00,,,,,
2019-02-17 21:00:00,,,,,
2019-02-18 00:00:00,,,,,
2019-02-18 03:00:00,,,,,
2019-02-18 06:00:00,,,,,
2019-02-18 09:00:00,,,,,
2019-02-18 12:00:00,,,,,
2019-02-18 15:00:00,,,,,
2019-02-18 18:00:00,,,,,
2019-02-18 21:00:00,,,,,
2019-02-19 00:00:00,,,,,
2019-02-19 03:00:00,,,,,
2019-02-19 06:00:00,,,,,
2019-02-19 09:00:00,,,,,
2019-02-19 12:00:00,,,,,
2019-02-19 15:00:00,,,,,
2019-02-19 18:00:00,,,,,
2019-02-19 21:00:00,,,,,
2019-02-20 00:00:00,,,,,
2019-02-20 03:00:00,,,,,
2019-02-20 06:00:00,,,,,
2019-02-20 09:00:00,,,,,
2019-02-20 12:00:00,,,,,
2019-02-20 15:00:00,,,,,
2019-02-20 18:00:00,,,,,
2019-02-20 21:00:00,,,,,
2019-02-21 00:00:00,,,,,
2019-02-21 03:00:00,,,,,
2019-02-21 06:00:00,,,,,
2019-02-21 09:00:00,,,,,
2019-02-21 12:00:00,,,,,
2019-02-21 15:00:00,,,,,
2019-02-21 18:00:00,,,,,
2019-02-21 21:00:00,,,,,
2019-02-22 00:00:00,,,,,
2019-02-22 03:00:00,,,,,
2019-02-22 06:00:00,,,,,
2019-02-22 09:00:00,,,,,
2019-02-22 12:00:00,,,,,
2019-02-22 15:00:00,,,,,
2019-02-22 18:00:00,,,,,
2019-02-22 21:00:00,,,,,
2019-02-23 00:00:00,,,,,
2019-02-23 03:00:00,,,,,
2019-02-23 06:00:00,,,,,
2019-02-23 09:00:00,,,,,
2019-02-23 12:00:00,,,,,
2019-02-23 15:00:00,,,,,
2019-02-23 18:00:00,,,,,
2019-02-23 21:00:00,,,,,
2019-02-24 00:00:00,,,,,
2019-02-24 03:00:00,,,,,
2019-02-24 06:00:00,,,,,
2019-02-24 09:00:00,,,,,
2019-02-24 12:00:00,,,,,
2019-02-24 15:00:00,,,,,
2019-02-24 18:00:00,,,,,
2019-02-24 21:00:00,,,,,
2019-02-25 00:00:00,,,,,
2019-02-25 03:00:00,,,,,
2019-02-25 06:00:00,,,,,
2019-02-25 09:00:00,,,,,
2019-02-25 12:00:00,,,,,
2019-02-25 15:00:00,,,,,
2019-02-25 18:00:00,,,,,
2019-02-25 21:00:00,,,,,
2019-02-26 00:00:00,,,,,
2019-02-26 03:00:00,,,,,
2019-02-26 06:00:00,,,,,
2019-02-26 09:00:00,,,,,
2019-02-26 12:00:00,,,,,
2019-02-26 15:00:00,,,,,
2019-02-26 18:00:00,,,,,
2019-02-26 21:00:00,,,,,
2019-02-27 00:00:00,,,,,
2019-02-27 03:00:00,,,,,
2019-02-27 06:00:00,,,,,
2019-02-27 09:00:00,,,,,
2019-02-27 12:00:00,,,,,
2019-02-27 15:00:00,,,,,
2019-02-27 18:00:00,,,,,
2019-02-27 21:00:00,,,,,
2019-02-28 00:00:00,,,,,
2019-02-28 03:00:00,,,,,
2019-02-28 06:00:00,,,,,
2019-02-28 09:00:00,,,,,
2019-02-28 12:00:00,,,,,
2019-02-28 15:00:00,,,,,
2019-02-28 18:00:00,,,,,
2019-02-28 21:00:00,,,,,
2019-03-01 00:00:00,,,,,
2019-03-01 03:00:00,,,,,
2019-03-01 06:00:00,,,,,
2019-03-01 09:00:00,,,,,
2019-03-01 12:00:00,,,,,
2019-03-01 15:00:00,,,,,
2019-03-01 18:00:00,,,,,
2019-03-01 21:00:00,,,,,
2019-03-02 00:00:00,,,,,
2019-03-02 03:00:00,,,,,
2019-03-02 06:00:00,,,,,
2019-03-02 09:00:00,,,,,
2019-03-02 12:00:00,,,,,
2019-03-02 15:00:00,,,,,
2019-03-02 18:00:00,,,,,
2019-03-02 21:00:00,,,,,
2019-03-03 00:00:00,,,,,
2019-03-03 03:00:00,,,,,
2019-03-03 06:00:00,,,,,
2019-03-03 09:00:00,,,,,
2019-03-03 12:00:00,,,,,
2019-03-03 15:00:00,,,,,
2019-03-03 18:00:00,,,,,
2019-03-03 21:00:00,,,,,
2019-03-04 00:00:00,,,,,
2019-03-04 03:00:00,,,,,
2019-03-04 06:00:00,,,,,
2019-03-04 09:00:00,,,,,
2019-03-04 12:00:00,,,,,
2019-03-04 15:00:00,,,,,
2019-03-04 18:00:00,,,,,
2019-03-04 21:00:00,,,,,
2019-03-05 00:00:00,,,,,
2019-03-05 03:00:00,,,,,
2019-03-05 06:00:00,,,,,
2019-03-05 09:00:00,,,,,
2019-03-05 12:00:00,,,,,
2019-03-05 15:00:00,,,,,
2019-03-05 18:00:00,,,,,
2019-03-05 21:00:00,,,,,
2019-03-06 00:00:00,,,,,
2019-03-06 03:00:00,,,,,
2019-03-06 06:00:00,,,,,
2019-03-06 09:00:00,,,,,
2019-03-06 12:00:00,,,,,
2019-03-06 15:00:00,,,,,
2019-03-06 18:00:00,,,,,
2019-03-06 21:00:00,,,,,
2019-03-07 00:00:00,,,,,
2019-03-07 03:00:00,,,,,
2019-03-07 06:00:00,,,,,
2019-03-07 09:00:00,,,,,
2019-03-07 12:00:00,,,,,
2019-03-07 15:00:00,,,,,
2019-03-07 18:00:00,,,,,
2019-03-07 21:00:00,,,,,
2019-03-08 00:00:00,,,,,
2019-03-08 03:00:00,,,,,
2019-03-08 06:00:00,,,,,
2019-03-08 09:00:00,,,,,
2019-03-08 12:00:00,,,,,
2019-03-08 15:00:00,,,,,
2019-03-08 18:00:00,,,,,
2019-03-08 21:00:00,,,,,
2019-03-09 00:00:00,,,,,
2019-03-09 03:00:00,,,,,
2019-03-09 06:00:00,,,,,
2019-03-09 09:00:00,,,,,
2019-03-09 12:00:00,,,,,
2019-03-09 15:00:00,,,,,
2019-03-09 18:00:00,,,,,
2019-03-09 21:00:00,,,,,
2019-03-10 00:00:00,,,,,
2019-03-10 03:00:00,,,,,
2019-03-10 06:00:00,,,,,
2019-03-10 09:00:00,,,,,
2019-03-10 12:00:00,,,,,
2019-03-10 15:00:00,,,,,
2019-03-10 18:00:00,,,,,
2019-03-10 21:00:00,,,,,
2019-03-11 00:00:00,,,,,
2019-03-11 03:00:00,,,,,
2019-03-11 06:00:00,,,,,
2019-03-11 09:00:00,,,,,
2019-03-11 12:00:00,,,,,
2019-03-11 15:00:00,,,,,
2019-03-11 18:00:00,,,,,
2019-03-11 21:00:00,,,,,
2019-03-12 00:00:00,,,,,
2019-03-12 03:00:00,,,,,
2019-03-12 06:00:00,,,,,
2019-03-12 09:00:00,,,,,
2019-03-12 12:00:00,,,,,
2019-03-12 15:00:00,,,,,
2019-03-12 18:00:00,,,,,
2019-03-12 21:00:00,,,,,
2019-03-13 00:00:00,,,,,
2019-03-13 03:00:00,,,,,
2019-03-13 06:00:00,,,,,
2019-03-13 09:00:00,,,,,
2019-03-13 12:00:00,,,,,
2019-03-13 15:00:00,,,,,
2019-03-13 18:00:00,,,,,
2019-03-13 21:00:00,,,,,
2019-03-14 00:00:00,,,,,
2019-03-14 03:00:00,,,,,
2019-03-14 06:00:00,,,,,
2019-03-14 09:00:00,,,,,
2019-03-14 12:00:00,,,,,
2019-03-14 15:00:00,,,,,
2019-03-14 18:00:00,,,,,
2019-03-14 21:00:00,,,,,
2019-03-15 00:00:00,,,,,
2019-03-15 03:00:00,,,,,
2019-03-15 06:00:00,,,,,
2019-03-15 09:00:00,,,,,
2019-03-15 12:00:00,,,,,
2019-03-15 15:00:00,,,,,
2019-03-15 18:00:00,,,,,
2019-03-15 21:00:00,,,,,
2019-03-16 00:00:00,,,,,
2019-03-16 03:00:00,,,,,
2019-03-16 06:00:00,,,,,
2019-03-16 09:00:00,,,,,
2019-03-16 12:00:00,,,,,
2019-03-16 15:00:00,,,,,
2019-03-16 18:00:00,,,,,
2019-03-16 21:00:00,,,,,
2019-03-17 00:00:00,,,,,
2019-03-17 03:00:00,,,,,
2019-03-17 06:00:00,,,,,
2019-03-17 09:00:00,,,,,
2019-03-17 12:00:00,,,,,
2019-03-17 15:00:00,,,,,
2019-03-17 18:00:00,,,,,
2019-03-17 21:00:00,,,,,
2019-03-18 00:00:00,,,,,
2019-03-18 03:00:00,,,,,
2019-03-18 06:00:00,,,,,
2019-03-18 09:00:00,,,,,
2019-03-18 12:00:00,,,,,
2019-03-18 15:00:00,,,,,
2019-03-18 18:00:00,,,,,
2019-03-18 21:00:00,,,,,
2019-03-19 00:00:00,,,,,
2019-03-19 03:00:00,,,,,
2019-03-19 06:00:00,,,,,
2019-03-19 09:00:00,,,,,
2019-03-19 12:00:00,,,,,
2019-03-19 15:00:00,,,,,
2019-03-19 18:00:00,,,,,
2019-03-19 21:00:00,,,,,
2019-03-20 00:00:00,,,,,
2019-03-20 03:00:00,,,,,
2019-03-20 06:00:00,,,,,
2019-03-20 09:00:00,,,,,
2019-03-20 12:00:00,,,,,
2019-03-20 15:00:00,,,,,
2019-03-20 18:00:00,,,,,
2019-03-20 21:00:00,,,,,
2019-03-21 00:00:00,,,,,
2019-03-21 03:00:00,,,,,
2019-03-21 06:00:00,,,,,
2019-03-21 09:00:00,,,,,
2019-03-21 12:00:00,,,,,
2019-03-21 15:00:00,,,,,
2019-03-21 18:00:00,,,,,
2019-03-21 21:00:00,,,,,
2019-03-22 00:00:00,,,,,
2019-03-22 03:00:00,,,,,
2019-03-22 06:00:00,,,,,
2019-03-22 09:00:00,,,,,
2019-03-22 12:00:00,,,,,
2019-03-22 15:00:00,,,,,
2019-03-22 18:00:00,,,,,
2019-03-22 21:00:00,,,,,
2019-03-23 00:00:00,,,,,
2019-03-23 03:00:00,,,,,
2019-03-23 06:00:00,,,,,
2019-03-23 09:00:00,,,,,
2019-03-23 12:00:00,,,,,
2019-03-23 15:00:00,,,,,
2019-03-23 18:00:00,,,,,
2019-03-23 21:00:00,,,,,
2019-03-24 00:00:00,,,,,
2019-03-24 03:00:00,,,,,
2019-03-24 06:00:00,,,,,
2019-03-24 09:00:00,,,,,
2019-03-24 12:00:00,,,,,
2019-03-24 15:00:00,,,,,
2019-03-24 18:00:00,,,,,
2019-03-24 21:00:00,,,,,
2019-03-25 00:00:00,,,,,
2019-03-25 03:00:00,,,,,
2019-03-25 06:00:00,,,,,
2019-03-25 09:00:00,,,,,
2019-03-25 12:00:00,,,,,
2019-03-25 15:00:00,,,,,
2019-03-25 18:00:00,,,,,
2019-03-25 21:00:00,,,,,
2019-03-26 00:00:00,,,,,
2019-03-26 03:00:00,,,,,
2019-03-26 06:00:00,,,,,
2019-03-26 09:00:00,,,,,
2019-03-26 12:00:00,,,,,
2019-03-26 15:00:00,,,,,
2019-03-26 18:00:00,,,,,
2019-03-26 21:00:00,,,,,
2019-03-27 00:00:00,,,,,
2019-03-27 03:00:00,,,,,
2019-03-27 06:00:00,,,,,
2019-03-27 09:00:00,,,,,
2019-03-27 12:00:00,,,,,
2019-03-27 15:00:00,,,,,
2019-03-27 18:00:00,,,,,
2019-03-27 21:00:00,,,,,
2019-03-28 00:00:00,,,,,
2019-03-28 03:00:00,,,,,
2019-03-28 06:00:00,,,,,
2019-03-28 09:00:00,,,,,
2019-03-28 12:00:00,,,,,
2019-03-28 15:00:00,,,,,
2019-03-28 18:00:00,,,,,
2019-03-28 21:00:00,,,,,
2019-03-29 00:00:00,,,,,
2019-03-29 03:00:00,,,,,
2019-03-29 06:00:00,,,,,
2019-03-29 09:00:00,,,,,
2019-03-29 12:00:00,,,,,
2019-03-29 15:00:00,,,,,
2019-03-29 18:00:00,,,,,
2019-03-29 21:00:00,,,,,
2019-03-30 00:00:00,,,,,
2019-03-30 03:00:00,,,,,
2019-03-30 06:00:00,,,,,
2019-03-30 09:00:00,,,,,
2019-03-30 12:00:00,,,,,
2019-03-30 15:00:00,,,,,
2019-03-30 18:00:00,,,,,
2019-03-30 21:00:00,,,,,
2019-03-31 00:00:00,,,,,
2019-03-31 03:00:00,,,,,
2019-03-31 06:00:00,,,,,
2019-03-31 09:00:00,,,,,
2019-03-31 12:00:00,,,,,
2019-03-31 15:00:00,,,,,
2019-03-31 18:00:00,,,,,
2019-03-31 21:00:00,,,,,
2019-04-01 00:00:00,,,,,
2019-04-01 03:00:00,,,,,
2019-04-01 06:00:00,,,,,
2019-04-01 09:00:00,,,,,
2019-04-01 12:00:00,,,,,
2019-04-01 15:00:00,,,,,
2019-04-01 18:00:00,,,,,
2019-04-01 21:00:00,,,,,
2019-04-02 00:00:00,,,,,
2019-04-02 03:00:00,,,,,
2019-04-02 06:00:00,,,,,
2019-04-02 09:00:00,,,,,
2019-04-02 12:00:00,,,,,
2019-04-02 15:00:00,,,,,
2019-04-02 18:00:00,,,,,
2019-04-02 21:00:00,,,,,
2019-04-03 00:00:00,,,,,
2019-04-03 03:00:00,,,,,
2019-04-03 06:00:00,,,,,
2019-04-03 09:00:00,,,,,
2019-04-03 12:00:00,,,,,
2019-04-03 15:00:00,,,,,
2019-04-03 18:00:00,,,,,
2019-04-03 21:00:00,,,,,
2019-04-04 00:00:00,,,,,
2019-04-04 03:00:00,,,,,
2019-04-04 06:00:00,,,,,
2019-04-04 09:00:00,,,,,
2019-04-04 12:00:00,,,,,
2019-04-04 15:00:00,,,,,
2019-04-04 18:00:00,,,,,
2019-04-04 21:00:00,,,,,
2019-04-05 00:00:00,,,,,
2019-04-05 03:00:00,,,,,
2019-04-05 06:00:00,,,,,
2019-04-05 09:00:00,,,,,
2019-04-05 12:00:00,,,,,
2019-04-05 15:00:00,,,,,
2019-04-05 18:00:00,,,,,
2019-04-05 21:00:00,,,,,
2019-04-06 00:00:00,,,,,
2019-04-06 03:00:00,,,,,
2019-04-06 06:00:00,,,,,
2019-04-06 09:00:00,,,,,
2019-04-06 12:00:00,,,,,
2019-04-06 15:00:00,,,,,
2019-04-06 18:00:00,,,,,
2019-04-06 21:00:00,,,,,
2019-04-07 00:00:00,,,,,
2019-04-07 03:00:00,,,,,
2019-04-07 06:00:00,,,,,
2019-04-07 09:00:00,,,,,
2019-04-07 12:00:00,,,,,
2019-04-07 15:00:00,,,,,
2019-04-07 18:00:00,,,,,
2019-04-07 21:00:00,,,,,
2019-04-08 00:00:00,,,,,
2019-04-08 03:00:00,,,,,
2019-04-08 06:00:00,,,,,
2019-04-08 09:00:00,,,,,
2019-04-08 12:00:00,,,,,
2019-04-08 15:00:00,,,,,
2019-04-08 18:00:00,,,,,
2019-04-08 21:00:00,,,,,
2019-04-09 00:00:00,,,,,
2019-04-09 03:00:00,,,,,
2019-04-09 06:00:00,,,,,
2019-04-09 09:00:00,,,,,
2019-04-09 12:00:00,,,,,
2019-04-09 15:00:00,,,,,
2019-04-09 18:00:00,,,,,
2019-04-09 21:00:00,,,,,
2019-04-10 00:00:00,,,,,
2019-04-10 03:00:00,,,,,
2019-04-10 06:00:00,,,,,
2019-04-10 09:00:00,,,,,
2019-04-10 12:00:00,,,,,
2019-04-10 15:00:00,,,,,
2019-04-10 18:00:00,,,,,
2019-04-10 21:00:00,,,,,
2019-04-11 00:00:00,,,,,
2019-04-11 03:00:00,,,,,
2019-04-11 06:00:00,,,,,
2019-04-11 09:00:00,,,,,
2019-04-11 12:00:00,,,,,
2019-04-11 15:00:00,,,,,
2019-04-11 18:00:00,,,,,
2019-04-11 21:00:00,,,,,
2019-04-12 00:00:00,,,,,
2019-04-12 03:00:00,,,,,
2019-04-12 06:00:00,,,,,
2019-04-12 09:00:00,,,,,
2019-04-12 12:00:00,,,,,
2019-04-12 15:00:00,,,,,
2019-04-12 18:00:00,,,,,
2019-04-12 21:00:00,,,,,
2019-04-13 00:00:00,,,,,
2019-04-13 03:00:00,,,,,
2019-04-13 06:00:00,,,,,
2019-04-13 09:00:00,,,,,
2019-04-13 12:00:00,,,,,
2019-04-13 15:00:00,,,,,
2019-04-13 18:00:00,,,,,
2019-04-13 21:00:00,,,,,
2019-04-14 00:00:00,,,,,
2019-04-14 03:00:00,,,,,
2019-04-14 06:00:00,,,,,
2019-04-14 09:00:00,,,,,
2019-04-14 12:00:00,,,,,
2019-04-14 15:00:00,,,,,
2019-04-14 18:00:00,,,,,
2019-04-14 21:00:00,,,,,
2019-04-15 00:00:00,,,,,
2019-04-15 03:00:00,,,,,
2019-04-15 06:00:00,,,,,
2019-04-15 09:00:00,,,,,
2019-04-15 12:00:00,,,,,
2019-04-15 15:00:00,,,,,
2019-04-15 18:00:00,,,,,
2019-04-15 21:00:00,,,,,
2019-04-16 00:00:00,,,,,
2019-04-16 03:00:00,,,,,
2019-04-16 06:00:00,,,,,
2019-04-16 09:00:00,,,,,
2019-04-16 12:00:00,,,,,
2019-04-16 15:00:00,,,,,
2019-04-16 18:00:00,,,,,
2019-04-16 21:00:00,,,,,
2019-04-17 00:00:00,,,,,
2019-04-17 03:00:00,,,,,
2019-04-17 06:00:00,,,,,
2019-04-17 09:00:00,,,,,
2019-04-17 12:00:00,,,,,
2019-04-17 15:00:00,,,,,
2019-04-17 18:00:00,,,,,
2019-04-17 21:00:00,,,,,
2019-04-18 00:00:00,,,,,
2019-04-18 03:00:00,,,,,
2019-04-18 06:00:00,,,,,
2019-04-18 09:00:00,,,,,
2019-04-18 12:00:00,,,,,
2019-04-18 15:00:00,,,,,
2019-04-18 18:00:00,,,,,
2019-04-18 21:00:00,,,,,
2019-04-19 00:00:00,,,,,
2019-04-19 03:00:00,,,,,
2019-04-19 06:00:00,,,,,
2019-04-19 09:00:00,,,,,
2019-04-19 12:00:00,,,,,
2019-04-19 15:00:00,,,,,
2019-04-19 18:00:00,,,,,
2019-04-19 21:00:00,,,,,
2019-04-20 00:00:00,,,,,
2019-04-20 03:00:00,,,,,
2019-04-20 06:00:00,,,,,
2019-04-20 09:00:00,,,,,
2019-04-20 12:00:00,,,,,
2019-04-20 15:00:00,,,,,
2019-04-20 18:00:00,,,,,
2019-04-20 21:00:00,,,,,
2019-04-21 00:00:00,,,,,
2019-04-21 03:00:00,,,,,
2019-04-21 06:00:00,,,,,
2019-04-21 09:00:00,,,,,
2019-04-21 12:00:00,,,,,
2019-04-21 15:00:00,,,,,
2019-04-21 18:00:00,,,,,
2019-04-21 21:00:00,,,,,
2019-04-22 00:00:00,,,,,
2019-04-22 03:00:00,,,,,
2019-04-22 06:00:00,,,,,
2019-04-22 09:00:00,,,,,
2019-04-22 12:00:00,,,,,
2019-04-22 15:00:00,,,,,
2019-04-22 18:00:00,,,,,
2019-04-22 21:00:00,,,,,
2019-04-23 00:00:00,,,,,
2019-04-23 03:00:00,,,,,
2019-04-23 06:00:00,,,,,
2019-04-23 09:00:00,,,,,
2019-04-23 12:00:00,,,,,
2019-04-23 15:00:00,,,,,
2019-04-23 18:00:00,,,,,
2019-04-23 21:00:00,,,,,
2019-04-24 00:00:00,,,,,
2019-04-24 03:00:00,,,,,
2019-04-24 06:00:00,,,,,
2019-04-24 09:00:00,,,,,
2019-04-24 12:00:00,,,,,
2019-04-24 15:00:00,,,,,
2019-04-24 18:00:00,,,,,
2019-04-24 21:00:00,,,,,
2019-04-25 00:00:00,,,,,
2019-04-25 03:00:00,,,,,
2019-04-25 06:00:00,,,,,
2019-04-25 09:00:00,,,,,
2019-04-25 12:00:00,,,,,
2019-04-25 15:00:00,,,,,
2019-04-25 18:00:00,,,,,
2019-04-25 21:00:00,,,,,
2019-04-26 00:00:00,,,,,
2019-04-26 03:00:00,,,,,
2019-04-26 06:00:00,,,,,
2019-04-26 09:00:00,,,,,
2019-04-26 12:00:00,,,,,
2019-04-26 15:00:00,,,,,
2019-04-26 18:00:00,,,,,
2019-04-26 21:00:00,,,,,
2019-04-27 00:00:00,,,,,
2019-04-27 03:00:00,,,,,
2019-04-27 06:00:00,,,,,
2019-04-27 09:00:00,,,,,
2019-04-27 12:00:00,,,,,
2019-04-27 15:00:00,,,,,
2019-04-27 18:00:00,,,,,
2019-04-27 21:00:00,,,,,
2019-04-28 00:00:00,,,,,
2019-04-28 03:00:00,,,,,
2019-04-28 06:00:00,,,,,
2019-04-28 09:00:00,,,,,
2019-04-28 12:00:00,,,,,
2019-04-28 15:00:00,,,,,
2019-04-28 18:00:00,,,,,
2019-04-28 21:00:00,,,,,
2019-04-29 00:00:00,,,,,
2019-04-29 03:00:00,,,,,
2019-04-29 06:00:00,,,,,
2019-04-29 09:00:00,,,,,
2019-04-29 12:00:00,,,,,
2019-04-29 15:00:00,,,,,
2019-04-29 18:00:00,,,,,
2019-04-29 21:00:00,,,,,
2019-04-30 00:00:00,,,,,
2019-04-30 03:00:00,,,,,
2019-04-30 06:00:00,,,,,
2019-04-30 09:00:00,,,,,
2019-04-30 12:00:00,,,,,
2019-04-30 15:00:00,,,,,
2019-04-30 18:00:00,,,,,
2019-04-30 21:00:00,,,,,
2019-05-01 00:00:00,,,,,
2019-05-01 03:00:00,,,,,
2019-05-01 06:00:00,,,,,
2019-05-01 09:00:00,,,,,
2019-05-01 12:00:00,,,,,
2019-05-01 15:00:00,,,,,
2019-05-01 18:00:00,,,,,
2019-05-01 21:00:00,,,,,
2019-05-02 00:00:00,,,,,
2019-05-02 03:00:00,,,,,
2019-05-02 06:00:00,,,,,
2019-05-02 09:00:00,,,,,
2019-05-02 12:00:00,,,,,
2019-05-02 15:00:00,,,,,
2019-05-02 18:00:00,,,,,
2019-05-02 21:00:00,,,,,
2019-05-03 00:00:00,,,,,
2019-05-03 03:00:00,,,,,
2019-05-03 06:00:00,,,,,
2019-05-03 09:00:00,,,,,
2019-05-03 12:00:00,,,,,
2019-05-03 15:00:00,,,,,
2019-05-03 18:00:00,,,,,
2019-05-03 21:00:00,,,,,
2019-05-04 00:00:00,,,,,
2019-05-04 03:00:00,,,,,
2019-05-04 06:00:00,,,,,
2019-05-04 09:00:00,,,,,
2019-05-04 12:00:00,,,,,
2019-05-04 15:00:00,,,,,
2019-05-04 18:00:00,,,,,
2019-05-04 21:00:00,,,,,
2019-05-05 00:00:00,,,,,
2019-05-05 03:00:00,,,,,
2019-05-05 06:00:00,,,,,
2019-05-05 09:00:00,,,,,
2019-05-05 12:00:00,,,,,
2019-05-05 15:00:00,,,,,
2019-05-05 18:00:00,,,,,
2019-05-05 21:00:00,,,,,
2019-05-06 00:00:00,,,,,
2019-05-06 03:00:00,,,,,
2019-05-06 06:00:00,,,,,
2019-05-06 09:00:00,,,,,
2019-05-06 12:00:00,,,,,
2019-05-06 15:00:00,,,,,
2019-05-06 18:00:00,,,,,
2019-05-06 21:00:00,,,,,
2019-05-07 00:00:00,,,,,
2019-05-07 03:00:00,,,,,
2019-05-07 06:00:00,,,,,
2019-05-07 09:00:00,,,,,
2019-05-07 12:00:00,,,,,
2019-05-07 15:00:00,,,,,
2019-05-07 18:00:00,,,,,
2019-05-07 21:00:00,,,,,
2019-05-08 00:00:00,,,,,
2019-05-08 03:00:00,,,,,
2019-05-08 06:00:00,,,,,
2019-05-08 09:00:00,,,,,
2019-05-08 12:00:00,,,,,
2019-05-08 15:00:00,,,,,
2019-05-08 18:00:00,,,,,
2019-05-08 21:00:00,,,,,
2019-05-09 00:00:00,,,,,
2019-05-09 03:00:00,,,,,
2019-05-09 06:00:00,,,,,
2019-05-09 09:00:00,,,,,
2019-05-09 12:00:00,,,,,
2019-05-09 15:00:00,,,,,
2019-05-09 18:00:00,,,,,
2019-05-09 21:00:00,,,,,
2019-05-10 00:00:00,,,,,
2019-05-10 03:00:00,,,,,
2019-05-10 06:00:00,,,,,
2019-05-10 09:00:00,,,,,
2019-05-10 12:00:00,,,,,
2019-05-10 15:00:00,,,,,
2019-05-10 18:00:00,,,,,
2019-05-10 21:00:00,,,,,
2019-05-11 00:00:00,,,,,
2019-05-11 03:00:00,,,,,
2019-05-11 06:00:00,,,,,
2019-05-11 09:00:00,,,,,
2019-05-11 12:00:00,,,,,
2019-05-11 15:00:00,,,,,
2019-05-11 18:00:00,,,,,
2019-05-11 21:00:00,,,,,
2019-05-12 00:00:00,,,,,
2019-05-12 03:00:00,,,,,
2019-05-12 06:00:00,,,,,
2019-05-12 09:00:00,,,,,
2019-05-12 12:00:00,,,,,
2019-05-12 15:00:00,,,,,
2019-05-12 18:00:00,,,,,
2019-05-12 21:00:00,,,,,
2019-05-13 00:00:00,,,,,
2019-05-13 03:00:00,,,,,
2019-05-13 06:00:00,,,,,
2019-05-13 09:00:00,,,,,
2019-05-13 12:00:00,,,,,
2019-05-13 15:00:00,,,,,
2019-05-13 18:00:00,,,,,
2019-05-13 21:00:00,,,,,
2019-05-14 00:00:00,,,,,
2019-05-14 03:00:00,,,,,
2019-05-14 06:00:00,,,,,
2019-05-14 09:00:00,,,,,
2019-05-14 12:00:00,,,,,
2019-05-14 15:00:00,,,,,
2019-05-14 18:00:00,,,,,
2019-05-14 21:00:00,,,,,
2019-05-15 00:00:00,,,,,
2019-05-15 03:00:00,,,,,
2019-05-15 06:00:00,,,,,
2019-05-15 09:00:00,,,,,
2019-05-15 12:00:00,,,,,
2019-05-15 15:00:00,,,,,
2019-05-15 18:00:00,,,,,
2019-05-15 21:00:00,,,,,
2019-05-16 00:00:00,,,,,
2019-05-16 03:00:00,,,,,
2019-05-16 06:00:00,,,,,
2019-05-16 09:00:00,,,,,
2019-05-16 12:00:00,,,,,
2019-05-16 15:00:00,,,,,
2019-05-16 18:00:00,,,,,
2019-05-16 21:00:00,,,,,
2019-05-17 00:00:00,,,,,
2019-05-17 03:00:00,,,,,
2019-05-17 06:00:00,,,,,
2019-05-17 09:00:00,,,,,
2019-05-17 12:00:00,,,,,
2019-05-17 15:00:00,,,,,
2019-05-17 18:00:00,,,,,
2019-05-17 21:00:00,,,,,
2019-05-18 00:00:00,,,,,
2019-05-18 03:00:00,,,,,
2019-05-18 06:00:00,,,,,
2019-05-18 09:00:00,,,,,
2019-05-18 12:00:00,,,,,
2019-05-18 15:00:00,,,,,
2019-05-18 18:00:00,,,,,
2019-05-18 21:00:00,,,,,
2019-05-19 00:00:00,,,,,
2019-05-19 03:00:00,,,,,
2019-05-19 06:00:00,,,,,
2019-05-19 09:00:00,,,,,
2019-05-19 12:00:00,,,,,
2019-05-19 15:00:00,,,,,
2019-05-19 18:00:00,,,,,
2019-05-19 21:00:00,,,,,
2019-05-20 00:00:00,,,,,
2019-05-20 03:00:00,,,,,
2019-05-20 06:00:00,,,,,
2019-05-20 09:00:00,,,,,
2019-05-20 12:00:00,,,,,
2019-05-20 15:00:00,,,,,
2019-05-20 18:00:00,,,,,
2019-05-20 21:00:00,,,,,
2019-05-21 00:00:00,,,,,
2019-05-21 03:00:00,,,,,
2019-05-21 06:00:00,,,,,
2019-05-21 09:00:00,,,,,
2019-05-21 12:00:00,,,,,
2019-05-21 15:00:00,,,,,
2019-05-21 18:00:00,,,,,
2019-05-21 21:00:00,,,,,
2019-05-22 00:00:00,,,,,
2019-05-22 03:00:00,,,,,
2019-05-22 06:00:00,,,,,
2019-05-22 09:00:00,,,,,
2019-05-22 12:00:00,,,,,
2019-05-22 15:00:00,,,,,
2019-05-22 18:00:00,,,,,
2019-05-22 21:00:00,,,,,
2019-05-23 00:00:00,,,,,
2019-05-23 03:00:00,,,,,
2019-05-23 06:00:00,,,,,
2019-05-23 09:00:00,,,,,
2019-05-23 12:00:00,,,,,
2019-05-23 15:00:00,,,,,
2019-05-23 18:00:00,,,,,
2019-05-23 21:00:00,,,,,
2019-05-24 00:00:00,,,,,
2019-05-24 03:00:00,,,,,
2019-05-24 06:00:00,,,,,
2019-05-24 09:00:00,,,,,
2019-05-24 12:00:00,,,,,
2019-05-24 15:00:00,,,,,
2019-05-24 18:00:00,,,,,
2019-05-24 21:00:00,,,,,
2019-05-25 00:00:00,,,,,
2019-05-25 03:00:00,,,,,
2019-05-25 06:00:00,,,,,
2019-05-25 09:00:00,,,,,
2019-05-25 12:00:00,,,,,
2019-05-25 15:00:00,,,,,
2019-05-25 18:00:00,,,,,
2019-05-25 21:00:00,,,,,
2019-05-26 00:00:00,,,,,
2019-05-26 03:00:00,,,,,
2019-05-26 06:00:00,,,,,
2019-05-26 09:00:00,,,,,
2019-05-26 12:00:00,,,,,
2019-05-26 15:00:00,,,,,
2019-05-26 18:00:00,,,,,
2019-05-26 21:00:00,,,,,
2019-05-27 00:00:00,,,,,
2019-05-27 03:00:00,,,,,
2019-05-27 06:00:00,,,,,
2019-05-27 09:00:00,,,,,
2019-05-27 12:00:00,,,,,
2019-05-27 15:00:00,,,,,
2019-05-27 18:00:00,,,,,
2019-05-27 21:00:00,,,,,
2019-05-28 00:00:00,,,,,
2019-05-28 03:00:00,,,,,
2019-05-28 06:00:00,,,,,
2019-05-28 09:00:00,,,,,
2019-05-28 12:00:00,,,,,
2019-05-28 15:00:00,,,,,
2019-05-28 18:00:00,,,,,
2019-05-28 21:00:00,,,,,
2019-05-29 00:00:00,,,,,
2019-05-29 03:00:00,,,,,
2019-05-29 06:00:00,,,,,
2019-05-29 09:00:00,,,,,
2019-05-29 12:00:00,,,,,
2019-05-29 15:00:00,,,,,
2019-05-29 18:00:00,,,,,
2019-05-29 21:00:00,,,,,
2019-05-30 00:00:00,,,,,
2019-05-30 03:00:00,,,,,
2019-05-30 06:00:00,,,,,
2019-05-30 09:00:00,,,,,
2019-05-30 12:00:00,,,,,
2019-05-30 15:00:00,,,,,
2019-05-30 18:00:00,,,,,
2019-05-30 21:00:00,,,,,
2019-05-31 00:00:00,,,,,
2019-05-31 03:00:00,,,,,
2019-05-31 06:00:00,,,,,
2019-05-31 09:00:00,,,,,
2019-05-31 12:00:00,,,,,
2019-05-31 15:00:00,,,,,
2019-05-31 18:00:00,,,,,
2019-05-31 21:00:00,,,,,
2019-06-01 00:00:00,,,,,
2019-06-01 03:00:00,,,,,
2019-06-01 06:00:00,,,,,
2019-06-01 09:00:00,,,,,
2019-06-01 12:00:00,,,,,
2019-06-01 15:00:00,,,,,
2019-06-01 18:00:00,,,,,
2019-06-01 21:00:00,,,,,
2019-06-02 00:00:00,,,,,
2019-06-02 03:00:00,,,,,
2019-06-02 06:00:00,,,,,
2019-06-02 09:00:00,,,,,
2019-06-02 12:00:00,,,,,
2019-06-02 15:00:00,,,,,
2019-06-02 18:00:00,,,,,
2019-06-02 21:00:00,,,,,
2019-06-03 00:00:00,,,,,
2019-06-03 03:00:00,,,,,
2019-06-03 06:00:00,,,,,
2019-06-03 09:00:00,,,,,
2019-06-03 12:00:00,,,,,
2019-06-03 15:00:00,,,,,
2019-06-03 18:00:00,,,,,
2019-06-03 21:00:00,,,,,
2019-06-04 00:00:00,,,,,
2019-06-04 03:00:00,,,,,
2019-06-04 06:00:00,,,,,
2019-06-04 09:00:00,,,,,
2019-06-04 12:00:00,,,,,
2019-06-04 15:00:00,,,,,
2019-06-04 18:00:00,,,,,
2019-06-04 21:00:00,,,,,
2019-06-05 00:00:00,,,,,
2019-06-05 03:00:00,,,,,
2019-06-05 06:00:00,,,,,
2019-06-05 09:00:00,,,,,
2019-06-05 12:00:00,,,,,
2019-06-05 15:00:00,,,,,
2019-06-05 18:00:00,,,,,
2019-06-05 21:00:00,,,,,
2019-06-06 00:00:00,,,,,
2019-06-06 03:00:00,,,,,
2019-06-06 06:00:00,,,,,
2019-06-06 09:00:00,,,,,
2019-06-06 12:00:00,,,,,
2019-06-06 15:00:00,,,,,
2019-06-06 18:00:00,,,,,
2019-06-06 21:00:00,,,,,
2019-06-07 00:00:00,,,,,
2019-06-07 03:00:00,,,,,
2019-06-07 06:00:00,,,,,
2019-06-07 09:00:00,,,,,
2019-06-07 12:00:00,,,,,
2019-06-07 15:00:00,,,,,
2019-06-07 18:00:00,,,,,
2019-06-07 21:00:00,,,,,
2019-06-08 00:00:00,,,,,
2019-06-08 03:00:00,,,,,
2019-06-08 06:00:00,,,,,
2019-06-08 09:00:00,,,,,
2019-06-08 12:00:00,,,,,
2019-06-08 15:00:00,,,,,
2019-06-08 18:00:00,,,,,
2019-06-08 21:00:00,,,,,
2019-06-09 00:00:00,,,,,
2019-06-09 03:00:00,,,,,
2019-06-09 06:00:00,,,,,
2019-06-09 09:00:00,,,,,
2019-06-09 12:00:00,,,,,
2019-06-09 15:00:00,,,,,
2019-06-09 18:00:00,,,,,
2019-06-09 21:00:00,,,,,
2019-06-10 00:00:00,,,,,
2019-06-10 03:00:00,,,,,
2019-06-10 06:00:00,,,,,
2019-06-10 09:00:00,,,,,
2019-06-10 12:00:00,,,,,
2019-06-10 15:00:00,,,,,
2019-06-10 18:00:00,,,,,
2019-06-10 21:00:00,,,,,
2019-06-11 00:00:00,,,,,
2019-06-11 03:00:00,,,,,
2019-06-11 06:00:00,,,,,
2019-06-11 09:00:00,,,,,
2019-06-11 12:00:00,,,,,
2019-06-11 15:00:00,,,,,
2019-06-11 18:00:00,,,,,
2019-06-11 21:00:00,,,,,
2019-06-12 00:00:00,,,,,
2019-06-12 03:00:00,,,,,
2019-06-12 06:00:00,,,,,
2019-06-12 09:00:00,,,,,
2019-06-12 12:00:00,,,,,
2019-06-12 15:00:00,,,,,
2019-06-12 18:00:00,,,,,
2019-06-12 21:00:00,,,,,
2019-06-13 00:00:00,,,,,
2019-06-13 03:00:00,,,,,
2019-06-13 06:00:00,,,,,
2019-06-13 09:00:00,,,,,
2019-06-13 12:00:00,,,,,
2019-06-13 15:00:00,,,,,
2019-06-13 18:00:00,,,,,
2019-06-13 21:00:00,,,,,
2019-06-14 00:00:00,,,,,
2019-06-14 03:00:00,,,,,
2019-06-14 06:00:00,,,,,
2019-06-14 09:00:00,,,,,
2019-06-14 12:00:00,,,,,
2019-06-14 15:00:00,,,,,
2019-06-14 18:00:00,,,,,
2019-06-14 21:00:00,,,,,
2019-06-15 00:00:00,,,,,
2019-06-15 03:00:00,,,,,
2019-06-15 06:00:00,,,,,
2019-06-15 09:00:00,,,,,
2019-06-15 12:00:00,,,,,
2019-06-15 15:00:00,,,,,
2019-06-15 18:00:00,,,,,
2019-06-15 21:00:00,,,,,
2019-06-16 00:00:00,,,,,
2019-06-16 03:00:00,,,,,
2019-06-16 06:00:00,,,,,
2019-06-16 09:00:00,,,,,
2019-06-16 12:00:00,,,,,
2019-06-16 15:00:00,,,,,
2019-06-16 18:00:00,,,,,
2019-06-16 21:00:00,,,,,
2019-06-17 00:00:00,,,,,
2019-06-17 03:00:00,,,,,
2019-06-17 06:00:00,,,,,
2019-06-17 09:00:00,,,,,
2019-06-17 12:00:00,,,,,
2019-06-17 15:00:00,,,,,
2019-06-17 18:00:00,,,,,
2019-06-17 21:00:00,,,,,
2019-06-18 00:00:00,,,,,
2019-06-18 03:00:00,,,,,
2019-06-18 06:00:00,,,,,
2019-06-18 09:00:00,,,,,
2019-06-18 12:00:00,,,,,
2019-06-18 15:00:00,,,,,
2019-06-18 18:00:00,,,,,
2019-06-18 21:00:00,,,,,
2019-06-19 00:00:00,,,,,
2019-06-19 03:00:00,,,,,
2019-06-19 06:00:00,,,,,
2019-06-19 09:00:00,,,,,
2019-06-19 12:00:00,,,,,
2019-06-19 15:00:00,,,,,
2019-06-19 18:00:00,,,,,
2019-06-19 21:00:00,,,,,
2019-06-20 00:00:00,,,,,
2019-06-20 03:00:00,,,,,
2019-06-20 06:00:00,,,,,
2019-06-20 09:00:00,,,,,
2019-06-20 12:00:00,,,,,
2019-06-20 15:00:00,,,,,
2019-06-20 18:00:00,,,,,
2019-06-20 21:00:00,,,,,
2019-06-21 00:00:00,,,,,
2019-06-21 03:00:00,,,,,
2019-06-21 06:00:00,,,,,
2019-06-21 09:00:00,,,,,
2019-06-21 12:00:00,,,,,
2019-06-21 15:00:00,,,,,
2019-06-21 18:00:00,,,,,
2019-06-21 21:00:00,,,,,
2019-06-22 00:00:00,,,,,
2019-06-22 03:00:00,,,,,
2019-06-22 06:00:00,,,,,
2019-06-22 09:00:00,,,,,
2019-06-22 12:00:00,,,,,
2019-06-22 15:00:00,,,,,
2019-06-22 18:00:00,,,,,
2019-06-22 21:00:00,,,,,
2019-06-23 00:00:00,,,,,
2019-06-23 03:00:00,,,,,
2019-06-23 06:00:00,,,,,
2019-06-23 09:00:00,,,,,
2019-06-23 12:00:00,,,,,
2019-06-23 15:00:00,,,,,
2019-06-23 18:00:00,,,,,
2019-06-23 21:00:00,,,,,
2019-06-24 00:00:00,,,,,
2019-06-24 03:00:00,,,,,
2019-06-24 06:00:00,,,,,
2019-06-24 09:00:00,,,,,
2019-06-24 12:00:00,,,,,
2019-06-24 15:00:00,,,,,
2019-06-24 18:00:00,,,,,
2019-06-24 21:00:00,,,,,
2019-06-25 00:00:00,,,,,
2019-06-25 03:00:00,,,,,
2019-06-25 06:00:00,,,,,
2019-06-25 09:00:00,,,,,
2019-06-25 12:00:00,,,,,
2019-06-25 15:00:00,,,,,
2019-06-25 18:00:00,,,,,
2019-06-25 21:00:00,,,,,
2019-06-26 00:00:00,,,,,
2019-06-26 03:00:00,,,,,
2019-06-26 06:00:00,,,,,
2019-06-26 09:00:00,,,,,
2019-06-26 12:00:00,,,,,
2019-06-26 15:00:00,,,,,
2019-06-26 18:00:00,,,,,
2019-06-26 21:00:00,,,,,
2019-06-27 00:00:00,,,,,
2019-06-27 03:00:00,,,,,
2019-06-27 06:00:00,,,,,
2019-06-27 09:00:00,,,,,
2019-06-27 12:00:00,,,,,
2019-06-27 15:00:00,,,,,
2019-06-27 18:00:00,,,,,
2019-06-27 21:00:00,,,,,
2019-06-28 00:00:00,,,,,
2019-06-28 03:00:00,,,,,
2019-06-28 06:00:00,,,,,
2019-06-28 09:00:00,,,,,
2019-06-28 12:00:00,,,,,
2019-06-28 15:00:00,,,,,
2019-06-28 18:00:00,,,,,
2019-06-28 21:00:00,,,,,
2019-06-29 00:00:00,,,,,
2019-06-29 03:00:00,,,,,
2019-06-29 06:00:00,,,,,
2019-06-29 09:00:00,,,,,
2019-06-29 12:00:00,,,,,
2019-06-29 15:00:00,,,,,
2019-06-29 18:00:00,,,,,
2019-06-29 21:00:00,,,,,
2019-06-30 00:00:00,,,,,
2019-06-30 03:00:00,,,,,
2019-06-30 06:00:00,,,,,
2019-06-30 09:00:00,,,,,
2019-06-30 12:00:00,,,,,
2019-06-30 15:00:00,,,,,
2019-06-30 18:00:00,,,,,
2019-06-30 21:00:00,,,,,
2019-07-01 00:00:00,,,,,
2019-07-01 03:00:00,,,,,
2019-07-01 06:00:00,,,,,
2019-07-01 09:00:00,,,,,
2019-07-01 12:00:00,,,,,
2019-07-01 15:00:00,,,,,
2019-07-01 18:00:00,,,,,
2019-07-01 21:00:00,,,,,
2019-07-02 00:00:00,,,,,
2019-07-02 03:00:00,,,,,
2019-07-02 06:00:00,,,,,
2019-07-02 09:00:00,,,,,
2019-07-02 12:00:00,,,,,
2019-07-02 15:00:00,,,,,
2019-07-02 18:00:00,,,,,
2019-07-02 21:00:00,,,,,
2019-07-03 00:00:00,,,,,
2019-07-03 03:00:00,,,,,
2019-07-03 06:00:00,,,,,
2019-07-03 09:00:00,,,,,
2019-07-03 12:00:00,,,,,
2019-07-03 15:00:00,,,,,
2019-07-03 18:00:00,,,,,
2019-07-03 21:00:00,,,,,
2019-07-04 00:00:00,,,,,
2019-07-04 03:00:00,,,,,
2019-07-04 06:00:00,,,,,
2019-07-04 09:00:00,,,,,
2019-07-04 12:00:00,,,,,
2019-07-04 15:00:00,,,,,
2019-07-04 18:00:00,,,,,
2019-07-04 21:00:00,,,,,
2019-07-05 00:00:00,,,,,
2019-07-05 03:00:00,,,,,
2019-07-05 06:00:00,,,,,
2019-07-05 09:00:00,,,,,
2019-07-05 12:00:00,,,,,
2019-07-05 15:00:00,,,,,
2019-07-05 18:00:00,,,,,
2019-07-05 21:00:00,,,,,
2019-07-06 00:00:00,,,,,
2019-07-06 03:00:00,,,,,
2019-07-06 06:00:00,,,,,
2019-07-06 09:00:00,,,,,
2019-07-06 12:00:00,,,,,
2019-07-06 15:00:00,,,,,
2019-07-06 18:00:00,,,,,
2019-07-06 21:00:00,,,,,
2019-07-07 00:00:00,,,,,
2019-07-07 03:00:00,,,,,
2019-07-07 06:00:00,,,,,
2019-07-07 09:00:00,,,,,
2019-07-07 12:00:00,,,,,
2019-07-07 15:00:00,,,,,
2019-07-07 18:00:00,,,,,
2019-07-07 21:00:00,,,,,
2019-07-08 00:00:00,,,,,
2019-07-08 03:00:00,,,,,
2019-07-08 06:00:00,,,,,
2019-07-08 09:00:00,,,,,
2019-07-08 12:00:00,,,,,
2019-07-08 15:00:00,,,,,
2019-07-08 18:00:00,,,,,
2019-07-08 21:00:00,,,,,
2019-07-09 00:00:00,,,,,
2019-07-09 03:00:00,,,,,
2019-07-09 06:00:00,,,,,
2019-07-09 09:00:00,,,,,
2019-07-09 12:00:00,,,,,
2019-07-09 15:00:00,,,,,
2019-07-09 18:00:00,,,,,
2019-07-09 21:00:00,,,,,
2019-07-10 00:00:00,,,,,
2019-07-10 03:00:00,,,,,
2019-07-10 06:00:00,,,,,
2019-07-10 09:00:00,,,,,
2019-07-10 12:00:00,,,,,
2019-07-10 15:00:00,,,,,
2019-07-10 18:00:00,,,,,
2019-07-10 21:00:00,,,,,
2019-07-11 00:00:00,,,,,
2019-07-11 03:00:00,,,,,
2019-07-11 06:00:00,,,,,
2019-07-11 09:00:00,,,,,
2019-07-11 12:00:00,,,,,
2019-07-11 15:00:00,,,,,
2019-07-11 18:00:00,,,,,
2019-07-11 21:00:00,,,,,
2019-07-12 00:00:00,,,,,
2019-07-12 03:00:00,,,,,
2019-07-12 06:00:00,,,,,
2019-07-12 09:00:00,,,,,
2019-07-12 12:00:00,,,,,
2019-07-12 15:00:00,,,,,
2019-07-12 18:00:00,,,,,
2019-07-12 21:00:00,,,,,
2019-07-13 00:00:00,,,,,
2019-07-13 03:00:00,,,,,
2019-07-13 06:00:00,,,,,
2019-07-13 09:00:00,,,,,
2019-07-13 12:00:00,,,,,
2019-07-13 15:00:00,,,,,
2019-07-13 18:00:00,,,,,
2019-07-13 21:00:00,,,,,
2019-07-14 00:00:00,,,,,
2019-07-14 03:00:00,,,,,
2019-07-14 06:00:00,,,,,
2019-07-14 09:00:00,,,,,
2019-07-14 12:00:00,,,,,
2019-07-14 15:00:00,,,,,
2019-07-14 18:00:00,,,,,
2019-07-14 21:00:00,,,,,
2019-07-15 00:00:00,,,,,
2019-07-15 03:00:00,,,,,
2019-07-15 06:00:00,,,,,
2019-07-15 09:00:00,,,,,
2019-07-15 12:00:00,,,,,
2019-07-15 15:00:00,,,,,
2019-07-15 18:00:00,,,,,
2019-07-15 21:00:00,,,,,
2019-07-16 00:00:00,,,,,
2019-07-16 03:00:00,,,,,
2019-07-16 06:00:00,,,,,
2019-07-16 09:00:00,,,,,
2019-07-16 12:00:00,,,,,
2019-07-16 15:00:00,,,,,
2019-07-16 18:00:00,,,,,
2019-07-16 21:00:00,,,,,
2019-07-17 00:00:00,,,,,
2019-07-17 03:00:00,,,,,
2019-07-17 06:00:00,,,,,
2019-07-17 09:00:00,,,,,
2019-07-17 12:00:00,,,,,
2019-07-17 15:00:00,,,,,
2019-07-17 18:00:00,,,,,
2019-07-17 21:00:00,,,,,
2019-07-18 00:00:00,,,,,
2019-07-18 03:00:00,,,,,
2019-07-18 06:00:00,,,,,
2019-07-18 09:00:00,,,,,
2019-07-18 12:00:00,,,,,
2019-07-18 15:00:00,,,,,
2019-07-18 18:00:00,,,,,
2019-07-18 21:00:00,,,,,
2019-07-19 00:00:00,,,,,
2019-07-19 03:00:00,,,,,
2019-07-19 06:00:00,,,,,
2019-07-19 09:00:00,,,,,
2019-07-19 12:00:00,,,,,
2019-07-19 15:00:00,,,,,
2019-07-19 18:00:00,,,,,
2019-07-19 21:00:00,,,,,
2019-07-20 00:00:00,,,,,
2019-07-20 03:00:00,,,,,
2019-07-20 06:00:00,,,,,
2019-07-20 09:00:00,,,,,
2019-07-20 12:00:00,,,,,
2019-07-20 15:00:00,,,,,
2019-07-20 18:00:00,,,,,
2019-07-20 21:00:00,,,,,
2019-07-21 00:00:00,,,,,
2019-07-21 03:00:00,,,,,
2019-07-21 06:00:00,,,,,
2019-07-21 09:00:00,,,,,
2019-07-21 12:00:00,,,,,
2019-07-21 15:00:00,,,,,
2019-07-21 18:00:00,,,,,
2019-07-21 21:00:00,,,,,
2019-07-22 00:00:00,,,,,
2019-07-22 03:00:00,,,,,
2019-07-22 06:00:00,,,,,
2019-07-22 09:00:00,,,,,
2019-07-22 12:00:00,,,,,
2019-07-22 15:00:00,,,,,
2019-07-22 18:00:00,,,,,
2019-07-22 21:00:00,,,,,
2019-07-23 00:00:00,,,,,
2019-07-23 03:00:00,,,,,
2019-07-23 06:00:00,,,,,
2019-07-23 09:00:00,,,,,
2019-07-23 12:00:00,,,,,
2019-07-23 15:00:00,,,,,
2019-07-23 18:00:00,,,,,
2019-07-23 21:00:00,,,,,
2019-07-24 00:00:00,,,,,
2019-07-24 03:00:00,,,,,
2019-07-24 06:00:00,,,,,
2019-07-24 09:00:00,,,,,
2019-07-24 12:00:00,,,,,
2019-07-24 15:00:00,,,,,
2019-07-24 18:00:00,,,,,
2019-07-24 21:00:00,,,,,
2019-07-25 00:00:00,,,,,
2019-07-25 03:00:00,,,,,
2019-07-25 06:00:00,,,,,
2019-07-25 09:00:00,,,,,
2019-07-25 12:00:00,,,,,
2019-07-25 15:00:00,,,,,
2019-07-25 18:00:00,,,,,
2019-07-25 21:00:00,,,,,
2019-07-26 00:00:00,,,,,
2019-07-26 03:00:00,,,,,
2019-07-26 06:00:00,,,,,
2019-07-26 09:00:00,,,,,
2019-07-26 12:00:00,,,,,
2019-07-26 15:00:00,,,,,
2019-07-26 18:00:00,,,,,
2019-07-26 21:00:00,,,,,
2019-07-27 00:00:00,,,,,
2019-07-27 03:00:00,,,,,
2019-07-27 06:00:00,,,,,
2019-07-27 09:00:00,,,,,
2019-07-27 12:00:00,,,,,
2019-07-27 15:00:00,,,,,
2019-07-27 18:00:00,,,,,
2019-07-27 21:00:00,,,,,
2019-07-28 00:00:00,,,,,
2019-07-28 03:00:00,,,,,
2019-07-28 06:00:00,,,,,
2019-07-28 09:00:00,,,,,
2019-07-28 12:00:00,,,,,
2019-07-28 15:00:00,,,,,
2019-07-28 18:00:00,,,,,
2019-07-28 21:00:00,,,,,
2019-07-29 00:00:00,,,,,
2019-07-29 03:00:00,,,,,
2019-07-29 06:00:00,,,,,
2019-07-29 09:00:00,,,,,
2019-07-29 12:00:00,,,,,
2019-07-29 15:00:00,,,,,
2019-07-29 18:00:00,,,,,
2019-07-29 21:00:00,,,,,
2019-07-30 00:00:00,,,,,
2019-07-30 03:00:00,,,,,
2019-07-30 06:00:00,,,,,
2019-07-30 09:00:00,,,,,
2019-07-30 12:00:00,,,,,
2019-07-30 15:00:00,,,,,
2019-07-30 18:00:00,,,,,
2019-07-30 21:00:00,,,,,
2019-07-31 00:00:00,,,,,
2019-07-31 03:00:00,,,,,
2019-07-31 06:00:00,,,,,
2019-07-31 09:00:00,,,,,
2019-07-31 12:00:00,,,,,
2019-07-31 15:00:00,,,,,
2019-07-31 18:00:00,,,,,
2019-07-31 21:00:00,,,,,
2019-08-01 00:00:00,,,,,
2019-08-01 03:00:00,,,,,
2019-08-01 06:00:00,,,,,
2019-08-01 09:00:00,,,,,
2019-08-01 12:00:00,,,,,
2019-08-01 15:00:00,,,,,
2019-08-01 18:00:00,,,,,
2019-08-01 21:00:00,,,,,
2019-08-02 00:00:00,,,,,
2019-08-02 03:00:00,,,,,
2019-08-02 06:00:00,,,,,
2019-08-02 09:00:00,,,,,
2019-08-02 12:00:00,,,,,
2019-08-02 15:00:00,,,,,
2019-08-02 18:00:00,,,,,
2019-08-02 21:00:00,,,,,
2019-08-03 00:00:00,,,,,
2019-08-03 03:00:00,,,,,
2019-08-03 06:00:00,,,,,
2019-08-03 09:00:00,,,,,
2019-08-03 12:00:00,,,,,
2019-08-03 15:00:00,,,,,
2019-08-03 18:00:00,,,,,
2019-08-03 21:00:00,,,,,
2019-08-04 00:00:00,,,,,
2019-08-04 03:00:00,,,,,
2019-08-04 06:00:00,,,,,
2019-08-04 09:00:00,,,,,
2019-08-04 12:00:00,,,,,
2019-08-04 15:00:00,,,,,
2019-08-04 18:00:00,,,,,
2019-08-04 21:00:00,,,,,
2019-08-05 00:00:00,,,,,
2019-08-05 03:00:00,,,,,
2019-08-05 06:00:00,,,,,
2019-08-05 09:00:00,,,,,
2019-08-05 12:00:00,,,,,
2019-08-05 15:00:00,,,,,
2019-08-05 18:00:00,,,,,
2019-08-05 21:00:00,,,,,
2019-08-06 00:00:00,,,,,
2019-08-06 03:00:00,,,,,
2019-08-06 06:00:00,,,,,
2019-08-06 09:00:00,,,,,
2019-08-06 12:00:00,,,,,
2019-08-06 15:00:00,,,,,
2019-08-06 18:00:00,,,,,
2019-08-06 21:00:00,,,,,
2019-08-07 00:00:00,,,,,
2019-08-07 03:00:00,,,,,
2019-08-07 06:00:00,,,,,
2019-08-07 09:00:00,,,,,
2019-08-07 12:00:00,,,,,
2019-08-07 15:00:00,,,,,
2019-08-07 18:00:00,,,,,
2019-08-07 21:00:00,,,,,
2019-08-08 00:00:00,,,,,
2019-08-08 03:00:00,,,,,
2019-08-08 06:00:00,,,,,
2019-08-08 09:00:00,,,,,
2019-08-08 12:00:00,,,,,
2019-08-08 15:00:00,,,,,
2019-08-08 18:00:00,,,,,
2019-08-08 21:00:00,,,,,
2019-08-09 00:00:00,,,,,
2019-08-09 03:00:00,,,,,
2019-08-09 06:00:00,,,,,
2019-08-09 09:00:00,,,,,
2019-08-09 12:00:00,,,,,
2019-08-09 15:00:00,,,,,
2019-08-09 18:00:00,,,,,
2019-08-09 21:00:00,,,,,
2019-08-10 00:00:00,,,,,
2019-08-10 03:00:00,,,,,
2019-08-10 06:00:00,,,,,
2019-08-10 09:00:00,,,,,
2019-08-10 12:00:00,,,,,
2019-08-10 15:00:00,,,,,
2019-08-10 18:00:00,,,,,
2019-08-10 21:00:00,,,,,
2019-08-11 00:00:00,,,,,
2019-08-11 03:00:00,,,,,
2019-08-11 06:00:00,,,,,
2019-08-11 09:00:00,,,,,
2019-08-11 12:00:00,,,,,
2019-08-11 15:00:00,,,,,
2019-08-11 18:00:00,,,,,
2019-08-11 21:00:00,,,,,
2019-08-12 00:00:00,,,,,
2019-08-12 03:00:00,,,,,
2019-08-12 06:00:00,,,,,
2019-08-12 09:00:00,,,,,
2019-08-12 12:00:00,,,,,
2019-08-12 15:00:00,,,,,
2019-08-12 18:00:00,,,,,
2019-08-12 21:00:00,,,,,
2019-08-13 00:00:00,,,,,
2019-08-13 03:00:00,,,,,
2019-08-13 06:00:00,,,,,
2019-08-13 09:00:00,,,,,
2019-08-13 12:00:00,,,,,
2019-08-13 15:00:00,,,,,
2019-08-13 18:00:00,,,,,
2019-08-13 21:00:00,,,,,
2019-08-14 00:00:00,,,,,
2019-08-14 03:00:00,,,,,
2019-08-14 06:00:00,,,,,
2019-08-14 09:00:00,,,,,
2019-08-14 12:00:00,,,,,
2019-08-14 15:00:00,,,,,
2019-08-14 18:00:00,,,,,
2019-08-14 21:00:00,,,,,
2019-08-15 00:00:00,,,,,
2019-08-15 03:00:00,,,,,
2019-08-15 06:00:00,,,,,
2019-08-15 09:00:00,,,,,
2019-08-15 12:00:00,,,,,
2019-08-15 15:00:00,,,,,
2019-08-15 18:00:00,,,,,
2019-08-15 21:00:00,,,,,
2019-08-16 00:00:00,,,,,
2019-08-16 03:00:00,,,,,
2019-08-16 06:00:00,,,,,
2019-08-16 09:00:00,,,,,
2019-08-16 12:00:00,,,,,
2019-08-16 15:00:00,,,,,
2019-08-16 18:00:00,,,,,
2019-08-16 21:00:00,,,,,
2019-08-17 00:00:00,,,,,
2019-08-17 03:00:00,,,,,
2019-08-17 06:00:00,,,,,
2019-08-17 09:00:00,,,,,
2019-08-17 12:00:00,,,,,
2019-08-17 15:00:00,,,,,
2019-08-17 18:00:00,,,,,
2019-08-17 21:00:00,,,,,
2019-08-18 00:00:00,,,,,
2019-08-18 03:00:00,,,,,
2019-08-18 06:00:00,,,,,
2019-08-18 09:00:00,,,,,
2019-08-18 12:00:00,,,,,
2019-08-18 15:00:00,,,,,
2019-08-18 18:00:00,,,,,
2019-08-18 21:00:00,,,,,
2019-08-19 00:00:00,,,,,
2019-08-19 03:00:00,,,,,
2019-08-19 06:00:00,,,,,
2019-08-19 09:00:00,,,,,
2019-08-19 12:00:00,,,,,
2019-08-19 15:00:00,,,,,
2019-08-19 18:00:00,,,,,
2019-08-19 21:00:00,,,,,
2019-08-20 00:00:00,,,,,
2019-08-20 03:00:00,,,,,
2019-08-20 06:00:00,,,,,
2019-08-20 09:00:00,,,,,
2019-08-20 12:00:00,,,,,
2019-08-20 15:00:00,,,,,
2019-08-20 18:00:00,,,,,
2019-08-20 21:00:00,,,,,
2019-08-21 00:00:00,,,,,
2019-08-21 03:00:00,,,,,
2019-08-21 06:00:00,,,,,
2019-08-21 09:00:00,,,,,
2019-08-21 12:00:00,,,,,
2019-08-21 15:00:00,,,,,
2019-08-21 18:00:00,,,,,
2019-08-21 21:00:00,,,,,
2019-08-22 00:00:00,,,,,
2019-08-22 03:00:00,,,,,
2019-08-22 06:00:00,,,,,
2019-08-22 09:00:00,,,,,
2019-08-22 12:00:00,,,,,
2019-08-22 15:00:00,,,,,
2019-08-22 18:00:00,,,,,
2019-08-22 21:00:00,,,,,
2019-08-23 00:00:00,,,,,
2019-08-23 03:00:00,,,,,
2019-08-23 06:00:00,,,,,
2019-08-23 09:00:00,,,,,
2019-08-23 12:00:00,,,,,
2019-08-23 15:00:00,,,,,
2019-08-23 18:00:00,,,,,
2019-08-23 21:00:00,,,,,
2019-08-24 00:00:00,,,,,
2019-08-24 03:00:00,,,,,
2019-08-24 06:00:00,,,,,
2019-08-24 09:00:00,,,,,
2019-08-24 12:00:00,,,,,
2019-08-24 15:00:00,,,,,
2019-08-24 18:00:00,,,,,
2019-08-24 21:00:00,,,,,
2019-08-25 00:00:00,,,,,
2019-08-25 03:00:00,,,,,
2019-08-25 06:00:00,,,,,
2019-08-25 09:00:00,,,,,
2019-08-25 12:00:00,,,,,
2019-08-25 15:00:00,,,,,
2019-08-25 18:00:00,,,,,
2019-08-25 21:00:00,,,,,
2019-08-26 00:00:00,,,,,
2019-08-26 03:00:00,,,,,
2019-08-26 06:00:00,,,,,
2019-08-26 09:00:00,,,,,
2019-08-26 12:00:00,,,,,
2019-08-26 15:00:00,,,,,
2019-08-26 18:00:00,,,,,
2019-08-26 21:00:00,,,,,
2019-08-27 00:00:00,,,,,
2019-08-27 03:00:00,,,,,
2019-08-27 06:00:00,,,,,
2019-08-27 09:00:00,,,,,
2019-08-27 12:00:00,,,,,
2019-08-27 15:00:00,,,,,
2019-08-27 18:00:00,,,,,
2019-08-27 21:00:00,,,,,
2019-08-28 00:00:00,,,,,
2019-08-28 03:00:00,,,,,
2019-08-28 06:00:00,,,,,
2019-08-28 09:00:00,,,,,
2019-08-28 12:00:00,,,,,
2019-08-28 15:00:00,,,,,
2019-08-28 18:00:00,,,,,
2019-08-28 21:00:00,,,,,
2019-08-29 00:00:00,,,,,
2019-08-29 03:00:00,,,,,
2019-08-29 06:00:00,,,,,
2019-08-29 09:00:00,,,,,
2019-08-29 12:00:00,,,,,
2019-08-29 15:00:00,,,,,
2019-08-29 18:00:00,,,,,
2019-08-29 21:00:00,,,,,
2019-08-30 00:00:00,,,,,
2019-08-30 03:00:00,,,,,
2019-08-30 06:00:00,,,,,
2019-08-30 09:00:00,,,,,
2019-08-30 12:00:00,,,,,
2019-08-30 15:00:00,,,,,
2019-08-30 18:00:00,,,,,
2019-08-30 21:00:00,,,,,
2019-08-31 00:00:00,,,,,
2019-08-31 03:00:00,,,,,
2019-08-31 06:00:00,,,,,
2019-08-31 09:00:00,,,,,
2019-08-31 12:00:00,,,,,
2019-08-31 15:00:00,,,,,
2019-08-31 18:00:00,,,,,
2019-08-31 21:00:00,,,,,
2019-09-01 00:00:00,,,,,
2019-09-01 03:00:00,,,,,
2019-09-01 06:00:00,,,,,
2019-09-01 09:00:00,,,,,
2019-09-01 12:00:00,,,,,
2019-09-01 15:00:00,,,,,
2019-09-01 18:00:00,,,,,
2019-09-01 21:00:00,,,,,
2019-09-02 00:00:00,,,,,
2019-09-02 03:00:00,,,,,
2019-09-02 06:00:00,,,,,
2019-09-02 09:00:00,,,,,
2019-09-02 12:00:00,,,,,
2019-09-02 15:00:00,,,,,
2019-09-02 18:00:00,,,,,
2019-09-02 21:00:00,,,,,
2019-09-03 00:00:00,,,,,
2019-09-03 03:00:00,,,,,
2019-09-03 06:00:00,,,,,
2019-09-03 09:00:00,,,,,
2019-09-03 12:00:00,,,,,
2019-09-03 15:00:00,,,,,
2019-09-03 18:00:00,,,,,
2019-09-03 21:00:00,,,,,
2019-09-04 00:00:00,,,,,
2019-09-04 03:00:00,,,,,
2019-09-04 06:00:00,,,,,
2019-09-04 09:00:00,,,,,
2019-09-04 12:00:00,,,,,
2019-09-04 15:00:00,,,,,
2019-09-04 18:00:00,,,,,
2019-09-04 21:00:00,,,,,
2019-09-05 00:00:00,,,,,
2019-09-05 03:00:00,,,,,
2019-09-05 06:00:00,,,,,
2019-09-05 09:00:00,,,,,
2019-09-05 12:00:00,,,,,
2019-09-05 15:00:00,,,,,
2019-09-05 18:00:00,,,,,
2019-09-05 21:00:00,,,,,
2019-09-06 00:00:00,,,,,
2019-09-06 03:00:00,,,,,
2019-09-06 06:00:00,,,,,
2019-09-06 09:00:00,,,,,
2019-09-06 12:00:00,,,,,
2019-09-06 15:00:00,,,,,
2019-09-06 18:00:00,,,,,
2019-09-06 21:00:00,,,,,
2019-09-07 00:00:00,,,,,
2019-09-07 03:00:00,,,,,
2019-09-07 06:00:00,,,,,
2019-09-07 09:00:00,,,,,
2019-09-07 12:00:00,,,,,
2019-09-07 15:00:00,,,,,
2019-09-07 18:00:00,,,,,
2019-09-07 21:00:00,,,,,
2019-09-08 00:00:00,,,,,
2019-09-08 03:00:00,,,,,
2019-09-08 06:00:00,,,,,
2019-09-08 09:00:00,,,,,
2019-09-08 12:00:00,,,,,
2019-09-08 15:00:00,,,,,
2019-09-08 18:00:00,,,,,
2019-09-08 21:00:00,,,,,
2019-09-09 00:00:00,,,,,
2019-09-09 03:00:00,,,,,
2019-09-09 06:00:00,,,,,
2019-09-09 09:00:00,,,,,
2019-09-09 12:00:00,,,,,
2019-09-09 15:00:00,,,,,
2019-09-09 18:00:00,,,,,
2019-09-09 21:00:00,,,,,
2019-09-10 00:00:00,,,,,
2019-09-10 03:00:00,,,,,
2019-09-10 06:00:00,,,,,
2019-09-10 09:00:00,,,,,
2019-09-10 12:00:00,,,,,
2019-09-10 15:00:00,,,,,
2019-09-10 18:00:00,,,,,
2019-09-10 21:00:00,,,,,
2019-09-11 00:00:00,,,,,
2019-09-11 03:00:00,,,,,
2019-09-11 06:00:00,,,,,
2019-09-11 09:00:00,,,,,
2019-09-11 12:00:00,,,,,
2019-09-11 15:00:00,,,,,
2019-09-11 18:00:00,,,,,
2019-09-11 21:00:00,,,,,
2019-09-12 00:00:00,,,,,
2019-09-12 03:00:00,,,,,
2019-09-12 06:00:00,,,,,
2019-09-12 09:00:00,,,,,
2019-09-12 12:00:00,,,,,
2019-09-12 15:00:00,,,,,
2019-09-12 18:00:00,,,,,
2019-09-12 21:00:00,,,,,
2019-09-13 00:00:00,,,,,
2019-09-13 03:00:00,,,,,
2019-09-13 06:00:00,,,,,
2019-09-13 09:00:00,,,,,
2019-09-13 12:00:00,,,,,
2019-09-13 15:00:00,,,,,
2019-09-13 18:00:00,,,,,
2019-09-13 21:00:00,,,,,
2019-09-14 00:00:00,,,,,
2019-09-14 03:00:00,,,,,
2019-09-14 06:00:00,,,,,
2019-09-14 09:00:00,,,,,
2019-09-14 12:00:00,,,,,
2019-09-14 15:00:00,,,,,
2019-09-14 18:00:00,,,,,
2019-09-14 21:00:00,,,,,
2019-09-15 00:00:00,,,,,
2019-09-15 03:00:00,,,,,
2019-09-15 06:00:00,,,,,
2019-09-15 09:00:00,,,,,
2019-09-15 12:00:00,,,,,
2019-09-15 15:00:00,,,,,
2019-09-15 18:00:00,,,,,
2019-09-15 21:00:00,,,,,
2019-09-16 00:00:00,,,,,
2019-09-16 03:00:00,,,,,
2019-09-16 06:00:00,,,,,
2019-09-16 09:00:00,,,,,
2019-09-16 12:00:00,,,,,
2019-09-16 15:00:00,,,,,
2019-09-16 18:00:00,,,,,
2019-09-16 21:00:00,,,,,
2019-09-17 00:00:00,,,,,
2019-09-17 03:00:00,,,,,
2019-09-17 06:00:00,,,,,
2019-09-17 09:00:00,,,,,
2019-09-17 12:00:00,,,,,
2019-09-17 15:00:00,,,,,
2019-09-17 18:00:00,,,,,
2019-09-17 21:00:00,,,,,
2019-09-18 00:00:00,,,,,
2019-09-18 03:00:00,,,,,
2019-09-18 06:00:00,,,,,
2019-09-18 09:00:00,,,,,
2019-09-18 12:00:00,,,,,
2019-09-18 15:00:00,,,,,
2019-09-18 18:00:00,,,,,
2019-09-18 21:00:00,,,,,
2019-09-19 00:00:00,,,,,
2019-09-19 03:00:00,,,,,
2019-09-19 06:00:00,,,,,
2019-09-19 09:00:00,,,,,
2019-09-19 12:00:00,,,,,
2019-09-19 15:00:00,,,,,
2019-09-19 18:00:00,,,,,
2019-09-19 21:00:00,,,,,
2019-09-20 00:00:00,,,,,
2019-09-20 03:00:00,,,,,
2019-09-20 06:00:00,,,,,
2019-09-20 09:00:00,,,,,
2019-09-20 12:00:00,,,,,
2019-09-20 15:00:00,,,,,
2019-09-20 18:00:00,,,,,
2019-09-20 21:00:00,,,,,
2019-09-21 00:00:00,,,,,
2019-09-21 03:00:00,,,,,
2019-09-21 06:00:00,,,,,
2019-09-21 09:00:00,,,,,
2019-09-21 12:00:00,,,,,
2019-09-21 15:00:00,,,,,
2019-09-21 18:00:00,,,,,
2019-09-21 21:00:00,,,,,
2019-09-22 00:00:00,,,,,
2019-09-22 03:00:00,,,,,
2019-09-22 06:00:00,,,,,
2019-09-22 09:00:00,,,,,
2019-09-22 12:00:00,,,,,
2019-09-22 15:00:00,,,,,
2019-09-22 18:00:00,,,,,
2019-09-22 21:00:00,,,,,
2019-09-23 00:00:00,,,,,
2019-09-23 03:00:00,,,,,
2019-09-23 06:00:00,,,,,
2019-09-23 09:00:00,,,,,
2019-09-23 12:00:00,,,,,
2019-09-23 15:00:00,,,,,
2019-09-23 18:00:00,,,,,
2019-09-23 21:00:00,,,,,
2019-09-24 00:00:00,,,,,
2019-09-24 03:00:00,,,,,
2019-09-24 06:00:00,,,,,
2019-09-24 09:00:00,,,,,
2019-09-24 12:00:00,,,,,
2019-09-24 15:00:00,,,,,
2019-09-24 18:00:00,,,,,
2019-09-24 21:00:00,,,,,
2019-09-25 00:00:00,,,,,
2019-09-25 03:00:00,,,,,
2019-09-25 06:00:00,,,,,
2019-09-25 09:00:00,,,,,
2019-09-25 12:00:00,,,,,
2019-09-25 15:00:00,,,,,
2019-09-25 18:00:00,,,,,
2019-09-25 21:00:00,,,,,
2019-09-26 00:00:00,,,,,
2019-09-26 03:00:00,,,,,
2019-09-26 06:00:00,,,,,
2019-09-26 09:00:00,,,,,
2019-09-26 12:00:00,,,,,
2019-09-26 15:00:00,,,,,
2019-09-26 18:00:00,,,,,
2019-09-26 21:00:00,,,,,
2019-09-27 00:00:00,,,,,
2019-09-27 03:00:00,,,,,
2019-09-27 06:00:00,,,,,
2019-09-27 09:00:00,,,,,
2019-09-27 12:00:00,,,,,
2019-09-27 15:00:00,,,,,
2019-09-27 18:00:00,,,,,
2019-09-27 21:00:00,,,,,
2019-09-28 00:00:00,,,,,
2019-09-28 03:00:00,,,,,
2019-09-28 06:00:00,,,,,
2019-09-28 09:00:00,,,,,
2019-09-28 12:00:00,,,,,
2019-09-28 15:00:00,,,,,
2019-09-28 18:00:00,,,,,
2019-09-28 21:00:00,,,,,
2019-09-29 00:00:00,,,,,
2019-09-29 03:00:00,,,,,
2019-09-29 06:00:00,,,,,
2019-09-29 09:00:00,,,,,
2019-09-29 12:00:00,,,,,
2019-09-29 15:00:00,,,,,
2019-09-29 18:00:00,,,,,
2019-09-29 21:00:00,,,,,
2019-09-30 00:00:00,,,,,
2019-09-30 03:00:00,,,,,
2019-09-30 06:00:00,,,,,
2019-09-30 09:00:00,,,,,
2019-09-30 12:00:00,,,,,
2019-09-30 15:00:00,,,,,
2019-09-30 18:00:00,,,,,
2019-09-30 21:00:00,,,,,
2019-10-01 00:00:00,,,,,
2019-10-01 03:00:00,,,,,
2019-10-01 06:00:00,,,,,
2019-10-01 09:00:00,,,,,
2019-10-01 12:00:00,,,,,
2019-10-01 15:00:00,,,,,
2019-10-01 18:00:00,,,,,
2019-10-01 21:00:00,,,,,
2019-10-02 00:00:00,,,,,
2019-10-02 03:00:00,,,,,
2019-10-02 06:00:00,,,,,
2019-10-02 09:00:00,,,,,
2019-10-02 12:00:00,,,,,
2019-10-02 15:00:00,,,,,
2019-10-02 18:00:00,,,,,
2019-10-02 21:00:00,,,,,
2019-10-03 00:00:00,,,,,
2019-10-03 03:00:00,,,,,
2019-10-03 06:00:00,,,,,
2019-10-03 09:00:00,,,,,
2019-10-03 12:00:00,,,,,
2019-10-03 15:00:00,,,,,
2019-10-03 18:00:00,,,,,
2019-10-03 21:00:00,,,,,
2019-10-04 00:00:00,,,,,
2019-10-04 03:00:00,,,,,
2019-10-04 06:00:00,,,,,
2019-10-04 09:00:00,,,,,
2019-10-04 12:00:00,,,,,
2019-10-04 15:00:00,,,,,
2019-10-04 18:00:00,,,,,
2019-10-04 21:00:00,,,,,
2019-10-05 00:00:00,,,,,
2019-10-05 03:00:00,,,,,
2019-10-05 06:00:00,,,,,
2019-10-05 09:00:00,,,,,
2019-10-05 12:00:00,,,,,
2019-10-05 15:00:00,,,,,
2019-10-05 18:00:00,,,,,
2019-10-05 21:00:00,,,,,
2019-10-06 00:00:00,,,,,
2019-10-06 03:00:00,,,,,
2019-10-06 06:00:00,,,,,
2019-10-06 09:00:00,,,,,
2019-10-06 12:00:00,,,,,
2019-10-06 15:00:00,,,,,
2019-10-06 18:00:00,,,,,
2019-10-06 21:00:00,,,,,
2019-10-07 00:00:00,,,,,
2019-10-07 03:00:00,,,,,
2019-10-07 06:00:00,,,,,
2019-10-07 09:00:00,,,,,
2019-10-07 12:00:00,,,,,
2019-10-07 15:00:00,,,,,
2019-10-07 18:00:00,,,,,
2019-10-07 21:00:00,,,,,
2019-10-08 00:00:00,,,,,
2019-10-08 03:00:00,,,,,
2019-10-08 06:00:00,,,,,
2019-10-08 09:00:00,,,,,
2019-10-08 12:00:00,,,,,
2019-10-08 15:00:00,,,,,
2019-10-08 18:00:00,,,,,
2019-10-08 21:00:00,,,,,
2019-10-09 00:00:00,,,,,
2019-10-09 03:00:00,,,,,
2019-10-09 06:00:00,,,,,
2019-10-09 09:00:00,,,,,
2019-10-09 12:00:00,,,,,
2019-10-09 15:00:00,,,,,
2019-10-09 18:00:00,,,,,
2019-10-09 21:00:00,,,,,
2019-10-10 00:00:00,,,,,
2019-10-10 03:00:00,,,,,
2019-10-10 06:00:00,,,,,
2019-10-10 09:00:00,,,,,
2019-10-10 12:00:00,,,,,
2019-10-10 15:00:00,,,,,
2019-10-10 18:00:00,,,,,
2019-10-10 21:00:00,,,,,
2019-10-11 00:00:00,,,,,
2019-10-11 03:00:00,,,,,
2019-10-11 06:00:00,,,,,
2019-10-11 09:00:00,,,,,
2019-10-11 12:00:00,,,,,
2019-10-11 15:00:00,,,,,
2019-10-11 18:00:00,,,,,
2019-10-11 21:00:00,,,,,
2019-10-12 00:00:00,,,,,
2019-10-12 03:00:00,,,,,
2019-10-12 06:00:00,,,,,
2019-10-12 09:00:00,,,,,
2019-10-12 12:00:00,,,,,
2019-10-12 15:00:00,,,,,
2019-10-12 18:00:00,,,,,
2019-10-12 21:00:00,,,,,
2019-10-13 00:00:00,,,,,
2019-10-13 03:00:00,,,,,
2019-10-13 06:00:00,,,,,
2019-10-13 09:00:00,,,,,
2019-10-13 12:00:00,,,,,
2019-10-13 15:00:00,,,,,
2019-10-13 18:00:00,,,,,
2019-10-13 21:00:00,,,,,
2019-10-14 00:00:00,,,,,
2019-10-14 03:00:00,,,,,
2019-10-14 06:00:00,,,,,
2019-10-14 09:00:00,,,,,
2019-10-14 12:00:00,,,,,
2019-10-14 15:00:00,,,,,
2019-10-14 18:00:00,,,,,
2019-10-14 21:00:00,,,,,
2019-10-15 00:00:00,,,,,
2019-10-15 03:00:00,,,,,
2019-10-15 06:00:00,,,,,
2019-10-15 09:00:00,,,,,
2019-10-15 12:00:00,,,,,
2019-10-15 15:00:00,,,,,
2019-10-15 18:00:00,,,,,
2019-10-15 21:00:00,,,,,
2019-10-16 00:00:00,,,,,
2019-10-16 03:00:00,,,,,
2019-10-16 06:00:00,,,,,
2019-10-16 09:00:00,,,,,
2019-10-16 12:00:00,,,,,
2019-10-16 15:00:00,,,,,
2019-10-16 18:00:00,,,,,
2019-10-16 21:00:00,,,,,
2019-10-17 00:00:00,,,,,
2019-10-17 03:00:00,,,,,
2019-10-17 06:00:00,,,,,
2019-10-17 09:00:00,,,,,
2019-10-17 12:00:00,,,,,
2019-10-17 15:00:00,,,,,
2019-10-17 18:00:00,,,,,
2019-10-17 21:00:00,,,,,
2019-10-18 00:00:00,,,,,
2019-10-18 03:00:00,,,,,
2019-10-18 06:00:00,,,,,
2019-10-18 09:00:00,,,,,
2019-10-18 12:00:00,,,,,
2019-10-18 15:00:00,,,,,
2019-10-18 18:00:00,,,,,
2019-10-18 21:00:00,,,,,
2019-10-19 00:00:00,,,,,
2019-10-19 03:00:00,,,,,
2019-10-19 06:00:00,,,,,
2019-10-19 09:00:00,,,,,
2019-10-19 12:00:00,,,,,
2019-10-19 15:00:00,,,,,
2019-10-19 18:00:00,,,,,
2019-10-19 21:00:00,,,,,
2019-10-20 00:00:00,,,,,
2019-10-20 03:00:00,,,,,
2019-10-20 06:00:00,,,,,
2019-10-20 09:00:00,,,,,
2019-10-20 12:00:00,,,,,
2019-10-20 15:00:00,,,,,
2019-10-20 18:00:00,,,,,
2019-10-20 21:00:00,,,,,
2019-10-21 00:00:00,,,,,
2019-10-21 03:00:00,,,,,
2019-10-21 06:00:00,,,,,
2019-10-21 09:00:00,,,,,
2019-10-21 12:00:00,,,,,
2019-10-21 15:00:00,,,,,
2019-10-21 18:00:00,,,,,
2019-10-21 21:00:00,,,,,
2019-10-22 00:00:00,,,,,
2019-10-22 03:00:00,,,,,
2019-10-22 06:00:00,,,,,
2019-10-22 09:00:00,,,,,
2019-10-22 12:00:00,,,,,
2019-10-22 15:00:00,,,,,
2019-10-22 18:00:00,,,,,
2019-10-22 21:00:00,,,,,
2019-10-23 00:00:00,,,,,
2019-10-23 03:00:00,,,,,
2019-10-23 06:00:00,,,,,
2019-10-23 09:00:00,,,,,
2019-10-23 12:00:00,,,,,
2019-10-23 15:00:00,,,,,
2019-10-23 18:00:00,,,,,
2019-10-23 21:00:00,,,,,
2019-10-24 00:00:00,,,,,
2019-10-24 03:00:00,,,,,
2019-10-24 06:00:00,,,,,
2019-10-24 09:00:00,,,,,
2019-10-24 12:00:00,,,,,
2019-10-24 15:00:00,,,,,
2019-10-24 18:00:00,,,,,
2019-10-24 21:00:00,,,,,
2019-10-25 00:00:00,,,,,
2019-10-25 03:00:00,,,,,
2019-10-25 06:00:00,,,,,
2019-10-25 09:00:00,,,,,
2019-10-25 12:00:00,,,,,
2019-10-25 15:00:00,,,,,
2019-10-25 18:00:00,,,,,
2019-10-25 21:00:00,,,,,
2019-10-26 00:00:00,,,,,
2019-10-26 03:00:00,,,,,
2019-10-26 06:00:00,,,,,
2019-10-26 09:00:00,,,,,
2019-10-26 12:00:00,,,,,
2019-10-26 15:00:00,,,,,
2019-10-26 18:00:00,,,,,
2019-10-26 21:00:00,,,,,
2019-10-27 00:00:00,,,,,
2019-10-27 03:00:00,,,,,
2019-10-27 06:00:00,,,,,
2019-10-27 09:00:00,,,,,
2019-10-27 12:00:00,,,,,
2019-10-27 15:00:00,,,,,
2019-10-27 18:00:00,,,,,
2019-10-27 21:00:00,,,,,
2019-10-28 00:00:00,,,,,
2019-10-28 03:00:00,,,,,
2019-10-28 06:00:00,,,,,
2019-10-28 09:00:00,,,,,
2019-10-28 12:00:00,,,,,
2019-10-28 15:00:00,,,,,
2019-10-28 18:00:00,,,,,
2019-10-28 21:00:00,,,,,
2019-10-29 00:00:00,,,,,
2019-10-29 03:00:00,,,,,
2019-10-29 06:00:00,,,,,
2019-10-29 09:00:00,,,,,
2019-10-29 12:00:00,,,,,
2019-10-29 15:00:00,,,,,
2019-10-29 18:00:00,,,,,
2019-10-29 21:00:00,,,,,
2019-10-30 00:00:00,,,,,
2019-10-30 03:00:00,,,,,
2019-10-30 06:00:00,,,,,
2019-10-30 09:00:00,,,,,
2019-10-30 12:00:00,,,,,
2019-10-30 15:00:00,,,,,
2019-10-30 18:00:00,,,,,
2019-10-30 21:00:00,,,,,
2019-10-31 00:00:00,,,,,
2019-10-31 03:00:00,,,,,
2019-10-31 06:00:00,,,,,
2019-10-31 09:00:00,,,,,
2019-10-31 12:00:00,,,,,
2019-10-31 15:00:00,,,,,
2019-10-31 18:00:00,,,,,
2019-10-31 21:00:00,,,,,
2019-11-01 00:00:00,,,,,
2019-11-01 03:00:00,,,,,
2019-11-01 06:00:00,,,,,
2019-11-01 09:00:00,,,,,
2019-11-01 12:00:00,,,,,
2019-11-01 15:00:00,,,,,
2019-11-01 18:00:00,,,,,
2019-11-01 21:00:00,,,,,
2019-11-02 00:00:00,,,,,
2019-11-02 03:00:00,,,,,
2019-11-02 06:00:00,,,,,
2019-11-02 09:00:00,,,,,
2019-11-02 12:00:00,,,,,
2019-11-02 15:00:00,,,,,
2019-11-02 18:00:00,,,,,
2019-11-02 21:00:00,,,,,
2019-11-03 00:00:00,,,,,
2019-11-03 03:00:00,,,,,
2019-11-03 06:00:00,,,,,
2019-11-03 09:00:00,,,,,
2019-11-03 12:00:00,,,,,
2019-11-03 15:00:00,,,,,
2019-11-03 18:00:00,,,,,
2019-11-03 21:00:00,,,,,
2019-11-04 00:00:00,,,,,
2019-11-04 03:00:00,,,,,
2019-11-04 06:00:00,,,,,
2019-11-04 09:00:00,,,,,
2019-11-04 12:00:00,,,,,
2019-11-04 15:00:00,,,,,
2019-11-04 18:00:00,,,,,
2019-11-04 21:00:00,,,,,
2019-11-05 00:00:00,,,,,
2019-11-05 03:00:00,,,,,
2019-11-05 06:00:00,,,,,
2019-11-05 09:00:00,,,,,
2019-11-05 12:00:00,,,,,
2019-11-05 15:00:00,,,,,
2019-11-05 18:00:00,,,,,
2019-11-05 21:00:00,,,,,
2019-11-06 00:00:00,,,,,
2019-11-06 03:00:00,,,,,
2019-11-06 06:00:00,,,,,
2019-11-06 09:00:00,,,,,
2019-11-06 12:00:00,,,,,
2019-11-06 15:00:00,,,,,
2019-11-06 18:00:00,,,,,
2019-11-06 21:00:00,,,,,
2019-11-07 00:00:00,,,,,
2019-11-07 03:00:00,,,,,
2019-11-07 06:00:00,,,,,
2019-11-07 09:00:00,,,,,
2019-11-07 12:00:00,,,,,
2019-11-07 15:00:00,,,,,
2019-11-07 18:00:00,,,,,
2019-11-07 21:00:00,,,,,
2019-11-08 00:00:00,,,,,
2019-11-08 03:00:00,,,,,
2019-11-08 06:00:00,,,,,
2019-11-08 09:00:00,,,,,
2019-11-08 12:00:00,,,,,
2019-11-08 15:00:00,,,,,
2019-11-08 18:00:00,,,,,
2019-11-08 21:00:00,,,,,
2019-11-09 00:00:00,,,,,
2019-11-09 03:00:00,,,,,
2019-11-09 06:00:00,,,,,
2019-11-09 09:00:00,,,,,
2019-11-09 12:00:00,,,,,
2019-11-09 15:00:00,,,,,
2019-11-09 18:00:00,,,,,
2019-11-09 21:00:00,,,,,
2019-11-10 00:00:00,,,,,
2019-11-10 03:00:00,,,,,
2019-11-10 06:00:00,,,,,
2019-11-10 09:00:00,,,,,
2019-11-10 12:00:00,,,,,
2019-11-10 15:00:00,,,,,
2019-11-10 18:00:00,,,,,
2019-11-10 21:00:00,,,,,
2019-11-11 00:00:00,,,,,
2019-11-11 03:00:00,,,,,
2019-11-11 06:00:00,,,,,
2019-11-11 09:00:00,,,,,
2019-11-11 12:00:00,,,,,
2019-11-11 15:00:00,,,,,
2019-11-11 18:00:00,,,,,
2019-11-11 21:00:00,,,,,
2019-11-12 00:00:00,,,,,
2019-11-12 03:00:00,,,,,
2019-11-12 06:00:00,,,,,
2019-11-12 09:00:00,,,,,
2019-11-12 12:00:00,,,,,
2019-11-12 15:00:00,,,,,
2019-11-12 18:00:00,,,,,
2019-11-12 21:00:00,,,,,
2019-11-13 00:00:00,,,,,
2019-11-13 03:00:00,,,,,
2019-11-13 06:00:00,,,,,
2019-11-13 09:00:00,,,,,
2019-11-13 12:00:00,,,,,
2019-11-13 15:00:00,,,,,
2019-11-13 18:00:00,,,,,
2019-11-13 21:00:00,,,,,
2019-11-14 00:00:00,,,,,
2019-11-14 03:00:00,,,,,
2019-11-14 06:00:00,,,,,
2019-11-14 09:00:00,,,,,
2019-11-14 12:00:00,,,,,
2019-11-14 15:00:00,,,,,
2019-11-14 18:00:00,,,,,
2019-11-14 21:00:00,,,,,
2019-11-15 00:00:00,,,,,
2019-11-15 03:00:00,,,,,
2019-11-15 06:00:00,,,,,
2019-11-15 09:00:00,,,,,
2019-11-15 12:00:00,,,,,
2019-11-15 15:00:00,,,,,
2019-11-15 18:00:00,,,,,
2019-11-15 21:00:00,,,,,
2019-11-16 00:00:00,,,,,
2019-11-16 03:00:00,,,,,
2019-11-16 06:00:00,,,,,
2019-11-16 09:00:00,,,,,
2019-11-16 12:00:00,,,,,
2019-11-16 15:00:00,,,,,
2019-11-16 18:00:00,,,,,
2019-11-16 21:00:00,,,,,
2019-11-17 00:00:00,,,,,
2019-11-17 03:00:00,,,,,
2019-11-17 06:00:00,,,,,
2019-11-17 09:00:00,,,,,
2019-11-17 12:00:00,,,,,
2019-11-17 15:00:00,,,,,
2019-11-17 18:00:00,,,,,
2019-11-17 21:00:00,,,,,
2019-11-18 00:00:00,,,,,
2019-11-18 03:00:00,,,,,
2019-11-18 06:00:00,,,,,
2019-11-18 09:00:00,,,,,
2019-11-18 12:00:00,,,,,
2019-11-18 15:00:00,,,,,
2019-11-18 18:00:00,,,,,
2019-11-18 21:00:00,,,,,
2019-11-19 00:00:00,,,,,
2019-11-19 03:00:00,,,,,
2019-11-19 06:00:00,,,,,
2019-11-19 09:00:00,,,,,
2019-11-19 12:00:00,,,,,
2019-11-19 15:00:00,,,,,
2019-11-19 18:00:00,,,,,
2019-11-19 21:00:00,,,,,
2019-11-20 00:00:00,,,,,
2019-11-20 03:00:00,,,,,
2019-11-20 06:00:00,,,,,
2019-11-20 09:00:00,,,,,
2019-11-20 12:00:00,,,,,
2019-11-20 15:00:00,,,,,
2019-11-20 18:00:00,,,,,
2019-11-20 21:00:00,,,,,
2019-11-21 00:00:00,,,,,
2019-11-21 03:00:00,,,,,
2019-11-21 06:00:00,,,,,
2019-11-21 09:00:00,,,,,
2019-11-21 12:00:00,,,,,
2019-11-21 15:00:00,,,,,
2019-11-21 18:00:00,,,,,
2019-11-21 21:00:00,,,,,
2019-11-22 00:00:00,,,,,
2019-11-22 03:00:00,,,,,
2019-11-22 06:00:00,,,,,
2019-11-22 09:00:00,,,,,
2019-11-22 12:00:00,,,,,
2019-11-22 15:00:00,,,,,
2019-11-22 18:00:00,,,,,
2019-11-22 21:00:00,,997.3,,,63.2
2019-11-23 00:00:00,-23.1,998.1,,132.6,78.3
2019-11-23 03:00:00,-21.7,999.3,,232.7,64.8
2019-11-23 06:00:00,-21.1,1000.0,5.6,240.6,63.8
2019-11-23 09:00:00,-20.2,1000.2,9.4,204.6,53.2
2019-11-23 12:00:00,-19.9,999.7,9.8,209.6,50.8
2019-11-23 15:00:00,-18.8,999.1,,117.8,63.2
2019-11-23 18:00:00,,998.3,,256.8,71.0
2019-11-23 21:00:00,,997.5,1.5,249.9,71.0
2019-11-24 00:00:00,,997.4,0.7,236.4,59.0
2019-11-24 03:00:00,-32.1,997.7,1.3,25.4,57.9
2019-11-24 06:00:00,,998.2,1.1,357.5,65.5
2019-11-24 09:00:00,,998.8,0.1,252.2,71.3
2019-11-24 12:00:00,-20.3,999.1,2.2,88.5,50.9
2019-11-24 15:00:00,-23.7,999.3,,234.3,48.6
2019-11-24 18:00:00,,999.3,,226.3,40.3
2019-11-24 21:00:00,,998.8,,252.5,37.6
2019-11-25 00:00:00,,998.8,,200.8,23.6
2019-11-25 03:00:00,,998.9,,217.7,33.8
2019-11-25 06:00:00,-35.2,998.6,,110.4,43.4
2019-11-25 09:00:00,,999.1,,62.5,53.9
2019-11-25 12:00:00,-26.4,998.7,0.1,235.5,62.8
2019-11-25 15:00:00,,998.1,0.1,222.4,76.8
2019-11-25 18:00:00,,997.8,0.6,252.8,74.9
2019-11-25 21:00:00,,998.7,1.1,252.4,64.6
2019-11-26 00:00:00,,999.2,0.0,244.6,63.3
2019-11-26 03:00:00,-37.0,999.2,0.5,290.5,60.9
2019-11-26 06:00:00,,999.2,1.1,6.9,74.4
2019-11-26 09:00:00,,998.6,,,63.5
2019-11-26 12:00:00,-24.9,997.1,1.5,244.1,83.6
2019-11-26 15:00:00,,996.4,0.4,26.7,69.8
2019-11-26 18:00:00,,996.0,0.1,173.3,76.2
2019-11-26 21:00:00,,994.9,0.6,336.8,66.5
2019-11-27 00:00:00,,993.5,1.2,244.3,69.4
2019-11-27 03:00:00,,992.0,1.4,239.5,63.7
2019-11-27 06:00:00,,990.8,0.8,34.3,58.1
2019-11-27 09:00:00,,989.9,0.5,245.7,45.0
2019-11-27 12:00:00,-24.1,988.7,1.4,226.8,84.2
2019-11-27 15:00:00,-23.7,987.5,1.9,272.4,79.2
2019-11-27 18:00:00,-25.6,986.6,2.2,244.3,81.7
2019-11-27 21:00:00,-27.6,986.5,1.2,227.3,66.2
2019-11-28 00:00:00,,986.4,1.0,351.6,52.8
2019-11-28 03:00:00,-27.3,986.4,2.9,36.5,61.7
2019-11-28 06:00:00,-31.8,987.0,1.9,52.9,68.1
2019-11-28 09:00:00,-27.9,988.4,2.1,247.2,76.8
2019-11-28 12:00:00,,989.9,0.0,223.4,86.0
2019-11-28 15:00:00,,991.2,,,83.3
2019-11-28 18:00:00,,992.8,0.9,219.2,71.0
2019-11-28 21:00:00,,994.6,0.2,247.4,69.6
2019-11-29 00:00:00,-24.3,995.7,1.3,36.6,67.7
2019-11-29 03:00:00,,996.4,2.0,47.8,47.6
2019-11-29 06:00:00,,997.1,1.1,235.8,61.9
2019-11-29 09:00:00,,997.7,1.0,243.3,80.1
2019-11-29 12:00:00,,998.2,0.7,225.6,86.7
2019-11-29 15:00:00,,998.4,,,80.2
2019-11-29 18:00:00,,998.4,,,86.3
2019-11-29 21:00:00,,998.6,1.1,13.2,73.7
2019-11-30 00:00:00,-11.1,998.4,2.8,244.2,83.3
2019-11-30 03:00:00,,998.0,1.5,254.8,64.5
2019-11-30 06:00:00,-10.9,997.8,1.6,266.4,73.9
2019-11-30 09:00:00,,998.0,0.3,246.6,72.0
2019-11-30 12:00:00,,998.4,0.4,70.0,81.0
2019-11-30 15:00:00,,998.6,1.2,222.3,81.5
2019-11-30 18:00:00,-14.5,998.6,1.9,16.1,76.0
2019-11-30 21:00:00,-17.7,999.3,2.1,71.5,65.0
2019-12-01 00:00:00,,999.8,0.5,14.5,60.6
2019-12-01 03:00:00,,999.7,1.4,340.7,66.0
2019-12-01 06:00:00,,999.0,1.1,358.3,73.8
2019-12-01 09:00:00,,998.8,0.5,20.7,72.5
2019-12-01 12:00:00,,998.7,0.4,194.2,78.0
2019-12-01 15:00:00,,998.5,,,82.9
2019-12-01 18:00:00,,998.8,,,80.3
2019-12-01 21:00:00,,999.5,0.9,268.1,66.0
2019-12-02 00:00:00,,1000.9,0.3,5.2,53.7
2019-12-02 03:00:00,,1002.0,1.8,19.0,66.0
2019-12-02 06:00:00,,1003.6,0.9,11.2,69.6
2019-12-02 09:00:00,,1005.9,3.7,136.3,68.2
2019-12-02 12:00:00,,1008.6,1.6,229.3,88.7
2019-12-02 15:00:00,,1010.4,,,88.4
2019-12-02 18:00:00,,1011.6,1.0,304.4,86.6
2019-12-02 21:00:00,,1012.4,0.3,273.8,68.0
2019-12-03 00:00:00,,1012.1,0.1,340.9,68.1
2019-12-03 03:00:00,,1010.2,1.3,21.9,72.7
2019-12-03 06:00:00,,1008.2,1.4,235.7,75.2
2019-12-03 09:00:00,,1006.8,1.7,13.9,85.3
2019-12-03 12:00:00,,1005.6,0.6,211.5,79.7
2019-12-03 15:00:00,,1005.0,0.1,7.1,87.3
2019-12-03 18:00:00,,1004.8,0.1,226.4,78.5
2019-12-03 21:00:00,,1004.9,2.0,33.5,79.1
2019-12-04 00:00:00,,1004.5,1.4,250.9,74.8
2019-12-04 03:00:00,,1004.1,1.7,42.6,46.0
2019-12-04 06:00:00,,1003.6,1.4,336.1,53.0
2019-12-04 09:00:00,,1002.7,1.1,231.0,56.4
2019-12-04 12:00:00,,1002.0,0.9,249.1,76.1
2019-12-04 15:00:00,,1000.8,1.2,230.2,84.3
2019-12-04 18:00:00,,1000.2,0.2,39.0,74.1
2019-12-04 21:00:00,,1000.0,0.9,247.3,71.7
2019-12-05 00:00:00,,999.5,0.4,257.9,52.1
2019-12-05 03:00:00,-5.4,998.8,3.6,232.9,51.0
2019-12-05 06:00:00,-6.1,998.6,2.9,213.2,53.6
2019-12-05 09:00:00,,997.9,1.1,353.6,43.0
2019-12-05 12:00:00,,996.2,6.0,243.8,64.7
2019-12-05 15:00:00,,993.9,,194.8,30.8
2019-12-05 18:00:00,,993.8,9.4,213.3,38.1
2019-12-05 21:00:00,,994.5,10.3,211.0,50.7
2019-12-06 00:00:00,,994.8,7.4,197.0,53.3
2019-12-06 03:00:00,,996.3,,209.3,58.2
2019-12-06 06:00:00,,997.6,,184.5,54.8
2019-12-06 09:00:00,,999.1,,222.1,71.5
2019-12-06 12:00:00,,1000.9,6.1,152.7,59.7
2019-12-06 15:00:00,,1001.6,1.5,229.2,66.1
2019-12-06 18:00:00,,1001.9,,82.3,69.6
2019-12-06 21:00:00,,1001.7,,237.3,66.4
2019-12-07 00:00:00,,1001.2,1.7,1.5,67.2
2019-12-07 03:00:00,,1001.0,3.0,47.7,62.3
2019-12-07 06:00:00,,1000.3,2.1,42.3,70.1
2019-12-07 09:00:00,,1000.5,4.3,138.5,79.1
2019-12-07 12:00:00,,999.9,1.4,36.7,86.9
2019-12-07 15:00:00,,999.0,0.5,13.3,87.6
2019-12-07 18:00:00,,998.8,0.2,273.3,84.7
2019-12-07 21:00:00,,998.7,1.8,211.8,73.0
2019-12-08 00:00:00,,998.6,2.5,243.7,73.1
2019-12-08 03:00:00,,998.6,2.1,41.9,70.4
2019-12-08 06:00:00,,999.5,4.2,153.0,71.3
2019-12-08 09:00:00,,1000.7,5.3,140.8,68.7
2019-12-08 12:00:00,,1002.0,,240.2,70.9
2019-12-08 15:00:00,,1002.2,0.4,204.5,72.1
2019-12-08 18:00:00,,1001.9,1.5,227.2,78.0
2019-12-08 21:00:00,,1001.4,2.1,251.2,76.9
2019-12-09 00:00:00,,999.9,1.6,255.7,65.6
2019-12-09 03:00:00,,998.1,1.1,10.1,62.9
2019-12-09 06:00:00,,996.2,1.1,37.0,64.2
2019-12-09 09:00:00,,994.8,2.2,312.9,69.3
2019-12-09 12:00:00,,994.0,1.1,243.3,74.5
2019-12-09 15:00:00,,993.5,,,82.0
2019-12-09 18:00:00,,993.5,0.0,246.5,72.1
2019-12-09 21:00:00,,993.7,1.0,241.5,68.5
2019-12-10 00:00:00,,994.5,1.7,239.1,73.0
2019-12-10 03:00:00,-3.5,994.9,4.5,147.1,50.2
2019-12-10 06:00:00,-7.0,995.7,4.6,137.8,73.0
2019-12-10 09:00:00,,996.8,0.7,6.6,78.9
2019-12-10 12:00:00,,997.3,0.0,287.2,88.0
2019-12-10 15:00:00,,997.2,0.6,230.3,86.6
2019-12-10 18:00:00,,997.0,0.6,245.5,86.6
2019-12-10 21:00:00,,996.8,0.2,275.7,77.6
2019-12-11 00:00:00,,,,,
2019-12-11 03:00:00,,,,,
2019-12-11 06:00:00,,,,,
2019-12-11 09:00:00,,,,,
2019-12-11 12:00:00,,,,,
2019-12-11 15:00:00,,,,,
2019-12-11 18:00:00,,,,,
2019-12-11 21:00:00,,997.4,1.3,199.4,70.3
2019-12-12 00:00:00,-6.0,998.0,5.1,158.1,67.8
2019-12-12 03:00:00,-5.4,998.2,2.5,322.5,75.0
2019-12-12 06:00:00,,998.8,1.5,318.9,67.9
2019-12-12 09:00:00,,999.2,1.1,234.3,71.2
2019-12-12 12:00:00,,999.8,0.5,273.9,79.0
2019-12-12 15:00:00,,999.7,0.1,216.1,64.6
2019-12-12 18:00:00,-7.5,1000.2,4.0,244.2,65.9
2019-12-12 21:00:00,,1000.7,0.1,352.7,50.5
2019-12-13 00:00:00,,1001.0,1.6,222.6,58.0
2019-12-13 03:00:00,,1000.5,0.4,353.2,63.6
2019-12-13 06:00:00,,1000.9,0.1,56.8,67.5
2019-12-13 09:00:00,,1000.7,1.5,231.3,74.2
2019-12-13 12:00:00,,1001.0,0.9,37.1,90.3
2019-12-13 15:00:00,,1001.3,1.0,232.9,88.6
2019-12-13 18:00:00,,1001.8,0.0,345.5,86.7
2019-12-13 21:00:00,,1002.8,3.0,227.3,86.6
2019-12-14 00:00:00,,1003.1,4.1,63.0,63.8
2019-12-14 03:00:00,,1003.3,5.6,67.5,75.5
2019-12-14 06:00:00,,1004.5,4.3,73.3,75.9
2019-12-14 09:00:00,,1005.1,3.4,63.6,77.6
2019-12-14 12:00:00,,1005.0,1.6,102.4,86.4
2019-12-14 15:00:00,,1004.4,5.1,137.2,84.4
2019-12-14 18:00:00,,1004.0,0.5,243.6,91.8
2019-12-14 21:00:00,,1003.3,0.7,257.3,84.7
2019-12-15 00:00:00,,1002.2,0.2,235.8,75.2
2019-12-15 03:00:00,,1000.8,3.2,228.4,89.5
2019-12-15 06:00:00,,999.8,2.0,147.3,76.4
2019-12-15 09:00:00,,998.9,4.3,248.2,68.7
2019-12-15 12:00:00,,998.4,4.3,233.5,78.4
2019-12-15 15:00:00,,998.2,6.4,233.7,90.8
2019-12-15 18:00:00,,997.7,3.2,71.4,74.0
2019-12-15 21:00:00,,998.0,4.0,137.3,70.5
2019-12-16 00:00:00,,998.6,3.6,132.4,68.0
2019-12-16 03:00:00,,999.3,4.3,143.5,74.0
2019-12-16 06:00:00,,999.7,4.2,135.4,71.4
2019-12-16 09:00:00,,1000.3,2.8,123.2,70.1
2019-12-16 12:00:00,,1001.2,2.1,65.9,73.9
2019-12-16 15:00:00,,1001.6,2.5,113.8,79.8
2019-12-16 18:00:00,,1002.2,2.2,25.5,79.3
2019-12-16 21:00:00,,1002.1,3.6,34.9,75.6
2019-12-17 00:00:00,,1002.4,3.7,31.9,77.2
2019-12-17 03:00:00,,1001.8,1.6,58.1,69.7
2019-12-17 06:00:00,,1001.2,1.6,45.8,75.6
2019-12-17 09:00:00,,1000.3,1.3,353.2,89.7
2019-12-17 12:00:00,,999.2,0.5,228.6,90.8
2019-12-17 15:00:00,,997.7,0.2,249.4,94.1
2019-12-17 18:00:00,,996.4,2.2,304.5,91.7
2019-12-17 21:00:00,,996.0,0.7,337.5,84.1
2019-12-18 00:00:00,,995.5,0.8,21.2,78.0
2019-12-18 03:00:00,,995.0,1.0,357.7,78.0
2019-12-18 06:00:00,-3.6,995.1,2.3,225.8,85.4
2019-12-18 09:00:00,,995.7,0.8,243.6,87.6
2019-12-18 12:00:00,,996.7,0.5,342.3,91.5
2019-12-18 15:00:00,,997.5,1.1,228.6,93.4
2019-12-18 18:00:00,-7.7,999.1,5.3,155.7,85.7
2019-12-18 21:00:00,-7.3,1000.8,4.8,149.3,81.6
2019-12-19 00:00:00,-6.7,1002.3,6.5,148.5,72.8
2019-12-19 03:00:00,-6.6,1003.1,2.4,337.1,83.5
2019-12-19 06:00:00,-6.2,1003.9,,320.1,84.1
2019-12-19 09:00:00,-6.6,1004.7,,157.5,75.9
2019-12-19 12:00:00,-7.6,1005.3,,154.2,81.1
2019-12-19 15:00:00,-7.6,1004.8,,184.5,77.0
2019-12-19 18:00:00,-6.9,1004.1,,153.1,66.5
2019-12-19 21:00:00,-7.5,1002.9,,232.4,68.8
2019-12-20 00:00:00,-8.0,1000.2,,232.0,75.8
2019-12-20 03:00:00,-7.7,998.7,18.4,210.0,85.6
2019-12-20 06:00:00,-8.1,996.7,15.2,218.6,94.7
2019-12-20 09:00:00,-7.8,995.6,,214.8,91.8
2019-12-20 12:00:00,-7.8,996.5,,214.0,87.7
2019-12-20 15:00:00,-7.4,996.0,22.5,214.5,85.9
2019-12-20 18:00:00,-7.0,996.2,22.0,215.9,67.3
2019-12-20 21:00:00,-7.1,997.7,23.5,214.0,78.3
2019-12-21 00:00:00,-6.3,998.5,20.1,210.9,68.8
2019-12-21 03:00:00,-5.5,997.2,,220.1,65.8
2019-12-21 06:00:00,-5.5,998.1,16.6,207.5,59.6
2019-12-21 09:00:00,-3.8,999.3,17.1,209.2,47.4
2019-12-21 12:00:00,-3.1,999.6,16.6,212.5,47.1
2019-12-21 15:00:00,-3.3,1000.1,,219.3,39.4
2019-12-21 18:00:00,-4.8,999.7,,240.2,53.3
2019-12-21 21:00:00,-3.1,998.7,8.5,262.8,63.5
2019-12-22 00:00:00,-1.6,998.5,,52.0,56.0
2019-12-22 03:00:00,,997.5,,102.7,52.2
2019-12-22 06:00:00,,996.5,1.7,219.8,42.0
2019-12-22 09:00:00,-3.1,995.5,2.3,237.0,79.4
2019-12-22 12:00:00,,993.8,1.9,247.4,65.2
2019-12-22 15:00:00,,992.0,0.9,238.4,64.9
2019-12-22 18:00:00,,990.7,1.1,45.4,82.7
2019-12-22 21:00:00,,990.5,1.9,253.2,71.7
2019-12-23 00:00:00,,991.6,2.0,128.9,69.4
2019-12-23 03:00:00,,992.0,1.6,345.3,76.1
2019-12-23 06:00:00,,991.8,1.4,341.2,77.8
2019-12-23 09:00:00,,991.5,1.1,232.1,67.0
2019-12-23 12:00:00,,990.7,,,73.6
2019-12-23 15:00:00,,989.7,0.5,213.4,81.0
2019-12-23 18:00:00,,989.4,0.3,217.4,84.2
2019-12-23 21:00:00,,988.9,1.5,222.5,78.5
2019-12-24 00:00:00,,988.6,3.4,47.0,73.0
2019-12-24 03:00:00,-2.0,988.4,2.0,13.3,49.9
2019-12-24 06:00:00,,988.4,1.8,43.1,73.5
2019-12-24 09:00:00,,988.3,1.0,100.9,74.6
2019-12-24 12:00:00,-4.4,988.3,4.5,148.0,78.0
2019-12-24 15:00:00,-4.7,987.9,2.2,153.6,75.3
2019-12-24 18:00:00,,987.7,0.2,22.1,83.8
2019-12-24 21:00:00,,987.7,0.3,20.0,75.9
2019-12-25 00:00:00,,987.6,0.5,4.2,68.9
2019-12-25 03:00:00,-2.5,987.2,2.6,111.7,72.7
2019-12-25 06:00:00,,987.2,1.2,247.1,77.3
2019-12-25 09:00:00,,987.2,0.8,221.4,74.8
2019-12-25 12:00:00,,987.1,0.0,252.7,83.1
2019-12-25 15:00:00,-4.2,986.8,3.2,229.5,56.5
2019-12-25 18:00:00,-3.9,987.2,,218.1,51.0
2019-12-25 21:00:00,-3.4,987.5,6.5,226.9,66.9
2019-12-26 00:00:00,-1.9,988.2,10.2,216.3,54.5
2019-12-26 03:00:00,-1.6,988.2,8.8,213.4,44.7
2019-12-26 06:00:00,-1.6,988.8,,229.9,53.9
2019-12-26 09:00:00,-2.8,989.3,,240.2,74.5
2019-12-26 12:00:00,,989.6,0.4,275.1,73.4
2019-12-26 15:00:00,,988.9,1.1,243.0,84.9
2019-12-26 18:00:00,,987.9,1.3,257.3,74.7
2019-12-26 21:00:00,,987.8,1.1,2.4,77.9
2019-12-27 00:00:00,-2.6,987.7,2.1,33.4,82.2
2019-12-27 03:00:00,-2.6,987.2,2.8,223.3,79.1
2019-12-27 06:00:00,,987.0,1.2,11.7,74.5
2019-12-27 09:00:00,,987.8,0.8,20.9,73.6
2019-12-27 12:00:00,,989.1,0.4,239.4,79.3
2019-12-27 15:00:00,,990.1,1.2,232.0,89.0
2019-12-27 18:00:00,,991.6,1.0,27.7,87.8
2019-12-27 21:00:00,-1.7,992.7,2.7,68.0,66.2
2019-12-28 00:00:00,-1.5,993.9,3.8,55.1,68.6
2019-12-28 03:00:00,-1.4,994.5,3.3,45.8,73.8
2019-12-28 06:00:00,-2.3,995.2,2.4,56.2,83.5
2019-12-28 09:00:00,-3.4,996.0,2.0,150.6,89.0
2019-12-28 12:00:00,-3.8,996.7,4.1,165.0,82.8
2019-12-28 15:00:00,,997.0,0.7,256.4,92.8
2019-12-28 18:00:00,,997.4,0.9,273.4,94.0
2019-12-28 21:00:00,,997.8,1.2,224.6,87.4
2019-12-29 00:00:00,,997.7,1.1,348.4,77.0
2019-12-29 03:00:00,-2.5,997.5,2.5,337.2,83.5
2019-12-29 06:00:00,-2.3,997.7,2.7,332.5,85.1
2019-12-29 09:00:00,,998.1,1.7,341.9,81.0
2019-12-29 12:00:00,,998.8,0.4,234.7,85.6
2019-12-29 15:00:00,-4.8,999.0,,,85.8
2019-12-29 18:00:00,,999.4,1.2,234.8,84.7
2019-12-29 21:00:00,,999.9,0.7,228.9,73.9
2019-12-30 00:00:00,,1000.8,0.8,1.2,70.4
2019-12-30 03:00:00,-1.5,1000.7,2.0,29.2,72.3
2019-12-30 06:00:00,,1000.9,1.4,24.0,81.5
2019-12-30 09:00:00,-2.4,1000.9,3.3,70.6,84.6
2019-12-30 12:00:00,-3.4,1001.0,2.1,62.5,86.3
2019-12-30 15:00:00,,1000.8,1.1,229.1,93.3
2019-12-30 18:00:00,,1000.9,0.8,229.0,95.2
2019-12-30 21:00:00,,1001.3,1.2,246.7,89.5
2019-12-31 00:00:00,-0.8,1002.1,4.4,127.1,73.4
2019-12-31 03:00:00,-0.9,1001.9,5.5,130.8,82.3
2019-12-31 06:00:00,-1.9,1003.0,4.6,105.9,87.8
2019-12-31 09:00:00,-2.8,1003.3,5.0,126.0,94.2
2019-12-31 12:00:00,-2.8,1003.7,4.2,149.0,87.0
2019-12-31 15:00:00,-3.0,1003.8,3.5,147.9,86.8
2019-12-31 18:00:00,-3.0,1004.3,6.0,139.4,88.2
2019-12-31 21:00:00,-2.7,1004.7,6.2,157.1,85.0
2020-01-01 00:00:00,-2.6,1005.1,6.8,152.7,81.6
2020-01-01 03:00:00,-2.3,1004.5,3.7,160.6,79.7
2020-01-01 06:00:00,-3.3,1005.4,,323.2,96.9
2020-01-01 09:00:00,-3.3,1005.7,,,97.3
2020-01-01 12:00:00,-3.0,1005.3,,0.0,97.7
2020-01-01 15:00:00,-3.2,1004.1,,0.0,97.4
2020-01-01 18:00:00,-1.6,1003.1,,339.6,90.6
2020-01-01 21:00:00,,1002.4,1.1,232.4,87.7
2020-01-02 00:00:00,,1000.9,1.7,235.7,91.2
2020-01-02 03:00:00,,998.8,0.7,291.0,79.6
2020-01-02 06:00:00,,997.7,0.9,242.1,88.7
2020-01-02 09:00:00,-3.4,996.4,2.2,40.7,93.8
2020-01-02 12:00:00,,995.0,0.5,2.5,92.7
2020-01-02 15:00:00,-3.3,993.4,,,89.8
2020-01-02 18:00:00,,992.9,0.7,246.3,90.7
2020-01-02 21:00:00,,992.5,1.8,357.6,91.0
2020-01-03 00:00:00,,992.2,0.5,271.1,82.0
2020-01-03 03:00:00,-1.6,992.0,2.8,28.9,83.1
2020-01-03 06:00:00,,992.0,1.8,36.9,81.8
2020-01-03 09:00:00,,992.1,0.3,248.9,86.7
2020-01-03 12:00:00,,992.0,1.8,227.3,92.1
2020-01-03 15:00:00,,991.3,1.3,244.9,95.5
2020-01-03 18:00:00,,991.4,0.8,235.7,88.9
2020-01-03 21:00:00,,990.8,1.4,242.2,89.9
2020-01-04 00:00:00,,990.5,0.8,353.1,84.1
2020-01-04 03:00:00,,989.7,1.1,16.2,81.3
2020-01-04 06:00:00,,989.8,1.6,226.9,79.4
2020-01-04 09:00:00,,989.8,0.8,233.6,85.2
2020-01-04 12:00:00,,990.4,0.6,157.0,88.0
2020-01-04 15:00:00,-2.4,990.6,3.3,149.9,88.8
2020-01-04 18:00:00,-2.6,991.5,4.4,142.2,90.1
2020-01-04 21:00:00,-2.1,992.2,3.8,143.7,83.8
2020-01-05 00:00:00,,993.5,1.4,307.5,90.8
2020-01-05 03:00:00,,993.4,1.1,345.4,90.3
2020-01-05 06:00:00,,993.8,0.5,9.7,86.4
2020-01-05 09:00:00,,993.8,0.3,12.9,78.6
2020-01-05 12:00:00,,993.9,0.0,96.4,75.7
2020-01-05 15:00:00,,993.2,0.8,267.1,82.2
2020-01-05 18:00:00,,993.6,0.7,25.8,86.5
2020-01-05 21:00:00,,993.0,1.8,224.9,88.8
2020-01-06 00:00:00,,992.8,1.2,239.7,84.7
2020-01-06 03:00:00,,992.1,1.6,232.9,91.5
2020-01-06 06:00:00,,991.7,1.5,343.7,88.4
2020-01-06 09:00:00,,991.6,0.6,240.2,93.5
2020-01-06 12:00:00,,991.9,1.1,213.6,95.9
2020-01-06 15:00:00,,992.2,0.8,209.5,91.0
2020-01-06 18:00:00,,993.3,0.7,231.5,92.5
2020-01-06 21:00:00,,994.4,0.2,270.0,84.5
2020-01-07 00:00:00,,996.0,0.9,300.3,81.8
2020-01-07 03:00:00,,997.0,0.7,11.2,78.2
2020-01-07 06:00:00,,998.5,1.3,330.3,59.1
2020-01-07 09:00:00,0.9,999.9,4.4,139.5,62.5
2020-01-07 12:00:00,,1001.7,1.9,67.0,70.2
2020-01-07 15:00:00,,1002.8,0.3,225.8,71.8
2020-01-07 18:00:00,,1003.7,0.2,206.1,71.4
2020-01-07 21:00:00,,1003.7,1.0,35.2,60.6
2020-01-08 00:00:00,,1003.6,0.1,310.5,55.1
2020-01-08 03:00:00,,1002.5,1.8,44.5,70.6
2020-01-08 06:00:00,,1001.5,1.2,40.5,69.8
2020-01-08 09:00:00,,1000.4,0.0,268.3,75.8
2020-01-08 12:00:00,,999.5,1.0,226.7,76.2
2020-01-08 15:00:00,,998.0,0.1,332.5,85.7
2020-01-08 18:00:00,-5.4,997.3,,,87.0
2020-01-08 21:00:00,,996.8,0.8,239.8,84.0
2020-01-09 00:00:00,-2.6,996.3,2.4,235.4,86.2
2020-01-09 03:00:00,-2.0,995.5,2.4,224.4,83.8
2020-01-09 06:00:00,-1.7,995.2,2.3,226.2,86.9
2020-01-09 09:00:00,-2.4,995.7,5.8,156.8,79.6
2020-01-09 12:00:00,-2.4,996.5,3.0,144.2,77.2
2020-01-09 15:00:00,-2.6,996.7,3.9,152.5,73.2
2020-01-09 18:00:00,-3.2,997.4,2.2,316.8,91.7
2020-01-09 21:00:00,,997.9,1.1,4.9,94.1
2020-01-10 00:00:00,,998.6,0.9,309.8,87.9
2020-01-10 03:00:00,-2.6,998.0,2.7,24.4,77.9
2020-01-10 06:00:00,,997.7,1.0,0.7,88.1
2020-01-10 09:00:00,,997.2,1.5,55.6,83.6
2020-01-10 12:00:00,,996.7,1.6,242.7,92.1
2020-01-10 15:00:00,-4.5,996.0,,,92.9
2020-01-10 18:00:00,,996.3,0.6,306.4,87.3
2020-01-10 21:00:00,,996.5,0.8,244.2,79.2
2020-01-11 00:00:00,,996.7,0.4,243.0,77.9
2020-01-11 03:00:00,,996.6,0.4,349.1,67.0
2020-01-11 06:00:00,,996.3,0.5,335.7,76.3
2020-01-11 09:00:00,,996.2,1.3,240.5,75.9
2020-01-11 12:00:00,,996.1,0.2,55.4,92.5
2020-01-11 15:00:00,,994.8,0.0,48.1,88.7
2020-01-11 18:00:00,,994.9,0.4,229.9,88.4
2020-01-11 21:00:00,,995.1,1.9,238.6,88.1
2020-01-12 00:00:00,,994.7,1.7,243.5,83.1
2020-01-12 03:00:00,-3.0,994.2,2.0,246.7,83.5
2020-01-12 06:00:00,,994.1,1.0,296.0,84.4
2020-01-12 09:00:00,,993.8,0.3,288.5,76.1
2020-01-12 12:00:00,-3.1,994.0,,234.7,81.6
2020-01-12 15:00:00,-3.4,994.5,3.3,216.9,88.0
2020-01-12 18:00:00,-2.7,994.8,5.8,228.5,81.0
2020-01-12 21:00:00,-2.3,995.5,6.8,222.7,81.6
2020-01-13 00:00:00,-0.9,996.0,5.3,218.3,70.0
2020-01-13 03:00:00,0.6,995.9,3.5,212.3,63.4
2020-01-13 06:00:00,0.3,995.9,6.2,149.7,70.7
2020-01-13 09:00:00,,995.7,1.9,250.3,68.4
2020-01-13 12:00:00,-1.1,995.4,5.0,139.9,69.9
2020-01-13 15:00:00,-1.3,994.6,2.8,137.5,71.2
2020-01-13 18:00:00,,993.8,0.6,125.4,73.1
2020-01-13 21:00:00,-1.5,993.0,3.7,149.8,78.2
2020-01-14 00:00:00,,992.5,0.7,5.4,73.3
2020-01-14 03:00:00,,991.6,1.8,220.4,80.3
2020-01-14 06:00:00,,991.6,1.4,246.8,83.5
2020-01-14 09:00:00,,991.8,0.8,6.0,85.9
2020-01-14 12:00:00,,992.5,0.3,328.4,84.7
2020-01-14 15:00:00,,992.9,1.1,40.8,82.4
2020-01-14 18:00:00,,993.5,1.8,40.8,81.4
2020-01-14 21:00:00,-1.0,994.2,4.7,146.7,74.7
2020-01-15 00:00:00,-1.7,995.1,2.3,333.3,84.4
2020-01-15 03:00:00,-1.8,995.1,2.0,328.9,84.1
2020-01-15 06:00:00,,994.9,1.6,60.8,79.0
2020-01-15 09:00:00,-1.6,994.6,2.0,54.1,84.3
2020-01-15 12:00:00,,994.1,1.8,45.8,88.2
2020-01-15 15:00:00,-2.6,993.1,,,89.7
2020-01-15 18:00:00,,992.4,1.2,231.6,92.7
2020-01-15 21:00:00,-2.1,991.2,2.6,218.8,85.9
2020-01-16 00:00:00,,990.8,0.8,253.8,94.4
2020-01-16 03:00:00,,990.2,0.5,210.8,92.0
2020-01-16 06:00:00,,989.9,1.4,163.7,72.7
2020-01-16 09:00:00,,990.0,1.5,170.9,74.6
2020-01-16 12:00:00,-2.1,990.5,4.6,231.8,71.5
2020-01-16 15:00:00,,989.7,1.6,116.5,77.6
2020-01-16 18:00:00,-2.5,990.3,6.5,234.2,69.7
2020-01-16 21:00:00,-1.9,990.4,4.2,241.8,71.3
2020-01-17 00:00:00,-1.6,990.0,6.1,241.7,61.8
2020-01-17 03:00:00,-0.9,990.6,3.1,10.4,69.4
2020-01-17 06:00:00,-1.5,991.2,2.5,42.2,78.0
2020-01-17 09:00:00,,991.4,1.4,189.2,77.9
2020-01-17 12:00:00,,991.8,1.4,227.7,89.0
2020-01-17 15:00:00,,991.6,0.0,198.0,87.6
2020-01-17 18:00:00,,991.3,0.3,317.7,82.5
2020-01-17 21:00:00,,991.1,0.6,242.2,83.6
2020-01-18 00:00:00,-1.4,991.0,2.6,41.8,80.9
2020-01-18 03:00:00,-1.2,991.0,2.3,44.2,79.1
2020-01-18 06:00:00,-1.4,991.0,2.8,40.1,79.2
2020-01-18 09:00:00,,990.8,1.9,98.7,76.4
2020-01-18 12:00:00,,990.6,1.3,55.0,83.8
2020-01-18 15:00:00,,990.1,1.6,44.3,92.8
2020-01-18 18:00:00,,989.7,0.0,275.7,67.6
2020-01-18 21:00:00,-2.8,989.2,4.3,157.0,74.7
2020-01-19 00:00:00,,988.8,1.1,25.1,74.5
2020-01-19 03:00:00,,988.1,1.7,11.9,62.3
2020-01-19 06:00:00,-2.3,987.6,2.5,33.3,71.9
2020-01-19 09:00:00,,987.2,1.7,48.1,78.3
2020-01-19 12:00:00,,987.1,0.5,354.5,87.2
2020-01-19 15:00:00,,986.2,1.0,233.0,88.1
2020-01-19 18:00:00,,985.9,0.5,238.2,84.8
2020-01-19 21:00:00,,985.1,1.5,247.5,79.6
2020-01-20 00:00:00,,985.2,0.8,237.6,74.8
2020-01-20 03:00:00,,985.1,1.0,349.0,77.7
2020-01-20 06:00:00,,985.2,1.1,354.5,80.0
2020-01-20 09:00:00,,985.6,0.8,229.0,83.5
2020-01-20 12:00:00,,986.1,0.7,299.5,81.2
2020-01-20 15:00:00,,986.7,,210.7,32.6
2020-01-20 18:00:00,,987.7,,214.6,42.9
2020-01-20 21:00:00,,988.8,6.5,198.9,25.3
2020-01-21 00:00:00,,989.7,6.8,250.8,55.8
2020-01-21 03:00:00,,990.8,,89.9,25.9
2020-01-21 06:00:00,,991.7,2.3,38.9,54.0
2020-01-21 09:00:00,,992.6,0.4,4.6,55.1
2020-01-21 12:00:00,,993.4,1.0,219.7,74.5
2020-01-21 15:00:00,,994.3,,,72.0
2020-01-21 18:00:00,,995.8,,,72.4
2020-01-21 21:00:00,,997.1,1.1,237.0,50.5
2020-01-22 00:00:00,,,,,
2020-01-22 03:00:00,,,,,
2020-01-22 06:00:00,,,,,
2020-01-22 09:00:00,,,,,
2020-01-22 12:00:00,,,,,
2020-01-22 15:00:00,,,,,
2020-01-22 18:00:00,,,,,
2020-01-22 21:00:00,,1003.8,1.0,221.7,67.1
2020-01-23 00:00:00,,1003.2,1.1,244.3,62.3
2020-01-23 03:00:00,-0.1,1001.8,3.3,67.7,62.6
2020-01-23 06:00:00,-1.5,1000.7,2.8,247.0,75.8
2020-01-23 09:00:00,-3.1,1000.3,2.0,226.3,82.8
2020-01-23 12:00:00,,1000.2,1.4,203.9,81.9
2020-01-23 15:00:00,-3.6,1000.1,4.6,157.5,89.0
2020-01-23 18:00:00,-3.6,1000.7,5.1,145.9,80.2
2020-01-23 21:00:00,-3.1,1001.9,4.0,147.9,76.8
2020-01-24 00:00:00,,1002.7,1.2,340.8,76.8
2020-01-24 03:00:00,,1003.0,1.1,358.8,75.4
2020-01-24 06:00:00,,1003.0,1.0,308.9,77.1
2020-01-24 09:00:00,,1003.4,1.9,261.0,67.1
2020-01-24 12:00:00,,1003.9,1.5,248.5,87.7
2020-01-24 15:00:00,,1003.9,1.6,221.5,80.8
2020-01-24 18:00:00,,1003.3,1.7,277.6,75.5
2020-01-24 21:00:00,,1002.8,1.0,226.3,52.8
2020-01-25 00:00:00,,1001.6,1.0,23.2,58.8
2020-01-25 03:00:00,,999.8,0.5,33.2,58.0
2020-01-25 06:00:00,,998.3,0.3,306.1,48.3
2020-01-25 09:00:00,,997.1,0.1,223.8,61.7
2020-01-25 12:00:00,,996.5,0.1,248.4,86.4
2020-01-25 15:00:00,,996.0,1.2,239.7,84.3
2020-01-25 18:00:00,,996.2,0.2,282.4,83.6
2020-01-25 21:00:00,,996.6,1.1,227.2,68.5
2020-01-26 00:00:00,,996.7,1.3,357.1,74.0
2020-01-26 03:00:00,,996.1,0.4,334.5,73.4
2020-01-26 06:00:00,,995.8,1.1,21.5,66.6
2020-01-26 09:00:00,,995.7,0.4,241.3,61.9
2020-01-26 12:00:00,,995.3,0.5,1.5,67.7
2020-01-26 15:00:00,,995.1,1.6,236.7,58.0
2020-01-26 18:00:00,-2.3,995.0,4.5,155.7,59.0
2020-01-26 21:00:00,,994.8,1.2,214.0,55.4
2020-01-27 00:00:00,,994.1,1.2,235.9,61.1
2020-01-27 03:00:00,,994.0,1.4,227.0,50.0
2020-01-27 06:00:00,-1.7,993.7,6.1,139.5,70.5
2020-01-27 09:00:00,-2.3,994.3,,3.7,74.6
2020-01-27 12:00:00,-2.1,994.3,2.1,234.3,65.2
2020-01-27 15:00:00,-2.0,995.1,3.1,136.7,71.3
2020-01-27 18:00:00,,995.6,1.3,88.4,66.3
2020-01-27 21:00:00,-2.5,996.7,4.4,230.7,73.7
2020-01-28 00:00:00,,997.4,1.1,131.9,63.2
2020-01-28 03:00:00,-1.5,997.8,4.7,158.2,66.8
2020-01-28 06:00:00,,998.1,0.7,230.4,86.8
2020-01-28 09:00:00,,998.3,0.0,350.9,87.9
2020-01-28 12:00:00,,998.1,0.5,241.5,90.4
2020-01-28 15:00:00,-3.5,997.9,,,92.8
2020-01-28 18:00:00,,997.6,1.0,240.6,92.6
2020-01-28 21:00:00,,997.5,0.4,236.8,90.9
2020-01-29 00:00:00,,997.0,1.0,234.0,85.4
2020-01-29 03:00:00,,996.3,1.0,31.2,83.2
2020-01-29 06:00:00,,995.3,1.0,42.0,79.1
2020-01-29 09:00:00,,994.6,0.2,352.3,87.8
2020-01-29 12:00:00,,993.6,1.2,235.5,89.2
2020-01-29 15:00:00,,992.7,0.8,273.3,81.0
2020-01-29 18:00:00,-5.9,992.0,,,84.7
2020-01-29 21:00:00,,991.6,1.3,224.7,83.5
2020-01-30 00:00:00,,990.8,1.4,246.1,85.0
2020-01-30 03:00:00,,989.7,1.2,236.6,82.2
2020-01-30 06:00:00,-3.0,989.1,2.3,234.8,75.6
2020-01-30 09:00:00,,988.8,0.7,244.8,77.1
2020-01-30 12:00:00,,988.1,0.7,231.9,87.5
2020-01-30 15:00:00,,987.7,1.5,251.0,50.1
2020-01-30 18:00:00,-3.6,987.5,,237.6,51.2
2020-01-30 21:00:00,-3.1,988.4,6.3,224.9,58.7
2020-01-31 00:00:00,-3.2,988.9,8.7,233.3,64.0
2020-01-31 03:00:00,-2.5,989.1,8.5,227.3,65.4
2020-01-31 06:00:00,-1.8,989.7,5.5,201.8,60.1
2020-01-31 09:00:00,-2.4,990.3,7.8,196.7,60.7
2020-01-31 12:00:00,-3.1,990.4,9.6,214.5,64.2
2020-01-31 15:00:00,-3.3,990.6,,211.1,71.9
2020-01-31 18:00:00,-3.1,991.4,,214.2,67.7
2020-01-31 21:00:00,-2.4,991.3,,205.8,71.6
2020-02-01 00:00:00,-2.2,990.7,13.1,212.4,59.4
2020-02-01 03:00:00,-2.1,989.8,11.9,219.3,60.8
2020-02-01 06:00:00,-2.1,989.2,13.7,212.4,60.5
2020-02-01 09:00:00,-2.6,989.1,13.7,209.4,66.3
2020-02-01 12:00:00,-3.4,988.5,13.0,209.5,78.3
2020-02-01 15:00:00,-3.2,987.0,12.6,209.4,68.6
2020-02-01 18:00:00,-3.1,986.1,16.0,213.1,69.3
2020-02-01 21:00:00,-3.4,985.2,,212.1,67.7
2020-02-02 00:00:00,-4.1,985.8,15.4,213.2,70.7
2020-02-02 03:00:00,,,,,
2020-02-02 06:00:00,,,,,
2020-02-02 09:00:00,,,,,
2020-02-02 12:00:00,,,,,
2020-02-02 15:00:00,,,,,
2020-02-02 18:00:00,,,,,
2020-02-02 21:00:00,,,,,
2020-02-03 00:00:00,,,,,
2020-02-03 03:00:00,,,,,
2020-02-03 06:00:00,,,,,
2020-02-03 09:00:00,,,,,
2020-02-03 12:00:00,,,,,
2020-02-03 15:00:00,,,,,
2020-02-03 18:00:00,,,,,
2020-02-03 21:00:00,,,,,
2020-02-04 00:00:00,,,,,
2020-02-04 03:00:00,,,,,
2020-02-04 06:00:00,,,,,
2020-02-04 09:00:00,,,,,
2020-02-04 12:00:00,,,,,
2020-02-04 15:00:00,,,,,
2020-02-04 18:00:00,,,,,
2020-02-04 21:00:00,,,,,
2020-02-05 00:00:00,,,,,
2020-02-05 03:00:00,,,,,
2020-02-05 06:00:00,,,,,
2020-02-05 09:00:00,,,,,
2020-02-05 12:00:00,,,,,
2020-02-05 15:00:00,,,,,
2020-02-05 18:00:00,,,,,
2020-02-05 21:00:00,,,,,
2020-02-06 00:00:00,,,,,
2020-02-06 03:00:00,,,,,
2020-02-06 06:00:00,,,,,
2020-02-06 09:00:00,,,,,
2020-02-06 12:00:00,,,,,
2020-02-06 15:00:00,,,,,
2020-02-06 18:00:00,,,,,
2020-02-06 21:00:00,,,,,
2020-02-07 00:00:00,,,,,
2020-02-07 03:00:00,,,,,
2020-02-07 06:00:00,,,,,
2020-02-07 09:00:00,,,,,
2020-02-07 12:00:00,,,,,
2020-02-07 15:00:00,,,,,
2020-02-07 18:00:00,,,,,
2020-02-07 21:00:00,,,,,
2020-02-08 00:00:00,,,,,
2020-02-08 03:00:00,,,,,
2020-02-08 06:00:00,,,,,
2020-02-08 09:00:00,,,,,
2020-02-08 12:00:00,,,,,
2020-02-08 15:00:00,,,,,
2020-02-08 18:00:00,,,,,
2020-02-08 21:00:00,,,,,
2020-02-09 00:00:00,,,,,
2020-02-09 03:00:00,,,,,
2020-02-09 06:00:00,,,,,
2020-02-09 09:00:00,,,,,
2020-02-09 12:00:00,,,,,
2020-02-09 15:00:00,,,,,
2020-02-09 18:00:00,,,,,
2020-02-09 21:00:00,,,,,
2020-02-10 00:00:00,,,,,
2020-02-10 03:00:00,,,,,
2020-02-10 06:00:00,,,,,
2020-02-10 09:00:00,,,,,
2020-02-10 12:00:00,,,,,
2020-02-10 15:00:00,,,,,
2020-02-10 18:00:00,,,,,
2020-02-10 21:00:00,,,,,
2020-02-11 00:00:00,,,,,
2020-02-11 03:00:00,,,,,
2020-02-11 06:00:00,,,,,
2020-02-11 09:00:00,,,,,
2020-02-11 12:00:00,,,,,
2020-02-11 15:00:00,,,,,
2020-02-11 18:00:00,,,,,
2020-02-11 21:00:00,,,,,
2020-02-12 00:00:00,,,,,
2020-02-12 03:00:00,,,,,
2020-02-12 06:00:00,,,,,
2020-02-12 09:00:00,,,,,
2020-02-12 12:00:00,,,,,
2020-02-12 15:00:00,,,,,
2020-02-12 18:00:00,,,,,
2020-02-12 21:00:00,,,,,
2020-02-13 00:00:00,,,,,
2020-02-13 03:00:00,,,,,
2020-02-13 06:00:00,,,,,
2020-02-13 09:00:00,,,,,
2020-02-13 12:00:00,,,,,
2020-02-13 15:00:00,,,,,
2020-02-13 18:00:00,,,,,
2020-02-13 21:00:00,,,,,
2020-02-14 00:00:00,,,,,
2020-02-14 03:00:00,,,,,
2020-02-14 06:00:00,,,,,
2020-02-14 09:00:00,,,,,
2020-02-14 12:00:00,,,,,
2020-02-14 15:00:00,,,,,
2020-02-14 18:00:00,,,,,
2020-02-14 21:00:00,,,,,
2020-02-15 00:00:00,,,,,
2020-02-15 03:00:00,,,,,
2020-02-15 06:00:00,,,,,
2020-02-15 09:00:00,,,,,
2020-02-15 12:00:00,,,,,
2020-02-15 15:00:00,,,,,
2020-02-15 18:00:00,,,,,
2020-02-15 21:00:00,,,,,
2020-02-16 00:00:00,,,,,
2020-02-16 03:00:00,,,,,
2020-02-16 06:00:00,,,,,
2020-02-16 09:00:00,,,,,
2020-02-16 12:00:00,,,,,
2020-02-16 15:00:00,,,,,
2020-02-16 18:00:00,,,,,
2020-02-16 21:00:00,,,,,
2020-02-17 00:00:00,,,,,
2020-02-17 03:00:00,,,,,
2020-02-17 06:00:00,,,,,
2020-02-17 09:00:00,,,,,
2020-02-17 12:00:00,,,,,
2020-02-17 15:00:00,,,,,
2020-02-17 18:00:00,,,,,
2020-02-17 21:00:00,,,,,
2020-02-18 00:00:00,,,,,
2020-02-18 03:00:00,,,,,
2020-02-18 06:00:00,,,,,
2020-02-18 09:00:00,,,,,
2020-02-18 12:00:00,,,,,
2020-02-18 15:00:00,,,,,
2020-02-18 18:00:00,,,,,
2020-02-18 21:00:00,,,,,
2020-02-19 00:00:00,,,,,
2020-02-19 03:00:00,,,,,
2020-02-19 06:00:00,,,,,
2020-02-19 09:00:00,,,,,
2020-02-19 12:00:00,,,,,
2020-02-19 15:00:00,,,,,
2020-02-19 18:00:00,,,,,
2020-02-19 21:00:00,,,,,
2020-02-20 00:00:00,,,,,
2020-02-20 03:00:00,,,,,
2020-02-20 06:00:00,,,,,
2020-02-20 09:00:00,,,,,
2020-02-20 12:00:00,,,,,
2020-02-20 15:00:00,,,,,
2020-02-20 18:00:00,,,,,
2020-02-20 21:00:00,,,,,
2020-02-21 00:00:00,,,,,
2020-02-21 03:00:00,,,,,
2020-02-21 06:00:00,,,,,
2020-02-21 09:00:00,,,,,
2020-02-21 12:00:00,,,,,
2020-02-21 15:00:00,,,,,
2020-02-21 18:00:00,,,,,
2020-02-21 21:00:00,,,,,
2020-02-22 00:00:00,,,,,
2020-02-22 03:00:00,,,,,
2020-02-22 06:00:00,,,,,
2020-02-22 09:00:00,,,,,
2020-02-22 12:00:00,,,,,
2020-02-22 15:00:00,,,,,
2020-02-22 18:00:00,,,,,
2020-02-22 21:00:00,,,,,
2020-02-23 00:00:00,,,,,
2020-02-23 03:00:00,,,,,
2020-02-23 06:00:00,,,,,
2020-02-23 09:00:00,,,,,
2020-02-23 12:00:00,,,,,
2020-02-23 15:00:00,,,,,
2020-02-23 18:00:00,,,,,
2020-02-23 21:00:00,,,,,
2020-02-24 00:00:00,,,,,
2020-02-24 03:00:00,,,,,
2020-02-24 06:00:00,,,,,
2020-02-24 09:00:00,,,,,
2020-02-24 12:00:00,,,,,
2020-02-24 15:00:00,,,,,
2020-02-24 18:00:00,,,,,
2020-02-24 21:00:00,,,,,
2020-02-25 00:00:00,,,,,
2020-02-25 03:00:00,,,,,
2020-02-25 06:00:00,,,,,
2020-02-25 09:00:00,,,,,
2020-02-25 12:00:00,,,,,
2020-02-25 15:00:00,,,,,
2020-02-25 18:00:00,,,,,
2020-02-25 21:00:00,,,,,
2020-02-26 00:00:00,,,,,
2020-02-26 03:00:00,,,,,
2020-02-26 06:00:00,,,,,
2020-02-26 09:00:00,,,,,
2020-02-26 12:00:00,,,,,
2020-02-26 15:00:00,,,,,
2020-02-26 18:00:00,,,,,
2020-02-26 21:00:00,,,,,
2020-02-27 00:00:00,,,,,
2020-02-27 03:00:00,,,,,
2020-02-27 06:00:00,,,,,
2020-02-27 09:00:00,,,,,
2020-02-27 12:00:00,,,,,
2020-02-27 15:00:00,,,,,
2020-02-27 18:00:00,,,,,
2020-02-27 21:00:00,,,,,
2020-02-28 00:00:00,,,,,
2020-02-28 03:00:00,,,,,
2020-02-28 06:00:00,,,,,
2020-02-28 09:00:00,,,,,
2020-02-28 12:00:00,,,,,
2020-02-28 15:00:00,,,,,
2020-02-28 18:00:00,,,,,
2020-02-28 21:00:00,,,,,
2020-02-29 00:00:00,,,,,
2020-02-29 03:00:00,,,,,
2020-02-29 06:00:00,,,,,
2020-02-29 09:00:00,,,,,
2020-02-29 12:00:00,,,,,
2020-02-29 15:00:00,,,,,
2020-02-29 18:00:00,,,,,
2020-02-29 21:00:00,,,,,
