timestamp,horizon,y_true_temperature_c,y_pred_temperature_c,y_true_wind_speed_ms,y_pred_wind_speed_ms
2020-08-18 12:00:00,1,-47.6,-48.84323917516739,3.6037479111959896,3.8149144354474434
2020-08-18 12:00:00,2,-46.2,-49.80575176407029,10.6,3.707501958997871
2020-08-18 12:00:00,4,-47.7,-51.6865699732138,11.4,3.627673751025943
2020-08-18 12:00:00,8,-58.16,-50.52653302866958,3.6037479111959896,3.799312183408865
2020-08-18 15:00:00,1,-46.2,-47.635198942246085,10.6,3.8055921785658096
2020-08-18 15:00:00,2,-46.1,-48.511378941058446,11.7,3.7258392686577184
2020-08-18 15:00:00,4,-49.4,-50.24778092251248,10.0,3.6711049910827644
2020-08-18 15:00:00,8,-61.08,-49.27828091501134,3.6037479111959896,3.8113433976933138
2020-08-18 18:00:00,1,-46.1,-51.70776125826065,11.7,8.352421710933362
2020-08-18 18:00:00,2,-47.7,-51.821885642964816,11.4,8.05209612146912
2020-08-18 18:00:00,4,-52.32,-52.11554144718809,7.3,7.264631575881104
2020-08-18 18:00:00,8,-64.0,-54.29509184034053,3.6037479111959896,5.49638213896631
2020-08-18 21:00:00,1,-47.7,-47.447125127898985,11.4,10.131658726635555
2020-08-18 21:00:00,2,-49.4,-47.449145052423646,10.0,9.69372788002571
2020-08-18 21:00:00,4,-55.24,-46.85319274579532,3.6037479111959896,8.547944605852734
2020-08-18 21:00:00,8,-61.1,-49.97343179790353,3.6037479111959896,6.266323547081786
2020-08-19 00:00:00,1,-49.4,-50.17519188880075,10.0,9.64935996138084
2020-08-19 00:00:00,2,-52.32,-50.09832452021209,7.3,9.227685791796699
2020-08-19 00:00:00,4,-58.16,-49.766075215568705,3.6037479111959896,8.095190328125357
2020-08-19 00:00:00,8,-61.2,-52.909187202033756,3.6037479111959896,6.015011555186792
2020-08-19 03:00:00,1,-52.32,-52.91631840561077,7.3,8.955826342938408
2020-08-19 03:00:00,2,-55.24,-53.10160383609636,3.6037479111959896,8.539809655640008
2020-08-19 03:00:00,4,-61.08,-53.19507996834336,3.6037479111959896,7.514106368333689
2020-08-19 03:00:00,8,-61.3,-55.38046209650655,3.6037479111959896,5.715171392461687
2020-08-19 06:00:00,1,-55.24,-57.490210038556285,3.6037479111959896,5.812146260917007
2020-08-19 06:00:00,2,-58.16,-57.62435327307178,3.6037479111959896,5.534941999192823
2020-08-19 06:00:00,4,-64.0,-57.79354419748046,3.6037479111959896,5.020707763783751
2020-08-19 06:00:00,8,-61.2,-58.553600331279576,3.6037479111959896,4.4098071703667046
2020-08-19 09:00:00,1,-58.16,-61.51405279814736,3.6037479111959896,3.9093886150459807
2020-08-19 09:00:00,2,-61.08,-61.667260128600205,3.6037479111959896,3.657238496881675
2020-08-19 09:00:00,4,-61.1,-61.5640995173939,3.6037479111959896,3.470834202491767
2020-08-19 09:00:00,8,-61.4,-60.723878642226694,3.6037479111959896,3.5818795614163665
2020-08-19 12:00:00,1,-61.08,-63.841504437245206,3.6037479111959896,3.7666449473749037
2020-08-19 12:00:00,2,-64.0,-63.9226847247583,3.6037479111959896,3.5894798237268826
2020-08-19 12:00:00,4,-61.2,-63.39032455598314,3.6037479111959896,3.4932131136502047
2020-08-19 12:00:00,8,-59.9,-60.920361423624755,3.6037479111959896,3.6761240310994223
2020-08-19 15:00:00,1,-64.0,-64.98794255604693,3.6037479111959896,3.3449966114084155
2020-08-19 15:00:00,2,-61.1,-64.63002504339448,3.6037479111959896,3.2548248888625704
2020-08-19 15:00:00,4,-61.3,-63.38610314068441,3.6037479111959896,3.2665368486873767
2020-08-19 15:00:00,8,-60.5,-60.9291284796676,3.6037479111959896,3.488546226632078
2020-08-19 18:00:00,1,-61.1,-64.30074600408119,3.6037479111959896,3.1355315876406027
2020-08-19 18:00:00,2,-61.2,-63.35358549001663,3.6037479111959896,3.116628311139524
2020-08-19 18:00:00,4,-61.2,-61.47912435116799,3.6037479111959896,3.266316449804883
2020-08-19 18:00:00,8,-58.7,-60.48093291350493,3.6037479111959896,3.4229403016282
2020-08-19 21:00:00,1,-61.2,-58.96756237366745,3.6037479111959896,3.1558491280727967
2020-08-19 21:00:00,2,-61.3,-58.247701549082514,3.6037479111959896,3.206256248030812
2020-08-19 21:00:00,4,-61.4,-57.65347087956911,3.6037479111959896,3.3735983185218634
2020-08-19 21:00:00,8,-57.6,-58.63835826645709,3.6037479111959896,3.4623428736578075
2020-08-20 00:00:00,1,-61.3,-60.78456283808538,3.6037479111959896,3.4272390395997125
2020-08-20 00:00:00,2,-61.2,-60.31661329628772,3.6037479111959896,3.359520343235086
2020-08-20 00:00:00,4,-59.9,-59.800380101165345,3.6037479111959896,3.3721700313885963
2020-08-20 00:00:00,8,-58.5,-60.23775734496745,3.6037479111959896,3.4543492751899683
2020-08-20 03:00:00,1,-61.2,-61.004954003825134,3.6037479111959896,3.351300307376602
2020-08-20 03:00:00,2,-61.4,-60.66361810094996,3.6037479111959896,3.295558931944427
2020-08-20 03:00:00,4,-60.5,-60.38646226473557,3.6037479111959896,3.296518854789845
2020-08-20 03:00:00,8,-60.5,-60.67504668764881,3.6037479111959896,3.4164468258795573
2020-08-20 06:00:00,1,-61.4,-60.9450573155482,3.6037479111959896,3.441537507079264
2020-08-20 06:00:00,2,-59.9,-60.75729043462272,3.6037479111959896,3.367646522281447
2020-08-20 06:00:00,4,-58.7,-60.70214328886998,3.6037479111959896,3.329065427301105
2020-08-20 06:00:00,8,-60.0,-60.85628799111045,3.6037479111959896,3.434162182529885
2020-08-20 09:00:00,1,-59.9,-61.74196383271675,3.6037479111959896,3.4550020205920458
2020-08-20 09:00:00,2,-60.5,-61.72242456637669,3.6037479111959896,3.3803325881143045
2020-08-20 09:00:00,4,-57.6,-61.868912504599464,3.6037479111959896,3.3247766735296036
2020-08-20 09:00:00,8,-58.0,-61.698408106886546,3.6037479111959896,3.402123644505718
2020-08-20 12:00:00,1,-60.5,-59.64240593616454,3.6037479111959896,3.536770579188945
2020-08-20 12:00:00,2,-58.7,-59.91625827534109,3.6037479111959896,3.4813752249368703
2020-08-20 12:00:00,4,-58.5,-60.70565717219682,3.6037479111959896,3.3769151257518053
2020-08-20 12:00:00,8,-59.6,-59.55225901383446,3.6037479111959896,3.5196199363560816
2020-08-20 15:00:00,1,-58.7,-61.297906103738015,3.6037479111959896,3.485328741530687
2020-08-20 15:00:00,2,-57.6,-61.26149558622281,3.6037479111959896,3.4418159049660964
2020-08-20 15:00:00,4,-60.5,-61.32553299368762,3.6037479111959896,3.412266845235015
2020-08-20 15:00:00,8,-57.3,-60.34269831411934,3.6037479111959896,3.5085534037413555
2020-08-20 18:00:00,1,-57.6,-59.69895805884722,3.6037479111959896,3.5362352847699117
2020-08-20 18:00:00,2,-58.5,-59.50370661364058,3.6037479111959896,3.518599388488432
2020-08-20 18:00:00,4,-60.0,-59.61720137054236,3.6037479111959896,3.5084327002285343
2020-08-20 18:00:00,8,-56.4,-59.90848551066406,3.6037479111959896,3.488474897587671
2020-08-20 21:00:00,1,-58.5,-58.76631636022639,3.6037479111959896,3.5730985241565767
2020-08-20 21:00:00,2,-60.5,-58.52327156261854,3.6037479111959896,3.5449811373889406
2020-08-20 21:00:00,4,-58.0,-58.78033154547831,3.6037479111959896,3.515459590860561
2020-08-20 21:00:00,8,-56.2,-59.82043452571305,3.6037479111959896,3.4557018476956456
2020-08-21 00:00:00,1,-60.5,-59.897263707749254,3.6037479111959896,3.550980668502842
2020-08-21 00:00:00,2,-60.0,-59.740259337080616,3.6037479111959896,3.487950587121654
2020-08-21 00:00:00,4,-59.6,-59.89630904393788,3.6037479111959896,3.434883937549398
2020-08-21 00:00:00,8,-55.2,-60.75126416434475,3.6037479111959896,3.418448757957135
2020-08-21 03:00:00,1,-60.0,-61.91694686458174,3.6037479111959896,3.5842750962520693
2020-08-21 03:00:00,2,-58.0,-61.766965937560826,3.6037479111959896,3.4941612527402017
2020-08-21 03:00:00,4,-57.3,-61.66118630525691,3.6037479111959896,3.427158112926456
2020-08-21 03:00:00,8,-55.9,-61.720685276987524,3.6037479111959896,3.4715536380843077
2020-08-21 06:00:00,1,-58.0,-61.2348773976588,3.6037479111959896,3.6003801440719942
2020-08-21 06:00:00,2,-59.6,-61.09947796966773,3.6037479111959896,3.533049311883243
2020-08-21 06:00:00,4,-56.4,-61.2126160785796,3.6037479111959896,3.476047647812785
2020-08-21 06:00:00,8,-54.2,-61.358150793992976,3.6037479111959896,3.496888738898712
2020-08-21 09:00:00,1,-59.6,-58.75794630022888,3.6037479111959896,3.7733578755731956
2020-08-21 09:00:00,2,-57.3,-58.87340586332961,3.6037479111959896,3.71250175043667
2020-08-21 09:00:00,4,-56.2,-59.813919755764054,3.6037479111959896,3.5688366270833036
2020-08-21 09:00:00,8,-56.8,-59.44655719563743,3.6037479111959896,3.63898338024889
2020-08-21 12:00:00,1,-57.3,-61.230428304047315,3.6037479111959896,3.6244153127089516
2020-08-21 12:00:00,2,-56.4,-61.38082640114126,3.6037479111959896,3.56776673473983
2020-08-21 12:00:00,4,-55.2,-61.86884405700544,3.6037479111959896,3.4958629789853957
2020-08-21 12:00:00,8,-59.1,-60.70434802189851,3.6037479111959896,3.588190832179822
2020-08-21 15:00:00,1,-56.4,-57.8225130205234,3.6037479111959896,3.6215687093123887
2020-08-21 15:00:00,2,-56.2,-58.06083673539615,3.6037479111959896,3.593689850281739
2020-08-21 15:00:00,4,-55.9,-59.10987572915582,3.6037479111959896,3.4835599785139886
2020-08-21 15:00:00,8,-61.4,-58.42659978332561,3.6037479111959896,3.5862048561602062
2020-08-21 18:00:00,1,-56.2,-57.70912994127504,3.6037479111959896,3.6785105348329785
2020-08-21 18:00:00,2,-55.2,-57.76114506922548,3.6037479111959896,3.6320852178138057
2020-08-21 18:00:00,4,-54.2,-58.633431480689424,3.6037479111959896,3.5231830160762905
2020-08-21 18:00:00,8,-63.7,-59.11937913721015,3.6037479111959896,3.5237625928884317
2020-08-21 21:00:00,1,-55.2,-57.56642499349876,3.6037479111959896,3.4836901063651378
2020-08-21 21:00:00,2,-55.9,-57.50638780752883,3.6037479111959896,3.4607386966458353
2020-08-21 21:00:00,4,-56.8,-58.17243837594745,3.6037479111959896,3.416380175679214
2020-08-21 21:00:00,8,-64.8,-59.54597840670712,3.6037479111959896,3.392769662128721
2020-08-22 00:00:00,1,-55.9,-56.78189560258201,3.6037479111959896,3.4518559711753825
2020-08-22 00:00:00,2,-54.2,-56.67648810903928,3.6037479111959896,3.44353510689382
2020-08-22 00:00:00,4,-59.1,-57.357899038057624,3.6037479111959896,3.4076259917851424
2020-08-22 00:00:00,8,-68.6,-58.94426353316306,3.6037479111959896,3.395515890323568
2020-08-22 03:00:00,1,-54.2,-57.3767577912129,3.6037479111959896,3.5800568850526107
2020-08-22 03:00:00,2,-56.8,-57.346648054852736,3.6037479111959896,3.52401493054693
2020-08-22 03:00:00,4,-61.4,-58.0300464858512,3.6037479111959896,3.417114980807954
2020-08-22 03:00:00,8,-69.5,-59.299205376728,3.6037479111959896,3.423559308698864
2020-08-22 06:00:00,1,-56.8,-55.744084535995555,3.6037479111959896,3.7153869176391514
2020-08-22 06:00:00,2,-59.1,-55.63573847916628,3.6037479111959896,3.6558078503313154
2020-08-22 06:00:00,4,-63.7,-56.702023744866246,3.6037479111959896,3.4773156278841877
2020-08-22 06:00:00,8,-68.1,-57.85157190619007,3.6037479111959896,3.5417040703409532
2020-08-22 09:00:00,1,-59.1,-58.380409905877,3.6037479111959896,3.428883806583693
2020-08-22 09:00:00,2,-61.4,-58.58437364905126,3.6037479111959896,3.3832267264337523
2020-08-22 09:00:00,4,-64.8,-59.441430110594624,3.6037479111959896,3.295925987927755
2020-08-22 09:00:00,8,-70.0,-59.52464004939574,3.6037479111959896,3.4122276949073336
2020-08-22 12:00:00,1,-61.4,-62.17358427361104,3.6037479111959896,3.511728685935889
2020-08-22 12:00:00,2,-63.7,-62.182945742970404,3.6037479111959896,3.437556157361784
2020-08-22 12:00:00,4,-68.6,-62.245211438501514,3.6037479111959896,3.3802373183179344
2020-08-22 12:00:00,8,-69.0,-61.13386532040382,3.6037479111959896,3.520988758180603
2020-08-22 15:00:00,1,-63.7,-64.06352681722566,3.6037479111959896,3.5082676876625256
2020-08-22 15:00:00,2,-64.8,-63.89337330349474,3.6037479111959896,3.4438617728557404
2020-08-22 15:00:00,4,-69.5,-63.51682363524827,3.6037479111959896,3.4260571449270727
2020-08-22 15:00:00,8,-68.5,-62.12038968554043,3.6037479111959896,3.5554447156337554
2020-08-22 18:00:00,1,-64.8,-64.13327851803992,3.6037479111959896,3.4660067418109746
2020-08-22 18:00:00,2,-68.6,-63.758668438457754,3.6037479111959896,3.432814555469073
2020-08-22 18:00:00,4,-68.1,-63.19885213846756,3.6037479111959896,3.4602174787491142
2020-08-22 18:00:00,8,-66.4,-62.293941081938854,3.6037479111959896,3.5361287744172536
2020-08-22 21:00:00,1,-68.6,-64.33614421770585,3.6037479111959896,3.454157989114984
2020-08-22 21:00:00,2,-69.5,-63.945207585696764,3.6037479111959896,3.425867125205895
2020-08-22 21:00:00,4,-70.0,-63.35899429094641,3.6037479111959896,3.4502586458040057
2020-08-22 21:00:00,8,-67.2,-62.40917224622584,3.6037479111959896,3.5235457797867165
2020-08-23 00:00:00,1,-69.5,-67.02963485661222,3.6037479111959896,3.3131052370266056
2020-08-23 00:00:00,2,-68.1,-66.60686504987558,3.6037479111959896,3.274562892472743
2020-08-23 00:00:00,4,-69.0,-65.66726115019114,3.6037479111959896,3.3106985516123855
2020-08-23 00:00:00,8,-67.5,-64.05521439730734,3.6037479111959896,3.467152312124427
2020-08-23 03:00:00,1,-68.1,-66.97886835687694,3.6037479111959896,3.272118109804007
2020-08-23 03:00:00,2,-70.0,-66.51437721982991,3.6037479111959896,3.2558955043607174
2020-08-23 03:00:00,4,-68.5,-65.6636572042406,3.6037479111959896,3.3136619261599494
2020-08-23 03:00:00,8,-67.0,-64.11896432487725,3.6037479111959896,3.4667728858639153
2020-08-23 06:00:00,1,-70.0,-65.62892185152646,3.6037479111959896,3.2859737266924007
2020-08-23 06:00:00,2,-69.0,-65.3527033870997,3.6037479111959896,3.262316478021427
2020-08-23 06:00:00,4,-66.4,-64.94958020135059,3.6037479111959896,3.288522616974072
2020-08-23 06:00:00,8,-64.5,-63.70326911735862,3.6037479111959896,3.4310940471974227
2020-08-23 09:00:00,1,-69.0,-68.79512022076656,3.6037479111959896,3.3434227335775195
2020-08-23 09:00:00,2,-68.5,-68.40296738308685,3.6037479111959896,3.2990701178186486
2020-08-23 09:00:00,4,-67.2,-67.50589465682525,3.6037479111959896,3.3542747458574227
2020-08-23 09:00:00,8,-63.9,-65.34541047608181,3.6037479111959896,3.5113494329658983
2020-08-23 12:00:00,1,-68.5,-68.04293736153255,3.6037479111959896,3.515722405930553
2020-08-23 12:00:00,2,-66.4,-67.5474574769179,3.6037479111959896,3.5381593560834492
2020-08-23 12:00:00,4,-67.5,-66.43029619533223,3.6037479111959896,3.6736525883505493
2020-08-23 12:00:00,8,-63.4,-64.01415088440055,3.6037479111959896,3.7109182216567644
2020-08-23 15:00:00,1,-66.4,-67.76360777383219,3.6037479111959896,3.5648807144147843
2020-08-23 15:00:00,2,-67.2,-67.1367964098144,3.6037479111959896,3.5978309871895213
2020-08-23 15:00:00,4,-67.0,-65.74971384245207,3.6037479111959896,3.749570205790191
2020-08-23 15:00:00,8,-61.233333333333334,-63.379916198685734,5.6,3.7443505753305812
2020-08-23 18:00:00,1,-67.2,-65.5537707162953,3.6037479111959896,3.618290452558325
2020-08-23 18:00:00,2,-67.5,-64.93055609321817,3.6037479111959896,3.6498162239311744
2020-08-23 18:00:00,4,-64.5,-63.678551610405485,3.6037479111959896,3.778967036463689
2020-08-23 18:00:00,8,-59.06666666666666,-61.80480664954062,5.1,3.7474425181146063
2020-08-23 21:00:00,1,-67.5,-66.66119514750596,3.6037479111959896,3.7388362443451353
2020-08-23 21:00:00,2,-67.0,-65.97686763048127,3.6037479111959896,3.7131678791989766
2020-08-23 21:00:00,4,-63.9,-64.57687368538325,3.6037479111959896,3.8050787587425283
2020-08-23 21:00:00,8,-56.9,-62.9218346384432,6.0,3.7680024386653668
2020-08-24 00:00:00,1,-67.0,-66.15920337494629,3.6037479111959896,3.733849556335724
2020-08-24 00:00:00,2,-64.5,-65.37838492437706,3.6037479111959896,3.6850814847744995
2020-08-24 00:00:00,4,-63.4,-63.79367902254995,3.6037479111959896,3.7658072076767546
2020-08-24 00:00:00,8,-55.8,-62.463028974706,5.6,3.7445840376523423
2020-08-24 03:00:00,1,-64.5,-65.20430900325813,3.6037479111959896,3.7729824749847842
2020-08-24 03:00:00,2,-63.9,-64.46137737673205,3.6037479111959896,3.7177393631203324
2020-08-24 03:00:00,4,-61.233333333333334,-63.043667753298934,5.6,3.786160192685491
2020-08-24 03:00:00,8,-53.6,-62.02988395371747,6.9,3.749942060587944
2020-08-24 06:00:00,1,-63.9,-62.75347589267764,3.6037479111959896,3.8424163342749935
2020-08-24 06:00:00,2,-63.4,-62.18811173506665,3.6037479111959896,3.818658603761983
2020-08-24 06:00:00,4,-59.06666666666666,-61.51418032682254,5.1,3.847443572266294
2020-08-24 06:00:00,8,-51.2,-60.76353645770255,8.1,3.7961826365818063
2020-08-24 09:00:00,1,-63.4,-63.6093215523078,3.6037479111959896,3.637036407926515
2020-08-24 09:00:00,2,-61.233333333333334,-63.20088971526647,5.6,3.6461679519248875
2020-08-24 09:00:00,4,-56.9,-62.608326645293765,6.0,3.7194592048899793
2020-08-24 09:00:00,8,-52.9,-61.34497211039012,7.3,3.7218668500670846
2020-08-24 12:00:00,1,-61.233333333333334,-63.02557525294622,5.6,3.5416711418094735
2020-08-24 12:00:00,2,-59.06666666666666,-62.79774491448767,5.1,3.5573280603423734
2020-08-24 12:00:00,4,-55.8,-62.347691896773526,5.6,3.616997675279885
2020-08-24 12:00:00,8,-53.2,-60.31902913610623,8.3,3.700048200492729
2020-08-24 15:00:00,1,-59.06666666666666,-58.16548878365116,5.1,4.86949136268461
2020-08-24 15:00:00,2,-56.9,-58.40276344908288,6.0,4.692903096520556
2020-08-24 15:00:00,4,-53.6,-58.86946112041092,6.9,4.396496965397756
2020-08-24 15:00:00,8,-52.4,-58.117137403233414,7.5,4.0717162977043575
2020-08-24 18:00:00,1,-56.9,-57.27260144763881,6.0,5.138929756345487
2020-08-24 18:00:00,2,-55.8,-57.19161569539295,5.6,4.9034845644642715
2020-08-24 18:00:00,4,-51.2,-57.08970263165033,8.1,4.583808022433288
2020-08-24 18:00:00,8,-53.3,-57.52259151453701,5.9,4.1311665701650515
2020-08-24 21:00:00,1,-55.8,-55.47418774725254,5.6,6.370224491076095
2020-08-24 21:00:00,2,-53.6,-55.77916032542732,6.9,6.095207422326361
2020-08-24 21:00:00,4,-52.9,-56.17913276034841,7.3,5.5898406494918635
2020-08-24 21:00:00,8,-53.2,-56.74125898651163,7.699999999999999,4.708951291719589
2020-08-25 00:00:00,1,-53.6,-54.34500148427379,6.9,5.751829002650254
2020-08-25 00:00:00,2,-51.2,-54.5349271662897,8.1,5.510181823006576
2020-08-25 00:00:00,4,-53.2,-54.46094054078316,8.3,5.127851000084018
2020-08-25 00:00:00,8,-52.4,-54.96978806038523,9.1,4.555547697645997
2020-08-25 03:00:00,1,-51.2,-50.80309985532488,8.1,7.2588921938291815
2020-08-25 03:00:00,2,-52.9,-51.04271867072664,7.3,6.905263506541948
2020-08-25 03:00:00,4,-52.4,-52.508882030749355,7.5,6.04877473379503
2020-08-25 03:00:00,8,-53.2,-53.894054054643526,9.7,5.097798584709908
2020-08-25 06:00:00,1,-52.9,-49.733453272382654,7.3,7.895631736915144
2020-08-25 06:00:00,2,-53.2,-50.27845156889314,8.3,7.410688291710823
2020-08-25 06:00:00,4,-53.3,-53.14947117494295,5.9,6.2671220698020536
2020-08-25 06:00:00,8,-53.5,-53.57076778231219,7.9,5.392175350532668
2020-08-25 09:00:00,1,-53.2,-53.36254452734936,8.3,6.4718260564787355
2020-08-25 09:00:00,2,-52.4,-54.33038738257416,7.5,6.0172618792310075
2020-08-25 09:00:00,4,-53.2,-56.52751300140002,7.699999999999999,5.2369307179651265
2020-08-25 09:00:00,8,-56.225,-54.84534348969227,5.0,4.901196489746582
2020-08-25 12:00:00,1,-52.4,-53.84848678011266,7.5,7.151541862026408
2020-08-25 12:00:00,2,-53.3,-54.82996799857177,5.9,6.646392848726471
2020-08-25 12:00:00,4,-52.4,-57.24479623369425,9.1,5.7288106894598485
2020-08-25 12:00:00,8,-58.95,-55.75167861642714,3.6037479111959896,5.147883917500668
2020-08-25 15:00:00,1,-53.3,-52.14759680640835,5.9,6.6758345349848
2020-08-25 15:00:00,2,-53.2,-53.159418276513016,7.699999999999999,6.265272286801818
2020-08-25 15:00:00,4,-53.2,-54.360497118934326,9.7,5.651650232404373
2020-08-25 15:00:00,8,-61.675000000000004,-52.76478583467719,3.6037479111959896,5.049545332626172
2020-08-25 18:00:00,1,-53.2,-53.696259691256316,7.699999999999999,5.484679643469953
2020-08-25 18:00:00,2,-52.4,-54.14183695682237,9.1,5.288456015004254
2020-08-25 18:00:00,4,-53.5,-53.520260032494846,7.9,5.090258687485842
2020-08-25 18:00:00,8,-64.4,-53.57699597299253,3.6037479111959896,4.468691822567209
2020-08-25 21:00:00,1,-52.4,-53.28362999029236,9.1,7.155197065653531
2020-08-25 21:00:00,2,-53.2,-53.37931950157976,9.7,6.861474004995733
2020-08-25 21:00:00,4,-56.225,-53.743407654896,5.0,6.163996827499415
2020-08-25 21:00:00,8,-66.0,-55.60648974148883,3.6037479111959896,4.997882789494499
2020-08-26 00:00:00,1,-53.2,-51.64625749252617,9.7,8.644618322042827
2020-08-26 00:00:00,2,-53.5,-51.72316259735416,7.9,8.23943799755729
2020-08-26 00:00:00,4,-58.95,-53.011430750574085,3.6037479111959896,7.120188967943209
2020-08-26 00:00:00,8,-64.2,-55.31260099028931,3.6037479111959896,5.566267806634603
2020-08-26 03:00:00,1,-53.5,-53.76588314289439,7.9,8.722757097399015
2020-08-26 03:00:00,2,-56.225,-53.89054233281966,5.0,8.275474747799624
2020-08-26 03:00:00,4,-61.675000000000004,-55.43194549472658,3.6037479111959896,7.078649577160569
2020-08-26 03:00:00,8,-66.4,-57.50612770667155,3.6037479111959896,5.5193409468578505
2020-08-26 06:00:00,1,-56.225,-55.67468011665836,5.0,6.811848078705896
2020-08-26 06:00:00,2,-58.95,-55.87470560142284,3.6037479111959896,6.490533754631928
2020-08-26 06:00:00,4,-64.4,-56.74590081413786,3.6037479111959896,5.738977564340306
2020-08-26 06:00:00,8,-66.4,-57.70328487699598,3.6037479111959896,4.788807082876929
2020-08-26 09:00:00,1,-58.95,-57.93118906680597,3.6037479111959896,4.264164805502477
2020-08-26 09:00:00,2,-61.675000000000004,-57.91122686638494,3.6037479111959896,4.063713848089913
2020-08-26 09:00:00,4,-66.0,-57.532118699124005,3.6037479111959896,3.8865618811914393
2020-08-26 09:00:00,8,-69.3,-57.80856988537045,3.6037479111959896,3.7963705634866933
2020-08-26 12:00:00,1,-61.675000000000004,-62.567825123158954,3.6037479111959896,3.4278480891304453
2020-08-26 12:00:00,2,-64.4,-62.56257627344888,3.6037479111959896,3.3316583866952434
2020-08-26 12:00:00,4,-64.2,-62.41143245783058,3.6037479111959896,3.2886339228086445
2020-08-26 12:00:00,8,-67.3,-60.74072611686918,3.6037479111959896,3.5261447410313957
2020-08-26 15:00:00,1,-64.4,-65.28295745029337,3.6037479111959896,3.477899083737989
2020-08-26 15:00:00,2,-66.0,-64.82572464021672,3.6037479111959896,3.402794878673371
2020-08-26 15:00:00,4,-66.4,-63.72069803629981,3.6037479111959896,3.444113297381794
2020-08-26 15:00:00,8,-67.0,-61.91917969714886,3.6037479111959896,3.6126258520311865
2020-08-26 18:00:00,1,-66.0,-64.8944719626513,3.6037479111959896,3.5062919757737623
2020-08-26 18:00:00,2,-64.2,-64.28588206866338,3.6037479111959896,3.4737557473735956
2020-08-26 18:00:00,4,-66.4,-63.1691415596557,3.6037479111959896,3.5619395977016253
2020-08-26 18:00:00,8,-64.2,-61.898231130872915,3.6037479111959896,3.6519519429559004
2020-08-26 21:00:00,1,-64.2,-65.16289604737133,3.6037479111959896,3.5343511102662992
2020-08-26 21:00:00,2,-66.4,-64.32413202520533,3.6037479111959896,3.4992332130159323
2020-08-26 21:00:00,4,-69.3,-62.80597591779417,3.6037479111959896,3.610474373566589
2020-08-26 21:00:00,8,-63.3,-61.81829010506214,3.6037479111959896,3.6622463529947153
2020-08-27 00:00:00,1,-66.4,-61.99764441643172,3.6037479111959896,3.5758774242796316
2020-08-27 00:00:00,2,-66.4,-61.11113423467933,3.6037479111959896,3.5620337511071396
2020-08-27 00:00:00,4,-67.3,-59.90247581190885,3.6037479111959896,3.675928199480775
2020-08-27 00:00:00,8,-62.4,-60.11097654981534,3.6037479111959896,3.6471532151764756
2020-08-27 03:00:00,1,-66.4,-65.21932568488576,3.6037479111959896,3.5771264623640966
2020-08-27 03:00:00,2,-69.3,-64.46713273863789,3.6037479111959896,3.5048402277699746
2020-08-27 03:00:00,4,-67.0,-63.10165943695906,3.6037479111959896,3.5761771335680232
2020-08-27 03:00:00,8,-63.4,-62.37315224024706,3.6037479111959896,3.62418564944861
2020-08-27 06:00:00,1,-69.3,-65.63273330176204,3.6037479111959896,3.4005601107859156
2020-08-27 06:00:00,2,-67.3,-65.04594432672091,3.6037479111959896,3.362957360766366
2020-08-27 06:00:00,4,-64.2,-64.03299919029148,3.6037479111959896,3.444853594487042
2020-08-27 06:00:00,8,-65.0,-62.82042268313893,3.6037479111959896,3.5647499167291214
2020-08-27 09:00:00,1,-67.3,-68.42464293486141,3.6037479111959896,3.3323257418212364
2020-08-27 09:00:00,2,-67.0,-67.87444820508786,3.6037479111959896,3.2947886155889448
2020-08-27 09:00:00,4,-63.3,-66.63964352190163,3.6037479111959896,3.390819210665888
2020-08-27 09:00:00,8,-63.8,-64.7062079360429,3.6037479111959896,3.537764150388006
2020-08-27 12:00:00,1,-67.0,-65.86024013527621,3.6037479111959896,3.4352864914294288
2020-08-27 12:00:00,2,-64.2,-65.36011590128187,3.6037479111959896,3.4773387821637867
2020-08-27 12:00:00,4,-62.4,-64.60074532417447,3.6037479111959896,3.605408938345472
2020-08-27 12:00:00,8,-62.3,-62.97618635110329,3.6037479111959896,3.645782927047547
2020-08-27 15:00:00,1,-64.2,-65.86425764879486,3.6037479111959896,3.5500968468561758
2020-08-27 15:00:00,2,-63.3,-65.42113657110275,3.6037479111959896,3.5744254896552827
2020-08-27 15:00:00,4,-63.4,-64.67332282987037,3.6037479111959896,3.6848666711787947
2020-08-27 15:00:00,8,-61.4,-62.99875316260213,3.6037479111959896,3.6855464099120114
2020-08-27 18:00:00,1,-63.3,-62.97854455084262,3.6037479111959896,3.5423450019950202
2020-08-27 18:00:00,2,-62.4,-62.6093396696853,3.6037479111959896,3.559948133038011
2020-08-27 18:00:00,4,-65.0,-62.108468996665614,3.6037479111959896,3.63432360813965
2020-08-27 18:00:00,8,-60.5,-61.05238530447901,3.6037479111959896,3.620106307274076
2020-08-27 21:00:00,1,-62.4,-64.28164552284386,3.6037479111959896,3.4388015430152703
2020-08-27 21:00:00,2,-63.4,-63.90697780318253,3.6037479111959896,3.379151173323107
2020-08-27 21:00:00,4,-63.8,-63.39950301809112,3.6037479111959896,3.385737346170387
2020-08-27 21:00:00,8,-59.9,-63.232678939433654,3.6037479111959896,3.3934351510491045
2020-08-28 00:00:00,1,-63.4,-62.220910381120426,3.6037479111959896,3.460020487416981
2020-08-28 00:00:00,2,-65.0,-61.93624908609618,3.6037479111959896,3.4112799290584586
2020-08-28 00:00:00,4,-62.3,-61.81046042080691,3.6037479111959896,3.403467099263989
2020-08-28 00:00:00,8,-57.4,-62.25542454003071,3.6037479111959896,3.3920442680082696
2020-08-28 03:00:00,1,-65.0,-63.42186304580591,3.6037479111959896,3.4491601571920754
2020-08-28 03:00:00,2,-63.8,-63.2248658267012,3.6037479111959896,3.3707252549957643
2020-08-28 03:00:00,4,-61.4,-63.03384300180319,3.6037479111959896,3.335935809932687
2020-08-28 03:00:00,8,-57.099999999999994,-62.96846906500245,3.6037479111959896,3.391427673674858
2020-08-28 06:00:00,1,-63.8,-64.91102331138701,3.6037479111959896,3.408209660919585
2020-08-28 06:00:00,2,-62.3,-64.72603612327984,3.6037479111959896,3.3286438247938164
2020-08-28 06:00:00,4,-60.5,-64.38386588025858,3.6037479111959896,3.3014829617113803
2020-08-28 06:00:00,8,-56.8,-63.638883707915774,3.6037479111959896,3.4148859581677677
2020-08-28 09:00:00,1,-62.3,-63.37167078535944,3.6037479111959896,3.436063232864224
2020-08-28 09:00:00,2,-61.4,-63.14495722343495,3.6037479111959896,3.3906274313794214
2020-08-28 09:00:00,4,-59.9,-62.978110809246814,3.6037479111959896,3.386702441071351
2020-08-28 09:00:00,8,-57.8,-62.506529942460986,3.6037479111959896,3.455209622636074
2020-08-28 12:00:00,1,-61.4,-60.85002755801082,3.6037479111959896,3.393424407036809
2020-08-28 12:00:00,2,-60.5,-60.67208831058504,3.6037479111959896,3.415870554917353
2020-08-28 12:00:00,4,-57.4,-60.575122566888304,3.6037479111959896,3.4687120067926904
2020-08-28 12:00:00,8,-58.8,-59.50804979360658,3.6037479111959896,3.5462319517012446
2020-08-28 15:00:00,1,-60.5,-60.28354374186181,3.6037479111959896,3.380554653251807
2020-08-28 15:00:00,2,-59.9,-60.07850933421683,3.6037479111959896,3.375818130104362
2020-08-28 15:00:00,4,-57.099999999999994,-59.92098764383758,3.6037479111959896,3.414709601737661
2020-08-28 15:00:00,8,-56.3,-59.44548509016474,3.6037479111959896,3.462838324587076
2020-08-28 18:00:00,1,-59.9,-59.89459136957841,3.6037479111959896,3.4637753997438163
2020-08-28 18:00:00,2,-57.4,-59.63608858348673,3.6037479111959896,3.446377631298122
2020-08-28 18:00:00,4,-56.8,-59.442623260233596,3.6037479111959896,3.4643366077607434
2020-08-28 18:00:00,8,-54.0,-59.201248944170395,3.6037479111959896,3.491786319481425
2020-08-28 21:00:00,1,-57.4,-59.33812972219632,3.6037479111959896,3.446111603688473
2020-08-28 21:00:00,2,-57.099999999999994,-58.94904982123773,3.6037479111959896,3.414852166516194
2020-08-28 21:00:00,4,-57.8,-58.68662030475211,3.6037479111959896,3.4436129943179403
2020-08-28 21:00:00,8,-51.7,-59.36909613423325,5.3,3.4415488642734027
2020-08-29 00:00:00,1,-57.099999999999994,-56.1583783690892,3.6037479111959896,3.699499269442705
2020-08-29 00:00:00,2,-56.8,-55.67735677783514,3.6037479111959896,3.654061921673254
2020-08-29 00:00:00,4,-58.8,-55.79111127534372,3.6037479111959896,3.616946701206663
2020-08-29 00:00:00,8,-52.0,-57.925477655460504,5.3,3.5313917114031863
2020-08-29 03:00:00,1,-56.8,-55.69719649308792,3.6037479111959896,3.544716496103459
2020-08-29 03:00:00,2,-57.8,-55.51916033827902,3.6037479111959896,3.4970167872636106
2020-08-29 03:00:00,4,-56.3,-56.164792989400624,3.6037479111959896,3.4800393016512383
2020-08-29 03:00:00,8,-54.0,-58.71587624743946,4.8,3.41010417953429
2020-08-29 06:00:00,1,-57.8,-57.22773873301326,3.6037479111959896,3.6423518280540574
2020-08-29 06:00:00,2,-58.8,-57.111093945784454,3.6037479111959896,3.56280953277905
2020-08-29 06:00:00,4,-54.0,-57.59389157197815,3.6037479111959896,3.476119736669476
2020-08-29 06:00:00,8,-56.35,-58.75552397590146,3.3,3.4880274881228095
2020-08-29 09:00:00,1,-58.8,-59.88282414741439,3.6037479111959896,3.549826846894587
2020-08-29 09:00:00,2,-56.3,-59.836154416306634,3.6037479111959896,3.472578198294018
2020-08-29 09:00:00,4,-51.7,-59.944477417104245,5.3,3.421839466929217
2020-08-29 09:00:00,8,-58.7,-59.79906302535615,0.0,3.5042688622625153
2020-08-29 12:00:00,1,-56.3,-59.574015982220864,3.6037479111959896,3.483430437184602
2020-08-29 12:00:00,2,-54.0,-59.55041020829485,3.6037479111959896,3.471079981770551
2020-08-29 12:00:00,4,-52.0,-59.75100272733824,5.3,3.4723610119511807
2020-08-29 12:00:00,8,-61.05,-58.98214459319828,0.8249999999999997,3.574189357992998
2020-08-29 15:00:00,1,-54.0,-57.36921882910703,3.6037479111959896,3.6288018823144763
2020-08-29 15:00:00,2,-51.7,-57.36175840160903,5.3,3.5804459622621323
2020-08-29 15:00:00,4,-54.0,-57.687009480139324,4.8,3.5325681074342974
2020-08-29 15:00:00,8,-63.4,-57.218354207622234,1.6500000000000001,3.5937778652038017
2020-08-29 18:00:00,1,-51.7,-50.705076776425734,5.3,3.700224983484118
2020-08-29 18:00:00,2,-52.0,-50.802277403445125,5.3,3.672499379924137
2020-08-29 18:00:00,4,-56.35,-52.01875015479349,3.3,3.620647130327228
2020-08-29 18:00:00,8,-62.1,-54.133509586508495,2.4749999999999996,3.493118097124596
2020-08-29 21:00:00,1,-52.0,-52.44871110178322,5.3,5.202690963764356
2020-08-29 21:00:00,2,-54.0,-52.59305622503127,4.8,5.027758395217139
2020-08-29 21:00:00,4,-58.7,-52.94371131286396,0.0,4.726382185314853
2020-08-29 21:00:00,8,-59.75,-54.06334026530809,3.3,4.2261445986181005
2020-08-30 00:00:00,1,-54.0,-51.54022856687981,4.8,5.329073713496392
2020-08-30 00:00:00,2,-56.35,-51.43954044488233,3.3,5.178367692971397
2020-08-30 00:00:00,4,-61.05,-50.888674118123745,0.8249999999999997,4.886189530637386
2020-08-30 00:00:00,8,-57.4,-52.661020543015276,3.2,4.293655386347777
2020-08-30 03:00:00,1,-56.35,-54.31374182833404,3.3,4.357271776211341
2020-08-30 03:00:00,2,-58.7,-54.13512765160615,0.0,4.230410797961806
2020-08-30 03:00:00,4,-63.4,-53.917048033166644,1.6500000000000001,4.031275302223368
2020-08-30 03:00:00,8,-56.6,-55.621142570116646,3.3,3.8435722353694994
2020-08-30 06:00:00,1,-58.7,-58.27477797627598,0.0,3.2405442569766305
2020-08-30 06:00:00,2,-61.05,-58.163792724321375,0.8249999999999997,3.196168606908521
2020-08-30 06:00:00,4,-62.1,-58.26895812953156,2.4749999999999996,3.212389426126441
2020-08-30 06:00:00,8,-55.9,-58.73313801015104,2.6,3.4122083796792744
2020-08-30 09:00:00,1,-61.05,-63.46137676108382,0.8249999999999997,1.5012665424275076
2020-08-30 09:00:00,2,-63.4,-62.20692905941502,1.6500000000000001,1.8999042699667485
2020-08-30 09:00:00,4,-59.75,-60.39435247107393,3.3,2.671348560119715
2020-08-30 09:00:00,8,-53.6,-60.32058902074896,1.3000000000000003,3.199427855025447
2020-08-30 12:00:00,1,-63.4,-63.9983791177357,1.6500000000000001,2.095187650726171
2020-08-30 12:00:00,2,-62.1,-62.94148486193568,2.4749999999999996,2.2932721527854416
2020-08-30 12:00:00,4,-57.4,-60.996368514031694,3.2,2.7403330637592127
2020-08-30 12:00:00,8,-51.9,-59.13216082476768,2.0,3.229517087970226
2020-08-30 15:00:00,1,-62.1,-63.455016178346625,2.4749999999999996,2.254536122749383
2020-08-30 15:00:00,2,-59.75,-62.789565787252435,3.3,2.3499594811810427
2020-08-30 15:00:00,4,-56.6,-61.50261412443465,3.3,2.652843478575565
2020-08-30 15:00:00,8,-54.0,-60.43445699716341,2.3,3.021456037342596
2020-08-30 18:00:00,1,-59.75,-59.96875469795267,3.3,2.836426390004719
2020-08-30 18:00:00,2,-57.4,-59.37652377893622,3.2,2.894986055828351
2020-08-30 18:00:00,4,-55.9,-58.52446074950206,2.6,3.1081677880281626
2020-08-30 18:00:00,8,-52.8,-58.53072838761159,3.2,3.268758619785766
2020-08-30 21:00:00,1,-57.4,-57.337103578241994,3.2,2.7931134640510367
2020-08-30 21:00:00,2,-56.6,-57.17488133940584,3.3,2.7572656271365545
2020-08-30 21:00:00,4,-53.6,-56.25015902741346,1.3000000000000003,2.8622519563134063
2020-08-30 21:00:00,8,-51.7,-56.8670898011088,2.8,2.9778830689672553
2020-08-31 00:00:00,1,-56.6,-55.70996305012467,3.3,2.761460910667095
2020-08-31 00:00:00,2,-55.9,-55.676467679613836,2.6,2.7973426592035118
2020-08-31 00:00:00,4,-51.9,-55.78319513096972,2.0,2.9414540423057836
2020-08-31 00:00:00,8,-51.5,-57.21993678804614,4.3,3.0270016006119222
2020-08-31 03:00:00,1,-55.9,-54.810244103853094,2.6,2.7887965572349103
2020-08-31 03:00:00,2,-53.6,-54.88442814663081,1.3000000000000003,2.8053789137995704
2020-08-31 03:00:00,4,-54.0,-55.349028799828275,2.3,2.9129271167171207
2020-08-31 03:00:00,8,-52.3,-56.89720782323034,3.3,3.008111067629149
2020-08-31 06:00:00,1,-53.6,-54.94922099938334,1.3000000000000003,2.3429566246112596
2020-08-31 06:00:00,2,-51.9,-54.904363328264715,2.0,2.4925742740247365
2020-08-31 06:00:00,4,-52.8,-55.176910479898396,3.2,2.788200651123685
2020-08-31 06:00:00,8,-54.2,-56.521994324069304,3.7,2.967899295517179
2020-08-31 09:00:00,1,-51.9,-54.70660309861189,2.0,1.92100668315818
2020-08-31 09:00:00,2,-54.0,-54.50135109966803,2.3,2.2306051816957213
2020-08-31 09:00:00,4,-51.7,-54.555131455043266,2.8,2.7242564489147547
2020-08-31 09:00:00,8,-55.9,-55.46276852706656,2.4,2.976812240188467
2020-08-31 12:00:00,1,-54.0,-53.852050738258285,2.3,2.502299871258765
2020-08-31 12:00:00,2,-52.8,-54.119561227723366,3.2,2.6636130845477637
2020-08-31 12:00:00,4,-51.5,-54.85100626722093,4.3,2.931258587819418
2020-08-31 12:00:00,8,-58.5,-54.76418481720887,2.9,3.1198350388985796
2020-08-31 15:00:00,1,-52.8,-55.994726296038955,3.2,2.5539856619803176
2020-08-31 15:00:00,2,-51.7,-56.115311863431,2.8,2.665487714742687
2020-08-31 15:00:00,4,-52.3,-56.16313043336686,3.3,2.887689031934335
2020-08-31 15:00:00,8,-59.0,-56.03037668501002,2.2,3.0843081360287883
2020-08-31 18:00:00,1,-51.7,-54.29966359924552,2.8,3.01723249412711
2020-08-31 18:00:00,2,-51.5,-54.413882279516706,4.3,3.005717205713475
2020-08-31 18:00:00,4,-54.2,-54.12341014401042,3.7,3.118836192336161
2020-08-31 18:00:00,8,-59.5,-54.92740927292172,4.0,3.187098341104343
2020-08-31 21:00:00,1,-51.5,-51.690731316742514,4.3,2.687213760528686
2020-08-31 21:00:00,2,-52.3,-51.51847448049737,3.3,2.7940314772504786
2020-08-31 21:00:00,4,-55.9,-51.21973765826331,2.4,3.040323002814528
2020-08-31 21:00:00,8,-57.666666666666664,-53.0693707382882,5.9,3.103410456688171
2020-09-01 00:00:00,1,-52.3,-51.59792088237871,3.3,4.481687971792141
2020-09-01 00:00:00,2,-54.2,-51.12313270543717,3.7,4.3489656682841344
2020-09-01 00:00:00,4,-58.5,-50.54113974523406,2.9,4.127189259449712
2020-09-01 00:00:00,8,-55.833333333333336,-52.76635634670952,7.6,3.906679737623406
2020-09-01 03:00:00,1,-54.2,-50.50349482939822,3.7,3.1973114179036797
2020-09-01 03:00:00,2,-55.9,-50.121627683722416,2.4,3.248907097554369
2020-09-01 03:00:00,4,-59.0,-49.35616058749054,2.2,3.4043477083709988
2020-09-01 03:00:00,8,-54.0,-51.485046747016945,5.7,3.381664112486714
2020-09-01 06:00:00,1,-55.9,-53.94877205199426,2.4,3.539683446214689
2020-09-01 06:00:00,2,-58.5,-53.71324216977175,2.9,3.5073610183271815
2020-09-01 06:00:00,4,-59.5,-53.54091913749817,4.0,3.487599473866248
2020-09-01 06:00:00,8,-51.8,-55.07244972465615,8.3,3.499915431136601
2020-09-01 09:00:00,1,-58.5,-55.616734545061576,2.9,2.6272936308156556
2020-09-01 09:00:00,2,-59.0,-55.35057103219676,2.2,2.7870166769647944
2020-09-01 09:00:00,4,-57.666666666666664,-54.79770414437761,5.9,3.0752703688622978
2020-09-01 09:00:00,8,-52.0,-55.11875740401658,8.5,3.304526796380798
2020-09-01 12:00:00,1,-59.0,-58.73982786184054,2.2,2.704014943031112
2020-09-01 12:00:00,2,-59.5,-58.297774206364686,4.0,2.7974289312228353
2020-09-01 12:00:00,4,-55.833333333333336,-57.02377390908752,7.6,3.029744016415309
2020-09-01 12:00:00,8,-50.0,-56.04136288410118,8.7,3.30941630839811
2020-09-01 15:00:00,1,-59.5,-60.76833715579701,4.0,2.5245008930324877
2020-09-01 15:00:00,2,-57.666666666666664,-60.169068383113036,5.9,2.6297603280702644
2020-09-01 15:00:00,4,-54.0,-58.340281963505355,5.7,2.924898612422062
2020-09-01 15:00:00,8,-48.6,-56.60104517090729,10.0,3.2903337695181887
2020-09-01 18:00:00,1,-57.666666666666664,-60.222208933609416,5.9,3.6412474875545366
2020-09-01 18:00:00,2,-55.833333333333336,-59.781336539506206,7.6,3.600234486724165
2020-09-01 18:00:00,4,-51.8,-58.45940671514076,8.3,3.6570154586512476
2020-09-01 18:00:00,8,-47.199999999999996,-58.24264687438917,8.9,3.624748377090105
2020-09-01 21:00:00,1,-55.833333333333336,-53.74134936369363,7.6,5.879606287854104
2020-09-01 21:00:00,2,-54.0,-53.699275258086146,5.7,5.6131825094148144
2020-09-01 21:00:00,4,-52.0,-54.37675288213901,8.5,5.105026558996369
2020-09-01 21:00:00,8,-45.8,-55.55737571077347,8.6,4.571320760818014
2020-09-02 00:00:00,1,-54.0,-51.31682858900702,5.7,7.64083644558975
2020-09-02 00:00:00,2,-51.8,-51.313265261299755,8.3,7.294356072269528
2020-09-02 00:00:00,4,-50.0,-52.795227857087546,8.7,6.366209056446159
2020-09-02 00:00:00,8,-49.1,-54.726768840562514,8.0,5.229655288736021
2020-09-02 03:00:00,1,-51.8,-51.82424424798596,8.3,5.770755526741214
2020-09-02 03:00:00,2,-52.0,-51.772365790067,8.5,5.581076947949182
2020-09-02 03:00:00,4,-48.6,-51.516201299874815,10.0,5.217865241536494
2020-09-02 03:00:00,8,-48.4,-52.31870601967083,7.199999999999999,4.614063267697082
2020-09-02 06:00:00,1,-52.0,-48.60338331494002,8.5,7.977592074798508
2020-09-02 06:00:00,2,-50.0,-48.450923504264,8.7,7.585072942291061
2020-09-02 06:00:00,4,-47.199999999999996,-50.28778908159459,8.9,6.460084104063775
2020-09-02 06:00:00,8,-46.4,-52.25762338676483,8.4,5.362753392733641
2020-09-02 09:00:00,1,-50.0,-51.01302970694447,8.7,7.701463600628019
2020-09-02 09:00:00,2,-48.6,-51.930794411067055,10.0,7.154597960332689
2020-09-02 09:00:00,4,-45.8,-54.771690276018724,8.6,6.078677959360693
2020-09-02 09:00:00,8,-47.9,-52.98475730859043,7.1,5.491198566265086
2020-09-02 12:00:00,1,-48.6,-49.80704812547603,10.0,7.817719892161083
2020-09-02 12:00:00,2,-47.199999999999996,-50.91806875725162,8.9,7.276234469318069
2020-09-02 12:00:00,4,-49.1,-52.93906651317114,8.0,6.342970211072858
2020-09-02 12:00:00,8,-51.1,-50.65001356903831,5.3,5.653839984746517
2020-09-02 15:00:00,1,-47.199999999999996,-47.76103299909771,8.9,8.921063304684706
2020-09-02 15:00:00,2,-45.8,-48.94625568617575,8.6,8.308188585653665
2020-09-02 15:00:00,4,-48.4,-50.89890379117571,7.199999999999999,7.20340424911879
2020-09-02 15:00:00,8,-52.45,-48.86043140953346,6.0,6.152479246318888
2020-09-02 18:00:00,1,-45.8,-47.579303556215535,8.6,7.985868216795641
2020-09-02 18:00:00,2,-49.1,-48.377350626450806,8.0,7.579834343184435
2020-09-02 18:00:00,4,-46.4,-48.58837491907377,8.4,6.89748046938703
2020-09-02 18:00:00,8,-53.8,-47.89967576229398,5.3,5.758748466489369
2020-09-02 21:00:00,1,-49.1,-46.421707038586106,8.0,8.05594541047964
2020-09-02 21:00:00,2,-48.4,-46.40020873005501,7.199999999999999,7.789949046445109
2020-09-02 21:00:00,4,-47.9,-44.86202629763474,7.1,7.206653792966545
2020-09-02 21:00:00,8,-56.8,-46.75138955845364,4.4,5.675363200642833
2020-09-03 00:00:00,1,-48.4,-49.0682285782235,7.199999999999999,7.504644385972055
2020-09-03 00:00:00,2,-46.4,-49.00713513780265,8.4,7.261161926411736
2020-09-03 00:00:00,4,-51.1,-47.07694144614714,5.3,6.765058145100728
2020-09-03 00:00:00,8,-55.9,-49.17291665152799,4.5,5.396648485418398
2020-09-03 03:00:00,1,-46.4,-48.37381692934675,8.4,6.930646675480839
2020-09-03 03:00:00,2,-47.9,-48.20745108931875,7.1,6.721799499070205
2020-09-03 03:00:00,4,-52.45,-46.87768041293274,6.0,6.251777594078321
2020-09-03 03:00:00,8,-56.3,-48.83663506309567,4.0,5.128438161688958
2020-09-03 06:00:00,1,-47.9,-44.940297922652356,7.1,8.037289326241593
2020-09-03 06:00:00,2,-51.1,-44.83654794163647,5.3,7.653855095922319
2020-09-03 06:00:00,4,-53.8,-45.73109747343209,5.3,6.636717159162458
2020-09-03 06:00:00,8,-56.1,-47.50231586396159,4.9,5.531498156681028
2020-09-03 09:00:00,1,-51.1,-48.401710044412056,5.3,6.411871162021206
2020-09-03 09:00:00,2,-52.45,-49.15409536442418,6.0,6.031701831755846
2020-09-03 09:00:00,4,-56.8,-50.15896296425793,4.4,5.4288310411954654
2020-09-03 09:00:00,8,-57.1,-48.99866708967054,2.9,5.039654762816254
2020-09-03 12:00:00,1,-52.45,-51.98593421671596,6.0,4.590802027856466
2020-09-03 12:00:00,2,-53.8,-52.55013003694082,5.3,4.395150044829068
2020-09-03 12:00:00,4,-55.9,-52.257209954290666,4.5,4.324128444466291
2020-09-03 12:00:00,8,-56.2,-50.869850669516964,2.5,4.3247878015682435
2020-09-03 15:00:00,1,-53.8,-53.25839768538207,5.3,4.839715892222965
2020-09-03 15:00:00,2,-56.8,-53.7175122188873,4.4,4.5893570515130335
2020-09-03 15:00:00,4,-56.3,-53.266991370874265,4.0,4.444097578719735
2020-09-03 15:00:00,8,-59.3,-51.91622425992781,2.9,4.370534686198126
2020-09-03 18:00:00,1,-56.8,-51.88222008062431,4.4,5.113041538848478
2020-09-03 18:00:00,2,-55.9,-52.15005258900048,4.5,4.967701765893807
2020-09-03 18:00:00,4,-56.1,-50.9653420880635,4.9,4.909657865980508
2020-09-03 18:00:00,8,-60.7,-51.079177371745544,1.5,4.4633572471720875
2020-09-03 21:00:00,1,-55.9,-54.17049992719518,4.5,4.019647188350593
2020-09-03 21:00:00,2,-56.3,-53.710947013869024,4.0,3.9406009571866973
2020-09-03 21:00:00,4,-57.1,-51.23720008050052,2.9,4.077817457043742
2020-09-03 21:00:00,8,-62.4,-51.86588988066112,0.0,3.994543417051539
2020-09-04 00:00:00,1,-56.3,-52.62212758437131,4.0,4.191208749724949
2020-09-04 00:00:00,2,-56.1,-52.03294046681722,4.9,4.133827939324822
2020-09-04 00:00:00,4,-56.2,-50.02678435581613,2.5,4.182300177306804
2020-09-04 00:00:00,8,-59.0,-51.590101555325205,1.1,4.001066685439735
2020-09-04 03:00:00,1,-56.1,-52.43589955846592,4.9,3.8147716173981485
2020-09-04 03:00:00,2,-57.1,-51.77784745165937,2.9,3.7839939945241476
2020-09-04 03:00:00,4,-59.3,-49.720365912280236,2.9,3.9202225251314706
2020-09-04 03:00:00,8,-61.1,-51.09236578211177,0.0,3.875504719594881
2020-09-04 06:00:00,1,-57.1,-52.955057582324734,2.9,4.692072794984766
2020-09-04 06:00:00,2,-56.2,-52.83378938527624,2.5,4.49570221615735
2020-09-04 06:00:00,4,-60.7,-53.19422500385644,1.5,4.165853947111324
2020-09-04 06:00:00,8,-61.9,-53.98207216673688,0.0,4.0977202732693225
2020-09-04 09:00:00,1,-56.2,-54.88457945183865,2.5,2.9385500664167656
2020-09-04 09:00:00,2,-59.3,-54.616678090586646,2.9,3.024026069067816
2020-09-04 09:00:00,4,-62.4,-53.61579233947255,0.0,3.2729928003732263
2020-09-04 09:00:00,8,-61.4,-53.1984590729538,0.2999999999999998,3.5213899257364667
2020-09-04 12:00:00,1,-59.3,-56.320438495202666,2.9,2.6822711949519014
2020-09-04 12:00:00,2,-60.7,-56.0584254282891,1.5,2.8166824145365954
2020-09-04 12:00:00,4,-59.0,-55.174983139750914,1.1,3.1115593234627292
2020-09-04 12:00:00,8,-61.1,-54.35601326115008,0.0,3.357296426000246
2020-09-04 15:00:00,1,-60.7,-59.22746941618808,1.5,2.7085275348354445
2020-09-04 15:00:00,2,-62.4,-58.64791859408961,0.0,2.790626985016966
2020-09-04 15:00:00,4,-61.1,-57.11508804302093,0.0,3.0339715053226555
2020-09-04 15:00:00,8,-63.9,-56.15180415780855,3.6037479111959896,3.3220723549807327
2020-09-04 18:00:00,1,-62.4,-60.83734962259581,0.0,2.1141669617758003
2020-09-04 18:00:00,2,-59.0,-59.81203420467397,1.1,2.3824632376036026
2020-09-04 18:00:00,4,-61.9,-57.88106345270105,0.0,2.9153015167742944
2020-09-04 18:00:00,8,-64.4,-57.42312527215547,3.6037479111959896,3.276892157014245
2020-09-04 21:00:00,1,-59.0,-60.304465649601134,1.1,1.161503016337356
2020-09-04 21:00:00,2,-61.1,-59.263330911949126,0.0,1.6915922146846267
2020-09-04 21:00:00,4,-61.4,-57.06931317414241,0.2999999999999998,2.605377232057477
2020-09-04 21:00:00,8,-63.5,-56.167907715179155,3.6037479111959896,3.0976677154661503
2020-09-05 00:00:00,1,-61.1,-55.377207593536006,0.0,1.9566199646876155
2020-09-05 00:00:00,2,-61.9,-54.73009431288054,0.0,2.335505132212929
2020-09-05 00:00:00,4,-61.1,-53.62479157695933,0.0,2.9878770798881047
2020-09-05 00:00:00,8,-60.8,-54.56651465017976,3.6037479111959896,3.2288468268954986
2020-09-05 03:00:00,1,-61.9,-58.36192329148291,0.0,1.1901271978983599
2020-09-05 03:00:00,2,-61.4,-57.878289163640154,0.2999999999999998,1.717980362004368
2020-09-05 03:00:00,4,-63.9,-57.351410926645244,3.6037479111959896,2.5627221702412584
2020-09-05 03:00:00,8,-61.6,-57.31282017313516,3.6037479111959896,2.95585251174593
2020-09-05 06:00:00,1,-61.4,-59.4317091112414,0.2999999999999998,1.2862747507468648
2020-09-05 06:00:00,2,-61.1,-58.98856353651564,0.0,1.78476898148329
2020-09-05 06:00:00,4,-64.4,-58.49071176264286,3.6037479111959896,2.5522960527415464
2020-09-05 06:00:00,8,-64.2,-57.79507201982915,3.6037479111959896,2.975747916469232
2020-09-05 09:00:00,1,-61.1,-60.39185017113665,0.0,1.5378765910331103
2020-09-05 09:00:00,2,-63.9,-60.35363407814122,3.6037479111959896,1.9192898806376686
2020-09-05 09:00:00,4,-63.5,-60.235932315960504,3.6037479111959896,2.4469808448161228
2020-09-05 09:00:00,8,-64.7,-58.176481467251236,3.6037479111959896,2.924700687987124
2020-09-05 12:00:00,1,-63.9,-60.523725628787034,3.6037479111959896,1.5397918511901625
2020-09-05 12:00:00,2,-64.4,-60.70445609704697,3.6037479111959896,1.919449734478171
2020-09-05 12:00:00,4,-60.8,-61.085015353301195,3.6037479111959896,2.392165054046149
2020-09-05 12:00:00,8,-63.7,-58.323239953595646,3.6037479111959896,2.909872777976129
2020-09-05 15:00:00,1,-64.4,-62.97090435834769,3.6037479111959896,3.1356096483552442
2020-09-05 15:00:00,2,-63.5,-63.223325395585185,3.6037479111959896,3.087735982492501
2020-09-05 15:00:00,4,-61.6,-63.297665246701925,3.6037479111959896,3.0274093398775395
2020-09-05 15:00:00,8,-65.8,-60.53889073361854,3.6037479111959896,3.330766393734015
2020-09-05 18:00:00,1,-63.5,-63.550835604968725,3.6037479111959896,3.4615862339234353
2020-09-05 18:00:00,2,-60.8,-63.37966474384032,3.6037479111959896,3.463572796464814
2020-09-05 18:00:00,4,-64.2,-63.15414937506173,3.6037479111959896,3.475817464680881
2020-09-05 18:00:00,8,-67.9,-61.853140737934616,3.6037479111959896,3.520374443284043
2020-09-05 21:00:00,1,-60.8,-63.79806687357731,3.6037479111959896,3.2821861024472367
2020-09-05 21:00:00,2,-61.6,-63.46609748356843,3.6037479111959896,3.2530341312797586
2020-09-05 21:00:00,4,-64.7,-63.005031608226496,3.6037479111959896,3.2655365891407113
2020-09-05 21:00:00,8,-68.5,-62.90508299043234,3.6037479111959896,3.273883700271169
2020-09-06 00:00:00,1,-61.6,-59.96141279286748,3.6037479111959896,3.545429759887448
2020-09-06 00:00:00,2,-64.2,-59.81789836222926,3.6037479111959896,3.4844466527892295
2020-09-06 00:00:00,4,-63.7,-60.40658729838027,3.6037479111959896,3.392202575564124
2020-09-06 00:00:00,8,-64.7,-62.19121205082539,3.6037479111959896,3.2805073971812417
2020-09-06 03:00:00,1,-64.2,-62.17495971000041,3.6037479111959896,3.571592389589309
2020-09-06 03:00:00,2,-64.7,-62.19387862498832,3.6037479111959896,3.471872745913509
2020-09-06 03:00:00,4,-65.8,-62.69929782075608,3.6037479111959896,3.362820447924822
2020-09-06 03:00:00,8,-64.45,-63.89357288226889,3.6037479111959896,3.266065685091113
2020-09-06 06:00:00,1,-64.7,-65.83946376873682,3.6037479111959896,3.4418757701760443
2020-09-06 06:00:00,2,-63.7,-65.85544736269264,3.6037479111959896,3.339620579588681
2020-09-06 06:00:00,4,-67.9,-65.81172592163479,3.6037479111959896,3.2653655114064715
2020-09-06 06:00:00,8,-64.2,-65.40222486112474,3.6037479111959896,3.30963220172706
2020-09-06 09:00:00,1,-63.7,-65.53327966814783,3.6037479111959896,3.444624611058744
2020-09-06 09:00:00,2,-65.8,-65.33745614515536,3.6037479111959896,3.427120708834024
2020-09-06 09:00:00,4,-68.5,-65.10264631360944,3.6037479111959896,3.4468272668796747
2020-09-06 09:00:00,8,-66.9,-64.26287286955686,3.6037479111959896,3.4488748010243273
2020-09-06 12:00:00,1,-65.8,-63.83075168047471,3.6037479111959896,3.418034486971884
2020-09-06 12:00:00,2,-67.9,-64.05937817252689,3.6037479111959896,3.405114998807386
2020-09-06 12:00:00,4,-64.7,-64.44039494690959,3.6037479111959896,3.377632948409498
2020-09-06 12:00:00,8,-68.7,-62.46977502547269,3.6037479111959896,3.4802139118460964
2020-09-06 15:00:00,1,-67.9,-66.93995265742049,3.6037479111959896,3.5423917904356608
2020-09-06 15:00:00,2,-68.5,-66.61374583432735,3.6037479111959896,3.54460978913271
2020-09-06 15:00:00,4,-64.45,-65.89410800479872,3.6037479111959896,3.625032636862057
2020-09-06 15:00:00,8,-70.0,-64.12565633806972,3.6037479111959896,3.6262657855387603
2020-09-06 18:00:00,1,-68.5,-68.49754466600268,3.6037479111959896,3.5316707591294714
2020-09-06 18:00:00,2,-64.7,-67.9771858822132,3.6037479111959896,3.5095330283859947
2020-09-06 18:00:00,4,-64.2,-66.8141243645768,3.6037479111959896,3.600088172871862
2020-09-06 18:00:00,8,-69.9,-64.99481757649079,3.6037479111959896,3.614348569756978
2020-09-06 21:00:00,1,-64.7,-68.33693923138745,3.6037479111959896,3.6343239047330416
2020-09-06 21:00:00,2,-64.45,-67.72177980937532,3.6037479111959896,3.598019127375049
2020-09-06 21:00:00,4,-66.9,-66.39695861453815,3.6037479111959896,3.6809296305145023
2020-09-06 21:00:00,8,-71.5,-64.8203453798275,3.6037479111959896,3.646416237251205
2020-09-07 00:00:00,1,-64.45,-63.150735641372464,3.6037479111959896,3.8429332998889327
2020-09-07 00:00:00,2,-64.2,-62.61827964596567,3.6037479111959896,3.807802885730941
2020-09-07 00:00:00,4,-68.7,-62.0846110473932,3.6037479111959896,3.827021870901004
2020-09-07 00:00:00,8,-71.1,-62.22813700604726,3.6037479111959896,3.6662063479880054
2020-09-07 03:00:00,1,-64.2,-64.46751316316046,3.6037479111959896,3.7816555322549985
2020-09-07 03:00:00,2,-66.9,-64.18859282002225,3.6037479111959896,3.660301713429352
2020-09-07 03:00:00,4,-70.0,-63.84524816038776,3.6037479111959896,3.605117703630054
2020-09-07 03:00:00,8,-67.6,-64.17825363081985,3.6037479111959896,3.4719242531883343
2020-09-07 06:00:00,1,-66.9,-64.11008991418694,3.6037479111959896,3.6119245053030187
2020-09-07 06:00:00,2,-68.7,-63.910717203319145,3.6037479111959896,3.543271479769906
2020-09-07 06:00:00,4,-69.9,-63.72004814440709,3.6037479111959896,3.5260990389890203
2020-09-07 06:00:00,8,-65.46666666666667,-63.49879453898265,3.6037479111959896,3.4926196602663517
2020-09-07 09:00:00,1,-68.7,-67.69676545601442,3.6037479111959896,3.401284918384604
2020-09-07 09:00:00,2,-70.0,-67.39410316426316,3.6037479111959896,3.3616885542324795
2020-09-07 09:00:00,4,-71.5,-66.69548090760252,3.6037479111959896,3.4120983535285485
2020-09-07 09:00:00,8,-63.333333333333336,-65.15781363338989,3.6037479111959896,3.4911051810940013
2020-09-07 12:00:00,1,-70.0,-69.22767731294748,3.6037479111959896,3.4174610553082143
2020-09-07 12:00:00,2,-69.9,-68.75916001636992,3.6037479111959896,3.4195765459971366
2020-09-07 12:00:00,4,-71.1,-67.74119442904416,3.6037479111959896,3.5353503533974093
2020-09-07 12:00:00,8,-61.2,-65.62613783570221,3.6037479111959896,3.591285647587482
2020-09-07 15:00:00,1,-69.9,-70.05085833970794,3.6037479111959896,3.490058612988138
2020-09-07 15:00:00,2,-71.5,-69.42053813587025,3.6037479111959896,3.5143321227415214
2020-09-07 15:00:00,4,-67.6,-68.00909398904369,3.6037479111959896,3.6725260933244344
2020-09-07 15:00:00,8,-62.9,-65.45998598446815,3.6037479111959896,3.7019381735637706
2020-09-07 18:00:00,1,-71.5,-69.29275584434244,3.6037479111959896,3.5792267701373808
2020-09-07 18:00:00,2,-71.1,-68.62412372087766,3.6037479111959896,3.600732776951968
2020-09-07 18:00:00,4,-65.46666666666667,-67.19604176519663,3.6037479111959896,3.7521168566251313
2020-09-07 18:00:00,8,-61.6,-64.88416879849838,3.6037479111959896,3.7390240112895414
2020-09-07 21:00:00,1,-71.1,-70.4380353975527,3.6037479111959896,3.613781113283769
2020-09-07 21:00:00,2,-67.6,-69.64243082567256,3.6037479111959896,3.5842252285721727
2020-09-07 21:00:00,4,-63.333333333333336,-67.77270481932833,3.6037479111959896,3.715062517784043
2020-09-07 21:00:00,8,-59.9,-65.44168093632346,3.6037479111959896,3.719033163479348
2020-09-08 00:00:00,1,-67.6,-69.35593657613049,3.6037479111959896,3.659518666885604
2020-09-08 00:00:00,2,-65.46666666666667,-68.49424188946583,3.6037479111959896,3.6262688414504463
2020-09-08 00:00:00,4,-61.2,-66.66776179352622,3.6037479111959896,3.7497302862413746
2020-09-08 00:00:00,8,-59.7,-64.84602835810686,3.6037479111959896,3.717694720816143
2020-09-08 03:00:00,1,-65.46666666666667,-65.19260374417924,3.6037479111959896,3.8533421683167965
2020-09-08 03:00:00,2,-63.333333333333336,-64.61783560765049,3.6037479111959896,3.8042150921164457
2020-09-08 03:00:00,4,-62.9,-63.723846625624866,3.6037479111959896,3.848439672840458
2020-09-08 03:00:00,8,-59.0,-62.983144229160956,3.6037479111959896,3.743721597389946
2020-09-08 06:00:00,1,-63.333333333333336,-64.61087700909182,3.6037479111959896,3.7983236276373797
2020-09-08 06:00:00,2,-61.2,-64.30158034422728,3.6037479111959896,3.7226038146623153
2020-09-08 06:00:00,4,-61.6,-63.88660491719737,3.6037479111959896,3.7183699806558965
2020-09-08 06:00:00,8,-59.2,-63.38987424286457,3.6037479111959896,3.6266052650016967
2020-09-08 09:00:00,1,-61.2,-62.99224847966698,3.6037479111959896,3.632523176280259
2020-09-08 09:00:00,2,-62.9,-62.96086345655503,3.6037479111959896,3.5821228413126383
2020-09-08 09:00:00,4,-59.9,-63.115034817332116,3.6037479111959896,3.55900701554662
2020-09-08 09:00:00,8,-56.8,-62.567242958359266,3.6037479111959896,3.5408388774252826
2020-09-08 12:00:00,1,-62.9,-62.256703429287455,3.6037479111959896,3.6119324766669796
2020-09-08 12:00:00,2,-61.6,-62.2873117523325,3.6037479111959896,3.62025672677872
2020-09-08 12:00:00,4,-59.7,-62.61389611794425,3.6037479111959896,3.6158049166245894
2020-09-08 12:00:00,8,-55.6,-61.06898420628005,3.6037479111959896,3.65070962987665
2020-09-08 15:00:00,1,-61.6,-64.68676593733646,3.6037479111959896,3.5246095169841882
2020-09-08 15:00:00,2,-59.9,-64.54889519095066,3.6037479111959896,3.5019790146494967
2020-09-08 15:00:00,4,-59.0,-64.27590601195979,3.6037479111959896,3.5435328118729403
2020-09-08 15:00:00,8,-55.1,-63.00712970710855,3.6037479111959896,3.566127723000649
2020-09-08 18:00:00,1,-59.9,-62.87455608399914,3.6037479111959896,3.5289033361709157
2020-09-08 18:00:00,2,-59.7,-62.70032741667038,3.6037479111959896,3.5169091927278977
2020-09-08 18:00:00,4,-59.2,-62.47293874531853,3.6037479111959896,3.5630090801463665
2020-09-08 18:00:00,8,-56.8,-61.69625236792532,3.6037479111959896,3.555297711951879
2020-09-08 21:00:00,1,-59.7,-60.761610558557045,3.6037479111959896,3.3854010025993766
2020-09-08 21:00:00,2,-59.0,-60.57789217269276,3.6037479111959896,3.3713524333809906
2020-09-08 21:00:00,4,-56.8,-60.575617551068234,3.6037479111959896,3.4188875962062326
2020-09-08 21:00:00,8,-58.1,-60.96472987457136,3.6037479111959896,3.387487367150749
2020-09-09 00:00:00,1,-59.0,-60.45539043291857,3.6037479111959896,3.5193409786075667
2020-09-09 00:00:00,2,-59.2,-60.2068060634513,3.6037479111959896,3.4694023695678418
2020-09-09 00:00:00,4,-55.6,-60.22981166005288,3.6037479111959896,3.478228095786961
2020-09-09 00:00:00,8,-60.9,-61.23242337128783,3.6037479111959896,3.4211778170603733
2020-09-09 03:00:00,1,-59.2,-59.16983366001688,3.6037479111959896,3.6321303933195983
2020-09-09 03:00:00,2,-56.8,-59.067634917631835,3.6037479111959896,3.544249384839376
2020-09-09 03:00:00,4,-55.1,-59.36690437022254,3.6037479111959896,3.4872977484092957
2020-09-09 03:00:00,8,-62.6,-60.576709110067654,3.6037479111959896,3.4353774023026964
2020-09-09 06:00:00,1,-56.8,-59.991307099431715,3.6037479111959896,3.616427299527901
2020-09-09 06:00:00,2,-55.6,-59.93773280733953,3.6037479111959896,3.5385823182548246
2020-09-09 06:00:00,4,-56.8,-60.268487432679755,3.6037479111959896,3.4852872184558734
2020-09-09 06:00:00,8,-61.7,-60.93174173675729,3.6037479111959896,3.4705735202281858
2020-09-09 09:00:00,1,-55.6,-57.68738522140546,3.6037479111959896,3.7720348690963896
2020-09-09 09:00:00,2,-55.1,-57.771242170095334,3.6037479111959896,3.7096086918504683
2020-09-09 09:00:00,4,-58.1,-58.71322264229435,3.6037479111959896,3.5839393958554924
2020-09-09 09:00:00,8,-59.5,-59.152879551227905,3.6037479111959896,3.5842037572101324
2020-09-09 12:00:00,1,-55.1,-57.770648477279806,3.6037479111959896,3.6587209706278205
2020-09-09 12:00:00,2,-56.8,-58.081791065680015,3.6037479111959896,3.631720001376007
2020-09-09 12:00:00,4,-60.9,-59.24800801740088,3.6037479111959896,3.547399589896031
2020-09-09 12:00:00,8,-58.5,-58.67722857435119,3.6037479111959896,3.606167624240995
2020-09-09 15:00:00,1,-56.8,-57.74138460908157,3.6037479111959896,3.5169911591442795
2020-09-09 15:00:00,2,-58.1,-57.96279096071583,3.6037479111959896,3.484095032992301
2020-09-09 15:00:00,4,-62.6,-58.78189863513094,3.6037479111959896,3.4342073180455572
2020-09-09 15:00:00,8,-61.9,-58.78533110184594,3.6037479111959896,3.458204296117718
2020-09-09 18:00:00,1,-58.1,-59.397930583841614,3.6037479111959896,3.5212035984363883
2020-09-09 18:00:00,2,-60.9,-59.500805876655996,3.6037479111959896,3.458853562379338
2020-09-09 18:00:00,4,-61.7,-59.89695821532962,3.6037479111959896,3.417059221250347
2020-09-09 18:00:00,8,-62.3,-60.17039626643708,3.6037479111959896,3.425514745596683
2020-09-09 21:00:00,1,-60.9,-60.14809676080542,3.6037479111959896,3.6915400891383228
2020-09-09 21:00:00,2,-62.6,-60.06450711798273,3.6037479111959896,3.6027459062632037
2020-09-09 21:00:00,4,-59.5,-60.20214370154686,3.6037479111959896,3.5490771887687007
2020-09-09 21:00:00,8,-63.0,-60.8258835698455,3.6037479111959896,3.5086222267382294
2020-09-10 00:00:00,1,-62.6,-61.84476275242622,3.6037479111959896,3.712818752119541
2020-09-10 00:00:00,2,-61.7,-61.62953037377282,3.6037479111959896,3.6004695219906537
2020-09-10 00:00:00,4,-58.5,-61.36364245253658,3.6037479111959896,3.548921400590419
2020-09-10 00:00:00,8,-63.7,-61.82934186974337,3.6037479111959896,3.5125433513346795
2020-09-10 03:00:00,1,-61.7,-62.50820870976702,3.6037479111959896,3.6466634695043565
2020-09-10 03:00:00,2,-59.5,-62.19433758411877,3.6037479111959896,3.5650372890654296
2020-09-10 03:00:00,4,-61.9,-61.8266846620933,3.6037479111959896,3.546534090389439
2020-09-10 03:00:00,8,-63.5,-62.001009156053684,3.6037479111959896,3.5298135279693477
2020-09-10 06:00:00,1,-59.5,-61.489218570033884,3.6037479111959896,3.5686170846558842
2020-09-10 06:00:00,2,-58.5,-61.33210756521876,3.6037479111959896,3.517230846594752
2020-09-10 06:00:00,4,-62.3,-61.44304454360705,3.6037479111959896,3.5011065635270087
2020-09-10 06:00:00,8,-62.2,-61.635135871472805,3.6037479111959896,3.4970240654654883
2020-09-10 09:00:00,1,-58.5,-60.28066750191087,3.6037479111959896,3.6454748564915223
2020-09-10 09:00:00,2,-61.9,-60.31112307874609,3.6037479111959896,3.6117197558875653
2020-09-10 09:00:00,4,-63.0,-60.873411417632,3.6037479111959896,3.559641378823443
2020-09-10 09:00:00,8,-60.13333333333333,-60.76422597714971,3.6037479111959896,3.5526263319320175
2020-09-10 12:00:00,1,-61.9,-60.19083111550736,3.6037479111959896,3.621754610051185
2020-09-10 12:00:00,2,-62.3,-60.43035878753392,3.6037479111959896,3.602795947233621
2020-09-10 12:00:00,4,-63.7,-61.24419563695877,3.6037479111959896,3.547587823391839
2020-09-10 12:00:00,8,-58.06666666666667,-60.29512003126355,3.6037479111959896,3.5822385960480836
2020-09-10 15:00:00,1,-62.3,-64.19444184705677,3.6037479111959896,3.537264470503526
2020-09-10 15:00:00,2,-63.0,-64.12964287004581,3.6037479111959896,3.4949510842743448
2020-09-10 15:00:00,4,-63.5,-64.04154865503543,3.6037479111959896,3.5067270016314005
2020-09-10 15:00:00,8,-56.0,-63.20121970471976,3.6037479111959896,3.528443746381942
2020-09-10 18:00:00,1,-63.0,-63.65943960115232,3.6037479111959896,3.605651095185868
2020-09-10 18:00:00,2,-63.7,-63.487281653668006,3.6037479111959896,3.5775309224398573
2020-09-10 18:00:00,4,-62.2,-63.376227954119386,3.6037479111959896,3.600024708551096
2020-09-10 18:00:00,8,-56.5,-62.75591550902882,6.6,3.5812498336609773
2020-09-10 21:00:00,1,-63.7,-63.8146830674021,3.6037479111959896,3.692137141632994
2020-09-10 21:00:00,2,-63.5,-63.62000658198526,3.6037479111959896,3.6287117312534924
2020-09-10 21:00:00,4,-60.13333333333333,-63.349622734573195,3.6037479111959896,3.6271660164647512
2020-09-10 21:00:00,8,-56.1,-63.022811411149675,5.0,3.5701889463182197
2020-09-11 00:00:00,1,-63.5,-63.46496629701458,3.6037479111959896,3.7224912691340166
2020-09-11 00:00:00,2,-62.2,-63.18944095453991,3.6037479111959896,3.6308526689889056
2020-09-11 00:00:00,4,-58.06666666666667,-62.825643433310404,3.6037479111959896,3.6088311328721963
2020-09-11 00:00:00,8,-56.8,-62.96486367804992,2.9,3.5338062482110066
2020-09-11 03:00:00,1,-62.2,-62.91886545386458,3.6037479111959896,3.730335597813168
2020-09-11 03:00:00,2,-60.13333333333333,-62.7045711674998,3.6037479111959896,3.6380513971674557
2020-09-11 03:00:00,4,-56.0,-62.54494777573355,3.6037479111959896,3.6039198795595326
2020-09-11 03:00:00,8,-56.7,-62.813216952740795,4.2,3.5298264781032747
2020-09-11 06:00:00,1,-60.13333333333333,-61.87656422511023,3.6037479111959896,3.6734286969975574
2020-09-11 06:00:00,2,-58.06666666666667,-61.78565285123006,3.6037479111959896,3.6140132825916433
2020-09-11 06:00:00,4,-56.5,-61.98215364515286,6.6,3.5859895760130986
2020-09-11 06:00:00,8,-58.4,-62.13726958272746,3.5,3.5390483131280517
2020-09-11 09:00:00,1,-58.06666666666667,-60.18915090719934,3.6037479111959896,3.671408022883643
2020-09-11 09:00:00,2,-56.0,-60.34349662921594,3.6037479111959896,3.608299600856972
2020-09-11 09:00:00,4,-56.1,-61.044285432352645,5.0,3.5489631236158337
2020-09-11 09:00:00,8,-58.6,-61.51239420486903,3.6037479111959896,3.4859956034451973
2020-09-11 12:00:00,1,-56.0,-58.5647500840954,3.6037479111959896,3.6514989148791503
2020-09-11 12:00:00,2,-56.5,-58.99256591951351,6.6,3.6209378118459834
2020-09-11 12:00:00,4,-56.8,-60.28510074450058,2.9,3.5492167142980984
2020-09-11 12:00:00,8,-58.0,-59.947015742091004,3.6037479111959896,3.550740944394759
2020-09-11 15:00:00,1,-56.5,-58.822890818439745,6.6,3.648610828397894
2020-09-11 15:00:00,2,-56.1,-59.00692406323653,5.0,3.640010526486374
2020-09-11 15:00:00,4,-56.7,-59.8600577571414,4.2,3.604479687922252
2020-09-11 15:00:00,8,-60.8,-59.80690423762721,3.6037479111959896,3.5501560555616503
2020-09-11 18:00:00,1,-56.1,-57.57230788407978,5.0,5.6244375421261505
2020-09-11 18:00:00,2,-56.8,-57.716524442932474,2.9,5.408772850022846
2020-09-11 18:00:00,4,-58.4,-57.867494617812255,3.5,5.050816911808393
2020-09-11 18:00:00,8,-62.2,-58.65475398697903,3.6037479111959896,4.302889158423436
2020-09-11 21:00:00,1,-56.8,-56.963947829907575,2.9,4.536994201396317
2020-09-11 21:00:00,2,-56.7,-57.02719809004113,4.2,4.328058193598666
2020-09-11 21:00:00,4,-58.6,-56.82200120942297,3.6037479111959896,4.106318202433711
2020-09-11 21:00:00,8,-63.7,-57.633153111909664,3.6037479111959896,3.8566796637689245
2020-09-12 00:00:00,1,-56.7,-56.469739629539774,4.2,2.779289359377365
2020-09-12 00:00:00,2,-58.4,-56.405998708232225,3.5,2.8818734553733796
2020-09-12 00:00:00,4,-58.0,-57.11769697710469,3.6037479111959896,3.100032731175116
2020-09-12 00:00:00,8,-61.3,-58.88050495958126,3.6037479111959896,3.2465867108195527
2020-09-12 03:00:00,1,-58.4,-57.717884748801055,3.5,3.6714418945154574
2020-09-12 03:00:00,2,-58.6,-57.8421409084852,3.6037479111959896,3.5435613948113573
2020-09-12 03:00:00,4,-60.8,-58.602147327716025,3.6037479111959896,3.4058602146974195
2020-09-12 03:00:00,8,-59.3,-60.063054587987466,3.6037479111959896,3.398941257399828
2020-09-12 06:00:00,1,-58.6,-59.47564670259616,3.6037479111959896,3.2720628701179626
2020-09-12 06:00:00,2,-58.0,-59.883154857368666,3.6037479111959896,3.195056241724879
2020-09-12 06:00:00,4,-62.2,-60.854718739954855,3.6037479111959896,3.0989636086414563
2020-09-12 06:00:00,8,-57.3,-61.07851571387298,3.6037479111959896,3.2436881735868828
2020-09-12 09:00:00,1,-58.0,-59.99333026621083,3.6037479111959896,3.5001487334978814
2020-09-12 09:00:00,2,-60.8,-59.88350430034868,3.6037479111959896,3.4643796104700044
2020-09-12 09:00:00,4,-63.7,-60.17313993420591,3.6037479111959896,3.447793934725367
2020-09-12 09:00:00,8,-56.4,-60.473928923383916,3.6037479111959896,3.484575807547454
2020-09-12 12:00:00,1,-60.8,-59.04813960185215,3.6037479111959896,3.538558804064144
2020-09-12 12:00:00,2,-62.2,-59.130521685016085,3.6037479111959896,3.533218123510671
2020-09-12 12:00:00,4,-61.3,-59.74435898771209,3.6037479111959896,3.4991370501068775
2020-09-12 12:00:00,8,-55.5,-59.25986025868168,3.6037479111959896,3.5571721288661613
2020-09-12 15:00:00,1,-62.2,-63.66182590043026,3.6037479111959896,3.501975202258037
2020-09-12 15:00:00,2,-63.7,-63.48197588437975,3.6037479111959896,3.4312251881316174
2020-09-12 15:00:00,4,-59.3,-63.11527618516367,3.6037479111959896,3.4200786352863592
2020-09-12 15:00:00,8,-57.9,-62.30556420390493,3.6037479111959896,3.4933608504842844
2020-09-12 18:00:00,1,-63.7,-64.4339781650952,3.6037479111959896,3.500716513224562
2020-09-12 18:00:00,2,-61.3,-64.02629853108714,3.6037479111959896,3.4531057557420914
2020-09-12 18:00:00,4,-57.3,-63.388286258683245,3.6037479111959896,3.480794448421123
2020-09-12 18:00:00,8,-60.3,-62.70997204291869,3.6037479111959896,3.524636670275808
2020-09-12 21:00:00,1,-61.3,-64.29150197638315,3.6037479111959896,3.3414060584756258
2020-09-12 21:00:00,2,-59.3,-63.97099143411468,3.6037479111959896,3.2988971472187187
2020-09-12 21:00:00,4,-56.4,-63.51881293848088,3.6037479111959896,3.3182529785801256
2020-09-12 21:00:00,8,-60.4,-63.192005217562304,3.6037479111959896,3.3807305031403914
2020-09-13 00:00:00,1,-59.3,-59.60620364343536,3.6037479111959896,3.1470977968072997
2020-09-13 00:00:00,2,-57.3,-59.54796626893774,3.6037479111959896,3.1630519885637685
2020-09-13 00:00:00,4,-55.5,-60.24303285321414,3.6037479111959896,3.1892762297108264
2020-09-13 00:00:00,8,-58.8,-61.785135531519444,3.6037479111959896,3.1933664192054665
2020-09-13 03:00:00,1,-57.3,-57.87259864682339,3.6037479111959896,3.5569970087972704
2020-09-13 03:00:00,2,-56.4,-57.912159194665634,3.6037479111959896,3.4635567470965714
2020-09-13 03:00:00,4,-57.9,-58.949566420447354,3.6037479111959896,3.327929281325981
2020-09-13 03:00:00,8,-63.7,-61.32702226923336,0.0,3.2531280014219215
2020-09-13 06:00:00,1,-56.4,-57.13246328463839,3.6037479111959896,3.7046845750491384
2020-09-13 06:00:00,2,-55.5,-57.118381813295414,3.6037479111959896,3.612716416323412
2020-09-13 06:00:00,4,-60.3,-58.387091471805114,3.6037479111959896,3.411132832066302
2020-09-13 06:00:00,8,-63.5,-60.13145174694104,1.8,3.394531333564103
2020-09-13 09:00:00,1,-55.5,-56.42869376890724,3.6037479111959896,3.5587989636137394
2020-09-13 09:00:00,2,-57.9,-56.697202872744064,3.6037479111959896,3.5049383102047993
2020-09-13 09:00:00,4,-60.4,-58.01402182333897,3.6037479111959896,3.406660923544258
2020-09-13 09:00:00,8,-63.3,-59.131866139862886,1.3000000000000003,3.4033565665717402
2020-09-13 12:00:00,1,-57.9,-56.70504372476463,3.6037479111959896,3.2456391049311586
2020-09-13 12:00:00,2,-60.3,-57.1112942450596,3.6037479111959896,3.22638599485852
2020-09-13 12:00:00,4,-58.8,-58.29807213352393,3.6037479111959896,3.17714242743801
2020-09-13 12:00:00,8,-62.3,-58.11544170415412,0.3999999999999999,3.2999316649683603
2020-09-13 15:00:00,1,-60.3,-61.654246439723984,3.6037479111959896,3.390779407166243
2020-09-13 15:00:00,2,-60.4,-61.738366371275106,3.6037479111959896,3.303384731867883
2020-09-13 15:00:00,4,-63.7,-61.64960929535418,0.0,3.2544371446570555
2020-09-13 15:00:00,8,-65.0,-60.62370522812375,3.6037479111959896,3.3819852064918856
2020-09-13 18:00:00,1,-60.4,-61.605595330894516,3.6037479111959896,3.2764327505133215
2020-09-13 18:00:00,2,-58.8,-61.49820321737562,3.6037479111959896,3.2245882523347125
2020-09-13 18:00:00,4,-63.5,-61.40042979206941,1.8,3.227716546138004
2020-09-13 18:00:00,8,-66.65,-61.2036004496953,3.6037479111959896,3.325268178767012
2020-09-13 21:00:00,1,-58.8,-60.259223951455,3.6037479111959896,3.2821437929000594
2020-09-13 21:00:00,2,-63.7,-60.04465947721907,0.0,3.277245429736142
2020-09-13 21:00:00,4,-63.3,-60.14507281815159,1.3000000000000003,3.333866481172522
2020-09-13 21:00:00,8,-68.3,-60.94370277368754,3.6037479111959896,3.353714004391898
2020-09-14 00:00:00,1,-63.7,-57.23380427059517,0.0,3.4688467868278234
2020-09-14 00:00:00,2,-63.5,-56.94919088888675,1.8,3.44087571057998
2020-09-14 00:00:00,4,-62.3,-57.25019422710919,0.3999999999999999,3.462076299516516
2020-09-14 00:00:00,8,-69.4,-59.480867452767626,3.6037479111959896,3.365319323896156
2020-09-14 03:00:00,1,-63.5,-65.5146691275835,1.8,1.2618362017673923
2020-09-14 03:00:00,2,-63.3,-64.78138212730573,1.3000000000000003,1.6548281774561517
2020-09-14 03:00:00,4,-65.0,-64.06718119824549,3.6037479111959896,2.3464874856246225
2020-09-14 03:00:00,8,-71.1,-63.32527412412679,3.6037479111959896,2.834086381450922
2020-09-14 06:00:00,1,-63.3,-62.48306322522599,1.3000000000000003,2.1321998399805624
2020-09-14 06:00:00,2,-62.3,-62.32335913734889,0.3999999999999999,2.3438065479660315
2020-09-14 06:00:00,4,-66.65,-62.52283199785426,3.6037479111959896,2.6988901291465095
2020-09-14 06:00:00,8,-69.8,-62.32433685719194,3.6037479111959896,2.982721073709742
2020-09-14 09:00:00,1,-62.3,-60.89780325813779,0.3999999999999999,1.9626038729945567
2020-09-14 09:00:00,2,-65.0,-60.755608785312724,3.6037479111959896,2.2356549207946577
2020-09-14 09:00:00,4,-68.3,-61.14101052871882,3.6037479111959896,2.6424164013129676
2020-09-14 09:00:00,8,-68.8,-61.13508152607446,3.6037479111959896,2.909027706755942
2020-09-14 12:00:00,1,-65.0,-60.66684666588487,3.6037479111959896,1.5818149624668103
2020-09-14 12:00:00,2,-66.65,-60.541631519383415,3.6037479111959896,1.949408199729878
2020-09-14 12:00:00,4,-69.4,-61.055203183849784,3.6037479111959896,2.4820463150189003
2020-09-14 12:00:00,8,-67.8,-60.123844697491634,3.6037479111959896,2.890233736583425
2020-09-14 15:00:00,1,-66.65,-64.5529069404614,3.6037479111959896,3.3895739983029225
2020-09-14 15:00:00,2,-68.3,-64.41060799499282,3.6037479111959896,3.371859374804798
2020-09-14 15:00:00,4,-71.1,-64.11723728400491,3.6037479111959896,3.3939528098251275
2020-09-14 15:00:00,8,-66.8,-63.066419013051146,3.6037479111959896,3.4268683711755257
2020-09-14 18:00:00,1,-68.3,-68.1479431757735,3.6037479111959896,3.434180844585981
2020-09-14 18:00:00,2,-69.4,-67.67572826811674,3.6037479111959896,3.3561239156758145
2020-09-14 18:00:00,4,-69.8,-66.50896481639518,3.6037479111959896,3.3775704038614958
2020-09-14 18:00:00,8,-69.15,-65.20270372705305,3.6037479111959896,3.438307345109768
2020-09-14 21:00:00,1,-69.4,-68.38825042987094,3.6037479111959896,3.341267692659714
2020-09-14 21:00:00,2,-71.1,-67.88191691834723,3.6037479111959896,3.289024173061692
2020-09-14 21:00:00,4,-68.8,-66.73452917924106,3.6037479111959896,3.3410508662279588
2020-09-14 21:00:00,8,-71.5,-65.29114954654642,3.6037479111959896,3.4229739066592124
2020-09-15 00:00:00,1,-71.1,-68.47929149392925,3.6037479111959896,3.3280176861517154
2020-09-15 00:00:00,2,-69.8,-67.97186426190316,3.6037479111959896,3.2787273036304847
2020-09-15 00:00:00,4,-67.8,-66.8465497911179,3.6037479111959896,3.329442800735446
2020-09-15 00:00:00,8,-72.8,-65.41979643926189,3.6037479111959896,3.417229672472704
2020-09-15 03:00:00,1,-69.8,-69.79807489047262,3.6037479111959896,3.351744410991526
2020-09-15 03:00:00,2,-68.8,-69.30852184699935,3.6037479111959896,3.285061472070268
2020-09-15 03:00:00,4,-66.8,-68.08266434510341,3.6037479111959896,3.3251571661933212
2020-09-15 03:00:00,8,-70.0,-66.22600390370665,3.6037479111959896,3.443211253570354
2020-09-15 06:00:00,1,-68.8,-67.90567615898405,3.6037479111959896,3.3717253412519086
2020-09-15 06:00:00,2,-67.8,-67.54039224421277,3.6037479111959896,3.320908935743628
2020-09-15 06:00:00,4,-69.15,-66.82115357223245,3.6037479111959896,3.3485976684127796
2020-09-15 06:00:00,8,-53.29175178959221,-65.48316306030527,3.6037479111959896,3.426429626236709
2020-09-15 09:00:00,1,-67.8,-67.92262810627005,3.6037479111959896,3.2917186540409924
2020-09-15 09:00:00,2,-66.8,-67.7003463459333,3.6037479111959896,3.224952535669706
2020-09-15 09:00:00,4,-71.5,-67.03693209063604,3.6037479111959896,3.230996029255754
2020-09-15 09:00:00,8,-53.29175178959221,-65.28962208444823,0.8999999999999999,3.368874125661482
2020-09-15 12:00:00,1,-66.8,-67.35909258017095,3.6037479111959896,3.4464946557198837
2020-09-15 12:00:00,2,-69.15,-67.0471199746306,3.6037479111959896,3.43840488101295
2020-09-15 12:00:00,4,-72.8,-66.08245849152588,3.6037479111959896,3.511015742072862
2020-09-15 12:00:00,8,-53.29175178959221,-63.34266053350959,0.8000000000000003,3.614203932157214
2020-09-15 15:00:00,1,-69.15,-66.97564771745292,3.6037479111959896,3.609747123238058
2020-09-15 15:00:00,2,-71.5,-66.43729225994235,3.6037479111959896,3.600237059421898
2020-09-15 15:00:00,4,-70.0,-65.35908558486658,3.6037479111959896,3.6974717570182354
2020-09-15 15:00:00,8,-53.29175178959221,-63.542353867317814,2.1,3.713755014143837
2020-09-15 18:00:00,1,-71.5,-70.32583321942647,3.6037479111959896,3.319198984863712
2020-09-15 18:00:00,2,-72.8,-69.50388136735445,3.6037479111959896,3.2372011895677537
2020-09-15 18:00:00,4,-53.29175178959221,-67.38858412668193,3.6037479111959896,3.3245399853381463
2020-09-15 18:00:00,8,-53.29175178959221,-64.9705309291295,3.6037479111959896,3.498471347905853
2020-09-15 21:00:00,1,-72.8,-70.14995604583325,3.6037479111959896,3.317601219601013
2020-09-15 21:00:00,2,-70.0,-69.35551580355249,3.6037479111959896,3.2809562996105908
2020-09-15 21:00:00,4,-53.29175178959221,-67.53032828638844,0.8999999999999999,3.391696460602801
2020-09-15 21:00:00,8,-53.29175178959221,-65.07067480269187,3.6037479111959896,3.5617462521354506
2020-09-16 00:00:00,1,-70.0,-70.2270755897683,3.6037479111959896,3.341327544539622
2020-09-16 00:00:00,2,-53.29175178959221,-69.40308327889343,3.6037479111959896,3.3129667912304535
2020-09-16 00:00:00,4,-53.29175178959221,-67.56363992914689,0.8000000000000003,3.424053733215047
2020-09-16 00:00:00,8,-66.9,-65.14181130640833,3.6037479111959896,3.572067708825564
2020-09-16 03:00:00,1,-53.29175178959221,-64.7214868800308,3.6037479111959896,3.274026598300704
2020-09-16 03:00:00,2,-53.29175178959221,-64.02420187320706,0.8999999999999999,3.3078352056854965
2020-09-16 03:00:00,4,-53.29175178959221,-63.0734691152355,2.1,3.4248077202714455
2020-09-16 03:00:00,8,-69.4,-62.197657652679375,3.6037479111959896,3.490040190872763
2020-09-16 06:00:00,1,-53.29175178959221,-59.224031185465165,0.8999999999999999,3.8831002564061925
2020-09-16 06:00:00,2,-53.29175178959221,-59.20679247878526,0.8000000000000003,3.7273588132452953
2020-09-16 06:00:00,4,-53.29175178959221,-59.47558978301797,3.6037479111959896,3.6079009426811512
2020-09-16 06:00:00,8,-69.0,-60.64753868036251,3.6037479111959896,3.504703061657669
2020-09-16 09:00:00,1,-53.29175178959221,-60.505762098111475,0.8000000000000003,2.1892661680753926
2020-09-16 09:00:00,2,-53.29175178959221,-60.50575849560653,2.1,2.415314854751792
2020-09-16 09:00:00,4,-53.29175178959221,-61.070719893164274,3.6037479111959896,2.766116987022726
2020-09-16 09:00:00,8,-66.6,-60.65136670212086,3.6037479111959896,3.0706026153915666
2020-09-16 12:00:00,1,-53.29175178959221,-56.17937664993343,2.1,1.9363748330330741
2020-09-16 12:00:00,2,-53.29175178959221,-56.615159785295795,3.6037479111959896,2.2567923120112283
2020-09-16 12:00:00,4,-66.9,-58.041046374461175,3.6037479111959896,2.6652652630340223
2020-09-16 12:00:00,8,-65.3,-57.88462596984469,3.6037479111959896,2.953599255092899
2020-09-16 15:00:00,1,-53.29175178959221,-58.70275736541875,3.6037479111959896,2.317298536925994
2020-09-16 15:00:00,2,-53.29175178959221,-59.23389484401435,3.6037479111959896,2.3672886399105044
2020-09-16 15:00:00,4,-69.4,-60.04338851347321,3.6037479111959896,2.481076634584152
2020-09-16 15:00:00,8,-63.6,-59.26939464827856,3.6037479111959896,2.7610140877239964
2020-09-16 18:00:00,1,-53.29175178959221,-59.92138247837994,3.6037479111959896,3.599330123485753
2020-09-16 18:00:00,2,-66.9,-59.82306219282254,3.6037479111959896,3.510563640433896
2020-09-16 18:00:00,4,-69.0,-60.09327384049806,3.6037479111959896,3.418922427600932
2020-09-16 18:00:00,8,-67.1,-61.128559551115565,3.6037479111959896,3.38419444735261
2020-09-16 21:00:00,1,-66.9,-59.54570245482806,3.6037479111959896,3.8178399793412923
2020-09-16 21:00:00,2,-69.4,-59.435317380197894,3.6037479111959896,3.6833776123928548
2020-09-16 21:00:00,4,-66.6,-59.878348395266286,3.6037479111959896,3.5423848021621547
2020-09-16 21:00:00,8,-66.8,-61.62843809427242,3.6037479111959896,3.4284038718210645
2020-09-17 00:00:00,1,-69.4,-64.16158123791787,3.6037479111959896,3.1859488384290704
2020-09-17 00:00:00,2,-69.0,-63.84608250053385,3.6037479111959896,3.187920937876975
2020-09-17 00:00:00,4,-65.3,-63.60154806712977,3.6037479111959896,3.23023509724848
2020-09-17 00:00:00,8,-65.6,-63.53878306441278,3.6037479111959896,3.295410595258544
2020-09-17 03:00:00,1,-69.0,-68.59567978280573,3.6037479111959896,3.388660943878386
2020-09-17 03:00:00,2,-66.6,-68.22942751470426,3.6037479111959896,3.3114523387181833
2020-09-17 03:00:00,4,-63.6,-67.33285913913545,3.6037479111959896,3.3202750390182074
2020-09-17 03:00:00,8,-65.0,-65.84512114250805,3.6037479111959896,3.4152531207914167
2020-09-17 06:00:00,1,-66.6,-67.4617034491221,3.6037479111959896,3.4630859167513095
2020-09-17 06:00:00,2,-65.3,-66.86272647933896,3.6037479111959896,3.441709158005227
2020-09-17 06:00:00,4,-67.1,-65.77040518987468,3.6037479111959896,3.5225494259417913
2020-09-17 06:00:00,8,-63.6,-64.38337882158953,3.6037479111959896,3.5511605274009774
2020-09-17 09:00:00,1,-65.3,-65.198434038188,3.6037479111959896,3.717905468749627
2020-09-17 09:00:00,2,-63.6,-64.77722195459113,3.6037479111959896,3.718115296910346
2020-09-17 09:00:00,4,-66.8,-64.20862851154423,3.6037479111959896,3.764895406275984
2020-09-17 09:00:00,8,-63.3,-62.831552261927044,3.6037479111959896,3.7255688421348476
2020-09-17 12:00:00,1,-63.6,-64.66713228536673,3.6037479111959896,3.552972643040489
2020-09-17 12:00:00,2,-67.1,-64.5720304777304,3.6037479111959896,3.5687705400771534
2020-09-17 12:00:00,4,-65.6,-64.42956869903814,3.6037479111959896,3.5978829710132785
2020-09-17 12:00:00,8,-63.4,-61.790969428033165,3.6037479111959896,3.6938194060196876
2020-09-17 15:00:00,1,-67.1,-64.17456898875845,3.6037479111959896,3.554986092272686
2020-09-17 15:00:00,2,-66.8,-64.16080021484501,3.6037479111959896,3.5215125887651775
2020-09-17 15:00:00,4,-65.0,-64.0546423195215,3.6037479111959896,3.518217789431389
2020-09-17 15:00:00,8,-65.6,-62.14323172841735,3.6037479111959896,3.597838935225912
2020-09-17 18:00:00,1,-66.8,-68.64879079276153,3.6037479111959896,3.4246584504827577
2020-09-17 18:00:00,2,-65.6,-68.01621830282998,3.6037479111959896,3.3628551993392803
2020-09-17 18:00:00,4,-63.6,-66.53049482696981,3.6037479111959896,3.432421825828573
2020-09-17 18:00:00,8,-65.6,-64.67412258596895,3.6037479111959896,3.5304886411786605
2020-09-17 21:00:00,1,-65.6,-66.68196863204142,3.6037479111959896,3.4008961877561243
2020-09-17 21:00:00,2,-65.0,-66.03088935368807,3.6037479111959896,3.3819470692472495
2020-09-17 21:00:00,4,-63.3,-64.88693264029493,3.6037479111959896,3.464566324341245
2020-09-17 21:00:00,8,-65.6,-63.65416697490959,3.6037479111959896,3.5287345945261976
2020-09-18 00:00:00,1,-65.0,-64.19623013051323,3.6037479111959896,3.8405667645553994
2020-09-18 00:00:00,2,-63.6,-63.501814158630545,3.6037479111959896,3.791495541222936
2020-09-18 00:00:00,4,-63.4,-62.32874200024305,3.6037479111959896,3.8488404271650793
2020-09-18 00:00:00,8,-65.6,-62.02148579418136,3.6037479111959896,3.7216545425189125
2020-09-18 03:00:00,1,-63.6,-63.759749189942326,3.6037479111959896,3.7924264179110443
2020-09-18 03:00:00,2,-63.3,-63.21266558344236,3.6037479111959896,3.7206728783781426
2020-09-18 03:00:00,4,-65.6,-62.37115501150357,3.6037479111959896,3.7391171482795005
2020-09-18 03:00:00,8,-65.6,-62.2663177944942,3.6037479111959896,3.642750222961587
2020-09-18 06:00:00,1,-63.3,-63.372803412915275,3.6037479111959896,3.604417853198884
2020-09-18 06:00:00,2,-63.4,-63.19892274756455,3.6037479111959896,3.5123637157147156
2020-09-18 06:00:00,4,-65.6,-63.12828050752702,3.6037479111959896,3.460804773654455
2020-09-18 06:00:00,8,-65.4,-63.13415114959122,3.6037479111959896,3.4550286273520228
2020-09-18 09:00:00,1,-63.4,-64.48340885599553,3.6037479111959896,3.6485025618124567
2020-09-18 09:00:00,2,-65.6,-64.31769506936323,3.6037479111959896,3.5858020123518037
2020-09-18 09:00:00,4,-65.6,-64.13753956089309,3.6037479111959896,3.5678566158675022
2020-09-18 09:00:00,8,-60.7,-63.43506838794539,3.6037479111959896,3.5676748607711675
2020-09-18 12:00:00,1,-65.6,-64.47040813613712,3.6037479111959896,3.5605999053471638
2020-09-18 12:00:00,2,-65.6,-64.4647147373164,3.6037479111959896,3.5114711895518846
2020-09-18 12:00:00,4,-65.6,-64.37772432982226,3.6037479111959896,3.4963950475347323
2020-09-18 12:00:00,8,-60.6,-62.68219312726026,3.6037479111959896,3.589788024250798
2020-09-18 15:00:00,1,-65.6,-66.90279930338488,3.6037479111959896,3.5224524499002925
2020-09-18 15:00:00,2,-65.6,-66.38543348070668,3.6037479111959896,3.529193037931726
2020-09-18 15:00:00,4,-65.6,-65.20530329462395,3.6037479111959896,3.6458101869794874
2020-09-18 15:00:00,8,-60.5,-63.184693573518686,3.6037479111959896,3.688287466051311
2020-09-18 18:00:00,1,-65.6,-67.65488417448431,3.6037479111959896,3.595536287441917
2020-09-18 18:00:00,2,-65.6,-67.02501068126023,3.6037479111959896,3.5698259060094624
2020-09-18 18:00:00,4,-65.4,-65.57939173148954,3.6037479111959896,3.6714623694570028
2020-09-18 18:00:00,8,-62.425,-63.720161983563465,3.6037479111959896,3.6942953284402558
2020-09-18 21:00:00,1,-65.6,-65.31549095198292,3.6037479111959896,3.7681145043122233
2020-09-18 21:00:00,2,-65.6,-64.68405541261315,3.6037479111959896,3.7441414003418254
2020-09-18 21:00:00,4,-60.7,-63.44127766547475,3.6037479111959896,3.825036014851749
2020-09-18 21:00:00,8,-64.35,-62.22418505811868,3.6037479111959896,3.767806926967681
2020-09-19 00:00:00,1,-65.6,-65.50554758505372,3.6037479111959896,3.5837617030888684
2020-09-19 00:00:00,2,-65.4,-64.97751690672577,3.6037479111959896,3.486658039786405
2020-09-19 00:00:00,4,-60.6,-63.864129609324216,3.6037479111959896,3.488398276517357
2020-09-19 00:00:00,8,-66.275,-63.144474487771845,3.6037479111959896,3.5280652865493347
2020-09-19 03:00:00,1,-65.4,-64.66792051344949,3.6037479111959896,3.6708236872471973
2020-09-19 03:00:00,2,-60.7,-64.25646257225137,3.6037479111959896,3.5733999030324872
2020-09-19 03:00:00,4,-60.5,-63.544993782944125,3.6037479111959896,3.5518053880843543
2020-09-19 03:00:00,8,-68.2,-63.04272677900637,3.6037479111959896,3.5583743518499054
2020-09-19 06:00:00,1,-60.7,-64.64533713042789,3.6037479111959896,3.586701723406232
2020-09-19 06:00:00,2,-60.6,-64.27308020707814,3.6037479111959896,3.5089230057623366
2020-09-19 06:00:00,4,-62.425,-63.67237475542066,3.6037479111959896,3.499579100895631
2020-09-19 06:00:00,8,-64.3,-62.92831770634864,3.6037479111959896,3.5506732144611703
2020-09-19 09:00:00,1,-60.6,-60.37304797730907,3.6037479111959896,4.100378763140438
2020-09-19 09:00:00,2,-60.5,-60.08807182335232,3.6037479111959896,4.04610443859805
2020-09-19 09:00:00,4,-64.35,-60.25852722699794,3.6037479111959896,3.958375125973808
2020-09-19 09:00:00,8,-61.96666666666666,-59.510119072449044,3.6037479111959896,3.926087849401962
2020-09-19 12:00:00,1,-60.5,-62.2954303574846,3.6037479111959896,3.586789381749723
2020-09-19 12:00:00,2,-62.425,-62.3692752244214,3.6037479111959896,3.566886272263261
2020-09-19 12:00:00,4,-66.275,-62.39935614074197,3.6037479111959896,3.5544607254009937
2020-09-19 12:00:00,8,-59.63333333333333,-60.106244299314895,3.6037479111959896,3.654138449433288
2020-09-19 15:00:00,1,-62.425,-62.15734201979991,3.6037479111959896,3.5611218830561686
2020-09-19 15:00:00,2,-64.35,-62.07206496365931,3.6037479111959896,3.505673861815783
2020-09-19 15:00:00,4,-68.2,-61.79765207471276,3.6037479111959896,3.4934072923438833
2020-09-19 15:00:00,8,-57.3,-60.502855597118966,3.6,3.5787190888963494
2020-09-19 18:00:00,1,-64.35,-65.88002797445773,3.6037479111959896,3.430591224755996
2020-09-19 18:00:00,2,-66.275,-65.23186096110481,3.6037479111959896,3.323229855680047
2020-09-19 18:00:00,4,-64.3,-63.565819143550826,3.6037479111959896,3.348725263556316
2020-09-19 18:00:00,8,-52.9,-62.259896689673866,4.9,3.475508580992412
2020-09-19 21:00:00,1,-66.275,-66.96289196793101,3.6037479111959896,3.5262929944045283
2020-09-19 21:00:00,2,-68.2,-66.29599913385542,3.6037479111959896,3.435249953789601
2020-09-19 21:00:00,4,-61.96666666666666,-64.68653249501578,3.6037479111959896,3.474429407608541
2020-09-19 21:00:00,8,-51.8,-62.9739434315223,5.6,3.6145251361352164
2020-09-20 00:00:00,1,-68.2,-66.57212681515749,3.6037479111959896,3.7286664368558617
2020-09-20 00:00:00,2,-64.3,-65.7207453796596,3.6037479111959896,3.617829113201592
2020-09-20 00:00:00,4,-59.63333333333333,-63.79310190125719,3.6037479111959896,3.666793282982265
2020-09-20 00:00:00,8,-50.7,-62.54443910203481,5.3,3.708540595729894
2020-09-20 03:00:00,1,-64.3,-65.68763259517432,3.6037479111959896,3.483051064244251
2020-09-20 03:00:00,2,-61.96666666666666,-64.77262804028071,3.6037479111959896,3.464127566072388
2020-09-20 03:00:00,4,-57.3,-63.0215065838573,3.6,3.5851427252325623
2020-09-20 03:00:00,8,-49.6,-61.6975211701682,5.7,3.668545983300681
2020-09-20 06:00:00,1,-61.96666666666666,-61.23311649323993,3.6037479111959896,3.644305865297669
2020-09-20 06:00:00,2,-59.63333333333333,-60.58632491627638,3.6037479111959896,3.658765159710648
2020-09-20 06:00:00,4,-52.9,-59.92067926941398,4.9,3.7314120918589855
2020-09-20 06:00:00,8,-47.7,-59.370454278598864,5.4,3.747162600603206
2020-09-20 09:00:00,1,-59.63333333333333,-58.42741683144794,3.6037479111959896,3.500558992141072
2020-09-20 09:00:00,2,-57.3,-58.28272726369549,3.6,3.5205722077585
2020-09-20 09:00:00,4,-51.8,-58.47224171977153,5.6,3.567398369080065
2020-09-20 09:00:00,8,-45.25,-57.652720117537825,4.5,3.653066954152496
2020-09-20 12:00:00,1,-57.3,-57.68592764790326,3.6,3.5734227907112848
2020-09-20 12:00:00,2,-52.9,-57.96469668583362,4.9,3.5312438912563557
2020-09-20 12:00:00,4,-50.7,-58.347780937806306,5.3,3.533767871025649
2020-09-20 12:00:00,8,-42.8,-55.9478187996046,7.4,3.71058109161339
2020-09-20 15:00:00,1,-52.9,-58.09441352251882,4.9,3.5718031908429535
2020-09-20 15:00:00,2,-51.8,-58.184949515383344,5.6,3.5380256291214813
2020-09-20 15:00:00,4,-49.6,-58.551189895218485,5.7,3.4832545872960177
2020-09-20 15:00:00,8,-46.2,-57.067211833005906,6.7,3.5949210427750624
2020-09-20 18:00:00,1,-51.8,-53.10656453044186,5.6,5.097743025102902
2020-09-20 18:00:00,2,-50.7,-53.33313610864006,5.3,4.908273141418185
2020-09-20 18:00:00,4,-47.7,-53.845533806806316,5.4,4.643097907851877
2020-09-20 18:00:00,8,-47.6,-54.084784536264955,4.9,4.278467991816213
2020-09-20 21:00:00,1,-50.7,-50.14240999439499,5.3,5.948327656502649
2020-09-20 21:00:00,2,-49.6,-50.3951554372031,5.7,5.729642697240768
2020-09-20 21:00:00,4,-45.25,-50.24734285791074,4.5,5.38372901058394
2020-09-20 21:00:00,8,-48.8,-50.71046108032187,4.6,4.7657049503945705
2020-09-21 00:00:00,1,-49.6,-48.2029713744152,5.7,5.367598169136483
2020-09-21 00:00:00,2,-47.7,-48.12059685651166,5.4,5.2195991065082925
2020-09-21 00:00:00,4,-42.8,-47.09626168018633,7.4,5.014004566514709
2020-09-21 00:00:00,8,-50.9,-48.27743407095069,2.9,4.568494579042836
2020-09-21 03:00:00,1,-47.7,-47.34445589836766,5.4,5.867221934148159
2020-09-21 03:00:00,2,-45.25,-47.270395241384435,4.5,5.6516135481341045
2020-09-21 03:00:00,4,-46.2,-47.23355458477837,6.7,5.193250842668436
2020-09-21 03:00:00,8,-53.7,-48.55237832937715,2.6,4.695576249435748
2020-09-21 06:00:00,1,-45.25,-46.90964796109488,4.5,5.433041840892646
2020-09-21 06:00:00,2,-42.8,-47.07410519400113,7.4,5.200756614989926
2020-09-21 06:00:00,4,-47.6,-47.7873928880569,4.9,4.759634876708626
2020-09-21 06:00:00,8,-53.1,-48.036889411777146,2.6,4.551006526235757
2020-09-21 09:00:00,1,-42.8,-44.98244434854668,7.4,4.213997626265696
2020-09-21 09:00:00,2,-46.2,-45.81695669437238,6.7,4.0606688403769695
2020-09-21 09:00:00,4,-48.8,-47.911210983139306,4.6,3.8896124608611315
2020-09-21 09:00:00,8,-51.7,-46.62694606851217,0.8000000000000003,4.167258346812788
2020-09-21 12:00:00,1,-46.2,-44.75957177739836,6.7,6.9723095557546735
2020-09-21 12:00:00,2,-47.6,-45.78687217554686,4.9,6.426396853363766
2020-09-21 12:00:00,4,-50.9,-49.07371951626611,2.9,5.441476237125473
2020-09-21 12:00:00,8,-49.6,-46.46754963455767,1.1999999999999997,5.388075030207576
2020-09-21 15:00:00,1,-47.6,-48.1908738025474,4.9,5.809247563723857
2020-09-21 15:00:00,2,-48.8,-49.61138905683446,4.6,5.412339115622631
2020-09-21 15:00:00,4,-53.7,-51.089099841188016,2.6,4.948575717763102
2020-09-21 15:00:00,8,-52.0,-47.96250056659311,1.9,4.951266466331183
2020-09-21 18:00:00,1,-48.8,-49.317696281904155,4.6,4.626600330342054
2020-09-21 18:00:00,2,-50.9,-49.28001444039259,2.9,4.55702562584848
2020-09-21 18:00:00,4,-53.1,-47.84464533770158,2.6,4.593144595777956
2020-09-21 18:00:00,8,-54.2,-48.91713916042991,1.5999999999999999,4.217309608021133
2020-09-21 21:00:00,1,-50.9,-48.76053034480462,2.9,4.153069052361398
2020-09-21 21:00:00,2,-53.7,-48.49068435138138,2.6,4.1077427571557585
2020-09-21 21:00:00,4,-51.7,-46.87587843995747,0.8000000000000003,4.192202477551981
2020-09-21 21:00:00,8,-55.6,-48.27063038010482,1.9,3.9576856429813017
2020-09-22 00:00:00,1,-53.7,-49.00084696541492,2.6,3.04993652107166
2020-09-22 00:00:00,2,-53.1,-48.17991930549979,2.6,3.1605090968001277
2020-09-22 00:00:00,4,-49.6,-46.327451819612676,1.1999999999999997,3.4810640484815094
2020-09-22 00:00:00,8,-55.4,-49.50384275610377,3.8,3.4752817303705252
2020-09-22 03:00:00,1,-53.1,-52.443957416378325,2.6,2.799903573181325
2020-09-22 03:00:00,2,-51.7,-51.644147685503036,0.8000000000000003,2.9641873592395243
2020-09-22 03:00:00,4,-52.0,-49.928087428366354,1.9,3.305896697938565
2020-09-22 03:00:00,8,-54.2,-51.676669028738395,2.4,3.429308488330238
2020-09-22 06:00:00,1,-51.7,-52.72937956044771,0.8000000000000003,2.7146142444113948
2020-09-22 06:00:00,2,-49.6,-52.24678831275625,1.1999999999999997,2.866970150655757
2020-09-22 06:00:00,4,-54.2,-51.21455671577152,1.5999999999999999,3.1871930910291506
2020-09-22 06:00:00,8,-55.2,-52.44854182908195,3.5,3.321083132707244
2020-09-22 09:00:00,1,-49.6,-52.40480197021755,1.1999999999999997,1.7353992052434108
2020-09-22 09:00:00,2,-52.0,-52.59820825742084,1.9,2.1139156105402677
2020-09-22 09:00:00,4,-55.6,-52.72907631959366,1.9,2.7066039567333897
2020-09-22 09:00:00,8,-55.5,-51.4393922018037,2.9,3.1289055446434784
2020-09-22 12:00:00,1,-52.0,-50.47092890516413,1.9,2.2441477559231444
2020-09-22 12:00:00,2,-54.2,-51.1965701290643,1.5999999999999999,2.4734146341930585
2020-09-22 12:00:00,4,-55.4,-52.00988375967668,3.8,2.8677512376836147
2020-09-22 12:00:00,8,-55.800000000000004,-50.16849447185086,3.4,3.1924473662628987
2020-09-22 15:00:00,1,-54.2,-54.224958994502735,1.5999999999999999,2.4356657736043177
2020-09-22 15:00:00,2,-55.6,-54.73225689660117,1.9,2.5012751644186135
2020-09-22 15:00:00,4,-54.2,-54.362449316365954,2.4,2.785980772890986
2020-09-22 15:00:00,8,-56.1,-51.91610699839173,4.0,3.128634251668003
2020-09-22 18:00:00,1,-55.6,-56.08477847248889,1.9,2.026488036703018
2020-09-22 18:00:00,2,-55.4,-55.67277367103957,3.8,2.2293829769819142
2020-09-22 18:00:00,4,-55.2,-54.424402674718024,3.5,2.652618680779848
2020-09-22 18:00:00,8,-56.400000000000006,-54.37543058269764,3.6,2.959496998020837
2020-09-22 21:00:00,1,-55.4,-55.46110669153378,3.8,2.0403397612197116
2020-09-22 21:00:00,2,-54.2,-54.91104849669778,2.4,2.2459010294332833
2020-09-22 21:00:00,4,-55.5,-53.573855219115735,2.9,2.7060840851707155
2020-09-22 21:00:00,8,-56.7,-54.37835221421093,1.8,2.9583080650870412
2020-09-23 00:00:00,1,-54.2,-54.11250301990288,2.4,3.8786677781426717
2020-09-23 00:00:00,2,-55.2,-53.82652077637662,3.5,3.7574670414971725
2020-09-23 00:00:00,4,-55.800000000000004,-53.51091315328053,3.4,3.5950197850468704
2020-09-23 00:00:00,8,-54.9,-55.798738138570336,5.7,3.4801346914179687
2020-09-23 03:00:00,1,-55.2,-50.65630102092505,3.5,2.2991749078084456
2020-09-23 03:00:00,2,-55.5,-50.47749573130963,2.9,2.561923114319388
2020-09-23 03:00:00,4,-56.1,-50.63730213032727,4.0,2.963071048364022
2020-09-23 03:00:00,8,-53.7,-52.64278772509481,5.5,3.073736187890726
2020-09-23 06:00:00,1,-55.5,-54.52142587836869,2.9,3.2075020735756206
2020-09-23 06:00:00,2,-55.800000000000004,-54.3338522718337,3.4,3.2170171628168864
2020-09-23 06:00:00,4,-56.400000000000006,-54.330008399053575,3.6,3.2504029679907838
2020-09-23 06:00:00,8,-50.4,-55.60176649725076,5.5,3.304514612724175
2020-09-23 09:00:00,1,-55.800000000000004,-55.58816307831445,3.4,2.5833541929787502
2020-09-23 09:00:00,2,-56.1,-55.53433877237884,4.0,2.688510986707999
2020-09-23 09:00:00,4,-56.7,-54.94154586259041,1.8,2.958707699688297
2020-09-23 09:00:00,8,-48.45,-54.388580986636654,4.3,3.2134106404960945
2020-09-23 12:00:00,1,-56.1,-55.56502130702582,4.0,2.814285726652427
2020-09-23 12:00:00,2,-56.400000000000006,-55.7503510933536,3.6,2.7842169419891123
2020-09-23 12:00:00,4,-54.9,-54.6166429661634,5.7,2.9806557173015182
2020-09-23 12:00:00,8,-46.5,-52.645285341775654,4.9,3.259529139983009
2020-09-23 15:00:00,1,-56.400000000000006,-56.76335819286815,3.6,3.5693620739352365
2020-09-23 15:00:00,2,-56.7,-57.23683289650543,1.8,3.3968064914729665
2020-09-23 15:00:00,4,-53.7,-56.719053866509626,5.5,3.3586930142982303
2020-09-23 15:00:00,8,-47.1,-54.22215480465076,6.8,3.5313651113082294
2020-09-23 18:00:00,1,-56.7,-58.0396014097263,1.8,3.3969413514883406
2020-09-23 18:00:00,2,-54.9,-57.79878980493607,5.7,3.2619767219601594
2020-09-23 18:00:00,4,-50.4,-56.00736604490151,5.5,3.3043841382919843
2020-09-23 18:00:00,8,-48.5,-55.099279020010144,4.3,3.4210348123905177
2020-09-23 21:00:00,1,-54.9,-56.05562159868763,5.7,2.3554520975312165
2020-09-23 21:00:00,2,-53.7,-55.27454088575815,5.5,2.5849712867995485
2020-09-23 21:00:00,4,-48.45,-53.739943846387945,4.3,3.0679114935823635
2020-09-23 21:00:00,8,-49.9,-54.95937123720119,5.5,3.2876210797041545
2020-09-24 00:00:00,1,-53.7,-51.6299900211804,5.5,5.711595955794335
2020-09-24 00:00:00,2,-50.4,-51.04062525510103,5.5,5.515871510669124
2020-09-24 00:00:00,4,-46.5,-51.60140594566595,4.9,4.958765093751197
2020-09-24 00:00:00,8,-51.3,-54.55125083671267,5.3,4.348765504402465
2020-09-24 03:00:00,1,-50.4,-51.76642012583725,5.5,5.229687494112827
2020-09-24 03:00:00,2,-48.45,-51.46019828900893,4.3,5.05533419578683
2020-09-24 03:00:00,4,-47.1,-52.59312877047467,6.8,4.5609126655324745
2020-09-24 03:00:00,8,-53.1,-54.791383369320094,5.0,4.171060874042748
2020-09-24 06:00:00,1,-48.45,-50.100961553834445,4.3,5.5624464573880665
2020-09-24 06:00:00,2,-46.5,-50.037967431802734,4.9,5.365790295782223
2020-09-24 06:00:00,4,-48.5,-51.01570618799602,4.3,4.8521751074339345
2020-09-24 06:00:00,8,-54.8,-52.48817010401722,4.3,4.367427453858142
2020-09-24 09:00:00,1,-46.5,-47.60985243792893,4.9,4.392984446519528
2020-09-24 09:00:00,2,-47.1,-48.36312361390791,6.8,4.248991114252103
2020-09-24 09:00:00,4,-49.9,-50.17082511242734,5.5,4.055593880842224
2020-09-24 09:00:00,8,-53.2,-49.12595151501446,4.7,4.122825164291743
2020-09-24 12:00:00,1,-47.1,-47.162214179281804,6.8,4.358491634838097
2020-09-24 12:00:00,2,-48.5,-48.27983369949693,4.3,4.128976337941465
2020-09-24 12:00:00,4,-51.3,-50.738979410121004,5.3,3.8064282653389903
2020-09-24 12:00:00,8,-52.8,-48.34611690854669,3.8,4.092031758650301
2020-09-24 15:00:00,1,-48.5,-49.1230976105942,4.3,6.407825868101517
2020-09-24 15:00:00,2,-49.9,-50.222249969941956,5.5,5.967702709781834
2020-09-24 15:00:00,4,-53.1,-52.0082750610919,5.0,5.31077636729667
2020-09-24 15:00:00,8,-53.7,-49.86085784126661,3.7,5.092698618019993
2020-09-24 18:00:00,1,-49.9,-51.23169815481781,5.5,3.9664054087119163
2020-09-24 18:00:00,2,-51.3,-51.56500011140717,5.3,3.834274585741832
2020-09-24 18:00:00,4,-54.8,-50.7839300258673,4.3,3.875576648491091
2020-09-24 18:00:00,8,-56.0,-49.96596416539563,3.4,3.95621571280286
2020-09-24 21:00:00,1,-51.3,-51.47527423184296,5.3,4.584104589164735
2020-09-24 21:00:00,2,-53.1,-50.938308170428435,5.0,4.490523655551192
2020-09-24 21:00:00,4,-53.2,-49.45293323692204,4.7,4.4148741851975695
2020-09-24 21:00:00,8,-58.300000000000004,-51.04822582004152,4.6,4.111256182476712
2020-09-25 00:00:00,1,-53.1,-51.17863848055753,5.0,5.355600173311885
2020-09-25 00:00:00,2,-54.8,-50.731232763604844,4.3,5.251874012802955
2020-09-25 00:00:00,4,-52.8,-49.446325882595865,3.8,5.038622271232703
2020-09-25 00:00:00,8,-60.6,-51.72399693750025,4.2,4.480280746122182
2020-09-25 03:00:00,1,-54.8,-51.774756502413496,4.3,4.983365416096941
2020-09-25 03:00:00,2,-53.2,-51.282715839210624,4.7,4.869581687036115
2020-09-25 03:00:00,4,-53.7,-50.305678941043944,3.7,4.636046210015284
2020-09-25 03:00:00,8,-61.1,-52.47224694208191,2.2,4.272364966271219
2020-09-25 06:00:00,1,-53.2,-53.45956683037379,4.7,3.954828055631722
2020-09-25 06:00:00,2,-52.8,-53.386837208906435,3.8,3.8517592260586535
2020-09-25 06:00:00,4,-56.0,-52.630735905039856,3.4,3.7946840201571375
2020-09-25 06:00:00,8,-59.7,-53.28683023053211,4.4,3.8064145620577996
2020-09-25 09:00:00,1,-52.8,-50.94799026272821,3.8,4.689196172337968
2020-09-25 09:00:00,2,-53.7,-52.181935388233704,3.7,4.350876289587243
2020-09-25 09:00:00,4,-58.300000000000004,-54.42200772942821,4.6,3.8721032132903437
2020-09-25 09:00:00,8,-57.5,-51.969059498129795,4.0,4.138612517266713
2020-09-25 12:00:00,1,-53.7,-51.09645651654349,3.7,3.6848845734226066
2020-09-25 12:00:00,2,-56.0,-52.72917885589076,3.4,3.483824446508949
2020-09-25 12:00:00,4,-60.6,-54.44502053103969,4.2,3.320489972584273
2020-09-25 12:00:00,8,-56.1,-49.89826012839416,3.3,3.7057536176025576
2020-09-25 15:00:00,1,-56.0,-53.73891316972216,3.4,3.2788828385380047
2020-09-25 15:00:00,2,-58.300000000000004,-54.655745455501425,4.6,3.156814169653601
2020-09-25 15:00:00,4,-61.1,-54.4896476418416,2.2,3.1853134220790817
2020-09-25 15:00:00,8,-56.5,-51.233789679128336,3.2,3.472051901652031
2020-09-25 18:00:00,1,-58.300000000000004,-57.55813959236754,4.6,3.2595434031258823
2020-09-25 18:00:00,2,-60.6,-57.38591463829118,4.2,3.124000196538565
2020-09-25 18:00:00,4,-59.7,-54.481882442424954,4.4,3.251695155414951
2020-09-25 18:00:00,8,-57.6,-52.39561914007233,0.8000000000000003,3.493750100984327
2020-09-25 21:00:00,1,-60.6,-59.84447260023289,4.2,4.26920030811862
2020-09-25 21:00:00,2,-61.1,-59.15172674964436,2.2,4.094024013118789
2020-09-25 21:00:00,4,-57.5,-56.41917559058262,4.0,4.095491170648896
2020-09-25 21:00:00,8,-58.699999999999996,-57.31925748922776,0.0,3.8194365715604652
2020-09-26 00:00:00,1,-61.1,-58.34087169356544,2.2,3.923965227141603
2020-09-26 00:00:00,2,-59.7,-57.385280597420234,4.4,3.8346000520001464
2020-09-26 00:00:00,4,-56.1,-54.36171026247575,3.3,3.9335368357527596
2020-09-26 00:00:00,8,-59.8,-55.60760255526744,1.1,3.7480580460448123
2020-09-26 03:00:00,1,-59.7,-56.1361098450001,4.4,2.30345257098661
2020-09-26 03:00:00,2,-57.5,-55.025482786890144,4.0,2.6204571331459285
2020-09-26 03:00:00,4,-56.5,-52.477425587976796,3.2,3.2530654035537596
2020-09-26 03:00:00,8,-59.7,-53.244188460207354,2.1999999999999997,3.5381394909912367
2020-09-26 06:00:00,1,-57.5,-57.165205011113976,4.0,4.2469925680047025
2020-09-26 06:00:00,2,-56.1,-56.928734424786775,3.3,4.067961225417042
2020-09-26 06:00:00,4,-57.6,-57.42668094453971,0.8000000000000003,3.823947377139429
2020-09-26 06:00:00,8,-57.55,-58.50589091724366,3.3,3.7496710208832296
2020-09-26 09:00:00,1,-56.1,-55.158652624568546,3.3,3.9857444442228367
2020-09-26 09:00:00,2,-56.5,-56.460860895843524,3.2,3.736174635244644
2020-09-26 09:00:00,4,-58.699999999999996,-58.43762020621378,0.0,3.4178827911159035
2020-09-26 09:00:00,8,-55.4,-55.01298137421761,3.1,3.722370685591556
2020-09-26 12:00:00,1,-56.5,-55.245820635556655,3.2,3.163873652233595
2020-09-26 12:00:00,2,-57.6,-56.35079284164883,0.8000000000000003,3.0864652564328448
2020-09-26 12:00:00,4,-59.8,-57.67400227577201,1.1,3.0098346951301753
2020-09-26 12:00:00,8,-56.75,-53.711872857640806,3.5,3.372487073061587
2020-09-26 15:00:00,1,-57.6,-56.87638354337513,0.8000000000000003,2.922168620216019
2020-09-26 15:00:00,2,-58.699999999999996,-57.53117196082352,0.0,2.8775040815195436
2020-09-26 15:00:00,4,-59.7,-57.649222085232765,2.1999999999999997,2.8951325796287852
2020-09-26 15:00:00,8,-58.1,-54.33369268086447,4.633333333333334,3.23783231364484
2020-09-26 18:00:00,1,-58.699999999999996,-60.24013067522757,0.0,1.6610704752597822
2020-09-26 18:00:00,2,-59.8,-59.52084733218589,1.1,1.9897206936246064
2020-09-26 18:00:00,4,-57.55,-57.234887183582714,3.3,2.6064885308379138
2020-09-26 18:00:00,8,-56.3,-55.86016445044843,5.7666666666666675,3.0730484644635085
2020-09-26 21:00:00,1,-59.8,-59.114579159616675,1.1,1.473595512051567
2020-09-26 21:00:00,2,-59.7,-57.87832735019261,2.1999999999999997,1.9179342688828553
2020-09-26 21:00:00,4,-55.4,-55.10431946480894,3.1,2.775482299933781
2020-09-26 21:00:00,8,-55.3,-55.20959564704629,6.9,3.185307503541291
2020-09-27 00:00:00,1,-59.7,-57.237104525378555,2.1999999999999997,1.8412405765104214
2020-09-27 00:00:00,2,-57.55,-56.44751613676253,3.3,2.2122601672727145
2020-09-27 00:00:00,4,-56.75,-54.99284048955114,3.5,2.9169919791356302
2020-09-27 00:00:00,8,-56.7,-56.09359200084557,5.85,3.163207043589846
2020-09-27 03:00:00,1,-57.55,-56.46717356526491,3.3,3.0713433923782576
2020-09-27 03:00:00,2,-55.4,-55.85868598241753,3.1,3.144773624341104
2020-09-27 03:00:00,4,-58.1,-55.283210674167385,4.633333333333334,3.3752785167523465
2020-09-27 03:00:00,8,-57.6,-57.23915903395073,4.8,3.396434010163331
2020-09-27 06:00:00,1,-55.4,-54.61189090188574,3.1,3.4237946638863144
2020-09-27 06:00:00,2,-56.75,-54.50510923283038,3.5,3.3740329444782993
2020-09-27 06:00:00,4,-56.3,-54.760769102141886,5.7666666666666675,3.3533384438430063
2020-09-27 06:00:00,8,-56.0,-56.542189966810994,4.8,3.317605911775117
2020-09-27 09:00:00,1,-56.75,-55.13402554048962,3.5,3.1190670153099886
2020-09-27 09:00:00,2,-58.1,-55.63719605266847,4.633333333333334,3.116912347633305
2020-09-27 09:00:00,4,-55.3,-56.88363826784056,6.9,3.1142894756292527
2020-09-27 09:00:00,8,-53.7,-56.05238618899332,5.7,3.2997654127086253
2020-09-27 12:00:00,1,-58.1,-58.855688023491545,4.633333333333334,3.19648335581462
2020-09-27 12:00:00,2,-56.3,-59.182643447113,5.7666666666666675,3.1241227795870357
2020-09-27 12:00:00,4,-56.7,-59.27133495744386,5.85,3.0849170522591205
2020-09-27 12:00:00,8,-52.2,-56.75960582371371,6.2,3.359599856924095
2020-09-27 15:00:00,1,-56.3,-58.49344858565229,5.7666666666666675,4.944368863757782
2020-09-27 15:00:00,2,-55.3,-58.58524329374585,6.9,4.773159108800915
2020-09-27 15:00:00,4,-57.6,-58.93716227540843,4.8,4.520448209180964
2020-09-27 15:00:00,8,-53.1,-58.478635445554254,6.6,4.237401817456008
2020-09-27 18:00:00,1,-55.3,-55.82363793227387,6.9,6.066474680919039
2020-09-27 18:00:00,2,-56.7,-55.941538912978245,5.85,5.800107635130281
2020-09-27 18:00:00,4,-56.0,-56.828358549905715,4.8,5.2657068619829115
2020-09-27 18:00:00,8,-55.3,-57.79236149510584,1.9,4.548204551813344
2020-09-27 21:00:00,1,-56.7,-55.71668604485969,5.85,6.861240249413091
2020-09-27 21:00:00,2,-57.6,-55.852407536793166,4.8,6.555832608832787
2020-09-27 21:00:00,4,-53.7,-56.485380265024496,5.7,5.887550565173689
2020-09-27 21:00:00,8,-56.3,-57.61608408321283,4.5,4.834276809313706
2020-09-28 00:00:00,1,-57.6,-56.67043409947321,4.8,5.922710731981114
2020-09-28 00:00:00,2,-56.0,-56.68819264761719,4.8,5.672027704696715
2020-09-28 00:00:00,4,-52.2,-57.06067004426979,6.2,5.195889550760089
2020-09-28 00:00:00,8,-58.1,-58.33799077035807,5.05,4.407051264562768
2020-09-28 03:00:00,1,-56.0,-56.7721389384298,4.8,4.132582700301776
2020-09-28 03:00:00,2,-53.7,-56.6156288314401,5.7,3.9805923037560937
2020-09-28 03:00:00,4,-53.1,-56.59092537425626,6.6,3.819884274286208
2020-09-28 03:00:00,8,-58.2,-57.78692999839488,5.6,3.6901576840029717
2020-09-28 06:00:00,1,-53.7,-55.15534732627823,5.7,4.447097477577087
2020-09-28 06:00:00,2,-52.2,-55.25217473378495,6.2,4.282076433662775
2020-09-28 06:00:00,4,-55.3,-56.333277102338386,1.9,3.9761000269328255
2020-09-28 06:00:00,8,-58.2,-57.595347704478364,4.8,3.79362504178397
2020-09-28 09:00:00,1,-52.2,-54.211551371710385,6.2,5.515292667009186
2020-09-28 09:00:00,2,-53.1,-54.61201464793072,6.6,5.2313942724432065
2020-09-28 09:00:00,4,-56.3,-56.36927189078253,4.5,4.639371255209987
2020-09-28 09:00:00,8,-55.0,-56.88979819105212,6.0,4.29855486923506
2020-09-28 12:00:00,1,-53.1,-53.555512524794345,6.6,5.674545909226149
2020-09-28 12:00:00,2,-55.3,-54.44996244732814,1.9,5.301230139081804
2020-09-28 12:00:00,4,-58.1,-56.50157820802475,5.05,4.687472758117583
2020-09-28 12:00:00,8,-54.4,-55.03996341578142,5.2,4.519310463601032
2020-09-28 15:00:00,1,-55.3,-55.223320830649854,1.9,5.900268489802311
2020-09-28 15:00:00,2,-56.3,-55.96126695057761,4.5,5.5536951261225695
2020-09-28 15:00:00,4,-58.2,-57.345896932570966,5.6,5.003869683730415
2020-09-28 15:00:00,8,-54.2,-56.44291465719172,4.0,4.5608126369118
2020-09-28 18:00:00,1,-56.3,-56.10398991087863,4.5,2.7993533091272944
2020-09-28 18:00:00,2,-58.1,-55.54250276909329,5.05,2.941999347584909
2020-09-28 18:00:00,4,-58.2,-54.94454674921257,4.8,3.2731105846072723
2020-09-28 18:00:00,8,-57.666666666666664,-56.671466217140974,4.0,3.4499685841321135
2020-09-28 21:00:00,1,-58.1,-57.46976077946621,5.05,3.736205227686601
2020-09-28 21:00:00,2,-58.2,-56.64608116602086,5.6,3.686408890164528
2020-09-28 21:00:00,4,-55.0,-55.32468919564425,6.0,3.746563721893046
2020-09-28 21:00:00,8,-61.13333333333333,-57.29619353204602,0.0,3.580767779421978
2020-09-29 00:00:00,1,-58.2,-56.90650877050656,5.6,5.3186146441376305
2020-09-29 00:00:00,2,-58.2,-56.64540389509054,4.8,5.085471923417379
2020-09-29 00:00:00,4,-54.4,-57.14199911523726,5.2,4.686582738002285
2020-09-29 00:00:00,8,-64.6,-59.16089440423749,3.6037479111959896,4.204855404905228
2020-09-29 03:00:00,1,-58.2,-56.39412773392569,4.8,5.588954041866822
2020-09-29 03:00:00,2,-55.0,-56.3565741415903,6.0,5.344276890795397
2020-09-29 03:00:00,4,-54.2,-57.06436981685198,4.0,4.876800276974367
2020-09-29 03:00:00,8,-64.5,-58.54559592553434,3.6037479111959896,4.295532042708791
2020-09-29 06:00:00,1,-55.0,-56.864864173551574,6.0,4.648563544200953
2020-09-29 06:00:00,2,-54.4,-57.08460904990355,5.2,4.412667210443657
2020-09-29 06:00:00,4,-57.666666666666664,-57.91252232716445,4.0,4.057748495198747
2020-09-29 06:00:00,8,-53.29175178959221,-57.85045981291244,3.6037479111959896,3.9585193570073502
2020-09-29 09:00:00,1,-54.4,-53.34038587966119,5.2,5.887028454164284
2020-09-29 09:00:00,2,-54.2,-54.40179623566475,4.0,5.44715014202058
2020-09-29 09:00:00,4,-61.13333333333333,-57.312885018224236,0.0,4.628770034303934
2020-09-29 09:00:00,8,-53.29175178959221,-55.67873221422451,3.6037479111959896,4.580432109805683
2020-09-29 12:00:00,1,-54.2,-52.71013804114165,4.0,4.864628030865993
2020-09-29 12:00:00,2,-57.666666666666664,-54.68201888434186,4.0,4.4264897155125205
2020-09-29 12:00:00,4,-64.6,-57.66369370786167,3.6037479111959896,3.834195165363104
2020-09-29 12:00:00,8,-53.29175178959221,-52.78465653147253,3.6037479111959896,4.18977401085229
2020-09-29 15:00:00,1,-57.666666666666664,-54.00408653410186,4.0,3.545979690690477
2020-09-29 15:00:00,2,-61.13333333333333,-55.10230764592041,0.0,3.3630369144454955
2020-09-29 15:00:00,4,-64.5,-56.10465709479511,3.6037479111959896,3.201407952497392
2020-09-29 15:00:00,8,-53.29175178959221,-53.0809480183788,3.6037479111959896,3.4746480202656653
2020-09-29 18:00:00,1,-61.13333333333333,-61.51442169465409,0.0,3.2830493558420777
2020-09-29 18:00:00,2,-64.6,-61.040446603079445,3.6037479111959896,3.1219234829362024
2020-09-29 18:00:00,4,-53.29175178959221,-58.451900535829914,3.6037479111959896,3.127221800622337
2020-09-29 18:00:00,8,-53.29175178959221,-57.18117239379753,3.6037479111959896,3.301218280435779
2020-09-29 21:00:00,1,-64.6,-62.61568296039874,3.6037479111959896,1.3305302704938762
2020-09-29 21:00:00,2,-64.5,-61.05805924977301,3.6037479111959896,1.7936529733075497
2020-09-29 21:00:00,4,-53.29175178959221,-57.84924576874477,3.6037479111959896,2.7341083082883126
2020-09-29 21:00:00,8,-53.29175178959221,-57.512392462777115,3.6037479111959896,3.28797205965916
2020-09-30 00:00:00,1,-64.5,-62.25274643785194,3.6037479111959896,3.4840654269733085
2020-09-30 00:00:00,2,-53.29175178959221,-61.434561364954156,3.6037479111959896,3.4626716324360185
2020-09-30 00:00:00,4,-53.29175178959221,-60.15060338374864,3.6037479111959896,3.5167120147752033
2020-09-30 00:00:00,8,-53.29175178959221,-60.05064900194656,3.6037479111959896,3.56920341646583
2020-09-30 03:00:00,1,-53.29175178959221,-60.21087401203923,3.6037479111959896,3.371094563755864
2020-09-30 03:00:00,2,-53.29175178959221,-59.395663167226985,3.6037479111959896,3.412395920012999
2020-09-30 03:00:00,4,-53.29175178959221,-58.56489814704879,3.6037479111959896,3.515010608450971
2020-09-30 03:00:00,8,-62.0,-59.29863834244909,3.6037479111959896,3.5184792981574544
2020-09-30 06:00:00,1,-53.29175178959221,-57.13770709084153,3.6037479111959896,3.962879399833138
2020-09-30 06:00:00,2,-53.29175178959221,-57.02045095852295,3.6037479111959896,3.7852097474985618
2020-09-30 06:00:00,4,-53.29175178959221,-57.299693005353056,3.6037479111959896,3.6068109652998044
2020-09-30 06:00:00,8,-59.9,-58.755668796600396,3.6037479111959896,3.5503255936762623
2020-09-30 09:00:00,1,-53.29175178959221,-57.82857675685284,3.6037479111959896,3.667801140651769
2020-09-30 09:00:00,2,-53.29175178959221,-58.1922164883656,3.6037479111959896,3.5029264605774104
2020-09-30 09:00:00,4,-53.29175178959221,-58.81223677030484,3.6037479111959896,3.334424743250594
2020-09-30 09:00:00,8,-57.8,-58.163396448777036,5.8,3.4976568691276233
2020-09-30 12:00:00,1,-53.29175178959221,-55.843643723004774,3.6037479111959896,3.238313021549793
2020-09-30 12:00:00,2,-53.29175178959221,-56.62728329519922,3.6037479111959896,3.0979202397452092
2020-09-30 12:00:00,4,-53.29175178959221,-57.27059737413592,3.6037479111959896,3.056012513295395
2020-09-30 12:00:00,8,-55.7,-54.81228330177923,5.9,3.3508906219251346
2020-09-30 15:00:00,1,-53.29175178959221,-55.97567192686497,3.6037479111959896,3.181374128638018
2020-09-30 15:00:00,2,-53.29175178959221,-56.609409827147374,3.6037479111959896,3.023411394260174
2020-09-30 15:00:00,4,-62.0,-56.52058358313144,3.6037479111959896,3.017969112141299
2020-09-30 15:00:00,8,-53.6,-54.124438839298485,2.9,3.2949679046278666
2020-09-30 18:00:00,1,-53.29175178959221,-56.71594814699346,3.6037479111959896,3.3951343845768056
2020-09-30 18:00:00,2,-53.29175178959221,-56.85419427439489,3.6037479111959896,3.2323685168412943
2020-09-30 18:00:00,4,-59.9,-56.12298519897146,3.6037479111959896,3.2115686422392593
2020-09-30 18:00:00,8,-56.05,-55.070531751021534,1.9,3.3986559412222004
2020-09-30 21:00:00,1,-53.29175178959221,-58.91149803015481,3.6037479111959896,3.467875640088668
2020-09-30 21:00:00,2,-62.0,-58.44816725995171,3.6037479111959896,3.3482855855146942
2020-09-30 21:00:00,4,-57.8,-57.961827290642084,5.8,3.2807984186160186
2020-09-30 21:00:00,8,-58.5,-59.32530696608237,0.8999999999999999,3.3007419181238884
2020-10-01 00:00:00,1,-62.0,-57.08292920184603,3.6037479111959896,3.9311633421383103
2020-10-01 00:00:00,2,-59.9,-56.586841574646556,3.6037479111959896,3.833680039294694
2020-10-01 00:00:00,4,-55.7,-56.58525250971374,5.9,3.708632786287008
2020-10-01 00:00:00,8,-59.6,-58.4951010546722,3.7,3.593685194765245
2020-10-01 03:00:00,1,-59.9,-59.96536690229903,3.6037479111959896,3.330082082797055
2020-10-01 03:00:00,2,-57.8,-59.60663450302721,5.8,3.324483572608576
2020-10-01 03:00:00,4,-53.6,-59.4172162338333,2.9,3.3445926312140974
2020-10-01 03:00:00,8,-60.5,-59.6269915379906,3.9,3.4560303398730556
2020-10-01 06:00:00,1,-57.8,-58.62416367645873,5.8,3.780204957294737
2020-10-01 06:00:00,2,-55.7,-58.21895500059489,5.9,3.701246184523731
2020-10-01 06:00:00,4,-56.05,-57.926585065481696,1.9,3.6727461456258865
2020-10-01 06:00:00,8,-53.29175178959221,-58.626648684372256,2.9,3.631197523790499
2020-10-01 09:00:00,1,-55.7,-53.43169460983719,5.9,5.396140877492587
2020-10-01 09:00:00,2,-53.6,-53.934145971965684,2.9,5.136433946283368
2020-10-01 09:00:00,4,-58.5,-55.49132666454537,0.8999999999999999,4.640464851697213
2020-10-01 09:00:00,8,-53.29175178959221,-55.403362860214116,1.6999999999999997,4.324065473357008
2020-10-01 12:00:00,1,-53.6,-52.531478743039266,2.9,5.499535706525572
2020-10-01 12:00:00,2,-56.05,-53.63032331337049,1.9,5.1273833822784125
2020-10-01 12:00:00,4,-59.6,-55.72414178910125,3.7,4.577694012935278
2020-10-01 12:00:00,8,-53.29175178959221,-53.46996879322492,1.4,4.502880922615718
2020-10-01 15:00:00,1,-56.05,-53.531360250867635,1.9,3.2620111667836964
2020-10-01 15:00:00,2,-58.5,-53.691842389751,0.8999999999999999,3.2815612168289023
2020-10-01 15:00:00,4,-60.5,-54.14351212162345,3.9,3.3689912433935243
2020-10-01 15:00:00,8,-53.29175178959221,-53.67309648506324,3.7,3.5325805710217617
2020-10-01 18:00:00,1,-58.5,-59.47307091155793,0.8999999999999999,2.320570261960424
2020-10-01 18:00:00,2,-59.6,-58.46843495279238,3.7,2.53529065402527
2020-10-01 18:00:00,4,-53.29175178959221,-56.52405531715038,2.9,3.0269571315982535
2020-10-01 18:00:00,8,-53.29175178959221,-56.94347227253138,3.8,3.3435329730088865
2020-10-01 21:00:00,1,-59.6,-58.840427092028406,3.7,1.9086020677913302
2020-10-01 21:00:00,2,-60.5,-57.90880382155654,3.9,2.2776153275628226
2020-10-01 21:00:00,4,-53.29175178959221,-56.622287701587034,1.6999999999999997,2.9480832845125247
2020-10-01 21:00:00,8,-53.29175178959221,-57.32075757228834,3.1,3.2596750239415195
2020-10-02 00:00:00,1,-60.5,-56.266832861317425,3.9,3.8423620810119146
2020-10-02 00:00:00,2,-53.29175178959221,-55.71015542388892,2.9,3.765402960881635
2020-10-02 00:00:00,4,-53.29175178959221,-55.0501430140146,1.4,3.759119753185034
2020-10-02 00:00:00,8,-59.2,-57.02229111805068,4.0,3.6029044437622493
2020-10-02 03:00:00,1,-53.29175178959221,-56.898603433647416,2.9,3.2333906109935917
2020-10-02 03:00:00,2,-53.29175178959221,-56.72943772677339,1.6999999999999997,3.2159238862506228
2020-10-02 03:00:00,4,-53.29175178959221,-56.89872591881567,3.7,3.2387328111716323
2020-10-02 03:00:00,8,-58.0,-58.325649669155744,0.0,3.245541475717696
2020-10-02 06:00:00,1,-53.29175178959221,-54.979819235414524,1.6999999999999997,3.08351915761721
2020-10-02 06:00:00,2,-53.29175178959221,-54.7827596929742,1.4,3.1324272879094344
2020-10-02 06:00:00,4,-53.29175178959221,-54.689215788602866,3.8,3.2826195420301065
2020-10-02 06:00:00,8,-55.833333333333336,-55.946739489122,1.3000000000000003,3.4020008481766064
2020-10-02 09:00:00,1,-53.29175178959221,-56.16296832064417,1.4,2.1077507336093557
2020-10-02 09:00:00,2,-53.29175178959221,-55.77967080037853,3.7,2.3735120623773973
2020-10-02 09:00:00,4,-53.29175178959221,-55.43715940013865,3.1,2.808426054318925
2020-10-02 09:00:00,8,-53.666666666666664,-56.02134376410197,0.6000000000000001,3.083308862905088
2020-10-02 12:00:00,1,-53.29175178959221,-54.07815547684647,3.7,1.9761634030329474
2020-10-02 12:00:00,2,-53.29175178959221,-54.186314923919404,3.8,2.2519384711811403
2020-10-02 12:00:00,4,-59.2,-53.99189133434995,4.0,2.753730233909568
2020-10-02 12:00:00,8,-51.5,-52.880351041235535,1.5999999999999999,3.0941376542551917
2020-10-02 15:00:00,1,-53.29175178959221,-54.6260642371049,3.8,3.52011134828321
2020-10-02 15:00:00,2,-53.29175178959221,-55.59275158886745,3.1,3.318736885694695
2020-10-02 15:00:00,4,-58.0,-56.17358850523256,0.0,3.1941022107571713
2020-10-02 15:00:00,8,-51.7,-53.45583724706316,1.9,3.416750057631037
2020-10-02 18:00:00,1,-53.29175178959221,-56.52826304293031,3.1,3.2555166646219686
2020-10-02 18:00:00,2,-59.2,-56.868028613898396,4.0,3.139752784769037
2020-10-02 18:00:00,4,-55.833333333333336,-56.50204221066213,1.3000000000000003,3.153009936178512
2020-10-02 18:00:00,8,-53.29175178959221,-55.23770094965307,2.2,3.2789206158715594
2020-10-02 21:00:00,1,-59.2,-55.488976030066425,4.0,3.15918563710196
2020-10-02 21:00:00,2,-58.0,-55.04335841644496,0.0,3.113354559939004
2020-10-02 21:00:00,4,-53.666666666666664,-53.69972944389754,0.6000000000000001,3.2413918875645105
2020-10-02 21:00:00,8,-53.29175178959221,-55.00662259273289,1.3000000000000003,3.304858767698666
2020-10-03 00:00:00,1,-58.0,-54.72868465269416,0.0,3.4824918424032942
2020-10-03 00:00:00,2,-55.833333333333336,-54.2381582123838,1.3000000000000003,3.474086892228979
2020-10-03 00:00:00,4,-51.5,-53.198851250648765,1.5999999999999999,3.562772771861051
2020-10-03 00:00:00,8,-53.29175178959221,-55.4887674450299,3.6037479111959896,3.467028276101589
2020-10-03 03:00:00,1,-55.833333333333336,-55.78967279511775,1.3000000000000003,1.0996215578487964
2020-10-03 03:00:00,2,-53.666666666666664,-55.21668285503162,0.6000000000000001,1.711943240177473
2020-10-03 03:00:00,4,-51.7,-55.250073392648446,1.9,2.654515812082407
2020-10-03 03:00:00,8,-53.29175178959221,-56.51095516815539,3.6037479111959896,3.044030300238238
2020-10-03 06:00:00,1,-53.666666666666664,-52.42149872505925,0.6000000000000001,2.1953092617602383
2020-10-03 06:00:00,2,-51.5,-51.91618972091161,1.5999999999999999,2.516351759657128
2020-10-03 06:00:00,4,-53.29175178959221,-51.381638193407554,2.2,3.033907254529525
2020-10-03 06:00:00,8,-53.29175178959221,-52.74224081833329,3.6037479111959896,3.1890457266579606
2020-10-03 09:00:00,1,-51.5,-53.9824945604421,1.5999999999999999,1.8579973966394987
2020-10-03 09:00:00,2,-51.7,-54.12885641099167,1.9,2.238301093708749
2020-10-03 09:00:00,4,-53.29175178959221,-54.96476292623247,1.3000000000000003,2.77302669327251
2020-10-03 09:00:00,8,-53.29175178959221,-54.53346815178553,3.6037479111959896,3.1068337176181005
2020-10-03 12:00:00,1,-51.7,-52.44762674779369,1.9,2.1782212167955373
2020-10-03 12:00:00,2,-53.29175178959221,-53.27271309439014,2.2,2.3687680610774744
2020-10-03 12:00:00,4,-53.29175178959221,-54.88189144277127,3.6037479111959896,2.6642176285249537
2020-10-03 12:00:00,8,-57.7,-53.271390434698276,3.6037479111959896,2.984599916197327
2020-10-03 15:00:00,1,-53.29175178959221,-54.06001956630912,2.2,2.353181191905135
2020-10-03 15:00:00,2,-53.29175178959221,-54.85054010308058,1.3000000000000003,2.459104676218968
2020-10-03 15:00:00,4,-53.29175178959221,-55.747786109830216,3.6037479111959896,2.706806040140829
2020-10-03 15:00:00,8,-57.9,-54.16716977162072,3.3,3.000439469609206
2020-10-03 18:00:00,1,-53.29175178959221,-56.78255918399354,1.3000000000000003,2.485852094778637
2020-10-03 18:00:00,2,-53.29175178959221,-56.66698938424138,3.6037479111959896,2.559370784887379
2020-10-03 18:00:00,4,-53.29175178959221,-55.3266961511511,3.6037479111959896,2.8387765293889684
2020-10-03 18:00:00,8,-61.1,-55.108614010958135,2.1,3.06898194912003
2020-10-03 21:00:00,1,-53.29175178959221,-56.834977432247726,3.6037479111959896,1.9056824690953518
2020-10-03 21:00:00,2,-53.29175178959221,-56.25581243842925,3.6037479111959896,2.1678755060975186
2020-10-03 21:00:00,4,-53.29175178959221,-55.14284681423193,3.6037479111959896,2.724702525375609
2020-10-03 21:00:00,8,-60.35,-56.25920743909278,0.0,3.0045290725820832
2020-10-04 00:00:00,1,-53.29175178959221,-55.14443101578307,3.6037479111959896,4.058735291404943
2020-10-04 00:00:00,2,-53.29175178959221,-54.63182950589935,3.6037479111959896,3.950965489901293
2020-10-04 00:00:00,4,-57.7,-54.64645279398659,3.6037479111959896,3.793057781928852
2020-10-04 00:00:00,8,-59.6,-57.150437983079286,3.8,3.6329556894253434
2020-10-04 03:00:00,1,-53.29175178959221,-54.764995741072795,3.6037479111959896,4.209170018954462
2020-10-04 03:00:00,2,-53.29175178959221,-54.29428740098552,3.6037479111959896,4.08003696203532
2020-10-04 03:00:00,4,-57.9,-54.97552937252177,3.3,3.801738304021505
2020-10-04 03:00:00,8,-59.0,-57.6456473195723,3.1,3.6576927446570915
2020-10-04 06:00:00,1,-53.29175178959221,-54.67158458900881,3.6037479111959896,4.638815552499609
2020-10-04 06:00:00,2,-57.7,-54.47579132705791,3.6037479111959896,4.444097738680216
2020-10-04 06:00:00,4,-61.1,-55.554754528172886,2.1,4.049430283595158
2020-10-04 06:00:00,8,-56.53333333333333,-56.853909316253464,5.9,3.9718902403186904
2020-10-04 09:00:00,1,-57.7,-54.026336325165225,3.6037479111959896,4.384857547651003
2020-10-04 09:00:00,2,-57.9,-54.50152510065704,3.3,4.166628955640911
2020-10-04 09:00:00,4,-60.35,-56.2080709620993,0.0,3.7821006356229283
2020-10-04 09:00:00,8,-54.06666666666667,-55.05656736108939,5.0,3.956109179122632
2020-10-04 12:00:00,1,-57.9,-57.774722910376646,3.3,3.355004405590696
2020-10-04 12:00:00,2,-61.1,-58.2755676453607,2.1,3.319977912425079
2020-10-04 12:00:00,4,-59.6,-59.00704222539885,3.8,3.2861679187161195
2020-10-04 12:00:00,8,-51.6,-56.27156727332084,3.6,3.560693465565895
2020-10-04 15:00:00,1,-61.1,-58.31676300994861,2.1,2.856655205690217
2020-10-04 15:00:00,2,-60.35,-58.599654754542115,0.0,2.8664352428078854
2020-10-04 15:00:00,4,-59.0,-58.72094569240309,3.1,2.912294473015466
2020-10-04 15:00:00,8,-54.9,-56.67159842907259,3.6,3.1871133507294607
2020-10-04 18:00:00,1,-60.35,-61.94014555544856,0.0,2.4063555748612253
2020-10-04 18:00:00,2,-59.6,-61.518214411863944,3.8,2.5051932364358884
2020-10-04 18:00:00,4,-56.53333333333333,-60.23033186176745,5.9,2.7425499560629367
2020-10-04 18:00:00,8,-57.9,-58.07660201755209,0.0,3.150636335923742
2020-10-04 21:00:00,1,-59.6,-62.57294284168889,3.8,1.262224159253548
2020-10-04 21:00:00,2,-59.0,-61.26460382749243,3.1,1.7355472220083323
2020-10-04 21:00:00,4,-54.06666666666667,-59.24998074911071,5.0,2.6342183200304765
2020-10-04 21:00:00,8,-60.900000000000006,-59.40532796750301,0.6200000000000001,3.1188939380697382
2020-10-05 00:00:00,1,-59.0,-57.655995875287566,3.1,4.033135749255658
2020-10-05 00:00:00,2,-56.53333333333333,-57.292568691566764,5.9,3.89809185930923
2020-10-05 00:00:00,4,-51.6,-57.40999414161793,3.6,3.7491164245661768
2020-10-05 00:00:00,8,-63.900000000000006,-59.61084727231407,1.2399999999999998,3.5474457184996884
2020-10-05 03:00:00,1,-56.53333333333333,-57.15922341189737,5.9,2.8876031864762934
2020-10-05 03:00:00,2,-54.06666666666667,-57.20421185394562,5.0,2.976395009934321
2020-10-05 03:00:00,4,-54.9,-58.04914840809051,3.6,3.0956591983487782
2020-10-05 03:00:00,8,-66.9,-59.55448896439763,1.8599999999999999,3.1378495749682065
2020-10-05 06:00:00,1,-54.06666666666667,-53.25617295845108,5.0,6.098955189751719
2020-10-05 06:00:00,2,-51.6,-53.42990011205968,3.6,5.783219007565005
2020-10-05 06:00:00,4,-57.9,-55.3807031040876,0.0,5.0678379866517895
2020-10-05 06:00:00,8,-63.800000000000004,-57.08775331622266,2.48,4.499145525467543
2020-10-05 09:00:00,1,-51.6,-51.450272036936255,3.6,4.685131469879939
2020-10-05 09:00:00,2,-54.9,-52.66747803313559,3.6,4.386993233350629
2020-10-05 09:00:00,4,-60.900000000000006,-55.55949434393372,0.6200000000000001,3.8597517847833673
2020-10-05 09:00:00,8,-60.7,-53.63702829558077,3.1,4.0291894708735985
2020-10-05 12:00:00,1,-54.9,-52.8186906115671,3.6,3.486337212382035
2020-10-05 12:00:00,2,-57.9,-53.99909895606318,0.0,3.365313711949287
2020-10-05 12:00:00,4,-63.900000000000006,-55.999398744957254,1.2399999999999998,3.199422043127977
2020-10-05 12:00:00,8,-57.6,-53.22389870202388,1.1999999999999997,3.4665538333154684
2020-10-05 15:00:00,1,-57.9,-57.42433967657363,0.0,2.8775609741305566
2020-10-05 15:00:00,2,-60.900000000000006,-57.74175206458633,0.6200000000000001,2.8726549328635596
2020-10-05 15:00:00,4,-66.9,-58.07822854853637,1.8599999999999999,2.897525428461414
2020-10-05 15:00:00,8,-54.5,-56.688230834169644,3.8,3.1464869610511976
2020-10-05 18:00:00,1,-60.900000000000006,-62.784548218360065,0.6200000000000001,1.3661157188996484
2020-10-05 18:00:00,2,-63.900000000000006,-61.748656566410205,1.2399999999999998,1.809063566030022
2020-10-05 18:00:00,4,-63.800000000000004,-60.09363048848797,2.48,2.613054908575691
2020-10-05 18:00:00,8,-56.6,-59.513563067179874,3.9,3.139835804258584
2020-10-05 21:00:00,1,-63.900000000000006,-62.50270768471056,1.2399999999999998,1.9869042161185984
2020-10-05 21:00:00,2,-66.9,-61.20181648924477,1.8599999999999999,2.2913115704921565
2020-10-05 21:00:00,4,-60.7,-59.095992395585014,3.1,2.94157971792355
2020-10-05 21:00:00,8,-58.7,-59.01567238625364,3.7,3.322668447712519
2020-10-06 00:00:00,1,-66.9,-63.4938108336368,1.8599999999999999,2.2660968932597316
2020-10-06 00:00:00,2,-63.800000000000004,-62.34051210441102,2.48,2.487222209617045
2020-10-06 00:00:00,4,-57.6,-60.79033837401893,1.1999999999999997,2.9685948036877963
2020-10-06 00:00:00,8,-57.4,-60.91736774201249,3.3,3.252283596703738
2020-10-06 03:00:00,1,-63.800000000000004,-63.79659561055632,2.48,2.351644824806992
2020-10-06 03:00:00,2,-60.7,-62.80874552359863,3.1,2.578544287960728
2020-10-06 03:00:00,4,-54.5,-61.71020486959114,3.8,3.0095130146032405
2020-10-06 03:00:00,8,-55.9,-61.80029054933709,3.9,3.2585560203979234
2020-10-06 06:00:00,1,-60.7,-59.53451163345582,3.1,2.757008783924513
2020-10-06 06:00:00,2,-57.6,-59.13061679114672,1.1999999999999997,2.8792237100085494
2020-10-06 06:00:00,4,-56.6,-59.14458514383431,3.9,3.1476282790818684
2020-10-06 06:00:00,8,-53.833333333333336,-60.09019874227396,3.5,3.278028916171212
2020-10-06 09:00:00,1,-57.6,-58.389120762842644,1.1999999999999997,2.845584394132628
2020-10-06 09:00:00,2,-54.5,-58.86247226081069,3.8,2.876233142179246
2020-10-06 09:00:00,4,-58.7,-59.96875902095861,3.7,2.9147587175427025
2020-10-06 09:00:00,8,-51.766666666666666,-59.15111072129816,3.4,3.1100436445867725
2020-10-06 12:00:00,1,-54.5,-58.20706241125867,3.8,1.8180787254485562
2020-10-06 12:00:00,2,-56.6,-58.256843986141,3.9,2.138982377648092
2020-10-06 12:00:00,4,-57.4,-59.20274110172009,3.3,2.582634050894086
2020-10-06 12:00:00,8,-49.7,-58.54344595058104,3.3,2.9253588187253894
2020-10-06 15:00:00,1,-56.6,-56.28132465797405,3.9,3.998945076262421
2020-10-06 15:00:00,2,-58.7,-56.9038231030674,3.7,3.8773337077326095
2020-10-06 15:00:00,4,-55.9,-58.61874334751311,3.9,3.632687485686654
2020-10-06 15:00:00,8,-50.3,-57.6029522321743,3.5,3.7206487643356585
2020-10-06 18:00:00,1,-58.7,-59.974195200926,3.7,3.2035108462984496
2020-10-06 18:00:00,2,-57.4,-60.18132770745302,3.3,3.1178588871184942
2020-10-06 18:00:00,4,-53.833333333333336,-60.30609398183789,3.5,3.0862988442126285
2020-10-06 18:00:00,8,-54.6,-59.87309017904335,3.7,3.1716719389543497
2020-10-06 21:00:00,1,-57.4,-57.876362543993665,3.3,2.7386175942427085
2020-10-06 21:00:00,2,-55.9,-58.036194160545946,3.9,2.743113816757837
2020-10-06 21:00:00,4,-51.766666666666666,-58.428733547006644,3.4,2.8265092667549854
2020-10-06 21:00:00,8,-56.2,-59.00765969474703,4.0,2.9727266895477706
2020-10-07 00:00:00,1,-55.9,-54.72234100173023,3.9,2.462485281020678
2020-10-07 00:00:00,2,-53.833333333333336,-54.694380159571885,3.5,2.6192781177619437
2020-10-07 00:00:00,4,-49.7,-54.9000246514299,3.3,2.937054649201713
2020-10-07 00:00:00,8,-57.8,-56.7139912663054,4.2,3.051727385294792
2020-10-07 03:00:00,1,-53.833333333333336,-53.438070683345664,3.5,3.3509199746733653
2020-10-07 03:00:00,2,-51.766666666666666,-53.58391872662695,3.4,3.303815078881457
2020-10-07 03:00:00,4,-50.3,-54.565370674733344,3.5,3.234687837172905
2020-10-07 03:00:00,8,-59.4,-56.51620509861694,3.5,3.237827994711858
2020-10-07 06:00:00,1,-51.766666666666666,-52.96583987963581,3.4,3.2320937580554006
2020-10-07 06:00:00,2,-49.7,-53.158749561531934,3.3,3.234449016175036
2020-10-07 06:00:00,4,-54.6,-54.44266809530827,3.7,3.2401101775518373
2020-10-07 06:00:00,8,-56.5,-56.58444158584982,2.8,3.2573933743031427
2020-10-07 09:00:00,1,-49.7,-51.05360219842677,3.3,3.3956435921074246
2020-10-07 09:00:00,2,-50.3,-51.673950668566825,3.5,3.3526567189338192
2020-10-07 09:00:00,4,-56.2,-53.852893003915256,4.0,3.2625264528125872
2020-10-07 09:00:00,8,-53.599999999999994,-54.276390876902006,3.5,3.392402472844992
2020-10-07 12:00:00,1,-50.3,-51.44519556708798,3.5,3.31804969546908
2020-10-07 12:00:00,2,-54.6,-52.48721841227243,3.7,3.2262002274201245
2020-10-07 12:00:00,4,-57.8,-54.600883267890126,4.2,3.127940876303796
2020-10-07 12:00:00,8,-50.699999999999996,-53.36406802669211,3.2,3.316379414788408
2020-10-07 15:00:00,1,-54.6,-53.03455883234392,3.7,3.4165936962610326
2020-10-07 15:00:00,2,-56.2,-53.859803058719734,4.0,3.3097016245757374
2020-10-07 15:00:00,4,-59.4,-55.49771642757265,3.5,3.1929865130635124
2020-10-07 15:00:00,8,-47.8,-54.953713683304706,3.9,3.3119176904169767
2020-10-07 18:00:00,1,-56.2,-56.246602274277734,4.0,3.2766687455426955
2020-10-07 18:00:00,2,-57.8,-56.49891415561529,4.2,3.1637805552337563
2020-10-07 18:00:00,4,-56.5,-56.72650060448882,2.8,3.091191928680679
2020-10-07 18:00:00,8,-50.699999999999996,-57.28113326010851,3.7,3.1385151705289105
2020-10-07 21:00:00,1,-57.8,-58.50113561071155,4.2,3.6760210032197325
2020-10-07 21:00:00,2,-59.4,-58.50455366740675,3.5,3.5173422857297254
2020-10-07 21:00:00,4,-53.599999999999994,-58.3475777565272,3.5,3.4255069208631626
2020-10-07 21:00:00,8,-53.6,-59.14746282478723,3.1,3.4358872096851187
2020-10-08 00:00:00,1,-59.4,-58.69288217885372,3.5,3.9214077789742072
2020-10-08 00:00:00,2,-56.5,-58.67684094481872,2.8,3.7181923045518226
2020-10-08 00:00:00,4,-50.699999999999996,-58.630153201186225,3.2,3.552321000699227
2020-10-08 00:00:00,8,-56.5,-59.68559060398505,3.3,3.4900029334107714
2020-10-08 03:00:00,1,-56.5,-57.32810956438739,2.8,3.1010895367517524
2020-10-08 03:00:00,2,-53.599999999999994,-57.2571564281728,3.5,3.1103639921097
2020-10-08 03:00:00,4,-47.8,-57.19613431734994,3.9,3.216056600129545
2020-10-08 03:00:00,8,-54.5,-58.08950655052837,3.2,3.3370956033988928
2020-10-08 06:00:00,1,-53.599999999999994,-55.76882581948136,3.5,2.6629390110815763
2020-10-08 06:00:00,2,-50.699999999999996,-55.72947817968157,3.2,2.8026550000917982
2020-10-08 06:00:00,4,-50.699999999999996,-56.37690343726558,3.7,3.057830890721229
2020-10-08 06:00:00,8,-51.333333333333336,-57.78798913484976,3.7,3.1994276950649656
2020-10-08 09:00:00,1,-50.699999999999996,-51.405246669212275,3.2,3.552278841115
2020-10-08 09:00:00,2,-47.8,-52.17285608507444,3.9,3.489144998701918
2020-10-08 09:00:00,4,-53.6,-54.70385925071782,3.1,3.3261767276380056
2020-10-08 09:00:00,8,-48.166666666666664,-54.90780768324605,3.3,3.465240584427993
2020-10-08 12:00:00,1,-47.8,-50.48222059667493,3.9,3.4654103024981464
2020-10-08 12:00:00,2,-50.699999999999996,-51.692819868986454,3.7,3.3785294335942293
2020-10-08 12:00:00,4,-56.5,-54.31644082504151,3.3,3.29024459155013
2020-10-08 12:00:00,8,-45.0,-52.81904262133189,3.2,3.505225985799519
2020-10-08 15:00:00,1,-50.699999999999996,-51.111106283042105,3.7,3.80736715338118
2020-10-08 15:00:00,2,-53.6,-52.2278354441592,3.1,3.623950134300679
2020-10-08 15:00:00,4,-54.5,-54.388756068377155,3.2,3.395294478358029
2020-10-08 15:00:00,8,-47.3,-52.70137922582887,3.6,3.5898172137060382
2020-10-08 18:00:00,1,-53.6,-55.78354781620419,3.1,3.4091773418483227
2020-10-08 18:00:00,2,-56.5,-56.1609909056779,3.3,3.2984489379514534
2020-10-08 18:00:00,4,-51.333333333333336,-56.58995846192806,3.7,3.241825487107861
2020-10-08 18:00:00,8,-50.4,-56.85308218111727,3.5,3.3106580816107374
2020-10-08 21:00:00,1,-56.5,-57.45306497028206,3.3,3.0092211933660593
2020-10-08 21:00:00,2,-54.5,-57.305570852427145,3.2,2.9754431917532647
2020-10-08 21:00:00,4,-48.166666666666664,-56.733767937721574,3.3,3.095925105988066
2020-10-08 21:00:00,8,-53.5,-57.742890816400575,5.9,3.2513591584249824
2020-10-09 00:00:00,1,-54.5,-55.69729664272549,3.2,2.9502105456268275
2020-10-09 00:00:00,2,-51.333333333333336,-55.60315886541338,3.7,2.9967907177214768
2020-10-09 00:00:00,4,-45.0,-55.671386346383876,3.2,3.1553316025971747
2020-10-09 00:00:00,8,-56.6,-57.392777770468705,4.7,3.216183662071479
2020-10-09 03:00:00,1,-51.333333333333336,-51.668984345307344,3.7,2.791853615304076
2020-10-09 03:00:00,2,-48.166666666666664,-51.662866121090566,3.3,2.900607067124466
2020-10-09 03:00:00,4,-47.3,-52.12977291783086,3.6,3.141941364067655
2020-10-09 03:00:00,8,-56.4,-54.64549704942373,4.0,3.181905863936353
2020-10-09 06:00:00,1,-48.166666666666664,-49.32543086002874,3.3,3.877268497176594
2020-10-09 06:00:00,2,-45.0,-49.32120476147357,3.2,3.781974426803559
2020-10-09 06:00:00,4,-50.4,-51.10204508247021,3.5,3.551885574940387
2020-10-09 06:00:00,8,-52.3,-53.06970149327379,4.1,3.6050398028758934
2020-10-09 09:00:00,1,-45.0,-46.79692774275705,3.2,3.390562020872805
2020-10-09 09:00:00,2,-47.3,-47.58898997152126,3.6,3.3731766493643742
2020-10-09 09:00:00,4,-53.5,-50.4957244063494,5.9,3.307116156664118
2020-10-09 09:00:00,8,-50.55,-50.2738313562966,5.2,3.543214743786864
2020-10-09 12:00:00,1,-47.3,-46.881523925462375,3.6,3.3105071322370008
2020-10-09 12:00:00,2,-50.4,-48.06926512374996,3.5,3.2299959296695695
2020-10-09 12:00:00,4,-56.6,-50.69752448505155,4.7,3.15925180742086
2020-10-09 12:00:00,8,-48.8,-48.89646582553204,4.3,3.440302812117913
2020-10-09 15:00:00,1,-50.4,-50.69005108853574,3.5,3.6666616421715674
2020-10-09 15:00:00,2,-53.5,-51.8093007422401,5.9,3.5041487186113773
2020-10-09 15:00:00,4,-56.4,-53.66825201653365,4.0,3.3442876932174888
2020-10-09 15:00:00,8,-49.4,-52.24579339095208,4.8,3.5276604598974726
2020-10-09 18:00:00,1,-53.5,-55.12865600686377,5.9,3.3547137040768806
2020-10-09 18:00:00,2,-56.6,-55.29025825459827,4.7,3.242604494649468
2020-10-09 18:00:00,4,-52.3,-54.80995031957453,4.1,3.2408961433743606
2020-10-09 18:00:00,8,-52.5,-55.163878778497434,4.2,3.343023898778668
2020-10-09 21:00:00,1,-56.6,-57.616519986311616,4.7,5.470238197980625
2020-10-09 21:00:00,2,-56.4,-57.668768916833216,4.0,5.210655182823885
2020-10-09 21:00:00,4,-50.55,-57.551246199148444,5.2,4.839448225018388
2020-10-09 21:00:00,8,-53.05,-58.40478157235508,3.8,4.315964914647658
2020-10-10 00:00:00,1,-56.4,-54.814232617206905,4.0,3.947291330957193
2020-10-10 00:00:00,2,-52.3,-54.462100727501856,4.1,3.856492723287003
2020-10-10 00:00:00,4,-48.8,-53.47818817845295,4.3,3.8317540617854267
2020-10-10 00:00:00,8,-53.6,-55.51346946121176,4.9,3.6738212266874566
2020-10-10 03:00:00,1,-52.3,-53.5962941416889,4.1,3.4804037182866328
2020-10-10 03:00:00,2,-50.55,-53.122676868918276,5.2,3.5116385748650254
2020-10-10 03:00:00,4,-49.4,-52.22415832232688,4.8,3.66013604769138
2020-10-10 03:00:00,8,-54.2,-54.345427480483956,4.3,3.6500098161030903
2020-10-10 06:00:00,1,-50.55,-50.343967084138356,5.2,4.448511101666279
2020-10-10 06:00:00,2,-48.8,-50.39034213034132,4.3,4.266573597063028
2020-10-10 06:00:00,4,-52.5,-51.76109544339801,4.2,3.888634915702743
2020-10-10 06:00:00,8,-51.9,-52.61155472769168,4.0,3.925552514992808
2020-10-10 09:00:00,1,-48.8,-48.843700656051304,4.3,5.622482185208572
2020-10-10 09:00:00,2,-49.4,-49.879083994552914,4.8,5.231525333397161
2020-10-10 09:00:00,4,-53.05,-52.65339111300388,3.8,4.564163382423756
2020-10-10 09:00:00,8,-49.6,-50.55828766878926,4.1,4.63958944130583
2020-10-10 12:00:00,1,-49.4,-49.24728856493878,4.8,4.311242827933608
2020-10-10 12:00:00,2,-52.5,-50.67242223056991,4.2,4.064253554752209
2020-10-10 12:00:00,4,-53.6,-53.2101282619519,4.9,3.7491656923942704
2020-10-10 12:00:00,8,-47.3,-50.021484170410545,3.9,4.038955858030238
2020-10-10 15:00:00,1,-52.5,-51.22534783921972,4.2,4.541004197369905
2020-10-10 15:00:00,2,-53.05,-52.25949966140467,3.8,4.297617180896477
2020-10-10 15:00:00,4,-54.2,-53.68083718744624,4.3,4.021891487216697
2020-10-10 15:00:00,8,-48.1,-51.60367741509865,4.0,4.144715649452028
2020-10-10 18:00:00,1,-53.05,-52.52241749743606,3.8,3.8181603535243003
2020-10-10 18:00:00,2,-53.6,-52.755491461972504,4.9,3.6923824143702557
2020-10-10 18:00:00,4,-51.9,-51.97509977314575,4.0,3.701149648373555
2020-10-10 18:00:00,8,-51.233333333333334,-52.367049294452436,4.5,3.6743167176068456
2020-10-10 21:00:00,1,-53.6,-52.82443003238854,4.9,3.469358953627338
2020-10-10 21:00:00,2,-54.2,-52.4577984655473,4.3,3.4180314610527884
2020-10-10 21:00:00,4,-49.6,-50.903691880502855,4.1,3.5842926485823297
2020-10-10 21:00:00,8,-54.36666666666667,-52.36617172424697,4.3,3.644623360192022
2020-10-11 00:00:00,1,-54.2,-51.01722968733877,4.3,4.83536614018811
2020-10-11 00:00:00,2,-51.9,-50.6630396865566,4.0,4.708870564996934
2020-10-11 00:00:00,4,-47.3,-50.0528517213735,3.9,4.468639035608537
2020-10-11 00:00:00,8,-57.5,-52.310404407267335,3.1,4.123159321736182
2020-10-11 03:00:00,1,-51.9,-51.6350225404683,4.0,4.054063432281871
2020-10-11 03:00:00,2,-49.6,-51.20805545521608,4.1,3.994919644102434
2020-10-11 03:00:00,4,-48.1,-50.617817261811936,4.0,3.9133003153041024
2020-10-11 03:00:00,8,-54.5,-52.64409129151045,3.9,3.79721360854079
2020-10-11 06:00:00,1,-49.6,-49.57881178470978,4.1,3.9437043771352216
2020-10-11 06:00:00,2,-47.3,-49.3423644345395,3.9,3.8857999627612
2020-10-11 06:00:00,4,-51.233333333333334,-49.870182024699744,4.5,3.7728101708868578
2020-10-11 06:00:00,8,-52.16,-51.56274665449922,3.7,3.772051265045674
2020-10-11 09:00:00,1,-47.3,-46.89629923925844,3.9,4.401888646684531
2020-10-11 09:00:00,2,-48.1,-47.82078594742719,4.0,4.196874496635534
2020-10-11 09:00:00,4,-54.36666666666667,-50.46638056254131,4.3,3.8564067711886407
2020-10-11 09:00:00,8,-49.82,-48.71494748943985,2.8,4.1067334598419265
2020-10-11 12:00:00,1,-48.1,-47.73235850070906,4.0,3.9442978838392344
2020-10-11 12:00:00,2,-51.233333333333334,-49.13328405358678,4.5,3.7418787993307063
2020-10-11 12:00:00,4,-57.5,-51.56255545154907,3.1,3.5140559643014204
2020-10-11 12:00:00,8,-47.48,-48.44309273925729,2.2,3.8372397998349252
2020-10-11 15:00:00,1,-51.233333333333334,-49.641714763366295,4.5,3.978622657035562
2020-10-11 15:00:00,2,-54.36666666666667,-50.68747349624504,4.3,3.8017281998511328
2020-10-11 15:00:00,4,-54.5,-52.124049393062506,3.9,3.6644132043280218
2020-10-11 15:00:00,8,-45.14,-50.228087468960624,1.5,3.8494988511642263
2020-10-11 18:00:00,1,-54.36666666666667,-55.00248475554896,4.3,4.267353724328001
2020-10-11 18:00:00,2,-57.5,-55.26401328554694,3.1,4.0659101588117705
2020-10-11 18:00:00,4,-52.16,-54.36716661647086,3.7,3.993114436756188
2020-10-11 18:00:00,8,-42.8,-54.069130661574555,2.1,3.9035867684262957
2020-10-11 21:00:00,1,-57.5,-56.77474679176207,3.1,3.9802876323602865
2020-10-11 21:00:00,2,-54.5,-56.473235140091376,3.9,3.8082986299210915
2020-10-11 21:00:00,4,-49.82,-55.02544928359412,2.8,3.7380672343335797
2020-10-11 21:00:00,8,-44.733333333333334,-55.86173586310699,3.0,3.6816691411473865
2020-10-12 00:00:00,1,-54.5,-53.35463504760952,3.9,2.9990884967083367
2020-10-12 00:00:00,2,-52.16,-52.68475654749518,3.7,3.0785735527912896
2020-10-12 00:00:00,4,-47.48,-51.13550947143848,2.2,3.3796477306457016
2020-10-12 00:00:00,8,-46.666666666666664,-53.31469596655981,2.5,3.488022529347904
2020-10-12 03:00:00,1,-52.16,-50.58244462597241,3.7,3.371654612059305
2020-10-12 03:00:00,2,-49.82,-50.21248610077985,2.8,3.3836919981523055
2020-10-12 03:00:00,4,-45.14,-50.33241835389947,1.5,3.402240042415597
2020-10-12 03:00:00,8,-48.6,-53.1789515536886,1.3000000000000003,3.3565352540522504
2020-10-12 06:00:00,1,-49.82,-48.5660624444243,2.8,3.4096876424422278
2020-10-12 06:00:00,2,-47.48,-48.751877488168645,2.2,3.4035550108782413
2020-10-12 06:00:00,4,-42.8,-50.213010085124616,2.1,3.3795792408998295
2020-10-12 06:00:00,8,-46.45,-51.777876722012074,1.1999999999999997,3.4784977491675084
2020-10-12 09:00:00,1,-47.48,-48.12095062249761,2.2,2.6098941961149524
2020-10-12 09:00:00,2,-45.14,-48.715874053712625,1.5,2.738859721090514
2020-10-12 09:00:00,4,-44.733333333333334,-50.54333673287695,3.0,2.9632288227182735
2020-10-12 09:00:00,8,-44.3,-51.25463791564146,3.5,3.1170071508782726
2020-10-12 12:00:00,1,-45.14,-47.88341513570761,1.5,2.263137091162906
2020-10-12 12:00:00,2,-42.8,-48.5814174012666,2.1,2.437786529659067
2020-10-12 12:00:00,4,-46.666666666666664,-50.42439660962016,2.5,2.7379039572175974
2020-10-12 12:00:00,8,-45.5,-50.29005739883546,2.0,2.96703838820939
2020-10-12 15:00:00,1,-42.8,-48.46903509789294,2.1,2.0135204670839926
2020-10-12 15:00:00,2,-44.733333333333334,-49.0824901748139,3.0,2.226635069202019
2020-10-12 15:00:00,4,-48.6,-50.75808493486526,1.3000000000000003,2.584077534273031
2020-10-12 15:00:00,8,-53.29175178959221,-50.61368626938741,0.0,2.852113714359015
2020-10-12 18:00:00,1,-44.733333333333334,-48.363206111271225,3.0,2.5993856456474562
2020-10-12 18:00:00,2,-46.666666666666664,-48.58987644313633,2.5,2.705950731449869
2020-10-12 18:00:00,4,-46.45,-49.458478212538886,1.1999999999999997,2.9310503192733868
2020-10-12 18:00:00,8,-53.29175178959221,-51.05876674952104,3.6037479111959896,3.0491706836096406
2020-10-12 21:00:00,1,-46.666666666666664,-48.920880001568506,2.5,2.95555514521208
2020-10-12 21:00:00,2,-48.6,-48.85509645995512,1.3000000000000003,3.0341447425233867
2020-10-12 21:00:00,4,-44.3,-48.6040566231149,3.5,3.2804651142941443
2020-10-12 21:00:00,8,-53.29175178959221,-50.87220454625036,3.6037479111959896,3.3300410262736437
2020-10-13 00:00:00,1,-48.6,-49.26448260055732,1.3000000000000003,2.7140180183792078
2020-10-13 00:00:00,2,-46.45,-48.99699985038034,1.1999999999999997,2.8684445597276613
2020-10-13 00:00:00,4,-45.5,-48.84830357662409,2.0,3.221847889357496
2020-10-13 00:00:00,8,-53.29175178959221,-51.71206075785415,3.6037479111959896,3.27293710746582
2020-10-13 03:00:00,1,-46.45,-49.79225317802799,1.1999999999999997,1.9220854566408492
2020-10-13 03:00:00,2,-44.3,-49.60283671008656,3.5,2.23843727339809
2020-10-13 03:00:00,4,-53.29175178959221,-50.031373766995365,0.0,2.782194934871191
2020-10-13 03:00:00,8,-53.29175178959221,-52.80480453108627,3.6037479111959896,2.912805066870253
2020-10-13 06:00:00,1,-44.3,-48.59460112837639,3.5,1.9053787574624295
2020-10-13 06:00:00,2,-45.5,-48.48922137412176,2.0,2.2640678478806544
2020-10-13 06:00:00,4,-53.29175178959221,-49.92427021412285,3.6037479111959896,2.728736302140679
2020-10-13 06:00:00,8,-59.4,-52.40427433833652,3.6037479111959896,2.882989819569042
2020-10-13 09:00:00,1,-45.5,-44.27688654935906,2.0,3.72053633877772
2020-10-13 09:00:00,2,-53.29175178959221,-44.882392699110994,0.0,3.576492392348155
2020-10-13 09:00:00,4,-53.29175178959221,-47.651028709240606,3.6037479111959896,3.2499579312730544
2020-10-13 09:00:00,8,-58.1,-46.9117968552967,3.6037479111959896,3.5459875720766676
2020-10-13 12:00:00,1,-53.29175178959221,-49.09646933501634,0.0,2.324395876819783
2020-10-13 12:00:00,2,-53.29175178959221,-50.18826970226505,3.6037479111959896,2.5002613348911584
2020-10-13 12:00:00,4,-53.29175178959221,-52.702442640258376,3.6037479111959896,2.7324871621353335
2020-10-13 12:00:00,8,-56.8,-50.97409959746823,3.6037479111959896,3.040588163971572
2020-10-13 15:00:00,1,-53.29175178959221,-55.01200941838249,3.6037479111959896,0.822885660412461
2020-10-13 15:00:00,2,-53.29175178959221,-54.614987795264774,3.6037479111959896,1.3187622978407014
2020-10-13 15:00:00,4,-53.29175178959221,-53.92283887974623,3.6037479111959896,2.095072585820299
2020-10-13 15:00:00,8,-56.9,-53.01300130763773,3.6037479111959896,2.59916671306937
2020-10-13 18:00:00,1,-53.29175178959221,-49.696697094517624,3.6037479111959896,2.9238335422205832
2020-10-13 18:00:00,2,-53.29175178959221,-49.77481957583037,3.6037479111959896,2.9481213551069603
2020-10-13 18:00:00,4,-59.4,-49.7566364724782,3.6037479111959896,3.1120216625724675
2020-10-13 18:00:00,8,-60.36666666666667,-50.35000055942622,3.6037479111959896,3.2511873342084985
2020-10-13 21:00:00,1,-53.29175178959221,-52.298867160012975,3.6037479111959896,3.8788568780910846
2020-10-13 21:00:00,2,-53.29175178959221,-51.611342915190846,3.6037479111959896,3.835889813357021
2020-10-13 21:00:00,4,-58.1,-50.89141832626832,3.6037479111959896,3.80189477203183
2020-10-13 21:00:00,8,-63.83333333333333,-54.034480147851966,3.6037479111959896,3.6122971998932956
2020-10-14 00:00:00,1,-53.29175178959221,-51.41344939285493,3.6037479111959896,4.1282995984672635
2020-10-14 00:00:00,2,-59.4,-50.367105613172534,3.6037479111959896,4.086063206549518
2020-10-14 00:00:00,4,-56.8,-49.415560850585564,3.6037479111959896,3.967639450501304
2020-10-14 00:00:00,8,-67.3,-52.9616140062372,3.6037479111959896,3.6867799451598766
2020-10-14 03:00:00,1,-59.4,-50.552702705367494,3.6037479111959896,4.086156090268716
2020-10-14 03:00:00,2,-58.1,-49.54574529241308,3.6037479111959896,4.021815559308467
2020-10-14 03:00:00,4,-56.9,-49.76843107367982,3.6037479111959896,3.777751056878594
2020-10-14 03:00:00,8,-64.2,-53.19422757064121,3.6037479111959896,3.6222203583186707
2020-10-14 06:00:00,1,-58.1,-56.299512624707894,3.6037479111959896,4.0510130925529
2020-10-14 06:00:00,2,-56.8,-55.82938464816783,3.6037479111959896,3.995232580123084
2020-10-14 06:00:00,4,-60.36666666666667,-55.9357071779675,3.6037479111959896,3.8782621716834655
2020-10-14 06:00:00,8,-61.099999999999994,-56.96824273630726,3.6037479111959896,3.799488473188772
2020-10-14 09:00:00,1,-56.8,-58.47615079789122,3.6037479111959896,3.783229263455454
2020-10-14 09:00:00,2,-56.9,-58.74950635163537,3.6037479111959896,3.6713993583575983
2020-10-14 09:00:00,4,-63.83333333333333,-59.27910484011694,3.6037479111959896,3.538927036423508
2020-10-14 09:00:00,8,-58.0,-57.9943150405188,3.6037479111959896,3.660756347775931
2020-10-14 12:00:00,1,-56.9,-58.43373058162081,3.6037479111959896,3.9097807848247976
2020-10-14 12:00:00,2,-60.36666666666667,-59.20897055327716,3.6037479111959896,3.739200101118847
2020-10-14 12:00:00,4,-67.3,-60.43529277831148,3.6037479111959896,3.5308015971943707
2020-10-14 12:00:00,8,-54.9,-57.69723338918337,3.6037479111959896,3.7300400708248476
2020-10-14 15:00:00,1,-60.36666666666667,-59.162514090462366,3.6037479111959896,3.448644791182944
2020-10-14 15:00:00,2,-63.83333333333333,-59.52126017925299,3.6037479111959896,3.3585330138272873
2020-10-14 15:00:00,4,-64.2,-60.0404683229619,3.6037479111959896,3.242753524497435
2020-10-14 15:00:00,8,-54.7,-58.10642463426785,3.6037479111959896,3.453160088985411
2020-10-14 18:00:00,1,-63.83333333333333,-63.95263378939775,3.6037479111959896,3.6214184397706957
2020-10-14 18:00:00,2,-67.3,-63.40286343470714,3.6037479111959896,3.514236093132867
2020-10-14 18:00:00,4,-61.099999999999994,-61.96130090550855,3.6037479111959896,3.5268669226121903
2020-10-14 18:00:00,8,-56.3,-60.963182238445455,3.6037479111959896,3.5937227888107484
2020-10-14 21:00:00,1,-67.3,-65.69456813770131,3.6037479111959896,3.65093516082457
2020-10-14 21:00:00,2,-64.2,-64.96318614204034,3.6037479111959896,3.5422747260237784
2020-10-14 21:00:00,4,-58.0,-63.27863609506258,3.6037479111959896,3.5808715537839113
2020-10-14 21:00:00,8,-57.9,-62.24253549782571,3.6037479111959896,3.653381829693976
2020-10-15 00:00:00,1,-64.2,-64.97711919017944,3.6037479111959896,3.4061315076728946
2020-10-15 00:00:00,2,-61.099999999999994,-64.135934284688,3.6037479111959896,3.3808234001896293
2020-10-15 00:00:00,4,-54.9,-62.57918814426774,3.6037479111959896,3.486061160582255
2020-10-15 00:00:00,8,-57.7,-61.907645917305516,3.6037479111959896,3.5640518025356704
2020-10-15 03:00:00,1,-61.099999999999994,-60.9366231309626,3.6037479111959896,3.7404727200441936
2020-10-15 03:00:00,2,-58.0,-60.18955438775358,3.6037479111959896,3.6863859091754496
2020-10-15 03:00:00,4,-54.7,-59.22695858098637,3.6037479111959896,3.7374846582624226
2020-10-15 03:00:00,8,-57.5,-59.911886275335505,3.6037479111959896,3.6375147697444152
2020-10-15 06:00:00,1,-58.0,-58.5286818045503,3.6037479111959896,4.022191972979924
2020-10-15 06:00:00,2,-54.9,-58.24736363411834,3.6037479111959896,3.923361003085375
2020-10-15 06:00:00,4,-56.3,-58.58588273837422,3.6037479111959896,3.806479905914216
2020-10-15 06:00:00,8,-53.3,-59.507665766579066,3.6037479111959896,3.6807011802878074
2020-10-15 09:00:00,1,-54.9,-56.130376098123946,3.6037479111959896,4.147461744346474
2020-10-15 09:00:00,2,-54.7,-56.441520848027125,3.6037479111959896,4.010984901752754
2020-10-15 09:00:00,4,-57.9,-57.8792175291654,3.6037479111959896,3.7429291398379094
2020-10-15 09:00:00,8,-51.25,-57.174127335120104,3.6037479111959896,3.79428986420235
2020-10-15 12:00:00,1,-54.7,-56.92050594323374,3.6037479111959896,3.753759517462781
2020-10-15 12:00:00,2,-56.3,-57.60864418999304,3.6037479111959896,3.6422464940774355
2020-10-15 12:00:00,4,-57.7,-59.104925166855494,3.6037479111959896,3.476111978586156
2020-10-15 12:00:00,8,-49.2,-56.79746490846875,3.6037479111959896,3.7068381629925766
2020-10-15 15:00:00,1,-56.3,-57.402143923084495,3.6037479111959896,3.4613932682634028
2020-10-15 15:00:00,2,-57.9,-57.737499667745034,3.6037479111959896,3.4044131455376956
2020-10-15 15:00:00,4,-57.5,-58.5459071819619,3.6037479111959896,3.359959181484183
2020-10-15 15:00:00,8,-49.9,-57.61793505025541,3.6037479111959896,3.489503630099923
2020-10-15 18:00:00,1,-57.9,-59.10418016883213,3.6037479111959896,3.32995861996594
2020-10-15 18:00:00,2,-57.7,-58.99228996763445,3.6037479111959896,3.2795544592768198
2020-10-15 18:00:00,4,-53.3,-58.560438245922455,3.6037479111959896,3.3239636477257415
2020-10-15 18:00:00,8,-52.75,-58.814345676701734,3.6037479111959896,3.368498911693632
2020-10-15 21:00:00,1,-57.7,-58.34360095131448,3.6037479111959896,3.324089056742707
2020-10-15 21:00:00,2,-57.5,-58.020865501989775,3.6037479111959896,3.31032616361303
2020-10-15 21:00:00,4,-51.25,-57.57469922686464,3.6037479111959896,3.417911837273213
2020-10-15 21:00:00,8,-55.599999999999994,-59.00226026033011,3.6037479111959896,3.405606717325435
2020-10-16 00:00:00,1,-57.5,-56.25558259861353,3.6037479111959896,3.388454514877884
2020-10-16 00:00:00,2,-53.3,-55.81975947544624,3.6037479111959896,3.413548461937408
2020-10-16 00:00:00,4,-49.2,-55.240658606215845,3.6037479111959896,3.5709647413201706
2020-10-16 00:00:00,8,-58.449999999999996,-57.59737015075649,3.6037479111959896,3.4955375527172015
2020-10-16 03:00:00,1,-53.3,-56.034037550538756,3.6037479111959896,3.7123505877822924
2020-10-16 03:00:00,2,-51.25,-55.731234040593506,3.6037479111959896,3.637149793247338
2020-10-16 03:00:00,4,-49.9,-55.90386571747856,3.6037479111959896,3.580268489441169
2020-10-16 03:00:00,8,-61.3,-58.08384773575515,3.6037479111959896,3.505604892188468
2020-10-16 06:00:00,1,-51.25,-51.1987201040176,3.6037479111959896,3.8624266972638472
2020-10-16 06:00:00,2,-49.2,-51.008877099490256,3.6037479111959896,3.7652885358176866
2020-10-16 06:00:00,4,-52.75,-52.65029777709847,3.6037479111959896,3.483948669152348
2020-10-16 06:00:00,8,-57.925,-54.68293752310374,3.6037479111959896,3.562610611923617
2020-10-16 09:00:00,1,-49.2,-48.827831261502354,3.6037479111959896,3.821453086701878
2020-10-16 09:00:00,2,-49.9,-49.369636838002165,3.6037479111959896,3.752724159920615
2020-10-16 09:00:00,4,-55.599999999999994,-52.03886235451431,3.6037479111959896,3.5577520255992643
2020-10-16 09:00:00,8,-54.55,-52.52460268687524,3.6037479111959896,3.7181511147280104
2020-10-16 12:00:00,1,-49.9,-49.473631789354556,3.6037479111959896,3.2298987803375496
2020-10-16 12:00:00,2,-52.75,-50.32820144173192,3.6037479111959896,3.15957647387677
2020-10-16 12:00:00,4,-58.449999999999996,-52.70248659081875,3.6037479111959896,3.079055993601451
2020-10-16 12:00:00,8,-51.175,-51.96577941737412,3.6037479111959896,3.334841040401935
2020-10-16 15:00:00,1,-52.75,-51.54639245284682,3.6037479111959896,3.2306044726587797
2020-10-16 15:00:00,2,-55.599999999999994,-52.195449104796786,3.6037479111959896,3.1484799086817694
2020-10-16 15:00:00,4,-61.3,-53.71925520084404,3.6037479111959896,3.113433953657652
2020-10-16 15:00:00,8,-47.8,-53.80916345722128,3.6037479111959896,3.2895122658088427
2020-10-16 18:00:00,1,-55.599999999999994,-58.01082748220107,3.6037479111959896,3.5748748453059944
2020-10-16 18:00:00,2,-58.449999999999996,-58.00245742220356,3.6037479111959896,3.4391305950543627
2020-10-16 18:00:00,4,-57.925,-57.71133683580653,3.6037479111959896,3.3812326990699346
2020-10-16 18:00:00,8,-50.6,-58.272204346740715,3.6037479111959896,3.430690733505108
2020-10-16 21:00:00,1,-58.449999999999996,-58.97368158857309,3.6037479111959896,3.7374063042868997
2020-10-16 21:00:00,2,-61.3,-58.712560501884795,3.6037479111959896,3.6013951533079953
2020-10-16 21:00:00,4,-54.55,-58.109038972109026,3.6037479111959896,3.5597684407653767
2020-10-16 21:00:00,8,-53.266666666666666,-59.03518715556005,3.6037479111959896,3.553862673153317
2020-10-17 00:00:00,1,-61.3,-60.110332421930536,3.6037479111959896,3.7974097200902786
2020-10-17 00:00:00,2,-57.925,-59.76326709518516,3.6037479111959896,3.650404785190322
2020-10-17 00:00:00,4,-51.175,-59.21327338518774,3.6037479111959896,3.5885484371647416
2020-10-17 00:00:00,8,-55.93333333333334,-60.041390564228735,3.6037479111959896,3.5625570651526615
2020-10-17 03:00:00,1,-57.925,-60.17900625326416,3.6037479111959896,3.4028594627175033
2020-10-17 03:00:00,2,-54.55,-59.80294508468872,3.6037479111959896,3.36420225320837
2020-10-17 03:00:00,4,-47.8,-59.48247633147766,3.6037479111959896,3.3916921949899788
2020-10-17 03:00:00,8,-58.6,-60.17284164679617,3.6037479111959896,3.4409529848222573
2020-10-17 06:00:00,1,-54.55,-54.85451384616411,3.6037479111959896,3.7364395431309267
2020-10-17 06:00:00,2,-51.175,-54.66965400660687,3.6037479111959896,3.665088610798216
2020-10-17 06:00:00,4,-50.6,-55.36579161560448,3.6037479111959896,3.59501381652143
2020-10-17 06:00:00,8,-55.9,-57.442511792285714,3.6037479111959896,3.5458517856235092
2020-10-17 09:00:00,1,-51.175,-50.07350434186792,3.6037479111959896,3.583006756269585
2020-10-17 09:00:00,2,-47.8,-50.73904677696354,3.6037479111959896,3.509955737286609
2020-10-17 09:00:00,4,-53.266666666666666,-53.310721457943984,3.6037479111959896,3.3560286058893243
2020-10-17 09:00:00,8,-53.5,-53.74030193537983,3.6037479111959896,3.5372486644085144
2020-10-17 12:00:00,1,-47.8,-47.574894450408976,3.6037479111959896,3.354059412390155
2020-10-17 12:00:00,2,-50.6,-48.581123797113285,3.6037479111959896,3.2754853845656484
2020-10-17 12:00:00,4,-55.93333333333334,-51.31374880752648,3.6037479111959896,3.208484124287552
2020-10-17 12:00:00,8,-51.1,-50.34149468499215,3.6037479111959896,3.4838870177170307
2020-10-17 15:00:00,1,-50.6,-48.535681079191015,3.6037479111959896,3.302216913717556
2020-10-17 15:00:00,2,-53.266666666666666,-49.246382174693714,3.6037479111959896,3.2269125847613886
2020-10-17 15:00:00,4,-58.6,-51.42175496801386,3.6037479111959896,3.165201537505066
2020-10-17 15:00:00,8,-51.6,-51.453186913752766,3.6037479111959896,3.3746698671228152
2020-10-17 18:00:00,1,-53.266666666666666,-53.621469527021006,3.6037479111959896,3.246885730278371
2020-10-17 18:00:00,2,-55.93333333333334,-53.644826818168184,3.6037479111959896,3.186749280675108
2020-10-17 18:00:00,4,-55.9,-53.97176017644684,3.6037479111959896,3.202356304868031
2020-10-17 18:00:00,8,-55.1,-55.81389747939392,3.6037479111959896,3.2595294065838103
2020-10-17 21:00:00,1,-55.93333333333334,-57.9941889528456,3.6037479111959896,3.402428422541846
2020-10-17 21:00:00,2,-58.6,-57.33007653208931,3.6037479111959896,3.378463289935409
2020-10-17 21:00:00,4,-53.5,-55.55129107991533,3.6037479111959896,3.5556967133762316
2020-10-17 21:00:00,8,-57.400000000000006,-57.61427058222172,3.6037479111959896,3.4650420468112118
2020-10-18 00:00:00,1,-58.6,-58.199852357854596,3.6037479111959896,3.4519393639060514
2020-10-18 00:00:00,2,-55.9,-57.92619167194131,3.6037479111959896,3.3734640983484128
2020-10-18 00:00:00,4,-51.1,-57.569333655994235,3.6037479111959896,3.4007063946456277
2020-10-18 00:00:00,8,-59.7,-58.891115777656786,3.6037479111959896,3.445085057302793
2020-10-18 03:00:00,1,-55.9,-58.376409684382104,3.6037479111959896,3.330477425125409
2020-10-18 03:00:00,2,-53.5,-58.23701723990604,3.6037479111959896,3.2573146204264174
2020-10-18 03:00:00,4,-51.6,-58.56613452674714,3.6037479111959896,3.2130403853031497
2020-10-18 03:00:00,8,-58.2,-60.07093686881494,3.6037479111959896,3.2768590185346342
2020-10-18 06:00:00,1,-53.5,-54.77025053491603,3.6037479111959896,3.3962796482993367
2020-10-18 06:00:00,2,-51.1,-54.81689630936587,3.6037479111959896,3.3398089597149303
2020-10-18 06:00:00,4,-55.1,-56.153799945550055,3.6037479111959896,3.2038592402256816
2020-10-18 06:00:00,8,-54.85,-58.001788076784116,3.6037479111959896,3.3048235230727245
2020-10-18 09:00:00,1,-51.1,-51.03635898861568,3.6037479111959896,3.6150705280596016
2020-10-18 09:00:00,2,-51.6,-51.67987796002133,3.6037479111959896,3.4881041091931237
2020-10-18 09:00:00,4,-57.400000000000006,-53.88306884624122,3.6037479111959896,3.260706182521064
2020-10-18 09:00:00,8,-51.5,-53.56019938373243,3.6037479111959896,3.511861679745653
2020-10-18 12:00:00,1,-51.6,-50.010647475274745,3.6037479111959896,3.426991847336681
2020-10-18 12:00:00,2,-55.1,-50.93811669729042,3.6037479111959896,3.3068250552491003
2020-10-18 12:00:00,4,-59.7,-53.10657506776883,3.6037479111959896,3.1966634979761066
2020-10-18 12:00:00,8,-48.15,-51.806063080980195,3.6037479111959896,3.4590328114281403
2020-10-18 15:00:00,1,-55.1,-52.91821818659539,3.6037479111959896,3.352605105018674
2020-10-18 15:00:00,2,-57.400000000000006,-53.53123965701448,3.6037479111959896,3.232837201050105
2020-10-18 15:00:00,4,-58.2,-54.318986895413914,3.6037479111959896,3.2151832425643327
2020-10-18 15:00:00,8,-44.8,-53.16256317327049,3.6037479111959896,3.4297007780794155
2020-10-18 18:00:00,1,-57.400000000000006,-58.558826124957974,3.6037479111959896,3.4306445449162704
2020-10-18 18:00:00,2,-59.7,-58.334794988218185,3.6037479111959896,3.2765293399836586
2020-10-18 18:00:00,4,-54.85,-57.50297443409006,3.6037479111959896,3.232622747365482
2020-10-18 18:00:00,8,-46.949999999999996,-58.0305234575064,3.6037479111959896,3.322996180077645
2020-10-18 21:00:00,1,-59.7,-60.3317870471311,3.6037479111959896,3.4925762043357285
2020-10-18 21:00:00,2,-58.2,-59.87566885208554,3.6037479111959896,3.3539016913560635
2020-10-18 21:00:00,4,-51.5,-58.96570924512191,3.6037479111959896,3.3351105738121216
2020-10-18 21:00:00,8,-49.099999999999994,-59.35717328385546,3.6037479111959896,3.4486109462112102
2020-10-19 00:00:00,1,-58.2,-59.76981140567473,3.6037479111959896,3.470097704447938
2020-10-19 00:00:00,2,-54.85,-59.30241737014014,3.6037479111959896,3.398296629992152
2020-10-19 00:00:00,4,-48.15,-58.756158737273395,3.6037479111959896,3.412180466575371
2020-10-19 00:00:00,8,-51.25,-59.674031606607066,3.6037479111959896,3.454806108993158
2020-10-19 03:00:00,1,-54.85,-56.51633478879509,3.6037479111959896,3.5358601507823018
2020-10-19 03:00:00,2,-51.5,-56.190747236302606,3.6037479111959896,3.4881356080778056
2020-10-19 03:00:00,4,-44.8,-56.52200621233563,3.6037479111959896,3.439932756875569
2020-10-19 03:00:00,8,-53.4,-58.33191622651378,3.6037479111959896,3.446325924072696
2020-10-19 06:00:00,1,-51.5,-50.09200698740903,3.6037479111959896,3.7920724120369433
2020-10-19 06:00:00,2,-48.15,-49.920426701593215,3.6037479111959896,3.7447838149628496
2020-10-19 06:00:00,4,-46.949999999999996,-51.293328548601245,3.6037479111959896,3.6073998214860885
2020-10-19 06:00:00,8,-51.375,-53.65440209619624,3.6037479111959896,3.629783709748237
2020-10-19 09:00:00,1,-48.15,-46.63536007907005,3.6037479111959896,3.4122381323287074
2020-10-19 09:00:00,2,-44.8,-47.376068960042865,3.6037479111959896,3.3726708010038524
2020-10-19 09:00:00,4,-49.099999999999994,-50.10307406273628,3.6037479111959896,3.302280178087721
2020-10-19 09:00:00,8,-49.349999999999994,-49.917106993283106,3.6037479111959896,3.548555131079455
2020-10-19 12:00:00,1,-44.8,-45.358695729383406,3.6037479111959896,3.102106938729946
2020-10-19 12:00:00,2,-46.949999999999996,-46.43534179931547,3.6037479111959896,3.071436169457135
2020-10-19 12:00:00,4,-51.25,-49.21525977419251,3.6037479111959896,3.0997855389120845
2020-10-19 12:00:00,8,-47.324999999999996,-47.88308334500185,3.6037479111959896,3.4028081420632392
2020-10-19 15:00:00,1,-46.949999999999996,-46.69322675580846,3.6037479111959896,3.598361296173569
2020-10-19 15:00:00,2,-49.099999999999994,-47.58964742867437,3.6037479111959896,3.499510024627996
2020-10-19 15:00:00,4,-53.4,-49.70386139610885,3.6037479111959896,3.4240330183327807
2020-10-19 15:00:00,8,-45.3,-48.58393843422961,3.6037479111959896,3.6780089920753984
2020-10-19 18:00:00,1,-49.099999999999994,-49.78861861078538,3.6037479111959896,3.4817593567015264
2020-10-19 18:00:00,2,-51.25,-50.099188040648265,3.6037479111959896,3.395177667216908
2020-10-19 18:00:00,4,-51.375,-50.26800430454228,3.6037479111959896,3.479209000115447
2020-10-19 18:00:00,8,-47.919999999999995,-50.5004112652875,3.6037479111959896,3.6481879995269186
2020-10-19 21:00:00,1,-51.25,-52.40242224551115,3.6037479111959896,3.7680185546838096
2020-10-19 21:00:00,2,-53.4,-51.880675146377115,3.6037479111959896,3.746701207926313
2020-10-19 21:00:00,4,-49.349999999999994,-50.7471439472112,3.6037479111959896,3.8278965614702236
2020-10-19 21:00:00,8,-50.54,-52.97623914060822,3.6037479111959896,3.7505267561354714
2020-10-20 00:00:00,1,-53.4,-52.19942955754578,3.6037479111959896,3.6710879486265364
2020-10-20 00:00:00,2,-51.375,-51.516762840333676,3.6037479111959896,3.650408904172703
2020-10-20 00:00:00,4,-47.324999999999996,-50.57572127098689,3.6037479111959896,3.7219956982343874
2020-10-20 00:00:00,8,-53.16,-53.246814911471425,3.6037479111959896,3.6609102364235024
2020-10-20 03:00:00,1,-51.375,-51.359971377707495,3.6037479111959896,3.597147782645887
2020-10-20 03:00:00,2,-49.349999999999994,-50.73435649564575,3.6037479111959896,3.5992923594822384
2020-10-20 03:00:00,4,-45.3,-50.23961854692526,3.6037479111959896,3.6517034376839224
2020-10-20 03:00:00,8,-55.78,-53.32250322522173,3.6037479111959896,3.594396149119792
2020-10-20 06:00:00,1,-49.349999999999994,-48.765925816466094,3.6037479111959896,3.580486618884341
2020-10-20 06:00:00,2,-47.324999999999996,-48.42448868320187,3.6037479111959896,3.605222414427303
2020-10-20 06:00:00,4,-47.919999999999995,-49.37371595435543,3.6037479111959896,3.581300111239606
2020-10-20 06:00:00,8,-58.4,-51.97080166952293,3.6037479111959896,3.617809478052571
2020-10-20 09:00:00,1,-47.324999999999996,-45.506678707159836,3.6037479111959896,3.7407907614701896
2020-10-20 09:00:00,2,-45.3,-46.59070522898003,3.6037479111959896,3.612905489611745
2020-10-20 09:00:00,4,-50.54,-49.707967170998735,3.6037479111959896,3.3838104355583147
2020-10-20 09:00:00,8,-56.46666666666667,-47.83123609378201,3.6037479111959896,3.7358042200912185
2020-10-20 12:00:00,1,-45.3,-44.952578141521045,3.6037479111959896,3.5686659659128157
2020-10-20 12:00:00,2,-47.919999999999995,-46.71345842359963,3.6037479111959896,3.4146158515658587
2020-10-20 12:00:00,4,-53.16,-50.09243190286771,3.6037479111959896,3.267878250619477
2020-10-20 12:00:00,8,-54.53333333333333,-46.09202884172452,3.6037479111959896,3.7008512154364994
2020-10-20 15:00:00,1,-47.919999999999995,-46.77348047904877,3.6037479111959896,4.007006551294289
2020-10-20 15:00:00,2,-50.54,-48.30885800111609,3.6037479111959896,3.777111148305102
2020-10-20 15:00:00,4,-55.78,-50.69107347944015,3.6037479111959896,3.5523536659624146
2020-10-20 15:00:00,8,-52.6,-47.33912599229625,3.6037479111959896,3.918857928929651
2020-10-20 18:00:00,1,-50.54,-51.01196660773415,3.6037479111959896,3.871800061519104
2020-10-20 18:00:00,2,-53.16,-51.67463946751299,3.6037479111959896,3.7061101961743916
2020-10-20 18:00:00,4,-58.4,-51.10818068877337,3.6037479111959896,3.7231671954757735
2020-10-20 18:00:00,8,-56.3,-49.510288357957755,3.6037479111959896,3.87759049762449
2020-10-20 21:00:00,1,-53.16,-54.81320446229458,3.6037479111959896,3.75701943208171
2020-10-20 21:00:00,2,-55.78,-53.94374718802937,3.6037479111959896,3.743404009185312
2020-10-20 21:00:00,4,-56.46666666666667,-51.55970037631471,3.6037479111959896,3.906988488011474
2020-10-20 21:00:00,8,-57.7,-53.994983184222065,3.6037479111959896,3.734202122565497
2020-10-21 00:00:00,1,-55.78,-54.95491331745258,3.6037479111959896,3.7893500046236994
2020-10-21 00:00:00,2,-58.4,-53.9986877301233,3.6037479111959896,3.763006019726705
2020-10-21 00:00:00,4,-54.53333333333333,-52.05455405550667,3.6037479111959896,3.839031303899981
2020-10-21 00:00:00,8,-59.1,-54.48334001592715,3.6037479111959896,3.684956355688376
2020-10-21 03:00:00,1,-58.4,-57.11705248896939,3.6037479111959896,3.9032424268312442
2020-10-21 03:00:00,2,-56.46666666666667,-56.35413056248368,3.6037479111959896,3.8436791422908496
2020-10-21 03:00:00,4,-52.6,-55.09827500188098,3.6037479111959896,3.857547022816106
2020-10-21 03:00:00,8,-55.7,-56.80733289002387,3.6037479111959896,3.714290948404794
2020-10-21 06:00:00,1,-56.46666666666667,-58.46760853815717,3.6037479111959896,3.6313930621482653
2020-10-21 06:00:00,2,-54.53333333333333,-57.751924818060104,3.6037479111959896,3.6300779537202
2020-10-21 06:00:00,4,-56.3,-56.47861764273504,3.6037479111959896,3.7360059569176163
2020-10-21 06:00:00,8,-53.300000000000004,-57.281082825039235,3.6037479111959896,3.708612737906745
2020-10-21 09:00:00,1,-54.53333333333333,-55.038791881172145,3.6037479111959896,3.8857735692818642
2020-10-21 09:00:00,2,-52.6,-55.53963877765918,3.6037479111959896,3.775187516882887
2020-10-21 09:00:00,4,-57.7,-55.74156170178007,3.6037479111959896,3.756069933327626
2020-10-21 09:00:00,8,-50.900000000000006,-53.57860575232879,3.6037479111959896,3.908776339645551
2020-10-21 12:00:00,1,-52.6,-52.877067853319346,3.6037479111959896,3.9898896334627993
2020-10-21 12:00:00,2,-56.3,-54.29993648899537,3.6037479111959896,3.750119350120856
2020-10-21 12:00:00,4,-59.1,-55.70390579830414,3.6037479111959896,3.59955124552292
2020-10-21 12:00:00,8,-48.5,-50.87041518204241,3.6037479111959896,3.9545025093931674
2020-10-21 15:00:00,1,-56.3,-53.62075677141693,3.6037479111959896,3.9773280435441025
2020-10-21 15:00:00,2,-57.7,-54.74745226247424,3.6037479111959896,3.766136552976729
2020-10-21 15:00:00,4,-55.7,-55.816566935560814,3.6037479111959896,3.627188157661305
2020-10-21 15:00:00,8,-46.1,-52.07336534565925,3.6037479111959896,3.9280545368535984
2020-10-21 18:00:00,1,-57.7,-59.105881992169834,3.6037479111959896,3.5498139300857603
2020-10-21 18:00:00,2,-59.1,-58.578109613446685,3.6037479111959896,3.509675366553847
2020-10-21 18:00:00,4,-53.300000000000004,-56.483461570888885,3.6037479111959896,3.6356525698118562
2020-10-21 18:00:00,8,-47.666666666666664,-56.108638583264266,3.6037479111959896,3.6573366326366594
2020-10-21 21:00:00,1,-59.1,-58.820773266030976,3.6037479111959896,3.7096781946793858
2020-10-21 21:00:00,2,-55.7,-57.8770671939616,3.6037479111959896,3.6741676211086784
2020-10-21 21:00:00,4,-50.900000000000006,-55.00208379674818,3.6037479111959896,3.8468000512519436
2020-10-21 21:00:00,8,-49.233333333333334,-55.80617442928518,3.6037479111959896,3.7733211246527265
2020-10-22 00:00:00,1,-55.7,-57.199561380307514,3.6037479111959896,3.732508021103223
2020-10-22 00:00:00,2,-53.300000000000004,-56.171657202329634,3.6037479111959896,3.764618781284481
2020-10-22 00:00:00,4,-48.5,-53.34868100755577,3.6037479111959896,3.9846773211951874
2020-10-22 00:00:00,8,-50.8,-54.68928405607164,3.6037479111959896,3.857973690738621
2020-10-22 03:00:00,1,-53.300000000000004,-51.722302229109815,3.6037479111959896,4.138665730786667
2020-10-22 03:00:00,2,-50.900000000000006,-50.685756902637046,3.6037479111959896,4.162440337130404
2020-10-22 03:00:00,4,-46.1,-49.544662739676035,3.6037479111959896,4.156510815386943
2020-10-22 03:00:00,8,-48.96666666666666,-52.342913952298986,3.6037479111959896,3.9663578471289513
2020-10-22 06:00:00,1,-50.900000000000006,-49.25482248353772,3.6037479111959896,4.270723718417816
2020-10-22 06:00:00,2,-48.5,-48.930350987078306,3.6037479111959896,4.19388184931998
2020-10-22 06:00:00,4,-47.666666666666664,-49.60462229166431,3.6037479111959896,4.039552084062424
2020-10-22 06:00:00,8,-47.13333333333333,-51.03721476366621,3.6037479111959896,4.055618088194988
2020-10-22 09:00:00,1,-48.5,-47.96869975710861,3.6037479111959896,4.158890707420625
2020-10-22 09:00:00,2,-46.1,-49.174317305452,3.6037479111959896,3.9348436062407615
2020-10-22 09:00:00,4,-49.233333333333334,-51.688184525869126,3.6037479111959896,3.6679351342145385
2020-10-22 09:00:00,8,-45.3,-48.726204236652656,3.6037479111959896,4.010163558003889
2020-10-22 12:00:00,1,-46.1,-46.52923460629107,3.6037479111959896,3.8146007262844694
2020-10-22 12:00:00,2,-47.666666666666664,-48.29412195462396,3.6037479111959896,3.596396274976941
2020-10-22 12:00:00,4,-50.8,-51.1441279241522,3.6037479111959896,3.430353096920211
2020-10-22 12:00:00,8,-44.8,-46.57852263799545,3.6037479111959896,3.8529730328472174
2020-10-22 15:00:00,1,-47.666666666666664,-46.903303949880446,3.6037479111959896,3.9865976467674655
2020-10-22 15:00:00,2,-49.233333333333334,-48.19933104316467,3.6037479111959896,3.7953415910337203
2020-10-22 15:00:00,4,-48.96666666666666,-50.2054287935856,3.6037479111959896,3.654012093983478
2020-10-22 15:00:00,8,-48.1,-47.35126499297096,3.6037479111959896,3.9795487215792056
2020-10-22 18:00:00,1,-49.233333333333334,-49.953035135385704,3.6037479111959896,3.9360315794116727
2020-10-22 18:00:00,2,-50.8,-50.288412855326435,3.6037479111959896,3.8338796433146807
2020-10-22 18:00:00,4,-47.13333333333333,-49.481716170709646,3.6037479111959896,3.9573604699838687
2020-10-22 18:00:00,8,-50.333333333333336,-48.52378524760034,3.6037479111959896,4.061688801722856
2020-10-22 21:00:00,1,-50.8,-50.564630058876475,3.6037479111959896,3.465586765568574
2020-10-22 21:00:00,2,-48.96666666666666,-49.90217280901881,3.6037479111959896,3.490374401637362
2020-10-22 21:00:00,4,-45.3,-47.74186587151883,3.6037479111959896,3.7719234832815767
2020-10-22 21:00:00,8,-52.56666666666666,-49.70645844192627,3.6037479111959896,3.733472329531823
2020-10-23 00:00:00,1,-48.96666666666666,-48.355329954702164,3.6037479111959896,3.460894724764838
2020-10-23 00:00:00,2,-47.13333333333333,-47.21530285370692,3.6037479111959896,3.5426042846043937
2020-10-23 00:00:00,4,-44.8,-45.024446674243066,3.6037479111959896,3.7738269730132483
2020-10-23 00:00:00,8,-54.8,-48.888474388804624,3.6037479111959896,3.6348554434132856
2020-10-23 03:00:00,1,-47.13333333333333,-45.22417675360177,3.6037479111959896,3.1990064124786386
2020-10-23 03:00:00,2,-45.3,-44.3324674367076,3.6037479111959896,3.3694842549254607
2020-10-23 03:00:00,4,-48.1,-44.11481129272481,3.6037479111959896,3.6026243929504487
2020-10-23 03:00:00,8,-53.8,-48.11141587265023,3.6037479111959896,3.557062062725315
2020-10-23 06:00:00,1,-45.3,-43.274926171018805,3.6037479111959896,3.763347681983703
2020-10-23 06:00:00,2,-44.8,-43.07791021888836,3.6037479111959896,3.794833783157308
2020-10-23 06:00:00,4,-50.333333333333336,-44.65272652413066,3.6037479111959896,3.696177276827177
2020-10-23 06:00:00,8,-51.625,-46.65806954976485,3.6037479111959896,3.71792935618143
2020-10-23 09:00:00,1,-44.8,-44.11322402904447,3.6037479111959896,3.926674024583937
2020-10-23 09:00:00,2,-48.1,-44.808222886227824,3.6037479111959896,3.835135173128659
2020-10-23 09:00:00,4,-52.56666666666666,-47.20424748652075,3.6037479111959896,3.63641925706393
2020-10-23 09:00:00,8,-49.45,-46.22603770280544,3.6037479111959896,3.8849159145038525
2020-10-23 12:00:00,1,-48.1,-45.90311780522737,3.6037479111959896,3.680378793268749
2020-10-23 12:00:00,2,-50.333333333333336,-47.10051912053455,3.6037479111959896,3.5683076677658128
2020-10-23 12:00:00,4,-54.8,-49.203205432384095,3.6037479111959896,3.4945335874193972
2020-10-23 12:00:00,8,-47.275,-46.5356492266025,3.6037479111959896,3.790705256467431
2020-10-23 15:00:00,1,-50.333333333333336,-50.92251352785716,3.6037479111959896,3.6813380762722434
2020-10-23 15:00:00,2,-52.56666666666666,-51.511061425939445,3.6037479111959896,3.5498273800961897
2020-10-23 15:00:00,4,-53.8,-51.43246125247052,3.6037479111959896,3.572066469131838
2020-10-23 15:00:00,8,-45.1,-49.339448927284614,3.6037479111959896,3.766760425512018
2020-10-23 18:00:00,1,-52.56666666666666,-53.07518752290341,3.6037479111959896,3.720929588289783
2020-10-23 18:00:00,2,-54.8,-52.98060506138671,3.6037479111959896,3.6121948518456493
2020-10-23 18:00:00,4,-51.625,-51.6223089402543,3.6037479111959896,3.721492502551839
2020-10-23 18:00:00,8,-47.3,-51.24067478658604,3.6037479111959896,3.8098260658923886
2020-10-23 21:00:00,1,-54.8,-54.27628100050107,3.6037479111959896,3.829286404767933
2020-10-23 21:00:00,2,-53.8,-53.742892947001465,3.6037479111959896,3.7725503284158015
2020-10-23 21:00:00,4,-49.45,-51.89212120522496,3.6037479111959896,3.8817386727934284
2020-10-23 21:00:00,8,-49.5,-52.82618719920852,3.6037479111959896,3.82077885327521
2020-10-24 00:00:00,1,-53.8,-52.53128659443158,3.6037479111959896,3.8398950105161838
2020-10-24 00:00:00,2,-51.625,-51.58098505630235,3.6037479111959896,3.859616911437954
2020-10-24 00:00:00,4,-47.275,-49.63425415574305,3.6037479111959896,3.9587902234215435
2020-10-24 00:00:00,8,-51.7,-52.16603906496026,3.6037479111959896,3.794290797305155
2020-10-24 03:00:00,1,-51.625,-50.354546020045085,3.6037479111959896,3.890892064727474
2020-10-24 03:00:00,2,-49.45,-49.46275222440987,3.6037479111959896,3.927367000046942
2020-10-24 03:00:00,4,-45.1,-48.51239052444801,3.6037479111959896,3.9649694701356495
2020-10-24 03:00:00,8,-53.9,-51.81158662169259,3.6037479111959896,3.809631340667067
2020-10-24 06:00:00,1,-49.45,-47.942136326619824,3.6037479111959896,4.140460913942782
2020-10-24 06:00:00,2,-47.275,-47.72334431282675,3.6037479111959896,4.072773743122918
2020-10-24 06:00:00,4,-47.3,-48.61238633505699,3.6037479111959896,3.93254745351879
2020-10-24 06:00:00,8,-51.766666666666666,-50.256116758712984,3.6037479111959896,3.9791878773945495
2020-10-24 09:00:00,1,-47.275,-46.08866626360552,3.6037479111959896,3.737718147244264
2020-10-24 09:00:00,2,-45.1,-47.1034922678686,3.6037479111959896,3.6503798113602537
2020-10-24 09:00:00,4,-49.5,-49.79888340826059,3.6037479111959896,3.5458038574644424
2020-10-24 09:00:00,8,-49.63333333333333,-48.255337386347634,3.6037479111959896,3.82220386121862
2020-10-24 12:00:00,1,-45.1,-45.864271994366916,3.6037479111959896,3.7126921433989697
2020-10-24 12:00:00,2,-47.3,-47.27295698265337,3.6037479111959896,3.575371882510031
2020-10-24 12:00:00,4,-51.7,-49.75893469051014,3.6037479111959896,3.5092217319602734
2020-10-24 12:00:00,8,-47.5,-46.37511151908029,3.6037479111959896,3.849176370834887
2020-10-24 15:00:00,1,-47.3,-46.439589873150815,3.6037479111959896,4.028818789119372
2020-10-24 15:00:00,2,-49.5,-47.92398546568694,3.6037479111959896,3.8084743998294357
2020-10-24 15:00:00,4,-53.9,-50.258468834193906,3.6037479111959896,3.604250824464315
2020-10-24 15:00:00,8,-49.0,-46.99792338210418,3.6037479111959896,3.9496424034442468
2020-10-24 18:00:00,1,-49.5,-50.29919064950632,3.6037479111959896,3.93699928700049
2020-10-24 18:00:00,2,-51.7,-50.80948313384326,3.6037479111959896,3.80968634041239
2020-10-24 18:00:00,4,-51.766666666666666,-50.26457688133421,3.6037479111959896,3.876113849105854
2020-10-24 18:00:00,8,-51.4,-48.999148744582165,3.6037479111959896,3.9882500385343653
2020-10-24 21:00:00,1,-51.7,-52.02221234217431,3.6037479111959896,3.7468097677726315
2020-10-24 21:00:00,2,-53.9,-51.31056851615788,3.6037479111959896,3.751332010525974
2020-10-24 21:00:00,4,-49.63333333333333,-49.29501743250141,3.6037479111959896,3.947724503939261
2020-10-24 21:00:00,8,-53.8,-51.28879668743856,3.6037479111959896,3.835725160702094
2020-10-25 00:00:00,1,-53.9,-52.39055870137107,3.6037479111959896,3.8244449075549483
2020-10-25 00:00:00,2,-51.766666666666666,-51.27733973101325,3.6037479111959896,3.842441314770082
2020-10-25 00:00:00,4,-47.5,-49.12828954072608,3.6037479111959896,3.942978769734129
2020-10-25 00:00:00,8,-56.2,-51.803783055598245,3.6037479111959896,3.785609355439737
2020-10-25 03:00:00,1,-51.766666666666666,-51.61261550006393,3.6037479111959896,3.7617948922761952
2020-10-25 03:00:00,2,-49.63333333333333,-50.456818433656316,3.6037479111959896,3.814863647994782
2020-10-25 03:00:00,4,-49.0,-48.37377441978836,3.6037479111959896,3.9385183250465445
2020-10-25 03:00:00,8,-58.6,-51.37540180702846,3.6037479111959896,3.778814020933742
2020-10-25 06:00:00,1,-49.63333333333333,-47.34103135716355,3.6037479111959896,3.8080280034476193
2020-10-25 06:00:00,2,-47.5,-47.00175968962392,3.6037479111959896,3.8141358278070383
2020-10-25 06:00:00,4,-51.4,-47.06281458324181,3.6037479111959896,3.856969618800496
2020-10-25 06:00:00,8,-55.175,-48.88130144120152,3.6037479111959896,3.872916452374847
2020-10-25 09:00:00,1,-47.5,-45.56593414955592,3.6037479111959896,3.835904156480135
2020-10-25 09:00:00,2,-49.0,-46.57584417556618,3.6037479111959896,3.6950267477388183
2020-10-25 09:00:00,4,-53.8,-48.573048782271066,3.6037479111959896,3.5948046648602436
2020-10-25 09:00:00,8,-51.75,-46.03822975332354,3.6037479111959896,3.9213350769356734
2020-10-25 12:00:00,1,-49.0,-46.627434928433686,3.6037479111959896,3.9868001567361873
2020-10-25 12:00:00,2,-51.4,-48.14914670822909,3.6037479111959896,3.771443415218547
2020-10-25 12:00:00,4,-56.2,-50.47151305134154,3.6037479111959896,3.5988113549838943
2020-10-25 12:00:00,8,-48.325,-46.64064135132465,3.6037479111959896,3.974781845930525
2020-10-25 15:00:00,1,-51.4,-51.07946169944861,3.6037479111959896,3.6704627497522604
2020-10-25 15:00:00,2,-53.8,-51.96544528504014,3.6037479111959896,3.499148807202218
2020-10-25 15:00:00,4,-58.6,-51.72062562330675,3.6037479111959896,3.551259456293346
2020-10-25 15:00:00,8,-44.9,-48.122848782355014,3.6037479111959896,3.855349325770081
2020-10-25 18:00:00,1,-53.8,-53.56209051870518,3.6037479111959896,3.7307643318918933
2020-10-25 18:00:00,2,-56.2,-53.43252363628848,3.6037479111959896,3.616741821823319
2020-10-25 18:00:00,4,-55.175,-50.9200663462456,3.6037479111959896,3.8306472952186135
2020-10-25 18:00:00,8,-47.5,-49.63350159245929,3.6037479111959896,3.916406561221121
2020-10-25 21:00:00,1,-56.2,-54.3998485413643,3.6037479111959896,3.680530055898427
2020-10-25 21:00:00,2,-58.6,-53.36713150683775,3.6037479111959896,3.6459063098984217
2020-10-25 21:00:00,4,-51.75,-49.59391114382598,3.6037479111959896,3.92368476309856
2020-10-25 21:00:00,8,-46.5,-50.294488119671705,3.6037479111959896,3.8699348956526296
2020-10-26 00:00:00,1,-58.6,-55.787205799728966,3.6037479111959896,3.6283271529324943
2020-10-26 00:00:00,2,-55.175,-54.40400060844278,3.6037479111959896,3.6399023532112174
2020-10-26 00:00:00,4,-48.325,-50.571859745932514,3.6037479111959896,3.886314955529209
2020-10-26 00:00:00,8,-44.7,-51.84697871105884,3.6037479111959896,3.826183784621813
2020-10-26 03:00:00,1,-55.175,-54.48365631586163,3.6037479111959896,3.4566325244331533
2020-10-26 03:00:00,2,-51.75,-52.9551691248842,3.6037479111959896,3.5169721505071414
2020-10-26 03:00:00,4,-44.9,-49.246180074166105,3.6037479111959896,3.79191619729738
2020-10-26 03:00:00,8,-42.63333333333333,-50.909621603648205,3.6037479111959896,3.7866047895118977
2020-10-26 06:00:00,1,-51.75,-48.868983035780374,3.6037479111959896,3.5058487252814023
2020-10-26 06:00:00,2,-48.325,-48.53830586429655,3.6037479111959896,3.5268514164430806
2020-10-26 06:00:00,4,-47.5,-47.21824141699347,3.6037479111959896,3.791744999592779
2020-10-26 06:00:00,8,-40.56666666666667,-48.00984180462327,3.6037479111959896,3.846000915349833
2020-10-26 09:00:00,1,-48.325,-46.94075342982283,3.6037479111959896,3.768327251751718
2020-10-26 09:00:00,2,-44.9,-48.093128476779796,3.6037479111959896,3.616536925777425
2020-10-26 09:00:00,4,-46.5,-49.56857706815089,3.6037479111959896,3.62167978520377
2020-10-26 09:00:00,8,-38.5,-46.19054150104618,3.6037479111959896,3.985831862625606
2020-10-26 12:00:00,1,-44.9,-45.85610871815346,3.6037479111959896,3.791460203286714
2020-10-26 12:00:00,2,-47.5,-47.63597023855557,3.6037479111959896,3.572820206249985
2020-10-26 12:00:00,4,-44.7,-50.06333194864464,3.6037479111959896,3.5090544132973327
2020-10-26 12:00:00,8,-41.4,-45.08546878506593,3.6037479111959896,3.959239605732335
2020-10-26 15:00:00,1,-47.5,-45.14760046741296,3.6037479111959896,3.903322433731736
2020-10-26 15:00:00,2,-46.5,-46.516260544969285,3.6037479111959896,3.7271582094723033
2020-10-26 15:00:00,4,-42.63333333333333,-48.56757297474923,3.6037479111959896,3.64422633827862
2020-10-26 15:00:00,8,-43.575,-45.588317233302384,3.6037479111959896,3.9976561413680307
2020-10-26 18:00:00,1,-46.5,-48.47878888004119,3.6037479111959896,3.8559118534609746
2020-10-26 18:00:00,2,-44.7,-48.47436500396435,3.6037479111959896,3.7467339998248814
2020-10-26 18:00:00,4,-40.56666666666667,-46.91808646868641,3.6037479111959896,3.8581753475847784
2020-10-26 18:00:00,8,-45.75,-46.41319648089561,3.6037479111959896,3.951033366465322
2020-10-26 21:00:00,1,-44.7,-46.83648612909632,3.6037479111959896,3.9395436184084587
2020-10-26 21:00:00,2,-42.63333333333333,-46.00597580601799,3.6037479111959896,4.009796661981042
2020-10-26 21:00:00,4,-38.5,-43.998866832458006,3.6037479111959896,4.21885269345947
2020-10-26 21:00:00,8,-47.925,-47.312891110258775,3.6037479111959896,3.931239883228384
2020-10-27 00:00:00,1,-42.63333333333333,-44.44340873810182,3.6037479111959896,3.921284289483012
2020-10-27 00:00:00,2,-40.56666666666667,-43.42812125295483,3.6037479111959896,4.054790452667211
2020-10-27 00:00:00,4,-41.4,-41.99641085428959,3.6037479111959896,4.24739065632131
2020-10-27 00:00:00,8,-50.1,-46.663515816746106,3.6037479111959896,3.8905221827756513
2020-10-27 03:00:00,1,-40.56666666666667,-40.861147705838334,3.6037479111959896,3.1623757289710097
2020-10-27 03:00:00,2,-38.5,-40.21359672083162,3.6037479111959896,3.345549941371662
2020-10-27 03:00:00,4,-43.575,-40.48046884641982,3.6037479111959896,3.5825889228311256
2020-10-27 03:00:00,8,-48.8,-44.51133757141209,3.6037479111959896,3.520472205797906
2020-10-27 06:00:00,1,-38.5,-39.1242554234608,3.6037479111959896,3.563982562975044
2020-10-27 06:00:00,2,-41.4,-39.138237465667196,3.6037479111959896,3.629337416674231
2020-10-27 06:00:00,4,-45.75,-41.098073648791036,3.6037479111959896,3.641120572243044
2020-10-27 06:00:00,8,-46.8,-43.04372100592444,3.6037479111959896,3.716132546760427
2020-10-27 09:00:00,1,-41.4,-39.48798449709629,3.6037479111959896,3.654153425733305
2020-10-27 09:00:00,2,-43.575,-40.2634798863535,3.6037479111959896,3.633141816774821
2020-10-27 09:00:00,4,-47.925,-42.96971906977187,3.6037479111959896,3.5615645170341756
2020-10-27 09:00:00,8,-53.29175178959221,-42.46944064856573,3.6037479111959896,3.8194909314638648
2020-10-27 12:00:00,1,-43.575,-43.76995862451884,3.6037479111959896,3.784911181261106
2020-10-27 12:00:00,2,-45.75,-44.82283176429527,3.6037479111959896,3.640709793728291
2020-10-27 12:00:00,4,-50.1,-46.0631281060251,3.6037479111959896,3.5971959407481444
2020-10-27 12:00:00,8,-53.29175178959221,-43.45104399194259,3.6037479111959896,3.873358689784162
2020-10-27 15:00:00,1,-45.75,-46.81437107171803,3.6037479111959896,3.794383574384032
2020-10-27 15:00:00,2,-47.925,-47.78210333004091,3.6037479111959896,3.5930680638977206
2020-10-27 15:00:00,4,-48.8,-47.63316460770163,3.6037479111959896,3.6886651060864537
2020-10-27 15:00:00,8,-53.29175178959221,-44.39055422649837,3.6037479111959896,3.9832283458397337
2020-10-27 18:00:00,1,-47.925,-47.78402634718246,3.6037479111959896,3.8509627828246367
2020-10-27 18:00:00,2,-50.1,-48.14778856386348,3.6037479111959896,3.6787778154663933
2020-10-27 18:00:00,4,-46.8,-46.78414317319556,3.6037479111959896,3.7892837010043983
2020-10-27 18:00:00,8,-53.29175178959221,-45.032491788294216,3.6037479111959896,3.9557446025267566
2020-10-27 21:00:00,1,-50.1,-48.92521309452065,3.6037479111959896,3.7665964793492144
2020-10-27 21:00:00,2,-48.8,-48.30120231784988,3.6037479111959896,3.707080916352265
2020-10-27 21:00:00,4,-53.29175178959221,-45.640397926842894,3.6037479111959896,3.8680003335975583
2020-10-27 21:00:00,8,-53.29175178959221,-46.75050334223629,3.6037479111959896,3.722821640847076
2020-10-28 00:00:00,1,-48.8,-48.41736040666014,3.6037479111959896,3.8097749585187657
2020-10-28 00:00:00,2,-46.8,-47.28445041444129,3.6037479111959896,3.815496611617398
2020-10-28 00:00:00,4,-53.29175178959221,-44.29141545181665,3.6037479111959896,3.9572480977460907
2020-10-28 00:00:00,8,-59.4,-47.14911330978583,3.6037479111959896,3.7036621876359592
2020-10-28 03:00:00,1,-46.8,-44.94468865568368,3.6037479111959896,3.8403017900189163
2020-10-28 03:00:00,2,-53.29175178959221,-44.13024658542746,3.6037479111959896,3.8905360993374827
2020-10-28 03:00:00,4,-53.29175178959221,-42.54886147266193,3.6037479111959896,4.003389018360401
2020-10-28 03:00:00,8,-57.5,-46.018628523898364,3.6037479111959896,3.722861724277562
2020-10-28 06:00:00,1,-53.29175178959221,-42.91623916330934,3.6037479111959896,3.936614502063871
2020-10-28 06:00:00,2,-53.29175178959221,-42.9140560453105,3.6037479111959896,3.9004366400173716
2020-10-28 06:00:00,4,-53.29175178959221,-43.56750433091803,3.6037479111959896,3.8184506551369135
2020-10-28 06:00:00,8,-54.675,-44.95671814020795,8.0,3.861009474063837
2020-10-28 09:00:00,1,-53.29175178959221,-50.62397070051459,3.6037479111959896,3.275787603234083
2020-10-28 09:00:00,2,-53.29175178959221,-51.145980872572494,3.6037479111959896,3.2069625268738053
2020-10-28 09:00:00,4,-53.29175178959221,-50.54192112855741,3.6037479111959896,3.4505212475933567
2020-10-28 09:00:00,8,-51.85,-47.7608798926374,9.8,3.7346901353324076
2020-10-28 12:00:00,1,-53.29175178959221,-50.27142884574639,3.6037479111959896,3.256296631926461
2020-10-28 12:00:00,2,-53.29175178959221,-51.08583417045214,3.6037479111959896,3.1538062727722083
2020-10-28 12:00:00,4,-59.4,-50.60378406403527,3.6037479111959896,3.3948686368979986
2020-10-28 12:00:00,8,-49.025000000000006,-46.627146367787304,11.6,3.7122029975786535
2020-10-28 15:00:00,1,-53.29175178959221,-51.69498704590089,3.6037479111959896,3.46418628489889
2020-10-28 15:00:00,2,-53.29175178959221,-52.39763384096482,3.6037479111959896,3.3074225076449735
2020-10-28 15:00:00,4,-57.5,-51.542407361872705,3.6037479111959896,3.4778177704935707
2020-10-28 15:00:00,8,-46.2,-47.52415208745686,10.6,3.7743851017909194
2020-10-28 18:00:00,1,-53.29175178959221,-53.11867038807104,3.6037479111959896,3.804048373305308
2020-10-28 18:00:00,2,-59.4,-53.19599423906799,3.6037479111959896,3.6632349154312203
2020-10-28 18:00:00,4,-54.675,-51.624056335279604,8.0,3.792528219427048
2020-10-28 18:00:00,8,-50.3,-49.55323490020116,7.6,3.9039448399626178
2020-10-28 21:00:00,1,-59.4,-53.394968332763234,3.6037479111959896,4.078922357404946
2020-10-28 21:00:00,2,-57.5,-52.69283138221215,3.6037479111959896,4.030603308243432
2020-10-28 21:00:00,4,-51.85,-50.227817641339975,9.8,4.176666049251262
2020-10-28 21:00:00,8,-51.5,-51.15975640118271,5.8,3.90890452131085
2020-10-29 00:00:00,1,-57.5,-55.43050485299764,3.6037479111959896,3.8338411728190427
2020-10-29 00:00:00,2,-54.675,-54.37197109719553,8.0,3.8798890764137544
2020-10-29 00:00:00,4,-49.025000000000006,-51.31558878692896,11.6,4.1311454020614224
2020-10-29 00:00:00,8,-52.7,-52.392427320687894,5.1,3.982912130629227
2020-10-29 03:00:00,1,-54.675,-52.244658106548854,8.0,3.8647792093952287
2020-10-29 03:00:00,2,-51.85,-51.25653670593723,9.8,3.9076761314584516
2020-10-29 03:00:00,4,-46.2,-49.14546952657532,10.6,4.066301048906742
2020-10-29 03:00:00,8,-52.4,-51.27214915182072,4.7,3.9382043226226893
2020-10-29 06:00:00,1,-51.85,-49.467484474910314,9.8,7.409413726599627
2020-10-29 06:00:00,2,-49.025000000000006,-49.92843182783944,11.6,7.012832237721203
2020-10-29 06:00:00,4,-50.3,-51.8760125142848,7.6,6.132787471287673
2020-10-29 06:00:00,8,-48.6,-51.75046904448859,4.4,5.34812266067534
2020-10-29 09:00:00,1,-49.025000000000006,-48.154967635724994,11.6,8.85451121343676
2020-10-29 09:00:00,2,-46.2,-49.044355858680795,10.6,8.2495329968617
2020-10-29 09:00:00,4,-51.5,-52.24581847339279,5.8,6.9260091012208225
2020-10-29 09:00:00,8,-46.6,-51.260621135985296,3.6,5.905593680849224
2020-10-29 12:00:00,1,-46.2,-46.71236686460022,10.6,10.152504776496388
2020-10-29 12:00:00,2,-50.3,-48.46175623664435,7.6,9.271571269631407
2020-10-29 12:00:00,4,-52.7,-53.41022872385063,5.1,7.536586574466607
2020-10-29 12:00:00,8,-44.6,-49.83348961117231,3.7,6.61701493337983
2020-10-29 15:00:00,1,-50.3,-48.19696491791445,7.6,8.988965035829514
2020-10-29 15:00:00,2,-51.5,-49.76649202539125,5.8,8.299739686337244
2020-10-29 15:00:00,4,-52.4,-51.79906134242477,4.7,7.201891662812129
2020-10-29 15:00:00,8,-42.6,-48.289938725877676,3.9,6.276636732482038
2020-10-29 18:00:00,1,-51.5,-53.17274524822582,5.8,6.204175487791855
2020-10-29 18:00:00,2,-52.7,-53.768915101121735,5.1,5.948885385379117
2020-10-29 18:00:00,4,-48.6,-51.98172712137439,4.4,5.784388851881423
2020-10-29 18:00:00,8,-45.525,-51.52191154040617,4.1,4.9476962550395385
2020-10-29 21:00:00,1,-52.7,-54.291057034798136,5.1,4.351809712313004
2020-10-29 21:00:00,2,-52.4,-53.827705280003705,4.7,4.265478614251635
2020-10-29 21:00:00,4,-46.6,-51.307801432106885,3.6,4.353653203534328
2020-10-29 21:00:00,8,-48.45,-52.37063801981958,3.7,4.120790466975676
2020-10-30 00:00:00,1,-52.4,-50.425609753161595,4.7,4.304570236436564
2020-10-30 00:00:00,2,-48.6,-49.58494667051195,4.4,4.313844691794511
2020-10-30 00:00:00,4,-44.6,-47.471753292729396,3.7,4.3594989593059985
2020-10-30 00:00:00,8,-51.375,-50.35568567248556,4.0,3.9939538027192256
2020-10-30 03:00:00,1,-48.6,-48.82495538180191,4.4,4.556112891344904
2020-10-30 03:00:00,2,-46.6,-47.974322907082836,3.6,4.552141392527035
2020-10-30 03:00:00,4,-42.6,-46.734660245973465,3.9,4.45088491520169
2020-10-30 03:00:00,8,-54.3,-49.80955672979697,3.6,4.039777948261346
2020-10-30 06:00:00,1,-46.6,-46.276745121459555,3.6,4.73819132113176
2020-10-30 06:00:00,2,-44.6,-45.62810113645144,3.7,4.691281310525654
2020-10-30 06:00:00,4,-45.525,-45.5122921303707,4.1,4.450846311405651
2020-10-30 06:00:00,8,-51.3,-48.00428458048961,3.4,4.117074798286803
2020-10-30 09:00:00,1,-44.6,-45.720838259839546,3.7,4.036467832711518
2020-10-30 09:00:00,2,-42.6,-46.35575309848865,3.9,3.9266964990314928
2020-10-30 09:00:00,4,-48.45,-47.37110182621977,3.7,3.8744574050067735
2020-10-30 09:00:00,8,-48.3,-46.3711112975854,3.4,4.043493030428457
2020-10-30 12:00:00,1,-42.6,-44.803685170994605,3.9,3.9956578883815115
2020-10-30 12:00:00,2,-45.525,-45.8694567194889,4.1,3.836312668888076
2020-10-30 12:00:00,4,-51.375,-47.8381154372318,4.0,3.6926758885324054
2020-10-30 12:00:00,8,-45.3,-45.66575956168084,2.8,3.9925783558647905
2020-10-30 15:00:00,1,-45.525,-44.87327836159111,4.1,4.110204975516904
2020-10-30 15:00:00,2,-48.45,-45.6282863052058,3.7,3.9169872177665077
2020-10-30 15:00:00,4,-54.3,-46.83640147023003,3.6,3.736277263223132
2020-10-30 15:00:00,8,-42.3,-45.24747919661111,2.2,4.030935812762902
2020-10-30 18:00:00,1,-48.45,-49.917873606336165,3.7,4.134950168738114
2020-10-30 18:00:00,2,-51.375,-50.46539023393095,4.0,3.974393675163728
2020-10-30 18:00:00,4,-51.3,-49.95072701046516,3.4,3.994404891275146
2020-10-30 18:00:00,8,-53.29175178959221,-48.791723714653315,3.3,4.098898488850903
2020-10-30 21:00:00,1,-51.375,-51.75572464889544,4.0,3.6214835836765107
2020-10-30 21:00:00,2,-54.3,-51.31050790401212,3.6,3.578068163044741
2020-10-30 21:00:00,4,-48.3,-49.55302487416266,3.4,3.7309393953081136
2020-10-30 21:00:00,8,-53.29175178959221,-51.18850799317726,3.6,3.702425573148838
2020-10-31 00:00:00,1,-54.3,-53.698446231634854,3.6,3.9159142561813085
2020-10-31 00:00:00,2,-51.3,-52.99893082393485,3.4,3.848748023327324
2020-10-31 00:00:00,4,-45.3,-51.548585657859505,2.8,3.8390122152826027
2020-10-31 00:00:00,8,-53.29175178959221,-53.684129516718734,3.4,3.695672841450902
2020-10-31 03:00:00,1,-51.3,-51.78529328901232,3.4,3.3689634369299415
2020-10-31 03:00:00,2,-48.3,-51.37915282524354,3.4,3.4051011089056344
2020-10-31 03:00:00,4,-42.3,-50.86047334913583,2.2,3.56031725184504
2020-10-31 03:00:00,8,-53.29175178959221,-53.640993212527164,3.7,3.5168473013518593
2020-10-31 06:00:00,1,-48.3,-49.01955405311186,3.4,3.374653444513451
2020-10-31 06:00:00,2,-45.3,-48.8881815051523,2.8,3.406298359784433
2020-10-31 06:00:00,4,-53.29175178959221,-49.84313315666914,3.3,3.430073392689452
2020-10-31 06:00:00,8,-53.29175178959221,-52.35971792669422,3.4,3.480307808648339
2020-10-31 09:00:00,1,-45.3,-46.14807084970647,2.8,3.6931593690856923
2020-10-31 09:00:00,2,-42.3,-47.119042840729605,2.2,3.5822124991621394
2020-10-31 09:00:00,4,-53.29175178959221,-50.13639831426206,3.6,3.3867025210515918
2020-10-31 09:00:00,8,-53.29175178959221,-48.90233430609326,2.3,3.6977278937381532
2020-10-31 12:00:00,1,-42.3,-45.355896583038366,2.2,3.1189110538411864
2020-10-31 12:00:00,2,-53.29175178959221,-46.54926849656057,3.3,3.0890270235332222
2020-10-31 12:00:00,4,-53.29175178959221,-49.41371816930437,3.4,3.0953030729983064
2020-10-31 12:00:00,8,-53.29175178959221,-47.737550070590444,1.3000000000000003,3.414212791144305
2020-10-31 15:00:00,1,-53.29175178959221,-46.190161797024594,3.3,2.8326965381532125
2020-10-31 15:00:00,2,-53.29175178959221,-47.05200886964857,3.6,2.884099038863228
2020-10-31 15:00:00,4,-53.29175178959221,-49.184709091226644,3.7,2.992795278151644
2020-10-31 15:00:00,8,-42.3,-48.76274156234206,3.1,3.2075791745273774
2020-10-31 18:00:00,1,-53.29175178959221,-52.29843080660108,3.6,2.8173262554719076
2020-10-31 18:00:00,2,-53.29175178959221,-52.51328775920752,3.4,2.815699190781138
2020-10-31 18:00:00,4,-53.29175178959221,-51.98632225153023,3.4,3.0376771498213975
2020-10-31 18:00:00,8,-45.63333333333333,-52.02017508059458,2.9,3.1959636708725068
2020-10-31 21:00:00,1,-53.29175178959221,-52.60684710931883,3.4,3.0866306022498553
2020-10-31 21:00:00,2,-53.29175178959221,-52.53203330364479,3.7,3.0771700595325497
2020-10-31 21:00:00,4,-53.29175178959221,-51.6078506468937,2.3,3.264418092138638
2020-10-31 21:00:00,8,-48.96666666666666,-52.56730164696606,4.0,3.3532026107347073
2020-11-01 00:00:00,1,-53.29175178959221,-51.610348263574544,3.7,3.0795395008148185
2020-11-01 00:00:00,2,-53.29175178959221,-51.15593900681396,3.4,3.0839845359760836
2020-11-01 00:00:00,4,-53.29175178959221,-50.22059209716463,1.3000000000000003,3.26006977974811
2020-11-01 00:00:00,8,-52.3,-52.78946281344966,4.6,3.2933102341650997
2020-11-01 03:00:00,1,-53.29175178959221,-51.245482959878274,3.4,3.413246976421177
2020-11-01 03:00:00,2,-53.29175178959221,-50.81400589868094,2.3,3.3497131261657174
2020-11-01 03:00:00,4,-42.3,-50.72482030479638,3.1,3.312185544242115
2020-11-01 03:00:00,8,-50.3,-53.28926300212388,2.9,3.335841406588921
2020-11-01 06:00:00,1,-53.29175178959221,-52.24202953881313,2.3,3.061192726826522
2020-11-01 06:00:00,2,-53.29175178959221,-52.09683413433459,1.3000000000000003,3.0401068962049362
2020-11-01 06:00:00,4,-45.63333333333333,-52.61971692315366,2.9,3.0246640447854976
2020-11-01 06:00:00,8,-48.1,-54.037488599734516,3.4,3.1453606259855635
2020-11-01 09:00:00,1,-53.29175178959221,-53.788980243121664,1.3000000000000003,2.0668104481475575
2020-11-01 09:00:00,2,-42.3,-53.65064558416112,3.1,2.249359055107712
2020-11-01 09:00:00,4,-48.96666666666666,-53.301659897121596,4.0,2.6473326267305763
2020-11-01 09:00:00,8,-45.9,-52.48290945610344,2.9,2.9889279136067906
2020-11-01 12:00:00,1,-42.3,-54.21747713210029,3.1,1.6352914574510145
2020-11-01 12:00:00,2,-45.63333333333333,-54.17643361309597,2.9,1.8859968792027286
2020-11-01 12:00:00,4,-52.3,-53.358823680113225,4.6,2.4306628496061027
2020-11-01 12:00:00,8,-44.8,-50.84680868761541,2.9,2.899805611795383
2020-11-01 15:00:00,1,-45.63333333333333,-45.71003362699779,2.9,3.286543026043649
2020-11-01 15:00:00,2,-48.96666666666666,-46.4054842383017,4.0,3.236132813516338
2020-11-01 15:00:00,4,-50.3,-47.45466409000486,2.9,3.2596658528739524
2020-11-01 15:00:00,8,-45.7,-46.70696923143577,2.5,3.460829247608021
2020-11-01 18:00:00,1,-48.96666666666666,-49.09820286039759,4.0,3.09053123857472
2020-11-01 18:00:00,2,-52.3,-49.54884488767083,4.6,3.0729211359207733
2020-11-01 18:00:00,4,-48.1,-49.24409602505335,3.4,3.2876908224737935
2020-11-01 18:00:00,8,-49.1,-48.31133256176526,3.1,3.48402874270304
2020-11-01 21:00:00,1,-52.3,-53.49922896885558,4.6,3.8478544307612874
2020-11-01 21:00:00,2,-50.3,-52.92366729054929,2.9,3.744888309146947
2020-11-01 21:00:00,4,-45.9,-50.964633115089626,2.9,3.796095271499197
2020-11-01 21:00:00,8,-50.45,-52.60667765649231,3.9,3.6905493605703064
2020-11-02 00:00:00,1,-50.3,-51.45384247959078,2.9,3.9530667041173015
2020-11-02 00:00:00,2,-48.1,-50.62047627071448,3.4,3.945528326517804
2020-11-02 00:00:00,4,-44.8,-49.24172845880115,2.9,3.9439627932919907
2020-11-02 00:00:00,8,-51.8,-52.35855251634336,4.0,3.7250546091791223
2020-11-02 03:00:00,1,-48.1,-47.151089283750125,3.4,2.6434813115539653
2020-11-02 03:00:00,2,-45.9,-46.77224770185538,2.9,2.8542050910054533
2020-11-02 03:00:00,4,-45.7,-46.697809502353536,2.5,3.230877231938663
2020-11-02 03:00:00,8,-48.5,-50.45159588223237,3.0,3.2388199629736008
2020-11-02 06:00:00,1,-45.9,-46.35609605695976,2.9,3.367107548771355
2020-11-02 06:00:00,2,-44.8,-45.95473953963743,2.9,3.4041268162770226
2020-11-02 06:00:00,4,-49.1,-47.190373159212314,3.1,3.3109011149012675
2020-11-02 06:00:00,8,-45.199999999999996,-49.67593081499208,3.0,3.3840596806475167
2020-11-02 09:00:00,1,-44.8,-45.77813826254955,2.9,3.2718654255644672
2020-11-02 09:00:00,2,-45.7,-46.64649614236707,2.5,3.250400435283171
2020-11-02 09:00:00,4,-50.45,-48.89945302263539,3.9,3.21348758148737
2020-11-02 09:00:00,8,-41.9,-47.91649009389094,2.3,3.4701493983433243
2020-11-02 12:00:00,1,-45.7,-46.04861001108235,2.5,3.429226655214257
2020-11-02 12:00:00,2,-49.1,-47.40952001974283,3.1,3.326618298545317
2020-11-02 12:00:00,4,-51.8,-49.79268908112677,4.0,3.2602111314929973
2020-11-02 12:00:00,8,-42.5,-47.187707665800865,2.2,3.5751028856339575
2020-11-02 15:00:00,1,-49.1,-48.02626850668777,3.1,3.0145888272605506
2020-11-02 15:00:00,2,-50.45,-48.99000198451774,3.9,3.0136924087260195
2020-11-02 15:00:00,4,-48.5,-50.41806916992849,3.0,3.1384178079162495
2020-11-02 15:00:00,8,-45.9,-49.27300036325772,3.4,3.3568468304088133
2020-11-02 18:00:00,1,-50.45,-50.765075955968456,3.9,3.1208350585045235
2020-11-02 18:00:00,2,-51.8,-50.8440145847773,4.0,3.0900910806516557
2020-11-02 18:00:00,4,-45.199999999999996,-50.17805461935813,3.0,3.230955345973465
2020-11-02 18:00:00,8,-49.3,-51.410622957534905,3.9,3.25863506753553
2020-11-02 21:00:00,1,-51.8,-53.19633084812412,4.0,3.7176005440830586
2020-11-02 21:00:00,2,-48.5,-52.80811568344713,3.0,3.656865109129314
2020-11-02 21:00:00,4,-41.9,-51.31557978066659,2.3,3.7729700780475204
2020-11-02 21:00:00,8,-52.7,-53.18129259649812,4.3,3.684728891884646
2020-11-03 00:00:00,1,-48.5,-48.51737747204832,3.0,3.4063880842841345
2020-11-03 00:00:00,2,-45.199999999999996,-47.90189238358883,3.0,3.4529329451026425
2020-11-03 00:00:00,4,-42.5,-46.905652783106916,2.2,3.597308736214695
2020-11-03 00:00:00,8,-56.1,-50.233789513793226,5.1,3.4996178379920706
2020-11-03 03:00:00,1,-45.199999999999996,-44.86651718030363,3.0,2.6744975421451933
2020-11-03 03:00:00,2,-41.9,-44.40793415137225,2.3,2.8830892083477937
2020-11-03 03:00:00,4,-45.9,-45.14857962825798,3.4,3.1504814941783055
2020-11-03 03:00:00,8,-52.6,-48.79271008050823,5.4,3.2175808902113863
2020-11-03 06:00:00,1,-41.9,-43.31977807812952,2.3,2.669280697663958
2020-11-03 06:00:00,2,-42.5,-43.07749304881531,2.2,2.878530654565304
2020-11-03 06:00:00,4,-49.3,-45.65537786292004,3.9,2.980207454714092
2020-11-03 06:00:00,8,-50.75,-48.540456559750844,4.5,3.1047589235415076
2020-11-03 09:00:00,1,-42.5,-43.64066039890867,2.2,2.6467558092367294
2020-11-03 09:00:00,2,-45.9,-44.44977652584892,3.4,2.7733801526149677
2020-11-03 09:00:00,4,-52.7,-47.206604245258106,4.3,2.887447384967972
2020-11-03 09:00:00,8,-48.9,-46.91678128114355,5.2,3.132997600343728
2020-11-03 12:00:00,1,-45.9,-45.9206699298378,3.4,2.7901042874857973
2020-11-03 12:00:00,2,-49.3,-47.063694314950254,3.9,2.8806788171824347
2020-11-03 12:00:00,4,-56.1,-49.82695610819758,5.1,3.01285464236779
2020-11-03 12:00:00,8,-47.4,-48.63295627806284,5.2,3.267739644862844
2020-11-03 15:00:00,1,-49.3,-49.29884077100333,3.9,3.780008445844046
2020-11-03 15:00:00,2,-52.7,-50.60902642923643,4.3,3.5833667739917567
2020-11-03 15:00:00,4,-52.6,-52.11756781119035,5.4,3.416987225703937
2020-11-03 15:00:00,8,-48.3,-50.088088722901716,5.0,3.6498414843571045
2020-11-03 18:00:00,1,-52.7,-55.04194911650907,4.3,3.6762465075075723
2020-11-03 18:00:00,2,-56.1,-55.178967510224034,5.1,3.553063780524438
2020-11-03 18:00:00,4,-50.75,-54.3923425421787,4.5,3.5758162094031265
2020-11-03 18:00:00,8,-50.93333333333333,-54.35082673477562,4.9,3.5968342434409237
2020-11-03 21:00:00,1,-56.1,-56.45741221785626,5.1,4.111091423181464
2020-11-03 21:00:00,2,-52.6,-56.00432913322987,5.4,3.9976909594326897
2020-11-03 21:00:00,4,-48.9,-54.20111257324616,5.2,3.999245082144204
2020-11-03 21:00:00,8,-53.56666666666667,-55.521072547905725,4.9,3.8046441327860925
2020-11-04 00:00:00,1,-52.6,-54.74935204345887,5.4,4.660426106818454
2020-11-04 00:00:00,2,-50.75,-54.35116194786109,4.5,4.562643651215619
2020-11-04 00:00:00,4,-47.4,-53.344446262988725,5.2,4.445851598712118
2020-11-04 00:00:00,8,-56.2,-55.33843311227354,4.7,4.086684759657836
2020-11-04 03:00:00,1,-50.75,-47.444871761053655,4.5,5.5787705310963585
2020-11-04 03:00:00,2,-48.9,-46.86208408825889,5.2,5.441803409628916
2020-11-04 03:00:00,4,-48.3,-46.69643478646516,5.0,5.009433642455036
2020-11-04 03:00:00,8,-52.7,-49.178242955094454,4.5,4.521654631127331
2020-11-04 06:00:00,1,-48.9,-48.214696447271315,5.2,4.8739016864215365
2020-11-04 06:00:00,2,-47.4,-48.52933526672411,5.2,4.657893399205426
2020-11-04 06:00:00,4,-50.93333333333333,-49.629956187214155,4.9,4.321774679311144
2020-11-04 06:00:00,8,-50.400000000000006,-49.01426413484538,4.3,4.413247653708402
2020-11-04 09:00:00,1,-47.4,-48.37918213996666,5.2,5.366531979211638
2020-11-04 09:00:00,2,-48.3,-49.37288917946973,5.0,4.985487131914575
2020-11-04 09:00:00,4,-53.56666666666667,-52.2012104558671,4.9,4.335075233331082
2020-11-04 09:00:00,8,-48.1,-50.09107844175853,5.0,4.5498639818413995
2020-11-04 12:00:00,1,-48.3,-48.092130582909036,5.0,5.221784913158576
2020-11-04 12:00:00,2,-50.93333333333333,-49.853792248310974,4.9,4.779278876876235
2020-11-04 12:00:00,4,-56.2,-52.76472436693651,4.7,4.211001566459884
2020-11-04 12:00:00,8,-46.8,-48.4894007788682,4.0,4.579792481163032
2020-11-04 15:00:00,1,-50.93333333333333,-49.58826583844632,4.9,4.978941335758663
2020-11-04 15:00:00,2,-53.56666666666667,-50.986521755031895,4.9,4.649800891840277
2020-11-04 15:00:00,4,-52.7,-52.34471101686127,4.5,4.337515430466034
2020-11-04 15:00:00,8,-47.2,-49.229487867486895,4.2,4.511291644697383
2020-11-04 18:00:00,1,-53.56666666666667,-53.926575397878885,4.9,4.724259723014976
2020-11-04 18:00:00,2,-56.2,-54.337130911587394,4.7,4.500458267813496
2020-11-04 18:00:00,4,-50.400000000000006,-52.980059416980936,4.3,4.453319727000454
2020-11-04 18:00:00,8,-51.4,-51.85264779297116,4.3,4.297966747867235
2020-11-04 21:00:00,1,-56.2,-55.46971883986384,4.7,4.59874598525509
2020-11-04 21:00:00,2,-52.7,-55.381380014767444,4.5,4.460036041028923
2020-11-04 21:00:00,4,-48.1,-53.40642501900068,5.0,4.475763462143745
2020-11-04 21:00:00,8,-52.95,-53.76519695576431,5.3,4.212540759526522
2020-11-05 00:00:00,1,-52.7,-53.931036379756705,4.5,4.278164973345374
2020-11-05 00:00:00,2,-50.400000000000006,-53.414771212402904,4.3,4.237572921850328
2020-11-05 00:00:00,4,-46.8,-51.10243433312991,4.0,4.338040474084255
2020-11-05 00:00:00,8,-54.5,-52.81872812264988,5.3,4.058289214944089
2020-11-05 03:00:00,1,-50.400000000000006,-47.837333333407464,4.3,4.60639177631746
2020-11-05 03:00:00,2,-48.1,-47.18163384245757,5.0,4.5725587482992625
2020-11-05 03:00:00,4,-47.2,-46.35760694753519,4.2,4.449999587260495
2020-11-05 03:00:00,8,-52.3,-48.78909172453788,5.4,4.180429599444062
2020-11-05 06:00:00,1,-48.1,-46.739616212031216,5.0,4.8635176918484415
2020-11-05 06:00:00,2,-46.8,-46.853055130106284,4.0,4.701105656696511
2020-11-05 06:00:00,4,-51.4,-47.87179705724847,4.3,4.412319509678508
2020-11-05 06:00:00,8,-49.8,-47.984282032013155,5.6,4.4094524313404
2020-11-05 09:00:00,1,-46.8,-47.2342246506988,4.0,5.452259493058703
2020-11-05 09:00:00,2,-47.2,-48.23007049738984,4.2,5.068033138438394
2020-11-05 09:00:00,4,-52.95,-50.760656402897546,5.3,4.450870038876973
2020-11-05 09:00:00,8,-47.3,-48.376344086568174,6.0,4.652375935660563
2020-11-05 12:00:00,1,-47.2,-47.09233675104486,4.2,4.214655170482199
2020-11-05 12:00:00,2,-51.4,-48.6904479340361,4.3,3.9814290570312783
2020-11-05 12:00:00,4,-54.5,-51.29466922081786,5.3,3.7407384943830806
2020-11-05 12:00:00,8,-44.8,-47.246623031729804,5.2,4.132725864932112
2020-11-05 15:00:00,1,-51.4,-48.590683043994325,4.3,4.330388124642171
2020-11-05 15:00:00,2,-52.95,-49.755423328936764,5.3,4.101114847953024
2020-11-05 15:00:00,4,-52.3,-50.930142732712,5.4,3.9324747514802563
2020-11-05 15:00:00,8,-42.3,-48.13726060340177,5.2,4.175249599193576
2020-11-05 18:00:00,1,-52.95,-52.44035076854907,5.3,4.318914212672909
2020-11-05 18:00:00,2,-54.5,-52.58920181492417,5.3,4.183233013510802
2020-11-05 18:00:00,4,-49.8,-50.79467449687641,5.6,4.256538369658286
2020-11-05 18:00:00,8,-45.1,-50.22428610573889,6.2,4.155248940473891
2020-11-05 21:00:00,1,-54.5,-53.76252596853282,5.3,5.16470578822528
2020-11-05 21:00:00,2,-52.3,-53.71199282105559,5.4,5.022787463315089
2020-11-05 21:00:00,4,-47.3,-51.64202202745813,6.0,5.008528159493259
2020-11-05 21:00:00,8,-47.25,-52.20251010455861,5.4,4.5209877025626195
2020-11-06 00:00:00,1,-52.3,-50.533506397498535,5.4,5.217534976463755
2020-11-06 00:00:00,2,-49.8,-50.14830279186461,5.6,5.11830445194819
2020-11-06 00:00:00,4,-44.8,-48.424977903373886,5.2,4.992322883102059
2020-11-06 00:00:00,8,-49.4,-50.27927726302735,5.9,4.500501670423959
2020-11-06 03:00:00,1,-49.8,-47.85939543396301,5.6,5.860919491203738
2020-11-06 03:00:00,2,-47.3,-47.44804304615988,6.0,5.709043413081685
2020-11-06 03:00:00,4,-42.3,-46.74673260030662,5.2,5.322182722622864
2020-11-06 03:00:00,8,-47.7,-48.8033245010887,4.4,4.684112201696136
2020-11-06 06:00:00,1,-47.3,-46.610399763283375,6.0,6.34825637176245
2020-11-06 06:00:00,2,-44.8,-46.852324542102714,5.2,6.05197266372764
2020-11-06 06:00:00,4,-45.1,-48.06455953178614,6.2,5.41771208153315
2020-11-06 06:00:00,8,-44.800000000000004,-48.202029679621646,5.1,4.956171814436097
2020-11-06 09:00:00,1,-44.8,-45.62711693209949,5.2,6.173698110740359
2020-11-06 09:00:00,2,-42.3,-46.55158382649102,5.2,5.748125171036962
2020-11-06 09:00:00,4,-47.25,-49.201377881623685,5.4,5.021744201059162
2020-11-06 09:00:00,8,-41.9,-46.938273105165734,5.7,4.995024402342515
2020-11-06 12:00:00,1,-42.3,-44.42004433200737,5.2,5.008202693234944
2020-11-06 12:00:00,2,-45.1,-46.0296795680786,6.2,4.6362803921592075
2020-11-06 12:00:00,4,-49.4,-48.912851819290616,5.9,4.235606261058772
2020-11-06 12:00:00,8,-39.0,-44.37465709266131,4.8,4.687391498193325
2020-11-06 15:00:00,1,-45.1,-45.01333438747871,6.2,5.051244219572831
2020-11-06 15:00:00,2,-47.25,-46.37609067992532,5.4,4.734423398685818
2020-11-06 15:00:00,4,-47.7,-48.0969035417154,4.4,4.448279052328765
2020-11-06 15:00:00,8,-41.2,-44.564532159482695,4.9,4.739219440462168
2020-11-06 18:00:00,1,-47.25,-48.197258522067756,5.4,6.158047577296652
2020-11-06 18:00:00,2,-49.4,-48.928305845019,5.9,5.856822370088263
2020-11-06 18:00:00,4,-44.800000000000004,-48.2704282795772,5.1,5.555590764460641
2020-11-06 18:00:00,8,-43.300000000000004,-47.38523301213104,5.2,5.068670847555274
2020-11-06 21:00:00,1,-49.4,-49.982943131468744,5.9,4.908751849817127
2020-11-06 21:00:00,2,-47.7,-49.88949163134934,4.4,4.826944114232466
2020-11-06 21:00:00,4,-41.9,-47.38008215055557,5.7,4.964042723215145
2020-11-06 21:00:00,8,-45.400000000000006,-47.826907323835805,5.0,4.572830254555379
2020-11-07 00:00:00,1,-47.7,-46.59734752760421,4.4,5.695863309303806
2020-11-07 00:00:00,2,-44.800000000000004,-45.93279379999172,5.1,5.627584711266179
2020-11-07 00:00:00,4,-39.0,-44.01046401638844,4.8,5.436646497007828
2020-11-07 00:00:00,8,-47.5,-47.01211076709264,4.5,4.64576562211072
2020-11-07 03:00:00,1,-44.800000000000004,-44.783630746446896,5.1,3.932049523202069
2020-11-07 03:00:00,2,-41.9,-43.89126433265011,5.7,4.0292014145895
2020-11-07 03:00:00,4,-41.2,-42.46656224711182,4.9,4.1924944587496435
2020-11-07 03:00:00,8,-49.6,-46.2150781622509,4.4,3.904805320709124
2020-11-07 06:00:00,1,-41.9,-40.979424427808844,5.7,5.255889020871608
2020-11-07 06:00:00,2,-39.0,-40.773747333281044,4.8,5.105941319666034
2020-11-07 06:00:00,4,-43.300000000000004,-42.41935141976079,5.2,4.639766890799223
2020-11-07 06:00:00,8,-47.4,-43.52312579295757,4.6,4.457052991342218
2020-11-07 09:00:00,1,-39.0,-40.12257583080101,4.8,5.633418576642109
2020-11-07 09:00:00,2,-41.2,-40.91321615086202,4.9,5.2636844283037085
2020-11-07 09:00:00,4,-45.400000000000006,-44.209031927650734,5.0,4.578928481285948
2020-11-07 09:00:00,8,-45.2,-41.87419155090336,4.5,4.8453193078661885
2020-11-07 12:00:00,1,-41.2,-41.00527528281881,4.9,4.449429914668125
2020-11-07 12:00:00,2,-43.300000000000004,-42.6402145136488,5.2,4.1644675696240325
2020-11-07 12:00:00,4,-47.5,-45.72005435476274,4.5,3.874511658269853
2020-11-07 12:00:00,8,-43.0,-41.73764076233073,5.2,4.392148333086267
2020-11-07 15:00:00,1,-43.300000000000004,-45.061816899076575,5.2,4.659805460152861
2020-11-07 15:00:00,2,-45.400000000000006,-46.224888503726845,5.0,4.403252149823065
2020-11-07 15:00:00,4,-49.6,-46.9036573556159,4.4,4.27469409751232
2020-11-07 15:00:00,8,-43.0,-43.971774554242764,4.0,4.519764004884325
2020-11-07 18:00:00,1,-45.400000000000006,-47.34154291286625,5.0,4.9026165122550065
2020-11-07 18:00:00,2,-47.5,-47.94827463480169,4.5,4.725867965689169
2020-11-07 18:00:00,4,-47.4,-46.84986439147334,4.6,4.7727351068864134
2020-11-07 18:00:00,8,-45.3,-45.41506124230975,4.1,4.644400412727057
2020-11-07 21:00:00,1,-47.5,-48.11934462579154,4.5,4.995334938955953
2020-11-07 21:00:00,2,-49.6,-47.80746064187292,4.4,4.9367055836828415
2020-11-07 21:00:00,4,-45.2,-45.5647863914793,4.5,4.999661550041249
2020-11-07 21:00:00,8,-45.2,-46.9994702977291,6.0,4.465109507599181
2020-11-08 00:00:00,1,-49.6,-48.90573759251818,4.4,4.340295170381613
2020-11-08 00:00:00,2,-47.4,-47.90228217462427,4.6,4.345209103032331
2020-11-08 00:00:00,4,-43.0,-45.41243789820619,5.2,4.424125552926119
2020-11-08 00:00:00,8,-45.6,-48.180155269573916,6.1,4.054318675889104
2020-11-08 03:00:00,1,-47.4,-47.474563246589284,4.6,4.329185488427185
2020-11-08 03:00:00,2,-45.2,-46.54897381165578,4.5,4.339923475544341
2020-11-08 03:00:00,4,-43.0,-45.189506245976716,4.0,4.293911163156613
2020-11-08 03:00:00,8,-44.6,-48.461373290368314,6.2,4.002015917593018
2020-11-08 06:00:00,1,-45.2,-44.348943132839395,4.5,4.784422566097574
2020-11-08 06:00:00,2,-43.0,-44.26116737926646,5.2,4.644898742944981
2020-11-08 06:00:00,4,-45.3,-45.335214602128616,4.1,4.324955013590863
2020-11-08 06:00:00,8,-42.1,-46.070435427062776,6.2,4.317674625586853
2020-11-08 09:00:00,1,-43.0,-42.10054558283399,5.2,4.782925229356752
2020-11-08 09:00:00,2,-43.0,-43.53651270134646,4.0,4.42165512326029
2020-11-08 09:00:00,4,-45.2,-47.01514911976627,6.0,3.8960964856113653
2020-11-08 09:00:00,8,-40.6,-43.13623981751266,7.199999999999999,4.452015195959183
2020-11-08 12:00:00,1,-43.0,-43.25585306881909,4.0,5.351225894003303
2020-11-08 12:00:00,2,-45.3,-45.41358061277588,4.1,4.825405934248874
2020-11-08 12:00:00,4,-45.6,-49.28244072747545,6.1,4.147442762369416
2020-11-08 12:00:00,8,-39.5,-43.634973484596856,7.4,4.766360895006265
2020-11-08 15:00:00,1,-45.3,-44.99320863333301,4.1,3.8697425698345205
2020-11-08 15:00:00,2,-45.2,-46.83477025598932,6.0,3.63074665518024
2020-11-08 15:00:00,4,-44.6,-48.855588922381585,6.2,3.5293651920667015
2020-11-08 15:00:00,8,-39.8,-44.4196783175046,7.699999999999999,3.983809482266563
2020-11-08 18:00:00,1,-45.2,-47.005161174796356,6.0,3.8413680865840814
2020-11-08 18:00:00,2,-45.6,-47.59938968280679,6.1,3.7094202050838985
2020-11-08 18:00:00,4,-42.1,-46.6774135603367,6.2,3.769101593779301
2020-11-08 18:00:00,8,-42.0,-45.36009926531137,7.6,3.9255353459011997
2020-11-08 21:00:00,1,-45.6,-45.68799278122144,6.1,6.449551879445116
2020-11-08 21:00:00,2,-44.6,-45.232938766137686,6.2,6.312062007126345
2020-11-08 21:00:00,4,-40.6,-43.934697573312064,7.199999999999999,5.917380422198814
2020-11-08 21:00:00,8,-44.3,-46.65226447329073,6.2,5.012704727647543
2020-11-09 00:00:00,1,-44.6,-43.935553528487844,6.2,6.542099894913825
2020-11-09 00:00:00,2,-42.1,-42.99340337830576,6.2,6.476923463800956
2020-11-09 00:00:00,4,-39.5,-41.80372871561227,7.4,6.03154699001041
2020-11-09 00:00:00,8,-46.6,-45.8759505949092,5.7,4.983057118930235
2020-11-09 03:00:00,1,-42.1,-42.159228947444234,6.2,6.434416205469018
2020-11-09 03:00:00,2,-40.6,-41.21074919606751,7.199999999999999,6.323903135039417
2020-11-09 03:00:00,4,-39.8,-40.607527754953956,7.699999999999999,5.790047400570371
2020-11-09 03:00:00,8,-45.4,-44.312054202667014,4.4,4.910790492825054
2020-11-09 06:00:00,1,-40.6,-39.69148567863515,7.199999999999999,6.007028887351808
2020-11-09 06:00:00,2,-39.5,-39.31819411586417,7.4,5.740518943533516
2020-11-09 06:00:00,4,-42.0,-40.77251887909358,7.6,5.039197915683024
2020-11-09 06:00:00,8,-43.8,-41.76840615459153,5.5,4.8460854119290095
2020-11-09 09:00:00,1,-39.5,-40.79065028649974,7.4,6.7905944495399275
2020-11-09 09:00:00,2,-39.8,-41.692937278423905,7.699999999999999,6.244161342384743
2020-11-09 09:00:00,4,-44.3,-45.018723014380775,6.2,5.2011916008574435
2020-11-09 09:00:00,8,-41.1,-42.48789267891231,6.1,5.302947048242636
2020-11-09 12:00:00,1,-39.8,-41.89466314552411,7.699999999999999,6.470766904815047
2020-11-09 12:00:00,2,-42.0,-43.775633290313834,7.6,5.83996722758364
2020-11-09 12:00:00,4,-46.6,-47.723518674066256,5.7,4.8553214234514
2020-11-09 12:00:00,8,-39.5,-42.633521779955345,6.1,5.293486452205171
2020-11-09 15:00:00,1,-42.0,-44.61003035598117,7.6,6.912388999480361
2020-11-09 15:00:00,2,-44.3,-46.43954232008549,6.2,6.325726257959515
2020-11-09 15:00:00,4,-45.4,-48.635579982416886,4.4,5.514575830774459
2020-11-09 15:00:00,8,-39.7,-44.3655931902107,4.3,5.505960359277341
2020-11-09 18:00:00,1,-44.3,-45.93556124429321,6.2,7.022532667839583
2020-11-09 18:00:00,2,-46.6,-46.71682244272061,5.7,6.670844834386332
2020-11-09 18:00:00,4,-43.8,-46.114834139050956,5.5,6.191319144027162
2020-11-09 18:00:00,8,-43.8,-45.409007592994165,4.1,5.465184299909188
2020-11-09 21:00:00,1,-46.6,-46.913245782787016,5.7,5.918695937193101
2020-11-09 21:00:00,2,-45.4,-46.62807401281157,4.4,5.873294034000193
2020-11-09 21:00:00,4,-41.1,-43.46325216071231,6.1,5.935069705290768
2020-11-09 21:00:00,8,-45.4,-45.52639665774535,3.9,4.914989775367615
2020-11-10 00:00:00,1,-45.4,-43.64561672521692,4.4,5.523796592731011
2020-11-10 00:00:00,2,-43.8,-42.48152633216719,5.5,5.573095559798046
2020-11-10 00:00:00,4,-39.5,-39.80749210198707,6.1,5.511285337043613
2020-11-10 00:00:00,8,-47.0,-44.390632040605254,3.5,4.523839158093768
2020-11-10 03:00:00,1,-43.8,-42.48823563738341,5.5,3.981739273723754
2020-11-10 03:00:00,2,-41.1,-41.223100024033194,6.1,4.130297611513061
2020-11-10 03:00:00,4,-39.7,-40.00713139822107,4.3,4.2418947874413595
2020-11-10 03:00:00,8,-48.6,-44.92303688044177,3.5,3.8938079310122333
2020-11-10 06:00:00,1,-41.1,-40.75895688896419,6.1,5.780347823574556
2020-11-10 06:00:00,2,-39.5,-39.79443662405345,6.1,5.619373193303299
2020-11-10 06:00:00,4,-43.8,-40.72158234112474,4.1,4.9847933299890865
2020-11-10 06:00:00,8,-45.8,-43.36612430429288,2.6,4.644530513918127
2020-11-10 09:00:00,1,-39.5,-39.04340944840694,6.1,5.774897863352601
2020-11-10 09:00:00,2,-39.7,-39.76938768664505,4.3,5.33374477281706
2020-11-10 09:00:00,4,-45.4,-43.17333841347305,3.9,4.489624144447365
2020-11-10 09:00:00,8,-43.0,-40.443739146966166,2.4,4.9611117140048675
2020-11-10 12:00:00,1,-39.7,-40.17337691458379,4.3,5.480472896104953
2020-11-10 12:00:00,2,-43.8,-41.93676994386401,4.1,4.969415262564381
2020-11-10 12:00:00,4,-47.0,-45.4869485080575,3.5,4.292654140378147
2020-11-10 12:00:00,8,-40.2,-40.43277023989875,2.4,4.915925970741711
2020-11-10 15:00:00,1,-43.8,-41.80581024297156,4.1,3.894294424154576
2020-11-10 15:00:00,2,-45.4,-43.32517102803752,3.9,3.682820883269391
2020-11-10 15:00:00,4,-48.6,-44.76597270819098,3.5,3.668315840158897
2020-11-10 15:00:00,8,-37.4,-41.57026910292109,2.8,4.079397706633791
2020-11-10 18:00:00,1,-45.4,-45.813980304783875,3.9,3.551155998519864
2020-11-10 18:00:00,2,-47.0,-45.8747524017633,3.5,3.4978460890463965
2020-11-10 18:00:00,4,-45.8,-44.18922679644547,2.6,3.6777402851276966
2020-11-10 18:00:00,8,-40.45,-44.344584822352616,3.5,3.731082773219091
2020-11-10 21:00:00,1,-47.0,-47.243361683999865,3.5,3.7129232063135182
2020-11-10 21:00:00,2,-48.6,-46.291542050285315,3.5,3.7829600766263094
2020-11-10 21:00:00,4,-43.0,-42.633654352137455,2.4,4.217508652179437
2020-11-10 21:00:00,8,-43.5,-45.18682742329696,3.7,3.9994178394634927
2020-11-11 00:00:00,1,-48.6,-47.071536607972796,3.5,3.2106497759172523
2020-11-11 00:00:00,2,-45.8,-45.616504673021986,2.6,3.3352489662881135
2020-11-11 00:00:00,4,-40.2,-42.18649198439404,2.4,3.7649726138680615
2020-11-11 00:00:00,8,-46.55,-46.07784289773803,4.0,3.6345909420932254
2020-11-11 03:00:00,1,-45.8,-45.368977278506634,2.6,3.3405096399410943
2020-11-11 03:00:00,2,-43.0,-44.14812365598425,2.4,3.461092795830217
2020-11-11 03:00:00,4,-37.4,-42.253980591599586,2.8,3.691185350112018
2020-11-11 03:00:00,8,-49.6,-46.14551379169398,3.4,3.629438081804319
2020-11-11 06:00:00,1,-43.0,-42.823721072222106,2.4,2.862140143937311
2020-11-11 06:00:00,2,-40.2,-42.52217699800688,2.4,3.0427541888423937
2020-11-11 06:00:00,4,-40.45,-42.58613226835887,3.5,3.366148958929944
2020-11-11 06:00:00,8,-46.825,-44.65361922485691,3.1,3.5028474400998837
2020-11-11 09:00:00,1,-40.2,-39.960424201061855,2.4,2.895752959693576
2020-11-11 09:00:00,2,-37.4,-40.82788001364026,2.8,2.984424759470826
2020-11-11 09:00:00,4,-43.5,-43.12657934024257,3.7,3.1362777499634813
2020-11-11 09:00:00,8,-44.05,-42.14072504102639,3.4,3.4450116621021754
2020-11-11 12:00:00,1,-37.4,-39.20719085138484,2.8,3.0842646800981646
2020-11-11 12:00:00,2,-40.45,-41.036921847790026,3.5,3.0430757094088476
2020-11-11 12:00:00,4,-46.55,-44.21177199291462,4.0,3.124923008552432
2020-11-11 12:00:00,8,-41.275,-40.47033139749454,3.4,3.5866967679638364
2020-11-11 15:00:00,1,-40.45,-39.30632025955369,3.5,3.249919860678619
2020-11-11 15:00:00,2,-43.5,-40.895827579976256,3.7,3.1805497456400174
2020-11-11 15:00:00,4,-49.6,-43.45550821607486,3.4,3.2452378440650143
2020-11-11 15:00:00,8,-38.5,-40.412416086939324,3.5,3.694153870055048
2020-11-11 18:00:00,1,-43.5,-44.79786496399969,3.7,3.8117067212654225
2020-11-11 18:00:00,2,-46.55,-45.79327022433552,4.0,3.6189598605104885
2020-11-11 18:00:00,4,-46.825,-45.12557691366035,3.1,3.7472299439656327
2020-11-11 18:00:00,8,-42.0,-42.233972999616206,3.0,4.099085322692504
2020-11-11 21:00:00,1,-46.55,-47.04599232613396,4.0,3.5731379410850597
2020-11-11 21:00:00,2,-49.6,-46.32713840168215,3.4,3.578043075909332
2020-11-11 21:00:00,4,-44.05,-42.55208139158497,3.4,3.9804075494007436
2020-11-11 21:00:00,8,-42.833333333333336,-43.919327125698494,3.2,3.922044554988283
2020-11-12 00:00:00,1,-49.6,-48.56529943387619,3.4,4.0712236194234235
2020-11-12 00:00:00,2,-46.825,-46.96727038799778,3.1,4.116161210660663
2020-11-12 00:00:00,4,-41.275,-42.56613692489232,3.4,4.391111202648772
2020-11-12 00:00:00,8,-43.666666666666664,-45.985710274680294,3.7,4.039934762852713
2020-11-12 03:00:00,1,-46.825,-46.43333448355812,3.1,3.0292388078967103
2020-11-12 03:00:00,2,-44.05,-45.128297525397514,3.4,3.1549009889827992
2020-11-12 03:00:00,4,-38.5,-41.35759378228019,3.5,3.6504543995994574
2020-11-12 03:00:00,8,-44.5,-44.62581004815691,3.2,3.5995841573918494
2020-11-12 06:00:00,1,-44.05,-43.56081808173348,3.4,3.012452021837559
2020-11-12 06:00:00,2,-41.275,-43.10517469684014,3.4,3.1212835343725907
2020-11-12 06:00:00,4,-42.0,-42.30780057452927,3.0,3.4692264796891368
2020-11-12 06:00:00,8,-53.29175178959221,-44.009747838404664,3.1,3.6436201147163816
2020-11-12 09:00:00,1,-41.275,-39.89072581732085,3.4,3.8026669012727616
2020-11-12 09:00:00,2,-38.5,-41.03539006268589,3.5,3.6121937054622033
2020-11-12 09:00:00,4,-42.833333333333336,-43.434239747359484,3.2,3.497744060919712
2020-11-12 09:00:00,8,-53.29175178959221,-40.75802167867954,1.8,4.012674244390724
2020-11-12 12:00:00,1,-38.5,-39.275291163930646,3.5,3.606287937850144
2020-11-12 12:00:00,2,-42.0,-41.305547672787185,3.0,3.379661207316211
2020-11-12 12:00:00,4,-43.666666666666664,-44.45686409408474,3.7,3.323515438458476
2020-11-12 12:00:00,8,-53.29175178959221,-39.36497336312237,1.3000000000000003,3.95312082407998
2020-11-12 15:00:00,1,-42.0,-39.342146450766236,3.0,3.764547425579994
2020-11-12 15:00:00,2,-42.833333333333336,-41.09343074041332,3.2,3.5410554805788665
2020-11-12 15:00:00,4,-44.5,-43.26967011629884,3.2,3.513932008258823
2020-11-12 15:00:00,8,-53.29175178959221,-39.45870621887826,2.4,4.061611434170298
2020-11-12 18:00:00,1,-42.833333333333336,-43.44542768672777,3.2,3.0483868239334484
2020-11-12 18:00:00,2,-43.666666666666664,-43.80707018949705,3.7,3.019124986575725
2020-11-12 18:00:00,4,-53.29175178959221,-42.01931197824766,3.1,3.4061962916676283
2020-11-12 18:00:00,8,-53.29175178959221,-41.09401002320905,3.0,3.6308787458797895
2020-11-12 21:00:00,1,-43.666666666666664,-44.76249052690769,3.7,3.001085443350929
2020-11-12 21:00:00,2,-44.5,-43.923466403884404,3.2,3.0825621140604467
2020-11-12 21:00:00,4,-53.29175178959221,-40.29198002350264,1.8,3.662135473721425
2020-11-12 21:00:00,8,-53.29175178959221,-42.27609132597193,3.6,3.7298281365177974
2020-11-13 00:00:00,1,-44.5,-44.7956789639969,3.2,3.8558191297022577
2020-11-13 00:00:00,2,-53.29175178959221,-43.40475612635939,3.1,3.929869741729896
2020-11-13 00:00:00,4,-53.29175178959221,-40.01755704754224,1.3000000000000003,4.25383103852036
2020-11-13 00:00:00,8,-53.29175178959221,-43.269097318012015,3.2,4.106721516126026
2020-11-13 03:00:00,1,-53.29175178959221,-42.65294144313111,3.1,2.9548779258564366
2020-11-13 03:00:00,2,-53.29175178959221,-41.64816534692306,1.8,3.1086129047261326
2020-11-13 03:00:00,4,-53.29175178959221,-39.455515840495806,2.4,3.4905537173363648
2020-11-13 03:00:00,8,-40.7,-42.961969361126506,4.3,3.5140502857043514
2020-11-13 06:00:00,1,-53.29175178959221,-47.181767135140674,1.8,2.5307856336836965
2020-11-13 06:00:00,2,-53.29175178959221,-46.659198214565244,1.3000000000000003,2.6599542551497426
2020-11-13 06:00:00,4,-53.29175178959221,-44.17387724336059,3.0,3.2182725593304644
2020-11-13 06:00:00,8,-37.86666666666667,-43.73877462118302,5.5,3.44955568614099
2020-11-13 09:00:00,1,-53.29175178959221,-49.567890070457196,1.3000000000000003,1.7674350239394039
2020-11-13 09:00:00,2,-53.29175178959221,-49.501320642389274,2.4,2.005118702789254
2020-11-13 09:00:00,4,-53.29175178959221,-47.18781141794339,3.6,2.696962178791312
2020-11-13 09:00:00,8,-35.03333333333334,-43.564844961765,7.799999999999999,3.1928733143632497
2020-11-13 12:00:00,1,-53.29175178959221,-51.8179309030949,2.4,1.6041185722289004
2020-11-13 12:00:00,2,-53.29175178959221,-51.76673651583436,3.0,1.8167401761450306
2020-11-13 12:00:00,4,-53.29175178959221,-48.73071853560371,3.2,2.5398886647263623
2020-11-13 12:00:00,8,-32.2,-43.521553659798016,8.5,3.1218018063304567
2020-11-13 15:00:00,1,-53.29175178959221,-51.010562531430445,3.0,2.4912288997406957
2020-11-13 15:00:00,2,-53.29175178959221,-51.38806713367615,3.6,2.4502078875562425
2020-11-13 15:00:00,4,-40.7,-48.45174631639425,4.3,2.950691706753142
2020-11-13 15:00:00,8,-31.3,-43.017251961065305,7.4,3.449379143090322
2020-11-13 18:00:00,1,-53.29175178959221,-49.531342117378195,3.6,2.8121946166067904
2020-11-13 18:00:00,2,-53.29175178959221,-49.66079092769522,3.2,2.712513376776428
2020-11-13 18:00:00,4,-37.86666666666667,-46.331339642953175,5.5,3.1383627815108466
2020-11-13 18:00:00,8,-35.5,-42.61058102844284,5.3,3.498695519189686
2020-11-13 21:00:00,1,-53.29175178959221,-47.55217201069636,3.2,3.0906749897268195
2020-11-13 21:00:00,2,-40.7,-46.69042544796045,4.3,3.0186252700336342
2020-11-13 21:00:00,4,-35.03333333333334,-42.630897715350805,7.799999999999999,3.397246876006712
2020-11-13 21:00:00,8,-37.96666666666667,-42.370368159975065,3.8,3.5521184040852445
2020-11-14 00:00:00,1,-40.7,-46.836480365088406,4.3,2.8489988572361122
2020-11-14 00:00:00,2,-37.86666666666667,-45.289606168978715,5.5,2.8823961529045485
2020-11-14 00:00:00,4,-32.2,-40.85455151927751,8.5,3.319011324559627
2020-11-14 00:00:00,8,-40.43333333333333,-42.46455493135448,3.3,3.405877037207986
2020-11-14 03:00:00,1,-37.86666666666667,-39.22942551192742,5.5,4.728693827543385
2020-11-14 03:00:00,2,-35.03333333333334,-38.068944828836166,7.799999999999999,4.712106138962698
2020-11-14 03:00:00,4,-31.3,-36.827570617625724,7.4,4.524483905471804
2020-11-14 03:00:00,8,-42.9,-40.27684950271864,2.8,4.308937317523508
2020-11-14 06:00:00,1,-35.03333333333334,-34.54838966283478,7.799999999999999,5.788951351355773
2020-11-14 06:00:00,2,-32.2,-34.6855644052645,8.5,5.484822114938205
2020-11-14 06:00:00,4,-35.5,-36.873737439042664,5.3,4.8064316352943095
2020-11-14 06:00:00,8,-39.625,-36.12929420144016,2.9,4.980994161929223
2020-11-14 09:00:00,1,-32.2,-32.54128861478567,8.5,7.385929395208423
2020-11-14 09:00:00,2,-31.3,-33.49986906953721,7.4,6.732616240064086
2020-11-14 09:00:00,4,-37.96666666666667,-38.06903993496681,3.8,5.461444210586909
2020-11-14 09:00:00,8,-36.35,-34.208160449479806,5.9,5.815626787699072
2020-11-14 12:00:00,1,-31.3,-30.732439178064382,7.4,7.174140438915137
2020-11-14 12:00:00,2,-35.5,-32.50448398322909,5.3,6.4615177765332295
2020-11-14 12:00:00,4,-40.43333333333333,-36.920667991508694,3.3,5.329379984497008
2020-11-14 12:00:00,8,-33.075,-30.91175025937458,6.8,5.930857839190383
2020-11-14 15:00:00,1,-35.5,-32.75838709100243,5.3,6.057934497488228
2020-11-14 15:00:00,2,-37.96666666666667,-34.80756539685085,3.8,5.516235367442835
2020-11-14 15:00:00,4,-42.9,-36.78108389376936,2.8,5.008410641860014
2020-11-14 15:00:00,8,-29.8,-30.632723282089902,7.199999999999999,5.568154487185749
2020-11-14 18:00:00,1,-37.96666666666667,-37.38172089783281,3.8,4.551803236070576
2020-11-14 18:00:00,2,-40.43333333333333,-38.154821341800215,3.3,4.409764247637684
2020-11-14 18:00:00,4,-39.625,-36.12606923901019,2.9,4.575866731042678
2020-11-14 18:00:00,8,-30.8,-34.629799069662596,5.3,4.537308577061294
2020-11-14 21:00:00,1,-40.43333333333333,-41.46853364267244,3.3,3.2872755384054972
2020-11-14 21:00:00,2,-42.9,-40.114960135339736,2.8,3.4323479507465127
2020-11-14 21:00:00,4,-36.35,-35.089929734719874,5.9,4.079192637297377
2020-11-14 21:00:00,8,-32.0,-38.86765620098395,4.5,3.747495331733358
2020-11-15 00:00:00,1,-42.9,-42.39062936830682,2.8,3.061102562435498
2020-11-15 00:00:00,2,-39.625,-40.383121957699515,2.9,3.2520538934532763
2020-11-15 00:00:00,4,-33.075,-35.477131289598276,6.8,3.838910053855517
2020-11-15 00:00:00,8,-33.2,-40.80219415335694,5.1,3.5135565276901715
2020-11-15 03:00:00,1,-39.625,-42.61807567973785,2.9,2.665617176091833
2020-11-15 03:00:00,2,-36.35,-41.02798187150965,5.9,2.8876231282162363
2020-11-15 03:00:00,4,-29.8,-37.237235952361445,7.199999999999999,3.482183331955947
2020-11-15 03:00:00,8,-34.4,-41.766027060323495,5.1,3.4240438556553565
2020-11-15 06:00:00,1,-36.35,-37.77179148765225,5.9,3.276736328845843
2020-11-15 06:00:00,2,-33.075,-37.37613269215659,6.8,3.348771598775594
2020-11-15 06:00:00,4,-30.8,-37.542399823549,5.3,3.5489337042174025
2020-11-15 06:00:00,8,-31.133333333333333,-39.48827702049812,6.8,3.823451472988798
2020-11-15 09:00:00,1,-33.075,-32.79640504622569,6.8,6.231219259802328
2020-11-15 09:00:00,2,-29.8,-33.66244291285634,7.199999999999999,5.699108160977458
2020-11-15 09:00:00,4,-32.0,-37.339590322960255,4.5,4.75273642101266
2020-11-15 09:00:00,8,-27.866666666666667,-33.7012807982059,8.4,5.355463780341903
2020-11-15 12:00:00,1,-29.8,-31.3782386251651,7.199999999999999,6.1706377468212565
2020-11-15 12:00:00,2,-30.8,-33.19417202761727,5.3,5.522390646744899
2020-11-15 12:00:00,4,-33.2,-37.652025490136005,5.1,4.617925886747672
2020-11-15 12:00:00,8,-24.600000000000005,-31.240088324395302,7.699999999999999,5.496730639533863
2020-11-15 15:00:00,1,-30.8,-30.942655428827383,5.3,6.311754243161243
2020-11-15 15:00:00,2,-32.0,-32.90649471545008,4.5,5.727188263623022
2020-11-15 15:00:00,4,-34.4,-35.871277033015545,5.1,5.023207839458691
2020-11-15 15:00:00,8,-25.0,-29.870202674655463,5.0,5.649837986796971
2020-11-15 18:00:00,1,-32.0,-33.29397150170655,4.5,4.567001934476118
2020-11-15 18:00:00,2,-33.2,-34.3300951549751,5.1,4.387274763796878
2020-11-15 18:00:00,4,-31.133333333333333,-33.78714001914619,6.8,4.438361395877428
2020-11-15 18:00:00,8,-28.4,-31.84201502523034,6.0,4.657457240294383
2020-11-15 21:00:00,1,-33.2,-35.05670022907425,5.1,4.197164824908228
2020-11-15 21:00:00,2,-34.4,-34.58907491272196,5.1,4.282237833787925
2020-11-15 21:00:00,4,-27.866666666666667,-32.268923389651896,8.4,4.601329347020378
2020-11-15 21:00:00,8,-28.4,-35.18488456015433,5.9,4.187695537684638
2020-11-16 00:00:00,1,-34.4,-35.10657330758228,5.1,5.911686895484728
2020-11-16 00:00:00,2,-31.133333333333333,-33.84271081948088,6.8,5.950310313342287
2020-11-16 00:00:00,4,-24.600000000000005,-31.323711110263524,7.699999999999999,5.847185924162213
2020-11-16 00:00:00,8,-28.2,-36.16790296747499,5.8,4.832233474131675
2020-11-16 03:00:00,1,-31.133333333333333,-34.083685257494786,6.8,5.093554939793998
2020-11-16 03:00:00,2,-27.866666666666667,-33.327502176765876,8.4,5.074988859986494
2020-11-16 03:00:00,4,-25.0,-33.43282645244429,5.0,4.813860626585004
2020-11-16 03:00:00,8,-26.699999999999996,-36.742456394708796,5.9,4.452720035157849
2020-11-16 06:00:00,1,-27.866666666666667,-29.71186681815783,8.4,7.0165908824592575
2020-11-16 06:00:00,2,-24.600000000000005,-29.363389309472613,7.699999999999999,6.677751927948263
2020-11-16 06:00:00,4,-28.4,-31.376861027272767,6.0,5.792260187221753
2020-11-16 06:00:00,8,-27.0,-32.084351210114804,7.199999999999999,5.503062941768037
2020-11-16 09:00:00,1,-24.600000000000005,-27.09297829272846,7.699999999999999,7.782175820199683
2020-11-16 09:00:00,2,-25.0,-27.663041557794372,5.0,7.171150670888236
2020-11-16 09:00:00,4,-28.4,-32.09327245336945,5.9,5.884016931511992
2020-11-16 09:00:00,8,-28.8,-29.518054933928642,7.699999999999999,5.983982634397417
2020-11-16 12:00:00,1,-25.0,-26.012774388909197,5.0,6.356111924335339
2020-11-16 12:00:00,2,-28.4,-27.76462931534013,6.0,5.763973415634966
2020-11-16 12:00:00,4,-28.2,-31.746577464132784,5.8,4.926482722634095
2020-11-16 12:00:00,8,-26.9,-26.21640814263017,5.8,5.606791981565621
2020-11-16 15:00:00,1,-28.4,-28.859995441986943,6.0,3.656138968526619
2020-11-16 15:00:00,2,-28.4,-30.38409568256325,5.9,3.509431600111113
2020-11-16 15:00:00,4,-26.699999999999996,-31.958616582399763,5.9,3.6426407833326238
2020-11-16 15:00:00,8,-27.100000000000005,-29.26539685186553,5.5,4.1828102912801475
2020-11-16 18:00:00,1,-28.4,-32.35644840888041,5.9,5.542447344953031
2020-11-16 18:00:00,2,-28.2,-32.763803817443105,5.8,5.4098876679338606
2020-11-16 18:00:00,4,-27.0,-31.971968906741147,7.199999999999999,5.268470339249607
2020-11-16 18:00:00,8,-30.0,-32.44872008862916,5.2,4.780847769272146
2020-11-16 21:00:00,1,-28.2,-32.07114154496938,5.8,5.997691887445859
2020-11-16 21:00:00,2,-26.699999999999996,-31.27638140024919,5.9,5.995480380478323
2020-11-16 21:00:00,4,-28.8,-28.836458115654956,7.699999999999999,5.928725246060052
2020-11-16 21:00:00,8,-32.25,-32.7594462274573,4.4,4.98501386217198
2020-11-17 00:00:00,1,-26.699999999999996,-29.816639190078124,5.9,6.256239851651355
2020-11-17 00:00:00,2,-27.0,-28.439217099985875,7.199999999999999,6.296623048078607
2020-11-17 00:00:00,4,-26.9,-26.38980679281877,5.8,6.069358661747954
2020-11-17 00:00:00,8,-34.5,-31.911370450500236,5.2,4.946609803453789
2020-11-17 03:00:00,1,-27.0,-27.04884904811044,7.199999999999999,6.226335772963128
2020-11-17 03:00:00,2,-28.8,-25.709417534203848,7.699999999999999,6.198579430330749
2020-11-17 03:00:00,4,-27.100000000000005,-25.137086132022315,5.5,5.76203810709765
2020-11-17 03:00:00,8,-32.05,-29.897587476272527,5.3,4.9325638869133765
2020-11-17 06:00:00,1,-28.8,-27.776082399072628,7.699999999999999,7.3513450861319605
2020-11-17 06:00:00,2,-26.9,-26.9426299102028,5.8,7.050546440205766
2020-11-17 06:00:00,4,-30.0,-27.960213632004017,5.2,6.163042609911146
2020-11-17 06:00:00,8,-29.6,-30.30911602656764,5.3,5.5526323486879825
2020-11-17 09:00:00,1,-26.9,-29.281195997567984,5.8,7.076655403166311
2020-11-17 09:00:00,2,-27.100000000000005,-29.639933440346734,5.5,6.621092859237607
2020-11-17 09:00:00,4,-32.25,-31.93962705831485,4.4,5.698103395877249
2020-11-17 09:00:00,8,-31.4,-30.728529739694192,6.2,5.587142862662626
2020-11-17 12:00:00,1,-27.100000000000005,-28.063715040178455,5.5,4.295014197312207
2020-11-17 12:00:00,2,-30.0,-29.66357451882124,5.2,4.022763645078304
2020-11-17 12:00:00,4,-34.5,-32.50080078216967,5.2,3.8223808041704905
2020-11-17 12:00:00,8,-31.8,-28.751719994254657,5.2,4.472322925481887
2020-11-17 15:00:00,1,-30.0,-29.240316212413575,5.2,4.28503612911928
2020-11-17 15:00:00,2,-32.25,-30.598825151525823,4.4,4.075155128121087
2020-11-17 15:00:00,4,-32.05,-32.59618646719596,5.3,3.9431724285562453
2020-11-17 15:00:00,8,-34.1,-29.914512044520915,5.2,4.34226572354487
2020-11-17 18:00:00,1,-32.25,-32.31331633763215,4.4,4.451223498219431
2020-11-17 18:00:00,2,-34.5,-33.06859591011996,5.2,4.347630371510386
2020-11-17 18:00:00,4,-29.6,-32.63175039604826,5.3,4.394533237215015
2020-11-17 18:00:00,8,-36.6,-31.850738851213798,4.4,4.367426707375898
2020-11-17 21:00:00,1,-34.5,-33.57029948228376,5.2,4.110143017490666
2020-11-17 21:00:00,2,-32.05,-33.08569772161182,5.3,4.2377952135985115
2020-11-17 21:00:00,4,-31.4,-31.012984971435376,6.2,4.565990451035715
2020-11-17 21:00:00,8,-39.1,-34.46865037730112,3.3,4.036489267415949
2020-11-18 00:00:00,1,-32.05,-34.99970715978587,5.3,5.572016573034736
2020-11-18 00:00:00,2,-29.6,-33.45312152432257,5.3,5.701585202343159
2020-11-18 00:00:00,4,-31.8,-30.64211140998588,5.2,5.667198817701635
2020-11-18 00:00:00,8,-41.6,-36.939769913747995,2.6,4.474732996726285
2020-11-18 03:00:00,1,-29.6,-30.53190646060314,5.3,5.519536738486378
2020-11-18 03:00:00,2,-31.4,-29.341647471606993,6.2,5.570985361135031
2020-11-18 03:00:00,4,-34.1,-29.466052054495023,5.2,5.31985092537375
2020-11-18 03:00:00,8,-38.4,-34.398534102986076,1.0,4.6381726180070215
2020-11-18 06:00:00,1,-31.4,-28.538180792927093,6.2,5.3166699512521065
2020-11-18 06:00:00,2,-31.8,-28.12813359266683,5.2,5.170299499599334
2020-11-18 06:00:00,4,-36.6,-29.861660414921413,4.4,4.644196196513207
2020-11-18 06:00:00,8,-35.2,-31.329836809678074,1.6999999999999997,4.627673665168375
2020-11-18 09:00:00,1,-31.8,-32.445578704314,5.2,6.0756975756820015
2020-11-18 09:00:00,2,-34.1,-33.038761405137876,5.2,5.678411834126675
2020-11-18 09:00:00,4,-39.1,-35.50172198837723,3.3,4.942135388884212
2020-11-18 09:00:00,8,-32.0,-33.63663744940874,2.3,5.168268641334807
2020-11-18 12:00:00,1,-34.1,-33.608160368291266,5.2,4.518493172184348
2020-11-18 12:00:00,2,-36.6,-35.39430393682271,4.4,4.198142823287979
2020-11-18 12:00:00,4,-41.6,-38.19504114804804,2.6,3.918566027712229
2020-11-18 12:00:00,8,-32.9,-33.79996205475915,3.4,4.522616633458999
2020-11-18 15:00:00,1,-36.6,-36.16311307689537,4.4,4.584006799990791
2020-11-18 15:00:00,2,-39.1,-37.728794870590065,3.3,4.306063147604083
2020-11-18 15:00:00,4,-38.4,-38.880159775159456,1.0,4.1631507749458985
2020-11-18 15:00:00,8,-33.6,-35.14172510986846,3.7,4.526692639791007
2020-11-18 18:00:00,1,-39.1,-38.90190593603101,3.3,4.1324264189120115
2020-11-18 18:00:00,2,-41.6,-39.631071670647614,2.6,4.02918781794863
2020-11-18 18:00:00,4,-35.2,-38.40053667632644,1.6999999999999997,4.277890641120763
2020-11-18 18:00:00,8,-35.1,-36.92659483265008,2.1,4.322950388845191
2020-11-18 21:00:00,1,-41.6,-41.32604592594456,2.6,3.240371499657342
2020-11-18 21:00:00,2,-38.4,-40.340530262193546,1.0,3.3642475220244425
2020-11-18 21:00:00,4,-32.0,-36.69736888377446,2.3,3.898056508042968
2020-11-18 21:00:00,8,-37.9,-39.9101822260471,3.4,3.6263227514649934
2020-11-19 00:00:00,1,-38.4,-41.13636107138446,1.0,2.5805504056708877
2020-11-19 00:00:00,2,-35.2,-39.66343945710953,1.6999999999999997,2.7889931486658415
2020-11-19 00:00:00,4,-32.9,-36.604983364869334,3.4,3.2851242298989107
2020-11-19 00:00:00,8,-36.65,-41.455158262299385,3.8,3.2150359989417354
2020-11-19 03:00:00,1,-35.2,-37.78777219960412,1.6999999999999997,1.7643337101372107
2020-11-19 03:00:00,2,-32.0,-36.67778998987996,2.3,2.2127155214414564
2020-11-19 03:00:00,4,-33.6,-36.07050420268343,3.7,2.845824068253061
2020-11-19 03:00:00,8,-35.4,-40.849996512020525,3.3,2.916833511619295
2020-11-19 06:00:00,1,-32.0,-33.92453235287481,2.3,2.4168568737869243
2020-11-19 06:00:00,2,-32.9,-33.58866505251157,3.4,2.6943533833095725
2020-11-19 06:00:00,4,-35.1,-35.51542159419566,2.1,2.9741824365635794
2020-11-19 06:00:00,8,-33.166666666666664,-38.31562995769455,2.7,3.209769966612647
2020-11-19 09:00:00,1,-32.9,-32.44269670035515,3.4,3.1987729234967976
2020-11-19 09:00:00,2,-33.6,-33.44842818087557,3.7,3.164519252734196
2020-11-19 09:00:00,4,-37.9,-37.04105506087807,3.4,3.0707494057928018
2020-11-19 09:00:00,8,-30.933333333333334,-35.47034417027517,2.5,3.609436136735768
2020-11-19 12:00:00,1,-33.6,-34.86952271795836,3.7,3.885669541649169
2020-11-19 12:00:00,2,-35.1,-36.6532281111406,2.1,3.5940651975499898
2020-11-19 12:00:00,4,-36.65,-39.575757368665265,3.8,3.351528677623057
2020-11-19 12:00:00,8,-28.7,-35.287524249145065,3.4,3.9987795438248495
2020-11-19 15:00:00,1,-35.1,-36.04350270759289,2.1,3.836444396344034
2020-11-19 15:00:00,2,-37.9,-37.87585344559669,3.4,3.571744818597493
2020-11-19 15:00:00,4,-35.4,-39.819851575964634,3.3,3.4762496779000642
2020-11-19 15:00:00,8,-27.299999999999997,-35.84605229336565,4.1,4.0197691848773
2020-11-19 18:00:00,1,-37.9,-38.047172729928974,3.4,2.5391244801893116
2020-11-19 18:00:00,2,-36.65,-38.66263476235679,3.8,2.644556032704454
2020-11-19 18:00:00,4,-33.166666666666664,-38.448156027738634,2.7,3.02739776940276
2020-11-19 18:00:00,8,-30.575,-38.093343874351845,4.6,3.2473876596071127
2020-11-19 21:00:00,1,-36.65,-40.59568271868305,3.8,3.1651565886099546
2020-11-19 21:00:00,2,-35.4,-39.79346538871932,3.3,3.239666660458676
2020-11-19 21:00:00,4,-30.933333333333334,-37.189083430216854,2.5,3.545530091766534
2020-11-19 21:00:00,8,-33.85,-40.39305910734966,6.0,3.380572088944217
2020-11-20 00:00:00,1,-35.4,-36.84739592285871,3.3,4.130262153606479
2020-11-20 00:00:00,2,-33.166666666666664,-35.77767530843978,2.7,4.285632568432108
2020-11-20 00:00:00,4,-28.7,-34.39399494675088,3.4,4.493499986897702
2020-11-20 00:00:00,8,-37.125,-39.19862121261317,4.6,4.037424822948122
2020-11-20 03:00:00,1,-33.166666666666664,-33.71796471912373,2.7,3.524839006954009
2020-11-20 03:00:00,2,-30.933333333333334,-32.87289343129376,2.5,3.69565880491871
2020-11-20 03:00:00,4,-27.299999999999997,-33.12612791414865,4.1,3.7869512639133602
2020-11-20 03:00:00,8,-40.4,-37.47725500606299,4.2,3.6158339427868387
2020-11-20 06:00:00,1,-30.933333333333334,-32.14802764658377,2.5,3.1065040923872846
2020-11-20 06:00:00,2,-28.7,-32.12656392210019,3.4,3.2288625563427793
2020-11-20 06:00:00,4,-30.575,-34.47562338587957,4.6,3.3293850550018695
2020-11-20 06:00:00,8,-38.3,-36.28811135259892,4.0,3.6261314653900096
2020-11-20 09:00:00,1,-28.7,-31.15545827814346,3.4,2.975005806478535
2020-11-20 09:00:00,2,-27.299999999999997,-32.23631639686138,4.1,3.016976663998114
2020-11-20 09:00:00,4,-33.85,-36.212375170564115,6.0,3.0545223747762096
2020-11-20 09:00:00,8,-36.349999999999994,-34.707715487692276,4.3,3.5798844243267136
2020-11-20 12:00:00,1,-27.299999999999997,-30.997842922635538,4.1,3.3942611869720736
2020-11-20 12:00:00,2,-30.575,-32.65519549825356,4.6,3.2617127871668017
2020-11-20 12:00:00,4,-37.125,-36.892640503008806,4.6,3.111469692273308
2020-11-20 12:00:00,8,-34.4,-33.45038506156363,4.4,3.7773198300823756
2020-11-20 15:00:00,1,-30.575,-31.145928932053497,4.6,3.906040108980756
2020-11-20 15:00:00,2,-33.85,-32.82227679576435,6.0,3.6485497368242594
2020-11-20 15:00:00,4,-40.4,-36.0952404426623,4.2,3.445226195767039
2020-11-20 15:00:00,8,-35.0,-32.538840352422625,4.9,4.11744569332167
2020-11-20 18:00:00,1,-33.85,-34.88926300407455,6.0,4.539745734947111
2020-11-20 18:00:00,2,-37.125,-36.077248091947155,4.6,4.349306757349409
2020-11-20 18:00:00,4,-38.3,-36.62182147299895,4.0,4.331939474705352
2020-11-20 18:00:00,8,-38.3,-34.155885220672076,5.5,4.563635939398323
2020-11-20 21:00:00,1,-37.125,-38.095797900722815,4.6,6.6602266576693125
2020-11-20 21:00:00,2,-40.4,-37.44414078057572,4.2,6.552984459151576
2020-11-20 21:00:00,4,-36.349999999999994,-34.90523362901256,4.3,6.355643346766849
2020-11-20 21:00:00,8,-40.349999999999994,-37.762989847561904,4.4,5.230407102995889
2020-11-21 00:00:00,1,-40.4,-37.890192856293986,4.2,4.533485308288988
2020-11-21 00:00:00,2,-38.3,-36.55162162056911,4.0,4.66239084808424
2020-11-21 00:00:00,4,-34.4,-33.02835448884244,4.4,4.9290417704062985
2020-11-21 00:00:00,8,-42.4,-37.8419495510247,4.3,4.120112607778109
2020-11-21 03:00:00,1,-38.3,-39.70345464107629,4.0,4.0976181118422375
2020-11-21 03:00:00,2,-36.349999999999994,-38.075425014737654,4.3,4.255142767783267
2020-11-21 03:00:00,4,-35.0,-34.52705995153528,4.9,4.512405182924551
2020-11-21 03:00:00,8,-41.0,-40.27602236758245,3.6,3.7985283104026326
2020-11-21 06:00:00,1,-36.349999999999994,-35.95046585579307,4.3,4.329540973935734
2020-11-21 06:00:00,2,-34.4,-35.60390920274643,4.4,4.330171858072099
2020-11-21 06:00:00,4,-38.3,-36.30674350819294,5.5,4.1973992736529535
2020-11-21 06:00:00,8,-38.8,-38.57243380245247,3.8,4.1653694268149115
2020-11-21 09:00:00,1,-34.4,-34.89786290388778,4.4,4.802321930621009
2020-11-21 09:00:00,2,-35.0,-36.03101210243521,4.9,4.48605990501367
2020-11-21 09:00:00,4,-40.349999999999994,-39.25431017511017,4.4,4.0481307646489535
2020-11-21 09:00:00,8,-37.233333333333334,-36.19247637423018,4.8,4.653636424249448
2020-11-21 12:00:00,1,-35.0,-35.157256229202744,4.9,4.715153492762693
2020-11-21 12:00:00,2,-38.3,-36.93421917412324,5.5,4.3232033396855325
2020-11-21 12:00:00,4,-42.4,-40.10034981627031,4.3,3.9077569381613473
2020-11-21 12:00:00,8,-35.666666666666664,-35.40964772589966,3.9,4.588448795902921
2020-11-21 15:00:00,1,-38.3,-37.18911945526634,5.5,4.885160344903772
2020-11-21 15:00:00,2,-40.349999999999994,-39.00204692758942,4.4,4.505366281926423
2020-11-21 15:00:00,4,-41.0,-40.74445320404124,3.6,4.243214354767828
2020-11-21 15:00:00,8,-34.1,-35.944299808323095,3.8,4.809494771861747
2020-11-21 18:00:00,1,-40.349999999999994,-40.97557335001882,4.4,5.609327035265702
2020-11-21 18:00:00,2,-42.4,-41.52819832963068,4.3,5.4125084604516625
2020-11-21 18:00:00,4,-38.8,-39.971496860271785,3.8,5.386946775616172
2020-11-21 18:00:00,8,-36.53333333333333,-38.92461756822878,3.9,5.038721873292095
2020-11-21 21:00:00,1,-42.4,-41.851206848830486,4.3,4.431834688338895
2020-11-21 21:00:00,2,-41.0,-41.19707913078966,3.6,4.485599005548259
2020-11-21 21:00:00,4,-37.233333333333334,-37.4693035571405,4.8,4.890422938082523
2020-11-21 21:00:00,8,-38.96666666666667,-39.823472813938935,4.5,4.34009234049193
2020-11-22 00:00:00,1,-41.0,-41.23453293373798,3.6,4.396375928633934
2020-11-22 00:00:00,2,-38.8,-39.87928858461012,3.8,4.508996851639498
2020-11-22 00:00:00,4,-35.666666666666664,-36.11995218560752,3.9,4.780139997464665
2020-11-22 00:00:00,8,-41.4,-40.80727800834037,4.9,4.064059949250253
2020-11-22 03:00:00,1,-38.8,-38.706167432155326,3.8,3.6313950416592156
2020-11-22 03:00:00,2,-37.233333333333334,-37.41548213320884,4.8,3.8370279321780756
2020-11-22 03:00:00,4,-34.1,-35.81134143768517,3.8,4.109332497734337
2020-11-22 03:00:00,8,-38.8,-41.32575772554868,3.1,3.704980981820103
2020-11-22 06:00:00,1,-37.233333333333334,-35.861172727135795,4.8,4.460989832055909
2020-11-22 06:00:00,2,-35.666666666666664,-35.640839201475224,3.9,4.4147707440866375
2020-11-22 06:00:00,4,-36.53333333333333,-37.13462796541425,3.9,4.163719967656826
2020-11-22 06:00:00,8,-38.5,-38.78540524900014,5.1,4.220489835660532
2020-11-22 09:00:00,1,-35.666666666666664,-35.893449730473016,3.9,5.19457168967875
2020-11-22 09:00:00,2,-34.1,-37.10990901745913,3.8,4.801701710516699
2020-11-22 09:00:00,4,-38.96666666666667,-40.421675965659134,4.5,4.2389962502086895
2020-11-22 09:00:00,8,-36.1,-36.55353815320175,5.8,4.876485688028749
2020-11-22 12:00:00,1,-34.1,-35.51320533315129,3.8,3.871155980643071
2020-11-22 12:00:00,2,-36.53333333333333,-37.54535675961078,3.9,3.6485044813382266
2020-11-22 12:00:00,4,-41.4,-41.017279549808435,4.9,3.5525538631691846
2020-11-22 12:00:00,8,-34.4,-36.41621354656617,5.7,4.170311352549772
2020-11-22 15:00:00,1,-36.53333333333333,-35.986441911211486,3.9,3.5234259960466603
2020-11-22 15:00:00,2,-38.96666666666667,-37.57277614527535,4.5,3.3992167759980054
2020-11-22 15:00:00,4,-38.8,-39.78772875983921,3.1,3.454595521020155
2020-11-22 15:00:00,8,-34.7,-36.869510980236996,4.4,3.9268563262119147
2020-11-22 18:00:00,1,-38.96666666666667,-39.43994293210412,4.5,3.972117810762741
2020-11-22 18:00:00,2,-41.4,-40.35561467091421,4.9,3.8218024937121555
2020-11-22 18:00:00,4,-38.5,-39.937039620939686,5.1,3.983868401043666
2020-11-22 18:00:00,8,-36.5,-37.79477258722018,3.8,4.250863505000295
2020-11-22 21:00:00,1,-41.4,-41.17593819074946,4.9,4.849048839796733
2020-11-22 21:00:00,2,-38.8,-40.51321705740431,3.1,4.843604744792409
2020-11-22 21:00:00,4,-36.1,-37.357973185211826,5.8,5.0450950187690395
2020-11-22 21:00:00,8,-38.25,-39.621117228973716,4.1,4.446477364113097
2020-11-23 00:00:00,1,-38.8,-40.77220690216504,3.1,5.5118277097139226
2020-11-23 00:00:00,2,-38.5,-39.65584825868191,5.1,5.555540643509983
2020-11-23 00:00:00,4,-34.4,-36.421948734444285,5.7,5.573303295142474
2020-11-23 00:00:00,8,-40.0,-40.85489447774861,5.3,4.580754376854381
2020-11-23 03:00:00,1,-38.5,-36.89133207321149,5.1,2.917356049189983
2020-11-23 03:00:00,2,-36.1,-35.796235413934824,5.8,3.174925855055248
2020-11-23 03:00:00,4,-34.7,-34.889290383112154,4.4,3.544289344966992
2020-11-23 03:00:00,8,-38.7,-40.08066284722735,4.6,3.399747298262694
2020-11-23 06:00:00,1,-36.1,-36.1996972351491,5.8,5.879734256238763
2020-11-23 06:00:00,2,-34.4,-35.50988382358871,5.7,5.705715168677364
2020-11-23 06:00:00,4,-36.5,-36.51385295868829,3.8,5.10333556343343
2020-11-23 06:00:00,8,-37.5,-38.790898348545724,5.0,4.7525508668549055
2020-11-23 09:00:00,1,-34.4,-34.21568247981243,5.7,5.8091737686220375
2020-11-23 09:00:00,2,-34.7,-35.0757502752423,4.4,5.375753381010114
2020-11-23 09:00:00,4,-38.25,-38.60164867658341,4.1,4.568310304568929
2020-11-23 09:00:00,8,-35.6,-35.770578373691094,5.5,5.026704255648517
2020-11-23 12:00:00,1,-34.7,-34.62091385145744,4.4,5.195725111385804
2020-11-23 12:00:00,2,-36.5,-36.44293260526873,3.8,4.741652439375484
2020-11-23 12:00:00,4,-40.0,-39.59715336605582,5.3,4.243361785010986
2020-11-23 12:00:00,8,-34.1,-34.430788050291625,6.0,4.937116575478235
2020-11-23 15:00:00,1,-36.5,-36.358361640098046,3.8,3.956496550087025
2020-11-23 15:00:00,2,-38.25,-38.10348852828703,4.1,3.7385116312093856
2020-11-23 15:00:00,4,-38.7,-39.45744822415022,4.6,3.7765810259416153
2020-11-23 15:00:00,8,-34.4,-35.793109880641445,4.7,4.24793089618521
2020-11-23 18:00:00,1,-38.25,-38.77895964714616,4.1,3.3684521232529914
2020-11-23 18:00:00,2,-40.0,-39.59737528036065,5.3,3.358440876590333
2020-11-23 18:00:00,4,-37.5,-39.842420548966444,5.0,3.5836212144640758
2020-11-23 18:00:00,8,-36.3,-38.979390053466865,4.5,3.754648711115595
2020-11-23 21:00:00,1,-40.0,-40.27657138933661,5.3,4.228653418799325
2020-11-23 21:00:00,2,-38.7,-39.599516609302086,4.6,4.288371251824276
2020-11-23 21:00:00,4,-35.6,-36.70008949551162,5.5,4.610671785582676
2020-11-23 21:00:00,8,-37.33333333333333,-39.43367313249163,3.0,4.134028903008895
2020-11-24 00:00:00,1,-38.7,-39.301181646495046,4.6,6.104143028065765
2020-11-24 00:00:00,2,-37.5,-38.10015981371455,5.0,6.127952612434642
2020-11-24 00:00:00,4,-34.1,-35.29741528673186,6.0,5.978517957811228
2020-11-24 00:00:00,8,-38.36666666666667,-40.18385588097819,4.0,4.812137958846863
2020-11-24 03:00:00,1,-37.5,-36.0243085612269,5.0,4.843422389844271
2020-11-24 03:00:00,2,-35.6,-34.962673408914554,5.5,4.957165595583288
2020-11-24 03:00:00,4,-34.4,-34.125284102636925,4.7,4.922272562778838
2020-11-24 03:00:00,8,-39.4,-39.001232761471044,3.3,4.257991930547524
2020-11-24 06:00:00,1,-35.6,-34.841580248575255,5.5,5.4539149773948985
2020-11-24 06:00:00,2,-34.1,-34.42568834428643,6.0,5.326365689196382
2020-11-24 06:00:00,4,-36.3,-35.384375433184445,4.5,4.8752646563584685
2020-11-24 06:00:00,8,-37.333333333333336,-37.041631461669844,4.3,4.656467618119692
2020-11-24 09:00:00,1,-34.1,-34.08165344470379,6.0,5.424483315326701
2020-11-24 09:00:00,2,-34.4,-34.992770176256904,4.7,5.046884443347844
2020-11-24 09:00:00,4,-37.33333333333333,-37.95379724266398,3.0,4.417127601811081
2020-11-24 09:00:00,8,-35.266666666666666,-35.099568596960275,3.8,4.9001566399809136
2020-11-24 12:00:00,1,-34.4,-34.41557395139282,4.7,5.450855893159642
2020-11-24 12:00:00,2,-36.3,-36.03815514924723,4.5,4.9748508263430615
2020-11-24 12:00:00,4,-38.36666666666667,-39.24510505446558,4.0,4.386208520551873
2020-11-24 12:00:00,8,-33.2,-34.36960166524311,3.4,5.073996251882828
2020-11-24 15:00:00,1,-36.3,-36.10212555012001,4.5,4.064270883804299
2020-11-24 15:00:00,2,-37.33333333333333,-37.92095968955677,3.0,3.8292291122557183
2020-11-24 15:00:00,4,-39.4,-39.516996189948124,3.3,3.8310301606294628
2020-11-24 15:00:00,8,-34.0,-35.608589577175614,4.8,4.32031408016075
2020-11-24 18:00:00,1,-37.33333333333333,-38.245957511989175,3.0,4.178037763694478
2020-11-24 18:00:00,2,-38.36666666666667,-38.84976327940539,4.0,4.094845516828135
2020-11-24 18:00:00,4,-37.333333333333336,-37.908705408723705,4.3,4.220928074057826
2020-11-24 18:00:00,8,-36.1,-37.45005177069534,4.8,4.142193979112177
2020-11-24 21:00:00,1,-38.36666666666667,-39.37327641652784,4.0,3.0286173614287137
2020-11-24 21:00:00,2,-39.4,-38.70283151257295,3.3,3.1669895224395432
2020-11-24 21:00:00,4,-35.266666666666666,-36.22603875133305,3.8,3.662792218135523
2020-11-24 21:00:00,8,-37.733333333333334,-39.41789704282084,4.2,3.546649981757795
2020-11-25 00:00:00,1,-39.4,-38.01453259409294,3.3,4.045600723043939
2020-11-25 00:00:00,2,-37.333333333333336,-36.621804180975204,4.3,4.188471505977109
2020-11-25 00:00:00,4,-33.2,-34.24861802105424,3.4,4.390555606578714
2020-11-25 00:00:00,8,-39.36666666666667,-39.46694154519069,6.1,3.757786255966695
2020-11-25 03:00:00,1,-37.333333333333336,-37.98128723742554,4.3,3.344501187139227
2020-11-25 03:00:00,2,-35.266666666666666,-36.80721358266234,3.8,3.51368262986922
2020-11-25 03:00:00,4,-34.0,-35.390672611834546,4.8,3.728205004188848
2020-11-25 03:00:00,8,-41.0,-40.439395967000166,5.6,3.40021691557431
2020-11-25 06:00:00,1,-35.266666666666666,-34.3224736955059,3.8,4.577876687804378
2020-11-25 06:00:00,2,-33.2,-34.20982624776803,3.4,4.529997956526409
2020-11-25 06:00:00,4,-36.1,-36.19199363856707,4.8,4.25034539300291
2020-11-25 06:00:00,8,-37.7,-37.84047972900568,5.3,4.215675505069207
2020-11-25 09:00:00,1,-33.2,-33.963315480149156,3.4,3.756844608606211
2020-11-25 09:00:00,2,-34.0,-35.04172821850799,4.8,3.64177694341602
2020-11-25 09:00:00,4,-37.733333333333334,-38.76876311713973,4.2,3.463777345929666
2020-11-25 09:00:00,8,-36.06666666666667,-36.86403373171319,7.0,3.9892729591491474
2020-11-25 12:00:00,1,-34.0,-34.71851147452216,4.8,3.1364648504058836
2020-11-25 12:00:00,2,-36.1,-36.26830910339761,4.8,3.0935230327677097
2020-11-25 12:00:00,4,-39.36666666666667,-39.56795578394864,6.1,3.1223700392784997
2020-11-25 12:00:00,8,-34.43333333333333,-36.65168912102657,7.6,3.6383073739268927
2020-11-25 15:00:00,1,-36.1,-36.511819704895316,4.8,4.461600881092653
2020-11-25 15:00:00,2,-37.733333333333334,-38.05129831859608,4.2,4.147040461760147
2020-11-25 15:00:00,4,-41.0,-40.277937459213106,5.6,3.865489220649441
2020-11-25 15:00:00,8,-32.8,-36.57495288361804,7.199999999999999,4.407293071489612
2020-11-25 18:00:00,1,-37.733333333333334,-38.53527036140301,4.2,4.376135542473657
2020-11-25 18:00:00,2,-39.36666666666667,-39.286594383457285,6.1,4.24604341583166
2020-11-25 18:00:00,4,-37.7,-38.861413780409066,5.3,4.280365283079252
2020-11-25 18:00:00,8,-36.0,-37.90973716614097,6.7,4.265855321183973
2020-11-25 21:00:00,1,-39.36666666666667,-39.14334437668229,6.1,4.240607798732819
2020-11-25 21:00:00,2,-41.0,-38.63925306423858,5.6,4.3140675700644575
2020-11-25 21:00:00,4,-36.06666666666667,-36.23815325497411,7.0,4.600428342952064
2020-11-25 21:00:00,8,-36.1,-39.20577434643906,7.0,4.055783327371678
2020-11-26 00:00:00,1,-41.0,-38.71490134515264,5.6,6.627347527318421
2020-11-26 00:00:00,2,-37.7,-37.379145827295574,5.3,6.599871648729085
2020-11-26 00:00:00,4,-34.43333333333333,-35.32662871986082,7.6,6.232837846587614
2020-11-26 00:00:00,8,-36.2,-40.60026798698159,7.5,4.901806898941402
2020-11-26 03:00:00,1,-37.7,-38.68756553760288,5.3,5.885093358907609
2020-11-26 03:00:00,2,-36.06666666666667,-37.58725389216267,7.0,5.863072132714332
2020-11-26 03:00:00,4,-32.8,-36.02995296598033,7.199999999999999,5.580158561508618
2020-11-26 03:00:00,8,-35.6,-40.45722404348966,6.6,4.653415358864951
2020-11-26 06:00:00,1,-36.06666666666667,-34.981863232274605,7.0,5.255604504496385
2020-11-26 06:00:00,2,-34.43333333333333,-34.53810523170759,7.6,5.1766846954325
2020-11-26 06:00:00,4,-36.0,-35.34268004090967,6.7,4.815753385634421
2020-11-26 06:00:00,8,-32.9,-37.527048829462146,8.4,4.504785625381036
2020-11-26 09:00:00,1,-34.43333333333333,-35.019731323292014,7.6,6.835870730435229
2020-11-26 09:00:00,2,-32.8,-35.41270841410397,7.199999999999999,6.397615270689633
2020-11-26 09:00:00,4,-36.1,-38.25559205122363,7.0,5.513024427391119
2020-11-26 09:00:00,8,-30.9,-36.926380123355145,8.5,5.439793026305935
2020-11-26 12:00:00,1,-32.8,-34.33370342393158,7.199999999999999,6.701774579677595
2020-11-26 12:00:00,2,-36.0,-35.61449192128335,6.7,6.171152819569506
2020-11-26 12:00:00,4,-36.2,-39.11236859813249,7.5,5.309892105758681
2020-11-26 12:00:00,8,-29.8,-35.349131406771576,8.7,5.50389175033934
2020-11-26 15:00:00,1,-36.0,-34.85584905017556,6.7,6.221268651491942
2020-11-26 15:00:00,2,-36.1,-36.23088916399581,7.0,5.828908626342754
2020-11-26 15:00:00,4,-35.6,-37.889911860908,6.6,5.3599291304842325
2020-11-26 15:00:00,8,-30.2,-34.65961484161895,7.5,5.38075673156961
2020-11-26 18:00:00,1,-36.1,-39.564014643534904,7.0,6.071788568091973
2020-11-26 18:00:00,2,-36.2,-39.798044893009944,7.5,5.9243753873848775
2020-11-26 18:00:00,4,-32.9,-37.66229262923943,8.4,5.916842101860686
2020-11-26 18:00:00,8,-32.3,-38.077236354225796,6.5,5.182865888332456
2020-11-26 21:00:00,1,-36.2,-38.02166123088517,7.5,6.679923551435913
2020-11-26 21:00:00,2,-35.6,-37.44461198822299,6.6,6.622732347525721
2020-11-26 21:00:00,4,-30.9,-34.59410545063215,8.5,6.515532378574921
2020-11-26 21:00:00,8,-34.699999999999996,-37.77104072562097,5.4,5.2191974990611065
2020-11-27 00:00:00,1,-35.6,-35.55331706425067,6.6,7.424602720735999
2020-11-27 00:00:00,2,-32.9,-34.23843734206958,8.4,7.36317021799695
2020-11-27 00:00:00,4,-29.8,-32.023355037327576,8.7,6.887770654920443
2020-11-27 00:00:00,8,-37.1,-37.46085352153313,5.0,5.337940322948402
2020-11-27 03:00:00,1,-32.9,-34.58081653037786,8.4,6.663167371148759
2020-11-27 03:00:00,2,-30.9,-33.39525376683267,8.5,6.614681216604946
2020-11-27 03:00:00,4,-30.2,-31.915111291638834,7.5,6.210362972470723
2020-11-27 03:00:00,8,-39.5,-36.627826128247236,5.0,5.0410996325193675
2020-11-27 06:00:00,1,-30.9,-31.453530978590244,8.5,8.045073216519073
2020-11-27 06:00:00,2,-29.8,-30.41834253560635,8.7,7.747236185575153
2020-11-27 06:00:00,4,-32.3,-31.52549894044885,6.5,6.710709332294436
2020-11-27 06:00:00,8,-36.5,-34.76593196766119,5.6,5.67330205652727
2020-11-27 09:00:00,1,-29.8,-31.21368484512623,8.7,7.6121813383357875
2020-11-27 09:00:00,2,-30.2,-31.41833738724666,7.5,7.138037145112779
2020-11-27 09:00:00,4,-34.699999999999996,-34.068406313506905,5.4,6.120227587614105
2020-11-27 09:00:00,8,-34.55,-33.33122428487874,5.8,5.773876675643028
2020-11-27 12:00:00,1,-30.2,-32.55419134650948,7.5,7.6739282167398155
2020-11-27 12:00:00,2,-32.3,-33.21744853259098,6.5,7.199643258293683
2020-11-27 12:00:00,4,-37.1,-35.09712321660119,5.0,6.36918154874113
2020-11-27 12:00:00,8,-32.6,-33.48061584209006,8.3,5.931976282872297
2020-11-27 15:00:00,1,-32.3,-33.73764592415876,6.5,6.378127605231949
2020-11-27 15:00:00,2,-34.699999999999996,-34.84641192821228,5.4,6.05552229343742
2020-11-27 15:00:00,4,-39.5,-35.41226314449232,5.0,5.724586026520996
2020-11-27 15:00:00,8,-32.7,-33.27351071460065,8.5,5.462651379015519
2020-11-27 18:00:00,1,-34.699999999999996,-36.00144850582525,5.4,5.778507851483811
2020-11-27 18:00:00,2,-37.1,-36.43362949648954,5.0,5.6668622608499835
2020-11-27 18:00:00,4,-36.5,-34.998388642974696,5.6,5.652352352274864
2020-11-27 18:00:00,8,-35.2,-35.624682687281876,7.699999999999999,4.9694586651748445
2020-11-27 21:00:00,1,-37.1,-37.32472638754245,5.0,4.992194168235156
2020-11-27 21:00:00,2,-39.5,-36.72708378559226,5.0,5.075620170684141
2020-11-27 21:00:00,4,-34.55,-33.866323077915794,5.8,5.32260757765993
2020-11-27 21:00:00,8,-36.333333333333336,-37.4319888108832,7.1,4.442143608126324
2020-11-28 00:00:00,1,-39.5,-37.54997084794891,5.0,4.879385344984785
2020-11-28 00:00:00,2,-36.5,-36.30636596567432,5.6,5.023335594562709
2020-11-28 00:00:00,4,-32.6,-33.436512535507674,8.3,5.178979488490384
2020-11-28 00:00:00,8,-37.46666666666667,-38.82872032749979,5.6,4.174336491448878
2020-11-28 03:00:00,1,-36.5,-38.15280826203495,5.6,5.482336968908141
2020-11-28 03:00:00,2,-34.55,-36.912921164867285,5.8,5.551218937879431
2020-11-28 03:00:00,4,-32.7,-34.61868318039328,8.5,5.4495881530289605
2020-11-28 03:00:00,8,-38.6,-39.735823868540194,7.0,4.46111230846406
2020-11-28 06:00:00,1,-34.55,-34.73450515549183,5.8,5.895865524247501
2020-11-28 06:00:00,2,-32.6,-34.082853799352655,8.3,5.7532733391517645
2020-11-28 06:00:00,4,-35.2,-34.33834200930337,7.699999999999999,5.279685488481058
2020-11-28 06:00:00,8,-36.1,-36.731426965558256,7.3,4.842252652168174
2020-11-28 09:00:00,1,-32.6,-33.773578749517796,8.3,5.712641244216352
2020-11-28 09:00:00,2,-32.7,-34.62868373413052,8.5,5.340241301144879
2020-11-28 09:00:00,4,-36.333333333333336,-37.62608745450629,7.1,4.710782945865331
2020-11-28 09:00:00,8,-33.7,-35.09262729042537,8.3,5.06212078578654
2020-11-28 12:00:00,1,-32.7,-34.09168858248853,8.5,7.815063695056859
2020-11-28 12:00:00,2,-35.2,-34.749458433032366,7.699999999999999,7.25307944323672
2020-11-28 12:00:00,4,-37.46666666666667,-37.52845236539011,5.6,6.1993869108379425
2020-11-28 12:00:00,8,-31.9,-35.34768175878027,9.3,5.979108958467707
2020-11-28 15:00:00,1,-35.2,-34.86118075749944,7.699999999999999,7.435939013371594
2020-11-28 15:00:00,2,-36.333333333333336,-35.840399242600355,7.1,6.936352145910828
2020-11-28 15:00:00,4,-38.6,-37.60596242086159,7.0,6.150242358955062
2020-11-28 15:00:00,8,-32.4,-35.24414000255041,9.3,5.833464940678512
2020-11-28 18:00:00,1,-36.333333333333336,-38.227493953626755,7.1,6.859246928541397
2020-11-28 18:00:00,2,-37.46666666666667,-38.45823439558276,5.6,6.658723242430218
2020-11-28 18:00:00,4,-36.1,-36.37076578513697,7.3,6.484282285760731
2020-11-28 18:00:00,8,-34.6,-37.043879424757755,9.6,5.493712718462339
2020-11-28 21:00:00,1,-37.46666666666667,-38.251225815225965,5.6,6.538187048272258
2020-11-28 21:00:00,2,-38.6,-37.61825704975008,7.0,6.522307238139372
2020-11-28 21:00:00,4,-33.7,-34.17556786670909,8.3,6.526212833239143
2020-11-28 21:00:00,8,-37.0,-37.590347723412506,8.6,5.158130772621538
2020-11-29 00:00:00,1,-38.6,-36.949420304004235,7.0,5.433168103032176
2020-11-29 00:00:00,2,-36.1,-35.90467081288683,7.3,5.5605529518564065
2020-11-29 00:00:00,4,-31.9,-33.22463769146634,9.3,5.656656782173487
2020-11-29 00:00:00,8,-39.4,-38.32960047188511,8.3,4.532089919694609
2020-11-29 03:00:00,1,-36.1,-36.34828615425788,7.3,7.004369048601829
2020-11-29 03:00:00,2,-33.7,-34.65958025757145,8.3,6.97672574470923
2020-11-29 03:00:00,4,-32.4,-33.024456578488085,9.3,6.426740661757215
2020-11-29 03:00:00,8,-37.9,-39.1957262396365,10.0,5.016652232393289
2020-11-29 06:00:00,1,-33.7,-34.062998233078105,8.3,7.084955006033964
2020-11-29 06:00:00,2,-31.9,-33.2841265761831,9.3,6.8306937694338785
2020-11-29 06:00:00,4,-34.6,-34.045243647689574,9.6,6.033709655711135
2020-11-29 06:00:00,8,-35.8,-36.610433234355526,10.6,5.296983508236919
2020-11-29 09:00:00,1,-31.9,-33.648393143556916,9.3,7.735577839171503
2020-11-29 09:00:00,2,-32.4,-33.76350614568159,9.3,7.278656057717087
2020-11-29 09:00:00,4,-37.0,-36.10706386390351,8.6,6.262868187415371
2020-11-29 09:00:00,8,-33.3,-35.66927161153133,11.1,5.803399835106256
2020-11-29 12:00:00,1,-32.4,-33.453007685166185,9.3,8.187975085105684
2020-11-29 12:00:00,2,-34.6,-34.11462789299905,9.6,7.631775857394663
2020-11-29 12:00:00,4,-39.4,-36.78023226159952,8.3,6.566234732260376
2020-11-29 12:00:00,8,-31.8,-34.820855758107115,11.7,6.136385728983623
2020-11-29 15:00:00,1,-34.6,-35.41626768899316,9.6,8.049950944780965
2020-11-29 15:00:00,2,-37.0,-36.14216667212239,8.6,7.59133443535239
2020-11-29 15:00:00,4,-37.9,-37.04645305429301,10.0,6.8285311037331535
2020-11-29 15:00:00,8,-32.4,-35.6555374216654,9.2,6.098077966474887
2020-11-29 18:00:00,1,-37.0,-37.22120912834624,8.6,8.349597448683953
2020-11-29 18:00:00,2,-39.4,-37.29481839145941,8.3,8.043953493153314
2020-11-29 18:00:00,4,-35.8,-35.743035061856304,10.6,7.47293083432476
2020-11-29 18:00:00,8,-34.2,-37.02589139704855,7.366666666666666,6.081036843251227
2020-11-29 21:00:00,1,-39.4,-39.193040211946844,8.3,7.4598132217747235
2020-11-29 21:00:00,2,-37.9,-38.53716383800398,10.0,7.364562514022031
2020-11-29 21:00:00,4,-33.3,-35.103861341857,11.1,7.16736067389594
2020-11-29 21:00:00,8,-36.66666666666667,-38.388242047437956,5.533333333333333,5.591453051138557
2020-11-30 00:00:00,1,-37.9,-37.75756303410738,10.0,7.5109344586392925
2020-11-30 00:00:00,2,-35.8,-36.36821088862744,10.6,7.5065634851806475
2020-11-30 00:00:00,4,-31.8,-33.10648129316112,11.7,7.158226290599034
2020-11-30 00:00:00,8,-39.13333333333333,-39.071709286280935,3.7,5.379489631280853
2020-11-30 03:00:00,1,-35.8,-34.48124473460132,10.6,9.336661108803991
2020-11-30 03:00:00,2,-33.3,-32.89092613006433,11.1,9.12632374055401
2020-11-30 03:00:00,4,-32.4,-31.51603732145192,9.2,8.109227180238523
2020-11-30 03:00:00,8,-41.6,-37.47425916294775,3.4,6.134619338714057
2020-11-30 06:00:00,1,-33.3,-32.74279112657907,11.1,9.512994717882574
2020-11-30 06:00:00,2,-31.8,-32.00533818957878,11.7,9.071408667645606
2020-11-30 06:00:00,4,-34.2,-33.26142503099918,7.366666666666666,7.751305580207287
2020-11-30 06:00:00,8,-39.8,-35.74562742441729,3.3,6.409765228971013
2020-11-30 09:00:00,1,-31.8,-33.19936539875113,11.7,9.782696619775527
2020-11-30 09:00:00,2,-32.4,-33.42531018611959,9.2,9.182798748071399
2020-11-30 09:00:00,4,-36.66666666666667,-35.71451186867549,5.533333333333333,7.785173266329663
2020-11-30 09:00:00,8,-36.8,-35.56020361271036,3.2,6.6671838721819
2020-11-30 12:00:00,1,-32.4,-34.200070664367296,9.2,10.04942624265415
2020-11-30 12:00:00,2,-34.2,-35.04533936946844,7.366666666666666,9.365041084030937
2020-11-30 12:00:00,4,-39.13333333333333,-37.337802039503785,3.7,7.98070469247468
2020-11-30 12:00:00,8,-53.29175178959221,-35.78679252796363,2.8,6.871319892511341
2020-11-30 15:00:00,1,-34.2,-35.66118614942476,7.366666666666666,7.492199034002756
2020-11-30 15:00:00,2,-36.66666666666667,-36.552349326568724,5.533333333333333,7.13922874405459
2020-11-30 15:00:00,4,-41.6,-36.39672543579637,3.4,6.712111865790291
2020-11-30 15:00:00,8,-53.29175178959221,-35.061882072192276,1.8,5.91869934968336
2020-11-30 18:00:00,1,-36.66666666666667,-36.63947518824894,5.533333333333333,6.242886777273547
2020-11-30 18:00:00,2,-39.13333333333333,-36.338751044160006,3.7,6.162364377472457
2020-11-30 18:00:00,4,-39.8,-34.43329251173188,3.3,6.024220799988724
2020-11-30 18:00:00,8,-53.29175178959221,-37.305493334123014,2.3,4.963184908476652
2020-11-30 21:00:00,1,-39.13333333333333,-39.032246006072306,3.7,4.760716316199309
2020-11-30 21:00:00,2,-41.6,-37.96910500669145,3.4,4.9068936422315685
2020-11-30 21:00:00,4,-36.8,-35.247625786338645,3.2,5.118551111009619
2020-11-30 21:00:00,8,-53.29175178959221,-40.432737096853224,1.8,4.201458537454634
2020-12-01 00:00:00,1,-41.6,-41.466255418542964,3.4,3.483209425120265
2020-12-01 00:00:00,2,-39.8,-39.917571684197604,3.3,3.674383541097709
2020-12-01 00:00:00,4,-53.29175178959221,-36.532243025949754,2.8,4.062764375995909
2020-12-01 00:00:00,8,-53.29175178959221,-42.10741772127388,1.1,3.5242885562794175
2020-12-01 03:00:00,1,-39.8,-40.58243414648419,3.3,3.411589465918891
2020-12-01 03:00:00,2,-36.8,-39.10951829621718,3.2,3.6203698588287816
2020-12-01 03:00:00,4,-53.29175178959221,-36.73068196753489,1.8,3.921587867815534
2020-12-01 03:00:00,8,-53.29175178959221,-42.81984909990338,1.3000000000000003,3.4020984507299885
2020-12-01 06:00:00,1,-36.8,-38.856494199651294,3.2,3.824699751260979
2020-12-01 06:00:00,2,-53.29175178959221,-38.227953633258196,2.8,3.914026562547118
2020-12-01 06:00:00,4,-53.29175178959221,-38.01013321504975,2.3,3.963385514794462
2020-12-01 06:00:00,8,-53.29175178959221,-41.58708775752399,0.20000000000000018,3.752546883717743
2020-12-01 09:00:00,1,-53.29175178959221,-36.0099071874445,2.8,3.63426335969105
2020-12-01 09:00:00,2,-53.29175178959221,-36.70228846453223,1.8,3.4940323112626186
2020-12-01 09:00:00,4,-53.29175178959221,-38.93837625512837,1.8,3.2846177416964655
2020-12-01 09:00:00,8,-53.29175178959221,-37.52342615048586,0.3999999999999999,3.767711617181191
2020-12-01 12:00:00,1,-53.29175178959221,-47.75041281450932,1.8,2.626529446278605
2020-12-01 12:00:00,2,-53.29175178959221,-48.73871933884399,2.3,2.620178481988335
2020-12-01 12:00:00,4,-53.29175178959221,-47.45338087774218,1.1,3.0906607532440264
2020-12-01 12:00:00,8,-53.29175178959221,-42.69077062709508,2.3,3.5423054151085265
2020-12-01 15:00:00,1,-53.29175178959221,-50.17486117884647,2.3,1.9288560505924772
2020-12-01 15:00:00,2,-53.29175178959221,-50.54184727720596,1.8,2.0913525448782826
2020-12-01 15:00:00,4,-53.29175178959221,-48.40287581501342,1.3000000000000003,2.7282919319249532
2020-12-01 15:00:00,8,-53.29175178959221,-43.705979577634196,3.1,3.2569681993451156
2020-12-01 18:00:00,1,-53.29175178959221,-50.61897528702765,1.8,2.48979117493906
2020-12-01 18:00:00,2,-53.29175178959221,-50.24226584768672,1.1,2.547416938155488
2020-12-01 18:00:00,4,-53.29175178959221,-46.668471062302864,0.20000000000000018,3.061461033873022
2020-12-01 18:00:00,8,-37.2,-44.406377869234475,3.0,3.387131028519636
2020-12-01 21:00:00,1,-53.29175178959221,-49.8606341257093,1.1,2.1539364431582957
2020-12-01 21:00:00,2,-53.29175178959221,-48.886736180166935,1.3000000000000003,2.332792522379135
2020-12-01 21:00:00,4,-53.29175178959221,-45.126381713265864,0.3999999999999999,2.9397440647657875
2020-12-01 21:00:00,8,-38.5,-44.899112645078304,3.2,3.2190851852331246
2020-12-02 00:00:00,1,-53.29175178959221,-50.89202841048136,1.3000000000000003,1.4041530415554733
2020-12-02 00:00:00,2,-53.29175178959221,-49.32956149220277,0.20000000000000018,1.7737715917863994
2020-12-02 00:00:00,4,-53.29175178959221,-45.768554878885354,2.3,2.506282993871574
2020-12-02 00:00:00,8,-39.800000000000004,-46.93241110911342,3.0,2.8126116335802953
2020-12-02 03:00:00,1,-53.29175178959221,-50.523789901276494,0.20000000000000018,1.4848848829461199
2020-12-02 03:00:00,2,-53.29175178959221,-48.85819209245743,0.3999999999999999,1.8128578286351398
2020-12-02 03:00:00,4,-53.29175178959221,-45.535056359140725,3.1,2.4616971024115033
2020-12-02 03:00:00,8,-41.1,-47.109985783038404,3.4,2.698162522239407
2020-12-02 06:00:00,1,-53.29175178959221,-52.57353411562102,0.3999999999999999,0.26803223354676264
2020-12-02 06:00:00,2,-53.29175178959221,-51.59055880326581,2.3,0.7903859563220821
2020-12-02 06:00:00,4,-37.2,-49.66374029849661,3.0,1.6338042515406443
2020-12-02 06:00:00,8,-38.4,-48.74312340114362,3.2,2.167670116840142
2020-12-02 09:00:00,1,-53.29175178959221,-49.53993265067856,2.3,0.45730024710468165
2020-12-02 09:00:00,2,-53.29175178959221,-49.46181557312324,3.1,0.9131193676446254
2020-12-02 09:00:00,4,-38.5,-48.16810056751501,3.2,1.7158705899026354
2020-12-02 09:00:00,8,-53.29175178959221,-44.248044894740794,2.6,2.346800261684791
2020-12-02 12:00:00,1,-53.29175178959221,-51.76740991407187,3.1,2.371246595407664
2020-12-02 12:00:00,2,-37.2,-52.85708147108385,3.0,2.322672355959077
2020-12-02 12:00:00,4,-39.800000000000004,-52.14114264860511,3.0,2.607210592448348
2020-12-02 12:00:00,8,-53.29175178959221,-45.70443317280474,2.5,3.153685715889828
2020-12-02 15:00:00,1,-37.2,-52.104653416356776,3.0,2.8201158596171374
2020-12-02 15:00:00,2,-38.5,-53.51653243056194,3.2,2.630927186457707
2020-12-02 15:00:00,4,-41.1,-52.832676436403695,3.4,2.8171549377969463
2020-12-02 15:00:00,8,-53.29175178959221,-46.14780714634424,1.5,3.3149525939595486
2020-12-02 18:00:00,1,-38.5,-41.33928080862462,3.2,3.3055675525891917
2020-12-02 18:00:00,2,-39.800000000000004,-42.024519759401315,3.0,3.275661820975996
2020-12-02 18:00:00,4,-38.4,-42.37908622195061,3.2,3.4245968257075208
2020-12-02 18:00:00,8,-53.29175178959221,-41.98992562488117,2.3,3.6567602550341345
2020-12-02 21:00:00,1,-39.800000000000004,-39.30566892665898,3.0,3.249618975014191
2020-12-02 21:00:00,2,-41.1,-39.00389141012309,3.4,3.2903075359993337
2020-12-02 21:00:00,4,-53.29175178959221,-37.70085384220894,2.6,3.575029936989682
2020-12-02 21:00:00,8,-53.29175178959221,-39.39286539743619,2.7,3.659609031227229
2020-12-03 00:00:00,1,-41.1,-38.904832611051226,3.4,3.0589829261041146
2020-12-03 00:00:00,2,-38.4,-37.85112008762178,3.2,3.2115103633040794
2020-12-03 00:00:00,4,-53.29175178959221,-35.83431821424716,2.5,3.5602241015250407
2020-12-03 00:00:00,8,-53.29175178959221,-39.74547714080039,2.5,3.4314097425363665
2020-12-03 03:00:00,1,-38.4,-38.59531403188184,3.2,3.6337847912575283
2020-12-03 03:00:00,2,-53.29175178959221,-37.581347225048994,2.6,3.740329981975139
2020-12-03 03:00:00,4,-53.29175178959221,-36.41521060918848,1.5,3.8352693266519093
2020-12-03 03:00:00,8,-39.6,-40.52122182340004,2.4,3.617042737480337
2020-12-03 06:00:00,1,-53.29175178959221,-35.949668981698444,2.6,3.535871694597001
2020-12-03 06:00:00,2,-53.29175178959221,-35.9036217634458,2.5,3.5586834188264254
2020-12-03 06:00:00,4,-53.29175178959221,-37.7261794519974,2.3,3.4787676291587366
2020-12-03 06:00:00,8,-35.5,-39.169425071507966,2.0,3.719244564584795
2020-12-03 09:00:00,1,-53.29175178959221,-47.42954526400045,2.5,2.1827419132642314
2020-12-03 09:00:00,2,-53.29175178959221,-47.74969555577406,1.5,2.3096266189850896
2020-12-03 09:00:00,4,-53.29175178959221,-46.05767679553692,2.7,2.8632486700694137
2020-12-03 09:00:00,8,-34.0,-42.77023828375561,4.1,3.251770230200617
2020-12-03 12:00:00,1,-53.29175178959221,-48.05864638016355,1.5,2.077381489842895
2020-12-03 12:00:00,2,-53.29175178959221,-48.58315705090626,2.3,2.1686127106334707
2020-12-03 12:00:00,4,-53.29175178959221,-46.94045622316457,2.5,2.707397467358591
2020-12-03 12:00:00,8,-32.5,-42.36832265766527,4.9,3.1610798357957037
2020-12-03 15:00:00,1,-53.29175178959221,-50.15050626401641,2.3,1.766299731086844
2020-12-03 15:00:00,2,-53.29175178959221,-50.162521158395634,2.7,1.9012735316825922
2020-12-03 15:00:00,4,-39.6,-47.400578962710966,2.4,2.5206723988844737
2020-12-03 15:00:00,8,-32.4,-42.96702439607034,4.5,3.049179534756246
2020-12-03 18:00:00,1,-53.29175178959221,-50.51040893702077,2.7,2.361069163135471
2020-12-03 18:00:00,2,-53.29175178959221,-50.03924812231195,2.5,2.39329469496172
2020-12-03 18:00:00,4,-35.5,-46.25264652485658,2.0,2.9161959091427354
2020-12-03 18:00:00,8,-34.6,-43.59181979831891,3.8,3.261653548468737
2020-12-03 21:00:00,1,-53.29175178959221,-48.6532657599609,2.5,2.6635869576692293
2020-12-03 21:00:00,2,-39.6,-47.63615180480498,2.4,2.68849755002761
2020-12-03 21:00:00,4,-34.0,-43.66094754527606,4.1,3.1541374976078322
2020-12-03 21:00:00,8,-37.1,-43.73010699427675,3.3,3.325049886030849
2020-12-04 00:00:00,1,-39.6,-47.167995118972776,2.4,2.331463144143177
2020-12-04 00:00:00,2,-35.5,-45.75009492302789,2.0,2.4632648217638877
2020-12-04 00:00:00,4,-32.5,-42.0447089176341,4.9,2.969258213121929
2020-12-04 00:00:00,8,-37.8,-43.63640151755847,3.8,3.101893178207406
2020-12-04 03:00:00,1,-35.5,-39.07236494218158,2.0,2.6856722746951567
2020-12-04 03:00:00,2,-34.0,-37.967168300031105,4.1,2.9135280349234116
2020-12-04 03:00:00,4,-32.4,-37.012941112259426,4.5,3.2441768261957162
2020-12-04 03:00:00,8,-37.2,-41.4463940882605,3.8,3.2950121870209745
2020-12-04 06:00:00,1,-34.0,-35.078089021454915,4.1,2.668905110454986
2020-12-04 06:00:00,2,-32.5,-34.90165273909368,4.9,2.8855660897530147
2020-12-04 06:00:00,4,-34.6,-36.682245568000354,3.8,3.081417970061281
2020-12-04 06:00:00,8,-34.2,-38.76416776182732,3.5,3.324814050961956
2020-12-04 09:00:00,1,-32.5,-32.89613679322194,4.9,4.807046949943874
2020-12-04 09:00:00,2,-32.4,-33.954564275128085,4.5,4.436873176884013
2020-12-04 09:00:00,4,-37.1,-37.86975800722371,3.3,3.8386024231908147
2020-12-04 09:00:00,8,-32.0,-34.61508067544471,4.1,4.544649056885934
2020-12-04 12:00:00,1,-32.4,-32.937094392483246,4.5,4.881883501133956
2020-12-04 12:00:00,2,-34.6,-34.70587821016851,3.8,4.413444938301417
2020-12-04 12:00:00,4,-37.8,-38.85778389642289,3.8,3.792741673358666
2020-12-04 12:00:00,8,-29.8,-33.843483196541854,4.4,4.585987857225622
2020-12-04 15:00:00,1,-34.6,-34.45292184069565,3.8,4.080280901768575
2020-12-04 15:00:00,2,-37.1,-36.32894502568999,3.3,3.773814842676786
2020-12-04 15:00:00,4,-37.2,-38.73615756535119,3.8,3.6024663853204957
2020-12-04 15:00:00,8,-30.3,-34.340692283531816,3.7,4.232077959413101
2020-12-04 18:00:00,1,-37.1,-36.87285986883719,3.3,3.3915216771174217
2020-12-04 18:00:00,2,-37.8,-37.6157900543613,3.8,3.3262941119708493
2020-12-04 18:00:00,4,-34.2,-37.538719504493535,3.5,3.507259843323061
2020-12-04 18:00:00,8,-33.1,-36.75892848833565,2.8,3.781926212048631
2020-12-04 21:00:00,1,-37.8,-38.79831230372989,3.8,3.1131068877945296
2020-12-04 21:00:00,2,-37.2,-38.22819572159074,3.8,3.241394873493486
2020-12-04 21:00:00,4,-32.0,-36.02642395213271,4.1,3.6191294686078113
2020-12-04 21:00:00,8,-35.1,-39.24124461016269,3.2,3.4500110936298922
2020-12-05 00:00:00,1,-37.2,-37.50136729218477,3.8,4.144464831418098
2020-12-05 00:00:00,2,-34.2,-36.19843779941908,3.5,4.3178770289152535
2020-12-05 00:00:00,4,-29.8,-34.18784520357382,4.4,4.492713621173977
2020-12-05 00:00:00,8,-37.1,-39.80978905914228,3.4,3.862912390603786
2020-12-05 03:00:00,1,-34.2,-35.38490283990891,3.5,4.3692424721138785
2020-12-05 03:00:00,2,-32.0,-34.37953449188731,4.1,4.467679859245363
2020-12-05 03:00:00,4,-30.3,-34.333409459527786,3.7,4.367498689592269
2020-12-05 03:00:00,8,-39.1,-38.77981416131996,3.3,4.008964067678359
2020-12-05 06:00:00,1,-32.0,-32.616687602357295,4.1,3.8015373936575916
2020-12-05 06:00:00,2,-29.8,-32.44145455664888,4.4,3.8070095883863804
2020-12-05 06:00:00,4,-33.1,-34.69846137298039,2.8,3.6288523998338262
2020-12-05 06:00:00,8,-36.3,-36.41761708249413,4.1,3.847738486072771
2020-12-05 09:00:00,1,-29.8,-31.393958515758687,4.4,4.125980118175172
2020-12-05 09:00:00,2,-30.3,-32.281264130603724,3.7,3.9159978088724583
2020-12-05 09:00:00,4,-35.1,-36.28747154772006,3.2,3.5706939148960974
2020-12-05 09:00:00,8,-33.849999999999994,-34.4918937392293,5.4,4.208938502818552
2020-12-05 12:00:00,1,-30.3,-31.814742621767675,3.7,4.173361212397301
2020-12-05 12:00:00,2,-33.1,-33.446766705593284,2.8,3.8537578789463747
2020-12-05 12:00:00,4,-37.1,-37.57606883479835,3.4,3.4661984544472406
2020-12-05 12:00:00,8,-31.4,-33.59059743616599,6.8,4.215537085933135
2020-12-05 15:00:00,1,-33.1,-33.62869464649812,2.8,3.274056430930378
2020-12-05 15:00:00,2,-35.1,-35.172757087495455,3.2,3.187800221034114
2020-12-05 15:00:00,4,-39.1,-37.65240591465857,3.3,3.276281241277902
2020-12-05 15:00:00,8,-31.7,-34.92927530603734,6.2,3.789656902136198
2020-12-05 18:00:00,1,-35.1,-37.029584685121826,3.2,2.841586181914461
2020-12-05 18:00:00,2,-37.1,-37.30799635456128,3.4,2.8718843499072757
2020-12-05 18:00:00,4,-36.3,-37.1729269160235,4.1,3.1091311233638383
2020-12-05 18:00:00,8,-34.2,-37.51616205950756,4.7,3.344932920476968
2020-12-05 21:00:00,1,-37.1,-38.20314390217837,3.4,3.3704855408852112
2020-12-05 21:00:00,2,-39.1,-37.47971623744385,3.3,3.503953433524373
2020-12-05 21:00:00,4,-33.849999999999994,-35.3546216243132,5.4,3.905662042384331
2020-12-05 21:00:00,8,-36.650000000000006,-38.93913854517548,4.9,3.6439041378801225
2020-12-06 00:00:00,1,-39.1,-37.801151902983115,3.3,3.796262083620615
2020-12-06 00:00:00,2,-36.3,-36.461870253282385,4.1,3.969397416185547
2020-12-06 00:00:00,4,-31.4,-34.13461603145571,6.8,4.258711166189464
2020-12-06 00:00:00,8,-39.1,-39.40866454313864,4.2,3.756168109072731
2020-12-06 03:00:00,1,-36.3,-38.26775843093595,4.1,3.4580626244518697
2020-12-06 03:00:00,2,-33.849999999999994,-36.915311787151154,5.4,3.6312573690053873
2020-12-06 03:00:00,4,-31.7,-35.324193426515585,6.2,3.8326348841730775
2020-12-06 03:00:00,8,-37.2,-40.64300378268551,2.8,3.516189143953514
2020-12-06 06:00:00,1,-33.849999999999994,-33.95610758824806,5.4,4.429967309685769
2020-12-06 06:00:00,2,-31.4,-33.664326302443456,6.8,4.351837385476187
2020-12-06 06:00:00,4,-34.2,-35.66837819030408,4.7,3.9912477512651456
2020-12-06 06:00:00,8,-34.2,-37.33071663277094,3.8,4.127219705261228
2020-12-06 09:00:00,1,-31.4,-33.05416715729994,6.8,5.726100105792145
2020-12-06 09:00:00,2,-31.7,-34.027870927825575,6.2,5.256172897404909
2020-12-06 09:00:00,4,-36.650000000000006,-38.250358332034345,4.9,4.423105431619751
2020-12-06 09:00:00,8,-32.150000000000006,-34.73701105793406,4.8,5.083684418364344
2020-12-06 12:00:00,1,-31.7,-32.05171107427877,6.2,6.3241582186861685
2020-12-06 12:00:00,2,-34.2,-33.53233628513571,4.7,5.726319358291192
2020-12-06 12:00:00,4,-39.1,-37.868685901751014,4.2,4.764463230502104
2020-12-06 12:00:00,8,-30.1,-32.9041819072731,5.6,5.440753002471513
2020-12-06 15:00:00,1,-34.2,-33.872551088470885,4.7,5.3556115838261835
2020-12-06 15:00:00,2,-36.650000000000006,-35.6436145712876,4.9,4.925019510795848
2020-12-06 15:00:00,4,-37.2,-37.807215639312545,2.8,4.521634582747067
2020-12-06 15:00:00,8,-29.5,-33.06019054557395,4.4,5.071372046874769
2020-12-06 18:00:00,1,-36.650000000000006,-36.31311705994794,4.9,4.0923036381475395
2020-12-06 18:00:00,2,-39.1,-37.07279312947499,4.2,4.015800085466643
2020-12-06 18:00:00,4,-34.2,-36.13980342887613,3.8,4.185120760465153
2020-12-06 18:00:00,8,-32.6,-35.45824984066183,3.7,4.181681770087943
2020-12-06 21:00:00,1,-39.1,-38.97065614046954,4.2,5.019108905457767
2020-12-06 21:00:00,2,-37.2,-38.135114198729546,2.8,5.075596176612018
2020-12-06 21:00:00,4,-32.150000000000006,-34.81127165394193,4.8,5.308040509872997
2020-12-06 21:00:00,8,-34.0,-38.250475053194684,2.8,4.471398673823693
2020-12-07 00:00:00,1,-37.2,-38.874872738896926,2.8,4.619204930752331
2020-12-07 00:00:00,2,-34.2,-37.63556060151905,3.8,4.7886999093547775
2020-12-07 00:00:00,4,-30.1,-34.403652542017014,5.6,5.045255939012748
2020-12-07 00:00:00,8,-35.4,-39.97937049508738,3.2,4.146677778029961
2020-12-07 03:00:00,1,-34.2,-36.20845132217413,3.8,3.040189915694483
2020-12-07 03:00:00,2,-32.150000000000006,-34.94727918476832,4.8,3.335399169179606
2020-12-07 03:00:00,4,-29.5,-33.903552805056314,4.4,3.7132502721766407
2020-12-07 03:00:00,8,-36.8,-39.84723061357378,4.3,3.438373115527466
2020-12-07 06:00:00,1,-32.150000000000006,-32.51792709069518,4.8,4.283018174333539
2020-12-07 06:00:00,2,-30.1,-32.07034467087476,5.6,4.245507281620102
2020-12-07 06:00:00,4,-32.6,-34.39282773514754,3.7,3.90298294427127
2020-12-07 06:00:00,8,-33.3,-36.76234798603283,4.6,3.996287572814271
2020-12-07 09:00:00,1,-30.1,-31.849166718054242,5.6,5.04431942371769
2020-12-07 09:00:00,2,-29.5,-32.848017414122886,4.4,4.66780668340362
2020-12-07 09:00:00,4,-34.0,-36.89315494071546,2.8,4.0271283000979565
2020-12-07 09:00:00,8,-30.95,-33.77768704616115,5.2,4.726868678457196
2020-12-07 12:00:00,1,-29.5,-31.832494325152254,4.4,5.285277813530945
2020-12-07 12:00:00,2,-32.6,-33.38748820716553,3.7,4.798583547543859
2020-12-07 12:00:00,4,-35.4,-37.21836747244281,3.2,4.131907613752543
2020-12-07 12:00:00,8,-28.6,-32.46673549537598,6.5,4.92034653194941
2020-12-07 15:00:00,1,-32.6,-32.761911781844105,3.7,3.7518907258254077
2020-12-07 15:00:00,2,-34.0,-34.41558403840668,2.8,3.560887687582204
2020-12-07 15:00:00,4,-36.8,-36.756834712459536,4.3,3.5641229782846167
2020-12-07 15:00:00,8,-29.1,-33.6369198857967,5.0,4.134509211012646
2020-12-07 18:00:00,1,-34.0,-36.00549483938349,2.8,3.577178822761486
2020-12-07 18:00:00,2,-35.4,-36.44231009241362,3.2,3.553008820769235
2020-12-07 18:00:00,4,-33.3,-36.03364481305162,4.6,3.7333817519095573
2020-12-07 18:00:00,8,-32.0,-36.36089059857194,5.1,3.7871791676084126
2020-12-07 21:00:00,1,-35.4,-37.237405990595015,3.2,2.869677801714645
2020-12-07 21:00:00,2,-36.8,-36.557302050372016,4.3,3.0576090788544876
2020-12-07 21:00:00,4,-30.95,-34.57573988040433,5.2,3.568321114443732
2020-12-07 21:00:00,8,-33.2,-38.401120282128105,6.9,3.4469479837225356
2020-12-08 00:00:00,1,-36.8,-36.4091785749026,4.3,3.3825339775814287
2020-12-08 00:00:00,2,-33.3,-34.969737200617715,4.6,3.6098680000414
2020-12-08 00:00:00,4,-28.6,-32.97468292911664,6.5,3.9503501752517276
2020-12-08 00:00:00,8,-33.0,-38.97655416157135,6.4,3.492387610928838
2020-12-08 03:00:00,1,-33.3,-36.48939483209145,4.6,5.446076060712015
2020-12-08 03:00:00,2,-30.95,-35.154640810610076,5.2,5.455923654472751
2020-12-08 03:00:00,4,-29.1,-34.259220913618876,5.0,5.1494507837304875
2020-12-08 03:00:00,8,-31.9,-39.01517733762597,8.3,4.478834596735223
2020-12-08 06:00:00,1,-30.95,-31.33274042866662,5.2,4.951869197422924
2020-12-08 06:00:00,2,-28.6,-31.122701421147088,6.5,4.8044506846998
2020-12-08 06:00:00,4,-32.0,-33.3958258446185,5.1,4.298643487341436
2020-12-08 06:00:00,8,-31.7,-34.43344237593774,9.4,4.4252210689391145
2020-12-08 09:00:00,1,-28.6,-30.411415639091235,6.5,5.111787022117545
2020-12-08 09:00:00,2,-29.1,-31.385471014099853,5.0,4.735273428680911
2020-12-08 09:00:00,4,-33.2,-35.389155236750206,6.9,4.097595130853159
2020-12-08 09:00:00,8,-30.6,-32.24206887676327,10.1,4.784958966909934
2020-12-08 12:00:00,1,-29.1,-30.28798805554526,5.0,5.93833567174789
2020-12-08 12:00:00,2,-32.0,-31.732997461478647,5.1,5.368011507018929
2020-12-08 12:00:00,4,-33.0,-35.90523136265682,6.4,4.501869865736597
2020-12-08 12:00:00,8,-29.8,-30.99721608677449,10.2,5.2878572296043735
2020-12-08 15:00:00,1,-32.0,-32.284210979651654,5.1,4.10210537657044
2020-12-08 15:00:00,2,-33.2,-34.04111950002444,6.9,3.837917605712332
2020-12-08 15:00:00,4,-31.9,-36.34919830851086,8.3,3.729181802864993
2020-12-08 15:00:00,8,-30.4,-32.474365600857055,10.7,4.333931302612557
2020-12-08 18:00:00,1,-33.2,-34.9069959744334,6.9,4.562297496735118
2020-12-08 18:00:00,2,-33.0,-35.56593591858453,6.4,4.449287443199872
2020-12-08 18:00:00,4,-31.7,-35.24696004342415,9.4,4.420643693140048
2020-12-08 18:00:00,8,-32.7,-34.716030069113586,8.5,4.362985404625852
2020-12-08 21:00:00,1,-33.0,-36.11242295026501,6.4,7.152423777477345
2020-12-08 21:00:00,2,-31.9,-35.1443981685403,8.3,7.051806928794649
2020-12-08 21:00:00,4,-30.6,-32.98161270763571,10.1,6.640690577506098
2020-12-08 21:00:00,8,-35.1,-37.311947581988875,6.5,5.328172922708719
2020-12-09 00:00:00,1,-31.9,-33.479329027322436,8.3,6.65618669576565
2020-12-09 00:00:00,2,-31.7,-32.15514043235423,9.4,6.627630124167875
2020-12-09 00:00:00,4,-29.8,-30.402393525698034,10.2,6.243081289218227
2020-12-09 00:00:00,8,-37.5,-35.51477458430689,7.1,5.0684643918946914
2020-12-09 03:00:00,1,-31.7,-30.96679653498875,9.4,8.460352805921842
2020-12-09 03:00:00,2,-30.6,-29.238686439174842,10.1,8.276081317942904
2020-12-09 03:00:00,4,-30.4,-28.790142871034142,10.7,7.295383658398334
2020-12-09 03:00:00,8,-37.1,-34.42006411356072,7.0,5.77813226427484
2020-12-09 06:00:00,1,-30.6,-30.10727199730512,10.1,8.794277774461959
2020-12-09 06:00:00,2,-29.8,-29.006252819893007,10.2,8.419957452498046
2020-12-09 06:00:00,4,-32.7,-30.311683892094983,8.5,7.186000548805264
2020-12-09 06:00:00,8,-35.8,-33.38038118540299,7.199999999999999,6.0914323549789415
2020-12-09 09:00:00,1,-29.8,-30.217377517551277,10.2,8.955061945120717
2020-12-09 09:00:00,2,-30.4,-30.06056624114788,10.7,8.432763248750799
2020-12-09 09:00:00,4,-35.1,-32.40007762581157,6.5,7.153001341453436
2020-12-09 09:00:00,8,-33.7,-32.51379862002412,9.1,6.376026577636501
2020-12-09 12:00:00,1,-30.4,-30.96896380196581,10.7,8.627038878481038
2020-12-09 12:00:00,2,-32.7,-31.645992643964707,8.5,8.040570862185513
2020-12-09 12:00:00,4,-37.5,-34.01762252174788,7.1,6.919106273271715
2020-12-09 12:00:00,8,-33.1,-31.957165493406478,9.2,6.394072465960369
2020-12-09 15:00:00,1,-32.7,-33.485523894832,8.5,9.098253022256653
2020-12-09 15:00:00,2,-35.1,-34.17848013170952,6.5,8.54932197223294
2020-12-09 15:00:00,4,-37.1,-35.02375748282253,7.0,7.54015646583729
2020-12-09 15:00:00,8,-33.2,-33.77966986488484,8.7,6.551278214022799
2020-12-09 18:00:00,1,-35.1,-35.46162034429171,6.5,7.045930194009859
2020-12-09 18:00:00,2,-37.5,-35.642675037997016,7.1,6.855330242848289
2020-12-09 18:00:00,4,-35.8,-33.389017110265705,7.199999999999999,6.684109823859368
2020-12-09 18:00:00,8,-34.6,-34.169803858791376,5.3,5.651080559812002
2020-12-09 21:00:00,1,-37.5,-37.042425453760515,7.1,5.548216799575349
2020-12-09 21:00:00,2,-37.1,-36.03635966078087,7.0,5.654713795533092
2020-12-09 21:00:00,4,-33.7,-32.20923420566,9.1,5.883464108090268
2020-12-09 21:00:00,8,-37.4,-36.71983266363177,4.1,4.683605340252568
2020-12-10 00:00:00,1,-37.1,-36.10702783885402,7.0,6.971228222904311
2020-12-10 00:00:00,2,-35.8,-34.4102869151303,7.199999999999999,7.025773467181053
2020-12-10 00:00:00,4,-33.1,-31.16132892020765,9.2,6.730616094211877
2020-12-10 00:00:00,8,-38.25,-37.99893230666365,4.7,5.045733581008484
2020-12-10 03:00:00,1,-35.8,-37.067934070800355,7.199999999999999,7.2011174540849465
2020-12-10 03:00:00,2,-33.7,-35.46383516433409,9.1,7.21023946710467
2020-12-10 03:00:00,4,-33.2,-32.011497032038854,8.7,6.908308727535532
2020-12-10 03:00:00,8,-39.1,-37.56256520524912,4.3,5.401475026326426
2020-12-10 06:00:00,1,-33.7,-35.06489088432532,9.1,7.007545650470329
2020-12-10 06:00:00,2,-33.1,-34.19229213568234,9.2,6.806140048908214
2020-12-10 06:00:00,4,-34.6,-32.93497467857151,5.3,6.229026948092491
2020-12-10 06:00:00,8,-36.0,-35.462085787931066,5.1,5.457251966305504
2020-12-10 09:00:00,1,-33.1,-32.87542815377557,9.2,8.584116576021524
2020-12-10 09:00:00,2,-33.2,-32.77562867968629,8.7,8.071626656335665
2020-12-10 09:00:00,4,-37.4,-35.04856144989444,4.1,6.849199277539311
2020-12-10 09:00:00,8,-34.03333333333333,-34.961279960000454,6.0,6.220134638323229
2020-12-10 12:00:00,1,-33.2,-34.14668442303342,8.7,8.163500704978507
2020-12-10 12:00:00,2,-34.6,-34.94565661653949,5.3,7.5913015901336625
2020-12-10 12:00:00,4,-38.25,-37.533325834084536,4.7,6.54560964114372
2020-12-10 12:00:00,8,-32.06666666666667,-35.046840893531005,5.8,6.20989567458608
2020-12-10 15:00:00,1,-34.6,-35.724506658404806,5.3,7.567192773025326
2020-12-10 15:00:00,2,-37.4,-36.61125460548381,4.1,7.120851630895097
2020-12-10 15:00:00,4,-39.1,-37.329607061246776,4.3,6.480768273918015
2020-12-10 15:00:00,8,-30.1,-35.208993964272146,4.8,5.98001134886019
2020-12-10 18:00:00,1,-37.4,-36.449741339621525,4.1,4.590801388014543
2020-12-10 18:00:00,2,-38.25,-36.92613227101469,4.7,4.561803645410658
2020-12-10 18:00:00,4,-36.0,-35.55749164698507,5.1,4.7589119619756275
2020-12-10 18:00:00,8,-32.4,-35.93133943652011,3.4,4.495260725230279
2020-12-10 21:00:00,1,-38.25,-38.84612474940732,4.7,3.952766804875839
2020-12-10 21:00:00,2,-39.1,-37.701777524477755,4.3,4.096317793093628
2020-12-10 21:00:00,4,-34.03333333333333,-34.37643633763154,6.0,4.420176875136846
2020-12-10 21:00:00,8,-33.833333333333336,-39.42772323531857,3.8,3.6597806221680114
2020-12-11 00:00:00,1,-39.1,-38.09713226855577,4.3,4.9423247820935075
2020-12-11 00:00:00,2,-36.0,-36.730769868655635,5.1,5.0972195277693295
2020-12-11 00:00:00,4,-32.06666666666667,-34.26474571520801,5.8,5.219147484750769
2020-12-11 00:00:00,8,-35.266666666666666,-39.97617723470097,3.8,4.293649414489827
2020-12-11 03:00:00,1,-36.0,-37.70535265038872,5.1,4.733498400545379
2020-12-11 03:00:00,2,-34.03333333333333,-36.39655972056874,6.0,4.863395695321734
2020-12-11 03:00:00,4,-30.1,-35.21559087133397,4.8,4.8188183350873075
2020-12-11 03:00:00,8,-36.7,-40.64829225995001,3.3,4.135732268849017
2020-12-11 06:00:00,1,-34.03333333333333,-34.1379721250658,6.0,5.349354143097035
2020-12-11 06:00:00,2,-32.06666666666667,-33.48447196338701,5.8,5.200864854915283
2020-12-11 06:00:00,4,-32.4,-34.56775384743433,3.4,4.663132958074938
2020-12-11 06:00:00,8,-34.03333333333333,-36.50984409118152,3.3,4.559641726192177
2020-12-11 09:00:00,1,-32.06666666666667,-32.51459549411874,5.8,5.737670154010381
2020-12-11 09:00:00,2,-30.1,-33.14060710203795,4.8,5.333858451398765
2020-12-11 09:00:00,4,-33.833333333333336,-36.350720006601136,3.8,4.589425514598825
2020-12-11 09:00:00,8,-31.366666666666667,-34.03839312427937,3.9,5.044823512512923
2020-12-11 12:00:00,1,-30.1,-33.16765759119578,4.8,5.057323464326343
2020-12-11 12:00:00,2,-32.4,-34.760479216171035,3.4,4.612591951194474
2020-12-11 12:00:00,4,-35.266666666666666,-38.592410412893294,3.8,4.044208320378536
2020-12-11 12:00:00,8,-28.7,-33.800673909736986,4.6,4.801858258507264
2020-12-11 15:00:00,1,-32.4,-33.41149241813885,3.4,3.916369210448849
2020-12-11 15:00:00,2,-33.833333333333336,-34.801354678319505,3.8,3.712819991813267
2020-12-11 15:00:00,4,-36.7,-37.02193440561304,3.3,3.653016779881678
2020-12-11 15:00:00,8,-28.6,-34.30562405936044,3.7,4.210162413777487
2020-12-11 18:00:00,1,-33.833333333333336,-36.289262713180484,3.8,3.2308726197447992
2020-12-11 18:00:00,2,-35.266666666666666,-36.56767438261994,3.8,3.2411809530104656
2020-12-11 18:00:00,4,-34.03333333333333,-36.53678650519089,3.3,3.460759771439184
2020-12-11 18:00:00,8,-30.3,-37.3049126103253,2.8,3.631857450751664
2020-12-11 21:00:00,1,-35.266666666666666,-36.847457885943825,3.8,3.9911381250156217
2020-12-11 21:00:00,2,-36.7,-36.17837616986147,3.3,4.146366175013318
2020-12-11 21:00:00,4,-31.366666666666667,-34.634215740729545,3.9,4.444343278018279
2020-12-11 21:00:00,8,-32.166666666666664,-38.91693702767843,3.7,3.896605719802065
2020-12-12 00:00:00,1,-36.7,-36.1122269739958,3.3,4.1868669423939755
2020-12-12 00:00:00,2,-34.03333333333333,-34.84328207191297,3.3,4.386125980943768
2020-12-12 00:00:00,4,-28.7,-33.313762222892024,4.6,4.586964469281206
2020-12-12 00:00:00,8,-34.03333333333333,-39.12259106617456,3.5,3.9096353274275697
2020-12-12 03:00:00,1,-34.03333333333333,-36.511283652158966,3.3,3.386543920234856
2020-12-12 03:00:00,2,-31.366666666666667,-35.301050934725964,3.9,3.5949106020211787
2020-12-12 03:00:00,4,-28.6,-34.3769363653184,3.7,3.795708380416247
2020-12-12 03:00:00,8,-35.9,-39.67106812158863,3.8,3.50383431628632
2020-12-12 06:00:00,1,-31.366666666666667,-32.45873072938025,3.9,3.7651553287272814
2020-12-12 06:00:00,2,-28.7,-32.162759009819474,4.6,3.833682198761185
2020-12-12 06:00:00,4,-30.3,-34.500415824935644,2.8,3.7447678189147675
2020-12-12 06:00:00,8,-34.1,-37.175043747931284,5.0,3.820045141209756
2020-12-12 09:00:00,1,-28.7,-30.62644483646553,4.6,3.9860404510925993
2020-12-12 09:00:00,2,-28.6,-31.44287476895237,3.7,3.795034013689178
2020-12-12 09:00:00,4,-32.166666666666664,-35.64843904591473,3.7,3.4305686703282
2020-12-12 09:00:00,8,-31.5,-34.026085526373066,5.4,4.074292141327048
2020-12-12 12:00:00,1,-28.6,-30.975683194195888,3.7,4.347543779570101
2020-12-12 12:00:00,2,-30.3,-32.50325336753866,2.8,3.9847779896577853
2020-12-12 12:00:00,4,-34.03333333333333,-36.817078682213506,3.5,3.488688178228768
2020-12-12 12:00:00,8,-30.2,-32.762279237348864,6.9,4.282290034224833
2020-12-12 15:00:00,1,-30.3,-32.55481385936459,2.8,3.15926727026734
2020-12-12 15:00:00,2,-32.166666666666664,-34.15736512970495,3.7,3.1150217213902995
2020-12-12 15:00:00,4,-35.9,-37.23518684754669,3.8,3.2095072848430553
2020-12-12 15:00:00,8,-29.9,-34.50492616113125,5.9,3.746501523926086
2020-12-12 18:00:00,1,-32.166666666666664,-34.98322642014715,3.7,2.817214389775652
2020-12-12 18:00:00,2,-34.03333333333333,-35.36958787087154,3.5,2.8742679743521773
2020-12-12 18:00:00,4,-34.1,-36.07623218555166,5.0,3.080498037336069
2020-12-12 18:00:00,8,-31.0,-36.37592745422728,3.6,3.33963985482662
2020-12-12 21:00:00,1,-34.03333333333333,-35.041677783438715,3.5,3.8293594267274287
2020-12-12 21:00:00,2,-35.9,-34.48540923032187,3.8,3.9543424689321043
2020-12-12 21:00:00,4,-31.5,-33.55357377230853,5.4,4.176297073742163
2020-12-12 21:00:00,8,-34.7,-37.417392901833566,4.8,3.7674269675055667
2020-12-13 00:00:00,1,-35.9,-34.994829368085504,3.8,3.639901673379174
2020-12-13 00:00:00,2,-34.1,-33.81033150500312,5.0,3.849422150113672
2020-12-13 00:00:00,4,-30.2,-32.523673806589144,6.9,4.1065334026005775
2020-12-13 00:00:00,8,-35.85,-38.10352599433849,5.4,3.6001010696856284
2020-12-13 03:00:00,1,-34.1,-35.56665786057622,5.0,3.9216552911582006
2020-12-13 03:00:00,2,-31.5,-34.20853510999446,5.4,4.075976685150593
2020-12-13 03:00:00,4,-29.9,-33.47004032856303,5.9,4.0947546592750275
2020-12-13 03:00:00,8,-37.0,-39.009544460888385,5.4,3.6495757633383774
2020-12-13 06:00:00,1,-31.5,-33.044042677392476,5.4,5.40732723383749
2020-12-13 06:00:00,2,-30.2,-32.57915094179516,6.9,5.21644948464089
2020-12-13 06:00:00,4,-31.0,-34.457953819607816,3.6,4.576299264182824
2020-12-13 06:00:00,8,-35.2,-35.83520731246847,6.4,4.566950107280332
2020-12-13 09:00:00,1,-30.2,-30.9717103517386,6.9,5.263327716431473
2020-12-13 09:00:00,2,-29.9,-31.83219891974647,5.9,4.864047267680286
2020-12-13 09:00:00,4,-34.7,-35.86765003103333,4.8,4.108192512707673
2020-12-13 09:00:00,8,-34.0,-32.90136474840331,8.3,4.750977815486494
2020-12-13 12:00:00,1,-29.9,-31.67264397557424,5.9,6.275922029053721
2020-12-13 12:00:00,2,-31.0,-32.99685850857807,3.6,5.701894672553392
2020-12-13 12:00:00,4,-35.85,-37.028450616564015,5.4,4.773625766843636
2020-12-13 12:00:00,8,-33.3,-32.561066366953334,8.9,5.3874923474960985
2020-12-13 15:00:00,1,-31.0,-32.43345555466107,3.6,4.889463068557265
2020-12-13 15:00:00,2,-34.7,-34.0974554724102,4.8,4.509645757990037
2020-12-13 15:00:00,4,-37.0,-36.6388887004433,5.4,4.134868748853375
2020-12-13 15:00:00,8,-33.4,-32.22863585631103,9.4,4.7475693775611205
2020-12-13 18:00:00,1,-34.7,-34.35626230991954,4.8,3.2545934793669797
2020-12-13 18:00:00,2,-35.85,-34.828876375124615,5.4,3.265016664257877
2020-12-13 18:00:00,4,-35.2,-34.716084827188794,6.4,3.516648497134277
2020-12-13 18:00:00,8,-34.8,-35.175724110571096,7.5,3.6564286036372287
2020-12-13 21:00:00,1,-35.85,-37.5229823218762,5.4,4.946469144870986
2020-12-13 21:00:00,2,-37.0,-36.42057257755394,5.4,5.023260839698004
2020-12-13 21:00:00,4,-34.0,-33.76578725181503,8.3,5.07375951037121
2020-12-13 21:00:00,8,-37.3,-38.54940947282516,6.4,4.161123115890988
2020-12-14 00:00:00,1,-37.0,-36.72393087326127,5.4,5.997210726319544
2020-12-14 00:00:00,2,-35.2,-35.52134555333309,6.4,6.015457525007326
2020-12-14 00:00:00,4,-33.3,-33.453164754381945,8.9,5.815966970321622
2020-12-14 00:00:00,8,-39.4,-38.27859908882719,4.5,4.768659953676972
2020-12-14 03:00:00,1,-35.2,-36.34518800000211,6.4,5.988716398226568
2020-12-14 03:00:00,2,-34.0,-34.99084355661041,8.3,5.973249072853564
2020-12-14 03:00:00,4,-33.4,-33.73254621815356,9.4,5.612798604260839
2020-12-14 03:00:00,8,-38.5,-38.57323211754908,4.1,4.7266371623212855
2020-12-14 06:00:00,1,-34.0,-34.37849120645421,8.3,6.845397763392397
2020-12-14 06:00:00,2,-33.3,-33.51694206098948,8.9,6.614440422761147
2020-12-14 06:00:00,4,-34.8,-34.34451382078126,7.5,5.847759435806123
2020-12-14 06:00:00,8,-36.4,-36.97568112407734,4.7,5.2211414454643865
2020-12-14 09:00:00,1,-33.3,-33.379082842619525,8.9,7.978603878159873
2020-12-14 09:00:00,2,-33.4,-33.33425038903554,9.4,7.470720820321712
2020-12-14 09:00:00,4,-37.3,-36.199458028820516,6.4,6.282043396733849
2020-12-14 09:00:00,8,-34.1,-35.73191629058303,6.5,5.926520564073032
2020-12-14 12:00:00,1,-33.4,-33.95186239641666,9.4,7.92860321778363
2020-12-14 12:00:00,2,-34.8,-34.73287682325508,7.5,7.344970127769567
2020-12-14 12:00:00,4,-39.4,-37.70560770773908,4.5,6.268184420675358
2020-12-14 12:00:00,8,-33.2,-35.09371668792181,7.1,6.075084180558207
2020-12-14 15:00:00,1,-34.8,-35.8913285755593,7.5,8.254167158631457
2020-12-14 15:00:00,2,-37.3,-36.74926368805962,6.4,7.731181698597208
2020-12-14 15:00:00,4,-38.5,-37.955200778591944,4.1,6.854573096572395
2020-12-14 15:00:00,8,-33.3,-35.89014407193221,6.8,6.228016211134332
2020-12-14 18:00:00,1,-37.3,-36.6402201862723,6.4,6.370999766206483
2020-12-14 18:00:00,2,-39.4,-37.0219790766744,4.5,6.174708207856595
2020-12-14 18:00:00,4,-36.4,-35.265423601786566,4.7,6.066658528831665
2020-12-14 18:00:00,8,-34.2,-35.15483246387334,5.3,5.39936461438277
2020-12-14 21:00:00,1,-39.4,-38.07112506483104,4.5,5.851969808942021
2020-12-14 21:00:00,2,-38.5,-37.11322332201182,4.1,5.924896858552359
2020-12-14 21:00:00,4,-34.1,-33.201865537185434,6.5,6.0543650326788265
2020-12-14 21:00:00,8,-36.6,-37.70827644340498,5.2,4.77421175540505
2020-12-15 00:00:00,1,-38.5,-38.24458423710278,4.1,4.421786024253764
2020-12-15 00:00:00,2,-36.4,-36.93204614313826,4.7,4.624809092877799
2020-12-15 00:00:00,4,-33.2,-33.543602038610885,7.1,4.958331387567525
2020-12-15 00:00:00,8,-38.1,-39.516143116776306,4.8,4.0089243708190345
2020-12-15 03:00:00,1,-36.4,-36.29303093335669,4.7,4.240514061891057
2020-12-15 03:00:00,2,-34.1,-34.79469436717059,6.5,4.448170225881645
2020-12-15 03:00:00,4,-33.3,-33.59267392001834,6.8,4.539265853504643
2020-12-15 03:00:00,8,-36.6,-40.05620616163249,3.5,3.8153234810569874
2020-12-15 06:00:00,1,-34.1,-34.48941089281874,6.5,5.201576252493663
2020-12-15 06:00:00,2,-33.2,-33.94497008394905,7.1,5.071726732580913
2020-12-15 06:00:00,4,-34.2,-35.00039451773006,5.3,4.597434629233304
2020-12-15 06:00:00,8,-34.4,-36.78859295508416,4.5,4.516270254702513
2020-12-15 09:00:00,1,-33.2,-32.61452754039013,7.1,6.289139670224433
2020-12-15 09:00:00,2,-33.3,-32.97970914402089,6.8,5.863614505384642
2020-12-15 09:00:00,4,-36.6,-35.81268589253198,5.2,4.995828576999772
2020-12-15 09:00:00,8,-32.1,-34.201585157447674,5.8,5.253305552465999
2020-12-15 12:00:00,1,-33.3,-33.11084464715483,6.8,6.215463579002561
2020-12-15 12:00:00,2,-34.2,-34.35426075817011,5.3,5.700103541729458
2020-12-15 12:00:00,4,-38.1,-37.52118971541378,4.8,4.905405796479275
2020-12-15 12:00:00,8,-30.3,-33.53380610715473,5.8,5.390699021934994
2020-12-15 15:00:00,1,-34.2,-34.78805134804542,5.3,5.855016736180735
2020-12-15 15:00:00,2,-36.6,-36.22324464849494,5.2,5.450295178354198
2020-12-15 15:00:00,4,-36.6,-37.61659701546977,3.5,5.03395995641832
2020-12-15 15:00:00,8,-30.1,-33.822016590054304,6.7,5.29249874955625
2020-12-15 18:00:00,1,-36.6,-35.91747411547405,5.2,4.640777841038023
2020-12-15 18:00:00,2,-38.1,-36.72512834590617,4.8,4.5493823941538025
2020-12-15 18:00:00,4,-34.4,-36.01771453616904,4.5,4.6542012980273935
2020-12-15 18:00:00,8,-31.0,-35.33577620042623,3.8,4.555790411015566
2020-12-15 21:00:00,1,-38.1,-38.44392380492505,4.8,5.367198054653785
2020-12-15 21:00:00,2,-36.6,-37.57372432457781,3.5,5.4314878781416125
2020-12-15 21:00:00,4,-32.1,-34.338811775948656,5.8,5.556590197544821
2020-12-15 21:00:00,8,-33.9,-38.51393200409163,4.0,4.546295050233601
2020-12-16 00:00:00,1,-36.6,-37.70541317247186,3.5,5.281752817735212
2020-12-16 00:00:00,2,-34.4,-36.51363104438346,4.5,5.423728515137858
2020-12-16 00:00:00,4,-30.3,-33.563219839558826,5.8,5.544563302193355
2020-12-16 00:00:00,8,-33.3,-39.1286893865515,4.2,4.494308000606499
2020-12-16 03:00:00,1,-34.4,-34.728790141641426,4.5,3.503231385243979
2020-12-16 03:00:00,2,-32.1,-33.4989309772486,5.8,3.755231287186752
2020-12-16 03:00:00,4,-30.1,-32.52991622716402,6.7,4.027542304482406
2020-12-16 03:00:00,8,-32.7,-38.41461238366149,4.0,3.608897016595235
2020-12-16 06:00:00,1,-32.1,-32.155225451471026,5.8,4.845904123384077
2020-12-16 06:00:00,2,-30.3,-31.69173292879573,5.8,4.758056386683866
2020-12-16 06:00:00,4,-31.0,-33.59780388706511,3.8,4.314661183408791
2020-12-16 06:00:00,8,-33.0,-35.6547664856064,5.4,4.294994682133547
2020-12-16 09:00:00,1,-30.3,-31.296389712733557,5.8,5.745153958425838
2020-12-16 09:00:00,2,-30.1,-31.954367067562426,6.7,5.311311914986465
2020-12-16 09:00:00,4,-33.9,-35.38366357820661,4.0,4.505979463769577
2020-12-16 09:00:00,8,-29.9,-32.84954055321514,6.5,5.051315028745675
2020-12-16 12:00:00,1,-30.1,-31.579365035441867,6.7,5.242092109479676
2020-12-16 12:00:00,2,-31.0,-33.17808324051694,3.8,4.77045396378956
2020-12-16 12:00:00,4,-33.3,-36.83621374749834,4.2,4.157619128238403
2020-12-16 12:00:00,8,-28.95,-32.018363406470826,6.7,4.932457246592828
2020-12-16 15:00:00,1,-31.0,-32.32262232841531,3.8,6.024021382589298
2020-12-16 15:00:00,2,-33.9,-33.84164159601214,4.0,5.557560411181173
2020-12-16 15:00:00,4,-32.7,-36.006363763577085,4.0,4.996139540174491
2020-12-16 15:00:00,8,-27.999999999999996,-31.733127151656795,7.0,5.397386862997877
2020-12-16 18:00:00,1,-33.9,-33.640281743414704,4.0,3.566327970195069
2020-12-16 18:00:00,2,-33.3,-34.286572572190416,4.2,3.5490717267847827
2020-12-16 18:00:00,4,-33.0,-34.38556796717518,5.4,3.7617224301783825
2020-12-16 18:00:00,8,-29.4,-34.3981262994259,5.8,3.921202096455949
2020-12-16 21:00:00,1,-33.3,-36.444746826760834,4.2,3.929834230503153
2020-12-16 21:00:00,2,-32.7,-35.50666606616865,4.0,4.074815798621102
2020-12-16 21:00:00,4,-29.9,-32.87900904369445,6.5,4.361153963760751
2020-12-16 21:00:00,8,-32.0,-37.63951759295456,6.6,3.6608272902491756
2020-12-17 00:00:00,1,-32.7,-33.75222310018266,4.0,4.754716838405567
2020-12-17 00:00:00,2,-33.0,-32.62563622464955,5.4,4.958280413494303
2020-12-17 00:00:00,4,-28.95,-31.128017277449203,6.7,5.138950977769277
2020-12-17 00:00:00,8,-34.3,-37.06880299499395,6.4,4.300310862073373
2020-12-17 03:00:00,1,-33.0,-31.11964217394476,5.4,4.101135056293768
2020-12-17 03:00:00,2,-29.9,-30.160290783134236,6.5,4.238625888375425
2020-12-17 03:00:00,4,-27.999999999999996,-30.459317426891403,7.0,4.19493353616123
2020-12-17 03:00:00,8,-34.4,-35.22608136574421,6.3,3.8609289073016626
2020-12-17 06:00:00,1,-29.9,-32.082917413145275,6.5,5.9410707826893185
2020-12-17 06:00:00,2,-28.95,-31.500543668169104,6.7,5.7261152487176625
2020-12-17 06:00:00,4,-29.4,-32.741194496385866,5.8,5.066464992524727
2020-12-17 06:00:00,8,-32.7,-34.45293913271941,7.4,4.878478688979481
2020-12-17 09:00:00,1,-28.95,-29.065012557608167,6.7,6.172145427673172
2020-12-17 09:00:00,2,-27.999999999999996,-29.64329673896672,7.0,5.70178931191669
2020-12-17 09:00:00,4,-32.0,-33.39761989208289,6.6,4.751550260727199
2020-12-17 09:00:00,8,-31.2,-31.05945008026205,7.5,5.190075307203141
2020-12-17 12:00:00,1,-27.999999999999996,-29.832985916532763,7.0,5.794289765802434
2020-12-17 12:00:00,2,-29.4,-31.511358388024714,5.8,5.259949137795854
2020-12-17 12:00:00,4,-34.3,-35.343459622980546,6.4,4.565656880113039
2020-12-17 12:00:00,8,-30.1,-30.03683582055065,8.4,5.310940806670956
2020-12-17 15:00:00,1,-29.4,-30.027392934579453,5.8,5.919995882700588
2020-12-17 15:00:00,2,-32.0,-31.511858415711576,6.6,5.453014079966904
2020-12-17 15:00:00,4,-34.4,-33.83124620773255,6.3,4.881881794888827
2020-12-17 15:00:00,8,-29.5,-29.596814338116292,8.1,5.335666644673986
2020-12-17 18:00:00,1,-32.0,-31.81174101464452,6.6,4.913839232949217
2020-12-17 18:00:00,2,-34.3,-32.657655288632455,6.4,4.74940039186494
2020-12-17 18:00:00,4,-32.7,-32.43341664760763,7.4,4.691549510931834
2020-12-17 18:00:00,8,-30.7,-31.182539028342863,6.7,4.703357580345535
2020-12-17 21:00:00,1,-34.3,-34.48119429953204,6.4,6.6859271882021565
2020-12-17 21:00:00,2,-34.4,-33.5157215323129,6.3,6.661102174701016
2020-12-17 21:00:00,4,-31.2,-30.813576235518088,7.5,6.455199550821368
2020-12-17 21:00:00,8,-33.4,-35.38484519982973,6.0,5.150237895936456
2020-12-18 00:00:00,1,-34.4,-34.75414889447541,6.3,6.718897176106155
2020-12-18 00:00:00,2,-32.7,-33.354620393016745,7.4,6.7586526876066575
2020-12-18 00:00:00,4,-30.1,-30.256925816876695,8.4,6.547673557907617
2020-12-18 00:00:00,8,-35.4,-36.12649433459413,5.9,5.088409970888812
2020-12-18 03:00:00,1,-32.7,-33.405987790577434,7.4,6.777925579458758
2020-12-18 03:00:00,2,-31.2,-31.91111107014394,7.5,6.768364208318374
2020-12-18 03:00:00,4,-29.5,-30.082138040779924,8.1,6.3575131781473475
2020-12-18 03:00:00,8,-34.7,-35.636439822432024,5.7,5.108148241099786
2020-12-18 06:00:00,1,-31.2,-31.648801156822614,7.5,7.773011577613023
2020-12-18 06:00:00,2,-30.1,-30.821733747723634,8.4,7.463548192361616
2020-12-18 06:00:00,4,-30.7,-31.889617084618784,6.7,6.5045791379707385
2020-12-18 06:00:00,8,-32.7,-34.36259551361913,6.1,5.674349264475057
2020-12-18 09:00:00,1,-30.1,-30.683328389603474,8.4,7.1604119906089965
2020-12-18 09:00:00,2,-29.5,-31.12387871976428,8.1,6.685847207961745
2020-12-18 09:00:00,4,-33.4,-34.01105011171971,6.0,5.7263400465133785
2020-12-18 09:00:00,8,-30.450000000000003,-32.29917578520802,6.0,5.704690568477533
2020-12-18 12:00:00,1,-29.5,-31.49139474660171,8.1,7.726175575389377
2020-12-18 12:00:00,2,-30.7,-32.444212634437505,6.7,7.146403931382379
2020-12-18 12:00:00,4,-35.4,-35.3305179842033,5.9,6.13729686388239
2020-12-18 12:00:00,8,-28.2,-32.24811676207092,6.3,6.0593830996025595
2020-12-18 15:00:00,1,-30.7,-31.632223870051266,6.7,7.075773274434733
2020-12-18 15:00:00,2,-33.4,-32.87670488152935,6.0,6.586362879483275
2020-12-18 15:00:00,4,-34.7,-34.85069170409118,5.7,5.88363942477725
2020-12-18 15:00:00,8,-27.900000000000002,-31.522984391994743,6.2,5.8341374145398905
2020-12-18 18:00:00,1,-33.4,-33.28401850103464,6.0,5.89734654501928
2020-12-18 18:00:00,2,-35.4,-33.83217709501126,5.9,5.716792965175948
2020-12-18 18:00:00,4,-32.7,-32.91229474841728,6.1,5.603767448794223
2020-12-18 18:00:00,8,-29.2,-32.600541175177796,4.1,5.195774165933257
2020-12-18 21:00:00,1,-35.4,-35.518276219116906,5.9,5.87399700699325
2020-12-18 21:00:00,2,-34.7,-34.620825950336695,5.7,5.945886659565291
2020-12-18 21:00:00,4,-30.450000000000003,-31.504173552155283,6.0,6.005445065311021
2020-12-18 21:00:00,8,-32.3,-36.1053202515084,3.5,4.814697113259387
2020-12-19 00:00:00,1,-34.7,-35.520649549377026,5.7,6.238040614546538
2020-12-19 00:00:00,2,-32.7,-34.11755456801927,6.1,6.3205659328481705
2020-12-19 00:00:00,4,-28.2,-31.013088723577894,6.3,6.211904138383291
2020-12-19 00:00:00,8,-33.75,-36.8997158227278,3.7,4.860745363435141
2020-12-19 03:00:00,1,-32.7,-33.77227176072245,6.1,6.200079646360226
2020-12-19 03:00:00,2,-30.450000000000003,-32.304579542630876,6.0,6.220294812084694
2020-12-19 03:00:00,4,-27.900000000000002,-30.713492884038853,6.2,5.895392681066189
2020-12-19 03:00:00,8,-35.2,-36.02972816967154,4.2,4.8669078942790005
2020-12-19 06:00:00,1,-30.450000000000003,-31.47450043939489,6.0,6.381654413913131
2020-12-19 06:00:00,2,-28.2,-30.788940865677777,6.3,6.168892258054518
2020-12-19 06:00:00,4,-29.2,-31.832360311968166,4.1,5.501807998475821
2020-12-19 06:00:00,8,-32.2,-33.813880692878456,4.2,5.130664811582012
2020-12-19 09:00:00,1,-28.2,-30.19929438371143,6.3,5.680250099972291
2020-12-19 09:00:00,2,-27.900000000000002,-31.056078135630187,6.2,5.279785837022694
2020-12-19 09:00:00,4,-32.3,-34.661548666275344,3.5,4.569895406293562
2020-12-19 09:00:00,8,-30.05,-31.695674069209467,4.3,5.088455399665366
2020-12-19 12:00:00,1,-27.900000000000002,-30.40426394626733,6.2,5.636052805840299
2020-12-19 12:00:00,2,-29.2,-31.801296632297625,4.1,5.146701489626425
2020-12-19 12:00:00,4,-33.75,-35.30479465786851,3.7,4.464511735282346
2020-12-19 12:00:00,8,-27.900000000000002,-30.835114892104606,5.9,5.160665186479695
2020-12-19 15:00:00,1,-29.2,-31.537694140200752,4.1,5.462670147711935
2020-12-19 15:00:00,2,-32.3,-33.02140597729763,3.5,5.046447004752954
2020-12-19 15:00:00,4,-35.2,-35.4075294529899,4.2,4.5772862203495
2020-12-19 15:00:00,8,-27.900000000000002,-31.281715989577034,6.0,5.10551102597262
2020-12-19 18:00:00,1,-32.3,-32.75093278776285,3.5,3.631138718318737
2020-12-19 18:00:00,2,-33.75,-33.22265487274265,3.7,3.642778822562554
2020-12-19 18:00:00,4,-32.2,-33.41533557041799,4.2,3.8499936622515714
2020-12-19 18:00:00,8,-30.1,-34.07663443480944,4.7,3.935001353934933
2020-12-19 21:00:00,1,-33.75,-35.78837618913902,3.7,3.5038459134211797
2020-12-19 21:00:00,2,-35.2,-34.75568644358746,4.2,3.70263197548926
2020-12-19 21:00:00,4,-30.05,-32.50500562594564,4.3,4.053708320014445
2020-12-19 21:00:00,8,-31.650000000000002,-37.70591031815476,4.5,3.475981157572923
2020-12-20 00:00:00,1,-35.2,-35.082844327987026,4.2,3.8952335787975665
2020-12-20 00:00:00,2,-32.2,-33.66363462149333,4.2,4.158367849928975
2020-12-20 00:00:00,4,-27.900000000000002,-31.67118135856512,5.9,4.493365300172849
2020-12-20 00:00:00,8,-33.2,-38.29650786142753,4.9,3.7461917871150523
2020-12-20 03:00:00,1,-32.2,-34.849273758143426,4.2,4.761439977414551
2020-12-20 03:00:00,2,-30.05,-33.5134591592052,4.3,4.871976082153392
2020-12-20 03:00:00,4,-27.900000000000002,-32.831685097688045,6.0,4.746069054891323
2020-12-20 03:00:00,8,-34.8,-38.23419749483506,4.8,4.135850852885468
2020-12-20 06:00:00,1,-30.05,-31.035434341272893,4.3,4.2767360996903445
2020-12-20 06:00:00,2,-27.900000000000002,-30.704586050804004,5.9,4.238312259192691
2020-12-20 06:00:00,4,-30.1,-32.8206556685375,4.7,3.941537099240633
2020-12-20 06:00:00,8,-33.6,-34.904729278319756,6.2,4.0374990446112236
2020-12-20 09:00:00,1,-27.900000000000002,-29.918176512554602,5.9,4.154634852188012
2020-12-20 09:00:00,2,-27.900000000000002,-30.72402228550254,6.0,3.944459897146228
2020-12-20 09:00:00,4,-31.650000000000002,-34.642858870602154,4.5,3.5973450372463116
2020-12-20 09:00:00,8,-31.2,-32.99254414865166,7.699999999999999,4.260143985536354
2020-12-20 12:00:00,1,-27.900000000000002,-30.177278755469718,6.0,5.529393076753399
2020-12-20 12:00:00,2,-30.1,-31.56440599389342,4.7,5.009469900164023
2020-12-20 12:00:00,4,-33.2,-35.63500890746646,4.9,4.233852294386549
2020-12-20 12:00:00,8,-31.366666666666667,-31.03826735116445,7.6,5.051686243701504
2020-12-20 15:00:00,1,-30.1,-31.18675251813071,4.7,5.330043713852102
2020-12-20 15:00:00,2,-31.650000000000002,-32.73518263612769,4.5,4.893838627549693
2020-12-20 15:00:00,4,-34.8,-35.62794655676528,4.8,4.362340603927656
2020-12-20 15:00:00,8,-31.53333333333333,-31.28545683071563,7.9,4.981818918168345
2020-12-20 18:00:00,1,-31.650000000000002,-33.18430981007006,4.5,3.899541341206206
2020-12-20 18:00:00,2,-33.2,-33.95973747223424,4.9,3.853057651941573
2020-12-20 18:00:00,4,-33.6,-33.947729602739656,6.2,4.013879253352843
2020-12-20 18:00:00,8,-31.7,-33.573785266071994,4.4,4.10768661102699
2020-12-20 21:00:00,1,-33.2,-34.06655174395938,4.9,4.414088192714966
2020-12-20 21:00:00,2,-34.8,-33.44081536741824,4.8,4.562695371771085
2020-12-20 21:00:00,4,-31.2,-31.816528023220187,7.699999999999999,4.825735132918407
2020-12-20 21:00:00,8,-34.9,-36.12570178350544,4.0,4.123428908466528
2020-12-21 00:00:00,1,-34.8,-34.175556338693255,4.8,5.234321869163226
2020-12-21 00:00:00,2,-33.6,-32.747581017158694,6.2,5.369014565874009
2020-12-21 00:00:00,4,-31.366666666666667,-30.96313783096298,7.6,5.321587776274525
2020-12-21 00:00:00,8,-35.95,-37.06562270362535,3.7,4.367518951253173
2020-12-21 03:00:00,1,-33.6,-34.353194416705335,6.2,5.219883196322233
2020-12-21 03:00:00,2,-31.2,-33.02196940907159,7.699999999999999,5.306531549337235
2020-12-21 03:00:00,4,-31.53333333333333,-32.101203728264224,7.9,5.140558473961225
2020-12-21 03:00:00,8,-37.0,-37.42789204225568,3.7,4.383830867964922
2020-12-21 06:00:00,1,-31.2,-33.177972283364525,7.699999999999999,6.783942439624749
2020-12-21 06:00:00,2,-31.366666666666667,-32.287330748937116,7.6,6.549320724298809
2020-12-21 06:00:00,4,-31.7,-33.24266174422504,4.4,5.773130193399188
2020-12-21 06:00:00,8,-35.0,-35.89571210358072,3.8,5.203857182309875
2020-12-21 09:00:00,1,-31.366666666666667,-31.013484999122237,7.6,7.585697001446912
2020-12-21 09:00:00,2,-31.53333333333333,-31.121551501567506,7.9,7.059000244976932
2020-12-21 09:00:00,4,-34.9,-34.51888082430004,4.0,5.869100510034942
2020-12-21 09:00:00,8,-33.0,-33.491016994377574,4.9,5.759975470017601
2020-12-21 12:00:00,1,-31.53333333333333,-31.71785397167683,7.9,6.731407152109706
2020-12-21 12:00:00,2,-31.7,-33.54847550730531,4.4,6.1466054974630735
2020-12-21 12:00:00,4,-35.95,-38.223276140832965,3.7,5.196354715838322
2020-12-21 12:00:00,8,-31.4,-33.07728227005195,4.4,5.572774998994477
2020-12-21 15:00:00,1,-31.7,-33.51699249605876,4.4,6.8966151898261
2020-12-21 15:00:00,2,-34.9,-34.55223713811985,4.0,6.44473920177876
2020-12-21 15:00:00,4,-37.0,-36.063829481514716,3.7,5.825763590009135
2020-12-21 15:00:00,8,-30.7,-33.20558332229236,3.7,5.679382261043667
2020-12-21 18:00:00,1,-34.9,-33.612783102641274,4.0,3.8452508606552547
2020-12-21 18:00:00,2,-35.95,-34.255503128511954,3.7,3.829028255211965
2020-12-21 18:00:00,4,-35.0,-33.772441798956024,3.8,4.069786641104032
2020-12-21 18:00:00,8,-31.8,-33.85828228687058,2.6,4.115514223835895
2020-12-21 21:00:00,1,-35.95,-36.616718884989794,3.7,3.9162416419653927
2020-12-21 21:00:00,2,-37.0,-35.51628043137539,3.7,4.054324061225292
2020-12-21 21:00:00,4,-33.0,-32.61023911849935,4.9,4.322612125748411
2020-12-21 21:00:00,8,-35.1,-37.60855622442456,2.6,3.5925497619472644
2020-12-22 00:00:00,1,-37.0,-36.02350880512832,3.7,3.913932079223112
2020-12-22 00:00:00,2,-35.0,-34.73471986478677,3.8,4.160143091345147
2020-12-22 00:00:00,4,-31.4,-32.511137089368106,4.4,4.515777683061899
2020-12-22 00:00:00,8,-36.5,-38.70509244467867,2.4,3.7882715110718714
2020-12-22 03:00:00,1,-35.0,-35.96585863893732,3.8,4.172386199946526
2020-12-22 03:00:00,2,-33.0,-34.62116026279592,4.9,4.34640635391113
2020-12-22 03:00:00,4,-30.7,-33.52451740839533,3.7,4.404954769180944
2020-12-22 03:00:00,8,-35.6,-39.27063096352918,2.5,3.825293444585553
2020-12-22 06:00:00,1,-33.0,-33.63365313430934,4.9,4.066899354425179
2020-12-22 06:00:00,2,-31.4,-33.255973720511,4.4,4.063831525683638
2020-12-22 06:00:00,4,-31.8,-34.63995092860767,2.6,3.880114567371554
2020-12-22 06:00:00,8,-32.7,-36.971852381817996,2.3,3.923887113106801
2020-12-22 09:00:00,1,-31.4,-32.90357668644174,4.4,5.007650189734182
2020-12-22 09:00:00,2,-30.7,-33.52894128447218,3.7,4.667778103797713
2020-12-22 09:00:00,4,-35.1,-36.515801193364474,2.6,4.060675345436523
2020-12-22 09:00:00,8,-31.3,-34.45055715644741,2.6,4.610139863663781
2020-12-22 12:00:00,1,-30.7,-33.016335091332024,3.7,4.073920553130097
2020-12-22 12:00:00,2,-31.8,-34.65396899586355,2.6,3.7835997852492
2020-12-22 12:00:00,4,-36.5,-38.18642683821502,2.4,3.4869660170321493
2020-12-22 12:00:00,8,-29.7,-34.34122833626816,2.6,4.17326555602977
2020-12-22 15:00:00,1,-31.8,-33.850441795100515,2.6,3.303846377815538
2020-12-22 15:00:00,2,-35.1,-35.323151582084456,2.6,3.2342435735974995
2020-12-22 15:00:00,4,-35.6,-37.56810585786002,2.5,3.345920143244446
2020-12-22 15:00:00,8,-29.5,-35.182482409854615,2.4,3.8261515525849275
2020-12-22 18:00:00,1,-35.1,-35.56306688364349,2.6,2.7985484946281143
2020-12-22 18:00:00,2,-36.5,-35.932356783917584,2.4,2.851410794686119
2020-12-22 18:00:00,4,-32.7,-36.544624114957,2.3,3.0634351594870175
2020-12-22 18:00:00,8,-30.8,-36.77858663733901,2.3,3.3379036970879294
2020-12-22 21:00:00,1,-36.5,-38.08773693564989,2.4,2.807327765657595
2020-12-22 21:00:00,2,-35.6,-37.24112521670392,2.5,2.959436692919567
2020-12-22 21:00:00,4,-31.3,-35.256057088920286,2.6,3.3058376991812213
2020-12-22 21:00:00,8,-32.6,-39.18969564635259,2.3,3.1181971502152743
2020-12-23 00:00:00,1,-35.6,-37.45075930266724,2.5,2.6189507319778595
2020-12-23 00:00:00,2,-32.7,-36.2728842846823,2.3,2.8633721062404485
2020-12-23 00:00:00,4,-29.7,-34.35922212798529,2.6,3.2996203818726793
2020-12-23 00:00:00,8,-34.400000000000006,-39.59165738450628,2.8,3.113151463448519
2020-12-23 03:00:00,1,-32.7,-35.141078099979694,2.3,2.8779572495617147
2020-12-23 03:00:00,2,-31.3,-33.97676291062118,2.6,3.123137636305808
2020-12-23 03:00:00,4,-29.5,-33.75050254381922,2.4,3.3481276245398814
2020-12-23 03:00:00,8,-36.2,-38.98636018004136,2.8,3.17733294037067
2020-12-23 06:00:00,1,-31.3,-32.51436493380203,2.6,2.8058755377723648
2020-12-23 06:00:00,2,-29.7,-32.38388076356279,2.6,2.949060589730192
2020-12-23 06:00:00,4,-30.8,-34.97363511097207,2.3,2.962027306226653
2020-12-23 06:00:00,8,-35.0,-36.63335669384428,3.4,3.281227086044544
2020-12-23 09:00:00,1,-29.7,-32.32746121306222,2.6,2.9259964745221096
2020-12-23 09:00:00,2,-29.5,-33.289772421938494,2.4,2.972100124344388
2020-12-23 09:00:00,4,-32.6,-37.09000733912124,2.3,2.9413293264509024
2020-12-23 09:00:00,8,-33.3,-35.74091390694258,4.7,3.448864390263034
2020-12-23 12:00:00,1,-29.5,-32.0963648436173,2.4,2.869785455118239
2020-12-23 12:00:00,2,-30.8,-33.81211546545365,2.3,2.8736228004128583
2020-12-23 12:00:00,4,-34.400000000000006,-37.85453238030907,2.8,2.9035021918668784
2020-12-23 12:00:00,8,-31.1,-34.610432003059074,5.7,3.4796466253308984
2020-12-23 15:00:00,1,-30.8,-33.18607071448892,2.3,2.6936932264052165
2020-12-23 15:00:00,2,-32.6,-34.640831380817104,2.3,2.7136544282062975
2020-12-23 15:00:00,4,-36.2,-37.49198925130264,2.8,2.844494530056622
2020-12-23 15:00:00,8,-30.5,-34.84272296314494,5.4,3.3423607559453368
2020-12-23 18:00:00,1,-32.6,-34.76864825639242,2.3,2.5903097012462095
2020-12-23 18:00:00,2,-34.400000000000006,-35.32054769150763,2.8,2.651762465646164
2020-12-23 18:00:00,4,-35.0,-36.48115085976713,3.4,2.832668278468267
2020-12-23 18:00:00,8,-32.4,-36.11191571756825,4.2,3.165446490321366
2020-12-23 21:00:00,1,-34.400000000000006,-35.88515532307943,2.8,2.520986241347848
2020-12-23 21:00:00,2,-36.2,-35.484885321249585,2.8,2.6798775463168685
2020-12-23 21:00:00,4,-33.3,-34.71884290497742,4.7,3.0770209230442624
2020-12-23 21:00:00,8,-34.0,-37.45568464743292,4.1,3.1706280368565
2020-12-24 00:00:00,1,-36.2,-35.20043585351632,2.8,2.891928624518064
2020-12-24 00:00:00,2,-35.0,-33.98798831604093,3.4,3.1069468629982024
2020-12-24 00:00:00,4,-31.1,-32.68335555893556,5.7,3.430185245055668
2020-12-24 00:00:00,8,-35.6,-37.92669055442895,4.0,3.188800507240859
2020-12-24 03:00:00,1,-35.0,-35.875029402169986,3.4,2.9121435236417295
2020-12-24 03:00:00,2,-33.3,-34.73920714495071,4.7,3.1186601291669356
2020-12-24 03:00:00,4,-30.5,-34.03648235565464,5.4,3.3438705696036632
2020-12-24 03:00:00,8,-37.2,-38.91208373301171,3.9,3.1857682697063012
2020-12-24 06:00:00,1,-33.3,-33.36938201729401,4.7,3.6196163116637052
2020-12-24 06:00:00,2,-31.1,-33.15407326553571,5.7,3.6307300526153345
2020-12-24 06:00:00,4,-32.4,-35.36321864212247,4.2,3.4550352390518966
2020-12-24 06:00:00,8,-35.2,-37.27998183507921,4.5,3.6687244325470787
2020-12-24 09:00:00,1,-31.1,-32.38354212809763,5.7,4.904900428000195
2020-12-24 09:00:00,2,-30.5,-33.26290782203601,5.4,4.530157810366911
2020-12-24 09:00:00,4,-34.0,-37.311015253708185,4.1,3.8158364743189863
2020-12-24 09:00:00,8,-32.7,-34.496359404363545,5.5,4.5020875186308364
2020-12-24 12:00:00,1,-30.5,-31.75387613915859,5.4,5.35422493973809
2020-12-24 12:00:00,2,-32.4,-33.31993259336794,4.2,4.846836373066313
2020-12-24 12:00:00,4,-35.6,-37.60135841953732,4.0,4.102656920308317
2020-12-24 12:00:00,8,-30.7,-32.740710319720776,5.6,4.914887827221171
2020-12-24 15:00:00,1,-32.4,-33.102671283927506,4.2,4.818304115461622
2020-12-24 15:00:00,2,-34.0,-34.85376103830737,4.1,4.427943649642879
2020-12-24 15:00:00,4,-37.2,-37.47346372985511,3.9,4.06443649622211
2020-12-24 15:00:00,8,-30.4,-32.839277737117655,5.2,4.723989709723346
2020-12-24 18:00:00,1,-34.0,-34.94026294613049,4.1,3.6263479019180926
2020-12-24 18:00:00,2,-35.6,-35.67597659374161,4.0,3.5654858715738174
2020-12-24 18:00:00,4,-35.2,-35.416589032434565,4.5,3.7499404076629754
2020-12-24 18:00:00,8,-32.1,-34.94202240954736,3.0,3.9139751619126137
2020-12-24 21:00:00,1,-35.6,-35.6190137854948,4.0,4.152324169722366
2020-12-24 21:00:00,2,-37.2,-35.07499519020508,3.9,4.279978338676142
2020-12-24 21:00:00,4,-32.7,-33.33481814381544,5.5,4.555519224680411
2020-12-24 21:00:00,8,-35.0,-37.119483034610454,3.0,3.9752423454947334
2020-12-25 00:00:00,1,-37.2,-35.367038738369935,3.9,4.231370507526583
2020-12-25 00:00:00,2,-35.2,-34.06545658245501,4.5,4.4271700807576195
2020-12-25 00:00:00,4,-30.7,-32.02583788373813,5.6,4.656914014501508
2020-12-25 00:00:00,8,-36.9,-37.87871239352388,2.6,3.893155665491598
2020-12-25 03:00:00,1,-35.2,-35.894067920322186,4.5,4.044964720172187
2020-12-25 03:00:00,2,-32.7,-34.63072707493735,5.5,4.20249572121229
2020-12-25 03:00:00,4,-30.4,-33.53923580261322,5.2,4.274319630026714
2020-12-25 03:00:00,8,-34.733333333333334,-38.92435530586853,1.9,3.7619353109182776
2020-12-25 06:00:00,1,-32.7,-33.08523083697048,5.5,4.730933700836187
2020-12-25 06:00:00,2,-30.7,-32.75543880095252,5.6,4.640063670811309
2020-12-25 06:00:00,4,-32.1,-34.446696712144515,3.0,4.249968152868969
2020-12-25 06:00:00,8,-32.56666666666666,-36.10254488169602,1.1,4.289456637006818
2020-12-25 09:00:00,1,-30.7,-31.934724769580836,5.6,5.605176593989951
2020-12-25 09:00:00,2,-30.4,-32.70776901447104,5.2,5.183466060056503
2020-12-25 09:00:00,4,-35.0,-36.29693028471303,3.0,4.408953674561194
2020-12-25 09:00:00,8,-30.4,-33.52397847365503,2.0,4.972374211538642
2020-12-25 12:00:00,1,-30.4,-32.15165320756402,5.2,5.2455067325436415
2020-12-25 12:00:00,2,-32.1,-33.80228206794603,3.0,4.772559043717188
2020-12-25 12:00:00,4,-36.9,-37.67259147038641,2.6,4.148013288084351
2020-12-25 12:00:00,8,-53.29175178959221,-32.723255462743964,1.1,4.924823825807642
2020-12-25 15:00:00,1,-32.1,-33.40024683869139,3.0,4.636991896377908
2020-12-25 15:00:00,2,-35.0,-35.02558179132849,3.0,4.299942206485237
2020-12-25 15:00:00,4,-34.733333333333334,-37.250928353169975,1.9,4.028311394474202
2020-12-25 15:00:00,8,-53.29175178959221,-33.086565204803435,0.2999999999999998,4.64285540776295
2020-12-25 18:00:00,1,-35.0,-35.35305381415958,3.0,3.015088170561519
2020-12-25 18:00:00,2,-36.9,-35.70493496952021,2.6,3.0322719252139128
2020-12-25 18:00:00,4,-32.56666666666666,-35.61476282965549,1.1,3.2772469227006296
2020-12-25 18:00:00,8,-53.29175178959221,-36.028455764923706,0.0,3.499139142923168
2020-12-25 21:00:00,1,-36.9,-37.72263602812998,2.6,3.0665976848332055
2020-12-25 21:00:00,2,-34.733333333333334,-36.70733053045825,1.9,3.2342674610293023
2020-12-25 21:00:00,4,-30.4,-34.327400481273564,2.0,3.6006333181905066
2020-12-25 21:00:00,8,-53.29175178959221,-39.087174119524164,0.0,3.2096222164485266
2020-12-26 00:00:00,1,-34.733333333333334,-37.52753877013515,1.9,2.8303084881350085
2020-12-26 00:00:00,2,-32.56666666666666,-36.324087408017334,1.1,3.072097179484055
2020-12-26 00:00:00,4,-53.29175178959221,-34.12865172426285,1.1,3.5100777204832765
2020-12-26 00:00:00,8,-53.29175178959221,-39.56411407267148,0.20000000000000018,3.2262304066308394
2020-12-26 03:00:00,1,-32.56666666666666,-35.04950242418701,1.1,2.3909108572361775
2020-12-26 03:00:00,2,-30.4,-33.875683826774164,2.0,2.7312268335069305
2020-12-26 03:00:00,4,-53.29175178959221,-33.89048724010884,0.2999999999999998,3.14057962049441
2020-12-26 03:00:00,8,-53.29175178959221,-39.24251125090261,1.4,3.106508251359786
2020-12-26 06:00:00,1,-30.4,-32.86100228295952,2.0,1.8232490747500325
2020-12-26 06:00:00,2,-53.29175178959221,-32.66993406649917,1.1,2.198673124031622
2020-12-26 06:00:00,4,-53.29175178959221,-34.879031890020606,0.0,2.5801957199647427
2020-12-26 06:00:00,8,-53.29175178959221,-36.99653674572561,1.1,2.818022883365891
2020-12-26 09:00:00,1,-53.29175178959221,-31.994890925227917,1.1,2.778202267949693
2020-12-26 09:00:00,2,-53.29175178959221,-32.83940166328789,0.2999999999999998,2.87310794094525
2020-12-26 09:00:00,4,-53.29175178959221,-36.59181404777934,0.0,2.8715040705241996
2020-12-26 09:00:00,8,-53.29175178959221,-35.66890415602658,1.5,3.333440559732251
2020-12-26 12:00:00,1,-53.29175178959221,-49.97821916672969,0.2999999999999998,1.4034684106975517
2020-12-26 12:00:00,2,-53.29175178959221,-50.26647936419755,0.0,1.651337199922674
2020-12-26 12:00:00,4,-53.29175178959221,-48.27838369125513,0.20000000000000018,2.3752534988119556
2020-12-26 12:00:00,8,-53.29175178959221,-43.25346028503225,1.0,2.9430012867166226
2020-12-26 15:00:00,1,-53.29175178959221,-52.11767187855205,0.0,0.8053957947199328
2020-12-26 15:00:00,2,-53.29175178959221,-51.89539916950898,0.0,1.1512393120458397
2020-12-26 15:00:00,4,-53.29175178959221,-49.226726907694314,1.4,1.9638281038744543
2020-12-26 15:00:00,8,-53.29175178959221,-44.61920665658618,1.5999999999999999,2.6144159589868528
2020-12-26 18:00:00,1,-53.29175178959221,-53.550407955407465,0.0,0.43965873887633355
2020-12-26 18:00:00,2,-53.29175178959221,-52.767407197403024,0.20000000000000018,0.8375367607719868
2020-12-26 18:00:00,4,-53.29175178959221,-49.562343833963624,1.1,1.6724140194371737
2020-12-26 18:00:00,8,-53.29175178959221,-46.89575418025972,0.8999999999999999,2.2888102151333696
2020-12-26 21:00:00,1,-53.29175178959221,-52.04115287219192,0.20000000000000018,0.33365762040914104
2020-12-26 21:00:00,2,-53.29175178959221,-50.85577208017795,1.4,0.7892391463149027
2020-12-26 21:00:00,4,-53.29175178959221,-47.63192246399536,1.5,1.6586183877290888
2020-12-26 21:00:00,8,-53.29175178959221,-47.038418419730085,2.0,2.176099714258544
2020-12-27 00:00:00,1,-53.29175178959221,-50.111099723260715,1.4,0.34101153691416997
2020-12-27 00:00:00,2,-53.29175178959221,-48.87776774409747,1.1,0.839981170199601
2020-12-27 00:00:00,4,-53.29175178959221,-46.03682189438964,1.0,1.7423815868716486
2020-12-27 00:00:00,8,-53.29175178959221,-46.35795855201817,2.5,2.198692425929641
2020-12-27 03:00:00,1,-53.29175178959221,-47.68712004481738,1.1,1.5366843522493774
2020-12-27 03:00:00,2,-53.29175178959221,-46.20626931715065,1.5,1.808997449031282
2020-12-27 03:00:00,4,-53.29175178959221,-43.21821986112433,1.5999999999999999,2.3646260443870477
2020-12-27 03:00:00,8,-37.2,-44.64677086294968,2.0,2.5819827984564956
2020-12-27 06:00:00,1,-53.29175178959221,-49.1867437860216,1.5,0.9607413090307135
2020-12-27 06:00:00,2,-53.29175178959221,-48.4841400408918,1.0,1.31641749047248
2020-12-27 06:00:00,4,-53.29175178959221,-46.653422318381196,0.8999999999999999,1.9470368389218395
2020-12-27 06:00:00,8,-35.13333333333333,-45.09989537638298,1.4,2.372758861793363
2020-12-27 09:00:00,1,-53.29175178959221,-49.63749406856854,1.0,1.0391296227369846
2020-12-27 09:00:00,2,-53.29175178959221,-49.57516514907559,1.5999999999999999,1.2653768736902458
2020-12-27 09:00:00,4,-53.29175178959221,-47.774573734447905,2.0,1.841954533456494
2020-12-27 09:00:00,8,-33.06666666666667,-43.56528230586575,2.5,2.3794222822228397
2020-12-27 12:00:00,1,-53.29175178959221,-52.34890532331027,1.5999999999999999,1.0442274566204883
2020-12-27 12:00:00,2,-53.29175178959221,-52.64749295680814,0.8999999999999999,1.2980617053770973
2020-12-27 12:00:00,4,-53.29175178959221,-51.4928689560744,2.5,1.942354369086873
2020-12-27 12:00:00,8,-31.0,-46.96800313750432,3.9,2.5528409847795492
2020-12-27 15:00:00,1,-53.29175178959221,-52.81859631600007,0.8999999999999999,1.5910346580201564
2020-12-27 15:00:00,2,-53.29175178959221,-52.85231697816412,2.0,1.6720448306474347
2020-12-27 15:00:00,4,-37.2,-50.51717894444538,2.0,2.1726841314316943
2020-12-27 15:00:00,8,-31.3,-46.17158079700085,5.0,2.6896159403893627
2020-12-27 18:00:00,1,-53.29175178959221,-54.63303004067346,2.0,1.175078542423829
2020-12-27 18:00:00,2,-53.29175178959221,-54.047449796105184,2.5,1.3793647123246018
2020-12-27 18:00:00,4,-35.13333333333333,-51.225083055106,1.4,2.0096640331719953
2020-12-27 18:00:00,8,-33.75,-48.585990421048315,1.9,2.530606158024213
2020-12-27 21:00:00,1,-53.29175178959221,-53.04801643989242,2.5,1.7923316997359529
2020-12-27 21:00:00,2,-37.2,-51.70209604904115,2.0,1.8827294197811208
2020-12-27 21:00:00,4,-33.06666666666667,-48.05597512274419,2.5,2.329376299710362
2020-12-27 21:00:00,8,-36.2,-48.493095868193954,2.5,2.5840922506372666
2020-12-28 00:00:00,1,-37.2,-49.30760314378974,2.0,2.1719061902932926
2020-12-28 00:00:00,2,-35.13333333333333,-47.89326726624096,1.4,2.2218451059239395
2020-12-28 00:00:00,4,-31.0,-45.3146565473891,3.9,2.475126957820107
2020-12-28 00:00:00,8,-36.7,-47.60707418611259,2.2,2.5817562944156505
2020-12-28 03:00:00,1,-35.13333333333333,-39.33111125760777,1.4,2.3209017000766887
2020-12-28 03:00:00,2,-33.06666666666667,-38.73741700108121,2.5,2.638349885969489
2020-12-28 03:00:00,4,-31.3,-38.72271301688313,5.0,3.052830366130226
2020-12-28 03:00:00,8,-37.2,-42.18015950119543,2.2,3.1225246677432947
2020-12-28 06:00:00,1,-33.06666666666667,-35.26523050752132,2.5,2.081486822263053
2020-12-28 06:00:00,2,-31.0,-35.241958325553554,3.9,2.441717505155128
2020-12-28 06:00:00,4,-33.75,-37.19403039001224,1.9,2.8631950833083377
2020-12-28 06:00:00,8,-34.7,-39.18422127983274,2.1,3.083764536994792
2020-12-28 09:00:00,1,-31.0,-31.679387864837967,3.9,3.181437313027943
2020-12-28 09:00:00,2,-31.3,-32.84426072196251,5.0,3.1458956404737557
2020-12-28 09:00:00,4,-36.2,-37.45487912732642,2.5,2.9813233923484725
2020-12-28 09:00:00,8,-33.0,-35.26588616342197,4.5,3.5602964369874726
2020-12-28 12:00:00,1,-31.3,-32.1526071508744,5.0,4.216551768583154
2020-12-28 12:00:00,2,-33.75,-33.919037812327254,1.9,3.8453212699268966
2020-12-28 12:00:00,4,-36.7,-38.51624048926268,2.2,3.3274500397254356
2020-12-28 12:00:00,8,-32.1,-33.72107584239731,4.5,4.135278354324602
2020-12-28 15:00:00,1,-33.75,-33.67802734926386,1.9,4.652418911709745
2020-12-28 15:00:00,2,-36.2,-35.38287390912188,2.5,4.229708891371955
2020-12-28 15:00:00,4,-37.2,-38.773774922024174,2.2,3.7364601647029128
2020-12-28 15:00:00,8,-32.3,-34.175637034804105,5.2,4.472126813932398
2020-12-28 18:00:00,1,-36.2,-36.704758341924965,2.5,2.368726151431499
2020-12-28 18:00:00,2,-36.7,-37.52307598700486,2.2,2.5065280533281946
2020-12-28 18:00:00,4,-34.7,-37.79333590824669,2.1,2.9522937642887435
2020-12-28 18:00:00,8,-33.2,-36.883772576827404,3.1,3.229265843375014
2020-12-28 21:00:00,1,-36.7,-38.93237448188405,2.2,2.406817967291124
2020-12-28 21:00:00,2,-37.2,-38.1018861340859,2.2,2.613411407167285
2020-12-28 21:00:00,4,-33.0,-36.6321995692548,4.5,2.9990385357181597
2020-12-28 21:00:00,8,-35.03333333333334,-39.99402836722213,3.2,3.01982396055676
2020-12-29 00:00:00,1,-37.2,-37.73369283631814,2.2,2.5500497810295117
2020-12-29 00:00:00,2,-34.7,-36.761110165332504,2.1,2.805296640792267
2020-12-29 00:00:00,4,-32.1,-35.76916907375522,4.5,3.257552401681161
2020-12-29 00:00:00,8,-36.86666666666667,-40.23007601946837,3.5,3.3203666963737186
2020-12-29 03:00:00,1,-34.7,-37.163417743961254,2.1,2.588343573656256
2020-12-29 03:00:00,2,-33.0,-36.21501364518845,4.5,2.8411311476666805
2020-12-29 03:00:00,4,-32.3,-36.37134939093863,5.2,3.0841479622673242
2020-12-29 03:00:00,8,-38.7,-40.413855647916776,2.3,3.172422580170691
2020-12-29 06:00:00,1,-33.0,-34.289713956505565,4.5,2.9113649426614048
2020-12-29 06:00:00,2,-32.1,-34.29686853133343,4.5,3.055448332679533
2020-12-29 06:00:00,4,-33.2,-36.98659671407151,3.1,3.0523102279667502
2020-12-29 06:00:00,8,-34.7,-38.23265562271707,3.3,3.3820367670868707
2020-12-29 09:00:00,1,-32.1,-32.72320646867666,4.5,4.81679131587432
2020-12-29 09:00:00,2,-32.3,-33.41060043791359,5.2,4.432673041218887
2020-12-29 09:00:00,4,-35.03333333333334,-37.476628170201934,3.2,3.6842567951855774
2020-12-29 09:00:00,8,-32.75,-34.94425019860756,2.2,4.394027922056096
2020-12-29 12:00:00,1,-32.3,-33.01730200366022,5.2,4.1686864739855745
2020-12-29 12:00:00,2,-33.2,-34.72244685092798,3.1,3.824494601944324
2020-12-29 12:00:00,4,-36.86666666666667,-39.16806044263345,3.5,3.3395393729845835
2020-12-29 12:00:00,8,-30.8,-34.6812212252985,2.5,4.098692086510482
2020-12-29 15:00:00,1,-33.2,-34.76835140998465,3.1,4.544530152928522
2020-12-29 15:00:00,2,-35.03333333333334,-36.36323654979445,3.2,4.16364089385914
2020-12-29 15:00:00,4,-38.7,-39.11283836477779,2.3,3.7735195023090267
2020-12-29 15:00:00,8,-30.6,-34.88619511086034,2.7,4.44013866345969
2020-12-29 18:00:00,1,-35.03333333333334,-36.025936893463665,3.2,2.924068844087874
2020-12-29 18:00:00,2,-36.86666666666667,-36.826399083016454,3.5,2.953763854427666
2020-12-29 18:00:00,4,-34.7,-37.54865665414368,3.3,3.1993541132437873
2020-12-29 18:00:00,8,-32.55,-36.85292648845575,1.5,3.5053289203689286
2020-12-29 21:00:00,1,-36.86666666666667,-37.327867771857605,3.5,2.908240754510454
2020-12-29 21:00:00,2,-38.7,-36.688885705121564,2.3,3.067044187855342
2020-12-29 21:00:00,4,-32.75,-35.59967265692691,2.2,3.4144644623007996
2020-12-29 21:00:00,8,-34.5,-38.98963269553664,2.0,3.3529710146185563
2020-12-30 00:00:00,1,-38.7,-36.62118022711811,2.3,3.582598870373527
2020-12-30 00:00:00,2,-34.7,-35.55367299173959,3.3,3.758848126958557
2020-12-30 00:00:00,4,-30.8,-34.49570086645895,2.5,3.9507517826989136
2020-12-30 00:00:00,8,-34.025,-39.127770027288626,2.5,3.6727473319994526
2020-12-30 03:00:00,1,-34.7,-38.06532359086186,3.3,2.4803532932898715
2020-12-30 03:00:00,2,-32.75,-37.167946813182596,2.2,2.7589829628586684
2020-12-30 03:00:00,4,-30.6,-36.44737809637527,2.7,3.183239001243611
2020-12-30 03:00:00,8,-33.55,-40.64353407141394,1.4,3.2323555333822673
2020-12-30 06:00:00,1,-32.75,-33.40155238648475,2.2,3.674816034247734
2020-12-30 06:00:00,2,-30.8,-33.04698376243249,2.5,3.6827653303274053
2020-12-30 06:00:00,4,-32.55,-36.06377904644543,1.5,3.3791879242435763
2020-12-30 06:00:00,8,-33.075,-37.869129730360676,1.9,3.683236527248769
2020-12-30 09:00:00,1,-30.8,-32.22426817931138,2.5,2.60566740036969
2020-12-30 09:00:00,2,-30.6,-33.48824450656916,2.7,2.744958481022686
2020-12-30 09:00:00,4,-34.5,-37.65241456067045,2.0,2.9036833737714907
2020-12-30 09:00:00,8,-32.6,-35.879039710678725,3.8,3.411019113494477
2020-12-30 12:00:00,1,-30.6,-32.96871573991983,2.7,2.911812672047228
2020-12-30 12:00:00,2,-32.55,-34.57000901553214,1.5,2.92934028841323
2020-12-30 12:00:00,4,-34.025,-38.92665658602967,2.5,2.9033335935200912
2020-12-30 12:00:00,8,-30.8,-35.78815859784012,2.4,3.456265201849024
2020-12-30 15:00:00,1,-32.55,-35.02816550787761,1.5,2.781598868799485
2020-12-30 15:00:00,2,-34.5,-36.348549857620114,2.0,2.7983344141846134
2020-12-30 15:00:00,4,-33.55,-39.108564352906804,1.4,2.8915236045806205
2020-12-30 15:00:00,8,-30.4,-36.820191246489074,2.7,3.351344776390271
2020-12-30 18:00:00,1,-34.5,-37.24835472363471,2.0,2.3888761599201107
2020-12-30 18:00:00,2,-34.025,-37.66247275448686,2.5,2.491412107811398
2020-12-30 18:00:00,4,-33.075,-38.38986461566679,1.9,2.7564106383665563
2020-12-30 18:00:00,8,-33.0,-38.340093848299304,2.0,3.0343966802806825
2020-12-30 21:00:00,1,-34.025,-38.43753728415223,2.5,2.43868913333219
2020-12-30 21:00:00,2,-33.55,-37.64391697199776,1.4,2.6387482942070584
2020-12-30 21:00:00,4,-32.6,-36.66897393976981,3.8,2.9248041824182165
2020-12-30 21:00:00,8,-34.96666666666667,-40.50986816880412,2.1,2.7982590194779853
2020-12-31 00:00:00,1,-33.55,-34.937438582250806,1.4,2.9987625505685798
2020-12-31 00:00:00,2,-33.075,-33.93685291979893,1.9,3.2118950682604583
2020-12-31 00:00:00,4,-30.8,-33.645286343289264,2.4,3.4403816593049186
2020-12-31 00:00:00,8,-36.93333333333333,-38.775312471136225,2.4,3.1951681607412947
2020-12-31 03:00:00,1,-33.075,-35.358000773954956,1.9,2.086041963555285
2020-12-31 03:00:00,2,-32.6,-34.289806180632254,3.8,2.4444161451069295
2020-12-31 03:00:00,4,-30.4,-35.16593394312286,2.7,2.7632080523588023
2020-12-31 03:00:00,8,-38.9,-39.74713573407871,2.3,2.8244282875398006
2020-12-31 06:00:00,1,-32.6,-33.69776763538005,3.8,2.6600237846387405
2020-12-31 06:00:00,2,-30.8,-33.21770214893935,2.4,2.854577585645129
2020-12-31 06:00:00,4,-33.0,-35.61379015331937,2.0,2.874415884476778
2020-12-31 06:00:00,8,-36.699999999999996,-38.143006566570875,1.3000000000000003,2.9808881398801534
2020-12-31 09:00:00,1,-30.8,-32.92898443334302,2.4,3.8173750808638607
2020-12-31 09:00:00,2,-30.4,-33.67023008755317,2.7,3.6573727903703457
2020-12-31 09:00:00,4,-34.96666666666667,-37.9528922934209,2.1,3.194855438001286
2020-12-31 09:00:00,8,-34.5,-36.47496752027341,1.8,3.7648057750865633
2020-12-31 12:00:00,1,-30.4,-33.380709733854296,2.7,2.6104446734496243
2020-12-31 12:00:00,2,-33.0,-34.99634242016391,2.0,2.6727797798617976
2020-12-31 12:00:00,4,-36.93333333333333,-38.981929098954616,2.4,2.733982579350386
2020-12-31 12:00:00,8,-32.3,-35.78323901708236,3.3,3.2387484872987526
2020-12-31 15:00:00,1,-33.0,-33.92485657832019,2.0,2.7202092354692953
2020-12-31 15:00:00,2,-34.96666666666667,-35.519120646276846,2.1,2.7729238386833406
2020-12-31 15:00:00,4,-38.9,-38.926153676338856,2.3,2.8963904555298154
2020-12-31 15:00:00,8,-32.4,-35.968197385149935,3.7,3.3729091554503183
2020-12-31 18:00:00,1,-34.96666666666667,-36.50013317884215,2.1,2.607881466704919
2020-12-31 18:00:00,2,-36.93333333333333,-37.25756560828722,2.4,2.7068344597862555
2020-12-31 18:00:00,4,-36.699999999999996,-38.30778514291853,1.3000000000000003,2.95924879267476
2020-12-31 18:00:00,8,-33.9,-37.49423000938066,2.5,3.2410972936789952
2020-12-31 21:00:00,1,-36.93333333333333,-38.11260718881285,2.4,2.4917953731234492
2020-12-31 21:00:00,2,-38.9,-37.697248455256414,2.3,2.6830154377490096
2020-12-31 21:00:00,4,-34.5,-36.75661856216262,1.8,3.1392616527727504
2020-12-31 21:00:00,8,-34.4,-39.4642857785426,3.5,3.246911643876264
2021-01-01 00:00:00,1,-38.9,-37.80166489968779,2.3,2.6303546345766815
2021-01-01 00:00:00,2,-36.699999999999996,-36.75817340329843,1.3000000000000003,2.8559473272424154
2021-01-01 00:00:00,4,-32.3,-35.81260519642113,3.3,3.226488289586006
2021-01-01 00:00:00,8,-34.9,-40.06978472328465,2.9,3.2613721779829694
2021-01-01 03:00:00,1,-36.699999999999996,-38.27257858255714,1.3000000000000003,2.339678074596315
2021-01-01 03:00:00,2,-34.5,-37.156542723517404,1.8,2.5732683647419083
2021-01-01 03:00:00,4,-32.4,-36.62080556660346,3.7,2.7139380381387963
2021-01-01 03:00:00,8,-35.4,-41.27916436754583,1.9,2.4200390209520934
2021-01-01 06:00:00,1,-34.5,-36.97488713198668,1.8,1.84333008695125
2021-01-01 06:00:00,2,-32.3,-36.730778514667506,3.3,2.231524207978209
2021-01-01 06:00:00,4,-33.9,-38.831054750706464,2.5,2.5652861234682076
2021-01-01 06:00:00,8,-35.9,-41.34723153704612,4.0,2.696420019401643
2021-01-01 09:00:00,1,-32.3,-34.569063718233636,3.3,2.288790486674068
2021-01-01 09:00:00,2,-32.4,-35.201961874612536,3.7,2.4906093194783088
2021-01-01 09:00:00,4,-34.4,-38.84834677445961,3.5,2.5716342084698223
2021-01-01 09:00:00,8,-33.8,-38.17253702013531,4.1,2.8803526577620366
2021-01-01 12:00:00,1,-32.4,-33.67331959579707,3.7,3.430226088298438
2021-01-01 12:00:00,2,-33.9,-35.1813627513166,2.5,3.295811616183967
2021-01-01 12:00:00,4,-34.9,-39.79936052781716,2.9,2.9450607779072167
2021-01-01 12:00:00,8,-31.7,-36.26998066569375,4.3,3.501475072484704
2021-01-01 15:00:00,1,-33.9,-35.24031270129305,2.5,3.14383385651627
2021-01-01 15:00:00,2,-34.4,-36.820054351301025,3.5,3.047582702596352
2021-01-01 15:00:00,4,-35.4,-40.01698496975641,1.9,2.9188011321737366
2021-01-01 15:00:00,8,-31.2,-36.53241882819124,3.0,3.3699376229182327
2021-01-01 18:00:00,1,-34.4,-37.2729425404097,3.5,2.4857467341419355
2021-01-01 18:00:00,2,-34.9,-37.93542446742627,2.9,2.5772633244302985
2021-01-01 18:00:00,4,-35.9,-38.823142208837425,4.0,2.751466739785765
2021-01-01 18:00:00,8,-33.233333333333334,-37.92458525053701,1.8,2.9386874724697924
2021-01-01 21:00:00,1,-34.9,-36.948904425295595,2.9,3.097655611789768
2021-01-01 21:00:00,2,-35.4,-36.26591992211572,1.9,3.2036525179642985
2021-01-01 21:00:00,4,-33.8,-35.591663567925245,4.1,3.3404143568146845
2021-01-01 21:00:00,8,-35.266666666666666,-38.96365719385546,1.5999999999999999,3.115049607834123
2021-01-02 00:00:00,1,-35.4,-36.08066903064632,1.9,2.7221195901716024
2021-01-02 00:00:00,2,-35.9,-34.864729945374776,4.0,2.942538894286724
2021-01-02 00:00:00,4,-31.7,-34.15218184558495,4.3,3.1496113091626294
2021-01-02 00:00:00,8,-37.3,-39.09516015249416,2.6,2.892473289955266
2021-01-02 03:00:00,1,-35.9,-36.458323947411,4.0,2.108813297763301
2021-01-02 03:00:00,2,-33.8,-35.1947424546956,4.1,2.4139551906647982
2021-01-02 03:00:00,4,-31.2,-35.12018213027601,3.0,2.6652069307786825
2021-01-02 03:00:00,8,-37.0,-39.38869801971168,2.5,2.663500579009585
2021-01-02 06:00:00,1,-33.8,-35.26738192347661,4.1,4.294580971009978
2021-01-02 06:00:00,2,-31.7,-34.76572446337616,4.3,4.183701484438972
2021-01-02 06:00:00,4,-33.233333333333334,-37.30232889377619,1.8,3.5538096062638043
2021-01-02 06:00:00,8,-34.93333333333334,-39.02270945497244,1.9,3.5917450940785254
2021-01-02 09:00:00,1,-31.7,-32.38514164029479,4.3,3.779063239362864
2021-01-02 09:00:00,2,-31.2,-33.35360880962718,3.0,3.6030201718376142
2021-01-02 09:00:00,4,-35.266666666666666,-37.98815793486346,1.5999999999999999,3.130937149390249
2021-01-02 09:00:00,8,-32.86666666666667,-35.77949241193585,4.0,3.681390036768431
2021-01-02 12:00:00,1,-31.2,-32.70431493272635,3.0,3.4505936963611292
2021-01-02 12:00:00,2,-33.233333333333334,-34.26496618851086,1.8,3.2940493315667414
2021-01-02 12:00:00,4,-37.3,-38.7029885817887,2.6,2.9611638928713315
2021-01-02 12:00:00,8,-30.8,-34.91740433173081,4.2,3.55297283299356
2021-01-02 15:00:00,1,-33.233333333333334,-34.598745477005906,1.8,2.52257102315152
2021-01-02 15:00:00,2,-35.266666666666666,-36.178040416400265,1.5999999999999999,2.570797508514798
2021-01-02 15:00:00,4,-37.0,-38.968620004672616,2.5,2.6810076137937218
2021-01-02 15:00:00,8,-30.5,-35.57840490871252,3.3,3.073708568047704
2021-01-02 18:00:00,1,-35.266666666666666,-38.09319112814203,1.5999999999999999,2.207863386856497
2021-01-02 18:00:00,2,-37.3,-38.19280471297597,2.6,2.317342259457419
2021-01-02 18:00:00,4,-34.93333333333334,-38.082545005518014,1.9,2.527041385388916
2021-01-02 18:00:00,8,-33.2,-38.31337334859476,2.9,2.5994710645442156
2021-01-02 21:00:00,1,-37.3,-38.84461169732893,2.6,2.227476248050506
2021-01-02 21:00:00,2,-37.0,-37.94152855181113,2.5,2.4008537874434843
2021-01-02 21:00:00,4,-32.86666666666667,-36.29773004081161,4.0,2.6517233286485222
2021-01-02 21:00:00,8,-34.800000000000004,-39.54810454068003,2.7,2.472791534800093
2021-01-03 00:00:00,1,-37.0,-37.78446654106331,2.5,2.5171877131299083
2021-01-03 00:00:00,2,-34.93333333333334,-36.520305765552166,1.9,2.7366813792626683
2021-01-03 00:00:00,4,-30.8,-35.144706542963895,4.2,2.9224197048507508
2021-01-03 00:00:00,8,-36.4,-40.188847511834936,3.3,2.552445242549994
2021-01-03 03:00:00,1,-34.93333333333334,-37.15800534052652,1.9,2.5577546508294655
2021-01-03 03:00:00,2,-32.86666666666667,-35.852760157579894,4.0,2.834220268373371
2021-01-03 03:00:00,4,-30.5,-35.341211659892636,3.3,2.984674884342673
2021-01-03 03:00:00,8,-38.0,-40.8496694045712,2.3,2.54663003923016
2021-01-03 06:00:00,1,-32.86666666666667,-35.26164673559849,4.0,2.3749514934241622
2021-01-03 06:00:00,2,-30.8,-34.751557972916395,4.2,2.6191770227380635
2021-01-03 06:00:00,4,-33.2,-36.41748018730608,2.9,2.714108022809751
2021-01-03 06:00:00,8,-35.1,-39.11761960934553,3.0,2.677882199279084
2021-01-03 09:00:00,1,-30.8,-32.61511979220368,4.2,3.775140675122086
2021-01-03 09:00:00,2,-30.5,-33.07940630696963,3.3,3.669136277465037
2021-01-03 09:00:00,4,-34.800000000000004,-37.15105826998369,2.7,3.2185384136495916
2021-01-03 09:00:00,8,-33.1,-36.76398496428146,3.1,3.4835542999169196
2021-01-03 12:00:00,1,-30.5,-32.947478252747004,3.3,3.3288082641681025
2021-01-03 12:00:00,2,-33.2,-34.348309419995076,2.9,3.2225032207873467
2021-01-03 12:00:00,4,-36.4,-38.687114503983324,3.3,2.9398184997095305
2021-01-03 12:00:00,8,-31.1,-35.74663468480091,3.1,3.436245907733324
2021-01-03 15:00:00,1,-33.2,-35.14878169656172,2.9,2.5729925928729696
2021-01-03 15:00:00,2,-34.800000000000004,-36.46196824141698,2.7,2.5866021372216976
2021-01-03 15:00:00,4,-38.0,-38.79765376582529,2.3,2.647021663555857
2021-01-03 15:00:00,8,-31.2,-36.0134938413713,2.5,3.0177285848983018
2021-01-03 18:00:00,1,-34.800000000000004,-37.852772916892185,2.7,2.6080158335088104
2021-01-03 18:00:00,2,-36.4,-38.09999553948889,3.3,2.662941357168628
2021-01-03 18:00:00,4,-35.1,-38.0571603146484,3.0,2.7812583662559733
2021-01-03 18:00:00,8,-53.29175178959221,-38.388239165433994,1.5,2.7626805026930485
2021-01-03 21:00:00,1,-36.4,-38.54736757302031,3.3,2.687194138709705
2021-01-03 21:00:00,2,-38.0,-37.71682302614497,2.3,2.8435652129832016
2021-01-03 21:00:00,4,-33.1,-36.0237278374292,3.1,3.107643330931705
2021-01-03 21:00:00,8,-53.29175178959221,-39.81086260561696,2.3,2.7682772533162385
2021-01-04 00:00:00,1,-38.0,-37.199627241700334,2.3,3.008457115469329
2021-01-04 00:00:00,2,-35.1,-35.782684231320275,3.0,3.1678175312084424
2021-01-04 00:00:00,4,-31.1,-34.02849920468861,3.1,3.309980355713571
2021-01-04 00:00:00,8,-53.29175178959221,-39.50324182605448,1.6999999999999997,2.794280962280402
2021-01-04 03:00:00,1,-35.1,-38.09768561331587,3.0,2.342836974171604
2021-01-04 03:00:00,2,-33.1,-36.92225885769398,3.1,2.614530917252404
2021-01-04 03:00:00,4,-31.2,-36.34159846407135,2.5,2.8170659464494485
2021-01-04 03:00:00,8,-53.29175178959221,-41.33388929971859,1.6999999999999997,2.511405035107842
2021-01-04 06:00:00,1,-33.1,-35.118408256839324,3.1,2.9988036604121513
2021-01-04 06:00:00,2,-31.1,-34.311563869519645,3.1,3.185463411689933
2021-01-04 06:00:00,4,-53.29175178959221,-36.003885240172465,1.5,3.0745201008870784
2021-01-04 06:00:00,8,-53.29175178959221,-39.75386521332264,1.1999999999999997,2.8311325512120478
2021-01-04 09:00:00,1,-31.1,-34.06722613288575,3.1,2.88681319498167
2021-01-04 09:00:00,2,-31.2,-34.667987063119426,2.5,2.938212069920787
2021-01-04 09:00:00,4,-53.29175178959221,-38.32606137102363,2.3,2.831090641566072
2021-01-04 09:00:00,8,-53.29175178959221,-37.70464079541088,1.1999999999999997,3.1489587237210324
2021-01-04 12:00:00,1,-31.2,-34.46644420327061,2.5,2.5845961261518586
2021-01-04 12:00:00,2,-53.29175178959221,-35.67545495102506,1.5,2.6363215870726555
2021-01-04 12:00:00,4,-53.29175178959221,-39.221720474343414,1.6999999999999997,2.6053665680254223
2021-01-04 12:00:00,8,-53.29175178959221,-36.802562028272746,0.6000000000000001,3.013202769694221
2021-01-04 15:00:00,1,-53.29175178959221,-35.38085074234276,1.5,2.4932152889915535
2021-01-04 15:00:00,2,-53.29175178959221,-36.7737679267198,2.3,2.5707874843246667
2021-01-04 15:00:00,4,-53.29175178959221,-39.59211274113178,1.6999999999999997,2.6777524180089767
2021-01-04 15:00:00,8,-53.29175178959221,-36.77879558262603,1.8,3.02499884207186
2021-01-04 18:00:00,1,-53.29175178959221,-51.9045360677161,2.3,1.3065093250096718
2021-01-04 18:00:00,2,-53.29175178959221,-51.49093342022816,1.6999999999999997,1.5442873805432074
2021-01-04 18:00:00,4,-53.29175178959221,-49.19527631899229,1.1999999999999997,2.1133312215836613
2021-01-04 18:00:00,8,-53.29175178959221,-47.20000085368737,2.1,2.5315395807499748
2021-01-04 21:00:00,1,-53.29175178959221,-49.44812497356718,1.6999999999999997,1.8666292907459814
2021-01-04 21:00:00,2,-53.29175178959221,-48.69827041328143,1.6999999999999997,2.096504018843022
2021-01-04 21:00:00,4,-53.29175178959221,-46.342428153184876,1.1999999999999997,2.592440588131411
2021-01-04 21:00:00,8,-53.29175178959221,-46.43555290610545,2.8,2.8359624512901727
2021-01-05 00:00:00,1,-53.29175178959221,-47.53585410428131,1.6999999999999997,1.6749691215175173
2021-01-05 00:00:00,2,-53.29175178959221,-46.41379305571509,1.1999999999999997,1.9126234742792165
2021-01-05 00:00:00,4,-53.29175178959221,-44.15447415170759,0.6000000000000001,2.3449654083294327
2021-01-05 00:00:00,8,-53.29175178959221,-45.9928201784468,2.8,2.521571483427018
2021-01-05 03:00:00,1,-53.29175178959221,-46.84303404209084,1.1999999999999997,1.7112818569094308
2021-01-05 03:00:00,2,-53.29175178959221,-45.48540231293357,1.1999999999999997,2.0308937749061613
2021-01-05 03:00:00,4,-53.29175178959221,-43.48931052000731,1.8,2.548143052098103
2021-01-05 03:00:00,8,-41.0,-46.02656988580699,3.1,2.6801416943908674
2021-01-05 06:00:00,1,-53.29175178959221,-47.40268678835638,1.1999999999999997,1.3528021014404428
2021-01-05 06:00:00,2,-53.29175178959221,-46.55639317059736,0.6000000000000001,1.7113577848176613
2021-01-05 06:00:00,4,-53.29175178959221,-45.257878187395654,2.1,2.2608929522572825
2021-01-05 06:00:00,8,-37.9,-45.65679148586186,3.2,2.5473166962541725
2021-01-05 09:00:00,1,-53.29175178959221,-46.68756577953227,0.6000000000000001,1.4303217230955254
2021-01-05 09:00:00,2,-53.29175178959221,-46.62423518353837,1.8,1.6836528428197866
2021-01-05 09:00:00,4,-53.29175178959221,-45.572095153518966,2.8,2.186943755174486
2021-01-05 09:00:00,8,-35.849999999999994,-42.82333776569558,4.2,2.5941236923106286
2021-01-05 12:00:00,1,-53.29175178959221,-48.01778100502894,1.8,1.051032388755333
2021-01-05 12:00:00,2,-53.29175178959221,-48.48131639751311,2.1,1.3060541841215705
2021-01-05 12:00:00,4,-53.29175178959221,-47.396583784723,2.8,1.9085322183813709
2021-01-05 12:00:00,8,-33.8,-42.032211107466516,4.3,2.4992422799879965
2021-01-05 15:00:00,1,-53.29175178959221,-48.48792555309176,2.1,1.8849422064325034
2021-01-05 15:00:00,2,-53.29175178959221,-48.67995599862388,2.8,1.9209175318502014
2021-01-05 15:00:00,4,-41.0,-46.574213681826464,3.1,2.3135301879187695
2021-01-05 15:00:00,8,-33.6,-42.08952191769136,3.4,2.7349283190331706
2021-01-05 18:00:00,1,-53.29175178959221,-49.70562518253167,2.8,2.1796773903726274
2021-01-05 18:00:00,2,-53.29175178959221,-49.48872664533956,2.8,2.2434443563688067
2021-01-05 18:00:00,4,-37.9,-47.306068326136675,3.2,2.6375015622195255
2021-01-05 18:00:00,8,-35.5,-45.724829114821574,2.6,2.914754025368598
2021-01-05 21:00:00,1,-53.29175178959221,-47.98038087940435,2.8,2.669828402350295
2021-01-05 21:00:00,2,-41.0,-46.85416398112946,3.1,2.64531541842708
2021-01-05 21:00:00,4,-35.849999999999994,-43.86104508013951,4.2,2.861655250399777
2021-01-05 21:00:00,8,-36.86666666666667,-45.60591546997615,2.5,2.905916208803136
2021-01-06 00:00:00,1,-41.0,-46.601358556613945,3.1,2.7230751940840383
2021-01-06 00:00:00,2,-37.9,-44.89387964639001,3.2,2.756429780304095
2021-01-06 00:00:00,4,-33.8,-41.81813153039666,4.3,2.949629195919357
2021-01-06 00:00:00,8,-38.233333333333334,-45.35907038989806,2.7,2.9029019668226708
2021-01-06 03:00:00,1,-37.9,-41.9099701890506,3.2,2.8821007058964687
2021-01-06 03:00:00,2,-35.849999999999994,-40.89635498670073,4.2,3.044091405141913
2021-01-06 03:00:00,4,-33.6,-40.5350525603986,3.4,3.1353738666065114
2021-01-06 03:00:00,8,-39.6,-44.9797957869085,2.3,2.903913396942914
2021-01-06 06:00:00,1,-35.849999999999994,-37.735907656360524,4.2,3.074420658788167
2021-01-06 06:00:00,2,-33.8,-37.275068018329364,4.3,3.1978490450797254
2021-01-06 06:00:00,4,-35.5,-38.97084779373281,2.6,3.079651099910272
2021-01-06 06:00:00,8,-37.266666666666666,-41.40196799723471,1.3000000000000003,3.0368625777328875
2021-01-06 09:00:00,1,-33.8,-35.25238397487472,4.3,3.78980698505733
2021-01-06 09:00:00,2,-33.6,-36.0970690741742,3.4,3.6346455452698563
2021-01-06 09:00:00,4,-36.86666666666667,-40.18587040174543,2.5,3.2357062522341433
2021-01-06 09:00:00,8,-34.93333333333334,-38.45998809499172,2.6,3.727803210121101
2021-01-06 12:00:00,1,-33.6,-35.275353546426814,3.4,3.5483408940079832
2021-01-06 12:00:00,2,-35.5,-36.85778266512643,2.6,3.387550218289672
2021-01-06 12:00:00,4,-38.233333333333334,-40.929513883249356,2.7,3.084877542020357
2021-01-06 12:00:00,8,-32.6,-37.37720047462334,3.1,3.600668356200827
2021-01-06 15:00:00,1,-35.5,-37.29350275665219,2.6,2.85081808778451
2021-01-06 15:00:00,2,-36.86666666666667,-38.58773436147005,2.5,2.8240573391847725
2021-01-06 15:00:00,4,-39.6,-40.63154061193915,2.3,2.8622996778568517
2021-01-06 15:00:00,8,-32.0,-37.94748853599805,2.3,3.203972998787627
2021-01-06 18:00:00,1,-36.86666666666667,-39.27870489761992,2.5,2.6328429798163615
2021-01-06 18:00:00,2,-38.233333333333334,-39.49716512070723,2.7,2.6933479783674406
2021-01-06 18:00:00,4,-37.266666666666666,-39.54062141740086,1.3000000000000003,2.8231473240093714
2021-01-06 18:00:00,8,-53.29175178959221,-40.01896346547416,1.4,2.8372416019351525
2021-01-06 21:00:00,1,-38.233333333333334,-40.047934810270576,2.7,2.61648968666024
2021-01-06 21:00:00,2,-39.6,-39.208719754485,2.3,2.777815856748185
2021-01-06 21:00:00,4,-34.93333333333334,-37.6627782469065,2.6,3.0480383233658954
2021-01-06 21:00:00,8,-53.29175178959221,-41.22072165026614,1.6999999999999997,2.8142984168505722
2021-01-07 00:00:00,1,-39.6,-38.98294932835606,2.3,2.6935015937491906
2021-01-07 00:00:00,2,-37.266666666666666,-37.600637918547605,1.3000000000000003,2.8883282340157033
2021-01-07 00:00:00,4,-32.6,-35.93092154594608,3.1,3.106130744625044
2021-01-07 00:00:00,8,-53.29175178959221,-41.09342065339946,2.2,2.7413461468044242
2021-01-07 03:00:00,1,-37.266666666666666,-39.218744805255895,1.3000000000000003,2.3393116584549096
2021-01-07 03:00:00,2,-34.93333333333334,-38.08595153419738,2.6,2.5946753426888263
2021-01-07 03:00:00,4,-32.0,-37.58390932656842,2.3,2.797601528581643
2021-01-07 03:00:00,8,-53.29175178959221,-42.30712834710586,1.4,2.5907795584985465
2021-01-07 06:00:00,1,-34.93333333333334,-37.745353424335676,2.6,1.8875924316787762
2021-01-07 06:00:00,2,-32.6,-37.27951206843392,3.1,2.199044765548734
2021-01-07 06:00:00,4,-53.29175178959221,-38.704719225166,1.4,2.445302006249727
2021-01-07 06:00:00,8,-53.29175178959221,-41.31604104920139,0.8000000000000003,2.551647892873252
2021-01-07 09:00:00,1,-32.6,-34.73335379491027,3.1,2.8271968302217223
2021-01-07 09:00:00,2,-32.0,-35.194514776382846,2.3,2.8845584453641515
2021-01-07 09:00:00,4,-53.29175178959221,-38.52589520252485,1.6999999999999997,2.7739372949696737
2021-01-07 09:00:00,8,-53.29175178959221,-38.04524611028248,1.4,3.0609187678430327
2021-01-07 12:00:00,1,-32.0,-34.73751829063082,2.3,2.889621354542675
2021-01-07 12:00:00,2,-53.29175178959221,-36.13920973606061,1.4,2.8774298065362816
2021-01-07 12:00:00,4,-53.29175178959221,-39.99666828284844,2.2,2.7600261184742747
2021-01-07 12:00:00,8,-53.29175178959221,-37.07980360410491,1.5999999999999999,3.2007431567390925
2021-01-07 15:00:00,1,-53.29175178959221,-36.35580530258654,1.4,2.3661427896662097
2021-01-07 15:00:00,2,-53.29175178959221,-37.53227822564549,1.6999999999999997,2.4229506216240306
2021-01-07 15:00:00,4,-53.29175178959221,-39.834734244408175,1.4,2.5070725588049156
2021-01-07 15:00:00,8,-32.2,-37.520611873620034,2.6,2.8298310594199125
2021-01-07 18:00:00,1,-53.29175178959221,-52.09299435940384,1.6999999999999997,1.4259023349313522
2021-01-07 18:00:00,2,-53.29175178959221,-51.60769727024552,2.2,1.6363013412866094
2021-01-07 18:00:00,4,-53.29175178959221,-48.83989533007413,0.8000000000000003,2.203586150239615
2021-01-07 18:00:00,8,-34.175000000000004,-46.604275504870806,1.6999999999999997,2.6196071031508357
2021-01-07 21:00:00,1,-53.29175178959221,-49.87844815242949,2.2,1.550507923721446
2021-01-07 21:00:00,2,-53.29175178959221,-49.051372097318634,1.4,1.7497231330994936
2021-01-07 21:00:00,4,-53.29175178959221,-46.24056948726699,1.4,2.239252432008363
2021-01-07 21:00:00,8,-36.150000000000006,-46.08990840731179,2.6,2.512617428912159
2021-01-08 00:00:00,1,-53.29175178959221,-48.47954864833485,1.4,1.9759809414444887
2021-01-08 00:00:00,2,-53.29175178959221,-47.15663497986795,0.8000000000000003,2.204301386869534
2021-01-08 00:00:00,4,-53.29175178959221,-44.47443927472684,1.5999999999999999,2.6634028964759624
2021-01-08 00:00:00,8,-38.125,-46.66237022017246,2.5,2.778278142537763
2021-01-08 03:00:00,1,-53.29175178959221,-48.12510359020232,0.8000000000000003,1.452568813487725
2021-01-08 03:00:00,2,-53.29175178959221,-46.81334832056313,1.4,1.819406824000668
2021-01-08 03:00:00,4,-32.2,-44.47550417518964,2.6,2.439298582764125
2021-01-08 03:00:00,8,-40.1,-46.37232173924812,2.0,2.6390616034688303
2021-01-08 06:00:00,1,-53.29175178959221,-48.22318178742718,1.4,1.1848971300173763
2021-01-08 06:00:00,2,-53.29175178959221,-47.169265362217644,1.5999999999999999,1.5868901886023572
2021-01-08 06:00:00,4,-34.175000000000004,-44.95385703077779,1.6999999999999997,2.2513377662554905
2021-01-08 06:00:00,8,-36.7,-44.91352338537358,2.5,2.5808677672648397
2021-01-08 09:00:00,1,-53.29175178959221,-46.61083530613166,1.5999999999999999,1.6057894127712553
2021-01-08 09:00:00,2,-32.2,-46.50118045925456,2.6,1.8044287644183405
2021-01-08 09:00:00,4,-36.150000000000006,-44.89056678283931,2.6,2.2972712714463333
2021-01-08 09:00:00,8,-34.8,-41.83290396218877,2.8,2.678775845165281
2021-01-08 12:00:00,1,-32.2,-46.85898521350213,2.6,1.7365933635529138
2021-01-08 12:00:00,2,-34.175000000000004,-47.46375969449901,1.6999999999999997,1.8219088192013784
2021-01-08 12:00:00,4,-38.125,-45.9702641744628,2.5,2.2770595182121234
2021-01-08 12:00:00,8,-32.9,-40.25381652707945,3.8,2.760877694754015
2021-01-08 15:00:00,1,-34.175000000000004,-36.05101320990968,1.6999999999999997,2.7417929164273627
2021-01-08 15:00:00,2,-36.150000000000006,-37.15679345786182,2.6,2.717075876250777
2021-01-08 15:00:00,4,-40.1,-38.773228782273975,2.0,2.766371804068677
2021-01-08 15:00:00,8,-32.7,-36.53205857769639,3.2,3.1072794741579934
2021-01-08 18:00:00,1,-36.150000000000006,-37.31483246795169,2.6,2.176055138604555
2021-01-08 18:00:00,2,-38.125,-37.92091069548947,2.5,2.2968251949854785
2021-01-08 18:00:00,4,-36.7,-38.46309921826531,2.5,2.575500240010669
2021-01-08 18:00:00,8,-34.300000000000004,-37.425865993472605,1.8,2.776900349596276
2021-01-08 21:00:00,1,-38.125,-38.425663427841734,2.5,2.5919100525366816
2021-01-08 21:00:00,2,-40.1,-37.62972598450435,2.0,2.7231409378416562
2021-01-08 21:00:00,4,-34.8,-36.20208065242308,2.8,2.9458665521692815
2021-01-08 21:00:00,8,-35.900000000000006,-39.16684855996875,2.5,2.7660236234220856
2021-01-09 00:00:00,1,-40.1,-38.71938574331262,2.0,2.5625061169518273
2021-01-09 00:00:00,2,-36.7,-37.3506197521108,2.5,2.759777966448358
2021-01-09 00:00:00,4,-32.9,-35.623852670141716,3.8,2.9874216190790417
2021-01-09 00:00:00,8,-37.5,-40.248639006967366,2.8,2.704775928358546
2021-01-09 03:00:00,1,-36.7,-39.30601909013998,2.5,2.1017513624559347
2021-01-09 03:00:00,2,-34.8,-38.29453657071967,2.8,2.352477472429835
2021-01-09 03:00:00,4,-32.7,-37.69619220080549,3.2,2.600198138249716
2021-01-09 03:00:00,8,-39.1,-41.6033314523371,2.0,2.5944806174635047
2021-01-09 06:00:00,1,-34.8,-36.00438382685735,2.8,2.7587642968813837
2021-01-09 06:00:00,2,-32.9,-35.47814287298784,3.8,2.9531211865358795
2021-01-09 06:00:00,4,-34.300000000000004,-37.327637211540896,1.8,2.9195324181718982
2021-01-09 06:00:00,8,-36.650000000000006,-40.23049246904042,1.6999999999999997,2.8540657654266566
2021-01-09 09:00:00,1,-32.9,-34.73804137434935,3.8,2.8134144752335453
2021-01-09 09:00:00,2,-32.7,-35.604399143419435,3.2,2.8544880077758683
2021-01-09 09:00:00,4,-35.900000000000006,-39.330152991291456,2.5,2.7909942542809354
2021-01-09 09:00:00,8,-34.2,-37.887137932097595,3.0,3.1979934094136677
2021-01-09 12:00:00,1,-32.7,-34.36652512601703,3.2,3.3353397705210606
2021-01-09 12:00:00,2,-34.300000000000004,-35.86151280360294,1.8,3.208007228774059
2021-01-09 12:00:00,4,-37.5,-39.94921032365794,2.8,2.931646598625734
2021-01-09 12:00:00,8,-32.6,-36.590197243558414,2.1,3.4513666520645456
2021-01-09 15:00:00,1,-34.300000000000004,-36.04771043337283,1.8,2.7483829683163017
2021-01-09 15:00:00,2,-35.900000000000006,-37.433034978320265,2.5,2.729792307914911
2021-01-09 15:00:00,4,-39.1,-39.78720135311474,2.0,2.7698686468197846
2021-01-09 15:00:00,8,-53.29175178959221,-36.85662121753101,0.8000000000000003,3.136576502821498
2021-01-09 18:00:00,1,-35.900000000000006,-38.478539554474885,2.5,2.2472229428468036
2021-01-09 18:00:00,2,-37.5,-38.830848687423405,2.8,2.3539256479828845
2021-01-09 18:00:00,4,-36.650000000000006,-38.9282517752209,1.6999999999999997,2.6055711041602345
2021-01-09 18:00:00,8,-53.29175178959221,-38.61580219802536,0.5,2.7645134898427974
2021-01-09 21:00:00,1,-37.5,-38.90709210215498,2.8,2.6584008256003115
2021-01-09 21:00:00,2,-39.1,-37.92402037776107,2.0,2.8224660523215466
2021-01-09 21:00:00,4,-34.2,-36.25690069072648,3.0,3.068554854636233
2021-01-09 21:00:00,8,-53.29175178959221,-40.096146413496314,0.6999999999999997,2.747451891677592
2021-01-10 00:00:00,1,-39.1,-38.39038481738136,2.0,2.710981541891908
2021-01-10 00:00:00,2,-36.650000000000006,-36.96679590587218,1.6999999999999997,2.9055974608850166
2021-01-10 00:00:00,4,-32.6,-35.28095328011887,2.1,3.105535584996063
2021-01-10 00:00:00,8,-53.29175178959221,-40.467576201709875,0.3999999999999999,2.693371812479083
2021-01-10 03:00:00,1,-36.650000000000006,-38.9093530342607,1.6999999999999997,2.1218756706272943
2021-01-10 03:00:00,2,-34.2,-37.84919490897726,3.0,2.3919520933260134
2021-01-10 03:00:00,4,-53.29175178959221,-37.36490584573486,0.8000000000000003,2.6364266277883956
2021-01-10 03:00:00,8,-53.29175178959221,-41.63972467782855,0.8999999999999999,2.5608415681883847
2021-01-10 06:00:00,1,-34.2,-36.995532367345945,3.0,2.076471527987654
2021-01-10 06:00:00,2,-32.6,-36.417794325737596,2.1,2.371968763658419
2021-01-10 06:00:00,4,-53.29175178959221,-37.79019164192758,0.5,2.5889292422967083
2021-01-10 06:00:00,8,-53.29175178959221,-40.54624049976688,0.5,2.652530595875075
2021-01-10 09:00:00,1,-32.6,-34.67443122397144,2.1,3.030994747414863
2021-01-10 09:00:00,2,-53.29175178959221,-35.30154087539897,0.8000000000000003,3.044654146113447
2021-01-10 09:00:00,4,-53.29175178959221,-39.16853741428864,0.6999999999999997,2.8003167511032903
2021-01-10 09:00:00,8,-53.29175178959221,-38.1671159706887,0.8999999999999999,3.1906475175927604
2021-01-10 12:00:00,1,-53.29175178959221,-35.34662694533133,0.8000000000000003,2.4022273147721496
2021-01-10 12:00:00,2,-53.29175178959221,-36.74271289306114,0.5,2.494696309763332
2021-01-10 12:00:00,4,-53.29175178959221,-40.09830071145556,0.3999999999999999,2.5561781869707962
2021-01-10 12:00:00,8,-53.29175178959221,-37.2106696398687,1.4,2.9165248945316273
2021-01-10 15:00:00,1,-53.29175178959221,-50.9402194794289,0.5,1.0980624763623767
2021-01-10 15:00:00,2,-53.29175178959221,-51.27009401281018,0.6999999999999997,1.4429298081939819
2021-01-10 15:00:00,4,-53.29175178959221,-49.972701930400945,0.8999999999999999,2.1626321081764663
2021-01-10 15:00:00,8,-53.29175178959221,-45.14362906595765,1.5999999999999999,2.7882332297416124
2021-01-10 18:00:00,1,-53.29175178959221,-50.80658726024035,0.6999999999999997,1.0726628848141209
2021-01-10 18:00:00,2,-53.29175178959221,-50.391814113863305,0.3999999999999999,1.4459620190684594
2021-01-10 18:00:00,4,-53.29175178959221,-48.10719878035743,0.5,2.171613889174669
2021-01-10 18:00:00,8,-53.29175178959221,-45.5158787842975,1.1,2.6841633141593944
2021-01-10 21:00:00,1,-53.29175178959221,-50.27517563101816,0.3999999999999999,1.307706255967509
2021-01-10 21:00:00,2,-53.29175178959221,-49.11073237260872,0.8999999999999999,1.6464385701579554
2021-01-10 21:00:00,4,-53.29175178959221,-45.934311895577046,0.8999999999999999,2.3106145349146514
2021-01-10 21:00:00,8,-53.29175178959221,-46.12412860181827,1.1999999999999997,2.646399417285456
2021-01-11 00:00:00,1,-53.29175178959221,-49.220716488438114,0.8999999999999999,1.0910779619277284
2021-01-11 00:00:00,2,-53.29175178959221,-47.881346937616634,0.5,1.5249549833922411
2021-01-11 00:00:00,4,-53.29175178959221,-45.08084677121691,1.4,2.2798837804615317
2021-01-11 00:00:00,8,-53.29175178959221,-46.325891934969945,0.8999999999999999,2.5818965264371716
2021-01-11 03:00:00,1,-53.29175178959221,-47.30089080602459,0.5,1.4127892012747778
2021-01-11 03:00:00,2,-53.29175178959221,-45.87258441428526,0.8999999999999999,1.776959497528878
2021-01-11 03:00:00,4,-53.29175178959221,-43.370131730797674,1.5999999999999999,2.388657333982345
2021-01-11 03:00:00,8,-53.29175178959221,-45.23981306608055,0.6999999999999997,2.587937167394645
2021-01-11 06:00:00,1,-53.29175178959221,-47.18185827851587,0.8999999999999999,1.1122038359896802
2021-01-11 06:00:00,2,-53.29175178959221,-46.3513508374415,1.4,1.5260621232001763
2021-01-11 06:00:00,4,-53.29175178959221,-44.62275512396052,1.1,2.18287766639229
2021-01-11 06:00:00,8,-53.29175178959221,-44.11526592884932,0.10000000000000009,2.5428030380466344
2021-01-11 09:00:00,1,-53.29175178959221,-46.318884342343985,1.4,1.4092751894320616
2021-01-11 09:00:00,2,-53.29175178959221,-46.28234845765656,1.5999999999999999,1.65277108567277
2021-01-11 09:00:00,4,-53.29175178959221,-44.78319844585307,1.1999999999999997,2.1999975968128354
2021-01-11 09:00:00,8,-53.29175178959221,-41.23655826202007,0.5,2.637476181823235
2021-01-11 12:00:00,1,-53.29175178959221,-47.30557298170625,1.5999999999999999,1.5561261623692264
2021-01-11 12:00:00,2,-53.29175178959221,-47.86298316864129,1.1,1.6852364515799327
2021-01-11 12:00:00,4,-53.29175178959221,-46.34408746696419,0.8999999999999999,2.209362963044051
2021-01-11 12:00:00,8,-53.29175178959221,-40.705207515131505,0.6000000000000001,2.7330127922753173
2021-01-11 15:00:00,1,-53.29175178959221,-49.982850547091566,1.1,1.825942382685807
2021-01-11 15:00:00,2,-53.29175178959221,-50.48772612486258,1.1999999999999997,1.9242080255810476
2021-01-11 15:00:00,4,-53.29175178959221,-49.014602770310546,0.6999999999999997,2.3958720848690582
2021-01-11 15:00:00,8,-53.29175178959221,-44.383422707702174,0.8999999999999999,2.884674203432107
2021-01-11 18:00:00,1,-53.29175178959221,-49.997839309305846,1.1999999999999997,1.6064379992008317
2021-01-11 18:00:00,2,-53.29175178959221,-49.71568337634808,0.8999999999999999,1.7821247280949681
2021-01-11 18:00:00,4,-53.29175178959221,-47.274251722931886,0.10000000000000009,2.338229045920701
2021-01-11 18:00:00,8,-53.29175178959221,-44.89340915924373,1.4,2.7604046382920613
2021-01-11 21:00:00,1,-53.29175178959221,-48.621922525906356,0.8999999999999999,1.6665274737428932
2021-01-11 21:00:00,2,-53.29175178959221,-47.49399551853237,0.6999999999999997,1.8690169675230637
2021-01-11 21:00:00,4,-53.29175178959221,-44.32947447559633,0.5,2.393653433000045
2021-01-11 21:00:00,8,-53.29175178959221,-45.19607289199697,1.5999999999999999,2.6211012406820418
2021-01-12 00:00:00,1,-53.29175178959221,-46.779962105952244,0.6999999999999997,1.4524090662875433
2021-01-12 00:00:00,2,-53.29175178959221,-45.407932605517516,0.10000000000000009,1.7433174623247827
2021-01-12 00:00:00,4,-53.29175178959221,-42.86312166884463,0.6000000000000001,2.315776459630804
2021-01-12 00:00:00,8,-53.29175178959221,-45.27191859018222,1.9,2.477235983439596
2021-01-12 03:00:00,1,-53.29175178959221,-45.9714616471077,0.10000000000000009,1.379406941891539
2021-01-12 03:00:00,2,-53.29175178959221,-44.52320494321368,0.5,1.6948903865185527
2021-01-12 03:00:00,4,-53.29175178959221,-42.30041399838271,0.8999999999999999,2.268737094315873
2021-01-12 03:00:00,8,-53.29175178959221,-44.98318934657005,0.0,2.412485153846036
2021-01-12 06:00:00,1,-53.29175178959221,-46.9030341222598,0.5,0.883900133094961
2021-01-12 06:00:00,2,-53.29175178959221,-45.93654761014813,0.6000000000000001,1.309744792335115
2021-01-12 06:00:00,4,-53.29175178959221,-44.46238529316892,1.4,1.9987683783409078
2021-01-12 06:00:00,8,-53.29175178959221,-44.8662952659988,0.0,2.345280317196013
2021-01-12 09:00:00,1,-53.29175178959221,-46.50762750211053,0.6000000000000001,1.28873494294192
2021-01-12 09:00:00,2,-53.29175178959221,-46.279884344271736,0.8999999999999999,1.5629174445430412
2021-01-12 09:00:00,4,-53.29175178959221,-45.094589607094726,1.5999999999999999,2.1459999505821106
2021-01-12 09:00:00,8,-53.29175178959221,-42.66556678197388,1.3000000000000003,2.560915896491807
2021-01-12 12:00:00,1,-53.29175178959221,-47.626804385214925,0.8999999999999999,1.333650352992486
2021-01-12 12:00:00,2,-53.29175178959221,-48.10893698899511,1.4,1.5102539753626991
2021-01-12 12:00:00,4,-53.29175178959221,-47.05320165903704,1.9,2.0764649162877804
2021-01-12 12:00:00,8,-53.29175178959221,-41.989533672342766,1.1999999999999997,2.6151305557748485
2021-01-12 15:00:00,1,-53.29175178959221,-48.20207975444043,1.4,1.5762193315669863
2021-01-12 15:00:00,2,-53.29175178959221,-48.60634529450873,1.5999999999999999,1.6537442852380961
2021-01-12 15:00:00,4,-53.29175178959221,-46.96083343215567,0.0,2.140344067901176
2021-01-12 15:00:00,8,-33.1,-41.861577740076434,2.0,2.648856623551536
2021-01-12 18:00:00,1,-53.29175178959221,-46.31170454998148,1.5999999999999999,1.9704412967129528
2021-01-12 18:00:00,2,-53.29175178959221,-46.08773033281988,1.9,1.9590365409915664
2021-01-12 18:00:00,4,-53.29175178959221,-43.661401460899576,0.0,2.316317445976947
2021-01-12 18:00:00,8,-34.875,-41.289618836906584,1.3000000000000003,2.6075221954649908
2021-01-12 21:00:00,1,-53.29175178959221,-44.59895985827421,1.9,2.1024486835120015
2021-01-12 21:00:00,2,-53.29175178959221,-43.44831257269058,0.0,2.1215605484800735
2021-01-12 21:00:00,4,-53.29175178959221,-40.33201970450304,1.3000000000000003,2.425011552458952
2021-01-12 21:00:00,8,-36.650000000000006,-41.209389610699915,1.9,2.5457897135042376
2021-01-13 00:00:00,1,-53.29175178959221,-43.114923075230976,0.0,2.2654739005070867
2021-01-13 00:00:00,2,-53.29175178959221,-41.21861994887915,0.0,2.290680259794509
2021-01-13 00:00:00,4,-53.29175178959221,-37.80281337826539,1.1999999999999997,2.478986590941721
2021-01-13 00:00:00,8,-38.425000000000004,-40.94809848577805,1.9,2.503837198119793
2021-01-13 03:00:00,1,-53.29175178959221,-43.51203368022092,0.0,0.9756214727987773
2021-01-13 03:00:00,2,-53.29175178959221,-41.96630904344032,1.3000000000000003,1.31676940353029
2021-01-13 03:00:00,4,-33.1,-39.78122119490011,2.0,1.908085715359234
2021-01-13 03:00:00,8,-40.2,-42.18355161985501,2.0,2.106654791035078
2021-01-13 06:00:00,1,-53.29175178959221,-41.56429470871438,1.3000000000000003,1.3230731261585564
2021-01-13 06:00:00,2,-53.29175178959221,-40.166356352940014,1.1999999999999997,1.6210662785317598
2021-01-13 06:00:00,4,-34.875,-38.22327758183495,1.3000000000000003,2.134378288448728
2021-01-13 06:00:00,8,-38.400000000000006,-39.59515037330441,1.0,2.3271523158253222
2021-01-13 09:00:00,1,-53.29175178959221,-42.10765116359455,1.1999999999999997,2.2863506627802375
2021-01-13 09:00:00,2,-33.1,-41.95409150815773,2.0,2.2407923182370846
2021-01-13 09:00:00,4,-36.650000000000006,-41.67282881630197,1.9,2.2898477188119863
2021-01-13 09:00:00,8,-36.6,-38.8893187837407,1.5,2.61650717567281
2021-01-13 12:00:00,1,-33.1,-42.872591933853435,2.0,2.1464419747107844
2021-01-13 12:00:00,2,-34.875,-43.54412479430279,1.3000000000000003,2.0665034306646985
2021-01-13 12:00:00,4,-38.425000000000004,-43.12268431189217,1.9,2.27640570640684
2021-01-13 12:00:00,8,-34.8,-37.77925443690371,1.9,2.684986897354991
2021-01-13 15:00:00,1,-34.875,-39.399653957761274,1.3000000000000003,2.6824063082380363
2021-01-13 15:00:00,2,-36.650000000000006,-40.481745574173594,1.9,2.7395606679174795
2021-01-13 15:00:00,4,-40.2,-42.19526408394381,2.0,2.8470356089348132
2021-01-13 15:00:00,8,-33.0,-40.52782449446978,2.3,3.07942902144273
2021-01-13 18:00:00,1,-36.650000000000006,-38.01259588743259,1.9,2.154049161977116
2021-01-13 18:00:00,2,-38.425000000000004,-38.693160948289005,1.9,2.3095942003276426
2021-01-13 18:00:00,4,-38.400000000000006,-39.47137118527546,1.0,2.614447417881414
2021-01-13 18:00:00,8,-53.29175178959221,-38.51503004759996,1.5,2.812286327282462
2021-01-13 21:00:00,1,-38.425000000000004,-38.92543173434716,1.9,2.353031042333803
2021-01-13 21:00:00,2,-40.2,-38.33148242047024,2.0,2.5033728861641245
2021-01-13 21:00:00,4,-36.6,-37.37264402636439,1.5,2.7489047594047458
2021-01-13 21:00:00,8,-53.29175178959221,-39.395035546417205,1.8,2.7869155819409146
2021-01-14 00:00:00,1,-40.2,-39.02140678918305,2.0,2.230796174509824
2021-01-14 00:00:00,2,-38.400000000000006,-37.879960301238064,1.0,2.450999905216957
2021-01-14 00:00:00,4,-34.8,-36.787683682835144,1.9,2.7065085136464986
2021-01-14 00:00:00,8,-53.29175178959221,-40.48242860911184,1.5,2.6932274214850604
2021-01-14 03:00:00,1,-38.400000000000006,-39.121096747121896,1.0,2.1287601564412686
2021-01-14 03:00:00,2,-36.6,-38.236818677435636,1.5,2.3907760638710043
2021-01-14 03:00:00,4,-33.0,-37.97130541671404,2.3,2.6344967579074288
2021-01-14 03:00:00,8,-53.29175178959221,-41.57198605677958,1.4,2.6379035962279933
2021-01-14 06:00:00,1,-36.6,-38.28178226219975,1.5,1.817182093633384
2021-01-14 06:00:00,2,-34.8,-38.11534797457772,1.9,2.179067940940693
2021-01-14 06:00:00,4,-53.29175178959221,-39.72412869647515,1.5,2.5315370213822814
2021-01-14 06:00:00,8,-53.29175178959221,-41.82489415268612,1.0,2.661750931270345
2021-01-14 09:00:00,1,-34.8,-36.34516350296846,1.9,2.156859560984852
2021-01-14 09:00:00,2,-33.0,-36.948306409474135,2.3,2.3714549705940158
2021-01-14 09:00:00,4,-53.29175178959221,-39.809827966195726,1.8,2.542493674476723
2021-01-14 09:00:00,8,-53.29175178959221,-39.088718873646116,1.1999999999999997,2.795978782823856
2021-01-14 12:00:00,1,-33.0,-35.21152004074209,2.3,2.5642979942580046
2021-01-14 12:00:00,2,-53.29175178959221,-36.74823048964037,1.5,2.601174430384338
2021-01-14 12:00:00,4,-53.29175178959221,-40.39576675006901,1.5,2.6362937539489923
2021-01-14 12:00:00,8,-53.29175178959221,-37.00461212081832,1.6999999999999997,3.0585490066398027
2021-01-14 15:00:00,1,-53.29175178959221,-35.90852981618774,1.5,2.521041481033892
2021-01-14 15:00:00,2,-53.29175178959221,-37.406073831285156,1.8,2.586236360922216
2021-01-14 15:00:00,4,-53.29175178959221,-40.3781216808309,1.4,2.6790122667559375
2021-01-14 15:00:00,8,-53.29175178959221,-37.407478808215096,1.5,3.038240423994535
2021-01-14 18:00:00,1,-53.29175178959221,-51.7956548137454,1.8,1.4582002755352534
2021-01-14 18:00:00,2,-53.29175178959221,-51.72245245356618,1.5,1.7131847467892993
2021-01-14 18:00:00,4,-53.29175178959221,-49.953047744153025,1.0,2.3087561140484514
2021-01-14 18:00:00,8,-53.29175178959221,-47.120124672965666,1.1,2.789071742582086
2021-01-14 21:00:00,1,-53.29175178959221,-50.49894216376947,1.5,1.6490800508979433
2021-01-14 21:00:00,2,-53.29175178959221,-49.68676534862491,1.4,1.900141864600931
2021-01-14 21:00:00,4,-53.29175178959221,-47.07043532221002,1.1999999999999997,2.449874529914208
2021-01-14 21:00:00,8,-53.29175178959221,-46.87614142281871,2.0,2.7447464267452752
2021-01-15 00:00:00,1,-53.29175178959221,-49.235966612386406,1.4,1.5789386597409742
2021-01-15 00:00:00,2,-53.29175178959221,-47.923868024025616,1.0,1.8981711514771935
2021-01-15 00:00:00,4,-53.29175178959221,-45.19098471400761,1.6999999999999997,2.4947583744298916
2021-01-15 00:00:00,8,-53.29175178959221,-46.91889234904341,2.6,2.700355793712129
2021-01-15 03:00:00,1,-53.29175178959221,-48.35965079913748,1.0,1.5484898622953853
2021-01-15 03:00:00,2,-53.29175178959221,-46.97581156698035,1.1999999999999997,1.8842665333615078
2021-01-15 03:00:00,4,-53.29175178959221,-44.559802070485226,1.5,2.471561865263848
2021-01-15 03:00:00,8,-42.0,-46.550323670260006,2.1,2.6553954880866124
2021-01-15 06:00:00,1,-53.29175178959221,-48.261154351088095,1.1999999999999997,1.3490195692705855
2021-01-15 06:00:00,2,-53.29175178959221,-47.37045949958744,1.6999999999999997,1.7216477226280331
2021-01-15 06:00:00,4,-53.29175178959221,-45.59993098875559,1.1,2.340558497082764
2021-01-15 06:00:00,8,-39.96666666666667,-45.48298215010912,1.9,2.668062438642011
2021-01-15 09:00:00,1,-53.29175178959221,-47.69035149175624,1.6999999999999997,1.4561561938709788
2021-01-15 09:00:00,2,-53.29175178959221,-47.62089627709927,1.5,1.70541663927926
2021-01-15 09:00:00,4,-53.29175178959221,-46.14255685563219,2.0,2.2671761999440037
2021-01-15 09:00:00,8,-37.93333333333333,-42.92112992402752,3.3,2.70036763078771
2021-01-15 12:00:00,1,-53.29175178959221,-47.54944203244633,1.5,1.811966955397277
2021-01-15 12:00:00,2,-53.29175178959221,-48.102330355169926,1.1,1.89375368283879
2021-01-15 12:00:00,4,-53.29175178959221,-46.59256087927904,2.6,2.3510447597232655
2021-01-15 12:00:00,8,-35.9,-41.08414060065194,4.5,2.8362369434752646
2021-01-15 15:00:00,1,-53.29175178959221,-48.88139762808365,1.1,1.6701534579221853
2021-01-15 15:00:00,2,-53.29175178959221,-49.170559892790635,2.0,1.765344660376011
2021-01-15 15:00:00,4,-42.0,-46.95350773834275,2.1,2.287355427880446
2021-01-15 15:00:00,8,-35.8,-41.73172256720122,4.2,2.7984239387337135
2021-01-15 18:00:00,1,-53.29175178959221,-50.730460566669116,2.0,1.5766751122970106
2021-01-15 18:00:00,2,-53.29175178959221,-50.28124423072927,2.6,1.7692103719958963
2021-01-15 18:00:00,4,-39.96666666666667,-47.700762731057615,1.9,2.344531168944159
2021-01-15 18:00:00,8,-37.7,-45.823961404994385,2.4,2.7538014163235345
2021-01-15 21:00:00,1,-53.29175178959221,-48.48221198024333,2.6,2.149081749205643
2021-01-15 21:00:00,2,-42.0,-47.31622811059264,2.1,2.230633121459705
2021-01-15 21:00:00,4,-37.93333333333333,-44.00696598408338,3.3,2.611569835471732
2021-01-15 21:00:00,8,-39.800000000000004,-45.248438903929404,2.4,2.7431173892085754
2021-01-16 00:00:00,1,-42.0,-46.27413258487085,2.1,2.5933857412924324
2021-01-16 00:00:00,2,-39.96666666666667,-44.551563862168834,1.9,2.632878810964066
2021-01-16 00:00:00,4,-35.9,-41.06568208579645,4.5,2.8761514023735453
2021-01-16 00:00:00,8,-41.9,-44.25024674576537,2.5,2.852755849049198
2021-01-16 03:00:00,1,-39.96666666666667,-42.298511155268876,1.9,2.369601028621279
2021-01-16 03:00:00,2,-37.93333333333333,-41.53117976272612,3.3,2.602398021422312
2021-01-16 03:00:00,4,-35.8,-41.29899399578475,4.2,2.8516904056065977
2021-01-16 03:00:00,8,-44.0,-45.10408076663223,2.0,2.8253134022003534
2021-01-16 06:00:00,1,-37.93333333333333,-39.82487058585898,3.3,2.277083512284247
2021-01-16 06:00:00,2,-35.9,-39.386372242516885,4.5,2.5222053534923594
2021-01-16 06:00:00,4,-37.7,-40.282970879127255,2.4,2.7463072677969844
2021-01-16 06:00:00,8,-40.5,-42.69485658820774,2.1,2.813874308295751
2021-01-16 09:00:00,1,-35.9,-36.29083916934598,4.5,3.3653293747463677
2021-01-16 09:00:00,2,-35.8,-37.11192786123231,4.2,3.275328623294442
2021-01-16 09:00:00,4,-39.800000000000004,-40.87973879287593,2.4,2.9889014668072944
2021-01-16 09:00:00,8,-38.53333333333333,-39.109366991009345,2.8,3.4256560706814896
2021-01-16 12:00:00,1,-35.8,-36.12811978482692,4.2,4.217951902671797
2021-01-16 12:00:00,2,-37.7,-37.58899894555976,2.4,3.891838604212663
2021-01-16 12:00:00,4,-41.9,-41.397170181144205,2.5,3.384536149599728
2021-01-16 12:00:00,8,-36.56666666666667,-37.71373495890305,3.0,3.9540847725974984
2021-01-16 15:00:00,1,-37.7,-37.96516818928365,2.4,3.5092729193141365
2021-01-16 15:00:00,2,-39.800000000000004,-39.58438897052204,2.4,3.309350884561453
2021-01-16 15:00:00,4,-44.0,-41.60168366657362,2.0,3.1961724459600607
2021-01-16 15:00:00,8,-34.6,-37.89837630653516,2.8,3.6197391646454875
2021-01-16 18:00:00,1,-39.800000000000004,-39.97875374624019,2.4,2.56530595856783
2021-01-16 18:00:00,2,-41.9,-40.45307683979286,2.5,2.6141740987398485
2021-01-16 18:00:00,4,-40.5,-40.47375377719568,2.1,2.7888625142731693
2021-01-16 18:00:00,8,-36.9,-40.09592882219742,2.1,2.9216697567964927
2021-01-16 21:00:00,1,-41.9,-42.35858796879323,2.5,2.575610826023078
2021-01-16 21:00:00,2,-44.0,-41.430688607686704,2.0,2.7100897622113207
2021-01-16 21:00:00,4,-38.53333333333333,-39.202647372143694,2.8,3.0272219195141754
2021-01-16 21:00:00,8,-39.13333333333333,-41.92343923455232,2.6,2.933797587211359
2021-01-17 00:00:00,1,-44.0,-41.848427876513156,2.0,2.763234445838138
2021-01-17 00:00:00,2,-40.5,-40.44527669607821,2.1,2.918346151246116
2021-01-17 00:00:00,4,-36.56666666666667,-38.096398798548236,3.0,3.190617258401805
2021-01-17 00:00:00,8,-41.36666666666667,-42.70411646692755,2.5,2.957533323158256
2021-01-17 03:00:00,1,-40.5,-41.703458754376705,2.1,2.3081122197929793
2021-01-17 03:00:00,2,-38.53333333333333,-40.756563384676355,2.8,2.5418557520792016
2021-01-17 03:00:00,4,-34.6,-39.79978994640703,2.8,2.8239945813561294
2021-01-17 03:00:00,8,-43.6,-43.60619595456668,2.6,2.7901079665768562
2021-01-17 06:00:00,1,-38.53333333333333,-39.5857507173926,2.8,2.5280125587881512
2021-01-17 06:00:00,2,-36.56666666666667,-39.0331639243332,3.0,2.750771658176429
2021-01-17 06:00:00,4,-36.9,-40.12993790991391,2.1,2.8542061574086586
2021-01-17 06:00:00,8,-40.3,-43.0493207396165,2.8,2.862618692375773
2021-01-17 09:00:00,1,-36.56666666666667,-37.20268072489475,3.0,3.056967210765106
2021-01-17 09:00:00,2,-34.6,-38.060088430670596,2.8,3.0530300501304533
2021-01-17 09:00:00,4,-39.13333333333333,-41.25508882697453,2.6,2.9745500790686705
2021-01-17 09:00:00,8,-38.099999999999994,-39.83121675857639,4.3,3.346584299160823
2021-01-17 12:00:00,1,-34.6,-36.845306469988536,2.8,3.048520124334134
2021-01-17 12:00:00,2,-36.9,-38.42097873040661,2.1,2.979200770088114
2021-01-17 12:00:00,4,-41.36666666666667,-41.77183069579564,2.5,2.9324418154960643
2021-01-17 12:00:00,8,-35.9,-38.35061028074517,4.9,3.3773996727082976
2021-01-17 15:00:00,1,-36.9,-37.115364650953246,2.1,2.739824549390677
2021-01-17 15:00:00,2,-39.13333333333333,-38.540417620473534,2.6,2.750394471362649
2021-01-17 15:00:00,4,-43.6,-40.994206226113825,2.6,2.826562107033817
2021-01-17 15:00:00,8,-35.7,-38.19374280526458,4.6,3.177658353308824
2021-01-17 18:00:00,1,-39.13333333333333,-39.9072958990823,2.6,2.4405943692991103
2021-01-17 18:00:00,2,-41.36666666666667,-40.29016580201054,2.5,2.5049049876494456
2021-01-17 18:00:00,4,-40.3,-40.460730001305606,2.8,2.684156809099841
2021-01-17 18:00:00,8,-37.8,-40.39708238487623,4.2,2.8304885503162547
2021-01-17 21:00:00,1,-41.36666666666667,-42.12136229742881,2.5,2.679648696188971
2021-01-17 21:00:00,2,-43.6,-41.28674259695565,2.6,2.782565190064136
2021-01-17 21:00:00,4,-38.099999999999994,-39.00993353142283,4.3,3.0970304862307123
2021-01-17 21:00:00,8,-39.33333333333333,-41.71877948742199,4.1,3.014633829475822
2021-01-18 00:00:00,1,-43.6,-42.11139200473315,2.6,2.546050555728299
2021-01-18 00:00:00,2,-40.3,-40.731440956167,2.8,2.7088595594734723
2021-01-18 00:00:00,4,-35.9,-38.34479007375026,4.9,3.015092916055784
2021-01-18 00:00:00,8,-40.86666666666667,-42.54871593146201,3.9,2.9004056235589495
2021-01-18 03:00:00,1,-40.3,-41.94614077973623,2.8,2.4815596085959166
2021-01-18 03:00:00,2,-38.099999999999994,-40.78500299974236,4.3,2.6740906026819804
2021-01-18 03:00:00,4,-35.7,-39.4075117415551,4.6,2.916426358875441
2021-01-18 03:00:00,8,-42.4,-43.65260414381517,3.9,2.832640498664764
2021-01-18 06:00:00,1,-38.099999999999994,-38.189287227144185,4.3,2.9568483190592123
2021-01-18 06:00:00,2,-35.9,-37.77665198732887,4.9,3.0844292794329315
2021-01-18 06:00:00,4,-37.8,-39.18472707152752,4.2,3.0572472482468664
2021-01-18 06:00:00,8,-39.4,-41.53305882930729,5.0,3.081158727442028
2021-01-18 09:00:00,1,-35.9,-36.07501309787706,4.9,4.607826835111082
2021-01-18 09:00:00,2,-35.7,-37.01297281430297,4.6,4.287242304070788
2021-01-18 09:00:00,4,-39.33333333333333,-40.530796561052355,4.1,3.716705245271893
2021-01-18 09:00:00,8,-37.53333333333333,-38.092562851279,6.2,4.202647523708591
2021-01-18 12:00:00,1,-35.7,-35.7264894771285,4.6,4.653613070019247
2021-01-18 12:00:00,2,-37.8,-37.3177389689442,4.2,4.254472053487177
2021-01-18 12:00:00,4,-40.86666666666667,-40.78881300897597,3.9,3.722953061712112
2021-01-18 12:00:00,8,-35.666666666666664,-36.71494190291359,7.4,4.308833609811774
2021-01-18 15:00:00,1,-37.8,-37.467031097018946,4.2,3.925149467901295
2021-01-18 15:00:00,2,-39.33333333333333,-39.09446847154403,4.1,3.6532520284288084
2021-01-18 15:00:00,4,-42.4,-40.742084917288054,3.9,3.499839076667089
2021-01-18 15:00:00,8,-33.8,-37.07415199434159,6.8,3.939446469076439
2021-01-18 18:00:00,1,-39.33333333333333,-39.51837522884244,4.1,3.77287858065249
2021-01-18 18:00:00,2,-40.86666666666667,-40.15088431468689,3.9,3.635765495246297
2021-01-18 18:00:00,4,-39.4,-39.23743171892512,5.0,3.661090918451612
2021-01-18 18:00:00,8,-35.6,-38.45214039821175,6.8,3.6503376551085367
2021-01-18 21:00:00,1,-40.86666666666667,-41.374176112558466,3.9,4.1204493779104014
2021-01-18 21:00:00,2,-42.4,-40.568684105596475,3.9,4.150418347233683
2021-01-18 21:00:00,4,-37.53333333333333,-37.54200787101059,6.2,4.337270317689254
2021-01-18 21:00:00,8,-38.4,-40.74012731609899,7.4,3.7132747594602464
2021-01-19 00:00:00,1,-42.4,-40.43373571122497,3.9,3.967512121958569
2021-01-19 00:00:00,2,-39.4,-39.010855772689666,5.0,4.063402351713591
2021-01-19 00:00:00,4,-35.666666666666664,-35.98343742208438,7.4,4.20535336188203
2021-01-19 00:00:00,8,-39.3,-41.04815734022363,8.2,3.4825351117133567
2021-01-19 03:00:00,1,-39.4,-40.20614674059797,5.0,3.9415072399508793
2021-01-19 03:00:00,2,-37.53333333333333,-38.805195970185615,6.2,4.033815314698354
2021-01-19 03:00:00,4,-33.8,-36.677400919345516,6.8,4.053993849472713
2021-01-19 03:00:00,8,-38.6,-41.84192607558198,9.7,3.3940378021606046
2021-01-19 06:00:00,1,-37.53333333333333,-37.00520725463583,6.2,5.4485477700616896
2021-01-19 06:00:00,2,-35.666666666666664,-36.39564756631576,7.4,5.297845055386631
2021-01-19 06:00:00,4,-35.6,-37.57655012945948,6.8,4.7056557858936765
2021-01-19 06:00:00,8,-36.8,-39.95405209030882,9.7,4.342889942661201
2021-01-19 09:00:00,1,-35.666666666666664,-36.06181784275144,7.4,6.125587543405517
2021-01-19 09:00:00,2,-33.8,-36.71940900904982,6.8,5.696918621915954
2021-01-19 09:00:00,4,-38.4,-40.12119246890076,7.4,4.8366113792111545
2021-01-19 09:00:00,8,-35.6,-38.253031390706184,11.8,4.951702411961586
2021-01-19 12:00:00,1,-33.8,-35.63580578156108,6.8,6.668615198564304
2021-01-19 12:00:00,2,-35.6,-36.82710949699231,6.8,6.132254056404289
2021-01-19 12:00:00,4,-39.3,-40.40861472371759,8.2,5.203170738566504
2021-01-19 12:00:00,8,-35.0,-37.093830317372664,11.4,5.280359881868207
2021-01-19 15:00:00,1,-35.6,-34.85620785966844,6.8,5.65313295942128
2021-01-19 15:00:00,2,-38.4,-36.37073696509738,7.4,5.246392273765477
2021-01-19 15:00:00,4,-38.6,-38.297340760571636,9.7,4.762690441813304
2021-01-19 15:00:00,8,-34.4,-34.759316327573636,10.2,4.947057692800093
2021-01-19 18:00:00,1,-38.4,-37.95347301721861,7.4,6.026963589033233
2021-01-19 18:00:00,2,-39.3,-38.15754051253539,8.2,5.853298547336056
2021-01-19 18:00:00,4,-36.8,-36.6110658342245,9.7,5.6857659639123455
2021-01-19 18:00:00,8,-35.0,-37.487477474105056,7.7333333333333325,4.936423626675311
2021-01-19 21:00:00,1,-39.3,-38.88855361168962,8.2,6.988784632156862
2021-01-19 21:00:00,2,-38.6,-37.8439525437761,9.7,6.966048489254627
2021-01-19 21:00:00,4,-35.6,-34.34865237846618,11.8,6.765574924094106
2021-01-19 21:00:00,8,-38.0,-39.34688302427262,5.266666666666667,5.147981386753649
2021-01-20 00:00:00,1,-38.6,-36.7765000664728,9.7,7.755779781496221
2021-01-20 00:00:00,2,-36.8,-35.03541086583017,9.7,7.74730742130928
2021-01-20 00:00:00,4,-35.0,-31.92828349073279,11.4,7.263918791978558
2021-01-20 00:00:00,8,-39.3,-38.79933973814122,2.8,5.357424469275509
2021-01-20 03:00:00,1,-36.8,-34.2936623019292,9.7,8.943153633805698
2021-01-20 03:00:00,2,-35.6,-32.403413545393946,11.8,8.777605626747397
2021-01-20 03:00:00,4,-34.4,-31.126868798871598,10.2,7.782823766787336
2021-01-20 03:00:00,8,-40.6,-37.56885517888932,2.7,5.878314447010979
2021-01-20 06:00:00,1,-35.6,-33.71915930976467,11.8,8.563154928053217
2021-01-20 06:00:00,2,-35.0,-32.542952972071916,11.4,8.270263448615058
2021-01-20 06:00:00,4,-35.0,-33.092075596372766,7.7333333333333325,7.193021320948899
2021-01-20 06:00:00,8,-37.7,-36.796378688779015,2.8,5.861228534852688
2021-01-20 09:00:00,1,-35.0,-35.76231566834106,11.4,10.36842753817542
2021-01-20 09:00:00,2,-34.4,-35.74289096165836,10.2,9.73897835396344
2021-01-20 09:00:00,4,-38.0,-38.145254529658786,5.266666666666667,8.124833777870164
2021-01-20 09:00:00,8,-35.400000000000006,-39.146797017425,4.3,6.678783779689891
2021-01-20 12:00:00,1,-34.4,-36.49834057237974,10.2,9.27693741056141
2021-01-20 12:00:00,2,-35.0,-37.15223845060485,7.7333333333333325,8.673286652696538
2021-01-20 12:00:00,4,-39.3,-39.40481130384565,2.8,7.422370098984995
2021-01-20 12:00:00,8,-33.1,-38.17535994301301,3.9,6.4269087269024
2021-01-20 15:00:00,1,-35.0,-38.02659378066076,7.7333333333333325,8.243392220643232
2021-01-20 15:00:00,2,-38.0,-38.55568647744755,5.266666666666667,7.855726075843307
2021-01-20 15:00:00,4,-40.6,-38.44539506794605,2.7,7.189261183246357
2021-01-20 15:00:00,8,-33.0,-38.134501772888285,3.8,6.001791141367745
2021-01-20 18:00:00,1,-38.0,-37.62268380783088,5.266666666666667,6.424493110361333
2021-01-20 18:00:00,2,-39.3,-37.14784195356561,2.8,6.360649683255321
2021-01-20 18:00:00,4,-37.7,-34.932772617841415,2.8,6.1947715177646
2021-01-20 18:00:00,8,-34.9,-38.487868601289705,2.0,4.905438428417362
2021-01-20 21:00:00,1,-39.3,-38.56994951503994,2.8,4.372560798968388
2021-01-20 21:00:00,2,-40.6,-37.080019754401825,2.7,4.515764779583113
2021-01-20 21:00:00,4,-35.400000000000006,-33.28178927097247,4.3,4.716577567603299
2021-01-20 21:00:00,8,-37.0,-39.399027121900225,2.4,3.592287966625338
2021-01-21 00:00:00,1,-40.6,-40.364968214762676,2.7,2.894012056460621
2021-01-21 00:00:00,2,-37.7,-38.69026165230639,2.8,3.0850284913940937
2021-01-21 00:00:00,4,-33.1,-35.33346195124727,3.9,3.462929288780504
2021-01-21 00:00:00,8,-39.1,-40.940848804819545,2.9,3.0737693530304164
2021-01-21 03:00:00,1,-37.7,-39.31288546457196,2.8,2.8855122363911376
2021-01-21 03:00:00,2,-35.400000000000006,-37.63257052241174,4.3,3.131599225820375
2021-01-21 03:00:00,4,-33.0,-35.6384240821577,3.8,3.3572459851286265
2021-01-21 03:00:00,8,-41.2,-41.855663867952856,2.5,2.8420996550579023
2021-01-21 06:00:00,1,-35.400000000000006,-37.23447066956292,4.3,3.158577947235314
2021-01-21 06:00:00,2,-33.1,-36.56273462783446,3.9,3.3113128531789053
2021-01-21 06:00:00,4,-34.9,-37.09218037010622,2.0,3.331452170975383
2021-01-21 06:00:00,8,-37.9,-40.67100821515372,2.6,3.138049632209556
2021-01-21 09:00:00,1,-33.1,-35.05254582036756,3.9,4.289915936867422
2021-01-21 09:00:00,2,-33.0,-35.416322447068374,3.8,4.094207274509651
2021-01-21 09:00:00,4,-37.0,-37.92066860715692,2.4,3.6646097291087525
2021-01-21 09:00:00,8,-35.8,-37.6888502957203,3.7,3.903885547944393
2021-01-21 12:00:00,1,-33.0,-35.360345284175494,3.8,3.403137607333574
2021-01-21 12:00:00,2,-34.9,-36.76018792406567,2.0,3.2936179181499625
2021-01-21 12:00:00,4,-39.1,-39.79927406769839,2.9,3.1401875040357528
2021-01-21 12:00:00,8,-33.7,-37.07486096731547,4.7,3.5815156213299044
2021-01-21 15:00:00,1,-34.9,-37.14033001024685,2.0,3.2311286631544363
2021-01-21 15:00:00,2,-37.0,-38.41211512723115,2.4,3.1257778373619494
2021-01-21 15:00:00,4,-41.2,-39.91216360376881,2.5,3.1226465043095217
2021-01-21 15:00:00,8,-33.1,-37.442639256513154,4.8,3.4748815092475063
2021-01-21 18:00:00,1,-37.0,-38.50505687290033,2.4,2.4877980673480073
2021-01-21 18:00:00,2,-39.1,-38.831672940555634,2.9,2.5722403520518204
2021-01-21 18:00:00,4,-37.9,-38.91069316610157,2.6,2.7551002421076554
2021-01-21 18:00:00,8,-35.1,-39.19968467207399,3.3,2.8334210524910195
2021-01-21 21:00:00,1,-39.1,-39.882314688766925,2.9,2.641194623160443
2021-01-21 21:00:00,2,-41.2,-39.00010877992709,2.5,2.7856963631560827
2021-01-21 21:00:00,4,-35.8,-36.900891680343015,3.7,3.067730524958393
2021-01-21 21:00:00,8,-36.55,-40.234923550127164,2.6,2.803896986585067
2021-01-22 00:00:00,1,-41.2,-39.43868205537212,2.5,2.801302054344999
2021-01-22 00:00:00,2,-37.9,-38.194986389972826,2.6,2.9407565079690756
2021-01-22 00:00:00,4,-33.7,-36.13486655609461,4.7,3.1410938401200954
2021-01-22 00:00:00,8,-38.0,-40.673475210542506,2.9,2.8017621540080055
2021-01-22 03:00:00,1,-37.9,-40.044186764122074,2.6,2.406993283978106
2021-01-22 03:00:00,2,-35.8,-38.992602600616245,3.7,2.616018123162774
2021-01-22 03:00:00,4,-33.1,-37.91188714109428,4.8,2.8296561159740525
2021-01-22 03:00:00,8,-36.8,-42.17223687231254,2.4,2.6452718025359756
2021-01-22 06:00:00,1,-35.8,-37.05852144587073,3.7,2.695084242746452
2021-01-22 06:00:00,2,-33.7,-36.47220944248478,4.7,2.898661307835737
2021-01-22 06:00:00,4,-35.1,-37.660129685268316,3.3,2.946831007228323
2021-01-22 06:00:00,8,-35.4,-40.96939937703796,3.1,2.791537959955252
2021-01-22 09:00:00,1,-33.7,-34.94006120585337,4.7,3.5405015774238975
2021-01-22 09:00:00,2,-33.1,-35.708949601034895,4.8,3.4385406341410083
2021-01-22 09:00:00,4,-36.55,-39.21684124164106,2.6,3.1724162350716183
2021-01-22 09:00:00,8,-32.0,-37.995978252605816,2.6,3.560618250814808
2021-01-22 12:00:00,1,-33.1,-34.492132945557884,4.8,4.326674322158907
2021-01-22 12:00:00,2,-35.1,-35.962413203204505,3.3,3.9953665736858532
2021-01-22 12:00:00,4,-38.0,-39.726967470374625,2.9,3.4765150256776693
2021-01-22 12:00:00,8,-31.0,-36.17753462470549,2.8,4.034976627789128
2021-01-22 15:00:00,1,-35.1,-35.59020815592602,3.3,4.061077965966754
2021-01-22 15:00:00,2,-36.55,-37.14095540510592,2.6,3.782083026639998
2021-01-22 15:00:00,4,-36.8,-39.379602415217526,2.4,3.516954101632889
2021-01-22 15:00:00,8,-30.6,-35.930244275015745,2.2,3.9486753356973523
2021-01-22 18:00:00,1,-36.55,-38.05783614457675,2.6,3.035715127883785
2021-01-22 18:00:00,2,-38.0,-38.50797778391264,2.9,2.9895477071498187
2021-01-22 18:00:00,4,-35.4,-38.15971930752829,3.1,3.0810285729307982
2021-01-22 18:00:00,8,-53.29175178959221,-37.83704005728078,0.6999999999999997,3.1567479993347005
2021-01-22 21:00:00,1,-38.0,-39.56301891116712,2.9,2.6508433327233556
2021-01-22 21:00:00,2,-36.8,-38.72746255940732,2.4,2.8105644060265647
2021-01-22 21:00:00,4,-32.0,-36.73990870320917,2.6,3.1302611030781313
2021-01-22 21:00:00,8,-53.29175178959221,-40.222941618668216,0.6000000000000001,2.862936320570527
2021-01-23 00:00:00,1,-36.8,-38.7962516708993,2.4,2.7212873691100414
2021-01-23 00:00:00,2,-35.4,-37.470326668545894,3.1,2.926283496944866
2021-01-23 00:00:00,4,-31.0,-35.68451020746379,2.8,3.1492357219536573
2021-01-23 00:00:00,8,-53.29175178959221,-40.99413849902079,1.0,2.7291019717998397
2021-01-23 03:00:00,1,-35.4,-37.301488789622184,3.1,2.427465026313813
2021-01-23 03:00:00,2,-32.0,-36.13172084877351,2.6,2.715873399996272
2021-01-23 03:00:00,4,-30.6,-35.97978736407048,2.2,2.909315262380301
2021-01-23 03:00:00,8,-53.29175178959221,-41.15041804569378,1.6999999999999997,2.6247577239930107
2021-01-23 06:00:00,1,-32.0,-35.032838677296894,2.6,3.0295174590543037
2021-01-23 06:00:00,2,-31.0,-34.55634111175726,2.8,3.1575476417783337
2021-01-23 06:00:00,4,-53.29175178959221,-36.45760632842525,0.6999999999999997,3.033230728335965
2021-01-23 06:00:00,8,-53.29175178959221,-39.04418038446593,1.5999999999999999,2.964000418757603
2021-01-23 09:00:00,1,-31.0,-33.36929988018118,2.8,2.5374960824945347
2021-01-23 09:00:00,2,-30.6,-34.13136945399606,2.2,2.6611916027890676
2021-01-23 09:00:00,4,-53.29175178959221,-37.794543467905456,0.6000000000000001,2.6360000665062016
2021-01-23 09:00:00,8,-34.5,-36.73195004927678,2.1,2.994294641058557
2021-01-23 12:00:00,1,-30.6,-34.475300601436174,2.2,2.5384370766830555
2021-01-23 12:00:00,2,-53.29175178959221,-35.86067846345685,0.6999999999999997,2.5962583116070492
2021-01-23 12:00:00,4,-53.29175178959221,-39.271826995172106,1.0,2.6305774062063074
2021-01-23 12:00:00,8,-32.6,-36.46307781294114,2.9,3.03524377766696
2021-01-23 15:00:00,1,-53.29175178959221,-35.32843429534104,0.6999999999999997,2.393197865550662
2021-01-23 15:00:00,2,-53.29175178959221,-36.56309199632536,0.6000000000000001,2.4534364232608503
2021-01-23 15:00:00,4,-53.29175178959221,-38.941186208988256,1.6999999999999997,2.5458284239405966
2021-01-23 15:00:00,8,-32.8,-36.5241633278511,3.8,2.8806072615273464
2021-01-23 18:00:00,1,-53.29175178959221,-48.59198967253917,0.6000000000000001,1.488227843714676
2021-01-23 18:00:00,2,-53.29175178959221,-48.23331059034059,1.0,1.7898416482511441
2021-01-23 18:00:00,4,-53.29175178959221,-45.331219424140656,1.5999999999999999,2.5896579156070167
2021-01-23 18:00:00,8,-34.6,-43.29375214137905,3.7,2.9321972892410466
2021-01-23 21:00:00,1,-53.29175178959221,-50.91631253608919,1.0,0.9259932004218885
2021-01-23 21:00:00,2,-53.29175178959221,-49.69068739576242,1.6999999999999997,1.2886829024654922
2021-01-23 21:00:00,4,-34.5,-46.33122868580076,2.1,1.9955839917290072
2021-01-23 21:00:00,8,-36.5,-46.25321355913548,5.0,2.3543080601723716
2021-01-24 00:00:00,1,-53.29175178959221,-49.58803924088505,1.6999999999999997,1.3367454816560875
2021-01-24 00:00:00,2,-53.29175178959221,-48.101646239480196,1.5999999999999999,1.6841954287707377
2021-01-24 00:00:00,4,-32.6,-44.76097099032038,2.9,2.3467182552782897
2021-01-24 00:00:00,8,-37.7,-46.124207856927136,4.1,2.5985987467221285
2021-01-24 03:00:00,1,-53.29175178959221,-47.301520163639104,1.5999999999999999,1.8208586253246162
2021-01-24 03:00:00,2,-34.5,-45.78250738055117,2.1,2.066907917400539
2021-01-24 03:00:00,4,-32.8,-43.01003254114836,3.8,2.5091567372297168
2021-01-24 03:00:00,8,-37.5,-45.09686350821826,3.7,2.636464591742511
2021-01-24 06:00:00,1,-34.5,-47.000346426932595,2.1,1.7576177160297035
2021-01-24 06:00:00,2,-32.6,-46.14568527092953,2.9,1.993072078978486
2021-01-24 06:00:00,4,-34.6,-44.01078463932887,3.7,2.4632212058727836
2021-01-24 06:00:00,8,-34.9,-43.589991887308,3.4,2.7094979617524366
2021-01-24 09:00:00,1,-32.6,-35.45885794349715,2.9,2.5771610563628924
2021-01-24 09:00:00,2,-32.8,-36.08535805108738,3.8,2.661156838044569
2021-01-24 09:00:00,4,-36.5,-38.36204463145194,5.0,2.6722899808695177
2021-01-24 09:00:00,8,-32.65,-37.265590548310655,4.5,2.958826443685228
2021-01-24 12:00:00,1,-32.8,-34.0104131888448,3.8,3.001821048282073
2021-01-24 12:00:00,2,-34.6,-35.63823242889444,3.7,2.9538276253393536
2021-01-24 12:00:00,4,-37.7,-39.34569996164751,4.1,2.841831081410601
2021-01-24 12:00:00,8,-30.4,-35.861047359963585,4.3,3.304540073100706
2021-01-24 15:00:00,1,-34.6,-34.79560075741565,3.7,3.408640087913399
2021-01-24 15:00:00,2,-36.5,-36.47801956246583,5.0,3.2231028059896314
2021-01-24 15:00:00,4,-37.5,-39.23817671694849,3.7,3.0541682755918282
2021-01-24 15:00:00,8,-30.8,-35.3229527238113,4.4,3.5522575163834
2021-01-24 18:00:00,1,-36.5,-36.83205645678769,5.0,3.021343958365699
2021-01-24 18:00:00,2,-37.7,-37.723499188315664,4.1,2.9332023209420566
2021-01-24 18:00:00,4,-34.9,-38.32232341188899,3.4,2.9608351207630803
2021-01-24 18:00:00,8,-34.1,-36.48746965344693,3.7,3.2473032004732385
2021-01-24 21:00:00,1,-37.7,-37.00803882352541,4.1,4.737871080249152
2021-01-24 21:00:00,2,-37.5,-36.428165216983544,3.7,4.710790304047449
2021-01-24 21:00:00,4,-32.65,-34.56283714868053,4.5,4.606816418073885
2021-01-24 21:00:00,8,-36.25,-37.52954176288655,4.1,4.0127374821008095
2021-01-25 00:00:00,1,-37.5,-36.4138575083298,3.7,3.639237824053719
2021-01-25 00:00:00,2,-34.9,-35.35313595127241,3.4,3.747694175941061
2021-01-25 00:00:00,4,-30.4,-33.45446453816739,4.3,3.823571816590537
2021-01-25 00:00:00,8,-38.4,-37.87978017599063,4.0,3.2982720749798236
2021-01-25 03:00:00,1,-34.9,-35.68609098663522,3.4,3.3405387794086843
2021-01-25 03:00:00,2,-32.65,-34.489334519713836,4.5,3.51063250342089
2021-01-25 03:00:00,4,-30.8,-33.713836248452665,4.4,3.5654933064036656
2021-01-25 03:00:00,8,-38.3,-38.67809094958814,3.8,3.12157114331711
2021-01-25 06:00:00,1,-32.65,-33.36801594741751,4.5,3.3272458768317454
2021-01-25 06:00:00,2,-30.4,-33.21085306653113,4.3,3.3900520535299017
2021-01-25 06:00:00,4,-34.1,-35.71729300249579,3.7,3.201816891466616
2021-01-25 06:00:00,8,-35.6,-37.45352746746971,3.4,3.3043663293584524
2021-01-25 09:00:00,1,-30.4,-31.755980002048553,4.3,4.1864983934461595
2021-01-25 09:00:00,2,-30.8,-32.669124223386724,4.4,3.9238037736962923
2021-01-25 09:00:00,4,-36.25,-36.749430844289236,4.1,3.4146148518128534
2021-01-25 09:00:00,8,-33.766666666666666,-34.451100414193654,2.9,4.005239067961437
2021-01-25 12:00:00,1,-30.8,-31.696264880021033,4.4,3.647143937468588
2021-01-25 12:00:00,2,-34.1,-33.389250552586375,3.7,3.437546293132133
2021-01-25 12:00:00,4,-38.4,-37.6329235678967,4.0,3.1203053227121984
2021-01-25 12:00:00,8,-31.933333333333334,-33.69802845673833,3.5,3.7422308456889173
2021-01-25 15:00:00,1,-34.1,-33.926562724663825,3.7,3.6991523684799605
2021-01-25 15:00:00,2,-36.25,-35.46934267389947,4.1,3.4785790624119266
2021-01-25 15:00:00,4,-38.3,-37.8056708851906,3.8,3.314779303438657
2021-01-25 15:00:00,8,-30.1,-34.43227084132846,3.0,3.8137743437804588
2021-01-25 18:00:00,1,-36.25,-37.00233389668885,4.1,3.3515029506457243
2021-01-25 18:00:00,2,-38.4,-37.54507432322281,4.0,3.25555382877368
2021-01-25 18:00:00,4,-35.6,-37.07582355663773,3.4,3.3285889850089743
2021-01-25 18:00:00,8,-32.8,-36.55815368254186,2.3,3.4229603100183423
2021-01-25 21:00:00,1,-38.4,-38.52680159276991,4.0,3.9299453497171646
2021-01-25 21:00:00,2,-38.3,-37.778703974147575,3.8,3.9797087353801888
2021-01-25 21:00:00,4,-33.766666666666666,-35.25371401970173,2.9,4.1645268616422575
2021-01-25 21:00:00,8,-35.25,-38.58597057504723,3.0,3.629211137872151
2021-01-26 00:00:00,1,-38.3,-38.578960100417305,3.8,4.166855992883359
2021-01-26 00:00:00,2,-35.6,-37.10624022641951,3.4,4.28456963103704
2021-01-26 00:00:00,4,-31.933333333333334,-34.208140275452095,3.5,4.377697663209212
2021-01-26 00:00:00,8,-37.7,-39.72501347169052,3.1,3.5740579771180823
2021-01-26 03:00:00,1,-35.6,-36.6548535613734,3.4,3.814550472033411
2021-01-26 03:00:00,2,-33.766666666666666,-35.30629906393504,2.9,3.949579805576085
2021-01-26 03:00:00,4,-30.1,-34.130239708444186,3.0,3.945857471867177
2021-01-26 03:00:00,8,-37.3,-39.44987864075228,3.0,3.400535156950907
2021-01-26 06:00:00,1,-33.766666666666666,-33.63928601104692,2.9,3.496636934441817
2021-01-26 06:00:00,2,-31.933333333333334,-33.42575689673322,3.5,3.5330799709754004
2021-01-26 06:00:00,4,-32.8,-35.707903433597835,2.3,3.331524526432875
2021-01-26 06:00:00,8,-34.3,-37.65665398849393,3.1,3.4041112601202625
2021-01-26 09:00:00,1,-31.933333333333334,-33.80292043182292,3.5,2.7974777191694864
2021-01-26 09:00:00,2,-30.1,-34.71086119501337,3.0,2.853606838807176
2021-01-26 09:00:00,4,-35.25,-38.251940552207756,3.0,2.8771517952206116
2021-01-26 09:00:00,8,-32.666666666666664,-36.94029732047247,2.2,3.290177754729226
2021-01-26 12:00:00,1,-30.1,-33.15081516006022,3.0,3.197683166061112
2021-01-26 12:00:00,2,-32.8,-34.794483980881594,2.3,3.0985744247916145
2021-01-26 12:00:00,4,-37.7,-38.99052899876784,3.1,2.9669424652410568
2021-01-26 12:00:00,8,-31.03333333333333,-35.48905269897409,2.7,3.5093903169770204
2021-01-26 15:00:00,1,-32.8,-33.49516275707239,2.3,2.7880907049531993
2021-01-26 15:00:00,2,-35.25,-35.08640648488017,3.0,2.7936093948617478
2021-01-26 15:00:00,4,-37.3,-38.21276547239501,3.0,2.8664805116239584
2021-01-26 15:00:00,8,-29.4,-35.23699839674036,2.8,3.30473133251561
2021-01-26 18:00:00,1,-35.25,-37.15729636755264,3.0,2.483032098142051
2021-01-26 18:00:00,2,-37.7,-37.52756470817078,3.1,2.541286079486831
2021-01-26 18:00:00,4,-34.3,-37.85066184899232,3.1,2.7071799211046725
2021-01-26 18:00:00,8,-32.4,-37.60822191196534,3.0,2.8889301653050397
2021-01-26 21:00:00,1,-37.7,-38.54867456181566,3.1,2.76412510579536
2021-01-26 21:00:00,2,-37.3,-37.87010961170669,3.0,2.8765429323104392
2021-01-26 21:00:00,4,-32.666666666666664,-35.97592115575968,2.2,3.1927989593997474
2021-01-26 21:00:00,8,-34.25,-39.24001687647622,3.3,2.988642704069483
2021-01-27 00:00:00,1,-37.3,-38.85857212450563,3.0,2.8547824950210634
2021-01-27 00:00:00,2,-34.3,-37.54480341485068,3.1,3.0361337977822584
2021-01-27 00:00:00,4,-31.03333333333333,-35.31193049967065,2.7,3.294695811849987
2021-01-27 00:00:00,8,-36.1,-40.41848846928063,2.7,2.9158375976656923
2021-01-27 03:00:00,1,-34.3,-36.93871365929708,3.1,2.808834700027267
2021-01-27 03:00:00,2,-32.666666666666664,-35.708286740124365,2.2,3.0395285857466012
2021-01-27 03:00:00,4,-29.4,-35.075841058367004,2.8,3.2139907371797984
2021-01-27 03:00:00,8,-37.0,-40.1876803002316,3.8,2.912403086181945
2021-01-27 06:00:00,1,-32.666666666666664,-33.08486338146573,2.2,3.186620299207404
2021-01-27 06:00:00,2,-31.03333333333333,-32.88478890263394,2.7,3.267605091438392
2021-01-27 06:00:00,4,-32.4,-35.59237109989714,3.0,3.0842346608479305
2021-01-27 06:00:00,8,-36.3,-37.421321073229485,3.7,3.1993536333623447
2021-01-27 09:00:00,1,-31.03333333333333,-33.41085693626592,2.7,2.4518920581386663
2021-01-27 09:00:00,2,-29.4,-34.43320749261509,2.8,2.5819636031987967
2021-01-27 09:00:00,4,-34.25,-38.14264631607602,3.3,2.6816059726323194
2021-01-27 09:00:00,8,-33.5,-36.52395726456804,4.6,3.0841534542438325
2021-01-27 12:00:00,1,-29.4,-32.99028321654593,2.8,2.6645343502769827
2021-01-27 12:00:00,2,-32.4,-34.521491919886756,3.0,2.6814819499395215
2021-01-27 12:00:00,4,-36.1,-38.50396891640587,2.7,2.6951724342915457
2021-01-27 12:00:00,8,-31.7,-35.34622346477709,3.2,3.1674354922600774
2021-01-27 15:00:00,1,-32.4,-33.37987971671414,3.0,2.624810617592003
2021-01-27 15:00:00,2,-34.25,-34.95733737858474,3.3,2.66045919706754
2021-01-27 15:00:00,4,-37.0,-38.25929686731274,3.8,2.7369382224747096
2021-01-27 15:00:00,8,-31.5,-35.304143324973815,2.4,3.167804787690137
2021-01-27 18:00:00,1,-34.25,-36.90674647138543,3.3,2.718564308524834
2021-01-27 18:00:00,2,-36.1,-37.48687945828359,2.7,2.7199997405595777
2021-01-27 18:00:00,4,-36.3,-38.11063589810499,3.7,2.8196225414942795
2021-01-27 18:00:00,8,-34.4,-37.28254970060655,2.5,3.0570431386733365
2021-01-27 21:00:00,1,-36.1,-37.3554254937122,2.7,2.898243171138866
2021-01-27 21:00:00,2,-37.0,-36.849440704667515,3.8,3.0012078131187585
2021-01-27 21:00:00,4,-33.5,-35.6916892793253,4.6,3.255504001083904
2021-01-27 21:00:00,8,-34.349999999999994,-38.747040012299834,2.6,3.0490630835262067
2021-01-28 00:00:00,1,-37.0,-37.78409476255261,3.8,2.391222033691538
2021-01-28 00:00:00,2,-36.3,-36.71368534918753,3.7,2.630961631281244
2021-01-28 00:00:00,4,-31.7,-35.527049039167665,3.2,2.919005668308549
2021-01-28 00:00:00,8,-34.3,-40.15747257573683,2.7,2.701005126623949
2021-01-28 03:00:00,1,-36.3,-36.71146188313327,3.7,3.9847862542826276
2021-01-28 03:00:00,2,-33.5,-35.24610264724639,4.6,4.079302956708983
2021-01-28 03:00:00,4,-31.5,-34.75312578307001,2.4,3.882991883180435
2021-01-28 03:00:00,8,-32.233333333333334,-40.14542868119277,2.7,3.3319500479719437
2021-01-28 06:00:00,1,-33.5,-35.103560172443295,4.6,3.6209550075976717
2021-01-28 06:00:00,2,-31.7,-34.867508197191114,3.2,3.6334245669197354
2021-01-28 06:00:00,4,-34.4,-37.086066198707506,2.5,3.358992700259052
2021-01-28 06:00:00,8,-30.166666666666668,-38.96259517539662,3.1,3.3555426192885043
2021-01-28 09:00:00,1,-31.7,-32.93161137995152,3.2,4.409473706084349
2021-01-28 09:00:00,2,-31.5,-33.658008949765645,2.4,4.124927364930716
2021-01-28 09:00:00,4,-34.349999999999994,-37.540281550639236,2.6,3.479845056307359
2021-01-28 09:00:00,8,-28.1,-35.70449690491846,2.7,3.956933402160152
2021-01-28 12:00:00,1,-31.5,-34.163098876581095,2.4,2.78002517758915
2021-01-28 12:00:00,2,-34.4,-35.78510223264176,2.5,2.7988088569707337
2021-01-28 12:00:00,4,-34.3,-39.54318495992226,2.7,2.810419268550298
2021-01-28 12:00:00,8,-53.29175178959221,-36.267291756000134,1.9,3.2598883045826166
2021-01-28 15:00:00,1,-34.4,-35.78977396105907,2.5,2.484817043827393
2021-01-28 15:00:00,2,-34.349999999999994,-36.89420254915451,2.6,2.5546499245370144
2021-01-28 15:00:00,4,-32.233333333333334,-39.216916173743996,2.7,2.6575447171069477
2021-01-28 15:00:00,8,-53.29175178959221,-37.07224410772083,0.2999999999999998,2.957064478988964
2021-01-28 18:00:00,1,-34.349999999999994,-38.5792194807736,2.6,2.535705484872204
2021-01-28 18:00:00,2,-34.3,-38.887661631464354,2.7,2.590345319113273
2021-01-28 18:00:00,4,-30.166666666666668,-39.003299158309545,3.1,2.7286526961293687
2021-01-28 18:00:00,8,-53.29175178959221,-38.935923669759376,1.1999999999999997,2.832440548063736
2021-01-28 21:00:00,1,-34.3,-37.550591919802045,2.7,2.693923036295999
2021-01-28 21:00:00,2,-32.233333333333334,-36.96240084983492,2.7,2.863906800807679
2021-01-28 21:00:00,4,-28.1,-36.062242938335366,2.7,3.1587828032910874
2021-01-28 21:00:00,8,-53.29175178959221,-39.4327148661753,0.6999999999999997,2.958562295611229
2021-01-29 00:00:00,1,-32.233333333333334,-35.63648881649933,2.7,2.525603447306639
2021-01-29 00:00:00,2,-30.166666666666668,-34.53308333980928,3.1,2.7803996450747563
2021-01-29 00:00:00,4,-53.29175178959221,-34.15770808817605,1.9,2.9607053394929728
2021-01-29 00:00:00,8,-53.29175178959221,-38.99642557886767,1.9,2.6639818467762204
2021-01-29 03:00:00,1,-30.166666666666668,-32.62569818773466,3.1,2.5664450904719294
2021-01-29 03:00:00,2,-28.1,-31.559754439503823,2.7,2.860543685018539
2021-01-29 03:00:00,4,-53.29175178959221,-32.716134030961626,0.2999999999999998,2.988354188682239
2021-01-29 03:00:00,8,-53.29175178959221,-37.63401872940106,1.9,2.7362132282554605
2021-01-29 06:00:00,1,-28.1,-30.577740410562825,2.7,2.7654950073531266
2021-01-29 06:00:00,2,-53.29175178959221,-30.402658670062248,1.9,2.935869715279938
2021-01-29 06:00:00,4,-53.29175178959221,-33.6752721534792,1.1999999999999997,2.8726299257083907
2021-01-29 06:00:00,8,-53.29175178959221,-35.69705845270065,3.3,2.963094829155504
2021-01-29 09:00:00,1,-53.29175178959221,-30.92432156064311,1.9,2.3223905055918674
2021-01-29 09:00:00,2,-53.29175178959221,-31.80105598496706,0.2999999999999998,2.4812347821795253
2021-01-29 09:00:00,4,-53.29175178959221,-35.92743720315982,0.6999999999999997,2.486305849342571
2021-01-29 09:00:00,8,-53.29175178959221,-34.6388629721132,4.5,2.8910892585550263
2021-01-29 12:00:00,1,-53.29175178959221,-49.97024177977157,0.2999999999999998,1.239033515305135
2021-01-29 12:00:00,2,-53.29175178959221,-50.32033771380493,1.1999999999999997,1.4605651312837384
2021-01-29 12:00:00,4,-53.29175178959221,-48.85518832383131,1.9,2.0621625297764488
2021-01-29 12:00:00,8,-25.400000000000002,-44.03173320560481,5.3,2.6093159922969384
2021-01-29 15:00:00,1,-53.29175178959221,-50.78965080372563,1.1999999999999997,0.5351060913801167
2021-01-29 15:00:00,2,-53.29175178959221,-50.90305387687646,0.6999999999999997,0.9587115171693923
2021-01-29 15:00:00,4,-53.29175178959221,-49.1259554777699,1.9,1.8080514427476957
2021-01-29 15:00:00,8,-25.2,-43.98306480475159,3.0,2.5151910864082776
2021-01-29 18:00:00,1,-53.29175178959221,-50.33413440713172,0.6999999999999997,1.651571808627881
2021-01-29 18:00:00,2,-53.29175178959221,-49.51888105276109,1.9,1.8120494950053818
2021-01-29 18:00:00,4,-53.29175178959221,-45.45207553965434,3.3,2.394276212472049
2021-01-29 18:00:00,8,-26.5,-43.078929727788804,4.1,2.7719314438603155
2021-01-29 21:00:00,1,-53.29175178959221,-50.19473691914873,1.9,1.3533188804338212
2021-01-29 21:00:00,2,-53.29175178959221,-48.88656866368683,1.9,1.6487466932559085
2021-01-29 21:00:00,4,-53.29175178959221,-44.89590641567408,4.5,2.3161676163265765
2021-01-29 21:00:00,8,-28.3,-44.590868632159726,3.6,2.6551455231752463
2021-01-30 00:00:00,1,-53.29175178959221,-47.02004132148643,1.9,2.038673719491782
2021-01-30 00:00:00,2,-53.29175178959221,-45.3202887036257,3.3,2.193985108899987
2021-01-30 00:00:00,4,-25.400000000000002,-41.65489842867194,5.3,2.5919607066889423
2021-01-30 00:00:00,8,-29.2,-43.73403660667466,2.2,2.6831378608369993
2021-01-30 03:00:00,1,-53.29175178959221,-45.316815888855274,3.3,1.8794195175119346
2021-01-30 03:00:00,2,-53.29175178959221,-43.8286556786479,4.5,2.079033348408193
2021-01-30 03:00:00,4,-25.2,-41.0521662077304,3.0,2.4540361684236154
2021-01-30 03:00:00,8,-30.866666666666667,-42.95139528860146,2.7,2.5660152233397984
2021-01-30 06:00:00,1,-53.29175178959221,-43.62718054589211,4.5,2.5868896395258965
2021-01-30 06:00:00,2,-25.400000000000002,-42.768811691795975,5.3,2.575384108701592
2021-01-30 06:00:00,4,-26.5,-41.571996143793434,4.1,2.588576369476013
2021-01-30 06:00:00,8,-32.53333333333333,-41.86987574997497,3.2,2.741721094171473
2021-01-30 09:00:00,1,-25.400000000000002,-41.90150430242145,5.3,3.701294719199621
2021-01-30 09:00:00,2,-25.2,-42.10978600802707,3.0,3.392148122350444
2021-01-30 09:00:00,4,-28.3,-42.65530468637738,3.6,3.085004657282451
2021-01-30 09:00:00,8,-34.2,-40.361674084237706,4.0,3.438725135225597
2021-01-30 12:00:00,1,-25.2,-33.50384335299647,3.0,4.243233496705366
2021-01-30 12:00:00,2,-26.5,-34.79644086156966,4.1,3.9466627129276395
2021-01-30 12:00:00,4,-29.2,-37.703835275304385,2.2,3.52672491103032
2021-01-30 12:00:00,8,-32.2,-34.83928473242203,4.9,3.9911044533344087
2021-01-30 15:00:00,1,-26.5,-30.51785669130371,4.1,2.363465371138197
2021-01-30 15:00:00,2,-28.3,-32.19531268553675,3.6,2.420805978137478
2021-01-30 15:00:00,4,-30.866666666666667,-35.08712554486791,2.7,2.569226376672156
2021-01-30 15:00:00,8,-32.8,-31.68827308304312,4.5,3.009473504364477
2021-01-30 18:00:00,1,-28.3,-30.662491500980938,3.6,3.057223467455384
2021-01-30 18:00:00,2,-29.2,-31.100556102727232,2.2,3.0629251521539937
2021-01-30 18:00:00,4,-32.53333333333333,-32.140133837740464,3.2,3.0486568905452374
2021-01-30 18:00:00,8,-35.0,-32.272427906465865,3.3,3.010543480020701
2021-01-30 21:00:00,1,-29.2,-31.803056095714506,2.2,2.9327511257458156
2021-01-30 21:00:00,2,-30.866666666666667,-31.40786706686413,2.7,3.0554245518880503
2021-01-30 21:00:00,4,-34.2,-30.84589790991667,4.0,3.2083173388262143
2021-01-30 21:00:00,8,-37.7,-33.81331149709658,4.1,2.918661486673978
2021-01-31 00:00:00,1,-30.866666666666667,-32.32997720251831,2.7,2.091062803127352
2021-01-31 00:00:00,2,-32.53333333333333,-31.24214031121401,3.2,2.433602070121062
2021-01-31 00:00:00,4,-32.2,-30.708445054104914,4.9,2.763681162140916
2021-01-31 00:00:00,8,-37.7,-35.70734864783575,3.1,2.431429060309244
2021-01-31 03:00:00,1,-32.53333333333333,-32.96225716904803,3.2,2.665953946224125
2021-01-31 03:00:00,2,-34.2,-31.5184063287061,4.0,2.950980115500066
2021-01-31 03:00:00,4,-32.8,-31.269254204458935,4.5,3.1332982194073544
2021-01-31 03:00:00,8,-39.0,-37.17523828319851,2.5,2.6945726891287807
2021-01-31 06:00:00,1,-34.2,-33.210236317683936,4.0,3.167794923460486
2021-01-31 06:00:00,2,-32.2,-32.8462723607258,4.9,3.2494618938220228
2021-01-31 06:00:00,4,-35.0,-34.51201589087004,3.3,3.1601643819639547
2021-01-31 06:00:00,8,-37.2,-36.82390759059402,2.8,3.100538366254997
2021-01-31 09:00:00,1,-32.2,-34.97922475765027,4.9,3.7307915118435933
2021-01-31 09:00:00,2,-32.8,-35.668610191622776,4.5,3.578854342147905
2021-01-31 09:00:00,4,-37.7,-38.39243680420007,4.1,3.222368187481452
2021-01-31 09:00:00,8,-35.3,-37.07134636348764,3.1,3.552860860656984
2021-01-31 12:00:00,1,-32.8,-33.571296655653526,4.5,4.553832494730294
2021-01-31 12:00:00,2,-35.0,-34.92871043326141,3.3,4.187988212044383
2021-01-31 12:00:00,4,-37.7,-38.55582193163362,3.1,3.6195947403263644
2021-01-31 12:00:00,8,-33.3,-35.14626426610366,3.0,4.17932512564414
2021-01-31 15:00:00,1,-35.0,-35.34865731712034,3.3,3.7492547637220084
2021-01-31 15:00:00,2,-37.7,-36.887752624294585,4.1,3.511502341855525
2021-01-31 15:00:00,4,-39.0,-39.17276963710222,2.5,3.310629635305231
2021-01-31 15:00:00,8,-33.7,-35.64058990813278,3.6,3.7882135653876934
2021-01-31 18:00:00,1,-37.7,-37.9478559915028,4.1,2.9635853746300276
2021-01-31 18:00:00,2,-37.7,-38.34063134203763,3.1,2.9428716120868357
2021-01-31 18:00:00,4,-37.2,-38.11660164629983,2.8,3.047422528834888
2021-01-31 18:00:00,8,-36.8,-37.9064358306061,3.2,3.119224576383599
2021-01-31 21:00:00,1,-37.7,-39.66552602797575,3.1,3.799790065345323
2021-01-31 21:00:00,2,-39.0,-38.642996787381136,2.5,3.851298593194044
2021-01-31 21:00:00,4,-35.3,-36.07903349339966,3.1,3.925272184250166
2021-01-31 21:00:00,8,-38.06666666666666,-40.22475584016031,3.2,3.279025310006258
2021-02-01 00:00:00,1,-39.0,-38.00179845960073,2.5,2.8334251048232004
2021-02-01 00:00:00,2,-37.2,-36.86052633289526,2.8,3.0470524869225843
2021-02-01 00:00:00,4,-33.3,-35.569525454515286,3.0,3.272565945830151
2021-02-01 00:00:00,8,-39.333333333333336,-40.69136813212107,2.2,2.8544508969443174
2021-02-01 03:00:00,1,-37.2,-38.96985782537294,2.8,2.301834090841645
2021-02-01 03:00:00,2,-35.3,-37.82678300519121,3.1,2.567880895747795
2021-02-01 03:00:00,4,-33.7,-37.4427127476141,3.6,2.778977756360722
2021-02-01 03:00:00,8,-40.6,-41.9309915259265,2.0,2.6356863306831477
2021-02-01 06:00:00,1,-35.3,-36.9985339744691,3.1,2.9086829919197688
2021-02-01 06:00:00,2,-33.3,-36.5278335598927,3.0,3.071338646883993
2021-02-01 06:00:00,4,-36.8,-38.37010415552288,3.2,3.0125267767022637
2021-02-01 06:00:00,8,-38.7,-40.984737402107,2.0,2.973016431298701
2021-02-01 09:00:00,1,-33.3,-35.851457491790484,3.0,3.0784194042079367
2021-02-01 09:00:00,2,-33.7,-36.67433446713329,3.6,3.088668125534416
2021-02-01 09:00:00,4,-38.06666666666666,-40.389862964959285,3.2,2.9040664258029008
2021-02-01 09:00:00,8,-36.8,-38.99041515961147,2.4,3.288784872182381
2021-02-01 12:00:00,1,-33.7,-35.65001550208022,3.6,2.8544804896332696
2021-02-01 12:00:00,2,-36.8,-37.203520829048756,3.2,2.8727689846863864
2021-02-01 12:00:00,4,-39.333333333333336,-41.061164544590945,2.2,2.8358561308905856
2021-02-01 12:00:00,8,-35.1,-37.969626649408006,2.9,3.2675299899926458
2021-02-01 15:00:00,1,-36.8,-37.28056832288484,3.2,3.013433752628529
2021-02-01 15:00:00,2,-38.06666666666666,-38.69829379733973,3.2,2.947372580096229
2021-02-01 15:00:00,4,-40.6,-41.04815878122561,2.0,2.9402337571177464
2021-02-01 15:00:00,8,-34.8,-38.08890270625125,2.2,3.3287921881397797
2021-02-01 18:00:00,1,-38.06666666666666,-39.86217380410045,3.2,2.9388661483268717
2021-02-01 18:00:00,2,-39.333333333333336,-40.34992271309547,2.2,2.910455780608568
2021-02-01 18:00:00,4,-38.7,-40.55039058546763,2.0,2.974039111972762
2021-02-01 18:00:00,8,-38.5,-39.92258204808008,2.9,3.114920093164817
2021-02-01 21:00:00,1,-39.333333333333336,-40.38958629257924,2.2,3.0299792116422792
2021-02-01 21:00:00,2,-40.6,-39.68027180123124,2.0,3.136678184367141
2021-02-01 21:00:00,4,-36.8,-37.932154833934945,2.4,3.402552471894724
2021-02-01 21:00:00,8,-38.2,-41.48882583254675,2.3,3.092582358500151
2021-02-02 00:00:00,1,-40.6,-40.16415882492139,2.0,2.2972020618782976
2021-02-02 00:00:00,2,-38.7,-39.09433734036391,2.0,2.5099677368674884
2021-02-02 00:00:00,4,-35.1,-38.02005595468009,2.9,2.804311390870719
2021-02-02 00:00:00,8,-37.9,-42.11734694541313,1.5999999999999999,2.7560345712761416
2021-02-02 03:00:00,1,-38.7,-40.30846940915324,2.0,2.1113405667199814
2021-02-02 03:00:00,2,-36.8,-39.28096582972564,2.4,2.3765446998131576
2021-02-02 03:00:00,4,-34.8,-38.98809226442063,2.2,2.6247991004373836
2021-02-02 03:00:00,8,-37.599999999999994,-43.089283327011,1.8,2.609414527953125
2021-02-02 06:00:00,1,-36.8,-38.901029806827516,2.4,2.2497932944929855
2021-02-02 06:00:00,2,-35.1,-38.45249776670265,2.9,2.4929398370435765
2021-02-02 06:00:00,4,-38.5,-39.95775978840189,2.9,2.659647770868486
2021-02-02 06:00:00,8,-37.3,-42.455834707875965,2.2,2.7681405404252954
2021-02-02 09:00:00,1,-35.1,-37.490634709441984,2.9,2.7211897932167393
2021-02-02 09:00:00,2,-34.8,-38.24882654693022,2.2,2.794016760886243
2021-02-02 09:00:00,4,-38.2,-41.50600978115144,2.3,2.71843132804511
2021-02-02 09:00:00,8,-36.36666666666667,-40.39740516931961,1.9,3.0352321538720206
2021-02-02 12:00:00,1,-34.8,-37.05670434237467,2.2,2.919582539122556
2021-02-02 12:00:00,2,-38.5,-38.52622663298012,2.9,2.9103981948354716
2021-02-02 12:00:00,4,-37.9,-42.15500825264649,1.5999999999999999,2.828971111875009
2021-02-02 12:00:00,8,-35.43333333333333,-39.11755332325448,1.6999999999999997,3.240536978774753
2021-02-02 15:00:00,1,-38.5,-38.54641362970993,2.9,2.5937961998862242
2021-02-02 15:00:00,2,-38.2,-39.802759851486634,2.3,2.621170663530719
2021-02-02 15:00:00,4,-37.599999999999994,-42.084713294086,1.8,2.6817039750869034
2021-02-02 15:00:00,8,-34.5,-39.66890229561355,2.3,2.9889452426588794
2021-02-02 18:00:00,1,-38.2,-41.68024637399108,2.3,2.7972790482523044
2021-02-02 18:00:00,2,-37.9,-41.952649065176324,1.5999999999999999,2.775677291759904
2021-02-02 18:00:00,4,-37.3,-41.618348854465715,2.2,2.8470451532435024
2021-02-02 18:00:00,8,-36.775,-41.63000944248325,2.7,2.912378398947738
2021-02-02 21:00:00,1,-37.9,-41.06459052679703,1.5999999999999999,2.5707497336511924
2021-02-02 21:00:00,2,-37.599999999999994,-40.54381961644144,1.8,2.722249531402191
2021-02-02 21:00:00,4,-36.36666666666667,-39.64570648675069,1.9,2.992978966103789
2021-02-02 21:00:00,8,-39.05,-42.69222820059726,3.2,2.852499432398439
2021-02-03 00:00:00,1,-37.599999999999994,-39.23584949875171,1.8,1.9979013925348479
2021-02-03 00:00:00,2,-37.3,-38.18185597993627,2.2,2.2678447281135226
2021-02-03 00:00:00,4,-35.43333333333333,-38.06539996396677,1.6999999999999997,2.520406864486308
2021-02-03 00:00:00,8,-41.325,-42.243008082027224,3.2,2.5118697736247926
2021-02-03 03:00:00,1,-37.3,-38.33945116141648,2.2,2.2202963685486123
2021-02-03 03:00:00,2,-36.36666666666667,-37.08692071288131,1.9,2.4952513726317873
2021-02-03 03:00:00,4,-34.5,-37.26289875661308,2.3,2.6658435734923573
2021-02-03 03:00:00,8,-43.6,-42.12076212010438,2.5,2.4727681805698936
2021-02-03 06:00:00,1,-36.36666666666667,-38.12053269969971,1.9,2.5119577518892453
2021-02-03 06:00:00,2,-35.43333333333333,-37.855535317686744,1.6999999999999997,2.673098847700879
2021-02-03 06:00:00,4,-36.775,-39.88303518975664,2.7,2.630718278069752
2021-02-03 06:00:00,8,-40.2,-41.625259899959055,2.4,2.7604395629970413
2021-02-03 09:00:00,1,-35.43333333333333,-37.100466131487934,1.6999999999999997,2.4097953650408397
2021-02-03 09:00:00,2,-34.5,-37.94863989657961,2.3,2.5392763360057726
2021-02-03 09:00:00,4,-39.05,-41.126838930304395,3.2,2.5954683201124253
2021-02-03 09:00:00,8,-38.5,-39.69851488629081,2.6,2.902432536131616
2021-02-03 12:00:00,1,-34.5,-37.35780891098617,2.3,2.2720204431452427
2021-02-03 12:00:00,2,-36.775,-38.84290410998331,2.7,2.3563617394654957
2021-02-03 12:00:00,4,-41.325,-42.14550772659612,3.2,2.4557949872304228
2021-02-03 12:00:00,8,-36.8,-38.83314276257465,2.6,2.843203169094939
2021-02-03 15:00:00,1,-36.775,-37.97698440551497,2.7,2.58103689881323
2021-02-03 15:00:00,2,-39.05,-39.349445125792045,3.2,2.6248510342734908
2021-02-03 15:00:00,4,-43.6,-42.02010885234228,2.5,2.6794282706463974
2021-02-03 15:00:00,8,-38.3,-39.29010754628314,1.9,3.009594221207338
2021-02-03 18:00:00,1,-39.05,-40.3019647262181,3.2,2.8006824740826115
2021-02-03 18:00:00,2,-41.325,-40.96414404281899,3.2,2.796163750459847
2021-02-03 18:00:00,4,-40.2,-41.61995845367673,2.4,2.9186919858056553
2021-02-03 18:00:00,8,-39.8,-40.50815481745058,2.3,3.1354878117890177
2021-02-03 21:00:00,1,-41.325,-41.34960198530228,3.2,2.9793193008044034
2021-02-03 21:00:00,2,-43.6,-40.708330886921914,2.5,3.0524183079316263
2021-02-03 21:00:00,4,-38.5,-39.318371359107644,2.6,3.2335985596186614
2021-02-03 21:00:00,8,-41.1,-42.209351319294704,2.9,3.0189872606017363
2021-02-04 00:00:00,1,-43.6,-41.41203627806498,2.5,2.9833327625884087
2021-02-04 00:00:00,2,-40.2,-40.099988124773475,2.4,3.1134204636571026
2021-02-04 00:00:00,4,-36.8,-38.318327513400035,2.6,3.286780780638312
2021-02-04 00:00:00,8,-42.4,-43.07604123932104,3.0,2.910845124418891
2021-02-04 03:00:00,1,-40.2,-42.05412586556966,2.4,2.343518832381192
2021-02-04 03:00:00,2,-38.5,-41.25219313349687,2.6,2.5493711220295405
2021-02-04 03:00:00,4,-38.3,-40.87560527869795,1.9,2.776478907049468
2021-02-04 03:00:00,8,-43.7,-44.52351043563331,2.6,2.7672620907847767
2021-02-04 06:00:00,1,-38.5,-40.15321873789357,2.6,2.5107901470195593
2021-02-04 06:00:00,2,-36.8,-39.6810240042645,2.6,2.722984603131732
2021-02-04 06:00:00,4,-39.8,-41.3599397335027,2.3,2.768404528538813
2021-02-04 06:00:00,8,-53.29175178959221,-44.19150357957297,1.9,2.797547461939125
2021-02-04 09:00:00,1,-36.8,-38.222222768386004,2.6,2.87342098360622
2021-02-04 09:00:00,2,-38.3,-39.03568423679522,1.9,2.936032661689736
2021-02-04 09:00:00,4,-41.1,-42.54681092684521,2.9,2.893238967456804
2021-02-04 09:00:00,8,-53.29175178959221,-41.33737796551078,1.1999999999999997,3.232926458998404
2021-02-04 12:00:00,1,-38.3,-38.76534506044452,1.9,2.7211663323462187
2021-02-04 12:00:00,2,-39.8,-40.18233850589385,2.3,2.7572155061858967
2021-02-04 12:00:00,4,-42.4,-43.58347927886197,3.0,2.7420112624836857
2021-02-04 12:00:00,8,-53.29175178959221,-40.844112900938526,1.4,3.099530188664531
2021-02-04 15:00:00,1,-39.8,-41.28589096478581,2.3,2.4051997004267998
2021-02-04 15:00:00,2,-41.1,-42.45216447583436,2.9,2.456567596352797
2021-02-04 15:00:00,4,-43.7,-44.197479414781654,2.6,2.6300895267397975
2021-02-04 15:00:00,8,-53.29175178959221,-41.9269077263168,1.3000000000000003,2.9172206159828864
2021-02-04 18:00:00,1,-41.1,-42.90706358320533,2.9,2.589438663107969
2021-02-04 18:00:00,2,-42.4,-43.071317634832475,3.0,2.643187090909572
2021-02-04 18:00:00,4,-53.29175178959221,-43.14744648990668,1.9,2.7614560052123496
2021-02-04 18:00:00,8,-53.29175178959221,-43.778788364147786,1.5999999999999999,2.847743540702775
2021-02-04 21:00:00,1,-42.4,-43.29373124685035,3.0,2.960257876707951
2021-02-04 21:00:00,2,-43.7,-42.721025184154165,2.6,3.0386267285557222
2021-02-04 21:00:00,4,-53.29175178959221,-41.58097718863022,1.1999999999999997,3.222658009212623
2021-02-04 21:00:00,8,-53.29175178959221,-44.342805184908016,1.3000000000000003,3.100976924573253
2021-02-05 00:00:00,1,-43.7,-42.4605885734061,2.6,2.78169505836862
2021-02-05 00:00:00,2,-53.29175178959221,-41.364541573324004,1.9,2.9361093894003707
2021-02-05 00:00:00,4,-53.29175178959221,-40.27210572420236,1.4,3.12589850088465
2021-02-05 00:00:00,8,-53.29175178959221,-44.51650932751626,1.0,2.9337577037314735
2021-02-05 03:00:00,1,-53.29175178959221,-42.3731464117914,1.9,2.3475365064578586
2021-02-05 03:00:00,2,-53.29175178959221,-41.62249317615855,1.1999999999999997,2.5555759890806584
2021-02-05 03:00:00,4,-53.29175178959221,-41.700971584960214,1.3000000000000003,2.7436160393474607
2021-02-05 03:00:00,8,-53.29175178959221,-45.29810519865338,0.0,2.747293370841097
2021-02-05 06:00:00,1,-53.29175178959221,-51.95640223208692,1.1999999999999997,1.4712858959891264
2021-02-05 06:00:00,2,-53.29175178959221,-51.39485218155892,1.4,1.8208837924402654
2021-02-05 06:00:00,4,-53.29175178959221,-50.57455658113701,1.5999999999999999,2.370836136813873
2021-02-05 06:00:00,8,-53.29175178959221,-50.981294880602015,0.0,2.6691412121246803
2021-02-05 09:00:00,1,-53.29175178959221,-51.23375122238801,1.4,1.171218376100612
2021-02-05 09:00:00,2,-53.29175178959221,-51.21905732520377,1.3000000000000003,1.5435639326086061
2021-02-05 09:00:00,4,-53.29175178959221,-50.8433625313816,1.3000000000000003,2.168804236649176
2021-02-05 09:00:00,8,-53.29175178959221,-48.96007633616045,0.2999999999999998,2.6163920041266175
2021-02-05 12:00:00,1,-53.29175178959221,-51.07595177887721,1.3000000000000003,1.6280360766021726
2021-02-05 12:00:00,2,-53.29175178959221,-51.36249835480367,1.5999999999999999,1.831032751746872
2021-02-05 12:00:00,4,-53.29175178959221,-50.40235630421955,1.0,2.342551924594778
2021-02-05 12:00:00,8,-53.29175178959221,-46.92176858899435,0.0,2.800122079198129
2021-02-05 15:00:00,1,-53.29175178959221,-51.74301230955817,1.5999999999999999,1.6342325190679672
2021-02-05 15:00:00,2,-53.29175178959221,-51.982200805743815,1.3000000000000003,1.8043694724001156
2021-02-05 15:00:00,4,-53.29175178959221,-50.67387764256913,0.0,2.3101211101514734
2021-02-05 15:00:00,8,-53.29175178959221,-47.09740655625898,0.8999999999999999,2.7891395125057943
2021-02-05 18:00:00,1,-53.29175178959221,-52.23800067740389,1.3000000000000003,1.8263945376449329
2021-02-05 18:00:00,2,-53.29175178959221,-51.879496992164995,1.0,1.9511664853350825
2021-02-05 18:00:00,4,-53.29175178959221,-49.57340388440623,0.0,2.402330116041158
2021-02-05 18:00:00,8,-53.29175178959221,-47.78091594440986,1.9,2.7680515490777973
2021-02-05 21:00:00,1,-53.29175178959221,-51.58860768658566,1.0,1.4802684234695724
2021-02-05 21:00:00,2,-53.29175178959221,-50.71201718233441,0.0,1.7281463837622624
2021-02-05 21:00:00,4,-53.29175178959221,-48.35748137065745,0.2999999999999998,2.271217868092794
2021-02-05 21:00:00,8,-53.29175178959221,-48.58491219131721,2.5,2.5749708774594664
2021-02-06 00:00:00,1,-53.29175178959221,-49.454909210886335,0.0,1.214470623711903
2021-02-06 00:00:00,2,-53.29175178959221,-48.31831061385065,0.0,1.5602350139199626
2021-02-06 00:00:00,4,-53.29175178959221,-46.48943485212024,0.0,2.1613409071752647
2021-02-06 00:00:00,8,-53.29175178959221,-48.088024087518164,2.7,2.4110815539469757
2021-02-06 03:00:00,1,-53.29175178959221,-50.1174397717197,0.0,0.3209667824219391
2021-02-06 03:00:00,2,-53.29175178959221,-49.1632284349698,0.2999999999999998,0.855384724660917
2021-02-06 03:00:00,4,-53.29175178959221,-47.9809100873813,0.8999999999999999,1.725295461432717
2021-02-06 03:00:00,8,-45.2,-49.23844441529003,2.7,2.107721834082487
2021-02-06 06:00:00,1,-53.29175178959221,-50.45292898918859,0.2999999999999998,0.7285413953844322
2021-02-06 06:00:00,2,-53.29175178959221,-49.66615325631116,0.0,1.2235678961772596
2021-02-06 06:00:00,4,-53.29175178959221,-48.771800061035236,1.9,1.988829713746423
2021-02-06 06:00:00,8,-44.38,-49.56567543054006,1.8,2.359605524735942
2021-02-06 09:00:00,1,-53.29175178959221,-50.439373303442856,0.0,1.0737051873071621
2021-02-06 09:00:00,2,-53.29175178959221,-50.45266150319616,0.8999999999999999,1.4386904288908946
2021-02-06 09:00:00,4,-53.29175178959221,-50.18539994682302,2.5,2.081371330795899
2021-02-06 09:00:00,8,-43.56,-48.07661675559851,1.5999999999999999,2.5635652686155153
2021-02-06 12:00:00,1,-53.29175178959221,-50.920230260220755,0.8999999999999999,1.096436424754652
2021-02-06 12:00:00,2,-53.29175178959221,-51.25821736455836,1.9,1.4118917163370415
2021-02-06 12:00:00,4,-53.29175178959221,-50.75286184306557,2.7,2.0737223405239127
2021-02-06 12:00:00,8,-42.74,-46.71671256631968,1.5,2.6587937951815332
2021-02-06 15:00:00,1,-53.29175178959221,-51.75336879078432,1.9,1.7115198781048953
2021-02-06 15:00:00,2,-53.29175178959221,-52.01468900593365,2.5,1.833724993279441
2021-02-06 15:00:00,4,-45.2,-50.675237588187215,2.7,2.3076937631751466
2021-02-06 15:00:00,8,-41.92,-46.45486521463375,1.5,2.8057572736568765
2021-02-06 18:00:00,1,-53.29175178959221,-49.39083541812153,2.5,2.3824748613985425
2021-02-06 18:00:00,2,-53.29175178959221,-49.30896597141179,2.7,2.356204231712046
2021-02-06 18:00:00,4,-44.38,-47.382647494329454,1.8,2.6354543879859547
2021-02-06 18:00:00,8,-41.1,-45.34775420135361,2.5,2.896912086657779
2021-02-06 21:00:00,1,-53.29175178959221,-47.95324897363468,2.7,2.7622124050060006
2021-02-06 21:00:00,2,-45.2,-46.90385153063263,2.7,2.6948216409571013
2021-02-06 21:00:00,4,-43.56,-43.954246206164996,1.5999999999999999,2.8594685373067685
2021-02-06 21:00:00,8,-42.9,-44.97053590818869,2.7,2.927564513795456
2021-02-07 00:00:00,1,-45.2,-46.289142061488576,2.7,2.8007814363000807
2021-02-07 00:00:00,2,-44.38,-44.69620227435101,1.8,2.782661592913912
2021-02-07 00:00:00,4,-42.74,-41.798984216595,1.5,2.8823207048777606
2021-02-07 00:00:00,8,-44.7,-44.591500511527705,2.6,2.871407987595385
2021-02-07 03:00:00,1,-44.38,-44.64815854785587,1.8,2.5409781022410867
2021-02-07 03:00:00,2,-43.56,-44.13008159070081,1.5999999999999999,2.7048980848457345
2021-02-07 03:00:00,4,-41.92,-44.22816843393755,1.5,2.886442246626642
2021-02-07 03:00:00,8,-46.5,-47.45277853891478,2.9,2.8724725779154214
2021-02-07 06:00:00,1,-43.56,-45.18788728025283,1.5999999999999999,2.1116025819875697
2021-02-07 06:00:00,2,-42.74,-45.00971531100737,1.5,2.371689792579864
2021-02-07 06:00:00,4,-41.1,-45.85632847095532,2.5,2.667550351822737
2021-02-07 06:00:00,8,-44.233333333333334,-47.5409750650657,1.8,2.799848760056563
2021-02-07 09:00:00,1,-42.74,-43.52230874483523,1.5,2.1806814089905924
2021-02-07 09:00:00,2,-41.92,-44.112561888634914,1.5,2.369125519431953
2021-02-07 09:00:00,4,-42.9,-45.571035296563096,2.7,2.5971840562297315
2021-02-07 09:00:00,8,-41.96666666666667,-44.01267811592984,1.6999999999999997,2.8559113894543904
2021-02-07 12:00:00,1,-41.92,-44.39444493184283,1.5,2.166199440179457
2021-02-07 12:00:00,2,-41.1,-45.672246952592225,2.5,2.273434600436037
2021-02-07 12:00:00,4,-44.7,-47.24538953403541,2.6,2.5039615407335525
2021-02-07 12:00:00,8,-39.7,-43.306183665455585,2.1,2.8869781142373983
2021-02-07 15:00:00,1,-41.1,-44.5203524797954,2.5,2.197798673403124
2021-02-07 15:00:00,2,-42.9,-45.63548987410096,2.7,2.2824049709199405
2021-02-07 15:00:00,4,-46.5,-46.76953789763306,2.9,2.517635922397174
2021-02-07 15:00:00,8,-41.900000000000006,-43.31613738662848,1.5999999999999999,2.8729946889248272
2021-02-07 18:00:00,1,-42.9,-43.186595631683794,2.7,2.7578236226138246
2021-02-07 18:00:00,2,-44.7,-43.83302119414458,2.6,2.786033559849657
2021-02-07 18:00:00,4,-44.233333333333334,-44.637117590689485,1.8,2.8851847972868936
2021-02-07 18:00:00,8,-44.1,-44.07935471851998,2.2,3.052553741138723
2021-02-07 21:00:00,1,-44.7,-44.824535028634955,2.6,2.866269150508631
2021-02-07 21:00:00,2,-46.5,-44.3554571822874,2.9,2.9224383669068468
2021-02-07 21:00:00,4,-41.96666666666667,-43.1580292084436,1.6999999999999997,3.1164401442939162
2021-02-07 21:00:00,8,-45.733333333333334,-44.956808923332645,2.9,3.1369431322435437
2021-02-08 00:00:00,1,-46.5,-44.271364629773885,2.9,2.6070413542596373
2021-02-08 00:00:00,2,-44.233333333333334,-43.31840192123916,1.8,2.7361423124422957
2021-02-08 00:00:00,4,-39.7,-41.872143887090594,2.1,2.9757528752441376
2021-02-08 00:00:00,8,-47.36666666666667,-45.181286050185065,2.9,2.9503168127062542
2021-02-08 03:00:00,1,-44.233333333333334,-43.94557929975972,1.8,2.649972507865756
2021-02-08 03:00:00,2,-41.96666666666667,-43.15318528028975,1.6999999999999997,2.799674563092947
2021-02-08 03:00:00,4,-41.900000000000006,-42.656243499166976,1.5999999999999999,2.96136181730627
2021-02-08 03:00:00,8,-49.0,-46.093403557612895,2.6,2.932698072186343
2021-02-08 06:00:00,1,-41.96666666666667,-44.03766148774818,1.6999999999999997,2.1876891710151205
2021-02-08 06:00:00,2,-39.7,-43.81117200163149,2.1,2.452322245191759
2021-02-08 06:00:00,4,-44.1,-45.044601968929335,2.2,2.721763518141291
2021-02-08 06:00:00,8,-46.46666666666667,-47.10339896299044,2.7,2.834157723825369
2021-02-08 09:00:00,1,-39.7,-40.88975952064088,2.1,2.3962929942142632
2021-02-08 09:00:00,2,-41.900000000000006,-41.50166371918148,1.5999999999999999,2.5597194987355727
2021-02-08 09:00:00,4,-45.733333333333334,-43.87066232735022,2.9,2.7161985996537847
2021-02-08 09:00:00,8,-43.93333333333333,-43.16346827041495,2.4,2.9401756381430477
2021-02-08 12:00:00,1,-41.900000000000006,-41.50230352406035,1.5999999999999999,2.6119077786475504
2021-02-08 12:00:00,2,-44.1,-42.91299979085959,2.2,2.673113457424794
2021-02-08 12:00:00,4,-47.36666666666667,-45.93234925088107,2.9,2.725339594650566
2021-02-08 12:00:00,8,-41.4,-43.07924098421636,2.7,3.0679111203412415
2021-02-08 15:00:00,1,-44.1,-45.653586697459616,2.2,2.3383486963603564
2021-02-08 15:00:00,2,-45.733333333333334,-46.58214819897569,2.9,2.4200019101205426
2021-02-08 15:00:00,4,-49.0,-47.310494363716494,2.6,2.6863635172529525
2021-02-08 15:00:00,8,-43.65,-44.665085277607226,1.9,2.9812837221492283
2021-02-08 18:00:00,1,-45.733333333333334,-45.47517191938062,2.9,2.7727442030633767
2021-02-08 18:00:00,2,-47.36666666666667,-45.573737895775515,2.9,2.78595635225758
2021-02-08 18:00:00,4,-46.46666666666667,-44.935726343872616,2.7,2.917770506795795
2021-02-08 18:00:00,8,-45.9,-45.62942974027647,2.5,2.9731035031204294
2021-02-08 21:00:00,1,-47.36666666666667,-47.48806687613851,2.9,3.0757338276954016
2021-02-08 21:00:00,2,-49.0,-46.78342951696524,2.6,3.0775196798234683
2021-02-08 21:00:00,4,-43.93333333333333,-44.588501786408514,2.4,3.2898421043202997
2021-02-08 21:00:00,8,-47.06666666666666,-46.494052542963324,2.9,3.2711735964849082
2021-02-09 00:00:00,1,-49.0,-46.53979030604088,2.6,2.8008245189895824
2021-02-09 00:00:00,2,-46.46666666666667,-45.53579775465914,2.7,2.881442895079165
2021-02-09 00:00:00,4,-41.4,-43.824849271919234,2.7,3.070051498214972
2021-02-09 00:00:00,8,-48.233333333333334,-46.842587691727715,2.9,3.036758336819551
2021-02-09 03:00:00,1,-46.46666666666667,-45.55358116008727,2.7,2.537655296493114
2021-02-09 03:00:00,2,-43.93333333333333,-44.91728512104088,2.4,2.6992516931533297
2021-02-09 03:00:00,4,-43.65,-44.383566087399124,1.9,2.9210659059813864
2021-02-09 03:00:00,8,-49.4,-47.6914257587319,3.1,2.8973439799560006
2021-02-09 06:00:00,1,-43.93333333333333,-44.72306543325151,2.4,2.754889734114893
2021-02-09 06:00:00,2,-41.4,-44.27365149991524,2.7,2.8955411186968067
2021-02-09 06:00:00,4,-45.9,-45.260123988980595,2.5,2.9958301550341355
2021-02-09 06:00:00,8,-47.0,-47.9700874420148,3.3,3.0446431621604306
2021-02-09 09:00:00,1,-41.4,-42.37180267744559,2.7,2.798491655337262
2021-02-09 09:00:00,2,-43.65,-43.12981294868441,1.9,2.8509034533611093
2021-02-09 09:00:00,4,-47.06666666666666,-45.822791311387085,2.9,2.8716001001328535
2021-02-09 09:00:00,8,-44.6,-44.94048669391166,3.4,3.134717602073856
2021-02-09 12:00:00,1,-43.65,-42.6740269045951,1.9,2.9246906637969925
2021-02-09 12:00:00,2,-45.9,-43.9803182549788,2.5,2.9145445304588806
2021-02-09 12:00:00,4,-48.233333333333334,-46.902218875389934,2.9,2.8782159589793657
2021-02-09 12:00:00,8,-42.6,-44.42919181257278,4.1,3.2029970265739665
2021-02-09 15:00:00,1,-45.9,-47.511046534704455,2.5,2.4286539592476086
2021-02-09 15:00:00,2,-47.06666666666666,-48.33853255487846,2.9,2.4882271879978948
2021-02-09 15:00:00,4,-49.4,-48.961336132140964,3.1,2.738286049486123
2021-02-09 15:00:00,8,-43.1,-46.670083903768344,3.3,3.0241000241301164
2021-02-09 18:00:00,1,-47.06666666666666,-46.87341612782512,2.9,2.914700705208324
2021-02-09 18:00:00,2,-48.233333333333334,-46.8557159402613,2.9,2.909326939495401
2021-02-09 18:00:00,4,-47.0,-45.965400792782226,3.3,3.029842392111015
2021-02-09 18:00:00,8,-46.3,-47.02259045398804,3.2,3.0588180068483863
2021-02-09 21:00:00,1,-48.233333333333334,-48.56188353868396,2.9,3.02721306836757
2021-02-09 21:00:00,2,-49.4,-47.98253013385667,3.1,3.043183469452762
2021-02-09 21:00:00,4,-44.6,-46.158510188546444,3.4,3.2597606294588397
2021-02-09 21:00:00,8,-48.45,-48.07177210694367,3.6,3.2530263465363585
2021-02-10 00:00:00,1,-49.4,-47.24715980496714,3.1,2.82140130204103
2021-02-10 00:00:00,2,-47.0,-46.287982775396124,3.3,2.9075297834933567
2021-02-10 00:00:00,4,-42.6,-44.905757825706445,4.1,3.093715678506781
2021-02-10 00:00:00,8,-50.6,-48.22072343805028,3.7,3.056606979762293
2021-02-10 03:00:00,1,-47.0,-46.04325092472086,3.3,2.779547322312772
2021-02-10 03:00:00,2,-44.6,-45.36586039122513,3.4,2.8904898333132225
2021-02-10 03:00:00,4,-43.1,-45.08157447721653,3.3,3.0200323890632723
2021-02-10 03:00:00,8,-49.4,-48.54136078849294,3.4,2.9797479948930086
2021-02-10 06:00:00,1,-44.6,-44.55885461168375,3.4,3.4705401817979746
2021-02-10 06:00:00,2,-42.6,-44.22017807796161,4.1,3.4777661565784252
2021-02-10 06:00:00,4,-46.3,-45.834491526959056,3.2,3.3370213284156307
2021-02-10 06:00:00,8,-46.7,-47.839830950088306,4.0,3.4417546800920613
2021-02-10 09:00:00,1,-42.6,-43.72660607996773,4.1,3.541443331424702
2021-02-10 09:00:00,2,-43.1,-44.5432017276822,3.3,3.4407836533232663
2021-02-10 09:00:00,4,-48.45,-47.44861332269324,3.6,3.180366804170116
2021-02-10 09:00:00,8,-44.7,-45.91191656331376,4.7,3.4911455444553288
2021-02-10 12:00:00,1,-43.1,-43.33441361473358,3.3,4.2104436243027745
2021-02-10 12:00:00,2,-46.3,-44.93594033266656,3.2,3.9080647021264503
2021-02-10 12:00:00,4,-50.6,-48.390058822907385,3.7,3.49233740999794
2021-02-10 12:00:00,8,-42.9,-44.446923341929654,4.5,3.969665803212288
2021-02-10 15:00:00,1,-46.3,-44.689801343558386,3.2,3.4564655790113346
2021-02-10 15:00:00,2,-48.45,-46.07066022337157,3.6,3.3131024910383515
2021-02-10 15:00:00,4,-49.4,-47.88526718350167,3.4,3.2250947671972376
2021-02-10 15:00:00,8,-43.7,-44.81401715518711,4.8,3.522258164566293
2021-02-10 18:00:00,1,-48.45,-47.085999944840324,3.6,3.3859278591030466
2021-02-10 18:00:00,2,-50.6,-47.231901395257466,3.7,3.3085720369803266
2021-02-10 18:00:00,4,-46.7,-46.255327509039304,4.0,3.357656657003059
2021-02-10 18:00:00,8,-46.7,-46.72560282803177,4.6,3.3468879574735846
2021-02-10 21:00:00,1,-50.6,-50.632933012325644,3.7,3.455450283179472
2021-02-10 21:00:00,2,-49.4,-49.869404424006596,3.4,3.4168068835918493
2021-02-10 21:00:00,4,-44.7,-47.25540305679046,4.7,3.6102523084290867
2021-02-10 21:00:00,8,-48.8,-49.180616285354574,4.3,3.4990214519994027
2021-02-11 00:00:00,1,-49.4,-47.87877114657841,3.4,3.400821886112782
2021-02-11 00:00:00,2,-46.7,-46.958384809542125,4.0,3.4378028164232126
2021-02-11 00:00:00,4,-42.9,-45.03760878632317,4.5,3.5732162250778723
2021-02-11 00:00:00,8,-50.9,-48.64034033245593,4.2,3.3384896323291837
2021-02-11 03:00:00,1,-46.7,-46.21748103305159,4.0,3.2038760893963287
2021-02-11 03:00:00,2,-44.7,-45.334217428758855,4.7,3.277500460062734
2021-02-11 03:00:00,4,-43.7,-44.82806404248258,4.8,3.3454487130473813
2021-02-11 03:00:00,8,-50.1,-48.765069501039825,3.8,3.2399583217353762
2021-02-11 06:00:00,1,-44.7,-44.32228027321403,4.7,4.490098800514127
2021-02-11 06:00:00,2,-42.9,-43.923931847523754,4.5,4.363803975726383
2021-02-11 06:00:00,4,-46.7,-45.656548677028326,4.6,3.904858534229078
2021-02-11 06:00:00,8,-47.2,-47.38972893830686,3.8,3.8726944005673847
2021-02-11 09:00:00,1,-42.9,-43.85124554617841,4.5,4.9539342872303465
2021-02-11 09:00:00,2,-43.7,-44.62035441466279,4.8,4.6022722607346696
2021-02-11 09:00:00,4,-48.8,-47.71145676699745,4.3,3.9687555747562455
2021-02-11 09:00:00,8,-44.8,-45.725731902561684,3.5,4.345965342865501
2021-02-11 12:00:00,1,-43.7,-43.92447798727396,4.8,4.483525491155513
2021-02-11 12:00:00,2,-46.7,-45.572611032227606,4.6,4.151831331480951
2021-02-11 12:00:00,4,-50.9,-48.866115441841316,4.2,3.7233225171026523
2021-02-11 12:00:00,8,-42.4,-44.72781209377175,3.4,4.179533980711934
2021-02-11 15:00:00,1,-46.7,-46.44639212299471,4.6,4.627290399856323
2021-02-11 15:00:00,2,-48.8,-48.061948436199415,4.3,4.294176057712855
2021-02-11 15:00:00,4,-50.1,-49.934507452435206,3.8,3.974897390717839
2021-02-11 15:00:00,8,-43.4,-46.37401563707494,3.6,4.297695881453041
2021-02-11 18:00:00,1,-48.8,-48.824964027813785,4.3,4.697919670479802
2021-02-11 18:00:00,2,-50.9,-49.15043593989742,4.2,4.565340798202933
2021-02-11 18:00:00,4,-47.2,-47.85021769235603,3.8,4.527046898935868
2021-02-11 18:00:00,8,-46.6,-47.99974830625837,3.3,4.1562215535174545
2021-02-11 21:00:00,1,-50.9,-51.561411476102656,4.2,4.24081196162651
2021-02-11 21:00:00,2,-50.1,-51.00626402252581,3.8,4.170034567597789
2021-02-11 21:00:00,4,-44.8,-48.39363178731538,3.5,4.28063316356447
2021-02-11 21:00:00,8,-47.93333333333334,-49.997001546780055,3.0,3.9404669902840084
2021-02-12 00:00:00,1,-50.1,-47.76022747899121,3.8,3.9040045052219643
2021-02-12 00:00:00,2,-47.2,-46.76149566558587,3.8,3.9437125617798237
2021-02-12 00:00:00,4,-42.4,-44.61969299475423,3.4,4.0368741856529695
2021-02-12 00:00:00,8,-49.266666666666666,-48.304704673160884,3.2,3.611417237293229
2021-02-12 03:00:00,1,-47.2,-46.405092285763295,3.8,3.63544528102377
2021-02-12 03:00:00,2,-44.8,-45.45542442825453,3.5,3.689406189664066
2021-02-12 03:00:00,4,-43.4,-44.685167081192546,3.6,3.7146370762252143
2021-02-12 03:00:00,8,-50.6,-48.68090850093228,2.8,3.450879812341161
2021-02-12 06:00:00,1,-44.8,-44.68332836266679,3.5,4.233620724930478
2021-02-12 06:00:00,2,-42.4,-44.23339566861792,3.4,4.14748045972273
2021-02-12 06:00:00,4,-46.6,-45.581126633425036,3.3,3.792280560612614
2021-02-12 06:00:00,8,-47.7,-47.56489497742323,2.7,3.7388504541678484
2021-02-12 09:00:00,1,-42.4,-43.12554902382728,3.4,3.8281341561044058
2021-02-12 09:00:00,2,-43.4,-43.95321012574179,3.6,3.7172033488791354
2021-02-12 09:00:00,4,-47.93333333333334,-47.05026813925742,3.0,3.473395409730462
2021-02-12 09:00:00,8,-44.8,-45.630869301253924,2.1,3.793860090380499
2021-02-12 12:00:00,1,-43.4,-43.745346310710204,3.6,3.6359665655706914
2021-02-12 12:00:00,2,-46.6,-45.1720369789801,3.3,3.4894287286047776
2021-02-12 12:00:00,4,-49.266666666666666,-48.17587729494749,3.2,3.282259337687374
2021-02-12 12:00:00,8,-41.9,-44.92644917312906,2.6,3.659534263032484
2021-02-12 15:00:00,1,-46.6,-45.58998807509753,3.3,3.8067938550179106
2021-02-12 15:00:00,2,-47.93333333333334,-46.851569096815,3.0,3.617895576781374
2021-02-12 15:00:00,4,-50.6,-48.4642322382955,2.8,3.466631334168427
2021-02-12 15:00:00,8,-43.3,-45.636908540549705,2.9,3.7559829148260584
2021-02-12 18:00:00,1,-47.93333333333334,-47.72944803696111,3.0,3.609316842874685
2021-02-12 18:00:00,2,-49.266666666666666,-47.89813965418391,3.2,3.5250011002412425
2021-02-12 18:00:00,4,-47.7,-47.10594161098314,2.7,3.5426094866525304
2021-02-12 18:00:00,8,-46.1,-47.73450451290692,2.9,3.4828638571615276
2021-02-12 21:00:00,1,-49.266666666666666,-49.18083531765545,3.2,3.15897374278503
2021-02-12 21:00:00,2,-50.6,-48.41084563671114,2.8,3.172361368626696
2021-02-12 21:00:00,4,-44.8,-46.23180315172513,2.1,3.4111776743210926
2021-02-12 21:00:00,8,-48.233333333333334,-48.757442998063695,3.4,3.3777572910232574
2021-02-13 00:00:00,1,-50.6,-48.79111164906255,2.8,3.0634504090528556
2021-02-13 00:00:00,2,-47.7,-47.70034087772814,2.7,3.0982210720894767
2021-02-13 00:00:00,4,-41.9,-45.75149125394595,2.6,3.273330983489766
2021-02-13 00:00:00,8,-50.36666666666667,-49.13177568476481,3.5,3.205096827805728
2021-02-13 03:00:00,1,-47.7,-46.694296699778185,2.7,2.6620077211622255
2021-02-13 03:00:00,2,-44.8,-46.13943780684772,2.1,2.809776067456909
2021-02-13 03:00:00,4,-43.3,-45.71061939430243,2.9,3.0370685001918667
2021-02-13 03:00:00,8,-52.5,-49.053132641487004,3.0,3.0024554515490163
2021-02-13 06:00:00,1,-44.8,-45.82623746762089,2.1,2.7873267336967893
2021-02-13 06:00:00,2,-41.9,-45.382738847410174,2.6,2.9353117198026677
2021-02-13 06:00:00,4,-46.1,-46.535535387446124,2.9,3.0361062312593967
2021-02-13 06:00:00,8,-48.96666666666667,-49.424584044730246,3.1,3.076977840354761
2021-02-13 09:00:00,1,-41.9,-43.70320348732082,2.6,2.6440179256469656
2021-02-13 09:00:00,2,-43.3,-44.427180894310496,2.9,2.754316808992746
2021-02-13 09:00:00,4,-48.233333333333334,-47.205512686258686,3.4,2.8555995731571064
2021-02-13 09:00:00,8,-45.43333333333333,-46.83058126323512,4.5,3.0915010256497886
2021-02-13 12:00:00,1,-43.3,-43.55913355041953,2.9,3.0823907963854853
2021-02-13 12:00:00,2,-46.1,-44.847220722797104,2.9,3.0593989299945745
2021-02-13 12:00:00,4,-50.36666666666667,-47.8274260845484,3.5,3.005808169906903
2021-02-13 12:00:00,8,-41.9,-45.35702128508331,4.3,3.332505857322643
2021-02-13 15:00:00,1,-46.1,-45.2908749712216,2.9,3.2683989219845553
2021-02-13 15:00:00,2,-48.233333333333334,-46.44883894435578,3.4,3.1691129978224666
2021-02-13 15:00:00,4,-52.5,-48.11600402295273,3.0,3.1235759280232624
2021-02-13 15:00:00,8,-43.0,-45.936433770991755,4.6,3.3823419183641206
2021-02-13 18:00:00,1,-48.233333333333334,-47.66016718354365,3.4,3.2049396666333196
2021-02-13 18:00:00,2,-50.36666666666667,-47.87628001440647,3.5,3.1478166592081176
2021-02-13 18:00:00,4,-48.96666666666667,-47.35092131399887,3.1,3.1954509708713896
2021-02-13 18:00:00,8,-45.4,-47.983491642427445,4.3,3.2397848179338435
2021-02-13 21:00:00,1,-50.36666666666667,-51.07377838764174,3.5,3.338325859456901
2021-02-13 21:00:00,2,-52.5,-50.46206944486935,3.0,3.2859315504456235
2021-02-13 21:00:00,4,-45.43333333333333,-48.30029520710383,4.5,3.4443306036949917
2021-02-13 21:00:00,8,-47.75,-50.335480663231,3.8,3.3701981985414933
2021-02-14 00:00:00,1,-52.5,-51.67047848423476,3.0,3.361430711267433
2021-02-14 00:00:00,2,-48.96666666666667,-50.68956907337362,3.1,3.3388676456054482
2021-02-14 00:00:00,4,-41.9,-48.7880959921701,4.3,3.439657651508634
2021-02-14 00:00:00,8,-50.1,-51.73633713807634,3.2,3.3130192849282434
2021-02-14 03:00:00,1,-48.96666666666667,-48.69104126660113,3.1,3.1768909695621566
2021-02-14 03:00:00,2,-45.43333333333333,-48.31220761021727,4.5,3.3084741944862235
2021-02-14 03:00:00,4,-43.0,-47.90903074714443,4.6,3.567941114991497
2021-02-14 03:00:00,8,-47.5,-51.329931890193826,3.7,3.490429428042765
2021-02-14 06:00:00,1,-45.43333333333333,-46.566952112601626,4.5,3.131023101488611
2021-02-14 06:00:00,2,-41.9,-46.158913669100684,4.3,3.2109366916996884
2021-02-14 06:00:00,4,-45.4,-47.51438425553931,4.3,3.2072702641788284
2021-02-14 06:00:00,8,-45.8,-50.30549953629751,3.2,3.2611890765525877
2021-02-14 09:00:00,1,-41.9,-43.46224201832473,4.3,5.208123434973741
2021-02-14 09:00:00,2,-43.0,-44.29153433447995,4.6,4.822292570090458
2021-02-14 09:00:00,4,-47.75,-47.703057526709856,3.8,4.104378628283573
2021-02-14 09:00:00,8,-44.1,-45.69476116751882,2.4,4.457417221357051
2021-02-14 12:00:00,1,-43.0,-43.30384708074594,4.6,4.328651646982519
2021-02-14 12:00:00,2,-45.4,-45.04618274810077,4.3,4.011242864688161
2021-02-14 12:00:00,4,-50.1,-48.87784807995782,3.2,3.5620332145730265
2021-02-14 12:00:00,8,-42.400000000000006,-44.45742104134979,2.0,4.0652784748730015
2021-02-14 15:00:00,1,-45.4,-46.6259280006137,4.3,4.558375052464701
2021-02-14 15:00:00,2,-47.75,-48.126314752366035,3.8,4.22533770463267
2021-02-14 15:00:00,4,-47.5,-50.03281008571836,3.7,3.8908155502974804
2021-02-14 15:00:00,8,-40.7,-46.76728813329267,2.0,4.213199796707512
2021-02-14 18:00:00,1,-47.75,-47.828779545657575,3.8,4.312160094650806
2021-02-14 18:00:00,2,-50.1,-48.052430618125285,3.2,4.19965940860666
2021-02-14 18:00:00,4,-45.8,-47.13104386546478,3.2,4.147614719886301
2021-02-14 18:00:00,8,-43.0,-47.614002883880175,1.9,3.8780529966947093
2021-02-14 21:00:00,1,-50.1,-50.055056994777765,3.2,3.444073440561989
2021-02-14 21:00:00,2,-47.5,-49.413714206548924,3.7,3.4041664331561066
2021-02-14 21:00:00,4,-44.1,-47.22521694732539,2.4,3.5541512152006414
2021-02-14 21:00:00,8,-45.300000000000004,-49.224817580071566,1.8,3.4700188439308928
2021-02-15 00:00:00,1,-47.5,-47.57671299490702,3.7,3.0088522711771217
2021-02-15 00:00:00,2,-45.8,-46.8206567223523,3.2,3.077158542377931
2021-02-15 00:00:00,4,-42.400000000000006,-45.40947375713451,2.0,3.259982441325581
2021-02-15 00:00:00,8,-47.6,-49.068830196549904,2.8,3.176548387532394
2021-02-15 03:00:00,1,-45.8,-45.20873785839417,3.2,3.5644604182514223
2021-02-15 03:00:00,2,-44.1,-44.36645346839242,2.4,3.570618056970577
2021-02-15 03:00:00,4,-40.7,-44.471036348552424,2.0,3.436859809398642
2021-02-15 03:00:00,8,-44.9,-48.24619314803668,2.5,3.2437424268499617
2021-02-15 06:00:00,1,-44.1,-44.217046060159326,2.4,3.1757951336281995
2021-02-15 06:00:00,2,-42.400000000000006,-44.00276474281236,2.0,3.2299116304961757
2021-02-15 06:00:00,4,-43.0,-45.83318453816372,1.9,3.164596833567395
2021-02-15 06:00:00,8,-45.7,-47.91517662058669,3.3,3.2463144580811925
2021-02-15 09:00:00,1,-42.400000000000006,-44.14114704490085,2.0,2.6863388833389057
2021-02-15 09:00:00,2,-40.7,-44.65917356698662,2.0,2.781349490409882
2021-02-15 09:00:00,4,-45.300000000000004,-47.019108632955245,1.8,2.855431721292563
2021-02-15 09:00:00,8,-42.8,-46.93662676040424,2.1,3.069859012436382
2021-02-15 12:00:00,1,-40.7,-44.15572277992276,2.0,2.566375560982932
2021-02-15 12:00:00,2,-43.0,-45.14933543379618,1.9,2.6343647371905896
2021-02-15 12:00:00,4,-47.6,-47.431694158202276,2.8,2.7480047684194764
2021-02-15 12:00:00,8,-42.9,-45.45552529839309,0.8000000000000003,3.0611673464302314
2021-02-15 15:00:00,1,-43.0,-45.03903249627884,1.9,2.591299110140259
2021-02-15 15:00:00,2,-45.300000000000004,-45.92388120274895,1.8,2.642213891344246
2021-02-15 15:00:00,4,-44.9,-47.670477912956954,2.5,2.731318704143083
2021-02-15 15:00:00,8,-43.0,-46.44160295291608,0.8000000000000003,2.966645311987848
2021-02-15 18:00:00,1,-45.300000000000004,-48.40526175404085,1.8,2.445097363474594
2021-02-15 18:00:00,2,-47.6,-48.91197857209108,2.8,2.5785439680397664
2021-02-15 18:00:00,4,-45.7,-49.19643272308078,3.3,2.879473568279595
2021-02-15 18:00:00,8,-43.1,-48.90106730510285,1.3000000000000003,3.070021638925218
2021-02-15 21:00:00,1,-47.6,-48.73110364338271,2.8,2.215995564420889
2021-02-15 21:00:00,2,-44.9,-48.334445873264805,2.5,2.4368272999757323
2021-02-15 21:00:00,4,-42.8,-47.76359005711021,2.1,2.823603318020037
2021-02-15 21:00:00,8,-43.2,-50.06203072385721,2.6,2.905320515972552
2021-02-16 00:00:00,1,-44.9,-46.8706641742949,2.5,2.535472795692767
2021-02-16 00:00:00,2,-45.7,-46.546114143227605,3.3,2.680931152683888
2021-02-16 00:00:00,4,-42.9,-46.42149953430107,0.8000000000000003,2.9205260393586094
2021-02-16 00:00:00,8,-43.5,-49.34999201826711,3.0,2.8907864000446684
2021-02-16 03:00:00,1,-45.7,-44.18122707395667,3.3,2.4447675249631375
2021-02-16 03:00:00,2,-42.8,-43.68221673449243,2.1,2.679275561707372
2021-02-16 03:00:00,4,-43.0,-44.719738159681015,0.8000000000000003,2.907817339117716
2021-02-16 03:00:00,8,-43.8,-48.23553369614435,2.5,2.9176131056826655
2021-02-16 06:00:00,1,-42.8,-44.546564305801205,2.1,3.2440437657357517
2021-02-16 06:00:00,2,-42.9,-44.39875496876329,0.8000000000000003,3.26895777058439
2021-02-16 06:00:00,4,-43.1,-46.38365233781237,1.3000000000000003,3.0941741785649794
2021-02-16 06:00:00,8,-41.9,-47.740152520165296,2.1,3.2468784520764937
2021-02-16 09:00:00,1,-42.9,-43.360415054450385,0.8000000000000003,2.4340665953573715
2021-02-16 09:00:00,2,-43.0,-44.2850584715844,0.8000000000000003,2.60707494596061
2021-02-16 09:00:00,4,-43.2,-47.04444036700212,2.6,2.7466954918839415
2021-02-16 09:00:00,8,-42.9,-45.881619496696274,2.1,3.0026394061019626
2021-02-16 12:00:00,1,-43.0,-46.328567875645746,0.8000000000000003,1.7223291542763384
2021-02-16 12:00:00,2,-43.1,-47.34651436969528,1.3000000000000003,2.0342382286392056
2021-02-16 12:00:00,4,-43.5,-49.39514797679547,3.0,2.485978463558487
2021-02-16 12:00:00,8,-53.29175178959221,-47.05652388910062,1.5999999999999999,2.8713630387002738
2021-02-16 15:00:00,1,-43.1,-46.529280718354414,1.3000000000000003,1.909550100241007
2021-02-16 15:00:00,2,-43.2,-47.285803515299975,2.6,2.1639923054650634
2021-02-16 15:00:00,4,-43.8,-48.17757623628124,2.5,2.5838013358428102
2021-02-16 15:00:00,8,-53.29175178959221,-45.80080810568992,1.9,2.9297242468873654
2021-02-16 18:00:00,1,-43.2,-46.672510190851206,2.6,2.075630562419809
2021-02-16 18:00:00,2,-43.5,-47.14955389614104,3.0,2.2598010620151854
2021-02-16 18:00:00,4,-41.9,-47.562226962258315,2.1,2.5942833328704897
2021-02-16 18:00:00,8,-53.29175178959221,-46.617259653206446,3.0,2.8499687509515015
2021-02-16 21:00:00,1,-43.5,-44.38153499510912,3.0,2.7719266983660513
2021-02-16 21:00:00,2,-43.8,-44.241844983724306,2.5,2.8695284519457167
2021-02-16 21:00:00,4,-42.9,-44.28582076163151,2.1,2.998866044999672
2021-02-16 21:00:00,8,-53.29175178959221,-46.16501487148159,3.3,3.029684244515642
2021-02-17 00:00:00,1,-43.8,-43.90274767742417,2.5,2.7766759250416815
2021-02-17 00:00:00,2,-41.9,-43.10317962959962,2.1,2.948674125208524
2021-02-17 00:00:00,4,-53.29175178959221,-43.1565233613751,1.5999999999999999,3.099177795725278
2021-02-17 00:00:00,8,-53.29175178959221,-46.61944565320924,2.9,3.0733240230518057
2021-02-17 03:00:00,1,-41.9,-42.80726627061901,2.1,2.467024532905148
2021-02-17 03:00:00,2,-42.9,-42.265855168411065,2.1,2.6669171215993197
2021-02-17 03:00:00,4,-53.29175178959221,-42.99833376657838,1.9,2.7979130782781256
2021-02-17 03:00:00,8,-52.0,-46.018753891070574,3.3,2.8117557383675726
2021-02-17 06:00:00,1,-42.9,-42.732909127478514,2.1,2.4791506037547246
2021-02-17 06:00:00,2,-53.29175178959221,-42.48308765781191,1.5999999999999999,2.668217920229371
2021-02-17 06:00:00,4,-53.29175178959221,-44.19413052618147,3.0,2.7290482250782837
2021-02-17 06:00:00,8,-49.233333333333334,-46.10558218584203,1.8,2.8209694087428083
2021-02-17 09:00:00,1,-53.29175178959221,-43.59347190708832,1.5999999999999999,2.6170514678688894
2021-02-17 09:00:00,2,-53.29175178959221,-44.39009310586495,1.9,2.722068242857258
2021-02-17 09:00:00,4,-53.29175178959221,-46.87056114265337,3.3,2.7741940848615547
2021-02-17 09:00:00,8,-46.46666666666667,-45.74251885512104,1.6999999999999997,3.0116311579701365
2021-02-17 12:00:00,1,-53.29175178959221,-51.238876686303584,1.9,2.041026844805006
2021-02-17 12:00:00,2,-53.29175178959221,-51.92250000367347,3.0,2.228310388637837
2021-02-17 12:00:00,4,-53.29175178959221,-52.09308451209018,2.9,2.6472626706802966
2021-02-17 12:00:00,8,-43.7,-48.46014915918679,2.0,3.0889508290241903
2021-02-17 15:00:00,1,-53.29175178959221,-52.222293125389754,3.0,2.4146134813635443
2021-02-17 15:00:00,2,-53.29175178959221,-52.747359347426844,3.3,2.4889076598833153
2021-02-17 15:00:00,4,-52.0,-52.21350301331524,3.3,2.8108110650879934
2021-02-17 15:00:00,8,-44.0,-48.622264763876466,3.0,3.2086114528302874
2021-02-17 18:00:00,1,-53.29175178959221,-54.45112425517405,3.3,2.9389746015328693
2021-02-17 18:00:00,2,-53.29175178959221,-54.62443104148647,2.9,2.835710353572396
2021-02-17 18:00:00,4,-49.233333333333334,-53.369185925347296,1.8,2.922504697186228
2021-02-17 18:00:00,8,-47.1,-51.69169705825661,3.3,3.134106233116151
2021-02-17 21:00:00,1,-53.29175178959221,-52.443247903028706,2.9,3.136458185385849
2021-02-17 21:00:00,2,-52.0,-51.66373000177723,3.3,3.07775914066326
2021-02-17 21:00:00,4,-46.46666666666667,-49.6752848858548,1.6999999999999997,3.1823905175331664
2021-02-17 21:00:00,8,-49.45,-51.01823640734664,3.7,3.191117108244296
2021-02-18 00:00:00,1,-52.0,-49.18318343038093,3.3,2.6220024580309977
2021-02-18 00:00:00,2,-49.233333333333334,-48.07280098235698,1.8,2.702600945700798
2021-02-18 00:00:00,4,-43.7,-46.62281219408368,2.0,2.917114988745383
2021-02-18 00:00:00,8,-51.8,-49.59026180631307,3.2,2.940639523537434
2021-02-18 03:00:00,1,-49.233333333333334,-46.74183607558052,1.8,2.8735089085505123
2021-02-18 03:00:00,2,-46.46666666666667,-46.07159039014929,1.6999999999999997,2.9568999329743577
2021-02-18 03:00:00,4,-44.0,-46.20653590251684,3.0,3.022701649606763
2021-02-18 03:00:00,8,-51.5,-49.45634516935883,3.6,3.0104982112046286
2021-02-18 06:00:00,1,-46.46666666666667,-49.765335261052265,1.6999999999999997,1.9218226948910175
2021-02-18 06:00:00,2,-43.7,-49.57878782805187,2.0,2.241130901254826
2021-02-18 06:00:00,4,-47.1,-50.48072429624454,3.3,2.708437423764581
2021-02-18 06:00:00,8,-47.8,-53.095155982676786,2.8,2.846725125641536
2021-02-18 09:00:00,1,-43.7,-45.939106829663594,2.0,2.3051246912128116
2021-02-18 09:00:00,2,-44.0,-46.36958959949513,3.0,2.5395190493753415
2021-02-18 09:00:00,4,-49.45,-48.41003183084325,3.7,2.844228995658456
2021-02-18 09:00:00,8,-45.349999999999994,-49.17789387236494,2.6,3.0174530796301644
2021-02-18 12:00:00,1,-44.0,-46.88286477780423,3.0,2.525689292764681
2021-02-18 12:00:00,2,-47.1,-48.04111082707588,3.3,2.58641402369625
2021-02-18 12:00:00,4,-51.8,-50.37288889449172,3.2,2.6964745126054437
2021-02-18 12:00:00,8,-42.9,-48.21154605669379,2.2,3.0056324266586385
2021-02-18 15:00:00,1,-47.1,-46.46211993909918,3.3,3.1431207526927616
2021-02-18 15:00:00,2,-49.45,-47.56899606905668,3.7,3.0508757556948916
2021-02-18 15:00:00,4,-51.5,-49.2526595395666,3.6,3.0164359442527724
2021-02-18 15:00:00,8,-43.3,-47.476821656941546,2.0,3.264384153856623
2021-02-18 18:00:00,1,-49.45,-48.10222264027197,3.7,3.226760035782844
2021-02-18 18:00:00,2,-51.8,-48.3055649513426,3.2,3.143155570757421
2021-02-18 18:00:00,4,-47.8,-47.640982043440026,2.8,3.1551084044062665
2021-02-18 18:00:00,8,-45.4,-48.246165408748574,1.8,3.1719092669877305
2021-02-18 21:00:00,1,-51.8,-50.89735147179337,3.2,3.223027198002362
2021-02-18 21:00:00,2,-51.5,-50.45079252362884,3.6,3.1366353682784407
2021-02-18 21:00:00,4,-45.349999999999994,-48.57830411649004,2.6,3.2390600636553155
2021-02-18 21:00:00,8,-47.5,-49.897870337358725,3.1,3.2579524361836185
2021-02-19 00:00:00,1,-51.5,-48.41664350817537,3.6,2.912202122497871
2021-02-19 00:00:00,2,-47.8,-47.89471403222831,2.8,2.9560242026620127
2021-02-19 00:00:00,4,-42.9,-46.68351800497206,2.2,3.110186915857429
2021-02-19 00:00:00,8,-47.8,-49.6077508870869,2.2,3.0647513143232277
2021-02-19 03:00:00,1,-47.8,-47.40290113740082,2.8,3.114632750821099
2021-02-19 03:00:00,2,-45.349999999999994,-46.816806365063265,2.6,3.135055918490796
2021-02-19 03:00:00,4,-43.3,-46.328454756990354,2.0,3.1696738192682314
2021-02-19 03:00:00,8,-53.29175178959221,-49.38434334395372,0.20000000000000018,3.127343263947442
2021-02-19 06:00:00,1,-45.349999999999994,-46.339559118243834,2.6,2.7436331017987485
2021-02-19 06:00:00,2,-42.9,-46.09566809222356,2.2,2.8188713137561754
2021-02-19 06:00:00,4,-45.4,-47.08728207635152,1.8,2.841998666674343
2021-02-19 06:00:00,8,-53.29175178959221,-49.28514692919282,1.1,2.914449727213913
2021-02-19 09:00:00,1,-42.9,-43.95755690821274,2.2,2.8311242332670448
2021-02-19 09:00:00,2,-43.3,-44.58933468555262,2.0,2.880770901099228
2021-02-19 09:00:00,4,-47.5,-46.8490966976688,3.1,2.9337295506868486
2021-02-19 09:00:00,8,-53.29175178959221,-46.61139909815611,1.3000000000000003,3.139705063225591
2021-02-19 12:00:00,1,-43.3,-44.96719998860631,2.0,2.609969697461901
2021-02-19 12:00:00,2,-45.4,-46.06772490233948,1.8,2.6516733143381854
2021-02-19 12:00:00,4,-47.8,-48.327082713400415,2.2,2.7391428511415703
2021-02-19 12:00:00,8,-53.29175178959221,-46.55713528661677,1.6999999999999997,3.0164999817652616
2021-02-19 15:00:00,1,-45.4,-45.850129280439816,1.8,2.708274370714462
2021-02-19 15:00:00,2,-47.5,-46.66830967008117,3.1,2.7158786253719787
2021-02-19 15:00:00,4,-53.29175178959221,-47.96305967536112,0.20000000000000018,2.80507946777947
2021-02-19 15:00:00,8,-53.29175178959221,-46.98571881583941,1.3000000000000003,3.007158982847291
2021-02-19 18:00:00,1,-47.5,-50.34368933100682,3.1,2.407925107099059
2021-02-19 18:00:00,2,-47.8,-50.57857553565764,2.2,2.530995928395818
2021-02-19 18:00:00,4,-53.29175178959221,-49.72781192975844,1.1,2.861560180554008
2021-02-19 18:00:00,8,-53.29175178959221,-49.05810842132197,1.3000000000000003,3.0805050755972254
2021-02-19 21:00:00,1,-47.8,-48.15787990072542,2.2,3.023865308784589
2021-02-19 21:00:00,2,-53.29175178959221,-48.07773353213257,0.20000000000000018,3.055431056947604
2021-02-19 21:00:00,4,-53.29175178959221,-47.10751374414269,1.3000000000000003,3.1849320229726397
2021-02-19 21:00:00,8,-53.29175178959221,-48.76466421923311,0.0,3.1802521658255265
2021-02-20 00:00:00,1,-53.29175178959221,-45.170892102907445,0.20000000000000018,2.342981365165627
2021-02-20 00:00:00,2,-53.29175178959221,-44.79077811626486,1.1,2.5982953550101677
2021-02-20 00:00:00,4,-53.29175178959221,-44.558152123218775,1.6999999999999997,2.9759711146601404
2021-02-20 00:00:00,8,-53.29175178959221,-47.79245404725915,0.0,2.963522616801385
2021-02-20 03:00:00,1,-53.29175178959221,-52.24064365515941,1.1,0.8829489014356677
2021-02-20 03:00:00,2,-53.29175178959221,-51.43690755414067,1.3000000000000003,1.4721833809268627
2021-02-20 03:00:00,4,-53.29175178959221,-50.56995762331967,1.3000000000000003,2.3819076415335445
2021-02-20 03:00:00,8,-53.29175178959221,-51.73849575904152,1.3000000000000003,2.7574351319260666
2021-02-20 06:00:00,1,-53.29175178959221,-50.18272148439376,1.3000000000000003,1.6703848674177757
2021-02-20 06:00:00,2,-53.29175178959221,-49.41947569271318,1.6999999999999997,2.0516642167797254
2021-02-20 06:00:00,4,-53.29175178959221,-48.35740932055848,1.3000000000000003,2.616467932034848
2021-02-20 06:00:00,8,-53.29175178959221,-49.56478525156727,1.9,2.8472301208794937
2021-02-20 09:00:00,1,-53.29175178959221,-51.239460832481,1.6999999999999997,1.7986140943001097
2021-02-20 09:00:00,2,-53.29175178959221,-51.66926308912774,1.3000000000000003,2.0663265143729084
2021-02-20 09:00:00,4,-53.29175178959221,-51.712417856157174,0.0,2.540666499224444
2021-02-20 09:00:00,8,-53.29175178959221,-49.125642780340364,1.4,2.949008282652963
2021-02-20 12:00:00,1,-53.29175178959221,-52.46545275284284,1.3000000000000003,2.1406081093348543
2021-02-20 12:00:00,2,-53.29175178959221,-53.51606176329041,1.3000000000000003,2.228547236789775
2021-02-20 12:00:00,4,-53.29175178959221,-53.251190063668844,0.0,2.5935931567158996
2021-02-20 12:00:00,8,-53.29175178959221,-48.024605230153014,1.6999999999999997,3.1066563214448677
2021-02-20 15:00:00,1,-53.29175178959221,-53.115093370844974,1.3000000000000003,1.9667004609084298
2021-02-20 15:00:00,2,-53.29175178959221,-53.772349549214454,0.0,2.105122049707833
2021-02-20 15:00:00,4,-53.29175178959221,-52.96587446368331,1.3000000000000003,2.553002224944219
2021-02-20 15:00:00,8,-45.5,-48.49268302112685,2.4,3.0621362270625756
2021-02-20 18:00:00,1,-53.29175178959221,-52.73017922648367,0.0,1.9436907855839873
2021-02-20 18:00:00,2,-53.29175178959221,-52.5734467098447,0.0,2.1130582223630574
2021-02-20 18:00:00,4,-53.29175178959221,-50.77121894740676,1.9,2.5911850049972722
2021-02-20 18:00:00,8,-48.7,-48.76875918660815,3.0,2.986050171236627
2021-02-20 21:00:00,1,-53.29175178959221,-52.44318071631142,0.0,1.0231369871449583
2021-02-20 21:00:00,2,-53.29175178959221,-51.6645008477736,1.3000000000000003,1.4503321394045399
2021-02-20 21:00:00,4,-53.29175178959221,-50.00599682151139,1.4,2.1785480693780186
2021-02-20 21:00:00,8,-49.150000000000006,-49.87835196554737,3.7,2.6160670710699057
2021-02-21 00:00:00,1,-53.29175178959221,-50.524347028666796,1.3000000000000003,1.0790186479188146
2021-02-21 00:00:00,2,-53.29175178959221,-49.36581998400915,1.9,1.5269828557277925
2021-02-21 00:00:00,4,-53.29175178959221,-47.55659696752469,1.6999999999999997,2.3093443420565976
2021-02-21 00:00:00,8,-49.6,-49.46877092942745,3.2,2.5844910854361185
2021-02-21 03:00:00,1,-53.29175178959221,-49.70035273641419,1.9,1.8135898077953851
2021-02-21 03:00:00,2,-53.29175178959221,-48.793276394286146,1.4,2.035451262285445
2021-02-21 03:00:00,4,-45.5,-48.251075622993476,2.4,2.4596279602718996
2021-02-21 03:00:00,8,-48.1,-51.0108772102377,3.2,2.5658881080777043
2021-02-21 06:00:00,1,-53.29175178959221,-49.06488149087578,1.4,2.292179409420781
2021-02-21 06:00:00,2,-53.29175178959221,-48.42442960212072,1.6999999999999997,2.445165613279745
2021-02-21 06:00:00,4,-48.7,-48.67119975009589,3.0,2.6294285700330375
2021-02-21 06:00:00,8,-46.1,-50.39528800938521,3.5,2.770272920274984
2021-02-21 09:00:00,1,-53.29175178959221,-50.95541700680494,1.6999999999999997,1.8518547008952606
2021-02-21 09:00:00,2,-45.5,-51.00734243238217,2.4,2.0381824275350144
2021-02-21 09:00:00,4,-49.150000000000006,-50.87447574549519,3.7,2.4488359598323854
2021-02-21 09:00:00,8,-44.8,-49.17114746134775,2.7,2.8021441929563706
2021-02-21 12:00:00,1,-45.5,-52.63694234559657,2.4,2.2546750750870572
2021-02-21 12:00:00,2,-48.7,-53.04337762936408,3.0,2.2756400289053014
2021-02-21 12:00:00,4,-49.6,-52.54748485265102,3.2,2.5595135762765935
2021-02-21 12:00:00,8,-43.6,-48.588020072336334,2.2,2.9786271518038827
2021-02-21 15:00:00,1,-48.7,-47.473062803278204,3.0,2.9880924933356128
2021-02-21 15:00:00,2,-49.150000000000006,-48.410822580679465,3.7,2.938137634977044
2021-02-21 15:00:00,4,-48.1,-49.72748139992941,3.2,2.951170041910963
2021-02-21 15:00:00,8,-44.5,-48.46474523500018,2.6,3.14855780943593
2021-02-21 18:00:00,1,-49.150000000000006,-48.48565885697812,3.7,2.991368110741743
2021-02-21 18:00:00,2,-49.6,-48.89124507536057,3.2,2.9090830530823064
2021-02-21 18:00:00,4,-46.1,-48.46034981871243,3.5,2.961130887692122
2021-02-21 18:00:00,8,-48.2,-48.38528478334954,3.4,3.0474592131051566
2021-02-21 21:00:00,1,-49.6,-49.01465464638181,3.2,3.17814362008748
2021-02-21 21:00:00,2,-48.1,-48.69859968223373,3.2,3.122709901980088
2021-02-21 21:00:00,4,-44.8,-47.154777168065976,2.7,3.260775871970542
2021-02-21 21:00:00,8,-49.3,-48.26435121397946,3.0,3.2826912576456753
2021-02-22 00:00:00,1,-48.1,-46.664880445620625,3.2,2.785875678855085
2021-02-22 00:00:00,2,-46.1,-46.33760223755577,3.5,2.848262452502564
2021-02-22 00:00:00,4,-43.6,-46.02978043821716,2.2,2.953316071721682
2021-02-22 00:00:00,8,-47.6,-48.57094672063357,2.2,2.9463296377612638
2021-02-22 03:00:00,1,-46.1,-45.6653697706454,3.5,2.76039077505039
2021-02-22 03:00:00,2,-44.8,-45.081602576755124,2.7,2.854477237103493
2021-02-22 03:00:00,4,-44.5,-45.446872081506626,2.6,2.9008544726681387
2021-02-22 03:00:00,8,-45.733333333333334,-48.590149152760944,2.1,2.882094520757877
2021-02-22 06:00:00,1,-44.8,-45.66603407255792,2.7,3.210784036080823
2021-02-22 06:00:00,2,-43.6,-45.386922796657444,2.2,3.200945453427173
2021-02-22 06:00:00,4,-48.2,-46.91614075576369,3.4,3.0223056940965662
2021-02-22 06:00:00,8,-43.86666666666667,-48.728071054717006,2.1,3.1163218268582673
2021-02-22 09:00:00,1,-43.6,-45.46984741706663,2.2,2.6643626593608993
2021-02-22 09:00:00,2,-44.5,-46.2851403989917,2.6,2.726102979385213
2021-02-22 09:00:00,4,-49.3,-48.43963901776309,3.0,2.785037219334772
2021-02-22 09:00:00,8,-42.0,-47.41988766873432,2.7,3.0172330806488725
2021-02-22 12:00:00,1,-44.5,-45.321881010812966,2.6,2.663585677985383
2021-02-22 12:00:00,2,-48.2,-46.393127646328104,3.4,2.712156664904193
2021-02-22 12:00:00,4,-47.6,-48.581714247674356,2.2,2.784466480339196
2021-02-22 12:00:00,8,-40.9,-46.68728298289381,2.4,3.056244615953069
2021-02-22 15:00:00,1,-48.2,-46.25322076414538,3.4,3.0222291796665726
2021-02-22 15:00:00,2,-49.3,-47.20838136094923,3.0,2.9566312526867353
2021-02-22 15:00:00,4,-45.733333333333334,-48.53721682705059,2.1,2.948284941358682
2021-02-22 15:00:00,8,-43.5,-46.927375527696306,3.2,3.1745328854740262
2021-02-22 18:00:00,1,-49.3,-48.53847157952418,3.0,3.2708853476984654
2021-02-22 18:00:00,2,-47.6,-48.61136034164764,2.2,3.1822748661055313
2021-02-22 18:00:00,4,-43.86666666666667,-47.6779628374886,2.1,3.2056908943714237
2021-02-22 18:00:00,8,-44.475,-48.50445384579581,3.0,3.197774343535181
2021-02-22 21:00:00,1,-47.6,-47.61842748045801,2.2,2.8294076440271745
2021-02-22 21:00:00,2,-45.733333333333334,-47.42105596108914,2.1,2.8523877266626645
2021-02-22 21:00:00,4,-42.0,-46.623732273847544,2.7,2.998030198167213
2021-02-22 21:00:00,8,-45.45,-48.763390733733786,4.0,3.0056180302153646
2021-02-23 00:00:00,1,-45.733333333333334,-45.68953177133547,2.1,2.2775071942777867
2021-02-23 00:00:00,2,-43.86666666666667,-45.31732888555995,2.1,2.4461375331612247
2021-02-23 00:00:00,4,-40.9,-45.476710188993664,2.4,2.6755558406863176
2021-02-23 00:00:00,8,-46.425,-48.53820319290551,3.8,2.7102382588576845
2021-02-23 03:00:00,1,-43.86666666666667,-44.630744759435466,2.1,2.1429866150443697
2021-02-23 03:00:00,2,-42.0,-44.09331298419371,2.7,2.3871161680697774
2021-02-23 03:00:00,4,-43.5,-45.358982488777315,3.2,2.646052409682391
2021-02-23 03:00:00,8,-47.4,-48.912851819290616,2.8,2.6948967690629275
2021-02-23 06:00:00,1,-42.0,-44.59804554251827,2.7,2.1979986240041525
2021-02-23 06:00:00,2,-40.9,-44.22167455851725,2.4,2.4166277037380652
2021-02-23 06:00:00,4,-44.475,-46.178020634846916,3.0,2.5669051368147757
2021-02-23 06:00:00,8,-46.25,-49.09711670515559,3.2,2.6597097288947245
2021-02-23 09:00:00,1,-40.9,-43.69913121572696,2.4,2.6919739711573327
2021-02-23 09:00:00,2,-43.5,-44.395696442061954,3.2,2.726180720178893
2021-02-23 09:00:00,4,-45.45,-47.06828030374978,4.0,2.669482247869795
2021-02-23 09:00:00,8,-45.1,-46.31901043001718,2.9,2.9308514350755637
2021-02-23 12:00:00,1,-43.5,-43.3212572666614,3.2,2.6431068973885194
2021-02-23 12:00:00,2,-44.475,-44.55149037106788,3.0,2.6762909124158587
2021-02-23 12:00:00,4,-46.425,-47.16747095450276,3.8,2.7091689763635443
2021-02-23 12:00:00,8,-43.7,-44.93801753701991,3.0,3.0082622302835267
2021-02-23 15:00:00,1,-44.475,-45.61148206062269,3.0,3.23451769254147
2021-02-23 15:00:00,2,-45.45,-46.671113859933136,4.0,3.0975742985453496
2021-02-23 15:00:00,4,-47.4,-47.84473540032529,2.8,3.0204501525190213
2021-02-23 15:00:00,8,-44.6,-45.8273715361787,3.1,3.262131990266878
2021-02-23 18:00:00,1,-45.45,-47.36914062252577,4.0,3.035156812485553
2021-02-23 18:00:00,2,-46.425,-47.53169032906175,3.8,3.0034881030930483
2021-02-23 18:00:00,4,-46.25,-46.98058812829166,3.2,3.1441008838789237
2021-02-23 18:00:00,8,-47.7,-47.35378314393001,3.3,3.2280326547081906
2021-02-23 21:00:00,1,-46.425,-46.57493166106271,3.8,3.909517276592722
2021-02-23 21:00:00,2,-47.4,-46.06923723391689,2.8,3.835529155792926
2021-02-23 21:00:00,4,-45.1,-44.70003029610936,2.9,3.790503386340632
2021-02-23 21:00:00,8,-49.75,-46.53742526154214,3.7,3.5657619533661875
2021-02-24 00:00:00,1,-47.4,-45.12268986619457,2.8,3.3798696758128433
2021-02-24 00:00:00,2,-46.25,-44.254400433971064,3.2,3.3971400090754824
2021-02-24 00:00:00,4,-43.7,-43.247989521017345,3.0,3.39004396219558
2021-02-24 00:00:00,8,-51.8,-46.416621742600704,3.8,3.190649996980213
2021-02-24 03:00:00,1,-46.25,-44.88666094697406,3.2,2.5705772962528655
2021-02-24 03:00:00,2,-45.1,-44.37075774130498,2.9,2.7158262649745897
2021-02-24 03:00:00,4,-44.6,-44.3571734156449,3.1,2.8831204539617143
2021-02-24 03:00:00,8,-49.8,-47.4965086259845,3.4,2.882453791997805
2021-02-24 06:00:00,1,-45.1,-44.892936510594474,2.9,2.978381079264217
2021-02-24 06:00:00,2,-43.7,-44.46637830965392,3.0,3.0644197162464817
2021-02-24 06:00:00,4,-47.7,-45.62776466248924,3.3,3.0540869090272498
2021-02-24 06:00:00,8,-47.699999999999996,-48.00206831944524,2.6,3.0793476548781515
2021-02-24 09:00:00,1,-43.7,-44.73993308192172,3.0,3.055237611406129
2021-02-24 09:00:00,2,-44.6,-45.48249292993711,3.1,3.0372593863656485
2021-02-24 09:00:00,4,-49.75,-47.773228559100104,3.7,2.951725851261662
2021-02-24 09:00:00,8,-45.599999999999994,-46.78815168045183,2.7,3.193708094792504
2021-02-24 12:00:00,1,-44.6,-44.8193135579625,3.1,3.1528459766856685
2021-02-24 12:00:00,2,-47.7,-46.12375826430956,3.3,3.0842093870919602
2021-02-24 12:00:00,4,-51.8,-48.55112753965901,3.8,3.0122911549140112
2021-02-24 12:00:00,8,-43.5,-45.82132220986906,2.3,3.3341539568166407
2021-02-24 15:00:00,1,-47.7,-45.3590603028842,3.3,3.337274545856773
2021-02-24 15:00:00,2,-49.75,-46.53295779515542,3.7,3.2095174156735076
2021-02-24 15:00:00,4,-49.8,-48.10629923487177,3.4,3.1272541126394633
2021-02-24 15:00:00,8,-41.4,-45.69714530529378,3.3,3.399746605100611
2021-02-24 18:00:00,1,-49.75,-47.69562663975243,3.7,3.3170587136303022
2021-02-24 18:00:00,2,-51.8,-47.960780370480165,3.8,3.2153492548833467
2021-02-24 18:00:00,4,-47.699999999999996,-47.345784141942204,2.6,3.222818609535369
2021-02-24 18:00:00,8,-42.75,-47.41461360148961,3.4,3.2964279705766573
2021-02-24 21:00:00,1,-51.8,-50.90208246141708,3.8,3.333019117185443
2021-02-24 21:00:00,2,-49.8,-50.420422326160896,3.4,3.237530228276806
2021-02-24 21:00:00,4,-45.599999999999994,-48.36834436407938,2.7,3.3542000976330386
2021-02-24 21:00:00,8,-44.099999999999994,-49.699116897091585,4.1,3.3494413266487193
2021-02-25 00:00:00,1,-49.8,-48.595404486979916,3.4,3.272554908556974
2021-02-25 00:00:00,2,-47.699999999999996,-47.99121325153421,2.6,3.25668133688284
2021-02-25 00:00:00,4,-43.5,-46.526652330743936,2.3,3.350296981920721
2021-02-25 00:00:00,8,-45.449999999999996,-49.40205361853139,3.7,3.24525453327518
2021-02-25 03:00:00,1,-47.699999999999996,-47.14697090009292,2.6,3.5680069020717453
2021-02-25 03:00:00,2,-45.599999999999994,-46.55382314356705,2.7,3.628449022823821
2021-02-25 03:00:00,4,-41.4,-45.95230784879714,3.3,3.7543333623576927
2021-02-25 03:00:00,8,-46.8,-49.027573229127384,3.7,3.675230745124307
2021-02-25 06:00:00,1,-45.599999999999994,-45.89126628444755,2.7,2.398235127732094
2021-02-25 06:00:00,2,-43.5,-45.70745351295362,2.3,2.5741078373452666
2021-02-25 06:00:00,4,-42.75,-46.95384673405841,3.4,2.7798796668717616
2021-02-25 06:00:00,8,-46.15,-49.500108759724576,3.1,2.8584763557643846
2021-02-25 09:00:00,1,-43.5,-44.07149045021725,2.3,2.5327928177970613
2021-02-25 09:00:00,2,-41.4,-44.571672324290766,3.3,2.638402992849122
2021-02-25 09:00:00,4,-44.099999999999994,-46.664671500333604,4.1,2.7625068389310354
2021-02-25 09:00:00,8,-45.5,-46.74144952679954,2.5,2.9568497053833793
2021-02-25 12:00:00,1,-41.4,-44.10692757089535,3.3,2.76246695545115
2021-02-25 12:00:00,2,-42.75,-45.331319573778224,3.4,2.7704047810313424
2021-02-25 12:00:00,4,-45.449999999999996,-47.90738260113046,3.7,2.8341416744571264
2021-02-25 12:00:00,8,-44.5,-45.69410839362214,2.6,3.148336050889349
2021-02-25 15:00:00,1,-42.75,-44.11553107321353,3.4,3.3540204086929144
2021-02-25 15:00:00,2,-44.099999999999994,-45.316656658136544,4.1,3.246409954488244
2021-02-25 15:00:00,4,-46.8,-47.350994084598824,3.7,3.1606974236062166
2021-02-25 15:00:00,8,-46.8,-45.11467789518895,2.8,3.454437706675783
2021-02-25 18:00:00,1,-44.099999999999994,-45.92876619945922,4.1,3.494149975526304
2021-02-25 18:00:00,2,-45.449999999999996,-46.46027113355958,3.7,3.386875371681161
2021-02-25 18:00:00,4,-46.15,-46.68206799673026,3.1,3.405768850602789
2021-02-25 18:00:00,8,-48.666666666666664,-45.9177627083443,3.2,3.5689455535057237
2021-02-25 21:00:00,1,-45.449999999999996,-45.542086287297366,3.7,3.7973439230125003
2021-02-25 21:00:00,2,-46.8,-45.15323190314856,3.7,3.7466136562231425
2021-02-25 21:00:00,4,-45.5,-43.819148668088616,2.5,3.7605333372841057
2021-02-25 21:00:00,8,-50.53333333333333,-45.710079018560144,3.4,3.5365014223523907
2021-02-26 00:00:00,1,-46.8,-45.643918294678635,3.7,3.1862721718809737
2021-02-26 00:00:00,2,-46.15,-44.8250156027951,3.1,3.2183226003008816
2021-02-26 00:00:00,4,-44.5,-43.65870102319013,2.6,3.282065972126139
2021-02-26 00:00:00,8,-52.4,-46.91182711633827,3.2,3.158206305718202
2021-02-26 03:00:00,1,-46.15,-44.783287787975794,3.1,3.145002794389963
2021-02-26 03:00:00,2,-45.5,-44.084816836523004,2.5,3.1979091369003543
2021-02-26 03:00:00,4,-46.8,-43.550681353309194,2.8,3.2227294315673105
2021-02-26 03:00:00,8,-52.0,-46.84966012944275,3.4,3.075326408350746
2021-02-26 06:00:00,1,-45.5,-45.78551835418719,2.5,2.7923220862322458
2021-02-26 06:00:00,2,-44.5,-45.5090282608873,2.6,2.8879771740804574
2021-02-26 06:00:00,4,-48.666666666666664,-46.51523311055795,3.2,2.947452933577762
2021-02-26 06:00:00,8,-53.2,-48.64109541749315,2.8,3.0146260980525823
2021-02-26 09:00:00,1,-44.5,-45.214698563082074,2.6,2.672256815729827
2021-02-26 09:00:00,2,-46.8,-45.81728668382567,2.8,2.730709841232911
2021-02-26 09:00:00,4,-50.53333333333333,-47.59928557041378,3.4,2.7806423051241644
2021-02-26 09:00:00,8,-50.4,-47.17787282729127,2.6,2.975631891800475
2021-02-26 12:00:00,1,-46.8,-45.0489192108597,2.8,2.9543828481682897
2021-02-26 12:00:00,2,-48.666666666666664,-46.570161584260305,3.2,2.9489036151783443
2021-02-26 12:00:00,4,-52.4,-49.54314680559367,3.2,2.9338761278074426
2021-02-26 12:00:00,8,-48.3,-46.32100621775869,3.1,3.2891068193101174
2021-02-26 15:00:00,1,-48.666666666666664,-47.938207074472416,3.2,3.0798215644626694
2021-02-26 15:00:00,2,-50.53333333333333,-49.54224617935653,3.4,2.9860095412744982
2021-02-26 15:00:00,4,-52.0,-51.04150138430452,3.4,2.9906148035173876
2021-02-26 15:00:00,8,-49.4,-47.58378435187057,3.0,3.2969595992346723
2021-02-26 18:00:00,1,-50.53333333333333,-53.383636473322255,3.4,3.0496327561185774
2021-02-26 18:00:00,2,-52.4,-53.968136686906945,3.2,2.9435125204133326
2021-02-26 18:00:00,4,-53.2,-53.128611410413995,2.8,3.0211379825865596
2021-02-26 18:00:00,8,-52.1,-51.38697395354951,3.7,3.2288546649590586
2021-02-26 21:00:00,1,-52.4,-52.78637181917247,3.2,2.976819225129463
2021-02-26 21:00:00,2,-52.0,-52.5355003544073,3.4,2.942721195914702
2021-02-26 21:00:00,4,-50.4,-50.89307727979714,2.6,3.0783532872091963
2021-02-26 21:00:00,8,-53.13333333333333,-51.65413914291528,3.2,3.1484150180467156
2021-02-27 00:00:00,1,-52.0,-48.18808474321622,3.4,2.724725453044527
2021-02-27 00:00:00,2,-53.2,-47.949673847723716,2.8,2.844993606756789
2021-02-27 00:00:00,4,-48.3,-47.375769591881635,3.1,3.0783816535344624
2021-02-27 00:00:00,8,-54.16666666666667,-49.802676305595696,0.0,3.078147524710698
2021-02-27 03:00:00,1,-53.2,-47.87266093793514,2.8,3.0297850729387203
2021-02-27 03:00:00,2,-50.4,-47.51902536266455,2.6,3.118847976091582
2021-02-27 03:00:00,4,-49.4,-47.73020168099635,3.0,3.2094410078838345
2021-02-27 03:00:00,8,-55.2,-50.37168583796415,3.5,3.2203015780494617
2021-02-27 06:00:00,1,-50.4,-50.24399793206599,2.6,2.602959589350321
2021-02-27 06:00:00,2,-48.3,-50.56458034430818,3.1,2.747699350541425
2021-02-27 06:00:00,4,-52.1,-51.289343277501885,3.7,2.9226523940301874
2021-02-27 06:00:00,8,-53.25,-51.8506559679851,3.3,3.0760461238741286
2021-02-27 09:00:00,1,-48.3,-49.28668375780388,3.1,2.702996527969873
2021-02-27 09:00:00,2,-49.4,-50.070245515891436,3.0,2.812343646454757
2021-02-27 09:00:00,4,-53.13333333333333,-51.87356317117027,3.2,2.948420107964977
2021-02-27 09:00:00,8,-51.3,-50.8763838122412,2.9,3.190797933764894
2021-02-27 12:00:00,1,-49.4,-49.56160568069966,3.0,3.4561594146510393
2021-02-27 12:00:00,2,-52.1,-51.4584257665116,3.7,3.2976672644018326
2021-02-27 12:00:00,4,-54.16666666666667,-54.70116908014747,0.0,3.094057993935742
2021-02-27 12:00:00,8,-51.3,-50.59915232342289,2.4,3.4798165833417727
2021-02-27 15:00:00,1,-52.1,-51.18142699951297,3.7,3.243793587543745
2021-02-27 15:00:00,2,-53.13333333333333,-52.81610730029979,3.2,3.1025851139272853
2021-02-27 15:00:00,4,-55.2,-54.68168961538956,3.5,3.004596949146112
2021-02-27 15:00:00,8,-53.3,-51.146657152813965,2.6,3.3159846589818174
2021-02-27 18:00:00,1,-53.13333333333333,-52.333412390528444,3.2,3.4120188531695796
2021-02-27 18:00:00,2,-54.16666666666667,-53.1070439788192,0.0,3.2473902456348864
2021-02-27 18:00:00,4,-53.25,-53.023500493091156,3.3,3.1723107144744356
2021-02-27 18:00:00,8,-55.93333333333333,-51.92679454982266,3.3,3.304402160506157
2021-02-27 21:00:00,1,-54.16666666666667,-55.61956899595511,0.0,2.8660614151642023
2021-02-27 21:00:00,2,-55.2,-55.248771807610524,3.5,2.88968256608667
2021-02-27 21:00:00,4,-51.3,-53.81716930396849,2.9,3.077546446543926
2021-02-27 21:00:00,8,-58.56666666666667,-55.05238809509855,2.8,3.1591543381678786
2021-02-28 00:00:00,1,-55.2,-55.13562000917985,3.5,1.0686433978520045
2021-02-28 00:00:00,2,-53.25,-54.28861129418855,3.3,1.6254372519904041
2021-02-28 00:00:00,4,-51.3,-53.34970646058938,2.4,2.5654824482983374
2021-02-28 00:00:00,8,-61.2,-54.52426375164193,2.8499999999999996,2.9830766658586114
2021-02-28 03:00:00,1,-53.25,-54.91384692254183,3.3,3.6283720018523047
2021-02-28 03:00:00,2,-51.3,-54.29651807204967,2.9,3.604225594030975
2021-02-28 03:00:00,4,-53.3,-54.251460461906404,2.6,3.6383631601445794
2021-02-28 03:00:00,8,-58.6,-56.93661958761821,2.9,3.507614195778204
2021-02-28 06:00:00,1,-51.3,-52.10580851453722,2.9,3.306807246315569
2021-02-28 06:00:00,2,-51.3,-52.169800620502315,2.4,3.3321498386124917
2021-02-28 06:00:00,4,-55.93333333333333,-53.69623699547515,3.3,3.2987719248223146
2021-02-28 06:00:00,8,-56.2,-55.75482144174428,2.8,3.302054020627918
2021-02-28 09:00:00,1,-51.3,-52.28039999914561,2.4,3.0691258069124503
2021-02-28 09:00:00,2,-53.3,-53.24738604359971,2.6,3.064290628138458
2021-02-28 09:00:00,4,-58.56666666666667,-55.340601460002084,2.8,3.0335385989413886
2021-02-28 09:00:00,8,-53.8,-53.43880181172498,3.0,3.2984361677730676
2021-02-28 12:00:00,1,-53.3,-52.863171550730726,2.6,2.779597123342468
2021-02-28 12:00:00,2,-55.93333333333333,-53.85810699938995,3.3,2.83785339745414
2021-02-28 12:00:00,4,-61.2,-55.72951276372908,2.8499999999999996,2.936448558939875
2021-02-28 12:00:00,8,-51.4,-53.41925416956091,3.4,3.2318825302404743
2021-02-28 15:00:00,1,-55.93333333333333,-55.28540928293749,3.3,2.890636677034618
2021-02-28 15:00:00,2,-58.56666666666667,-55.85262584859305,2.8,2.881214684793191
2021-02-28 15:00:00,4,-58.6,-56.042680680411365,2.9,2.9608104868490335
2021-02-28 15:00:00,8,-52.9,-54.19279276819268,3.1,3.2123269348986
2021-02-28 18:00:00,1,-58.56666666666667,-59.79579555336779,2.8,3.0604564820534548
2021-02-28 18:00:00,2,-61.2,-59.516293045429904,2.8499999999999996,2.9656269502467696
2021-02-28 18:00:00,4,-56.2,-58.482392137714626,2.8,2.9528236600415494
2021-02-28 18:00:00,8,-55.3,-57.6253961982544,3.1,3.134918032556327
2021-02-28 21:00:00,1,-61.2,-60.45571970187087,2.8499999999999996,2.6916075550159277
2021-02-28 21:00:00,2,-58.6,-59.78576329758701,2.9,2.717009119410114
2021-02-28 21:00:00,4,-53.8,-58.35947322786739,3.0,2.8991104235457272
2021-02-28 21:00:00,8,-57.4,-58.153641946127784,2.9,3.1201124636924864
2021-03-01 00:00:00,1,-58.6,-60.01283278700042,2.9,2.6889991327753098
2021-03-01 00:00:00,2,-56.2,-59.11841006337899,2.8,2.7950582102567205
2021-03-01 00:00:00,4,-51.4,-58.15105678857669,3.4,3.0845571944974295
2021-03-01 00:00:00,8,-58.5,-59.19179308918139,0.8000000000000003,3.249080921276863
2021-03-01 03:00:00,1,-56.2,-56.07765668045606,2.8,2.5943351600662767
2021-03-01 03:00:00,2,-53.8,-55.774927742363246,3.0,2.748680228209831
2021-03-01 03:00:00,4,-52.9,-55.862617035817415,3.1,3.0451337609551143
2021-03-01 03:00:00,8,-56.3,-57.24819483686274,3.6,3.167402007199425
2021-03-01 06:00:00,1,-53.8,-55.95311628313147,3.0,2.759087417052646
2021-03-01 06:00:00,2,-51.4,-55.9121284228286,3.4,2.84236940174873
2021-03-01 06:00:00,4,-55.3,-56.58610666363705,3.1,3.0115904746878472
2021-03-01 06:00:00,8,-54.14,-57.970585700673055,3.5,3.0922937897927465
2021-03-01 09:00:00,1,-51.4,-53.48807075015313,3.4,3.1509733193366753
2021-03-01 09:00:00,2,-52.9,-54.186430564328255,3.1,3.1324325666053014
2021-03-01 09:00:00,4,-57.4,-56.07020525922044,2.9,3.084632162642775
2021-03-01 09:00:00,8,-51.98,-55.532426562752136,2.6,3.279468453858297
2021-03-01 12:00:00,1,-52.9,-52.47086204911705,3.1,3.6723472241817743
2021-03-01 12:00:00,2,-55.3,-53.8709890167103,3.1,3.454804669348831
2021-03-01 12:00:00,4,-58.5,-56.33972270419237,0.8000000000000003,3.1659540449270165
2021-03-01 12:00:00,8,-49.82,-53.73619661080306,2.9,3.4482759356442068
2021-03-01 15:00:00,1,-55.3,-54.57857079324066,3.1,3.260467441503436
2021-03-01 15:00:00,2,-57.4,-55.35594777083251,2.9,3.159052923223037
2021-03-01 15:00:00,4,-56.3,-56.577900517614694,3.6,3.061060919390324
2021-03-01 15:00:00,8,-47.66,-54.921390027528396,2.3,3.278089301252723
2021-03-01 18:00:00,1,-57.4,-55.74075365992011,2.9,3.049648218965057
2021-03-01 18:00:00,2,-58.5,-55.64095850883676,0.8000000000000003,3.017566544931228
2021-03-01 18:00:00,4,-54.14,-55.03830932563429,3.5,3.076700095639892
2021-03-01 18:00:00,8,-45.5,-55.55157495730528,1.5,3.1503870108542995
2021-03-01 21:00:00,1,-58.5,-55.543704204493636,0.8000000000000003,2.7339449353172323
2021-03-01 21:00:00,2,-56.3,-55.29242552157533,3.6,2.784772857980132
2021-03-01 21:00:00,4,-51.98,-54.76218830896637,2.6,2.977686104295202
2021-03-01 21:00:00,8,-47.0,-55.93502486353024,0.0,3.077121058305258
2021-03-02 00:00:00,1,-56.3,-56.27460058248754,3.6,1.4577703017628019
2021-03-02 00:00:00,2,-54.14,-55.69302046935154,3.5,1.8537612165460278
2021-03-02 00:00:00,4,-49.82,-55.29475850378003,2.9,2.6071557793235858
2021-03-02 00:00:00,8,-46.9,-57.034120303299815,1.5999999999999999,2.9022046990867643
2021-03-02 03:00:00,1,-54.14,-52.06986767360468,3.5,3.825837576821152
2021-03-02 03:00:00,2,-51.98,-51.517976884501344,2.6,3.748402201019303
2021-03-02 03:00:00,4,-47.66,-51.972239294153965,2.3,3.5654206710153318
2021-03-02 03:00:00,8,-46.5,-54.34103908908085,2.9,3.518107669970383
2021-03-02 06:00:00,1,-51.98,-50.544294098567036,2.6,3.429344866009585
2021-03-02 06:00:00,2,-49.82,-50.79583072083965,2.9,3.41136582783666
2021-03-02 06:00:00,4,-45.5,-52.64089586962107,1.5,3.319942694459218
2021-03-02 06:00:00,8,-47.766666666666666,-53.87033128936931,2.4,3.4088627795627846
2021-03-02 09:00:00,1,-49.82,-50.57929459564537,2.9,2.4002916863138726
2021-03-02 09:00:00,2,-47.66,-51.70773595066339,2.3,2.538374372174573
2021-03-02 09:00:00,4,-47.0,-53.69674783067685,0.0,2.7539166945100475
2021-03-02 09:00:00,8,-49.03333333333333,-51.830194280252954,2.8,3.047805314265497
2021-03-02 12:00:00,1,-47.66,-48.29181382970341,2.3,2.9759237663578166
2021-03-02 12:00:00,2,-45.5,-50.0169623061991,1.5,2.9243698897127826
2021-03-02 12:00:00,4,-46.9,-52.51115151880433,1.5999999999999999,2.9546606995234788
2021-03-02 12:00:00,8,-50.3,-48.7864636971779,2.8,3.3054590460630333
2021-03-02 15:00:00,1,-45.5,-48.98656951780274,1.5,2.5258366696876786
2021-03-02 15:00:00,2,-47.0,-50.34983826657829,0.0,2.5928651232475146
2021-03-02 15:00:00,4,-46.5,-52.4049401938293,2.9,2.794495256004544
2021-03-02 15:00:00,8,-50.8,-49.70541047323674,3.0,3.105330409019327
2021-03-02 18:00:00,1,-47.0,-50.38987956870592,0.0,2.1039163742437115
2021-03-02 18:00:00,2,-46.9,-50.72944249877065,1.5999999999999999,2.3513519904867657
2021-03-02 18:00:00,4,-47.766666666666666,-51.97758045805334,2.4,2.7261827996651435
2021-03-02 18:00:00,8,-50.1,-52.94456163912576,2.4,2.936905725994067
2021-03-02 21:00:00,1,-46.9,-49.084674733814715,1.5999999999999999,1.389630336141888
2021-03-02 21:00:00,2,-46.5,-49.07567783795615,2.9,1.8276017060735426
2021-03-02 21:00:00,4,-49.03333333333333,-49.9491548773056,2.8,2.516866512484416
2021-03-02 21:00:00,8,-49.8,-52.515529057661276,2.1,2.716619935560272
2021-03-03 00:00:00,1,-46.5,-46.81339623387895,2.9,2.2618600733243373
2021-03-03 00:00:00,2,-47.766666666666666,-46.34891626459725,2.4,2.510840481250858
2021-03-03 00:00:00,4,-50.3,-46.23248618666338,2.8,2.9261906665458284
2021-03-03 00:00:00,8,-48.8,-49.93700687036852,1.6999999999999997,2.8919966077224135
2021-03-03 03:00:00,1,-47.766666666666666,-47.961860401463746,2.4,3.4162215748624782
2021-03-03 03:00:00,2,-49.03333333333333,-47.24729345790073,2.8,3.4201463252298274
2021-03-03 03:00:00,4,-50.8,-47.50782697603192,3.0,3.3335112356046945
2021-03-03 03:00:00,8,-47.1,-50.67732992306134,1.6999999999999997,3.2715925329841835
2021-03-03 06:00:00,1,-49.03333333333333,-50.45120032718902,2.8,2.5295285575850697
2021-03-03 06:00:00,2,-50.3,-50.33614424464253,2.8,2.725473481573015
2021-03-03 06:00:00,4,-50.1,-51.16275863874423,2.4,2.9429576175053582
2021-03-03 06:00:00,8,-48.0,-52.78118623845557,3.1,3.038200167273528
2021-03-03 09:00:00,1,-50.3,-51.37132944537197,2.8,2.967500194117526
2021-03-03 09:00:00,2,-50.8,-52.01354043729342,3.0,2.9465395059121033
2021-03-03 09:00:00,4,-49.8,-52.58465513845989,2.1,3.0343628752990686
2021-03-03 09:00:00,8,-47.25,-50.61742170676858,2.4,3.2845814839874787
2021-03-03 12:00:00,1,-50.8,-50.40322396753642,3.0,2.9533154851999193
2021-03-03 12:00:00,2,-50.1,-51.66408493857729,2.4,2.915063335618349
2021-03-03 12:00:00,4,-48.8,-52.986287607661275,1.6999999999999997,2.992622200911394
2021-03-03 12:00:00,8,-46.5,-49.9110205611725,3.0,3.3047004601428114
2021-03-03 15:00:00,1,-50.1,-51.35968831088116,2.4,3.04714302455473
2021-03-03 15:00:00,2,-49.8,-52.460136311133674,2.1,2.9593139499106154
2021-03-03 15:00:00,4,-47.1,-53.19212375278256,1.6999999999999997,3.0045102505655064
2021-03-03 15:00:00,8,-50.15,-50.40369229317973,4.6,3.288575883814186
2021-03-03 18:00:00,1,-49.8,-49.91717255887317,2.1,2.5197639299937205
2021-03-03 18:00:00,2,-48.8,-50.299441023600245,1.6999999999999997,2.6032929469923554
2021-03-03 18:00:00,4,-48.0,-50.44473004817613,3.1,2.82844446865198
2021-03-03 18:00:00,8,-53.8,-50.141794506424525,4.0,3.0194954550493103
2021-03-03 21:00:00,1,-48.8,-49.475064505572604,1.6999999999999997,2.3633278051246895
2021-03-03 21:00:00,2,-47.1,-49.40248159611928,1.6999999999999997,2.529893480761987
2021-03-03 21:00:00,4,-47.25,-49.130791840663356,2.4,2.841151995849348
2021-03-03 21:00:00,8,-57.45,-50.41005395666841,1.9,2.962455360473335
2021-03-04 00:00:00,1,-47.1,-48.07420595928693,1.6999999999999997,1.9994201639801006
2021-03-04 00:00:00,2,-48.0,-47.81554322197553,3.1,2.2712465543390215
2021-03-04 00:00:00,4,-46.5,-48.019593785519056,3.0,2.6777083755565902
2021-03-04 00:00:00,8,-61.1,-50.47774862715702,0.0,2.7665365633639243
2021-03-04 03:00:00,1,-48.0,-46.758498381468655,3.1,2.0448689889140503
2021-03-04 03:00:00,2,-47.25,-46.37944173002848,2.4,2.319436888633634
2021-03-04 03:00:00,4,-50.15,-47.15640946305817,4.6,2.660240691050736
2021-03-04 03:00:00,8,-59.3,-49.97667621386021,3.2,2.7381553617732908
2021-03-04 06:00:00,1,-47.25,-47.37718321482346,2.4,3.2437629817717477
2021-03-04 06:00:00,2,-46.5,-47.262465767742135,3.0,3.246564049751436
2021-03-04 06:00:00,4,-53.8,-48.72504314930773,4.0,3.119303970102248
2021-03-04 06:00:00,8,-57.5,-50.03332056066957,2.4,3.24089217102242
2021-03-04 09:00:00,1,-46.5,-47.62489001408525,3.0,2.481835593745496
2021-03-04 09:00:00,2,-50.15,-48.44480212785538,4.6,2.6360348312507007
2021-03-04 09:00:00,4,-57.45,-49.88843573714891,1.9,2.90902157493751
2021-03-04 09:00:00,8,-55.666666666666664,-48.36523324080579,2.7,3.1540792186726523
2021-03-04 12:00:00,1,-50.15,-47.0068601161301,4.6,3.3880274203940868
2021-03-04 12:00:00,2,-53.8,-48.56595581027782,4.0,3.2727107100652955
2021-03-04 12:00:00,4,-61.1,-51.209754576675074,0.0,3.1661494099942615
2021-03-04 12:00:00,8,-53.833333333333336,-47.609673393432985,2.6,3.52985861016486
2021-03-04 15:00:00,1,-53.8,-53.10946103448313,4.0,4.616313805021939
2021-03-04 15:00:00,2,-57.45,-54.50474934258601,1.9,4.236207765786825
2021-03-04 15:00:00,4,-59.3,-55.279223421690304,3.2,3.936607543782955
2021-03-04 15:00:00,8,-52.0,-51.47844029331701,3.3,4.139168113336772
2021-03-04 18:00:00,1,-57.45,-57.38583106017637,1.9,3.666346000152784
2021-03-04 18:00:00,2,-61.1,-57.24213506328874,0.0,3.4445666387144858
2021-03-04 18:00:00,4,-57.5,-55.33983196494507,2.4,3.4112130789075144
2021-03-04 18:00:00,8,-50.1,-54.427734991795454,2.0,3.4759885690752013
2021-03-04 21:00:00,1,-61.1,-59.15318864615249,0.0,2.330368801173708
2021-03-04 21:00:00,2,-59.3,-57.649689330124595,3.2,2.499359797621241
2021-03-04 21:00:00,4,-55.666666666666664,-53.95040020410577,2.7,3.0131987706822
2021-03-04 21:00:00,8,-51.7,-53.906567715832885,2.8,3.3628159690313586
2021-03-05 00:00:00,1,-59.3,-59.19278810104818,3.2,1.4878354073350573
2021-03-05 00:00:00,2,-57.5,-57.68354423062929,2.4,1.9328847086221608
2021-03-05 00:00:00,4,-53.833333333333336,-54.58675946711401,2.6,2.8375751728578287
2021-03-05 00:00:00,8,-52.900000000000006,-54.97861275650725,3.2,3.2471468924233946
2021-03-05 03:00:00,1,-57.5,-55.45135146838354,2.4,3.7971647406138986
2021-03-05 03:00:00,2,-55.666666666666664,-54.68776235798136,2.7,3.751487225512532
2021-03-05 03:00:00,4,-52.0,-53.72144912635772,3.3,3.7707571847558174
2021-03-05 03:00:00,8,-54.1,-56.102633207515,3.3,3.6175171669364174
2021-03-05 06:00:00,1,-55.666666666666664,-55.08197726949364,2.7,3.173805758448366
2021-03-05 06:00:00,2,-53.833333333333336,-54.84122294453209,2.6,3.231561142974421
2021-03-05 06:00:00,4,-50.1,-54.15816891300671,2.0,3.3838764992368944
2021-03-05 06:00:00,8,-50.3,-54.913408857940084,3.6,3.47531382910701
2021-03-05 09:00:00,1,-53.833333333333336,-54.853578996129954,2.6,3.0366657730213147
2021-03-05 09:00:00,2,-52.0,-55.02395964779789,3.3,3.060926552586433
2021-03-05 09:00:00,4,-51.7,-54.39674660447833,2.8,3.2853282861522803
2021-03-05 09:00:00,8,-48.0,-52.80071271590306,3.6,3.5292423224223697
2021-03-05 12:00:00,1,-52.0,-54.60344861166401,3.3,2.9341188411770114
2021-03-05 12:00:00,2,-50.1,-55.370913657140356,2.0,2.8971081982072677
2021-03-05 12:00:00,4,-52.900000000000006,-55.3872106690267,3.2,3.0695877727810665
2021-03-05 12:00:00,8,-45.699999999999996,-51.827011827381384,5.1,3.416994650536255
2021-03-05 15:00:00,1,-50.1,-53.32021324791986,2.0,3.5195449815407764
2021-03-05 15:00:00,2,-51.7,-54.30189156843096,2.8,3.351660751660056
2021-03-05 15:00:00,4,-54.1,-55.36329471942462,3.3,3.2680960368141174
2021-03-05 15:00:00,8,-43.4,-52.62870084999441,4.6,3.5535468578440126
2021-03-05 18:00:00,1,-51.7,-51.47637317597752,2.8,2.447182714942921
2021-03-05 18:00:00,2,-52.900000000000006,-51.5872281073156,3.2,2.563668389805486
2021-03-05 18:00:00,4,-50.3,-51.64084689034391,3.6,2.8275380259273173
2021-03-05 18:00:00,8,-45.0,-52.17694492819107,5.6,3.0001926505872962
2021-03-05 21:00:00,1,-52.900000000000006,-50.32868777989998,3.2,2.77749406958093
2021-03-05 21:00:00,2,-54.1,-50.271437852008766,3.3,2.8601868665059835
2021-03-05 21:00:00,4,-48.0,-49.063004225547076,3.6,3.121430804655268
2021-03-05 21:00:00,8,-46.3,-49.97361264365195,5.5,3.212889782510455
2021-03-06 00:00:00,1,-54.1,-54.49951634389772,3.3,2.8487748059226394
2021-03-06 00:00:00,2,-50.3,-53.94715353658349,3.6,2.9029875990000713
2021-03-06 00:00:00,4,-45.699999999999996,-52.010579943757996,5.1,3.1512707391906853
2021-03-06 00:00:00,8,-46.9,-53.37095250371145,4.8,3.1963518149792236
2021-03-06 03:00:00,1,-50.3,-50.446002092673474,3.6,3.0347730139718987
2021-03-06 03:00:00,2,-48.0,-50.21296379293602,3.6,3.109823379004679
2021-03-06 03:00:00,4,-43.4,-49.481182279476265,4.6,3.2884947038701684
2021-03-06 03:00:00,8,-48.0,-51.3194543648014,5.0,3.304155314824167
2021-03-06 06:00:00,1,-48.0,-47.961309218206615,3.6,3.7924018373171577
2021-03-06 06:00:00,2,-45.699999999999996,-48.04782697705151,5.1,3.6956844519158016
2021-03-06 06:00:00,4,-45.0,-49.50352321391483,5.6,3.473703413636286
2021-03-06 06:00:00,8,-43.7,-50.11092428126972,4.9,3.6290962395917803
2021-03-06 09:00:00,1,-45.699999999999996,-44.643997654640266,5.1,3.9049928210527285
2021-03-06 09:00:00,2,-43.4,-45.992523332039035,4.6,3.7042938449146483
2021-03-06 09:00:00,4,-46.3,-49.18472566274941,5.5,3.425926937095683
2021-03-06 09:00:00,8,-41.35,-46.132013044148714,4.4,3.8186472465678447
2021-03-06 12:00:00,1,-43.4,-45.548047712486266,4.6,5.310494836850422
2021-03-06 12:00:00,2,-45.0,-47.71065665064837,5.6,4.7681443477271195
2021-03-06 12:00:00,4,-46.9,-51.78306225769767,4.8,4.034226359813909
2021-03-06 12:00:00,8,-39.0,-46.45774001358271,3.8,4.577307441773289
2021-03-06 15:00:00,1,-45.0,-44.87436775908756,5.6,4.447823804800343
2021-03-06 15:00:00,2,-46.3,-46.71681956071665,5.5,4.090601498671104
2021-03-06 15:00:00,4,-48.0,-49.462452135747654,5.0,3.7518626527610235
2021-03-06 15:00:00,8,-42.8,-45.15104302114181,4.4,4.197105372929522
2021-03-06 18:00:00,1,-46.3,-47.3351441435766,5.5,5.440938556629267
2021-03-06 18:00:00,2,-46.9,-48.524059398226925,4.8,5.119374800845536
2021-03-06 18:00:00,4,-43.7,-48.96527006754481,4.9,4.78731433166989
2021-03-06 18:00:00,8,-45.574999999999996,-46.840859930354384,5.3,4.6781478085678545
2021-03-06 21:00:00,1,-46.9,-47.01833769689625,4.8,5.681071443721156
2021-03-06 21:00:00,2,-48.0,-46.946812843146326,5.0,5.589960299931518
2021-03-06 21:00:00,4,-41.35,-45.38355733653449,4.4,5.467609087517821
2021-03-06 21:00:00,8,-48.349999999999994,-47.16045255436195,4.8,4.704183296347542
2021-03-07 00:00:00,1,-48.0,-45.33232539315986,5.0,4.930110946260118
2021-03-07 00:00:00,2,-43.7,-44.5886847936599,4.9,4.95122306372072
2021-03-07 00:00:00,4,-39.0,-42.655667098375204,3.8,4.926789633476634
2021-03-07 00:00:00,8,-51.125,-46.13681086023922,4.6,4.2367286504325445
2021-03-07 03:00:00,1,-43.7,-45.15374562035423,4.9,5.277685875830452
2021-03-07 03:00:00,2,-41.35,-44.325516043158835,4.4,5.231281340343746
2021-03-07 03:00:00,4,-42.8,-43.421069709768496,4.4,4.971391627625108
2021-03-07 03:00:00,8,-53.9,-46.692196079142676,3.6,4.35782939844749
2021-03-07 06:00:00,1,-41.35,-41.69785325667672,4.4,4.954987893597366
2021-03-07 06:00:00,2,-39.0,-41.44822127877041,3.8,4.7919748335988235
2021-03-07 06:00:00,4,-45.574999999999996,-42.95661892077689,5.3,4.302043394041165
2021-03-07 06:00:00,8,-51.1,-43.82232535695226,3.9,4.28037642699275
2021-03-07 09:00:00,1,-39.0,-40.709209177628374,3.8,4.262081000318798
2021-03-07 09:00:00,2,-42.8,-41.630404997526604,4.4,4.023044162441507
2021-03-07 09:00:00,4,-48.349999999999994,-44.94259848231251,4.8,3.6411441530839253
2021-03-07 09:00:00,8,-49.1,-42.79291028839895,3.7,4.090616428315981
2021-03-07 12:00:00,1,-42.8,-41.236378136772636,4.4,3.697892093171718
2021-03-07 12:00:00,2,-45.574999999999996,-42.78400777817004,5.3,3.5281371121377343
2021-03-07 12:00:00,4,-51.125,-46.043445459988085,4.6,3.328391167214357
2021-03-07 12:00:00,8,-48.5,-42.512640446907014,3.0,3.7721664499219068
2021-03-07 15:00:00,1,-45.574999999999996,-45.9546855020632,5.3,4.5266843218460036
2021-03-07 15:00:00,2,-48.349999999999994,-47.54965926349473,4.8,4.214205734851246
2021-03-07 15:00:00,4,-53.9,-49.027972386675685,3.6,3.9641034174323946
2021-03-07 15:00:00,8,-51.9,-45.429398491504074,3.0,4.268896809766338
2021-03-07 18:00:00,1,-48.349999999999994,-50.553519213114086,4.8,5.390218500650603
2021-03-07 18:00:00,2,-51.125,-51.29172678483849,4.6,5.156039769216221
2021-03-07 18:00:00,4,-51.1,-50.55723879947349,3.9,5.036593332493947
2021-03-07 18:00:00,8,-51.8,-49.25881622052371,3.5,4.6649593868449735
2021-03-07 21:00:00,1,-51.125,-51.902668799338635,4.6,4.670684692374584
2021-03-07 21:00:00,2,-53.9,-51.59078783251791,3.6,4.560009635298069
2021-03-07 21:00:00,4,-49.1,-49.15041216336476,3.7,4.61528365952544
2021-03-07 21:00:00,8,-51.7,-50.25273616806925,3.1,4.1748571094937965
2021-03-08 00:00:00,1,-53.9,-52.333041692769235,3.6,4.171033840721489
2021-03-08 00:00:00,2,-51.1,-51.31037542189264,3.9,4.1298767554880165
2021-03-08 00:00:00,4,-48.5,-48.65033043892881,3.0,4.18663649266127
2021-03-08 00:00:00,8,-52.9,-51.212325234143755,3.1,3.8461137941291335
2021-03-08 03:00:00,1,-51.1,-49.72462065074975,3.9,3.304265527595454
2021-03-08 03:00:00,2,-49.1,-48.75605135040206,3.7,3.3842793463778067
2021-03-08 03:00:00,4,-51.9,-46.59034605923666,3.0,3.649036236631622
2021-03-08 03:00:00,8,-48.7,-49.7000261693406,3.1,3.558042460512278
2021-03-08 06:00:00,1,-49.1,-48.14625497750687,3.7,4.246409938613386
2021-03-08 06:00:00,2,-48.5,-47.77122952910415,3.0,4.143428554103167
2021-03-08 06:00:00,4,-51.8,-48.193130771897685,3.5,3.914020137467805
2021-03-08 06:00:00,8,-50.9,-50.06573085668989,3.8,3.893356895776473
2021-03-08 09:00:00,1,-48.5,-48.61898216136733,3.0,4.386206227784981
2021-03-08 09:00:00,2,-51.9,-49.84542182806297,3.0,4.079375952008399
2021-03-08 09:00:00,4,-51.7,-52.01504741014472,3.1,3.7305947204620606
2021-03-08 09:00:00,8,-48.5,-49.4745180055719,3.1,4.054329286600998
2021-03-08 12:00:00,1,-51.9,-48.976073259384584,3.0,3.5137737406930887
2021-03-08 12:00:00,2,-51.8,-50.17319610105924,3.5,3.397974469583775
2021-03-08 12:00:00,4,-52.9,-51.8528325114124,3.1,3.357904089206812
2021-03-08 12:00:00,8,-47.2,-49.087651483653715,2.6,3.659038545502414
2021-03-08 15:00:00,1,-51.8,-52.48784943604549,3.5,3.256986168239128
2021-03-08 15:00:00,2,-51.7,-53.14952291592028,3.1,3.1858876268850755
2021-03-08 15:00:00,4,-48.7,-52.78425669845455,3.1,3.2839186344150293
2021-03-08 15:00:00,8,-48.3,-50.687394601386664,3.2,3.4797828850004793
2021-03-08 18:00:00,1,-51.7,-53.76524766102146,3.1,3.366716338755422
2021-03-08 18:00:00,2,-52.9,-53.68904882728864,3.1,3.2739689592074477
2021-03-08 18:00:00,4,-50.9,-52.48905141182158,3.8,3.378776905788102
2021-03-08 18:00:00,8,-49.6,-52.7921240739178,1.5,3.4319641922229787
2021-03-08 21:00:00,1,-52.9,-49.404823584586346,3.1,2.997070755203237
2021-03-08 21:00:00,2,-48.7,-49.32892528982885,3.1,3.010931650787498
2021-03-08 21:00:00,4,-48.5,-48.95799480880117,3.1,3.147542220343186
2021-03-08 21:00:00,8,-51.5,-50.96451693430503,2.3,3.1556331281035255
2021-03-09 00:00:00,1,-48.7,-49.27052111935211,3.1,2.8858274651786795
2021-03-09 00:00:00,2,-50.9,-49.080365777645724,3.8,2.919762334703001
2021-03-09 00:00:00,4,-47.2,-48.44606804809431,2.6,3.089172001049008
2021-03-09 00:00:00,8,-49.7,-50.84749496480811,2.4,3.079332245351832
2021-03-09 03:00:00,1,-50.9,-46.96679161509011,3.8,2.7418942247318836
2021-03-09 03:00:00,2,-48.5,-46.519369506739906,3.1,2.826829987519035
2021-03-09 03:00:00,4,-48.3,-47.40326138789567,3.2,2.8919885030580517
2021-03-09 03:00:00,8,-49.3,-50.46196497222584,1.1,2.9382058314620347
2021-03-09 06:00:00,1,-48.5,-50.09157054393451,3.1,3.5811374714207296
2021-03-09 06:00:00,2,-47.2,-50.06852892228344,2.6,3.4473311024041466
2021-03-09 06:00:00,4,-49.6,-51.03108546174671,1.5,3.2228686238457067
2021-03-09 06:00:00,8,-53.29175178959221,-52.53697648080997,1.5,3.3073811045405206
2021-03-09 09:00:00,1,-47.2,-48.410295173955,2.6,2.8691209259607406
2021-03-09 09:00:00,2,-48.3,-48.948735290331854,3.2,2.9119347218940956
2021-03-09 09:00:00,4,-51.5,-50.509084476076424,2.3,2.9828213156110577
2021-03-09 09:00:00,8,-53.29175178959221,-50.407231033790715,0.6000000000000001,3.1591946482090463
2021-03-09 12:00:00,1,-48.3,-47.822512988299536,3.2,2.827535093318502
2021-03-09 12:00:00,2,-49.6,-48.76694676636852,1.5,2.846017887035658
2021-03-09 12:00:00,4,-49.7,-50.840332284344115,2.4,2.9027586955520137
2021-03-09 12:00:00,8,-53.29175178959221,-49.44084971482354,0.0,3.1517330249802633
2021-03-09 15:00:00,1,-49.6,-48.82380510197183,1.5,3.305102014269837
2021-03-09 15:00:00,2,-51.5,-49.65609938550069,2.3,3.195255125922702
2021-03-09 15:00:00,4,-49.3,-50.92092950643128,1.1,3.1396199642497935
2021-03-09 15:00:00,8,-53.29175178959221,-49.89617932153587,0.3999999999999999,3.332078762838846
2021-03-09 18:00:00,1,-51.5,-50.63081383878965,2.3,2.162563431810033
2021-03-09 18:00:00,2,-49.7,-50.66987670057325,2.4,2.3696233164482736
2021-03-09 18:00:00,4,-53.29175178959221,-51.0184884025678,1.5,2.7204244356361627
2021-03-09 18:00:00,8,-53.29175178959221,-52.316337282604515,1.5,2.887971308862827
2021-03-09 21:00:00,1,-49.7,-50.342698281895466,2.4,2.5124601344393493
2021-03-09 21:00:00,2,-49.3,-49.987660971949396,1.1,2.64752767187686
2021-03-09 21:00:00,4,-53.29175178959221,-49.15555041617291,0.6000000000000001,2.938486562105879
2021-03-09 21:00:00,8,-53.29175178959221,-51.134828688065824,3.6,2.992568187589036
2021-03-10 00:00:00,1,-49.3,-49.01767642753266,1.1,2.4283503542550067
2021-03-10 00:00:00,2,-53.29175178959221,-48.71574616478695,1.5,2.587585894178758
2021-03-10 00:00:00,4,-53.29175178959221,-48.96428874519682,0.0,2.8543268742515195
2021-03-10 00:00:00,8,-53.29175178959221,-51.852189914592195,3.0,2.888168966696964
2021-03-10 03:00:00,1,-53.29175178959221,-50.395434451211365,1.5,1.4824846226112127
2021-03-10 03:00:00,2,-53.29175178959221,-50.2352515904266,0.6000000000000001,1.8543379273995544
2021-03-10 03:00:00,4,-53.29175178959221,-51.20195785534013,0.3999999999999999,2.402012007964962
2021-03-10 03:00:00,8,-53.29175178959221,-53.323646390104535,0.8000000000000003,2.6017760950728728
2021-03-10 06:00:00,1,-53.29175178959221,-52.77000266712453,0.6000000000000001,1.7164304515855153
2021-03-10 06:00:00,2,-53.29175178959221,-52.480953115791124,0.0,2.0515885021521356
2021-03-10 06:00:00,4,-53.29175178959221,-52.65154654040759,1.5,2.5361068790387487
2021-03-10 06:00:00,8,-57.5,-53.60264058459418,2.6,2.774899297301342
2021-03-10 09:00:00,1,-53.29175178959221,-53.07176253138618,0.0,1.133285560958925
2021-03-10 09:00:00,2,-53.29175178959221,-53.0991984435422,0.3999999999999999,1.5746962945089118
2021-03-10 09:00:00,4,-53.29175178959221,-53.80394865118298,3.6,2.19960388074937
2021-03-10 09:00:00,8,-57.5,-53.44220338696004,3.2,2.6135546251177817
2021-03-10 12:00:00,1,-53.29175178959221,-52.61606636979534,0.3999999999999999,0.8844350409428325
2021-03-10 12:00:00,2,-53.29175178959221,-52.74804661530841,1.5,1.3309879707496708
2021-03-10 12:00:00,4,-53.29175178959221,-53.04171908111707,3.0,2.0151846959264734
2021-03-10 12:00:00,8,-57.4,-51.434793243986356,3.1,2.520393961007521
2021-03-10 15:00:00,1,-53.29175178959221,-53.270852625740766,1.5,1.6530024951683604
2021-03-10 15:00:00,2,-53.29175178959221,-53.39255006125388,3.6,1.9379511902514228
2021-03-10 15:00:00,4,-53.29175178959221,-53.03210786810216,0.8000000000000003,2.4705591263297295
2021-03-10 15:00:00,8,-60.7,-50.87370174730699,3.1,2.916569256904976
2021-03-10 18:00:00,1,-53.29175178959221,-54.69995323472733,3.6,2.1357562946708564
2021-03-10 18:00:00,2,-53.29175178959221,-54.766154306664255,3.0,2.247340247199407
2021-03-10 18:00:00,4,-57.5,-54.19264308411207,2.6,2.5485639614433087
2021-03-10 18:00:00,8,-63.1,-53.394260080290344,0.3999999999999999,2.8422884084252735
2021-03-10 21:00:00,1,-53.29175178959221,-56.61703560962251,3.0,3.5022074248860715
2021-03-10 21:00:00,2,-53.29175178959221,-56.19657500855791,0.8000000000000003,3.2901041195878875
2021-03-10 21:00:00,4,-57.5,-55.47543817672019,3.2,3.0944094271121094
2021-03-10 21:00:00,8,-65.5,-56.884516918797516,1.0750000000000002,3.1013839173566264
2021-03-11 00:00:00,1,-53.29175178959221,-52.98498503193449,0.8000000000000003,2.88882528454978
2021-03-11 00:00:00,2,-57.5,-52.199638142582295,2.6,2.9082201196084276
2021-03-11 00:00:00,4,-57.4,-51.70790211620414,3.1,2.974579938358424
2021-03-11 00:00:00,8,-65.5,-53.30186888743992,1.75,3.036383122851701
2021-03-11 03:00:00,1,-57.5,-53.46974931061093,2.6,1.1928354354790107
2021-03-11 03:00:00,2,-57.5,-52.691731717576594,3.2,1.6026981231591937
2021-03-11 03:00:00,4,-60.7,-52.329994243770614,3.1,2.2748406530624696
2021-03-11 03:00:00,8,-66.6,-53.305741580259635,2.4250000000000003,2.645838702480012
2021-03-11 06:00:00,1,-57.5,-55.10665298738938,3.2,2.69667019759365
2021-03-11 06:00:00,2,-57.4,-55.20991951224117,3.1,2.798444786916381
2021-03-11 06:00:00,4,-63.1,-56.14090297783417,0.3999999999999999,2.9030017821627045
2021-03-11 06:00:00,8,-61.7,-56.70036803359188,3.1,3.046176383369118
2021-03-11 09:00:00,1,-57.4,-57.69640301179272,3.1,3.311295097565534
2021-03-11 09:00:00,2,-60.7,-58.44741289541548,3.1,3.2169481665294914
2021-03-11 09:00:00,4,-65.5,-59.92389198332712,1.0750000000000002,3.0294248419359073
2021-03-11 09:00:00,8,-59.63333333333333,-58.49992841130328,3.0,3.2581738214890774
2021-03-11 12:00:00,1,-60.7,-57.66998079949792,3.1,3.0495482436645425
2021-03-11 12:00:00,2,-63.1,-58.296196309197214,0.3999999999999999,3.022481863906113
2021-03-11 12:00:00,4,-65.5,-59.31096827588607,1.75,2.952531998764849
2021-03-11 12:00:00,8,-57.56666666666667,-56.69238308137337,3.3,3.265405714807318
2021-03-11 15:00:00,1,-63.1,-61.704865957257354,0.3999999999999999,2.797218583190553
2021-03-11 15:00:00,2,-65.5,-61.663630244614026,1.0750000000000002,2.7701494841039493
2021-03-11 15:00:00,4,-66.6,-61.09909898614714,2.4250000000000003,2.792846490008543
2021-03-11 15:00:00,8,-55.5,-58.194468414208956,3.5,3.1715806015198
2021-03-11 18:00:00,1,-65.5,-65.94264815647578,1.0750000000000002,1.6411257493882263
2021-03-11 18:00:00,2,-65.5,-64.68779337174779,1.75,1.9784676870793605
2021-03-11 18:00:00,4,-61.7,-62.71572019981464,3.1,2.595822685897608
2021-03-11 18:00:00,8,-57.53333333333333,-60.478449346593386,3.0,3.1707576581661265
2021-03-11 21:00:00,1,-65.5,-62.950730330635686,1.75,1.910096738524139
2021-03-11 21:00:00,2,-66.6,-61.58612235064551,2.4250000000000003,2.2455341867305965
2021-03-11 21:00:00,4,-59.63333333333333,-59.933074768441024,3.0,2.8783870100535256
2021-03-11 21:00:00,8,-59.56666666666667,-59.62384366916653,0.0,3.2452509075042815
2021-03-12 00:00:00,1,-66.6,-61.84111269441233,2.4250000000000003,2.1848956211780304
2021-03-12 00:00:00,2,-61.7,-60.737185575005725,3.1,2.4268753053411793
2021-03-12 00:00:00,4,-57.56666666666667,-59.568391751495156,3.3,2.933453565537269
2021-03-12 00:00:00,8,-61.6,-60.29620726725703,0.0,3.1529316621832293
2021-03-12 03:00:00,1,-61.7,-64.09206009742033,3.1,2.955937504081407
2021-03-12 03:00:00,2,-59.63333333333333,-63.34987923292553,3.0,2.998751300014762
2021-03-12 03:00:00,4,-55.5,-62.161278116706725,3.5,3.172605521640592
2021-03-12 03:00:00,8,-62.7,-61.72934281687993,2.1,3.3022333096668404
2021-03-12 06:00:00,1,-59.63333333333333,-60.257586973206365,3.0,3.557307332130067
2021-03-12 06:00:00,2,-57.56666666666667,-60.0850615702173,3.3,3.5097855126749335
2021-03-12 06:00:00,4,-57.53333333333333,-60.24751941287709,3.0,3.466049877820636
2021-03-12 06:00:00,8,-59.66666666666667,-59.937615365678205,4.2,3.5308629220437058
2021-03-12 09:00:00,1,-57.56666666666667,-59.71291848602392,3.3,3.1180006654246633
2021-03-12 09:00:00,2,-55.5,-60.17558459406401,3.5,3.101735510493475
2021-03-12 09:00:00,4,-59.56666666666667,-61.09423128146063,0.0,3.0414618147976658
2021-03-12 09:00:00,8,-56.63333333333333,-58.9026798185417,4.1,3.303833580977072
2021-03-12 12:00:00,1,-55.5,-57.972155312079146,3.5,3.3186644502569624
2021-03-12 12:00:00,2,-57.53333333333333,-58.85166402546399,3.0,3.209365666497367
2021-03-12 12:00:00,4,-61.6,-60.100021332266735,0.0,3.0436059784027756
2021-03-12 12:00:00,8,-53.6,-56.8471679487432,3.8,3.3634473863693266
2021-03-12 15:00:00,1,-57.53333333333333,-56.91515226062967,3.0,3.714424675366762
2021-03-12 15:00:00,2,-59.56666666666667,-57.80478437317049,0.0,3.546218565008506
2021-03-12 15:00:00,4,-62.7,-59.37088369718873,2.1,3.2985145217485905
2021-03-12 15:00:00,8,-54.5,-56.4084873186507,3.5,3.6045205911502025
2021-03-12 18:00:00,1,-59.56666666666667,-61.54188431037804,0.0,2.7161880422620506
2021-03-12 18:00:00,2,-61.6,-61.45023082047847,0.0,2.6213489661466762
2021-03-12 18:00:00,4,-59.66666666666667,-60.599954633498804,4.2,2.6199036698822815
2021-03-12 18:00:00,8,-57.03333333333333,-59.14676321832622,4.0,2.913753419240891
2021-03-12 21:00:00,1,-61.6,-62.77682732975428,0.0,0.9210885987992192
2021-03-12 21:00:00,2,-62.7,-61.77165063499595,2.1,1.3628561508617612
2021-03-12 21:00:00,4,-56.63333333333333,-60.486366211468365,4.1,2.235702482377622
2021-03-12 21:00:00,8,-59.56666666666667,-60.72369419397333,3.4,2.753011478149071
2021-03-13 00:00:00,1,-62.7,-60.35594544531622,2.1,1.2254946734889307
2021-03-13 00:00:00,2,-59.66666666666667,-59.46998716732195,4.2,1.6789728257121923
2021-03-13 00:00:00,4,-53.6,-58.877638086143186,3.8,2.5017486474418495
2021-03-13 00:00:00,8,-62.1,-59.895530182368006,3.6,2.8524695731086855
2021-03-13 03:00:00,1,-59.66666666666667,-61.38176449342987,4.2,2.90385826389719
2021-03-13 03:00:00,2,-56.63333333333333,-61.120553344117866,4.1,2.924067084522585
2021-03-13 03:00:00,4,-54.5,-61.250876842636394,3.5,3.0172672055514482
2021-03-13 03:00:00,8,-61.3,-62.453602660257566,3.7,3.0952902761598406
2021-03-13 06:00:00,1,-56.63333333333333,-57.4454827781168,4.1,4.636909463410124
2021-03-13 06:00:00,2,-53.6,-57.67983905428969,3.8,4.385556308351398
2021-03-13 06:00:00,4,-57.03333333333333,-59.09928724661098,4.0,4.003465692750875
2021-03-13 06:00:00,8,-58.449999999999996,-60.0461069637074,3.4,3.855138764457158
2021-03-13 09:00:00,1,-53.6,-54.888090453161524,3.8,4.5371525622723325
2021-03-13 09:00:00,2,-54.5,-55.93362204810327,3.5,4.257802324057589
2021-03-13 09:00:00,4,-59.56666666666667,-58.60380447999237,3.4,3.7361060655185314
2021-03-13 09:00:00,8,-55.599999999999994,-56.82664015504525,3.2,3.920199330861751
2021-03-13 12:00:00,1,-54.5,-55.71726316615245,3.5,3.731985136951493
2021-03-13 12:00:00,2,-57.03333333333333,-56.94465101215055,4.0,3.544818550890224
2021-03-13 12:00:00,4,-62.1,-59.22050793562546,3.6,3.2403570232338272
2021-03-13 12:00:00,8,-52.75,-55.88264984533543,3.4,3.567562068637127
2021-03-13 15:00:00,1,-57.03333333333333,-57.051271469109466,4.0,3.3007787090344776
2021-03-13 15:00:00,2,-59.56666666666667,-57.780845007286246,3.4,3.2038035206581954
2021-03-13 15:00:00,4,-61.3,-59.11825299416323,3.7,3.0232085110503304
2021-03-13 15:00:00,8,-49.9,-56.788387676749835,2.8,3.298723563436946
2021-03-13 18:00:00,1,-59.56666666666667,-60.701511409502004,3.4,3.305859213865892
2021-03-13 18:00:00,2,-62.1,-60.62841730459648,3.6,3.1369378535476766
2021-03-13 18:00:00,4,-58.449999999999996,-59.782441067523436,3.4,3.035272463913188
2021-03-13 18:00:00,8,-51.85,-58.924472091476595,4.0,3.1477078860811583
2021-03-13 21:00:00,1,-62.1,-61.672463586747924,3.6,2.868579193132354
2021-03-13 21:00:00,2,-61.3,-61.30888437731829,3.7,2.814188310719606
2021-03-13 21:00:00,4,-55.599999999999994,-60.33156369182429,3.2,2.8685353639606084
2021-03-13 21:00:00,8,-53.8,-59.94488522066442,3.6,3.0396003546823307
2021-03-14 00:00:00,1,-61.3,-59.32449135896202,3.7,2.8443801583128336
2021-03-14 00:00:00,2,-58.449999999999996,-58.93030454698834,3.4,2.8821021988609568
2021-03-14 00:00:00,4,-52.75,-58.49738288130662,3.4,3.0110563133222192
2021-03-14 00:00:00,8,-55.75,-59.10959833627478,2.3,3.1149610430479076
2021-03-14 03:00:00,1,-58.449999999999996,-57.82600312731758,3.4,2.7596543169966816
2021-03-14 03:00:00,2,-55.599999999999994,-57.75405317798372,3.2,2.8254430235099806
2021-03-14 03:00:00,4,-49.9,-58.09559694539442,2.8,2.945700566510348
2021-03-14 03:00:00,8,-57.7,-58.949618296518615,3.2,3.0458487843043924
2021-03-14 06:00:00,1,-55.599999999999994,-56.700741973605545,3.2,3.1608127017927297
2021-03-14 06:00:00,2,-52.75,-56.773534548846875,3.4,3.139258826804256
2021-03-14 06:00:00,4,-51.85,-57.42830027051409,4.0,3.142223321075185
2021-03-14 06:00:00,8,-55.8,-58.549532022441156,3.9,3.1665634943589516
2021-03-14 09:00:00,1,-52.75,-53.341598122576386,3.4,3.0405544656302785
2021-03-14 09:00:00,2,-49.9,-54.03935334635852,2.8,3.08220316274148
2021-03-14 09:00:00,4,-53.8,-56.05549551101443,3.6,3.084585614142856
2021-03-14 09:00:00,8,-54.8,-55.89478956651113,3.7,3.2314191780476906
2021-03-14 12:00:00,1,-49.9,-51.14408847672301,2.8,3.66046461984903
2021-03-14 12:00:00,2,-51.85,-52.627794369686725,4.0,3.4935192380203794
2021-03-14 12:00:00,4,-55.75,-55.52510086893922,2.3,3.241434970254012
2021-03-14 12:00:00,8,-54.6,-53.03553173383659,4.5,3.511960415352441
2021-03-14 15:00:00,1,-51.85,-51.871785560134704,4.0,2.873043423551318
2021-03-14 15:00:00,2,-53.8,-52.8689547870186,3.6,2.8861432804879836
2021-03-14 15:00:00,4,-57.7,-55.047610993411496,3.2,2.9049718021243582
2021-03-14 15:00:00,8,-56.9,-54.17287848108747,4.1,3.093162748444737
2021-03-14 18:00:00,1,-53.8,-56.79065725486743,3.6,3.750339082501346
2021-03-14 18:00:00,2,-55.75,-56.88031531727599,2.3,3.583008702455435
2021-03-14 18:00:00,4,-55.8,-56.7629903771129,3.9,3.4383134902582397
2021-03-14 18:00:00,8,-58.733333333333334,-57.00268088236314,1.5,3.398613898275824
2021-03-14 21:00:00,1,-55.75,-57.438203556617715,2.3,3.17797454185925
2021-03-14 21:00:00,2,-57.7,-57.276752253840556,3.2,3.1061603373139963
2021-03-14 21:00:00,4,-54.8,-56.70684785924288,3.7,3.1299073238147117
2021-03-14 21:00:00,8,-60.56666666666666,-57.791450421604345,0.0,3.1396378265034857
2021-03-15 00:00:00,1,-57.7,-57.78640943642981,3.2,2.242408345654677
2021-03-15 00:00:00,2,-55.8,-57.349519251296755,3.9,2.4223818021542245
2021-03-15 00:00:00,4,-54.6,-56.83439058419161,4.5,2.82603199800037
2021-03-15 00:00:00,8,-62.4,-58.252050132805934,0.6666666666666665,3.0213368667843827
2021-03-15 03:00:00,1,-55.8,-56.59469611618593,3.9,2.8903025729103393
2021-03-15 03:00:00,2,-54.8,-56.51189542194697,3.7,2.952060488587543
2021-03-15 03:00:00,4,-56.9,-56.95480395184711,4.1,3.0602484267880645
2021-03-15 03:00:00,8,-62.6,-58.2340851611284,1.3333333333333335,3.1093196101304077
2021-03-15 06:00:00,1,-54.8,-56.40341859418806,3.7,3.9682227197345443
2021-03-15 06:00:00,2,-54.6,-56.76220431053312,4.5,3.8014290737519945
2021-03-15 06:00:00,4,-58.733333333333334,-58.24000839976484,1.5,3.529856144107447
2021-03-15 06:00:00,8,-60.4,-58.98536307111933,2.0,3.551845078278659
2021-03-15 09:00:00,1,-54.6,-54.95175428086318,4.5,3.6766459821483473
2021-03-15 09:00:00,2,-56.9,-56.05744842894705,4.1,3.516214670980245
2021-03-15 09:00:00,4,-60.56666666666666,-58.371414090769925,0.0,3.2116108718061964
2021-03-15 09:00:00,8,-58.5,-56.72848522446498,3.8,3.4340997179621238
2021-03-15 12:00:00,1,-56.9,-55.08929972105211,4.1,4.319444694947478
2021-03-15 12:00:00,2,-58.733333333333334,-56.51066012300011,1.5,4.027483332385143
2021-03-15 12:00:00,4,-62.4,-59.03879974752248,0.6666666666666665,3.586435542501123
2021-03-15 12:00:00,8,-57.2,-56.05270897343671,3.3,3.8664706048593693
2021-03-15 15:00:00,1,-58.733333333333334,-57.648633796174664,1.5,3.827360827159868
2021-03-15 15:00:00,2,-60.56666666666666,-58.28019037971071,0.0,3.649078952745022
2021-03-15 15:00:00,4,-62.6,-59.257842855910475,1.3333333333333335,3.3855639490091747
2021-03-15 15:00:00,8,-58.5,-57.51769282830794,3.5,3.5253011761057365
2021-03-15 18:00:00,1,-60.56666666666666,-62.47859467808779,0.0,2.0895785831459577
2021-03-15 18:00:00,2,-62.4,-61.73893484655599,0.6666666666666665,2.314219404310475
2021-03-15 18:00:00,4,-60.4,-60.77063411295222,2.0,2.7380303259974474
2021-03-15 18:00:00,8,-60.13333333333333,-59.7488131248305,0.3999999999999999,3.146876838063123
2021-03-15 21:00:00,1,-62.4,-62.42230337676339,0.6666666666666665,1.6088120260168837
2021-03-15 21:00:00,2,-62.6,-61.2158518485244,1.3333333333333335,2.004298532083915
2021-03-15 21:00:00,4,-58.5,-59.42550703872194,3.8,2.76146187042998
2021-03-15 21:00:00,8,-61.766666666666666,-59.476255525932466,0.3500000000000001,3.1667806673717487
2021-03-16 00:00:00,1,-62.6,-59.62202152216355,1.3333333333333335,1.6178662157927386
2021-03-16 00:00:00,2,-60.4,-58.7466877517636,2.0,2.0177550475726553
2021-03-16 00:00:00,4,-57.2,-58.5178249353868,3.3,2.7282201629892238
2021-03-16 00:00:00,8,-63.4,-59.79859542021382,0.30000000000000027,3.003798159825043
2021-03-16 03:00:00,1,-60.4,-59.82706385531941,2.0,1.947870126386606
2021-03-16 03:00:00,2,-58.5,-59.07257827492227,3.8,2.2490617418940224
2021-03-16 03:00:00,4,-58.5,-58.80143718097001,3.5,2.7914247079348296
2021-03-16 03:00:00,8,-64.4,-59.999332039455155,0.25,3.004176413042029
2021-03-16 06:00:00,1,-58.5,-59.207678695002606,3.8,2.7708792771376234
2021-03-16 06:00:00,2,-57.2,-59.13837730730694,3.3,2.860533980749369
2021-03-16 06:00:00,4,-60.13333333333333,-59.40773011780272,0.3999999999999999,2.9912129490753445
2021-03-16 06:00:00,8,-62.4,-58.93467366498996,0.20000000000000018,3.194502138619309
2021-03-16 09:00:00,1,-57.2,-58.04141130821246,3.3,4.179442003435462
2021-03-16 09:00:00,2,-58.5,-58.92677265113676,3.5,3.930635685832236
2021-03-16 09:00:00,4,-61.766666666666666,-60.956774823143924,0.3500000000000001,3.5379967595872026
2021-03-16 09:00:00,8,-60.099999999999994,-59.08206150894889,3.3,3.752491017519816
2021-03-16 12:00:00,1,-58.5,-57.79996133954535,3.5,3.521334739370583
2021-03-16 12:00:00,2,-60.13333333333333,-58.758868541495715,0.3999999999999999,3.3990276227294323
2021-03-16 12:00:00,4,-63.4,-60.627297646058466,0.30000000000000027,3.141049211145946
2021-03-16 12:00:00,8,-57.8,-57.70229274713314,3.2,3.462474654433925
2021-03-16 15:00:00,1,-60.13333333333333,-59.649521603938965,0.3999999999999999,3.1273569672286325
2021-03-16 15:00:00,2,-61.766666666666666,-59.979936152812044,0.3500000000000001,3.06658686084067
2021-03-16 15:00:00,4,-64.4,-60.36872497137079,0.25,2.983153766810368
2021-03-16 15:00:00,8,-59.3,-58.04028012165861,3.3,3.2661789104514556
2021-03-16 18:00:00,1,-61.766666666666666,-63.40379288098387,0.3500000000000001,1.7073980164350522
2021-03-16 18:00:00,2,-63.4,-62.55537198405273,0.30000000000000027,2.0340516080782454
2021-03-16 18:00:00,4,-62.4,-61.29026086773616,0.20000000000000018,2.592157778001316
2021-03-16 18:00:00,8,-61.3,-59.58662547004185,2.8,3.0994584197288018
2021-03-16 21:00:00,1,-63.4,-62.18678313124162,0.30000000000000027,1.7357494120560923
2021-03-16 21:00:00,2,-64.4,-60.9268099074827,0.25,2.0928115977440283
2021-03-16 21:00:00,4,-60.099999999999994,-59.115381797719216,3.3,2.8072584494492387
2021-03-16 21:00:00,8,-63.3,-59.25471155860917,0.8999999999999999,3.1946618858194906
2021-03-17 00:00:00,1,-64.4,-60.45764271901242,0.25,1.2485690794879458
2021-03-17 00:00:00,2,-62.4,-59.664995083194064,0.20000000000000018,1.686976395050003
2021-03-17 00:00:00,4,-57.8,-59.46675932288803,3.2,2.4737385008465647
2021-03-17 00:00:00,8,-65.3,-60.23479824740269,1.4250000000000003,2.8514952004998335
2021-03-17 03:00:00,1,-62.4,-61.0706478430653,0.20000000000000018,1.2509979194287602
2021-03-17 03:00:00,2,-60.099999999999994,-60.219759230244385,3.3,1.7060790889505075
2021-03-17 03:00:00,4,-59.3,-59.93974444610281,3.3,2.5032023682915674
2021-03-17 03:00:00,8,-64.9,-60.450096191646146,1.9500000000000002,2.904250593636488
2021-03-17 06:00:00,1,-60.099999999999994,-59.820337978580426,3.3,1.5944454420325818
2021-03-17 06:00:00,2,-57.8,-59.29454949933246,3.2,2.0131208858028975
2021-03-17 06:00:00,4,-61.3,-59.276992331215105,2.8,2.6434378023031817
2021-03-17 06:00:00,8,-63.3,-58.69780896462139,2.475,3.0410728975486254
2021-03-17 09:00:00,1,-57.8,-59.08423526043486,3.2,3.97814992049457
2021-03-17 09:00:00,2,-59.3,-59.68654959080236,3.3,3.7618054763280098
2021-03-17 09:00:00,4,-63.3,-60.998923410541224,0.8999999999999999,3.474319861339257
2021-03-17 09:00:00,8,-62.199999999999996,-59.83597429105921,3.0,3.595348070608659
2021-03-17 12:00:00,1,-59.3,-57.660321402979314,3.3,3.6130167687862373
2021-03-17 12:00:00,2,-61.3,-58.7797090326232,2.8,3.4743488141862864
2021-03-17 12:00:00,4,-65.3,-61.06476711398725,1.4250000000000003,3.1653465150208513
2021-03-17 12:00:00,8,-61.1,-58.32635720112764,3.1,3.4723384042032244
2021-03-17 15:00:00,1,-61.3,-60.08605442058112,2.8,2.936865842514182
2021-03-17 15:00:00,2,-63.3,-60.48667674739493,0.8999999999999999,2.895621312217859
2021-03-17 15:00:00,4,-64.9,-60.94517763921348,1.9500000000000002,2.8319432309288577
2021-03-17 15:00:00,8,-60.0,-58.45406203879906,3.5,3.1370570241058897
2021-03-17 18:00:00,1,-63.3,-63.100979284024774,0.8999999999999999,2.6465172548396625
2021-03-17 18:00:00,2,-65.3,-62.919583072850344,1.4250000000000003,2.617766277937527
2021-03-17 18:00:00,4,-63.3,-62.003046732852596,2.475,2.6726342158242486
2021-03-17 18:00:00,8,-62.166666666666664,-59.6864069316064,3.9,3.0222743951624853
2021-03-17 21:00:00,1,-65.3,-65.16512960043946,1.4250000000000003,1.3579159313720286
2021-03-17 21:00:00,2,-64.9,-64.23797595785727,1.9500000000000002,1.6514963072809326
2021-03-17 21:00:00,4,-62.199999999999996,-62.72091933495642,3.0,2.257012097711879
2021-03-17 21:00:00,8,-64.33333333333333,-61.678913511607846,3.05,2.7748863405023956
2021-03-18 00:00:00,1,-64.9,-63.01948485808016,1.9500000000000002,1.6408493376773643
2021-03-18 00:00:00,2,-63.3,-62.163278947955156,2.475,1.9281829368891747
2021-03-18 00:00:00,4,-61.1,-61.3002960055209,3.1,2.519498502235875
2021-03-18 00:00:00,8,-66.5,-61.695310673131765,2.2,2.8861280309221455
2021-03-18 03:00:00,1,-63.3,-62.33101085785965,2.475,2.3091849147773775
2021-03-18 03:00:00,2,-62.199999999999996,-61.96183335573995,3.0,2.4762915767608176
2021-03-18 03:00:00,4,-60.0,-62.05852170655565,3.5,2.8001033105017124
2021-03-18 03:00:00,8,-68.9,-62.87200406949357,1.35,3.0050344943813228
2021-03-18 06:00:00,1,-62.199999999999996,-61.617353907046656,3.0,2.765654861193629
2021-03-18 06:00:00,2,-61.1,-61.84238581966115,3.1,2.8054018947886483
2021-03-18 06:00:00,4,-62.166666666666664,-62.64415427750829,3.9,2.8545027241401044
2021-03-18 06:00:00,8,-64.6,-62.31446455263087,0.5,3.060064045673836
2021-03-18 09:00:00,1,-61.1,-61.152091833940624,3.1,2.884871594665442
2021-03-18 09:00:00,2,-60.0,-61.42141222189187,3.5,2.8697377868949534
2021-03-18 09:00:00,4,-64.33333333333333,-61.840160912604915,3.05,2.8675183352235365
2021-03-18 09:00:00,8,-53.29175178959221,-60.50064942308846,2.5,3.075415239737763
2021-03-18 12:00:00,1,-60.0,-60.626947482577464,3.5,2.933917930813098
2021-03-18 12:00:00,2,-62.166666666666664,-61.11704954780488,3.9,2.8954441293252677
2021-03-18 12:00:00,4,-66.5,-61.619675361235515,2.2,2.8378300965440997
2021-03-18 12:00:00,8,-53.29175178959221,-58.91246998598994,2.3,3.135750893459811
2021-03-18 15:00:00,1,-62.166666666666664,-59.81982354087377,3.9,3.226783176732403
2021-03-18 15:00:00,2,-64.33333333333333,-60.202777021916816,3.05,3.163537735223867
2021-03-18 15:00:00,4,-68.9,-60.81716046436303,1.35,3.0581014372144604
2021-03-18 15:00:00,8,-53.29175178959221,-58.573283337567084,1.9,3.3189985277211607
2021-03-18 18:00:00,1,-64.33333333333333,-63.048786192329864,3.05,3.2433804096217798
2021-03-18 18:00:00,2,-66.5,-62.763442582868365,2.2,3.0924539635542105
2021-03-18 18:00:00,4,-64.6,-61.463019713045895,0.5,3.0337665959467213
2021-03-18 18:00:00,8,-53.29175178959221,-60.18715367845586,0.0,3.1497707364418495
2021-03-18 21:00:00,1,-66.5,-65.1047300024717,2.2,2.546855903429082
2021-03-18 21:00:00,2,-68.9,-64.2456939644591,1.35,2.577174386402961
2021-03-18 21:00:00,4,-53.29175178959221,-62.500909314240225,2.5,2.8109094407836994
2021-03-18 21:00:00,8,-53.29175178959221,-61.628719089658404,0.75,3.0964865672757544
2021-03-19 00:00:00,1,-68.9,-62.741073188640705,1.35,1.7665740099912948
2021-03-19 00:00:00,2,-64.6,-61.78359077739749,0.5,2.072363422919162
2021-03-19 00:00:00,4,-53.29175178959221,-60.761077387824656,2.3,2.6612617721199885
2021-03-19 00:00:00,8,-53.9,-60.70238825920649,1.5,3.047744689243265
2021-03-19 03:00:00,1,-64.6,-64.75441521626271,0.5,1.5354682260338417
2021-03-19 03:00:00,2,-53.29175178959221,-63.57837603479957,2.5,1.9270891271213082
2021-03-19 03:00:00,4,-53.29175178959221,-62.282512495240006,1.9,2.6480440243089562
2021-03-19 03:00:00,8,-54.6,-61.694652135227166,2.25,3.119757138144419
2021-03-19 06:00:00,1,-53.29175178959221,-60.517751234580324,2.5,1.4977708727199257
2021-03-19 06:00:00,2,-53.29175178959221,-59.78647587306584,2.3,1.9797393729019022
2021-03-19 06:00:00,4,-53.29175178959221,-59.66194159999966,0.0,2.718650580544158
2021-03-19 06:00:00,8,-53.650000000000006,-59.53833821421219,3.0,3.1129909164459333
2021-03-19 09:00:00,1,-53.29175178959221,-58.12950552322285,2.3,3.0850163343975514
2021-03-19 09:00:00,2,-53.29175178959221,-58.3682564951825,1.9,3.076398090252099
2021-03-19 09:00:00,4,-53.29175178959221,-59.041779019114955,0.75,3.082517058525015
2021-03-19 09:00:00,8,-52.7,-58.70473874314046,3.8,3.2181919659082094
2021-03-19 12:00:00,1,-53.29175178959221,-57.70921279888885,1.9,2.924272793700923
2021-03-19 12:00:00,2,-53.29175178959221,-58.318445379759595,0.0,2.9098592346554195
2021-03-19 12:00:00,4,-53.9,-59.31851624425432,1.5,2.8899600975208974
2021-03-19 12:00:00,8,-53.5,-57.76458510120087,3.6,3.1250269295448065
2021-03-19 15:00:00,1,-53.29175178959221,-56.60488796293593,0.0,2.4926032801919256
2021-03-19 15:00:00,2,-53.29175178959221,-56.81326189266824,0.75,2.6038614465411998
2021-03-19 15:00:00,4,-54.6,-56.96076393603403,2.25,2.8259142670864845
2021-03-19 15:00:00,8,-56.93333333333333,-55.79784579809457,3.9,3.1041982087360633
2021-03-19 18:00:00,1,-53.29175178959221,-55.96652768855401,0.75,1.4527366653522686
2021-03-19 18:00:00,2,-53.9,-55.48861037581415,1.5,1.841193868050021
2021-03-19 18:00:00,4,-53.650000000000006,-55.01690774436106,3.0,2.531648887078537
2021-03-19 18:00:00,8,-60.36666666666667,-55.79543824403744,0.0,2.897436063872794
2021-03-19 21:00:00,1,-53.9,-55.73370355773575,1.5,1.2143098101085155
2021-03-19 21:00:00,2,-54.6,-55.199596174060545,2.25,1.5436829432063384
2021-03-19 21:00:00,4,-52.7,-55.026791216687464,3.8,2.220554758045302
2021-03-19 21:00:00,8,-63.8,-56.799618485927006,0.0,2.523806771186037
2021-03-20 00:00:00,1,-54.6,-54.25135797064062,2.25,1.4394066252836986
2021-03-20 00:00:00,2,-53.650000000000006,-54.3843921740077,3.0,1.7277522411375148
2021-03-20 00:00:00,4,-53.5,-56.03780144770902,3.6,2.2785422452290307
2021-03-20 00:00:00,8,-60.9,-58.70430572204564,2.5,2.447805707695566
2021-03-20 03:00:00,1,-53.650000000000006,-55.60494138486193,3.0,2.508047144694409
2021-03-20 03:00:00,2,-52.7,-55.622312663723946,3.8,2.573125253431732
2021-03-20 03:00:00,4,-56.93333333333333,-56.03194953867057,3.9,2.8147628887667215
2021-03-20 03:00:00,8,-57.35,-58.190492689747714,5.0,2.8925604684173143
2021-03-20 06:00:00,1,-52.7,-57.22831477355454,3.8,3.0983778866808436
2021-03-20 06:00:00,2,-53.5,-57.47312551908818,3.6,3.05621369026011
2021-03-20 06:00:00,4,-60.36666666666667,-58.108210756221354,0.0,3.0406243150402377
2021-03-20 06:00:00,8,-53.8,-58.95830825895556,7.5,3.0919232679990007
2021-03-20 09:00:00,1,-53.5,-52.98429587273783,3.6,3.8577315638908156
2021-03-20 09:00:00,2,-56.93333333333333,-54.242807965520925,3.9,3.630975238707336
2021-03-20 09:00:00,4,-63.8,-56.95389107709315,0.0,3.25874586682858
2021-03-20 09:00:00,8,-50.25,-55.037895577940944,10.0,3.523136694187052
2021-03-20 12:00:00,1,-56.93333333333333,-54.62722694557705,3.9,3.403143605851605
2021-03-20 12:00:00,2,-60.36666666666667,-55.991047778235966,0.0,3.248226572348788
2021-03-20 12:00:00,4,-60.9,-58.12864884754608,2.5,3.028445670512631
2021-03-20 12:00:00,8,-46.7,-54.85826675569428,11.8,3.35891458622425
2021-03-20 15:00:00,1,-60.36666666666667,-61.04377315614896,0.0,3.1194925635091377
2021-03-20 15:00:00,2,-63.8,-61.21794706540249,0.0,2.9755723331814488
2021-03-20 15:00:00,4,-57.35,-60.64900922288251,5.0,2.876766770343271
2021-03-20 15:00:00,8,-46.7,-57.94743528337254,10.7,3.2013657762506154
2021-03-20 18:00:00,1,-63.8,-64.7585624199595,0.0,1.48977412836263
2021-03-20 18:00:00,2,-60.9,-63.520957149426266,2.5,1.8712790220025397
2021-03-20 18:00:00,4,-53.8,-61.50300607697306,7.5,2.5580572960591823
2021-03-20 18:00:00,8,-49.5,-59.48910494058303,8.8,3.1636020926573183
2021-03-20 21:00:00,1,-60.9,-63.376351159788626,2.5,1.6867085145647849
2021-03-20 21:00:00,2,-57.35,-61.96761753768537,5.0,2.0781194408610917
2021-03-20 21:00:00,4,-50.25,-59.80638691791659,10.0,2.8044037947084743
2021-03-20 21:00:00,8,-51.0,-59.037581380348875,8.7,3.2384908976044677
2021-03-21 00:00:00,1,-57.35,-59.26757466277854,5.0,3.149510694020192
2021-03-21 00:00:00,2,-53.8,-58.434157838707705,7.5,3.1882097198650206
2021-03-21 00:00:00,4,-46.7,-57.50207344760243,11.8,3.3488552847671444
2021-03-21 00:00:00,8,-51.4,-58.6655859988584,9.2,3.3464788318838004
2021-03-21 03:00:00,1,-53.8,-52.76186298731848,7.5,6.61468398925328
2021-03-21 03:00:00,2,-50.25,-52.760149050557885,10.0,6.27779015418909
2021-03-21 03:00:00,4,-46.7,-54.816311983063216,10.7,5.470881665674815
2021-03-21 03:00:00,8,-53.0,-56.91649743597747,8.6,4.755825577818311
2021-03-21 06:00:00,1,-50.25,-50.877576961880166,10.0,8.24934658958138
2021-03-21 06:00:00,2,-46.7,-51.39362669943804,11.8,7.694064895188358
2021-03-21 06:00:00,4,-49.5,-55.04272437557401,8.8,6.3412456238089465
2021-03-21 06:00:00,8,-53.9,-55.95795012427146,7.6,5.473785481603352
2021-03-21 09:00:00,1,-46.7,-49.69918246268165,11.8,9.215795396055535
2021-03-21 09:00:00,2,-46.7,-50.856094504370844,10.7,8.452954100482183
2021-03-21 09:00:00,4,-51.0,-55.47088749246915,8.7,6.801276823729918
2021-03-21 09:00:00,8,-53.8,-54.032577214675506,7.4,5.999812536860287
2021-03-21 12:00:00,1,-46.7,-49.44877054245397,10.7,10.229815169842555
2021-03-21 12:00:00,2,-49.5,-50.99217768780115,8.8,9.337669499675098
2021-03-21 12:00:00,4,-51.4,-55.56708518211086,9.2,7.556801740191075
2021-03-21 12:00:00,8,-52.1,-52.1047089399643,8.4,6.564620837649194
2021-03-21 15:00:00,1,-49.5,-50.800164174042294,8.8,8.815275253577969
2021-03-21 15:00:00,2,-51.0,-52.318161681173095,8.7,8.121067241748388
2021-03-21 15:00:00,4,-53.0,-54.52649082020113,8.6,6.996310026297333
2021-03-21 15:00:00,8,-53.7,-51.03335179760986,6.9,6.037882704734841
2021-03-21 18:00:00,1,-51.0,-52.92098941352708,8.7,7.203500651968566
2021-03-21 18:00:00,2,-51.4,-53.58529722514552,9.2,6.874654322054253
2021-03-21 18:00:00,4,-53.9,-52.63497438720579,7.6,6.429073525409535
2021-03-21 18:00:00,8,-55.5,-52.374370305008924,6.3,5.264694951981227
2021-03-21 21:00:00,1,-51.4,-52.19812842282097,9.2,7.238196293539681
2021-03-21 21:00:00,2,-53.0,-52.17218025514609,8.6,6.990682829862626
2021-03-21 21:00:00,4,-53.8,-50.8303690165331,7.4,6.511728731621595
2021-03-21 21:00:00,8,-56.2,-52.38206939845976,5.6,5.22532953077329
2021-03-22 00:00:00,1,-53.0,-51.18179877802367,8.6,8.57791053592688
2021-03-22 00:00:00,2,-53.9,-51.24067478658604,7.6,8.213385340685996
2021-03-22 00:00:00,4,-52.1,-50.73679611199692,8.4,7.3592381760976835
2021-03-22 00:00:00,8,-59.0,-52.60412239973229,2.4,5.7150592068444706
2021-03-22 03:00:00,1,-53.9,-53.33176436481827,7.6,7.886118567199647
2021-03-22 03:00:00,2,-53.8,-53.58353614060141,7.4,7.498850404076011
2021-03-22 03:00:00,4,-53.7,-53.98292253802999,6.9,6.6337075560359375
2021-03-22 03:00:00,8,-57.0,-55.131046989398136,5.1,5.355383266899889
2021-03-22 06:00:00,1,-53.8,-54.00888633157008,7.4,6.749681250719549
2021-03-22 06:00:00,2,-52.1,-54.37562511796486,8.4,6.397823645875985
2021-03-22 06:00:00,4,-55.5,-55.00519726164999,6.3,5.6990399111723065
2021-03-22 06:00:00,8,-58.2,-55.29829400213656,3.0,4.881441690285923
2021-03-22 09:00:00,1,-52.1,-53.319219857180286,8.4,6.612344727181727
2021-03-22 09:00:00,2,-53.7,-54.096939297898814,6.9,6.1800182559779895
2021-03-22 09:00:00,4,-56.2,-55.83161099622605,5.6,5.4166847086849845
2021-03-22 09:00:00,8,-56.2,-54.71614505346918,4.0,4.913745389467134
2021-03-22 12:00:00,1,-53.7,-51.60478329405524,6.9,7.725260174877787
2021-03-22 12:00:00,2,-55.5,-52.852909950478654,6.3,7.118014358526582
2021-03-22 12:00:00,4,-59.0,-55.71386060022853,2.4,6.053108383141483
2021-03-22 12:00:00,8,-54.0,-53.16188887440674,4.0,5.486534545205574
2021-03-22 15:00:00,1,-55.5,-53.33288222210381,6.3,6.30158459563245
2021-03-22 15:00:00,2,-56.2,-54.39759031113729,5.6,5.902427743012778
2021-03-22 15:00:00,4,-57.0,-55.03241977041911,5.1,5.429325852282811
2021-03-22 15:00:00,8,-56.5,-52.85368340829111,3.8,4.915844710817453
2021-03-22 18:00:00,1,-56.2,-54.724634356380484,5.6,5.607667925158607
2021-03-22 18:00:00,2,-59.0,-55.09096876159478,2.4,5.3920714828604535
2021-03-22 18:00:00,4,-58.2,-53.963150910120746,3.0,5.210645691835356
2021-03-22 18:00:00,8,-56.9,-53.79966698398898,2.2,4.542638993483914
2021-03-22 21:00:00,1,-59.0,-54.17941504619141,2.4,5.551560400185829
2021-03-22 21:00:00,2,-57.0,-54.43232962660686,5.1,5.363786417518795
2021-03-22 21:00:00,4,-56.2,-53.2036297933378,4.0,5.206291674187678
2021-03-22 21:00:00,8,-57.300000000000004,-53.47648176192144,2.8,4.5170599262761755
2021-03-23 00:00:00,1,-57.0,-55.2781869810166,5.1,3.1527711685008035
2021-03-23 00:00:00,2,-58.2,-54.14046692419042,3.0,3.2534731694794568
2021-03-23 00:00:00,4,-54.0,-51.362677489362234,4.0,3.620751694494036
2021-03-23 00:00:00,8,-57.7,-52.92089002942181,2.9,3.757004809027755
2021-03-23 03:00:00,1,-58.2,-54.64009203112414,3.0,4.842008552474438
2021-03-23 03:00:00,2,-56.2,-53.953825375748245,4.0,4.678628009931285
2021-03-23 03:00:00,4,-56.5,-54.12192140884042,3.8,4.35005729192543
2021-03-23 03:00:00,8,-53.9,-56.216918354002495,3.3,4.025738803381288
2021-03-23 06:00:00,1,-56.2,-57.629034728252456,4.0,3.0695224555847305
2021-03-23 06:00:00,2,-54.0,-57.04510974464543,4.0,3.124071485592852
2021-03-23 06:00:00,4,-56.9,-56.04564914448899,2.2,3.2871833478483827
2021-03-23 06:00:00,8,-53.7,-56.41027019834975,3.8,3.4152184360271582
2021-03-23 09:00:00,1,-54.0,-55.79270286202999,4.0,3.9891935387704187
2021-03-23 09:00:00,2,-56.5,-55.86490282520728,3.8,3.846344030581198
2021-03-23 09:00:00,4,-57.300000000000004,-56.55384010756418,2.8,3.68073283913297
2021-03-23 09:00:00,8,-52.8,-56.383695239845125,2.3,3.768931462477906
2021-03-23 12:00:00,1,-56.5,-53.36055414336527,3.8,4.12678855844525
2021-03-23 12:00:00,2,-56.9,-54.57392716436195,2.2,3.8766669657884596
2021-03-23 12:00:00,4,-57.7,-56.54695067710053,2.9,3.6212947636589394
2021-03-23 12:00:00,8,-51.9,-53.18838845049532,3.2,3.919092777575579
2021-03-23 15:00:00,1,-56.9,-56.02815285870526,2.2,3.4613254450195337
2021-03-23 15:00:00,2,-57.300000000000004,-56.482407117690435,2.8,3.341982129487229
2021-03-23 15:00:00,4,-53.9,-56.75207298586625,3.3,3.286091377626046
2021-03-23 15:00:00,8,-53.55,-54.29355789373343,3.6,3.5421596377903364
2021-03-23 18:00:00,1,-57.300000000000004,-58.2170420704672,2.8,2.3509444111816293
2021-03-23 18:00:00,2,-57.7,-57.31758376542865,2.9,2.5331668054012253
2021-03-23 18:00:00,4,-53.7,-55.20556660551181,3.8,2.941022308968043
2021-03-23 18:00:00,8,-55.2,-54.70535789277642,3.9,3.2648688341135164
2021-03-23 21:00:00,1,-57.7,-55.811274135290375,2.9,2.7777140685622217
2021-03-23 21:00:00,2,-53.9,-55.04329140985291,3.3,2.8256696341911463
2021-03-23 21:00:00,4,-52.8,-52.688971973629435,2.3,3.094339737662631
2021-03-23 21:00:00,8,-55.6,-53.15299428968872,4.0,3.251981511335704
2021-03-24 00:00:00,1,-53.9,-54.39689178542776,3.3,2.6348023890661207
2021-03-24 00:00:00,2,-53.7,-53.9921873701941,3.8,2.7428131976942107
2021-03-24 00:00:00,4,-51.9,-53.15912444720315,3.2,3.011499083933137
2021-03-24 00:00:00,8,-59.8,-54.63784929166841,0.0,3.1025812215555852
2021-03-24 03:00:00,1,-53.7,-52.10502465449173,3.8,3.2921616379325513
2021-03-24 03:00:00,2,-52.8,-51.684069744716865,2.3,3.2714700032558732
2021-03-24 03:00:00,4,-53.55,-51.88892506283459,3.6,3.256447927881239
2021-03-24 03:00:00,8,-56.0,-54.38546067697545,2.6,3.258304055980547
2021-03-24 06:00:00,1,-52.8,-52.69101054111721,2.3,3.827805863877597
2021-03-24 06:00:00,2,-51.9,-52.780469700221296,3.2,3.6522481831013645
2021-03-24 06:00:00,4,-55.2,-53.57551849565049,3.9,3.4057337126171685
2021-03-24 06:00:00,8,-54.05,-54.8797951451417,5.2,3.4361029563836287
2021-03-24 09:00:00,1,-51.9,-52.13831333128113,3.2,2.083960024577215
2021-03-24 09:00:00,2,-53.55,-52.117647111330534,3.6,2.3355144099208167
2021-03-24 09:00:00,4,-55.6,-52.379883083237786,4.0,2.7452187900451452
2021-03-24 09:00:00,8,-52.1,-52.66714939462165,7.799999999999999,2.9835123982083727
2021-03-24 12:00:00,1,-53.55,-51.19402477919288,3.6,3.2955914839022746
2021-03-24 12:00:00,2,-55.2,-51.97242797535065,3.9,3.2306026597733304
2021-03-24 12:00:00,4,-59.8,-53.18202593141171,0.0,3.2170848261002747
2021-03-24 12:00:00,8,-50.150000000000006,-51.909817024751526,6.7,3.41894742142606
2021-03-24 15:00:00,1,-55.2,-55.69588986454307,3.9,3.518714653344905
2021-03-24 15:00:00,2,-55.6,-56.30761105583228,4.0,3.3244208147799332
2021-03-24 15:00:00,4,-56.0,-56.13828575798903,2.6,3.25825412165045
2021-03-24 15:00:00,8,-48.2,-53.95731188003747,7.3,3.4463371479664335
2021-03-24 18:00:00,1,-55.6,-54.14954055340439,4.0,3.8356446205999997
2021-03-24 18:00:00,2,-59.8,-54.27773713300129,0.0,3.667697099689034
2021-03-24 18:00:00,4,-54.05,-53.64395312065554,5.2,3.583234246733395
2021-03-24 18:00:00,8,-48.7,-53.89578370733196,6.6,3.5258289723772314
2021-03-24 21:00:00,1,-59.8,-53.79680218199125,0.0,4.029511151400533
2021-03-24 21:00:00,2,-56.0,-53.72018869993884,2.6,3.8697705895787444
2021-03-24 21:00:00,4,-52.1,-52.77991581508545,7.799999999999999,3.801169271271058
2021-03-24 21:00:00,8,-45.9,-53.68524170005898,7.199999999999999,3.695362584768306
2021-03-25 00:00:00,1,-56.0,-57.96117343599392,2.6,1.4353837258313247
2021-03-25 00:00:00,2,-54.05,-56.7495062010904,5.2,1.8706588018982293
2021-03-25 00:00:00,4,-50.150000000000006,-54.67952775216992,6.7,2.7185976869451656
2021-03-25 00:00:00,8,-46.8,-55.36391651177875,6.3,3.1438611031181702
2021-03-25 03:00:00,1,-54.05,-50.28871150298667,5.2,3.42339332303993
2021-03-25 03:00:00,2,-52.1,-49.46016310410333,7.799999999999999,3.515109877259362
2021-03-25 03:00:00,4,-48.2,-49.35403979282732,7.3,3.6652837225946997
2021-03-25 03:00:00,8,-45.1,-52.629618768255305,5.2,3.5970954422435577
2021-03-25 06:00:00,1,-52.1,-50.92392931230195,7.799999999999999,6.705067846056776
2021-03-25 06:00:00,2,-50.150000000000006,-51.24969689997924,6.7,6.31328367863855
2021-03-25 06:00:00,4,-48.7,-54.00665512013019,6.6,5.391504582916418
2021-03-25 06:00:00,8,-43.0,-54.94942634216541,7.199999999999999,4.895363157572255
2021-03-25 09:00:00,1,-50.150000000000006,-49.57507256469841,6.7,7.417632282823663
2021-03-25 09:00:00,2,-48.2,-50.5070164581107,7.3,6.849790064915151
2021-03-25 09:00:00,4,-45.9,-54.32745116091583,7.199999999999999,5.670790676978352
2021-03-25 09:00:00,8,-43.1,-53.52519717546424,6.7,5.275175242763777
2021-03-25 12:00:00,1,-48.2,-49.39204766103673,7.3,5.908510293616226
2021-03-25 12:00:00,2,-48.7,-50.70034632717777,6.6,5.451179226611545
2021-03-25 12:00:00,4,-46.8,-53.46184217249931,6.3,4.76645911074149
2021-03-25 12:00:00,8,-45.5,-50.220071895450054,5.6,4.780215925372896
2021-03-25 15:00:00,1,-48.7,-49.39737720685765,6.6,6.378690666124445
2021-03-25 15:00:00,2,-45.9,-50.29213964669573,7.199999999999999,5.975771116434538
2021-03-25 15:00:00,4,-45.1,-51.75826873789012,5.2,5.373300013795573
2021-03-25 15:00:00,8,-45.5,-49.88661250939444,6.5,4.9818943128749735
2021-03-25 18:00:00,1,-45.9,-50.8555026128078,7.199999999999999,6.168720353857793
2021-03-25 18:00:00,2,-46.8,-51.40594978811561,6.3,5.926174622873172
2021-03-25 18:00:00,4,-43.0,-50.69138995949988,7.199999999999999,5.659323216748483
2021-03-25 18:00:00,8,-45.9,-50.478462643637826,5.6,4.876822991362644
2021-03-25 21:00:00,1,-46.8,-45.595798195078586,6.3,6.7779537325033825
2021-03-25 21:00:00,2,-45.1,-45.5121523531787,5.2,6.5669620192465175
2021-03-25 21:00:00,4,-43.1,-44.545224173960335,6.7,6.137956114344021
2021-03-25 21:00:00,8,-45.8,-45.91281286654496,4.7,5.129625601658267
2021-03-26 00:00:00,1,-45.1,-47.48022782537042,5.2,6.338225569931011
2021-03-26 00:00:00,2,-43.0,-47.21970907750952,7.199999999999999,6.20510944371922
2021-03-26 00:00:00,4,-45.5,-45.39430144729311,5.6,5.933002802597897
2021-03-26 00:00:00,8,-44.8,-47.569514829769275,5.2,4.888155444946698
2021-03-26 03:00:00,1,-43.0,-44.7353456521202,7.199999999999999,5.247674410339432
2021-03-26 03:00:00,2,-43.1,-44.107276293374376,6.7,5.239707205350928
2021-03-26 03:00:00,4,-45.5,-43.143887215017486,6.5,5.075542643171103
2021-03-26 03:00:00,8,-46.3,-46.27222325724811,4.6,4.331914627510663
2021-03-26 06:00:00,1,-43.1,-42.928425717049365,6.7,7.131981041308827
2021-03-26 06:00:00,2,-45.5,-42.61786097044292,5.6,6.802093048743396
2021-03-26 06:00:00,4,-45.9,-44.00895744881895,5.6,5.897061388802133
2021-03-26 06:00:00,8,-46.7,-45.59766285163997,4.7,5.158140263610067
2021-03-26 09:00:00,1,-45.5,-44.221861888774576,5.6,6.132378399018049
2021-03-26 09:00:00,2,-45.5,-45.13357231314322,6.5,5.717278178634444
2021-03-26 09:00:00,4,-45.8,-47.31897213861197,4.7,5.026139701791533
2021-03-26 09:00:00,8,-46.0,-45.19894624994395,3.3,4.968780006174873
2021-03-26 12:00:00,1,-45.5,-46.402811179629865,6.5,5.001002658712467
2021-03-26 12:00:00,2,-45.9,-47.48286918199871,5.6,4.741411538891365
2021-03-26 12:00:00,4,-44.8,-48.35153291448637,5.2,4.501155908790524
2021-03-26 12:00:00,8,-46.5,-46.296095616540306,3.1,4.505446048886193
2021-03-26 15:00:00,1,-45.9,-46.55664714719624,5.6,5.748370017212942
2021-03-26 15:00:00,2,-45.8,-47.325503480083725,4.7,5.459638150118098
2021-03-26 15:00:00,4,-46.3,-47.906585366785336,4.6,5.089248270448644
2021-03-26 15:00:00,8,-48.9,-46.87404620594062,3.4,4.776497910596969
2021-03-26 18:00:00,1,-45.8,-46.607516678573035,4.7,5.239017455757621
2021-03-26 18:00:00,2,-44.8,-47.08129075037155,5.2,5.105364715452828
2021-03-26 18:00:00,4,-46.7,-46.3727648473568,4.7,5.023641865563324
2021-03-26 18:00:00,8,-48.8,-46.676320560335306,3.6,4.505492757346594
2021-03-26 21:00:00,1,-44.8,-45.741123244703964,5.2,4.752308260125658
2021-03-26 21:00:00,2,-46.3,-45.50296452455786,4.6,4.728018474393351
2021-03-26 21:00:00,4,-46.0,-44.12552514244186,3.3,4.722631858521802
2021-03-26 21:00:00,8,-45.9,-46.33573974249736,3.3,4.1068028293704435
2021-03-27 00:00:00,1,-46.3,-43.347099475659476,4.6,5.371515068110231
2021-03-27 00:00:00,2,-46.7,-42.64179241081628,4.7,5.348515097054959
2021-03-27 00:00:00,4,-46.5,-41.60118363888676,3.1,5.150964329800034
2021-03-27 00:00:00,8,-45.5,-45.02801531564512,3.2,4.359276720877975
2021-03-27 03:00:00,1,-46.7,-44.79137469108435,4.7,4.650047550901706
2021-03-27 03:00:00,2,-46.0,-44.11525584183546,3.3,4.62877110070714
2021-03-27 03:00:00,4,-48.9,-43.04351278113841,3.4,4.503183141284152
2021-03-27 03:00:00,8,-49.6,-45.889563740608864,4.1,3.971059672182098
2021-03-27 06:00:00,1,-46.0,-44.284492878307475,3.3,4.428570214846262
2021-03-27 06:00:00,2,-46.5,-44.20562395796939,3.1,4.275407361296309
2021-03-27 06:00:00,4,-48.8,-45.247276015332005,3.6,3.910639506006015
2021-03-27 06:00:00,8,-51.25,-46.08015786741798,3.5,3.9599712649716188
2021-03-27 09:00:00,1,-46.5,-45.03772406648152,3.1,2.9756885178106867
2021-03-27 09:00:00,2,-48.9,-46.13728639089243,3.4,3.018071913410308
2021-03-27 09:00:00,4,-45.9,-48.17559702006249,3.3,3.0955766054205136
2021-03-27 09:00:00,8,-52.9,-46.201631452279855,3.4,3.3706111631828173
2021-03-27 12:00:00,1,-48.9,-46.537761375253844,3.4,2.9715899570508837
2021-03-27 12:00:00,2,-48.8,-47.89842317132336,3.6,2.958548059128436
2021-03-27 12:00:00,4,-45.5,-49.68493221398183,3.2,3.047003485695292
2021-03-27 12:00:00,8,-49.3,-46.75332770611597,2.7,3.3435271611114166
2021-03-27 15:00:00,1,-48.8,-48.6212254411988,3.6,3.160795479380961
2021-03-27 15:00:00,2,-45.9,-49.950072075065506,3.3,3.0593013007811125
2021-03-27 15:00:00,4,-49.6,-50.67138939240115,4.1,3.117231522112707
2021-03-27 15:00:00,8,-47.75,-47.494993412403126,1.1999999999999997,3.4001788983000343
2021-03-27 18:00:00,1,-45.9,-48.25612561443039,3.3,3.327500640557536
2021-03-27 18:00:00,2,-45.5,-48.92218266735791,3.2,3.2575387783802103
2021-03-27 18:00:00,4,-51.25,-49.044048925259176,3.5,3.306293266630605
2021-03-27 18:00:00,8,-46.2,-48.40220286708902,1.0,3.4453464860486176
2021-03-27 21:00:00,1,-45.5,-45.159272583446324,3.2,3.319821044513552
2021-03-27 21:00:00,2,-49.6,-44.959738480356826,4.1,3.316331613264722
2021-03-27 21:00:00,4,-52.9,-44.74444774112327,3.4,3.3528902079156606
2021-03-27 21:00:00,8,-49.3,-46.752213811585875,0.0,3.316398476745706
2021-03-28 00:00:00,1,-49.6,-45.40185806167323,4.1,3.2663948837606465
2021-03-28 00:00:00,2,-51.25,-44.78014568315965,3.5,3.2978427943694553
2021-03-28 00:00:00,4,-49.3,-44.114982771960356,2.7,3.3674632209004645
2021-03-28 00:00:00,8,-47.7,-47.33710354601813,2.9,3.2819689027743597
2021-03-28 03:00:00,1,-51.25,-50.146205953859294,3.5,3.9872988868553128
2021-03-28 03:00:00,2,-52.9,-49.55817537548763,3.4,3.888053619315433
2021-03-28 03:00:00,4,-47.75,-48.91022018942569,1.1999999999999997,3.7149465730955264
2021-03-28 03:00:00,8,-47.7,-51.240992707647756,3.1,3.5860100709497043
2021-03-28 06:00:00,1,-52.9,-52.063160845110616,3.4,2.7500317343123033
2021-03-28 06:00:00,2,-49.3,-52.05855058443399,2.7,2.81551491630723
2021-03-28 06:00:00,4,-46.2,-51.958111530622396,1.0,2.98189061221347
2021-03-28 06:00:00,8,-47.7,-52.4574566778903,2.6,3.120105745352292
2021-03-28 09:00:00,1,-49.3,-50.16684056182897,2.7,3.038968830704042
2021-03-28 09:00:00,2,-47.75,-51.114566849295706,1.1999999999999997,3.019216857211877
2021-03-28 09:00:00,4,-49.3,-51.747881455246656,0.0,3.105378343843414
2021-03-28 09:00:00,8,-47.7,-49.88883489469721,2.2,3.340964807489276
2021-03-28 12:00:00,1,-47.75,-46.92185288761014,1.1999999999999997,2.673510479338196
2021-03-28 12:00:00,2,-46.2,-48.225978051768266,1.0,2.765142401133233
2021-03-28 12:00:00,4,-47.7,-50.50098586482679,2.9,2.9520153797319515
2021-03-28 12:00:00,8,-47.7,-48.419561176933215,0.5,3.2317169178226623
2021-03-28 15:00:00,1,-46.2,-47.70708044398592,1.0,1.9657622393682435
2021-03-28 15:00:00,2,-49.3,-48.52809204226636,0.0,2.219763913428114
2021-03-28 15:00:00,4,-47.7,-49.836418087445004,3.1,2.691188778477134
2021-03-28 15:00:00,8,-47.7,-48.12855695144602,1.1999999999999997,3.0393548153442675
2021-03-28 18:00:00,1,-49.3,-49.77870019416097,0.0,2.0102810540666893
2021-03-28 18:00:00,2,-47.7,-50.00452285661168,2.9,2.290931397749401
2021-03-28 18:00:00,4,-47.7,-50.60122448426931,2.6,2.7072131928846837
2021-03-28 18:00:00,8,-47.0,-51.041102226756216,1.9,2.947071641111641
2021-03-28 21:00:00,1,-47.7,-51.142156813569585,2.9,1.499364718950844
2021-03-28 21:00:00,2,-47.7,-50.80786362774363,3.1,1.9144181242337281
2021-03-28 21:00:00,4,-47.7,-50.314937378761776,2.2,2.578517307959629
2021-03-28 21:00:00,8,-46.7,-51.40198451091872,2.5999999999999996,2.872701108122357
2021-03-29 00:00:00,1,-47.7,-48.034070091404395,3.1,3.2041639649416496
2021-03-29 00:00:00,2,-47.7,-47.38743882591105,2.6,3.2770357215457833
2021-03-29 00:00:00,4,-47.7,-47.1797619808863,0.5,3.3894980170745317
2021-03-29 00:00:00,8,-49.233333333333334,-50.513786285410056,3.3,3.329066866945433
2021-03-29 03:00:00,1,-47.7,-49.591218451502165,2.6,3.171238872612602
2021-03-29 03:00:00,2,-47.7,-49.03054601621094,2.2,3.2551474758322296
2021-03-29 03:00:00,4,-47.7,-49.54522833295296,1.1999999999999997,3.356261988230845
2021-03-29 03:00:00,8,-51.766666666666666,-52.48929273462182,3.1,3.2918533940860057
2021-03-29 06:00:00,1,-47.7,-49.301420164546506,2.2,2.7058992774952046
2021-03-29 06:00:00,2,-47.7,-49.19679369407663,0.5,2.855891501034608
2021-03-29 06:00:00,4,-47.0,-49.96711948873264,1.9,3.051924616567647
2021-03-29 06:00:00,8,-54.3,-51.64540072678677,2.5,3.1166288443411267
2021-03-29 09:00:00,1,-47.7,-48.680899494669916,0.5,2.357187775388465
2021-03-29 09:00:00,2,-47.7,-49.23329247296308,1.1999999999999997,2.536225569715519
2021-03-29 09:00:00,4,-46.7,-50.195345021984046,2.5999999999999996,2.8480776448270535
2021-03-29 09:00:00,8,-53.166666666666664,-49.17078036609349,0.6000000000000001,3.0783932773294023
2021-03-29 12:00:00,1,-47.7,-49.706075855900735,1.1999999999999997,1.5118932503701714
2021-03-29 12:00:00,2,-47.0,-50.35238902020713,1.9,1.8609613577088255
2021-03-29 12:00:00,4,-49.233333333333334,-51.16573322708027,3.3,2.415684576743134
2021-03-29 12:00:00,8,-52.03333333333333,-48.31443539927747,0.8999999999999999,2.8835685565886595
2021-03-29 15:00:00,1,-47.0,-49.289624482593396,1.9,1.8853817778338047
2021-03-29 15:00:00,2,-46.7,-49.89737211092434,2.5999999999999996,2.1384307272698937
2021-03-29 15:00:00,4,-51.766666666666666,-51.02191852765458,3.1,2.5274240108590442
2021-03-29 15:00:00,8,-50.9,-49.845979495829006,0.0,2.848614098959573
2021-03-29 18:00:00,1,-46.7,-49.29003480790704,2.5999999999999996,2.266497221023071
2021-03-29 18:00:00,2,-49.233333333333334,-49.69955640269531,3.3,2.4321545344099356
2021-03-29 18:00:00,4,-54.3,-50.84651922634279,2.5,2.7095819943250286
2021-03-29 18:00:00,8,-54.63333333333333,-51.16067720144757,3.0,2.917015653286792
2021-03-29 21:00:00,1,-49.233333333333334,-48.59336258717507,3.3,2.717627579949135
2021-03-29 21:00:00,2,-51.766666666666666,-48.64017317622631,3.1,2.8435554553938713
2021-03-29 21:00:00,4,-53.166666666666664,-49.79366986309902,0.6000000000000001,3.001664553611668
2021-03-29 21:00:00,8,-58.36666666666667,-51.64863991911128,0.0,3.102826227692046
2021-03-30 00:00:00,1,-51.766666666666666,-53.66938824659443,3.1,2.7978166221081895
2021-03-30 00:00:00,2,-54.3,-53.80541802288887,2.5,2.8143194783138807
2021-03-30 00:00:00,4,-52.03333333333333,-54.42248344020667,0.8999999999999999,2.8702006058861347
2021-03-30 00:00:00,8,-62.1,-55.66549877254643,0.7250000000000001,2.9129338883774754
2021-03-30 03:00:00,1,-54.3,-54.49064769721532,2.5,2.388767600073792
2021-03-30 03:00:00,2,-53.166666666666664,-54.567187598104155,0.6000000000000001,2.5038276004909434
2021-03-30 03:00:00,4,-50.9,-55.30394020814245,0.0,2.697262477933977
2021-03-30 03:00:00,8,-61.0,-56.546907086790654,1.4499999999999997,2.8034907402839373
2021-03-30 06:00:00,1,-53.166666666666664,-54.07825922898898,0.6000000000000001,1.9613915858305608
2021-03-30 06:00:00,2,-52.03333333333333,-54.48951146715454,0.8999999999999999,2.225203529538975
2021-03-30 06:00:00,4,-54.63333333333333,-55.925034757057354,3.0,2.537822081954452
2021-03-30 06:00:00,8,-62.2,-56.13621900090004,2.175,2.7786059015629694
2021-03-30 09:00:00,1,-52.03333333333333,-53.40462700878085,0.8999999999999999,1.2291268428068145
2021-03-30 09:00:00,2,-50.9,-53.60246081959725,0.0,1.7398823643192725
2021-03-30 09:00:00,4,-58.36666666666667,-54.99795514595187,0.0,2.4157718085253426
2021-03-30 09:00:00,8,-60.0,-55.05333879615448,2.9,2.8262017693906833
2021-03-30 12:00:00,1,-50.9,-51.84222173836819,0.0,1.822323010206389
2021-03-30 12:00:00,2,-54.63333333333333,-52.47954201460277,3.0,2.161510571925257
2021-03-30 12:00:00,4,-62.1,-53.97887998710195,0.7250000000000001,2.625097266773637
2021-03-30 12:00:00,8,-59.0,-52.94635496608915,1.6999999999999997,2.965585520482237
2021-03-30 15:00:00,1,-54.63333333333333,-52.56558843070645,3.0,1.3798262516319357
2021-03-30 15:00:00,2,-58.36666666666667,-53.22211897451666,0.0,1.8225158159059407
2021-03-30 15:00:00,4,-61.0,-55.46569304058381,1.4499999999999997,2.3510462526877527
2021-03-30 15:00:00,8,-61.3,-55.03368136765211,0.0,2.761979822466884
2021-03-30 18:00:00,1,-58.36666666666667,-60.14376654985724,0.0,2.854228178634852
2021-03-30 18:00:00,2,-62.1,-60.08289286223825,0.7250000000000001,2.7572504842110366
2021-03-30 18:00:00,4,-62.2,-59.44155187526189,2.175,2.7267816917053445
2021-03-30 18:00:00,8,-63.4,-59.05064262229042,0.10000000000000009,2.843934934974543
2021-03-30 21:00:00,1,-62.1,-61.543831104052245,0.7250000000000001,1.5908923998325448
2021-03-30 21:00:00,2,-61.0,-60.81669718222664,1.4499999999999997,1.9283247685155043
2021-03-30 21:00:00,4,-60.0,-60.327772415616415,2.9,2.568042562473747
2021-03-30 21:00:00,8,-63.0,-61.160442440411416,0.20000000000000018,2.912554782037925
2021-03-31 00:00:00,1,-61.0,-61.02387363931404,1.4499999999999997,1.6598918864370795
2021-03-31 00:00:00,2,-62.2,-60.138609203772866,2.175,2.022136258502073
2021-03-31 00:00:00,4,-59.0,-59.64459625917328,1.6999999999999997,2.688594965960431
2021-03-31 00:00:00,8,-61.8,-60.52391151804238,0.30000000000000027,3.012587988246258
2021-03-31 03:00:00,1,-62.2,-58.17936563271306,2.175,1.776612703206454
2021-03-31 03:00:00,2,-60.0,-57.749202765320966,2.9,2.0821161067946106
2021-03-31 03:00:00,4,-61.3,-58.203481881590285,0.0,2.642339300361211
2021-03-31 03:00:00,8,-61.4,-59.974559774426794,0.3999999999999999,2.841415824002385
2021-03-31 06:00:00,1,-60.0,-62.136257278836915,2.9,2.68298440541573
2021-03-31 06:00:00,2,-59.0,-62.01247809080795,1.6999999999999997,2.7244575192391487
2021-03-31 06:00:00,4,-63.4,-62.006724169904096,0.10000000000000009,2.853082594991359
2021-03-31 06:00:00,8,-60.5,-61.95995645066174,1.9,3.030158474021121
2021-03-31 09:00:00,1,-59.0,-59.78217232065427,1.6999999999999997,2.9923129973019633
2021-03-31 09:00:00,2,-61.3,-60.24079857964503,0.0,2.950374611759991
2021-03-31 09:00:00,4,-63.0,-61.023132964296614,0.20000000000000018,2.8831183211553033
2021-03-31 09:00:00,8,-58.7,-59.85479233590856,1.9,3.0939487942475
2021-03-31 12:00:00,1,-61.3,-58.82396292391244,0.0,2.168638837512005
2021-03-31 12:00:00,2,-63.4,-59.10791524596281,0.10000000000000009,2.3696909264115016
2021-03-31 12:00:00,4,-61.8,-60.04391231769274,0.30000000000000027,2.6077173472515947
2021-03-31 12:00:00,8,-56.9,-58.59781495526488,2.2,2.95338949358238
2021-03-31 15:00:00,1,-63.4,-61.22565642599243,0.10000000000000009,1.4159129095442862
2021-03-31 15:00:00,2,-63.0,-60.76338659349669,0.20000000000000018,1.8230202246221354
2021-03-31 15:00:00,4,-61.4,-60.347714442009725,0.3999999999999999,2.464019728593051
2021-03-31 15:00:00,8,-56.8,-59.09158941403687,2.2,2.9392800194109205
2021-03-31 18:00:00,1,-63.0,-62.50925631820607,0.20000000000000018,1.3518613205325636
2021-03-31 18:00:00,2,-61.8,-61.71716851165672,0.30000000000000027,1.748992860184377
2021-03-31 18:00:00,4,-60.5,-61.17383943581416,1.9,2.4524910568191873
2021-03-31 18:00:00,8,-60.7,-60.902581620701575,3.6037479111959896,2.8865629101493426
2021-03-31 21:00:00,1,-61.8,-59.762823266575495,0.30000000000000027,1.1141050196244198
2021-03-31 21:00:00,2,-61.4,-59.331916121661024,0.3999999999999999,1.546541970200245
2021-03-31 21:00:00,4,-58.7,-59.81838686190028,1.9,2.3018908234921764
2021-03-31 21:00:00,8,-61.3,-60.68329786498302,3.6037479111959896,2.666135448049699
2021-04-01 00:00:00,1,-61.4,-58.450447645584156,0.3999999999999999,1.1487550191383402
2021-04-01 00:00:00,2,-60.5,-58.02114145386883,1.9,1.564807964145726
2021-04-01 00:00:00,4,-56.9,-58.47996404937929,2.2,2.324821691619733
2021-04-01 00:00:00,8,-60.4,-59.81201331014527,3.6037479111959896,2.653297872981422
2021-04-01 03:00:00,1,-60.5,-58.60600597076645,1.9,1.3020654095717723
2021-04-01 03:00:00,2,-58.7,-58.37008944970033,1.9,1.6988288268370522
2021-04-01 03:00:00,4,-56.8,-58.99491619374196,2.2,2.3489470379777546
2021-04-01 03:00:00,8,-61.7,-59.63851667182207,3.6037479111959896,2.6765212555082436
2021-04-01 06:00:00,1,-58.7,-58.55262909594544,1.9,2.209870784250503
2021-04-01 06:00:00,2,-56.9,-58.6633582097982,2.2,2.342234456360505
2021-04-01 06:00:00,4,-60.7,-59.18654712147528,3.6037479111959896,2.569217098964269
2021-04-01 06:00:00,8,-61.3,-59.354704847464696,3.6037479111959896,2.787660464579946
2021-04-01 09:00:00,1,-56.9,-56.84548341742925,2.2,2.227001698624065
2021-04-01 09:00:00,2,-56.8,-57.14591143561141,2.2,2.407081795444161
2021-04-01 09:00:00,4,-61.3,-58.25662387308864,3.6037479111959896,2.6463086663726694
2021-04-01 09:00:00,8,-58.5,-58.50554291526563,2.1,2.848377943969718
2021-04-01 12:00:00,1,-56.8,-56.774691313185855,2.2,2.4252396561046057
2021-04-01 12:00:00,2,-60.7,-57.24588310943724,3.6037479111959896,2.5254209857181804
2021-04-01 12:00:00,4,-60.4,-58.45406420030203,3.6037479111959896,2.630149138678984
2021-04-01 12:00:00,8,-57.4,-57.845006340921294,3.3,2.879610814372141
2021-04-01 15:00:00,1,-60.7,-57.06485579476954,3.6037479111959896,2.3719355985187285
2021-04-01 15:00:00,2,-61.3,-57.42264145574087,3.6037479111959896,2.457687532999198
2021-04-01 15:00:00,4,-61.7,-58.365506703155255,3.6037479111959896,2.5815958007332247
2021-04-01 15:00:00,8,-56.0,-58.34738430201146,4.1,2.7961056314851485
2021-04-01 18:00:00,1,-61.3,-62.156143106153024,3.6037479111959896,2.9523946460319825
2021-04-01 18:00:00,2,-60.4,-62.262953054872234,3.6037479111959896,2.8088821016497505
2021-04-01 18:00:00,4,-61.3,-61.91261088962564,3.6037479111959896,2.718507682514623
2021-04-01 18:00:00,8,-56.1,-61.04264845410401,3.4,2.9413132770826595
2021-04-01 21:00:00,1,-60.4,-60.865479422236234,3.6037479111959896,3.0603232882930897
2021-04-01 21:00:00,2,-61.7,-60.71466991907716,3.6037479111959896,3.0709461038640535
2021-04-01 21:00:00,4,-58.5,-60.799426773503185,2.1,3.1126822993582657
2021-04-01 21:00:00,8,-56.3,-60.58386368489552,3.8,3.2480191302652415
2021-04-02 00:00:00,1,-61.7,-59.977150695985806,3.6037479111959896,3.4291210812969135
2021-04-02 00:00:00,2,-61.3,-59.74488279193161,3.6037479111959896,3.366554978620392
2021-04-02 00:00:00,4,-57.4,-59.79127873266327,3.3,3.3259912534604914
2021-04-02 00:00:00,8,-58.5,-60.303952652896456,3.4,3.361331562429403
2021-04-02 03:00:00,1,-61.3,-61.46517833401108,3.6037479111959896,3.4680184581379625
2021-04-02 03:00:00,2,-58.5,-61.31362095082467,2.1,3.4009176624506745
2021-04-02 03:00:00,4,-56.0,-61.37054629302002,4.1,3.3650693856448703
2021-04-02 03:00:00,8,-57.2,-61.69504408776557,2.7,3.3785026535437312
2021-04-02 06:00:00,1,-58.5,-60.726023573673075,2.1,3.3759606682228154
2021-04-02 06:00:00,2,-57.4,-60.76866642474931,3.3,3.327970711090514
2021-04-02 06:00:00,4,-56.1,-61.31610235623325,3.4,3.261573994789608
2021-04-02 06:00:00,8,-58.6,-61.15219414508117,2.8,3.3554055598165196
2021-04-02 09:00:00,1,-57.4,-58.19491260306911,3.3,2.3765897020284292
2021-04-02 09:00:00,2,-56.0,-58.82176539589381,4.1,2.5221072443974544
2021-04-02 09:00:00,4,-56.3,-60.230500458999046,3.8,2.623811397788463
2021-04-02 09:00:00,8,-55.5,-58.52462502372772,2.7,2.959009225194648
2021-04-02 12:00:00,1,-56.0,-57.52288259693686,4.1,3.0949826721552185
2021-04-02 12:00:00,2,-56.1,-58.59902431617611,3.4,3.0474644384808633
2021-04-02 12:00:00,4,-58.5,-60.61612555771195,3.4,2.860069188912258
2021-04-02 12:00:00,8,-55.7,-58.30973920605038,2.7,3.141322636927832
2021-04-02 15:00:00,1,-56.1,-55.76089922784301,3.4,3.8411400895787486
2021-04-02 15:00:00,2,-56.3,-57.25967169712789,3.8,3.557363184997954
2021-04-02 15:00:00,4,-57.2,-59.67880420516293,2.7,3.1375395182362116
2021-04-02 15:00:00,8,-54.6,-56.58059302981326,2.3,3.469591029624932
2021-04-02 18:00:00,1,-56.3,-57.385950663340665,3.8,3.014854255018396
2021-04-02 18:00:00,2,-58.5,-57.98364297985915,3.4,2.9464195888716467
2021-04-02 18:00:00,4,-58.6,-58.89908740060698,2.8,2.812105518618972
2021-04-02 18:00:00,8,-54.4,-57.52879538830895,1.8,3.034179134026764
2021-04-02 21:00:00,1,-58.5,-57.257970954541676,3.4,3.2247782320657694
2021-04-02 21:00:00,2,-57.2,-57.45598516079337,2.7,3.1221410291901215
2021-04-02 21:00:00,4,-55.5,-57.42580805759067,2.7,3.023961711634365
2021-04-02 21:00:00,8,-52.0,-57.27021082535494,1.1999999999999997,3.139548461914866
2021-04-03 00:00:00,1,-57.2,-57.91055607996352,2.7,2.7667990051927944
2021-04-03 00:00:00,2,-58.6,-57.83495751361775,2.8,2.7761664509102606
2021-04-03 00:00:00,4,-55.7,-57.46704881374093,2.7,2.870327667828068
2021-04-03 00:00:00,8,-49.65,-57.98513910016429,0.5,2.9755881692690505
2021-04-03 03:00:00,1,-58.6,-56.16415102301879,2.8,2.1893419893433026
2021-04-03 03:00:00,2,-55.5,-56.12987967294204,2.7,2.426778049368839
2021-04-03 03:00:00,4,-54.6,-56.77959396217037,2.3,2.785867627510884
2021-04-03 03:00:00,8,-47.3,-57.73085376661591,0.0,2.9782215453446765
2021-04-03 06:00:00,1,-55.5,-57.89653945370962,2.7,2.4190178332425205
2021-04-03 06:00:00,2,-55.7,-58.11407599452812,2.7,2.5528275480991605
2021-04-03 06:00:00,4,-54.4,-58.87389940650756,1.8,2.719847298221354
2021-04-03 06:00:00,8,-47.6,-58.615952126678955,0.0,2.9497795587713305
2021-04-03 09:00:00,1,-55.7,-55.27592857066434,2.7,2.637729559224858
2021-04-03 09:00:00,2,-54.6,-55.938131303547394,2.3,2.743569064286259
2021-04-03 09:00:00,4,-52.0,-57.55524353863938,1.1999999999999997,2.8073449880693637
2021-04-03 09:00:00,8,-50.333333333333336,-56.699910875713904,0.6999999999999997,3.0567557430094583
2021-04-03 12:00:00,1,-54.6,-55.817837899306674,2.3,2.728639472729621
2021-04-03 12:00:00,2,-54.4,-56.77195449017643,1.8,2.7677934795020698
2021-04-03 12:00:00,4,-49.65,-58.421701457347034,0.5,2.7615428104332764
2021-04-03 12:00:00,8,-53.06666666666666,-56.01772144537618,3.6037479111959896,3.0769816260861407
2021-04-03 15:00:00,1,-54.4,-55.09510912053218,1.8,2.4982149071398316
2021-04-03 15:00:00,2,-52.0,-55.73268837184125,1.1999999999999997,2.6050296912528093
2021-04-03 15:00:00,4,-47.3,-56.73074471556873,0.0,2.7493014080770264
2021-04-03 15:00:00,8,-55.8,-55.579038653780714,3.6037479111959896,3.0155176111323683
2021-04-03 18:00:00,1,-52.0,-54.82455955789248,1.1999999999999997,2.0889769184574227
2021-04-03 18:00:00,2,-49.65,-55.113611585948036,0.5,2.3296733996434105
2021-04-03 18:00:00,4,-47.6,-56.0607793050225,0.0,2.6600417002125925
2021-04-03 18:00:00,8,-54.5,-56.41644957508803,3.6037479111959896,2.9094805548771516
2021-04-03 21:00:00,1,-49.65,-52.68973417361393,0.5,1.7426021190545429
2021-04-03 21:00:00,2,-47.3,-52.83168345094593,0.0,2.0926440658004464
2021-04-03 21:00:00,4,-50.333333333333336,-53.9294184947843,0.6999999999999997,2.6036805845575497
2021-04-03 21:00:00,8,-54.4,-55.25229865995517,3.6037479111959896,2.8600881708893158
2021-04-04 00:00:00,1,-47.3,-51.25594544481254,0.0,1.3953202370850772
2021-04-04 00:00:00,2,-47.6,-51.37462078395561,0.0,1.8741666286023537
2021-04-04 00:00:00,4,-53.06666666666666,-53.123997412138486,3.6037479111959896,2.584754806948835
2021-04-04 00:00:00,8,-52.2,-55.508649309590574,3.6037479111959896,2.816305281042976
2021-04-04 03:00:00,1,-47.6,-50.20109389938098,0.0,1.0666690589573684
2021-04-04 03:00:00,2,-50.333333333333336,-50.35117749779292,0.6999999999999997,1.6090837455536415
2021-04-04 03:00:00,4,-55.8,-52.32287263186303,3.6037479111959896,2.361170578080313
2021-04-04 03:00:00,8,-52.9,-54.260740514653925,3.6037479111959896,2.6446789889940465
2021-04-04 06:00:00,1,-50.333333333333336,-51.46593140544671,0.6999999999999997,1.1635174519925187
2021-04-04 06:00:00,2,-53.06666666666666,-51.812347650862975,3.6037479111959896,1.6741697456746854
2021-04-04 06:00:00,4,-54.5,-53.97468288871161,3.6037479111959896,2.3500905421349967
2021-04-04 06:00:00,8,-54.8,-54.941024940374845,3.6037479111959896,2.681357074124159
2021-04-04 09:00:00,1,-53.06666666666666,-56.260409234743626,3.6037479111959896,1.7080587598611712
2021-04-04 09:00:00,2,-55.8,-56.32649754827567,3.6037479111959896,1.986396181631505
2021-04-04 09:00:00,4,-54.4,-57.2887485953193,3.6037479111959896,2.4227319023265856
2021-04-04 09:00:00,8,-55.8,-57.79303984678766,3.6037479111959896,2.6980763568604034
2021-04-04 12:00:00,1,-55.8,-56.857540280991124,3.6037479111959896,3.4045528843477344
2021-04-04 12:00:00,2,-54.5,-57.221401926808724,3.6037479111959896,3.3067309451662164
2021-04-04 12:00:00,4,-52.2,-58.20649717823224,3.6037479111959896,3.186558794402528
2021-04-04 12:00:00,8,-52.0,-58.883404255563875,3.6037479111959896,3.2534204358409458
2021-04-04 15:00:00,1,-54.5,-57.44093857837467,3.6037479111959896,3.3048395191208066
2021-04-04 15:00:00,2,-54.4,-57.528490256139804,3.6037479111959896,3.2250091616799175
2021-04-04 15:00:00,4,-52.9,-58.012339453527986,3.6037479111959896,3.157782890325464
2021-04-04 15:00:00,8,-50.4,-59.12944741804042,3.6037479111959896,3.1652784784963415
2021-04-04 18:00:00,1,-54.4,-54.881337557635426,3.6037479111959896,3.088443541019341
2021-04-04 18:00:00,2,-52.2,-54.88517170365219,3.6037479111959896,3.0485458779715464
2021-04-04 18:00:00,4,-54.8,-55.788623385426234,3.6037479111959896,3.026261516787315
2021-04-04 18:00:00,8,-48.8,-57.97414677681472,3.6037479111959896,3.040730475479344
2021-04-04 21:00:00,1,-52.2,-54.33173598030166,3.6037479111959896,3.3329325252451576
2021-04-04 21:00:00,2,-52.9,-54.335626145270375,3.6037479111959896,3.225742900405452
2021-04-04 21:00:00,4,-55.8,-55.211422837556206,3.6037479111959896,3.109368451397219
2021-04-04 21:00:00,8,-52.5,-57.78297444796135,3.6037479111959896,3.083199983137808
2021-04-05 00:00:00,1,-52.9,-50.609284548716,3.6037479111959896,3.3061297603591235
2021-04-05 00:00:00,2,-54.8,-50.32435576769932,3.6037479111959896,3.260533771782817
2021-04-05 00:00:00,4,-52.0,-51.747725286657136,3.6037479111959896,3.1478973859307726
2021-04-05 00:00:00,8,-53.1,-54.98103219883071,3.6037479111959896,3.1602316720062205
2021-04-05 03:00:00,1,-54.8,-53.79973876390007,3.6037479111959896,3.3099519094080647
2021-04-05 03:00:00,2,-55.8,-53.87183452462173,3.6037479111959896,3.2347616855948846
2021-04-05 03:00:00,4,-50.4,-55.841051720694274,3.6037479111959896,3.051060403409921
2021-04-05 03:00:00,8,-53.7,-58.549797887306354,3.6037479111959896,3.1241749800239442
2021-04-05 06:00:00,1,-55.8,-56.07516843028808,3.6037479111959896,3.1794653735405194
2021-04-05 06:00:00,2,-52.0,-56.50594480427292,3.6037479111959896,3.1329356956376495
2021-04-05 06:00:00,4,-48.8,-58.34291467412177,3.6037479111959896,2.961502049327791
2021-04-05 06:00:00,8,-53.7,-59.62670982210362,3.6037479111959896,3.09738575845862
2021-04-05 09:00:00,1,-52.0,-57.198127943588474,3.6037479111959896,3.072148526798399
2021-04-05 09:00:00,2,-50.4,-58.00910620533664,3.6037479111959896,3.0355956374046102
2021-04-05 09:00:00,4,-52.5,-60.06327217928636,3.6037479111959896,2.861572604151352
2021-04-05 09:00:00,8,-54.9,-59.61733034021952,3.6037479111959896,3.0852875740528667
2021-04-05 12:00:00,1,-50.4,-51.7282013309631,3.6037479111959896,3.444761643870649
2021-04-05 12:00:00,2,-48.8,-53.09014760017203,3.6037479111959896,3.3234667571521457
2021-04-05 12:00:00,4,-53.1,-56.03067857492471,3.6037479111959896,3.0758181801889557
2021-04-05 12:00:00,8,-54.9,-53.741784005915676,3.6037479111959896,3.3876081373137703
2021-04-05 15:00:00,1,-48.8,-50.25968251811108,3.6037479111959896,3.1174787676958986
2021-04-05 15:00:00,2,-52.5,-51.54866374215427,3.6037479111959896,3.0913663922450962
2021-04-05 15:00:00,4,-53.7,-54.5578470232735,3.6037479111959896,3.0135373003797814
2021-04-05 15:00:00,8,-54.5,-53.407038165342925,3.6037479111959896,3.2397886303253034
2021-04-05 18:00:00,1,-52.5,-51.182957703865625,3.6037479111959896,2.7910660765368247
2021-04-05 18:00:00,2,-53.1,-51.20022559083561,3.6037479111959896,2.829131818838076
2021-04-05 18:00:00,4,-53.7,-52.466791308587794,3.6037479111959896,2.9006800624238815
2021-04-05 18:00:00,8,-56.7,-54.65297134656578,3.6037479111959896,2.9698274591530174
2021-04-05 21:00:00,1,-53.1,-55.4600266605502,3.6037479111959896,3.102089289756895
2021-04-05 21:00:00,2,-53.7,-55.53536836829314,3.6037479111959896,3.039562337408055
2021-04-05 21:00:00,4,-54.9,-56.315345633956866,3.6037479111959896,3.028816618867659
2021-04-05 21:00:00,8,-56.7,-58.73212642676148,3.6037479111959896,3.010987796916267
2021-04-06 00:00:00,1,-53.7,-55.80459401036424,3.6037479111959896,3.1264740386946506
2021-04-06 00:00:00,2,-53.7,-55.81676002982606,3.6037479111959896,3.126878525430491
2021-04-06 00:00:00,4,-54.9,-56.88098430244494,3.6037479111959896,3.2272859858437895
2021-04-06 00:00:00,8,-56.8,-60.141132398238845,3.6037479111959896,3.147040317674524
2021-04-06 03:00:00,1,-53.7,-55.202793757452895,3.6037479111959896,3.2437970533541627
2021-04-06 03:00:00,2,-54.9,-55.29557735315484,3.6037479111959896,3.1896476046271367
2021-04-06 03:00:00,4,-54.5,-56.598823506105504,3.6037479111959896,3.1203177463095426
2021-04-06 03:00:00,8,-55.7,-58.95345352328687,3.6037479111959896,3.1390223518934395
2021-04-06 06:00:00,1,-54.9,-54.65982709360816,3.6037479111959896,3.266386192574522
2021-04-06 06:00:00,2,-54.9,-54.84910882786452,3.6037479111959896,3.2252265479733557
2021-04-06 06:00:00,4,-56.7,-56.465485071195516,3.6037479111959896,3.114248845667124
2021-04-06 06:00:00,8,-56.4,-58.316655295050644,3.6037479111959896,3.182646507622643
2021-04-06 09:00:00,1,-54.9,-57.03284681780049,3.6037479111959896,3.2733598563565547
2021-04-06 09:00:00,2,-54.5,-57.449466428088925,3.6037479111959896,3.2167614926483714
2021-04-06 09:00:00,4,-56.7,-58.80226575710819,3.6037479111959896,3.097937248876337
2021-04-06 09:00:00,8,-56.8,-59.25767353817789,3.6037479111959896,3.214695523058304
2021-04-06 12:00:00,1,-54.5,-56.565382173168906,3.6037479111959896,3.2719432196783074
2021-04-06 12:00:00,2,-56.7,-56.956172543477074,3.6037479111959896,3.2293838675497812
2021-04-06 12:00:00,4,-56.8,-58.2787972910471,3.6037479111959896,3.1360370094398426
2021-04-06 12:00:00,8,-56.0,-58.61364940551583,3.6037479111959896,3.225576754786037
2021-04-06 15:00:00,1,-56.7,-57.00765017768919,3.6037479111959896,3.2339646558391046
2021-04-06 15:00:00,2,-56.7,-57.2450451667862,3.6037479111959896,3.1686768389114226
2021-04-06 15:00:00,4,-55.7,-58.05267165793021,3.6037479111959896,3.1041785335969223
2021-04-06 15:00:00,8,-54.6,-58.81715491006063,3.6037479111959896,3.1342974925310547
2021-04-06 18:00:00,1,-56.7,-58.8506754981061,3.6037479111959896,3.201016955762101
2021-04-06 18:00:00,2,-56.8,-59.01268230714633,3.6037479111959896,3.124488502566357
2021-04-06 18:00:00,4,-56.4,-59.44274718640382,3.6037479111959896,3.0942760733912635
2021-04-06 18:00:00,8,-55.2,-60.29981409521154,3.6037479111959896,3.0945437939160008
2021-04-06 21:00:00,1,-56.8,-57.74054162292361,3.6037479111959896,3.171876741689963
2021-04-06 21:00:00,2,-55.7,-57.73896768851158,3.6037479111959896,3.159042525791784
2021-04-06 21:00:00,4,-56.8,-58.43053191747697,3.6037479111959896,3.2027679631654284
2021-04-06 21:00:00,8,-52.5,-60.38513366091054,3.6037479111959896,3.1643204218565333
2021-04-07 00:00:00,1,-55.7,-56.84524637260363,3.6037479111959896,3.3217260671998314
2021-04-07 00:00:00,2,-56.4,-56.81710468469687,3.6037479111959896,3.26583379571408
2021-04-07 00:00:00,4,-56.0,-57.55428815432702,3.6037479111959896,3.2491125401319056
2021-04-07 00:00:00,8,-56.825,-60.06987052735016,3.6037479111959896,3.170559627090868
2021-04-07 03:00:00,1,-56.4,-55.68310745648455,3.6037479111959896,3.4448120580821886
2021-04-07 03:00:00,2,-56.8,-55.71600120866897,3.6037479111959896,3.3889977540007985
2021-04-07 03:00:00,4,-54.6,-57.06951023116309,3.6037479111959896,3.2839131957586813
2021-04-07 03:00:00,8,-61.15,-59.43253480537562,3.6037479111959896,3.261449758816169
2021-04-07 06:00:00,1,-56.8,-56.81382892694714,3.6037479111959896,3.3441474078758073
2021-04-07 06:00:00,2,-56.0,-57.08101951397279,3.6037479111959896,3.2971169470276416
2021-04-07 06:00:00,4,-55.2,-58.549551475967874,3.6037479111959896,3.198864234271267
2021-04-07 06:00:00,8,-65.475,-59.98394646132079,3.6037479111959896,3.238995626241624
2021-04-07 09:00:00,1,-56.0,-57.743846560963426,3.6037479111959896,3.232516426965895
2021-04-07 09:00:00,2,-54.6,-58.104888886408276,3.6037479111959896,3.210562810735845
2021-04-07 09:00:00,4,-52.5,-59.39903222985489,3.6037479111959896,3.1504733895139436
2021-04-07 09:00:00,8,-69.8,-59.907388908157714,3.6037479111959896,3.2366827043292465
2021-04-07 12:00:00,1,-54.6,-56.3262500561857,3.6037479111959896,3.08336751508139
2021-04-07 12:00:00,2,-55.2,-56.63105944088631,3.6037479111959896,3.070744766938858
2021-04-07 12:00:00,4,-56.825,-57.88424158256668,3.6037479111959896,3.0279689882797785
2021-04-07 12:00:00,8,-68.6,-58.587753879444506,3.6037479111959896,3.1150908776381754
2021-04-07 15:00:00,1,-55.2,-56.17967205533921,3.6037479111959896,3.048976971467364
2021-04-07 15:00:00,2,-52.5,-56.710499358258744,3.6037479111959896,3.0073231023006155
2021-04-07 15:00:00,4,-61.15,-58.49734469475417,3.6037479111959896,2.877300771748418
2021-04-07 15:00:00,8,-68.9,-58.98230166241404,3.6037479111959896,3.040825705285594
2021-04-07 18:00:00,1,-52.5,-57.52136017834559,3.6037479111959896,3.1895851133992954
2021-04-07 18:00:00,2,-56.825,-57.96245304575165,3.6037479111959896,3.1161081729760483
2021-04-07 18:00:00,4,-65.475,-59.37008538209213,3.6037479111959896,2.988508550546233
2021-04-07 18:00:00,8,-67.5,-60.06792805668189,3.6037479111959896,3.0889809549147453
2021-04-07 21:00:00,1,-56.825,-55.895899858536275,3.6037479111959896,3.1099155162416334
2021-04-07 21:00:00,2,-61.15,-56.24681121956475,3.6037479111959896,3.1030833375048883
2021-04-07 21:00:00,4,-69.8,-58.029900224150296,3.6037479111959896,3.0264075073861463
2021-04-07 21:00:00,8,-66.0,-59.26646509125439,3.6037479111959896,3.1543140406585004
2021-04-08 00:00:00,1,-61.15,-61.26523426585843,3.6037479111959896,3.451764660400913
2021-04-08 00:00:00,2,-65.475,-61.26635608589942,3.6037479111959896,3.3485673292415834
2021-04-08 00:00:00,4,-68.6,-61.58028845413179,3.6037479111959896,3.3087081100293467
2021-04-08 00:00:00,8,-65.7,-63.343340686443874,3.6037479111959896,3.2171375064186254
2021-04-08 03:00:00,1,-65.475,-64.39881627579516,3.6037479111959896,3.648014682345947
2021-04-08 03:00:00,2,-69.8,-64.40354420328967,3.6037479111959896,3.4960171675588687
2021-04-08 03:00:00,4,-68.9,-64.34397750446603,3.6037479111959896,3.4005845314193213
2021-04-08 03:00:00,8,-64.7,-64.48015939653192,3.6037479111959896,3.398714966639624
2021-04-08 06:00:00,1,-69.8,-68.47980881363988,3.6037479111959896,3.5285785897347655
2021-04-08 06:00:00,2,-68.6,-68.32706692682638,3.6037479111959896,3.3937726276735205
2021-04-08 06:00:00,4,-67.5,-67.70982957995992,3.6037479111959896,3.3596669603458
2021-04-08 06:00:00,8,-64.8,-66.38823622955667,3.6037479111959896,3.4461163091926177
2021-04-08 09:00:00,1,-68.6,-70.22101473544284,3.6037479111959896,3.334944694793508
2021-04-08 09:00:00,2,-68.9,-69.91616932569274,3.6037479111959896,3.2622022129179595
2021-04-08 09:00:00,4,-66.0,-69.10894019084455,3.6037479111959896,3.3159325651852294
2021-04-08 09:00:00,8,-64.6,-67.2961438497016,3.6037479111959896,3.426634548942683
2021-04-08 12:00:00,1,-68.9,-68.70042045268248,3.6037479111959896,3.522493373123303
2021-04-08 12:00:00,2,-67.5,-68.38537563092198,3.6037479111959896,3.5123738332151277
2021-04-08 12:00:00,4,-65.7,-67.64662723314217,3.6037479111959896,3.6126398852308683
2021-04-08 12:00:00,8,-64.6,-65.52967284019331,3.6037479111959896,3.630686146795859
2021-04-08 15:00:00,1,-67.5,-69.22485871307572,3.6037479111959896,3.656315298296646
2021-04-08 15:00:00,2,-66.0,-69.02485484334093,3.6037479111959896,3.619985540443565
2021-04-08 15:00:00,4,-64.7,-68.22200923651415,3.6037479111959896,3.7005084201260963
2021-04-08 15:00:00,8,-64.8,-65.8639752124069,3.6037479111959896,3.6728710347712887
2021-04-08 18:00:00,1,-66.0,-67.28482045614724,3.6037479111959896,3.649418282245007
2021-04-08 18:00:00,2,-65.7,-67.02833651382875,3.6037479111959896,3.5919058910193624
2021-04-08 18:00:00,4,-64.8,-66.11280599321265,3.6037479111959896,3.6524983879534516
2021-04-08 18:00:00,8,-65.5,-64.34674783077148,3.6037479111959896,3.599189964779452
2021-04-08 21:00:00,1,-65.7,-65.17340095180137,3.6037479111959896,3.6013248306816137
2021-04-08 21:00:00,2,-64.7,-64.82574337324245,3.6037479111959896,3.515884245947025
2021-04-08 21:00:00,4,-64.6,-64.06573371175716,3.6037479111959896,3.557600936260107
2021-04-08 21:00:00,8,-65.0,-63.620747257002684,3.6037479111959896,3.478627503777536
2021-04-09 00:00:00,1,-64.7,-65.52430510781994,3.6037479111959896,3.652693099848733
2021-04-09 00:00:00,2,-64.8,-65.11176929714121,3.6037479111959896,3.593032572666038
2021-04-09 00:00:00,4,-64.6,-64.40989469901301,3.6037479111959896,3.639889449732431
2021-04-09 00:00:00,8,-65.7,-63.91185271287893,3.6037479111959896,3.5709038896872576
2021-04-09 03:00:00,1,-64.8,-64.23781456563557,3.6037479111959896,3.6540455657140902
2021-04-09 03:00:00,2,-64.6,-63.949089645029346,3.6037479111959896,3.598483146069836
2021-04-09 03:00:00,4,-64.8,-63.58694135056529,3.6037479111959896,3.618642442263866
2021-04-09 03:00:00,8,-65.1,-63.19192091894651,3.6037479111959896,3.5748045660022427
2021-04-09 06:00:00,1,-64.6,-64.05182011714479,3.6037479111959896,3.4963927281077605
2021-04-09 06:00:00,2,-64.6,-63.88733406419895,3.6037479111959896,3.4453202125396425
2021-04-09 06:00:00,4,-65.5,-63.7619222209273,3.6037479111959896,3.465744433282505
2021-04-09 06:00:00,8,-65.7,-63.09480026753698,3.6037479111959896,3.5105292089403988
2021-04-09 09:00:00,1,-64.6,-64.87394921246027,3.6037479111959896,3.5947412305320676
2021-04-09 09:00:00,2,-64.8,-64.80223918995598,3.6037479111959896,3.559208009223284
2021-04-09 09:00:00,4,-65.0,-64.6131408232015,3.6037479111959896,3.585613495592644
2021-04-09 09:00:00,8,-64.5,-63.20238115231518,3.6037479111959896,3.6165304440454418
2021-04-09 12:00:00,1,-64.8,-64.8333331306681,3.6037479111959896,3.5559805665819617
2021-04-09 12:00:00,2,-65.5,-64.78604088670522,3.6037479111959896,3.538410680658902
2021-04-09 12:00:00,4,-65.7,-64.59756791480983,3.6037479111959896,3.5773691457410752
2021-04-09 12:00:00,8,-64.5,-62.79718436471767,3.6037479111959896,3.6276362602882504
2021-04-09 15:00:00,1,-65.5,-65.01853935107614,3.6037479111959896,3.5301683836335034
2021-04-09 15:00:00,2,-65.0,-64.78116453600684,3.6037479111959896,3.518236251536884
2021-04-09 15:00:00,4,-65.1,-64.14539158067899,3.6037479111959896,3.582732460702584
2021-04-09 15:00:00,8,-65.3,-62.29830083342762,3.6037479111959896,3.6148603833104307
2021-04-09 18:00:00,1,-65.0,-65.60539893521427,3.6037479111959896,3.601250449058031
2021-04-09 18:00:00,2,-65.7,-65.1878988727164,3.6037479111959896,3.5956975409366265
2021-04-09 18:00:00,4,-65.7,-64.28402173510794,3.6037479111959896,3.6838032539022842
2021-04-09 18:00:00,8,-66.9,-62.605045483786604,3.6037479111959896,3.6777949182969176
2021-04-09 21:00:00,1,-65.7,-64.63346903812531,3.6037479111959896,3.7883936542290195
2021-04-09 21:00:00,2,-65.1,-64.15928716276662,3.6037479111959896,3.7717254655363583
2021-04-09 21:00:00,4,-64.5,-63.33215562907955,3.6037479111959896,3.843640111933529
2021-04-09 21:00:00,8,-66.0,-62.23871396057626,3.6037479111959896,3.770606528642962
2021-04-10 00:00:00,1,-65.1,-64.90517140234854,3.6037479111959896,3.8285582113390673
2021-04-10 00:00:00,2,-65.7,-64.3953175229891,3.6037479111959896,3.76860178392693
2021-04-10 00:00:00,4,-64.5,-63.433798144700525,3.6037479111959896,3.8083517368007245
2021-04-10 00:00:00,8,-66.5,-62.565783943855095,3.6037479111959896,3.735096541594018
2021-04-10 03:00:00,1,-65.7,-63.98591877361959,3.6037479111959896,3.823894990081959
2021-04-10 03:00:00,2,-64.5,-63.53151176842459,3.6037479111959896,3.7662469523685767
2021-04-10 03:00:00,4,-65.3,-62.81222986638489,3.6037479111959896,3.7972470269512417
2021-04-10 03:00:00,8,-63.0,-62.17750740150004,3.6037479111959896,3.72962454681583
2021-04-10 06:00:00,1,-64.5,-64.87745228827227,3.6037479111959896,3.658998262121327
2021-04-10 06:00:00,2,-64.5,-64.51347392129433,3.6037479111959896,3.622143647270586
2021-04-10 06:00:00,4,-66.9,-63.91712822112562,3.6037479111959896,3.6682352867267625
2021-04-10 06:00:00,8,-62.45,-62.78529465738541,3.6037479111959896,3.6770387051238274
2021-04-10 09:00:00,1,-64.5,-63.521553003744756,3.6037479111959896,3.6358941034728787
2021-04-10 09:00:00,2,-65.3,-63.198728212297326,3.6037479111959896,3.6387090480242787
2021-04-10 09:00:00,4,-66.0,-62.849418524968996,3.6037479111959896,3.6982406470594307
2021-04-10 09:00:00,8,-61.9,-61.60401815422803,3.6037479111959896,3.726655000459715
2021-04-10 12:00:00,1,-65.3,-64.02040627399325,3.6037479111959896,3.5346311477480596
2021-04-10 12:00:00,2,-66.9,-63.84511847020961,3.6037479111959896,3.542812153249223
2021-04-10 12:00:00,4,-66.5,-63.59108279025417,3.6037479111959896,3.600165073873018
2021-04-10 12:00:00,8,-61.1,-61.73806087885547,3.6037479111959896,3.6707332562553723
2021-04-10 15:00:00,1,-66.9,-65.0998190677258,3.6037479111959896,3.57358509727916
2021-04-10 15:00:00,2,-66.0,-64.70221924256384,3.6037479111959896,3.577945366715629
2021-04-10 15:00:00,4,-63.0,-63.85927919666146,3.6037479111959896,3.673120626441533
2021-04-10 15:00:00,8,-60.5,-62.04327374411032,3.6037479111959896,3.69825993562741
2021-04-10 18:00:00,1,-66.0,-66.3417984997676,3.6037479111959896,3.5947402441091025
2021-04-10 18:00:00,2,-66.5,-65.794759564329,3.6037479111959896,3.59360259183945
2021-04-10 18:00:00,4,-62.45,-64.69796396371859,3.6037479111959896,3.7065309588891564
2021-04-10 18:00:00,8,-61.4,-62.86779778471561,3.6037479111959896,3.733179908442839
2021-04-10 21:00:00,1,-66.5,-64.51611671892461,3.6037479111959896,3.7580253702254445
2021-04-10 21:00:00,2,-63.0,-63.95413891596527,3.6037479111959896,3.746778588808911
2021-04-10 21:00:00,4,-61.9,-62.99989587717181,3.6037479111959896,3.8358582744822187
2021-04-10 21:00:00,8,-63.5,-61.80819948870119,3.6037479111959896,3.790581713656075
2021-04-11 00:00:00,1,-63.0,-64.75573661507785,3.6037479111959896,3.7820032063600673
2021-04-11 00:00:00,2,-62.45,-64.17961970069635,3.6037479111959896,3.729815632940213
2021-04-11 00:00:00,4,-61.1,-63.1069522372295,3.6037479111959896,3.786602110173844
2021-04-11 00:00:00,8,-61.9,-62.07608175667696,3.6037479111959896,3.7495578755031276
2021-04-11 03:00:00,1,-62.45,-60.48852987594048,3.6037479111959896,3.943489070328034
2021-04-11 03:00:00,2,-61.9,-60.03478357015305,3.6037479111959896,3.906529321451272
2021-04-11 03:00:00,4,-60.5,-59.98412370456426,3.6037479111959896,3.8759480500674814
2021-04-11 03:00:00,8,-62.9,-60.062876624243,3.6037479111959896,3.791058355898807
2021-04-11 06:00:00,1,-61.9,-61.019240097449185,3.6037479111959896,3.7020022777264607
2021-04-11 06:00:00,2,-61.1,-60.867609223161836,3.6037479111959896,3.635440255598664
2021-04-11 06:00:00,4,-61.4,-60.988279449420176,3.6037479111959896,3.6100851430616068
2021-04-11 06:00:00,8,-61.5,-61.13574582798698,3.6037479111959896,3.563565216083047
2021-04-11 09:00:00,1,-61.1,-61.95673581123772,3.6037479111959896,3.6144027463723267
2021-04-11 09:00:00,2,-60.5,-61.85007860872833,3.6037479111959896,3.5879809140413323
2021-04-11 09:00:00,4,-63.5,-61.92308048950717,3.6037479111959896,3.5944864634737668
2021-04-11 09:00:00,8,-59.1,-61.083419443608975,3.6037479111959896,3.6387146599711477
2021-04-11 12:00:00,1,-60.5,-61.45022001296362,3.6037479111959896,3.592316202982713
2021-04-11 12:00:00,2,-61.4,-61.37742851847377,3.6037479111959896,3.5666387467492275
2021-04-11 12:00:00,4,-61.9,-61.45278211448304,3.6037479111959896,3.5611714274825936
2021-04-11 12:00:00,8,-57.3,-60.38871310982744,3.6037479111959896,3.6116550485405625
2021-04-11 15:00:00,1,-61.4,-61.46973045926409,3.6037479111959896,3.5506040015606244
2021-04-11 15:00:00,2,-63.5,-61.2914907629256,3.6037479111959896,3.5237586205364915
2021-04-11 15:00:00,4,-62.9,-61.04975979887249,3.6037479111959896,3.5378909390641184
2021-04-11 15:00:00,8,-55.5,-60.25676127907215,3.6037479111959896,3.5378734567165684
2021-04-11 18:00:00,1,-63.5,-62.13222967830441,3.6037479111959896,3.5204140601631266
2021-04-11 18:00:00,2,-61.9,-61.990301790845535,3.6037479111959896,3.4500258499842484
2021-04-11 18:00:00,4,-61.5,-61.660259740984145,3.6037479111959896,3.4510997846623725
2021-04-11 18:00:00,8,-53.1,-61.07596874287434,3.6037479111959896,3.467939917541879
2021-04-11 21:00:00,1,-61.9,-63.36002532786269,3.6037479111959896,3.5552946827002736
2021-04-11 21:00:00,2,-62.9,-63.08564486146068,3.6037479111959896,3.4803642213779096
2021-04-11 21:00:00,4,-59.1,-62.629044651253,3.6037479111959896,3.4953255384299107
2021-04-11 21:00:00,8,-57.1,-62.1671285847432,3.6037479111959896,3.522891914661273
2021-04-12 00:00:00,1,-62.9,-60.85298881707855,3.6037479111959896,3.563522756572919
2021-04-12 00:00:00,2,-61.5,-60.52486690235474,3.6037479111959896,3.5349991235041527
2021-04-12 00:00:00,4,-57.3,-60.408219233121976,3.6037479111959896,3.571870184291828
2021-04-12 00:00:00,8,-61.099999999999994,-60.83727613149486,3.6037479111959896,3.536566686228566
2021-04-12 03:00:00,1,-61.5,-61.94493472552719,3.6037479111959896,3.6522497427160525
2021-04-12 03:00:00,2,-59.1,-61.7290992875454,3.6037479111959896,3.5812774768315694
2021-04-12 03:00:00,4,-55.5,-61.623921994068894,3.6037479111959896,3.5683387634167825
2021-04-12 03:00:00,8,-65.1,-61.62074746670821,3.6037479111959896,3.5523936960727407
2021-04-12 06:00:00,1,-59.1,-60.43209231291517,3.6037479111959896,3.59702983845136
2021-04-12 06:00:00,2,-57.3,-60.35276227194367,3.6037479111959896,3.5589235594982607
2021-04-12 06:00:00,4,-53.1,-60.65670273245068,3.6037479111959896,3.5424016446677813
2021-04-12 06:00:00,8,-69.1,-60.63463018463079,3.6037479111959896,3.5564078310237695
2021-04-12 09:00:00,1,-57.3,-58.82260622054881,3.6037479111959896,3.676208730174018
2021-04-12 09:00:00,2,-55.5,-58.926726539073414,3.6037479111959896,3.6478967248213805
2021-04-12 09:00:00,4,-57.1,-59.74444832983481,3.6037479111959896,3.5750290038868773
2021-04-12 09:00:00,8,-69.8,-59.3626274763476,3.6037479111959896,3.612135363209333
2021-04-12 12:00:00,1,-55.5,-55.936399219168116,3.6037479111959896,3.706304388198111
2021-04-12 12:00:00,2,-53.1,-56.37375196593658,3.6037479111959896,3.6701311383454747
2021-04-12 12:00:00,4,-61.099999999999994,-57.8736909263238,3.6037479111959896,3.587252224068474
2021-04-12 12:00:00,8,-67.9,-57.922900063169806,3.6037479111959896,3.567695788934075
2021-04-12 15:00:00,1,-53.1,-57.58544369787375,3.6037479111959896,3.5715435083323777
2021-04-12 15:00:00,2,-57.1,-57.6602453901249,3.6037479111959896,3.5418376206798903
2021-04-12 15:00:00,4,-65.1,-58.29760236687864,3.6037479111959896,3.5008912700498613
2021-04-12 15:00:00,8,-69.0,-58.59378483297891,3.6037479111959896,3.454767838448121
2021-04-12 18:00:00,1,-57.1,-55.35978227709977,3.6037479111959896,3.7956189091873065
2021-04-12 18:00:00,2,-61.099999999999994,-55.526403174478126,3.6037479111959896,3.7533115081461164
2021-04-12 18:00:00,4,-69.1,-56.58960865869756,3.6037479111959896,3.6549460965659826
2021-04-12 18:00:00,8,-68.6,-57.49316841562005,3.6037479111959896,3.5490292072894736
2021-04-12 21:00:00,1,-61.099999999999994,-61.94592541438804,3.6037479111959896,3.486806509772689
2021-04-12 21:00:00,2,-65.1,-61.91454903728797,3.6037479111959896,3.294706235941321
2021-04-12 21:00:00,4,-69.8,-61.70338388672151,3.6037479111959896,3.182434986546835
2021-04-12 21:00:00,8,-69.3,-62.591724861488764,3.6037479111959896,3.2039868353692182
2021-04-13 00:00:00,1,-65.1,-64.7614213678867,3.6037479111959896,3.507330345904984
2021-04-13 00:00:00,2,-69.1,-64.66408024317431,3.6037479111959896,3.3587582381842855
2021-04-13 00:00:00,4,-67.9,-64.33244660662663,3.6037479111959896,3.295422325693804
2021-04-13 00:00:00,8,-64.9,-64.12991738092289,3.6037479111959896,3.3868805837268274
2021-04-13 03:00:00,1,-69.1,-68.19187212111639,3.6037479111959896,3.6540854758540555
2021-04-13 03:00:00,2,-69.8,-67.93327566989605,3.6037479111959896,3.4818231942634146
2021-04-13 03:00:00,4,-69.0,-67.00252528637323,3.6037479111959896,3.4276289832618385
2021-04-13 03:00:00,8,-64.45,-65.63070725297897,3.6037479111959896,3.534984217186846
2021-04-13 06:00:00,1,-69.8,-69.06147214464019,3.6037479111959896,3.503308032974373
2021-04-13 06:00:00,2,-67.9,-68.68306790684619,3.6037479111959896,3.383432009050808
2021-04-13 06:00:00,4,-68.6,-67.67927313298614,3.6037479111959896,3.3962742096429888
2021-04-13 06:00:00,8,-64.0,-66.00809126137153,3.6037479111959896,3.527614711199957
2021-04-13 09:00:00,1,-67.9,-68.38667109170149,3.6037479111959896,3.48692525376962
2021-04-13 09:00:00,2,-69.0,-68.05279813807778,3.6037479111959896,3.4064060931682674
2021-04-13 09:00:00,4,-69.3,-67.29287565721225,3.6037479111959896,3.446937346350561
2021-04-13 09:00:00,8,-61.8,-65.66497716205375,3.6037479111959896,3.543374377681705
2021-04-13 12:00:00,1,-69.0,-65.98935103062905,3.6037479111959896,3.4846494160287125
2021-04-13 12:00:00,2,-68.6,-65.87460260200518,3.6037479111959896,3.4778278480038622
2021-04-13 12:00:00,4,-64.9,-65.36058999093311,3.6037479111959896,3.550396449504247
2021-04-13 12:00:00,8,-59.6,-62.92327491992164,3.6037479111959896,3.626118788521904
2021-04-13 15:00:00,1,-68.6,-67.5444313727611,3.6037479111959896,3.5466842766183815
2021-04-13 15:00:00,2,-69.3,-67.17454201566355,3.6037479111959896,3.503355901148259
2021-04-13 15:00:00,4,-64.45,-66.05884479208899,3.6037479111959896,3.585714230705442
2021-04-13 15:00:00,8,-57.400000000000006,-63.950898102513534,3.6037479111959896,3.6032077088388292
2021-04-13 18:00:00,1,-69.3,-66.45399059087998,3.6037479111959896,3.509425988164244
2021-04-13 18:00:00,2,-64.9,-65.94841360539547,3.6037479111959896,3.468969169925693
2021-04-13 18:00:00,4,-64.0,-64.647080742823,3.6037479111959896,3.560715233521327
2021-04-13 18:00:00,8,-55.2,-62.9535035389451,3.6037479111959896,3.569300032596247
2021-04-13 21:00:00,1,-64.9,-66.14589860367022,3.6037479111959896,3.476582075779214
2021-04-13 21:00:00,2,-64.45,-65.56648035375386,3.6037479111959896,3.412064801817696
2021-04-13 21:00:00,4,-61.8,-64.20160290639353,3.6037479111959896,3.484772878859828
2021-04-13 21:00:00,8,-52.6,-62.831832536812044,3.6037479111959896,3.522755601671532
2021-04-14 00:00:00,1,-64.45,-60.31157267136368,3.6037479111959896,3.330857997769366
2021-04-14 00:00:00,2,-64.0,-59.80787475246035,3.6037479111959896,3.359536099342447
2021-04-14 00:00:00,4,-59.6,-59.45798794383925,3.6037479111959896,3.48633627927923
2021-04-14 00:00:00,8,-56.4,-60.042448259681635,3.6037479111959896,3.458650985760416
2021-04-14 03:00:00,1,-64.0,-60.54346015089531,3.6037479111959896,3.4550229220948734
2021-04-14 03:00:00,2,-61.8,-60.31388836154462,3.6037479111959896,3.4239402679139834
2021-04-14 03:00:00,4,-57.400000000000006,-60.460942613545306,3.6037479111959896,3.4685417155308143
2021-04-14 03:00:00,8,-57.55,-61.24269627439918,3.6037479111959896,3.434749157514265
2021-04-14 06:00:00,1,-61.8,-61.79252066666402,3.6037479111959896,3.464514070584176
2021-04-14 06:00:00,2,-59.6,-61.69630208249361,3.6037479111959896,3.4357113864566142
2021-04-14 06:00:00,4,-55.2,-61.72995308121821,3.6037479111959896,3.448779637868278
2021-04-14 06:00:00,8,-58.7,-61.01980136772018,3.6037479111959896,3.5322199667778267
2021-04-14 09:00:00,1,-59.6,-59.0449910125271,3.6037479111959896,3.632547810194305
2021-04-14 09:00:00,2,-57.400000000000006,-59.158863311947485,3.6037479111959896,3.5875766539161726
2021-04-14 09:00:00,4,-52.6,-59.734546484733166,3.6037479111959896,3.5624389010124737
2021-04-14 09:00:00,8,-55.9,-59.79660395547825,3.6037479111959896,3.5527266138234532
2021-04-14 12:00:00,1,-57.400000000000006,-57.20657185493744,3.6037479111959896,3.807573769002243
2021-04-14 12:00:00,2,-55.2,-57.58015197835479,3.6037479111959896,3.7668263958803174
2021-04-14 12:00:00,4,-56.4,-58.787487561308154,3.6037479111959896,3.673690818905466
2021-04-14 12:00:00,8,-59.0,-57.8722830673899,3.6037479111959896,3.6984517015838363
2021-04-14 15:00:00,1,-55.2,-54.748419174802436,3.6037479111959896,3.3839614115921313
2021-04-14 15:00:00,2,-52.6,-55.693220768626674,3.6037479111959896,3.292951576107015
2021-04-14 15:00:00,4,-57.55,-57.710129636398264,3.6037479111959896,3.107318824436276
2021-04-14 15:00:00,8,-60.833333333333336,-56.029106081514655,3.6037479111959896,3.3328650752424105
2021-04-14 18:00:00,1,-52.6,-55.6789433210145,3.6037479111959896,3.6673590765329753
2021-04-14 18:00:00,2,-56.4,-55.973141887639585,3.6037479111959896,3.5612581027356294
2021-04-14 18:00:00,4,-58.7,-57.09706182875927,3.6037479111959896,3.3811536785924083
2021-04-14 18:00:00,8,-62.666666666666664,-56.839264413136526,3.6037479111959896,3.502708474432169
2021-04-14 21:00:00,1,-56.4,-53.35193010676889,3.6037479111959896,3.688661413665355
2021-04-14 21:00:00,2,-57.55,-53.18599899902556,3.6037479111959896,3.609684965261218
2021-04-14 21:00:00,4,-55.9,-54.153327506606324,3.6037479111959896,3.49716439079729
2021-04-14 21:00:00,8,-64.5,-57.166844511116075,3.6037479111959896,3.3916962739822396
2021-04-15 00:00:00,1,-57.55,-57.01881362002383,3.6037479111959896,3.7600002156616035
2021-04-15 00:00:00,2,-58.7,-56.964902133468456,3.6037479111959896,3.588382101592256
2021-04-15 00:00:00,4,-59.0,-57.31933566358514,3.6037479111959896,3.4478931102234776
2021-04-15 00:00:00,8,-67.3,-59.4322206669441,3.6037479111959896,3.379629628451289
2021-04-15 03:00:00,1,-58.7,-59.65682171996675,3.6037479111959896,3.407444329999088
2021-04-15 03:00:00,2,-55.9,-59.663791846541244,3.6037479111959896,3.318199578439611
2021-04-15 03:00:00,4,-60.833333333333336,-60.08235248649597,3.6037479111959896,3.281198533098717
2021-04-15 03:00:00,8,-67.2,-61.22338324536989,3.6037479111959896,3.3378719449324863
2021-04-15 06:00:00,1,-55.9,-59.234296883566614,3.6037479111959896,3.57206887187156
2021-04-15 06:00:00,2,-59.0,-59.31214125149732,3.6037479111959896,3.4564780425987984
2021-04-15 06:00:00,4,-62.666666666666664,-59.77377632262113,3.6037479111959896,3.370052954424906
2021-04-15 06:00:00,8,-67.5,-60.46751214156952,3.6037479111959896,3.4277390227426046
2021-04-15 09:00:00,1,-59.0,-55.220894183316496,3.6037479111959896,3.870753146832199
2021-04-15 09:00:00,2,-60.833333333333336,-55.65640244755129,3.6037479111959896,3.7553117606386457
2021-04-15 09:00:00,4,-64.5,-57.32687354493954,3.6037479111959896,3.516066760855644
2021-04-15 09:00:00,8,-68.0,-56.90099117392733,3.6037479111959896,3.6887688537883077
2021-04-15 12:00:00,1,-60.833333333333336,-60.31411243735242,3.6037479111959896,3.593448323285737
2021-04-15 12:00:00,2,-62.666666666666664,-60.54463096500359,3.6037479111959896,3.5044343147198465
2021-04-15 12:00:00,4,-67.3,-60.971675504112206,3.6037479111959896,3.4308980289582145
2021-04-15 12:00:00,8,-66.9,-59.57599159593466,3.6037479111959896,3.591275943318312
2021-04-15 15:00:00,1,-62.666666666666664,-61.358603268614516,3.6037479111959896,3.013360437408152
2021-04-15 15:00:00,2,-64.5,-61.39992832338057,3.6037479111959896,2.9203932188393664
2021-04-15 15:00:00,4,-67.2,-60.81858345381771,3.6037479111959896,2.8841226063740697
2021-04-15 15:00:00,8,-66.9,-58.4651973815951,3.6037479111959896,3.185923724633581
2021-04-15 18:00:00,1,-64.5,-63.494280600282096,3.6037479111959896,3.395105351749536
2021-04-15 18:00:00,2,-67.3,-62.97503499052172,3.6037479111959896,3.2930226518806602
2021-04-15 18:00:00,4,-67.5,-61.553712054625194,3.6037479111959896,3.308737542757818
2021-04-15 18:00:00,8,-67.5,-60.282251163086265,3.6037479111959896,3.443469856347684
2021-04-15 21:00:00,1,-67.3,-62.747092253908775,3.6037479111959896,3.5608261561172476
2021-04-15 21:00:00,2,-67.2,-62.163780416644,3.6037479111959896,3.4949235710716433
2021-04-15 21:00:00,4,-68.0,-61.038552405977484,3.6037479111959896,3.5395050469559415
2021-04-15 21:00:00,8,-65.5,-60.334246117008995,3.6037479111959896,3.592654422756863
2021-04-16 00:00:00,1,-67.2,-65.1492670506499,3.6037479111959896,3.6435021172016944
2021-04-16 00:00:00,2,-67.5,-64.40176888885101,3.6037479111959896,3.5809782440921105
2021-04-16 00:00:00,4,-66.9,-62.93596150134852,3.6037479111959896,3.661761819368263
2021-04-16 00:00:00,8,-63.9,-61.901137631865424,3.6037479111959896,3.692546933724782
2021-04-16 03:00:00,1,-67.5,-64.60336218376911,3.6037479111959896,3.6545974826930894
2021-04-16 03:00:00,2,-68.0,-63.87836814988295,3.6037479111959896,3.6175539811745767
2021-04-16 03:00:00,4,-66.9,-62.5811104409083,3.6037479111959896,3.7121763908186765
2021-04-16 03:00:00,8,-62.300000000000004,-61.56027365713852,3.6037479111959896,3.72700007520697
2021-04-16 06:00:00,1,-68.0,-65.76990948519375,3.6037479111959896,3.6589544329495816
2021-04-16 06:00:00,2,-66.9,-65.223511795636,3.6037479111959896,3.6153494058278763
2021-04-16 06:00:00,4,-67.5,-64.0865713208807,3.6037479111959896,3.7017191743354845
2021-04-16 06:00:00,8,-60.7,-62.59899687797795,3.6037479111959896,3.7416718637886817
2021-04-16 09:00:00,1,-66.9,-66.60949199648408,3.6037479111959896,3.5881390483066657
2021-04-16 09:00:00,2,-66.9,-66.17065069467087,3.6037479111959896,3.5673412931810016
2021-04-16 09:00:00,4,-65.5,-65.14009507305084,3.6037479111959896,3.6751691869992706
2021-04-16 09:00:00,8,-59.2,-63.105968032877556,3.6037479111959896,3.743113387651737
2021-04-16 12:00:00,1,-66.9,-65.79097117012509,3.6037479111959896,3.689491315299944
2021-04-16 12:00:00,2,-67.5,-65.51542565362271,3.6037479111959896,3.653712114761775
2021-04-16 12:00:00,4,-63.9,-64.83971100542905,3.6037479111959896,3.7107868274518085
2021-04-16 12:00:00,8,-56.4,-62.77513415242846,3.6037479111959896,3.7674815140295275
2021-04-16 15:00:00,1,-67.5,-66.33355020443736,3.6037479111959896,3.7438478595294753
2021-04-16 15:00:00,2,-65.5,-65.88152517551435,3.6037479111959896,3.7130138105958643
2021-04-16 15:00:00,4,-62.300000000000004,-64.89464055988289,3.6037479111959896,3.7927466321335714
2021-04-16 15:00:00,8,-57.3,-63.02961077898961,3.6037479111959896,3.79905076799308
2021-04-16 18:00:00,1,-65.5,-66.48753999896503,3.6037479111959896,3.6925893232522
2021-04-16 18:00:00,2,-63.9,-65.9502537649232,3.6037479111959896,3.6540791707451032
2021-04-16 18:00:00,4,-60.7,-64.77693087219129,3.6037479111959896,3.734004344761
2021-04-16 18:00:00,8,-58.2,-62.99618097406885,3.6037479111959896,3.757267317506825
2021-04-16 21:00:00,1,-63.9,-63.52949436565339,3.6037479111959896,3.906259254839483
2021-04-16 21:00:00,2,-62.300000000000004,-62.95546402213811,3.6037479111959896,3.904462791999522
2021-04-16 21:00:00,4,-59.2,-62.15376545288697,3.6037479111959896,3.9650495303563016
2021-04-16 21:00:00,8,-57.1,-60.926611049209534,3.6037479111959896,3.899923540115052
2021-04-17 00:00:00,1,-62.300000000000004,-60.653274588741624,3.6037479111959896,3.8837954179957688
2021-04-17 00:00:00,2,-60.7,-60.3332165210947,3.6037479111959896,3.8105351440437962
2021-04-17 00:00:00,4,-56.4,-60.11098303432425,3.6037479111959896,3.7860599907742953
2021-04-17 00:00:00,8,-57.0,-60.117010025103205,3.6037479111959896,3.705045499214035
2021-04-17 03:00:00,1,-60.7,-59.69264430867435,3.6037479111959896,3.889048200265029
2021-04-17 03:00:00,2,-59.2,-59.47961522204751,3.6037479111959896,3.8063556699407766
2021-04-17 03:00:00,4,-57.3,-59.56012544364016,3.6037479111959896,3.7531725824685216
2021-04-17 03:00:00,8,-54.7,-60.0123997659056,3.6037479111959896,3.6517116489886043
2021-04-17 06:00:00,1,-59.2,-60.80022508859979,3.6037479111959896,3.8038744696025732
2021-04-17 06:00:00,2,-56.4,-60.60780665328471,3.6037479111959896,3.768468830107286
2021-04-17 06:00:00,4,-58.2,-60.767087807080856,3.6037479111959896,3.7361177826237517
2021-04-17 06:00:00,8,-57.3,-60.23759018873783,3.6037479111959896,3.7353947879105123
2021-04-17 09:00:00,1,-56.4,-59.64612228026949,3.6037479111959896,3.659680013690594
2021-04-17 09:00:00,2,-57.3,-59.63470522158648,3.6037479111959896,3.6278912139671116
2021-04-17 09:00:00,4,-57.1,-60.13059363026229,3.6037479111959896,3.5890460742205814
2021-04-17 09:00:00,8,-57.4,-59.669846936858804,3.6037479111959896,3.6382576395473967
2021-04-17 12:00:00,1,-57.3,-57.26303931875382,3.6037479111959896,4.080901068552724
2021-04-17 12:00:00,2,-58.2,-57.5626391210483,3.6037479111959896,4.014661860005268
2021-04-17 12:00:00,4,-57.0,-58.70628709976735,3.6037479111959896,3.849100282966176
2021-04-17 12:00:00,8,-57.4,-57.53170909431135,3.6037479111959896,3.871790863791457
2021-04-17 15:00:00,1,-58.2,-59.52928367827445,3.6037479111959896,3.8776430179823604
2021-04-17 15:00:00,2,-57.1,-59.56307805669601,3.6037479111959896,3.8171377794905603
2021-04-17 15:00:00,4,-54.7,-59.86685136097341,3.6037479111959896,3.732668448135448
2021-04-17 15:00:00,8,-57.3,-59.131222732479074,3.6037479111959896,3.6999764048969195
2021-04-17 18:00:00,1,-57.1,-60.252367664036875,3.6037479111959896,3.7160191347795237
2021-04-17 18:00:00,2,-57.0,-60.14351509501183,3.6037479111959896,3.6428284036465888
2021-04-17 18:00:00,4,-57.3,-60.06951099735629,3.6037479111959896,3.605405165944133
2021-04-17 18:00:00,8,-58.9,-59.777627400411156,3.6037479111959896,3.602207299329213
2021-04-17 21:00:00,1,-57.0,-57.50585283554397,3.6037479111959896,3.972404939825818
2021-04-17 21:00:00,2,-54.7,-57.374782537749596,3.6037479111959896,3.8985277249593917
2021-04-17 21:00:00,4,-57.4,-57.68823433182183,3.6037479111959896,3.810044278648311
2021-04-17 21:00:00,8,-60.2,-58.1956003212638,3.6037479111959896,3.7227658412993487
2021-04-18 00:00:00,1,-54.7,-57.45909376231349,3.6037479111959896,3.9450920609664397
2021-04-18 00:00:00,2,-57.3,-57.292035520834375,3.6037479111959896,3.867385232228634
2021-04-18 00:00:00,4,-57.4,-57.668884557242066,3.6037479111959896,3.7808559164714453
2021-04-18 00:00:00,8,-61.5,-58.590546901531134,3.6037479111959896,3.6990582717271168
2021-04-18 03:00:00,1,-57.3,-54.08550530744254,3.6037479111959896,4.154840827967152
2021-04-18 03:00:00,2,-57.4,-54.10610118848402,3.6037479111959896,4.08199653124556
2021-04-18 03:00:00,4,-57.3,-55.25777086497206,3.6037479111959896,3.9131811447458893
2021-04-18 03:00:00,8,-62.7,-56.730972033630984,3.6037479111959896,3.7858393386210403
2021-04-18 06:00:00,1,-57.4,-59.70578696722773,3.6037479111959896,3.710350535240364
2021-04-18 06:00:00,2,-57.4,-59.71366204304531,3.6037479111959896,3.633999531538013
2021-04-18 06:00:00,4,-58.9,-60.09098624985572,3.6037479111959896,3.5811361750743327
2021-04-18 06:00:00,8,-63.2,-60.367340888969544,3.6037479111959896,3.5804705328584885
2021-04-18 09:00:00,1,-57.4,-59.639080824097014,3.6037479111959896,3.6261933001133775
2021-04-18 09:00:00,2,-57.3,-59.577898041553446,3.6037479111959896,3.597294013185439
2021-04-18 09:00:00,4,-60.2,-59.930630108582925,3.6037479111959896,3.5840494486662986
2021-04-18 09:00:00,8,-63.7,-59.88319880792904,3.6037479111959896,3.6080514121734453
2021-04-18 12:00:00,1,-57.3,-59.17011609640484,3.6037479111959896,3.661877710736619
2021-04-18 12:00:00,2,-58.9,-59.16952744709624,3.6037479111959896,3.647123289236522
2021-04-18 12:00:00,4,-61.5,-59.58770117801949,3.6037479111959896,3.619843452213964
2021-04-18 12:00:00,8,-63.9,-58.95502853845038,3.6037479111959896,3.6624156978237465
2021-04-18 15:00:00,1,-58.9,-59.10560531978978,3.6037479111959896,3.6962582035004328
2021-04-18 15:00:00,2,-60.2,-59.0048879274396,3.6037479111959896,3.6891529322328034
2021-04-18 15:00:00,4,-62.7,-59.17748177802269,3.6037479111959896,3.677869879777243
2021-04-18 15:00:00,8,-63.7,-58.8589691849987,3.6037479111959896,3.641390638854833
2021-04-18 18:00:00,1,-60.2,-60.36376071955166,3.6037479111959896,3.645667848811635
2021-04-18 18:00:00,2,-61.5,-60.284540915231574,3.6037479111959896,3.605318497356117
2021-04-18 18:00:00,4,-63.2,-60.378201000387506,3.6037479111959896,3.5924086568081184
2021-04-18 18:00:00,8,-63.3,-59.96912431496039,3.6037479111959896,3.6117956004830454
2021-04-18 21:00:00,1,-61.5,-60.69573155056251,3.6037479111959896,3.7550842568447953
2021-04-18 21:00:00,2,-62.7,-60.54083248378582,3.6037479111959896,3.694656759146675
2021-04-18 21:00:00,4,-63.7,-60.53231832359037,3.6037479111959896,3.681014942770941
2021-04-18 21:00:00,8,-61.1,-60.4332040459423,3.6037479111959896,3.6628412460228956
2021-04-19 00:00:00,1,-62.7,-61.11250678906473,3.6037479111959896,3.7809566115941236
2021-04-19 00:00:00,2,-63.2,-60.878928293710246,3.6037479111959896,3.7035651582743
2021-04-19 00:00:00,4,-63.9,-60.6912075248481,3.6037479111959896,3.6891424948114295
2021-04-19 00:00:00,8,-59.3,-60.76943447880435,3.6037479111959896,3.655103670969633
2021-04-19 03:00:00,1,-63.2,-62.397399260053916,3.6037479111959896,3.727080561988904
2021-04-19 03:00:00,2,-63.7,-62.27639616233832,3.6037479111959896,3.594460993099706
2021-04-19 03:00:00,4,-63.7,-62.21387757095982,3.6037479111959896,3.5363303312881103
2021-04-19 03:00:00,8,-58.6,-62.449989347794144,3.6037479111959896,3.533213101418075
2021-04-19 06:00:00,1,-63.7,-62.857918275144655,3.6037479111959896,3.6497334310523084
2021-04-19 06:00:00,2,-63.9,-62.78080449521751,3.6037479111959896,3.542970567445398
2021-04-19 06:00:00,4,-63.3,-62.847450836766086,3.6037479111959896,3.5045015247818725
2021-04-19 06:00:00,8,-56.4,-62.80738305622708,3.6037479111959896,3.528499639239949
2021-04-19 09:00:00,1,-63.9,-63.78138151165751,3.6037479111959896,3.627998160878582
2021-04-19 09:00:00,2,-63.7,-63.72284296774619,3.6037479111959896,3.541982584865636
2021-04-19 09:00:00,4,-61.1,-63.756658961197445,3.6037479111959896,3.5260623413887116
2021-04-19 09:00:00,8,-54.4,-63.28464795532076,3.6037479111959896,3.55953774442693
2021-04-19 12:00:00,1,-63.7,-63.7234100020251,3.6037479111959896,3.560084459357792
2021-04-19 12:00:00,2,-63.3,-63.590564029541575,3.6037479111959896,3.5495354255586076
2021-04-19 12:00:00,4,-59.3,-63.472535880412515,3.6037479111959896,3.599285864420215
2021-04-19 12:00:00,8,-52.4,-62.251593636268396,3.6037479111959896,3.640549659956947
2021-04-19 15:00:00,1,-63.3,-63.75150521761802,3.6037479111959896,3.5733179899362657
2021-04-19 15:00:00,2,-61.1,-63.62674758924503,3.6037479111959896,3.569938931419204
2021-04-19 15:00:00,4,-58.6,-63.49016077562291,3.6037479111959896,3.6222473116596894
2021-04-19 15:00:00,8,-53.8,-62.18918600204232,3.6037479111959896,3.640586624158057
2021-04-19 18:00:00,1,-61.1,-62.81450953151634,3.6037479111959896,3.627303239229727
2021-04-19 18:00:00,2,-59.3,-62.710763873506394,3.6037479111959896,3.605604413385548
2021-04-19 18:00:00,4,-56.4,-62.668693820716975,3.6037479111959896,3.6347693113593826
2021-04-19 18:00:00,8,-52.3,-61.77627625134991,3.6037479111959896,3.6282951508387997
2021-04-19 21:00:00,1,-59.3,-60.528701408622,3.6037479111959896,3.805261700212429
2021-04-19 21:00:00,2,-58.6,-60.42957848496206,3.6037479111959896,3.780166873370261
2021-04-19 21:00:00,4,-54.4,-60.71807644775653,3.6037479111959896,3.7527603776394813
2021-04-19 21:00:00,8,-53.3,-60.546646206271824,3.6037479111959896,3.66409990839629
2021-04-20 00:00:00,1,-58.6,-59.7838446034514,3.6037479111959896,3.962394852876646
2021-04-20 00:00:00,2,-56.4,-59.68743580701971,3.6037479111959896,3.908904281370129
2021-04-20 00:00:00,4,-52.4,-60.06316770664285,3.6037479111959896,3.8399575284041054
2021-04-20 00:00:00,8,-54.5,-60.41385210985956,3.6037479111959896,3.681929090258764
2021-04-20 03:00:00,1,-56.4,-59.93569162803567,3.6037479111959896,3.7401432547738587
2021-04-20 03:00:00,2,-54.4,-59.93868675064991,3.6037479111959896,3.6784915928460413
2021-04-20 03:00:00,4,-53.8,-60.432851720958325,3.6037479111959896,3.6234079449184198
2021-04-20 03:00:00,8,-55.8,-60.776645252709415,3.6037479111959896,3.576013980542604
2021-04-20 06:00:00,1,-54.4,-58.18917957669396,3.6037479111959896,3.765504802387759
2021-04-20 06:00:00,2,-52.4,-58.37081355319499,3.6037479111959896,3.7030786384718772
2021-04-20 06:00:00,4,-52.3,-59.38918370182648,3.6037479111959896,3.6009757802499083
2021-04-20 06:00:00,8,-56.4,-59.73338431663676,3.6037479111959896,3.589446501959221
2021-04-20 09:00:00,1,-52.4,-55.05394473748683,3.6037479111959896,3.6983136956790066
2021-04-20 09:00:00,2,-53.8,-55.45736765164766,3.6037479111959896,3.658724969639841
2021-04-20 09:00:00,4,-53.3,-57.19809768254691,3.6037479111959896,3.5863845117752304
2021-04-20 09:00:00,8,-56.4,-58.44849977115847,3.6037479111959896,3.535100688411945
2021-04-20 12:00:00,1,-53.8,-55.311197814611845,3.6037479111959896,3.7571586243601063
2021-04-20 12:00:00,2,-52.3,-55.81627729416295,3.6037479111959896,3.714001539904865
2021-04-20 12:00:00,4,-54.5,-57.71666530087596,3.6037479111959896,3.582364898177733
2021-04-20 12:00:00,8,-55.5,-57.86846909540085,3.6037479111959896,3.620025067344878
2021-04-20 15:00:00,1,-52.3,-58.48278228900055,3.6037479111959896,3.371250498564586
2021-04-20 15:00:00,2,-53.3,-58.82456093973391,3.6037479111959896,3.3418214758443225
2021-04-20 15:00:00,4,-55.8,-59.831271581099344,3.6037479111959896,3.3304219988188035
2021-04-20 15:00:00,8,-57.5,-60.29836660872321,3.6037479111959896,3.3213915365142705
2021-04-20 18:00:00,1,-53.3,-55.85257577377426,3.6037479111959896,3.4493299552424688
2021-04-20 18:00:00,2,-54.5,-56.081336639261025,3.6037479111959896,3.4479543617575925
2021-04-20 18:00:00,4,-56.4,-57.30242046184962,3.6037479111959896,3.4493407792350044
2021-04-20 18:00:00,8,-59.9,-58.57720862695905,3.6037479111959896,3.3974153677131786
2021-04-20 21:00:00,1,-54.5,-57.44481235194587,3.6037479111959896,3.481820968146723
2021-04-20 21:00:00,2,-55.8,-57.65502391945244,3.6037479111959896,3.420422736940689
2021-04-20 21:00:00,4,-56.4,-58.56683125120419,3.6037479111959896,3.3861264233799084
2021-04-20 21:00:00,8,-62.300000000000004,-59.88532500634969,3.6037479111959896,3.3434896503786637
2021-04-21 00:00:00,1,-55.8,-57.75677883322781,3.6037479111959896,3.544572291729997
2021-04-21 00:00:00,2,-56.4,-57.86884123416203,3.6037479111959896,3.4879627441181964
2021-04-21 00:00:00,4,-55.5,-58.673394788584915,3.6037479111959896,3.4664070695743137
2021-04-21 00:00:00,8,-64.7,-60.176864203821744,3.6037479111959896,3.4198788579758514
2021-04-21 03:00:00,1,-56.4,-59.24462022174724,3.6037479111959896,3.548294412158264
2021-04-21 03:00:00,2,-56.4,-59.3239668342415,3.6037479111959896,3.489154129779365
2021-04-21 03:00:00,4,-57.5,-59.99735210273542,3.6037479111959896,3.4587330188269982
2021-04-21 03:00:00,8,-63.3,-61.01603963205287,3.6037479111959896,3.440227803982447
2021-04-21 06:00:00,1,-56.4,-59.496897158786794,3.6037479111959896,3.6115487314734858
2021-04-21 06:00:00,2,-55.5,-59.59175903959357,3.6037479111959896,3.554661839048018
2021-04-21 06:00:00,4,-59.9,-60.248938799826824,3.6037479111959896,3.5084659720085454
2021-04-21 06:00:00,8,-62.0,-60.825177478875574,3.6037479111959896,3.502075510809553
2021-04-21 09:00:00,1,-55.5,-59.270143248806875,3.6037479111959896,3.613514832403359
2021-04-21 09:00:00,2,-57.5,-59.37576437089306,3.6037479111959896,3.57679469099683
2021-04-21 09:00:00,4,-62.300000000000004,-60.134330868895944,3.6037479111959896,3.530568428133491
2021-04-21 09:00:00,8,-61.2,-60.42322150472981,3.6037479111959896,3.5336855180381055
2021-04-21 12:00:00,1,-57.5,-58.77601934705487,3.6037479111959896,3.644355079805602
2021-04-21 12:00:00,2,-59.9,-58.98505325569376,3.6037479111959896,3.6255120950757536
2021-04-21 12:00:00,4,-64.7,-59.978918805414565,3.6037479111959896,3.5783231900388226
2021-04-21 12:00:00,8,-59.3,-59.98972127675335,3.6037479111959896,3.5747917091785966
2021-04-21 15:00:00,1,-59.9,-61.06088865715962,3.6037479111959896,3.5503728586658356
2021-04-21 15:00:00,2,-62.300000000000004,-61.17505492098381,3.6037479111959896,3.5215409284303636
2021-04-21 15:00:00,4,-63.3,-61.71768511086635,3.6037479111959896,3.5234033216485035
2021-04-21 15:00:00,8,-59.9,-61.65212744631324,3.6037479111959896,3.5135847740450767
2021-04-21 18:00:00,1,-62.300000000000004,-64.68189535064599,3.6037479111959896,3.626530230206151
2021-04-21 18:00:00,2,-64.7,-64.92011171087127,3.6037479111959896,3.5217396260076255
2021-04-21 18:00:00,4,-62.0,-65.06132702285132,3.6037479111959896,3.4572291770266226
2021-04-21 18:00:00,8,-60.0,-64.30482692168692,3.6037479111959896,3.419613803459128
2021-04-21 21:00:00,1,-64.7,-65.67721991487097,3.6037479111959896,3.6955211589249615
2021-04-21 21:00:00,2,-63.3,-65.75877053989277,3.6037479111959896,3.5906051990296315
2021-04-21 21:00:00,4,-61.2,-65.74335325971487,3.6037479111959896,3.540030090574162
2021-04-21 21:00:00,8,-59.6,-65.11750880802528,3.6037479111959896,3.4865922427086264
2021-04-22 00:00:00,1,-63.3,-65.25927314175948,3.6037479111959896,3.7909085795685966
2021-04-22 00:00:00,2,-62.0,-65.10387692929987,3.6037479111959896,3.6604848948399744
2021-04-22 00:00:00,4,-59.3,-64.82665120448948,3.6037479111959896,3.6152016789913266
2021-04-22 00:00:00,8,-59.9,-64.62778716732042,3.6037479111959896,3.5538215499797055
2021-04-22 03:00:00,1,-62.0,-63.52420732939087,3.6037479111959896,3.8178606675634787
2021-04-22 03:00:00,2,-61.2,-63.49794578881677,3.6037479111959896,3.706416613805448
2021-04-22 03:00:00,4,-59.9,-63.6369275477287,3.6037479111959896,3.6463881508567804
2021-04-22 03:00:00,8,-58.5,-63.62226319108505,3.6037479111959896,3.577246869283526
2021-04-22 06:00:00,1,-61.2,-63.03382210727449,3.6037479111959896,3.8371409975779374
2021-04-22 06:00:00,2,-59.3,-63.146525033588574,3.6037479111959896,3.726743911826972
2021-04-22 06:00:00,4,-60.0,-63.624640844351106,3.6037479111959896,3.6377857561289693
2021-04-22 06:00:00,8,-56.8,-63.53960659704403,3.6037479111959896,3.5817971184510524
2021-04-22 09:00:00,1,-59.3,-62.858184140009854,3.6037479111959896,3.790570396452057
2021-04-22 09:00:00,2,-59.9,-63.002557407827815,3.6037479111959896,3.69940693225515
2021-04-22 09:00:00,4,-59.6,-63.547149521905354,3.6037479111959896,3.6213644097857878
2021-04-22 09:00:00,8,-58.4,-63.23091515301084,3.6037479111959896,3.591804519397151
2021-04-22 12:00:00,1,-59.9,-61.59668129264977,3.6037479111959896,3.7858811282966554
2021-04-22 12:00:00,2,-60.0,-61.90990324690629,3.6037479111959896,3.719300257492202
2021-04-22 12:00:00,4,-59.9,-62.83014440299314,3.6037479111959896,3.612749791411234
2021-04-22 12:00:00,8,-58.3,-61.75214523220241,3.6037479111959896,3.6400301216452746
2021-04-22 15:00:00,1,-60.0,-62.77435889336353,3.6037479111959896,3.68656873067499
2021-04-22 15:00:00,2,-59.6,-62.81694986836851,3.6037479111959896,3.6467997425039775
2021-04-22 15:00:00,4,-58.5,-63.12762269012342,3.6037479111959896,3.6350409109257797
2021-04-22 15:00:00,8,-60.2,-62.616263684196454,3.6037479111959896,3.5907847046817047
2021-04-22 18:00:00,1,-59.6,-62.44469510652173,3.6037479111959896,3.668789843053695
2021-04-22 18:00:00,2,-59.9,-62.453754685966395,3.6037479111959896,3.6313274316959876
2021-04-22 18:00:00,4,-56.8,-62.719136815507866,3.6037479111959896,3.624669459920389
2021-04-22 18:00:00,8,-60.2,-62.38453615588455,3.6037479111959896,3.583255358184354
2021-04-22 21:00:00,1,-59.9,-60.044103970956,3.6037479111959896,3.671933093161944
2021-04-22 21:00:00,2,-58.5,-60.056136337484226,3.6037479111959896,3.6168078855018986
2021-04-22 21:00:00,4,-58.4,-60.458851719673156,3.6037479111959896,3.5882553895638742
2021-04-22 21:00:00,8,-61.7,-60.62149833359226,3.6037479111959896,3.5668562163554163
2021-04-23 00:00:00,1,-58.5,-60.320878662146825,3.6037479111959896,3.695817912276968
2021-04-23 00:00:00,2,-56.8,-60.28678527581454,3.6037479111959896,3.623345190422287
2021-04-23 00:00:00,4,-58.3,-60.56565734538643,3.6037479111959896,3.5865743382108266
2021-04-23 00:00:00,8,-63.3,-60.861295472988964,3.6037479111959896,3.5621420810102666
2021-04-23 03:00:00,1,-56.8,-59.19773722234653,3.6037479111959896,3.6965963332968124
2021-04-23 03:00:00,2,-58.4,-59.15385583006897,3.6037479111959896,3.6511786073463424
2021-04-23 03:00:00,4,-60.2,-59.57928428545765,3.6037479111959896,3.6178342952546685
2021-04-23 03:00:00,8,-64.3,-59.96501457731506,3.6037479111959896,3.5928761546433634
2021-04-23 06:00:00,1,-58.4,-58.49111344194462,3.6037479111959896,3.7499271842632274
2021-04-23 06:00:00,2,-58.3,-58.497340011497734,3.6037479111959896,3.71839401471814
2021-04-23 06:00:00,4,-60.2,-59.20159694614843,3.6037479111959896,3.6648470438120935
2021-04-23 06:00:00,8,-64.8,-59.49450005199401,3.6037479111959896,3.6354017084552956
2021-04-23 09:00:00,1,-58.3,-60.61061804814658,3.6037479111959896,3.56629513830638
2021-04-23 09:00:00,2,-60.2,-60.56612783253271,3.6037479111959896,3.5349277544696256
2021-04-23 09:00:00,4,-61.7,-60.89836957191571,3.6037479111959896,3.539673285391647
2021-04-23 09:00:00,8,-65.9,-60.838763245537635,3.6037479111959896,3.5644198849320836
2021-04-23 12:00:00,1,-60.2,-60.257062448485854,3.6037479111959896,3.4808935439389925
2021-04-23 12:00:00,2,-60.2,-60.691662881473604,3.6037479111959896,3.4361217917302453
2021-04-23 12:00:00,4,-63.3,-61.648475947297364,3.6037479111959896,3.3484304830502394
2021-04-23 12:00:00,8,-65.6,-60.09479697959031,3.6037479111959896,3.4841890231048245
2021-04-23 15:00:00,1,-60.2,-61.2963166785547,3.6037479111959896,3.2700271597188513
2021-04-23 15:00:00,2,-61.7,-61.77029465213331,3.6037479111959896,3.2063154334087165
2021-04-23 15:00:00,4,-64.3,-62.36052906290726,3.6037479111959896,3.132785172825195
2021-04-23 15:00:00,8,-65.6,-60.447384225920864,3.6037479111959896,3.2982244334166184
2021-04-23 18:00:00,1,-61.7,-62.426466431481956,3.6037479111959896,3.7644835613580256
2021-04-23 18:00:00,2,-63.3,-62.284310145209346,3.6037479111959896,3.716929029984564
2021-04-23 18:00:00,4,-64.8,-62.24630083599796,3.6037479111959896,3.715684324163121
2021-04-23 18:00:00,8,-65.0,-61.795533801803,3.6037479111959896,3.6717990196189345
2021-04-23 21:00:00,1,-63.3,-62.615501394149334,3.6037479111959896,3.8529238183392844
2021-04-23 21:00:00,2,-64.3,-62.51085438940125,3.6037479111959896,3.7579074926811185
2021-04-23 21:00:00,4,-65.9,-62.41618848486368,3.6037479111959896,3.7195422910297267
2021-04-23 21:00:00,8,-63.3,-62.215545530751015,3.6037479111959896,3.658743178474575
2021-04-24 00:00:00,1,-64.3,-63.035405768449884,3.6037479111959896,3.809412461409141
2021-04-24 00:00:00,2,-64.8,-62.8463571162637,3.6037479111959896,3.702597370705242
2021-04-24 00:00:00,4,-65.6,-62.627258529299496,3.6037479111959896,3.6645386133449867
2021-04-24 00:00:00,8,-63.0,-62.51457289500917,3.6037479111959896,3.623766273058013
2021-04-24 03:00:00,1,-64.8,-63.62494345476678,3.6037479111959896,3.7255315313526958
2021-04-24 03:00:00,2,-65.9,-63.474239144752204,3.6037479111959896,3.6228566577838137
2021-04-24 03:00:00,4,-65.6,-63.31846106676805,3.6037479111959896,3.5885369866603227
2021-04-24 03:00:00,8,-60.8,-62.987480204117055,3.6037479111959896,3.5901714561883504
2021-04-24 06:00:00,1,-65.9,-63.88172280249106,3.6037479111959896,3.6718612442459744
2021-04-24 06:00:00,2,-65.6,-63.79035030797748,3.6037479111959896,3.584184411989483
2021-04-24 06:00:00,4,-65.0,-63.73871848655356,3.6037479111959896,3.5630752171401667
2021-04-24 06:00:00,8,-60.3,-63.19133515164187,3.6037479111959896,3.5910682546290236
2021-04-24 09:00:00,1,-65.6,-64.88292233178618,3.6037479111959896,3.598005117502937
2021-04-24 09:00:00,2,-65.6,-64.7842843052923,3.6037479111959896,3.53044571511713
2021-04-24 09:00:00,4,-63.3,-64.65565326359861,3.6037479111959896,3.5388145775404696
2021-04-24 09:00:00,8,-60.7,-63.71576908902918,3.6037479111959896,3.5918355184053303
2021-04-24 12:00:00,1,-65.6,-64.5627979780482,3.6037479111959896,3.420116905831396
2021-04-24 12:00:00,2,-65.0,-64.60662893525647,3.6037479111959896,3.4016359649898096
2021-04-24 12:00:00,4,-63.0,-64.49281715791922,3.6037479111959896,3.4334383480241217
2021-04-24 12:00:00,8,-61.2,-62.31844387959706,3.6037479111959896,3.5462795399442895
2021-04-24 15:00:00,1,-65.0,-64.85417722430053,3.6037479111959896,3.4435362399472256
2021-04-24 15:00:00,2,-63.3,-64.75498153004062,3.6037479111959896,3.4267513334237236
2021-04-24 15:00:00,4,-60.8,-64.27252830332002,3.6037479111959896,3.476167404892761
2021-04-24 15:00:00,8,-58.4,-62.02823904995795,3.6037479111959896,3.55967769651761
2021-04-24 18:00:00,1,-63.3,-64.40662650652366,3.6037479111959896,3.788110310897322
2021-04-24 18:00:00,2,-63.0,-64.076322914803,3.6037479111959896,3.774730829710138
2021-04-24 18:00:00,4,-60.3,-63.33395399954988,3.6037479111959896,3.82468828742652
2021-04-24 18:00:00,8,-56.5,-61.80222221249052,3.6037479111959896,3.748839679604313
2021-04-24 21:00:00,1,-63.0,-62.33375812813344,3.6037479111959896,4.04076810363764
2021-04-24 21:00:00,2,-60.8,-62.02662080473506,3.6037479111959896,4.01919359374714
2021-04-24 21:00:00,4,-60.7,-61.62670096638622,3.6037479111959896,4.013065507726817
2021-04-24 21:00:00,8,-58.3,-60.78092430808732,3.6037479111959896,3.8445896906678536
2021-04-25 00:00:00,1,-60.8,-61.9378522007983,3.6037479111959896,4.002511341862206
2021-04-25 00:00:00,2,-60.3,-61.566335231964985,3.6037479111959896,3.965162409135602
2021-04-25 00:00:00,4,-61.2,-61.194236098331984,3.6037479111959896,3.9692603833736424
2021-04-25 00:00:00,8,-57.8,-60.92367428717546,3.6037479111959896,3.8241271993799537
2021-04-25 03:00:00,1,-60.3,-59.46757925301433,3.6037479111959896,4.019746977030547
2021-04-25 03:00:00,2,-60.7,-59.22911936345452,3.6037479111959896,3.992916992202692
2021-04-25 03:00:00,4,-58.4,-59.36674730100678,3.6037479111959896,3.949548133400882
2021-04-25 03:00:00,8,-57.1,-59.18591019860037,3.6037479111959896,3.8481221246259443
2021-04-25 06:00:00,1,-60.7,-60.75329525663475,3.6037479111959896,3.7875645523968346
2021-04-25 06:00:00,2,-61.2,-60.66841951954542,3.6037479111959896,3.748416877393418
2021-04-25 06:00:00,4,-56.5,-60.94176894903114,3.6037479111959896,3.711190127814083
2021-04-25 06:00:00,8,-58.1,-60.43411259769033,3.6037479111959896,3.6992452521991583
2021-04-25 09:00:00,1,-61.2,-61.96515126279758,3.6037479111959896,3.666845976630656
2021-04-25 09:00:00,2,-58.4,-61.989941540350685,3.6037479111959896,3.62478828723007
2021-04-25 09:00:00,4,-58.3,-62.172034475982166,3.6037479111959896,3.6097435341247697
2021-04-25 09:00:00,8,-58.0,-61.17586836660119,3.6037479111959896,3.6484683569296408
2021-04-25 12:00:00,1,-58.4,-62.218490218295976,3.6037479111959896,3.5897259629167486
2021-04-25 12:00:00,2,-56.5,-62.24622374239206,3.6037479111959896,3.5547946595672615
2021-04-25 12:00:00,4,-57.8,-62.26175125922139,3.6037479111959896,3.551626105710452
2021-04-25 12:00:00,8,-58.1,-60.67058750702347,3.6037479111959896,3.628275029143316
2021-04-25 15:00:00,1,-56.5,-58.633030882139145,3.6037479111959896,3.9764764139442015
2021-04-25 15:00:00,2,-58.3,-58.65616472791689,3.6037479111959896,3.9430895690271788
2021-04-25 15:00:00,4,-57.1,-59.053727807528375,3.6037479111959896,3.859193815966177
2021-04-25 15:00:00,8,-57.9,-58.02338113119536,3.6037479111959896,3.808355149290982
2021-04-25 18:00:00,1,-58.3,-56.90933277413575,3.6037479111959896,4.375575040948854
2021-04-25 18:00:00,2,-57.8,-56.929813375018874,3.6037479111959896,4.307141601165791
2021-04-25 18:00:00,4,-58.1,-57.5453791595892,3.6037479111959896,4.152642757680005
2021-04-25 18:00:00,8,-59.9,-57.50416217997161,3.6037479111959896,3.9170547477494955
2021-04-25 21:00:00,1,-57.8,-59.61759980758967,3.6037479111959896,4.073554030348371
2021-04-25 21:00:00,2,-57.1,-59.4975621812003,3.6037479111959896,3.982026829348113
2021-04-25 21:00:00,4,-58.0,-59.54899154184611,3.6037479111959896,3.895732095636051
2021-04-25 21:00:00,8,-61.0,-59.664928076602024,3.6037479111959896,3.7677924638742066
2021-04-26 00:00:00,1,-57.1,-57.27325278053351,3.6037479111959896,3.958903662062527
2021-04-26 00:00:00,2,-58.1,-57.021673648702496,3.6037479111959896,3.9153908654880563
2021-04-26 00:00:00,4,-58.1,-57.25797419679613,3.6037479111959896,3.877695191759189
2021-04-26 00:00:00,8,-61.1,-58.20721695872096,3.6037479111959896,3.7594221051538694
2021-04-26 03:00:00,1,-58.1,-56.57791024437806,3.6037479111959896,4.049429057231472
2021-04-26 03:00:00,2,-58.0,-56.48364061538483,3.6037479111959896,3.9927861978495396
2021-04-26 03:00:00,4,-57.9,-57.01577418659872,3.6037479111959896,3.9009163881594393
2021-04-26 03:00:00,8,-61.0,-57.70167707903743,3.6037479111959896,3.792444440125217
2021-04-26 06:00:00,1,-58.0,-59.28566644263027,3.6037479111959896,3.6543758841069893
2021-04-26 06:00:00,2,-58.1,-59.32694034182606,3.6037479111959896,3.6043672390367436
2021-04-26 06:00:00,4,-59.9,-59.76309489544862,3.6037479111959896,3.560691386079644
2021-04-26 06:00:00,8,-62.9,-59.66801686434493,3.6037479111959896,3.5966719102129687
2021-04-26 09:00:00,1,-58.1,-59.28988497592505,3.6037479111959896,3.645587308709541
2021-04-26 09:00:00,2,-57.9,-59.27019224287418,3.6037479111959896,3.6170942280926117
2021-04-26 09:00:00,4,-61.0,-59.63781058085215,3.6037479111959896,3.591088689580449
2021-04-26 09:00:00,8,-61.3,-59.258600102450664,3.6037479111959896,3.63623848172554
2021-04-26 12:00:00,1,-57.9,-58.96616244024444,3.6037479111959896,3.5926714485505404
2021-04-26 12:00:00,2,-59.9,-59.0741172650363,3.6037479111959896,3.5696510158837627
2021-04-26 12:00:00,4,-61.1,-59.5005039867413,3.6037479111959896,3.526389207301233
2021-04-26 12:00:00,8,-61.3,-58.186589015385444,3.6037479111959896,3.6292904849356598
2021-04-26 15:00:00,1,-59.9,-58.977709189105596,3.6037479111959896,3.697970687087962
2021-04-26 15:00:00,2,-61.0,-58.94136423718045,3.6037479111959896,3.676302267065179
2021-04-26 15:00:00,4,-61.0,-59.113039449001654,3.6037479111959896,3.630343478120836
2021-04-26 15:00:00,8,-61.6,-58.10623262075409,3.6037479111959896,3.6610629120374276
2021-04-26 18:00:00,1,-61.0,-61.778805209823815,3.6037479111959896,3.805230161337627
2021-04-26 18:00:00,2,-61.1,-61.46403850144535,3.6037479111959896,3.7379080070049606
2021-04-26 18:00:00,4,-62.9,-60.94033154955667,3.6037479111959896,3.7467027142208407
2021-04-26 18:00:00,8,-64.8,-60.31043067729498,3.6037479111959896,3.7556546492593297
2021-04-26 21:00:00,1,-61.1,-61.42666611510887,3.6037479111959896,3.8848920270720493
2021-04-26 21:00:00,2,-61.0,-61.117571911022424,3.6037479111959896,3.7956902915518738
2021-04-26 21:00:00,4,-61.3,-60.68122210163165,3.6037479111959896,3.782727747357954
2021-04-26 21:00:00,8,-65.6,-60.37259622318852,3.6037479111959896,3.7641697855448517
2021-04-27 00:00:00,1,-61.0,-60.15533059074215,3.6037479111959896,3.9100544238873254
2021-04-27 00:00:00,2,-62.9,-59.88009056665941,3.6037479111959896,3.8164854339896843
2021-04-27 00:00:00,4,-61.3,-59.65039485113849,3.6037479111959896,3.779884076570206
2021-04-27 00:00:00,8,-64.0,-59.870934440082124,3.6037479111959896,3.7274692259671833
2021-04-27 03:00:00,1,-62.9,-60.086938475295504,3.6037479111959896,3.865306705740822
2021-04-27 03:00:00,2,-61.3,-59.88482353766085,3.6037479111959896,3.7723060554315446
2021-04-27 03:00:00,4,-61.6,-59.80506047559453,3.6037479111959896,3.723916557008268
2021-04-27 03:00:00,8,-64.2,-59.91194175391171,3.6037479111959896,3.708624828253087
2021-04-27 06:00:00,1,-61.3,-62.26353954267786,3.6037479111959896,3.6972746190556616
2021-04-27 06:00:00,2,-61.3,-62.08683523394845,3.6037479111959896,3.61197923844754
2021-04-27 06:00:00,4,-64.8,-61.9053914697087,3.6037479111959896,3.5961181403584
2021-04-27 06:00:00,8,-62.06,-61.472850228549554,3.6037479111959896,3.648904809101566
2021-04-27 09:00:00,1,-61.3,-60.86759121063709,3.6037479111959896,3.6808546756991967
2021-04-27 09:00:00,2,-61.6,-60.610590669108966,3.6037479111959896,3.6869800024012256
2021-04-27 09:00:00,4,-65.6,-60.57596195054132,3.6037479111959896,3.720160271687306
2021-04-27 09:00:00,8,-59.92,-59.67350059737765,3.6037479111959896,3.753994752679871
2021-04-27 12:00:00,1,-61.6,-61.24988399227257,3.6037479111959896,3.626623647126951
2021-04-27 12:00:00,2,-64.8,-61.12496929468382,3.6037479111959896,3.6321753288846694
2021-04-27 12:00:00,4,-64.0,-61.10478157745302,3.6037479111959896,3.647549197346753
2021-04-27 12:00:00,8,-57.78,-59.4351977770336,3.6037479111959896,3.7205515350233984
2021-04-27 15:00:00,1,-64.8,-62.784823449738134,3.6037479111959896,3.6494177490434048
2021-04-27 15:00:00,2,-65.6,-62.455114991834975,3.6037479111959896,3.6172713310049627
2021-04-27 15:00:00,4,-64.2,-61.82163827316134,3.6037479111959896,3.6619967346643914
2021-04-27 15:00:00,8,-55.64,-60.606012605820325,3.6037479111959896,3.702226249059693
2021-04-27 18:00:00,1,-65.6,-65.39098360468321,3.6037479111959896,3.7331095791514373
2021-04-27 18:00:00,2,-64.0,-64.95087133912415,3.6037479111959896,3.66249223891382
2021-04-27 18:00:00,4,-62.06,-63.92257160610291,3.6037479111959896,3.714285163167404
2021-04-27 18:00:00,8,-53.5,-62.417585536282736,3.6037479111959896,3.767731292320332
2021-04-27 21:00:00,1,-64.0,-64.62737215875035,3.6037479111959896,3.8288522720229796
2021-04-27 21:00:00,2,-64.2,-64.1878607910167,3.6037479111959896,3.7482149539464595
2021-04-27 21:00:00,4,-59.92,-63.34103364227481,3.6037479111959896,3.7798245579413003
2021-04-27 21:00:00,8,-54.7,-62.2541153897324,3.6037479111959896,3.78224870570801
2021-04-28 00:00:00,1,-64.2,-60.991309156081925,3.6037479111959896,3.8128562506007757
2021-04-28 00:00:00,2,-62.06,-60.71671542138696,3.6037479111959896,3.7471560155634123
2021-04-28 00:00:00,4,-57.78,-60.47999842372127,3.6037479111959896,3.73739084144042
2021-04-28 00:00:00,8,-52.5,-60.355988675375606,3.6037479111959896,3.7018889190657176
2021-04-28 03:00:00,1,-62.06,-61.11358393804436,3.6037479111959896,3.6672945058188833
2021-04-28 03:00:00,2,-59.92,-60.86990545981605,3.6037479111959896,3.625859795840902
2021-04-28 03:00:00,4,-55.64,-60.70606425525601,3.6037479111959896,3.6412132693416805
2021-04-28 03:00:00,8,-54.4,-60.392633355712476,3.6037479111959896,3.649208054183086
2021-04-28 06:00:00,1,-59.92,-58.31431258608259,3.6037479111959896,3.6282559905135883
2021-04-28 06:00:00,2,-57.78,-58.33730377266437,3.6037479111959896,3.570370678086985
2021-04-28 06:00:00,4,-53.5,-58.87088771237055,3.6037479111959896,3.5533172012486913
2021-04-28 06:00:00,8,-52.1,-59.679557849198176,3.6037479111959896,3.5404854514079247
2021-04-28 09:00:00,1,-57.78,-57.64930710434955,3.6037479111959896,3.7180376494269467
2021-04-28 09:00:00,2,-55.64,-57.81226893745165,3.6037479111959896,3.677646828216776
2021-04-28 09:00:00,4,-54.7,-58.736090623206884,3.6037479111959896,3.6270026701537508
2021-04-28 09:00:00,8,-50.2,-58.84283860884098,3.6037479111959896,3.628384495432359
2021-04-28 12:00:00,1,-55.64,-56.37511947681505,3.6037479111959896,3.762890088368229
2021-04-28 12:00:00,2,-53.5,-56.78285530990031,3.6037479111959896,3.7182835486760917
2021-04-28 12:00:00,4,-52.5,-58.07349269553098,3.6037479111959896,3.647354458791391
2021-04-28 12:00:00,8,-50.3,-57.183887241526776,3.6037479111959896,3.7339770581689797
2021-04-28 15:00:00,1,-53.5,-55.24981797504759,3.6037479111959896,4.063876847819872
2021-04-28 15:00:00,2,-54.7,-55.74579284384217,3.6037479111959896,3.959168849879651
2021-04-28 15:00:00,4,-54.4,-57.06250263853713,3.6037479111959896,3.8201901187255416
2021-04-28 15:00:00,8,-51.0,-56.01111877430644,3.6037479111959896,3.8622951297683707
2021-04-28 18:00:00,1,-54.7,-55.25225939265123,3.6037479111959896,4.293093391858486
2021-04-28 18:00:00,2,-52.5,-55.28953847410955,3.6037479111959896,4.2243500019837485
2021-04-28 18:00:00,4,-52.1,-56.1804293018794,3.6037479111959896,4.0714723579711025
2021-04-28 18:00:00,8,-55.56666666666667,-57.241887571198774,3.6037479111959896,3.8364708164834496
2021-04-28 21:00:00,1,-52.5,-56.88722095901191,3.6037479111959896,4.172551439123216
2021-04-28 21:00:00,2,-54.4,-56.96277809655078,3.6037479111959896,4.025066276199749
2021-04-28 21:00:00,4,-50.2,-57.571852527454276,3.6037479111959896,3.859278275100052
2021-04-28 21:00:00,8,-60.13333333333333,-58.54756793674319,3.6037479111959896,3.744441312913328
2021-04-29 00:00:00,1,-54.4,-52.64478112617679,3.6037479111959896,4.117824159819298
2021-04-29 00:00:00,2,-52.1,-52.54356249029433,3.6037479111959896,4.070937076882109
2021-04-29 00:00:00,4,-50.3,-53.42824791322764,3.6037479111959896,3.9655627102388613
2021-04-29 00:00:00,8,-64.7,-55.63234744125819,3.6037479111959896,3.7752687234869846
2021-04-29 03:00:00,1,-52.1,-55.76693702613682,3.6037479111959896,3.9990605144094147
2021-04-29 03:00:00,2,-50.2,-55.750304260789264,3.6037479111959896,3.874021032815089
2021-04-29 03:00:00,4,-51.0,-56.550560387059,3.6037479111959896,3.7042683845381177
2021-04-29 03:00:00,8,-64.7,-58.20892562681807,3.6037479111959896,3.624898686621918
2021-04-29 06:00:00,1,-50.2,-53.16996231315305,3.6037479111959896,3.7578799528183366
2021-04-29 06:00:00,2,-50.3,-53.19332613384046,3.6037479111959896,3.723537424008638
2021-04-29 06:00:00,4,-55.56666666666667,-54.73073267675743,3.6037479111959896,3.5976438700845685
2021-04-29 06:00:00,8,-65.6,-56.21074474127212,3.6037479111959896,3.6497974152446377
2021-04-29 09:00:00,1,-50.3,-50.469503393955975,3.6037479111959896,3.7340059976859683
2021-04-29 09:00:00,2,-51.0,-51.039987251474635,3.6037479111959896,3.698992048088056
2021-04-29 09:00:00,4,-60.13333333333333,-53.525154575843224,3.6037479111959896,3.5570662283628365
2021-04-29 09:00:00,8,-66.3,-53.465868602217704,3.6037479111959896,3.7386702320261214
2021-04-29 12:00:00,1,-51.0,-51.72931756712142,3.6037479111959896,3.713498184261836
2021-04-29 12:00:00,2,-55.56666666666667,-52.653472664709646,3.6037479111959896,3.6434051145001156
2021-04-29 12:00:00,4,-64.7,-54.89943203936586,3.6037479111959896,3.5462766873157148
2021-04-29 12:00:00,8,-66.1,-53.872504320354295,3.6037479111959896,3.698661209823594
2021-04-29 15:00:00,1,-55.56666666666667,-53.24923399354439,3.6037479111959896,3.7163335637646613
2021-04-29 15:00:00,2,-60.13333333333333,-53.86521059877279,3.6037479111959896,3.644744650226606
2021-04-29 15:00:00,4,-64.7,-55.391261325590875,3.6037479111959896,3.5591566052562693
2021-04-29 15:00:00,8,-68.0,-55.16268995186441,3.6037479111959896,3.622240853255276
2021-04-29 18:00:00,1,-60.13333333333333,-59.63258550767474,3.6037479111959896,3.5385950484430904
2021-04-29 18:00:00,2,-64.7,-59.82197279532609,3.6037479111959896,3.407680738259704
2021-04-29 18:00:00,4,-65.6,-59.99782114887972,3.6037479111959896,3.3243973272493323
2021-04-29 18:00:00,8,-69.3,-60.047934154217316,3.6037479111959896,3.375426186936226
2021-04-29 21:00:00,1,-64.7,-63.26608712932473,3.6037479111959896,3.663293334331821
2021-04-29 21:00:00,2,-64.7,-63.154630669722856,3.6037479111959896,3.533098726341777
2021-04-29 21:00:00,4,-66.3,-62.88136481835193,3.6037479111959896,3.4929393279572363
2021-04-29 21:00:00,8,-70.2,-62.581786270836645,3.6037479111959896,3.551788165672586
2021-04-30 00:00:00,1,-64.7,-63.1840199050933,3.6037479111959896,3.690991717949982
2021-04-30 00:00:00,2,-65.6,-62.776005958626016,3.6037479111959896,3.5896600458686097
2021-04-30 00:00:00,4,-66.1,-62.14969750429904,3.6037479111959896,3.6003011069319175
2021-04-30 00:00:00,8,-71.5,-62.173219700110245,3.6037479111959896,3.588770768903045
2021-04-30 03:00:00,1,-65.6,-62.68965247400678,3.6037479111959896,3.685722699691918
2021-04-30 03:00:00,2,-66.3,-62.175180183303254,3.6037479111959896,3.6396209693954096
2021-04-30 03:00:00,4,-68.0,-61.503061555549266,3.6037479111959896,3.7008437772741414
2021-04-30 03:00:00,8,-71.2,-61.48115904596294,3.6037479111959896,3.653522421626579
2021-04-30 06:00:00,1,-66.3,-64.84708173055382,3.6037479111959896,3.7797993774956105
2021-04-30 06:00:00,2,-66.1,-64.79033507260392,3.6037479111959896,3.6348589058911935
2021-04-30 06:00:00,4,-69.3,-64.54611982113829,3.6037479111959896,3.580597334864641
2021-04-30 06:00:00,8,-70.2,-63.9769024242343,3.6037479111959896,3.595054323180688
2021-04-30 09:00:00,1,-66.1,-65.73365387539133,3.6037479111959896,3.639843207823433
2021-04-30 09:00:00,2,-68.0,-65.69432460836678,3.6037479111959896,3.5278697781841593
2021-04-30 09:00:00,4,-70.2,-65.46539694690091,3.6037479111959896,3.5088501570933617
2021-04-30 09:00:00,8,-71.5,-64.40071695740602,3.6037479111959896,3.568684704616642
2021-04-30 12:00:00,1,-68.0,-65.39329929486415,3.6037479111959896,3.5864617826849976
2021-04-30 12:00:00,2,-69.3,-65.35251173383642,3.6037479111959896,3.5593257534672094
2021-04-30 12:00:00,4,-71.5,-65.01865174923053,3.6037479111959896,3.6173535206995155
2021-04-30 12:00:00,8,-70.6,-62.79787892767176,3.6037479111959896,3.6890460919616537
2021-04-30 15:00:00,1,-69.3,-67.65805437883904,3.6037479111959896,3.682989934837541
2021-04-30 15:00:00,2,-70.2,-67.37877234420401,3.6037479111959896,3.602035468447709
2021-04-30 15:00:00,4,-71.2,-66.55005786984255,3.6037479111959896,3.6523634612878775
2021-04-30 15:00:00,8,-70.8,-64.80050278257077,3.6037479111959896,3.6939699554922223
2021-04-30 18:00:00,1,-70.2,-68.03769787833535,3.6037479111959896,3.744746517510738
2021-04-30 18:00:00,2,-71.5,-67.61817753106232,3.6037479111959896,3.668057130741246
2021-04-30 18:00:00,4,-70.2,-66.55173951915253,3.6037479111959896,3.7363081089358507
2021-04-30 18:00:00,8,-69.8,-64.68778472573591,3.6037479111959896,3.7594331957472065
2021-04-30 21:00:00,1,-71.5,-67.58821477690407,3.6037479111959896,3.7810219287904596
2021-04-30 21:00:00,2,-71.2,-67.14634881193604,3.6037479111959896,3.6936473685225626
2021-04-30 21:00:00,4,-71.5,-66.0954865904219,3.6037479111959896,3.7441556768147386
2021-04-30 21:00:00,8,-71.6,-64.4520151868717,3.6037479111959896,3.751344647403959
2021-05-01 00:00:00,1,-71.2,-68.05713123102991,3.6037479111959896,3.7163153549299275
2021-05-01 00:00:00,2,-70.2,-67.55792635629845,3.6037479111959896,3.623315864334136
2021-05-01 00:00:00,4,-70.6,-66.41187730803118,3.6037479111959896,3.672202693222331
2021-05-01 00:00:00,8,-70.6,-64.76388980427745,3.6037479111959896,3.703395493524307
2021-05-01 03:00:00,1,-70.2,-67.69490512245898,3.6037479111959896,3.667154540398163
2021-05-01 03:00:00,2,-71.5,-67.23481048245118,3.6037479111959896,3.5951055805172616
2021-05-01 03:00:00,4,-70.8,-66.25841780223192,3.6037479111959896,3.6541715879128986
2021-05-01 03:00:00,8,-71.5,-64.57493841972487,3.6037479111959896,3.7024052581677735
2021-05-01 06:00:00,1,-71.5,-67.01515855072688,3.6037479111959896,3.630784592474275
2021-05-01 06:00:00,2,-70.6,-66.69648096297624,3.6037479111959896,3.5818317398976207
2021-05-01 06:00:00,4,-69.8,-66.06087228187404,3.6037479111959896,3.6431513771874102
2021-05-01 06:00:00,8,-71.6,-64.36622873653137,3.6037479111959896,3.701252396322403
2021-05-01 09:00:00,1,-70.6,-68.74709738880013,3.6037479111959896,3.523290776120205
2021-05-01 09:00:00,2,-70.8,-68.39945277925902,3.6037479111959896,3.4875246923414633
2021-05-01 09:00:00,4,-71.6,-67.61020734911409,3.6037479111959896,3.582077529173935
2021-05-01 09:00:00,8,-67.3,-65.41926903253741,3.6037479111959896,3.6808528361536674
2021-05-01 12:00:00,1,-70.8,-67.94067233305645,3.6037479111959896,3.507859681796107
2021-05-01 12:00:00,2,-69.8,-67.51663012157198,3.6037479111959896,3.5157286043991847
2021-05-01 12:00:00,4,-70.6,-66.71152502364147,3.6037479111959896,3.6433514877489195
2021-05-01 12:00:00,8,-64.75,-64.46520611899139,3.6037479111959896,3.721777152227463
2021-05-01 15:00:00,1,-69.8,-68.15113643615993,3.6037479111959896,3.507741204399977
2021-05-01 15:00:00,2,-71.6,-67.68306873219994,3.6037479111959896,3.523628332724861
2021-05-01 15:00:00,4,-71.5,-66.74500238162756,3.6037479111959896,3.663885454711667
2021-05-01 15:00:00,8,-62.2,-64.31051960000666,3.6037479111959896,3.745932557825839
2021-05-01 18:00:00,1,-71.6,-66.72381244752006,3.6037479111959896,3.6954799157809894
2021-05-01 18:00:00,2,-70.6,-66.29263583523544,3.6037479111959896,3.706987166180463
2021-05-01 18:00:00,4,-71.6,-65.43544283875453,3.6037479111959896,3.8311465318792615
2021-05-01 18:00:00,8,-59.65,-63.38019359156677,3.6037479111959896,3.8192321154058937
2021-05-01 21:00:00,1,-70.6,-68.93859214184639,3.6037479111959896,3.77408193668964
2021-05-01 21:00:00,2,-71.5,-68.441763479379,3.6037479111959896,3.694416058613157
2021-05-01 21:00:00,4,-67.3,-67.19516851799709,3.6037479111959896,3.7649623497372087
2021-05-01 21:00:00,8,-57.1,-65.11547843623626,3.6037479111959896,3.781123783626623
2021-05-02 00:00:00,1,-71.5,-66.93859667455786,3.6037479111959896,3.7398889975895906
2021-05-02 00:00:00,2,-71.6,-66.474513341071,3.6037479111959896,3.6818703581022216
2021-05-02 00:00:00,4,-64.75,-65.56313290615564,3.6037479111959896,3.7436226751625967
2021-05-02 00:00:00,8,-58.6,-64.02288839990281,3.6037479111959896,3.7428300309899996
2021-05-02 03:00:00,1,-71.6,-67.64231863722368,3.6037479111959896,3.6444525223985034
2021-05-02 03:00:00,2,-67.3,-67.19756202228493,3.6037479111959896,3.578467317764554
2021-05-02 03:00:00,4,-62.2,-66.26325812788083,3.6037479111959896,3.6377597358907554
2021-05-02 03:00:00,8,-60.65,-64.60584070717373,3.6037479111959896,3.680873537705894
2021-05-02 06:00:00,1,-67.3,-67.66980719098326,3.6037479111959896,3.509152482402117
2021-05-02 06:00:00,2,-64.75,-67.31164758999827,3.6037479111959896,3.4749579970174196
2021-05-02 06:00:00,4,-59.65,-66.61438131620028,3.6037479111959896,3.5563482857347832
2021-05-02 06:00:00,8,-62.7,-64.81239393090502,3.6037479111959896,3.6429508000744986
2021-05-02 09:00:00,1,-64.75,-63.04974878165213,3.6037479111959896,3.7128967328539417
2021-05-02 09:00:00,2,-62.2,-62.77961710958646,3.6037479111959896,3.7549718979370574
2021-05-02 09:00:00,4,-57.1,-62.607694765925785,3.6037479111959896,3.8273151851026728
2021-05-02 09:00:00,8,-64.75,-61.31985616638966,3.6037479111959896,3.753011835515335
2021-05-02 12:00:00,1,-62.2,-62.669879765346046,3.6037479111959896,3.691007420737183
2021-05-02 12:00:00,2,-59.65,-62.72656373970984,3.6037479111959896,3.6855478495563387
2021-05-02 12:00:00,4,-58.6,-63.12501663804362,3.6037479111959896,3.7149267646559845
2021-05-02 12:00:00,8,-66.8,-61.9136570570627,3.6037479111959896,3.6820734812527864
2021-05-02 15:00:00,1,-59.65,-61.07291886218488,3.6037479111959896,3.753360602683689
2021-05-02 15:00:00,2,-57.1,-61.2473528722957,3.6037479111959896,3.7246321402192293
2021-05-02 15:00:00,4,-60.65,-61.902296197456884,3.6037479111959896,3.714592620541586
2021-05-02 15:00:00,8,-66.9,-61.34495265686339,3.6037479111959896,3.6452308501080672
2021-05-02 18:00:00,1,-57.1,-59.40948453771267,3.6037479111959896,4.116882525788854
2021-05-02 18:00:00,2,-58.6,-59.53458152205182,3.6037479111959896,4.037732266992263
2021-05-02 18:00:00,4,-62.7,-60.21387922166733,3.6037479111959896,3.9455550932382617
2021-05-02 18:00:00,8,-64.6,-60.7744678987185,3.6037479111959896,3.6884741266023915
2021-05-02 21:00:00,1,-58.6,-56.42105177515983,3.6037479111959896,4.28909725912657
2021-05-02 21:00:00,2,-60.65,-56.492709921592855,3.6037479111959896,4.244829262462055
2021-05-02 21:00:00,4,-64.75,-57.344245904553034,3.6037479111959896,4.148383756557937
2021-05-02 21:00:00,8,-62.4,-58.432111255646426,3.6037479111959896,3.8163116102671903
2021-05-03 00:00:00,1,-60.65,-59.01923598414877,3.6037479111959896,3.761236576877963
2021-05-03 00:00:00,2,-62.7,-59.08211986952905,3.6037479111959896,3.662476069575217
2021-05-03 00:00:00,4,-66.8,-59.602498827346245,3.6037479111959896,3.6199895427880953
2021-05-03 00:00:00,8,-59.7,-60.79866592445805,3.6037479111959896,3.529869774073417
2021-05-03 03:00:00,1,-62.7,-60.643858361307046,3.6037479111959896,3.5540956189360253
2021-05-03 03:00:00,2,-64.75,-60.891394401834276,3.6037479111959896,3.4311652029513087
2021-05-03 03:00:00,4,-66.9,-61.5488638034654,3.6037479111959896,3.3912504907822667
2021-05-03 03:00:00,8,-57.55,-62.527509490279485,3.6037479111959896,3.3856863454370845
2021-05-03 06:00:00,1,-64.75,-63.80657454926386,3.6037479111959896,3.5526914725053227
2021-05-03 06:00:00,2,-66.8,-63.895288395125405,3.6037479111959896,3.4280189669140846
2021-05-03 06:00:00,4,-64.6,-64.0608206155083,3.6037479111959896,3.3787846638714223
2021-05-03 06:00:00,8,-55.4,-63.73327942458221,3.6037479111959896,3.447382089807409
2021-05-03 09:00:00,1,-66.8,-66.09129903866967,3.6037479111959896,3.534903213865859
2021-05-03 09:00:00,2,-66.9,-66.05524661014636,3.6037479111959896,3.443064343198758
2021-05-03 09:00:00,4,-62.4,-65.88957461257144,3.6037479111959896,3.445277783022104
2021-05-03 09:00:00,8,-58.2,-64.73967953002108,3.6037479111959896,3.5271032975477064
2021-05-03 12:00:00,1,-66.9,-66.84255965663685,3.6037479111959896,3.4714462779415953
2021-05-03 12:00:00,2,-64.6,-66.56991487711906,3.6037479111959896,3.452530911094174
2021-05-03 12:00:00,4,-59.7,-66.0458080471811,3.6037479111959896,3.5445204478716605
2021-05-03 12:00:00,8,-59.775000000000006,-64.27501619323749,3.6037479111959896,3.630841448427678
2021-05-03 15:00:00,1,-64.6,-66.11730047838648,3.6037479111959896,3.526108106748777
2021-05-03 15:00:00,2,-62.4,-65.84917612207816,3.6037479111959896,3.525430394181651
2021-05-03 15:00:00,4,-57.55,-65.39948983936777,3.6037479111959896,3.6211495695300027
2021-05-03 15:00:00,8,-61.35,-63.66208600128754,3.6037479111959896,3.670077178343277
2021-05-03 18:00:00,1,-62.4,-62.91073820270061,3.6037479111959896,3.8524288739515384
2021-05-03 18:00:00,2,-59.7,-62.62601926759719,3.6037479111959896,3.8399365469210376
2021-05-03 18:00:00,4,-55.4,-62.350553006203675,3.6037479111959896,3.879455530190564
2021-05-03 18:00:00,8,-62.925,-61.410843192873756,3.6037479111959896,3.786765256534243
2021-05-03 21:00:00,1,-59.7,-61.214015291501624,3.6037479111959896,4.0098359589391634
2021-05-03 21:00:00,2,-57.55,-61.064765672985274,3.6037479111959896,3.9114994535509187
2021-05-03 21:00:00,4,-58.2,-61.19805619457945,3.6037479111959896,3.845271948778643
2021-05-03 21:00:00,8,-64.5,-61.319493754391836,3.6037479111959896,3.715352792736576
2021-05-04 00:00:00,1,-57.55,-58.82021415726296,3.6037479111959896,4.035427076503125
2021-05-04 00:00:00,2,-55.4,-58.743933996980914,3.6037479111959896,3.9308399553662468
2021-05-04 00:00:00,4,-59.775000000000006,-59.18739515114017,3.6037479111959896,3.8258541860510777
2021-05-04 00:00:00,8,-66.4,-59.91390944211462,3.6037479111959896,3.6907948332581695
2021-05-04 03:00:00,1,-55.4,-56.671350576732124,3.6037479111959896,3.7785621631566864
2021-05-04 03:00:00,2,-58.2,-56.756468402154006,3.6037479111959896,3.7120139376203607
2021-05-04 03:00:00,4,-61.35,-57.66685022269761,3.6037479111959896,3.6885808335731403
2021-05-04 03:00:00,8,-68.2,-59.56757830587777,3.6037479111959896,3.5578805805056852
2021-05-04 06:00:00,1,-58.2,-56.525802532050434,3.6037479111959896,3.7443409377116117
2021-05-04 06:00:00,2,-59.775000000000006,-56.69442462092773,3.6037479111959896,3.682325938881645
2021-05-04 06:00:00,4,-62.925,-57.9085678574824,3.6037479111959896,3.602343202420222
2021-05-04 06:00:00,8,-67.8,-59.19207120256342,3.6037479111959896,3.5672421943306216
2021-05-04 09:00:00,1,-59.775000000000006,-59.59461654651877,3.6037479111959896,3.386665010318839
2021-05-04 09:00:00,2,-61.35,-59.7521612929297,3.6037479111959896,3.354550917627563
2021-05-04 09:00:00,4,-64.5,-60.50221363073713,3.6037479111959896,3.3840469371292112
2021-05-04 09:00:00,8,-67.3,-61.122986475960126,3.6037479111959896,3.428906680932451
2021-05-04 12:00:00,1,-61.35,-59.802468833534526,3.6037479111959896,3.4565024765622443
2021-05-04 12:00:00,2,-62.925,-60.164983142501356,3.6037479111959896,3.38749140615289
2021-05-04 12:00:00,4,-66.4,-61.10462018523132,3.6037479111959896,3.3836013938699594
2021-05-04 12:00:00,8,-69.1,-61.329026702986745,3.6037479111959896,3.435885223509149
2021-05-04 15:00:00,1,-62.925,-61.73648226118701,3.6037479111959896,3.545296566127083
2021-05-04 15:00:00,2,-64.5,-61.922700785485596,3.6037479111959896,3.467744192563552
2021-05-04 15:00:00,4,-68.2,-62.33824901080233,3.6037479111959896,3.4585005429282023
2021-05-04 15:00:00,8,-70.7,-61.89910870107839,3.6037479111959896,3.516493455438239
2021-05-04 18:00:00,1,-64.5,-63.294900684404396,3.6037479111959896,3.674614057480615
2021-05-04 18:00:00,2,-66.4,-63.27270709241822,3.6037479111959896,3.575409739823826
2021-05-04 18:00:00,4,-67.8,-63.21519598291824,3.6037479111959896,3.5547039586421247
2021-05-04 18:00:00,8,-71.30000000000001,-62.540001536439156,3.6037479111959896,3.5914292454441203
2021-05-04 21:00:00,1,-66.4,-62.67668922019983,3.6037479111959896,3.617541624227433
2021-05-04 21:00:00,2,-68.2,-62.571504721713424,3.6037479111959896,3.5516075003070267
2021-05-04 21:00:00,4,-67.3,-62.54571510928759,3.6037479111959896,3.5616710373843636
2021-05-04 21:00:00,8,-71.9,-62.11130344755915,3.6037479111959896,3.5920472927518996
2021-05-05 00:00:00,1,-68.2,-64.33505049720347,3.6037479111959896,3.771956115219665
2021-05-05 00:00:00,2,-67.8,-64.18165727749526,3.6037479111959896,3.6479375147439903
2021-05-05 00:00:00,4,-69.1,-63.90438039711461,3.6037479111959896,3.6194913392055525
2021-05-05 00:00:00,8,-71.8,-63.556871241759566,3.6037479111959896,3.6082744737314427
2021-05-05 03:00:00,1,-67.8,-65.5986377539268,3.6037479111959896,3.6541906498701966
2021-05-05 03:00:00,2,-67.3,-65.40946445506938,3.6037479111959896,3.539126890381746
2021-05-05 03:00:00,4,-70.7,-65.02696633065183,3.6037479111959896,3.5307900867047715
2021-05-05 03:00:00,8,-71.7,-64.33790151961976,3.6037479111959896,3.566968508612954
2021-05-05 06:00:00,1,-67.3,-65.63692661752219,3.6037479111959896,3.5973769526947454
2021-05-05 06:00:00,2,-69.1,-65.50780851715945,3.6037479111959896,3.514977829882443
2021-05-05 06:00:00,4,-71.30000000000001,-65.3183153158626,3.6037479111959896,3.524652266422688
2021-05-05 06:00:00,8,-73.0,-64.38716793629445,3.6037479111959896,3.575343866098317
2021-05-05 09:00:00,1,-69.1,-65.47030788164679,3.6037479111959896,3.5511803924931895
2021-05-05 09:00:00,2,-70.7,-65.38954692570972,3.6037479111959896,3.5001820186079327
2021-05-05 09:00:00,4,-71.9,-65.31828649582302,3.6037479111959896,3.5293513288250304
2021-05-05 09:00:00,8,-72.8,-64.17903897689865,3.6037479111959896,3.5868296884583803
2021-05-05 12:00:00,1,-70.7,-67.56435466612868,3.6037479111959896,3.4803733524553566
2021-05-05 12:00:00,2,-71.30000000000001,-67.36409285703957,3.6037479111959896,3.4413130425345493
2021-05-05 12:00:00,4,-71.8,-66.90228342467626,3.6037479111959896,3.5134354242761487
2021-05-05 12:00:00,8,-72.0,-65.16676369668411,3.6037479111959896,3.598659492502413
2021-05-05 15:00:00,1,-71.30000000000001,-68.72200522133234,3.6037479111959896,3.4431489756231537
2021-05-05 15:00:00,2,-71.9,-68.41606032707193,3.6037479111959896,3.4173862071332293
2021-05-05 15:00:00,4,-71.7,-67.70918689307709,3.6037479111959896,3.5212338176372238
2021-05-05 15:00:00,8,-74.0,-65.61259962210548,3.6037479111959896,3.621764384303065
2021-05-05 18:00:00,1,-71.9,-69.71317969985657,3.6037479111959896,3.5011619765035737
2021-05-05 18:00:00,2,-71.8,-69.47300069493531,3.6037479111959896,3.4355360164494724
2021-05-05 18:00:00,4,-73.0,-68.7104988205266,3.6037479111959896,3.5030522561655375
2021-05-05 18:00:00,8,-73.1,-66.55267040643125,3.6037479111959896,3.598144133158302
2021-05-05 21:00:00,1,-71.8,-68.4922965367936,3.6037479111959896,3.61039874891677
2021-05-05 21:00:00,2,-71.7,-68.17955875920217,3.6037479111959896,3.558286223622502
2021-05-05 21:00:00,4,-72.8,-67.45392780244111,3.6037479111959896,3.6296958314590846
2021-05-05 21:00:00,8,-72.8,-65.63456193327394,3.6037479111959896,3.6610155237449837
2021-05-06 00:00:00,1,-71.7,-68.07448954087411,3.6037479111959896,3.59172069677269
2021-05-06 00:00:00,2,-73.0,-67.75128000189818,3.6037479111959896,3.5395125151108897
2021-05-06 00:00:00,4,-72.0,-67.07734210914515,3.6037479111959896,3.603509447625821
2021-05-06 00:00:00,8,-71.5,-65.43245708265314,3.6037479111959896,3.637465715196963
2021-05-06 03:00:00,1,-73.0,-67.81820013382284,3.6037479111959896,3.5308922314693065
2021-05-06 03:00:00,2,-72.8,-67.5470583193696,3.6037479111959896,3.482962272847354
2021-05-06 03:00:00,4,-74.0,-67.01582573464336,3.6037479111959896,3.543504418887594
2021-05-06 03:00:00,8,-72.0,-65.42215824150617,3.6037479111959896,3.602951472143611
2021-05-06 06:00:00,1,-72.8,-69.31893885030865,3.6037479111959896,3.5032530865492104
2021-05-06 06:00:00,2,-72.0,-69.06558188228551,3.6037479111959896,3.4415059548744216
2021-05-06 06:00:00,4,-73.1,-68.43636980897,3.6037479111959896,3.5082625955872193
2021-05-06 06:00:00,8,-72.1,-66.509888498664,3.6037479111959896,3.598340258037831
2021-05-06 09:00:00,1,-72.0,-69.48974081493033,3.6037479111959896,3.4895828638580904
2021-05-06 09:00:00,2,-74.0,-69.16524302018477,3.6037479111959896,3.4607435487804206
2021-05-06 09:00:00,4,-72.8,-68.4703716916766,3.6037479111959896,3.5611537251893823
2021-05-06 09:00:00,8,-71.8,-66.28599425711225,3.6037479111959896,3.642833322431374
2021-05-06 12:00:00,1,-74.0,-68.98075009575655,3.6037479111959896,3.5061607148692073
2021-05-06 12:00:00,2,-73.1,-68.62266686787646,3.6037479111959896,3.5082639419212662
2021-05-06 12:00:00,4,-71.5,-67.91020666920738,3.6037479111959896,3.628967704680419
2021-05-06 12:00:00,8,-70.5,-65.62254685876947,3.6037479111959896,3.68385682733332
2021-05-06 15:00:00,1,-73.1,-71.48228486098324,3.6037479111959896,3.480316326543943
2021-05-06 15:00:00,2,-72.8,-71.06210597580561,3.6037479111959896,3.467870561343402
2021-05-06 15:00:00,4,-72.0,-70.01608552094235,3.6037479111959896,3.6064346582686686
2021-05-06 15:00:00,8,-70.9,-67.15625425954262,3.6037479111959896,3.6897521441939656
2021-05-06 18:00:00,1,-72.8,-69.82119432623057,3.6037479111959896,3.51237038073475
2021-05-06 18:00:00,2,-71.5,-69.39983237842783,3.6037479111959896,3.51665304267794
2021-05-06 18:00:00,4,-72.1,-68.55186899962516,3.6037479111959896,3.6498555875394967
2021-05-06 18:00:00,8,-71.5,-66.06413326935349,3.6037479111959896,3.702158025914622
2021-05-06 21:00:00,1,-71.5,-68.72048928724998,3.6037479111959896,3.5396950966697087
2021-05-06 21:00:00,2,-72.0,-68.36472174955082,3.6037479111959896,3.5233150234630894
2021-05-06 21:00:00,4,-71.8,-67.6710723907212,3.6037479111959896,3.6218492233430815
2021-05-06 21:00:00,8,-69.7,-65.59673274930998,3.6037479111959896,3.664438611384392
2021-05-07 00:00:00,1,-72.0,-66.52801774456718,3.6037479111959896,3.382737847214237
2021-05-07 00:00:00,2,-72.1,-65.91762227509903,3.6037479111959896,3.4223233073935857
2021-05-07 00:00:00,4,-70.5,-65.16657204342086,3.6037479111959896,3.5764752199240366
2021-05-07 00:00:00,8,-69.5,-64.16322830318036,3.6037479111959896,3.5855013966206877
2021-05-07 03:00:00,1,-72.1,-66.88840945761831,3.6037479111959896,3.566569603831392
2021-05-07 03:00:00,2,-71.8,-66.57781300896832,3.6037479111959896,3.522767958618675
2021-05-07 03:00:00,4,-70.9,-66.00974553164392,3.6037479111959896,3.5957629614407733
2021-05-07 03:00:00,8,-70.0,-64.45208291396473,3.6037479111959896,3.6491688505352444
2021-05-07 06:00:00,1,-71.8,-67.50627508134781,3.6037479111959896,3.462736509741032
2021-05-07 06:00:00,2,-70.5,-67.16005274076039,3.6037479111959896,3.4448937578977685
2021-05-07 06:00:00,4,-71.5,-66.52553922116256,3.6037479111959896,3.5478269643106692
2021-05-07 06:00:00,8,-71.8,-64.64661385818165,3.6037479111959896,3.6408660217978945
2021-05-07 09:00:00,1,-70.5,-68.1455136464362,3.6037479111959896,3.498541663867215
2021-05-07 09:00:00,2,-70.9,-67.86990040284078,3.6037479111959896,3.4700571411360097
2021-05-07 09:00:00,4,-69.7,-67.32022731578378,3.6037479111959896,3.5570577237972727
2021-05-07 09:00:00,8,-70.0,-65.42202711032604,3.6037479111959896,3.633416705528605
2021-05-07 12:00:00,1,-70.9,-67.45738188418579,3.6037479111959896,3.5018654027179923
2021-05-07 12:00:00,2,-71.5,-67.1457623241304,3.6037479111959896,3.507532522622704
2021-05-07 12:00:00,4,-69.5,-66.618463674808,3.6037479111959896,3.6166119039203006
2021-05-07 12:00:00,8,-70.3,-64.67377674549388,3.6037479111959896,3.66699645945299
2021-05-07 15:00:00,1,-71.5,-68.25144746595191,3.6037479111959896,3.488250952914519
2021-05-07 15:00:00,2,-69.7,-67.93622972395389,3.6037479111959896,3.4816672861147726
2021-05-07 15:00:00,4,-70.0,-67.29886302043678,3.6037479111959896,3.5918034996490857
2021-05-07 15:00:00,8,-67.9,-65.16918313900759,3.6037479111959896,3.6611985851852453
2021-05-07 18:00:00,1,-69.7,-68.14426141571607,3.6037479111959896,3.5333661269455527
2021-05-07 18:00:00,2,-69.5,-67.82073053329871,3.6037479111959896,3.5036053861781826
2021-05-07 18:00:00,4,-71.8,-67.10267924694945,3.6037479111959896,3.5982162886651934
2021-05-07 18:00:00,8,-68.0,-65.09806392731487,3.6037479111959896,3.667492803494943
2021-05-07 21:00:00,1,-69.5,-65.37525650907973,3.6037479111959896,3.633086050552194
2021-05-07 21:00:00,2,-70.0,-65.12483774409264,3.6037479111959896,3.6014647827722936
2021-05-07 21:00:00,4,-70.0,-64.78771965401127,3.6037479111959896,3.6574188923139226
2021-05-07 21:00:00,8,-70.05,-63.58101234792093,3.6037479111959896,3.6645765106489017
2021-05-08 00:00:00,1,-70.0,-65.39587580640337,3.6037479111959896,3.6810591051936883
2021-05-08 00:00:00,2,-71.8,-65.17427275799892,3.6037479111959896,3.6176158059004146
2021-05-08 00:00:00,4,-70.3,-64.87267104370451,3.6037479111959896,3.645435972764642
2021-05-08 00:00:00,8,-72.1,-63.89409020197951,3.6037479111959896,3.6439049243524866
2021-05-08 03:00:00,1,-71.8,-65.79655072978943,3.6037479111959896,3.5142799089745727
2021-05-08 03:00:00,2,-70.0,-65.58568891013965,3.6037479111959896,3.458338489631089
2021-05-08 03:00:00,4,-67.9,-65.28105820968447,3.6037479111959896,3.497074226406266
2021-05-08 03:00:00,8,-72.5,-64.20000411469735,3.6037479111959896,3.565955878789105
2021-05-08 06:00:00,1,-70.0,-67.7521892741472,3.6037479111959896,3.4648461485423643
2021-05-08 06:00:00,2,-70.3,-67.497156420822,3.6037479111959896,3.406627505133806
2021-05-08 06:00:00,4,-68.0,-66.97521685786107,3.6037479111959896,3.469089246926631
2021-05-08 06:00:00,8,-73.6,-65.41120662646252,3.6037479111959896,3.571770748857937
2021-05-08 09:00:00,1,-70.3,-66.2087061159456,3.6037479111959896,3.4839923250335727
2021-05-08 09:00:00,2,-67.9,-65.90119341153158,3.6037479111959896,3.478344107125678
2021-05-08 09:00:00,4,-70.05,-65.51697184874664,3.6037479111959896,3.569245286121686
2021-05-08 09:00:00,8,-74.0,-63.997288279237274,3.6037479111959896,3.6345711269886634
2021-05-08 12:00:00,1,-67.9,-67.49913203453579,3.6037479111959896,3.4822969038973315
2021-05-08 12:00:00,2,-68.0,-67.18947656017835,3.6037479111959896,3.4806626543149646
2021-05-08 12:00:00,4,-72.1,-66.68372377245235,3.6037479111959896,3.585505562258209
2021-05-08 12:00:00,8,-72.8,-64.75688509365546,3.6037479111959896,3.6500679617378693
2021-05-08 15:00:00,1,-68.0,-65.431346070127,3.6037479111959896,3.555971315534154
2021-05-08 15:00:00,2,-70.05,-65.14921661558061,3.6037479111959896,3.571295462946782
2021-05-08 15:00:00,4,-72.5,-64.82880406144676,3.6037479111959896,3.6641048805012355
2021-05-08 15:00:00,8,-70.5,-63.27498747805067,3.6037479111959896,3.685611647128107
2021-05-08 18:00:00,1,-70.05,-65.92645129422701,3.6037479111959896,3.5688456015327796
2021-05-08 18:00:00,2,-72.1,-65.70238845544367,3.6037479111959896,3.55299227818951
2021-05-08 18:00:00,4,-73.6,-65.42988201211591,3.6037479111959896,3.6221954578038225
2021-05-08 18:00:00,8,-69.9,-63.95951529435051,3.6037479111959896,3.6467229481431427
2021-05-08 21:00:00,1,-72.1,-67.99785417360414,3.6037479111959896,3.4632178841479884
2021-05-08 21:00:00,2,-72.5,-67.85586936656709,3.6037479111959896,3.359273230952295
2021-05-08 21:00:00,4,-74.0,-67.36409862104749,3.6037479111959896,3.369363791353361
2021-05-08 21:00:00,8,-69.9,-65.85875446223542,3.6037479111959896,3.48843389438442
2021-05-09 00:00:00,1,-72.5,-68.25850117064121,3.6037479111959896,3.4324079492568615
2021-05-09 00:00:00,2,-73.6,-67.89015800866758,3.6037479111959896,3.375902455937836
2021-05-09 00:00:00,4,-72.8,-67.17820792469922,3.6037479111959896,3.449420839455656
2021-05-09 00:00:00,8,-70.2,-65.58797866228495,3.6037479111959896,3.55383214736156
2021-05-09 03:00:00,1,-73.6,-68.49733139770973,3.6037479111959896,3.4607412160234086
2021-05-09 03:00:00,2,-74.0,-68.09661324426429,3.6037479111959896,3.4240637040850186
2021-05-09 03:00:00,4,-70.5,-67.35668034285739,3.6037479111959896,3.515183832321662
2021-05-09 03:00:00,8,-67.0,-65.58742243552089,3.6037479111959896,3.6031877604338667
2021-05-09 06:00:00,1,-74.0,-70.12871567665647,3.6037479111959896,3.4990655611019896
2021-05-09 06:00:00,2,-72.8,-69.77099125826926,3.6037479111959896,3.4499912185401502
2021-05-09 06:00:00,4,-69.9,-68.92135631717045,3.6037479111959896,3.5432301933033035
2021-05-09 06:00:00,8,-67.0,-66.6661248152776,3.6037479111959896,3.641937237147845
2021-05-09 09:00:00,1,-72.8,-71.21349043875449,3.6037479111959896,3.488290356512962
2021-05-09 09:00:00,2,-70.5,-70.78496382911003,3.6037479111959896,3.4619398665564143
2021-05-09 09:00:00,4,-69.9,-69.76927646591375,3.6037479111959896,3.588789017727899
2021-05-09 09:00:00,8,-67.7,-67.05919413021623,3.6037479111959896,3.688274202661443
2021-05-09 12:00:00,1,-70.5,-70.01070337854918,3.6037479111959896,3.511265853614668
2021-05-09 12:00:00,2,-69.9,-69.51756079914517,3.6037479111959896,3.539269161899398
2021-05-09 12:00:00,4,-70.2,-68.44869325789807,3.6037479111959896,3.713250725398003
2021-05-09 12:00:00,8,-66.9,-65.59723421799883,3.6037479111959896,3.7717285714356943
2021-05-09 15:00:00,1,-69.9,-68.4971224524227,3.6037479111959896,3.677395370340922
2021-05-09 15:00:00,2,-69.9,-68.00918189016443,3.6037479111959896,3.7090236497218987
2021-05-09 15:00:00,4,-67.0,-67.03606172544046,3.6037479111959896,3.865023575689766
2021-05-09 15:00:00,8,-66.5,-64.56095421601552,3.6037479111959896,3.8337239751067598
2021-05-09 18:00:00,1,-69.9,-67.93439532843406,3.6037479111959896,3.72721004999813
2021-05-09 18:00:00,2,-70.2,-67.51404208201693,3.6037479111959896,3.7178289409895933
2021-05-09 18:00:00,4,-67.0,-66.64910946390451,3.6037479111959896,3.8316587519989365
2021-05-09 18:00:00,8,-64.1,-64.48589386390906,3.6037479111959896,3.806452072790553
2021-05-09 21:00:00,1,-70.2,-67.37820314842213,3.6037479111959896,3.739352116895789
2021-05-09 21:00:00,2,-67.0,-66.98828962781845,3.6037479111959896,3.6959820184002523
2021-05-09 21:00:00,4,-67.7,-66.12336277371394,3.6037479111959896,3.786078012988468
2021-05-09 21:00:00,8,-63.8,-64.28908109305772,3.6037479111959896,3.779180277114666
2021-05-10 00:00:00,1,-67.0,-66.78140353262991,3.6037479111959896,3.737944464664548
2021-05-10 00:00:00,2,-67.0,-66.3372593435324,3.6037479111959896,3.683634695545617
2021-05-10 00:00:00,4,-66.9,-65.39942931728464,3.6037479111959896,3.770690267954673
2021-05-10 00:00:00,8,-65.1,-63.88284678403502,3.6037479111959896,3.7693170605469692
2021-05-10 03:00:00,1,-67.0,-63.78652660922506,3.6037479111959896,3.8195107399034067
2021-05-10 03:00:00,2,-67.7,-63.35552219667697,3.6037479111959896,3.8064993144525556
2021-05-10 03:00:00,4,-66.5,-62.805485977121165,3.6037479111959896,3.8832228661147434
2021-05-10 03:00:00,8,-66.1,-61.8423404280988,3.6037479111959896,3.813339944434704
2021-05-10 06:00:00,1,-67.7,-66.04447800235408,3.6037479111959896,3.79962032061509
2021-05-10 06:00:00,2,-66.9,-65.8243130739251,3.6037479111959896,3.7127407047349394
2021-05-10 06:00:00,4,-64.1,-65.41771275039963,3.6037479111959896,3.728771290951041
2021-05-10 06:00:00,8,-67.4,-64.24554554125521,3.6037479111959896,3.7095592640618937
2021-05-10 09:00:00,1,-66.9,-66.81526707914648,3.6037479111959896,3.543594399990567
2021-05-10 09:00:00,2,-66.5,-66.63133614549024,3.6037479111959896,3.489839147208449
2021-05-10 09:00:00,4,-63.8,-66.21125092544126,3.6037479111959896,3.5431273120540543
2021-05-10 09:00:00,8,-69.0,-64.59684309081418,3.6037479111959896,3.6294900822906264
2021-05-10 12:00:00,1,-66.5,-65.80968546283192,3.6037479111959896,3.5498803936655423
2021-05-10 12:00:00,2,-64.1,-65.50470459889576,3.6037479111959896,3.5678976890534635
2021-05-10 12:00:00,4,-65.1,-64.97453403262834,3.6037479111959896,3.676998055166638
2021-05-10 12:00:00,8,-68.2,-63.04436880076193,3.6037479111959896,3.7215947839492847
2021-05-10 15:00:00,1,-64.1,-65.83702271138367,3.6037479111959896,3.6029332866364476
2021-05-10 15:00:00,2,-63.8,-65.54482209400305,3.6037479111959896,3.5976021903817843
2021-05-10 15:00:00,4,-66.1,-65.0035154644386,3.6037479111959896,3.684814377431606
2021-05-10 15:00:00,8,-65.6,-63.254002166224254,3.6037479111959896,3.717314428103027
2021-05-10 18:00:00,1,-63.8,-63.44830831413238,3.6037479111959896,3.7950792025250104
2021-05-10 18:00:00,2,-65.1,-63.1944714924501,3.6037479111959896,3.78781637018377
2021-05-10 18:00:00,4,-67.4,-62.929210407074905,3.6037479111959896,3.828124051934034
2021-05-10 18:00:00,8,-69.1,-61.92810021990252,3.6037479111959896,3.742888256605019
2021-05-10 21:00:00,1,-65.1,-62.806052290899075,3.6037479111959896,3.939018601450318
2021-05-10 21:00:00,2,-66.1,-62.5177856089223,3.6037479111959896,3.9045065145309468
2021-05-10 21:00:00,4,-69.0,-62.246053704158484,3.6037479111959896,3.9189406551583166
2021-05-10 21:00:00,8,-68.94999999999999,-61.61256185496406,3.6037479111959896,3.7786665906905834
2021-05-11 00:00:00,1,-66.1,-64.06945509936904,3.6037479111959896,3.811779050062835
2021-05-11 00:00:00,2,-67.4,-63.86127498440297,3.6037479111959896,3.6976686683701283
2021-05-11 00:00:00,4,-68.2,-63.468287086076174,3.6037479111959896,3.6828926522051204
2021-05-11 00:00:00,8,-68.8,-62.93996388434639,3.6037479111959896,3.671597162822176
2021-05-11 03:00:00,1,-67.4,-64.98869043607425,3.6037479111959896,3.688623876272522
2021-05-11 03:00:00,2,-69.0,-64.71342591495787,3.6037479111959896,3.602277115414072
2021-05-11 03:00:00,4,-65.6,-64.25213380230517,3.6037479111959896,3.6200840061170414
2021-05-11 03:00:00,8,-69.5,-63.43282474786342,3.6037479111959896,3.647976785042032
2021-05-11 06:00:00,1,-69.0,-66.54118273865124,3.6037479111959896,3.550889451038653
2021-05-11 06:00:00,2,-68.2,-66.27686695057454,3.6037479111959896,3.4895395545579078
2021-05-11 06:00:00,4,-69.1,-65.78418549180395,3.6037479111959896,3.538065242668055
2021-05-11 06:00:00,8,-69.1,-64.39342404638813,3.6037479111959896,3.6217557397720808
2021-05-11 09:00:00,1,-68.2,-68.19440107959029,3.6037479111959896,3.491511027493929
2021-05-11 09:00:00,2,-65.6,-67.8695142143103,3.6037479111959896,3.451009073739706
2021-05-11 09:00:00,4,-68.94999999999999,-67.18732226221911,3.6037479111959896,3.536832520552634
2021-05-11 09:00:00,8,-66.9,-65.2648541424258,3.6037479111959896,3.63777421231427
2021-05-11 12:00:00,1,-65.6,-67.47541746496033,3.6037479111959896,3.5054447584171244
2021-05-11 12:00:00,2,-69.1,-67.10763917576264,3.6037479111959896,3.5091040010463876
2021-05-11 12:00:00,4,-68.8,-66.47404933843362,3.6037479111959896,3.6230371831839525
2021-05-11 12:00:00,8,-66.5,-64.47733143014729,3.6037479111959896,3.6860770254869806
2021-05-11 15:00:00,1,-69.1,-64.83894151037204,3.6037479111959896,3.795483316019729
2021-05-11 15:00:00,2,-68.94999999999999,-64.56249824963648,3.6037479111959896,3.841611013234291
2021-05-11 15:00:00,4,-69.5,-64.13481030314404,3.6037479111959896,3.937727080528154
2021-05-11 15:00:00,8,-64.2,-62.558130782342346,3.6037479111959896,3.772023965123614
2021-05-11 18:00:00,1,-68.94999999999999,-68.92294574235376,3.6037479111959896,3.6407148858035967
2021-05-11 18:00:00,2,-68.8,-68.63461709729187,3.6037479111959896,3.5956184138187797
2021-05-11 18:00:00,4,-69.1,-67.85675702378641,3.6037479111959896,3.682647472778139
2021-05-11 18:00:00,8,-63.1,-65.67414337564489,3.6037479111959896,3.70541198200564
2021-05-11 21:00:00,1,-68.8,-67.41135195795691,3.6037479111959896,3.77127089783998
2021-05-11 21:00:00,2,-69.5,-67.13008422259422,3.6037479111959896,3.6949855979051267
2021-05-11 21:00:00,4,-66.9,-66.45115902199039,3.6037479111959896,3.7506066963857627
2021-05-11 21:00:00,8,-63.2,-65.0004201921868,3.6037479111959896,3.715530735441451
2021-05-12 00:00:00,1,-69.5,-65.95048432523991,3.6037479111959896,3.776469506826402
2021-05-12 00:00:00,2,-69.1,-65.46447614663604,3.6037479111959896,3.7410491243067985
2021-05-12 00:00:00,4,-66.5,-64.5476602522543,3.6037479111959896,3.836571751546849
2021-05-12 00:00:00,8,-63.5,-63.3034321366236,3.6037479111959896,3.78991969054611
2021-05-12 03:00:00,1,-69.1,-66.56800266749237,3.6037479111959896,3.675260644404181
2021-05-12 03:00:00,2,-66.9,-66.11450493454639,3.6037479111959896,3.6384017906006982
2021-05-12 03:00:00,4,-64.2,-65.22334319840441,3.6037479111959896,3.7336411011691313
2021-05-12 03:00:00,8,-61.8,-63.74458696711478,3.6037479111959896,3.7437124129923385
2021-05-12 06:00:00,1,-66.9,-66.3684728874088,3.6037479111959896,3.550014920429914
2021-05-12 06:00:00,2,-66.5,-65.98815499898613,3.6037479111959896,3.5408600755215014
2021-05-12 06:00:00,4,-63.1,-65.31731237848493,3.6037479111959896,3.643586043133966
2021-05-12 06:00:00,8,-63.2,-63.56463752192769,3.6037479111959896,3.7042207429749126
2021-05-12 09:00:00,1,-66.5,-65.4510575362036,3.6037479111959896,3.5918985195072044
2021-05-12 09:00:00,2,-64.2,-65.12485215411245,3.6037479111959896,3.583048159374038
2021-05-12 09:00:00,4,-63.2,-64.66206139940113,3.6037479111959896,3.666185059914016
2021-05-12 09:00:00,8,-63.6,-63.08584299923285,3.6037479111959896,3.715785739107963
2021-05-12 12:00:00,1,-64.2,-66.09913232542985,3.6037479111959896,3.5572449208824657
2021-05-12 12:00:00,2,-63.1,-65.7734572320671,3.6037479111959896,3.558743390676694
2021-05-12 12:00:00,4,-63.5,-65.28731504027915,3.6037479111959896,3.6561467266099386
2021-05-12 12:00:00,8,-64.4,-63.47609803730566,3.6037479111959896,3.7057711066151278
2021-05-12 15:00:00,1,-63.1,-64.26549189065446,3.6037479111959896,3.6388238863194697
2021-05-12 15:00:00,2,-63.2,-63.97560840445677,3.6037479111959896,3.6447242819253813
2021-05-12 15:00:00,4,-61.8,-63.64446687008507,3.6037479111959896,3.722874467795868
2021-05-12 15:00:00,8,-67.6,-62.28740109445522,3.6037479111959896,3.727335299054614
2021-05-12 18:00:00,1,-63.2,-63.53050306703899,3.6037479111959896,3.7662342755004716
2021-05-12 18:00:00,2,-63.5,-63.29864440754695,3.6037479111959896,3.732133993508939
2021-05-12 18:00:00,4,-63.2,-63.120316810087715,3.6037479111959896,3.7584491321992246
2021-05-12 18:00:00,8,-67.7,-62.17083195983033,3.6037479111959896,3.7270009283295344
2021-05-12 21:00:00,1,-63.5,-63.23193033890534,3.6037479111959896,3.7497155565470988
2021-05-12 21:00:00,2,-61.8,-63.097140454751575,3.6037479111959896,3.6705325725021396
2021-05-12 21:00:00,4,-63.6,-62.97173581648982,3.6037479111959896,3.666336089267993
2021-05-12 21:00:00,8,-70.8,-62.41378561406299,3.6037479111959896,3.653830712128265
2021-05-13 00:00:00,1,-61.8,-62.67118459263842,3.6037479111959896,3.6941099075829023
2021-05-13 00:00:00,2,-63.2,-62.51472347971602,3.6037479111959896,3.6099211469111534
2021-05-13 00:00:00,4,-64.4,-62.397804181610134,3.6037479111959896,3.602056446598267
2021-05-13 00:00:00,8,-73.0,-62.18732566848687,3.6037479111959896,3.6055260594100247
2021-05-13 03:00:00,1,-63.2,-59.7271887286262,3.6037479111959896,3.761689878220535
2021-05-13 03:00:00,2,-63.6,-59.51167823659078,3.6037479111959896,3.734060877460931
2021-05-13 03:00:00,4,-67.6,-59.63204729343542,3.6037479111959896,3.7696656410947624
2021-05-13 03:00:00,8,-75.2,-60.115816154963255,3.6037479111959896,3.6785334225117765
2021-05-13 06:00:00,1,-63.6,-63.531110449373315,3.6037479111959896,3.5795136592597365
2021-05-13 06:00:00,2,-64.4,-63.39737249666453,3.6037479111959896,3.5332631523860227
2021-05-13 06:00:00,4,-67.7,-63.312957880208614,3.6037479111959896,3.561522434097679
2021-05-13 06:00:00,8,-74.6,-62.52059988578813,3.6037479111959896,3.6026362233610096
2021-05-13 09:00:00,1,-64.4,-64.08453374408178,3.6037479111959896,3.516074292328283
2021-05-13 09:00:00,2,-67.6,-63.8894955671681,3.6037479111959896,3.500952748194657
2021-05-13 09:00:00,4,-70.8,-63.71586203365685,3.6037479111959896,3.5677904188885217
2021-05-13 09:00:00,8,-75.0,-62.655277371787506,3.6037479111959896,3.62160980915843
2021-05-13 12:00:00,1,-67.6,-65.03076048886368,3.6037479111959896,3.542402134546754
2021-05-13 12:00:00,2,-67.7,-64.83106211154852,3.6037479111959896,3.534880632777983
2021-05-13 12:00:00,4,-73.0,-64.52246865564993,3.6037479111959896,3.609787696547517
2021-05-13 12:00:00,8,-72.2,-62.9699367255185,3.6037479111959896,3.6614179843147343
2021-05-13 15:00:00,1,-67.7,-67.6794013821623,3.6037479111959896,3.4974953090419922
2021-05-13 15:00:00,2,-70.8,-67.38531305218864,3.6037479111959896,3.475750187968655
2021-05-13 15:00:00,4,-75.2,-66.68891282058028,3.6037479111959896,3.57716984831201
2021-05-13 15:00:00,8,-72.5,-64.55490705120884,3.6037479111959896,3.6700893086797395
2021-05-13 18:00:00,1,-70.8,-66.67345663334893,3.6037479111959896,3.605202592657721
2021-05-13 18:00:00,2,-73.0,-66.33220286758659,3.6037479111959896,3.5942528845141553
2021-05-13 18:00:00,4,-74.6,-65.7224342339795,3.6037479111959896,3.6913602135776378
2021-05-13 18:00:00,8,-72.9,-63.93710987507337,3.6037479111959896,3.715499236556769
2021-05-13 21:00:00,1,-73.0,-69.43925675158303,3.6037479111959896,3.7684972897428324
2021-05-13 21:00:00,2,-75.2,-69.07648594426385,3.6037479111959896,3.6627233284884486
2021-05-13 21:00:00,4,-75.0,-67.98591259020063,3.6037479111959896,3.71421634017053
2021-05-13 21:00:00,8,-72.8,-66.0309570807811,3.6037479111959896,3.736135978128445
2021-05-14 00:00:00,1,-75.2,-71.30824784691775,3.6037479111959896,3.6303105229292765
2021-05-14 00:00:00,2,-74.6,-70.86876097621776,3.6037479111959896,3.492192019250912
2021-05-14 00:00:00,4,-72.2,-69.53062492309067,3.6037479111959896,3.5370375898890485
2021-05-14 00:00:00,8,-74.0,-67.46217897977532,3.6037479111959896,3.621507497768394
2021-05-14 03:00:00,1,-74.6,-71.14440880386067,3.6037479111959896,3.6517233127736644
2021-05-14 03:00:00,2,-75.0,-70.59793041819208,3.6037479111959896,3.5505083318630524
2021-05-14 03:00:00,4,-72.5,-69.20531152122477,3.6037479111959896,3.637587445122869
2021-05-14 03:00:00,8,-72.5,-67.13641310328788,3.6037479111959896,3.6851436694114197
2021-05-14 06:00:00,1,-75.0,-70.84794282062096,3.6037479111959896,3.567382069773571
2021-05-14 06:00:00,2,-72.2,-70.24742974272773,3.6037479111959896,3.547931075256115
2021-05-14 06:00:00,4,-72.9,-68.85045757878058,3.6037479111959896,3.7125022036580324
2021-05-14 06:00:00,8,-71.4,-66.1998237797444,3.6037479111959896,3.7713860693861725
2021-05-14 09:00:00,1,-72.2,-71.62727415714741,3.6037479111959896,3.590581244947628
2021-05-14 09:00:00,2,-72.5,-71.23512420147165,3.6037479111959896,3.5283619899136913
2021-05-14 09:00:00,4,-72.8,-70.0959588196601,3.6037479111959896,3.636362091187096
2021-05-14 09:00:00,8,-73.2,-67.34465662234103,3.6037479111959896,3.72001925319342
2021-05-14 12:00:00,1,-72.5,-69.42163617937857,3.6037479111959896,3.598981036396437
2021-05-14 12:00:00,2,-72.9,-69.02879021974675,3.6037479111959896,3.59308927865649
2021-05-14 12:00:00,4,-74.0,-68.12927499513,3.6037479111959896,3.7228439286740707
2021-05-14 12:00:00,8,-72.6,-65.57013617577567,3.6037479111959896,3.7672632746135246
2021-05-14 15:00:00,1,-72.9,-70.65642501154302,3.6037479111959896,3.665375513250612
2021-05-14 15:00:00,2,-72.8,-70.15238413416859,3.6037479111959896,3.6434600609252783
2021-05-14 15:00:00,4,-72.5,-68.91944843054968,3.6037479111959896,3.7833185747239133
2021-05-14 15:00:00,8,-71.7,-66.09165352515662,3.6037479111959896,3.8124069216101444
2021-05-14 18:00:00,1,-72.8,-70.15929950266786,3.6037479111959896,3.623030294885747
2021-05-14 18:00:00,2,-74.0,-69.70428439463755,3.6037479111959896,3.5867667606717264
2021-05-14 18:00:00,4,-71.4,-68.52720336874329,3.6037479111959896,3.709525885641562
2021-05-14 18:00:00,8,-71.4,-65.9242580892143,3.6037479111959896,3.764623620089026
2021-05-14 21:00:00,1,-74.0,-69.17745551196043,3.6037479111959896,3.777737620198205
2021-05-14 21:00:00,2,-72.5,-68.6052782969907,3.6037479111959896,3.743546134072523
2021-05-14 21:00:00,4,-73.2,-67.25510987733539,3.6037479111959896,3.8823238615524387
2021-05-14 21:00:00,8,-70.0,-64.89115477609465,3.6037479111959896,3.8737911696041465
2021-05-15 00:00:00,1,-72.5,-69.23108672363081,3.6037479111959896,3.734463511321202
2021-05-15 00:00:00,2,-71.4,-68.62572323307484,3.6037479111959896,3.685946764335431
2021-05-15 00:00:00,4,-72.6,-67.22435313108646,3.6037479111959896,3.8189193660058045
2021-05-15 00:00:00,8,-71.9,-65.1216819497577,3.6037479111959896,3.824090835030647
2021-05-15 03:00:00,1,-71.4,-68.24520360437504,3.6037479111959896,3.7105007381318567
2021-05-15 03:00:00,2,-73.2,-67.73100942705355,3.6037479111959896,3.662763611869536
2021-05-15 03:00:00,4,-71.7,-66.6581531923274,3.6037479111959896,3.7596261880673194
2021-05-15 03:00:00,8,-72.0,-64.720491147663,3.6037479111959896,3.780500830864099
2021-05-15 06:00:00,1,-73.2,-68.18144214878929,3.6037479111959896,3.6594384733645513
2021-05-15 06:00:00,2,-72.6,-67.72736513304758,3.6037479111959896,3.626535015690535
2021-05-15 06:00:00,4,-71.4,-66.80980712264642,3.6037479111959896,3.726773424535684
2021-05-15 06:00:00,8,-67.5,-64.72714137179807,3.6037479111959896,3.766305031353155
2021-05-15 09:00:00,1,-72.6,-70.54669271080954,3.6037479111959896,3.4890814677309514
2021-05-15 09:00:00,2,-71.7,-70.03519464819155,3.6037479111959896,3.466682561512411
2021-05-15 09:00:00,4,-70.0,-68.8182266875067,3.6037479111959896,3.6090833105702136
2021-05-15 09:00:00,8,-66.45,-66.03191678809941,3.6037479111959896,3.730629738477321
2021-05-15 12:00:00,1,-71.7,-69.80862878896995,3.6037479111959896,3.4543534075023894
2021-05-15 12:00:00,2,-71.4,-69.22449413957492,3.6037479111959896,3.475618380532457
2021-05-15 12:00:00,4,-71.9,-68.0075031228584,3.6037479111959896,3.6519635734158604
2021-05-15 12:00:00,8,-65.4,-65.10762929845431,3.6037479111959896,3.7706372677153603
2021-05-15 15:00:00,1,-71.4,-68.21550023057308,3.6037479111959896,3.6229813469786154
2021-05-15 15:00:00,2,-70.0,-67.66904922394208,3.6037479111959896,3.650706723927915
2021-05-15 15:00:00,4,-72.0,-66.56454426274173,3.6037479111959896,3.8114099945734963
2021-05-15 15:00:00,8,-63.0,-63.940387434075575,3.6037479111959896,3.8448220599263285
2021-05-15 18:00:00,1,-70.0,-67.82375231444958,3.6037479111959896,3.7145592021311336
2021-05-15 18:00:00,2,-71.9,-67.30261394858923,3.6037479111959896,3.711181409967878
2021-05-15 18:00:00,4,-67.5,-66.20371736709282,3.6037479111959896,3.8452946631669196
2021-05-15 18:00:00,8,-61.4,-63.86693596067916,3.6037479111959896,3.852196664653544
2021-05-15 21:00:00,1,-71.9,-65.28199486097111,3.6037479111959896,3.777012572658795
2021-05-15 21:00:00,2,-72.0,-64.7831718517642,3.6037479111959896,3.7458495383362918
2021-05-15 21:00:00,4,-66.45,-63.853464753674466,3.6037479111959896,3.8414688083668396
2021-05-15 21:00:00,8,-59.8,-62.233045058789195,3.6037479111959896,3.8454063422426144
2021-05-16 00:00:00,1,-72.0,-66.41318429682651,3.6037479111959896,3.6873521104697398
2021-05-16 00:00:00,2,-67.5,-65.92642823819533,3.6037479111959896,3.6146794913341904
2021-05-16 00:00:00,4,-65.4,-64.89536682488051,3.6037479111959896,3.6972320962278427
2021-05-16 00:00:00,8,-55.7,-63.26579748792686,3.6037479111959896,3.7633467622109382
2021-05-16 03:00:00,1,-67.5,-66.37003349255252,3.6037479111959896,3.606454176779839
2021-05-16 03:00:00,2,-66.45,-65.79106339425176,3.6037479111959896,3.5656958596950172
2021-05-16 03:00:00,4,-63.0,-64.70530154579785,3.6037479111959896,3.6798623741864525
2021-05-16 03:00:00,8,-55.0,-62.988909678080645,3.6037479111959896,3.7672731788332956
2021-05-16 06:00:00,1,-66.45,-62.0999382649474,3.6037479111959896,3.8462703154596185
2021-05-16 06:00:00,2,-65.4,-61.56378105595645,3.6037479111959896,3.838393621443181
2021-05-16 06:00:00,4,-61.4,-60.99855307303251,3.6037479111959896,3.9089469641584285
2021-05-16 06:00:00,8,-56.8,-59.93750440852579,3.6037479111959896,3.8877032258821904
2021-05-16 09:00:00,1,-65.4,-61.20224230532969,3.6037479111959896,3.8858414725059736
2021-05-16 09:00:00,2,-63.0,-60.940270306972536,3.6037479111959896,3.8347091983682278
2021-05-16 09:00:00,4,-59.8,-60.86076014075361,3.6037479111959896,3.8444977667115405
2021-05-16 09:00:00,8,-54.4,-60.15033895988541,3.6037479111959896,3.7947262097339545
2021-05-16 12:00:00,1,-63.0,-62.56034199987978,3.6037479111959896,3.693665697327657
2021-05-16 12:00:00,2,-61.4,-62.17125849641624,3.6037479111959896,3.695117058760283
2021-05-16 12:00:00,4,-55.7,-61.706819955941455,3.6037479111959896,3.7743369003660314
2021-05-16 12:00:00,8,-53.6,-60.308147409658574,3.6037479111959896,3.8095135830931013
2021-05-16 15:00:00,1,-61.4,-60.24609498242042,3.6037479111959896,4.045152727057314
2021-05-16 15:00:00,2,-59.8,-59.83176368327532,3.6037479111959896,4.038541507064746
2021-05-16 15:00:00,4,-55.0,-59.558468291363816,3.6037479111959896,4.051064706468045
2021-05-16 15:00:00,8,-53.2,-59.01981454644351,3.6037479111959896,3.8865476980288065
2021-05-16 18:00:00,1,-59.8,-57.431358436964935,3.6037479111959896,4.2972097082316605
2021-05-16 18:00:00,2,-55.7,-57.2232035395335,3.6037479111959896,4.199594251370804
2021-05-16 18:00:00,4,-56.8,-57.37361172364131,3.6037479111959896,4.096234027121837
2021-05-16 18:00:00,8,-54.9,-57.8228422894757,3.6037479111959896,3.8828080352678094
2021-05-16 21:00:00,1,-55.7,-56.795306287503564,3.6037479111959896,4.3466220872795995
2021-05-16 21:00:00,2,-55.0,-56.51415239129725,3.6037479111959896,4.253024997657493
2021-05-16 21:00:00,4,-54.4,-56.58068165143499,3.6037479111959896,4.142691616168016
2021-05-16 21:00:00,8,-53.8,-57.189564429075226,3.6037479111959896,3.932384320488431
2021-05-17 00:00:00,1,-55.0,-52.787943141768416,3.6037479111959896,4.649815181643231
2021-05-17 00:00:00,2,-56.8,-52.61506969177,3.6037479111959896,4.578318818573372
2021-05-17 00:00:00,4,-53.6,-53.04035346155369,3.6037479111959896,4.441237805243585
2021-05-17 00:00:00,8,-50.6,-54.57628824610524,3.6037479111959896,4.042530334934704
2021-05-17 03:00:00,1,-56.8,-53.73039864927621,3.6037479111959896,4.31265853150905
2021-05-17 03:00:00,2,-54.4,-53.58452935121573,3.6037479111959896,4.232075186764767
2021-05-17 03:00:00,4,-53.2,-54.105378525991334,3.6037479111959896,4.108731046326442
2021-05-17 03:00:00,8,-51.6,-55.75905726706281,3.6037479111959896,3.8491713320797416
2021-05-17 06:00:00,1,-54.4,-55.57748885615184,3.6037479111959896,3.950192987419239
2021-05-17 06:00:00,2,-53.6,-55.54351219097988,3.6037479111959896,3.8506785863703747
2021-05-17 06:00:00,4,-54.9,-55.906212028951565,3.6037479111959896,3.7673832049840215
2021-05-17 06:00:00,8,-53.2,-56.54427905943067,3.6037479111959896,3.7393347211934995
2021-05-17 09:00:00,1,-53.6,-53.697054043597475,3.6037479111959896,4.010531653730342
2021-05-17 09:00:00,2,-53.2,-53.847568411538646,3.6037479111959896,3.9487259365294527
2021-05-17 09:00:00,4,-53.8,-54.80437868542108,3.6037479111959896,3.8713833378064804
2021-05-17 09:00:00,8,-54.4,-55.0235875090367,3.6037479111959896,3.8667255018855604
2021-05-17 12:00:00,1,-53.2,-52.69128171967721,3.6037479111959896,4.195305550919463
2021-05-17 12:00:00,2,-54.9,-53.308180836360314,3.6037479111959896,4.080356563076004
2021-05-17 12:00:00,4,-50.6,-54.80727401864824,3.6037479111959896,3.9355369816049683
2021-05-17 12:00:00,8,-56.55,-53.500858652031695,3.6037479111959896,3.9967175732468028
2021-05-17 15:00:00,1,-54.9,-52.27201327756271,3.6037479111959896,4.265717915130947
2021-05-17 15:00:00,2,-53.8,-52.76210683187219,3.6037479111959896,4.155909790540331
2021-05-17 15:00:00,4,-51.6,-53.991049789193966,3.6037479111959896,4.015735114851349
2021-05-17 15:00:00,8,-58.7,-53.335031116305636,3.6037479111959896,3.971230350015136
2021-05-17 18:00:00,1,-53.8,-53.55957813175405,3.6037479111959896,4.194522277765034
2021-05-17 18:00:00,2,-50.6,-53.59821706876783,3.6037479111959896,4.09947898543581
2021-05-17 18:00:00,4,-53.2,-53.98422520381939,3.6037479111959896,3.9823233960795585
2021-05-17 18:00:00,8,-60.7,-54.567784172923645,3.6037479111959896,3.86784517193116
2021-05-17 21:00:00,1,-50.6,-52.221650618632175,3.6037479111959896,4.417075987895935
2021-05-17 21:00:00,2,-51.6,-52.22451172806233,3.6037479111959896,4.342600894072354
2021-05-17 21:00:00,4,-54.4,-52.508737570300916,3.6037479111959896,4.237529945801147
2021-05-17 21:00:00,8,-59.2,-53.510479771935216,3.6037479111959896,3.97445435350612
2021-05-18 00:00:00,1,-51.6,-50.22695304015232,3.6037479111959896,4.470516331811474
2021-05-18 00:00:00,2,-53.2,-50.26880442089136,3.6037479111959896,4.424263118939626
2021-05-18 00:00:00,4,-56.55,-50.67633347019257,3.6037479111959896,4.356186391028798
2021-05-18 00:00:00,8,-61.0,-52.11394720365441,3.6037479111959896,4.03718936112035
2021-05-18 03:00:00,1,-53.2,-50.804789790396256,3.6037479111959896,4.25277172689619
2021-05-18 03:00:00,2,-54.4,-50.72753785440434,3.6037479111959896,4.214588307001215
2021-05-18 03:00:00,4,-58.7,-51.14100112998209,3.6037479111959896,4.151608026649723
2021-05-18 03:00:00,8,-57.2,-52.90004881779333,3.6037479111959896,3.921741696477925
2021-05-18 06:00:00,1,-54.4,-53.31952814154126,3.6037479111959896,3.896152978321176
2021-05-18 06:00:00,2,-56.55,-53.310872628057886,3.6037479111959896,3.8242024874462612
2021-05-18 06:00:00,4,-60.7,-54.03108172480873,3.6037479111959896,3.7242502612313446
2021-05-18 06:00:00,8,-55.95,-55.27618795102064,3.6037479111959896,3.700392715378301
2021-05-18 09:00:00,1,-56.55,-55.48909779473369,3.6037479111959896,3.705821400856306
2021-05-18 09:00:00,2,-58.7,-55.63207076887814,3.6037479111959896,3.630609169146973
2021-05-18 09:00:00,4,-59.2,-56.19146341428638,3.6037479111959896,3.5949709637751193
2021-05-18 09:00:00,8,-54.7,-56.124631903983456,3.6037479111959896,3.6928779319497247
2021-05-18 12:00:00,1,-58.7,-57.615698254932845,3.6037479111959896,3.597257942097013
2021-05-18 12:00:00,2,-60.7,-57.67590259713238,3.6037479111959896,3.522526604913194
2021-05-18 12:00:00,4,-61.0,-57.79073316286909,3.6037479111959896,3.5156404528442113
2021-05-18 12:00:00,8,-53.5,-56.37907538749908,3.6037479111959896,3.7476540925105746
2021-05-18 15:00:00,1,-60.7,-60.13135808181238,3.6037479111959896,3.6459120684757313
2021-05-18 15:00:00,2,-59.2,-59.778868823616435,3.6037479111959896,3.600880473795928
2021-05-18 15:00:00,4,-57.2,-59.2154687517034,3.6037479111959896,3.6435540110476814
2021-05-18 15:00:00,8,-55.2,-58.029683713602886,3.6037479111959896,3.795104516271101
2021-05-18 18:00:00,1,-59.2,-60.25365519930549,3.6037479111959896,3.8185069612261633
2021-05-18 18:00:00,2,-61.0,-59.804780921210515,3.6037479111959896,3.7528623124558855
2021-05-18 18:00:00,4,-55.95,-59.1065354865675,3.6037479111959896,3.7841309473558122
2021-05-18 18:00:00,8,-54.3,-58.37078617415739,3.6037479111959896,3.8454856826411024
2021-05-18 21:00:00,1,-61.0,-55.32277662576705,3.6037479111959896,4.334884933679063
2021-05-18 21:00:00,2,-57.2,-54.90764196801841,3.6037479111959896,4.28067203396131
2021-05-18 21:00:00,4,-54.7,-54.79936994266583,3.6037479111959896,4.211300265997741
2021-05-18 21:00:00,8,-52.5,-55.792522736782566,3.6037479111959896,3.9549112350817497
2021-05-19 00:00:00,1,-57.2,-57.11910159378414,3.6037479111959896,4.04865703463086
2021-05-19 00:00:00,2,-55.95,-56.710705061291314,3.6037479111959896,3.9719202595689245
2021-05-19 00:00:00,4,-53.5,-56.45284784408642,3.6037479111959896,3.9428104379881432
2021-05-19 00:00:00,8,-52.1,-57.05546262336664,3.6037479111959896,3.840996711667771
2021-05-19 03:00:00,1,-55.95,-53.419233184969585,3.6037479111959896,4.397592641371233
2021-05-19 03:00:00,2,-54.7,-53.036602848620426,3.6037479111959896,4.374828665345334
2021-05-19 03:00:00,4,-55.2,-53.20378344017386,3.6037479111959896,4.3116713087415715
2021-05-19 03:00:00,8,-51.2,-55.003361605253446,3.6037479111959896,3.964869201574254
2021-05-19 06:00:00,1,-54.7,-53.23724845958049,3.6037479111959896,4.140385732516795
2021-05-19 06:00:00,2,-53.5,-53.23751590054161,3.6037479111959896,4.093007837504282
2021-05-19 06:00:00,4,-54.3,-54.162222991950586,3.6037479111959896,4.0200014474954555
2021-05-19 06:00:00,8,-51.9,-55.75304036329771,3.6037479111959896,3.826253953952734
2021-05-19 09:00:00,1,-53.5,-54.338426552492145,3.6037479111959896,4.023795816740893
2021-05-19 09:00:00,2,-55.2,-54.47266435276255,3.6037479111959896,4.001201292184347
2021-05-19 09:00:00,4,-52.5,-55.500595549527546,3.6037479111959896,3.9331956133870842
2021-05-19 09:00:00,8,-53.5,-55.568338493582466,3.6037479111959896,3.871294986300906
2021-05-19 12:00:00,1,-55.2,-53.59545007477945,3.6037479111959896,4.071459134571355
2021-05-19 12:00:00,2,-54.3,-54.0395545462599,3.6037479111959896,4.02328186371601
2021-05-19 12:00:00,4,-52.1,-55.48604106928482,3.6037479111959896,3.922803887390749
2021-05-19 12:00:00,8,-56.8,-54.64780769609774,3.6037479111959896,3.9290376539687357
2021-05-19 15:00:00,1,-54.3,-56.999656939709304,3.6037479111959896,3.88300641292411
2021-05-19 15:00:00,2,-52.5,-57.12128110927802,3.6037479111959896,3.8270494907440264
2021-05-19 15:00:00,4,-51.2,-57.890741942495886,3.6037479111959896,3.7447950655166675
2021-05-19 15:00:00,8,-57.8,-57.480262081391295,3.6037479111959896,3.7633300730007724
2021-05-19 18:00:00,1,-52.5,-54.639957837814805,3.6037479111959896,4.148216544535317
2021-05-19 18:00:00,2,-52.1,-54.57191768710163,3.6037479111959896,4.119272442012668
2021-05-19 18:00:00,4,-51.9,-55.23304002875061,3.6037479111959896,4.0525388489391485
2021-05-19 18:00:00,8,-60.3,-56.28320408480571,3.6037479111959896,3.841761696007226
2021-05-19 21:00:00,1,-52.1,-52.19175410553366,3.6037479111959896,4.325005187861681
2021-05-19 21:00:00,2,-51.2,-52.10380561184844,3.6037479111959896,4.290774711368799
2021-05-19 21:00:00,4,-53.5,-52.74903766441976,3.6037479111959896,4.216563392378094
2021-05-19 21:00:00,8,-61.0,-54.54401466514772,3.6037479111959896,3.908030230642833
2021-05-20 00:00:00,1,-51.2,-51.931931541754075,3.6037479111959896,4.133812956359784
2021-05-20 00:00:00,2,-51.9,-51.697208800765296,3.6037479111959896,4.14179029217874
2021-05-20 00:00:00,4,-56.8,-52.12241331544011,3.6037479111959896,4.126530382229203
2021-05-20 00:00:00,8,-60.6,-54.54658991581021,3.6037479111959896,3.8331566752615216
2021-05-20 03:00:00,1,-51.9,-50.67383783488945,3.6037479111959896,3.9898714779482263
2021-05-20 03:00:00,2,-53.5,-50.54990175776998,3.6037479111959896,4.012590745019734
2021-05-20 03:00:00,4,-57.8,-51.3121781153689,3.6037479111959896,4.019232704084701
2021-05-20 03:00:00,8,-63.2,-53.73738732875119,3.6037479111959896,3.7891913904769234
2021-05-20 06:00:00,1,-53.5,-54.03251498140252,3.6037479111959896,3.690758615539303
2021-05-20 06:00:00,2,-56.8,-53.982160518170744,3.6037479111959896,3.6909472622663535
2021-05-20 06:00:00,4,-60.3,-54.84695398952953,3.6037479111959896,3.7062287935408817
2021-05-20 06:00:00,8,-64.6,-56.32655590885583,3.6037479111959896,3.6619839978111055
2021-05-20 09:00:00,1,-56.8,-56.04764997573743,3.6037479111959896,3.615834925877294
2021-05-20 09:00:00,2,-57.8,-56.13504278303433,3.6037479111959896,3.5945466252771063
2021-05-20 09:00:00,4,-61.0,-56.961842165765134,3.6037479111959896,3.5930328892544896
2021-05-20 09:00:00,8,-65.2,-57.47277607610817,3.6037479111959896,3.6319956965972153
2021-05-20 12:00:00,1,-57.8,-59.9906845865766,3.6037479111959896,3.5047183512136275
2021-05-20 12:00:00,2,-60.3,-60.004286924761416,3.6037479111959896,3.476767776567409
2021-05-20 12:00:00,4,-60.6,-60.26998031073044,3.6037479111959896,3.4965577540038093
2021-05-20 12:00:00,8,-66.2,-59.41189821602822,3.6037479111959896,3.626961790253371
2021-05-20 15:00:00,1,-60.3,-59.671099888079915,3.6037479111959896,3.6614495765096966
2021-05-20 15:00:00,2,-61.0,-59.48088186278742,3.6037479111959896,3.653446140472287
2021-05-20 15:00:00,4,-63.2,-59.58623423800444,3.6037479111959896,3.69159786153198
2021-05-20 15:00:00,8,-65.7,-59.21325753416596,3.6037479111959896,3.7068774466206587
2021-05-20 18:00:00,1,-61.0,-61.32846327121279,3.6037479111959896,3.7120862130976127
2021-05-20 18:00:00,2,-60.6,-61.13063963747287,3.6037479111959896,3.658058640926934
2021-05-20 18:00:00,4,-64.6,-60.90447005379561,3.6037479111959896,3.676804916216085
2021-05-20 18:00:00,8,-65.0,-60.30303113213061,3.6037479111959896,3.7052453698348233
2021-05-20 21:00:00,1,-60.6,-59.01381421420117,3.6037479111959896,3.8590635548146275
2021-05-20 21:00:00,2,-63.2,-58.65071269692772,3.6037479111959896,3.8017308525291065
2021-05-20 21:00:00,4,-65.2,-58.406256798131515,3.6037479111959896,3.8190451749239718
2021-05-20 21:00:00,8,-64.9,-58.88275940717808,3.6037479111959896,3.7401372295957476
2021-05-21 00:00:00,1,-63.2,-57.17414282589138,3.6037479111959896,3.9436431122710665
2021-05-21 00:00:00,2,-64.6,-56.82067080434547,3.6037479111959896,3.885784846495762
2021-05-21 00:00:00,4,-66.2,-56.77582862399812,3.6037479111959896,3.884101848956865
2021-05-21 00:00:00,8,-65.3,-57.88899796985028,3.6037479111959896,3.759057115326752
2021-05-21 03:00:00,1,-64.6,-60.84066248614651,3.6037479111959896,3.7520144285972443
2021-05-21 03:00:00,2,-65.2,-60.55290231636551,3.6037479111959896,3.6676459789853713
2021-05-21 03:00:00,4,-65.7,-60.23518155392922,3.6037479111959896,3.677972854336773
2021-05-21 03:00:00,8,-63.4,-60.42259322786678,3.6037479111959896,3.663457440455105
2021-05-21 06:00:00,1,-65.2,-62.94418313814215,3.6037479111959896,3.554080316050027
2021-05-21 06:00:00,2,-66.2,-62.597002531238424,3.6037479111959896,3.507952818786066
2021-05-21 06:00:00,4,-65.0,-62.153560110104905,3.6037479111959896,3.570166371895364
2021-05-21 06:00:00,8,-64.1,-61.52496118313163,3.6037479111959896,3.641223486817393
2021-05-21 09:00:00,1,-66.2,-64.19234518917669,3.6037479111959896,3.5483231250645715
2021-05-21 09:00:00,2,-65.7,-63.859930529556166,3.6037479111959896,3.5295774496272236
2021-05-21 09:00:00,4,-64.9,-63.3515486337187,3.6037479111959896,3.6145535191230325
2021-05-21 09:00:00,8,-63.2,-62.00520535381778,3.6037479111959896,3.695376074768855
2021-05-21 12:00:00,1,-65.7,-65.27078386557116,3.6037479111959896,3.5506315947435665
2021-05-21 12:00:00,2,-65.0,-64.94809885131573,3.6037479111959896,3.544909328463091
2021-05-21 12:00:00,4,-65.3,-64.32476318407232,3.6037479111959896,3.644724641836463
2021-05-21 12:00:00,8,-60.6,-62.28977586571732,3.6037479111959896,3.744736986532089
2021-05-21 15:00:00,1,-65.0,-64.25807649446833,3.6037479111959896,3.69912509521798
2021-05-21 15:00:00,2,-64.9,-63.85691739441718,3.6037479111959896,3.698730539361991
2021-05-21 15:00:00,4,-63.4,-63.21323261772127,3.6037479111959896,3.797003433799029
2021-05-21 15:00:00,8,-58.63333333333333,-61.69950903239883,3.6037479111959896,3.801750607648488
2021-05-21 18:00:00,1,-64.9,-62.99903992199603,3.6037479111959896,3.9149288196391994
2021-05-21 18:00:00,2,-65.3,-62.59453481534865,3.6037479111959896,3.8916477713590414
2021-05-21 18:00:00,4,-64.1,-62.04734097219726,3.6037479111959896,3.9406987197005603
2021-05-21 18:00:00,8,-56.66666666666667,-60.94550474666281,3.6037479111959896,3.8587513119560612
2021-05-21 21:00:00,1,-65.3,-62.17725450565265,3.6037479111959896,3.9081321521291974
2021-05-21 21:00:00,2,-63.4,-61.748764641558665,3.6037479111959896,3.8571738350143465
2021-05-21 21:00:00,4,-63.2,-61.18994407393626,3.6037479111959896,3.8952189424135715
2021-05-21 21:00:00,8,-54.7,-60.57835617533014,3.6037479111959896,3.8336548188588844
2021-05-22 00:00:00,1,-63.4,-61.79998361591548,3.6037479111959896,3.810696144267744
2021-05-22 00:00:00,2,-64.1,-61.32607841293684,3.6037479111959896,3.754845449176967
2021-05-22 00:00:00,4,-60.6,-60.64495568431438,3.6037479111959896,3.8137953519236065
2021-05-22 00:00:00,8,-57.9,-60.3713576819872,3.6037479111959896,3.7763267554273074
2021-05-22 03:00:00,1,-64.1,-59.44427392800103,3.6037479111959896,3.8596984379630133
2021-05-22 03:00:00,2,-63.2,-58.992096152868214,3.6037479111959896,3.821792896083306
2021-05-22 03:00:00,4,-58.63333333333333,-58.665607613888085,3.6037479111959896,3.8537154094387165
2021-05-22 03:00:00,8,-59.1,-58.748174145305384,3.6037479111959896,3.7983953565829887
2021-05-22 06:00:00,1,-63.2,-62.57406970523681,3.6037479111959896,3.6661272208701585
2021-05-22 06:00:00,2,-60.6,-62.218467882765296,3.6037479111959896,3.636786989546792
2021-05-22 06:00:00,4,-56.66666666666667,-61.79367490924954,3.6037479111959896,3.6980030257651686
2021-05-22 06:00:00,8,-58.6,-60.84075182826924,3.6037479111959896,3.737283121386626
2021-05-22 09:00:00,1,-60.6,-62.21256553865756,3.6037479111959896,3.63889976090754
2021-05-22 09:00:00,2,-58.63333333333333,-61.838722072128455,3.6037479111959896,3.6433426499323542
2021-05-22 09:00:00,4,-54.7,-61.447836595689644,3.6037479111959896,3.7261622288685
2021-05-22 09:00:00,8,-61.2,-60.36871272285396,3.6037479111959896,3.75939695136826
2021-05-22 12:00:00,1,-58.63333333333333,-59.485737318957106,3.6037479111959896,3.9551397652886853
2021-05-22 12:00:00,2,-56.66666666666667,-59.27964665686121,3.6037479111959896,3.976616859246364
2021-05-22 12:00:00,4,-57.9,-59.493163522658094,3.6037479111959896,3.9783892480339613
2021-05-22 12:00:00,8,-62.3,-58.58739362894965,3.6037479111959896,3.8583938536015823
2021-05-22 15:00:00,1,-56.66666666666667,-55.92149277419192,3.6037479111959896,4.202622516553422
2021-05-22 15:00:00,2,-54.7,-56.093836250681086,3.6037479111959896,4.160299959256674
2021-05-22 15:00:00,4,-59.1,-57.126654245408815,3.6037479111959896,4.064356889222821
2021-05-22 15:00:00,8,-65.8,-57.14041365280939,3.6037479111959896,3.8720186475161484
2021-05-22 18:00:00,1,-54.7,-54.63386924420123,3.6037479111959896,4.303595010705147
2021-05-22 18:00:00,2,-57.9,-54.670415936403494,3.6037479111959896,4.258817699869692
2021-05-22 18:00:00,4,-58.6,-55.512866041632876,3.6037479111959896,4.172244581600838
2021-05-22 18:00:00,8,-65.6,-56.85524404433691,3.6037479111959896,3.842826979489346
2021-05-22 21:00:00,1,-57.9,-54.195977382567214,3.6037479111959896,4.299702052483362
2021-05-22 21:00:00,2,-59.1,-53.966399018645,3.6037479111959896,4.28645913755668
2021-05-22 21:00:00,4,-61.2,-54.40333054252234,3.6037479111959896,4.2434288084524505
2021-05-22 21:00:00,8,-68.3,-56.25727649644035,3.6037479111959896,3.867630744906617
2021-05-23 00:00:00,1,-59.1,-57.064152585803576,3.6037479111959896,3.9095237283321156
2021-05-23 00:00:00,2,-58.6,-56.91121976622781,3.6037479111959896,3.815575925355806
2021-05-23 00:00:00,4,-62.3,-57.06983013360253,3.6037479111959896,3.780515014026732
2021-05-23 00:00:00,8,-69.7,-58.40786855884551,3.6037479111959896,3.6581491385689593
2021-05-23 03:00:00,1,-58.6,-57.9605862276873,3.6037479111959896,3.7395160763886324
2021-05-23 03:00:00,2,-61.2,-57.68724688521543,3.6037479111959896,3.678874711527652
2021-05-23 03:00:00,4,-65.8,-57.733304910982916,3.6037479111959896,3.703492482895846
2021-05-23 03:00:00,8,-68.4,-58.96809626490083,3.6037479111959896,3.627330805752589
2021-05-23 06:00:00,1,-61.2,-57.507607615704416,3.6037479111959896,3.665911380861368
2021-05-23 06:00:00,2,-62.3,-57.31015395922272,3.6037479111959896,3.651690374244655
2021-05-23 06:00:00,4,-65.6,-57.60747877964218,3.6037479111959896,3.7078548718086863
2021-05-23 06:00:00,8,-66.5,-58.53046468424935,3.6037479111959896,3.6594307152812315
2021-05-23 09:00:00,1,-62.3,-62.54071771442293,3.6037479111959896,3.527424368225308
2021-05-23 09:00:00,2,-65.8,-62.37239067070093,3.6037479111959896,3.4853502162252377
2021-05-23 09:00:00,4,-68.3,-62.22628964150963,3.6037479111959896,3.5233270604892715
2021-05-23 09:00:00,8,-66.2,-61.4138447999969,3.6037479111959896,3.6166050189546053
2021-05-23 12:00:00,1,-65.8,-63.53514309341275,3.6037479111959896,3.527133933312294
2021-05-23 12:00:00,2,-65.6,-63.291963922370314,3.6037479111959896,3.5215455006341068
2021-05-23 12:00:00,4,-69.7,-63.0386617124224,3.6037479111959896,3.594430264024838
2021-05-23 12:00:00,8,-65.3,-61.62312800197822,3.6037479111959896,3.682596352074476
2021-05-23 15:00:00,1,-65.6,-66.27979506659675,3.6037479111959896,3.5276846239276067
2021-05-23 15:00:00,2,-68.3,-65.9438585981385,3.6037479111959896,3.4930756542770176
2021-05-23 15:00:00,4,-68.4,-65.19894703489268,3.6037479111959896,3.58618226174229
2021-05-23 15:00:00,8,-62.63333333333333,-63.34442504043339,3.6037479111959896,3.6948267838077498
2021-05-23 18:00:00,1,-68.3,-65.51214016910961,3.6037479111959896,3.7042723035698977
2021-05-23 18:00:00,2,-69.7,-65.09289361221268,3.6037479111959896,3.6525625321062614
2021-05-23 18:00:00,4,-66.5,-64.28465289397492,3.6037479111959896,3.7266311530180323
2021-05-23 18:00:00,8,-59.96666666666666,-62.8156897121375,3.6037479111959896,3.7662549104024974
2021-05-23 21:00:00,1,-69.7,-66.16163146328162,3.6037479111959896,3.8197147961567763
2021-05-23 21:00:00,2,-68.4,-65.7862490066385,3.6037479111959896,3.7039943589044277
2021-05-23 21:00:00,4,-66.2,-64.83244115044283,3.6037479111959896,3.737480832540923
2021-05-23 21:00:00,8,-57.3,-63.60478671907853,3.6037479111959896,3.755000010991562
2021-05-24 00:00:00,1,-68.4,-65.68008030380014,3.6037479111959896,3.766171544331909
2021-05-24 00:00:00,2,-66.5,-65.14472645341272,3.6037479111959896,3.664665435346199
2021-05-24 00:00:00,4,-65.3,-64.11156261820992,3.6037479111959896,3.723877833241869
2021-05-24 00:00:00,8,-55.0,-63.35803890663405,3.6037479111959896,3.7275525387176116
2021-05-24 03:00:00,1,-66.5,-61.94829298064025,3.6037479111959896,3.7820667639911143
2021-05-24 03:00:00,2,-66.2,-61.484737053877865,3.6037479111959896,3.7328289151577936
2021-05-24 03:00:00,4,-62.63333333333333,-60.89387004323494,3.6037479111959896,3.7997670843562448
2021-05-24 03:00:00,8,-57.1,-60.67597829542851,3.6037479111959896,3.7542293480550377
2021-05-24 06:00:00,1,-66.2,-60.864686871147555,3.6037479111959896,3.8291734193483116
2021-05-24 06:00:00,2,-65.3,-60.537474228672764,3.6037479111959896,3.7923391461387155
2021-05-24 06:00:00,4,-59.96666666666666,-60.31418232594842,3.6037479111959896,3.8262756552579655
2021-05-24 06:00:00,8,-58.3,-59.89861824960992,3.6037479111959896,3.780971114677718
2021-05-24 09:00:00,1,-65.3,-62.753481656685565,3.6037479111959896,3.6891484666693803
2021-05-24 09:00:00,2,-62.63333333333333,-62.409301215903,3.6037479111959896,3.6788437725046528
2021-05-24 09:00:00,4,-57.3,-62.024985987989396,3.6037479111959896,3.7534944762760976
2021-05-24 09:00:00,8,-56.1,-61.013483294541366,3.6037479111959896,3.75490051557249
2021-05-24 12:00:00,1,-62.63333333333333,-63.03997014221972,3.6037479111959896,3.6842431718846274
2021-05-24 12:00:00,2,-59.96666666666666,-62.75047788805944,3.6037479111959896,3.689856625048023
2021-05-24 12:00:00,4,-55.0,-62.36330803522459,3.6037479111959896,3.7697733211584366
2021-05-24 12:00:00,8,-53.4,-60.745381273763726,3.6037479111959896,3.7947539628773774
2021-05-24 15:00:00,1,-59.96666666666666,-58.557259755806335,3.6037479111959896,4.084445952768239
2021-05-24 15:00:00,2,-57.3,-58.40114376285801,3.6037479111959896,4.0317355618468556
2021-05-24 15:00:00,4,-57.1,-58.629884454317065,3.6037479111959896,3.984202985049387
2021-05-24 15:00:00,8,-51.5,-58.22674037403925,3.6037479111959896,3.860284293224027
2021-05-24 18:00:00,1,-57.3,-56.11782569138412,3.6037479111959896,4.4501461110609295
2021-05-24 18:00:00,2,-55.0,-55.93936011798535,3.6037479111959896,4.366672440388658
2021-05-24 18:00:00,4,-58.3,-56.22753385533445,3.6037479111959896,4.24531815501161
2021-05-24 18:00:00,8,-52.1,-57.021777761095514,3.6037479111959896,3.9187942913183633
2021-05-24 21:00:00,1,-55.0,-54.75750973578967,3.6037479111959896,4.595321764562276
2021-05-24 21:00:00,2,-57.1,-54.512420876873996,3.6037479111959896,4.517800223381423
2021-05-24 21:00:00,4,-56.1,-54.71527684977657,3.6037479111959896,4.379496685416867
2021-05-24 21:00:00,8,-51.9,-56.06366815374076,3.6037479111959896,3.9721534819499644
2021-05-25 00:00:00,1,-57.1,-53.24801679718489,3.6037479111959896,4.3948017042219965
2021-05-25 00:00:00,2,-58.3,-52.95786325820999,3.6037479111959896,4.353668559740487
2021-05-25 00:00:00,4,-53.4,-53.272861652687965,3.6037479111959896,4.265064476566785
2021-05-25 00:00:00,8,-52.1,-55.20313491467152,3.6037479111959896,3.9044959304791327
2021-05-25 03:00:00,1,-58.3,-54.6307085864846,3.6037479111959896,4.075681611383636
2021-05-25 03:00:00,2,-56.1,-54.528926473796865,3.6037479111959896,3.9711350135685652
2021-05-25 03:00:00,4,-51.5,-54.900603213724644,3.6037479111959896,3.867380726675091
2021-05-25 03:00:00,8,-52.3,-56.11833544583434,3.6037479111959896,3.746899705552974
2021-05-25 06:00:00,1,-56.1,-57.24787601517478,3.6037479111959896,3.892425952438164
2021-05-25 06:00:00,2,-53.4,-57.21939100854643,3.6037479111959896,3.7766691375064685
2021-05-25 06:00:00,4,-52.1,-57.475536675650254,3.6037479111959896,3.7008999633930304
2021-05-25 06:00:00,8,-55.8,-58.02766342882772,3.6037479111959896,3.6823242193064765
2021-05-25 09:00:00,1,-53.4,-55.21029129075186,3.6037479111959896,3.8284721526003844
2021-05-25 09:00:00,2,-51.5,-55.25245933167588,3.6037479111959896,3.778305479905126
2021-05-25 09:00:00,4,-51.9,-56.02423261282023,3.6037479111959896,3.738843162635931
2021-05-25 09:00:00,8,-57.9,-56.5411315508571,3.6037479111959896,3.752325645042725
2021-05-25 12:00:00,1,-51.5,-52.65568050489869,3.6037479111959896,4.250836151758074
2021-05-25 12:00:00,2,-52.1,-53.25794498560397,3.6037479111959896,4.13474525936218
2021-05-25 12:00:00,4,-52.1,-54.92842049606078,3.6037479111959896,3.964291664258243
2021-05-25 12:00:00,8,-60.0,-53.91956096049352,3.6037479111959896,4.013678956170772
2021-05-25 15:00:00,1,-52.1,-52.47996832603212,3.6037479111959896,4.399348580889385
2021-05-25 15:00:00,2,-51.9,-53.031069401019415,3.6037479111959896,4.267884046642089
2021-05-25 15:00:00,4,-52.3,-54.50059511400457,3.6037479111959896,4.082668685185977
2021-05-25 15:00:00,8,-60.3,-53.67502247427137,3.6037479111959896,4.050988085397731
2021-05-25 18:00:00,1,-51.9,-53.75487172626859,3.6037479111959896,4.262372448314857
2021-05-25 18:00:00,2,-52.1,-53.79735597706447,3.6037479111959896,4.163076286681996
2021-05-25 18:00:00,4,-55.8,-54.29637469235272,3.6037479111959896,4.038358405634364
2021-05-25 18:00:00,8,-58.2,-55.051841595097855,3.6037479111959896,3.8808360424602255
2021-05-25 21:00:00,1,-52.1,-51.01636940915705,3.6037479111959896,4.38794206560271
2021-05-25 21:00:00,2,-52.3,-51.04378627306815,3.6037479111959896,4.33821845677925
2021-05-25 21:00:00,4,-57.9,-51.28163535791393,3.6037479111959896,4.2517071365761545
2021-05-25 21:00:00,8,-60.3,-52.5158193294975,3.6037479111959896,3.9682112292400054
2021-05-26 00:00:00,1,-52.3,-51.5850219332851,3.6037479111959896,4.2596779673355565
2021-05-26 00:00:00,2,-55.8,-51.35875796397819,3.6037479111959896,4.2223508158944245
2021-05-26 00:00:00,4,-60.0,-51.54071634604985,3.6037479111959896,4.1201473725226085
2021-05-26 00:00:00,8,-61.55,-53.401147709501515,3.6037479111959896,3.8851269823582983
2021-05-26 03:00:00,1,-55.8,-50.94234333622133,3.6037479111959896,4.016366052307875
2021-05-26 03:00:00,2,-57.9,-50.70709886245337,3.6037479111959896,4.007708537864381
2021-05-26 03:00:00,4,-60.3,-51.26627427681321,3.6037479111959896,3.9351038886031406
2021-05-26 03:00:00,8,-62.8,-53.36594195970373,3.6037479111959896,3.768785285258514
2021-05-26 06:00:00,1,-57.9,-54.77589259804124,3.6037479111959896,3.86280825633077
2021-05-26 06:00:00,2,-60.0,-54.759717711072646,3.6037479111959896,3.7633526940787685
2021-05-26 06:00:00,4,-58.2,-55.196062116705995,3.6037479111959896,3.665936041435495
2021-05-26 06:00:00,8,-63.3,-55.983151447639194,3.6037479111959896,3.67883747406072
2021-05-26 09:00:00,1,-60.0,-58.229067952486524,3.6037479111959896,3.615716415156064
2021-05-26 09:00:00,2,-60.3,-58.182984709184396,3.6037479111959896,3.51402273251153
2021-05-26 09:00:00,4,-60.3,-58.22603356256834,3.6037479111959896,3.4969916601380815
2021-05-26 09:00:00,8,-62.2,-57.705625064210565,3.6037479111959896,3.685811691039416
2021-05-26 12:00:00,1,-60.3,-60.10106677920281,3.6037479111959896,3.550839570028716
2021-05-26 12:00:00,2,-58.2,-59.88826969389465,3.6037479111959896,3.508410039160418
2021-05-26 12:00:00,4,-61.55,-59.55610288661458,3.6037479111959896,3.5480516754611253
2021-05-26 12:00:00,8,-65.0,-57.9987558483689,3.6037479111959896,3.7717685082357395
2021-05-26 15:00:00,1,-58.2,-59.09162183658141,3.6037479111959896,3.7371856121435245
2021-05-26 15:00:00,2,-60.3,-58.8179625916701,3.6037479111959896,3.689726710477515
2021-05-26 15:00:00,4,-62.8,-58.487488241214876,3.6037479111959896,3.7181895852236484
2021-05-26 15:00:00,8,-66.0,-57.580276625026016,3.6037479111959896,3.8193055639266715
2021-05-26 18:00:00,1,-60.3,-55.145837793965484,3.6037479111959896,4.249805579700293
2021-05-26 18:00:00,2,-61.55,-54.951698442036474,3.6037479111959896,4.172437760541511
2021-05-26 18:00:00,4,-63.3,-55.13620559635924,3.6037479111959896,4.0717791088531605
2021-05-26 18:00:00,8,-67.5,-55.76439437814412,3.6037479111959896,3.9081852856689103
2021-05-26 21:00:00,1,-61.55,-57.22138607578695,3.6037479111959896,4.0112723507367924
2021-05-26 21:00:00,2,-62.8,-56.97814710316237,3.6037479111959896,3.9150374861258386
2021-05-26 21:00:00,4,-62.2,-56.82609581654752,3.6037479111959896,3.8617467052598693
2021-05-26 21:00:00,8,-68.9,-57.086991386426035,3.6037479111959896,3.8110276890243298
2021-05-27 00:00:00,1,-62.8,-57.79488757157578,3.6037479111959896,3.8730235192566775
2021-05-27 00:00:00,2,-63.3,-57.589617560107165,3.6037479111959896,3.7580824761170986
2021-05-27 00:00:00,4,-65.0,-57.4339317062497,3.6037479111959896,3.709696136913318
2021-05-27 00:00:00,8,-71.0,-57.772262759747264,3.6037479111959896,3.703210285947595
2021-05-27 03:00:00,1,-63.3,-58.51976560480259,3.6037479111959896,3.8286072925465997
2021-05-27 03:00:00,2,-62.2,-58.193409638004574,3.6037479111959896,3.7471253431412146
2021-05-27 03:00:00,4,-66.0,-57.90862837956554,3.6037479111959896,3.73829288525186
2021-05-27 03:00:00,8,-72.0,-58.07961263093761,3.6037479111959896,3.739871508577021
2021-05-27 06:00:00,1,-62.2,-61.058244418527366,3.6037479111959896,3.6657685628120737
2021-05-27 06:00:00,2,-65.0,-60.669568718624014,3.6037479111959896,3.5984408898428186
2021-05-27 06:00:00,4,-67.5,-60.129799638171626,3.6037479111959896,3.634904284680097
2021-05-27 06:00:00,8,-72.3,-59.508930966317,3.6037479111959896,3.736788816840803
2021-05-27 09:00:00,1,-65.0,-60.38202974264685,3.6037479111959896,3.6547818104871577
2021-05-27 09:00:00,2,-66.0,-60.04861286614963,3.6037479111959896,3.62414675239169
2021-05-27 09:00:00,4,-68.9,-59.70298782088269,3.6037479111959896,3.6733783361061785
2021-05-27 09:00:00,8,-70.1,-58.76603680584238,3.6037479111959896,3.7706941603263733
2021-05-27 12:00:00,1,-66.0,-63.77370241210913,3.6037479111959896,3.4668865777756603
2021-05-27 12:00:00,2,-67.5,-63.30261004499434,3.6037479111959896,3.449834350628623
2021-05-27 12:00:00,4,-71.0,-62.41181144135117,3.6037479111959896,3.5594228194864788
2021-05-27 12:00:00,8,-67.7,-59.986100759280035,3.6037479111959896,3.810919075857851
2021-05-27 15:00:00,1,-67.5,-64.92117517033208,3.6037479111959896,3.5175813866584353
2021-05-27 15:00:00,2,-68.9,-64.28671064480154,3.6037479111959896,3.503005707665618
2021-05-27 15:00:00,4,-72.0,-63.07649449889131,3.6037479111959896,3.638995803846234
2021-05-27 15:00:00,8,-67.4,-60.829319639065446,3.6037479111959896,3.835605270321717
2021-05-27 18:00:00,1,-68.9,-64.5788593861109,3.6037479111959896,3.638043039232333
2021-05-27 18:00:00,2,-71.0,-63.942752118323824,3.6037479111959896,3.592056280531416
2021-05-27 18:00:00,4,-72.3,-62.668319880703315,3.6037479111959896,3.7057932344816416
2021-05-27 18:00:00,8,-69.2,-60.785317923122605,3.6037479111959896,3.8562865875473826
2021-05-27 21:00:00,1,-71.0,-64.16464192612217,3.6037479111959896,3.676753822172502
2021-05-27 21:00:00,2,-72.0,-63.46522495686989,3.6037479111959896,3.61547838729558
2021-05-27 21:00:00,4,-70.1,-62.15079122480143,3.6037479111959896,3.7246520552990914
2021-05-27 21:00:00,8,-68.4,-60.8122516911201,3.6037479111959896,3.833219726351046
2021-05-28 00:00:00,1,-72.0,-64.62486337430417,3.6037479111959896,3.6417490303121167
2021-05-28 00:00:00,2,-72.3,-63.857097519664606,3.6037479111959896,3.5749315912865662
2021-05-28 00:00:00,4,-67.7,-62.447473358338065,3.6037479111959896,3.688308954075902
2021-05-28 00:00:00,8,-67.0,-61.290379029898475,3.6037479111959896,3.7893971396453816
2021-05-28 03:00:00,1,-72.3,-65.70738152730239,3.6037479111959896,3.5433963155951482
2021-05-28 03:00:00,2,-70.1,-64.9422944953426,3.6037479111959896,3.4880098258197187
2021-05-28 03:00:00,4,-67.4,-63.52732565767435,3.6037479111959896,3.6229702797128485
2021-05-28 03:00:00,8,-65.9,-62.17651166913225,3.6037479111959896,3.7591565307655834
2021-05-28 06:00:00,1,-70.1,-66.73668347720032,3.6037479111959896,3.484786315540217
2021-05-28 06:00:00,2,-67.7,-66.06522987185983,3.6037479111959896,3.4522824124872162
2021-05-28 06:00:00,4,-69.2,-64.7606720468574,3.6037479111959896,3.595451518384611
2021-05-28 06:00:00,8,-62.3,-62.67549607056087,3.6037479111959896,3.7737250781869642
2021-05-28 09:00:00,1,-67.7,-65.83270546945329,3.6037479111959896,3.490026940812935
2021-05-28 09:00:00,2,-67.4,-65.2181109202171,3.6037479111959896,3.5016920988670606
2021-05-28 09:00:00,4,-68.4,-64.14774473691139,3.6037479111959896,3.6560618942349423
2021-05-28 09:00:00,8,-63.0,-61.8426560075323,3.6037479111959896,3.812050103097589
2021-05-28 12:00:00,1,-67.4,-64.81809885774157,3.6037479111959896,3.5974880985688373
2021-05-28 12:00:00,2,-69.2,-64.37337538584835,3.6037479111959896,3.6180060294933822
2021-05-28 12:00:00,4,-67.0,-63.6799234442899,3.6037479111959896,3.7414945609257297
2021-05-28 12:00:00,8,-66.2,-61.10111494791636,3.6037479111959896,3.857815303202526
2021-05-28 15:00:00,1,-69.2,-65.68178068613587,3.6037479111959896,3.567279801706165
2021-05-28 15:00:00,2,-68.4,-65.18785564265701,3.6037479111959896,3.5737765033245044
2021-05-28 15:00:00,4,-65.9,-64.35042887032793,3.6037479111959896,3.699730039096372
2021-05-28 15:00:00,8,-65.8,-61.93258029505655,3.6037479111959896,3.8222078069104803
2021-05-28 18:00:00,1,-68.4,-66.44240781696934,3.6037479111959896,3.5315368722070226
2021-05-28 18:00:00,2,-67.0,-65.92487772006547,3.6037479111959896,3.4964381968744345
2021-05-28 18:00:00,4,-62.3,-64.88076226981902,3.6037479111959896,3.61371128720138
2021-05-28 18:00:00,8,-64.9,-62.71429648985896,3.6037479111959896,3.7691333326047043
2021-05-28 21:00:00,1,-67.0,-63.76357216819375,3.6037479111959896,3.854666187876647
2021-05-28 21:00:00,2,-65.9,-63.12582071714814,3.6037479111959896,3.7945774198267093
2021-05-28 21:00:00,4,-63.0,-61.978857353124916,3.6037479111959896,3.894986493174856
2021-05-28 21:00:00,8,-63.8,-61.049453585951866,3.6037479111959896,3.8751793599768876
2021-05-29 00:00:00,1,-65.9,-61.48273694313041,3.6037479111959896,3.9717439831190577
2021-05-29 00:00:00,2,-62.3,-60.876456254814535,3.6037479111959896,3.896621822490468
2021-05-29 00:00:00,4,-66.2,-60.023754141002506,3.6037479111959896,3.947171600537297
2021-05-29 00:00:00,8,-64.6,-59.77941856587158,3.6037479111959896,3.881605825614105
2021-05-29 03:00:00,1,-62.3,-61.04396480941222,3.6037479111959896,3.857845988954764
2021-05-29 03:00:00,2,-63.0,-60.53600008364781,3.6037479111959896,3.7940395793700223
2021-05-29 03:00:00,4,-65.8,-59.879786515241754,3.6037479111959896,3.8487648458378905
2021-05-29 03:00:00,8,-64.9,-59.71968543131932,3.6037479111959896,3.806111890168003
2021-05-29 06:00:00,1,-63.0,-59.035331255757995,3.6037479111959896,4.030901207978884
2021-05-29 06:00:00,2,-66.2,-58.71398060933552,3.6037479111959896,3.970515379986018
2021-05-29 06:00:00,4,-64.9,-58.648509404901176,3.6037479111959896,3.943621810867037
2021-05-29 06:00:00,8,-64.3,-58.61430362041449,3.6037479111959896,3.838610581175337
2021-05-29 09:00:00,1,-66.2,-62.4284038586433,3.6037479111959896,3.745679060453855
2021-05-29 09:00:00,2,-65.8,-62.10423821485401,3.6037479111959896,3.701995945957428
2021-05-29 09:00:00,4,-63.8,-61.74477955058455,3.6037479111959896,3.75164232052873
2021-05-29 09:00:00,8,-64.0,-60.82515009983797,3.6037479111959896,3.7606995495537205
2021-05-29 12:00:00,1,-65.8,-65.6436229537206,3.6037479111959896,3.5014785649552023
2021-05-29 12:00:00,2,-64.9,-65.28095733954592,3.6037479111959896,3.4525528256800473
2021-05-29 12:00:00,4,-64.6,-64.53378772619834,3.6037479111959896,3.5414058840096394
2021-05-29 12:00:00,8,-63.4,-62.70403079175751,3.6037479111959896,3.696732512986153
2021-05-29 15:00:00,1,-64.9,-64.48790766417531,3.6037479111959896,3.661959317241919
2021-05-29 15:00:00,2,-63.8,-64.01013048887795,3.6037479111959896,3.6394046628352172
2021-05-29 15:00:00,4,-64.9,-63.24457945428077,3.6037479111959896,3.7405401567169
2021-05-29 15:00:00,8,-65.2,-61.70951030663705,3.6037479111959896,3.7942602048631975
2021-05-29 18:00:00,1,-63.8,-62.39956724753196,3.6037479111959896,3.896462048630206
2021-05-29 18:00:00,2,-64.6,-62.00426870253115,3.6037479111959896,3.8395285943747792
2021-05-29 18:00:00,4,-64.3,-61.48721341577951,3.6037479111959896,3.8723712004158823
2021-05-29 18:00:00,8,-66.0,-60.56654788460971,3.6037479111959896,3.8422650116601353
2021-05-29 21:00:00,1,-64.6,-60.20633053279809,3.6037479111959896,3.988656844697178
2021-05-29 21:00:00,2,-64.9,-59.78679865750923,3.6037479111959896,3.906569178271077
2021-05-29 21:00:00,4,-64.0,-59.39583464646254,3.6037479111959896,3.9007169440999334
2021-05-29 21:00:00,8,-67.9,-59.2654628743777,3.6037479111959896,3.841306448478804
2021-05-30 00:00:00,1,-64.9,-60.751228139295264,3.6037479111959896,3.808962972458029
2021-05-30 00:00:00,2,-64.3,-60.28125759222145,3.6037479111959896,3.7296447951466942
2021-05-30 00:00:00,4,-63.4,-59.64815841606642,3.6037479111959896,3.7704443420454483
2021-05-30 00:00:00,8,-67.4,-59.608558240669744,3.6037479111959896,3.756798793258495
2021-05-30 03:00:00,1,-64.3,-60.97596536700497,3.6037479111959896,3.7272282321727834
2021-05-30 03:00:00,2,-64.0,-60.49963351669297,3.6037479111959896,3.656011053462121
2021-05-30 03:00:00,4,-65.2,-59.87219531681413,3.6037479111959896,3.7071709874330088
2021-05-30 03:00:00,8,-67.2,-59.69709268178485,3.6037479111959896,3.736067928273895
2021-05-30 06:00:00,1,-64.0,-61.28580384861378,3.6037479111959896,3.720905207646498
2021-05-30 06:00:00,2,-63.4,-60.90535482901099,3.6037479111959896,3.662741630633463
2021-05-30 06:00:00,4,-66.0,-60.42851862800619,3.6037479111959896,3.7103237551898665
2021-05-30 06:00:00,8,-67.7,-59.82396065755671,3.6037479111959896,3.75603576843493
2021-05-30 09:00:00,1,-63.4,-61.96173104459941,3.6037479111959896,3.6757492703529344
2021-05-30 09:00:00,2,-65.2,-61.56341864395862,3.6037479111959896,3.646863273474944
2021-05-30 09:00:00,4,-67.9,-61.08414282660265,3.6037479111959896,3.71601644211143
2021-05-30 09:00:00,8,-63.9,-60.136672497112514,3.6037479111959896,3.7656640563764583
2021-05-30 12:00:00,1,-65.2,-61.96173680860733,3.6037479111959896,3.6914261172957366
2021-05-30 12:00:00,2,-66.0,-61.58617350621578,3.6037479111959896,3.678252025365929
2021-05-30 12:00:00,4,-67.4,-61.16070614377365,3.6037479111959896,3.7511064262578935
2021-05-30 12:00:00,8,-60.1,-59.9262393755516,3.6037479111959896,3.7962174013263055
2021-05-30 15:00:00,1,-66.0,-64.44970670170066,3.6037479111959896,3.6273731152997666
2021-05-30 15:00:00,2,-67.9,-63.96157160417516,3.6037479111959896,3.599488444371647
2021-05-30 15:00:00,4,-67.2,-63.08013519039233,3.6037479111959896,3.6980307922386313
2021-05-30 15:00:00,8,-56.3,-61.378603655587995,3.6037479111959896,3.7966447757409436
2021-05-30 18:00:00,1,-67.9,-64.77915145624158,3.6037479111959896,3.6523333487273626
2021-05-30 18:00:00,2,-67.4,-64.19307577718025,3.6037479111959896,3.5935493516594166
2021-05-30 18:00:00,4,-67.7,-63.02803360232313,3.6037479111959896,3.690027676122183
2021-05-30 18:00:00,8,-60.0,-61.35890876103416,3.6037479111959896,3.8207544059817242
2021-05-30 21:00:00,1,-67.4,-64.94305822639168,3.6037479111959896,3.6578809648228594
2021-05-30 21:00:00,2,-67.2,-64.38109771545611,3.6037479111959896,3.5722877511294864
2021-05-30 21:00:00,4,-63.9,-63.21075697632061,3.6037479111959896,3.6506295829860385
2021-05-30 21:00:00,8,-60.0,-61.69060364016596,3.6037479111959896,3.7863835108467594
2021-05-31 00:00:00,1,-67.2,-61.708476387716814,3.6037479111959896,3.784765430602996
2021-05-31 00:00:00,2,-67.7,-61.107158510218085,3.6037479111959896,3.7149032637953434
2021-05-31 00:00:00,4,-60.1,-60.190534989600586,3.6037479111959896,3.7892056669498366
2021-05-31 00:00:00,8,-57.7,-59.860070726159215,3.6037479111959896,3.7931180470400023
2021-05-31 03:00:00,1,-67.7,-62.97604153040435,3.6037479111959896,3.7074249646864352
2021-05-31 03:00:00,2,-63.9,-62.50266373415018,3.6037479111959896,3.627329459418542
2021-05-31 03:00:00,4,-56.3,-61.72046408318368,3.6037479111959896,3.679516819557755
2021-05-31 03:00:00,8,-58.8,-61.00186953908816,3.6037479111959896,3.744294175931051
2021-05-31 06:00:00,1,-63.9,-63.69405102769622,3.6037479111959896,3.592099189930397
2021-05-31 06:00:00,2,-60.1,-63.24743479970301,3.6037479111959896,3.5266469336284287
2021-05-31 06:00:00,4,-60.0,-62.48003423906523,3.6037479111959896,3.5946805088670453
2021-05-31 06:00:00,8,-58.9,-61.30922301278346,3.6037479111959896,3.7267472043468692
2021-05-31 09:00:00,1,-60.1,-58.426475857155374,3.6037479111959896,3.788816163179033
2021-05-31 09:00:00,2,-56.3,-58.214833014432735,3.6037479111959896,3.7433422644397143
2021-05-31 09:00:00,4,-60.0,-58.28421257648579,3.6037479111959896,3.7801901476202207
2021-05-31 09:00:00,8,-59.2,-58.36599232082232,3.6037479111959896,3.769171989720903
2021-05-31 12:00:00,1,-56.3,-57.305835996791366,3.6037479111959896,4.121101430150396
2021-05-31 12:00:00,2,-60.0,-57.406921565147286,3.6037479111959896,4.039635690073735
2021-05-31 12:00:00,4,-57.7,-58.16975090725582,3.6037479111959896,3.931049530256205
2021-05-31 12:00:00,8,-63.36666666666667,-57.09223267087572,3.6037479111959896,3.9307411264491785
2021-05-31 15:00:00,1,-60.0,-56.048169817201504,3.6037479111959896,4.479062380459915
2021-05-31 15:00:00,2,-60.0,-56.09768156446319,3.6037479111959896,4.409710714196768
2021-05-31 15:00:00,4,-58.8,-56.91483091718826,3.6037479111959896,4.2503456596037115
2021-05-31 15:00:00,8,-67.53333333333333,-56.76183397302441,3.6037479111959896,4.004874598005882
2021-05-31 18:00:00,1,-60.0,-60.799128486093444,3.6037479111959896,3.8807515033461106
2021-05-31 18:00:00,2,-57.7,-60.59464886421055,3.6037479111959896,3.763793931735078
2021-05-31 18:00:00,4,-58.9,-60.342403629214544,3.6037479111959896,3.7343846641341965
2021-05-31 18:00:00,8,-71.7,-60.09638784577561,3.6037479111959896,3.7395461622890673
2021-05-31 21:00:00,1,-57.7,-57.879934787900666,3.6037479111959896,3.925448327399632
2021-05-31 21:00:00,2,-58.8,-57.65599407403509,3.6037479111959896,3.832807561512126
2021-05-31 21:00:00,4,-59.2,-57.62407443918877,3.6037479111959896,3.8033929752252567
2021-05-31 21:00:00,8,-71.0,-58.41885367718518,3.6037479111959896,3.710876325340829
2021-06-01 00:00:00,1,-58.8,-55.01121938904727,3.6037479111959896,3.9988503529976938
2021-06-01 00:00:00,2,-58.9,-54.779976397650934,3.6037479111959896,3.9406781647787748
2021-06-01 00:00:00,4,-63.36666666666667,-55.064487288093574,3.6037479111959896,3.915471912131673
2021-06-01 00:00:00,8,-71.6,-56.653069305120106,3.6037479111959896,3.752075960062201
2021-06-01 03:00:00,1,-58.9,-57.6534712398196,3.6037479111959896,3.774403110675052
2021-06-01 03:00:00,2,-59.2,-57.460817200680886,3.6037479111959896,3.7008763558920688
2021-06-01 03:00:00,4,-67.53333333333333,-57.60023810494605,3.6037479111959896,3.7004331720499093
2021-06-01 03:00:00,8,-69.1,-58.68826088550569,3.6037479111959896,3.637015413113407
2021-06-01 06:00:00,1,-59.2,-58.996497693414376,3.6037479111959896,3.6562757880578824
2021-06-01 06:00:00,2,-63.36666666666667,-58.8345225864177,3.6037479111959896,3.5907768499555948
2021-06-01 06:00:00,4,-71.7,-58.992842591893556,3.6037479111959896,3.60724938365264
2021-06-01 06:00:00,8,-66.69999999999999,-59.53004164531563,3.6037479111959896,3.6221497824215274
2021-06-01 09:00:00,1,-63.36666666666667,-60.18898735347468,3.6037479111959896,3.5115028084069273
2021-06-01 09:00:00,2,-67.53333333333333,-60.07400692353211,3.6037479111959896,3.4780438346430933
2021-06-01 09:00:00,4,-71.0,-60.26900547289136,3.6037479111959896,3.523343763029477
2021-06-01 09:00:00,8,-64.3,-60.10810103036539,3.6037479111959896,3.6087784958764755
2021-06-01 12:00:00,1,-67.53333333333333,-64.50667383295341,3.6037479111959896,3.4366489814849173
2021-06-01 12:00:00,2,-71.7,-64.40729080843617,3.6037479111959896,3.334610830609951
2021-06-01 12:00:00,4,-71.6,-64.04086273809321,3.6037479111959896,3.3459163575130666
2021-06-01 12:00:00,8,-61.9,-62.25689724405369,3.6037479111959896,3.5983060098323847
2021-06-01 15:00:00,1,-71.7,-68.29035596039846,3.6037479111959896,3.3501907415013745
2021-06-01 15:00:00,2,-71.0,-67.884314745641,3.6037479111959896,3.260948016107988
2021-06-01 15:00:00,4,-69.1,-66.80313096047573,3.6037479111959896,3.3502222270560162
2021-06-01 15:00:00,8,-59.5,-64.45177237803817,3.6037479111959896,3.6240160380187776
2021-06-01 18:00:00,1,-71.0,-69.79252703285182,3.6037479111959896,3.387469931458339
2021-06-01 18:00:00,2,-71.6,-69.19664965832642,3.6037479111959896,3.3299482491947665
2021-06-01 18:00:00,4,-66.69999999999999,-67.80559568950878,3.6037479111959896,3.4747660711005124
2021-06-01 18:00:00,8,-57.6,-65.22543409227656,3.6037479111959896,3.693299227866092
2021-06-01 21:00:00,1,-71.6,-66.33351417938786,3.6037479111959896,3.5645310408037054
2021-06-01 21:00:00,2,-69.1,-65.7244732517804,3.6037479111959896,3.5243556063809622
2021-06-01 21:00:00,4,-64.3,-64.71250079168706,3.6037479111959896,3.6489700863077816
2021-06-01 21:00:00,8,-58.6,-63.465281876448074,3.6037479111959896,3.7083739435689567
2021-06-02 00:00:00,1,-69.1,-66.53542305373946,3.6037479111959896,3.6358349180949743
2021-06-02 00:00:00,2,-66.69999999999999,-65.97439775308852,3.6037479111959896,3.568658247819616
2021-06-02 00:00:00,4,-61.9,-64.91274963175837,3.6037479111959896,3.6673115016199707
2021-06-02 00:00:00,8,-61.2,-63.75306726376372,3.6037479111959896,3.7084318359329744
2021-06-02 03:00:00,1,-66.69999999999999,-63.389671061585474,3.6037479111959896,3.6528403967914906
2021-06-02 03:00:00,2,-64.3,-62.90021456524484,3.6037479111959896,3.60706866496692
2021-06-02 03:00:00,4,-59.5,-62.25690372856259,3.6037479111959896,3.690724210705886
2021-06-02 03:00:00,8,-62.0,-61.7231104833189,3.6037479111959896,3.703445747775366
2021-06-02 06:00:00,1,-64.3,-61.86577688429223,3.6037479111959896,3.755856759326849
2021-06-02 06:00:00,2,-61.9,-61.68934204293297,3.6037479111959896,3.6839291827908123
2021-06-02 06:00:00,4,-57.6,-61.68900773047374,3.6037479111959896,3.7144766758530694
2021-06-02 06:00:00,8,-62.3,-61.4685041665796,3.6037479111959896,3.677972187834769
2021-06-02 09:00:00,1,-61.9,-60.51647738883051,3.6037479111959896,3.639833690174824
2021-06-02 09:00:00,2,-59.5,-60.491399631382514,3.6037479111959896,3.611305404922074
2021-06-02 09:00:00,4,-58.6,-60.900518105867036,3.6037479111959896,3.668196469650083
2021-06-02 09:00:00,8,-62.4,-60.393368266721986,3.6037479111959896,3.681700546721788
2021-06-02 12:00:00,1,-59.5,-59.62010787153486,3.6037479111959896,3.703535765535949
2021-06-02 12:00:00,2,-57.6,-59.767041079369285,3.6037479111959896,3.674565069583363
2021-06-02 12:00:00,4,-61.2,-60.52533090499212,3.6037479111959896,3.688064601111405
2021-06-02 12:00:00,8,-62.0,-59.60134530526172,3.6037479111959896,3.7175008087232655
2021-06-02 15:00:00,1,-57.6,-60.35173916053827,3.6037479111959896,3.7619750077776017
2021-06-02 15:00:00,2,-58.6,-60.26064982291364,3.6037479111959896,3.7584198194411136
2021-06-02 15:00:00,4,-62.0,-60.72484195204994,3.6037479111959896,3.7802050639350573
2021-06-02 15:00:00,8,-62.5,-60.067997945277895,3.6037479111959896,3.7461027424473943
2021-06-02 18:00:00,1,-58.6,-59.18832892042284,3.6037479111959896,3.807722718869969
2021-06-02 18:00:00,2,-61.2,-59.0335379287946,3.6037479111959896,3.7841374390853257
2021-06-02 18:00:00,4,-62.3,-59.43699686800491,3.6037479111959896,3.805547789532381
2021-06-02 18:00:00,8,-63.5,-59.86880896216247,3.6037479111959896,3.7064733064658597
2021-06-02 21:00:00,1,-61.2,-58.24298514960385,3.6037479111959896,3.728682406243864
2021-06-02 21:00:00,2,-62.0,-58.04124487248384,3.6037479111959896,3.674546180916586
2021-06-02 21:00:00,4,-62.4,-58.21714618286021,3.6037479111959896,3.7068998144278935
2021-06-02 21:00:00,8,-63.3,-59.273928761006836,3.6037479111959896,3.639100777911774
2021-06-03 00:00:00,1,-62.0,-58.90519220549283,3.6037479111959896,3.7226333407010674
2021-06-03 00:00:00,2,-62.3,-58.72761032655795,3.6037479111959896,3.6284914656713996
2021-06-03 00:00:00,4,-62.0,-58.852151804634026,3.6037479111959896,3.6227646705098104
2021-06-03 00:00:00,8,-63.2,-59.85528587908652,3.6037479111959896,3.594323183812967
2021-06-03 03:00:00,1,-62.3,-60.65545266323353,3.6037479111959896,3.548866910719129
2021-06-03 03:00:00,2,-62.4,-60.342246559998785,3.6037479111959896,3.508823377042864
2021-06-03 03:00:00,4,-62.5,-60.28522395016983,3.6037479111959896,3.5713360362562407
2021-06-03 03:00:00,8,-61.4,-60.89182454092514,3.6037479111959896,3.5774606031459855
2021-06-03 06:00:00,1,-62.4,-61.88900799770359,3.6037479111959896,3.5171972948839
2021-06-03 06:00:00,2,-62.0,-61.61303378311233,3.6037479111959896,3.4720112450298215
2021-06-03 06:00:00,4,-63.5,-61.466295831046125,3.6037479111959896,3.5173174252049977
2021-06-03 06:00:00,8,-59.7,-61.2363414556699,3.6037479111959896,3.5917655523575203
2021-06-03 09:00:00,1,-62.0,-62.85327824877089,3.6037479111959896,3.507935463073897
2021-06-03 09:00:00,2,-62.5,-62.6654839888078,3.6037479111959896,3.4644574045838445
2021-06-03 09:00:00,4,-63.3,-62.55643760501652,3.6037479111959896,3.5022970294154123
2021-06-03 09:00:00,8,-60.5,-61.563787540465356,3.6037479111959896,3.62144655949022
2021-06-03 12:00:00,1,-62.5,-62.671694707339135,3.6037479111959896,3.5198227795758052
2021-06-03 12:00:00,2,-63.5,-62.54014347513413,3.6037479111959896,3.498596956873419
2021-06-03 12:00:00,4,-63.2,-62.551714721028944,3.6037479111959896,3.5451230123379003
2021-06-03 12:00:00,8,-58.8,-61.0904299182389,3.6037479111959896,3.6691543396693302
2021-06-03 15:00:00,1,-63.5,-63.32474023289341,3.6037479111959896,3.5172024935995263
2021-06-03 15:00:00,2,-63.3,-63.13094492018699,3.6037479111959896,3.4919994534920815
2021-06-03 15:00:00,4,-61.4,-63.00589332741019,3.6037479111959896,3.5438097301253246
2021-06-03 15:00:00,8,-57.75,-61.63487072710859,3.6037479111959896,3.6571531579651557
2021-06-03 18:00:00,1,-63.3,-63.385465497308516,3.6037479111959896,3.5096594638160448
2021-06-03 18:00:00,2,-63.2,-63.09011845210581,3.6037479111959896,3.4758321410549966
2021-06-03 18:00:00,4,-59.7,-62.78514479317955,3.6037479111959896,3.5385336669410843
2021-06-03 18:00:00,8,-56.7,-61.739796565739695,3.6037479111959896,3.6449507593061465
2021-06-03 21:00:00,1,-63.2,-61.92822126406878,3.6037479111959896,3.566432357738846
2021-06-03 21:00:00,2,-61.4,-61.526406508117,3.6037479111959896,3.540943588222531
2021-06-03 21:00:00,4,-60.5,-61.19157024467004,3.6037479111959896,3.6100951605867184
2021-06-03 21:00:00,8,-55.5,-60.86738082434809,3.6037479111959896,3.6498994966914826
2021-06-04 00:00:00,1,-61.4,-61.326326265277295,3.6037479111959896,3.5998361318067555
2021-06-04 00:00:00,2,-59.7,-60.90615170310561,3.6037479111959896,3.564876955343485
2021-06-04 00:00:00,4,-58.8,-60.558319763307175,3.6037479111959896,3.621962975240007
2021-06-04 00:00:00,8,-55.8,-60.56613287603964,3.6037479111959896,3.643391797790087
2021-06-04 03:00:00,1,-59.7,-59.60054843116709,3.6037479111959896,3.6236598593481455
2021-06-04 03:00:00,2,-60.5,-59.17466966265984,3.6037479111959896,3.607449224280838
2021-06-04 03:00:00,4,-57.75,-58.99184902102874,3.6037479111959896,3.6815176585720475
2021-06-04 03:00:00,8,-60.93333333333333,-59.58989078052724,3.6037479111959896,3.650622531394842
2021-06-04 06:00:00,1,-60.5,-59.2555509422622,3.6037479111959896,3.583486197820731
2021-06-04 06:00:00,2,-58.8,-58.94671683903304,3.6037479111959896,3.5863265894186225
2021-06-04 06:00:00,4,-56.7,-59.05410102704104,3.6037479111959896,3.678749662421769
2021-06-04 06:00:00,8,-66.06666666666666,-59.70584748931087,3.6037479111959896,3.639599807956801
2021-06-04 09:00:00,1,-58.8,-61.77821872201819,3.6037479111959896,3.5340251907866227
2021-06-04 09:00:00,2,-57.75,-61.714672696228355,3.6037479111959896,3.483422985692204
2021-06-04 09:00:00,4,-55.5,-61.875443125570236,3.6037479111959896,3.504572613885558
2021-06-04 09:00:00,8,-71.2,-61.08523798810702,3.6037479111959896,3.611780744153389
2021-06-04 12:00:00,1,-57.75,-59.86809062267572,3.6037479111959896,3.5981714497429125
2021-06-04 12:00:00,2,-56.7,-59.879260549519266,3.6037479111959896,3.582240039024921
2021-06-04 12:00:00,4,-55.8,-60.328252269275566,3.6037479111959896,3.618012224629504
2021-06-04 12:00:00,8,-72.0,-59.63190391373847,3.6037479111959896,3.6755906295460785
2021-06-04 15:00:00,1,-56.7,-57.51339540015479,3.6037479111959896,3.620216590028073
2021-06-04 15:00:00,2,-55.5,-57.707452614970975,3.6037479111959896,3.598366108318034
2021-06-04 15:00:00,4,-60.93333333333333,-58.63682287884801,3.6037479111959896,3.630254413458118
2021-06-04 15:00:00,8,-72.6,-58.54293151287438,3.6037479111959896,3.6673272443972915
2021-06-04 18:00:00,1,-55.5,-58.80038380852305,3.6037479111959896,3.6422795392467657
2021-06-04 18:00:00,2,-55.8,-58.58249458247009,3.6037479111959896,3.6404987392038852
2021-06-04 18:00:00,4,-66.06666666666666,-58.83364933921816,3.6037479111959896,3.71235209407682
2021-06-04 18:00:00,8,-72.5,-59.4413061844244,3.6037479111959896,3.654612239047445
2021-06-04 21:00:00,1,-55.8,-56.88326684958036,3.6037479111959896,3.5456374685717966
2021-06-04 21:00:00,2,-60.93333333333333,-56.51922399776385,3.6037479111959896,3.578348520447463
2021-06-04 21:00:00,4,-71.2,-56.69538540899751,3.6037479111959896,3.716733998168321
2021-06-04 21:00:00,8,-72.3,-58.23240099006494,3.6037479111959896,3.6381084897290696
2021-06-05 00:00:00,1,-60.93333333333333,-55.76559293154051,3.6037479111959896,3.5017676935242896
2021-06-05 00:00:00,2,-66.06666666666666,-55.32216131792183,3.6037479111959896,3.5451530282556245
2021-06-05 00:00:00,4,-72.0,-55.479949593667286,3.6037479111959896,3.699879082274379
2021-06-05 00:00:00,8,-71.8,-57.57789320775204,3.6037479111959896,3.6115516340897105
2021-06-05 03:00:00,1,-66.06666666666666,-62.16626902706247,3.6037479111959896,3.50866704233294
2021-06-05 03:00:00,2,-71.2,-61.91802329306037,3.6037479111959896,3.4365654421238077
2021-06-05 03:00:00,4,-72.6,-61.79315758953892,3.6037479111959896,3.457731612896887
2021-06-05 03:00:00,8,-71.5,-62.203356095007024,3.6037479111959896,3.5057178776080895
2021-06-05 06:00:00,1,-71.2,-66.05056479471519,3.6037479111959896,3.5498185955997843
2021-06-05 06:00:00,2,-72.0,-65.78339582271923,3.6037479111959896,3.440585249006886
2021-06-05 06:00:00,4,-72.5,-65.24862269612952,3.6037479111959896,3.471319989141986
2021-06-05 06:00:00,8,-71.1,-64.33797140821576,3.6037479111959896,3.5958935825034053
2021-06-05 09:00:00,1,-72.0,-69.47277157562057,3.6037479111959896,3.315919501745962
2021-06-05 09:00:00,2,-72.6,-68.86552037247155,3.6037479111959896,3.262704648788224
2021-06-05 09:00:00,4,-72.3,-67.49726161396649,3.6037479111959896,3.4202012449949097
2021-06-05 09:00:00,8,-72.4,-65.00017666285228,3.6037479111959896,3.664707411642375
2021-06-05 12:00:00,1,-72.6,-70.01931192437429,3.6037479111959896,3.438114672710617
2021-06-05 12:00:00,2,-72.5,-69.35577230190484,3.6037479111959896,3.406094250210903
2021-06-05 12:00:00,4,-71.8,-67.85629158014706,3.6037479111959896,3.5781824648058187
2021-06-05 12:00:00,8,-74.0,-64.93903494886513,3.6037479111959896,3.775399397869777
2021-06-05 15:00:00,1,-72.5,-69.4696244272975,3.6037479111959896,3.5927309005292463
2021-06-05 15:00:00,2,-72.3,-68.90265499348142,3.6037479111959896,3.5386772548001932
2021-06-05 15:00:00,4,-71.5,-67.47213630345317,3.6037479111959896,3.6784834481915594
2021-06-05 15:00:00,8,-75.1,-64.87107729551528,3.6037479111959896,3.8001587475935397
2021-06-05 18:00:00,1,-72.3,-68.52905073328091,3.6037479111959896,3.7054897094692802
2021-06-05 18:00:00,2,-71.8,-68.03339504642477,3.6037479111959896,3.626396516574223
2021-06-05 18:00:00,4,-71.1,-66.76112142976945,3.6037479111959896,3.729960450495518
2021-06-05 18:00:00,8,-74.0,-64.59636611915899,3.6037479111959896,3.800625992158023
2021-06-05 21:00:00,1,-71.8,-66.22920581010494,3.6037479111959896,3.8083618143110165
2021-06-05 21:00:00,2,-71.5,-65.80154956565607,3.6037479111959896,3.7019734981699526
2021-06-05 21:00:00,4,-72.4,-64.80456064414484,3.6037479111959896,3.760616223473252
2021-06-05 21:00:00,8,-74.7,-63.53325826282366,3.6037479111959896,3.7746455441137794
2021-06-06 00:00:00,1,-71.5,-65.42240609384663,3.6037479111959896,3.7507181888408963
2021-06-06 00:00:00,2,-71.1,-64.9256710965079,3.6037479111959896,3.650896063817049
2021-06-06 00:00:00,4,-74.0,-63.93328689682194,3.6037479111959896,3.718167324056734
2021-06-06 00:00:00,8,-74.0,-63.032880412480935,3.6037479111959896,3.739946436732246
2021-06-06 03:00:00,1,-71.1,-66.05116713354259,3.6037479111959896,3.6298583946302307
2021-06-06 03:00:00,2,-72.4,-65.53790960750773,3.6037479111959896,3.55127576892988
2021-06-06 03:00:00,4,-75.1,-64.5545251856843,3.6037479111959896,3.637517062511307
2021-06-06 03:00:00,8,-73.5,-63.306154909863736,3.6037479111959896,3.7159879691458433
2021-06-06 06:00:00,1,-72.4,-66.57795134515834,3.6037479111959896,3.507666662815914
2021-06-06 06:00:00,2,-74.0,-66.12460779942417,3.6037479111959896,3.4606670076903465
2021-06-06 06:00:00,4,-74.0,-65.29023018728354,3.6037479111959896,3.5624009437233783
2021-06-06 06:00:00,8,-73.7,-63.49840042494128,3.6037479111959896,3.7002823959666937
2021-06-06 09:00:00,1,-74.0,-68.81995444888004,3.6037479111959896,3.4037720372605977
2021-06-06 09:00:00,2,-75.1,-68.27703245609666,3.6037479111959896,3.3810186052963935
2021-06-06 09:00:00,4,-74.7,-67.16705889238438,3.6037479111959896,3.528679261529873
2021-06-06 09:00:00,8,-73.0,-64.60956425628856,3.6037479111959896,3.715037310678273
2021-06-06 12:00:00,1,-75.1,-70.72010000701,3.6037479111959896,3.3452788083566674
2021-06-06 12:00:00,2,-74.0,-70.05425478137346,3.6037479111959896,3.339514632430216
2021-06-06 12:00:00,4,-74.0,-68.58450625345723,3.6037479111959896,3.5324316611441557
2021-06-06 12:00:00,8,-72.1,-65.34909655914518,3.6037479111959896,3.7570284031986763
2021-06-06 15:00:00,1,-74.0,-71.4102419670217,3.6037479111959896,3.4110014511913858
2021-06-06 15:00:00,2,-74.7,-70.68644396477848,3.6037479111959896,3.4058155457331494
2021-06-06 15:00:00,4,-73.5,-69.04067704507506,3.6037479111959896,3.6085149443217697
2021-06-06 15:00:00,8,-71.7,-65.60564678755473,3.6037479111959896,3.808407056467009
2021-06-06 18:00:00,1,-74.7,-68.86138181478663,3.6037479111959896,3.556173265641193
2021-06-06 18:00:00,2,-74.0,-68.24166450351356,3.6037479111959896,3.541587229207242
2021-06-06 18:00:00,4,-73.7,-66.97016182291723,3.6037479111959896,3.6978706451372476
2021-06-06 18:00:00,8,-70.0,-64.34646323288054,3.6037479111959896,3.812717271603021
2021-06-06 21:00:00,1,-74.0,-68.65423345723784,3.6037479111959896,3.5902988347187357
2021-06-06 21:00:00,2,-73.5,-68.08001866546918,3.6037479111959896,3.5357231846205974
2021-06-06 21:00:00,4,-73.0,-66.84636822486848,3.6037479111959896,3.6612892427877517
2021-06-06 21:00:00,8,-66.85,-64.56379515141796,3.6037479111959896,3.773419433698232
2021-06-07 00:00:00,1,-73.5,-67.14129089498823,3.6037479111959896,3.5698783863772126
2021-06-07 00:00:00,2,-73.7,-66.50773275970276,3.6037479111959896,3.5191025975010204
2021-06-07 00:00:00,4,-72.1,-65.33339540157732,3.6037479111959896,3.646196998082197
2021-06-07 00:00:00,8,-63.7,-63.72554412595663,3.6037479111959896,3.7384455408707256
2021-06-07 03:00:00,1,-73.7,-67.10265619091778,3.6037479111959896,3.5186335267210476
2021-06-07 03:00:00,2,-73.0,-66.52865899044802,3.6037479111959896,3.475147243596273
2021-06-07 03:00:00,4,-71.7,-65.50431985136726,3.6037479111959896,3.5970145055727714
2021-06-07 03:00:00,8,-60.55,-63.82014158290018,3.6037479111959896,3.709698269719729
2021-06-07 06:00:00,1,-73.0,-69.07778428704732,3.6037479111959896,3.4364818227824574
2021-06-07 06:00:00,2,-72.1,-68.51116357571026,3.6037479111959896,3.4096645414827886
2021-06-07 06:00:00,4,-70.0,-67.37145349515049,3.6037479111959896,3.5544939038707244
2021-06-07 06:00:00,8,-57.4,-64.84561334953679,3.6037479111959896,3.723633680227973
2021-06-07 09:00:00,1,-72.1,-69.10314592188526,3.6037479111959896,3.407424361599065
2021-06-07 09:00:00,2,-71.7,-68.50042522895956,3.6037479111959896,3.410306489552411
2021-06-07 09:00:00,4,-66.85,-67.33460419253254,3.6037479111959896,3.580873026753339
2021-06-07 09:00:00,8,-59.2,-64.56521021536176,3.6037479111959896,3.7534535530530873
2021-06-07 12:00:00,1,-71.7,-69.08770414467371,3.6037479111959896,3.5424277548837657
2021-06-07 12:00:00,2,-70.0,-68.47304330934645,3.6037479111959896,3.5593294325582683
2021-06-07 12:00:00,4,-63.7,-67.2471930124604,3.6037479111959896,3.7357074040102005
2021-06-07 12:00:00,8,-60.0,-64.38115967854122,3.6037479111959896,3.8310783087341904
2021-06-07 15:00:00,1,-70.0,-69.02745441091182,3.6037479111959896,3.6153342229122383
2021-06-07 15:00:00,2,-66.85,-68.43778054990786,3.6037479111959896,3.6159988720400973
2021-06-07 15:00:00,4,-60.55,-67.20878454570072,3.6037479111959896,3.7762402034771423
2021-06-07 15:00:00,8,-59.6,-64.43932572344086,3.6037479111959896,3.8451351559074594
2021-06-07 18:00:00,1,-66.85,-66.70743113701792,3.6037479111959896,3.7678373461191175
2021-06-07 18:00:00,2,-63.7,-66.19712190103297,3.6037479111959896,3.7384325174215784
2021-06-07 18:00:00,4,-57.4,-65.21329365059987,3.6037479111959896,3.851417763752257
2021-06-07 18:00:00,8,-61.4,-63.22838115103001,3.6037479111959896,3.8515203784007053
2021-06-07 21:00:00,1,-63.7,-61.346250999646855,3.6037479111959896,4.126129734544902
2021-06-07 21:00:00,2,-60.55,-61.09438402767045,3.6037479111959896,4.0119060075214925
2021-06-07 21:00:00,4,-59.2,-60.902404377458105,3.6037479111959896,3.975146795767522
2021-06-07 21:00:00,8,-61.6,-60.58203000987669,3.6037479111959896,3.8505854360503755
2021-06-08 00:00:00,1,-60.55,-58.621334989573114,3.6037479111959896,4.181207593902624
2021-06-08 00:00:00,2,-57.4,-58.38313700212307,3.6037479111959896,4.057380159531572
2021-06-08 00:00:00,4,-60.0,-58.38925153377228,3.6037479111959896,3.997827512363152
2021-06-08 00:00:00,8,-62.7,-59.12029633497006,3.6037479111959896,3.818356198472988
2021-06-08 03:00:00,1,-57.4,-57.14511528201778,3.6037479111959896,4.09265171215381
2021-06-08 03:00:00,2,-59.2,-56.96824814006469,3.6037479111959896,3.98516776002939
2021-06-08 03:00:00,4,-59.6,-57.22178127057981,3.6037479111959896,3.9472572327146977
2021-06-08 03:00:00,8,-62.7,-58.47661768253256,3.6037479111959896,3.7804379663951355
2021-06-08 06:00:00,1,-59.2,-56.705290136103116,3.6037479111959896,4.0158543387297225
2021-06-08 06:00:00,2,-60.0,-56.49007252772001,3.6037479111959896,3.970740284422055
2021-06-08 06:00:00,4,-61.4,-56.82866872558179,3.6037479111959896,3.9758473426932857
2021-06-08 06:00:00,8,-59.7,-58.252593750802674,3.6037479111959896,3.7556387331914878
2021-06-08 09:00:00,1,-60.0,-59.849275459830324,3.6037479111959896,3.7412117907857554
2021-06-08 09:00:00,2,-59.6,-59.8183292218211,3.6037479111959896,3.6573974975996126
2021-06-08 09:00:00,4,-61.6,-60.08454208900371,3.6037479111959896,3.6518442962173268
2021-06-08 09:00:00,8,-59.6,-60.0738462518114,3.6037479111959896,3.654433329914665
2021-06-08 12:00:00,1,-59.6,-61.0320859095948,3.6037479111959896,3.6675521754934084
2021-06-08 12:00:00,2,-61.4,-61.02243479883758,3.6037479111959896,3.590922693923985
2021-06-08 12:00:00,4,-62.7,-61.22919696785589,3.6037479111959896,3.591244104517608
2021-06-08 12:00:00,8,-60.9,-60.613327131867905,3.6037479111959896,3.6587874475376427
2021-06-08 15:00:00,1,-61.4,-60.203119980387925,3.6037479111959896,3.7994524687505464
2021-06-08 15:00:00,2,-61.6,-60.14454541142712,3.6037479111959896,3.726185196527538
2021-06-08 15:00:00,4,-62.7,-60.342856824337076,3.6037479111959896,3.7199258496026597
2021-06-08 15:00:00,8,-60.1,-60.1831858795055,3.6037479111959896,3.696059679213692
2021-06-08 18:00:00,1,-61.6,-61.58079136382261,3.6037479111959896,3.8317056204198177
2021-06-08 18:00:00,2,-62.7,-61.43311315796483,3.6037479111959896,3.7205787149750984
2021-06-08 18:00:00,4,-59.7,-61.259824744427654,3.6037479111959896,3.700327811413207
2021-06-08 18:00:00,8,-60.5,-60.945298683379754,3.6037479111959896,3.7049349665217863
2021-06-08 21:00:00,1,-62.7,-60.23051198701488,3.6037479111959896,3.7912948841297838
2021-06-08 21:00:00,2,-62.7,-59.934538105951134,3.6037479111959896,3.7015338334583707
2021-06-08 21:00:00,4,-59.6,-59.71741153019578,3.6037479111959896,3.7062994294232054
2021-06-08 21:00:00,8,-58.1,-60.084132844441555,3.6037479111959896,3.675624581158133
2021-06-09 00:00:00,1,-62.7,-60.5983716928244,3.6037479111959896,3.7397919015777314
2021-06-09 00:00:00,2,-59.7,-60.2859610226823,3.6037479111959896,3.649954936328128
2021-06-09 00:00:00,4,-60.9,-60.0414280302802,3.6037479111959896,3.655201960020079
2021-06-09 00:00:00,8,-59.53333333333333,-60.321065271903166,3.6037479111959896,3.652157698789379
2021-06-09 03:00:00,1,-59.7,-60.89935521726963,3.6037479111959896,3.7057885156474573
2021-06-09 03:00:00,2,-59.6,-60.569679902412,3.6037479111959896,3.624214602295639
2021-06-09 03:00:00,4,-60.1,-60.29870452368738,3.6037479111959896,3.6425955145165507
2021-06-09 03:00:00,8,-60.96666666666667,-60.51592620557338,3.6037479111959896,3.651084064037156
2021-06-09 06:00:00,1,-59.6,-58.7822516806159,3.6037479111959896,3.6989690004487774
2021-06-09 06:00:00,2,-60.9,-58.57661529439402,3.6037479111959896,3.66901432092845
2021-06-09 06:00:00,4,-60.5,-58.74589015716799,3.6037479111959896,3.7286293526843908
2021-06-09 06:00:00,8,-62.4,-59.452357949105625,3.6037479111959896,3.6698232877351114
2021-06-09 09:00:00,1,-60.9,-60.642585236058224,3.6037479111959896,3.655975728855939
2021-06-09 09:00:00,2,-60.1,-60.55360192282652,3.6037479111959896,3.619786123044139
2021-06-09 09:00:00,4,-58.1,-60.82929298052883,3.6037479111959896,3.6536217904102704
2021-06-09 09:00:00,8,-59.4,-60.64710854127165,3.6037479111959896,3.6522755763337056
2021-06-09 12:00:00,1,-60.1,-62.56228951405498,3.6037479111959896,3.4718988328019234
2021-06-09 12:00:00,2,-60.5,-62.439957092013366,3.6037479111959896,3.4363395512648056
2021-06-09 12:00:00,4,-59.53333333333333,-62.46684762995149,3.6037479111959896,3.4810481457437077
2021-06-09 12:00:00,8,-61.0,-61.36760881048495,3.6037479111959896,3.618211048842147
2021-06-09 15:00:00,1,-60.5,-61.397815814478726,3.6037479111959896,3.606422877845758
2021-06-09 15:00:00,2,-58.1,-61.22318871010266,3.6037479111959896,3.5870800965935783
2021-06-09 15:00:00,4,-60.96666666666667,-61.32635220331292,3.6037479111959896,3.6417228234533416
2021-06-09 15:00:00,8,-61.0,-60.910193713657904,3.6037479111959896,3.6582365036515685
2021-06-09 18:00:00,1,-58.1,-61.68349013389451,3.6037479111959896,3.6888977819358506
2021-06-09 18:00:00,2,-59.53333333333333,-61.514723584568785,3.6037479111959896,3.6318633526269046
2021-06-09 18:00:00,4,-62.4,-61.51833617653121,3.6037479111959896,3.6470024790833806
2021-06-09 18:00:00,8,-62.1,-61.100086072503046,3.6037479111959896,3.6615634817020823
2021-06-09 21:00:00,1,-59.53333333333333,-58.357734298728715,3.6037479111959896,3.7398599914224016
2021-06-09 21:00:00,2,-60.96666666666667,-58.041403382701574,3.6037479111959896,3.719152987209524
2021-06-09 21:00:00,4,-59.4,-58.095439155677674,3.6037479111959896,3.789633761186639
2021-06-09 21:00:00,8,-65.1,-59.12923775225241,3.6037479111959896,3.6898819521241535
2021-06-10 00:00:00,1,-60.96666666666667,-59.19008117882983,3.6037479111959896,3.7120414774831425
2021-06-10 00:00:00,2,-62.4,-59.039616075143826,3.6037479111959896,3.633407744409169
2021-06-10 00:00:00,4,-61.0,-59.187987402953716,3.6037479111959896,3.6609466074378294
2021-06-10 00:00:00,8,-64.2,-60.1611832202816,3.6037479111959896,3.61274127351563
2021-06-10 03:00:00,1,-62.4,-60.53043205199929,3.6037479111959896,3.6849898674091084
2021-06-10 03:00:00,2,-59.4,-60.38595215003485,3.6037479111959896,3.5953485471575917
2021-06-10 03:00:00,4,-61.0,-60.470703960953955,3.6037479111959896,3.6002391089155585
2021-06-10 03:00:00,8,-62.7,-60.94578646254979,3.6037479111959896,3.605949513126628
2021-06-10 06:00:00,1,-59.4,-62.59881026822161,3.6037479111959896,3.5255353149270308
2021-06-10 06:00:00,2,-61.0,-62.33492822174073,3.6037479111959896,3.465287919400277
2021-06-10 06:00:00,4,-62.1,-62.11807759786444,3.6037479111959896,3.5023899931148508
2021-06-10 06:00:00,8,-62.8,-61.66053209035825,3.6037479111959896,3.5995204531303617
2021-06-10 09:00:00,1,-61.0,-59.749158244804576,3.6037479111959896,3.6329549629381597
2021-06-10 09:00:00,2,-61.0,-59.58963356167391,3.6037479111959896,3.62432754772514
2021-06-10 09:00:00,4,-65.1,-59.87114842887607,3.6037479111959896,3.696994608233981
2021-06-10 09:00:00,8,-63.2,-60.10506267769176,3.6037479111959896,3.6633040916741564
2021-06-10 12:00:00,1,-61.0,-62.62976010873578,3.6037479111959896,3.5200967385592943
2021-06-10 12:00:00,2,-62.1,-62.5852706136229,3.6037479111959896,3.4910793874664687
2021-06-10 12:00:00,4,-64.2,-62.78024250444553,3.6037479111959896,3.529311038778923
2021-06-10 12:00:00,8,-64.4,-61.4847341718739,3.6037479111959896,3.6393860407692413
2021-06-10 15:00:00,1,-62.1,-60.647347747600236,3.6037479111959896,3.722007708600489
2021-06-10 15:00:00,2,-65.1,-60.42559483498992,3.6037479111959896,3.683657569894375
2021-06-10 15:00:00,4,-62.7,-60.42486352648537,3.6037479111959896,3.7210371483830964
2021-06-10 15:00:00,8,-62.9,-60.19841654992707,3.6037479111959896,3.701171323018706
2021-06-10 18:00:00,1,-65.1,-60.91754714675893,3.6037479111959896,3.7718622184174215
2021-06-10 18:00:00,2,-64.2,-60.703163518271424,3.6037479111959896,3.6997618579020157
2021-06-10 18:00:00,4,-62.8,-60.58379163479654,3.6037479111959896,3.709012585788642
2021-06-10 18:00:00,8,-62.2,-60.29274453950046,3.6037479111959896,3.706192602482096
2021-06-10 21:00:00,1,-64.2,-62.462759507335846,3.6037479111959896,3.657864115652213
2021-06-10 21:00:00,2,-62.7,-62.07154332094275,3.6037479111959896,3.570282499871931
2021-06-10 21:00:00,4,-63.2,-61.522728350564506,3.6037479111959896,3.6113682260684072
2021-06-10 21:00:00,8,-63.9,-61.19293559404555,3.6037479111959896,3.6689862745241455
2021-06-11 00:00:00,1,-62.7,-59.95340010136086,3.6037479111959896,3.8065178965284114
2021-06-11 00:00:00,2,-62.8,-59.49335085291542,3.6037479111959896,3.733073734673693
2021-06-11 00:00:00,4,-64.4,-59.006548682220895,3.6037479111959896,3.7778810247692625
2021-06-11 00:00:00,8,-65.0,-59.600609673751215,3.6037479111959896,3.706039680262429
2021-06-11 03:00:00,1,-62.8,-59.77945819342602,3.6037479111959896,3.8025899336214057
2021-06-11 03:00:00,2,-63.2,-59.53064038163808,3.6037479111959896,3.7126913435965654
2021-06-11 03:00:00,4,-62.9,-59.40747145794741,3.6037479111959896,3.718737383220266
2021-06-11 03:00:00,8,-66.8,-59.9519965654329,3.6037479111959896,3.6707620891320403
2021-06-11 06:00:00,1,-63.2,-61.58118980086992,3.6037479111959896,3.700306056787815
2021-06-11 06:00:00,2,-64.4,-61.385761112419814,3.6037479111959896,3.608580531451417
2021-06-11 06:00:00,4,-62.2,-61.26274709644194,3.6037479111959896,3.6120794703513255
2021-06-11 06:00:00,8,-67.1,-61.024889545709534,3.6037479111959896,3.6533592086159796
2021-06-11 09:00:00,1,-64.4,-62.53839337823011,3.6037479111959896,3.5493277568643795
2021-06-11 09:00:00,2,-62.9,-62.29335963764016,3.6037479111959896,3.4889038716071177
2021-06-11 09:00:00,4,-63.9,-62.06762235455673,3.6037479111959896,3.5284867290961426
2021-06-11 09:00:00,8,-68.5,-61.35575080519624,3.6037479111959896,3.6350203693340344
2021-06-11 12:00:00,1,-62.9,-63.15357153326798,3.6037479111959896,3.572374436380052
2021-06-11 12:00:00,2,-62.2,-62.82917172665703,3.6037479111959896,3.5405647884739024
2021-06-11 12:00:00,4,-65.0,-62.442417602893244,3.6037479111959896,3.611182625255512
2021-06-11 12:00:00,8,-68.8,-61.211541091102944,3.6037479111959896,3.706034188285921
2021-06-11 15:00:00,1,-62.2,-61.11077110218051,3.6037479111959896,3.821609608032363
2021-06-11 15:00:00,2,-63.9,-60.79660673262945,3.6037479111959896,3.781447890220851
2021-06-11 15:00:00,4,-66.8,-60.61670051750175,3.6037479111959896,3.8154096197759104
2021-06-11 15:00:00,8,-68.2,-60.107941079145675,3.6037479111959896,3.7750116136741423
2021-06-11 18:00:00,1,-63.9,-60.30256208598631,3.6037479111959896,3.9709718005579657
2021-06-11 18:00:00,2,-65.0,-60.041641298573154,3.6037479111959896,3.8957871753616145
2021-06-11 18:00:00,4,-67.1,-60.006401595166224,3.6037479111959896,3.871264300548668
2021-06-11 18:00:00,8,-67.0,-59.79380336813123,3.6037479111959896,3.800163639718245
2021-06-11 21:00:00,1,-65.0,-62.97473310060703,3.6037479111959896,3.6928626690538464
2021-06-11 21:00:00,2,-66.8,-62.60125781008367,3.6037479111959896,3.5973624362811107
2021-06-11 21:00:00,4,-68.5,-61.99907316989432,3.6037479111959896,3.6273985990038677
2021-06-11 21:00:00,8,-64.6,-61.389838427520615,3.6037479111959896,3.6957336664237346
2021-06-12 00:00:00,1,-66.8,-62.98929010260322,3.6037479111959896,3.667950743691459
2021-06-12 00:00:00,2,-67.1,-62.55024129650498,3.6037479111959896,3.5807759207439496
2021-06-12 00:00:00,4,-68.8,-61.91077073009791,3.6037479111959896,3.6254726681497407
2021-06-12 00:00:00,8,-66.1,-61.54698978039116,3.6037479111959896,3.674662512176264
2021-06-12 03:00:00,1,-67.1,-64.22103121558118,3.6037479111959896,3.618125506642517
2021-06-12 03:00:00,2,-68.5,-63.79672674173644,3.6037479111959896,3.528831873826108
2021-06-12 03:00:00,4,-68.2,-63.102751716459466,3.6037479111959896,3.582459168221098
2021-06-12 03:00:00,8,-68.0,-62.414739557373366,3.6037479111959896,3.668100473366529
2021-06-12 06:00:00,1,-68.5,-65.10911929450104,3.6037479111959896,3.524683285425928
2021-06-12 06:00:00,2,-68.8,-64.66080484567507,3.6037479111959896,3.4584035935467834
2021-06-12 06:00:00,4,-67.0,-63.915355788690924,3.6037479111959896,3.5392870474806597
2021-06-12 06:00:00,8,-68.5,-62.73115549251729,3.6037479111959896,3.6691493808944244
2021-06-12 09:00:00,1,-68.8,-66.33899575091762,3.6037479111959896,3.482163070295043
2021-06-12 09:00:00,2,-68.2,-65.86482684457674,3.6037479111959896,3.4484953481037355
2021-06-12 09:00:00,4,-64.6,-64.97702552505078,3.6037479111959896,3.5662676417662285
2021-06-12 09:00:00,8,-70.3,-63.00266620347726,3.6037479111959896,3.722289438997338
2021-06-12 12:00:00,1,-68.2,-66.53792607417773,3.6037479111959896,3.545469136825811
2021-06-12 12:00:00,2,-67.0,-66.01621130752561,3.6037479111959896,3.5273721811184395
2021-06-12 12:00:00,4,-66.1,-65.06895856933437,3.6037479111959896,3.6593488821652507
2021-06-12 12:00:00,8,-70.2,-62.99863283893684,3.6037479111959896,3.770761796949681
2021-06-12 15:00:00,1,-67.0,-65.57248645000412,3.6037479111959896,3.704542583462328
2021-06-12 15:00:00,2,-64.6,-65.08771609210058,3.6037479111959896,3.6720880015575807
2021-06-12 15:00:00,4,-68.0,-64.21258982598567,3.6037479111959896,3.7793515014793466
2021-06-12 15:00:00,8,-68.66666666666667,-62.46535979540772,3.6037479111959896,3.8143091449880098
2021-06-12 18:00:00,1,-64.6,-63.45593121460356,3.6037479111959896,3.866535255553702
2021-06-12 18:00:00,2,-66.1,-63.050557183762585,3.6037479111959896,3.801190292744246
2021-06-12 18:00:00,4,-68.5,-62.4162432429389,3.6037479111959896,3.858615638808243
2021-06-12 18:00:00,8,-67.13333333333333,-61.422728577200076,3.6037479111959896,3.8229341341337366
2021-06-12 21:00:00,1,-66.1,-60.16904892958631,3.6037479111959896,4.0531781043406765
2021-06-12 21:00:00,2,-68.0,-59.738966037804076,3.6037479111959896,3.9742130264607187
2021-06-12 21:00:00,4,-70.3,-59.34758485668434,3.6037479111959896,3.9755508292820005
2021-06-12 21:00:00,8,-65.6,-59.52505145546087,3.6037479111959896,3.833309784101749
2021-06-13 00:00:00,1,-68.0,-62.00683656805849,3.6037479111959896,3.7901453547944306
2021-06-13 00:00:00,2,-68.5,-61.53571321940114,3.6037479111959896,3.6978714449396515
2021-06-13 00:00:00,4,-70.2,-60.88130882898026,3.6037479111959896,3.744593715261432
2021-06-13 00:00:00,8,-64.8,-60.879340420276364,3.6037479111959896,3.719274823775751
2021-06-13 03:00:00,1,-68.5,-64.31037910231366,3.6037479111959896,3.583137777233419
2021-06-13 03:00:00,2,-70.3,-63.75767342659096,3.6037479111959896,3.508800236093305
2021-06-13 03:00:00,4,-68.66666666666667,-62.85688147422045,3.6037479111959896,3.600115919350265
2021-06-13 03:00:00,8,-63.5,-62.1451403355391,3.6037479111959896,3.6882315332031834
2021-06-13 06:00:00,1,-70.3,-65.29312516026022,3.6037479111959896,3.524238968530362
2021-06-13 06:00:00,2,-70.2,-64.74272292620162,3.6037479111959896,3.47603106524294
2021-06-13 06:00:00,4,-67.13333333333333,-63.8412882869483,3.6037479111959896,3.589686769266437
2021-06-13 06:00:00,8,-64.4,-62.56424495374106,3.6037479111959896,3.702960214395908
2021-06-13 09:00:00,1,-70.2,-68.18849297147463,3.6037479111959896,3.448932880008906
2021-06-13 09:00:00,2,-68.66666666666667,-67.67794020615516,3.6037479111959896,3.4144952413633183
2021-06-13 09:00:00,4,-65.6,-66.61211317908466,3.6037479111959896,3.5520601851352454
2021-06-13 09:00:00,8,-64.3,-64.19497501778915,3.6037479111959896,3.7258083962849198
2021-06-13 12:00:00,1,-68.66666666666667,-68.4619937061682,3.6037479111959896,3.500505178769315
2021-06-13 12:00:00,2,-67.13333333333333,-67.89511505547682,3.6037479111959896,3.4950154283777555
2021-06-13 12:00:00,4,-64.8,-66.78851199539443,3.6037479111959896,3.6532255549692323
2021-06-13 12:00:00,8,-64.3,-64.22043319975971,3.6037479111959896,3.77830037449978
2021-06-13 15:00:00,1,-67.13333333333333,-64.42052208861129,3.6037479111959896,3.8331752573373774
2021-06-13 15:00:00,2,-65.6,-64.10608825169007,3.6037479111959896,3.7694581856811755
2021-06-13 15:00:00,4,-63.5,-63.58666323718326,3.6037479111959896,3.8267709462267536
2021-06-13 15:00:00,8,-63.5,-62.288607213112,3.6037479111959896,3.793497499960594
2021-06-13 18:00:00,1,-65.6,-62.89472434770322,3.6037479111959896,3.9890981490036883
2021-06-13 18:00:00,2,-64.8,-62.62248521024264,3.6037479111959896,3.8851520961537873
2021-06-13 18:00:00,4,-64.4,-62.18434567639341,3.6037479111959896,3.9003394640252713
2021-06-13 18:00:00,8,-63.7,-61.45844453176121,3.6037479111959896,3.814912089360391
2021-06-13 21:00:00,1,-64.8,-61.893186903443926,3.6037479111959896,3.932176931725044
2021-06-13 21:00:00,2,-63.5,-61.43430270509885,3.6037479111959896,3.855612620721516
2021-06-13 21:00:00,4,-64.3,-60.86194032137476,3.6037479111959896,3.8981707464863558
2021-06-13 21:00:00,8,-64.4,-60.716927969178926,3.6037479111959896,3.801950638229757
2021-06-14 00:00:00,1,-63.5,-60.89745093315382,3.6037479111959896,3.8769528684878503
2021-06-14 00:00:00,2,-64.4,-60.44401156078801,3.6037479111959896,3.787646745423898
2021-06-14 00:00:00,4,-64.3,-59.860216267359135,3.6037479111959896,3.8290126057449245
2021-06-14 00:00:00,8,-63.6,-60.1952059975169,3.6037479111959896,3.745562822504457
2021-06-14 03:00:00,1,-64.4,-60.13897665927762,3.6037479111959896,3.8420795908027814
2021-06-14 03:00:00,2,-64.3,-59.72781844649121,3.6037479111959896,3.7564963479793794
2021-06-14 03:00:00,4,-63.5,-59.26228402401107,3.6037479111959896,3.791342179111947
2021-06-14 03:00:00,8,-63.7,-59.68970826714127,3.6037479111959896,3.725013525995631
2021-06-14 06:00:00,1,-64.3,-62.163061356656264,3.6037479111959896,3.7074968136024045
2021-06-14 06:00:00,2,-64.3,-61.79289244517471,3.6037479111959896,3.619874154628752
2021-06-14 06:00:00,4,-63.7,-61.31185284139592,3.6037479111959896,3.6609399824079154
2021-06-14 06:00:00,8,-64.1,-60.93620668139055,3.6037479111959896,3.698866639071091
2021-06-14 09:00:00,1,-64.3,-62.88983070498108,3.6037479111959896,3.655612218663269
2021-06-14 09:00:00,2,-63.5,-62.53638606247277,3.6037479111959896,3.594729686717368
2021-06-14 09:00:00,4,-64.4,-62.07036458132358,3.6037479111959896,3.654243996690551
2021-06-14 09:00:00,8,-62.9,-61.15356309696162,3.6037479111959896,3.7201528735150675
2021-06-14 12:00:00,1,-63.5,-62.91669530488356,3.6037479111959896,3.679848097713539
2021-06-14 12:00:00,2,-63.7,-62.59135020097411,3.6037479111959896,3.6339012491525873
2021-06-14 12:00:00,4,-63.6,-62.16078817603372,3.6037479111959896,3.696099695993978
2021-06-14 12:00:00,8,-63.7,-60.90612864707394,3.6037479111959896,3.7576748434918015
2021-06-14 15:00:00,1,-63.7,-61.921886619367214,3.6037479111959896,3.802558714667565
2021-06-14 15:00:00,2,-64.4,-61.55991628864762,3.6037479111959896,3.7503405354757136
2021-06-14 15:00:00,4,-63.7,-61.13436534809068,3.6037479111959896,3.8014944975886507
2021-06-14 15:00:00,8,-63.8,-60.397473681361376,3.6037479111959896,3.787064929165025
2021-06-14 18:00:00,1,-64.4,-61.64295186620922,3.6037479111959896,3.871916459428983
2021-06-14 18:00:00,2,-63.6,-61.30377890730517,3.6037479111959896,3.7877183410691058
2021-06-14 18:00:00,4,-64.1,-60.88214749213229,3.6037479111959896,3.808054583547516
2021-06-14 18:00:00,8,-64.0,-60.350058952230256,3.6037479111959896,3.789615485701705
2021-06-14 21:00:00,1,-63.6,-61.019670236540044,3.6037479111959896,3.8115756603114685
2021-06-14 21:00:00,2,-63.7,-60.57131255765469,3.6037479111959896,3.723886444447753
2021-06-14 21:00:00,4,-62.9,-59.9464415028022,3.6037479111959896,3.7637159510006772
2021-06-14 21:00:00,8,-65.5,-59.86991565168267,3.6037479111959896,3.7516225520793083
2021-06-15 00:00:00,1,-63.7,-60.663576311892555,3.6037479111959896,3.796656919407446
2021-06-15 00:00:00,2,-64.1,-60.23386231661705,3.6037479111959896,3.7120043266614715
2021-06-15 00:00:00,4,-63.7,-59.72122730343731,3.6037479111959896,3.740753743948919
2021-06-15 00:00:00,8,-64.4,-59.93799506969978,3.6037479111959896,3.709977414088805
2021-06-15 03:00:00,1,-64.1,-61.1541531872722,3.6037479111959896,3.74936782912187
2021-06-15 03:00:00,2,-62.9,-60.75044855722439,3.6037479111959896,3.660840806909805
2021-06-15 03:00:00,4,-63.8,-60.26092217228775,3.6037479111959896,3.6876924530527706
2021-06-15 03:00:00,8,-66.1,-60.254501067467416,3.6037479111959896,3.6968873813916696
2021-06-15 06:00:00,1,-62.9,-62.75237712866833,3.6037479111959896,3.6270766552086418
2021-06-15 06:00:00,2,-63.7,-62.35682352631716,3.6037479111959896,3.547540944973428
2021-06-15 06:00:00,4,-64.0,-61.76630451765227,3.6037479111959896,3.5961028241423616
2021-06-15 06:00:00,8,-65.7,-61.049724494323996,3.6037479111959896,3.696445423913196
2021-06-15 09:00:00,1,-63.7,-62.466292844189404,3.6037479111959896,3.6681423230273245
2021-06-15 09:00:00,2,-63.8,-62.11132434208785,3.6037479111959896,3.616937840062527
2021-06-15 09:00:00,4,-65.5,-61.6764090501676,3.6037479111959896,3.670809677375085
2021-06-15 09:00:00,8,-67.1,-60.79963643929119,3.6037479111959896,3.7315729454524926
2021-06-15 12:00:00,1,-63.8,-64.38883013207771,3.6037479111959896,3.572297442068616
2021-06-15 12:00:00,2,-64.0,-64.00653662994125,3.6037479111959896,3.53650324523537
2021-06-15 12:00:00,4,-64.4,-63.344208890136485,3.6037479111959896,3.6180745025767043
2021-06-15 12:00:00,8,-67.1,-61.38837436950951,3.6037479111959896,3.7679562767366095
2021-06-15 15:00:00,1,-64.0,-64.37013169039265,3.6037479111959896,3.613744775594542
2021-06-15 15:00:00,2,-65.5,-63.8851523872021,3.6037479111959896,3.5767491022597957
2021-06-15 15:00:00,4,-66.1,-63.05852448370685,3.6037479111959896,3.6691873181884596
2021-06-15 15:00:00,8,-68.4,-61.491311625409004,3.6037479111959896,3.7759358520022968
2021-06-15 18:00:00,1,-65.5,-63.803518184065496,3.6037479111959896,3.695332058976549
2021-06-15 18:00:00,2,-64.4,-63.34221454339695,3.6037479111959896,3.6318575407294347
2021-06-15 18:00:00,4,-65.7,-62.53574193458796,3.6037479111959896,3.7009521105097787
2021-06-15 18:00:00,8,-68.9,-61.28702077478541,3.6037479111959896,3.7800611661525174
2021-06-15 21:00:00,1,-64.4,-63.62353847783684,3.6037479111959896,3.637094020359691
2021-06-15 21:00:00,2,-66.1,-63.05973780737352,3.6037479111959896,3.5630730276810856
2021-06-15 21:00:00,4,-67.1,-62.09666070594518,3.6037479111959896,3.642112447194506
2021-06-15 21:00:00,8,-66.8,-61.23690056443792,3.6037479111959896,3.7349902478545114
2021-06-16 00:00:00,1,-66.1,-61.07275891096516,3.6037479111959896,3.7564308308324423
2021-06-16 00:00:00,2,-65.7,-60.56135595447783,3.6037479111959896,3.6839623346004626
2021-06-16 00:00:00,4,-67.1,-59.93044133732362,3.6037479111959896,3.7381847919569444
2021-06-16 00:00:00,8,-67.3,-60.11505314441514,3.6037479111959896,3.714244213284313
2021-06-16 03:00:00,1,-65.7,-63.59283721016412,3.6037479111959896,3.61316307930603
2021-06-16 03:00:00,2,-67.1,-63.07366004799778,3.6037479111959896,3.5406110703730205
2021-06-16 03:00:00,4,-68.4,-62.26336590193934,3.6037479111959896,3.6150922326973434
2021-06-16 03:00:00,8,-69.7,-61.65868544632161,3.6037479111959896,3.693836495131056
2021-06-16 06:00:00,1,-67.1,-63.80096472855794,3.6037479111959896,3.5527730923406624
2021-06-16 06:00:00,2,-67.1,-63.28811068307733,3.6037479111959896,3.4996761302572903
2021-06-16 06:00:00,4,-68.9,-62.5271305067589,3.6037479111959896,3.5905579207100184
2021-06-16 06:00:00,8,-69.7,-61.65271033161392,3.6037479111959896,3.6930856806241934
2021-06-16 09:00:00,1,-67.1,-65.89195370683947,3.6037479111959896,3.4263973275496227
2021-06-16 09:00:00,2,-68.4,-65.43773979590974,3.6037479111959896,3.3916923682804994
2021-06-16 09:00:00,4,-66.8,-64.65893442510577,3.6037479111959896,3.5016282213150522
2021-06-16 09:00:00,8,-69.1,-62.78804336866117,3.6037479111959896,3.6881504732295265
2021-06-16 12:00:00,1,-68.4,-65.00976076701745,3.6037479111959896,3.6022867263729617
2021-06-16 12:00:00,2,-68.9,-64.50438984481602,3.6037479111959896,3.570215823011508
2021-06-16 12:00:00,4,-67.3,-63.652168305164125,3.6037479111959896,3.682837025947914
2021-06-16 12:00:00,8,-68.9,-61.90308946904656,3.6037479111959896,3.784496750315374
2021-06-16 15:00:00,1,-68.9,-66.30082072647859,3.6037479111959896,3.6094690852623077
2021-06-16 15:00:00,2,-66.8,-65.74464151548447,3.6037479111959896,3.567698484934679
2021-06-16 15:00:00,4,-69.7,-64.62442098669648,3.6037479111959896,3.688496947630989
2021-06-16 15:00:00,8,-67.8,-62.56534083574642,3.6037479111959896,3.80635239075092
2021-06-16 18:00:00,1,-66.8,-65.32703337783815,3.6037479111959896,3.7086263745377352
2021-06-16 18:00:00,2,-67.3,-64.74512219449737,3.6037479111959896,3.641480629955336
2021-06-16 18:00:00,4,-69.7,-63.60955787663242,3.6037479111959896,3.745391158248454
2021-06-16 18:00:00,8,-69.9,-62.0339936913628,3.6037479111959896,3.822851914446594
2021-06-16 21:00:00,1,-67.3,-61.130352157577974,3.6037479111959896,3.9453576753448463
2021-06-16 21:00:00,2,-69.7,-60.601201100211014,3.6037479111959896,3.8588785871786357
2021-06-16 21:00:00,4,-69.1,-59.84833592653973,3.6037479111959896,3.904317387922454
2021-06-16 21:00:00,8,-71.0,-59.76239889149255,3.6037479111959896,3.836055212494192
2021-06-17 00:00:00,1,-69.7,-61.07506451413225,3.6037479111959896,3.8386847495182783
2021-06-17 00:00:00,2,-69.7,-60.53482999004051,3.6037479111959896,3.7614628676381674
2021-06-17 00:00:00,4,-68.9,-59.79552248349269,3.6037479111959896,3.8231060916506214
2021-06-17 00:00:00,8,-70.5,-59.99937526951453,3.6037479111959896,3.7597582754343586
2021-06-17 03:00:00,1,-69.7,-65.2865138431786,3.6037479111959896,3.5692366782483114
2021-06-17 03:00:00,2,-69.1,-64.69697975936664,3.6037479111959896,3.4857913339111866
2021-06-17 03:00:00,4,-67.8,-63.581530388132535,3.6037479111959896,3.577798559651844
2021-06-17 03:00:00,8,-70.6,-62.35368430350498,3.6037479111959896,3.7149572904477415
2021-06-17 06:00:00,1,-69.1,-65.9927100062431,3.6037479111959896,3.5300405218891657
2021-06-17 06:00:00,2,-68.9,-65.36632806081519,3.6037479111959896,3.4622190775756905
2021-06-17 06:00:00,4,-69.9,-64.17650857742277,3.6037479111959896,3.580188489205698
2021-06-17 06:00:00,8,-69.6,-62.670706179981245,3.6037479111959896,3.7364601380428324
2021-06-17 09:00:00,1,-68.9,-66.29488812132928,3.6037479111959896,3.5272108209834094
2021-06-17 09:00:00,2,-67.8,-65.72446028276258,3.6037479111959896,3.4894701450392707
2021-06-17 09:00:00,4,-71.0,-64.65358542575814,3.6037479111959896,3.614976494624448
2021-06-17 09:00:00,8,-66.2,-62.67085460318513,3.6037479111959896,3.768806879923425
2021-06-17 12:00:00,1,-67.8,-67.32809950959741,3.6037479111959896,3.4184799235908154
2021-06-17 12:00:00,2,-69.9,-66.71372111065813,3.6037479111959896,3.435232678057672
2021-06-17 12:00:00,4,-70.5,-65.67582790695884,3.6037479111959896,3.6123561020078485
2021-06-17 12:00:00,8,-65.1,-63.56165608883226,3.6037479111959896,3.744646342259623
2021-06-17 15:00:00,1,-69.9,-66.61878501824941,3.6037479111959896,3.647490891751493
2021-06-17 15:00:00,2,-71.0,-66.01196755669619,3.6037479111959896,3.6168073123101756
2021-06-17 15:00:00,4,-70.6,-64.8243456013224,3.6037479111959896,3.746850944266403
2021-06-17 15:00:00,8,-64.0,-62.67950277656467,3.6037479111959896,3.8406132597351585
2021-06-17 18:00:00,1,-71.0,-68.26006177578493,3.6037479111959896,3.6140856513791757
2021-06-17 18:00:00,2,-70.5,-67.59581029833762,3.6037479111959896,3.5447010732471
2021-06-17 18:00:00,4,-69.6,-66.05426672880034,3.6037479111959896,3.677339917374237
2021-06-17 18:00:00,8,-65.6,-63.56369006312622,3.6037479111959896,3.838878115079513
2021-06-17 21:00:00,1,-70.5,-67.05009996672406,3.6037479111959896,3.591910676503747
2021-06-17 21:00:00,2,-70.6,-66.23170162553332,3.6037479111959896,3.522289343530013
2021-06-17 21:00:00,4,-66.2,-64.59148400445268,3.6037479111959896,3.6725134164563293
2021-06-17 21:00:00,8,-68.6,-62.916185190182844,3.6037479111959896,3.8023056571869036
2021-06-18 00:00:00,1,-70.6,-65.34098227699901,3.6037479111959896,3.6342563747500543
2021-06-18 00:00:00,2,-69.6,-64.57849769461407,3.6037479111959896,3.56704352674595
2021-06-18 00:00:00,4,-65.1,-63.22739118267015,3.6037479111959896,3.695261663034947
2021-06-18 00:00:00,8,-69.2,-62.223554619752676,3.6037479111959896,3.7673634098745197
2021-06-18 03:00:00,1,-69.6,-65.78746377130716,3.6037479111959896,3.5945344816106037
2021-06-18 03:00:00,2,-66.2,-65.05756888968897,3.6037479111959896,3.5261538554462923
2021-06-18 03:00:00,4,-64.0,-63.72037236985246,3.6037479111959896,3.6530885354873672
2021-06-18 03:00:00,8,-70.4,-62.51536472559687,3.6037479111959896,3.7573766638255077
2021-06-18 06:00:00,1,-66.2,-65.98466489219196,3.6037479111959896,3.544852569152479
2021-06-18 06:00:00,2,-65.1,-65.34813396982292,3.6037479111959896,3.4971176290167296
2021-06-18 06:00:00,4,-65.6,-64.1922111759926,3.6037479111959896,3.6255142778698146
2021-06-18 06:00:00,8,-71.5,-62.56293724444473,3.6037479111959896,3.758753030452708
2021-06-18 09:00:00,1,-65.1,-62.84906043597711,3.6037479111959896,3.8913258775514654
2021-06-18 09:00:00,2,-64.0,-62.327813994968295,3.6037479111959896,3.8541112849686727
2021-06-18 09:00:00,4,-68.6,-61.65881513649976,3.6037479111959896,3.9296844275128624
2021-06-18 09:00:00,8,-71.0,-60.54885886481124,3.6037479111959896,3.8874126576687758
2021-06-18 12:00:00,1,-64.0,-61.332984414923246,3.6037479111959896,3.9790836098211333
2021-06-18 12:00:00,2,-65.6,-61.16271345953099,3.6037479111959896,3.90687878178171
2021-06-18 12:00:00,4,-69.2,-61.08377681209988,3.6037479111959896,3.9014817684789076
2021-06-18 12:00:00,8,-70.8,-59.7121778110065,3.6037479111959896,3.875953728664551
2021-06-18 15:00:00,1,-65.6,-62.335063675926804,3.6037479111959896,3.9450387141460856
2021-06-18 15:00:00,2,-68.6,-61.961610720934125,3.6037479111959896,3.894264351584181
2021-06-18 15:00:00,4,-70.4,-61.554251709866485,3.6037479111959896,3.926037221909781
2021-06-18 15:00:00,8,-70.2,-60.476725187725,3.6037479111959896,3.8734830590580014
2021-06-18 18:00:00,1,-68.6,-63.5808531172022,3.6037479111959896,3.8442518807924357
2021-06-18 18:00:00,2,-69.2,-63.10173725106595,3.6037479111959896,3.770903295325009
2021-06-18 18:00:00,4,-71.5,-62.25435963956791,3.6037479111959896,3.838324011973943
2021-06-18 18:00:00,8,-68.6,-61.41745306895339,3.6037479111959896,3.810797745833147
2021-06-18 21:00:00,1,-69.2,-64.32970582086176,3.6037479111959896,3.7453082187391473
2021-06-18 21:00:00,2,-70.4,-63.63275656749924,3.6037479111959896,3.667065482400465
2021-06-18 21:00:00,4,-71.0,-62.34828486908806,3.6037479111959896,3.7717340634122025
2021-06-18 21:00:00,8,-69.2,-61.58459128604237,3.6037479111959896,3.7920449921445223
2021-06-19 00:00:00,1,-70.4,-62.90563849669541,3.6037479111959896,3.717938553909077
2021-06-19 00:00:00,2,-71.5,-62.11025439811812,3.6037479111959896,3.6606228340946037
2021-06-19 00:00:00,4,-70.8,-60.887524591018526,3.6037479111959896,3.78562347195217
2021-06-19 00:00:00,8,-68.8,-60.761359103711634,3.6037479111959896,3.7646802327691975
2021-06-19 03:00:00,1,-71.5,-64.24466653004777,3.6037479111959896,3.663261075634855
2021-06-19 03:00:00,2,-71.0,-63.493473639173615,3.6037479111959896,3.6004852780980148
2021-06-19 03:00:00,4,-70.2,-62.19734639625182,3.6037479111959896,3.728488974032429
2021-06-19 03:00:00,8,-69.3,-61.51450094976296,3.6037479111959896,3.768629443760072
2021-06-19 06:00:00,1,-71.0,-66.29528439687363,3.6037479111959896,3.5660347226436007
2021-06-19 06:00:00,2,-70.8,-65.54471113685064,3.6037479111959896,3.5226795537929405
2021-06-19 06:00:00,4,-68.6,-64.1334190157329,3.6037479111959896,3.6790212486581257
2021-06-19 06:00:00,8,-70.3,-62.59847883776635,3.6037479111959896,3.783609316227849
2021-06-19 09:00:00,1,-70.8,-66.84503818004147,3.6037479111959896,3.619886191654934
2021-06-19 09:00:00,2,-70.2,-66.18418602626365,3.6037479111959896,3.5942546707395246
2021-06-19 09:00:00,4,-69.2,-64.9075778756542,3.6037479111959896,3.7484182503875454
2021-06-19 09:00:00,8,-68.7,-62.84082655066665,3.6037479111959896,3.834322360605438
2021-06-19 12:00:00,1,-70.2,-67.65794774469256,3.6037479111959896,3.6619882434288673
2021-06-19 12:00:00,2,-68.6,-67.09954794964816,3.6037479111959896,3.6424536695601812
2021-06-19 12:00:00,4,-68.8,-65.90790415774978,3.6037479111959896,3.7872961520400543
2021-06-19 12:00:00,8,-69.2,-63.260924019232434,3.6037479111959896,3.8698367332375647
2021-06-19 15:00:00,1,-68.6,-67.06451142752033,3.6037479111959896,3.7573162120937966
2021-06-19 15:00:00,2,-69.2,-66.4869535111594,3.6037479111959896,3.7276742153233577
2021-06-19 15:00:00,4,-69.3,-65.29138731187302,3.6037479111959896,3.8604885360979573
2021-06-19 15:00:00,8,-68.7,-63.10077033873775,3.6037479111959896,3.8810734238137665
2021-06-19 18:00:00,1,-69.2,-64.62766756415613,3.6037479111959896,3.905808619504925
2021-06-19 18:00:00,2,-68.8,-64.04645670777735,3.6037479111959896,3.857680109936151
2021-06-19 18:00:00,4,-70.3,-63.02301819493373,3.6037479111959896,3.9596099675656005
2021-06-19 18:00:00,8,-67.6,-61.80267684861503,3.6037479111959896,3.8887445952724273
2021-06-19 21:00:00,1,-68.8,-64.48461497465232,3.6037479111959896,3.8395912722231813
2021-06-19 21:00:00,2,-69.3,-63.80714230404375,3.6037479111959896,3.7693629558749255
2021-06-19 21:00:00,4,-68.7,-62.61270152730331,3.6037479111959896,3.8751708020911635
2021-06-19 21:00:00,8,-71.6,-61.811344475521295,3.6037479111959896,3.8367287794188565
2021-06-20 00:00:00,1,-69.3,-62.68552688533967,3.6037479111959896,3.795649381658903
2021-06-20 00:00:00,2,-70.3,-61.9826551138417,3.6037479111959896,3.7288362748963753
2021-06-20 00:00:00,4,-69.2,-60.90052170837198,3.6037479111959896,3.8323476218095998
2021-06-20 00:00:00,8,-71.2,-60.76148663238681,3.6037479111959896,3.789904960851834
2021-06-20 03:00:00,1,-70.3,-64.84523868902214,3.6037479111959896,3.6134388778350486
2021-06-20 03:00:00,2,-68.7,-64.2589180396243,3.6037479111959896,3.531981175772548
2021-06-20 03:00:00,4,-68.7,-63.230843823412854,3.6037479111959896,3.623475914792729
2021-06-20 03:00:00,8,-71.5,-62.29373573915679,3.6037479111959896,3.7165356605021405
2021-06-20 06:00:00,1,-68.7,-66.55575703267118,3.6037479111959896,3.5092357684924655
2021-06-20 06:00:00,2,-69.2,-65.95322078799884,3.6037479111959896,3.4347986519530394
2021-06-20 06:00:00,4,-67.6,-64.77146515168332,3.6037479111959896,3.551322640683271
2021-06-20 06:00:00,8,-70.0,-63.12517082525542,3.6037479111959896,3.7224278581334103
2021-06-20 09:00:00,1,-69.2,-66.23483148183264,3.6037479111959896,3.5599854171600827
2021-06-20 09:00:00,2,-68.7,-65.72153504874434,3.6037479111959896,3.521008393329624
2021-06-20 09:00:00,4,-71.6,-64.8151693007174,3.6037479111959896,3.63593325046805
2021-06-20 09:00:00,8,-69.0,-62.99157841374655,3.6037479111959896,3.75315667973072
2021-06-20 12:00:00,1,-68.7,-68.16825986268148,3.6037479111959896,3.517784509809
2021-06-20 12:00:00,2,-67.6,-67.58427363649032,3.6037479111959896,3.4909205200489315
2021-06-20 12:00:00,4,-71.2,-66.37550065406248,3.6037479111959896,3.635828902914393
2021-06-20 12:00:00,8,-68.0,-63.682612353983515,3.6037479111959896,3.8026733263520747
2021-06-20 15:00:00,1,-67.6,-67.87138895788553,3.6037479111959896,3.5623750934431753
2021-06-20 15:00:00,2,-71.6,-67.2581561555199,3.6037479111959896,3.5347753387914818
2021-06-20 15:00:00,4,-71.5,-66.0065378612377,3.6037479111959896,3.677891861013316
2021-06-20 15:00:00,8,-70.2,-63.56964788581017,3.6037479111959896,3.811012012897209
2021-06-20 18:00:00,1,-71.6,-66.04793928910867,3.6037479111959896,3.7136434283784228
2021-06-20 18:00:00,2,-71.2,-65.493410025381,3.6037479111959896,3.6579486147762075
2021-06-20 18:00:00,4,-70.0,-64.43680252897488,3.6037479111959896,3.7610978911410897
2021-06-20 18:00:00,8,-68.5,-62.7241637509131,3.6037479111959896,3.818023827253918
2021-06-20 21:00:00,1,-71.2,-68.44577522888973,3.6037479111959896,3.576365636997143
2021-06-20 21:00:00,2,-71.5,-67.6826306675982,3.6037479111959896,3.484125545454018
2021-06-20 21:00:00,4,-69.0,-65.98509142877786,3.6037479111959896,3.6231004475541178
2021-06-20 21:00:00,8,-66.9,-64.0076678164951,3.6037479111959896,3.7785993273083975
2021-06-21 00:00:00,1,-71.5,-64.52205220607787,3.6037479111959896,3.692506063821932
2021-06-21 00:00:00,2,-70.0,-63.615761390153864,3.6037479111959896,3.6423110114713673
2021-06-21 00:00:00,4,-68.0,-62.15599900595508,3.6037479111959896,3.8011607400454137
2021-06-21 00:00:00,8,-67.5,-61.7243295709935,3.6037479111959896,3.7910275368461686
2021-06-21 03:00:00,1,-70.0,-66.27081041925501,3.6037479111959896,3.6313270184647455
2021-06-21 03:00:00,2,-69.0,-65.53033570110385,3.6037479111959896,3.5593226342378332
2021-06-21 03:00:00,4,-70.2,-64.12217415678643,3.6037479111959896,3.689396685345497
2021-06-21 03:00:00,8,-67.4,-62.914646200068816,3.6037479111959896,3.7690324908515853
2021-06-21 06:00:00,1,-69.0,-65.67560311065004,3.6037479111959896,3.626659584914976
2021-06-21 06:00:00,2,-68.0,-65.03370445590764,3.6037479111959896,3.5765500581014917
2021-06-21 06:00:00,4,-68.5,-63.89597215056464,3.6037479111959896,3.701540605118726
2021-06-21 06:00:00,8,-67.4,-62.51980157069153,3.6037479111959896,3.778263676899471
2021-06-21 09:00:00,1,-68.0,-63.467957817123875,3.6037479111959896,3.8346845644541814
2021-06-21 09:00:00,2,-70.2,-63.107050225364105,3.6037479111959896,3.75697662932305
2021-06-21 09:00:00,4,-66.9,-62.52558431163497,3.6037479111959896,3.8136477883800475
2021-06-21 09:00:00,8,-64.9,-61.35671051251454,3.6037479111959896,3.810191468950748
2021-06-21 12:00:00,1,-70.2,-66.50922419675148,3.6037479111959896,3.6354788194045824
2021-06-21 12:00:00,2,-68.5,-65.96617827779787,3.6037479111959896,3.595672480461298
2021-06-21 12:00:00,4,-67.5,-64.88541670621257,3.6037479111959896,3.715463871960467
2021-06-21 12:00:00,8,-67.5,-62.582454895755106,3.6037479111959896,3.8348626804495773
2021-06-21 15:00:00,1,-68.5,-69.37389290179614,3.6037479111959896,3.568671911110686
2021-06-21 15:00:00,2,-66.9,-68.66531332145766,3.6037479111959896,3.510802301471284
2021-06-21 15:00:00,4,-67.4,-66.97954274580331,3.6037479111959896,3.6665165913405615
2021-06-21 15:00:00,8,-69.3,-64.11377887925428,3.6037479111959896,3.8496268995291247
2021-06-21 18:00:00,1,-66.9,-65.95276975437929,3.6037479111959896,3.736126993681439
2021-06-21 18:00:00,2,-67.5,-65.29146080297397,3.6037479111959896,3.6711323976451453
2021-06-21 18:00:00,4,-67.4,-64.01113702876057,3.6037479111959896,3.787776260093204
2021-06-21 18:00:00,8,-71.6,-62.42845717571654,3.6037479111959896,3.844523307068312
2021-06-21 21:00:00,1,-67.5,-63.21535233163301,3.6037479111959896,3.903328085668725
2021-06-21 21:00:00,2,-67.4,-62.637233145001105,3.6037479111959896,3.807825600119218
2021-06-21 21:00:00,4,-64.9,-61.653493516189734,3.6037479111959896,3.8740135413325705
2021-06-21 21:00:00,8,-70.3,-61.223241306674915,3.6037479111959896,3.823716607485762
2021-06-22 00:00:00,1,-67.4,-63.478844587078456,3.6037479111959896,3.7380183930667683
2021-06-22 00:00:00,2,-67.4,-62.86065257640062,3.6037479111959896,3.6493994468983906
2021-06-22 00:00:00,4,-67.5,-61.86115919344915,3.6037479111959896,3.7259960965791254
2021-06-22 00:00:00,8,-70.7,-61.43565076245061,3.6037479111959896,3.7394577707933725
2021-06-22 03:00:00,1,-67.4,-63.17929630060473,3.6037479111959896,3.671249768647949
2021-06-22 03:00:00,2,-64.9,-62.60664499598377,3.6037479111959896,3.593640289192764
2021-06-22 03:00:00,4,-69.3,-61.719764476722666,3.6037479111959896,3.6728911498017522
2021-06-22 03:00:00,8,-70.2,-61.23457478724312,3.6037479111959896,3.722243703629863
2021-06-22 06:00:00,1,-64.9,-64.3416257892356,3.6037479111959896,3.5879432833382188
2021-06-22 06:00:00,2,-67.5,-63.793276982997696,3.6037479111959896,3.5133362087879183
2021-06-22 06:00:00,4,-71.6,-62.85050864296643,3.6037479111959896,3.6040042520481466
2021-06-22 06:00:00,8,-70.5,-61.815752500576366,3.6037479111959896,3.721247016533936
2021-06-22 09:00:00,1,-67.5,-63.34692085586177,3.6037479111959896,3.7082253802723923
2021-06-22 09:00:00,2,-69.3,-62.92585719546877,3.6037479111959896,3.6556530485759993
2021-06-22 09:00:00,4,-70.3,-62.310103360140126,3.6037479111959896,3.7279821659090215
2021-06-22 09:00:00,8,-67.16666666666667,-61.164328102248945,3.6037479111959896,3.7767962527685626
2021-06-22 12:00:00,1,-69.3,-67.37840488869925,3.6037479111959896,3.49186893906977
2021-06-22 12:00:00,2,-71.6,-66.86611571599457,3.6037479111959896,3.4429920677215065
2021-06-22 12:00:00,4,-70.7,-65.71990383450363,3.6037479111959896,3.5655382286386965
2021-06-22 12:00:00,8,-63.833333333333336,-62.874554642997154,3.6037479111959896,3.797060299749961
2021-06-22 15:00:00,1,-71.6,-68.63739102610226,3.6037479111959896,3.4564370527255877
2021-06-22 15:00:00,2,-70.3,-67.9070955459338,3.6037479111959896,3.412862258134758
2021-06-22 15:00:00,4,-70.2,-66.31599591832395,3.6037479111959896,3.5800722512562997
2021-06-22 15:00:00,8,-60.5,-63.583529778378995,3.6037479111959896,3.8080152066091535
2021-06-22 18:00:00,1,-70.3,-68.52599580908452,3.6037479111959896,3.5033643923837827
2021-06-22 18:00:00,2,-70.7,-67.68975786338845,3.6037479111959896,3.444548776460794
2021-06-22 18:00:00,4,-70.5,-65.85708001793533,3.6037479111959896,3.6190112844725633
2021-06-22 18:00:00,8,-61.4,-63.35927600683338,3.6037479111959896,3.8307569481282173
2021-06-22 21:00:00,1,-70.7,-64.85021014585116,3.6037479111959896,3.7026590488006392
2021-06-22 21:00:00,2,-70.2,-64.06510903739908,3.6037479111959896,3.6361328045003867
2021-06-22 21:00:00,4,-67.16666666666667,-62.67887377920065,3.6037479111959896,3.7667497481499232
2021-06-22 21:00:00,8,-62.3,-61.747962003456124,3.6037479111959896,3.8094248050262447
2021-06-23 00:00:00,1,-70.2,-64.5177983682346,3.6037479111959896,3.6592483336730135
2021-06-23 00:00:00,2,-70.5,-63.7926184450931,3.6037479111959896,3.58596261267455
2021-06-23 00:00:00,4,-63.833333333333336,-62.55565369993971,3.6037479111959896,3.7004384907358965
2021-06-23 00:00:00,8,-63.2,-61.79156456185066,3.6037479111959896,3.754936613320996
2021-06-23 03:00:00,1,-70.5,-63.72577900927928,3.6037479111959896,3.621024257155828
2021-06-23 03:00:00,2,-67.16666666666667,-63.07712349625533,3.6037479111959896,3.555096478334494
2021-06-23 03:00:00,4,-60.5,-62.03468104930699,3.6037479111959896,3.6613393104182492
2021-06-23 03:00:00,8,-64.1,-61.36107386650825,3.6037479111959896,3.734607702364624
2021-06-23 06:00:00,1,-67.16666666666667,-64.88746869303127,3.6037479111959896,3.522053228530279
2021-06-23 06:00:00,2,-63.833333333333336,-64.31057940158881,3.6037479111959896,3.457608723257495
2021-06-23 06:00:00,4,-61.4,-63.296511724617396,3.6037479111959896,3.56632623395735
2021-06-23 06:00:00,8,-65.0,-62.041659101392376,3.6037479111959896,3.716381378618387
2021-06-23 09:00:00,1,-63.833333333333336,-60.387922720241725,3.6037479111959896,3.692845659922719
2021-06-23 09:00:00,2,-60.5,-60.18299926974916,3.6037479111959896,3.6304084054135
2021-06-23 09:00:00,4,-62.3,-60.083521139101286,3.6037479111959896,3.6899130377775933
2021-06-23 09:00:00,8,-67.2,-59.61456289591803,3.6037479111959896,3.7368365117241686
2021-06-23 12:00:00,1,-60.5,-59.753675786010085,3.6037479111959896,3.9269663523626406
2021-06-23 12:00:00,2,-61.4,-59.72633853745834,3.6037479111959896,3.851867572624331
2021-06-23 12:00:00,4,-63.2,-59.97067339208827,3.6037479111959896,3.830836341846866
2021-06-23 12:00:00,8,-64.9,-58.639655168238576,3.6037479111959896,3.86316200893411
2021-06-23 15:00:00,1,-61.4,-59.47874773885589,3.6037479111959896,4.08239142035255
2021-06-23 15:00:00,2,-62.3,-59.34780172748224,3.6037479111959896,4.0079219784659585
2021-06-23 15:00:00,4,-64.1,-59.66284366723878,3.6037479111959896,3.937875763795079
2021-06-23 15:00:00,8,-64.6,-58.82998415068349,3.6037479111959896,3.8865369273564307
2021-06-23 18:00:00,1,-62.3,-58.31688333361389,3.6037479111959896,4.125192632728081
2021-06-23 18:00:00,2,-63.2,-58.113287766445374,3.6037479111959896,3.9871195978163905
2021-06-23 18:00:00,4,-65.0,-57.98090507609824,3.6037479111959896,3.9237075041469174
2021-06-23 18:00:00,8,-64.2,-58.422371523267465,3.6037479111959896,3.811666331244015
2021-06-23 21:00:00,1,-63.2,-56.92915375636279,3.6037479111959896,3.9797925280120596
2021-06-23 21:00:00,2,-64.1,-56.706899014813146,3.6037479111959896,3.863946481792145
2021-06-23 21:00:00,4,-67.2,-56.54432300999104,3.6037479111959896,3.8366857767095954
2021-06-23 21:00:00,8,-61.8,-57.47522037571577,3.6037479111959896,3.7269992087543655
2021-06-24 00:00:00,1,-64.1,-56.70525267005165,3.6037479111959896,3.9602002217398367
2021-06-24 00:00:00,2,-65.0,-56.4450948931866,3.6037479111959896,3.8531394717275136
2021-06-24 00:00:00,4,-64.9,-56.24768266551181,3.6037479111959896,3.8369696532428956
2021-06-24 00:00:00,8,-59.733333333333334,-57.2701643530411,3.6037479111959896,3.723139175731549
2021-06-24 03:00:00,1,-65.0,-57.77813592356492,3.6037479111959896,3.8940494979983558
2021-06-24 03:00:00,2,-67.2,-57.47891510479103,3.6037479111959896,3.788042740924215
2021-06-24 03:00:00,4,-64.6,-57.141914816621465,3.6037479111959896,3.7872667726317433
2021-06-24 03:00:00,8,-57.666666666666664,-57.752058470993695,3.6037479111959896,3.728685365512759
2021-06-24 06:00:00,1,-67.2,-59.37292055348665,3.6037479111959896,3.7730428467362547
2021-06-24 06:00:00,2,-64.9,-58.92442886141721,3.6037479111959896,3.6997361309246837
2021-06-24 06:00:00,4,-64.2,-58.42043697811008,3.6037479111959896,3.744175538574441
2021-06-24 06:00:00,8,-55.6,-58.75106407477513,3.6037479111959896,3.7250576084381377
2021-06-24 09:00:00,1,-64.9,-63.353934212495645,3.6037479111959896,3.5931277358220877
2021-06-24 09:00:00,2,-64.6,-62.76702995729615,3.6037479111959896,3.539174838535873
2021-06-24 09:00:00,4,-61.8,-61.7618683930586,3.6037479111959896,3.6457752222843873
2021-06-24 09:00:00,8,-56.86666666666667,-60.621158977626095,3.6037479111959896,3.769412823554822
2021-06-24 12:00:00,1,-64.6,-60.32552805503345,3.6037479111959896,3.8826136299634495
2021-06-24 12:00:00,2,-64.2,-59.93368503277931,3.6037479111959896,3.8398589394277582
2021-06-24 12:00:00,4,-59.733333333333334,-59.540197827266645,3.6037479111959896,3.8824579084353683
2021-06-24 12:00:00,8,-58.13333333333333,-58.5337959205753,3.6037479111959896,3.893114848908908
2021-06-24 15:00:00,1,-64.2,-62.62611437372783,3.6037479111959896,3.8689745462459295
2021-06-24 15:00:00,2,-61.8,-62.14436147396922,3.6037479111959896,3.8000338584481375
2021-06-24 15:00:00,4,-57.666666666666664,-61.23058177075812,3.6037479111959896,3.8647727043356754
2021-06-24 15:00:00,8,-59.4,-59.72965140100905,3.6037479111959896,3.910387594908799
2021-06-24 18:00:00,1,-61.8,-61.482701638581915,3.6037479111959896,3.867331752107879
2021-06-24 18:00:00,2,-59.733333333333334,-60.91486544207521,3.6037479111959896,3.790633847442783
2021-06-24 18:00:00,4,-55.6,-59.95777786537437,3.6037479111959896,3.852803048176263
2021-06-24 18:00:00,8,-61.1,-59.38442551329041,3.6037479111959896,3.8545196374161335
2021-06-24 21:00:00,1,-59.733333333333334,-57.86953471636463,3.6037479111959896,4.064532685791245
2021-06-24 21:00:00,2,-57.666666666666664,-57.357332003778716,3.6037479111959896,3.9915089134101693
2021-06-24 21:00:00,4,-56.86666666666667,-56.87533197218064,3.6037479111959896,3.985872119346613
2021-06-24 21:00:00,8,-58.0,-57.56416406139303,3.6037479111959896,3.835070469114166
2021-06-25 00:00:00,1,-57.666666666666664,-54.932099374114266,3.6037479111959896,4.0720278474008405
2021-06-25 00:00:00,2,-55.6,-54.473177709717724,3.6037479111959896,4.030215830638719
2021-06-25 00:00:00,4,-58.13333333333333,-54.42480975777721,3.6037479111959896,4.035183616651313
2021-06-25 00:00:00,8,-56.25,-56.28001838967969,3.6037479111959896,3.784262128280127
2021-06-25 03:00:00,1,-55.6,-54.49980598529558,3.6037479111959896,3.960892370740357
2021-06-25 03:00:00,2,-56.86666666666667,-54.08820034139457,3.6037479111959896,3.9305706885568616
2021-06-25 03:00:00,4,-59.4,-54.217263323431595,3.6037479111959896,3.9565347539818614
2021-06-25 03:00:00,8,-54.5,-56.24014982766435,3.6037479111959896,3.7514390640777644
2021-06-25 06:00:00,1,-56.86666666666667,-54.215734240206174,3.6037479111959896,4.027536332624455
2021-06-25 06:00:00,2,-58.13333333333333,-53.76617377498112,3.6037479111959896,4.028377991354384
2021-06-25 06:00:00,4,-61.1,-53.80456882240988,3.6037479111959896,4.07344109824891
2021-06-25 06:00:00,8,-58.0,-56.07451709739338,3.6037479111959896,3.7721509337552668
2021-06-25 09:00:00,1,-58.13333333333333,-55.363481329180956,3.6037479111959896,3.7762393103644576
2021-06-25 09:00:00,2,-59.4,-55.48817267146289,3.6037479111959896,3.700021060531149
2021-06-25 09:00:00,4,-58.0,-56.16676644161145,3.6037479111959896,3.699544578248898
2021-06-25 09:00:00,8,-59.65,-56.5483185482295,3.6037479111959896,3.7380561837303627
2021-06-25 12:00:00,1,-59.4,-57.126957936575984,3.6037479111959896,3.7709103469162053
2021-06-25 12:00:00,2,-61.1,-57.32077774631606,3.6037479111959896,3.6765785188155604
2021-06-25 12:00:00,4,-56.25,-57.731656044467954,3.6037479111959896,3.660581484310311
2021-06-25 12:00:00,8,-61.3,-56.84951570121818,3.6037479111959896,3.7718540337728195
2021-06-25 15:00:00,1,-61.1,-57.75854766315756,3.6037479111959896,3.891908666903263
2021-06-25 15:00:00,2,-58.0,-57.5090100708809,3.6037479111959896,3.8180212145660644
2021-06-25 15:00:00,4,-54.5,-57.34082640685585,3.6037479111959896,3.8257627952963675
2021-06-25 15:00:00,8,-63.8,-57.255536021446936,3.6037479111959896,3.8214126966804702
2021-06-25 18:00:00,1,-58.0,-58.560049535638505,3.6037479111959896,3.915906551418149
2021-06-25 18:00:00,2,-56.25,-58.086668857380374,3.6037479111959896,3.845284399036067
2021-06-25 18:00:00,4,-58.0,-57.50465500264857,3.6037479111959896,3.8849483598213794
2021-06-25 18:00:00,8,-63.8,-57.92967025071965,3.6037479111959896,3.80439868675831
2021-06-25 21:00:00,1,-56.25,-55.02671412308157,3.6037479111959896,4.18291197282579
2021-06-25 21:00:00,2,-54.5,-54.44148863518811,3.6037479111959896,4.1710095800485645
2021-06-25 21:00:00,4,-59.65,-54.085438661100994,3.6037479111959896,4.19482860208581
2021-06-25 21:00:00,8,-64.4,-56.172675630478594,3.6037479111959896,3.8159547384344745
2021-06-26 00:00:00,1,-54.5,-53.95352663802539,3.6037479111959896,3.9778636445540574
2021-06-26 00:00:00,2,-58.0,-53.48648501753739,3.6037479111959896,3.9789319139651527
2021-06-26 00:00:00,4,-61.3,-53.607529994373,3.6037479111959896,4.036289423455241
2021-06-26 00:00:00,8,-65.5,-56.16808892117807,3.6037479111959896,3.7332841493561753
2021-06-26 03:00:00,1,-58.0,-53.71393394078451,3.6037479111959896,3.9920549651715382
2021-06-26 03:00:00,2,-59.65,-53.15588295828174,3.6037479111959896,4.019336438456515
2021-06-26 03:00:00,4,-63.8,-53.08028065433708,3.6037479111959896,4.0948734565921185
2021-06-26 03:00:00,8,-67.9,-55.8274115562075,3.6037479111959896,3.735176228573548
2021-06-26 06:00:00,1,-59.65,-57.209525188494275,3.6037479111959896,3.849299593725281
2021-06-26 06:00:00,2,-61.3,-56.88658115413305,3.6037479111959896,3.771636940740263
2021-06-26 06:00:00,4,-63.8,-56.725985086030676,3.6037479111959896,3.7783478294424238
2021-06-26 06:00:00,8,-69.0,-57.73527223893533,3.6037479111959896,3.6950182831633747
2021-06-26 09:00:00,1,-61.3,-58.62829574963474,3.6037479111959896,3.679981798015427
2021-06-26 09:00:00,2,-63.8,-58.417263531500886,3.6037479111959896,3.6026352669306343
2021-06-26 09:00:00,4,-64.4,-58.295370254812504,3.6037479111959896,3.6542470026145866
2021-06-26 09:00:00,8,-68.5,-58.29127925019291,3.6037479111959896,3.722971123916405
2021-06-26 12:00:00,1,-63.8,-60.78779860803019,3.6037479111959896,3.668560646344756
2021-06-26 12:00:00,2,-63.8,-60.445820738773186,3.6037479111959896,3.6223363596598572
2021-06-26 12:00:00,4,-65.5,-60.05058415685749,3.6037479111959896,3.685604822147592
2021-06-26 12:00:00,8,-68.0,-59.04290876466683,3.6037479111959896,3.779598067230495
2021-06-26 15:00:00,1,-63.8,-63.45670431216553,3.6037479111959896,3.6874502728848046
2021-06-26 15:00:00,2,-64.4,-62.89437922772915,3.6037479111959896,3.635189784145776
2021-06-26 15:00:00,4,-67.9,-61.88778026401711,3.6037479111959896,3.7360765128196993
2021-06-26 15:00:00,8,-69.6,-60.58954483519941,3.6037479111959896,3.814845919041491
2021-06-26 18:00:00,1,-64.4,-60.98473530505177,3.6037479111959896,3.862287451665291
2021-06-26 18:00:00,2,-65.5,-60.31948449273173,3.6037479111959896,3.802120169679349
2021-06-26 18:00:00,4,-69.0,-59.325096579793374,3.6037479111959896,3.8979745549566265
2021-06-26 18:00:00,8,-68.2,-59.38191600834324,3.6037479111959896,3.828346423662458
2021-06-26 21:00:00,1,-65.5,-59.032317400118025,3.6037479111959896,3.948590529982436
2021-06-26 21:00:00,2,-67.9,-58.4493171795313,3.6037479111959896,3.8797961393743963
2021-06-26 21:00:00,4,-68.5,-57.6689591290945,3.6037479111959896,3.94200111793542
2021-06-26 21:00:00,8,-66.8,-58.32057301918222,3.6037479111959896,3.8091118956656747
2021-06-27 00:00:00,1,-67.9,-59.00736717134521,3.6037479111959896,3.89589125631447
2021-06-27 00:00:00,2,-69.0,-58.37370924667266,3.6037479111959896,3.8306863788960945
2021-06-27 00:00:00,4,-68.0,-57.55058622024187,3.6037479111959896,3.9011429455204447
2021-06-27 00:00:00,8,-71.3,-58.31628819979639,3.6037479111959896,3.7768948150848294
2021-06-27 03:00:00,1,-69.0,-61.41438013223226,3.6037479111959896,3.7618318431472653
2021-06-27 03:00:00,2,-68.5,-60.72273232515206,3.6037479111959896,3.694245740691201
2021-06-27 03:00:00,4,-69.6,-59.702576414817564,3.6037479111959896,3.7891332715022243
2021-06-27 03:00:00,8,-71.6,-59.77859647424232,3.6037479111959896,3.759274981501633
2021-06-27 06:00:00,1,-68.5,-63.48671822189405,3.6037479111959896,3.6316105217569237
2021-06-27 06:00:00,2,-68.0,-62.71600047469964,3.6037479111959896,3.5761642334217467
2021-06-27 06:00:00,4,-68.2,-61.49325121407331,3.6037479111959896,3.712656258931105
2021-06-27 06:00:00,8,-71.2,-60.96909322856507,3.6037479111959896,3.7608983537713034
2021-06-27 09:00:00,1,-68.0,-64.0085641197263,3.6037479111959896,3.7111635077240663
2021-06-27 09:00:00,2,-69.6,-63.34374776950307,3.6037479111959896,3.6663311571531674
2021-06-27 09:00:00,4,-66.8,-62.23024807394712,3.6037479111959896,3.79457174122964
2021-06-27 09:00:00,8,-70.9,-61.10738402702786,3.6037479111959896,3.827974595524785
2021-06-27 12:00:00,1,-69.6,-64.79195475882881,3.6037479111959896,3.7627916326922826
2021-06-27 12:00:00,2,-68.2,-64.29432922226678,3.6037479111959896,3.72193987202658
2021-06-27 12:00:00,4,-71.3,-63.338749654137416,3.6037479111959896,3.8306008000388543
2021-06-27 12:00:00,8,-72.0,-61.29499455923858,3.6037479111959896,3.886162486530905
2021-06-27 15:00:00,1,-68.2,-67.38853369161266,3.6037479111959896,3.693500831392089
2021-06-27 15:00:00,2,-66.8,-66.67104583703734,3.6037479111959896,3.64923023536976
2021-06-27 15:00:00,4,-71.6,-65.09313281854126,3.6037479111959896,3.802593546062264
2021-06-27 15:00:00,8,-72.0,-62.702048693534806,3.6037479111959896,3.898635111762184
2021-06-27 18:00:00,1,-66.8,-63.610896567471315,3.6037479111959896,3.890888972158178
2021-06-27 18:00:00,2,-71.3,-62.8771642975819,3.6037479111959896,3.805570157339616
2021-06-27 18:00:00,4,-71.2,-61.507940067750624,3.6037479111959896,3.916064778993763
2021-06-27 18:00:00,8,-69.0,-60.640451832627676,3.6037479111959896,3.8996596586418546
2021-06-27 21:00:00,1,-71.3,-60.698679120111436,3.6037479111959896,4.030902967544173
2021-06-27 21:00:00,2,-71.6,-59.95065643359203,3.6037479111959896,3.964159830161965
2021-06-27 21:00:00,4,-70.9,-58.853208779585934,3.6037479111959896,4.042836126053878
2021-06-27 21:00:00,8,-67.225,-59.056479400808094,3.6037479111959896,3.89100998226192
2021-06-28 00:00:00,1,-71.6,-65.41884681895745,3.6037479111959896,3.6323271713710903
2021-06-28 00:00:00,2,-71.2,-64.48597528052089,3.6037479111959896,3.568708981952117
2021-06-28 00:00:00,4,-72.0,-62.7381032835611,3.6037479111959896,3.7252152228319084
2021-06-28 00:00:00,8,-65.45,-61.61425935529583,3.6037479111959896,3.8021239954008488
2021-06-28 03:00:00,1,-71.2,-64.47327428907421,3.6037479111959896,3.6460191753476825
2021-06-28 03:00:00,2,-70.9,-63.45456730623003,3.6037479111959896,3.607912949714743
2021-06-28 03:00:00,4,-72.0,-61.75167402455513,3.6037479111959896,3.7934713864121
2021-06-28 03:00:00,8,-63.675,-61.078409079726505,3.6037479111959896,3.8208418243844937
2021-06-28 06:00:00,1,-70.9,-64.32429918143495,3.6037479111959896,3.713916267638546
2021-06-28 06:00:00,2,-72.0,-63.4713535382884,3.6037479111959896,3.6569953569508242
2021-06-28 06:00:00,4,-69.0,-61.961287936490734,3.6037479111959896,3.8096291012203354
2021-06-28 06:00:00,8,-61.9,-60.970678330742444,3.6037479111959896,3.854482979805945
2021-06-28 09:00:00,1,-72.0,-65.65403995702988,3.6037479111959896,3.6942014049779326
2021-06-28 09:00:00,2,-72.0,-64.90997570294796,3.6037479111959896,3.651593544833597
2021-06-28 09:00:00,4,-67.225,-63.50238623641638,3.6037479111959896,3.802803214262503
2021-06-28 09:00:00,8,-62.65,-61.77349511752962,3.6037479111959896,3.8727680623688037
2021-06-28 12:00:00,1,-72.0,-68.2912565866356,3.6037479111959896,3.607499678482497
2021-06-28 12:00:00,2,-69.0,-67.57342577358918,3.6037479111959896,3.5729318320055192
2021-06-28 12:00:00,4,-65.45,-65.92673661261892,3.6037479111959896,3.743413740114562
2021-06-28 12:00:00,8,-63.4,-62.901796785418256,3.6037479111959896,3.911498867029156
2021-06-28 15:00:00,1,-69.0,-67.62383058182762,3.6037479111959896,3.7048373373083243
2021-06-28 15:00:00,2,-67.225,-66.79839438696935,3.6037479111959896,3.6693615284821157
2021-06-28 15:00:00,4,-63.675,-65.03741359500269,3.6037479111959896,3.846264210301267
2021-06-28 15:00:00,8,-63.1,-62.59384025239457,3.6037479111959896,3.936311190332151
2021-06-28 18:00:00,1,-67.225,-62.057957554280705,3.6037479111959896,4.054259703791841
2021-06-28 18:00:00,2,-65.45,-61.37411133191713,3.6037479111959896,3.9970653539921916
2021-06-28 18:00:00,4,-61.9,-60.31809896932851,3.6037479111959896,4.075516105606144
2021-06-28 18:00:00,8,-64.3,-59.769055600136525,3.6037479111959896,3.941455092834131
2021-06-28 21:00:00,1,-65.45,-59.16272735875532,3.6037479111959896,4.163153494274073
2021-06-28 21:00:00,2,-63.675,-58.65848546160476,3.6037479111959896,4.052083921331688
2021-06-28 21:00:00,4,-62.65,-57.98707472607316,3.6037479111959896,4.050972889152053
2021-06-28 21:00:00,8,-65.7,-58.331575069295155,3.6037479111959896,3.8930657943614557
2021-06-29 00:00:00,1,-63.675,-57.37702797908404,3.6037479111959896,4.080244377458786
2021-06-29 00:00:00,2,-61.9,-56.95333412982809,3.6037479111959896,3.9736025106255783
2021-06-29 00:00:00,4,-63.4,-56.56457989531686,3.6037479111959896,3.9556799784925043
2021-06-29 00:00:00,8,-63.3,-57.47426895415885,3.6037479111959896,3.807749965471869
2021-06-29 03:00:00,1,-61.9,-58.72464978799121,3.6037479111959896,3.9527587535316373
2021-06-29 03:00:00,2,-62.65,-58.45400547947137,3.6037479111959896,3.8286880192692547
2021-06-29 03:00:00,4,-63.1,-58.07524783594192,3.6037479111959896,3.813274573918208
2021-06-29 03:00:00,8,-66.9,-58.513260201366464,3.6037479111959896,3.739446946800837
2021-06-29 06:00:00,1,-62.65,-59.04577707910688,3.6037479111959896,3.91302574313877
2021-06-29 06:00:00,2,-63.4,-58.72984964363398,3.6037479111959896,3.810025536611975
2021-06-29 06:00:00,4,-64.3,-58.438865952425,3.6037479111959896,3.8038991834968607
2021-06-29 06:00:00,8,-68.55000000000001,-58.99399034997017,3.6037479111959896,3.7255033516479905
2021-06-29 09:00:00,1,-63.4,-60.06396674224044,3.6037479111959896,3.774348110929729
2021-06-29 09:00:00,2,-63.1,-59.98104932684115,3.6037479111959896,3.63201410205004
2021-06-29 09:00:00,4,-65.7,-59.79862351975242,3.6037479111959896,3.6117983431387897
2021-06-29 09:00:00,8,-70.2,-59.028315017120164,3.6037479111959896,3.7410531633089392
2021-06-29 12:00:00,1,-63.1,-61.70449706075062,3.6037479111959896,3.7349472851353704
2021-06-29 12:00:00,2,-64.3,-61.47123126282567,3.6037479111959896,3.6330657222410894
2021-06-29 12:00:00,4,-63.3,-61.062294354590556,3.6037479111959896,3.6509924000166247
2021-06-29 12:00:00,8,-69.2,-59.78331287372099,3.6037479111959896,3.7827680307390414
2021-06-29 15:00:00,1,-64.3,-61.495904098717446,3.6037479111959896,3.806050678624008
2021-06-29 15:00:00,2,-65.7,-61.21104826842598,3.6037479111959896,3.7080110465581297
2021-06-29 15:00:00,4,-66.9,-60.77541823952393,3.6037479111959896,3.725563336828299
2021-06-29 15:00:00,8,-72.1,-59.98849138156391,3.6037479111959896,3.7774951201092772
2021-06-29 18:00:00,1,-65.7,-61.05719032557942,3.6037479111959896,3.8627272096871534
2021-06-29 18:00:00,2,-63.3,-60.55367973693342,3.6037479111959896,3.782034451973988
2021-06-29 18:00:00,4,-68.55000000000001,-59.812702829592425,3.6037479111959896,3.8388119714206925
2021-06-29 18:00:00,8,-73.5,-59.791595032597755,3.6037479111959896,3.7895343057576873
2021-06-29 21:00:00,1,-63.3,-61.145154129910665,3.6037479111959896,3.7729100128869715
2021-06-29 21:00:00,2,-66.9,-60.50495873950794,3.6037479111959896,3.7071771992316807
2021-06-29 21:00:00,4,-70.2,-59.614261726504324,3.6037479111959896,3.7927345284571894
2021-06-29 21:00:00,8,-74.2,-59.87261392788915,3.6037479111959896,3.7431043365545307
2021-06-30 00:00:00,1,-66.9,-57.62662249093889,3.6037479111959896,3.9012988270090063
2021-06-30 00:00:00,2,-68.55000000000001,-56.96643103656863,3.6037479111959896,3.8779307335672004
2021-06-30 00:00:00,4,-69.2,-56.3387957796691,3.6037479111959896,3.9816198365647395
2021-06-30 00:00:00,8,-71.0,-57.9499667635999,3.6037479111959896,3.7553076416562647
2021-06-30 03:00:00,1,-68.55000000000001,-62.18276705872495,3.6037479111959896,3.6770062131511603
2021-06-30 03:00:00,2,-70.2,-61.53120936771443,3.6037479111959896,3.6180111748888484
2021-06-30 03:00:00,4,-72.1,-60.64759559994069,3.6037479111959896,3.7178444171661127
2021-06-30 03:00:00,8,-70.6,-60.77148142211613,3.6037479111959896,3.705276602118704
2021-06-30 06:00:00,1,-70.2,-63.29147974570523,3.6037479111959896,3.679993501790607
2021-06-30 06:00:00,2,-69.2,-62.733787482632714,3.6037479111959896,3.5953938426337446
2021-06-30 06:00:00,4,-73.5,-61.86560612555766,3.6037479111959896,3.6843973737881406
2021-06-30 06:00:00,8,-69.9,-61.46160392860111,3.6037479111959896,3.720464969743193
2021-06-30 09:00:00,1,-69.2,-66.84948367114801,3.6037479111959896,3.4809130057974924
2021-06-30 09:00:00,2,-72.1,-66.23300140931876,3.6037479111959896,3.414261805701637
2021-06-30 09:00:00,4,-74.2,-65.03429958972515,3.6037479111959896,3.5481846292807693
2021-06-30 09:00:00,8,-68.5,-63.25690506471181,3.6037479111959896,3.721855719483627
2021-06-30 12:00:00,1,-72.1,-67.79092773036018,3.6037479111959896,3.561324899566413
2021-06-30 12:00:00,2,-73.5,-67.2291761647116,3.6037479111959896,3.5141346515279452
2021-06-30 12:00:00,4,-71.0,-66.05667464310797,3.6037479111959896,3.6482322819200266
2021-06-30 12:00:00,8,-65.7,-63.621547733602256,3.6037479111959896,3.7974295685199406
2021-06-30 15:00:00,1,-73.5,-71.22337571233336,3.6037479111959896,3.5260485481297508
2021-06-30 15:00:00,2,-74.2,-70.51431483733376,3.6037479111959896,3.4575829962801623
2021-06-30 15:00:00,4,-70.6,-68.70743669132031,3.6037479111959896,3.6258812538729024
2021-06-30 15:00:00,8,-65.4,-65.5114196681199,3.6037479111959896,3.8288507257383317
2021-06-30 18:00:00,1,-74.2,-70.4703282519117,3.6037479111959896,3.5383261015546665
2021-06-30 18:00:00,2,-71.0,-69.5954599251511,3.6037479111959896,3.4701778046587104
2021-06-30 18:00:00,4,-69.9,-67.62827174992822,3.6037479111959896,3.659836188440037
2021-06-30 18:00:00,8,-64.3,-65.12798777441968,3.6037479111959896,3.8180660834809355
2021-06-30 21:00:00,1,-71.0,-68.82269523464491,3.6037479111959896,3.6111931126645365
2021-06-30 21:00:00,2,-70.6,-67.96597920981918,3.6037479111959896,3.5276424610108696
2021-06-30 21:00:00,4,-68.5,-66.16017028727448,3.6037479111959896,3.6927816090801895
2021-06-30 21:00:00,8,-63.4,-64.46647708273724,3.6037479111959896,3.7885577203621836
2021-07-01 00:00:00,1,-70.6,-63.79351186632034,3.6037479111959896,3.789490289965381
2021-07-01 00:00:00,2,-69.9,-63.07382360172244,3.6037479111959896,3.711111107336557
2021-07-01 00:00:00,4,-65.7,-61.93496371233053,3.6037479111959896,3.8228642847237775
2021-07-01 00:00:00,8,-61.7,-61.82472201739732,3.6037479111959896,3.7640183029695122
2021-07-01 03:00:00,1,-69.9,-65.29429957687344,3.6037479111959896,3.731196398480636
2021-07-01 03:00:00,2,-68.5,-64.62181997812361,3.6037479111959896,3.638229459842692
2021-07-01 03:00:00,4,-65.4,-63.489417218601524,3.6037479111959896,3.7423487365632835
2021-07-01 03:00:00,8,-61.9,-62.93486057583624,3.6037479111959896,3.7415983619477435
2021-07-01 06:00:00,1,-68.5,-65.88809182153462,3.6037479111959896,3.5456148874839206
2021-07-01 06:00:00,2,-65.7,-65.31081922356562,3.6037479111959896,3.4820186259808596
2021-07-01 06:00:00,4,-64.3,-64.33993261190977,3.6037479111959896,3.597165561586828
2021-07-01 06:00:00,8,-63.1,-63.15903869477793,3.6037479111959896,3.697368435877664
2021-07-01 09:00:00,1,-65.7,-66.331963661258,3.6037479111959896,3.5582622962005788
2021-07-01 09:00:00,2,-65.4,-65.86091164219863,3.6037479111959896,3.513145855815739
2021-07-01 09:00:00,4,-63.4,-65.07921706242591,3.6037479111959896,3.6224713229830416
2021-07-01 09:00:00,8,-66.2,-63.41895798581538,3.6037479111959896,3.7196101809237962
2021-07-01 12:00:00,1,-65.4,-64.19475022148035,3.6037479111959896,3.7210809508947618
2021-07-01 12:00:00,2,-64.3,-63.922197666089254,3.6037479111959896,3.6781051549844532
2021-07-01 12:00:00,4,-61.7,-63.6132439596958,3.6037479111959896,3.7410382336640624
2021-07-01 12:00:00,8,-67.2,-62.08171391291356,3.6037479111959896,3.765331391896507
2021-07-01 15:00:00,1,-64.3,-63.44306955143617,3.6037479111959896,3.8640102527038334
2021-07-01 15:00:00,2,-63.4,-63.13674351215221,3.6037479111959896,3.7759247480789195
2021-07-01 15:00:00,4,-61.9,-62.70321086163122,3.6037479111959896,3.814731813898504
2021-07-01 15:00:00,8,-67.1,-61.906588221852616,3.6037479111959896,3.7713628217962927
2021-07-01 18:00:00,1,-63.4,-62.588345711847005,3.6037479111959896,3.846635558557497
2021-07-01 18:00:00,2,-61.7,-62.29188116960926,3.6037479111959896,3.7261092686193074
2021-07-01 18:00:00,4,-63.1,-61.84156949203981,3.6037479111959896,3.738324877348025
2021-07-01 18:00:00,8,-68.3,-61.56748226954061,3.6037479111959896,3.721338927160209
2021-07-01 21:00:00,1,-61.7,-60.9282804500027,3.6037479111959896,3.8694021739313293
2021-07-01 21:00:00,2,-61.9,-60.607977412019274,3.6037479111959896,3.7562988501057233
2021-07-01 21:00:00,4,-66.2,-60.23298258490861,3.6037479111959896,3.7646570918196383
2021-07-01 21:00:00,8,-68.3,-60.67389244506329,3.6037479111959896,3.685415735529219
2021-07-02 00:00:00,1,-61.9,-59.35031555543536,3.6037479111959896,3.8736019896754934
2021-07-02 00:00:00,2,-63.1,-58.99244919835317,3.6037479111959896,3.782875057630752
2021-07-02 00:00:00,4,-67.2,-58.66863876155181,3.6037479111959896,3.806324557627257
2021-07-02 00:00:00,8,-67.7,-59.58616290840646,3.6037479111959896,3.687825526842775
2021-07-02 03:00:00,1,-63.1,-59.23780932589147,3.6037479111959896,3.8416537226826706
2021-07-02 03:00:00,2,-66.2,-58.87281433201705,3.6037479111959896,3.7536937603751226
2021-07-02 03:00:00,4,-67.1,-58.53472140409659,3.6037479111959896,3.7860961285129213
2021-07-02 03:00:00,8,-65.9,-59.43915476846911,3.6037479111959896,3.682585101520658
2021-07-02 06:00:00,1,-66.2,-59.833377605492274,3.6037479111959896,3.6745099765277596
2021-07-02 06:00:00,2,-67.2,-59.41463467878715,3.6037479111959896,3.627033025987497
2021-07-02 06:00:00,4,-68.3,-59.12659423412115,3.6037479111959896,3.712432167627512
2021-07-02 06:00:00,8,-62.66666666666667,-59.96495621673489,3.6037479111959896,3.653471854119579
2021-07-02 09:00:00,1,-67.2,-63.89497065418894,3.6037479111959896,3.51097264605332
2021-07-02 09:00:00,2,-67.1,-63.432971730065326,3.6037479111959896,3.4629194112208133
2021-07-02 09:00:00,4,-68.3,-62.77572928624596,3.6037479111959896,3.557520069572031
2021-07-02 09:00:00,8,-59.43333333333334,-61.90720713220278,3.6037479111959896,3.6592753669942724
2021-07-02 12:00:00,1,-67.1,-64.28345542133002,3.6037479111959896,3.5533576145976693
2021-07-02 12:00:00,2,-68.3,-63.751325092370585,3.6037479111959896,3.5285428518973414
2021-07-02 12:00:00,4,-67.7,-62.94347704717224,3.6037479111959896,3.650139650693358
2021-07-02 12:00:00,8,-56.2,-61.53383343231897,3.6037479111959896,3.750803501097335
2021-07-02 15:00:00,1,-68.3,-63.37349869637035,3.6037479111959896,3.7458657343349753
2021-07-02 15:00:00,2,-68.3,-62.852203261294235,3.6037479111959896,3.7086281740931444
2021-07-02 15:00:00,4,-65.9,-62.065634492326105,3.6037479111959896,3.8084963943955485
2021-07-02 15:00:00,8,-58.7,-61.07352912652317,3.6037479111959896,3.807100472599568
2021-07-02 18:00:00,1,-68.3,-63.39796114597313,3.6037479111959896,3.7834191232161505
2021-07-02 18:00:00,2,-67.7,-62.78017621835448,3.6037479111959896,3.7209176179138015
2021-07-02 18:00:00,4,-62.66666666666667,-61.717774452989076,3.6037479111959896,3.8213042701345525
2021-07-02 18:00:00,8,-53.29175178959221,-60.96257341510915,3.6037479111959896,3.8180910373159436
2021-07-02 21:00:00,1,-67.7,-63.00104363524843,3.6037479111959896,3.753978476700947
2021-07-02 21:00:00,2,-65.9,-62.334250230309415,3.6037479111959896,3.6707718467213706
2021-07-02 21:00:00,4,-59.43333333333334,-61.203820922998155,3.6037479111959896,3.7570048890079955
2021-07-02 21:00:00,8,-53.29175178959221,-60.69960424338223,3.6037479111959896,3.7743604545468328
2021-07-03 00:00:00,1,-65.9,-60.92011429178528,3.6037479111959896,3.823942258404043
2021-07-03 00:00:00,2,-62.66666666666667,-60.35646852903476,3.6037479111959896,3.736826674154598
2021-07-03 00:00:00,4,-56.2,-59.5158031047569,3.6037479111959896,3.791705915915298
2021-07-03 00:00:00,8,-53.29175178959221,-59.632297307278854,3.6037479111959896,3.74990626943036
2021-07-03 03:00:00,1,-62.66666666666667,-59.91778285543533,3.6037479111959896,3.8527778810606135
2021-07-03 03:00:00,2,-59.43333333333334,-59.44295829319381,3.6037479111959896,3.765771496499411
2021-07-03 03:00:00,4,-58.7,-58.82163066220874,3.6037479111959896,3.80497795697953
2021-07-03 03:00:00,8,-53.29175178959221,-59.245136820956866,3.6037479111959896,3.7356059490752385
2021-07-03 06:00:00,1,-59.43333333333334,-57.75827207152899,3.6037479111959896,3.9480865478275238
2021-07-03 06:00:00,2,-56.2,-57.50953891860735,3.6037479111959896,3.8423788235422407
2021-07-03 06:00:00,4,-53.29175178959221,-57.35002828524598,3.6037479111959896,3.8425478217902302
2021-07-03 06:00:00,8,-53.29175178959221,-58.02406020337816,3.6037479111959896,3.765098102865267
2021-07-03 09:00:00,1,-56.2,-57.209734494031785,3.6037479111959896,4.1037617140292
2021-07-03 09:00:00,2,-58.7,-57.163536691072295,3.6037479111959896,3.969956104824901
2021-07-03 09:00:00,4,-53.29175178959221,-57.34916512506031,3.6037479111959896,3.890190931279947
2021-07-03 09:00:00,8,-53.29175178959221,-56.84363461188964,3.6037479111959896,3.9124397012571954
2021-07-03 12:00:00,1,-58.7,-56.20688609822171,3.6037479111959896,4.260873405328906
2021-07-03 12:00:00,2,-53.29175178959221,-56.30982083236774,3.6037479111959896,4.122335098698662
2021-07-03 12:00:00,4,-53.29175178959221,-57.01077571098257,3.6037479111959896,3.9496722360739205
2021-07-03 12:00:00,8,-53.29175178959221,-55.953551465729255,3.6037479111959896,3.9970414399003085
2021-07-03 15:00:00,1,-53.29175178959221,-56.51219515035869,3.6037479111959896,4.06534037957908
2021-07-03 15:00:00,2,-53.29175178959221,-56.32371641445537,3.6037479111959896,3.9569129272186068
2021-07-03 15:00:00,4,-53.29175178959221,-56.206011410020196,3.6037479111959896,3.91370226933233
2021-07-03 15:00:00,8,-47.3,-55.80704911748669,3.6037479111959896,3.928659800652952
2021-07-03 18:00:00,1,-53.29175178959221,-54.03692210583135,3.6037479111959896,4.07123279049099
2021-07-03 18:00:00,2,-53.29175178959221,-53.68500609623535,3.6037479111959896,4.013081343814418
2021-07-03 18:00:00,4,-53.29175178959221,-53.83761532080411,3.6037479111959896,3.968119785165135
2021-07-03 18:00:00,8,-48.6,-54.960536827677295,3.6037479111959896,3.8577649423111473
2021-07-03 21:00:00,1,-53.29175178959221,-53.711534312238264,3.6037479111959896,4.177324659870969
2021-07-03 21:00:00,2,-53.29175178959221,-53.1353506614526,3.6037479111959896,4.153380762018362
2021-07-03 21:00:00,4,-53.29175178959221,-52.91602759339879,3.6037479111959896,4.12032279584991
2021-07-03 21:00:00,8,-50.03333333333333,-54.90341208683305,3.6037479111959896,3.799651592889091
2021-07-04 00:00:00,1,-53.29175178959221,-52.9493983172384,3.6037479111959896,4.107331498759563
2021-07-04 00:00:00,2,-53.29175178959221,-52.3777552186586,3.6037479111959896,4.104890341861726
2021-07-04 00:00:00,4,-53.29175178959221,-52.267924974821824,3.6037479111959896,4.082189763506394
2021-07-04 00:00:00,8,-51.46666666666667,-54.53747629879131,3.6037479111959896,3.7692953859018177
2021-07-04 03:00:00,1,-53.29175178959221,-52.92186995579914,3.6037479111959896,4.032194328505856
2021-07-04 03:00:00,2,-53.29175178959221,-52.37051283277262,3.6037479111959896,4.028475247326725
2021-07-04 03:00:00,4,-47.3,-52.34589903293069,3.6037479111959896,4.018887056145723
2021-07-04 03:00:00,8,-52.9,-54.56490072796281,3.6037479111959896,3.7582544602940633
2021-07-04 06:00:00,1,-53.29175178959221,-53.21213467708301,3.6037479111959896,3.9154664201551648
2021-07-04 06:00:00,2,-53.29175178959221,-52.872221988819085,3.6037479111959896,3.871758018572728
2021-07-04 06:00:00,4,-48.6,-53.136684263753246,3.6037479111959896,3.8424161743145127
2021-07-04 06:00:00,8,-54.4,-54.22344738342631,3.6037479111959896,3.8209033291893704
2021-07-04 09:00:00,1,-53.29175178959221,-53.91071933259824,3.6037479111959896,3.9598464158163367
2021-07-04 09:00:00,2,-47.3,-54.09925030482332,3.6037479111959896,3.8336543656375217
2021-07-04 09:00:00,4,-50.03333333333333,-54.583750294730464,3.6037479111959896,3.7681553475549934
2021-07-04 09:00:00,8,-56.96666666666667,-53.48509327981313,3.6037479111959896,3.9319651440484344
2021-07-04 12:00:00,1,-47.3,-54.092604403694196,3.6037479111959896,4.032557598757805
2021-07-04 12:00:00,2,-48.6,-54.624653316041794,3.6037479111959896,3.861184524150018
2021-07-04 12:00:00,4,-51.46666666666667,-55.283465731517744,3.6037479111959896,3.777262510910081
2021-07-04 12:00:00,8,-59.53333333333333,-52.6836636375564,3.6037479111959896,4.020564561708112
2021-07-04 15:00:00,1,-48.6,-51.29706452635816,3.6037479111959896,4.172938223565845
2021-07-04 15:00:00,2,-50.03333333333333,-51.47755867029347,3.6037479111959896,4.112576016403981
2021-07-04 15:00:00,4,-52.9,-52.564138062214155,3.6037479111959896,4.013853366415029
2021-07-04 15:00:00,8,-62.1,-53.003421661572425,3.6037479111959896,3.9698076614986975
2021-07-04 18:00:00,1,-50.03333333333333,-51.578272640263954,3.6037479111959896,4.2435408341091865
2021-07-04 18:00:00,2,-51.46666666666667,-51.42656935562713,3.6037479111959896,4.235613245999767
2021-07-04 18:00:00,4,-54.4,-51.5847522857897,3.6037479111959896,4.209690956920342
2021-07-04 18:00:00,8,-59.8,-53.01386113550633,3.6037479111959896,3.920097675976188
2021-07-04 21:00:00,1,-51.46666666666667,-52.644459692672754,3.6037479111959896,3.8634812633937523
2021-07-04 21:00:00,2,-52.9,-52.09935539245416,3.6037479111959896,3.8816136636776655
2021-07-04 21:00:00,4,-56.96666666666667,-51.96325162971433,3.6037479111959896,3.9430617359035156
2021-07-04 21:00:00,8,-58.5,-54.1880068403685,3.6037479111959896,3.757379583104283
2021-07-05 00:00:00,1,-52.9,-52.918729201922346,3.6037479111959896,3.7847755880935283
2021-07-05 00:00:00,2,-54.4,-52.30878134369407,3.6037479111959896,3.7920460585477276
2021-07-05 00:00:00,4,-59.53333333333333,-52.11777418969259,3.6037479111959896,3.8643009275575686
2021-07-05 00:00:00,8,-56.6,-54.26857091941014,3.6037479111959896,3.7291452119050046
2021-07-05 03:00:00,1,-54.4,-52.741600968423114,3.6037479111959896,3.8698873074095848
2021-07-05 03:00:00,2,-56.96666666666667,-52.17284433190205,3.6037479111959896,3.889501208346719
2021-07-05 03:00:00,4,-62.1,-52.05538128070548,3.6037479111959896,3.946524613712529
2021-07-05 03:00:00,8,-58.7,-54.747779910299315,3.6037479111959896,3.678200371460663
2021-07-05 06:00:00,1,-56.96666666666667,-53.84722878538462,3.6037479111959896,3.8086281485115863
2021-07-05 06:00:00,2,-59.53333333333333,-53.390109184025974,3.6037479111959896,3.7955361296384806
2021-07-05 06:00:00,4,-59.8,-53.3163381234093,3.6037479111959896,3.8546085487833905
2021-07-05 06:00:00,8,-60.5,-55.35803362119773,3.6037479111959896,3.705985253708829
2021-07-05 09:00:00,1,-59.53333333333333,-55.87472001144263,3.6037479111959896,3.7454653399214357
2021-07-05 09:00:00,2,-62.1,-55.761075030084505,3.6037479111959896,3.6549196497664864
2021-07-05 09:00:00,4,-58.5,-55.74068341107361,3.6037479111959896,3.6786330512312486
2021-07-05 09:00:00,8,-62.1,-55.660341426462054,3.6037479111959896,3.782852436552756
2021-07-05 12:00:00,1,-62.1,-58.303123205712325,3.6037479111959896,3.7552069465335864
2021-07-05 12:00:00,2,-59.8,-58.0880889648311,3.6037479111959896,3.6516140464352222
2021-07-05 12:00:00,4,-56.6,-57.60739772328084,3.6037479111959896,3.6844086376719987
2021-07-05 12:00:00,8,-64.7,-56.228512655928974,3.6037479111959896,3.877162390057648
2021-07-05 15:00:00,1,-59.8,-59.16961390721501,3.6037479111959896,3.877779357632182
2021-07-05 15:00:00,2,-58.5,-58.617019548895215,3.6037479111959896,3.803776947029432
2021-07-05 15:00:00,4,-58.7,-57.6724124903382,3.6037479111959896,3.8781110890093284
2021-07-05 15:00:00,8,-66.9,-56.9993979196035,3.6037479111959896,3.921988408859514
2021-07-05 18:00:00,1,-58.5,-55.65879162883318,3.6037479111959896,4.250701624993702
2021-07-05 18:00:00,2,-56.6,-55.02811910001151,3.6037479111959896,4.212924611360337
2021-07-05 18:00:00,4,-60.5,-54.36755730813253,3.6037479111959896,4.222165421697151
2021-07-05 18:00:00,8,-66.5,-55.88849743136795,3.6037479111959896,3.8668397669890284
2021-07-05 21:00:00,1,-56.6,-54.358932911285656,3.6037479111959896,4.365017702534707
2021-07-05 21:00:00,2,-58.7,-53.74900189476801,3.6037479111959896,4.339568629877716
2021-07-05 21:00:00,4,-62.1,-53.32763188636045,3.6037479111959896,4.307298842318439
2021-07-05 21:00:00,8,-66.6,-55.52141082312039,3.6037479111959896,3.8378241354713714
2021-07-06 00:00:00,1,-58.7,-53.4489189064973,3.6037479111959896,4.270199208001198
2021-07-06 00:00:00,2,-60.5,-52.800944627159126,3.6037479111959896,4.284341100830105
2021-07-06 00:00:00,4,-64.7,-52.478028602273874,3.6037479111959896,4.285558453409326
2021-07-06 00:00:00,8,-66.2,-55.13358279263144,3.6037479111959896,3.801928403722923
2021-07-06 03:00:00,1,-60.5,-55.26858666557915,3.6037479111959896,4.031313106217003
2021-07-06 03:00:00,2,-62.1,-54.80938652755008,3.6037479111959896,3.9595289209219833
2021-07-06 03:00:00,4,-66.9,-54.52938975593325,3.6037479111959896,3.948830044142388
2021-07-06 03:00:00,8,-64.3,-56.16729745084087,3.6037479111959896,3.7518735434037596
2021-07-06 06:00:00,1,-62.1,-57.37559418211451,3.6037479111959896,3.883257950780204
2021-07-06 06:00:00,2,-64.7,-56.85561077934067,3.6037479111959896,3.8176236594510597
2021-07-06 06:00:00,4,-66.5,-56.29015763985745,3.6037479111959896,3.861861770165741
2021-07-06 06:00:00,8,-64.6,-57.14941054866796,3.6037479111959896,3.7647737829903987
2021-07-06 09:00:00,1,-64.7,-60.247603711492886,3.6037479111959896,3.7415996549616306
2021-07-06 09:00:00,2,-66.9,-59.68881340491204,3.6037479111959896,3.6727218582928813
2021-07-06 09:00:00,4,-66.6,-58.85894684946802,3.6037479111959896,3.753773140763731
2021-07-06 09:00:00,8,-65.1,-58.502022907680384,3.6037479111959896,3.802746908173253
2021-07-06 12:00:00,1,-66.9,-63.08893106647477,3.6037479111959896,3.608148691473356
2021-07-06 12:00:00,2,-66.5,-62.45542048425462,3.6037479111959896,3.5559269131706857
2021-07-06 12:00:00,4,-66.2,-61.27762688288152,3.6037479111959896,3.6817200019152683
2021-07-06 12:00:00,8,-65.1,-59.55151545681308,3.6037479111959896,3.854873016778351
2021-07-06 15:00:00,1,-66.5,-64.4872707413004,3.6037479111959896,3.6658354262930577
2021-07-06 15:00:00,2,-66.6,-63.66253343240216,3.6037479111959896,3.611311656710866
2021-07-06 15:00:00,4,-64.3,-62.077108470587305,3.6037479111959896,3.7649807985126635
2021-07-06 15:00:00,8,-63.9,-60.51722815086179,3.6037479111959896,3.8799046992207145
2021-07-06 18:00:00,1,-66.6,-61.83093777943558,3.6037479111959896,3.861065433572045
2021-07-06 18:00:00,2,-66.2,-60.969360534432255,3.6037479111959896,3.807416047968151
2021-07-06 18:00:00,4,-64.6,-59.521562069167686,3.6037479111959896,3.946315065482651
2021-07-06 18:00:00,8,-62.233333333333334,-59.2377372757925,3.6037479111959896,3.890305969525739
2021-07-06 21:00:00,1,-66.2,-59.50303222471421,3.6037479111959896,3.945715800201328
2021-07-06 21:00:00,2,-64.3,-58.74490379131307,3.6037479111959896,3.8845870090952004
2021-07-06 21:00:00,4,-65.1,-57.581152033728515,3.6037479111959896,3.9851721856026927
2021-07-06 21:00:00,8,-60.56666666666666,-58.013753076469804,3.6037479111959896,3.8583036625504783
2021-07-07 00:00:00,1,-64.3,-58.22509511002924,3.6037479111959896,3.963980594443203
2021-07-07 00:00:00,2,-64.6,-57.5209253559983,3.6037479111959896,3.8993141973234375
2021-07-07 00:00:00,4,-65.1,-56.54779870676543,3.6037479111959896,3.9783329419447115
2021-07-07 00:00:00,8,-58.9,-57.47897886912862,3.6037479111959896,3.8142500662504255
2021-07-07 03:00:00,1,-64.6,-57.88818560498438,3.6037479111959896,3.9560600179348593
2021-07-07 03:00:00,2,-65.1,-57.20595294458727,3.6037479111959896,3.8949388516116508
2021-07-07 03:00:00,4,-63.9,-56.37219820555225,3.6037479111959896,3.963023364265879
2021-07-07 03:00:00,8,-57.0,-57.40040967720225,3.6037479111959896,3.8053947073522334
2021-07-07 06:00:00,1,-65.1,-60.163927608551425,3.6037479111959896,3.8208842139119117
2021-07-07 06:00:00,2,-65.1,-59.50845039215686,3.6037479111959896,3.754357316439696
2021-07-07 06:00:00,4,-62.233333333333334,-58.56493201059531,3.6037479111959896,3.8449041196529907
2021-07-07 06:00:00,8,-56.3,-58.86964340716132,3.6037479111959896,3.7821688854280793
2021-07-07 09:00:00,1,-65.1,-61.531232423746104,3.6037479111959896,3.746848771469872
2021-07-07 09:00:00,2,-63.9,-60.91867977431476,3.6037479111959896,3.6760323737439107
2021-07-07 09:00:00,4,-60.56666666666666,-59.92787491279826,3.6037479111959896,3.77103371643704
2021-07-07 09:00:00,8,-55.6,-59.32113526535193,3.6037479111959896,3.819181088012511
2021-07-07 12:00:00,1,-63.9,-62.29274649129791,3.6037479111959896,3.7776710499781023
2021-07-07 12:00:00,2,-62.233333333333334,-61.73082416691478,3.6037479111959896,3.717630963234495
2021-07-07 12:00:00,4,-58.9,-60.73883696327415,3.6037479111959896,3.8139496871275207
2021-07-07 12:00:00,8,-54.4,-59.27213903654839,3.6037479111959896,3.8930873357062064
2021-07-07 15:00:00,1,-62.233333333333334,-61.0570937784468,3.6037479111959896,3.94495012269979
2021-07-07 15:00:00,2,-60.56666666666666,-60.43798312900707,3.6037479111959896,3.8819214276427685
2021-07-07 15:00:00,4,-57.0,-59.45741514555243,3.6037479111959896,3.956567999101792
2021-07-07 15:00:00,8,-52.2,-58.516648717521086,3.6037479111959896,3.9478743869097923
2021-07-07 18:00:00,1,-60.56666666666666,-58.05693522253685,3.6037479111959896,4.142806574433568
2021-07-07 18:00:00,2,-58.9,-57.586999980011534,3.6037479111959896,4.027161545217887
2021-07-07 18:00:00,4,-56.3,-56.95724645020225,3.6037479111959896,4.010138737469282
2021-07-07 18:00:00,8,-51.4,-57.07547742035991,3.6037479111959896,3.918617455006814
2021-07-07 21:00:00,1,-58.9,-56.58078216132306,3.6037479111959896,4.109977618353494
2021-07-07 21:00:00,2,-57.0,-56.051332816546356,3.6037479111959896,4.01943278798613
2021-07-07 21:00:00,4,-55.6,-55.55962835711781,3.6037479111959896,3.9997425059194027
2021-07-07 21:00:00,8,-53.9,-56.33579561354793,3.6037479111959896,3.862898980583477
2021-07-08 00:00:00,1,-57.0,-55.112123751404276,3.6037479111959896,4.266718627898974
2021-07-08 00:00:00,2,-56.3,-54.53125369199364,3.6037479111959896,4.203247695432638
2021-07-08 00:00:00,4,-54.4,-54.105561172992225,3.6037479111959896,4.157597107012211
2021-07-08 00:00:00,8,-54.5,-55.843875364072964,3.6037479111959896,3.8127769102022877
2021-07-08 03:00:00,1,-56.3,-54.42763844466283,3.6037479111959896,4.238186530254764
2021-07-08 03:00:00,2,-55.6,-53.873957120537426,3.6037479111959896,4.187181158098472
2021-07-08 03:00:00,4,-52.2,-53.58698652977853,3.6037479111959896,4.137337845515196
2021-07-08 03:00:00,8,-54.4,-55.46221518230646,3.6037479111959896,3.79757129350595
2021-07-08 06:00:00,1,-55.6,-54.64031052304927,3.6037479111959896,4.170138755190965
2021-07-08 06:00:00,2,-54.4,-54.224666831351406,3.6037479111959896,4.096861178846984
2021-07-08 06:00:00,4,-51.4,-54.13831028460296,3.6037479111959896,4.034790167188649
2021-07-08 06:00:00,8,-57.5,-55.658946896796465,3.6037479111959896,3.7989473535422285
2021-07-08 09:00:00,1,-54.4,-54.37704450491459,3.6037479111959896,4.143773588860302
2021-07-08 09:00:00,2,-52.2,-54.26616840885994,3.6037479111959896,4.03248668294464
2021-07-08 09:00:00,4,-53.9,-54.64865338413442,3.6037479111959896,3.9146138574524594
2021-07-08 09:00:00,8,-58.1,-54.99513528520338,3.6037479111959896,3.8872068951702774
2021-07-08 12:00:00,1,-52.2,-53.83313200339561,3.6037479111959896,4.227686937574195
2021-07-08 12:00:00,2,-51.4,-53.96614756379959,3.6037479111959896,4.0886321718715335
2021-07-08 12:00:00,4,-54.5,-54.757732370595484,3.6037479111959896,3.9082578277469637
2021-07-08 12:00:00,8,-59.3,-54.26040259968975,3.6037479111959896,3.9768851396327842
2021-07-08 15:00:00,1,-51.4,-52.737288409749176,3.6037479111959896,4.399953391467377
2021-07-08 15:00:00,2,-53.9,-52.806166187894206,3.6037479111959896,4.294469531875006
2021-07-08 15:00:00,4,-54.4,-53.61276155205932,3.6037479111959896,4.120693744204939
2021-07-08 15:00:00,8,-59.8,-53.6803566132861,3.6037479111959896,4.053168400071507
2021-07-08 18:00:00,1,-53.9,-53.04718741344114,3.6037479111959896,4.425398145191385
2021-07-08 18:00:00,2,-54.5,-52.6712964181932,3.6037479111959896,4.387500094794197
2021-07-08 18:00:00,4,-57.5,-52.78891122491072,3.6037479111959896,4.287483897716991
2021-07-08 18:00:00,8,-59.0,-54.338765007832066,3.6037479111959896,3.949925666795704
2021-07-08 21:00:00,1,-54.5,-53.93495896726996,3.6037479111959896,4.177743703010565
2021-07-08 21:00:00,2,-54.4,-53.443087261549174,3.6037479111959896,4.142522644580107
2021-07-08 21:00:00,4,-58.1,-53.15589822389646,3.6037479111959896,4.101618563507135
2021-07-08 21:00:00,8,-59.2,-54.934641661856475,3.6037479111959896,3.8015897140648605
2021-07-09 00:00:00,1,-54.4,-53.8696947267449,3.6037479111959896,4.155020303626635
2021-07-09 00:00:00,2,-57.5,-53.28243589499584,3.6037479111959896,4.1293608829373625
2021-07-09 00:00:00,4,-59.3,-52.923189553361794,3.6037479111959896,4.10329318978087
2021-07-09 00:00:00,8,-61.9,-55.01747189663601,3.6037479111959896,3.7683549915651002
2021-07-09 03:00:00,1,-57.5,-53.44710036199926,3.6037479111959896,4.117324016715925
2021-07-09 03:00:00,2,-58.1,-52.90601672749114,3.6037479111959896,4.098334201594721
2021-07-09 03:00:00,4,-59.8,-52.73380721915475,3.6037479111959896,4.069613510543621
2021-07-09 03:00:00,8,-62.3,-54.86701940171733,3.6037479111959896,3.7579718634446095
2021-07-09 06:00:00,1,-58.1,-55.531361662289335,3.6037479111959896,4.015854365389803
2021-07-09 06:00:00,2,-59.3,-55.148694220139205,3.6037479111959896,3.9252895932824954
2021-07-09 06:00:00,4,-59.0,-54.801723098898236,3.6037479111959896,3.904267666872998
2021-07-09 06:00:00,8,-62.7,-55.77055718335964,3.6037479111959896,3.7843363899333493
2021-07-09 09:00:00,1,-59.3,-56.79740798889056,3.6037479111959896,3.971554056708161
2021-07-09 09:00:00,2,-59.8,-56.425555987097034,3.6037479111959896,3.875486884001269
2021-07-09 09:00:00,4,-59.2,-55.92762279661241,3.6037479111959896,3.8809297793019875
2021-07-09 09:00:00,8,-64.0,-56.047693926297804,3.6037479111959896,3.856717947644001
2021-07-09 12:00:00,1,-59.8,-57.17354841257487,3.6037479111959896,3.9889654617848453
2021-07-09 12:00:00,2,-59.0,-56.942337483472585,3.6037479111959896,3.8752905591711393
2021-07-09 12:00:00,4,-61.9,-56.50866361475761,3.6037479111959896,3.8645264718355286
2021-07-09 12:00:00,8,-65.8,-55.677925613366526,3.6037479111959896,3.9357695908041648
2021-07-09 15:00:00,1,-59.0,-57.16770226754433,3.6037479111959896,4.075108632941328
2021-07-09 15:00:00,2,-59.2,-56.78251703468564,3.6037479111959896,3.97042441579259
2021-07-09 15:00:00,4,-62.3,-56.177113196074245,3.6037479111959896,3.964058388557043
2021-07-09 15:00:00,8,-61.5,-55.779393047247,3.6037479111959896,3.957158306596189
2021-07-09 18:00:00,1,-59.2,-55.58528539736154,3.6037479111959896,4.260322021551509
2021-07-09 18:00:00,2,-61.9,-55.060051343625155,3.6037479111959896,4.1901335486930185
2021-07-09 18:00:00,4,-62.7,-54.52904193408047,3.6037479111959896,4.155830396821683
2021-07-09 18:00:00,8,-59.8,-55.56765762014719,3.6037479111959896,3.8882596484147327
2021-07-09 21:00:00,1,-61.9,-55.079914475160095,3.6037479111959896,4.236350183934918
2021-07-09 21:00:00,2,-62.3,-54.544903943494276,3.6037479111959896,4.170971402813808
2021-07-09 21:00:00,4,-64.0,-54.088480976530064,3.6037479111959896,4.132713921216211
2021-07-09 21:00:00,8,-58.1,-55.54293074668118,1.3000000000000003,3.835596605795673
2021-07-10 00:00:00,1,-62.3,-56.19877145582505,3.6037479111959896,4.064096953441483
2021-07-10 00:00:00,2,-62.7,-55.652995918871916,3.6037479111959896,3.9760014379564783
2021-07-10 00:00:00,4,-65.8,-54.957427505656185,3.6037479111959896,3.9815490540519756
2021-07-10 00:00:00,8,-56.4,-55.9715578662137,0.5,3.817501049742509
