timestamp,horizon,y_true_temperature_c,y_pred_temperature_c,y_true_wind_speed_ms,y_pred_wind_speed_ms
2020-08-18 12:00:00,1,-47.6,-46.365734198699165,3.6037479111959896,3.887465204686726
2020-08-18 12:00:00,2,-46.2,-47.31277258784597,10.6,3.8087183395626902
2020-08-18 12:00:00,4,-47.7,-47.00422092100478,11.4,5.160164296894078
2020-08-18 12:00:00,8,-58.16,-44.41628908084898,3.6037479111959896,6.326877973421439
2020-08-18 15:00:00,1,-46.2,-45.606326155540295,10.6,4.179387190310699
2020-08-18 15:00:00,2,-46.1,-46.86754548576093,11.7,4.509112449746973
2020-08-18 15:00:00,4,-49.4,-46.217269205760616,10.0,6.0580106386771
2020-08-18 15:00:00,8,-61.08,-46.0896764059931,3.6037479111959896,6.1279545319604125
2020-08-18 18:00:00,1,-46.1,-39.19677240707357,11.7,9.875754375976458
2020-08-18 18:00:00,2,-47.7,-39.48949466717073,11.4,8.794607932894376
2020-08-18 18:00:00,4,-52.32,-38.64938186715198,7.3,7.442164248723937
2020-08-18 18:00:00,8,-64.0,-39.553080320514994,3.6037479111959896,5.470819174446974
2020-08-18 21:00:00,1,-47.7,-41.86400582841177,11.4,9.98558708116096
2020-08-18 21:00:00,2,-49.4,-42.36863751659777,10.0,8.732160640864986
2020-08-18 21:00:00,4,-55.24,-41.63075876351255,3.6037479111959896,6.476868010834272
2020-08-18 21:00:00,8,-61.1,-44.1194001635283,3.6037479111959896,5.315749325364811
2020-08-19 00:00:00,1,-49.4,-46.648212375724576,10.0,9.5812769416911
2020-08-19 00:00:00,2,-52.32,-46.285085640916485,7.3,8.435748324603594
2020-08-19 00:00:00,4,-58.16,-44.95069475193393,3.6037479111959896,6.147312949349592
2020-08-19 00:00:00,8,-61.2,-48.97395318522235,3.6037479111959896,4.816553401319176
2020-08-19 03:00:00,1,-52.32,-46.67590555176523,7.3,8.556696790240796
2020-08-19 03:00:00,2,-55.24,-46.70238720539169,3.6037479111959896,7.391877792288621
2020-08-19 03:00:00,4,-61.08,-47.97135804551016,3.6037479111959896,5.284414346855463
2020-08-19 03:00:00,8,-61.3,-51.03106114483831,3.6037479111959896,5.163456070308771
2020-08-19 06:00:00,1,-55.24,-51.98409914572647,3.6037479111959896,6.406985115814312
2020-08-19 06:00:00,2,-58.16,-51.486664001550984,3.6037479111959896,5.653808632492275
2020-08-19 06:00:00,4,-64.0,-52.30574825968393,3.6037479111959896,5.022374338713284
2020-08-19 06:00:00,8,-61.2,-50.387293510528586,3.6037479111959896,5.31678533607894
2020-08-19 09:00:00,1,-58.16,-56.01836377200851,3.6037479111959896,5.266666411587208
2020-08-19 09:00:00,2,-61.08,-55.97770626140943,3.6037479111959896,4.48202794113405
2020-08-19 09:00:00,4,-61.1,-57.07082766722279,3.6037479111959896,4.551760153381074
2020-08-19 09:00:00,8,-61.4,-47.52671274797431,3.6037479111959896,6.267102447983072
2020-08-19 12:00:00,1,-61.08,-57.90878833078526,3.6037479111959896,3.9556745664962363
2020-08-19 12:00:00,2,-64.0,-57.99047404974263,3.6037479111959896,3.247127830466096
2020-08-19 12:00:00,4,-61.2,-57.308287141158374,3.6037479111959896,3.7353626758439873
2020-08-19 12:00:00,8,-59.9,-46.43094097927029,3.6037479111959896,6.769326104009722
2020-08-19 15:00:00,1,-64.0,-60.90985651919472,3.6037479111959896,1.7079107430962497
2020-08-19 15:00:00,2,-61.1,-60.55900640075037,3.6037479111959896,1.1003198386677489
2020-08-19 15:00:00,4,-61.3,-58.61559944144449,3.6037479111959896,3.21535181425104
2020-08-19 15:00:00,8,-60.5,-49.73141569558374,3.6037479111959896,4.708368502367791
2020-08-19 18:00:00,1,-61.1,-60.79305250124719,3.6037479111959896,1.662554481960536
2020-08-19 18:00:00,2,-61.2,-58.90594729053005,3.6037479111959896,1.4439904528221579
2020-08-19 18:00:00,4,-61.2,-55.06307600677997,3.6037479111959896,3.7114699253551224
2020-08-19 18:00:00,8,-58.7,-52.34586215228627,3.6037479111959896,3.96769495678815
2020-08-19 21:00:00,1,-61.2,-58.835075210676806,3.6037479111959896,2.717689537975374
2020-08-19 21:00:00,2,-61.3,-56.15514115814241,3.6037479111959896,2.763908252703524
2020-08-19 21:00:00,4,-61.4,-53.72835548859463,3.6037479111959896,4.142065104284794
2020-08-19 21:00:00,8,-57.6,-54.72534855298654,3.6037479111959896,3.811875532892851
2020-08-20 00:00:00,1,-61.3,-60.39728851260702,3.6037479111959896,2.783113054710954
2020-08-20 00:00:00,2,-61.2,-57.83229778421422,3.6037479111959896,2.683399876104587
2020-08-20 00:00:00,4,-59.9,-57.118422161350836,3.6037479111959896,3.7193427669899806
2020-08-20 00:00:00,8,-58.5,-58.570684490497186,3.6037479111959896,4.078022792980958
2020-08-20 03:00:00,1,-61.2,-62.07405138488795,3.6037479111959896,3.155885519082184
2020-08-20 03:00:00,2,-61.4,-59.9466943986496,3.6037479111959896,3.3572741381732514
2020-08-20 03:00:00,4,-60.5,-58.59478632935461,3.6037479111959896,3.8944323900692854
2020-08-20 03:00:00,8,-60.5,-61.3410713180318,3.6037479111959896,3.3397806467098246
2020-08-20 06:00:00,1,-61.4,-59.85073375383351,3.6037479111959896,3.9059730055590505
2020-08-20 06:00:00,2,-59.9,-58.90138940126912,3.6037479111959896,3.84637554279592
2020-08-20 06:00:00,4,-58.7,-59.84538835699082,3.6037479111959896,3.571102257346028
2020-08-20 06:00:00,8,-60.0,-61.063282161447454,3.6037479111959896,4.034447691799207
2020-08-20 09:00:00,1,-59.9,-61.19963841475286,3.6037479111959896,4.071682759323545
2020-08-20 09:00:00,2,-60.5,-61.64070966712923,3.6037479111959896,4.074846617673741
2020-08-20 09:00:00,4,-57.6,-63.26838480698093,3.6037479111959896,3.5666303088338642
2020-08-20 09:00:00,8,-58.0,-61.21635547871621,3.6037479111959896,3.6858061457427476
2020-08-20 12:00:00,1,-60.5,-60.813403772202655,3.6037479111959896,3.8535128461498345
2020-08-20 12:00:00,2,-58.7,-61.793810363435604,3.6037479111959896,3.8175623945869046
2020-08-20 12:00:00,4,-58.5,-63.45448444861621,3.6037479111959896,3.5070861129108475
2020-08-20 12:00:00,8,-59.6,-61.3157485902473,3.6037479111959896,3.2263199578400203
2020-08-20 15:00:00,1,-58.7,-61.384683242939204,3.6037479111959896,3.8729350611107827
2020-08-20 15:00:00,2,-57.6,-62.06850929127506,3.6037479111959896,3.885285396554473
2020-08-20 15:00:00,4,-60.5,-62.031365303752324,3.6037479111959896,3.650899196376465
2020-08-20 15:00:00,8,-57.3,-60.13700608907075,3.6037479111959896,2.8196197688459455
2020-08-20 18:00:00,1,-57.6,-60.257230325216455,3.6037479111959896,3.8064186943702207
2020-08-20 18:00:00,2,-58.5,-60.79747349532008,3.6037479111959896,3.8709607222161466
2020-08-20 18:00:00,4,-60.0,-61.24335481230378,3.6037479111959896,3.606150718417678
2020-08-20 18:00:00,8,-56.4,-61.25798026189399,3.6037479111959896,2.7298466411582307
2020-08-20 21:00:00,1,-58.5,-59.316198392570406,3.6037479111959896,3.679638022947078
2020-08-20 21:00:00,2,-60.5,-59.54861616083046,3.6037479111959896,3.81081387518163
2020-08-20 21:00:00,4,-58.0,-59.913835951013674,3.6037479111959896,3.6553852614010616
2020-08-20 21:00:00,8,-56.2,-62.63158081473679,3.6037479111959896,2.6263844154426588
2020-08-21 00:00:00,1,-60.5,-60.26925404573281,3.6037479111959896,3.608785824066003
2020-08-21 00:00:00,2,-60.0,-60.252307141953736,3.6037479111959896,3.690952600947401
2020-08-21 00:00:00,4,-59.6,-60.42341603999703,3.6037479111959896,3.282840660734764
2020-08-21 00:00:00,8,-55.2,-64.11585464260565,3.6037479111959896,2.77837667819395
2020-08-21 03:00:00,1,-60.0,-61.86896726267468,3.6037479111959896,3.5437498015976865
2020-08-21 03:00:00,2,-58.0,-61.74827037787972,3.6037479111959896,3.6666386611824895
2020-08-21 03:00:00,4,-57.3,-62.00699796028019,3.6037479111959896,3.252031125744839
2020-08-21 03:00:00,8,-55.9,-64.5689690690251,3.6037479111959896,3.043830616238011
2020-08-21 06:00:00,1,-58.0,-60.92410010326038,3.6037479111959896,3.592533895867073
2020-08-21 06:00:00,2,-59.6,-61.25425311027419,3.6037479111959896,3.5928261769906364
2020-08-21 06:00:00,4,-56.4,-63.05117393260978,3.6037479111959896,3.372881348986735
2020-08-21 06:00:00,8,-54.2,-63.61840490828513,3.6037479111959896,3.2107597754078983
2020-08-21 09:00:00,1,-59.6,-59.7074772625496,3.6037479111959896,3.5611428445441766
2020-08-21 09:00:00,2,-57.3,-61.05108480019258,3.6037479111959896,3.4698202729890113
2020-08-21 09:00:00,4,-56.2,-64.4675304551842,3.6037479111959896,3.409168437381557
2020-08-21 09:00:00,8,-56.8,-63.950326745228686,3.6037479111959896,3.5442989359308212
2020-08-21 12:00:00,1,-57.3,-60.97193848697345,3.6037479111959896,3.502565469762313
2020-08-21 12:00:00,2,-56.4,-62.82748431333912,3.6037479111959896,3.445651024144024
2020-08-21 12:00:00,4,-55.2,-65.44761065946882,3.6037479111959896,3.508504589134624
2020-08-21 12:00:00,8,-59.1,-61.2574823957101,3.6037479111959896,3.4643029227494897
2020-08-21 15:00:00,1,-56.4,-60.219282258589196,3.6037479111959896,3.4593468538421157
2020-08-21 15:00:00,2,-56.2,-62.03940609479754,3.6037479111959896,3.3678376084058304
2020-08-21 15:00:00,4,-55.9,-64.9448724478838,3.6037479111959896,3.6638350005100073
2020-08-21 15:00:00,8,-61.4,-61.442760666217104,3.6037479111959896,3.610213518012487
2020-08-21 18:00:00,1,-56.2,-60.2791385988107,3.6037479111959896,3.4669206493580753
2020-08-21 18:00:00,2,-55.2,-61.58861240206596,3.6037479111959896,3.4825383309180333
2020-08-21 18:00:00,4,-54.2,-62.872508420186364,3.6037479111959896,3.726608798540837
2020-08-21 18:00:00,8,-63.7,-61.42154839657893,3.6037479111959896,3.4217564207795896
2020-08-21 21:00:00,1,-55.2,-60.29000879724252,3.6037479111959896,3.6003333822914336
2020-08-21 21:00:00,2,-55.9,-60.57936631771772,3.6037479111959896,3.650668153456977
2020-08-21 21:00:00,4,-56.8,-60.0224096861557,3.6037479111959896,3.5489471375652815
2020-08-21 21:00:00,8,-64.8,-61.66692797764395,3.6037479111959896,3.459215712907921
2020-08-22 00:00:00,1,-55.9,-59.854947964122346,3.6037479111959896,3.7156342165425036
2020-08-22 00:00:00,2,-54.2,-59.53295391031605,3.6037479111959896,3.7559468437376324
2020-08-22 00:00:00,4,-59.1,-58.86317546977665,3.6037479111959896,3.4844833237294583
2020-08-22 00:00:00,8,-68.6,-62.84935656188388,3.6037479111959896,3.5063423766552617
2020-08-22 03:00:00,1,-54.2,-57.119908915143114,3.6037479111959896,3.6275202256219634
2020-08-22 03:00:00,2,-56.8,-57.19474699269424,3.6037479111959896,3.6605432071002544
2020-08-22 03:00:00,4,-61.4,-58.34328465137999,3.6037479111959896,3.547934581056653
2020-08-22 03:00:00,8,-69.5,-61.49123020879716,3.6037479111959896,3.661856769243671
2020-08-22 06:00:00,1,-56.8,-55.34356325944555,3.6037479111959896,3.587827098708981
2020-08-22 06:00:00,2,-59.1,-55.76787655942741,3.6037479111959896,3.4550354523325377
2020-08-22 06:00:00,4,-63.7,-58.67887275760972,3.6037479111959896,3.558514260617955
2020-08-22 06:00:00,8,-68.1,-60.44261450936896,3.6037479111959896,3.874392727652361
2020-08-22 09:00:00,1,-59.1,-55.15745785380235,3.6037479111959896,3.715023887327924
2020-08-22 09:00:00,2,-61.4,-56.59576425890318,3.6037479111959896,3.6436463682302964
2020-08-22 09:00:00,4,-64.8,-60.72659997446485,3.6037479111959896,3.675771904760971
2020-08-22 09:00:00,8,-70.0,-57.784250455214135,3.6037479111959896,3.9730562989037286
2020-08-22 12:00:00,1,-61.4,-59.45785393065516,3.6037479111959896,3.8914271591959064
2020-08-22 12:00:00,2,-63.7,-60.80111490732209,3.6037479111959896,3.7314403648739707
2020-08-22 12:00:00,4,-68.6,-63.0934961607456,3.6037479111959896,3.623890322410891
2020-08-22 12:00:00,8,-69.0,-56.39833077644919,3.6037479111959896,4.081946730215863
2020-08-22 15:00:00,1,-63.7,-62.12883539814187,3.6037479111959896,3.7473898777863752
2020-08-22 15:00:00,2,-64.8,-63.35328287960094,3.6037479111959896,3.6304393111113993
2020-08-22 15:00:00,4,-69.5,-63.658651373069574,3.6037479111959896,3.724328255295786
2020-08-22 15:00:00,8,-68.5,-56.14587947817013,3.6037479111959896,3.838479760162104
2020-08-22 18:00:00,1,-64.8,-63.634727137706115,3.6037479111959896,3.635725078564809
2020-08-22 18:00:00,2,-68.6,-63.87162714262318,3.6037479111959896,3.615781359111278
2020-08-22 18:00:00,4,-68.1,-62.11106280022858,3.6037479111959896,3.8555358130306407
2020-08-22 18:00:00,8,-66.4,-56.14114434566572,3.6037479111959896,3.5761105033627407
2020-08-22 21:00:00,1,-68.6,-65.56657401888252,3.6037479111959896,3.5926766472661673
2020-08-22 21:00:00,2,-69.5,-64.8845737200546,3.6037479111959896,3.6412632236668374
2020-08-22 21:00:00,4,-70.0,-62.17350862100712,3.6037479111959896,3.7363500852320266
2020-08-22 21:00:00,8,-67.2,-59.20368495801662,3.6037479111959896,3.351325954373694
2020-08-23 00:00:00,1,-69.5,-68.38966405281276,3.6037479111959896,3.500586758614535
2020-08-23 00:00:00,2,-68.1,-67.0542716674545,3.6037479111959896,3.6185605125050944
2020-08-23 00:00:00,4,-69.0,-63.45950345851057,3.6037479111959896,3.5059299852056602
2020-08-23 00:00:00,8,-67.5,-61.79104003713015,3.6037479111959896,3.035256307904625
2020-08-23 03:00:00,1,-68.1,-68.43578043916041,3.6037479111959896,3.3787398216166316
2020-08-23 03:00:00,2,-70.0,-65.8510580706633,3.6037479111959896,3.585049165013831
2020-08-23 03:00:00,4,-68.5,-62.693508595303726,3.6037479111959896,3.41383275170195
2020-08-23 03:00:00,8,-67.0,-62.600561806127615,3.6037479111959896,2.619867625453936
2020-08-23 06:00:00,1,-70.0,-66.14653840854909,3.6037479111959896,3.375851948416016
2020-08-23 06:00:00,2,-69.0,-64.93745128768973,3.6037479111959896,3.3808745208932924
2020-08-23 06:00:00,4,-66.4,-64.1566400421304,3.6037479111959896,3.3493984572398587
2020-08-23 06:00:00,8,-64.5,-62.98176663126862,3.6037479111959896,3.073460309381467
2020-08-23 09:00:00,1,-69.0,-68.88696680493138,3.6037479111959896,3.4295439368279688
2020-08-23 09:00:00,2,-68.5,-68.5685658895608,3.6037479111959896,3.4636708389095183
2020-08-23 09:00:00,4,-67.2,-67.86520129538587,3.6037479111959896,3.332594128847977
2020-08-23 09:00:00,8,-63.9,-62.46939099844518,3.6037479111959896,3.056175086464071
2020-08-23 12:00:00,1,-68.5,-68.21729427803747,3.6037479111959896,3.4025301840677296
2020-08-23 12:00:00,2,-66.4,-68.08778134313236,3.6037479111959896,3.291461730848711
2020-08-23 12:00:00,4,-67.5,-67.56714588696283,3.6037479111959896,3.301143845492036
2020-08-23 12:00:00,8,-63.4,-63.70307818459635,3.6037479111959896,3.0628699124679497
2020-08-23 15:00:00,1,-66.4,-67.60646938997947,3.6037479111959896,3.335387998606029
2020-08-23 15:00:00,2,-67.2,-67.52221688624623,3.6037479111959896,3.274754178547727
2020-08-23 15:00:00,4,-67.0,-66.46598693235872,3.6037479111959896,3.332700875808846
2020-08-23 15:00:00,8,-61.233333333333334,-61.63669719711751,5.6,2.859348726906632
2020-08-23 18:00:00,1,-67.2,-65.17958285029312,3.6037479111959896,3.4981791134374296
2020-08-23 18:00:00,2,-67.5,-64.89140262843512,3.6037479111959896,3.4894502766145483
2020-08-23 18:00:00,4,-64.5,-64.31788095861857,3.6037479111959896,3.590258091451266
2020-08-23 18:00:00,8,-59.06666666666666,-60.09142143245351,5.1,2.29705873728748
2020-08-23 21:00:00,1,-67.5,-66.50891870433183,3.6037479111959896,3.5535520465621095
2020-08-23 21:00:00,2,-67.0,-65.4315910404635,3.6037479111959896,3.78035324066046
2020-08-23 21:00:00,4,-63.9,-63.352529235565704,3.6037479111959896,4.2726587603543305
2020-08-23 21:00:00,8,-56.9,-61.118499916297175,6.0,2.193100207520075
2020-08-24 00:00:00,1,-67.0,-66.65551471770307,3.6037479111959896,3.968301980152792
2020-08-24 00:00:00,2,-64.5,-65.02146026208844,3.6037479111959896,4.2535569728965505
2020-08-24 00:00:00,4,-63.4,-62.8356461485506,3.6037479111959896,4.600285125001568
2020-08-24 00:00:00,8,-55.8,-64.1731229432721,5.6,2.4649101752696314
2020-08-24 03:00:00,1,-64.5,-67.11296944208455,3.6037479111959896,3.9774046912744967
2020-08-24 03:00:00,2,-63.9,-65.45798010971279,3.6037479111959896,4.011024625272158
2020-08-24 03:00:00,4,-61.233333333333334,-63.90313609190537,5.6,3.7214642828570135
2020-08-24 03:00:00,8,-53.6,-66.96553908856723,6.9,2.9645601738001623
2020-08-24 06:00:00,1,-63.9,-64.86570812213992,3.6037479111959896,3.597401906529754
2020-08-24 06:00:00,2,-63.4,-63.79883204562839,3.6037479111959896,3.3154908609775173
2020-08-24 06:00:00,4,-59.06666666666666,-64.7356144634371,5.1,3.2395156044446187
2020-08-24 06:00:00,8,-51.2,-67.24901299796042,8.1,3.2393070692977863
2020-08-24 09:00:00,1,-63.4,-63.5103773128933,3.6037479111959896,3.2380611371126573
2020-08-24 09:00:00,2,-61.233333333333334,-63.33629562776645,5.6,2.8918584018669824
2020-08-24 09:00:00,4,-56.9,-65.70297062024336,6.0,2.8893541138993806
2020-08-24 09:00:00,8,-52.9,-64.39208463504826,7.3,3.179051049235108
2020-08-24 12:00:00,1,-61.233333333333334,-63.561084011046425,5.6,3.1063681259785856
2020-08-24 12:00:00,2,-59.06666666666666,-64.16904851017527,5.1,2.8155754880093014
2020-08-24 12:00:00,4,-55.8,-65.97943837801257,5.6,2.90761989456422
2020-08-24 12:00:00,8,-53.2,-63.332627557227816,8.3,3.4664190666103756
2020-08-24 15:00:00,1,-59.06666666666666,-59.96115773551712,5.1,3.733351945939964
2020-08-24 15:00:00,2,-56.9,-60.587206088986804,6.0,3.048103960483193
2020-08-24 15:00:00,4,-53.6,-60.406799846172234,6.9,2.8343928657321786
2020-08-24 15:00:00,8,-52.4,-56.287266269385725,7.5,3.162056181250486
2020-08-24 18:00:00,1,-56.9,-57.75382946242642,6.0,4.059939153983616
2020-08-24 18:00:00,2,-55.8,-58.11235832016864,5.6,3.416128184601758
2020-08-24 18:00:00,4,-51.2,-58.420983478110784,8.1,3.196960597909155
2020-08-24 18:00:00,8,-53.3,-55.29051349207388,5.9,3.1894350438082033
2020-08-24 21:00:00,1,-55.8,-56.70806910842044,5.6,5.107880253974248
2020-08-24 21:00:00,2,-53.6,-56.729087923542885,6.9,4.178698240519795
2020-08-24 21:00:00,4,-52.9,-56.84700043226309,7.3,3.322340475406672
2020-08-24 21:00:00,8,-53.2,-56.118947871675594,7.699999999999999,3.580296029303951
2020-08-25 00:00:00,1,-53.6,-54.56606938056812,6.9,4.816282534904983
2020-08-25 00:00:00,2,-51.2,-53.59108005615159,8.1,3.940661155647647
2020-08-25 00:00:00,4,-53.2,-53.32538639999469,8.3,3.205193390615985
2020-08-25 00:00:00,8,-52.4,-55.95120371325427,9.1,3.4107262658442106
2020-08-25 03:00:00,1,-51.2,-52.69066789786528,8.1,5.714502331090565
2020-08-25 03:00:00,2,-52.9,-52.38397345741902,7.3,4.482637390565985
2020-08-25 03:00:00,4,-52.4,-54.31274555559051,7.5,3.1394078833123027
2020-08-25 03:00:00,8,-53.2,-57.60788117944494,9.7,4.087632578826871
2020-08-25 06:00:00,1,-52.9,-50.259651896819015,7.3,6.458063056708738
2020-08-25 06:00:00,2,-53.2,-51.35992535570677,8.3,4.842057393741249
2020-08-25 06:00:00,4,-53.3,-55.2997198735952,5.9,3.2789539143116504
2020-08-25 06:00:00,8,-53.5,-55.83535940262504,7.9,4.544313353156848
2020-08-25 09:00:00,1,-53.2,-53.2660876374766,8.3,5.011567408628893
2020-08-25 09:00:00,2,-52.4,-54.39338114435538,7.5,3.6844500474414716
2020-08-25 09:00:00,4,-53.2,-58.166910692354364,7.699999999999999,3.1623746892278843
2020-08-25 09:00:00,8,-56.225,-57.64778900876422,5.0,4.062576848992224
2020-08-25 12:00:00,1,-52.4,-53.73986062852363,7.5,5.4672512026020605
2020-08-25 12:00:00,2,-53.3,-56.02274477827647,5.9,3.9135652898405855
2020-08-25 12:00:00,4,-52.4,-59.331230204718814,9.1,3.407341102168797
2020-08-25 12:00:00,8,-58.95,-58.20387743663363,3.6037479111959896,4.439760303602384
2020-08-25 15:00:00,1,-53.3,-54.01875521375145,5.9,5.654858826369038
2020-08-25 15:00:00,2,-53.2,-56.156900621559295,7.699999999999999,4.59165045824675
2020-08-25 15:00:00,4,-53.2,-58.34384808315395,9.7,4.270934706292022
2020-08-25 15:00:00,8,-61.675000000000004,-55.43545235316877,3.6037479111959896,4.809735672345866
2020-08-25 18:00:00,1,-53.2,-54.475411082660585,7.699999999999999,5.6614453591273985
2020-08-25 18:00:00,2,-52.4,-56.08069467287919,9.1,5.145472673212744
2020-08-25 18:00:00,4,-53.5,-56.66584234666576,7.9,5.471042692558844
2020-08-25 18:00:00,8,-64.4,-54.56159633029873,3.6037479111959896,6.322513398382028
2020-08-25 21:00:00,1,-52.4,-52.62688906019315,9.1,6.846081114566472
2020-08-25 21:00:00,2,-53.2,-53.30902512842633,9.7,6.269024106559358
2020-08-25 21:00:00,4,-56.225,-52.559857070489834,5.0,6.216366182675684
2020-08-25 21:00:00,8,-66.0,-53.20680499616816,3.6037479111959896,6.562406771313965
2020-08-26 00:00:00,1,-53.2,-51.39389814818591,9.7,7.860013443290642
2020-08-26 00:00:00,2,-53.5,-51.14399571222059,7.9,7.034480436073202
2020-08-26 00:00:00,4,-58.95,-50.6456817369629,3.6037479111959896,6.1553941528407625
2020-08-26 00:00:00,8,-64.2,-52.4453613575881,3.6037479111959896,6.666603962118757
2020-08-26 03:00:00,1,-53.5,-52.391063682502235,7.9,8.856211486707586
2020-08-26 03:00:00,2,-56.225,-51.462124098091806,5.0,8.652354437456701
2020-08-26 03:00:00,4,-61.675000000000004,-51.979679772780806,3.6037479111959896,7.719785260820824
2020-08-26 03:00:00,8,-66.4,-56.323805756578096,3.6037479111959896,6.578718688025713
2020-08-26 06:00:00,1,-56.225,-51.83489978215415,5.0,8.245169274944852
2020-08-26 06:00:00,2,-58.95,-51.050194408870674,3.6037479111959896,8.109004088687936
2020-08-26 06:00:00,4,-64.4,-52.02697868137783,3.6037479111959896,7.632483096000541
2020-08-26 06:00:00,8,-66.4,-55.93293469015908,3.6037479111959896,5.922399342245113
2020-08-26 09:00:00,1,-58.95,-56.44068686813153,3.6037479111959896,5.917911490995147
2020-08-26 09:00:00,2,-61.675000000000004,-57.01571654651954,3.6037479111959896,5.898254480708431
2020-08-26 09:00:00,4,-66.0,-59.202181272451085,3.6037479111959896,5.730866288278742
2020-08-26 09:00:00,8,-69.3,-55.249821757677786,3.6037479111959896,4.385929709433799
2020-08-26 12:00:00,1,-61.675000000000004,-60.06780196900869,3.6037479111959896,4.17138202136808
2020-08-26 12:00:00,2,-64.4,-60.64702856566179,3.6037479111959896,4.201598609515675
2020-08-26 12:00:00,4,-64.2,-60.76084250450201,3.6037479111959896,4.7811463621696815
2020-08-26 12:00:00,8,-67.3,-54.73752790171667,3.6037479111959896,5.475896959950214
2020-08-26 15:00:00,1,-64.4,-63.54833402553244,3.6037479111959896,4.080989313417978
2020-08-26 15:00:00,2,-66.0,-63.75357881946641,3.6037479111959896,3.99928701845026
2020-08-26 15:00:00,4,-66.4,-62.4344279674183,3.6037479111959896,3.4595428987414043
2020-08-26 15:00:00,8,-67.0,-55.5215817619802,3.6037479111959896,3.5810873371400316
2020-08-26 18:00:00,1,-66.0,-64.35750923355384,3.6037479111959896,3.77590737903671
2020-08-26 18:00:00,2,-64.2,-62.67385621030828,3.6037479111959896,3.944231740180414
2020-08-26 18:00:00,4,-66.4,-60.06377076597124,3.6037479111959896,3.34973496077135
2020-08-26 18:00:00,8,-64.2,-59.14994999420373,3.6037479111959896,2.0906505316481114
2020-08-26 21:00:00,1,-64.2,-66.2955798022794,3.6037479111959896,3.7181304931560244
2020-08-26 21:00:00,2,-66.4,-63.978398904789934,3.6037479111959896,3.950318236475723
2020-08-26 21:00:00,4,-69.3,-60.75273686836772,3.6037479111959896,3.2638379154746935
2020-08-26 21:00:00,8,-63.3,-61.329459003580574,3.6037479111959896,2.1278154298415286
2020-08-27 00:00:00,1,-66.4,-64.25778325056551,3.6037479111959896,3.5227557483019725
2020-08-27 00:00:00,2,-66.4,-62.15860505803488,3.6037479111959896,3.5305823013726925
2020-08-27 00:00:00,4,-67.3,-60.26703994619142,3.6037479111959896,3.2322860572134298
2020-08-27 00:00:00,8,-62.4,-61.873986272569034,3.6037479111959896,2.8537401392078614
2020-08-27 03:00:00,1,-66.4,-65.80551088009751,3.6037479111959896,3.3248308201523624
2020-08-27 03:00:00,2,-69.3,-64.00088213817398,3.6037479111959896,3.3669697161570458
2020-08-27 03:00:00,4,-67.0,-62.04641656942746,3.6037479111959896,3.0799964012682084
2020-08-27 03:00:00,8,-63.4,-61.87030307150961,3.6037479111959896,3.1438860836132587
2020-08-27 06:00:00,1,-69.3,-65.33142555187145,3.6037479111959896,3.3075590339153558
2020-08-27 06:00:00,2,-67.3,-63.589898286627076,3.6037479111959896,3.3264698552191136
2020-08-27 06:00:00,4,-64.2,-62.23808568371324,3.6037479111959896,3.081705312404999
2020-08-27 06:00:00,8,-65.0,-61.326977598172,3.6037479111959896,3.292183152617222
2020-08-27 09:00:00,1,-67.3,-66.66889009807612,3.6037479111959896,3.2932424642413913
2020-08-27 09:00:00,2,-67.0,-65.26666404091196,3.6037479111959896,3.2247582370056667
2020-08-27 09:00:00,4,-63.3,-62.752215015945644,3.6037479111959896,2.69126001421126
2020-08-27 09:00:00,8,-63.8,-62.390077528996436,3.6037479111959896,3.486117826582586
2020-08-27 12:00:00,1,-67.0,-64.85135430142283,3.6037479111959896,3.383023003431384
2020-08-27 12:00:00,2,-64.2,-63.02107068075853,3.6037479111959896,3.415233525632516
2020-08-27 12:00:00,4,-62.4,-61.17695488209369,3.6037479111959896,3.336296520816942
2020-08-27 12:00:00,8,-62.3,-59.24727022438741,3.6037479111959896,3.121370659514479
2020-08-27 15:00:00,1,-64.2,-65.18984278438666,3.6037479111959896,3.3943117611440936
2020-08-27 15:00:00,2,-63.3,-63.52911105912686,3.6037479111959896,3.52914521641298
2020-08-27 15:00:00,4,-63.4,-60.84478375180768,3.6037479111959896,3.3994592627568925
2020-08-27 15:00:00,8,-61.4,-57.86684364516805,3.6037479111959896,2.884166595506296
2020-08-27 18:00:00,1,-63.3,-62.76136033500809,3.6037479111959896,3.8672651019075364
2020-08-27 18:00:00,2,-62.4,-61.536306191715674,3.6037479111959896,4.115088355715785
2020-08-27 18:00:00,4,-65.0,-60.19311078063881,3.6037479111959896,3.8942220953571636
2020-08-27 18:00:00,8,-60.5,-56.93420554905217,3.6037479111959896,2.6650529421558105
2020-08-27 21:00:00,1,-62.4,-62.88924709917941,3.6037479111959896,3.9317430655808923
2020-08-27 21:00:00,2,-63.4,-62.36973706555581,3.6037479111959896,3.987515286725786
2020-08-27 21:00:00,4,-63.8,-61.00144948701116,3.6037479111959896,3.502650502087911
2020-08-27 21:00:00,8,-59.9,-62.06543275204899,3.6037479111959896,2.448436591831931
2020-08-28 00:00:00,1,-63.4,-63.91680327517926,3.6037479111959896,3.6825893737985003
2020-08-28 00:00:00,2,-65.0,-63.50096829046862,3.6037479111959896,3.7112095763425432
2020-08-28 00:00:00,4,-62.3,-63.03511540655103,3.6037479111959896,3.2253775240071723
2020-08-28 00:00:00,8,-57.4,-64.80664865601304,3.6037479111959896,2.72076803074897
2020-08-28 03:00:00,1,-65.0,-65.14145105591348,3.6037479111959896,3.49136151776452
2020-08-28 03:00:00,2,-63.8,-64.37189259481151,3.6037479111959896,3.5581938264497666
2020-08-28 03:00:00,4,-61.4,-64.16158123791787,3.6037479111959896,3.009608777611093
2020-08-28 03:00:00,8,-57.099999999999994,-64.93069010640225,3.6037479111959896,2.9231442725087176
2020-08-28 06:00:00,1,-63.8,-65.38940426651376,3.6037479111959896,3.2168219843702026
2020-08-28 06:00:00,2,-62.3,-63.74260703039504,3.6037479111959896,3.2606486234080476
2020-08-28 06:00:00,4,-60.5,-63.03744118374583,3.6037479111959896,2.675704923854444
2020-08-28 06:00:00,8,-56.8,-63.08922719238154,3.6037479111959896,2.685374534920185
2020-08-28 09:00:00,1,-62.3,-63.10119975732762,3.6037479111959896,3.060997681680239
2020-08-28 09:00:00,2,-61.4,-61.59640389976873,3.6037479111959896,2.7550769411976157
2020-08-28 09:00:00,4,-59.9,-61.732351629012975,3.6037479111959896,2.393816486050164
2020-08-28 09:00:00,8,-57.8,-59.68183463232567,3.6037479111959896,2.4909867195727298
2020-08-28 12:00:00,1,-61.4,-61.55979092147541,3.6037479111959896,3.27974891790134
2020-08-28 12:00:00,2,-60.5,-60.643743801649684,3.6037479111959896,3.1945835051838873
2020-08-28 12:00:00,4,-57.4,-61.07847104281162,3.6037479111959896,3.0542663313665726
2020-08-28 12:00:00,8,-58.8,-57.67542886773164,3.6037479111959896,2.9230717037705847
2020-08-28 15:00:00,1,-60.5,-61.61073034144821,3.6037479111959896,3.3913542784742403
2020-08-28 15:00:00,2,-59.9,-61.87552310118009,3.6037479111959896,3.272772081569771
2020-08-28 15:00:00,4,-57.099999999999994,-62.50674753375988,3.6037479111959896,3.272188065854287
2020-08-28 15:00:00,8,-56.3,-59.10617883857759,3.6037479111959896,3.4669113183300277
2020-08-28 18:00:00,1,-59.9,-62.341725428077694,3.6037479111959896,3.5169017678955794
2020-08-28 18:00:00,2,-57.4,-63.159525032945986,3.6037479111959896,3.392345873494861
2020-08-28 18:00:00,4,-56.8,-63.61914486280156,3.6037479111959896,3.3925115925529936
2020-08-28 18:00:00,8,-54.0,-59.853491111121144,3.6037479111959896,3.7934038031089523
2020-08-28 21:00:00,1,-57.4,-62.28892063104253,3.6037479111959896,3.415976195484896
2020-08-28 21:00:00,2,-57.099999999999994,-62.56418947516485,3.6037479111959896,3.182021062142626
2020-08-28 21:00:00,4,-57.8,-62.56421613370147,3.6037479111959896,3.3068128182723173
2020-08-28 21:00:00,8,-51.7,-59.71041618608665,5.3,4.155911176864498
2020-08-29 00:00:00,1,-57.099999999999994,-60.64131787481732,3.6037479111959896,3.19791220280957
2020-08-29 00:00:00,2,-56.8,-60.265244457725046,3.6037479111959896,2.91822442132021
2020-08-29 00:00:00,4,-58.8,-60.18586109968031,3.6037479111959896,3.411696399500321
2020-08-29 00:00:00,8,-52.0,-58.611897867609834,5.3,4.222167607823723
2020-08-29 03:00:00,1,-56.8,-57.68509294750668,3.6037479111959896,3.292386089147226
2020-08-29 03:00:00,2,-57.8,-56.2405385379483,3.6037479111959896,3.1905776681828013
2020-08-29 03:00:00,4,-56.3,-55.78338642398249,3.6037479111959896,3.5421827487473054
2020-08-29 03:00:00,8,-54.0,-56.43993394459728,4.8,3.9887162700158036
2020-08-29 06:00:00,1,-57.8,-57.4193822695139,3.6037479111959896,3.3361717783019804
2020-08-29 06:00:00,2,-58.8,-56.259680808243026,3.6037479111959896,3.297952820520181
2020-08-29 06:00:00,4,-54.0,-56.04742301792567,3.6037479111959896,3.7815404673491266
2020-08-29 06:00:00,8,-56.35,-55.696603881023876,3.3,4.068272241911921
2020-08-29 09:00:00,1,-58.8,-58.42536304337676,3.6037479111959896,3.5718239523803605
2020-08-29 09:00:00,2,-56.3,-57.84586157559609,3.6037479111959896,3.6035137498962535
2020-08-29 09:00:00,4,-51.7,-57.87251723021156,5.3,4.048247695760435
2020-08-29 09:00:00,8,-58.7,-55.43279982877513,0.0,4.370106312030482
2020-08-29 12:00:00,1,-56.3,-57.79415230031577,3.6037479111959896,3.77362514287657
2020-08-29 12:00:00,2,-54.0,-57.76157016480941,3.6037479111959896,3.8182535038442995
2020-08-29 12:00:00,4,-52.0,-57.78118868625834,5.3,4.138718411105018
2020-08-29 12:00:00,8,-61.05,-54.99915297884727,0.8249999999999997,4.518216653833165
2020-08-29 15:00:00,1,-54.0,-56.08783952094369,3.6037479111959896,3.7513078031732094
2020-08-29 15:00:00,2,-51.7,-56.95020823628422,5.3,3.768966480493166
2020-08-29 15:00:00,4,-54.0,-57.520710646703364,4.8,3.9816211962288266
2020-08-29 15:00:00,8,-63.4,-52.66456711907452,1.6500000000000001,4.554040123434402
2020-08-29 18:00:00,1,-51.7,-53.231480533938644,5.3,3.846438940466486
2020-08-29 18:00:00,2,-52.0,-54.16539139505286,5.3,3.803215565721984
2020-08-29 18:00:00,4,-56.35,-54.977509669492,3.3,3.7987545478426763
2020-08-29 18:00:00,8,-62.1,-53.61753487111618,2.4749999999999996,4.088042717499701
2020-08-29 21:00:00,1,-52.0,-52.7633442022594,5.3,4.460796173233793
2020-08-29 21:00:00,2,-54.0,-55.09549548918791,4.8,3.9123998710974703
2020-08-29 21:00:00,4,-58.7,-55.80860539962447,0.0,4.011434524004267
2020-08-29 21:00:00,8,-59.75,-50.64489350888015,3.3,3.9422984844692697
2020-08-30 00:00:00,1,-54.0,-53.84461895067463,4.8,4.682756696581643
2020-08-30 00:00:00,2,-56.35,-54.42676898009349,3.3,4.044497049046421
2020-08-30 00:00:00,4,-61.05,-53.290393558239366,0.8249999999999997,4.047959393653832
2020-08-30 00:00:00,8,-57.4,-50.779007563105566,3.2,4.447949000536667
2020-08-30 03:00:00,1,-56.35,-55.3633489371241,3.3,4.606514839247373
2020-08-30 03:00:00,2,-58.7,-53.96390563490747,0.0,4.12629849285217
2020-08-30 03:00:00,4,-63.4,-51.334907219715674,1.6500000000000001,3.5828461026266787
2020-08-30 03:00:00,8,-56.6,-53.495288008567094,3.3,3.8130863270923596
2020-08-30 06:00:00,1,-58.7,-59.50663545016377,0.0,3.663431753467893
2020-08-30 06:00:00,2,-61.05,-58.340419939444885,0.8249999999999997,3.4825274536053374
2020-08-30 06:00:00,4,-62.1,-57.247488025391824,2.4749999999999996,3.64783242070809
2020-08-30 06:00:00,8,-55.9,-58.51460213445981,2.6,3.5907971949292494
2020-08-30 09:00:00,1,-61.05,-61.58101760113338,0.8249999999999997,2.78697108822776
2020-08-30 09:00:00,2,-63.4,-62.525401304383585,1.6500000000000001,3.4803249044247275
2020-08-30 09:00:00,4,-59.75,-64.62075219565685,3.3,3.1988152330439754
2020-08-30 09:00:00,8,-53.6,-62.61901960048211,1.3000000000000003,3.7045158700620306
2020-08-30 12:00:00,1,-63.4,-63.689063719845414,1.6500000000000001,1.8824863864905907
2020-08-30 12:00:00,2,-62.1,-63.67777923334451,2.4749999999999996,2.3715353773957095
2020-08-30 12:00:00,4,-57.4,-62.617953979518326,3.2,2.8345228602829273
2020-08-30 12:00:00,8,-51.9,-60.80199608003251,2.0,4.209951265942801
2020-08-30 15:00:00,1,-62.1,-61.98582171569149,2.4749999999999996,1.8807305536127585
2020-08-30 15:00:00,2,-59.75,-60.81417182625769,3.3,1.8167243933775894
2020-08-30 15:00:00,4,-56.6,-58.09799261118522,3.3,2.5514586063042786
2020-08-30 15:00:00,8,-54.0,-57.45730295710356,2.3,4.297096082970116
2020-08-30 18:00:00,1,-59.75,-60.34463357977771,3.3,2.975569080651672
2020-08-30 18:00:00,2,-57.4,-59.62191849052202,3.2,2.821860281980671
2020-08-30 18:00:00,4,-55.9,-57.970149437323784,2.6,3.000253755490971
2020-08-30 18:00:00,8,-52.8,-55.96029283323952,3.2,3.5774542647119327
2020-08-30 21:00:00,1,-57.4,-57.34587027403434,3.2,3.054096453335939
2020-08-30 21:00:00,2,-56.6,-56.0008941447614,3.3,2.3894033896649027
2020-08-30 21:00:00,4,-53.6,-53.7570912295674,1.3000000000000003,2.490920282653028
2020-08-30 21:00:00,8,-51.7,-55.762520355069874,2.8,4.208392770978144
2020-08-31 00:00:00,1,-56.6,-57.18093895147686,3.3,3.0290955899462135
2020-08-31 00:00:00,2,-55.9,-56.54679504888675,2.6,2.8280657888737117
2020-08-31 00:00:00,4,-51.9,-55.32117711356988,2.0,3.242011147905936
2020-08-31 00:00:00,8,-51.5,-55.77576100175785,4.3,3.9950159403118892
2020-08-31 03:00:00,1,-55.9,-55.56368567831614,2.6,3.183998786867439
2020-08-31 03:00:00,2,-53.6,-55.15804163972927,1.3000000000000003,3.130105888091573
2020-08-31 03:00:00,4,-54.0,-54.55313710830374,2.3,3.4950472471833995
2020-08-31 03:00:00,8,-52.3,-55.11273059336287,3.3,3.421625279845395
2020-08-31 06:00:00,1,-53.6,-55.35292436855442,1.3000000000000003,2.98279449557044
2020-08-31 06:00:00,2,-51.9,-54.669224227766506,2.0,3.2347521946063558
2020-08-31 06:00:00,4,-52.8,-53.90830853628666,3.2,3.460450354549112
2020-08-31 06:00:00,8,-54.2,-54.01224710843661,3.7,3.16824862470426
2020-08-31 09:00:00,1,-51.9,-54.328435725518275,2.0,2.7204155844895572
2020-08-31 09:00:00,2,-54.0,-54.458225693053926,2.3,3.5754000288896357
2020-08-31 09:00:00,4,-51.7,-55.65486525868973,2.8,3.4446238912365805
2020-08-31 09:00:00,8,-55.9,-53.779986589517556,2.4,2.577875546510568
2020-08-31 12:00:00,1,-54.0,-52.15112640566303,2.3,2.7235251095964323
2020-08-31 12:00:00,2,-52.8,-53.11553341682444,3.2,3.2848304891359597
2020-08-31 12:00:00,4,-51.5,-54.284883422067765,4.3,3.3675911626250423
2020-08-31 12:00:00,8,-58.5,-53.993161037219075,2.9,2.130809250200609
2020-08-31 15:00:00,1,-52.8,-54.08592049613787,3.2,2.7941736821179304
2020-08-31 15:00:00,2,-51.7,-54.24990706177258,2.8,2.8918329681505317
2020-08-31 15:00:00,4,-52.3,-52.84086218324177,3.3,2.8018293907301115
2020-08-31 15:00:00,8,-59.0,-55.116195122371906,2.2,2.0602969640087725
2020-08-31 18:00:00,1,-51.7,-53.28971394568082,2.8,2.9433012126181657
2020-08-31 18:00:00,2,-51.5,-53.73825373119132,4.3,2.5674390848997626
2020-08-31 18:00:00,4,-54.2,-52.74273697332733,3.7,2.4340926155955853
2020-08-31 18:00:00,8,-59.5,-55.348506256485486,4.0,2.1169799201512305
2020-08-31 21:00:00,1,-51.5,-52.265832144603266,4.3,2.915973457434071
2020-08-31 21:00:00,2,-52.3,-52.38835329287287,3.3,2.6464839830596514
2020-08-31 21:00:00,4,-55.9,-51.46654968535851,2.4,2.186422177366683
2020-08-31 21:00:00,8,-57.666666666666664,-54.61296084585546,5.9,2.4843479330572995
2020-09-01 00:00:00,1,-52.3,-51.841606475554286,3.3,3.5354691807070906
2020-09-01 00:00:00,2,-54.2,-52.90102261991225,3.7,2.6623354268672714
2020-09-01 00:00:00,4,-58.5,-52.66480389371226,2.9,1.9835949536913353
2020-09-01 00:00:00,8,-55.833333333333336,-53.8958298193953,7.6,2.8490310092927578
2020-09-01 03:00:00,1,-54.2,-53.383423024904054,3.7,2.66452027375467
2020-09-01 03:00:00,2,-55.9,-53.16449353051588,2.4,2.417102573085468
2020-09-01 03:00:00,4,-59.0,-53.12452864652447,2.2,2.5500085112254594
2020-09-01 03:00:00,8,-54.0,-54.54585734642892,5.7,3.4784946432681725
2020-09-01 06:00:00,1,-55.9,-53.809846852410026,2.4,3.273251269850156
2020-09-01 06:00:00,2,-58.5,-52.979099709662634,2.9,2.945602830656565
2020-09-01 06:00:00,4,-59.5,-53.3239656621056,4.0,2.4515274548827106
2020-09-01 06:00:00,8,-51.8,-54.325554982436145,8.3,3.2459311127889006
2020-09-01 09:00:00,1,-58.5,-54.87564289793797,2.9,3.40346339351285
2020-09-01 09:00:00,2,-59.0,-54.69875684283391,2.2,3.3509192548512017
2020-09-01 09:00:00,4,-57.666666666666664,-55.990085549164206,5.9,2.5194519004157954
2020-09-01 09:00:00,8,-52.0,-54.80550969184968,8.5,4.0164092149776165
2020-09-01 12:00:00,1,-59.0,-57.975145751436955,2.2,3.1579371188890573
2020-09-01 12:00:00,2,-59.5,-57.593427569340776,4.0,2.9534469193949953
2020-09-01 12:00:00,4,-55.833333333333336,-57.08404165537414,7.6,2.6003954228427304
2020-09-01 12:00:00,8,-50.0,-54.56348764539673,8.7,3.4646525163803283
2020-09-01 15:00:00,1,-59.5,-60.868162567921935,4.0,2.403300649598471
2020-09-01 15:00:00,2,-57.666666666666664,-60.03433109553151,5.9,2.210605962620365
2020-09-01 15:00:00,4,-54.0,-57.926407822238225,5.7,2.3395382691360753
2020-09-01 15:00:00,8,-48.6,-54.262066776850745,10.0,3.4584171768576133
2020-09-01 18:00:00,1,-57.666666666666664,-60.78298205891395,5.9,2.90969415543921
2020-09-01 18:00:00,2,-55.833333333333336,-59.92970138280718,7.6,2.398288127971406
2020-09-01 18:00:00,4,-51.8,-56.93946052302065,8.3,2.949771933988411
2020-09-01 18:00:00,8,-47.199999999999996,-57.02490581614236,8.9,3.75414231622343
2020-09-01 21:00:00,1,-55.833333333333336,-56.072428004773705,7.6,4.598705355292961
2020-09-01 21:00:00,2,-54.0,-55.271919342907076,5.7,3.684554501635449
2020-09-01 21:00:00,4,-52.0,-53.78662186325708,8.5,3.4987861101419924
2020-09-01 21:00:00,8,-45.8,-55.87638761098333,8.6,4.354562312267004
2020-09-02 00:00:00,1,-54.0,-52.92216117329291,5.7,6.729231049728592
2020-09-02 00:00:00,2,-51.8,-52.74627846084834,8.3,5.79588105266566
2020-09-02 00:00:00,4,-50.0,-52.88394994367916,8.7,4.773005333458684
2020-09-02 00:00:00,8,-49.1,-53.85962482478741,8.0,5.672513771277775
2020-09-02 03:00:00,1,-51.8,-54.21191918746564,8.3,5.152611176270264
2020-09-02 03:00:00,2,-52.0,-53.85351461614413,8.5,4.92489559474337
2020-09-02 03:00:00,4,-48.6,-55.435633739292925,10.0,5.0696810513118304
2020-09-02 03:00:00,8,-48.4,-55.179266698260015,7.199999999999999,4.809455421583464
2020-09-02 06:00:00,1,-52.0,-50.73724282261054,8.5,7.72189332667743
2020-09-02 06:00:00,2,-50.0,-51.19615566086996,8.7,7.055951398212449
2020-09-02 06:00:00,4,-47.199999999999996,-53.704864274325985,8.9,5.840743995678515
2020-09-02 06:00:00,8,-46.4,-53.24668004269241,8.4,5.416761276435139
2020-09-02 09:00:00,1,-50.0,-51.42694761864673,8.7,7.44125140758004
2020-09-02 09:00:00,2,-48.6,-52.48465698622268,10.0,6.594470743054583
2020-09-02 09:00:00,4,-45.8,-54.81624119384098,8.6,5.226036022896924
2020-09-02 09:00:00,8,-47.9,-52.99112023295585,7.1,5.241965100857904
2020-09-02 12:00:00,1,-48.6,-50.731151166867754,10.0,7.389706595362253
2020-09-02 12:00:00,2,-47.199999999999996,-51.59060833770885,8.9,7.071756133559669
2020-09-02 12:00:00,4,-49.1,-53.406758791084165,8.0,6.845580758182457
2020-09-02 12:00:00,8,-51.1,-54.16790270125251,5.3,5.631317762327303
2020-09-02 15:00:00,1,-47.199999999999996,-48.00074331812516,8.9,7.976723596027961
2020-09-02 15:00:00,2,-45.8,-48.916157477831426,8.6,7.430829662333471
2020-09-02 15:00:00,4,-48.4,-50.52357861436126,7.199999999999999,6.748345687344998
2020-09-02 15:00:00,8,-52.45,-51.13617341310051,6.0,5.724568537508427
2020-09-02 18:00:00,1,-45.8,-47.93931124223915,8.6,7.6447910952369735
2020-09-02 18:00:00,2,-49.1,-48.577940263490234,8.0,7.192551250415922
2020-09-02 18:00:00,4,-46.4,-49.58372794308785,8.4,6.5711975594980645
2020-09-02 18:00:00,8,-53.8,-49.932693951444094,5.3,5.81841393911693
2020-09-02 21:00:00,1,-49.1,-47.88915644784415,8.0,8.074733302153886
2020-09-02 21:00:00,2,-48.4,-48.46651298417844,7.199999999999999,7.58585226975363
2020-09-02 21:00:00,4,-47.9,-49.68640041487362,7.1,6.847397695963965
2020-09-02 21:00:00,8,-56.8,-51.47649016732572,4.4,6.0756948030336675
2020-09-03 00:00:00,1,-48.4,-49.91004806496163,7.199999999999999,8.409930276437507
2020-09-03 00:00:00,2,-46.4,-49.76101135448774,8.4,7.80279323321326
2020-09-03 00:00:00,4,-51.1,-50.3982168459084,5.3,6.079608716078441
2020-09-03 00:00:00,8,-55.9,-53.77752697926392,4.5,4.764393807653426
2020-09-03 03:00:00,1,-46.4,-49.73882568801246,8.4,7.247683016455681
2020-09-03 03:00:00,2,-47.9,-48.641827446498695,7.1,6.446882032379863
2020-09-03 03:00:00,4,-52.45,-50.444072410897775,6.0,5.259601063789583
2020-09-03 03:00:00,8,-56.3,-53.89175016266629,4.0,5.233924420688542
2020-09-03 06:00:00,1,-47.9,-47.96408062526355,7.1,7.893841459213775
2020-09-03 06:00:00,2,-51.1,-48.23557008144433,5.3,6.990754492158034
2020-09-03 06:00:00,4,-53.8,-51.50703112352823,5.3,5.954513648217029
2020-09-03 06:00:00,8,-56.1,-53.0972983923697,4.9,5.494487993592727
2020-09-03 09:00:00,1,-51.1,-50.03100685186635,5.3,6.714659289767555
2020-09-03 09:00:00,2,-52.45,-50.746800268239106,6.0,6.002340978860493
2020-09-03 09:00:00,4,-56.8,-54.186385893266895,4.4,5.405379128461709
2020-09-03 09:00:00,8,-57.1,-52.124059525107675,2.9,5.210453525977727
2020-09-03 12:00:00,1,-52.45,-53.569105136215796,6.0,5.460204836781493
2020-09-03 12:00:00,2,-53.8,-54.226722961050804,5.3,5.063594555016522
2020-09-03 12:00:00,4,-55.9,-54.11808185906624,4.5,5.308772062471959
2020-09-03 12:00:00,8,-56.2,-48.92105148080406,2.5,6.574230836775747
2020-09-03 15:00:00,1,-53.8,-55.44210041580086,5.3,5.498715855741195
2020-09-03 15:00:00,2,-56.8,-55.60700922270241,4.4,5.223012129967449
2020-09-03 15:00:00,4,-56.3,-53.10622377850503,4.0,5.863927814646413
2020-09-03 15:00:00,8,-59.3,-50.45189416964211,2.9,6.57018191708516
2020-09-03 18:00:00,1,-56.8,-55.13298387618374,4.4,5.567183420426834
2020-09-03 18:00:00,2,-55.9,-54.933928185751405,4.5,5.402134490068699
2020-09-03 18:00:00,4,-56.1,-52.47677574111538,4.9,5.786422696074926
2020-09-03 18:00:00,8,-60.7,-52.77996057620944,1.5,5.390548232521739
2020-09-03 21:00:00,1,-55.9,-56.812231216002445,4.5,4.6773922618967685
2020-09-03 21:00:00,2,-56.3,-55.800875865006816,4.0,4.4939635523711265
2020-09-03 21:00:00,4,-57.1,-52.515750881903486,2.9,5.395290527576533
2020-09-03 21:00:00,8,-62.4,-52.956417212723636,0.0,5.550285835074632
2020-09-04 00:00:00,1,-56.3,-54.04629798521051,4.0,4.678197929518513
2020-09-04 00:00:00,2,-56.1,-52.909007572130754,4.9,4.26010442197743
2020-09-04 00:00:00,4,-56.2,-51.30867503955691,2.5,5.156039875856543
2020-09-04 00:00:00,8,-59.0,-51.74605138273278,1.1,5.624864316688985
2020-09-04 03:00:00,1,-56.1,-53.81787557506366,4.9,3.9903313643305918
2020-09-04 03:00:00,2,-57.1,-51.89775156020908,2.9,3.8382275024838464
2020-09-04 03:00:00,4,-59.3,-50.62839349583995,2.9,5.299632347159025
2020-09-04 03:00:00,8,-61.1,-51.81529909310472,0.0,5.525402809239113
2020-09-04 06:00:00,1,-57.1,-53.75371622280633,2.9,4.467202590490748
2020-09-04 06:00:00,2,-56.2,-52.591835110947635,2.5,4.03044158819732
2020-09-04 06:00:00,4,-60.7,-52.69170983235904,1.5,4.646310660789044
2020-09-04 06:00:00,8,-61.9,-52.518510941069835,0.0,4.616977214456072
2020-09-04 09:00:00,1,-56.2,-56.175943102466945,2.5,3.226936045631909
2020-09-04 09:00:00,2,-59.3,-54.38710558073497,2.9,3.3843447835445035
2020-09-04 09:00:00,4,-62.4,-53.37398139980959,0.0,4.618584817288341
2020-09-04 09:00:00,8,-61.4,-51.10036127165725,0.2999999999999998,3.9085137378562003
2020-09-04 12:00:00,1,-59.3,-56.237538732077624,2.9,3.0419788070716853
2020-09-04 12:00:00,2,-60.7,-55.44577551122415,1.5,3.3984823574404275
2020-09-04 12:00:00,4,-59.0,-55.24029817559574,1.1,4.293221040322183
2020-09-04 12:00:00,8,-61.1,-53.27615159530093,0.0,3.415834630459368
2020-09-04 15:00:00,1,-60.7,-57.762198801922935,1.5,2.731904799344818
2020-09-04 15:00:00,2,-62.4,-56.761418243953344,0.0,2.9545343840637894
2020-09-04 15:00:00,4,-61.1,-53.615749109413166,0.0,3.89659505577001
2020-09-04 15:00:00,8,-63.9,-53.61284603080036,3.6037479111959896,3.31160147520647
2020-09-04 18:00:00,1,-62.4,-59.44271620486127,0.0,2.982853041106421
2020-09-04 18:00:00,2,-59.0,-58.094501423639564,1.1,3.447481291965599
2020-09-04 18:00:00,4,-61.9,-55.834892517983704,0.0,3.5469341348894265
2020-09-04 18:00:00,8,-64.4,-56.774399150034526,3.6037479111959896,3.0207557303575534
2020-09-04 21:00:00,1,-59.0,-60.82164053951707,1.1,2.914612087101948
2020-09-04 21:00:00,2,-61.1,-60.308412554022794,0.0,3.570697937235688
2020-09-04 21:00:00,4,-61.4,-58.89836329711232,0.2999999999999998,3.075856517384193
2020-09-04 21:00:00,8,-63.5,-58.14835995337219,3.6037479111959896,2.9129026427635547
2020-09-05 00:00:00,1,-61.1,-56.17290835229827,0.0,2.940907244062171
2020-09-05 00:00:00,2,-61.9,-54.74546295924164,0.0,3.4546667434242413
2020-09-05 00:00:00,4,-61.1,-54.07879816372929,0.0,3.1723367613727294
2020-09-05 00:00:00,8,-60.8,-58.61700405812394,3.6037479111959896,3.0260349061061493
2020-09-05 03:00:00,1,-61.9,-59.3079256002065,0.0,2.691280595793126
2020-09-05 03:00:00,2,-61.4,-57.88428445237557,0.2999999999999998,3.98504914933286
2020-09-05 03:00:00,4,-63.9,-57.34638002848457,3.6037479111959896,3.6107462364012775
2020-09-05 03:00:00,8,-61.6,-59.19736472333484,3.6037479111959896,2.7684678195690586
2020-09-05 06:00:00,1,-61.4,-59.79984548943097,0.2999999999999998,2.683471111838714
2020-09-05 06:00:00,2,-61.1,-58.18552159316918,0.0,3.6691452152569033
2020-09-05 06:00:00,4,-64.4,-57.988515367802094,3.6037479111959896,3.482067640538192
2020-09-05 06:00:00,8,-64.2,-58.51969175345115,3.6037479111959896,3.4024172386382285
2020-09-05 09:00:00,1,-61.1,-58.277996814447526,0.0,2.609052270784222
2020-09-05 09:00:00,2,-63.9,-57.281230527742125,3.6037479111959896,3.47804709383789
2020-09-05 09:00:00,4,-63.5,-57.97098341721937,3.6037479111959896,3.542615468508011
2020-09-05 09:00:00,8,-64.7,-58.0547394957707,3.6037479111959896,3.5699055696614224
2020-09-05 12:00:00,1,-63.9,-59.99984143365488,3.6037479111959896,2.786958398029615
2020-09-05 12:00:00,2,-64.4,-59.96366147645637,3.6037479111959896,3.6464640054497903
2020-09-05 12:00:00,4,-60.8,-60.80235921253133,3.6037479111959896,3.680055553127126
2020-09-05 12:00:00,8,-63.7,-58.17975146099305,3.6037479111959896,3.472287550100363
2020-09-05 15:00:00,1,-64.4,-62.5993722589936,3.6037479111959896,3.133703239344798
2020-09-05 15:00:00,2,-63.5,-62.842276198657956,3.6037479111959896,3.423311316633428
2020-09-05 15:00:00,4,-61.6,-61.465099078902206,3.6037479111959896,3.377830712883955
2020-09-05 15:00:00,8,-65.8,-59.20348465874148,3.6037479111959896,2.9977006262565573
2020-09-05 18:00:00,1,-63.5,-62.698580201770326,3.6037479111959896,3.207385115804059
2020-09-05 18:00:00,2,-60.8,-61.83597840435962,3.6037479111959896,3.425551323226631
2020-09-05 18:00:00,4,-64.2,-59.72255014325442,3.6037479111959896,3.593807487885344
2020-09-05 18:00:00,8,-67.9,-61.82535605826827,3.6037479111959896,3.523866847131808
2020-09-05 21:00:00,1,-60.8,-63.19149294135862,3.6037479111959896,3.468481916971067
2020-09-05 21:00:00,2,-61.6,-62.220455024494925,3.6037479111959896,3.254418935822322
2020-09-05 21:00:00,4,-64.7,-60.17619774040626,3.6037479111959896,2.981420861601454
2020-09-05 21:00:00,8,-68.5,-63.460530892921895,3.6037479111959896,3.3986964112238485
2020-09-06 00:00:00,1,-61.6,-61.2790152882887,3.6037479111959896,3.2464884151040874
2020-09-06 00:00:00,2,-64.2,-60.209889807687276,3.6037479111959896,3.083392468916398
2020-09-06 00:00:00,4,-63.7,-58.89861114945278,3.6037479111959896,2.904948021332876
2020-09-06 00:00:00,8,-64.7,-63.90008332921195,3.6037479111959896,2.945023560435345
2020-09-06 03:00:00,1,-64.2,-59.560830093608104,3.6037479111959896,3.1827858598615197
2020-09-06 03:00:00,2,-64.7,-59.46509712710476,3.6037479111959896,2.7608107779528708
2020-09-06 03:00:00,4,-65.8,-59.705599636970405,3.6037479111959896,3.3074949964028666
2020-09-06 03:00:00,8,-64.45,-62.39131030618984,3.6037479111959896,3.3643515496571377
2020-09-06 06:00:00,1,-64.7,-63.28644128228416,3.6037479111959896,3.0447191433888214
2020-09-06 06:00:00,2,-63.7,-63.098908564180334,3.6037479111959896,2.75482111106862
2020-09-06 06:00:00,4,-67.9,-63.71549746015606,3.6037479111959896,3.4830924140285435
2020-09-06 06:00:00,8,-64.2,-63.8081618129442,3.6037479111959896,3.4704895942959144
2020-09-06 09:00:00,1,-63.7,-64.46525006955176,3.6037479111959896,3.1375973439500293
2020-09-06 09:00:00,2,-65.8,-64.89719401539044,3.6037479111959896,2.835256492368141
2020-09-06 09:00:00,4,-68.5,-66.2185063704077,3.6037479111959896,3.5529371451437863
2020-09-06 09:00:00,8,-66.9,-63.87710511164798,3.6037479111959896,3.425357371143633
2020-09-06 12:00:00,1,-65.8,-65.6178520743205,3.6037479111959896,3.2535958058480876
2020-09-06 12:00:00,2,-67.9,-66.2706288530056,3.6037479111959896,3.0961094871022947
2020-09-06 12:00:00,4,-64.7,-68.12675324166601,3.6037479111959896,3.61760707472417
2020-09-06 12:00:00,8,-68.7,-65.70755444753992,3.6037479111959896,3.5128452500821528
2020-09-06 15:00:00,1,-67.9,-67.75141401508226,3.6037479111959896,3.2821044159616966
2020-09-06 15:00:00,2,-68.5,-67.96168790592445,3.6037479111959896,3.2858283226153326
2020-09-06 15:00:00,4,-64.45,-67.74641229721166,3.6037479111959896,3.754502520566163
2020-09-06 15:00:00,8,-70.0,-65.29158184714025,3.6037479111959896,3.4788733097164
2020-09-06 18:00:00,1,-68.5,-68.88663825648007,3.6037479111959896,3.362737695036076
2020-09-06 18:00:00,2,-64.7,-68.21559245469976,3.6037479111959896,3.367901539277999
2020-09-06 18:00:00,4,-64.2,-66.46495229293748,3.6037479111959896,3.732049627685345
2020-09-06 18:00:00,8,-69.9,-64.73700935335319,3.6037479111959896,3.3614609437983085
2020-09-06 21:00:00,1,-64.7,-68.66825440649767,3.6037479111959896,3.4658493406978446
2020-09-06 21:00:00,2,-64.45,-67.3959980818661,3.6037479111959896,3.4292937053158017
2020-09-06 21:00:00,4,-66.9,-65.53642537546892,3.6037479111959896,3.777362699491236
2020-09-06 21:00:00,8,-71.5,-64.73499627358792,3.6037479111959896,3.45950129568635
2020-09-07 00:00:00,1,-64.45,-65.14483452856118,3.6037479111959896,4.320164570431341
2020-09-07 00:00:00,2,-64.2,-63.86152788025036,3.6037479111959896,4.492355736258216
2020-09-07 00:00:00,4,-68.7,-64.08212727077614,3.6037479111959896,4.707549398065657
2020-09-07 00:00:00,8,-71.1,-66.51982420731215,3.6037479111959896,3.4216037918208047
2020-09-07 03:00:00,1,-64.2,-63.1376967349616,3.6037479111959896,4.884774413583706
2020-09-07 03:00:00,2,-66.9,-62.368106571816085,3.6037479111959896,5.051710664334911
2020-09-07 03:00:00,4,-70.0,-63.21638048654533,3.6037479111959896,3.9815231937742426
2020-09-07 03:00:00,8,-67.6,-65.70081632228411,3.6037479111959896,1.8722039135026574
2020-09-07 06:00:00,1,-66.9,-63.54274221735127,3.6037479111959896,4.482290702883882
2020-09-07 06:00:00,2,-68.7,-62.508790874566714,3.6037479111959896,4.436780186524494
2020-09-07 06:00:00,4,-69.9,-63.84043665477845,3.6037479111959896,4.056896812278686
2020-09-07 06:00:00,8,-65.46666666666667,-70.10396070365186,3.6037479111959896,3.330819687234209
2020-09-07 09:00:00,1,-68.7,-67.18082046128792,3.6037479111959896,3.5494873441040804
2020-09-07 09:00:00,2,-70.0,-67.61549726738058,3.6037479111959896,3.2395696177669766
2020-09-07 09:00:00,4,-71.5,-69.14707630823013,3.6037479111959896,2.7623683131546426
2020-09-07 09:00:00,8,-63.333333333333336,-70.85879212452407,3.6037479111959896,2.7647339153853716
2020-09-07 12:00:00,1,-70.0,-69.23374393128087,3.6037479111959896,3.7640959504529117
2020-09-07 12:00:00,2,-69.9,-69.51306487296935,3.6037479111959896,3.3885403336758455
2020-09-07 12:00:00,4,-71.1,-69.73513624701712,3.6037479111959896,2.694569276638523
2020-09-07 12:00:00,8,-61.2,-68.44949157299467,3.6037479111959896,2.5826622039387104
2020-09-07 15:00:00,1,-69.9,-70.0628186561372,3.6037479111959896,3.697294587455684
2020-09-07 15:00:00,2,-71.5,-70.08275635952458,3.6037479111959896,3.49263095747531
2020-09-07 15:00:00,4,-67.6,-69.9241222156172,3.6037479111959896,2.9573759220451263
2020-09-07 15:00:00,8,-62.9,-67.76955478900129,3.6037479111959896,2.440851052550671
2020-09-07 18:00:00,1,-71.5,-69.47067059473457,3.6037479111959896,3.788549988938944
2020-09-07 18:00:00,2,-71.1,-68.9174094127488,3.6037479111959896,3.5737714445742985
2020-09-07 18:00:00,4,-65.46666666666667,-67.99433092376444,3.6037479111959896,2.584445763299885
2020-09-07 18:00:00,8,-61.6,-64.64261003418181,3.6037479111959896,1.5563699421420005
2020-09-07 21:00:00,1,-71.1,-72.38950656418595,3.6037479111959896,3.744764033183388
2020-09-07 21:00:00,2,-67.6,-71.28772797873069,3.6037479111959896,3.4331855704743015
2020-09-07 21:00:00,4,-63.333333333333336,-68.17352672491629,3.6037479111959896,2.0913263113594276
2020-09-07 21:00:00,8,-59.9,-65.2123526763073,3.6037479111959896,1.405512065800544
2020-09-08 00:00:00,1,-67.6,-71.26868369657055,3.6037479111959896,2.9768335149324163
2020-09-08 00:00:00,2,-65.46666666666667,-70.02097339965657,3.6037479111959896,2.530499730984306
2020-09-08 00:00:00,4,-61.2,-67.17864743030295,3.6037479111959896,1.749941319195336
2020-09-08 00:00:00,8,-59.7,-65.36829214651314,3.6037479111959896,2.042078318365615
2020-09-08 03:00:00,1,-65.46666666666667,-67.08131927460838,3.6037479111959896,2.642196082410714
2020-09-08 03:00:00,2,-63.333333333333336,-66.54354165889157,3.6037479111959896,2.041269984735857
2020-09-08 03:00:00,4,-62.9,-64.91175101738662,3.6037479111959896,1.9159607831107837
2020-09-08 03:00:00,8,-59.0,-63.17847853198141,3.6037479111959896,2.018090111459819
2020-09-08 06:00:00,1,-63.333333333333336,-63.465423094642055,3.6037479111959896,3.0614132590094165
2020-09-08 06:00:00,2,-61.2,-61.95519826212567,3.6037479111959896,2.7052200319734707
2020-09-08 06:00:00,4,-61.6,-62.46387772487188,3.6037479111959896,2.3971134848405637
2020-09-08 06:00:00,8,-59.2,-61.846502762316376,3.6037479111959896,2.478324461191435
2020-09-08 09:00:00,1,-61.2,-60.92398194109807,3.6037479111959896,2.616993562174832
2020-09-08 09:00:00,2,-62.9,-60.00915318844595,3.6037479111959896,2.073313801455891
2020-09-08 09:00:00,4,-59.9,-62.192956383721494,3.6037479111959896,2.2243116965382277
2020-09-08 09:00:00,8,-56.8,-61.8141176838307,3.6037479111959896,2.823758799607397
2020-09-08 12:00:00,1,-62.9,-62.331345890819875,3.6037479111959896,2.4171613319020904
2020-09-08 12:00:00,2,-61.6,-62.81450232650645,3.6037479111959896,1.8779214342888684
2020-09-08 12:00:00,4,-59.7,-64.81996207330099,3.6037479111959896,1.919989761061429
2020-09-08 12:00:00,8,-55.6,-63.719550278223196,3.6037479111959896,2.5331361996292276
2020-09-08 15:00:00,1,-61.6,-64.48866346971352,3.6037479111959896,2.77575807180272
2020-09-08 15:00:00,2,-59.9,-64.68655699204943,3.6037479111959896,2.305528218185767
2020-09-08 15:00:00,4,-59.0,-65.01071615132982,3.6037479111959896,1.8592974487873062
2020-09-08 15:00:00,8,-55.1,-65.68337299332313,3.6037479111959896,2.4729616261113683
2020-09-08 18:00:00,1,-59.9,-62.96247233526506,3.6037479111959896,2.7252370066621987
2020-09-08 18:00:00,2,-59.7,-63.166229294655274,3.6037479111959896,2.0413694801549287
2020-09-08 18:00:00,4,-59.2,-64.24613635206678,3.6037479111959896,1.8474981238798902
2020-09-08 18:00:00,8,-56.8,-65.43322081370223,3.6037479111959896,2.377644268158334
2020-09-08 21:00:00,1,-59.7,-61.520525058537956,3.6037479111959896,2.8670393069036324
2020-09-08 21:00:00,2,-59.0,-62.4392682930672,3.6037479111959896,2.1951768144821173
2020-09-08 21:00:00,4,-56.8,-64.81888420382036,3.6037479111959896,2.2832737696114496
2020-09-08 21:00:00,8,-58.1,-65.94337153946945,3.6037479111959896,2.4367954145198887
2020-09-09 00:00:00,1,-59.0,-61.3615465151575,3.6037479111959896,3.1423166046955853
2020-09-09 00:00:00,2,-59.2,-61.85885863378899,3.6037479111959896,2.686034318583419
2020-09-09 00:00:00,4,-55.6,-63.84453342340597,3.6037479111959896,3.0457321197937124
2020-09-09 00:00:00,8,-60.9,-65.85104798364944,3.6037479111959896,2.9195268195550694
2020-09-09 03:00:00,1,-59.2,-60.29840695677863,3.6037479111959896,3.030875950097772
2020-09-09 03:00:00,2,-56.8,-60.63040444632611,3.6037479111959896,2.564891767562819
2020-09-09 03:00:00,4,-55.1,-63.433646118991696,3.6037479111959896,3.1118628751351705
2020-09-09 03:00:00,8,-62.6,-66.80733868625566,3.6037479111959896,3.2045727972705524
2020-09-09 06:00:00,1,-56.8,-60.2154153297774,3.6037479111959896,3.2774329034196663
2020-09-09 06:00:00,2,-55.6,-60.74554122498345,3.6037479111959896,3.1313116701960153
2020-09-09 06:00:00,4,-56.8,-63.27752652353843,3.6037479111959896,3.6167707346802276
2020-09-09 06:00:00,8,-61.7,-61.666359502363065,3.6037479111959896,3.5568619121736855
2020-09-09 09:00:00,1,-55.6,-58.97924745871864,3.6037479111959896,3.409282115963262
2020-09-09 09:00:00,2,-55.1,-60.241324545367526,3.6037479111959896,3.2495664546563208
2020-09-09 09:00:00,4,-58.1,-64.16679190107548,3.6037479111959896,3.963979688000478
2020-09-09 09:00:00,8,-59.5,-62.138887827950356,3.6037479111959896,3.846476877760521
2020-09-09 12:00:00,1,-55.1,-57.52680536457535,3.6037479111959896,3.5130749266725343
2020-09-09 12:00:00,2,-56.8,-59.50826738490547,3.6037479111959896,3.546845483457951
2020-09-09 12:00:00,4,-60.9,-64.11075421609947,3.6037479111959896,3.8660672645069747
2020-09-09 12:00:00,8,-58.5,-62.72701837583435,3.6037479111959896,3.7956402639114963
2020-09-09 15:00:00,1,-56.8,-57.994187872094116,3.6037479111959896,3.655677489204465
2020-09-09 15:00:00,2,-58.1,-60.089985473981,3.6037479111959896,3.504626020691093
2020-09-09 15:00:00,4,-62.6,-64.13615619899284,3.6037479111959896,3.444957595459657
2020-09-09 15:00:00,8,-61.9,-63.85433872137499,3.6037479111959896,3.538537292711983
2020-09-09 18:00:00,1,-58.1,-60.08042514634849,3.6037479111959896,3.5093712950098426
2020-09-09 18:00:00,2,-60.9,-61.59411054511847,3.6037479111959896,3.3390937764051714
2020-09-09 18:00:00,4,-61.7,-63.55839510135281,3.6037479111959896,3.2871730303973696
2020-09-09 18:00:00,8,-62.3,-63.599854889803936,3.6037479111959896,3.3089995047052456
2020-09-09 21:00:00,1,-60.9,-60.653615385709756,3.6037479111959896,3.4424796076611104
2020-09-09 21:00:00,2,-62.6,-61.23081089007285,3.6037479111959896,3.2583311692820467
2020-09-09 21:00:00,4,-59.5,-61.981414411137415,3.6037479111959896,3.311738801279257
2020-09-09 21:00:00,8,-63.0,-62.57569299396663,3.6037479111959896,3.3335003316319183
2020-09-10 00:00:00,1,-62.6,-62.248781520905546,3.6037479111959896,3.203220811286638
2020-09-10 00:00:00,2,-61.7,-62.31680546034645,3.6037479111959896,3.1195856071888164
2020-09-10 00:00:00,4,-58.5,-61.976360817195555,3.6037479111959896,3.305955829996309
2020-09-10 00:00:00,8,-63.7,-62.953638993131165,3.6037479111959896,3.275358802505157
2020-09-10 03:00:00,1,-61.7,-62.6808875794669,3.6037479111959896,3.0577534698485103
2020-09-10 03:00:00,2,-59.5,-61.95944201295509,3.6037479111959896,2.9695043389817553
2020-09-10 03:00:00,4,-61.9,-61.71183608383185,3.6037479111959896,3.204417182382792
2020-09-10 03:00:00,8,-63.5,-61.359062227744964,3.6037479111959896,3.1326625364565643
2020-09-10 06:00:00,1,-59.5,-62.07328621283688,3.6037479111959896,3.0258577765337185
2020-09-10 06:00:00,2,-58.5,-62.07999695905507,3.6037479111959896,2.7767104231853788
2020-09-10 06:00:00,4,-62.3,-64.01532241900982,3.6037479111959896,3.400278553679587
2020-09-10 06:00:00,8,-62.2,-62.93514805573113,3.6037479111959896,3.262166568390816
2020-09-10 09:00:00,1,-58.5,-60.65236171398765,3.6037479111959896,3.240034063023046
2020-09-10 09:00:00,2,-61.9,-61.86908686583897,3.6037479111959896,3.034880614055332
2020-09-10 09:00:00,4,-63.0,-65.6026509444395,3.6037479111959896,3.5114268804986963
2020-09-10 09:00:00,8,-60.13333333333333,-64.68635381077034,3.6037479111959896,3.4329799012860835
2020-09-10 12:00:00,1,-61.9,-60.4354174249827,3.6037479111959896,3.446938466073927
2020-09-10 12:00:00,2,-62.3,-62.524610194296876,3.6037479111959896,3.3500598938280612
2020-09-10 12:00:00,4,-63.7,-67.542617151269,3.6037479111959896,3.444628650060885
2020-09-10 12:00:00,8,-58.06666666666667,-66.52742261074968,3.6037479111959896,3.4737605995081804
2020-09-10 15:00:00,1,-62.3,-64.14611712517564,3.6037479111959896,3.4680699920728677
2020-09-10 15:00:00,2,-63.0,-66.01810622512856,3.6037479111959896,3.3323294209122953
2020-09-10 15:00:00,4,-63.5,-68.47239053544978,3.6037479111959896,3.3958119505134907
2020-09-10 15:00:00,8,-56.0,-68.02529805630236,3.6037479111959896,3.5932768089926843
2020-09-10 18:00:00,1,-63.0,-64.40782325866758,3.6037479111959896,3.492912108015416
2020-09-10 18:00:00,2,-63.7,-65.4527046014661,3.6037479111959896,3.4160105070080324
2020-09-10 18:00:00,4,-62.2,-66.9882089317076,3.6037479111959896,3.5930160034262326
2020-09-10 18:00:00,8,-56.5,-68.34238477786771,6.6,3.259633887437868
2020-09-10 21:00:00,1,-63.7,-64.78012557357968,3.6037479111959896,3.3978159887373995
2020-09-10 21:00:00,2,-63.5,-65.95344990731357,3.6037479111959896,3.3014089000087594
2020-09-10 21:00:00,4,-60.13333333333333,-67.96343295932154,3.6037479111959896,3.344247676437203
2020-09-10 21:00:00,8,-56.1,-70.32453631764498,5.0,3.308036276009891
2020-09-11 00:00:00,1,-63.5,-64.82199100408802,3.6037479111959896,3.272048980216211
2020-09-11 00:00:00,2,-62.2,-65.25370511011097,3.6037479111959896,3.2441794655436498
2020-09-11 00:00:00,4,-58.06666666666667,-66.81228708705302,3.6037479111959896,3.4024654000729964
2020-09-11 00:00:00,8,-56.8,-69.94291864543686,2.9,3.3960616888141755
2020-09-11 03:00:00,1,-62.2,-64.29975387421835,3.6037479111959896,3.2535064412594683
2020-09-11 03:00:00,2,-60.13333333333333,-64.26602073838092,3.6037479111959896,3.21534210998187
2020-09-11 03:00:00,4,-56.0,-66.29314162693022,3.6037479111959896,3.369393943903996
2020-09-11 03:00:00,8,-56.7,-69.48493075032299,4.2,3.521476690967273
2020-09-11 06:00:00,1,-60.13333333333333,-63.3808153839209,3.6037479111959896,3.3290186388604646
2020-09-11 06:00:00,2,-58.06666666666667,-63.77421540881381,3.6037479111959896,3.1962110497560996
2020-09-11 06:00:00,4,-56.5,-66.72338014692623,6.6,3.446413035884544
2020-09-11 06:00:00,8,-58.4,-69.13081748289623,3.5,3.6079437321097716
2020-09-11 09:00:00,1,-58.06666666666667,-59.7767627992235,3.6037479111959896,3.6988929925603062
2020-09-11 09:00:00,2,-56.0,-60.92079300371759,3.6037479111959896,3.5768346078018154
2020-09-11 09:00:00,4,-56.1,-66.85406173443666,5.0,3.6333349757204343
2020-09-11 09:00:00,8,-58.6,-68.03945301874629,3.6037479111959896,3.648938000901337
2020-09-11 12:00:00,1,-56.0,-58.30259183623241,3.6037479111959896,3.700703198671578
2020-09-11 12:00:00,2,-56.5,-60.245662681826595,6.6,3.6697654620212936
2020-09-11 12:00:00,4,-56.8,-66.54658073206618,2.9,3.6388300447979813
2020-09-11 12:00:00,8,-58.0,-66.16910594054892,3.6037479111959896,3.6577252166346983
2020-09-11 15:00:00,1,-56.5,-59.14204898035052,6.6,3.467104883841863
2020-09-11 15:00:00,2,-56.1,-61.05893321747354,5.0,3.44904247959835
2020-09-11 15:00:00,4,-56.7,-65.7042502300011,4.2,3.277022204885154
2020-09-11 15:00:00,8,-60.8,-65.47354004908665,3.6037479111959896,3.2594238326664673
2020-09-11 18:00:00,1,-56.1,-58.536621365206464,5.0,5.92042777599881
2020-09-11 18:00:00,2,-56.8,-59.12367116160588,2.9,5.388752196243059
2020-09-11 18:00:00,4,-58.4,-60.218273557203595,3.5,4.666784749211803
2020-09-11 18:00:00,8,-62.2,-61.96716794506779,3.6037479111959896,4.236312699862245
2020-09-11 21:00:00,1,-56.8,-58.732797213182906,2.9,4.887252521352615
2020-09-11 21:00:00,2,-56.7,-58.08689437419016,4.2,4.5048361728929756
2020-09-11 21:00:00,4,-58.6,-58.514085174999686,3.6037479111959896,4.388407763882546
2020-09-11 21:00:00,8,-63.7,-63.33730432915205,3.6037479111959896,4.213644966725642
2020-09-12 00:00:00,1,-56.7,-57.61186122691212,4.2,3.394613100029884
2020-09-12 00:00:00,2,-58.4,-57.66431045670887,3.5,3.6559284538688357
2020-09-12 00:00:00,4,-58.0,-56.82921738708546,3.6037479111959896,3.9428749020619147
2020-09-12 00:00:00,8,-61.3,-59.4172299233521,3.6037479111959896,3.8394615709333144
2020-09-12 03:00:00,1,-58.4,-58.429695415827915,3.5,3.7529666600095424
2020-09-12 03:00:00,2,-58.6,-58.541254546820824,3.6037479111959896,3.608844939461197
2020-09-12 03:00:00,4,-60.8,-58.917695779668335,3.6037479111959896,4.334228935747208
2020-09-12 03:00:00,8,-59.3,-58.87624463722908,3.6037479111959896,4.364130668348384
2020-09-12 06:00:00,1,-58.6,-58.744855517746764,3.6037479111959896,3.2348985051261483
2020-09-12 06:00:00,2,-58.0,-58.62101076412774,3.6037479111959896,3.5580825739353545
2020-09-12 06:00:00,4,-62.2,-58.09477665501763,3.6037479111959896,4.156019310149534
2020-09-12 06:00:00,8,-57.3,-57.78412436754093,3.6037479111959896,3.3634646354411757
2020-09-12 09:00:00,1,-58.0,-58.6473515598107,3.6037479111959896,3.405893219876629
2020-09-12 09:00:00,2,-60.8,-58.126626401267956,3.6037479111959896,3.609502003796257
2020-09-12 09:00:00,4,-63.7,-57.401340204230465,3.6037479111959896,4.036552025244592
2020-09-12 09:00:00,8,-56.4,-54.414526767652006,3.6037479111959896,3.485278953831031
2020-09-12 12:00:00,1,-60.8,-58.01202531509647,3.6037479111959896,3.6069277864384555
2020-09-12 12:00:00,2,-62.2,-59.18251807994079,3.6037479111959896,3.5510929141052396
2020-09-12 12:00:00,4,-61.3,-59.253479501916765,3.6037479111959896,3.5914518298645066
2020-09-12 12:00:00,8,-55.5,-55.07824381349019,3.6037479111959896,3.105513937010991
2020-09-12 15:00:00,1,-62.2,-61.09392362753802,3.6037479111959896,3.3341054621308714
2020-09-12 15:00:00,2,-63.7,-62.204725767388474,3.6037479111959896,3.373334463708746
2020-09-12 15:00:00,4,-59.3,-61.849398455794045,3.6037479111959896,3.1031587855316767
2020-09-12 15:00:00,8,-57.9,-59.09474232636786,3.6037479111959896,1.7785087681058074
2020-09-12 18:00:00,1,-63.7,-62.59913233216402,3.6037479111959896,3.5843217114021892
2020-09-12 18:00:00,2,-61.3,-62.72590664280722,3.6037479111959896,3.6398590372460142
2020-09-12 18:00:00,4,-57.3,-61.73009501991319,3.6037479111959896,3.3154313823387316
2020-09-12 18:00:00,8,-60.3,-59.978537660391005,3.6037479111959896,2.4234813704994007
2020-09-12 21:00:00,1,-61.3,-63.601085505494375,3.6037479111959896,3.6475977053625623
2020-09-12 21:00:00,2,-59.3,-62.809533031180386,3.6037479111959896,3.715695294786098
2020-09-12 21:00:00,4,-56.4,-60.822511625213636,3.6037479111959896,3.5279347221393733
2020-09-12 21:00:00,8,-60.4,-60.895125876460014,3.6037479111959896,3.1093883398170012
2020-09-13 00:00:00,1,-59.3,-61.58817217596125,3.6037479111959896,3.716962834966178
2020-09-13 00:00:00,2,-57.3,-60.1735117127166,3.6037479111959896,3.604800978545515
2020-09-13 00:00:00,4,-55.5,-59.15964433502033,3.6037479111959896,3.736599756882511
2020-09-13 00:00:00,8,-58.8,-59.4591472299317,3.6037479111959896,3.2263038284915373
2020-09-13 03:00:00,1,-57.3,-57.83678650538014,3.6037479111959896,3.748974686250128
2020-09-13 03:00:00,2,-56.4,-55.928008985142895,3.6037479111959896,3.496647645129012
2020-09-13 03:00:00,4,-57.9,-56.609687580278916,3.6037479111959896,3.596265307333267
2020-09-13 03:00:00,8,-63.7,-58.308680069595496,0.0,3.4016932175119043
2020-09-13 06:00:00,1,-56.4,-58.622363864986426,3.6037479111959896,3.6025733288994557
2020-09-13 06:00:00,2,-55.5,-58.15203955192666,3.6037479111959896,3.531370479981867
2020-09-13 06:00:00,4,-60.3,-59.55482327685685,3.6037479111959896,4.013918603631125
2020-09-13 06:00:00,8,-63.5,-55.9741776078123,1.8,3.9513486219129437
2020-09-13 09:00:00,1,-55.5,-56.154633565195155,3.6037479111959896,4.326121818658145
2020-09-13 09:00:00,2,-57.9,-55.74926998161853,3.6037479111959896,4.685652514486139
2020-09-13 09:00:00,4,-60.4,-57.332140046923854,3.6037479111959896,4.928783807470892
2020-09-13 09:00:00,8,-63.3,-53.2738279796091,1.3000000000000003,4.734234751958767
2020-09-13 12:00:00,1,-57.9,-55.68422855602455,3.6037479111959896,4.110646626404456
2020-09-13 12:00:00,2,-60.3,-56.16768183811888,3.6037479111959896,4.519893146312509
2020-09-13 12:00:00,4,-58.8,-56.32607569494619,3.6037479111959896,5.395548383871619
2020-09-13 12:00:00,8,-62.3,-50.94563728662105,0.3999999999999999,6.654390446206331
2020-09-13 15:00:00,1,-60.3,-59.94165521472753,3.6037479111959896,4.129956629088107
2020-09-13 15:00:00,2,-60.4,-60.984823206172514,3.6037479111959896,4.356980914737045
2020-09-13 15:00:00,4,-63.7,-59.42750354696444,0.0,5.204477189133545
2020-09-13 15:00:00,8,-65.0,-54.072809179377536,3.6037479111959896,6.91940849194015
2020-09-13 18:00:00,1,-60.4,-60.96838425559119,3.6037479111959896,3.9856989354660426
2020-09-13 18:00:00,2,-58.8,-60.9700226748418,3.6037479111959896,4.04282098312836
2020-09-13 18:00:00,4,-63.5,-58.740131192757204,1.8,5.323237288752769
2020-09-13 18:00:00,8,-66.65,-56.78158686790792,3.6037479111959896,6.470827476517119
2020-09-13 21:00:00,1,-58.8,-60.544398963684905,3.6037479111959896,4.038027873960823
2020-09-13 21:00:00,2,-63.7,-59.77286849137409,0.0,4.081574022295546
2020-09-13 21:00:00,4,-63.3,-57.795512245933864,1.3000000000000003,5.375898838407341
2020-09-13 21:00:00,8,-68.3,-57.31619067676504,3.6037479111959896,6.200816317694575
2020-09-14 00:00:00,1,-63.7,-57.932320613610315,0.0,4.560731270347222
2020-09-14 00:00:00,2,-63.5,-56.80910820446253,1.8,4.987313880605572
2020-09-14 00:00:00,4,-62.3,-56.79567734551327,0.3999999999999999,6.391265266162248
2020-09-14 00:00:00,8,-69.4,-58.960314854211916,3.6037479111959896,6.88424171343285
2020-09-14 03:00:00,1,-63.5,-63.319672228931765,1.8,1.1663323298937183
2020-09-14 03:00:00,2,-63.3,-63.61563530248066,1.3000000000000003,1.9165621278783571
2020-09-14 03:00:00,4,-65.0,-63.27721238510691,3.6037479111959896,3.117349732908035
2020-09-14 03:00:00,8,-71.1,-67.17211248632624,3.6037479111959896,4.023203536400567
2020-09-14 06:00:00,1,-63.3,-64.54129318500819,1.3000000000000003,1.4947352493551902
2020-09-14 06:00:00,2,-62.3,-65.76523199276853,0.3999999999999999,1.692420809975289
2020-09-14 06:00:00,4,-66.65,-66.94376843066202,3.6037479111959896,2.7500523158941688
2020-09-14 06:00:00,8,-69.8,-67.31524000793299,3.6037479111959896,3.9155868703972243
2020-09-14 09:00:00,1,-62.3,-60.95834983830744,0.3999999999999999,2.047906638444876
2020-09-14 09:00:00,2,-65.0,-62.11673962752654,3.6037479111959896,2.3259322439179257
2020-09-14 09:00:00,4,-68.3,-65.45685324616487,3.6037479111959896,2.2613020245269064
2020-09-14 09:00:00,8,-68.8,-68.05866445713603,3.6037479111959896,3.72373606826574
2020-09-14 12:00:00,1,-65.0,-61.31300059947253,3.6037479111959896,1.0319307612580335
2020-09-14 12:00:00,2,-66.65,-62.55176299459525,3.6037479111959896,1.799951790481071
2020-09-14 12:00:00,4,-69.4,-66.0912140195529,3.6037479111959896,1.7677860838746497
2020-09-14 12:00:00,8,-67.8,-66.94200752624316,3.6037479111959896,3.882154383423007
2020-09-14 15:00:00,1,-66.65,-65.16322315482067,3.6037479111959896,3.563974578281043
2020-09-14 15:00:00,2,-68.3,-66.35693910756547,3.6037479111959896,3.5078349612368
2020-09-14 15:00:00,4,-71.1,-66.66725311982749,3.6037479111959896,3.607012465517991
2020-09-14 15:00:00,8,-66.8,-64.46253233981857,3.6037479111959896,4.173178484208042
2020-09-14 18:00:00,1,-68.3,-69.20109082642702,3.6037479111959896,3.6777054070778568
2020-09-14 18:00:00,2,-69.4,-69.64200428908664,3.6037479111959896,3.6382714294738476
2020-09-14 18:00:00,4,-69.8,-67.67872555223394,3.6037479111959896,3.609981118761422
2020-09-14 18:00:00,8,-69.15,-64.23369113847144,3.6037479111959896,3.4756064501465955
2020-09-14 21:00:00,1,-69.4,-69.86496620235769,3.6037479111959896,3.5295965115845216
2020-09-14 21:00:00,2,-71.1,-69.09121154349164,3.6037479111959896,3.4554203439094775
2020-09-14 21:00:00,4,-68.8,-66.09645062074613,3.6037479111959896,3.61326805337157
2020-09-14 21:00:00,8,-71.5,-61.88113652439095,3.6037479111959896,4.404354650777057
2020-09-15 00:00:00,1,-71.1,-70.87993450556624,3.6037479111959896,3.442535553839278
2020-09-15 00:00:00,2,-69.8,-69.50990043262253,3.6037479111959896,3.279909464903926
2020-09-15 00:00:00,4,-67.8,-66.07945256139679,3.6037479111959896,3.4755455585235624
2020-09-15 00:00:00,8,-72.8,-60.81602423430225,3.6037479111959896,5.551258181517394
2020-09-15 03:00:00,1,-69.8,-72.27457512831069,3.6037479111959896,3.597287081564603
2020-09-15 03:00:00,2,-68.8,-71.01435549321329,3.6037479111959896,3.2800015488207195
2020-09-15 03:00:00,4,-66.8,-67.70040686801643,3.6037479111959896,3.3345588967738435
2020-09-15 03:00:00,8,-70.0,-58.7817826344716,3.6037479111959896,6.8822880627604
2020-09-15 06:00:00,1,-68.8,-70.08948007476059,3.6037479111959896,3.741461222495518
2020-09-15 06:00:00,2,-67.8,-68.8702021879027,3.6037479111959896,3.428900495793859
2020-09-15 06:00:00,4,-69.15,-66.46710659089673,3.6037479111959896,3.9590574374047582
2020-09-15 06:00:00,8,-53.29175178959221,-57.16282267459149,3.6037479111959896,6.054907192068495
2020-09-15 09:00:00,1,-67.8,-67.9984738044553,3.6037479111959896,4.183375431658895
2020-09-15 09:00:00,2,-66.8,-66.67574350349028,3.6037479111959896,3.957993620227046
2020-09-15 09:00:00,4,-71.5,-64.75805662826473,3.6037479111959896,4.569838140441427
2020-09-15 09:00:00,8,-53.29175178959221,-55.43324798039074,0.8999999999999999,6.411785423203485
2020-09-15 12:00:00,1,-66.8,-66.8052492333855,3.6037479111959896,4.089791298835736
2020-09-15 12:00:00,2,-69.15,-65.3732275782927,3.6037479111959896,4.261257417123201
2020-09-15 12:00:00,4,-72.8,-62.58921031303466,3.6037479111959896,5.262525141379024
2020-09-15 12:00:00,8,-53.29175178959221,-56.053024913120694,0.8000000000000003,5.610320709772573
2020-09-15 15:00:00,1,-69.15,-68.26996290038558,3.6037479111959896,3.948109342196041
2020-09-15 15:00:00,2,-71.5,-67.24609496895208,3.6037479111959896,3.944770807000787
2020-09-15 15:00:00,4,-70.0,-63.879448901367525,3.6037479111959896,4.793765324580834
2020-09-15 15:00:00,8,-53.29175178959221,-56.62839610897783,2.1,5.41738362934586
2020-09-15 18:00:00,1,-71.5,-72.21228925875187,3.6037479111959896,3.740952814767303
2020-09-15 18:00:00,2,-72.8,-70.8953561087501,3.6037479111959896,3.752441843002003
2020-09-15 18:00:00,4,-53.29175178959221,-64.75782318594406,3.6037479111959896,4.148880273890411
2020-09-15 18:00:00,8,-53.29175178959221,-57.730238098520196,3.6037479111959896,4.626294165981759
2020-09-15 21:00:00,1,-72.8,-71.56292333175206,3.6037479111959896,3.792909205302248
2020-09-15 21:00:00,2,-70.0,-68.90323139427319,3.6037479111959896,3.7180274119561743
2020-09-15 21:00:00,4,-53.29175178959221,-61.622707229400234,0.8999999999999999,3.9111367165005726
2020-09-15 21:00:00,8,-53.29175178959221,-54.395216800751925,3.6037479111959896,5.2007998043197485
2020-09-16 00:00:00,1,-70.0,-72.40088183381157,3.6037479111959896,3.758035021174454
2020-09-16 00:00:00,2,-53.29175178959221,-69.49968084658443,3.6037479111959896,3.629022754413392
2020-09-16 00:00:00,4,-53.29175178959221,-62.25616449454715,0.8000000000000003,3.8342114280119874
2020-09-16 00:00:00,8,-66.9,-54.479836219614164,3.6037479111959896,5.389829903322523
2020-09-16 03:00:00,1,-53.29175178959221,-65.64117469135755,3.6037479111959896,3.735496722726917
2020-09-16 03:00:00,2,-53.29175178959221,-62.56820626818251,0.8999999999999999,4.386496342777034
2020-09-16 03:00:00,4,-53.29175178959221,-58.43921071214857,2.1,6.971536200150055
2020-09-16 03:00:00,8,-69.4,-56.43789204479243,3.6037479111959896,7.723752280745231
2020-09-16 06:00:00,1,-53.29175178959221,-58.894297510027364,0.8999999999999999,4.60784581708814
2020-09-16 06:00:00,2,-53.29175178959221,-57.20149880746886,0.8000000000000003,5.020443935630714
2020-09-16 06:00:00,4,-53.29175178959221,-58.06574298688561,3.6037479111959896,6.11557849619947
2020-09-16 06:00:00,8,-69.0,-55.9411988365111,3.6037479111959896,7.98408902968761
2020-09-16 09:00:00,1,-53.29175178959221,-60.46801433075935,0.8000000000000003,3.766377306830407
2020-09-16 09:00:00,2,-53.29175178959221,-59.58537900332965,2.1,5.083180969411035
2020-09-16 09:00:00,4,-53.29175178959221,-58.654259002799094,3.6037479111959896,7.136214875315246
2020-09-16 09:00:00,8,-66.6,-55.07234399113592,3.6037479111959896,7.4805522047537245
2020-09-16 12:00:00,1,-53.29175178959221,-56.48310204089502,2.1,3.6036902729518614
2020-09-16 12:00:00,2,-53.29175178959221,-58.33509039362397,3.6037479111959896,4.80375869565976
2020-09-16 12:00:00,4,-66.9,-60.623467462797144,3.6037479111959896,5.855062164957288
2020-09-16 12:00:00,8,-65.3,-56.566895585497804,3.6037479111959896,5.601667700882622
2020-09-16 15:00:00,1,-53.29175178959221,-57.661299122822356,3.6037479111959896,3.9113890008389105
2020-09-16 15:00:00,2,-53.29175178959221,-59.77199668517654,3.6037479111959896,4.691565933541198
2020-09-16 15:00:00,4,-69.4,-60.518844955082706,3.6037479111959896,5.403335046797434
2020-09-16 15:00:00,8,-63.6,-57.483983108752675,3.6037479111959896,5.4930752226261
2020-09-16 18:00:00,1,-53.29175178959221,-59.1395848669657,3.6037479111959896,4.12831842048384
2020-09-16 18:00:00,2,-66.9,-62.16768841401221,3.6037479111959896,4.394784641770708
2020-09-16 18:00:00,4,-69.0,-65.43952519736224,3.6037479111959896,3.4988808867268797
2020-09-16 18:00:00,8,-67.1,-63.32164279913863,3.6037479111959896,3.9471517121175146
2020-09-16 21:00:00,1,-66.9,-60.92819543088592,3.6037479111959896,3.9902726055139697
2020-09-16 21:00:00,2,-69.4,-63.60934028533353,3.6037479111959896,3.7507582322812625
2020-09-16 21:00:00,4,-66.6,-67.26204253785842,3.6037479111959896,2.7688713465420145
2020-09-16 21:00:00,8,-66.8,-66.07526212764061,3.6037479111959896,3.8783014953016677
2020-09-17 00:00:00,1,-69.4,-65.48036895746716,3.6037479111959896,3.543878276523867
2020-09-17 00:00:00,2,-69.0,-65.42659940960677,3.6037479111959896,3.2934744602587447
2020-09-17 00:00:00,4,-65.3,-66.67910536110828,3.6037479111959896,3.125339545644495
2020-09-17 00:00:00,8,-65.6,-68.5577915177606,3.6037479111959896,2.9183816091526986
2020-09-17 03:00:00,1,-69.0,-69.61148386716235,3.6037479111959896,3.461445681980952
2020-09-17 03:00:00,2,-66.6,-68.43354112208438,3.6037479111959896,3.3041501694287003
2020-09-17 03:00:00,4,-63.6,-67.97334561193802,3.6037479111959896,3.3654028232671456
2020-09-17 03:00:00,8,-65.0,-67.25718347918378,3.6037479111959896,3.4747067124320874
2020-09-17 06:00:00,1,-66.6,-68.010543637035,3.6037479111959896,3.5359189629190846
2020-09-17 06:00:00,2,-65.3,-66.03879757255118,3.6037479111959896,3.468946628827937
2020-09-17 06:00:00,4,-67.1,-65.43275392906091,3.6037479111959896,3.661602818650325
2020-09-17 06:00:00,8,-63.6,-65.50977548486136,3.6037479111959896,3.323884840528856
2020-09-17 09:00:00,1,-65.3,-67.05982096607728,3.6037479111959896,3.69468687170719
2020-09-17 09:00:00,2,-63.6,-66.3604810904309,3.6037479111959896,3.5088325947655714
2020-09-17 09:00:00,4,-66.8,-66.88656929809059,3.6037479111959896,3.532349098208481
2020-09-17 09:00:00,8,-63.3,-62.59027016999053,3.6037479111959896,3.735778413133646
2020-09-17 12:00:00,1,-63.6,-66.15959244548074,3.6037479111959896,3.788462343925493
2020-09-17 12:00:00,2,-67.1,-66.56970304982809,3.6037479111959896,3.721960440278406
2020-09-17 12:00:00,4,-65.6,-66.96228098309174,3.6037479111959896,3.245782856083258
2020-09-17 12:00:00,8,-63.4,-58.98354164461733,3.6037479111959896,3.7108661545202564
2020-09-17 15:00:00,1,-67.1,-66.218134591897,3.6037479111959896,3.5725013916816653
2020-09-17 15:00:00,2,-66.8,-66.7196767718391,3.6037479111959896,3.0810351313105118
2020-09-17 15:00:00,4,-65.0,-65.95722965550561,3.6037479111959896,2.8824672819983546
2020-09-17 15:00:00,8,-65.6,-57.35084533336832,3.6037479111959896,3.969814726419934
2020-09-17 18:00:00,1,-66.8,-70.4824038484993,3.6037479111959896,3.0006955663390036
2020-09-17 18:00:00,2,-65.6,-69.44381896384989,3.6037479111959896,2.8212476333391194
2020-09-17 18:00:00,4,-63.6,-63.941302470332516,3.6037479111959896,2.940055187900988
2020-09-17 18:00:00,8,-65.6,-57.57543053536919,3.6037479111959896,3.078309884598733
2020-09-17 21:00:00,1,-65.6,-67.83393731644018,3.6037479111959896,3.1025700243219276
2020-09-17 21:00:00,2,-65.0,-65.3377126435077,3.6037479111959896,2.5092303190508956
2020-09-17 21:00:00,4,-63.3,-59.77197362914487,3.6037479111959896,2.9072930419817387
2020-09-17 21:00:00,8,-65.6,-57.053800067332865,3.6037479111959896,3.628760829123575
2020-09-18 00:00:00,1,-65.0,-65.75293448187608,3.6037479111959896,3.671986333341978
2020-09-18 00:00:00,2,-63.6,-62.63689378903494,3.6037479111959896,3.212340984760832
2020-09-18 00:00:00,4,-63.4,-59.36620908676746,3.6037479111959896,3.9845516988975813
2020-09-18 00:00:00,8,-65.6,-61.871829813106814,3.6037479111959896,4.251010348721691
2020-09-18 03:00:00,1,-63.6,-64.30357108846185,3.6037479111959896,3.3441283459185094
2020-09-18 03:00:00,2,-63.3,-60.5770844910833,3.6037479111959896,3.4569062434759212
2020-09-18 03:00:00,4,-65.6,-58.47779281964679,3.6037479111959896,4.21722360260261
2020-09-18 03:00:00,8,-65.6,-60.73062109048844,3.6037479111959896,3.5090860321523754
2020-09-18 06:00:00,1,-63.3,-63.54287911253931,3.6037479111959896,3.3079748245251746
2020-09-18 06:00:00,2,-63.4,-61.649285069908814,3.6037479111959896,3.051898223088311
2020-09-18 06:00:00,4,-65.6,-61.19140236793944,3.6037479111959896,3.2519194733292247
2020-09-18 06:00:00,8,-65.4,-59.08386276142318,3.6037479111959896,3.6214121779843733
2020-09-18 09:00:00,1,-63.4,-63.88186330018405,3.6037479111959896,3.3602245292617883
2020-09-18 09:00:00,2,-65.6,-63.25477886629116,3.6037479111959896,3.067199616122542
2020-09-18 09:00:00,4,-65.6,-63.95808149738098,3.6037479111959896,2.8800601966829324
2020-09-18 09:00:00,8,-60.7,-58.05170762760598,3.6037479111959896,3.8652466672403536
2020-09-18 12:00:00,1,-65.6,-65.2095369584395,3.6037479111959896,3.467179891977329
2020-09-18 12:00:00,2,-65.6,-66.15514983637816,3.6037479111959896,2.9181724341639423
2020-09-18 12:00:00,4,-65.6,-66.52099285991747,3.6037479111959896,2.320443679899933
2020-09-18 12:00:00,8,-60.6,-57.70819869374583,3.6037479111959896,4.414484254865483
2020-09-18 15:00:00,1,-65.6,-68.3593021411062,3.6037479111959896,3.1558445691990933
2020-09-18 15:00:00,2,-65.6,-68.86208934675852,3.6037479111959896,2.5727238592651878
2020-09-18 15:00:00,4,-65.6,-67.05058990739707,3.6037479111959896,1.9740953272965491
2020-09-18 15:00:00,8,-60.5,-61.445147685996034,3.6037479111959896,3.923083071749945
2020-09-18 18:00:00,1,-65.6,-69.62215016381408,3.6037479111959896,3.23808313167877
2020-09-18 18:00:00,2,-65.6,-69.33964028474512,3.6037479111959896,2.957491253551799
2020-09-18 18:00:00,4,-65.4,-65.14800473291592,3.6037479111959896,2.8876602390477872
2020-09-18 18:00:00,8,-62.425,-60.333094756427435,3.6037479111959896,3.216846618284249
2020-09-18 21:00:00,1,-65.6,-68.66901237353885,3.6037479111959896,3.4851787519198356
2020-09-18 21:00:00,2,-65.6,-66.70612703022654,3.6037479111959896,3.3909625085966253
2020-09-18 21:00:00,4,-60.7,-62.65924012723093,3.6037479111959896,3.8214070447434816
2020-09-18 21:00:00,8,-64.35,-61.25629717158201,3.6037479111959896,3.273217411548382
2020-09-19 00:00:00,1,-65.6,-67.81622452010905,3.6037479111959896,3.721148054316467
2020-09-19 00:00:00,2,-65.4,-65.22136182068269,3.6037479111959896,3.6021914632416117
2020-09-19 00:00:00,4,-60.6,-60.61697142587388,3.6037479111959896,3.555521266721359
2020-09-19 00:00:00,8,-66.275,-63.33921870028172,3.6037479111959896,3.1311777299534067
2020-09-19 03:00:00,1,-65.4,-66.03594727063586,3.6037479111959896,3.6636929689330766
2020-09-19 03:00:00,2,-60.7,-63.08595395638527,3.6037479111959896,3.5253554460313654
2020-09-19 03:00:00,4,-60.5,-61.34840673860808,3.6037479111959896,3.5063725292058967
2020-09-19 03:00:00,8,-68.2,-65.53089625087385,3.6037479111959896,3.1915075184578243
2020-09-19 06:00:00,1,-60.7,-65.80262023012679,3.6037479111959896,3.423523344250759
2020-09-19 06:00:00,2,-60.6,-63.61784219701216,3.6037479111959896,3.148509927932004
2020-09-19 06:00:00,4,-62.425,-63.66096274024458,3.6037479111959896,3.2657751701978586
2020-09-19 06:00:00,8,-64.3,-63.893098792617664,3.6037479111959896,3.4094002467783495
2020-09-19 09:00:00,1,-60.6,-62.161851635494536,3.6037479111959896,3.1312327030386493
2020-09-19 09:00:00,2,-60.5,-60.956746003104335,3.6037479111959896,2.693905067401986
2020-09-19 09:00:00,4,-64.35,-62.32876505627472,3.6037479111959896,3.0141597599308234
2020-09-19 09:00:00,8,-61.96666666666666,-59.90019038276947,3.6037479111959896,3.193790101199006
2020-09-19 12:00:00,1,-60.5,-60.8322297425629,3.6037479111959896,3.696543013136538
2020-09-19 12:00:00,2,-62.425,-61.44976249483515,3.6037479111959896,3.372020708279748
2020-09-19 12:00:00,4,-66.275,-64.06598660760456,3.6037479111959896,2.5992975607426834
2020-09-19 12:00:00,8,-59.63333333333333,-54.9126550337796,3.6037479111959896,3.0824065258327664
2020-09-19 15:00:00,1,-62.425,-62.444752746600905,3.6037479111959896,3.34282600100381
2020-09-19 15:00:00,2,-64.35,-62.39661319347413,3.6037479111959896,3.292429411777449
2020-09-19 15:00:00,4,-68.2,-61.989818334681445,3.6037479111959896,3.599211619429543
2020-09-19 15:00:00,8,-57.3,-55.93765901514863,3.6,3.042507743061606
2020-09-19 18:00:00,1,-64.35,-64.3995490253017,3.6037479111959896,3.4866855529891065
2020-09-19 18:00:00,2,-66.275,-63.603194411891266,3.6037479111959896,3.4964842988180114
2020-09-19 18:00:00,4,-64.3,-60.55121994655453,3.6037479111959896,3.622554012554097
2020-09-19 18:00:00,8,-52.9,-55.90996944161292,4.9,2.8101215287753263
2020-09-19 21:00:00,1,-66.275,-69.53173737661879,3.6037479111959896,3.7211793532505477
2020-09-19 21:00:00,2,-68.2,-68.12933695821513,3.6037479111959896,3.5761857547714375
2020-09-19 21:00:00,4,-61.96666666666666,-61.956799215324814,3.6037479111959896,4.260994228812088
2020-09-19 21:00:00,8,-51.8,-56.243997302949424,5.6,3.5492359962010576
2020-09-20 00:00:00,1,-68.2,-70.54543039307555,3.6037479111959896,3.602500833476543
2020-09-20 00:00:00,2,-64.3,-68.64882681781101,3.6037479111959896,3.431613318908294
2020-09-20 00:00:00,4,-59.63333333333333,-62.32773185785547,3.6037479111959896,3.8030261591826497
2020-09-20 00:00:00,8,-50.7,-58.62962147145581,5.3,3.8289206284684516
2020-09-20 03:00:00,1,-64.3,-66.64414233008141,3.6037479111959896,3.54648373949559
2020-09-20 03:00:00,2,-61.96666666666666,-63.24516954459134,3.6037479111959896,3.494177415413785
2020-09-20 03:00:00,4,-57.3,-59.36146674925317,3.6,4.014719045877163
2020-09-20 03:00:00,8,-49.6,-58.06289772847723,5.7,3.751151041902003
2020-09-20 06:00:00,1,-61.96666666666666,-63.149809797600675,3.6037479111959896,3.2975263658783076
2020-09-20 06:00:00,2,-59.63333333333333,-60.473856873284944,3.6037479111959896,3.2122755076040153
2020-09-20 06:00:00,4,-52.9,-60.30741105764709,4.9,4.245694968584268
2020-09-20 06:00:00,8,-47.7,-56.74868014670569,5.4,4.392469107170477
2020-09-20 09:00:00,1,-59.63333333333333,-59.086334079817895,3.6037479111959896,3.8848071413768928
2020-09-20 09:00:00,2,-57.3,-57.45110124483459,3.6,3.9401361920096667
2020-09-20 09:00:00,4,-51.8,-60.53375500256386,5.6,4.512814361834496
2020-09-20 09:00:00,8,-45.25,-57.15315138980655,4.5,5.2847346943783915
2020-09-20 12:00:00,1,-57.3,-57.87446078163131,3.6,4.178482987032768
2020-09-20 12:00:00,2,-52.9,-57.29221744733428,4.9,4.66499564455396
2020-09-20 12:00:00,4,-50.7,-58.71925972008716,5.3,5.309976031690953
2020-09-20 12:00:00,8,-42.8,-53.376840347736774,7.4,6.214846344827226
2020-09-20 15:00:00,1,-52.9,-59.01159002764592,4.9,4.258086893752973
2020-09-20 15:00:00,2,-51.8,-58.659832798455525,5.6,4.969623104549131
2020-09-20 15:00:00,4,-49.6,-57.342766716021146,5.7,5.8579017834128555
2020-09-20 15:00:00,8,-46.2,-52.0488327372726,6.7,5.971299047952013
2020-09-20 18:00:00,1,-51.8,-53.581908799053515,5.6,6.09747011664776
2020-09-20 18:00:00,2,-50.7,-54.01270408618933,5.3,5.9551575424725005
2020-09-20 18:00:00,4,-47.7,-55.56092633965078,5.4,5.5762614976344915
2020-09-20 18:00:00,8,-47.6,-54.85080398656807,4.9,4.761375033459338
2020-09-20 21:00:00,1,-50.7,-51.107995700144265,5.3,6.700696232756209
2020-09-20 21:00:00,2,-49.6,-50.991024345841865,5.7,5.914579834100568
2020-09-20 21:00:00,4,-45.25,-51.802548206964495,4.5,5.396871150407703
2020-09-20 21:00:00,8,-48.8,-54.5915549415763,4.6,5.874391149617997
2020-09-21 00:00:00,1,-49.6,-48.96299616642127,5.7,5.343094356280835
2020-09-21 00:00:00,2,-47.7,-49.596519537533986,5.4,4.5492118762812455
2020-09-21 00:00:00,4,-42.8,-52.021612750256935,7.4,4.307112968239723
2020-09-21 00:00:00,8,-50.9,-55.70415689289906,2.9,4.616303354270526
2020-09-21 03:00:00,1,-47.7,-47.3652794577219,5.4,5.279967232207947
2020-09-21 03:00:00,2,-45.25,-47.689984396501984,4.5,4.715746412944943
2020-09-21 03:00:00,4,-46.2,-50.13367644164816,6.7,4.758297927009909
2020-09-21 03:00:00,8,-53.7,-53.433383103906586,2.6,5.243198289524727
2020-09-21 06:00:00,1,-45.25,-47.53270371370378,4.5,4.838051450099843
2020-09-21 06:00:00,2,-42.8,-47.302865338986905,7.4,4.5084183279005225
2020-09-21 06:00:00,4,-47.6,-49.71547443106107,4.9,5.192261540414707
2020-09-21 06:00:00,8,-53.1,-50.45001005955401,2.6,5.2049601631453095
2020-09-21 09:00:00,1,-42.8,-44.60690986619473,7.4,4.059341434986941
2020-09-21 09:00:00,2,-46.2,-44.60187716678157,6.7,3.7457105193484166
2020-09-21 09:00:00,4,-48.8,-49.706435566019856,4.6,4.830422081646837
2020-09-21 09:00:00,8,-51.7,-50.182582968078485,0.8000000000000003,4.119653574518308
2020-09-21 12:00:00,1,-46.2,-44.43640258647785,6.7,7.421864197304313
2020-09-21 12:00:00,2,-47.6,-46.1124773803136,4.9,6.928867275092165
2020-09-21 12:00:00,4,-50.9,-49.82023275321206,2.9,5.588771047076761
2020-09-21 12:00:00,8,-49.6,-47.643034750759725,1.1999999999999997,3.7397099351613496
2020-09-21 15:00:00,1,-47.6,-50.009197647158196,4.9,6.710928371512843
2020-09-21 15:00:00,2,-48.8,-51.174286294329164,4.6,6.208874060315225
2020-09-21 15:00:00,4,-53.7,-52.29632284586174,2.6,4.672553457351878
2020-09-21 15:00:00,8,-52.0,-53.22577092384566,1.9,3.0346393936502514
2020-09-21 18:00:00,1,-48.8,-49.31855583958488,4.6,5.28508639415556
2020-09-21 18:00:00,2,-50.9,-49.93876885553887,2.9,4.7747592468107465
2020-09-21 18:00:00,4,-53.1,-49.50468970501718,2.6,3.5590666908034967
2020-09-21 18:00:00,8,-54.2,-55.285548159503264,1.5999999999999999,3.7587805036652893
2020-09-21 21:00:00,1,-50.9,-51.2374012804019,2.9,4.357131864110782
2020-09-21 21:00:00,2,-53.7,-52.30065404749878,2.6,3.9191811824013136
2020-09-21 21:00:00,4,-51.7,-51.45329174664678,0.8000000000000003,3.240920750628327
2020-09-21 21:00:00,8,-55.6,-53.63182510762092,1.9,3.2419877936757358
2020-09-22 00:00:00,1,-53.7,-52.15016111446206,2.6,3.444696753235595
2020-09-22 00:00:00,2,-53.1,-52.00006891506955,2.6,3.1715446104116145
2020-09-22 00:00:00,4,-49.6,-50.45800419816014,1.1999999999999997,2.8960631763860523
2020-09-22 00:00:00,8,-55.4,-54.4031480756467,3.8,3.003518175663443
2020-09-22 03:00:00,1,-53.1,-54.21043063242089,2.6,2.6995551381854503
2020-09-22 03:00:00,2,-51.7,-53.44627899087099,0.8000000000000003,2.679237917674218
2020-09-22 03:00:00,4,-52.0,-52.46967106098106,1.9,2.9651104378541926
2020-09-22 03:00:00,8,-54.2,-54.80862405737772,2.4,2.54382081326595
2020-09-22 06:00:00,1,-51.7,-53.6597830677753,0.8000000000000003,2.672997859317319
2020-09-22 06:00:00,2,-49.6,-53.18465152708085,1.1999999999999997,2.4471145717780907
2020-09-22 06:00:00,4,-54.2,-54.558487188402864,1.5999999999999999,2.3319107135685195
2020-09-22 06:00:00,8,-55.2,-54.36132839695121,3.5,2.8642975842623293
2020-09-22 09:00:00,1,-49.6,-51.29303206244398,1.1999999999999997,1.6192277994055027
2020-09-22 09:00:00,2,-52.0,-52.09371837283588,1.9,2.0190308923676987
2020-09-22 09:00:00,4,-55.6,-55.542164493878616,1.9,2.969608100013649
2020-09-22 09:00:00,8,-55.5,-46.67313810746374,2.9,3.4125998029758478
2020-09-22 12:00:00,1,-52.0,-50.94178656908152,1.9,1.8956125302662719
2020-09-22 12:00:00,2,-54.2,-53.175310591999704,1.5999999999999999,1.9826787000571822
2020-09-22 12:00:00,4,-55.4,-57.18719650257253,3.8,3.105767740973897
2020-09-22 12:00:00,8,-55.800000000000004,-48.006936024131754,3.4,3.3237766539236597
2020-09-22 15:00:00,1,-54.2,-52.48117953322714,1.5999999999999999,2.3702935508629217
2020-09-22 15:00:00,2,-55.6,-54.5348079233759,1.9,2.3555043512882854
2020-09-22 15:00:00,4,-54.2,-53.343136031938926,2.4,3.5463666750837075
2020-09-22 15:00:00,8,-56.1,-48.01183831286577,4.0,3.4389771263030533
2020-09-22 18:00:00,1,-55.6,-54.79160042024324,1.9,2.6573021103777
2020-09-22 18:00:00,2,-55.4,-55.57044739997936,3.8,2.9608497838071557
2020-09-22 18:00:00,4,-55.2,-52.74639982023379,3.5,3.8169373756681693
2020-09-22 18:00:00,8,-56.400000000000006,-50.83936086888473,3.6,3.1836275185914493
2020-09-22 21:00:00,1,-55.4,-56.408241267562715,3.8,2.7245718909829373
2020-09-22 21:00:00,2,-54.2,-56.66459371845059,2.4,3.041321956017266
2020-09-22 21:00:00,4,-55.5,-52.86472571639685,2.9,3.6482684663137928
2020-09-22 21:00:00,8,-56.7,-53.37204397264824,1.8,3.010326893529667
2020-09-23 00:00:00,1,-54.2,-56.30530833466916,2.4,3.238706684293098
2020-09-23 00:00:00,2,-55.2,-55.47505450994316,3.5,3.0676151934517195
2020-09-23 00:00:00,4,-55.800000000000004,-50.87359637403724,3.4,3.280904019193442
2020-09-23 00:00:00,8,-54.9,-53.687281888673986,5.7,2.9316684598914464
2020-09-23 03:00:00,1,-55.2,-55.773108837614714,3.5,3.119223190059432
2020-09-23 03:00:00,2,-55.5,-53.87164079991812,2.9,3.4232447197532454
2020-09-23 03:00:00,4,-56.1,-50.61657007459874,4.0,3.0754281432165493
2020-09-23 03:00:00,8,-53.7,-55.45566060467778,5.5,2.4854553927861964
2020-09-23 06:00:00,1,-55.5,-55.48765517162703,2.9,3.1273569672286325
2020-09-23 06:00:00,2,-55.800000000000004,-53.51636356314248,3.4,3.081358997964018
2020-09-23 06:00:00,4,-56.400000000000006,-52.40556430529598,3.6,3.8636430900801844
2020-09-23 06:00:00,8,-50.4,-54.059326084106516,5.5,2.9278382594983037
2020-09-23 09:00:00,1,-55.800000000000004,-55.94797803032332,3.4,2.851919735615937
2020-09-23 09:00:00,2,-56.1,-54.773389037227226,4.0,2.8937395371214594
2020-09-23 09:00:00,4,-56.7,-54.61438437568589,1.8,3.49065778495918
2020-09-23 09:00:00,8,-48.45,-53.94982650519271,4.3,2.8526216422057877
2020-09-23 12:00:00,1,-56.1,-55.549875115345294,4.0,3.319768390855281
2020-09-23 12:00:00,2,-56.400000000000006,-55.38902164826435,3.6,3.2399451516557884
2020-09-23 12:00:00,4,-54.9,-56.244420957531375,5.7,3.5281716236114717
2020-09-23 12:00:00,8,-46.5,-55.84691695900104,4.9,3.0332524829613567
2020-09-23 15:00:00,1,-56.400000000000006,-56.15143886380676,3.6,4.00320037163335
2020-09-23 15:00:00,2,-56.7,-57.45079719341693,1.8,3.809252074367036
2020-09-23 15:00:00,4,-53.7,-58.71398277083849,5.5,4.052325888219013
2020-09-23 15:00:00,8,-47.1,-58.244892675974114,6.8,4.108201043933316
2020-09-23 18:00:00,1,-56.7,-57.668747662054024,1.8,3.8249548349077314
2020-09-23 18:00:00,2,-54.9,-58.18645067919542,5.7,3.7781519711636964
2020-09-23 18:00:00,4,-50.4,-57.65639503283587,5.5,3.919409339367127
2020-09-23 18:00:00,8,-48.5,-58.213413267232504,4.3,3.9863863656323786
2020-09-23 21:00:00,1,-54.9,-58.02754130390997,5.7,2.7264942960414658
2020-09-23 21:00:00,2,-53.7,-57.016316363593475,5.5,3.093677767872826
2020-09-23 21:00:00,4,-48.45,-56.06073391346015,4.3,3.014150695503577
2020-09-23 21:00:00,8,-49.9,-58.89213312505426,5.5,3.2691625733200036
2020-09-24 00:00:00,1,-53.7,-54.99125880975347,5.5,4.8646643952153
2020-09-24 00:00:00,2,-50.4,-55.57439646590398,5.5,3.8896279237076112
2020-09-24 00:00:00,4,-46.5,-56.6063750769787,4.9,2.9023078202767345
2020-09-24 00:00:00,8,-51.3,-57.380841951073094,5.3,3.2580968804978014
2020-09-24 03:00:00,1,-50.4,-52.60064454145493,5.5,2.8407429768998838
2020-09-24 03:00:00,2,-48.45,-51.99826027746012,4.3,2.086434293294583
2020-09-24 03:00:00,4,-47.1,-53.21269220975511,6.8,3.134372060775198
2020-09-24 03:00:00,8,-53.1,-58.67700593954537,5.0,3.676576199388588
2020-09-24 06:00:00,1,-48.45,-49.13051120552786,4.3,4.5492069708265
2020-09-24 06:00:00,2,-46.5,-48.29591492133686,4.9,4.270240051243968
2020-09-24 06:00:00,4,-48.5,-51.614818792090475,4.3,4.722331772659778
2020-09-24 06:00:00,8,-54.8,-53.82771185457524,4.3,3.4219064370505214
2020-09-24 09:00:00,1,-46.5,-47.15105505995311,4.9,4.356652515869916
2020-09-24 09:00:00,2,-47.1,-46.80800472497292,6.8,4.138750829762465
2020-09-24 09:00:00,4,-49.9,-51.46458767110089,5.5,4.470141171163784
2020-09-24 09:00:00,8,-53.2,-50.67480780934685,4.7,3.3396415877318293
2020-09-24 12:00:00,1,-47.1,-48.419935837447866,6.8,4.404705923992943
2020-09-24 12:00:00,2,-48.5,-49.60105310988652,4.3,4.378592322178455
2020-09-24 12:00:00,4,-51.3,-53.152518849098136,5.3,4.5393081897119005
2020-09-24 12:00:00,8,-52.8,-50.929826612902765,3.8,3.5495357354820394
2020-09-24 15:00:00,1,-48.5,-50.95814212167328,4.3,6.133427099930324
2020-09-24 15:00:00,2,-49.9,-52.88091884104674,5.5,5.443988683077597
2020-09-24 15:00:00,4,-53.1,-53.95622815648632,5.0,4.449850290811727
2020-09-24 15:00:00,8,-53.7,-50.687588776403395,3.7,3.385187055456276
2020-09-24 18:00:00,1,-49.9,-51.765083686563955,5.5,4.7316655733561115
2020-09-24 18:00:00,2,-51.3,-52.09452047056268,5.3,4.391488656063354
2020-09-24 18:00:00,4,-54.8,-51.69770846820166,4.3,4.009304730182351
2020-09-24 18:00:00,8,-56.0,-49.7227079007473,3.4,3.57625226833887
2020-09-24 21:00:00,1,-51.3,-51.66259881522338,5.3,5.091787589761547
2020-09-24 21:00:00,2,-53.1,-51.68300304300159,5.0,4.227574805277137
2020-09-24 21:00:00,4,-53.2,-51.04123335793635,4.7,3.439424189186873
2020-09-24 21:00:00,8,-58.300000000000004,-53.27141772367326,4.6,3.7572595860835856
2020-09-25 00:00:00,1,-53.1,-50.86465639775687,5.0,4.7539650241457005
2020-09-25 00:00:00,2,-54.8,-49.65461551371237,4.3,4.080087349586779
2020-09-25 00:00:00,4,-52.8,-47.53748531852202,3.8,3.999919048970071
2020-09-25 00:00:00,8,-60.6,-52.01745735086138,4.2,4.439629562569392
2020-09-25 03:00:00,1,-54.8,-51.98803920538872,4.3,4.576398652961575
2020-09-25 03:00:00,2,-53.2,-50.889766757874646,4.7,4.189304420200753
2020-09-25 03:00:00,4,-53.7,-51.13813461679451,3.7,4.147588646327927
2020-09-25 03:00:00,8,-61.1,-52.596562272909836,2.2,3.897769352319811
2020-09-25 06:00:00,1,-53.2,-53.00377232039786,4.7,4.137315877609163
2020-09-25 06:00:00,2,-52.8,-52.36693072700832,3.8,3.853768489658269
2020-09-25 06:00:00,4,-56.0,-53.955595556617354,3.4,4.135046038386287
2020-09-25 06:00:00,8,-59.7,-50.797018826971694,4.4,4.817573096064262
2020-09-25 09:00:00,1,-52.8,-51.34967136574641,3.8,4.335114157048082
2020-09-25 09:00:00,2,-53.7,-51.6593999709543,3.7,4.00335190752885
2020-09-25 09:00:00,4,-58.300000000000004,-54.37058413279032,4.6,4.888646416982504
2020-09-25 09:00:00,8,-57.5,-47.94958846835644,4.0,5.371208157267692
2020-09-25 12:00:00,1,-53.7,-54.14289771440447,3.7,3.3124328164853867
2020-09-25 12:00:00,2,-56.0,-55.34720160931836,3.4,3.071456857679321
2020-09-25 12:00:00,4,-60.6,-56.50445300697372,4.2,4.00359507411978
2020-09-25 12:00:00,8,-56.1,-45.94334913949103,3.3,5.4296233787771415
2020-09-25 15:00:00,1,-56.0,-56.05357681687882,3.4,2.6050899430339194
2020-09-25 15:00:00,2,-58.300000000000004,-56.664074957737995,4.6,2.2852978028954616
2020-09-25 15:00:00,4,-61.1,-54.39887784640591,2.2,3.7977791088306185
2020-09-25 15:00:00,8,-56.5,-45.6755691826558,3.2,4.725235801868957
2020-09-25 18:00:00,1,-58.300000000000004,-59.57581291168921,4.6,2.5642793322019086
2020-09-25 18:00:00,2,-60.6,-58.94942736375634,4.2,2.4178495885309106
2020-09-25 18:00:00,4,-59.7,-54.175304768170335,4.4,3.876534305229697
2020-09-25 18:00:00,8,-57.6,-48.09329671376089,0.8000000000000003,4.811094589950616
2020-09-25 21:00:00,1,-60.6,-62.74032170610843,4.2,2.3522946909204148
2020-09-25 21:00:00,2,-61.1,-60.97055584557419,2.2,2.0180344452124928
2020-09-25 21:00:00,4,-57.5,-53.18938094060865,4.0,3.93710616726176
2020-09-25 21:00:00,8,-58.699999999999996,-51.30697132490411,0.0,4.863178575629097
2020-09-26 00:00:00,1,-61.1,-60.23068995075934,2.2,3.3468879574735846
2020-09-26 00:00:00,2,-59.7,-56.03935592859433,4.4,3.2628033444048916
2020-09-26 00:00:00,4,-56.1,-48.62084213467228,3.3,4.0059776854816365
2020-09-26 00:00:00,8,-59.8,-53.32814024484001,1.1,4.080359975566261
2020-09-26 03:00:00,1,-59.7,-59.239867797219084,4.4,3.495368701099653
2020-09-26 03:00:00,2,-57.5,-54.39384658799474,4.0,3.909821068205885
2020-09-26 03:00:00,4,-56.5,-49.546303320429615,3.2,3.8817389660543102
2020-09-26 03:00:00,8,-59.7,-52.87017747719815,2.1999999999999997,3.004447172815902
2020-09-26 06:00:00,1,-57.5,-57.38839424244728,4.0,3.9771718421345787
2020-09-26 06:00:00,2,-56.1,-54.036767738494305,3.3,3.3517753366844856
2020-09-26 06:00:00,4,-57.6,-52.835057827268635,0.8000000000000003,2.777041701341163
2020-09-26 06:00:00,8,-57.55,-55.993845843829526,3.3,2.6453710846744065
2020-09-26 09:00:00,1,-56.1,-55.771365225219604,3.3,4.122498205068941
2020-09-26 09:00:00,2,-56.5,-54.83618808361597,3.2,3.54599971907568
2020-09-26 09:00:00,4,-58.699999999999996,-55.61648561196963,0.0,3.11133201961948
2020-09-26 09:00:00,8,-55.4,-52.67122634947195,3.1,3.0276947093753277
2020-09-26 12:00:00,1,-56.5,-55.497987516070026,3.2,2.756553109834809
2020-09-26 12:00:00,2,-57.6,-56.194627854633204,0.8000000000000003,2.4557995727642066
2020-09-26 12:00:00,4,-59.8,-57.290489325710446,1.1,3.0727441129886626
2020-09-26 12:00:00,8,-56.75,-49.28580870935187,3.5,2.7858474724903
2020-09-26 15:00:00,1,-57.6,-56.19277688759063,0.8000000000000003,2.3570579941183576
2020-09-26 15:00:00,2,-58.699999999999996,-57.30373681715783,0.0,1.95963020765606
2020-09-26 15:00:00,4,-59.7,-56.52363850732783,2.1999999999999997,2.8049662157590474
2020-09-26 15:00:00,8,-58.1,-51.74242888388174,4.633333333333334,2.6319718350378003
2020-09-26 18:00:00,1,-58.699999999999996,-60.82488639647573,0.0,2.348455106179064
2020-09-26 18:00:00,2,-59.8,-60.10426292159318,1.1,2.783521647099136
2020-09-26 18:00:00,4,-57.55,-57.71663143732945,3.3,3.416755389647064
2020-09-26 18:00:00,8,-56.3,-56.49008945949327,5.7666666666666675,3.506923059860729
2020-09-26 21:00:00,1,-59.8,-61.0413328192968,1.1,2.6726209924245006
2020-09-26 21:00:00,2,-59.7,-60.26092649529369,2.1999999999999997,3.2890975149421493
2020-09-26 21:00:00,4,-55.4,-58.73570011167046,3.1,3.734050026808315
2020-09-26 21:00:00,8,-55.3,-60.754445896715325,6.9,3.3391457102412785
2020-09-27 00:00:00,1,-59.7,-57.327928358388476,2.1999999999999997,2.4424843557001923
2020-09-27 00:00:00,2,-57.55,-54.747843494511656,3.3,3.3225762571554047
2020-09-27 00:00:00,4,-56.75,-51.851249930988494,3.5,3.9466160844474794
2020-09-27 00:00:00,8,-56.7,-60.059539984159635,5.85,3.223325924200299
2020-09-27 03:00:00,1,-57.55,-57.31128550602707,3.3,2.7566303174268865
2020-09-27 03:00:00,2,-55.4,-55.15130261384722,3.1,3.171680736780795
2020-09-27 03:00:00,4,-58.1,-53.955856558100876,4.633333333333334,3.5560011881539477
2020-09-27 03:00:00,8,-57.6,-60.04737576595029,4.8,4.772296601888318
2020-09-27 06:00:00,1,-55.4,-55.42699763430497,3.1,3.4072904480165365
2020-09-27 06:00:00,2,-56.75,-53.58281627005006,3.5,3.5277969628402848
2020-09-27 06:00:00,4,-56.3,-54.93952089455882,5.7666666666666675,3.5938423859302437
2020-09-27 06:00:00,8,-56.0,-60.29560276692666,4.8,3.9917548793095143
2020-09-27 09:00:00,1,-56.75,-56.79666623312165,3.5,3.182089391928017
2020-09-27 09:00:00,2,-58.1,-56.8654366115879,4.633333333333334,3.311619444100483
2020-09-27 09:00:00,4,-55.3,-59.37842590154906,6.9,3.6287152637141107
2020-09-27 09:00:00,8,-53.7,-58.861657374191324,5.7,3.731849183872834
2020-09-27 12:00:00,1,-58.1,-59.6290154252707,4.633333333333334,3.8741096242613846
2020-09-27 12:00:00,2,-56.3,-60.85084532663415,5.7666666666666675,3.7586092793006083
2020-09-27 12:00:00,4,-56.7,-61.87289543407061,5.85,3.084201122467118
2020-09-27 12:00:00,8,-52.2,-58.31172418627704,6.2,4.062507479463707
2020-09-27 15:00:00,1,-56.3,-58.81464756661643,5.7666666666666675,4.809079194532568
2020-09-27 15:00:00,2,-55.3,-59.766510070139866,6.9,4.57913674983198
2020-09-27 15:00:00,4,-57.6,-59.82985003264663,4.8,3.9283787234280663
2020-09-27 15:00:00,8,-53.1,-55.97010317471547,6.6,3.629634106708547
2020-09-27 18:00:00,1,-55.3,-56.89655576983465,6.9,6.288369940390713
2020-09-27 18:00:00,2,-56.7,-57.045439373848225,5.85,5.907096029685112
2020-09-27 18:00:00,4,-56.0,-57.35654269494449,4.8,4.318020993347995
2020-09-27 18:00:00,8,-55.3,-55.715506944990025,1.9,3.3292803608671706
2020-09-27 21:00:00,1,-56.7,-58.1514134365666,5.85,5.688780472493612
2020-09-27 21:00:00,2,-57.6,-58.618559259510235,4.8,4.53654951125963
2020-09-27 21:00:00,4,-53.7,-56.94253129823881,5.7,3.52289522051121
2020-09-27 21:00:00,8,-56.3,-54.21483307359329,4.5,3.757617017777984
2020-09-28 00:00:00,1,-57.6,-57.62836862508746,4.8,4.805593442374798
2020-09-28 00:00:00,2,-56.0,-56.69758329726663,4.8,3.893983301019375
2020-09-28 00:00:00,4,-52.2,-54.424121138956295,6.2,3.041304946886139
2020-09-28 00:00:00,8,-58.1,-56.96368556754732,5.05,3.6612693010478092
2020-09-28 03:00:00,1,-56.0,-57.4409576716509,4.8,3.9128653294365847
2020-09-28 03:00:00,2,-53.7,-55.56630055653306,5.7,3.338609656009961
2020-09-28 03:00:00,4,-53.1,-54.71222822996384,6.6,3.3055085804919284
2020-09-28 03:00:00,8,-58.2,-58.025438161520995,5.6,3.5526293978412333
2020-09-28 06:00:00,1,-53.7,-55.901182932043355,5.7,4.00339661648324
2020-09-28 06:00:00,2,-52.2,-55.41420135660239,6.2,3.2157475031604354
2020-09-28 06:00:00,4,-55.3,-57.40539590430157,1.9,3.1299057775300634
2020-09-28 06:00:00,8,-58.2,-56.99298978380098,4.8,3.6945806712779636
2020-09-28 09:00:00,1,-52.2,-53.35766331326929,6.2,4.688154722967491
2020-09-28 09:00:00,2,-53.1,-54.419163011395575,6.6,3.7118006036591034
2020-09-28 09:00:00,4,-56.3,-57.844792712377846,4.5,2.770482681785503
2020-09-28 09:00:00,8,-55.0,-55.448189729915434,6.0,3.572902602560159
2020-09-28 12:00:00,1,-53.1,-53.61328247427488,6.6,4.881042215645148
2020-09-28 12:00:00,2,-55.3,-56.051891565063876,1.9,3.7115541045581555
2020-09-28 12:00:00,4,-58.1,-59.29734360217057,5.05,2.548295761037129
2020-09-28 12:00:00,8,-54.4,-54.47120083512719,5.2,3.063798269778485
2020-09-28 15:00:00,1,-55.3,-55.6305742883225,1.9,5.085279224358148
2020-09-28 15:00:00,2,-56.3,-58.431762172916905,4.5,3.6519449046947443
2020-09-28 15:00:00,4,-58.2,-60.05214332099923,5.6,2.0066008966045583
2020-09-28 15:00:00,8,-54.2,-55.121199722246466,4.0,3.010592001366551
2020-09-28 18:00:00,1,-56.3,-55.91996639284521,4.5,2.4256745353318028
2020-09-28 18:00:00,2,-58.1,-57.04040955643903,5.05,2.9050937453309054
2020-09-28 18:00:00,4,-58.2,-58.103941787857295,4.8,3.1098327633528875
2020-09-28 18:00:00,8,-57.666666666666664,-58.77472676827933,4.0,3.1334226686614346
2020-09-28 21:00:00,1,-58.1,-57.087076405542824,5.05,5.22600605696685
2020-09-28 21:00:00,2,-58.2,-56.50540406828014,5.6,4.761941720122732
2020-09-28 21:00:00,4,-55.0,-55.32745015543683,6.0,3.797114246422119
2020-09-28 21:00:00,8,-61.13333333333333,-55.549381211916845,0.0,3.8000715691314912
2020-09-29 00:00:00,1,-58.2,-58.41074479879644,5.6,5.5758129684462645
2020-09-29 00:00:00,2,-58.2,-57.35021849750727,4.8,5.097502871101026
2020-09-29 00:00:00,4,-54.4,-55.117786889183435,5.2,3.6175034203325964
2020-09-29 00:00:00,8,-64.6,-58.03057749508062,3.6037479111959896,4.456338767795344
2020-09-29 03:00:00,1,-58.2,-57.246737263360544,4.8,4.404550335765263
2020-09-29 03:00:00,2,-55.0,-55.390948267910844,6.0,4.054846438835499
2020-09-29 03:00:00,4,-54.2,-52.51847941915153,4.0,3.7215673240667435
2020-09-29 03:00:00,8,-64.5,-54.47587328404549,3.6037479111959896,4.094655857018039
2020-09-29 06:00:00,1,-55.0,-58.1713842829995,6.0,3.797101196312892
2020-09-29 06:00:00,2,-54.4,-56.59711519825889,5.2,3.5268532493235902
2020-09-29 06:00:00,4,-57.666666666666664,-56.11683140001831,4.0,3.1805270579118208
2020-09-29 06:00:00,8,-53.29175178959221,-56.76069666221214,3.6037479111959896,3.9560509001874524
2020-09-29 09:00:00,1,-54.4,-54.43304814621885,5.2,4.692358910964797
2020-09-29 09:00:00,2,-54.2,-54.653551169737256,4.0,3.7803034396307633
2020-09-29 09:00:00,4,-61.13333333333333,-57.070387080867576,0.0,3.4958569404772444
2020-09-29 09:00:00,8,-53.29175178959221,-53.410025362446284,3.6037479111959896,4.13044514839654
2020-09-29 12:00:00,1,-54.2,-56.326073173192725,4.0,4.081548108697652
2020-09-29 12:00:00,2,-57.666666666666664,-57.345753913124504,4.0,3.5063145768566986
2020-09-29 12:00:00,4,-64.6,-58.810861333915476,3.6037479111959896,4.108480334932833
2020-09-29 12:00:00,8,-53.29175178959221,-51.93035751727942,3.6037479111959896,4.5287370413762424
2020-09-29 15:00:00,1,-57.666666666666664,-56.76466157915854,4.0,2.77519245154253
2020-09-29 15:00:00,2,-61.13333333333333,-58.04665367341362,0.0,2.6037997017956025
2020-09-29 15:00:00,4,-64.5,-58.07853620245898,3.6037479111959896,3.897163048777332
2020-09-29 15:00:00,8,-53.29175178959221,-52.7831714888701,3.6037479111959896,4.108015596415882
2020-09-29 18:00:00,1,-61.13333333333333,-60.5397899188537,0.0,2.4127741491147225
2020-09-29 18:00:00,2,-64.6,-61.11241312393607,3.6037479111959896,2.285136882651754
2020-09-29 18:00:00,4,-53.29175178959221,-57.46623464762255,3.6037479111959896,4.038760492962992
2020-09-29 18:00:00,8,-53.29175178959221,-56.138314938279116,3.6037479111959896,4.543714141195685
2020-09-29 21:00:00,1,-64.6,-63.434798200074255,3.6037479111959896,2.0197470887605027
2020-09-29 21:00:00,2,-64.5,-62.38664290077847,3.6037479111959896,2.722808433322186
2020-09-29 21:00:00,4,-53.29175178959221,-59.92199058121526,3.6037479111959896,4.018688891770063
2020-09-29 21:00:00,8,-53.29175178959221,-58.49928572442046,3.6037479111959896,3.3262999238683193
2020-09-30 00:00:00,1,-64.5,-63.14929319839105,3.6037479111959896,4.025287634845128
2020-09-30 00:00:00,2,-53.29175178959221,-60.2726519284003,3.6037479111959896,4.319149301259559
2020-09-30 00:00:00,4,-53.29175178959221,-56.49408860023668,3.6037479111959896,4.831679264385784
2020-09-30 00:00:00,8,-53.29175178959221,-58.85616931815267,3.6037479111959896,4.698082190328318
2020-09-30 03:00:00,1,-53.29175178959221,-61.915184519160896,3.6037479111959896,2.9733317667265635
2020-09-30 03:00:00,2,-53.29175178959221,-58.60354762138954,3.6037479111959896,3.2807931665802315
2020-09-30 03:00:00,4,-53.29175178959221,-56.364528472516746,3.6037479111959896,4.413965076464893
2020-09-30 03:00:00,8,-62.0,-57.53736935008655,3.6037479111959896,3.9458637636460896
2020-09-30 06:00:00,1,-53.29175178959221,-56.708003542830376,3.6037479111959896,4.215560440163335
2020-09-30 06:00:00,2,-53.29175178959221,-55.021509043806624,3.6037479111959896,4.239873260204881
2020-09-30 06:00:00,4,-53.29175178959221,-57.81736612170338,3.6037479111959896,4.032952914426078
2020-09-30 06:00:00,8,-59.9,-58.87684121204856,3.6037479111959896,4.133038694312441
2020-09-30 09:00:00,1,-53.29175178959221,-55.018307497658824,3.6037479111959896,3.983574233719433
2020-09-30 09:00:00,2,-53.29175178959221,-54.11102653324971,3.6037479111959896,3.884568800260467
2020-09-30 09:00:00,4,-53.29175178959221,-58.62035078522116,3.6037479111959896,3.304557375492715
2020-09-30 09:00:00,8,-57.8,-56.45334030651289,5.8,4.484648840292172
2020-09-30 12:00:00,1,-53.29175178959221,-50.154468479084095,3.6037479111959896,3.5228753187613875
2020-09-30 12:00:00,2,-53.29175178959221,-51.250589510642875,3.6037479111959896,3.2424332569547474
2020-09-30 12:00:00,4,-53.29175178959221,-57.48441432859502,3.6037479111959896,2.4982459394731116
2020-09-30 12:00:00,8,-55.7,-56.347001565440955,5.9,4.720866001453838
2020-09-30 15:00:00,1,-53.29175178959221,-51.407702857086214,3.6037479111959896,3.7286343381193765
2020-09-30 15:00:00,2,-53.29175178959221,-53.20668237590597,3.6037479111959896,3.5077266146711223
2020-09-30 15:00:00,4,-62.0,-58.44537387761459,3.6037479111959896,2.9436748803013675
2020-09-30 15:00:00,8,-53.6,-57.959418655833474,2.9,4.564468373740525
2020-09-30 18:00:00,1,-53.29175178959221,-53.725175557476526,3.6037479111959896,3.760157243533611
2020-09-30 18:00:00,2,-53.29175178959221,-54.96922354785979,3.6037479111959896,3.4463558100225296
2020-09-30 18:00:00,4,-59.9,-59.6039801773811,3.6037479111959896,3.2560448274695655
2020-09-30 18:00:00,8,-56.05,-62.4671970729315,1.9,4.003540287655099
2020-09-30 21:00:00,1,-53.29175178959221,-54.89859085446037,3.6037479111959896,2.365487911457721
2020-09-30 21:00:00,2,-62.0,-57.05116915796893,3.6037479111959896,2.0254960684412757
2020-09-30 21:00:00,4,-57.8,-61.58449906191568,5.8,3.517731402929367
2020-09-30 21:00:00,8,-58.5,-67.51154194358263,0.8999999999999999,3.9570742740235967
2020-10-01 00:00:00,1,-62.0,-55.007099024012334,3.6037479111959896,2.183400203962978
2020-10-01 00:00:00,2,-59.9,-56.78874396448924,3.6037479111959896,1.538918893526152
2020-10-01 00:00:00,4,-55.7,-60.52197481138202,5.9,3.1218824797329514
2020-10-01 00:00:00,8,-59.6,-65.27417886623469,3.7,4.627318766181589
2020-10-01 03:00:00,1,-59.9,-59.01152590305784,3.6037479111959896,3.3153084793692993
2020-10-01 03:00:00,2,-57.8,-57.7966092086907,5.8,3.1437876812574723
2020-10-01 03:00:00,4,-53.6,-60.11058892028287,2.9,3.4079676140520196
2020-10-01 03:00:00,8,-60.5,-65.17365456814974,3.9,3.4453836768604087
2020-10-01 06:00:00,1,-57.8,-57.59405764745628,5.8,4.042034564084474
2020-10-01 06:00:00,2,-55.7,-53.948133507992125,5.9,3.843949048942158
2020-10-01 06:00:00,4,-56.05,-57.53186436227463,1.9,3.93752606352392
2020-10-01 06:00:00,8,-53.29175178959221,-63.15483313050096,2.9,3.068790049863203
2020-10-01 09:00:00,1,-55.7,-52.843280184563255,5.9,5.438418645854705
2020-10-01 09:00:00,2,-53.6,-52.257438353104405,2.9,5.27349619091674
2020-10-01 09:00:00,4,-58.5,-57.47864923992582,0.8999999999999999,4.961924633168409
2020-10-01 09:00:00,8,-53.29175178959221,-56.50538137249897,1.6999999999999997,2.9671700890052675
2020-10-01 12:00:00,1,-53.6,-50.20130086329027,2.9,5.6659722407346855
2020-10-01 12:00:00,2,-56.05,-52.08660063362112,1.9,5.266448225491365
2020-10-01 12:00:00,4,-59.6,-57.62543546555834,3.7,4.943117332955824
2020-10-01 12:00:00,8,-53.29175178959221,-49.14437436507096,1.4,4.29112091916946
2020-10-01 15:00:00,1,-56.05,-53.79918091600879,1.9,2.0007642585802947
2020-10-01 15:00:00,2,-58.5,-57.07836086532075,0.8999999999999999,2.231488056909543
2020-10-01 15:00:00,4,-60.5,-61.827351125508784,3.9,3.2122800131575584
2020-10-01 15:00:00,8,-53.29175178959221,-55.533692302865816,3.7,3.3069686197806387
2020-10-01 18:00:00,1,-58.5,-56.730429136135236,0.8999999999999999,1.287515830797409
2020-10-01 18:00:00,2,-59.6,-57.841863155353664,3.7,1.6752683542569766
2020-10-01 18:00:00,4,-53.29175178959221,-58.037819971029236,2.9,3.254661915792692
2020-10-01 18:00:00,8,-53.29175178959221,-55.32141469877124,3.8,4.374379549635345
2020-10-01 21:00:00,1,-59.6,-59.56768638102622,3.7,1.9968186733603184
2020-10-01 21:00:00,2,-60.5,-58.366585653387354,3.9,2.692818189254955
2020-10-01 21:00:00,4,-53.29175178959221,-57.26831230524704,1.6999999999999997,3.0918944751124524
2020-10-01 21:00:00,8,-53.29175178959221,-57.907461167962204,3.1,3.477014009067556
2020-10-02 00:00:00,1,-60.5,-58.947773813984945,3.9,2.669305971419928
2020-10-02 00:00:00,2,-53.29175178959221,-57.456795724406796,2.9,2.139480921146656
2020-10-02 00:00:00,4,-53.29175178959221,-55.59739305624319,1.4,1.847849183815136
2020-10-02 00:00:00,8,-59.2,-57.89283139536606,4.0,2.686989176013611
2020-10-02 03:00:00,1,-53.29175178959221,-57.79273363386703,2.9,2.807868538723097
2020-10-02 03:00:00,2,-53.29175178959221,-56.100060298480734,1.6999999999999997,2.471198221770777
2020-10-02 03:00:00,4,-53.29175178959221,-55.25579993451469,3.7,2.0430562101050453
2020-10-02 03:00:00,8,-58.0,-59.01043650556139,0.0,2.8799299355313823
2020-10-02 06:00:00,1,-53.29175178959221,-53.74983614485147,1.6999999999999997,2.6592337931441166
2020-10-02 06:00:00,2,-53.29175178959221,-51.49057992443008,1.4,2.3967460022959535
2020-10-02 06:00:00,4,-53.29175178959221,-54.074522170480584,3.8,2.2924804550456894
2020-10-02 06:00:00,8,-55.833333333333336,-57.3543210301427,1.3000000000000003,3.712535368797723
2020-10-02 09:00:00,1,-53.29175178959221,-53.66397980591514,1.4,2.01964354100925
2020-10-02 09:00:00,2,-53.29175178959221,-52.101338121115226,3.7,2.0926892812963587
2020-10-02 09:00:00,4,-53.29175178959221,-54.71828404078239,3.1,2.2304366899892547
2020-10-02 09:00:00,8,-53.666666666666664,-54.78201811733054,0.6000000000000001,3.430277222332141
2020-10-02 12:00:00,1,-53.29175178959221,-51.95504881600906,3.7,2.766308672998912
2020-10-02 12:00:00,2,-53.29175178959221,-52.26031126073826,3.8,3.07911789830753
2020-10-02 12:00:00,4,-59.2,-55.22962557456035,4.0,2.7159760413048
2020-10-02 12:00:00,8,-51.5,-50.170185127423224,1.5999999999999999,2.685321854601834
2020-10-02 15:00:00,1,-53.29175178959221,-52.74240716399929,3.8,3.6317067379861387
2020-10-02 15:00:00,2,-53.29175178959221,-55.043661747361625,3.1,3.5079664220919557
2020-10-02 15:00:00,4,-58.0,-56.65684040730027,0.0,2.260165878551782
2020-10-02 15:00:00,8,-51.7,-49.53592342292129,1.9,2.233164762669528
2020-10-02 18:00:00,1,-53.29175178959221,-54.466076632088345,3.1,4.1056038189263555
2020-10-02 18:00:00,2,-59.2,-56.42869340865674,4.0,3.9425791884530335
2020-10-02 18:00:00,4,-55.833333333333336,-57.185716953790156,1.3000000000000003,2.5961754520779827
2020-10-02 18:00:00,8,-53.29175178959221,-50.64260069460563,2.2,1.7080069326653844
2020-10-02 21:00:00,1,-59.2,-53.26124262857127,4.0,3.482134117448014
2020-10-02 21:00:00,2,-58.0,-53.12190039400792,0.0,3.1723367880328097
2020-10-02 21:00:00,4,-53.666666666666664,-51.54406217252083,0.6000000000000001,2.161569863943482
2020-10-02 21:00:00,8,-53.29175178959221,-48.96930739484067,1.3000000000000003,1.9416495832083673
2020-10-03 00:00:00,1,-58.0,-54.62333173710141,0.0,3.2940938005804106
2020-10-03 00:00:00,2,-55.833333333333336,-54.08322095905465,1.3000000000000003,2.9062296247052286
2020-10-03 00:00:00,4,-51.5,-52.40989789359255,1.5999999999999999,2.5528370390876893
2020-10-03 00:00:00,8,-53.29175178959221,-51.60141243017486,3.6037479111959896,1.6989130726902855
2020-10-03 03:00:00,1,-55.833333333333336,-55.66461075507661,1.3000000000000003,2.1153702911528707
2020-10-03 03:00:00,2,-53.666666666666664,-54.055210042077526,0.6000000000000001,3.425080532871489
2020-10-03 03:00:00,4,-51.7,-53.68438709582256,1.9,2.4207932879393335
2020-10-03 03:00:00,8,-53.29175178959221,-54.305369786958806,3.6037479111959896,1.2421693805711858
2020-10-03 06:00:00,1,-53.666666666666664,-51.677007934391426,0.6000000000000001,2.276279124346349
2020-10-03 06:00:00,2,-51.5,-51.19547208555597,1.5999999999999999,2.7765090862601833
2020-10-03 06:00:00,4,-53.29175178959221,-52.384159842018796,2.2,2.5879916605984454
2020-10-03 06:00:00,8,-53.29175178959221,-51.48149963058196,3.6037479111959896,1.6060508948372403
2020-10-03 09:00:00,1,-51.5,-50.64755828179061,1.5999999999999999,2.3071748513753576
2020-10-03 09:00:00,2,-51.7,-50.59476519289652,1.9,2.970634193177967
2020-10-03 09:00:00,4,-53.29175178959221,-52.7744505448906,1.3000000000000003,2.506749225353013
2020-10-03 09:00:00,8,-53.29175178959221,-47.224706112123684,3.6037479111959896,1.2995926338188921
2020-10-03 12:00:00,1,-51.7,-52.12995151201369,1.9,2.306838721084988
2020-10-03 12:00:00,2,-53.29175178959221,-54.24796729298302,2.2,2.2134481404436253
2020-10-03 12:00:00,4,-53.29175178959221,-55.53218303341761,3.6037479111959896,1.4765432637921703
2020-10-03 12:00:00,8,-57.7,-49.01084823965314,3.6037479111959896,1.6868878835839476
2020-10-03 15:00:00,1,-53.29175178959221,-53.22164821718251,2.2,2.1903764004526236
2020-10-03 15:00:00,2,-53.29175178959221,-55.35655263141337,1.3000000000000003,2.0551517818229454
2020-10-03 15:00:00,4,-53.29175178959221,-55.834775436572876,3.6037479111959896,1.3582177234791812
2020-10-03 15:00:00,8,-57.9,-50.81616542027236,3.3,1.5087462945107832
2020-10-03 18:00:00,1,-53.29175178959221,-54.86436957920241,1.3000000000000003,2.4594662935459484
2020-10-03 18:00:00,2,-53.29175178959221,-55.87479062053963,3.6037479111959896,2.120367989775379
2020-10-03 18:00:00,4,-53.29175178959221,-55.780688868277004,3.6037479111959896,0.8855664947438529
2020-10-03 18:00:00,8,-61.1,-54.041160813153844,2.1,1.7531558850179516
2020-10-03 21:00:00,1,-53.29175178959221,-56.33833970254261,3.6037479111959896,1.9361720031433907
2020-10-03 21:00:00,2,-53.29175178959221,-56.413837759000316,3.6037479111959896,1.6776658419435493
2020-10-03 21:00:00,4,-53.29175178959221,-56.05157562537989,3.6037479111959896,0.8963904872795316
2020-10-03 21:00:00,8,-60.35,-57.761889706998346,0.0,1.721605706341737
2020-10-04 00:00:00,1,-53.29175178959221,-57.93259152198245,3.6037479111959896,3.48879543173116
2020-10-04 00:00:00,2,-53.29175178959221,-57.813230446022416,3.6037479111959896,3.2300711110955564
2020-10-04 00:00:00,4,-57.7,-59.44325369859959,3.6037479111959896,2.2497106482445606
2020-10-04 00:00:00,8,-59.6,-65.17365889115568,3.8,1.4014947116448386
2020-10-04 03:00:00,1,-53.29175178959221,-58.42577444944189,3.6037479111959896,3.5557278290222616
2020-10-04 03:00:00,2,-53.29175178959221,-58.27026764008036,3.6037479111959896,3.313328728478395
2020-10-04 03:00:00,4,-57.9,-60.925896312227735,3.3,2.894295506432639
2020-10-04 03:00:00,8,-59.0,-65.64357251865131,3.1,1.6929465467555935
2020-10-04 06:00:00,1,-53.29175178959221,-55.09036444138966,3.6037479111959896,4.574887346338761
2020-10-04 06:00:00,2,-57.7,-55.3822305661858,3.6037479111959896,4.469086871634681
2020-10-04 06:00:00,4,-61.1,-60.78347920459685,2.1,3.697365503268849
2020-10-04 06:00:00,8,-56.53333333333333,-63.88431588555304,5.9,1.2947151188376425
2020-10-04 09:00:00,1,-57.7,-54.68787853876595,3.6037479111959896,4.499206097169615
2020-10-04 09:00:00,2,-57.9,-56.72426344891576,3.3,4.529877133043227
2020-10-04 09:00:00,4,-60.35,-63.756737495805325,0.0,3.9139198955664893
2020-10-04 09:00:00,8,-54.06666666666667,-60.2772890727701,5.0,1.9156874639692176
2020-10-04 12:00:00,1,-57.9,-58.132752460933,3.3,4.1618790891233575
2020-10-04 12:00:00,2,-61.1,-60.26871727249547,2.1,4.344387599322985
2020-10-04 12:00:00,4,-59.6,-64.09361349755416,3.8,3.7763177043301006
2020-10-04 12:00:00,8,-51.6,-59.997886714469786,3.6,2.491994470601914
2020-10-04 15:00:00,1,-61.1,-60.25617695276949,2.1,3.859918783525347
2020-10-04 15:00:00,2,-60.35,-62.55851480936987,0.0,3.8656391302800523
2020-10-04 15:00:00,4,-59.0,-64.8263774141134,3.1,3.4288569065628347
2020-10-04 15:00:00,8,-54.9,-58.7103118182959,3.6,3.611584032752097
2020-10-04 18:00:00,1,-60.35,-63.39733214860911,0.0,2.9431575681063866
2020-10-04 18:00:00,2,-59.6,-64.070858635297,3.8,3.3085118918395375
2020-10-04 18:00:00,4,-56.53333333333333,-61.88100683421281,5.9,4.159705226188975
2020-10-04 18:00:00,8,-57.9,-57.981071151576366,0.0,3.8597679674520107
2020-10-04 21:00:00,1,-59.6,-62.62068972177627,3.8,2.5364493011080302
2020-10-04 21:00:00,2,-59.0,-61.80841852100206,3.1,3.479136344732053
2020-10-04 21:00:00,4,-54.06666666666667,-59.261822903377656,5.0,4.863949585146663
2020-10-04 21:00:00,8,-60.900000000000006,-57.08895979512994,0.6200000000000001,4.11140537228516
2020-10-05 00:00:00,1,-59.0,-58.70435615711492,3.1,5.038036602592251
2020-10-05 00:00:00,2,-56.53333333333333,-56.76977173242809,5.9,5.639819341962074
2020-10-05 00:00:00,4,-51.6,-54.29701485748208,3.6,5.82554092501983
2020-10-05 00:00:00,8,-63.900000000000006,-57.16826101606185,1.2399999999999998,4.817188551068363
2020-10-05 03:00:00,1,-56.53333333333333,-57.08988924140667,5.9,3.30858040824549
2020-10-05 03:00:00,2,-54.06666666666667,-55.593858638638146,5.0,3.835985389744313
2020-10-05 03:00:00,4,-54.9,-55.84982490099553,3.6,4.854162456447678
2020-10-05 03:00:00,8,-66.9,-61.89938032995151,1.8599999999999999,4.2651288873203965
2020-10-05 06:00:00,1,-54.06666666666667,-51.90604772382384,5.0,7.323525612429817
2020-10-05 06:00:00,2,-51.6,-51.11120445130196,3.6,8.228453191418224
2020-10-05 06:00:00,4,-57.9,-53.586576024339635,0.0,7.013099691645139
2020-10-05 06:00:00,8,-63.800000000000004,-57.405273419133316,2.48,3.662668195442725
2020-10-05 09:00:00,1,-51.6,-50.3680959417829,3.6,6.34051321808742
2020-10-05 09:00:00,2,-54.9,-51.66912907594366,3.6,6.599548315277182
2020-10-05 09:00:00,4,-60.900000000000006,-58.25463420960554,0.6200000000000001,5.5019845948466495
2020-10-05 09:00:00,8,-60.7,-56.73554901616814,3.1,2.533535354349041
2020-10-05 12:00:00,1,-54.9,-50.91103450608903,3.6,4.559997798222488
2020-10-05 12:00:00,2,-57.9,-53.12191543446608,0.0,4.681441074947036
2020-10-05 12:00:00,4,-63.900000000000006,-59.1076284865689,1.2399999999999998,4.144816211274305
2020-10-05 12:00:00,8,-57.6,-53.63781157021921,1.1999999999999997,2.888243828201989
2020-10-05 15:00:00,1,-57.9,-56.7296257775317,0.0,3.7224425211774856
2020-10-05 15:00:00,2,-60.900000000000006,-58.2361515579669,0.6200000000000001,3.6444201170710966
2020-10-05 15:00:00,4,-66.9,-59.71262884462606,1.8599999999999999,3.963956120489637
2020-10-05 15:00:00,8,-54.5,-57.154529708199874,3.8,3.2904731217570653
2020-10-05 18:00:00,1,-60.900000000000006,-62.369280988429324,0.6200000000000001,1.3919437912558688
2020-10-05 18:00:00,2,-63.900000000000006,-61.99829574932642,1.2399999999999998,2.603430513005863
2020-10-05 18:00:00,4,-63.800000000000004,-60.733588834065074,2.48,3.158854652207057
2020-10-05 18:00:00,8,-56.6,-60.049362187178936,3.9,2.4406160172841815
2020-10-05 21:00:00,1,-63.900000000000006,-63.95335717239143,1.2399999999999998,2.258649773114543
2020-10-05 21:00:00,2,-66.9,-62.84613087895293,1.8599999999999999,3.124304228092449
2020-10-05 21:00:00,4,-60.7,-58.791557671399055,3.1,4.146685509453201
2020-10-05 21:00:00,8,-58.7,-60.965122547610754,3.7,3.1809246663469857
2020-10-06 00:00:00,1,-66.9,-66.57688644469555,1.8599999999999999,2.0069310550369766
2020-10-06 00:00:00,2,-63.800000000000004,-64.10499597218967,2.48,2.502619259018808
2020-10-06 00:00:00,4,-57.6,-58.24623316806547,1.1999999999999997,3.5944501824372104
2020-10-06 00:00:00,8,-57.4,-59.59472966517416,3.3,2.851445292829817
2020-10-06 03:00:00,1,-63.800000000000004,-63.5004307967303,2.48,2.5599968702093197
2020-10-06 03:00:00,2,-60.7,-59.29766422511099,3.1,3.2678892612325736
2020-10-06 03:00:00,4,-54.5,-55.803150486631345,3.8,3.2796300139439283
2020-10-06 03:00:00,8,-55.9,-59.38385055350062,3.9,2.955521126949825
2020-10-06 06:00:00,1,-60.7,-59.38468129114176,3.1,3.13247698229881
2020-10-06 06:00:00,2,-57.6,-56.55309763129428,1.1999999999999997,3.4584397846055697
2020-10-06 06:00:00,4,-56.6,-59.123296501091225,3.9,3.229947861545082
2020-10-06 06:00:00,8,-53.833333333333336,-58.3713809477244,3.5,2.9094419510811127
2020-10-06 09:00:00,1,-57.6,-56.346000069065255,1.1999999999999997,3.219530301931094
2020-10-06 09:00:00,2,-54.5,-55.803004945431425,3.8,3.220553035925315
2020-10-06 09:00:00,4,-58.7,-59.406155102639204,3.7,2.257374461521103
2020-10-06 09:00:00,8,-51.766666666666666,-55.57011831115231,3.4,3.4380887857728037
2020-10-06 12:00:00,1,-54.5,-55.02989207282195,3.8,1.5953435668122415
2020-10-06 12:00:00,2,-56.6,-55.01766877353145,3.9,2.284698164373017
2020-10-06 12:00:00,4,-57.4,-58.79418029500161,3.3,2.2586773929575656
2020-10-06 12:00:00,8,-49.7,-53.112079109923194,3.3,2.603346800354233
2020-10-06 15:00:00,1,-56.6,-59.041828013182254,3.9,3.9777819314084373
2020-10-06 15:00:00,2,-58.7,-59.99427268150538,3.7,3.7971138998410767
2020-10-06 15:00:00,4,-55.9,-59.859521704405054,3.9,2.6676106036038467
2020-10-06 15:00:00,8,-50.3,-53.369503486158514,3.5,3.1877655096097754
2020-10-06 18:00:00,1,-58.7,-58.78820662129589,3.7,3.6779809789961946
2020-10-06 18:00:00,2,-57.4,-59.13085527697432,3.3,2.922139240807708
2020-10-06 18:00:00,4,-53.833333333333336,-56.92715040336089,3.5,2.8703500622953833
2020-10-06 18:00:00,8,-54.6,-57.437460359846824,3.7,3.857361735259153
2020-10-06 21:00:00,1,-57.4,-59.60279783525698,3.3,3.5200207573309035
2020-10-06 21:00:00,2,-55.9,-58.92022617914421,3.9,3.2978374090332676
2020-10-06 21:00:00,4,-51.766666666666666,-56.06780418967221,3.4,3.181889121406027
2020-10-06 21:00:00,8,-56.2,-56.83507542038233,4.0,3.5235162270878844
2020-10-07 00:00:00,1,-55.9,-57.29300351391406,3.9,3.4113492052766947
2020-10-07 00:00:00,2,-53.833333333333336,-56.536658320462465,3.5,3.372716269770526
2020-10-07 00:00:00,4,-49.7,-55.76201132112064,3.3,3.222763716430367
2020-10-07 00:00:00,8,-57.8,-56.82298973678086,4.2,3.2114425400602107
2020-10-07 03:00:00,1,-53.833333333333336,-55.60269666402848,3.5,3.6332428384834805
2020-10-07 03:00:00,2,-51.766666666666666,-55.19759930556755,3.4,3.508330398836028
2020-10-07 03:00:00,4,-50.3,-55.94925331707512,3.5,3.4434180558119776
2020-10-07 03:00:00,8,-59.4,-57.28464282042941,3.5,3.4070291925612324
2020-10-07 06:00:00,1,-51.766666666666666,-52.70858558666537,3.4,3.6565230736311944
2020-10-07 06:00:00,2,-49.7,-51.65923011284597,3.3,3.66949840799856
2020-10-07 06:00:00,4,-54.6,-54.71955374365152,3.7,4.106712558339099
2020-10-07 06:00:00,8,-56.5,-54.77598788429712,2.8,3.779866160996354
2020-10-07 09:00:00,1,-49.7,-51.672379075783006,3.3,3.7536752182893873
2020-10-07 09:00:00,2,-50.3,-51.92369400890736,3.5,3.792318044685287
2020-10-07 09:00:00,4,-56.2,-56.44008921256056,4.0,4.041563853709573
2020-10-07 09:00:00,8,-53.599999999999994,-54.39806764304298,3.5,3.709034353744074
2020-10-07 12:00:00,1,-50.3,-52.15607264495741,3.5,3.8014509216876666
2020-10-07 12:00:00,2,-54.6,-54.03628734445942,3.7,3.9974929816775915
2020-10-07 12:00:00,4,-57.8,-57.756391203695344,4.2,3.7764811439513815
2020-10-07 12:00:00,8,-50.699999999999996,-52.83079840554269,3.2,3.097604104514943
2020-10-07 15:00:00,1,-54.6,-52.6809387028133,3.7,3.6823234328341123
2020-10-07 15:00:00,2,-56.2,-55.26021552483016,4.0,3.546197083648935
2020-10-07 15:00:00,4,-59.4,-58.10207172753849,3.5,2.5670283063850095
2020-10-07 15:00:00,8,-47.8,-54.30342857716727,3.9,2.1407561260997756
2020-10-07 18:00:00,1,-56.2,-56.67573662650701,4.0,3.2030902835342863
2020-10-07 18:00:00,2,-57.8,-58.7744414498874,4.2,2.6228571802001945
2020-10-07 18:00:00,4,-56.5,-58.94114232287562,2.8,2.0790446522821706
2020-10-07 18:00:00,8,-50.699999999999996,-56.72795565623755,3.7,2.3926744748574094
2020-10-07 21:00:00,1,-57.8,-59.00784702500436,4.2,3.2844214435264156
2020-10-07 21:00:00,2,-59.4,-59.0946904502966,3.5,2.650623973583987
2020-10-07 21:00:00,4,-53.599999999999994,-56.147169174941716,3.5,2.226928969925451
2020-10-07 21:00:00,8,-53.6,-57.957872460709545,3.1,2.8660258506172993
2020-10-08 00:00:00,1,-59.4,-58.32164044139848,3.5,3.305561207490119
2020-10-08 00:00:00,2,-56.5,-57.288910347791486,2.8,2.611134742963894
2020-10-08 00:00:00,4,-50.699999999999996,-54.801506588350826,3.2,2.423051716647911
2020-10-08 00:00:00,8,-56.5,-58.4192308594533,3.3,3.292092348384275
2020-10-08 03:00:00,1,-56.5,-56.97259095978019,2.8,2.985614278926385
2020-10-08 03:00:00,2,-53.599999999999994,-54.759361963708976,3.5,2.6757403284408667
2020-10-08 03:00:00,4,-47.8,-52.940583122723176,3.9,2.7409748785284345
2020-10-08 03:00:00,8,-54.5,-58.4727410269574,3.2,3.221441856337007
2020-10-08 06:00:00,1,-53.599999999999994,-54.02385185762744,3.5,2.574608940211524
2020-10-08 06:00:00,2,-50.699999999999996,-52.41169473299828,3.2,2.127724678928742
2020-10-08 06:00:00,4,-50.699999999999996,-55.59500063270684,3.7,2.555904014706666
2020-10-08 06:00:00,8,-51.333333333333336,-59.13551980038173,3.7,3.0774934463046133
2020-10-08 09:00:00,1,-50.699999999999996,-50.991783393634535,3.2,3.0591119608919786
2020-10-08 09:00:00,2,-47.8,-51.12167981519141,3.9,2.5894736411331087
2020-10-08 09:00:00,4,-53.6,-57.328067054829,3.1,2.8325092777503293
2020-10-08 09:00:00,8,-48.166666666666664,-58.462017090226496,3.3,3.2766980982909266
2020-10-08 12:00:00,1,-47.8,-49.03750209301614,3.9,3.0071361084985337
2020-10-08 12:00:00,2,-50.699999999999996,-51.3397563715017,3.7,2.664077716424394
2020-10-08 12:00:00,4,-56.5,-58.81127922448951,3.3,2.642046359400664
2020-10-08 12:00:00,8,-45.0,-56.95035125573068,3.2,3.1840898577011876
2020-10-08 15:00:00,1,-50.699999999999996,-50.81059792899959,3.7,3.2569026955282183
2020-10-08 15:00:00,2,-53.6,-54.038031317105016,3.1,2.9224027490397835
2020-10-08 15:00:00,4,-54.5,-59.68402207333044,3.2,2.3222366236093155
2020-10-08 15:00:00,8,-47.3,-57.480049893849824,3.6,2.536821902388027
2020-10-08 18:00:00,1,-53.6,-55.00867439942635,3.1,3.3982202888526793
2020-10-08 18:00:00,2,-56.5,-57.04568218268176,3.3,2.6480415715815835
2020-10-08 18:00:00,4,-51.333333333333336,-57.73040345349734,3.7,2.193941173087921
2020-10-08 18:00:00,8,-50.4,-57.723340742545666,3.5,3.7359597416686987
2020-10-08 21:00:00,1,-56.5,-58.05533030658226,3.3,3.316924906688094
2020-10-08 21:00:00,2,-54.5,-58.08870355217533,3.2,3.0854972822432254
2020-10-08 21:00:00,4,-48.166666666666664,-56.08142814288672,3.3,3.0124126715592765
2020-10-08 21:00:00,8,-53.5,-58.92472931032992,5.9,4.593238225979398
2020-10-09 00:00:00,1,-54.5,-55.84418481924805,3.2,3.3726428479098285
2020-10-09 00:00:00,2,-51.333333333333336,-55.27988304034639,3.7,3.20448292614041
2020-10-09 00:00:00,4,-45.0,-53.79432744121683,3.2,3.3420974876539824
2020-10-09 00:00:00,8,-56.6,-59.97078434924069,4.7,4.593156006292255
2020-10-09 03:00:00,1,-51.333333333333336,-53.73594452551929,3.7,2.8614578591664417
2020-10-09 03:00:00,2,-48.166666666666664,-53.341220219807276,3.3,2.6541025808402816
2020-10-09 03:00:00,4,-47.3,-54.150957058350166,3.6,3.6412095769205814
2020-10-09 03:00:00,8,-56.4,-58.630809577587854,4.0,4.628923809646166
2020-10-09 06:00:00,1,-48.166666666666664,-49.91321412643568,3.3,3.450706988371672
2020-10-09 06:00:00,2,-45.0,-50.348267034044966,3.2,3.371675966783495
2020-10-09 06:00:00,4,-50.4,-54.898198721796724,3.5,4.153880745161254
2020-10-09 06:00:00,8,-52.3,-56.03474003900373,4.1,4.305207945553444
2020-10-09 09:00:00,1,-45.0,-46.964331464460734,3.2,3.335516900093492
2020-10-09 09:00:00,2,-47.3,-49.09668836731721,3.6,3.4376837658353603
2020-10-09 09:00:00,4,-53.5,-56.51399352082902,5.9,4.261919440233167
2020-10-09 09:00:00,8,-50.55,-54.19477090365994,5.2,4.394990564229688
2020-10-09 12:00:00,1,-47.3,-47.43041130619009,3.6,2.762061828873386
2020-10-09 12:00:00,2,-50.4,-51.33326807996408,3.5,3.2005290762955916
2020-10-09 12:00:00,4,-56.6,-59.05401744892624,4.7,3.714875150740839
2020-10-09 12:00:00,8,-48.8,-54.664493238142796,4.3,3.858857232454446
2020-10-09 15:00:00,1,-50.4,-52.453995211010465,3.5,4.0019269529056
2020-10-09 15:00:00,2,-53.5,-56.15459898114765,5.9,3.965917635885727
2020-10-09 15:00:00,4,-56.4,-58.559657583100105,4.0,3.398384861527366
2020-10-09 15:00:00,8,-49.4,-53.9182912576244,4.8,4.440768907754133
2020-10-09 18:00:00,1,-53.5,-57.06834482081223,5.9,3.524696268884955
2020-10-09 18:00:00,2,-56.6,-58.52395820006174,4.7,3.269276918403712
2020-10-09 18:00:00,4,-52.3,-57.00915026074978,4.1,3.1635750859961393
2020-10-09 18:00:00,8,-52.5,-57.89275502226115,4.2,4.714846368639513
2020-10-09 21:00:00,1,-56.6,-58.206406395107535,4.7,4.106608477386244
2020-10-09 21:00:00,2,-56.4,-58.40731701533788,4.0,3.576692989456127
2020-10-09 21:00:00,4,-50.55,-54.79905634461006,5.2,3.4787436084265333
2020-10-09 21:00:00,8,-53.05,-57.58407366524181,3.8,4.30170614402743
2020-10-10 00:00:00,1,-56.4,-56.95979270069989,4.0,3.621711873942725
2020-10-10 00:00:00,2,-52.3,-54.107454289342705,4.1,3.5822249027644233
2020-10-10 00:00:00,4,-48.8,-50.32290431845554,4.3,4.026904062163923
2020-10-10 00:00:00,8,-53.6,-58.26467186914375,4.9,4.391236931586699
2020-10-10 03:00:00,1,-52.3,-54.94494068312869,4.1,4.204296343024753
2020-10-10 03:00:00,2,-50.55,-51.85380081971126,5.2,4.292176658342891
2020-10-10 03:00:00,4,-49.4,-50.63702167531703,4.8,4.779844923697707
2020-10-10 03:00:00,8,-54.2,-56.05331743652252,4.3,4.688821971453163
2020-10-10 06:00:00,1,-50.55,-52.7292059647405,5.2,3.6449735270145833
2020-10-10 06:00:00,2,-48.8,-52.77870244638746,4.3,3.540209123009813
2020-10-10 06:00:00,4,-52.5,-56.32480581195182,4.2,4.234943811387524
2020-10-10 06:00:00,8,-51.9,-54.68298813829827,4.0,4.063220370006574
2020-10-10 09:00:00,1,-48.8,-48.90342802659565,4.3,4.7925096348063745
2020-10-10 09:00:00,2,-49.4,-50.71199142442403,4.8,4.3479830843706
2020-10-10 09:00:00,4,-53.05,-55.89647337732409,3.8,4.348867239268269
2020-10-10 09:00:00,8,-49.6,-51.120724971254795,4.1,4.89059932117271
2020-10-10 12:00:00,1,-49.4,-50.97651435653526,4.8,4.055306165257384
2020-10-10 12:00:00,2,-52.5,-53.17939403135891,4.2,4.1523999909902765
2020-10-10 12:00:00,4,-53.6,-56.75230030392851,4.9,4.423117055414691
2020-10-10 12:00:00,8,-47.3,-49.89077214173331,3.9,4.2910874874289675
2020-10-10 15:00:00,1,-52.5,-51.801849681254964,4.2,4.682924441805866
2020-10-10 15:00:00,2,-53.05,-54.48933314315959,3.8,4.386597704401715
2020-10-10 15:00:00,4,-54.2,-55.32933570652691,4.3,4.106592907899444
2020-10-10 15:00:00,8,-48.1,-48.893737288283994,4.0,4.489882320663413
2020-10-10 18:00:00,1,-53.05,-55.56046756064558,3.8,4.313703126768983
2020-10-10 18:00:00,2,-53.6,-56.59382322923689,4.9,3.856678010843956
2020-10-10 18:00:00,4,-51.9,-54.278235719686165,4.0,3.5310702408243824
2020-10-10 18:00:00,8,-51.233333333333334,-51.97925233556866,4.5,4.5138117687525865
2020-10-10 21:00:00,1,-53.6,-55.8011363261146,4.9,3.9776171454531095
2020-10-10 21:00:00,2,-54.2,-55.134360213199336,4.3,3.511079706270131
2020-10-10 21:00:00,4,-49.6,-52.26744390531726,4.1,3.0176756912993095
2020-10-10 21:00:00,8,-54.36666666666667,-52.44943128755374,4.3,4.664736082013745
2020-10-11 00:00:00,1,-54.2,-54.18446773950703,4.3,3.733756832577007
2020-10-11 00:00:00,2,-51.9,-53.473110807978436,4.0,2.9279182930588754
2020-10-11 00:00:00,4,-47.3,-51.223124913541206,3.9,3.3557760816102653
2020-10-11 00:00:00,8,-57.5,-53.98367438081276,3.1,4.573906148749393
2020-10-11 03:00:00,1,-51.9,-53.823863118413435,4.0,3.6878375905290373
2020-10-11 03:00:00,2,-49.6,-51.35487248226591,4.1,3.5462542695208294
2020-10-11 03:00:00,4,-48.1,-49.61449747822934,4.0,4.516212029087494
2020-10-11 03:00:00,8,-54.5,-54.311048955884985,3.9,4.052308879087885
2020-10-11 06:00:00,1,-49.6,-51.08197714852895,4.1,4.038625699597819
2020-10-11 06:00:00,2,-47.3,-49.627116512688445,3.9,3.975463597499792
2020-10-11 06:00:00,4,-51.233333333333334,-52.26595354902003,4.5,4.610801460212464
2020-10-11 06:00:00,8,-52.16,-52.524592509798765,3.7,3.696386331845572
2020-10-11 09:00:00,1,-47.3,-48.03328474532561,3.9,4.139923979928819
2020-10-11 09:00:00,2,-48.1,-49.24440620072942,4.0,3.9977421467865533
2020-10-11 09:00:00,4,-54.36666666666667,-55.65629689415629,4.3,4.062291746095237
2020-10-11 09:00:00,8,-49.82,-51.610101672110815,2.8,3.923926196784282
2020-10-11 12:00:00,1,-48.1,-49.900273208159426,4.0,3.5260120771401233
2020-10-11 12:00:00,2,-51.233333333333334,-52.853248676006444,4.5,3.3148174273532534
2020-10-11 12:00:00,4,-57.5,-58.35717446945971,3.1,2.705679811715516
2020-10-11 12:00:00,8,-47.48,-51.592022591089034,2.2,3.6469318831911774
2020-10-11 15:00:00,1,-51.233333333333334,-51.90861955210662,4.5,3.8818840768704965
2020-10-11 15:00:00,2,-54.36666666666667,-54.61678634586035,4.3,3.3166627847801857
2020-10-11 15:00:00,4,-54.5,-56.4845250303497,3.9,2.347927663153631
2020-10-11 15:00:00,8,-45.14,-51.433579470006556,1.5,4.387388762299544
2020-10-11 18:00:00,1,-54.36666666666667,-57.05846675224325,4.3,3.806039987931873
2020-10-11 18:00:00,2,-57.5,-58.39636756179719,3.1,3.0422547389011045
2020-10-11 18:00:00,4,-52.16,-56.16031435524856,3.7,2.5274244374203265
2020-10-11 18:00:00,8,-42.8,-55.53640102633665,2.1,4.856642377102035
2020-10-11 21:00:00,1,-57.5,-58.52802794990214,3.1,3.610362544527944
2020-10-11 21:00:00,2,-54.5,-57.62161176680592,3.9,2.9894253373819892
2020-10-11 21:00:00,4,-49.82,-53.216079284907764,2.8,2.7254475146549613
2020-10-11 21:00:00,8,-44.733333333333334,-56.48020850892033,3.0,4.807375188850523
2020-10-12 00:00:00,1,-54.5,-56.78069704918562,3.9,3.4331037773484407
2020-10-12 00:00:00,2,-52.16,-54.69445347054759,3.7,3.259819814836744
2020-10-12 00:00:00,4,-47.48,-51.22529200039302,2.2,2.9777006073787966
2020-10-12 00:00:00,8,-46.666666666666664,-57.19063473329545,2.5,4.302981402300711
2020-10-12 03:00:00,1,-52.16,-54.07408518663032,3.7,2.641939292518833
2020-10-12 03:00:00,2,-49.82,-53.46076826577414,2.8,1.9020072170879663
2020-10-12 03:00:00,4,-45.14,-55.10409719025361,1.5,2.86414807453292
2020-10-12 03:00:00,8,-48.6,-56.68906589481673,1.3000000000000003,4.102192395072008
2020-10-12 06:00:00,1,-49.82,-50.83542062909723,2.8,2.9403704166885296
2020-10-12 06:00:00,2,-47.48,-51.562511861239194,2.2,2.610852679316043
2020-10-12 06:00:00,4,-42.8,-56.77382527099622,2.1,3.522730554526243
2020-10-12 06:00:00,8,-46.45,-55.62267039246534,1.1999999999999997,4.298696274300108
2020-10-12 09:00:00,1,-47.48,-49.386779718050434,2.2,2.599562881860208
2020-10-12 09:00:00,2,-45.14,-51.187141653112896,1.5,2.7760925491681205
2020-10-12 09:00:00,4,-44.733333333333334,-57.82191428420095,3.0,3.7952513999826163
2020-10-12 09:00:00,8,-44.3,-54.176112990155545,3.5,4.205479090819956
2020-10-12 12:00:00,1,-45.14,-48.844469430607326,1.5,2.527698076482854
2020-10-12 12:00:00,2,-42.8,-51.57520636817697,2.1,3.110917775294309
2020-10-12 12:00:00,4,-46.666666666666664,-57.14826639309629,2.5,3.93762510572163
2020-10-12 12:00:00,8,-45.5,-52.61170053907948,2.0,3.6780383181635496
2020-10-12 15:00:00,1,-42.8,-46.806853004140855,2.1,2.511225132887077
2020-10-12 15:00:00,2,-44.733333333333334,-50.5028905091931,3.0,3.309024831781376
2020-10-12 15:00:00,4,-48.6,-56.07845535580316,1.3000000000000003,3.6185595594072293
2020-10-12 15:00:00,8,-53.29175178959221,-52.25945273877771,0.0,3.419924620003407
2020-10-12 18:00:00,1,-44.733333333333334,-48.46348507876917,3.0,3.0723917733695703
2020-10-12 18:00:00,2,-46.666666666666664,-51.76671336974007,2.5,3.401802817101348
2020-10-12 18:00:00,4,-46.45,-55.06867808210025,1.1999999999999997,3.0454333136155354
2020-10-12 18:00:00,8,-53.29175178959221,-54.88038271369881,3.6037479111959896,3.5144496270447254
2020-10-12 21:00:00,1,-46.666666666666664,-50.15445460944004,2.5,3.1256886860539708
2020-10-12 21:00:00,2,-48.6,-51.972396543494966,1.3000000000000003,2.8464081372887056
2020-10-12 21:00:00,4,-44.3,-52.68175025711559,3.5,2.4172550687438523
2020-10-12 21:00:00,8,-53.29175178959221,-55.94983836387876,3.6037479111959896,4.593111643918907
2020-10-13 00:00:00,1,-48.6,-51.313140884816406,1.3000000000000003,2.713962991973805
2020-10-13 00:00:00,2,-46.45,-51.753862333962275,1.1999999999999997,2.5947474315455175
2020-10-13 00:00:00,4,-45.5,-51.3115408322435,2.0,2.864247036750389
2020-10-13 00:00:00,8,-53.29175178959221,-55.538920258047185,3.6037479111959896,4.7620476139610375
2020-10-13 03:00:00,1,-46.45,-49.29946148260597,1.1999999999999997,1.9300976638446241
2020-10-13 03:00:00,2,-44.3,-49.79865158706715,3.5,2.4288134931671497
2020-10-13 03:00:00,4,-53.29175178959221,-51.36992942188633,0.0,3.263803817232198
2020-10-13 03:00:00,8,-53.29175178959221,-53.4971189817072,3.6037479111959896,4.304635073751457
2020-10-13 06:00:00,1,-44.3,-46.709708576198665,3.5,1.8832640077080307
2020-10-13 06:00:00,2,-45.5,-48.43460451709746,2.0,2.4867254790039297
2020-10-13 06:00:00,4,-53.29175178959221,-53.24188249678978,3.6037479111959896,3.898017850926769
2020-10-13 06:00:00,8,-59.4,-52.687489317686534,3.6037479111959896,3.895748998126858
2020-10-13 09:00:00,1,-45.5,-44.97894487523964,2.0,3.2218149908186065
2020-10-13 09:00:00,2,-53.29175178959221,-48.438190090272776,0.0,3.3670793424065697
2020-10-13 09:00:00,4,-53.29175178959221,-54.182085222859286,3.6037479111959896,4.271227114050966
2020-10-13 09:00:00,8,-58.1,-50.27583362854701,3.6037479111959896,3.9547327191851513
2020-10-13 12:00:00,1,-53.29175178959221,-46.36891304906578,0.0,3.066120149477789
2020-10-13 12:00:00,2,-53.29175178959221,-49.5720790632114,3.6037479111959896,3.7907382749766807
2020-10-13 12:00:00,4,-53.29175178959221,-53.78568683309768,3.6037479111959896,4.632109049380631
2020-10-13 12:00:00,8,-56.8,-50.817487179337995,3.6037479111959896,3.377007222998639
2020-10-13 15:00:00,1,-53.29175178959221,-52.885007459006815,3.6037479111959896,2.2098062668565714
2020-10-13 15:00:00,2,-53.29175178959221,-55.00032289232932,3.6037479111959896,3.8098558452019016
2020-10-13 15:00:00,4,-53.29175178959221,-55.97993837347556,3.6037479111959896,3.7800022340453743
2020-10-13 15:00:00,8,-56.9,-52.08767863819567,3.6037479111959896,2.8349423833039653
2020-10-13 18:00:00,1,-53.29175178959221,-48.93983782360987,3.6037479111959896,4.184003863067887
2020-10-13 18:00:00,2,-53.29175178959221,-50.58767186065278,3.6037479111959896,4.4847553739723995
2020-10-13 18:00:00,4,-59.4,-52.03895755070757,3.6037479111959896,3.703707269831471
2020-10-13 18:00:00,8,-60.36666666666667,-52.848087637354496,3.6037479111959896,2.8191732125036486
2020-10-13 21:00:00,1,-53.29175178959221,-51.34622989276904,3.6037479111959896,4.155204791381184
2020-10-13 21:00:00,2,-53.29175178959221,-51.51094218302564,3.6037479111959896,4.222406802062713
2020-10-13 21:00:00,4,-58.1,-51.87268141305279,3.6037479111959896,3.581214532382366
2020-10-13 21:00:00,8,-63.83333333333333,-54.476915848977605,3.6037479111959896,3.3423920015592574
2020-10-14 00:00:00,1,-53.29175178959221,-52.44901537835743,3.6037479111959896,4.285174814856153
2020-10-14 00:00:00,2,-59.4,-51.52023862717068,3.6037479111959896,3.984383980333438
2020-10-14 00:00:00,4,-56.8,-51.012669096199126,3.6037479111959896,3.8082274741672055
2020-10-14 00:00:00,8,-67.3,-55.10235573936148,3.6037479111959896,4.208786113800488
2020-10-14 03:00:00,1,-59.4,-52.3473278314246,3.6037479111959896,4.068598721253281
2020-10-14 03:00:00,2,-58.1,-51.33401361836319,3.6037479111959896,3.7858929920323163
2020-10-14 03:00:00,4,-56.9,-52.45957900361813,3.6037479111959896,3.8375047743714084
2020-10-14 03:00:00,8,-64.2,-56.99532708901162,3.6037479111959896,4.122248293477735
2020-10-14 06:00:00,1,-58.1,-54.16492000728034,3.6037479111959896,3.848735279809018
2020-10-14 06:00:00,2,-56.8,-52.55699384458802,3.6037479111959896,3.915585404092817
2020-10-14 06:00:00,4,-60.36666666666667,-54.16443835236871,3.6037479111959896,4.4206790444063095
2020-10-14 06:00:00,8,-61.099999999999994,-56.88862017193394,3.6037479111959896,3.8945569992838465
2020-10-14 09:00:00,1,-56.8,-58.02650306198379,3.6037479111959896,3.1165405461557123
2020-10-14 09:00:00,2,-56.9,-57.755076289389116,3.6037479111959896,3.099503581904554
2020-10-14 09:00:00,4,-63.83333333333333,-60.18219230864068,3.6037479111959896,2.8943445609800915
2020-10-14 09:00:00,8,-58.0,-53.57758543286474,3.6037479111959896,3.138856846115948
2020-10-14 12:00:00,1,-56.9,-59.35400668200566,3.6037479111959896,3.2217796395523446
2020-10-14 12:00:00,2,-60.36666666666667,-60.727545271763354,3.6037479111959896,3.085738822569268
2020-10-14 12:00:00,4,-67.3,-63.24473652349653,3.6037479111959896,2.822128802307812
2020-10-14 12:00:00,8,-54.9,-52.07724713480396,3.6037479111959896,3.49394315995464
2020-10-14 15:00:00,1,-60.36666666666667,-57.69935886710302,3.6037479111959896,4.124813153147409
2020-10-14 15:00:00,2,-63.83333333333333,-59.41792664780915,3.6037479111959896,3.912531411932867
2020-10-14 15:00:00,4,-64.2,-59.97814642835359,3.6037479111959896,3.4058843953901037
2020-10-14 15:00:00,8,-54.7,-51.41023802988115,3.6037479111959896,3.286060105352045
2020-10-14 18:00:00,1,-63.83333333333333,-64.0755944883024,3.6037479111959896,3.418853351333296
2020-10-14 18:00:00,2,-67.3,-64.37965239047074,3.6037479111959896,3.3850156844611545
2020-10-14 18:00:00,4,-61.099999999999994,-60.68384112272926,3.6037479111959896,3.316555104716512
2020-10-14 18:00:00,8,-56.3,-58.82349243676616,3.6037479111959896,2.8434297797761046
2020-10-14 21:00:00,1,-67.3,-64.45051150130617,3.6037479111959896,3.600424269837131
2020-10-14 21:00:00,2,-64.2,-63.01330007758446,3.6037479111959896,3.6354389559197573
2020-10-14 21:00:00,4,-58.0,-58.254306381655226,3.6037479111959896,3.3537168037003124
2020-10-14 21:00:00,8,-57.9,-57.438943871384645,3.6037479111959896,2.26616652938905
2020-10-15 00:00:00,1,-64.2,-62.89169175903751,3.6037479111959896,3.6178963165985976
2020-10-15 00:00:00,2,-61.099999999999994,-59.32957953695138,3.6037479111959896,3.7427369339901606
2020-10-15 00:00:00,4,-54.9,-53.38465039834003,3.6037479111959896,3.4512478814075345
2020-10-15 00:00:00,8,-57.7,-56.5451523066302,3.6037479111959896,2.081514122185114
2020-10-15 03:00:00,1,-61.099999999999994,-62.3091811188733,3.6037479111959896,3.665133346412686
2020-10-15 03:00:00,2,-58.0,-59.042776192484716,3.6037479111959896,3.7040236716625388
2020-10-15 03:00:00,4,-54.7,-56.68012519803536,3.6037479111959896,3.7888790276479964
2020-10-15 03:00:00,8,-57.5,-58.15283354401733,3.6037479111959896,2.631374542602408
2020-10-15 06:00:00,1,-58.0,-59.33945904652234,3.6037479111959896,3.6251172659539423
2020-10-15 06:00:00,2,-54.9,-57.449290986097935,3.6037479111959896,3.640031527964502
2020-10-15 06:00:00,4,-56.3,-58.821534835577104,3.6037479111959896,3.6884939617020134
2020-10-15 06:00:00,8,-53.3,-57.86874072427397,3.6037479111959896,3.1534436423621828
2020-10-15 09:00:00,1,-54.9,-57.1638796495434,3.6037479111959896,3.7134748167015954
2020-10-15 09:00:00,2,-54.7,-56.932991865134994,3.6037479111959896,3.5654437686422606
2020-10-15 09:00:00,4,-57.9,-60.55045333350147,3.6037479111959896,3.5269892357273496
2020-10-15 09:00:00,8,-51.25,-55.4634906491835,3.6037479111959896,3.4319206563121147
2020-10-15 12:00:00,1,-54.7,-58.746331824274684,3.6037479111959896,3.401445332086789
2020-10-15 12:00:00,2,-56.3,-59.769456919187796,3.6037479111959896,3.3230948490342325
2020-10-15 12:00:00,4,-57.7,-62.73958895660189,3.6037479111959896,3.355141918284043
2020-10-15 12:00:00,8,-49.2,-54.621991965511036,3.6037479111959896,3.344142502421062
2020-10-15 15:00:00,1,-56.3,-58.67889365213842,3.6037479111959896,3.475373414386117
2020-10-15 15:00:00,2,-57.9,-59.3370172686682,3.6037479111959896,3.3447032438865865
2020-10-15 15:00:00,4,-57.5,-60.26896800683989,3.6037479111959896,3.2321321485707983
2020-10-15 15:00:00,8,-49.9,-53.43693355265865,3.6037479111959896,3.2345363279374855
2020-10-15 18:00:00,1,-57.9,-58.41882593789708,3.6037479111959896,3.409245058451871
2020-10-15 18:00:00,2,-57.7,-57.771749402792096,3.6037479111959896,3.3711098933019428
2020-10-15 18:00:00,4,-53.3,-55.77804751164871,3.6037479111959896,3.394100346708606
2020-10-15 18:00:00,8,-52.75,-54.15778380522771,3.6037479111959896,2.9997667291470256
2020-10-15 21:00:00,1,-57.7,-59.251418148585195,3.6037479111959896,3.4180429648773676
2020-10-15 21:00:00,2,-57.5,-57.221769382313475,3.6037479111959896,3.34326533246439
2020-10-15 21:00:00,4,-51.25,-53.389293486842995,3.6037479111959896,3.3276471376978893
2020-10-15 21:00:00,8,-55.599999999999994,-54.44739998555822,3.6037479111959896,3.1687234940516626
2020-10-16 00:00:00,1,-57.5,-57.826402645116374,3.6037479111959896,3.4884413325467785
2020-10-16 00:00:00,2,-53.3,-55.775366527465984,3.6037479111959896,3.455362064974298
2020-10-16 00:00:00,4,-49.2,-53.42713888207923,3.6037479111959896,3.4944772013499072
2020-10-16 00:00:00,8,-58.449999999999996,-54.501899581046445,3.6037479111959896,3.358394954602297
2020-10-16 03:00:00,1,-53.3,-57.212589118953034,3.6037479111959896,3.3949034016424973
2020-10-16 03:00:00,2,-51.25,-55.534300946076876,3.6037479111959896,3.3641025844987773
2020-10-16 03:00:00,4,-49.9,-55.26582246353211,3.6037479111959896,3.5206976167754656
2020-10-16 03:00:00,8,-61.3,-57.289701457878195,3.6037479111959896,3.5303810610902873
2020-10-16 06:00:00,1,-51.25,-53.94944752167212,3.6037479111959896,3.3218457976197273
2020-10-16 06:00:00,2,-49.2,-53.21287346078534,3.6037479111959896,3.1790785890978897
2020-10-16 06:00:00,4,-52.75,-55.326990836055884,3.6037479111959896,3.6855984237283588
2020-10-16 06:00:00,8,-57.925,-56.31634640983158,3.6037479111959896,3.541962846408804
2020-10-16 09:00:00,1,-49.2,-50.14692123121684,3.6037479111959896,3.3995947226240695
2020-10-16 09:00:00,2,-49.9,-50.33722643712908,3.6037479111959896,3.378458451130864
2020-10-16 09:00:00,4,-55.599999999999994,-55.25011229970189,3.6037479111959896,3.6961982049900843
2020-10-16 09:00:00,8,-54.55,-53.84294306537255,3.6037479111959896,3.486429442929269
2020-10-16 12:00:00,1,-49.9,-50.31965954224836,3.6037479111959896,3.068880427534868
2020-10-16 12:00:00,2,-52.75,-51.2976989274796,3.6037479111959896,3.1854994027981185
2020-10-16 12:00:00,4,-58.449999999999996,-54.81523699558657,3.6037479111959896,3.609892487325006
2020-10-16 12:00:00,8,-51.175,-50.29013611356858,3.6037479111959896,3.0230687055900916
2020-10-16 15:00:00,1,-52.75,-52.48409477029415,3.6037479111959896,3.2067596170038812
2020-10-16 15:00:00,2,-55.599999999999994,-53.69053224876383,3.6037479111959896,3.2710301385936904
2020-10-16 15:00:00,4,-61.3,-56.18085944097026,3.6037479111959896,3.519275288170109
2020-10-16 15:00:00,8,-47.8,-52.207474446440365,3.6037479111959896,3.1829001516250677
2020-10-16 18:00:00,1,-55.599999999999994,-57.55507998491471,3.6037479111959896,3.458223651335898
2020-10-16 18:00:00,2,-58.449999999999996,-58.26603613776777,3.6037479111959896,3.4145897646774444
2020-10-16 18:00:00,4,-57.925,-58.3541137812554,3.6037479111959896,3.5400492091841302
2020-10-16 18:00:00,8,-50.6,-56.816271785552765,3.6037479111959896,3.5366434939194415
2020-10-16 21:00:00,1,-58.449999999999996,-59.79381705765003,3.6037479111959896,3.4650125341025
2020-10-16 21:00:00,2,-61.3,-59.0499855253878,3.6037479111959896,3.4501532718372636
2020-10-16 21:00:00,4,-54.55,-56.630829601070594,3.6037479111959896,3.5596381229611564
2020-10-16 21:00:00,8,-53.266666666666666,-57.67064474115994,3.6037479111959896,3.426347659820327
2020-10-17 00:00:00,1,-61.3,-60.34986513746402,3.6037479111959896,3.496402752297892
2020-10-17 00:00:00,2,-57.925,-58.93984830309809,3.6037479111959896,3.543719535741711
2020-10-17 00:00:00,4,-51.175,-56.24695099675675,3.6037479111959896,3.4912687540156826
2020-10-17 00:00:00,8,-55.93333333333334,-58.973320617577244,3.6037479111959896,3.5066939564620703
2020-10-17 03:00:00,1,-57.925,-59.837263987830795,3.6037479111959896,3.366037813055852
2020-10-17 03:00:00,2,-54.55,-58.19774489245968,3.6037479111959896,3.5683452918039062
2020-10-17 03:00:00,4,-47.8,-57.82940821499497,3.6037479111959896,3.6402563590853183
2020-10-17 03:00:00,8,-58.6,-60.93063792924105,3.6037479111959896,3.7278971602435043
2020-10-17 06:00:00,1,-54.55,-55.66732416180387,3.6037479111959896,3.2354820676202705
2020-10-17 06:00:00,2,-51.175,-54.78088566989996,3.6037479111959896,3.3149627247900004
2020-10-17 06:00:00,4,-50.6,-58.930536548307025,3.6037479111959896,3.5615017092178824
2020-10-17 06:00:00,8,-55.9,-60.70443232051431,3.6037479111959896,3.4739717206827865
2020-10-17 09:00:00,1,-51.175,-52.012742842697804,3.6037479111959896,3.085361689075648
2020-10-17 09:00:00,2,-47.8,-53.66981334217836,3.6037479111959896,3.1176939145426052
2020-10-17 09:00:00,4,-53.266666666666666,-61.2057158406011,3.6037479111959896,3.18232517367675
2020-10-17 09:00:00,8,-53.5,-60.86334601880569,3.6037479111959896,3.5268410756644974
2020-10-17 12:00:00,1,-47.8,-49.49716046967467,3.6037479111959896,2.9127019456802823
2020-10-17 12:00:00,2,-50.6,-52.88381480471228,3.6037479111959896,2.7800424000009185
2020-10-17 12:00:00,4,-55.93333333333334,-61.5812899505075,3.6037479111959896,2.8931825014070736
2020-10-17 12:00:00,8,-51.1,-59.40459665899845,3.6037479111959896,3.685954162507669
2020-10-17 15:00:00,1,-50.6,-52.31069305797634,3.6037479111959896,2.8914064068683376
2020-10-17 15:00:00,2,-53.266666666666666,-55.851844825520196,3.6037479111959896,2.9690154464322003
2020-10-17 15:00:00,4,-58.6,-62.25571778393352,3.6037479111959896,3.0544487929550312
2020-10-17 15:00:00,8,-51.6,-58.55460867241468,3.6037479111959896,3.069505446453603
2020-10-17 18:00:00,1,-53.266666666666666,-54.15073262229187,3.6037479111959896,3.3722208188412575
2020-10-17 18:00:00,2,-55.93333333333334,-56.18176583121532,3.6037479111959896,3.1844860531521055
2020-10-17 18:00:00,4,-55.9,-58.70052813535657,3.6037479111959896,3.0288324016351
2020-10-17 18:00:00,8,-55.1,-58.74809921320245,3.6037479111959896,3.8027185685080673
2020-10-17 21:00:00,1,-55.93333333333334,-56.14304862978154,3.6037479111959896,3.535132010673596
2020-10-17 21:00:00,2,-58.6,-57.20817605039103,3.6037479111959896,3.2196612562447275
2020-10-17 21:00:00,4,-53.5,-57.04649815005261,3.6037479111959896,3.351374848960665
2020-10-17 21:00:00,8,-57.400000000000006,-59.41329022394034,3.6037479111959896,3.3756954670756514
2020-10-18 00:00:00,1,-58.6,-58.4574008403854,3.6037479111959896,3.1418714879976153
2020-10-18 00:00:00,2,-55.9,-57.226343843097176,3.6037479111959896,2.7581422105714637
2020-10-18 00:00:00,4,-51.1,-54.12285463774735,3.6037479111959896,2.6071167489662654
2020-10-18 00:00:00,8,-59.7,-57.16049401539273,3.6037479111959896,4.287803658718156
2020-10-18 03:00:00,1,-55.9,-57.54855656895384,3.6037479111959896,3.015418435634258
2020-10-18 03:00:00,2,-53.5,-55.4279020431723,3.6037479111959896,2.6774510524631063
2020-10-18 03:00:00,4,-51.6,-52.86348285218959,3.6037479111959896,2.5208830135175573
2020-10-18 03:00:00,8,-58.2,-54.305963299649086,3.6037479111959896,4.966863786254936
2020-10-18 06:00:00,1,-53.5,-54.114788088791755,3.6037479111959896,3.049345946976462
2020-10-18 06:00:00,2,-51.1,-53.12148403449849,3.6037479111959896,2.662587524585048
2020-10-18 06:00:00,4,-55.1,-54.29243373206423,3.6037479111959896,3.3360164833351815
2020-10-18 06:00:00,8,-54.85,-52.10114083893798,3.6037479111959896,5.045161029127459
2020-10-18 09:00:00,1,-51.1,-49.0444466418055,3.6037479111959896,3.3868327022229012
2020-10-18 09:00:00,2,-51.6,-50.2422737731976,3.6037479111959896,3.1664773289799486
2020-10-18 09:00:00,4,-57.400000000000006,-55.61899259516334,3.6037479111959896,3.75111942304696
2020-10-18 09:00:00,8,-51.5,-51.379356907148875,3.6037479111959896,5.0325476120129755
2020-10-18 12:00:00,1,-51.6,-50.19188301472847,3.6037479111959896,3.303013623552374
2020-10-18 12:00:00,2,-55.1,-52.05101576520881,3.6037479111959896,3.5520149263167022
2020-10-18 12:00:00,4,-59.7,-56.29819410789672,3.6037479111959896,4.180263347184326
2020-10-18 12:00:00,8,-48.15,-49.31947339759528,3.6037479111959896,4.837081663024774
2020-10-18 15:00:00,1,-55.1,-51.90512309589747,3.6037479111959896,3.6065640829602046
2020-10-18 15:00:00,2,-57.400000000000006,-53.73556374074622,3.6037479111959896,3.730842592557136
2020-10-18 15:00:00,4,-58.2,-55.36237968316769,3.6037479111959896,3.831159115437086
2020-10-18 15:00:00,8,-44.8,-49.58231179839257,3.6037479111959896,4.710585767912637
2020-10-18 18:00:00,1,-57.400000000000006,-56.19997036947194,3.6037479111959896,3.596845870568374
2020-10-18 18:00:00,2,-59.7,-56.795812799699334,3.6037479111959896,3.8063660673720303
2020-10-18 18:00:00,4,-54.85,-54.54545134412121,3.6037479111959896,3.7258625695677585
2020-10-18 18:00:00,8,-46.949999999999996,-52.95636821865634,3.6037479111959896,3.31038252302244
2020-10-18 21:00:00,1,-59.7,-59.88016910126729,3.6037479111959896,3.828380095343671
2020-10-18 21:00:00,2,-58.2,-58.96095393858979,3.6037479111959896,3.7249588195111896
2020-10-18 21:00:00,4,-51.5,-53.86095144723472,3.6037479111959896,3.364135296417105
2020-10-18 21:00:00,8,-49.099999999999994,-54.03180780968111,3.6037479111959896,3.5603743644017136
2020-10-19 00:00:00,1,-58.2,-59.16460354333254,3.6037479111959896,3.6728862576770474
2020-10-19 00:00:00,2,-54.85,-56.79434441868229,3.6037479111959896,3.652658808320657
2020-10-19 00:00:00,4,-48.15,-52.48664201148066,3.6037479111959896,3.219053646358322
2020-10-19 00:00:00,8,-51.25,-54.57277598390563,3.6037479111959896,3.6855309737256117
2020-10-19 03:00:00,1,-54.85,-57.330411204799034,3.6037479111959896,3.442492204548975
2020-10-19 03:00:00,2,-51.5,-54.829162118214775,3.6037479111959896,3.1638111610057535
2020-10-19 03:00:00,4,-44.8,-53.06722405062066,3.6037479111959896,3.08760934711185
2020-10-19 03:00:00,8,-53.4,-54.07670835060863,3.6037479111959896,3.6574552033430696
2020-10-19 06:00:00,1,-51.5,-51.43147614749233,3.6037479111959896,3.488007906293949
2020-10-19 06:00:00,2,-48.15,-49.5213671414261,3.6037479111959896,3.424974559052944
2020-10-19 06:00:00,4,-46.949999999999996,-52.03004693484253,3.6037479111959896,3.5316539899390653
2020-10-19 06:00:00,8,-51.375,-51.482019111795545,3.6037479111959896,3.179590169375641
2020-10-19 09:00:00,1,-48.15,-47.27733438641638,3.6037479111959896,3.3864494102507696
2020-10-19 09:00:00,2,-44.8,-47.87725052923962,3.6037479111959896,3.5175166226587624
2020-10-19 09:00:00,4,-49.099999999999994,-53.78792380854549,3.6037479111959896,3.918146797952073
2020-10-19 09:00:00,8,-49.349999999999994,-50.413521007430916,3.6037479111959896,3.354759426114316
2020-10-19 12:00:00,1,-44.8,-44.39912890877696,3.6037479111959896,3.3115984626174146
2020-10-19 12:00:00,2,-46.949999999999996,-47.091301030872145,3.6037479111959896,3.50984126556752
2020-10-19 12:00:00,4,-51.25,-53.72473425062032,3.6037479111959896,3.8682245448715116
2020-10-19 12:00:00,8,-47.324999999999996,-49.04839931023507,3.6037479111959896,3.3656032537496166
2020-10-19 15:00:00,1,-46.949999999999996,-47.870382353555165,3.6037479111959896,3.44246591770996
2020-10-19 15:00:00,2,-49.099999999999994,-50.644869912472736,3.6037479111959896,3.8036444997513104
2020-10-19 15:00:00,4,-53.4,-54.71096537185412,3.6037479111959896,3.6271944627702575
2020-10-19 15:00:00,8,-45.3,-49.255621879385814,3.6037479111959896,3.157876920428108
2020-10-19 18:00:00,1,-49.099999999999994,-48.193383667745074,3.6037479111959896,3.7217166071854715
2020-10-19 18:00:00,2,-51.25,-50.693827594473326,3.6037479111959896,3.5670238582718286
2020-10-19 18:00:00,4,-51.375,-52.68943196848005,3.6037479111959896,3.0230913133380475
2020-10-19 18:00:00,8,-47.919999999999995,-51.296746695359076,3.6037479111959896,4.374294024098264
2020-10-19 21:00:00,1,-51.25,-51.8936446595364,3.6037479111959896,3.41555899189083
2020-10-19 21:00:00,2,-53.4,-52.539789631893,3.6037479111959896,2.9718029710911793
2020-10-19 21:00:00,4,-49.349999999999994,-51.568511472980546,3.6037479111959896,2.8692479345825137
2020-10-19 21:00:00,8,-50.54,-55.10017334186363,3.6037479111959896,4.460760875287692
2020-10-20 00:00:00,1,-53.4,-52.98181253098285,3.6037479111959896,3.2416841886831342
2020-10-20 00:00:00,2,-51.375,-52.00394683152144,3.6037479111959896,2.8956132075534975
2020-10-20 00:00:00,4,-47.324999999999996,-49.8114743431811,3.6037479111959896,3.0416872524353056
2020-10-20 00:00:00,8,-53.16,-55.25040464297847,3.6037479111959896,4.784295664116121
2020-10-20 03:00:00,1,-51.375,-51.24133305430277,3.6037479111959896,3.2171450512213045
2020-10-20 03:00:00,2,-49.349999999999994,-49.719560031923244,3.6037479111959896,3.103371159730049
2020-10-20 03:00:00,4,-45.3,-49.21341925441429,3.6037479111959896,3.604928127132709
2020-10-20 03:00:00,8,-55.78,-53.606541286889865,3.6037479111959896,5.721390442675438
2020-10-20 06:00:00,1,-49.349999999999994,-50.27804016282801,3.6037479111959896,3.45660075894767
2020-10-20 06:00:00,2,-47.324999999999996,-49.686398613621144,3.6037479111959896,3.4311268790861114
2020-10-20 06:00:00,4,-47.919999999999995,-52.96720041066094,3.6037479111959896,4.232115603446255
2020-10-20 06:00:00,8,-58.4,-51.55778897725162,3.6037479111959896,6.021875139497938
2020-10-20 09:00:00,1,-47.324999999999996,-44.38691497599932,3.6037479111959896,4.0777885575168735
2020-10-20 09:00:00,2,-45.3,-45.01117432551154,3.6037479111959896,3.9799903991268377
2020-10-20 09:00:00,4,-50.54,-52.363962217899385,3.6037479111959896,4.510168615481686
2020-10-20 09:00:00,8,-56.46666666666667,-50.22362540633132,3.6037479111959896,4.817618738121457
2020-10-20 12:00:00,1,-45.3,-44.58213471916241,3.6037479111959896,3.8569749508165234
2020-10-20 12:00:00,2,-47.919999999999995,-47.01633290289237,3.6037479111959896,3.789853240296368
2020-10-20 12:00:00,4,-53.16,-54.54055680077283,3.6037479111959896,4.425012587112442
2020-10-20 12:00:00,8,-54.53333333333333,-48.292177322452716,3.6037479111959896,4.655707059353539
2020-10-20 15:00:00,1,-47.919999999999995,-48.55073126411467,3.6037479111959896,3.598922704141097
2020-10-20 15:00:00,2,-50.54,-51.36097980890522,3.6037479111959896,3.5142563881188718
2020-10-20 15:00:00,4,-55.78,-55.64709969902259,3.6037479111959896,4.157406060877948
2020-10-20 15:00:00,8,-52.6,-50.19813408131523,3.6037479111959896,4.157715851009141
2020-10-20 18:00:00,1,-50.54,-51.077683322880745,3.6037479111959896,3.818946052746022
2020-10-20 18:00:00,2,-53.16,-53.534554592005534,3.6037479111959896,3.6374762659236772
2020-10-20 18:00:00,4,-58.4,-55.15461565752317,3.6037479111959896,3.9378573949998645
2020-10-20 18:00:00,8,-56.3,-53.322177919024874,3.6037479111959896,3.9820626871558975
2020-10-20 21:00:00,1,-53.16,-53.409861808721615,3.6037479111959896,3.5461407042444653
2020-10-20 21:00:00,2,-55.78,-53.64404750628519,3.6037479111959896,3.4338440211335284
2020-10-20 21:00:00,4,-56.46666666666667,-51.326767359784384,3.6037479111959896,3.9679382833395613
2020-10-20 21:00:00,8,-57.7,-56.14267468976788,3.6037479111959896,3.737253155456552
2020-10-21 00:00:00,1,-55.78,-53.9233100873935,3.6037479111959896,3.5575758324621476
2020-10-21 00:00:00,2,-58.4,-51.68842193094523,3.6037479111959896,3.6303392558306444
2020-10-21 00:00:00,4,-54.53333333333333,-46.515712243716116,3.6037479111959896,4.262115125221373
2020-10-21 00:00:00,8,-59.1,-57.18571299103471,3.6037479111959896,3.833046329189834
2020-10-21 03:00:00,1,-58.4,-56.06141010363899,3.6037479111959896,3.6061554372518625
2020-10-21 03:00:00,2,-56.46666666666667,-53.18661318108798,3.6037479111959896,3.788170989239714
2020-10-21 03:00:00,4,-52.6,-49.494931960113476,3.6037479111959896,4.071383366623605
2020-10-21 03:00:00,8,-55.7,-59.11654612731859,3.6037479111959896,3.823660301396512
2020-10-21 06:00:00,1,-56.46666666666667,-53.85310681258396,3.6037479111959896,3.656528818878464
2020-10-21 06:00:00,2,-54.53333333333333,-51.11288646086244,3.6037479111959896,3.822696432859234
2020-10-21 06:00:00,4,-56.3,-49.765771704526784,3.6037479111959896,4.06937431630463
2020-10-21 06:00:00,8,-53.300000000000004,-53.97147395742868,3.6037479111959896,3.669480339129247
2020-10-21 09:00:00,1,-54.53333333333333,-54.63814451694894,3.6037479111959896,3.727269715257477
2020-10-21 09:00:00,2,-52.6,-54.163100021780316,3.6037479111959896,3.677792865470747
2020-10-21 09:00:00,4,-57.7,-56.501650258123725,3.6037479111959896,3.874989726826872
2020-10-21 09:00:00,8,-50.900000000000006,-51.36058965761929,3.6037479111959896,3.7398457815996884
2020-10-21 12:00:00,1,-52.6,-53.821015338251584,3.6037479111959896,3.595583075882558
2020-10-21 12:00:00,2,-56.3,-54.977015405813056,3.6037479111959896,3.523889341574424
2020-10-21 12:00:00,4,-59.1,-58.253779695431746,3.6037479111959896,3.8294987523062254
2020-10-21 12:00:00,8,-48.5,-49.71197549812977,3.6037479111959896,3.5864351259373706
2020-10-21 15:00:00,1,-56.3,-55.93849911930264,3.6037479111959896,3.3342261789737324
2020-10-21 15:00:00,2,-57.7,-57.25813630951881,3.6037479111959896,3.3022284841923355
2020-10-21 15:00:00,4,-55.7,-58.888269078246424,3.6037479111959896,3.837086584354377
2020-10-21 15:00:00,8,-46.1,-52.5248789990048,3.6037479111959896,3.530710313079981
2020-10-21 18:00:00,1,-57.7,-58.16031450579353,3.6037479111959896,3.265546373390122
2020-10-21 18:00:00,2,-59.1,-58.64435571669547,3.6037479111959896,3.229769532269045
2020-10-21 18:00:00,4,-53.300000000000004,-57.24248342551727,3.6037479111959896,3.7223182718740064
2020-10-21 18:00:00,8,-47.666666666666664,-55.09280009498539,3.6037479111959896,3.4467224127844953
2020-10-21 21:00:00,1,-59.1,-58.78358604844885,3.6037479111959896,3.5395151277987433
2020-10-21 21:00:00,2,-55.7,-57.8541401319679,3.6037479111959896,3.375159159573572
2020-10-21 21:00:00,4,-50.900000000000006,-54.87825507427618,3.6037479111959896,3.7344857724881164
2020-10-21 21:00:00,8,-49.233333333333334,-58.979737399391645,3.6037479111959896,3.613339798979729
2020-10-22 00:00:00,1,-55.7,-56.98261961305602,3.6037479111959896,3.523046476475868
2020-10-22 00:00:00,2,-53.300000000000004,-54.71604832621131,3.6037479111959896,3.5294522872159995
2020-10-22 00:00:00,4,-48.5,-51.617801486062646,3.6037479111959896,3.721244670446884
2020-10-22 00:00:00,8,-50.8,-59.377246441428895,3.6037479111959896,3.712845638810359
2020-10-22 03:00:00,1,-53.300000000000004,-53.63090718936002,3.6037479111959896,3.8413149797044484
2020-10-22 03:00:00,2,-50.900000000000006,-51.30655568589567,3.6037479111959896,3.782248878998531
2020-10-22 03:00:00,4,-46.1,-51.20941413995744,3.6037479111959896,3.8918299396866183
2020-10-22 03:00:00,8,-48.96666666666666,-59.75055673722561,3.6037479111959896,3.8177906315329584
2020-10-22 06:00:00,1,-50.900000000000006,-49.60662240241176,3.6037479111959896,4.112431465449477
2020-10-22 06:00:00,2,-48.5,-48.102815612586504,3.6037479111959896,3.943380910382918
2020-10-22 06:00:00,4,-47.666666666666664,-52.67221595758132,3.6037479111959896,4.075421835562779
2020-10-22 06:00:00,8,-47.13333333333333,-57.41193517128421,3.6037479111959896,3.955630923945052
2020-10-22 09:00:00,1,-48.5,-47.98205928645989,3.6037479111959896,3.9767974812892932
2020-10-22 09:00:00,2,-46.1,-48.47060074654359,3.6037479111959896,3.83955794712301
2020-10-22 09:00:00,4,-49.233333333333334,-55.45166920932001,3.6037479111959896,4.0985956303405455
2020-10-22 09:00:00,8,-45.3,-54.32098052165245,3.6037479111959896,3.929429637126992
2020-10-22 12:00:00,1,-46.1,-47.33401475827522,3.6037479111959896,3.9464246117519344
2020-10-22 12:00:00,2,-47.666666666666664,-49.32486886925676,3.6037479111959896,3.8960975253544907
2020-10-22 12:00:00,4,-50.8,-56.580293661652036,3.6037479111959896,4.132953648656804
2020-10-22 12:00:00,8,-44.8,-51.60400803499031,3.6037479111959896,3.739966765043351
2020-10-22 15:00:00,1,-47.666666666666664,-50.11145186811944,3.6037479111959896,3.783838699557349
2020-10-22 15:00:00,2,-49.233333333333334,-52.55429250625234,3.6037479111959896,3.8680795140355655
2020-10-22 15:00:00,4,-48.96666666666666,-56.270682137854976,3.6037479111959896,3.9702367554885045
2020-10-22 15:00:00,8,-48.1,-49.229893509544105,3.6037479111959896,3.368245987513371
2020-10-22 18:00:00,1,-49.233333333333334,-50.30291059611622,3.6037479111959896,4.007143530786034
2020-10-22 18:00:00,2,-50.8,-52.37648366950569,3.6037479111959896,4.018346816281824
2020-10-22 18:00:00,4,-47.13333333333333,-54.09649078603272,3.6037479111959896,3.7199459779631634
2020-10-22 18:00:00,8,-50.333333333333336,-48.21417516480526,3.6037479111959896,3.4813580025251016
2020-10-22 21:00:00,1,-50.8,-50.70959197600303,3.6037479111959896,3.9577752475106425
2020-10-22 21:00:00,2,-48.96666666666666,-51.3220866251047,3.6037479111959896,3.8999350839297513
2020-10-22 21:00:00,4,-45.3,-50.81524606100949,3.6037479111959896,3.6244424926606515
2020-10-22 21:00:00,8,-52.56666666666666,-51.12547937716067,3.6037479111959896,3.731543099492779
2020-10-23 00:00:00,1,-48.96666666666666,-49.1439017164217,3.6037479111959896,3.7742968969157857
2020-10-23 00:00:00,2,-47.13333333333333,-48.02210365071673,3.6037479111959896,3.712632691420264
2020-10-23 00:00:00,4,-44.8,-46.13643043571665,3.6037479111959896,3.75245682596704
2020-10-23 00:00:00,8,-54.8,-51.79730701257744,3.6037479111959896,3.8149858578021307
2020-10-23 03:00:00,1,-47.13333333333333,-45.409518428195874,3.6037479111959896,3.718982589307328
2020-10-23 03:00:00,2,-45.3,-43.59414269350975,3.6037479111959896,3.6124163771165287
2020-10-23 03:00:00,4,-48.1,-44.537239581992324,3.6037479111959896,3.6504826859444828
2020-10-23 03:00:00,8,-53.8,-51.08903049296776,3.6037479111959896,3.8361061332472537
2020-10-23 06:00:00,1,-45.3,-44.43999860691751,3.6037479111959896,3.571204112182192
2020-10-23 06:00:00,2,-44.8,-43.808485973941835,3.6037479111959896,3.472933183926064
2020-10-23 06:00:00,4,-50.333333333333336,-48.797575263441274,3.6037479111959896,3.761281845694036
2020-10-23 06:00:00,8,-51.625,-52.559059385831596,3.6037479111959896,3.962619064150599
2020-10-23 09:00:00,1,-44.8,-45.910104503324625,3.6037479111959896,3.339398874362261
2020-10-23 09:00:00,2,-48.1,-47.70184456329367,3.6037479111959896,3.3742812964548166
2020-10-23 09:00:00,4,-52.56666666666666,-53.39204183786826,3.6037479111959896,3.887802108119419
2020-10-23 09:00:00,8,-49.45,-51.65929234611896,3.6037479111959896,4.03030556846846
2020-10-23 12:00:00,1,-48.1,-47.319719298138295,3.6037479111959896,3.3895012962643887
2020-10-23 12:00:00,2,-50.333333333333336,-50.19366373292455,3.6037479111959896,3.5718694344770743
2020-10-23 12:00:00,4,-54.8,-55.494253699816085,3.6037479111959896,4.0212843572117345
2020-10-23 12:00:00,8,-47.275,-50.72616043663725,3.6037479111959896,3.998699350303797
2020-10-23 15:00:00,1,-50.333333333333336,-52.09425420041567,3.6037479111959896,3.5392759468897927
2020-10-23 15:00:00,2,-52.56666666666666,-54.55740211391235,3.6037479111959896,3.65887247319822
2020-10-23 15:00:00,4,-53.8,-56.958129424165136,3.6037479111959896,3.8443948854622914
2020-10-23 15:00:00,8,-45.1,-52.8351963435839,3.6037479111959896,4.054130082482214
2020-10-23 18:00:00,1,-52.56666666666666,-54.171765307058365,3.6037479111959896,3.6403734234972003
2020-10-23 18:00:00,2,-54.8,-55.01958728754181,3.6037479111959896,3.61128129754461
2020-10-23 18:00:00,4,-51.625,-54.37299817135636,3.6037479111959896,3.8302809323973688
2020-10-23 18:00:00,8,-47.3,-52.20078909788205,3.6037479111959896,4.336116949302361
2020-10-23 21:00:00,1,-54.8,-55.56052844297921,3.6037479111959896,3.7228190814793827
2020-10-23 21:00:00,2,-53.8,-55.133027826744105,3.6037479111959896,3.627742777305928
2020-10-23 21:00:00,4,-49.45,-52.841861788302374,3.6037479111959896,3.889956802456183
2020-10-23 21:00:00,8,-49.5,-53.312607864628994,3.6037479111959896,4.257657346541802
2020-10-24 00:00:00,1,-53.8,-54.625764148442684,3.6037479111959896,3.8067863635353922
2020-10-24 00:00:00,2,-51.625,-52.88473902735684,3.6037479111959896,3.8477261957758278
2020-10-24 00:00:00,4,-47.275,-50.82236533128886,3.6037479111959896,4.016715565958473
2020-10-24 00:00:00,8,-51.7,-54.87630467809703,3.6037479111959896,4.38174077100233
2020-10-24 03:00:00,1,-51.625,-52.26245722790482,3.6037479111959896,3.8888756828864617
2020-10-24 03:00:00,2,-49.45,-50.292359939873336,3.6037479111959896,3.923278010255908
2020-10-24 03:00:00,4,-45.1,-50.94868914868824,3.6037479111959896,4.170002735462106
2020-10-24 03:00:00,8,-53.9,-55.975482435104674,3.6037479111959896,4.387565252030051
2020-10-24 06:00:00,1,-49.45,-48.75647536523451,3.6037479111959896,3.8796367654153365
2020-10-24 06:00:00,2,-47.275,-47.76459983924729,3.6037479111959896,3.936185274773663
2020-10-24 06:00:00,4,-47.3,-52.081627420570925,3.6037479111959896,4.246940954089557
2020-10-24 06:00:00,8,-51.766666666666666,-53.814428157953124,3.6037479111959896,4.467825583243393
2020-10-24 09:00:00,1,-47.275,-44.980326796137916,3.6037479111959896,3.645831395073236
2020-10-24 09:00:00,2,-45.1,-45.77040728692991,3.6037479111959896,3.686241104950185
2020-10-24 09:00:00,4,-49.5,-53.32677741721796,3.6037479111959896,4.320727311402876
2020-10-24 09:00:00,8,-49.63333333333333,-51.33580730557708,3.6037479111959896,5.337072484019778
2020-10-24 12:00:00,1,-45.1,-42.468794359177956,3.6037479111959896,3.5565748597583386
2020-10-24 12:00:00,2,-47.3,-45.181293255194966,3.6037479111959896,3.735279069832677
2020-10-24 12:00:00,4,-51.7,-53.24547599547598,3.6037479111959896,4.227635217018728
2020-10-24 12:00:00,8,-47.5,-48.24951501784976,3.6037479111959896,6.045174983134593
2020-10-24 15:00:00,1,-47.3,-47.12336404541542,3.6037479111959896,3.837885160394805
2020-10-24 15:00:00,2,-49.5,-50.09053392313555,3.6037479111959896,4.0199769735418895
2020-10-24 15:00:00,4,-53.9,-55.438417755117186,3.6037479111959896,4.670382153785188
2020-10-24 15:00:00,8,-49.0,-50.36620858944034,3.6037479111959896,4.597922508699814
2020-10-24 18:00:00,1,-49.5,-49.83922029591925,3.6037479111959896,4.060284295381071
2020-10-24 18:00:00,2,-51.7,-52.303262216050236,3.6037479111959896,3.9891095595179866
2020-10-24 18:00:00,4,-51.766666666666666,-54.35194297093394,3.6037479111959896,3.9904775148899034
2020-10-24 18:00:00,8,-51.4,-52.086543578949,3.6037479111959896,4.092117337507541
2020-10-24 21:00:00,1,-51.7,-51.68009366000513,3.6037479111959896,3.8668186522055596
2020-10-24 21:00:00,2,-53.9,-52.20090712495043,3.6037479111959896,3.7682331150087536
2020-10-24 21:00:00,4,-49.63333333333333,-50.799677835874235,3.6037479111959896,3.8759895864723353
2020-10-24 21:00:00,8,-53.8,-53.812138766058304,3.6037479111959896,3.94140435870163
2020-10-25 00:00:00,1,-53.9,-53.41051890562424,3.6037479111959896,3.6886686652071523
2020-10-25 00:00:00,2,-51.766666666666666,-51.905239817057804,3.6037479111959896,3.661741204461297
2020-10-25 00:00:00,4,-47.5,-48.266442828352595,3.6037479111959896,3.8303643251280377
2020-10-25 00:00:00,8,-56.2,-54.45606851309072,3.6037479111959896,3.955810559565016
2020-10-25 03:00:00,1,-51.766666666666666,-50.56726385024437,3.6037479111959896,3.7321000552269243
2020-10-25 03:00:00,2,-49.63333333333333,-47.43692643638958,3.6037479111959896,3.931197893602168
2020-10-25 03:00:00,4,-49.0,-44.75161744647191,3.6037479111959896,4.12117415884901
2020-10-25 03:00:00,8,-58.6,-54.677163248046924,3.6037479111959896,4.08772364966062
2020-10-25 06:00:00,1,-49.63333333333333,-48.4681762607132,3.6037479111959896,4.034435694763145
2020-10-25 06:00:00,2,-47.5,-46.316575857172936,3.6037479111959896,4.066439308082333
2020-10-25 06:00:00,4,-51.4,-48.3409678482237,3.6037479111959896,4.267143109694917
2020-10-25 06:00:00,8,-55.175,-52.07088655206676,3.6037479111959896,4.106247713181828
2020-10-25 09:00:00,1,-47.5,-46.90425681243934,3.6037479111959896,3.977336654749987
2020-10-25 09:00:00,2,-49.0,-46.728764386374635,3.6037479111959896,4.085240849717608
2020-10-25 09:00:00,4,-53.8,-51.78591075836051,3.6037479111959896,4.3475925675167515
2020-10-25 09:00:00,8,-51.75,-48.22428091168699,3.6037479111959896,4.259947074184461
2020-10-25 12:00:00,1,-49.0,-48.750740177356384,3.6037479111959896,3.6944858147128357
2020-10-25 12:00:00,2,-51.4,-50.30371323421876,3.6037479111959896,3.826356995162464
2020-10-25 12:00:00,4,-56.2,-54.88535993453576,3.6037479111959896,4.301811877905254
2020-10-25 12:00:00,8,-48.325,-47.8282035051163,3.6037479111959896,3.9269094864117084
2020-10-25 15:00:00,1,-51.4,-51.32275633077464,3.6037479111959896,3.4742459329370368
2020-10-25 15:00:00,2,-53.8,-53.231296040653966,3.6037479111959896,3.4896747411592632
2020-10-25 15:00:00,4,-58.6,-55.5509499226967,3.6037479111959896,3.9546804121079226
2020-10-25 15:00:00,8,-44.9,-48.21980011603196,3.6037479111959896,3.75074222290314
2020-10-25 18:00:00,1,-53.8,-54.273298846904645,3.6037479111959896,3.573950233736718
2020-10-25 18:00:00,2,-56.2,-55.40928790010303,3.6037479111959896,3.5756011525341904
2020-10-25 18:00:00,4,-55.175,-55.31391446359356,3.6037479111959896,3.876241657530032
2020-10-25 18:00:00,8,-47.5,-53.54999997172204,3.6037479111959896,3.875204527092537
2020-10-25 21:00:00,1,-56.2,-56.814587254238816,3.6037479111959896,3.5211812172991133
2020-10-25 21:00:00,2,-58.6,-56.211084097238285,3.6037479111959896,3.473022601834844
2020-10-25 21:00:00,4,-51.75,-53.408564006313895,3.6037479111959896,3.7780227497552716
2020-10-25 21:00:00,8,-46.5,-56.72342010250729,3.6037479111959896,3.8657809352463017
2020-10-26 00:00:00,1,-58.6,-59.00182363673034,3.6037479111959896,3.377478106664061
2020-10-26 00:00:00,2,-55.175,-56.5608084328862,3.6037479111959896,3.327712934775668
2020-10-26 00:00:00,4,-48.325,-51.78015053307299,3.6037479111959896,3.7510798594880366
2020-10-26 00:00:00,8,-44.7,-57.72112087899635,3.6037479111959896,3.9586734256104625
2020-10-26 03:00:00,1,-55.175,-55.963531485188284,3.6037479111959896,3.5657145684062534
2020-10-26 03:00:00,2,-51.75,-52.22737598968432,3.6037479111959896,3.6642145134157795
2020-10-26 03:00:00,4,-44.9,-48.11898077279173,3.6037479111959896,3.9814483322692173
2020-10-26 03:00:00,8,-42.63333333333333,-53.940204214475074,3.6037479111959896,4.060777613503928
2020-10-26 06:00:00,1,-51.75,-50.89361243190725,3.6037479111959896,3.7068317512433033
2020-10-26 06:00:00,2,-48.325,-48.03862906141681,3.6037479111959896,3.800996887192891
2020-10-26 06:00:00,4,-47.5,-48.82605594706369,3.6037479111959896,4.260123510594808
2020-10-26 06:00:00,8,-40.56666666666667,-49.30241589691429,3.6037479111959896,4.449271340511469
2020-10-26 09:00:00,1,-48.325,-47.6468188219577,3.6037479111959896,3.65127534344712
2020-10-26 09:00:00,2,-44.9,-46.71817482307831,3.6037479111959896,3.814259637219195
2020-10-26 09:00:00,4,-46.5,-50.329610021166815,3.6037479111959896,4.559460650927885
2020-10-26 09:00:00,8,-38.5,-45.387075542867265,3.6037479111959896,4.64096776744892
2020-10-26 12:00:00,1,-44.9,-45.64141167173542,3.6037479111959896,3.6681024928675994
2020-10-26 12:00:00,2,-47.5,-46.992772880779206,3.6037479111959896,3.8663414101110245
2020-10-26 12:00:00,4,-44.7,-52.12920498292572,3.6037479111959896,4.622139352452866
2020-10-26 12:00:00,8,-41.4,-44.08213513183928,3.6037479111959896,4.515367011187466
2020-10-26 15:00:00,1,-47.5,-46.50485357330013,3.6037479111959896,3.6211870169450653
2020-10-26 15:00:00,2,-46.5,-48.39553427017872,3.6037479111959896,3.8486366908326715
2020-10-26 15:00:00,4,-42.63333333333333,-51.373866869732495,3.6037479111959896,4.397070157120705
2020-10-26 15:00:00,8,-43.575,-45.251970799780985,3.6037479111959896,3.852946719348122
2020-10-26 18:00:00,1,-46.5,-48.84833635941912,3.6037479111959896,3.8204348582612004
2020-10-26 18:00:00,2,-44.7,-50.52674485596056,3.6037479111959896,3.975648511815623
2020-10-26 18:00:00,4,-40.56666666666667,-50.24613529825198,3.6037479111959896,3.9592972714856716
2020-10-26 18:00:00,8,-45.75,-44.63256690643845,3.6037479111959896,3.9727633579431814
2020-10-26 21:00:00,1,-44.7,-46.427491220531536,3.6037479111959896,4.142064891004153
2020-10-26 21:00:00,2,-42.63333333333333,-46.64910327519836,3.6037479111959896,4.2400471905676955
2020-10-26 21:00:00,4,-38.5,-45.20155302252474,3.6037479111959896,4.284063622716037
2020-10-26 21:00:00,8,-47.925,-48.26147677528099,3.6037479111959896,4.713999324573396
2020-10-27 00:00:00,1,-42.63333333333333,-42.96771319501651,3.6037479111959896,4.276793952064242
2020-10-27 00:00:00,2,-40.56666666666667,-42.331374646411724,3.6037479111959896,4.4227060102991365
2020-10-27 00:00:00,4,-41.4,-41.92677371313271,3.6037479111959896,4.479940456859312
2020-10-27 00:00:00,8,-50.1,-49.42959260736025,3.6037479111959896,4.646322604504945
2020-10-27 03:00:00,1,-40.56666666666667,-39.400617988085514,3.6037479111959896,3.930158443737701
2020-10-27 03:00:00,2,-38.5,-38.24244146715937,3.6037479111959896,3.982668750757655
2020-10-27 03:00:00,4,-43.575,-40.11108672201903,3.6037479111959896,4.158326793405564
2020-10-27 03:00:00,8,-48.8,-47.346241660070675,3.6037479111959896,4.796940113563885
2020-10-27 06:00:00,1,-38.5,-38.828495531190995,3.6037479111959896,3.926061695863347
2020-10-27 06:00:00,2,-41.4,-38.29283762938592,3.6037479111959896,3.773805658279179
2020-10-27 06:00:00,4,-45.75,-44.1416686876174,3.6037479111959896,3.973887027000802
2020-10-27 06:00:00,8,-46.8,-48.186125340774694,3.6037479111959896,5.012479503290544
2020-10-27 09:00:00,1,-41.4,-38.89824723200524,3.6037479111959896,3.650089289801979
2020-10-27 09:00:00,2,-43.575,-41.23608345186784,3.6037479111959896,3.690754783152783
2020-10-27 09:00:00,4,-47.925,-48.14191287829236,3.6037479111959896,4.3524090842346475
2020-10-27 09:00:00,8,-53.29175178959221,-43.58252173304665,3.6037479111959896,5.7633233362409015
2020-10-27 12:00:00,1,-43.575,-41.427594055935884,3.6037479111959896,3.5412458868712062
2020-10-27 12:00:00,2,-45.75,-44.937761038667574,3.6037479111959896,3.798944167662652
2020-10-27 12:00:00,4,-50.1,-49.36366388479743,3.6037479111959896,4.5664496442559965
2020-10-27 12:00:00,8,-53.29175178959221,-41.12204255521586,3.6037479111959896,5.587988733685217
2020-10-27 15:00:00,1,-45.75,-45.417492212649044,3.6037479111959896,3.517728896881834
2020-10-27 15:00:00,2,-47.925,-48.25203785206524,3.6037479111959896,3.882585770179706
2020-10-27 15:00:00,4,-48.8,-50.14710279746624,3.6037479111959896,4.559662307774043
2020-10-27 15:00:00,8,-53.29175178959221,-44.1796491767892,3.6037479111959896,5.619620172285689
2020-10-27 18:00:00,1,-47.925,-47.0282319767375,3.6037479111959896,3.8113979708773544
2020-10-27 18:00:00,2,-50.1,-49.12382423584232,3.6037479111959896,4.080570483559024
2020-10-27 18:00:00,4,-46.8,-48.40517061066565,3.6037479111959896,4.498606032085888
2020-10-27 18:00:00,8,-53.29175178959221,-45.45320168270126,3.6037479111959896,4.887124446327635
2020-10-27 21:00:00,1,-50.1,-49.36643493160387,3.6037479111959896,3.6918604299962308
2020-10-27 21:00:00,2,-48.8,-49.43916914626504,3.6037479111959896,3.5936772200687743
2020-10-27 21:00:00,4,-53.29175178959221,-46.392440288383916,3.6037479111959896,4.269444087891394
2020-10-27 21:00:00,8,-53.29175178959221,-48.05027848166901,3.6037479111959896,4.524490303891037
2020-10-28 00:00:00,1,-48.8,-49.40403643725508,3.6037479111959896,3.915759601056433
2020-10-28 00:00:00,2,-46.8,-48.02016370180192,3.6037479111959896,3.998173880124294
2020-10-28 00:00:00,4,-53.29175178959221,-44.58887068291525,3.6037479111959896,4.518923572518082
2020-10-28 00:00:00,8,-59.4,-49.30098246019526,3.6037479111959896,4.968667713917336
2020-10-28 03:00:00,1,-46.8,-49.13055875859318,3.6037479111959896,3.8762667446654406
2020-10-28 03:00:00,2,-53.29175178959221,-47.4575824792637,3.6037479111959896,3.8022376206623933
2020-10-28 03:00:00,4,-53.29175178959221,-47.374928406976146,3.6037479111959896,3.9044018737164086
2020-10-28 03:00:00,8,-57.5,-51.1489963493397,3.6037479111959896,4.290408081946753
2020-10-28 06:00:00,1,-53.29175178959221,-46.91949396736982,3.6037479111959896,3.718744674752184
2020-10-28 06:00:00,2,-53.29175178959221,-46.76986716658536,3.6037479111959896,3.5648049797921346
2020-10-28 06:00:00,4,-53.29175178959221,-50.101557047902446,3.6037479111959896,3.7297550212480215
2020-10-28 06:00:00,8,-54.675,-50.19779850797927,8.0,4.003201704637357
2020-10-28 09:00:00,1,-53.29175178959221,-50.59545110983873,3.6037479111959896,3.1023750858159653
2020-10-28 09:00:00,2,-53.29175178959221,-51.343890606180686,3.6037479111959896,3.1589884058291053
2020-10-28 09:00:00,4,-53.29175178959221,-54.30648242061218,3.6037479111959896,3.887237900843477
2020-10-28 09:00:00,8,-51.85,-48.272725957233405,9.8,4.317181840665598
2020-10-28 12:00:00,1,-53.29175178959221,-49.84613314266507,3.6037479111959896,3.288561274090271
2020-10-28 12:00:00,2,-53.29175178959221,-51.90159453236297,3.6037479111959896,3.451146093221571
2020-10-28 12:00:00,4,-59.4,-55.238601936140704,3.6037479111959896,3.996622023519591
2020-10-28 12:00:00,8,-49.025000000000006,-47.328353781999034,11.6,4.581664658630583
2020-10-28 15:00:00,1,-53.29175178959221,-52.87970511209826,3.6037479111959896,3.43080391887533
2020-10-28 15:00:00,2,-53.29175178959221,-54.80233660549098,3.6037479111959896,3.558607324292694
2020-10-28 15:00:00,4,-57.5,-56.192077641380116,3.6037479111959896,3.8634645208634257
2020-10-28 15:00:00,8,-46.2,-49.115625655080365,10.6,4.305798626288962
2020-10-28 18:00:00,1,-53.29175178959221,-55.10290440086514,3.6037479111959896,3.539317856535768
2020-10-28 18:00:00,2,-59.4,-56.226266494093544,3.6037479111959896,3.5064130725227654
2020-10-28 18:00:00,4,-54.675,-55.595409156768014,8.0,3.7569782689179783
2020-10-28 18:00:00,8,-50.3,-51.65454145265541,7.6,4.025224903676565
2020-10-28 21:00:00,1,-59.4,-55.324527983547796,3.6037479111959896,3.614748061060303
2020-10-28 21:00:00,2,-57.5,-55.403505159159586,3.6037479111959896,3.4717216165842317
2020-10-28 21:00:00,4,-51.85,-53.37827999877685,9.8,3.741377163262846
2020-10-28 21:00:00,8,-51.5,-53.75342027702481,5.8,4.0242950000813815
2020-10-29 00:00:00,1,-57.5,-55.90312468221064,3.6037479111959896,3.6798798365389422
2020-10-29 00:00:00,2,-54.675,-54.33596478073554,8.0,3.6855339929796873
2020-10-29 00:00:00,4,-49.025000000000006,-52.35837365197266,11.6,3.866798710465617
2020-10-29 00:00:00,8,-52.7,-56.20765163052328,5.1,3.938018848445175
2020-10-29 03:00:00,1,-54.675,-56.3498216063147,8.0,3.5518018922813464
2020-10-29 03:00:00,2,-51.85,-54.52024930025249,9.8,3.6091978656020527
2020-10-29 03:00:00,4,-46.2,-54.14394154021332,10.6,3.7248450876093244
2020-10-29 03:00:00,8,-52.4,-56.17029005170165,4.7,3.8280568951921685
2020-10-29 06:00:00,1,-51.85,-48.9029553779464,9.8,5.7857645120165
2020-10-29 06:00:00,2,-49.025000000000006,-47.3407128957261,11.6,4.9719664189528645
2020-10-29 06:00:00,4,-50.3,-49.18001682853113,7.6,4.4568251009772055
2020-10-29 06:00:00,8,-48.6,-49.19265909914716,4.4,4.796443596231411
2020-10-29 09:00:00,1,-49.025000000000006,-46.28948141745473,11.6,7.946052133593067
2020-10-29 09:00:00,2,-46.2,-46.73883050570193,10.6,6.435642142594045
2020-10-29 09:00:00,4,-51.5,-50.009986775867176,5.8,5.220359025432521
2020-10-29 09:00:00,8,-46.6,-43.8028422896894,3.6,5.26760378000483
2020-10-29 12:00:00,1,-46.2,-45.66845855838831,10.6,8.312329642581206
2020-10-29 12:00:00,2,-50.3,-47.26365747637912,7.6,6.601228113606462
2020-10-29 12:00:00,4,-52.7,-49.09979696883733,5.1,5.416763622522191
2020-10-29 12:00:00,8,-44.6,-42.77372190604088,3.7,5.708854233153032
2020-10-29 15:00:00,1,-50.3,-47.63117602497002,7.6,7.53254746568551
2020-10-29 15:00:00,2,-51.5,-49.010027949276356,5.8,6.36417777162035
2020-10-29 15:00:00,4,-52.4,-48.932574813383056,4.7,5.601771355274195
2020-10-29 15:00:00,8,-42.6,-45.02373121676028,3.9,5.294536646081933
2020-10-29 18:00:00,1,-51.5,-52.34063437723015,5.8,6.311689832407631
2020-10-29 18:00:00,2,-52.7,-52.65771483944315,5.1,5.426410092638372
2020-10-29 18:00:00,4,-48.6,-50.50406312455386,4.4,4.829915860045193
2020-10-29 18:00:00,8,-45.525,-49.33292947407919,4.1,4.146585160911565
2020-10-29 21:00:00,1,-52.7,-52.92492447471372,5.1,4.809557049808947
2020-10-29 21:00:00,2,-52.4,-50.41083606049275,4.7,4.2745643695623725
2020-10-29 21:00:00,4,-46.6,-46.8037818686722,3.6,4.441356495920355
2020-10-29 21:00:00,8,-48.45,-52.12310251966809,3.7,3.585782607145974
2020-10-30 00:00:00,1,-52.4,-53.50728705192455,4.7,4.492703596983846
2020-10-30 00:00:00,2,-48.6,-50.44306208838495,4.4,4.3201838190092
2020-10-30 00:00:00,4,-44.6,-48.6844238252611,3.7,4.515145412601367
2020-10-30 00:00:00,8,-51.375,-53.58815482213335,4.0,3.3576089354596137
2020-10-30 03:00:00,1,-48.6,-54.11690185857033,4.4,4.479216475723108
2020-10-30 03:00:00,2,-46.6,-51.814753043417134,3.6,4.436966593804813
2020-10-30 03:00:00,4,-42.6,-50.978051545396816,3.9,4.407163663460627
2020-10-30 03:00:00,8,-54.3,-52.651632144931426,3.6,3.418729515261059
2020-10-30 06:00:00,1,-46.6,-51.39036526164547,3.6,4.601216201640277
2020-10-30 06:00:00,2,-44.6,-50.68518608572794,3.7,4.37982001886877
2020-10-30 06:00:00,4,-45.525,-52.19971771291035,4.1,4.0238837950053465
2020-10-30 06:00:00,8,-51.3,-50.88286579939516,3.4,3.5335308362531497
2020-10-30 09:00:00,1,-44.6,-43.85624005903911,3.7,4.401943513129454
2020-10-30 09:00:00,2,-42.6,-44.73310993754912,3.9,4.234292558949933
2020-10-30 09:00:00,4,-48.45,-50.846487164048746,3.7,3.6844613313203896
2020-10-30 09:00:00,8,-48.3,-44.924036935815494,3.4,2.7864042949240444
2020-10-30 12:00:00,1,-42.6,-43.81203444131618,3.9,3.822417888341961
2020-10-30 12:00:00,2,-45.525,-46.12175671256013,4.1,3.456193752834256
2020-10-30 12:00:00,4,-51.375,-51.324660614890455,4.0,2.770094191097745
2020-10-30 12:00:00,8,-45.3,-43.0769685240948,2.8,3.2979977427552125
2020-10-30 15:00:00,1,-45.525,-44.642522789114324,4.1,3.427084411134917
2020-10-30 15:00:00,2,-48.45,-47.70261117634673,3.7,3.147106274712783
2020-10-30 15:00:00,4,-54.3,-50.38204502106901,3.6,2.693682988934444
2020-10-30 15:00:00,8,-42.3,-41.9677392379049,2.2,4.140808134826488
2020-10-30 18:00:00,1,-48.45,-47.9453180589904,3.7,3.6054384410566542
2020-10-30 18:00:00,2,-51.375,-49.92384241666021,4.0,3.3024575476008735
2020-10-30 18:00:00,4,-51.3,-48.008434305939865,3.4,2.8258501229336748
2020-10-30 18:00:00,8,-53.29175178959221,-45.67720327890047,3.3,4.13769626363256
2020-10-30 21:00:00,1,-51.375,-51.79956479249134,4.0,3.3573043440440467
2020-10-30 21:00:00,2,-54.3,-50.20137399414073,3.6,3.040557878120536
2020-10-30 21:00:00,4,-48.3,-43.740794905958175,3.4,2.8677649942849657
2020-10-30 21:00:00,8,-53.29175178959221,-48.95712912686202,3.6,4.19141291261864
2020-10-31 00:00:00,1,-54.3,-53.385218873620914,3.6,3.258689854000212
2020-10-31 00:00:00,2,-51.3,-49.53311094730795,3.4,3.148454421645158
2020-10-31 00:00:00,4,-45.3,-41.45950144226538,2.8,3.1188325665652625
2020-10-31 00:00:00,8,-53.29175178959221,-51.28412847146358,3.4,3.95321802673216
2020-10-31 03:00:00,1,-51.3,-51.691153620385116,3.4,3.1886831229080155
2020-10-31 03:00:00,2,-48.3,-48.01893488736396,3.4,3.1655790442398075
2020-10-31 03:00:00,4,-42.3,-42.68182272530381,2.2,2.685679739517595
2020-10-31 03:00:00,8,-53.29175178959221,-51.044597016806826,3.7,3.4767469817049026
2020-10-31 06:00:00,1,-48.3,-48.2944130370238,3.4,3.215849104725838
2020-10-31 06:00:00,2,-45.3,-47.12643229888012,2.8,3.1045322595401816
2020-10-31 06:00:00,4,-53.29175178959221,-49.85734251693779,3.3,3.526107120325812
2020-10-31 06:00:00,8,-53.29175178959221,-50.51933666478432,3.4,4.165295631713092
2020-10-31 09:00:00,1,-45.3,-45.30325678072984,2.8,3.101072580940785
2020-10-31 09:00:00,2,-42.3,-46.74449508448306,2.2,3.2812745409871877
2020-10-31 09:00:00,4,-53.29175178959221,-53.13115599475311,3.6,3.669969018398161
2020-10-31 09:00:00,8,-53.29175178959221,-47.77576904558984,2.3,3.9553940224729534
2020-10-31 12:00:00,1,-42.3,-44.97724665440688,2.2,2.767569374868437
2020-10-31 12:00:00,2,-53.29175178959221,-47.893306173294405,3.3,3.25290221720324
2020-10-31 12:00:00,4,-53.29175178959221,-53.87299624240502,3.4,3.7380657013789715
2020-10-31 12:00:00,8,-53.29175178959221,-44.26544787564635,1.3000000000000003,3.523536555398989
2020-10-31 15:00:00,1,-53.29175178959221,-48.53409705776513,3.3,2.784826231460567
2020-10-31 15:00:00,2,-53.29175178959221,-51.77225618385394,3.6,3.476967227291935
2020-10-31 15:00:00,4,-53.29175178959221,-55.34025345802405,3.7,3.2561856993330105
2020-10-31 15:00:00,8,-42.3,-46.39025140637716,3.1,2.4895519807000692
2020-10-31 18:00:00,1,-53.29175178959221,-52.773554601909886,3.6,3.304781266845707
2020-10-31 18:00:00,2,-53.29175178959221,-53.85143507016257,3.4,3.196811274800307
2020-10-31 18:00:00,4,-53.29175178959221,-51.60100237504909,3.4,2.6688664000186266
2020-10-31 18:00:00,8,-45.63333333333333,-47.3120769441404,2.9,3.8000610650599174
2020-10-31 21:00:00,1,-53.29175178959221,-52.24271811260274,3.4,3.1207719274347587
2020-10-31 21:00:00,2,-53.29175178959221,-51.68426995392938,3.7,2.6513055118726134
2020-10-31 21:00:00,4,-53.29175178959221,-48.02177149976047,2.3,1.7354320504621399
2020-10-31 21:00:00,8,-48.96666666666666,-51.41972531672583,4.0,3.8739956790788783
2020-11-01 00:00:00,1,-53.29175178959221,-52.29801723903299,3.7,2.7868920677502333
2020-11-01 00:00:00,2,-53.29175178959221,-49.202152059937134,3.4,2.3754186846684853
2020-11-01 00:00:00,4,-53.29175178959221,-44.082019851680926,1.3000000000000003,1.538934249732311
2020-11-01 00:00:00,8,-52.3,-51.58510325983431,4.6,3.32447653434742
2020-11-01 03:00:00,1,-53.29175178959221,-51.24524231254771,3.4,2.797633733958449
2020-11-01 03:00:00,2,-53.29175178959221,-47.76408972454657,2.3,2.3804683171271006
2020-11-01 03:00:00,4,-42.3,-44.748241178834114,3.1,1.67067343612518
2020-11-01 03:00:00,8,-50.3,-51.233039007159675,2.9,3.155823401095464
2020-11-01 06:00:00,1,-53.29175178959221,-50.87297746368708,2.3,2.5631116206919016
2020-11-01 06:00:00,2,-53.29175178959221,-47.32002154830349,1.3000000000000003,1.998551258648271
2020-11-01 06:00:00,4,-45.63333333333333,-47.34376493791853,2.9,2.0629343924165795
2020-11-01 06:00:00,8,-48.1,-50.1462933146043,3.4,3.083277030769404
2020-11-01 09:00:00,1,-53.29175178959221,-50.60793378948553,1.3000000000000003,1.684350057235533
2020-11-01 09:00:00,2,-42.3,-49.905079670261806,3.1,1.7580489694860018
2020-11-01 09:00:00,4,-48.96666666666666,-53.42594744363011,4.0,2.8038413736579013
2020-11-01 09:00:00,8,-45.9,-48.065869402585434,2.9,3.409373000176449
2020-11-01 12:00:00,1,-42.3,-51.880432652762764,3.1,1.5253531783491696
2020-11-01 12:00:00,2,-45.63333333333333,-53.45110814875454,2.9,2.336063607571642
2020-11-01 12:00:00,4,-52.3,-55.55044881425835,4.6,3.5931903136951893
2020-11-01 12:00:00,8,-44.8,-44.5815050012974,2.9,3.8943183382464586
2020-11-01 15:00:00,1,-45.63333333333333,-48.47581501220615,2.9,3.349459722104014
2020-11-01 15:00:00,2,-48.96666666666666,-50.83905357521262,4.0,3.4775796493228057
2020-11-01 15:00:00,4,-50.3,-50.501728160971446,2.9,3.152561486970525
2020-11-01 15:00:00,8,-45.7,-43.3255860366076,2.5,2.801336179247574
2020-11-01 18:00:00,1,-48.96666666666666,-48.875327767495804,4.0,3.5644301857205467
2020-11-01 18:00:00,2,-52.3,-50.080875427243186,4.6,3.4823119068574284
2020-11-01 18:00:00,4,-48.1,-47.37875931073846,3.4,2.8294071108255716
2020-11-01 18:00:00,8,-49.1,-44.77737319535123,3.1,3.21466952948017
2020-11-01 21:00:00,1,-52.3,-53.23023532810317,4.6,3.3874363664174467
2020-11-01 21:00:00,2,-50.3,-51.54439378310135,2.9,2.920749077589037
2020-11-01 21:00:00,4,-45.9,-44.85023529893807,2.9,2.5059239359122873
2020-11-01 21:00:00,8,-50.45,-47.606966471214626,3.9,3.625356916746805
2020-11-02 00:00:00,1,-50.3,-51.50290139198043,2.9,3.492204616138777
2020-11-02 00:00:00,2,-48.1,-47.883663708549065,3.4,2.979537486900246
2020-11-02 00:00:00,4,-44.8,-41.3045029463521,2.9,2.1061457967851
2020-11-02 00:00:00,8,-51.8,-49.6968496606022,4.0,3.124244456192782
2020-11-02 03:00:00,1,-48.1,-46.72266966850264,3.4,2.9353584282630676
2020-11-02 03:00:00,2,-45.9,-43.0222954679933,2.9,2.8602516505007167
2020-11-02 03:00:00,4,-45.7,-40.76414449609013,2.5,2.7075751301326254
2020-11-02 03:00:00,8,-48.5,-48.4137971690155,3.0,2.7474213925459154
2020-11-02 06:00:00,1,-45.9,-45.18853717214555,2.9,3.1447463510791236
2020-11-02 06:00:00,2,-44.8,-43.4050349602424,2.9,3.027674767635385
2020-11-02 06:00:00,4,-49.1,-44.63781431514654,3.1,2.8790287715025866
2020-11-02 06:00:00,8,-45.199999999999996,-45.77494067915719,3.0,2.751438373460499
2020-11-02 09:00:00,1,-44.8,-45.19539201856169,2.9,2.7335277583832465
2020-11-02 09:00:00,2,-45.7,-45.80266771874437,2.5,2.7176999354066274
2020-11-02 09:00:00,4,-50.45,-49.766453298463055,3.9,3.155433364123058
2020-11-02 09:00:00,8,-41.9,-44.3715056213323,2.3,2.9543622665864238
2020-11-02 12:00:00,1,-45.7,-46.4380991566031,2.5,2.748169581034884
2020-11-02 12:00:00,2,-49.1,-49.82920479178648,3.1,2.8518751066417876
2020-11-02 12:00:00,4,-51.8,-54.76994234061768,4.0,3.158342778668424
2020-11-02 12:00:00,8,-42.5,-46.553494595115744,2.2,3.0363058619394634
2020-11-02 15:00:00,1,-49.1,-49.32600834157199,3.1,2.3639173128166817
2020-11-02 15:00:00,2,-50.45,-52.734242852065655,3.9,2.572795094999314
2020-11-02 15:00:00,4,-48.5,-54.2881348629091,3.0,2.6223807112479833
2020-11-02 15:00:00,8,-45.9,-47.89955832063266,3.4,3.2798257522522953
2020-11-02 18:00:00,1,-50.45,-51.953316551504535,3.9,2.7851881687085087
2020-11-02 18:00:00,2,-51.8,-53.241456725736164,4.0,2.5203357353925018
2020-11-02 18:00:00,4,-45.199999999999996,-49.869845190487055,3.0,2.549245713012575
2020-11-02 18:00:00,8,-49.3,-47.996823072240126,3.9,3.522005093755591
2020-11-02 21:00:00,1,-51.8,-53.014048015450534,4.0,3.048233261871858
2020-11-02 21:00:00,2,-48.5,-52.63294072813101,3.0,2.225411584804365
2020-11-02 21:00:00,4,-41.9,-47.87890119700705,2.3,1.95950575840198
2020-11-02 21:00:00,8,-52.7,-49.27513052443381,4.3,3.947862949735413
2020-11-03 00:00:00,1,-48.5,-50.66287217007649,3.0,3.0076826401413452
2020-11-03 00:00:00,2,-45.199999999999996,-48.79978431947574,3.0,2.332040281557986
2020-11-03 00:00:00,4,-42.5,-45.2262128893987,2.2,2.338962944606716
2020-11-03 00:00:00,8,-56.1,-50.34284238209341,5.1,3.1031729686943095
2020-11-03 03:00:00,1,-45.199999999999996,-44.930161914729055,3.0,3.102499535070045
2020-11-03 03:00:00,2,-41.9,-42.34339908742907,2.3,2.8791086451026775
2020-11-03 03:00:00,4,-45.9,-43.40492184158702,3.4,2.6669494336164457
2020-11-03 03:00:00,8,-52.6,-50.774293505255116,5.4,2.2415223778715596
2020-11-03 06:00:00,1,-41.9,-40.51091505674218,2.3,3.1016716862616267
2020-11-03 06:00:00,2,-42.5,-40.488730831268875,2.2,2.9390904662411454
2020-11-03 06:00:00,4,-49.3,-47.18116587706476,3.9,3.0074872750741
2020-11-03 06:00:00,8,-50.75,-50.51245876233651,4.5,2.235277094138954
2020-11-03 09:00:00,1,-42.5,-43.25028863967553,2.2,1.8620395979898918
2020-11-03 09:00:00,2,-45.9,-45.73111836796079,3.4,2.1477202722331996
2020-11-03 09:00:00,4,-52.7,-53.46720603217986,4.3,2.3446433545613763
2020-11-03 09:00:00,8,-48.9,-48.517712144758036,5.2,2.267899861159246
2020-11-03 12:00:00,1,-45.9,-46.394276845406694,3.4,2.5242499683582365
2020-11-03 12:00:00,2,-49.3,-50.158262817421175,3.9,2.65999456519091
2020-11-03 12:00:00,4,-56.1,-55.39728075110945,5.1,2.3802201651011843
2020-11-03 12:00:00,8,-47.4,-46.80097011355984,5.2,3.850904930450739
2020-11-03 15:00:00,1,-49.3,-50.47996056519544,3.9,3.3883150026785263
2020-11-03 15:00:00,2,-52.7,-53.78342373948899,4.3,2.879594658363578
2020-11-03 15:00:00,4,-52.6,-56.015205455920096,5.4,2.504710262424124
2020-11-03 15:00:00,8,-48.3,-48.96698918290627,5.0,4.4773097467917
2020-11-03 18:00:00,1,-52.7,-55.32987734314593,4.3,3.2493599456755784
2020-11-03 18:00:00,2,-56.1,-55.79185519261559,5.1,2.5036844891807677
2020-11-03 18:00:00,4,-50.75,-52.997048515099216,4.5,2.4375352850638548
2020-11-03 18:00:00,8,-50.93333333333333,-51.407907479367296,4.9,4.379029387532223
2020-11-03 21:00:00,1,-56.1,-57.66345846428853,5.1,3.336617081620511
2020-11-03 21:00:00,2,-52.6,-55.97220487610247,5.4,2.916667099399079
2020-11-03 21:00:00,4,-48.9,-50.192238762092146,5.2,3.4415803631580846
2020-11-03 21:00:00,8,-53.56666666666667,-54.3381073705537,4.9,4.5691561755915195
2020-11-04 00:00:00,1,-52.6,-54.850153374174354,5.4,4.2382972229074936
2020-11-04 00:00:00,2,-50.75,-51.49329855478952,4.5,4.088032373388608
2020-11-04 00:00:00,4,-47.4,-46.70723761805444,5.2,4.334746247942189
2020-11-04 00:00:00,8,-56.2,-54.69365623620247,4.7,4.611028710735553
2020-11-04 03:00:00,1,-50.75,-48.77325187052951,4.5,5.289417057573037
2020-11-04 03:00:00,2,-48.9,-45.64881121689979,5.2,5.347649284292425
2020-11-04 03:00:00,4,-48.3,-46.00977788974071,5.0,5.286040291822867
2020-11-04 03:00:00,8,-52.7,-51.73975546495941,4.5,4.309304426826996
2020-11-04 06:00:00,1,-48.9,-47.532207288521874,5.2,5.0784426200481
2020-11-04 06:00:00,2,-47.4,-46.61818405597625,5.2,5.098516274067199
2020-11-04 06:00:00,4,-50.93333333333333,-51.19665586868207,4.9,4.532160302306172
2020-11-04 06:00:00,8,-50.400000000000006,-47.289916495199755,4.3,4.085875946146635
2020-11-04 09:00:00,1,-47.4,-48.77324502577011,5.2,4.871309793430604
2020-11-04 09:00:00,2,-48.3,-49.82902538704004,5.0,4.578462889646433
2020-11-04 09:00:00,4,-53.56666666666667,-55.584701791559866,4.9,3.6027045298188307
2020-11-04 09:00:00,8,-48.1,-48.063362059141234,5.0,4.326697089867345
2020-11-04 12:00:00,1,-48.3,-50.15666294497351,5.0,4.732752878064424
2020-11-04 12:00:00,2,-50.93333333333333,-52.74934743481403,4.9,4.422783591132336
2020-11-04 12:00:00,4,-56.2,-56.86736142998192,4.7,3.9887427434753797
2020-11-04 12:00:00,8,-46.8,-47.892993836115366,4.0,4.482763972626476
2020-11-04 15:00:00,1,-50.93333333333333,-53.07923327105459,4.9,4.656009811223576
2020-11-04 15:00:00,2,-53.56666666666667,-56.197350267622845,4.9,4.234588805760417
2020-11-04 15:00:00,4,-52.7,-57.9330155368149,4.5,4.283837438596153
2020-11-04 15:00:00,8,-47.2,-48.439035598184205,4.2,4.67977204729013
2020-11-04 18:00:00,1,-53.56666666666667,-56.59322125065998,4.9,4.791485887729109
2020-11-04 18:00:00,2,-56.2,-57.61922870978244,4.7,4.2881531190485935
2020-11-04 18:00:00,4,-50.400000000000006,-54.77877226037187,4.3,4.120894761209173
2020-11-04 18:00:00,8,-51.4,-51.586382599404175,4.3,5.3600363040063845
2020-11-04 21:00:00,1,-56.2,-57.948337350611666,4.7,5.1303361461140815
2020-11-04 21:00:00,2,-52.7,-56.398125433667126,4.5,4.7992743635403725
2020-11-04 21:00:00,4,-48.1,-51.356521348780866,5.0,4.005844545041432
2020-11-04 21:00:00,8,-52.95,-53.639154764189286,5.3,4.689091344902868
2020-11-05 00:00:00,1,-52.7,-55.57986056528473,4.5,5.210165597112246
2020-11-05 00:00:00,2,-50.400000000000006,-53.09855237931099,4.3,5.110306427907048
2020-11-05 00:00:00,4,-46.8,-49.10232520681024,4.0,4.024053166494458
2020-11-05 00:00:00,8,-54.5,-53.502094941667416,5.3,4.017641870442838
2020-11-05 03:00:00,1,-50.400000000000006,-50.4140894827118,4.3,4.58111770042649
2020-11-05 03:00:00,2,-48.1,-47.52804963756073,5.0,4.446706214240994
2020-11-05 03:00:00,4,-47.2,-47.65015185953612,4.2,4.441300083190785
2020-11-05 03:00:00,8,-52.3,-52.050262391361436,5.4,4.061183326603456
2020-11-05 06:00:00,1,-48.1,-47.396210565210325,5.0,4.782772733698367
2020-11-05 06:00:00,2,-46.8,-46.7043336388154,4.0,4.602881923447246
2020-11-05 06:00:00,4,-51.4,-51.13694993304217,4.3,4.8883887739680585
2020-11-05 06:00:00,8,-49.8,-49.28408707223695,5.6,4.895208742388101
2020-11-05 09:00:00,1,-46.8,-48.84424607530052,4.0,4.210774209296475
2020-11-05 09:00:00,2,-47.2,-50.521054339143795,4.2,4.252480972062215
2020-11-05 09:00:00,4,-52.95,-54.55606000069376,5.3,4.667316457850058
2020-11-05 09:00:00,8,-47.3,-48.1897393737391,6.0,4.680545936096351
2020-11-05 12:00:00,1,-47.2,-49.795684924242,4.2,3.4782024887799894
2020-11-05 12:00:00,2,-51.4,-52.10972799488996,4.3,3.5549198353085254
2020-11-05 12:00:00,4,-54.5,-56.08534982977373,5.3,3.556148151845704
2020-11-05 12:00:00,8,-44.8,-47.57212232285105,5.2,3.727410520470721
2020-11-05 15:00:00,1,-51.4,-50.969587279894895,4.3,3.8702832362597017
2020-11-05 15:00:00,2,-52.95,-53.607010333034175,5.3,3.63287924164555
2020-11-05 15:00:00,4,-52.3,-54.70844559976784,5.4,3.449531785379147
2020-11-05 15:00:00,8,-42.3,-47.63169838818756,5.2,4.122977180068685
2020-11-05 18:00:00,1,-52.95,-56.502722723846915,5.3,4.065781977146472
2020-11-05 18:00:00,2,-54.5,-57.68390520162514,5.3,3.797551205135566
2020-11-05 18:00:00,4,-49.8,-53.97711277829943,5.6,4.440213205043754
2020-11-05 18:00:00,8,-45.1,-53.21083944146007,6.2,5.231580253162243
2020-11-05 21:00:00,1,-54.5,-57.26442123965209,5.3,4.138634058611464
2020-11-05 21:00:00,2,-52.3,-55.94871077982986,5.4,3.433045871654383
2020-11-05 21:00:00,4,-47.3,-50.47056487203908,6.0,2.764427217823474
2020-11-05 21:00:00,8,-47.25,-53.74038371224216,5.4,3.6466308242362286
2020-11-06 00:00:00,1,-52.3,-53.67786620161515,5.4,4.541244458012101
2020-11-06 00:00:00,2,-49.8,-49.69096226689,5.6,4.196612001486504
2020-11-06 00:00:00,4,-44.8,-43.87667274660642,5.2,4.5828731067430395
2020-11-06 00:00:00,8,-49.4,-53.2892812848365,5.9,5.708471181121621
2020-11-06 03:00:00,1,-49.8,-50.11387311169537,5.6,4.9161535411857615
2020-11-06 03:00:00,2,-47.3,-46.11247521881063,6.0,4.959050569889305
2020-11-06 03:00:00,4,-42.3,-44.69872546881699,5.2,5.747127444197909
2020-11-06 03:00:00,8,-47.7,-51.732410497745015,4.4,6.4711883473618546
2020-11-06 06:00:00,1,-47.3,-47.151244551713404,6.0,5.772785105321893
2020-11-06 06:00:00,2,-44.8,-45.02356478103166,5.2,5.597608543721261
2020-11-06 06:00:00,4,-45.1,-48.059228905213736,6.2,6.057381034224581
2020-11-06 06:00:00,8,-44.800000000000004,-48.649146295552214,5.1,6.7529653460311625
2020-11-06 09:00:00,1,-44.8,-44.147145215640215,5.2,5.626040559424636
2020-11-06 09:00:00,2,-42.3,-44.623131945978145,5.2,5.12326930535197
2020-11-06 09:00:00,4,-47.25,-50.505594729532746,5.4,5.814093513170224
2020-11-06 09:00:00,8,-41.9,-46.56692185156005,5.7,6.367432860764774
2020-11-06 12:00:00,1,-42.3,-42.55405556429679,5.2,4.6811890838695795
2020-11-06 12:00:00,2,-45.1,-45.05823889116166,6.2,4.345982458636949
2020-11-06 12:00:00,4,-49.4,-51.79035877122051,5.9,5.124912419410982
2020-11-06 12:00:00,8,-39.0,-43.8637361513361,4.8,5.774175268540564
2020-11-06 15:00:00,1,-45.1,-45.1741386803671,6.2,4.346724515307486
2020-11-06 15:00:00,2,-47.25,-49.41855381169683,5.4,3.9179913430247932
2020-11-06 15:00:00,4,-47.7,-53.6632436340289,4.4,3.948967290234934
2020-11-06 15:00:00,8,-41.2,-46.26666819461741,4.9,4.540374379636745
2020-11-06 18:00:00,1,-47.25,-47.58476135121262,5.4,5.8924792675088025
2020-11-06 18:00:00,2,-49.4,-50.19406937498176,5.9,5.477522371716015
2020-11-06 18:00:00,4,-44.800000000000004,-48.43010246666323,5.1,5.564957410375703
2020-11-06 18:00:00,8,-43.300000000000004,-46.367492941615055,5.2,5.7995322039606005
2020-11-06 21:00:00,1,-49.4,-50.64226566164542,5.9,5.859280429476907
2020-11-06 21:00:00,2,-47.7,-49.57796105316618,4.4,5.800152637345553
2020-11-06 21:00:00,4,-41.9,-44.792426622529334,5.7,5.911108904947354
2020-11-06 21:00:00,8,-45.400000000000006,-49.760764763024014,5.0,6.246588049519146
2020-11-07 00:00:00,1,-47.7,-48.58768575987711,4.4,6.097001965640552
2020-11-07 00:00:00,2,-44.800000000000004,-46.25827507858823,5.1,6.130306164309149
2020-11-07 00:00:00,4,-39.0,-42.76214417563716,4.8,5.861514117631117
2020-11-07 00:00:00,8,-47.5,-51.039143004439936,4.5,5.843699425522198
2020-11-07 03:00:00,1,-44.800000000000004,-46.14404180817199,5.1,4.785776791528221
2020-11-07 03:00:00,2,-41.9,-43.63746497701929,5.7,4.990333614562545
2020-11-07 03:00:00,4,-41.2,-43.82835595023617,4.9,5.198813308428569
2020-11-07 03:00:00,8,-49.6,-50.28582445552088,4.4,5.429596078855081
2020-11-07 06:00:00,1,-41.9,-41.5815391794022,5.7,5.137181281649773
2020-11-07 06:00:00,2,-39.0,-40.60153246621854,4.8,5.292619039837828
2020-11-07 06:00:00,4,-43.300000000000004,-45.095331002613136,5.2,5.90280333022175
2020-11-07 06:00:00,8,-47.4,-46.95958984744742,4.6,5.434290172484988
2020-11-07 09:00:00,1,-39.0,-38.66881810185052,4.8,5.972314263803636
2020-11-07 09:00:00,2,-41.2,-40.32547179150852,4.9,5.409508881515272
2020-11-07 09:00:00,4,-45.400000000000006,-47.674654657194324,5.0,5.716341663339387
2020-11-07 09:00:00,8,-45.2,-43.34194645258104,4.5,5.733034712556776
2020-11-07 12:00:00,1,-41.2,-41.124420928982914,4.9,4.364299799896774
2020-11-07 12:00:00,2,-43.300000000000004,-44.91336271365287,5.2,4.23543297053788
2020-11-07 12:00:00,4,-47.5,-51.54622979974839,4.5,4.644825907606046
2020-11-07 12:00:00,8,-43.0,-43.3625506193839,5.2,5.073946877414414
2020-11-07 15:00:00,1,-43.300000000000004,-45.33145718946726,5.2,4.777080699948768
2020-11-07 15:00:00,2,-45.400000000000006,-48.66570124679288,5.0,4.566939229967636
2020-11-07 15:00:00,4,-49.6,-50.72336759467587,4.4,4.481043970896348
2020-11-07 15:00:00,8,-43.0,-44.36789158836789,4.0,4.634388699512997
2020-11-07 18:00:00,1,-45.400000000000006,-48.18671182858032,5.0,4.929640555806179
2020-11-07 18:00:00,2,-47.5,-50.05121420274912,4.5,4.514443612651837
2020-11-07 18:00:00,4,-47.4,-49.03296942128985,4.6,4.402941666529788
2020-11-07 18:00:00,8,-45.3,-48.01934377167562,4.1,5.39399719376892
2020-11-07 21:00:00,1,-47.5,-49.93710161624867,4.5,4.954535845278561
2020-11-07 21:00:00,2,-49.6,-49.26112002243832,4.4,4.492234379573432
2020-11-07 21:00:00,4,-45.2,-45.66344603300286,4.5,4.430878871145818
2020-11-07 21:00:00,8,-45.2,-50.00563657101653,6.0,5.373827883382289
2020-11-08 00:00:00,1,-49.6,-50.78600254696421,4.4,4.472215112117812
2020-11-08 00:00:00,2,-47.4,-48.166979107724515,4.6,4.196511226383586
2020-11-08 00:00:00,4,-43.0,-44.29574350126186,5.2,4.296475382984363
2020-11-08 00:00:00,8,-45.6,-52.007842895592006,6.1,5.026210830885338
2020-11-08 03:00:00,1,-47.4,-49.01642888006897,4.6,4.340452784775384
2020-11-08 03:00:00,2,-45.2,-46.58407085586674,4.5,4.13240471760678
2020-11-08 03:00:00,4,-43.0,-44.51542713502971,4.0,4.147223616510689
2020-11-08 03:00:00,8,-44.6,-51.23680524595816,6.2,4.886711854927433
2020-11-08 06:00:00,1,-45.2,-46.59580529523572,4.5,4.13448287085347
2020-11-08 06:00:00,2,-43.0,-45.23003010364221,5.2,3.6114898060313623
2020-11-08 06:00:00,4,-45.3,-48.41017629129169,4.1,4.210952831833394
2020-11-08 06:00:00,8,-42.1,-49.32133697340518,6.2,4.686424057205308
2020-11-08 09:00:00,1,-43.0,-41.84286416787059,5.2,4.873973668637907
2020-11-08 09:00:00,2,-43.0,-43.29237958699365,4.0,4.722635804213662
2020-11-08 09:00:00,4,-45.2,-50.80304653825164,6.0,5.060361753699092
2020-11-08 09:00:00,8,-40.6,-44.848225101176766,7.199999999999999,5.796251521139245
2020-11-08 12:00:00,1,-43.0,-43.69325625065683,4.0,4.297428107608145
2020-11-08 12:00:00,2,-45.3,-47.62364318712255,4.1,4.041704938853659
2020-11-08 12:00:00,4,-45.6,-53.27384437100662,6.1,4.329290209221964
2020-11-08 12:00:00,8,-39.5,-42.70230512743941,7.4,5.353808189365386
2020-11-08 15:00:00,1,-45.3,-47.01749723249175,4.1,4.097646744768305
2020-11-08 15:00:00,2,-45.2,-50.44686363173193,6.0,4.121456755698464
2020-11-08 15:00:00,4,-44.6,-52.650473759465214,6.2,4.767826879492846
2020-11-08 15:00:00,8,-39.8,-42.95638475795523,7.699999999999999,4.275400589635954
2020-11-08 18:00:00,1,-45.2,-48.799210440437434,6.0,4.176919746573846
2020-11-08 18:00:00,2,-45.6,-50.75444910674591,6.1,4.140554917385345
2020-11-08 18:00:00,4,-42.1,-49.3060018303401,6.2,4.622752640936341
2020-11-08 18:00:00,8,-42.0,-45.11686389519174,7.6,3.9010761886797813
2020-11-08 21:00:00,1,-45.6,-47.86567460008837,6.1,4.843647934122231
2020-11-08 21:00:00,2,-44.6,-48.61799939801736,6.2,4.375217795875016
2020-11-08 21:00:00,4,-40.6,-44.2522756765524,7.199999999999999,3.9407309783975264
2020-11-08 21:00:00,8,-44.3,-46.113285061923065,6.2,3.7422870584678862
2020-11-09 00:00:00,1,-44.6,-45.6856280969732,6.2,5.231414640744432
2020-11-09 00:00:00,2,-42.1,-43.89182488242011,6.2,4.557658002949332
2020-11-09 00:00:00,4,-39.5,-39.17304054547436,7.4,3.874753731797498
2020-11-09 00:00:00,8,-46.6,-49.71204178422082,5.7,4.44780375642008
2020-11-09 03:00:00,1,-42.1,-41.38716530440104,6.2,5.197290058089854
2020-11-09 03:00:00,2,-40.6,-38.624857454464085,7.199999999999999,4.705194353226663
2020-11-09 03:00:00,4,-39.8,-36.37085945026563,7.699999999999999,3.825707502290163
2020-11-09 03:00:00,8,-45.4,-47.3755480378273,4.4,4.210730380124729
2020-11-09 06:00:00,1,-40.6,-38.235602471765,7.199999999999999,5.2441879116994174
2020-11-09 06:00:00,2,-39.5,-36.54367737665652,7.4,4.587421636335398
2020-11-09 06:00:00,4,-42.0,-38.715662194197776,7.6,4.031268263962212
2020-11-09 06:00:00,8,-43.8,-45.34613379462774,5.5,4.295539827452191
2020-11-09 09:00:00,1,-39.5,-38.19501232800845,7.4,5.748231384796228
2020-11-09 09:00:00,2,-39.8,-39.45688335137428,7.699999999999999,4.502752740950418
2020-11-09 09:00:00,4,-44.3,-44.56349752006147,6.2,4.172372283384695
2020-11-09 09:00:00,8,-41.1,-40.65660828237329,6.1,4.1697411467558
2020-11-09 12:00:00,1,-39.8,-40.06756413923435,7.699999999999999,5.375292694825344
2020-11-09 12:00:00,2,-42.0,-43.050633492419756,7.6,4.143184827650553
2020-11-09 12:00:00,4,-46.6,-48.10521199887829,5.7,3.9946691993096257
2020-11-09 12:00:00,8,-39.5,-40.028159940106875,6.1,4.053994435994476
2020-11-09 15:00:00,1,-42.0,-42.875688647107225,7.6,4.968657903007845
2020-11-09 15:00:00,2,-44.3,-46.56192697844887,6.2,3.8907945154942523
2020-11-09 15:00:00,4,-45.4,-49.268147789092,4.4,3.852749568055508
2020-11-09 15:00:00,8,-39.7,-39.38760862221523,4.3,4.272381068959621
2020-11-09 18:00:00,1,-44.3,-45.56577924184313,6.2,5.0877918835909135
2020-11-09 18:00:00,2,-46.6,-48.16370875373221,5.7,4.1480630357938875
2020-11-09 18:00:00,4,-43.8,-46.994644021849496,5.5,4.2379990565712395
2020-11-09 18:00:00,8,-43.8,-43.08231247993552,4.1,4.429273934321563
2020-11-09 21:00:00,1,-46.6,-47.816630097718516,5.7,5.426702926958599
2020-11-09 21:00:00,2,-45.4,-47.489764376470276,4.4,4.501983224397341
2020-11-09 21:00:00,4,-41.1,-43.98897867687516,6.1,4.512502865458174
2020-11-09 21:00:00,8,-45.4,-50.805662677345296,3.9,4.6481764398373615
2020-11-10 00:00:00,1,-45.4,-45.53451238089349,4.4,4.932971572858834
2020-11-10 00:00:00,2,-43.8,-43.63077512532979,5.5,4.368919191982136
2020-11-10 00:00:00,4,-39.5,-41.0111740244216,6.1,4.92778416110607
2020-11-10 00:00:00,8,-47.0,-52.68996522927507,3.5,4.9363460991622725
2020-11-10 03:00:00,1,-43.8,-43.16888355585365,5.5,4.338100939146006
2020-11-10 03:00:00,2,-41.1,-40.54425624004121,6.1,4.35368093001767
2020-11-10 03:00:00,4,-39.7,-39.93323825771795,4.3,5.172067276193068
2020-11-10 03:00:00,8,-48.6,-49.73375930517803,3.5,4.5981421877601445
2020-11-10 06:00:00,1,-41.1,-40.30288552648295,6.1,4.99767494750975
2020-11-10 06:00:00,2,-39.5,-39.03777080766143,6.1,4.845216080035898
2020-11-10 06:00:00,4,-43.8,-41.71409046698093,4.1,5.072720087166823
2020-11-10 06:00:00,8,-45.8,-44.622410003986445,2.6,4.354869809631306
2020-11-10 09:00:00,1,-39.5,-38.11091833449296,6.1,5.4474338052732385
2020-11-10 09:00:00,2,-39.7,-39.093523174245526,4.3,4.501838940043638
2020-11-10 09:00:00,4,-45.4,-43.578784494413,3.9,4.269466802279671
2020-11-10 09:00:00,8,-43.0,-38.71084780658451,2.4,4.781756984645143
2020-11-10 12:00:00,1,-39.7,-38.88838501445803,4.3,4.703314924217315
2020-11-10 12:00:00,2,-43.8,-42.04508501915073,4.1,3.4060090312647446
2020-11-10 12:00:00,4,-47.0,-46.80293528000929,3.5,3.8035039478088275
2020-11-10 12:00:00,8,-40.2,-36.41246405941569,2.4,5.630159648446145
2020-11-10 15:00:00,1,-43.8,-42.849469616091525,4.1,3.23749405054806
2020-11-10 15:00:00,2,-45.4,-46.44842105378174,3.9,2.8006972437670075
2020-11-10 15:00:00,4,-48.6,-48.4446890092,3.5,3.644666896102886
2020-11-10 15:00:00,8,-37.4,-39.584439405591326,2.8,4.476028463340309
2020-11-10 18:00:00,1,-45.4,-46.584827742156435,3.9,3.46177182807131
2020-11-10 18:00:00,2,-47.0,-48.61131783208924,3.5,3.1938098296583073
2020-11-10 18:00:00,4,-45.8,-46.65238047395007,2.6,3.644725334998547
2020-11-10 18:00:00,8,-40.45,-42.017814777191035,3.5,3.627015946873659
2020-11-10 21:00:00,1,-47.0,-48.386078775440204,3.5,3.566060109704911
2020-11-10 21:00:00,2,-48.6,-48.30525837817147,3.5,3.145159449020849
2020-11-10 21:00:00,4,-43.0,-43.884177484915284,2.4,3.6871439752241093
2020-11-10 21:00:00,8,-43.5,-44.45016919888832,3.7,4.217505346329499
2020-11-11 00:00:00,1,-48.6,-48.08711697677211,3.5,3.160647169355158
2020-11-11 00:00:00,2,-45.8,-45.90012052111015,2.6,3.1202277951991597
2020-11-11 00:00:00,4,-40.2,-40.5200546117967,2.4,4.228996693991172
2020-11-11 00:00:00,8,-46.55,-47.917077302197555,4.0,4.324294163524424
2020-11-11 03:00:00,1,-45.8,-43.92024216195543,2.6,3.561929696814364
2020-11-11 03:00:00,2,-43.0,-41.12659468046888,2.4,3.7880611763696295
2020-11-11 03:00:00,4,-37.4,-37.88613499471991,2.8,3.9641090693693837
2020-11-11 03:00:00,8,-49.6,-45.276187558546276,3.4,3.444714348888486
2020-11-11 06:00:00,1,-43.0,-40.45917371916782,2.4,3.9655713214447457
2020-11-11 06:00:00,2,-40.2,-37.085873104442264,2.4,4.665204659582235
2020-11-11 06:00:00,4,-40.45,-39.5445553528047,3.5,4.476684194671361
2020-11-11 06:00:00,8,-46.825,-44.73876659081937,3.1,4.37423291919459
2020-11-11 09:00:00,1,-40.2,-37.44976212929747,2.4,3.3275969367669913
2020-11-11 09:00:00,2,-37.4,-36.02988812089126,2.8,3.5650216862535293
2020-11-11 09:00:00,4,-43.5,-41.84050524763026,3.7,4.7669392054646
2020-11-11 09:00:00,8,-44.05,-43.079936267671435,3.4,4.617188255650437
2020-11-11 12:00:00,1,-37.4,-36.63940890215788,2.8,2.653818704306981
2020-11-11 12:00:00,2,-40.45,-37.95489960917825,3.5,2.8053116770774644
2020-11-11 12:00:00,4,-46.55,-43.78076541886357,4.0,4.444572661347779
2020-11-11 12:00:00,8,-41.275,-40.67305948147144,3.4,4.97122889449595
2020-11-11 15:00:00,1,-40.45,-38.22169824366549,3.5,2.6769602937079418
2020-11-11 15:00:00,2,-43.5,-41.17443522568492,3.7,2.7659845397446046
2020-11-11 15:00:00,4,-49.6,-44.00840482455984,3.4,3.7089409368232733
2020-11-11 15:00:00,8,-38.5,-38.79560898401648,3.5,3.871034650618367
2020-11-11 18:00:00,1,-43.5,-43.251055252728584,3.7,3.499774585933237
2020-11-11 18:00:00,2,-46.55,-45.82844652365536,4.0,3.3752019756622724
2020-11-11 18:00:00,4,-46.825,-44.55908517200046,3.1,3.254162519171563
2020-11-11 18:00:00,8,-42.0,-38.731687577211005,3.0,3.4195430209463638
2020-11-11 21:00:00,1,-46.55,-46.81486857765143,4.0,3.692428682939334
2020-11-11 21:00:00,2,-49.6,-46.81618277145667,3.4,3.199460966844977
2020-11-11 21:00:00,4,-44.05,-41.473823560938925,3.4,3.432665832212028
2020-11-11 21:00:00,8,-42.833333333333336,-40.56028666656136,3.2,4.015004681975752
2020-11-12 00:00:00,1,-49.6,-48.466720128212984,3.4,3.7088867902005145
2020-11-12 00:00:00,2,-46.825,-46.00549451135686,3.1,3.1359817697537986
2020-11-12 00:00:00,4,-41.275,-39.170341548766885,3.4,3.7646885507142
2020-11-12 00:00:00,8,-43.666666666666664,-42.22576793434534,3.7,4.087464140440565
2020-11-12 03:00:00,1,-46.825,-44.84870135233096,3.1,3.442488298847235
2020-11-12 03:00:00,2,-44.05,-41.224332801226595,3.4,3.3771537068089525
2020-11-12 03:00:00,4,-38.5,-35.549416271892355,3.5,3.2467176384731062
2020-11-12 03:00:00,8,-44.5,-41.49407396175583,3.2,3.8333543330956585
2020-11-12 06:00:00,1,-44.05,-43.12121593087514,3.4,3.240568650949956
2020-11-12 06:00:00,2,-41.275,-39.74184149280629,3.4,2.9490331831678107
2020-11-12 06:00:00,4,-42.0,-39.962971892561484,3.0,3.3524320011183435
2020-11-12 06:00:00,8,-53.29175178959221,-38.02116408520227,3.1,3.706879046225467
2020-11-12 09:00:00,1,-41.275,-39.851019007777694,3.4,3.035208533041019
2020-11-12 09:00:00,2,-38.5,-39.24311647173397,3.5,2.8666026681111463
2020-11-12 09:00:00,4,-42.833333333333336,-43.139842322461234,3.2,3.9409932602659157
2020-11-12 09:00:00,8,-53.29175178959221,-35.50633463571338,1.8,4.096627583224822
2020-11-12 12:00:00,1,-38.5,-37.382133024398925,3.5,2.7443468454641797
2020-11-12 12:00:00,2,-42.0,-39.06552738778919,3.0,2.583081513679107
2020-11-12 12:00:00,4,-43.666666666666664,-42.847880911409206,3.7,4.011345266055968
2020-11-12 12:00:00,8,-53.29175178959221,-33.63025525164184,1.3000000000000003,4.555095222765909
2020-11-12 15:00:00,1,-42.0,-38.88499865980637,3.0,3.0021241200730717
2020-11-12 15:00:00,2,-42.833333333333336,-42.23404072670924,3.2,3.069736589348392
2020-11-12 15:00:00,4,-44.5,-44.2290121405965,3.2,3.6074922936402993
2020-11-12 15:00:00,8,-53.29175178959221,-33.44778981699868,2.4,5.239213567307109
2020-11-12 18:00:00,1,-42.833333333333336,-44.14115136790678,3.2,3.71496086289848
2020-11-12 18:00:00,2,-43.666666666666664,-46.2948073607707,3.7,3.684893191293511
2020-11-12 18:00:00,4,-53.29175178959221,-43.65497747407528,3.1,3.2982170752345006
2020-11-12 18:00:00,8,-53.29175178959221,-35.31611372841693,3.0,4.862311803103679
2020-11-12 21:00:00,1,-43.666666666666664,-44.42670680465926,3.7,3.1386189582208845
2020-11-12 21:00:00,2,-44.5,-43.77446751971247,3.2,2.6264911624035276
2020-11-12 21:00:00,4,-53.29175178959221,-38.745000994498945,1.8,3.2924727344076716
2020-11-12 21:00:00,8,-53.29175178959221,-37.9448226823361,3.6,5.083793191491304
2020-11-13 00:00:00,1,-44.5,-45.594686462051456,3.2,2.947683489950788
2020-11-13 00:00:00,2,-53.29175178959221,-43.22364667457886,3.1,2.4784542424615426
2020-11-13 00:00:00,4,-53.29175178959221,-36.03088241225706,1.3000000000000003,3.827767153441238
2020-11-13 00:00:00,8,-53.29175178959221,-38.21395574003002,3.2,4.494090774273541
2020-11-13 03:00:00,1,-53.29175178959221,-41.95806723261897,3.1,3.33153913615679
2020-11-13 03:00:00,2,-53.29175178959221,-38.79694623385339,1.8,3.6122865291962207
2020-11-13 03:00:00,4,-53.29175178959221,-33.07490893979184,2.4,3.74114855307567
2020-11-13 03:00:00,8,-40.7,-38.71459873473696,4.3,5.337691424440242
2020-11-13 06:00:00,1,-53.29175178959221,-46.63755760708868,1.8,3.1063712185478813
2020-11-13 06:00:00,2,-53.29175178959221,-42.86199120279177,1.3000000000000003,3.2881886994703544
2020-11-13 06:00:00,4,-53.29175178959221,-39.74586188832889,3.0,3.9374404580066
2020-11-13 06:00:00,8,-37.86666666666667,-39.086790812997634,5.5,5.042187470429283
2020-11-13 09:00:00,1,-53.29175178959221,-46.868321105076355,1.3000000000000003,2.7510142115855167
2020-11-13 09:00:00,2,-53.29175178959221,-44.8484470154816,2.4,3.1023164869598236
2020-11-13 09:00:00,4,-53.29175178959221,-44.124602901175024,3.6,4.113214418682945
2020-11-13 09:00:00,8,-35.03333333333334,-35.941841458946186,7.799999999999999,4.164581568126699
2020-11-13 12:00:00,1,-53.29175178959221,-49.011488404782504,2.4,2.345437078467219
2020-11-13 12:00:00,2,-53.29175178959221,-47.3600814033316,3.0,3.085036116177013
2020-11-13 12:00:00,4,-53.29175178959221,-45.700546069965235,3.2,4.096338054754533
2020-11-13 12:00:00,8,-32.2,-36.22310487130294,8.5,2.9497889964396986
2020-11-13 15:00:00,1,-53.29175178959221,-48.88380806414474,3.0,2.9757416246903197
2020-11-13 15:00:00,2,-53.29175178959221,-47.71652513120959,3.6,3.5974769080002
2020-11-13 15:00:00,4,-40.7,-44.8124623140513,4.3,3.669753285029691
2020-11-13 15:00:00,8,-31.3,-37.63011217303483,7.4,2.5300400045624207
2020-11-13 18:00:00,1,-53.29175178959221,-48.89811072929156,3.6,3.640647275840369
2020-11-13 18:00:00,2,-53.29175178959221,-47.146091888885465,3.2,3.9306303004960483
2020-11-13 18:00:00,4,-37.86666666666667,-43.64183121301696,5.5,3.327898222332621
2020-11-13 18:00:00,8,-35.5,-40.182966782756885,5.3,2.7215931602292143
2020-11-13 21:00:00,1,-53.29175178959221,-48.54998050208338,3.2,3.8302218003396247
2020-11-13 21:00:00,2,-40.7,-46.67033427786227,4.3,3.563325038753602
2020-11-13 21:00:00,4,-35.03333333333334,-43.033064075785575,7.799999999999999,2.9167580102723467
2020-11-13 21:00:00,8,-37.96666666666667,-41.09428957759306,3.8,3.0001605518508114
2020-11-14 00:00:00,1,-40.7,-48.81412409042353,4.3,3.330207678434581
2020-11-14 00:00:00,2,-37.86666666666667,-46.45383345721648,5.5,2.9514867636629925
2020-11-14 00:00:00,4,-32.2,-41.935066679524326,8.5,2.906283584707426
2020-11-14 00:00:00,8,-40.43333333333333,-41.01856708507705,3.3,3.3925360531765194
2020-11-14 03:00:00,1,-37.86666666666667,-41.809071230451,5.5,3.929022031161775
2020-11-14 03:00:00,2,-35.03333333333334,-39.92107764201356,7.799999999999999,3.580192244944487
2020-11-14 03:00:00,4,-31.3,-36.19835854431021,7.4,2.8356448230954188
2020-11-14 03:00:00,8,-42.9,-39.58752747283324,2.8,3.6250120786077615
2020-11-14 06:00:00,1,-35.03333333333334,-36.04214960673421,7.799999999999999,4.824348168909353
2020-11-14 06:00:00,2,-32.2,-34.384431016613405,8.5,4.051718304992687
2020-11-14 06:00:00,4,-35.5,-35.926744081207715,5.3,2.8911312748413223
2020-11-14 06:00:00,8,-39.625,-40.037896790481874,2.9,3.90864975758506
2020-11-14 09:00:00,1,-32.2,-32.0193461698208,8.5,6.110567467536893
2020-11-14 09:00:00,2,-31.3,-32.546646260145195,7.4,4.553665389347994
2020-11-14 09:00:00,4,-37.96666666666667,-36.863754177329184,3.8,3.9334594948602817
2020-11-14 09:00:00,8,-36.35,-34.658895781631216,5.9,4.6645391173416915
2020-11-14 12:00:00,1,-31.3,-30.693762684936516,7.4,6.563771554136345
2020-11-14 12:00:00,2,-35.5,-32.62501371179444,5.3,5.01484841137121
2020-11-14 12:00:00,4,-40.43333333333333,-35.76725254112257,3.3,4.067051636802923
2020-11-14 12:00:00,8,-33.075,-29.89218515985165,6.8,4.488008863512016
2020-11-14 15:00:00,1,-35.5,-30.398958176979075,5.3,5.924011317330525
2020-11-14 15:00:00,2,-37.96666666666667,-32.59359698663893,3.8,4.844229976991786
2020-11-14 15:00:00,4,-42.9,-34.237647672984856,2.8,4.5797727527037315
2020-11-14 15:00:00,8,-29.8,-29.22073443651512,7.199999999999999,5.044330514311026
2020-11-14 18:00:00,1,-37.96666666666667,-36.74714109214392,3.8,4.795002245658877
2020-11-14 18:00:00,2,-40.43333333333333,-38.08496444784147,3.3,4.289586471597087
2020-11-14 18:00:00,4,-39.625,-35.476126911218614,2.9,4.3093824875416376
2020-11-14 18:00:00,8,-30.8,-29.484959441467105,5.3,4.149129812240495
2020-11-14 21:00:00,1,-40.43333333333333,-40.441071852302244,3.3,3.906142563668723
2020-11-14 21:00:00,2,-42.9,-39.251713489543235,2.8,3.414112815843791
2020-11-14 21:00:00,4,-36.35,-34.533198619967635,5.9,4.684710987096016
2020-11-14 21:00:00,8,-32.0,-33.852734429249786,4.5,4.158403574436359
2020-11-15 00:00:00,1,-42.9,-40.182256368781026,2.8,3.5518319915118215
2020-11-15 00:00:00,2,-39.625,-37.26526199985935,2.9,3.6324149296898818
2020-11-15 00:00:00,4,-33.075,-32.156869634729546,6.8,5.42083045778663
2020-11-15 00:00:00,8,-33.2,-33.978069899416525,5.1,3.896665198440851
2020-11-15 03:00:00,1,-39.625,-37.890705852998664,2.9,2.898385269365997
2020-11-15 03:00:00,2,-36.35,-34.35991092693145,5.9,3.3379530982164236
2020-11-15 03:00:00,4,-29.8,-30.30705683473904,7.199999999999999,4.288267810713344
2020-11-15 03:00:00,8,-34.4,-35.253091506846616,5.1,4.079368060624678
2020-11-15 06:00:00,1,-36.35,-33.711899541792306,5.9,3.4879022257362853
2020-11-15 06:00:00,2,-33.075,-29.90920051122474,6.8,3.941733077489721
2020-11-15 06:00:00,4,-30.8,-30.12532631110538,5.3,3.517634386897748
2020-11-15 06:00:00,8,-31.133333333333333,-33.75406902371831,6.8,3.9356242933674173
2020-11-15 09:00:00,1,-33.075,-30.859934710198285,6.8,4.892943062137727
2020-11-15 09:00:00,2,-29.8,-30.132429009861983,7.199999999999999,3.9713084640499376
2020-11-15 09:00:00,4,-32.0,-32.831326288195164,4.5,2.9765581696247603
2020-11-15 09:00:00,8,-27.866666666666667,-31.290033453002298,8.4,3.950829603472834
2020-11-15 12:00:00,1,-29.8,-28.616725487819807,7.199999999999999,5.23876258539151
2020-11-15 12:00:00,2,-30.8,-29.66682397828485,5.3,3.618993378896241
2020-11-15 12:00:00,4,-33.2,-33.64845222463807,5.1,2.8532676692676713
2020-11-15 12:00:00,8,-24.600000000000005,-29.428823768356484,7.699999999999999,3.932340198055804
2020-11-15 15:00:00,1,-30.8,-28.92357821332725,5.3,4.492893523394743
2020-11-15 15:00:00,2,-32.0,-30.89109349599947,4.5,3.2570028041291335
2020-11-15 15:00:00,4,-34.4,-31.419810091269635,5.1,3.156380063568728
2020-11-15 15:00:00,8,-25.0,-25.92553901107855,5.0,4.546019385004984
2020-11-15 18:00:00,1,-32.0,-31.04209609342379,4.5,4.636075109542152
2020-11-15 18:00:00,2,-33.2,-32.81993228554383,5.1,3.692910683858173
2020-11-15 18:00:00,4,-31.133333333333333,-32.0401859404473,6.8,3.6977656710717075
2020-11-15 18:00:00,8,-28.4,-28.114325911699947,6.0,5.122962501149751
2020-11-15 21:00:00,1,-33.2,-33.017889932467824,5.1,3.8305417746214308
2020-11-15 21:00:00,2,-34.4,-32.085015512027326,5.1,3.084501901491225
2020-11-15 21:00:00,4,-27.866666666666667,-29.18060541339199,8.4,3.6531723681093586
2020-11-15 21:00:00,8,-28.4,-32.02273252447246,5.9,4.527225308192146
2020-11-16 00:00:00,1,-34.4,-31.279645269732598,5.1,4.750230373479769
2020-11-16 00:00:00,2,-31.133333333333333,-29.397741355660212,6.8,4.37366724561424
2020-11-16 00:00:00,4,-24.600000000000005,-26.386221579893952,7.699999999999999,5.303388112608425
2020-11-16 00:00:00,8,-28.2,-33.830514178727,5.8,5.081839007617251
2020-11-16 03:00:00,1,-31.133333333333333,-28.464584498831737,6.8,5.306738004997817
2020-11-16 03:00:00,2,-27.866666666666667,-27.274446554001866,8.4,5.4672123855253805
2020-11-16 03:00:00,4,-25.0,-26.184383314639348,5.0,4.421305982850814
2020-11-16 03:00:00,8,-26.699999999999996,-33.46732259882983,5.9,4.730465016627376
2020-11-16 06:00:00,1,-27.866666666666667,-27.32381816382105,8.4,5.986613877666633
2020-11-16 06:00:00,2,-24.600000000000005,-25.443146306441072,7.699999999999999,5.7310283815659755
2020-11-16 06:00:00,4,-28.4,-27.695187429951467,6.0,4.514295702527236
2020-11-16 06:00:00,8,-27.0,-33.46444491787692,7.199999999999999,5.792395193867568
2020-11-16 09:00:00,1,-24.600000000000005,-23.661949697705012,7.699999999999999,7.086952379237839
2020-11-16 09:00:00,2,-25.0,-24.33524346257323,5.0,5.6036320155871255
2020-11-16 09:00:00,4,-28.4,-28.603292467367574,5.9,4.628631508527542
2020-11-16 09:00:00,8,-28.8,-28.456977449382332,7.699999999999999,6.881676587162376
2020-11-16 12:00:00,1,-25.0,-24.2532677419675,5.0,5.256423182237236
2020-11-16 12:00:00,2,-28.4,-26.45331463205615,6.0,3.892536911691695
2020-11-16 12:00:00,4,-28.2,-30.018265628041753,5.8,4.179133279707473
2020-11-16 12:00:00,8,-26.9,-26.539547072509116,5.8,7.691990527673049
2020-11-16 15:00:00,1,-28.4,-27.263843661437228,6.0,4.492150666921802
2020-11-16 15:00:00,2,-28.4,-29.269590167625665,5.9,3.9065091664306886
2020-11-16 15:00:00,4,-26.699999999999996,-30.146347647981283,5.9,4.714694406182732
2020-11-16 15:00:00,8,-27.100000000000005,-26.325033753843456,5.5,7.220690218518429
2020-11-16 18:00:00,1,-28.4,-28.36781833390915,5.9,5.262943384716216
2020-11-16 18:00:00,2,-28.2,-29.287143012737086,5.8,4.663905567197313
2020-11-16 18:00:00,4,-27.0,-26.89698761350638,7.199999999999999,5.54862139295151
2020-11-16 18:00:00,8,-30.0,-25.58906504888197,5.2,5.736683517764666
2020-11-16 21:00:00,1,-28.2,-29.524757034134964,5.8,5.31265419670121
2020-11-16 21:00:00,2,-26.699999999999996,-29.02460830310697,5.9,4.924806656716033
2020-11-16 21:00:00,4,-28.8,-25.125788676503596,7.699999999999999,6.827850525207413
2020-11-16 21:00:00,8,-32.25,-27.895414654993072,4.4,5.957518559169446
2020-11-17 00:00:00,1,-26.699999999999996,-27.800147132129087,5.9,5.458248200180068
2020-11-17 00:00:00,2,-27.0,-26.515050038858828,7.199999999999999,5.84291433948232
2020-11-17 00:00:00,4,-26.9,-23.08694955985758,5.8,8.645823784226307
2020-11-17 00:00:00,8,-34.5,-28.29483158365109,5.2,5.927659482696491
2020-11-17 03:00:00,1,-27.0,-24.89870982057732,7.199999999999999,6.201745794728477
2020-11-17 03:00:00,2,-28.8,-23.357025032846046,7.699999999999999,7.348859086979333
2020-11-17 03:00:00,4,-27.100000000000005,-21.15020543345408,5.5,8.668825248246067
2020-11-17 03:00:00,8,-32.05,-25.878968709107376,5.3,5.346661261722543
2020-11-17 06:00:00,1,-28.8,-26.3972510090445,7.699999999999999,7.652453842110312
2020-11-17 06:00:00,2,-26.9,-25.10078441015655,5.8,8.219693328927082
2020-11-17 06:00:00,4,-30.0,-24.952306448200186,5.2,6.464001429598805
2020-11-17 06:00:00,8,-29.6,-30.392931906701104,5.3,5.167946907487712
2020-11-17 09:00:00,1,-26.9,-25.648169186070216,5.8,8.287600178807278
2020-11-17 09:00:00,2,-27.100000000000005,-25.80307401685483,5.5,7.779015427659907
2020-11-17 09:00:00,4,-32.25,-28.388940540923613,4.4,5.681436366898073
2020-11-17 09:00:00,8,-31.4,-31.110524954420917,6.2,5.568658042779379
2020-11-17 12:00:00,1,-27.100000000000005,-27.052445789051095,5.5,5.845443421324449
2020-11-17 12:00:00,2,-30.0,-29.119724520763114,5.2,5.213834770621361
2020-11-17 12:00:00,4,-34.5,-33.769396961773495,5.2,5.206023900342781
2020-11-17 12:00:00,8,-31.8,-29.091603367134564,5.2,6.0501375970916405
2020-11-17 15:00:00,1,-30.0,-28.327343470310957,5.2,4.614752484088788
2020-11-17 15:00:00,2,-32.25,-31.575615548291395,4.4,3.9873043255116607
2020-11-17 15:00:00,4,-32.05,-35.26842809091367,5.3,4.465870652887096
2020-11-17 15:00:00,8,-34.1,-29.742596185369145,5.2,4.582549133449213
2020-11-17 18:00:00,1,-32.25,-31.52857259767097,4.4,4.9960474029375375
2020-11-17 18:00:00,2,-34.5,-34.98917631732021,5.2,4.672263289039664
2020-11-17 18:00:00,4,-29.6,-35.95308703839365,5.3,4.341188283066208
2020-11-17 18:00:00,8,-36.6,-32.30324085179198,4.4,4.366459159747562
2020-11-17 21:00:00,1,-34.5,-34.08134218827624,5.2,4.790611010539328
2020-11-17 21:00:00,2,-32.05,-35.43897932119093,5.3,4.259993356083579
2020-11-17 21:00:00,4,-31.4,-34.82800456892706,6.2,4.167141788942429
2020-11-17 21:00:00,8,-39.1,-38.3010700736944,3.3,4.364272180053751
2020-11-18 00:00:00,1,-32.05,-33.11259114155389,5.3,4.7828930239799465
2020-11-18 00:00:00,2,-29.6,-34.08270969915471,5.3,4.126824656193756
2020-11-18 00:00:00,4,-31.8,-32.72380304349614,5.2,4.317887266386027
2020-11-18 00:00:00,8,-41.6,-37.77926740592153,2.6,4.321498640841403
2020-11-18 03:00:00,1,-29.6,-29.63056404547649,5.3,5.036429852882545
2020-11-18 03:00:00,2,-31.4,-27.522618796903014,6.2,5.212523734520536
2020-11-18 03:00:00,4,-34.1,-28.627903340174235,5.2,4.500543260148973
2020-11-18 03:00:00,8,-38.4,-39.091940954072115,1.0,3.8646792074346346
2020-11-18 06:00:00,1,-31.4,-28.12301803563986,6.2,5.878992039607744
2020-11-18 06:00:00,2,-31.8,-26.877701243013707,5.2,5.877907934109047
2020-11-18 06:00:00,4,-36.6,-29.74227772393169,4.4,4.303268371403306
2020-11-18 06:00:00,8,-35.2,-34.59980461346079,1.6999999999999997,4.203167768512387
2020-11-18 09:00:00,1,-31.8,-30.484046461860377,5.2,5.620667806794758
2020-11-18 09:00:00,2,-34.1,-32.33419789731605,5.2,4.716705962549239
2020-11-18 09:00:00,4,-39.1,-37.78162776716383,3.3,4.186677975745964
2020-11-18 09:00:00,8,-32.0,-35.569486547461835,2.3,4.307292443899207
2020-11-18 12:00:00,1,-34.1,-32.666173051332855,5.2,4.78492132287678
2020-11-18 12:00:00,2,-36.6,-35.552873235641,4.4,4.3231743335183435
2020-11-18 12:00:00,4,-41.6,-40.78946722387463,2.6,4.57858851194404
2020-11-18 12:00:00,8,-32.9,-35.99912993364035,3.4,3.63151252263485
2020-11-18 15:00:00,1,-36.6,-36.06513502930808,4.4,4.7129048749636056
2020-11-18 15:00:00,2,-39.1,-39.82195687985658,3.3,4.456164250910766
2020-11-18 15:00:00,4,-38.4,-42.527861750815724,1.0,4.4202754107930335
2020-11-18 15:00:00,8,-33.6,-37.183008165871584,3.7,3.2751592251452504
2020-11-18 18:00:00,1,-39.1,-40.19251918487852,3.3,4.3400687729810885
2020-11-18 18:00:00,2,-41.6,-42.90794619691773,2.6,4.118664805466182
2020-11-18 18:00:00,4,-35.2,-43.41329262208552,1.6999999999999997,3.6511708892531427
2020-11-18 18:00:00,8,-35.1,-42.76555718882544,2.1,3.1024474412734575
2020-11-18 21:00:00,1,-41.6,-42.66401410234104,2.6,3.7447929860304168
2020-11-18 21:00:00,2,-38.4,-43.34334062199614,1.0,3.7956029664593847
2020-11-18 21:00:00,4,-32.0,-41.82922796613926,2.3,3.4484949348724934
2020-11-18 21:00:00,8,-37.9,-46.84586164822498,3.4,3.466623642735308
2020-11-19 00:00:00,1,-38.4,-42.306737115068444,1.0,2.8013630526083526
2020-11-19 00:00:00,2,-35.2,-42.28879519942258,1.6999999999999997,2.931001797927537
2020-11-19 00:00:00,4,-32.9,-41.53474047861729,3.4,3.052910506331118
2020-11-19 00:00:00,8,-36.65,-49.16400081203077,3.8,3.4120452866390356
2020-11-19 03:00:00,1,-35.2,-35.13683002614434,1.6999999999999997,2.2423790195665263
2020-11-19 03:00:00,2,-32.0,-34.92569441611846,2.3,2.723241926225216
2020-11-19 03:00:00,4,-33.6,-38.147544281804095,3.7,3.402757887812181
2020-11-19 03:00:00,8,-35.4,-40.6420865849256,3.3,3.883865880587571
2020-11-19 06:00:00,1,-32.0,-31.95153693967483,2.3,2.8435910199407743
2020-11-19 06:00:00,2,-32.9,-30.674175145030144,3.4,3.2809578458952386
2020-11-19 06:00:00,4,-35.1,-35.71055199523602,2.1,4.240729475338565
2020-11-19 06:00:00,8,-33.166666666666664,-40.030811383749025,2.7,3.808278341600107
2020-11-19 09:00:00,1,-32.9,-31.424094190154477,3.4,3.341469536126432
2020-11-19 09:00:00,2,-33.6,-32.30823824665664,3.7,3.6567635275589714
2020-11-19 09:00:00,4,-37.9,-38.51432251562806,3.4,4.040376733661226
2020-11-19 09:00:00,8,-30.933333333333334,-34.496218186169564,2.5,4.049265950861193
2020-11-19 12:00:00,1,-33.6,-32.790047345492454,3.7,3.617003490509865
2020-11-19 12:00:00,2,-35.1,-35.68820205453508,2.1,3.6615144604797303
2020-11-19 12:00:00,4,-36.65,-41.201432397769516,3.8,3.729485354537434
2020-11-19 12:00:00,8,-28.7,-32.996220144701184,3.4,3.931248281153627
2020-11-19 15:00:00,1,-35.1,-36.42665936991504,2.1,3.8696375557788603
2020-11-19 15:00:00,2,-37.9,-40.90132788453174,3.4,3.754976656761362
2020-11-19 15:00:00,4,-35.4,-45.076141179253085,3.3,3.4308766209138644
2020-11-19 15:00:00,8,-27.299999999999997,-35.27162567430603,4.1,3.88425839694743
2020-11-19 18:00:00,1,-37.9,-39.81803591347055,3.4,3.0202773951997326
2020-11-19 18:00:00,2,-36.65,-43.160219531452334,3.8,3.006894674812812
2020-11-19 18:00:00,4,-33.166666666666664,-42.92027396885174,2.7,2.8207553816194673
2020-11-19 18:00:00,8,-30.575,-36.20269163726235,4.6,3.7928746804984703
2020-11-19 21:00:00,1,-36.65,-37.95094261774274,3.8,3.3226973738994676
2020-11-19 21:00:00,2,-35.4,-38.473311599293524,3.3,3.2242177838611266
2020-11-19 21:00:00,4,-30.933333333333334,-34.659626369634786,2.5,3.9854712850417515
2020-11-19 21:00:00,8,-33.85,-39.06385438449107,6.0,4.0760696221899515
2020-11-20 00:00:00,1,-35.4,-35.82481336519085,3.3,3.4793302234998307
2020-11-20 00:00:00,2,-33.166666666666664,-34.549546787424255,2.7,3.245896747945604
2020-11-20 00:00:00,4,-28.7,-32.852171822829575,3.4,3.977517889974759
2020-11-20 00:00:00,8,-37.125,-39.900363238559265,4.6,4.093223997434034
2020-11-20 03:00:00,1,-33.166666666666664,-33.98882121518504,2.7,3.4503107795907138
2020-11-20 03:00:00,2,-30.933333333333334,-32.33294422559395,2.5,3.6772867505094236
2020-11-20 03:00:00,4,-27.299999999999997,-31.71354681676032,4.1,3.3236362352815774
2020-11-20 03:00:00,8,-40.4,-38.48635987221725,4.2,3.4178574640397734
2020-11-20 06:00:00,1,-30.933333333333334,-29.992808887073167,2.5,3.764994928355136
2020-11-20 06:00:00,2,-28.7,-27.907086771026442,3.4,4.010881460641822
2020-11-20 06:00:00,4,-30.575,-31.540385931898324,4.6,3.60821366208865
2020-11-20 06:00:00,8,-38.3,-36.99507124671253,4.0,3.3130840422628967
2020-11-20 09:00:00,1,-28.7,-28.179842507696645,3.4,3.009540741086583
2020-11-20 09:00:00,2,-27.299999999999997,-28.63452762627367,4.1,2.9817199343804326
2020-11-20 09:00:00,4,-33.85,-35.32154774688135,6.0,3.6947521222533255
2020-11-20 09:00:00,8,-36.349999999999994,-34.59750189229766,4.3,3.323347639914093
2020-11-20 12:00:00,1,-27.299999999999997,-28.120236901819563,4.1,2.776028191734669
2020-11-20 12:00:00,2,-30.575,-31.665836682223418,4.6,2.8104635242833256
2020-11-20 12:00:00,4,-37.125,-37.5429459632992,4.6,3.3492522267003064
2020-11-20 12:00:00,8,-34.4,-31.20163374557227,4.4,3.6535909446975516
2020-11-20 15:00:00,1,-30.575,-28.49428931363568,4.6,3.19571935789813
2020-11-20 15:00:00,2,-33.85,-33.30218088998336,6.0,3.046040363640258
2020-11-20 15:00:00,4,-40.4,-37.84835624582524,4.2,3.29794479583606
2020-11-20 15:00:00,8,-35.0,-31.27884695463599,4.9,3.6725393300542226
2020-11-20 18:00:00,1,-33.85,-31.46650576041302,6.0,4.715570243135397
2020-11-20 18:00:00,2,-37.125,-36.062825103135054,4.6,4.510490669249743
2020-11-20 18:00:00,4,-38.3,-36.52190671875131,4.0,4.150145561293719
2020-11-20 18:00:00,8,-38.3,-32.95318606158752,5.5,4.154744745038338
2020-11-20 21:00:00,1,-37.125,-36.550121537508524,4.6,5.84758198631273
2020-11-20 21:00:00,2,-40.4,-38.367026175294825,4.2,5.066765504948033
2020-11-20 21:00:00,4,-36.349999999999994,-35.15610919162712,4.3,4.899911900445254
2020-11-20 21:00:00,8,-40.349999999999994,-36.603235429468285,4.4,4.8061839098296755
2020-11-21 00:00:00,1,-40.4,-39.98401196246312,4.2,3.7567547374760686
2020-11-21 00:00:00,2,-38.3,-37.71059501558988,4.0,3.3593808976859285
2020-11-21 00:00:00,4,-34.4,-32.84967456639923,4.4,3.2915441104963348
2020-11-21 00:00:00,8,-42.4,-39.10448487630304,4.3,4.522553075827952
2020-11-21 03:00:00,1,-38.3,-37.125731219193256,4.0,3.7988058285068202
2020-11-21 03:00:00,2,-36.349999999999994,-35.41149220843333,4.3,3.3949583214075796
2020-11-21 03:00:00,4,-35.0,-32.30369620841749,4.9,3.1859149534672158
2020-11-21 03:00:00,8,-41.0,-35.724013835727845,3.6,4.715142935370959
2020-11-21 06:00:00,1,-36.349999999999994,-35.38896790649288,4.3,3.564244578242632
2020-11-21 06:00:00,2,-34.4,-34.68648808753332,4.4,3.162898586462659
2020-11-21 06:00:00,4,-38.3,-36.5875573279321,5.5,3.4504836702104034
2020-11-21 06:00:00,8,-38.8,-34.415511988307706,3.8,5.659064933892115
2020-11-21 09:00:00,1,-34.4,-33.5547251328901,4.4,3.645270666937752
2020-11-21 09:00:00,2,-35.0,-34.24972326957247,4.9,3.12870559404245
2020-11-21 09:00:00,4,-40.349999999999994,-39.740743449297966,4.4,4.26365223880176
2020-11-21 09:00:00,8,-37.233333333333334,-34.53616708404526,4.8,6.248174004366344
2020-11-21 12:00:00,1,-35.0,-34.66917877175642,4.9,3.661922766272051
2020-11-21 12:00:00,2,-38.3,-36.922294882743465,5.5,3.299875972060954
2020-11-21 12:00:00,4,-42.4,-40.62880270817824,4.3,4.404959727955849
2020-11-21 12:00:00,8,-35.666666666666664,-32.34575041018513,3.9,6.677388071174551
2020-11-21 15:00:00,1,-38.3,-36.907242176066354,5.5,4.441163903501444
2020-11-21 15:00:00,2,-40.349999999999994,-39.78994934388951,4.4,4.249189092007201
2020-11-21 15:00:00,4,-41.0,-39.97014231841112,3.6,5.169834654442063
2020-11-21 15:00:00,8,-34.1,-31.7347381918698,3.8,6.756642730844959
2020-11-21 18:00:00,1,-40.349999999999994,-39.40105172968132,4.4,6.001256873361797
2020-11-21 18:00:00,2,-42.4,-41.22819828903641,4.3,6.069589644682262
2020-11-21 18:00:00,4,-38.8,-38.09454855200665,3.8,6.49659156468101
2020-11-21 18:00:00,8,-36.53333333333333,-34.32843079768885,3.9,5.618360323538729
2020-11-21 21:00:00,1,-42.4,-42.05312436919396,4.3,5.526098530690372
2020-11-21 21:00:00,2,-41.0,-40.570073952005636,3.6,5.60831587174626
2020-11-21 21:00:00,4,-37.233333333333334,-35.66511720282464,4.8,6.154918537011116
2020-11-21 21:00:00,8,-38.96666666666667,-38.292049401303174,4.5,5.421535350305456
2020-11-22 00:00:00,1,-41.0,-38.858059127800956,3.6,5.28364962911681
2020-11-22 00:00:00,2,-38.8,-35.823441531306436,3.8,5.7504013020387506
2020-11-22 00:00:00,4,-35.666666666666664,-31.50970267675035,3.9,6.335513493298821
2020-11-22 00:00:00,8,-41.4,-39.11722333380119,4.9,5.197042119344578
2020-11-22 03:00:00,1,-38.8,-36.750925163341904,3.8,4.4130447704985585
2020-11-22 03:00:00,2,-37.233333333333334,-33.23627522345221,4.8,5.167890494758142
2020-11-22 03:00:00,4,-34.1,-31.694442012517055,3.8,4.976381221583254
2020-11-22 03:00:00,8,-38.8,-38.69793931085279,3.1,5.772990921140552
2020-11-22 06:00:00,1,-37.233333333333334,-35.39743811612796,4.8,4.77486684689418
2020-11-22 06:00:00,2,-35.666666666666664,-33.31716731056942,3.9,5.30680273567239
2020-11-22 06:00:00,4,-36.53333333333333,-35.82942313052305,3.9,5.238119011056999
2020-11-22 06:00:00,8,-38.5,-38.25721029644653,5.1,6.31669339624777
2020-11-22 09:00:00,1,-35.666666666666664,-32.31292582609573,3.9,5.474925679910658
2020-11-22 09:00:00,2,-34.1,-32.32902325920793,3.8,5.195952468549214
2020-11-22 09:00:00,4,-38.96666666666667,-37.98581486564491,4.5,5.052994933715277
2020-11-22 09:00:00,8,-36.1,-36.601238200724794,5.8,6.6514958013453604
2020-11-22 12:00:00,1,-34.1,-31.657656113986203,3.8,4.312789965704126
2020-11-22 12:00:00,2,-36.53333333333333,-34.26338108633349,3.9,4.341483250192844
2020-11-22 12:00:00,4,-41.4,-40.67383690203934,4.9,4.8245629425149374
2020-11-22 12:00:00,8,-34.4,-34.43933463303162,5.7,5.679274341039272
2020-11-22 15:00:00,1,-36.53333333333333,-34.576241349093166,3.9,4.0260666690468145
2020-11-22 15:00:00,2,-38.96666666666667,-37.68115102214422,4.5,4.3547208331034994
2020-11-22 15:00:00,4,-38.8,-40.67291321977053,3.1,4.674396735292559
2020-11-22 15:00:00,8,-34.7,-32.807489233451456,4.4,5.17448417241798
2020-11-22 18:00:00,1,-38.96666666666667,-37.94260786229372,4.5,4.740917474286263
2020-11-22 18:00:00,2,-41.4,-40.489532748870424,4.9,4.9621220244017445
2020-11-22 18:00:00,4,-38.5,-39.07481608654858,5.1,4.808036678758886
2020-11-22 18:00:00,8,-36.5,-35.72954440132489,3.8,4.650474752025824
2020-11-22 21:00:00,1,-41.4,-40.43401238360502,4.9,4.974443566958887
2020-11-22 21:00:00,2,-38.8,-40.6652377227271,3.1,4.72651964468804
2020-11-22 21:00:00,4,-36.1,-36.59683161667171,5.8,4.4511107794006115
2020-11-22 21:00:00,8,-38.25,-38.41277510613772,4.1,4.00616291971843
2020-11-23 00:00:00,1,-38.8,-40.39534597749101,3.1,5.014291855538267
2020-11-23 00:00:00,2,-38.5,-39.607844159741205,5.1,4.883174168933555
2020-11-23 00:00:00,4,-34.4,-34.87085996779527,5.7,4.928125623412466
2020-11-23 00:00:00,8,-40.0,-40.06839271537252,5.3,4.345723589258817
2020-11-23 03:00:00,1,-38.5,-39.80153211780016,5.1,3.1607688992810643
2020-11-23 03:00:00,2,-36.1,-38.83886786343892,5.8,3.10453385914499
2020-11-23 03:00:00,4,-34.7,-38.20501576374965,4.4,2.9733516018261854
2020-11-23 03:00:00,8,-38.7,-38.39119610149578,4.6,4.386640467170254
2020-11-23 06:00:00,1,-36.1,-35.92552787553708,5.8,4.714467688861245
2020-11-23 06:00:00,2,-34.4,-36.43556188014395,5.7,4.208922240169668
2020-11-23 06:00:00,4,-36.5,-40.39570046397795,3.8,3.4595713450469106
2020-11-23 06:00:00,8,-37.5,-40.32410860363598,5.0,4.08118414528362
2020-11-23 09:00:00,1,-34.4,-32.90945021050989,5.7,5.914533338920809
2020-11-23 09:00:00,2,-34.7,-34.634764762483705,4.4,5.3055427802851085
2020-11-23 09:00:00,4,-38.25,-40.880715792217984,4.1,4.3342240302924635
2020-11-23 09:00:00,8,-35.6,-39.08577922960808,5.5,4.425309900326131
2020-11-23 12:00:00,1,-34.7,-32.318659572971875,4.4,5.363413069756555
2020-11-23 12:00:00,2,-36.5,-35.244351829841385,3.8,4.796458419235967
2020-11-23 12:00:00,4,-40.0,-40.88367993328967,5.3,4.497973974905997
2020-11-23 12:00:00,8,-34.1,-31.571357387442184,6.0,4.590446062466475
2020-11-23 15:00:00,1,-36.5,-37.119974416285444,3.8,4.431499304530769
2020-11-23 15:00:00,2,-38.25,-40.23144929435476,4.1,4.258814394019755
2020-11-23 15:00:00,4,-38.7,-42.238649771540445,4.6,4.202834410870352
2020-11-23 15:00:00,8,-34.4,-32.65921733477815,4.7,4.404223269902141
2020-11-23 18:00:00,1,-38.25,-34.77311968553458,4.1,4.085661225861211
2020-11-23 18:00:00,2,-40.0,-37.341947802198604,5.3,4.021609423568846
2020-11-23 18:00:00,4,-37.5,-36.53279060670194,5.0,3.7070456184061635
2020-11-23 18:00:00,8,-36.3,-34.33832904028555,4.5,4.241140733734761
2020-11-23 21:00:00,1,-40.0,-38.76333053967728,5.3,4.33867317110607
2020-11-23 21:00:00,2,-38.7,-38.90519430254807,4.6,4.090026600703026
2020-11-23 21:00:00,4,-35.6,-36.47045142006988,5.5,4.649650528988304
2020-11-23 21:00:00,8,-37.33333333333333,-39.159163696412456,3.0,4.52017307715395
2020-11-24 00:00:00,1,-38.7,-37.26259038218949,4.6,5.124176814479838
2020-11-24 00:00:00,2,-37.5,-36.87991213252451,5.0,4.605419323234377
2020-11-24 00:00:00,4,-34.1,-34.63573023380992,6.0,4.84761154155638
2020-11-24 00:00:00,8,-38.36666666666667,-41.331823623381084,4.0,5.1343330253282415
2020-11-24 03:00:00,1,-37.5,-36.09335561207321,5.0,4.3341955573268764
2020-11-24 03:00:00,2,-35.6,-34.58788032208102,5.5,4.285411289766969
2020-11-24 03:00:00,4,-34.4,-35.36407892030419,4.7,4.550195313317344
2020-11-24 03:00:00,8,-39.4,-39.922107958428846,3.3,4.899729012295514
2020-11-24 06:00:00,1,-35.6,-34.08295178748726,5.5,4.887115808461671
2020-11-24 06:00:00,2,-34.1,-33.93609783476171,6.0,4.793822483792648
2020-11-24 06:00:00,4,-36.3,-38.521344518273814,4.5,4.890319177050629
2020-11-24 06:00:00,8,-37.333333333333336,-39.32183552786619,4.3,4.646439695576907
2020-11-24 09:00:00,1,-34.1,-33.32783937122906,6.0,5.1378529023885875
2020-11-24 09:00:00,2,-34.4,-35.254157848311394,4.7,4.7584447707313045
2020-11-24 09:00:00,4,-37.33333333333333,-41.41907989574043,3.0,4.938468668102471
2020-11-24 09:00:00,8,-35.266666666666666,-38.285831477761946,3.8,4.588258336290421
2020-11-24 12:00:00,1,-34.4,-33.408757396381894,4.7,5.356892867277574
2020-11-24 12:00:00,2,-36.3,-36.79437857803157,4.5,4.893762593001142
2020-11-24 12:00:00,4,-38.36666666666667,-41.88306091808675,4.0,4.964081113730542
2020-11-24 12:00:00,8,-33.2,-34.94769707534236,3.4,4.789060460278552
2020-11-24 15:00:00,1,-36.3,-36.298854022355556,4.5,4.4365084136675765
2020-11-24 15:00:00,2,-37.33333333333333,-39.50465977200224,3.0,4.364899918300661
2020-11-24 15:00:00,4,-39.4,-41.80238354026448,3.3,4.730225502467423
2020-11-24 15:00:00,8,-34.0,-34.17817031628394,4.8,4.651418518862679
2020-11-24 18:00:00,1,-37.33333333333333,-37.93074697500104,3.0,4.816030970388809
2020-11-24 18:00:00,2,-38.36666666666667,-40.56181701066351,4.0,4.756717944020661
2020-11-24 18:00:00,4,-37.333333333333336,-39.7667146279732,4.3,5.252257491395648
2020-11-24 18:00:00,8,-36.1,-35.6198121005914,4.8,4.401548677342623
2020-11-24 21:00:00,1,-38.36666666666667,-38.41269873303281,4.0,4.085769679067209
2020-11-24 21:00:00,2,-39.4,-38.461096225513906,3.3,4.275908517482727
2020-11-24 21:00:00,4,-35.266666666666666,-36.92469415103922,3.8,4.920097526800929
2020-11-24 21:00:00,8,-37.733333333333334,-40.036507664573705,4.2,4.353515050999056
2020-11-25 00:00:00,1,-39.4,-38.19297619221152,3.3,4.669097244562899
2020-11-25 00:00:00,2,-37.333333333333336,-37.08036415387491,4.3,4.926826850948506
2020-11-25 00:00:00,4,-33.2,-35.42363697311595,3.4,5.400500333796613
2020-11-25 00:00:00,8,-39.36666666666667,-42.110264420684246,6.1,3.9570289785474437
2020-11-25 03:00:00,1,-37.333333333333336,-38.34447593531875,4.3,3.8526534318065333
2020-11-25 03:00:00,2,-35.266666666666666,-36.81818248972975,3.8,4.417519345028616
2020-11-25 03:00:00,4,-34.0,-35.67052960625937,4.8,4.344266562559162
2020-11-25 03:00:00,8,-41.0,-42.505008179922974,5.6,4.561843955451825
2020-11-25 06:00:00,1,-35.266666666666666,-34.504554382620555,3.8,5.943354378513545
2020-11-25 06:00:00,2,-33.2,-33.24155937771077,3.4,6.123883004521868
2020-11-25 06:00:00,4,-36.1,-36.83034310543415,4.8,4.1096208531611
2020-11-25 06:00:00,8,-37.7,-39.798193316213826,5.3,4.20135083073088
2020-11-25 09:00:00,1,-33.2,-31.2592608557316,3.4,5.209733810454345
2020-11-25 09:00:00,2,-34.0,-32.356007462274704,4.8,4.681286659762881
2020-11-25 09:00:00,4,-37.733333333333334,-40.29894150406526,4.2,3.977783104451963
2020-11-25 09:00:00,8,-36.06666666666667,-40.08716176615458,7.0,4.4994296152814846
2020-11-25 12:00:00,1,-34.0,-34.39744326448765,4.8,3.1006235185509547
2020-11-25 12:00:00,2,-36.1,-37.60872482165615,4.8,2.9938491511194654
2020-11-25 12:00:00,4,-39.36666666666667,-43.52004060771961,6.1,3.6422699416179163
2020-11-25 12:00:00,8,-34.43333333333333,-38.52633470812857,7.6,4.223005800743234
2020-11-25 15:00:00,1,-36.1,-34.80657542849097,4.8,4.422908147026736
2020-11-25 15:00:00,2,-37.733333333333334,-39.33895607238378,4.2,4.243979072506481
2020-11-25 15:00:00,4,-41.0,-42.32801206829273,5.6,4.272123639225818
2020-11-25 15:00:00,8,-32.8,-36.23696731034504,7.199999999999999,3.9220563120836234
2020-11-25 18:00:00,1,-37.733333333333334,-36.43615845496343,4.2,4.847649505510495
2020-11-25 18:00:00,2,-39.36666666666667,-39.85226403348792,6.1,4.800932193963621
2020-11-25 18:00:00,4,-37.7,-40.25275018561467,5.3,4.719699676267998
2020-11-25 18:00:00,8,-36.0,-37.4605480291135,6.7,4.206105602703179
2020-11-25 21:00:00,1,-39.36666666666667,-38.52626698103554,6.1,4.699691286125075
2020-11-25 21:00:00,2,-41.0,-39.10691872864629,5.6,4.444751977046781
2020-11-25 21:00:00,4,-36.06666666666667,-37.85194001774808,7.0,4.50379301727737
2020-11-25 21:00:00,8,-36.1,-41.2570240926329,7.0,4.59789072988429
2020-11-26 00:00:00,1,-41.0,-39.17038766083023,5.6,5.736390683444439
2020-11-26 00:00:00,2,-37.7,-38.61672011628625,5.3,4.865350732318351
2020-11-26 00:00:00,4,-34.43333333333333,-36.44764756374542,7.6,4.662964359728151
2020-11-26 00:00:00,8,-36.2,-42.49664172243041,7.5,4.368707031064405
2020-11-26 03:00:00,1,-37.7,-39.48632302181401,5.3,4.923609299196914
2020-11-26 03:00:00,2,-36.06666666666667,-37.637150026702365,7.0,4.190367250955501
2020-11-26 03:00:00,4,-32.8,-36.61125748748776,7.199999999999999,3.8695696258946706
2020-11-26 03:00:00,8,-35.6,-45.04463727347783,6.6,4.762154254281586
2020-11-26 06:00:00,1,-36.06666666666667,-35.278434408658825,7.0,4.968772967913717
2020-11-26 06:00:00,2,-34.43333333333333,-34.79760951417497,7.6,3.948092119784272
2020-11-26 06:00:00,4,-36.0,-39.41709296371632,6.7,3.4227433236261064
2020-11-26 06:00:00,8,-32.9,-41.35515344542803,8.4,4.59463830674788
2020-11-26 09:00:00,1,-34.43333333333333,-31.331371476786163,7.6,7.0682335904913085
2020-11-26 09:00:00,2,-32.8,-33.07008446516471,7.199999999999999,5.218545073579991
2020-11-26 09:00:00,4,-36.1,-40.06685660726245,7.0,4.277497138337939
2020-11-26 09:00:00,8,-30.9,-36.76170529915001,8.5,5.14071491531147
2020-11-26 12:00:00,1,-32.8,-31.269938680399164,7.199999999999999,6.775723030278148
2020-11-26 12:00:00,2,-36.0,-34.65482062803339,6.7,4.944341670476042
2020-11-26 12:00:00,4,-36.2,-41.609702842589144,7.5,3.934378894383891
2020-11-26 12:00:00,8,-29.8,-35.28763520629748,8.7,5.484647651373788
2020-11-26 15:00:00,1,-36.0,-33.16239937497285,6.7,5.428323433269655
2020-11-26 15:00:00,2,-36.1,-37.141906466412344,7.0,4.337750039171241
2020-11-26 15:00:00,4,-35.6,-40.49102418591913,6.6,3.9592779695876525
2020-11-26 15:00:00,8,-30.2,-35.21827401701967,7.5,4.273011099973423
2020-11-26 18:00:00,1,-36.1,-38.75699733597769,7.0,6.387808626811988
2020-11-26 18:00:00,2,-36.2,-41.40158469070819,7.5,5.688778552967841
2020-11-26 18:00:00,4,-32.9,-40.479278578784815,8.4,4.6909457134368875
2020-11-26 18:00:00,8,-32.3,-38.032308794511174,6.5,3.4127870100585707
2020-11-26 21:00:00,1,-36.2,-38.228192839586775,7.5,6.517509063556609
2020-11-26 21:00:00,2,-35.6,-39.06958092635732,6.6,5.548675992795631
2020-11-26 21:00:00,4,-30.9,-37.97012235408893,8.5,4.8553513893814735
2020-11-26 21:00:00,8,-34.699999999999996,-41.47204320299333,5.4,4.2294482624285346
2020-11-27 00:00:00,1,-35.6,-36.40706894800471,6.6,7.04741334758805
2020-11-27 00:00:00,2,-32.9,-37.021205258611445,8.4,6.758191148299323
2020-11-27 00:00:00,4,-29.8,-36.43026043386163,8.7,5.849000302576026
2020-11-27 00:00:00,8,-37.1,-39.55135400014364,5.0,3.703465462904627
2020-11-27 03:00:00,1,-32.9,-36.27409760834898,8.4,7.09057815013649
2020-11-27 03:00:00,2,-30.9,-36.05409551314368,8.5,7.038795103442597
2020-11-27 03:00:00,4,-30.2,-36.456332482675435,7.5,5.175879454372037
2020-11-27 03:00:00,8,-39.5,-39.59607693757719,5.0,3.9442534948058063
2020-11-27 06:00:00,1,-30.9,-31.371388101754896,8.5,8.920716083801
2020-11-27 06:00:00,2,-29.8,-32.573466188986316,8.7,7.785799031730642
2020-11-27 06:00:00,4,-32.3,-36.28302317460955,6.5,4.548868707729721
2020-11-27 06:00:00,8,-36.5,-35.87665629340476,5.6,4.089374548463033
2020-11-27 09:00:00,1,-29.8,-29.838043833480558,8.7,8.202351053438194
2020-11-27 09:00:00,2,-30.2,-32.49134780918462,7.5,6.317329825680803
2020-11-27 09:00:00,4,-34.699999999999996,-38.456600299338085,5.4,4.125382292538177
2020-11-27 09:00:00,8,-34.55,-34.553110385319386,5.8,4.971356009758044
2020-11-27 12:00:00,1,-30.2,-32.03707481717371,7.5,7.602309857143249
2020-11-27 12:00:00,2,-32.3,-35.68500591214471,6.5,5.738139584701436
2020-11-27 12:00:00,4,-37.1,-40.53491422420857,5.0,3.7335821823920283
2020-11-27 12:00:00,8,-32.6,-32.47447799901145,8.3,4.514393598341499
2020-11-27 15:00:00,1,-32.3,-34.311431297337535,6.5,6.439353439029775
2020-11-27 15:00:00,2,-34.699999999999996,-38.04631533375122,5.4,5.204470897354632
2020-11-27 15:00:00,4,-39.5,-39.90416316077902,5.0,4.0536932304090865
2020-11-27 15:00:00,8,-32.7,-32.43566461069554,8.5,4.10133756626249
2020-11-27 18:00:00,1,-34.699999999999996,-35.08339479074317,5.4,5.572080130665782
2020-11-27 18:00:00,2,-37.1,-37.379158796313384,5.0,4.835278268563977
2020-11-27 18:00:00,4,-36.5,-35.99343509381765,5.6,4.85781957960057
2020-11-27 18:00:00,8,-35.2,-35.604802623973676,7.699999999999999,3.743218268406997
2020-11-27 21:00:00,1,-37.1,-38.5565381096174,5.0,5.218736919516657
2020-11-27 21:00:00,2,-39.5,-38.82132798734532,5.0,4.838211623861307
2020-11-27 21:00:00,4,-34.55,-35.356961811527796,5.8,5.891600977828764
2020-11-27 21:00:00,8,-36.333333333333336,-39.8179696273795,7.1,4.035743584974513
2020-11-28 00:00:00,1,-39.5,-39.60366813600481,5.0,5.079235384191058
2020-11-28 00:00:00,2,-36.5,-38.258201705808375,5.6,4.967040489266085
2020-11-28 00:00:00,4,-32.6,-35.14094408679561,8.3,5.64118305838125
2020-11-28 00:00:00,8,-37.46666666666667,-42.07615086032424,5.6,3.9585315140038926
2020-11-28 03:00:00,1,-36.5,-38.51197656440555,5.6,5.426118324721352
2020-11-28 03:00:00,2,-34.55,-36.727892187702714,5.8,5.455094206059524
2020-11-28 03:00:00,4,-32.7,-35.66442263987055,8.5,4.371687094822134
2020-11-28 03:00:00,8,-38.6,-40.65958899496774,7.0,4.238719945138148
2020-11-28 06:00:00,1,-34.55,-35.601528667476416,5.8,6.075297887760586
2020-11-28 06:00:00,2,-32.6,-35.05980414733794,8.3,5.221433106741086
2020-11-28 06:00:00,4,-35.2,-37.60708640240554,7.699999999999999,2.9715249597755093
2020-11-28 06:00:00,8,-36.1,-37.756555773723754,7.3,4.734144427607262
2020-11-28 09:00:00,1,-32.6,-31.978960648345335,8.3,6.1463958425928755
2020-11-28 09:00:00,2,-32.7,-33.02357468527667,8.5,4.57406674907214
2020-11-28 09:00:00,4,-36.333333333333336,-38.85194351540026,7.1,2.604190751851054
2020-11-28 09:00:00,8,-33.7,-34.93367900808647,8.3,5.472474018941247
2020-11-28 12:00:00,1,-32.7,-31.032630151420925,8.5,5.541995403274546
2020-11-28 12:00:00,2,-35.2,-34.19105431498201,7.699999999999999,3.3223131754846116
2020-11-28 12:00:00,4,-37.46666666666667,-38.23720918897206,5.6,2.762316272678215
2020-11-28 12:00:00,8,-31.9,-31.555716751957466,9.3,6.168835738684626
2020-11-28 15:00:00,1,-35.2,-31.735370791738767,7.699999999999999,5.664767418393128
2020-11-28 15:00:00,2,-36.333333333333336,-35.020538284400494,7.1,3.991719634683573
2020-11-28 15:00:00,4,-38.6,-36.250579015042725,7.0,3.875590858313804
2020-11-28 15:00:00,8,-32.4,-30.61174805727734,9.3,5.0733280436342705
2020-11-28 18:00:00,1,-36.333333333333336,-36.809323209560226,7.1,5.833410980676314
2020-11-28 18:00:00,2,-37.46666666666667,-39.3218067078266,5.6,4.7807338774098
2020-11-28 18:00:00,4,-36.1,-37.57795510638942,7.3,4.468538900347542
2020-11-28 18:00:00,8,-34.6,-34.94608459412738,9.6,3.8794094882321675
2020-11-28 21:00:00,1,-37.46666666666667,-38.72887618234914,5.6,6.185093908674819
2020-11-28 21:00:00,2,-38.6,-38.802607930630565,7.0,5.380703411409336
2020-11-28 21:00:00,4,-33.7,-34.37552274237658,8.3,5.529343808925306
2020-11-28 21:00:00,8,-37.0,-38.60704955200231,8.6,4.293616302670296
2020-11-29 00:00:00,1,-38.6,-37.869396315726874,7.0,5.521874720874084
2020-11-29 00:00:00,2,-36.1,-36.71307580535023,7.3,4.986804353153991
2020-11-29 00:00:00,4,-31.9,-33.038585602896376,9.3,5.035475102092674
2020-11-29 00:00:00,8,-39.4,-40.99996086751867,8.3,4.338012960881554
2020-11-29 03:00:00,1,-36.1,-34.98140931665109,7.3,6.152659041899334
2020-11-29 03:00:00,2,-33.7,-32.797054938118414,8.3,5.601982289828239
2020-11-29 03:00:00,4,-32.4,-30.66893998483888,9.3,5.0981075217185365
2020-11-29 03:00:00,8,-37.9,-39.307462974123375,10.0,4.895701207388394
2020-11-29 06:00:00,1,-33.7,-31.69938032630056,8.3,7.136278432946293
2020-11-29 06:00:00,2,-31.9,-30.125111601810445,9.3,6.413949368588057
2020-11-29 06:00:00,4,-34.6,-31.952809344422665,9.6,5.016382645662942
2020-11-29 06:00:00,8,-35.8,-36.37296619515955,10.6,5.697503863995125
2020-11-29 09:00:00,1,-31.9,-29.542788291903555,9.3,7.575859645156949
2020-11-29 09:00:00,2,-32.4,-30.726676611148644,9.3,5.91460734730327
2020-11-29 09:00:00,4,-37.0,-34.69236593460741,8.6,4.989193202974599
2020-11-29 09:00:00,8,-33.3,-32.172797029608176,11.1,6.689452930480133
2020-11-29 12:00:00,1,-32.4,-30.225333289479703,9.3,7.371860124437811
2020-11-29 12:00:00,2,-34.6,-32.67085198476006,9.6,5.672711482432073
2020-11-29 12:00:00,4,-39.4,-35.74815061888327,8.3,5.16908763899662
2020-11-29 12:00:00,8,-31.8,-30.635559173985417,11.7,7.0148477397795705
2020-11-29 15:00:00,1,-34.6,-32.6986301799175,9.6,7.121022681969257
2020-11-29 15:00:00,2,-37.0,-35.61229439326472,8.6,5.757699978857735
2020-11-29 15:00:00,4,-37.9,-36.50447203580221,10.0,5.365382396556125
2020-11-29 15:00:00,8,-32.4,-30.921410736644667,9.2,6.484522226481965
2020-11-29 18:00:00,1,-37.0,-36.381759189238025,8.6,7.302115221992642
2020-11-29 18:00:00,2,-39.4,-38.14660474851351,8.3,6.283331185244794
2020-11-29 18:00:00,4,-35.8,-35.05670455208019,10.6,5.931122307185343
2020-11-29 18:00:00,8,-34.2,-33.254168145030775,7.366666666666666,4.935084970731465
2020-11-29 21:00:00,1,-39.4,-39.62540709186648,8.3,7.2072023507754475
2020-11-29 21:00:00,2,-37.9,-39.21080200234528,10.0,6.557641015388649
2020-11-29 21:00:00,4,-33.3,-34.46871378138821,11.1,6.165295919884338
2020-11-29 21:00:00,8,-36.66666666666667,-38.09100512813924,5.533333333333333,4.22539022499054
2020-11-30 00:00:00,1,-37.9,-39.238630632572004,10.0,7.153220807233125
2020-11-30 00:00:00,2,-35.8,-37.50414410299913,10.6,6.885919592236362
2020-11-30 00:00:00,4,-31.8,-33.0620364691096,11.7,6.119899135426815
2020-11-30 00:00:00,8,-39.13333333333333,-39.28547904792521,3.7,3.759192388573368
2020-11-30 03:00:00,1,-35.8,-35.730153945162186,10.6,8.547204522028128
2020-11-30 03:00:00,2,-33.3,-34.55720138993898,11.1,7.945235268737665
2020-11-30 03:00:00,4,-32.4,-32.95261542480367,9.2,6.362627647920856
2020-11-30 03:00:00,8,-41.6,-36.968846451688904,3.4,4.199825234305113
2020-11-30 06:00:00,1,-33.3,-33.66698927410144,11.1,9.619800544208626
2020-11-30 06:00:00,2,-31.8,-34.07059951851959,11.7,8.575923186913137
2020-11-30 06:00:00,4,-34.2,-35.79067746930017,7.366666666666666,6.202371773410096
2020-11-30 06:00:00,8,-39.8,-36.38386017012404,3.3,4.42813437585618
2020-11-30 09:00:00,1,-31.8,-32.8951453838601,11.7,9.20647887109113
2020-11-30 09:00:00,2,-32.4,-34.761362550384426,9.2,7.603088331483253
2020-11-30 09:00:00,4,-36.66666666666667,-37.57811938061507,5.533333333333333,5.539474639377419
2020-11-30 09:00:00,8,-36.8,-33.92912770818721,3.2,4.842051101962337
2020-11-30 12:00:00,1,-32.4,-33.163484449463354,9.2,8.760001442631241
2020-11-30 12:00:00,2,-34.2,-35.88477057555092,7.366666666666666,7.06237071894819
2020-11-30 12:00:00,4,-39.13333333333333,-38.18226666550041,3.7,5.489415113544232
2020-11-30 12:00:00,8,-53.29175178959221,-33.33867138310843,2.8,5.017191619134624
2020-11-30 15:00:00,1,-34.2,-37.00018392173554,7.366666666666666,7.675960354688188
2020-11-30 15:00:00,2,-36.66666666666667,-39.56240504432388,5.533333333333333,6.620075723860214
2020-11-30 15:00:00,4,-41.6,-39.91962799402225,3.4,5.381659761804016
2020-11-30 15:00:00,8,-53.29175178959221,-35.38695194472366,1.8,3.936066290836011
2020-11-30 18:00:00,1,-36.66666666666667,-37.1418113602817,5.533333333333333,5.636607548787793
2020-11-30 18:00:00,2,-39.13333333333333,-38.81393276518689,3.7,4.6131075571443265
2020-11-30 18:00:00,4,-39.8,-36.68221530695879,3.3,4.624324412620906
2020-11-30 18:00:00,8,-53.29175178959221,-35.52928547423974,2.3,2.923667236640688
2020-11-30 21:00:00,1,-39.13333333333333,-41.023544305914,3.7,4.384138525289704
2020-11-30 21:00:00,2,-41.6,-40.931710690767,3.4,3.5509964446052633
2020-11-30 21:00:00,4,-36.8,-36.427934656666835,3.2,4.344547666444129
2020-11-30 21:00:00,8,-53.29175178959221,-39.380014541783645,1.8,2.3494756540467137
2020-12-01 00:00:00,1,-41.6,-41.20160315650408,3.4,3.145709046572876
2020-12-01 00:00:00,2,-39.8,-40.15644802332946,3.3,2.6133420909589287
2020-12-01 00:00:00,4,-53.29175178959221,-37.12194282498934,2.8,3.056544808455413
2020-12-01 00:00:00,8,-53.29175178959221,-41.651302408232276,1.1,2.2121244141446557
2020-12-01 03:00:00,1,-39.8,-41.07363569622191,3.3,3.152606969067239
2020-12-01 03:00:00,2,-36.8,-40.43362763607651,3.2,2.780751664772887
2020-12-01 03:00:00,4,-53.29175178959221,-40.43325873956978,1.8,1.9554121564170823
2020-12-01 03:00:00,8,-53.29175178959221,-40.0110451595972,1.3000000000000003,2.530631218499542
2020-12-01 06:00:00,1,-36.8,-39.157699638401354,3.2,3.604395791982571
2020-12-01 06:00:00,2,-53.29175178959221,-39.309821894363694,2.8,3.2367037391324747
2020-12-01 06:00:00,4,-53.29175178959221,-41.49627869478436,2.3,1.7378220733262741
2020-12-01 06:00:00,8,-53.29175178959221,-36.716460718999905,0.20000000000000018,3.8063330088726604
2020-12-01 09:00:00,1,-53.29175178959221,-32.45538184078006,2.8,3.887550783543966
2020-12-01 09:00:00,2,-53.29175178959221,-33.7147094956522,1.8,3.2767978603107997
2020-12-01 09:00:00,4,-53.29175178959221,-38.627595358225,1.8,2.710842696194554
2020-12-01 09:00:00,8,-53.29175178959221,-32.822469890029595,0.3999999999999999,5.755067242624032
2020-12-01 12:00:00,1,-53.29175178959221,-42.12714143586731,1.8,2.8080175152509033
2020-12-01 12:00:00,2,-53.29175178959221,-44.30423964893257,2.3,2.0990937790275437
2020-12-01 12:00:00,4,-53.29175178959221,-46.86582853190244,1.1,2.625956574476618
2020-12-01 12:00:00,8,-53.29175178959221,-32.1532166947117,2.3,6.008906823396669
2020-12-01 15:00:00,1,-53.29175178959221,-47.22507212662646,2.3,2.2794914507222335
2020-12-01 15:00:00,2,-53.29175178959221,-49.32624538639761,1.8,2.006100753501186
2020-12-01 15:00:00,4,-53.29175178959221,-46.810701560177414,1.3000000000000003,3.181700687959618
2020-12-01 15:00:00,8,-53.29175178959221,-31.139579877332135,3.1,5.896760023256263
2020-12-01 18:00:00,1,-53.29175178959221,-51.43896737640764,1.8,2.839667935828434
2020-12-01 18:00:00,2,-53.29175178959221,-50.873073650569204,1.1,2.5669084426647126
2020-12-01 18:00:00,4,-53.29175178959221,-42.8156658711571,0.20000000000000018,3.959179513911706
2020-12-01 18:00:00,8,-37.2,-34.459742103064286,3.0,4.477370958335694
2020-12-01 21:00:00,1,-53.29175178959221,-52.48979618468838,1.1,3.1487267010435986
2020-12-01 21:00:00,2,-53.29175178959221,-49.55433420458622,1.3000000000000003,3.303320694355394
2020-12-01 21:00:00,4,-53.29175178959221,-39.045292837994054,0.3999999999999999,4.8593331256701155
2020-12-01 21:00:00,8,-38.5,-38.826534327496994,3.2,4.3936112783237125
2020-12-02 00:00:00,1,-53.29175178959221,-49.378130103668916,1.3000000000000003,2.523295750769968
2020-12-02 00:00:00,2,-53.29175178959221,-44.2158219289778,0.20000000000000018,3.14875994616353
2020-12-02 00:00:00,4,-53.29175178959221,-33.24850788925558,2.3,5.334737274280405
2020-12-02 00:00:00,8,-39.800000000000004,-41.05589335935019,3.0,4.323790554610634
2020-12-02 03:00:00,1,-53.29175178959221,-46.03946757402387,0.20000000000000018,2.612028068929129
2020-12-02 03:00:00,2,-53.29175178959221,-40.03145262962987,0.3999999999999999,3.5549988024658914
2020-12-02 03:00:00,4,-53.29175178959221,-31.340560746408983,3.1,5.1324352541837595
2020-12-02 03:00:00,8,-41.1,-39.96197183718776,3.4,4.0603716871237605
2020-12-02 06:00:00,1,-53.29175178959221,-44.133882953922544,0.3999999999999999,2.068237188996177
2020-12-02 06:00:00,2,-53.29175178959221,-39.36872717327878,2.3,3.2854701977588503
2020-12-02 06:00:00,4,-37.2,-34.17518456018256,3.0,4.03532507503652
2020-12-02 06:00:00,8,-38.4,-38.01897376219354,3.2,4.211287255878634
2020-12-02 09:00:00,1,-53.29175178959221,-45.178942260465526,2.3,2.541437188821048
2020-12-02 09:00:00,2,-53.29175178959221,-42.4210460380886,3.1,3.1871930643690707
2020-12-02 09:00:00,4,-38.5,-39.13274148411766,3.2,4.2720308621469405
2020-12-02 09:00:00,8,-53.29175178959221,-34.29888881610859,2.6,4.3114906600385625
2020-12-02 12:00:00,1,-53.29175178959221,-44.91257808807508,3.1,2.84905676293017
2020-12-02 12:00:00,2,-37.2,-42.829325128920104,3.0,3.0486365222440126
2020-12-02 12:00:00,4,-39.800000000000004,-41.830379326720816,3.0,3.8314311548948057
2020-12-02 12:00:00,8,-53.29175178959221,-34.263095767941564,2.5,5.014555257130022
2020-12-02 15:00:00,1,-37.2,-46.995929755865646,3.0,3.415198574267456
2020-12-02 15:00:00,2,-38.5,-44.242505683131874,3.2,3.5635889735469597
2020-12-02 15:00:00,4,-41.1,-41.23058819081929,3.4,3.9677201772239594
2020-12-02 15:00:00,8,-53.29175178959221,-35.89556800338278,1.5,4.0167505173235325
2020-12-02 18:00:00,1,-38.5,-43.618459601912605,3.2,3.430918130658638
2020-12-02 18:00:00,2,-39.800000000000004,-44.634468308550304,3.0,3.285797236961893
2020-12-02 18:00:00,4,-38.4,-42.515149231353206,3.2,3.145337778296886
2020-12-02 18:00:00,8,-53.29175178959221,-38.797057191005806,2.3,2.9074786494596534
2020-12-02 21:00:00,1,-39.800000000000004,-39.023940070662874,3.0,3.2975675290420394
2020-12-02 21:00:00,2,-41.1,-38.778340016295004,3.4,3.4541757980485155
2020-12-02 21:00:00,4,-53.29175178959221,-34.02955545913953,2.6,4.667084408512545
2020-12-02 21:00:00,8,-53.29175178959221,-35.35916942656027,2.7,4.266397693854283
2020-12-03 00:00:00,1,-41.1,-38.43755457617598,3.4,3.442507973986376
2020-12-03 00:00:00,2,-38.4,-36.2632872114993,3.2,3.9487663532109405
2020-12-03 00:00:00,4,-53.29175178959221,-31.80365555253795,2.5,5.08762029931515
2020-12-03 00:00:00,8,-53.29175178959221,-38.05737934694927,2.5,3.755736735646072
2020-12-03 03:00:00,1,-38.4,-35.99402878663317,3.2,3.964365779281024
2020-12-03 03:00:00,2,-53.29175178959221,-34.40975230339593,2.6,4.481679653847138
2020-12-03 03:00:00,4,-53.29175178959221,-32.823510293458746,1.5,4.337196842508396
2020-12-03 03:00:00,8,-39.6,-36.67218449217998,2.4,3.599518730222683
2020-12-03 06:00:00,1,-53.29175178959221,-33.45418354278141,2.6,4.008133046320404
2020-12-03 06:00:00,2,-53.29175178959221,-32.59804391874745,2.5,4.118023417258242
2020-12-03 06:00:00,4,-53.29175178959221,-34.686506820559046,2.3,2.982251163137245
2020-12-03 06:00:00,8,-35.5,-34.22388754508329,2.0,3.5842212462227026
2020-12-03 09:00:00,1,-53.29175178959221,-44.87618846508857,2.5,2.315170529329447
2020-12-03 09:00:00,2,-53.29175178959221,-44.679640118100444,1.5,1.9299912368047167
2020-12-03 09:00:00,4,-53.29175178959221,-43.90929270841474,2.7,2.916132458152009
2020-12-03 09:00:00,8,-34.0,-31.835520429309053,4.1,3.3171650606899696
2020-12-03 12:00:00,1,-53.29175178959221,-46.02988779286463,1.5,2.431034597763535
2020-12-03 12:00:00,2,-53.29175178959221,-46.73395667675701,2.3,2.2983504714902847
2020-12-03 12:00:00,4,-53.29175178959221,-44.12758289326848,2.5,2.8386271262998797
2020-12-03 12:00:00,8,-32.5,-29.265107210467665,4.9,3.2064042381356535
2020-12-03 15:00:00,1,-53.29175178959221,-50.6083070089982,2.3,2.400229515006993
2020-12-03 15:00:00,2,-53.29175178959221,-49.72562304775169,2.7,2.6327069067673414
2020-12-03 15:00:00,4,-39.6,-43.1673107021931,2.4,2.9374843030532034
2020-12-03 15:00:00,8,-32.4,-32.54018192526547,4.5,3.0950831273371753
2020-12-03 18:00:00,1,-53.29175178959221,-49.41715892178075,2.7,2.8956575166066854
2020-12-03 18:00:00,2,-53.29175178959221,-46.93186713086619,2.5,2.9584243563565993
2020-12-03 18:00:00,4,-35.5,-38.62011943995573,2.0,3.129441678855036
2020-12-03 18:00:00,8,-34.6,-35.855828050794095,3.8,3.5408468787818337
2020-12-03 21:00:00,1,-53.29175178959221,-47.18069719117095,2.5,2.881291039262704
2020-12-03 21:00:00,2,-39.6,-42.59812500733266,2.4,2.865625629494281
2020-12-03 21:00:00,4,-34.0,-33.749725843752316,4.1,4.001798238038698
2020-12-03 21:00:00,8,-37.1,-38.73013850008312,3.3,4.062623450812304
2020-12-04 00:00:00,1,-39.6,-45.73759134885238,2.4,2.6615176022489844
2020-12-04 00:00:00,2,-35.5,-40.0516943844349,2.0,2.814521934962442
2020-12-04 00:00:00,4,-32.5,-31.39914900488859,4.9,4.629638513074482
2020-12-04 00:00:00,8,-37.8,-39.71338170371257,3.8,4.288987686197206
2020-12-04 03:00:00,1,-35.5,-37.490457466198514,2.0,2.838036978765964
2020-12-04 03:00:00,2,-34.0,-34.74270733875874,4.1,3.3364408584908047
2020-12-04 03:00:00,4,-32.4,-32.417437376657745,4.5,4.2436465146668505
2020-12-04 03:00:00,8,-37.2,-39.418912949216335,3.8,4.708575277949334
2020-12-04 06:00:00,1,-34.0,-32.99234240837454,4.1,2.737040383901795
2020-12-04 06:00:00,2,-32.5,-31.87438425269424,4.9,3.045200411155457
2020-12-04 06:00:00,4,-34.6,-33.70995418912008,3.8,3.5311410233371467
2020-12-04 06:00:00,8,-34.2,-36.91121934152958,3.5,4.877447370439456
2020-12-04 09:00:00,1,-32.5,-31.12759074086329,4.9,4.049481790869983
2020-12-04 09:00:00,2,-32.4,-32.37978831794122,4.5,3.4194870880982364
2020-12-04 09:00:00,4,-37.1,-37.63288898384919,3.3,3.820002431761376
2020-12-04 09:00:00,8,-32.0,-32.52717400039717,4.1,5.030685032174274
2020-12-04 12:00:00,1,-32.4,-31.468054837540905,4.5,4.453856661014417
2020-12-04 12:00:00,2,-34.6,-34.180428366385705,3.8,3.6913158245442093
2020-12-04 12:00:00,4,-37.8,-38.45266348193029,3.8,3.7297389718797787
2020-12-04 12:00:00,8,-29.8,-29.675109739666564,4.4,4.93553477960354
2020-12-04 15:00:00,1,-34.6,-34.019126927814405,3.8,3.6610564736280744
2020-12-04 15:00:00,2,-37.1,-37.3468371219148,3.3,3.43201695252157
2020-12-04 15:00:00,4,-37.2,-39.49969263817915,3.8,3.9485923428678853
2020-12-04 15:00:00,8,-30.3,-30.044562473164344,3.7,4.494000983123639
2020-12-04 18:00:00,1,-37.1,-36.75579430903039,3.3,3.75296035490059
2020-12-04 18:00:00,2,-37.8,-39.18822294232962,3.8,3.564639354044283
2020-12-04 18:00:00,4,-34.2,-37.46906435081192,3.5,4.1720781693806215
2020-12-04 18:00:00,8,-33.1,-32.025362353084915,2.8,4.815635441439895
2020-12-04 21:00:00,1,-37.8,-37.321017248447404,3.8,3.360647118192042
2020-12-04 21:00:00,2,-37.2,-37.1529214855431,3.8,3.167013569831827
2020-12-04 21:00:00,4,-32.0,-32.945240376672956,4.1,5.017736871093589
2020-12-04 21:00:00,8,-35.1,-35.6673824579363,3.2,4.547907985081898
2020-12-05 00:00:00,1,-37.2,-35.90208997834167,3.8,3.996189890280648
2020-12-05 00:00:00,2,-34.2,-34.32693503763421,3.5,4.300975391230872
2020-12-05 00:00:00,4,-29.8,-30.69620518329165,4.4,6.01985195933649
2020-12-05 00:00:00,8,-37.1,-36.11677909924882,3.4,4.845463165658609
2020-12-05 03:00:00,1,-34.2,-34.73381923854963,3.5,4.847268266364534
2020-12-05 03:00:00,2,-32.0,-32.34447944643928,4.1,5.809159692099724
2020-12-05 03:00:00,4,-30.3,-31.008994836954336,3.7,5.907039936876503
2020-12-05 03:00:00,8,-39.1,-36.35602001188147,3.3,5.164410074616399
2020-12-05 06:00:00,1,-32.0,-32.07210125228768,4.1,4.8642298359090645
2020-12-05 06:00:00,2,-29.8,-30.534578078273,4.4,5.338090792440696
2020-12-05 06:00:00,4,-33.1,-31.905015631770958,2.8,4.478059961446759
2020-12-05 06:00:00,8,-36.3,-33.72005273099192,4.1,5.771731072393591
2020-12-05 09:00:00,1,-29.8,-29.14681823998033,4.4,5.1084493933650155
2020-12-05 09:00:00,2,-30.3,-28.99512684360984,3.7,4.77748550660557
2020-12-05 09:00:00,4,-35.1,-32.62125125562615,3.2,3.826217216362305
2020-12-05 09:00:00,8,-33.849999999999994,-31.060115823176545,5.4,5.657013387405401
2020-12-05 12:00:00,1,-30.3,-28.86577241892247,3.7,4.083533324904985
2020-12-05 12:00:00,2,-33.1,-31.294075463554595,2.8,3.719428052586339
2020-12-05 12:00:00,4,-37.1,-34.75152771187483,3.4,3.986274713216764
2020-12-05 12:00:00,8,-31.4,-28.26466853021769,6.8,5.6760346081010065
2020-12-05 15:00:00,1,-33.1,-31.431310728067455,2.8,3.4937613515381445
2020-12-05 15:00:00,2,-35.1,-34.8136766862456,3.2,3.3929396201395954
2020-12-05 15:00:00,4,-39.1,-36.05148297655497,3.3,3.73183098836814
2020-12-05 15:00:00,8,-31.7,-27.811810602150583,6.2,4.733242143855101
2020-12-05 18:00:00,1,-35.1,-34.10120207755672,3.2,3.4319451302656807
2020-12-05 18:00:00,2,-37.1,-36.738359626081284,3.4,3.33154108234264
2020-12-05 18:00:00,4,-36.3,-35.11095395359974,4.1,3.395904087750445
2020-12-05 18:00:00,8,-34.2,-30.553681441514282,4.7,4.178855375032123
2020-12-05 21:00:00,1,-37.1,-35.215282496910376,3.4,3.4216739344916456
2020-12-05 21:00:00,2,-39.1,-35.77614496433763,3.3,3.1763919461821493
2020-12-05 21:00:00,4,-33.849999999999994,-32.63684866105148,5.4,3.8707054519488335
2020-12-05 21:00:00,8,-36.650000000000006,-34.88833211679584,4.9,3.8366260847901685
2020-12-06 00:00:00,1,-39.1,-37.26883856677229,3.3,3.4667660742134405
2020-12-06 00:00:00,2,-36.3,-36.210281394688,4.1,3.5078260301099538
2020-12-06 00:00:00,4,-31.4,-32.57982244871758,6.8,4.422676524250505
2020-12-06 00:00:00,8,-39.1,-38.1089052547277,4.2,4.040660716834847
2020-12-06 03:00:00,1,-36.3,-35.645294779595616,4.1,3.5933962028290685
2020-12-06 03:00:00,2,-33.849999999999994,-33.58169060293115,5.4,3.8392023016539807
2020-12-06 03:00:00,4,-31.7,-31.15617301512526,6.2,3.1763797092053663
2020-12-06 03:00:00,8,-37.2,-37.81234848836327,2.8,4.74035110754383
2020-12-06 06:00:00,1,-33.849999999999994,-33.55945450138658,5.4,4.782110817228723
2020-12-06 06:00:00,2,-31.4,-31.878531456391038,6.8,4.85663373923607
2020-12-06 06:00:00,4,-34.2,-32.609982620147015,4.7,3.0894339629964356
2020-12-06 06:00:00,8,-34.2,-34.86272407061941,3.8,5.059738227744845
2020-12-06 09:00:00,1,-31.4,-29.589865826571486,6.8,5.717127389221188
2020-12-06 09:00:00,2,-31.7,-29.65255229468059,6.2,4.791419024248125
2020-12-06 09:00:00,4,-36.650000000000006,-33.625494181101814,4.9,3.7689200919537273
2020-12-06 09:00:00,8,-32.150000000000006,-32.31756441146751,4.8,6.570530417652712
2020-12-06 12:00:00,1,-31.7,-29.529947523264866,6.2,5.5343736062843
2020-12-06 12:00:00,2,-34.2,-32.20049164665081,4.7,4.107295134410256
2020-12-06 12:00:00,4,-39.1,-35.989388760259416,4.2,3.5740117118815142
2020-12-06 12:00:00,8,-30.1,-29.581143441590005,5.6,6.791966057342822
2020-12-06 15:00:00,1,-34.2,-33.1173118640385,4.7,4.335082271592238
2020-12-06 15:00:00,2,-36.650000000000006,-36.543013074744,4.9,3.3046757729086043
2020-12-06 15:00:00,4,-37.2,-38.20464974924687,2.8,3.419135574941628
2020-12-06 15:00:00,8,-29.5,-30.975057799336813,4.4,6.340538171922427
2020-12-06 18:00:00,1,-36.650000000000006,-35.92016590717162,4.9,4.038126089696049
2020-12-06 18:00:00,2,-39.1,-37.74213854891957,4.2,3.5325245948510036
2020-12-06 18:00:00,4,-34.2,-35.16192795762005,3.8,4.55228631672266
2020-12-06 18:00:00,8,-32.6,-31.49325508015715,3.7,4.884585233655054
2020-12-06 21:00:00,1,-39.1,-38.4171759261829,4.2,4.613611112737956
2020-12-06 21:00:00,2,-37.2,-38.078892065500156,2.8,4.5325434609779025
2020-12-06 21:00:00,4,-32.150000000000006,-33.81254776604748,4.8,6.787551148072112
2020-12-06 21:00:00,8,-34.0,-36.00530318612022,2.8,4.330663363309507
2020-12-07 00:00:00,1,-37.2,-37.640305821037316,2.8,5.04393850449269
2020-12-07 00:00:00,2,-34.2,-36.21235211453244,3.8,5.748813854227064
2020-12-07 00:00:00,4,-30.1,-32.60047921209268,5.6,7.15076061503807
2020-12-07 00:00:00,8,-35.4,-36.13797335636225,3.2,5.317993997472038
2020-12-07 03:00:00,1,-34.2,-37.627368505266006,3.8,4.146614806920677
2020-12-07 03:00:00,2,-32.150000000000006,-35.99264974773886,4.8,5.055044347395579
2020-12-07 03:00:00,4,-29.5,-34.32204139491207,4.4,5.561768011668737
2020-12-07 03:00:00,8,-36.8,-34.779318876050084,4.3,6.078081839968826
2020-12-07 06:00:00,1,-32.150000000000006,-33.39918626123453,4.8,5.345811764929053
2020-12-07 06:00:00,2,-30.1,-31.805706098354676,5.6,5.826640173444044
2020-12-07 06:00:00,4,-32.6,-33.11133314682586,3.7,4.9790540545774835
2020-12-07 06:00:00,8,-33.3,-34.9718814115631,4.6,6.661161679999882
2020-12-07 09:00:00,1,-30.1,-30.142935355293996,5.6,6.5267436887548325
2020-12-07 09:00:00,2,-29.5,-29.747665630332776,4.4,6.251315628209705
2020-12-07 09:00:00,4,-34.0,-32.994488060321906,2.8,4.670716151269146
2020-12-07 09:00:00,8,-30.95,-34.15125239930821,5.2,7.493636972085033
2020-12-07 12:00:00,1,-29.5,-30.655815338810246,4.4,5.313752911923822
2020-12-07 12:00:00,2,-32.6,-32.25044542126968,3.7,4.435407725599035
2020-12-07 12:00:00,4,-35.4,-35.51198048146878,3.2,4.546599188427805
2020-12-07 12:00:00,8,-28.6,-33.59067092726694,6.5,7.850759622834721
2020-12-07 15:00:00,1,-32.6,-30.936954824996764,3.7,4.1204263969213235
2020-12-07 15:00:00,2,-34.0,-33.48835402271959,2.8,3.9158660280963407
2020-12-07 15:00:00,4,-36.8,-35.504249505849145,4.3,5.000007171320147
2020-12-07 15:00:00,8,-29.1,-32.41505251838179,5.0,7.389778257657662
2020-12-07 18:00:00,1,-34.0,-34.1119980643866,2.8,4.395239142816886
2020-12-07 18:00:00,2,-35.4,-36.70073218239445,3.2,4.612173494576641
2020-12-07 18:00:00,4,-33.3,-35.88910510950504,4.6,6.100599370213937
2020-12-07 18:00:00,8,-32.0,-33.70089605067739,5.1,5.821123882942709
2020-12-07 21:00:00,1,-35.4,-33.1744086854694,3.2,4.034104683208163
2020-12-07 21:00:00,2,-36.8,-34.37288426775225,4.3,4.417701593336433
2020-12-07 21:00:00,4,-30.95,-33.632073796139885,5.2,5.666920699745644
2020-12-07 21:00:00,8,-33.2,-35.97330861917097,6.9,4.309761487240867
2020-12-08 00:00:00,1,-36.8,-35.52613832591666,4.3,4.406012161279343
2020-12-08 00:00:00,2,-33.3,-36.15292663390279,4.6,4.807098883779982
2020-12-08 00:00:00,4,-28.6,-36.310063576753535,6.5,5.950071652304899
2020-12-08 00:00:00,8,-33.0,-39.53025340815887,6.4,3.862197047333546
2020-12-08 03:00:00,1,-33.3,-34.46659406747647,4.6,5.087951950712056
2020-12-08 03:00:00,2,-30.95,-34.94472284725681,5.2,5.593246314768901
2020-12-08 03:00:00,4,-29.1,-35.68156191741387,5.0,4.809865027054691
2020-12-08 03:00:00,8,-31.9,-38.89125981340699,8.3,3.787399553160866
2020-12-08 06:00:00,1,-30.95,-32.14839942509447,5.2,6.01871474695816
2020-12-08 06:00:00,2,-28.6,-31.428231306837418,6.5,6.298393064119072
2020-12-08 06:00:00,4,-32.0,-34.54112845386044,5.1,4.320535145545247
2020-12-08 06:00:00,8,-31.7,-35.383770212353085,9.4,4.062185798936772
2020-12-08 09:00:00,1,-28.6,-27.471809067108364,6.5,6.533136136129796
2020-12-08 09:00:00,2,-29.1,-27.654868194567054,5.0,5.715236229776581
2020-12-08 09:00:00,4,-33.2,-32.352579318565645,6.9,4.309131882788349
2020-12-08 09:00:00,8,-30.6,-33.55092232866638,10.1,4.908434061661892
2020-12-08 12:00:00,1,-29.1,-27.846599271937947,5.0,5.85556593383156
2020-12-08 12:00:00,2,-32.0,-30.122731066540428,5.1,4.395757681375554
2020-12-08 12:00:00,4,-33.0,-34.059460573218615,6.4,3.9218411119167564
2020-12-08 12:00:00,8,-29.8,-30.834316577008003,10.2,5.719720028694365
2020-12-08 15:00:00,1,-32.0,-31.293219508378815,5.1,3.7906628536099727
2020-12-08 15:00:00,2,-33.2,-34.4495700700915,6.9,3.1934913483409892
2020-12-08 15:00:00,4,-31.9,-36.47514476351688,8.3,3.906812531482569
2020-12-08 15:00:00,8,-30.4,-31.723669855665808,10.7,5.79133817501029
2020-12-08 18:00:00,1,-33.2,-34.429737559848625,6.9,4.746872483066336
2020-12-08 18:00:00,2,-33.0,-37.122481759729645,6.4,4.224765685953247
2020-12-08 18:00:00,4,-31.7,-35.64405839989727,9.4,5.023690280268853
2020-12-08 18:00:00,8,-32.7,-33.052786677403645,8.5,5.700608590287576
2020-12-08 21:00:00,1,-33.0,-34.285308813454456,6.4,5.980823094980206
2020-12-08 21:00:00,2,-31.9,-35.03390069575573,8.3,5.458750262809211
2020-12-08 21:00:00,4,-30.6,-31.350388379908683,10.1,7.198383622827364
2020-12-08 21:00:00,8,-35.1,-32.93210708463244,6.5,6.10135033135124
2020-12-09 00:00:00,1,-31.9,-33.57552599646314,8.3,6.125828550529956
2020-12-09 00:00:00,2,-31.7,-32.57814079940758,9.4,6.19224435544824
2020-12-09 00:00:00,4,-29.8,-29.454440460544788,10.2,7.730040220606057
2020-12-09 00:00:00,8,-37.5,-34.65985404794753,7.1,6.004254959333699
2020-12-09 03:00:00,1,-31.7,-30.373165682549285,9.4,9.125162640743877
2020-12-09 03:00:00,2,-30.6,-29.184895276284752,10.1,9.64074982189975
2020-12-09 03:00:00,4,-30.4,-27.77205047553419,10.7,8.404553471475447
2020-12-09 03:00:00,8,-37.1,-33.515882924534594,7.0,5.442567380885325
2020-12-09 06:00:00,1,-30.6,-29.601313146296068,10.1,10.234476631534372
2020-12-09 06:00:00,2,-29.8,-29.479519658994764,10.2,9.952068322167419
2020-12-09 06:00:00,4,-32.7,-31.319326141240122,8.5,6.703704342918242
2020-12-09 06:00:00,8,-35.8,-35.86864720440309,7.199999999999999,4.952905421417694
2020-12-09 09:00:00,1,-29.8,-28.216792680453153,10.2,9.96429826068921
2020-12-09 09:00:00,2,-30.4,-29.875215920541898,10.7,8.341869864495722
2020-12-09 09:00:00,4,-35.1,-34.00422696734711,6.5,4.926404875200094
2020-12-09 09:00:00,8,-33.7,-33.12687291217201,9.1,4.895894439649228
2020-12-09 12:00:00,1,-30.4,-27.939333513322094,10.7,8.65128291551583
2020-12-09 12:00:00,2,-32.7,-31.19106399605316,8.5,6.406303684166007
2020-12-09 12:00:00,4,-37.5,-35.98270395207685,7.1,4.469925864356597
2020-12-09 12:00:00,8,-33.1,-32.22694411998718,9.2,4.703723783206298
2020-12-09 15:00:00,1,-32.7,-30.01655948169811,8.5,8.005377850159359
2020-12-09 15:00:00,2,-35.1,-33.56065917904138,6.5,6.041715144574715
2020-12-09 15:00:00,4,-37.1,-36.28575099135662,7.0,4.6106797836067175
2020-12-09 15:00:00,8,-33.2,-33.13763431495438,8.7,3.8938029189171672
2020-12-09 18:00:00,1,-35.1,-35.52934743732486,6.5,7.497830496050285
2020-12-09 18:00:00,2,-37.5,-37.26185258917602,7.1,6.623597627086651
2020-12-09 18:00:00,4,-35.8,-35.660856159971466,7.199999999999999,6.022537375888545
2020-12-09 18:00:00,8,-34.6,-35.02787442547776,5.3,3.463653083296147
2020-12-09 21:00:00,1,-37.5,-39.466657667800746,7.1,6.094219932958081
2020-12-09 21:00:00,2,-37.1,-39.176542180284365,7.0,5.738023346752038
2020-12-09 21:00:00,4,-33.7,-35.169386583865574,9.1,7.246028385242049
2020-12-09 21:00:00,8,-37.4,-37.668530726808385,4.1,3.331872387158504
2020-12-10 00:00:00,1,-37.1,-36.58950123960235,7.0,6.832644647457994
2020-12-10 00:00:00,2,-35.8,-34.6773622219976,7.199999999999999,7.446524131589244
2020-12-10 00:00:00,4,-33.1,-31.40807168914521,9.2,7.953766920942831
2020-12-10 00:00:00,8,-38.25,-37.678704200783145,4.7,3.3147236371913307
2020-12-10 03:00:00,1,-35.8,-34.41773545436196,7.199999999999999,7.476600114474195
2020-12-10 03:00:00,2,-33.7,-32.774643034332364,9.1,7.970462956089197
2020-12-10 03:00:00,4,-33.2,-31.88597423161479,8.7,5.0528312408232345
2020-12-10 03:00:00,8,-39.1,-36.555706861180795,4.3,3.6643325175954864
2020-12-10 06:00:00,1,-33.7,-32.509085102549406,9.1,7.672422881974953
2020-12-10 06:00:00,2,-33.1,-32.6531478344408,9.2,7.22709802209955
2020-12-10 06:00:00,4,-34.6,-34.64736920679776,5.3,2.9883814886042996
2020-12-10 06:00:00,8,-36.0,-35.478164488017526,5.1,4.357380016136698
2020-12-10 09:00:00,1,-33.1,-31.221146353375712,9.2,8.401251887151265
2020-12-10 09:00:00,2,-33.2,-32.77562291567837,8.7,6.741389325954975
2020-12-10 09:00:00,4,-37.4,-36.439253727215245,4.1,3.5407167642607242
2020-12-10 09:00:00,8,-34.03333333333333,-32.94763243995881,6.0,4.2118483439252
2020-12-10 12:00:00,1,-33.2,-31.70910997166566,8.7,7.595244722626266
2020-12-10 12:00:00,2,-34.6,-35.071336486179305,5.3,5.4083695363305315
2020-12-10 12:00:00,4,-38.25,-40.232646766999665,4.7,3.2097975331355086
2020-12-10 12:00:00,8,-32.06666666666667,-35.694542463244574,5.8,3.9319145698764144
2020-12-10 15:00:00,1,-34.6,-36.81016187271225,5.3,5.798017911408811
2020-12-10 15:00:00,2,-37.4,-40.6007651326645,4.1,4.208392344416862
2020-12-10 15:00:00,4,-39.1,-42.652135202523624,4.3,3.7780724174845672
2020-12-10 15:00:00,8,-30.1,-35.88625336658775,4.8,3.964713373405852
2020-12-10 18:00:00,1,-37.4,-38.91369621422669,4.1,4.160440831120119
2020-12-10 18:00:00,2,-38.25,-41.22788991461281,4.7,3.4513057871015924
2020-12-10 18:00:00,4,-36.0,-40.403587067811365,5.1,3.5591041748761696
2020-12-10 18:00:00,8,-32.4,-36.21179300576442,3.4,2.8119372935133065
2020-12-10 21:00:00,1,-38.25,-37.761887481047644,4.7,3.5507369820403487
2020-12-10 21:00:00,2,-39.1,-38.42660728413826,4.3,2.9664848716255827
2020-12-10 21:00:00,4,-34.03333333333333,-35.97750193493111,6.0,4.499215588158144
2020-12-10 21:00:00,8,-33.833333333333336,-35.72332215477772,3.8,2.680997802884231
2020-12-11 00:00:00,1,-39.1,-39.495153481943944,4.3,4.73109184843156
2020-12-11 00:00:00,2,-36.0,-38.85115096431157,5.1,4.607898497406491
2020-12-11 00:00:00,4,-32.06666666666667,-35.74941870062517,5.8,5.637036242876398
2020-12-11 00:00:00,8,-35.266666666666666,-36.85545688793163,3.8,2.8200950647546303
2020-12-11 03:00:00,1,-36.0,-36.199894652420284,5.1,5.50601282631505
2020-12-11 03:00:00,2,-34.03333333333333,-35.06275964239775,6.0,6.19231409821788
2020-12-11 03:00:00,4,-30.1,-35.567911532298325,4.8,4.4771826315296055
2020-12-11 03:00:00,8,-36.7,-37.94473045820942,3.3,2.6952344456379445
2020-12-11 06:00:00,1,-34.03333333333333,-33.80353718067011,6.0,6.422197784101846
2020-12-11 06:00:00,2,-32.06666666666667,-34.16552840591841,5.8,5.931108870504954
2020-12-11 06:00:00,4,-32.4,-38.02948875363743,3.4,2.5936664186161167
2020-12-11 06:00:00,8,-34.03333333333333,-35.67927360627054,3.3,3.057950541160884
2020-12-11 09:00:00,1,-32.06666666666667,-29.74230077996336,5.8,6.6033598536142275
2020-12-11 09:00:00,2,-30.1,-31.54187880994901,4.8,4.903278322084331
2020-12-11 09:00:00,4,-33.833333333333336,-38.29666781264724,3.8,2.1334045556817993
2020-12-11 09:00:00,8,-31.366666666666667,-34.76965551677604,3.9,3.8991578359534333
2020-12-11 12:00:00,1,-30.1,-28.85511044527668,4.8,4.704328540464129
2020-12-11 12:00:00,2,-32.4,-32.109724372968586,3.4,2.911104313717984
2020-12-11 12:00:00,4,-35.266666666666666,-38.19052792984847,3.8,1.882469750600585
2020-12-11 12:00:00,8,-28.7,-32.8161583013597,4.6,5.170973146504239
2020-12-11 15:00:00,1,-32.4,-32.48138039849291,3.4,2.8275582875882215
2020-12-11 15:00:00,2,-33.833333333333336,-37.07584517166742,3.8,1.9617703722491493
2020-12-11 15:00:00,4,-36.7,-40.23809807748785,3.3,2.0430146203800312
2020-12-11 15:00:00,8,-28.6,-32.11401855886728,3.7,5.060220988475968
2020-12-11 18:00:00,1,-33.833333333333336,-36.498980377258604,3.8,2.49372780237211
2020-12-11 18:00:00,2,-35.266666666666666,-40.09167354335217,3.8,1.815364089448672
2020-12-11 18:00:00,4,-34.03333333333333,-41.37101239271263,3.3,1.7465309617441929
2020-12-11 18:00:00,8,-30.3,-38.88725670990814,2.8,2.555975250440792
2020-12-11 21:00:00,1,-35.266666666666666,-35.62037553236536,3.8,2.954990378074455
2020-12-11 21:00:00,2,-36.7,-37.14658972284549,3.3,2.2062915085316113
2020-12-11 21:00:00,4,-31.366666666666667,-36.39070348852434,3.9,3.8479721083550125
2020-12-11 21:00:00,8,-32.166666666666664,-41.505576039555635,3.7,4.636646061818369
2020-12-12 00:00:00,1,-36.7,-34.62363158119064,3.3,3.8566349281544543
2020-12-12 00:00:00,2,-34.03333333333333,-33.38258159542558,3.3,4.18849512680811
2020-12-12 00:00:00,4,-28.7,-30.04493281067306,4.6,6.423706104795685
2020-12-12 00:00:00,8,-34.03333333333333,-37.929889578823285,3.5,5.268709533488598
2020-12-12 03:00:00,1,-34.03333333333333,-33.82452105149456,3.3,4.119367671818917
2020-12-12 03:00:00,2,-31.366666666666667,-32.071715063757196,3.9,5.0784469923012425
2020-12-12 03:00:00,4,-28.6,-29.7950169553768,3.7,4.921221729060152
2020-12-12 03:00:00,8,-35.9,-36.47972138580354,3.8,4.214392888613809
2020-12-12 06:00:00,1,-31.366666666666667,-31.540205806650896,3.9,5.23163016083226
2020-12-12 06:00:00,2,-28.7,-29.318548209876752,4.6,5.873101228300642
2020-12-12 06:00:00,4,-30.3,-31.908276619250405,2.8,3.8700824591961887
2020-12-12 06:00:00,8,-34.1,-36.30144638491655,5.0,3.4232484255043847
2020-12-12 09:00:00,1,-28.7,-27.121991426582277,4.6,5.3313744784122274
2020-12-12 09:00:00,2,-28.6,-27.164662377197118,3.7,4.873623995026828
2020-12-12 09:00:00,4,-32.166666666666664,-33.22083776924659,3.7,3.7091029234701867
2020-12-12 09:00:00,8,-31.5,-34.37188997638644,5.4,4.098390667644451
2020-12-12 12:00:00,1,-28.6,-28.02952582721453,3.7,3.8494040479192586
2020-12-12 12:00:00,2,-30.3,-31.0161004177149,2.8,3.3103344282378724
2020-12-12 12:00:00,4,-34.03333333333333,-38.85977247915449,3.5,3.4384347802928237
2020-12-12 12:00:00,8,-30.2,-35.96944817486808,6.9,3.3846488150983873
2020-12-12 15:00:00,1,-30.3,-31.045080408523187,2.8,3.1286989290224154
2020-12-12 15:00:00,2,-32.166666666666664,-35.065083978590565,3.7,3.03510183940031
2020-12-12 15:00:00,4,-35.9,-40.01790432901928,3.8,3.1395260941076306
2020-12-12 15:00:00,8,-29.9,-35.140471438146356,5.9,2.8478146164764206
2020-12-12 18:00:00,1,-32.166666666666664,-34.07419193645431,3.7,3.1091670078317026
2020-12-12 18:00:00,2,-34.03333333333333,-37.76098253180456,3.5,3.0327879577250476
2020-12-12 18:00:00,4,-34.1,-39.17024644263624,5.0,2.8985633587013133
2020-12-12 18:00:00,8,-31.0,-36.81265624713864,3.6,3.145343776814917
2020-12-12 21:00:00,1,-34.03333333333333,-35.07268526403206,3.5,4.0086917882799185
2020-12-12 21:00:00,2,-35.9,-36.13188800500313,3.8,3.6320955152697585
2020-12-12 21:00:00,4,-31.5,-34.81181635269016,5.4,4.673118011208862
2020-12-12 21:00:00,8,-34.7,-39.127467416872946,4.8,3.759769259387375
2020-12-13 00:00:00,1,-35.9,-36.152374730144665,3.8,3.6876584881106758
2020-12-13 00:00:00,2,-34.1,-35.47642087562242,5.0,3.4311517529408797
2020-12-13 00:00:00,4,-30.2,-33.212900730343904,6.9,4.535984957402646
2020-12-13 00:00:00,8,-35.85,-38.49159935541445,5.4,3.7543280836618256
2020-12-13 03:00:00,1,-34.1,-33.02341041105102,5.0,4.351887506426845
2020-12-13 03:00:00,2,-31.5,-31.428322089962123,5.4,4.610304516318707
2020-12-13 03:00:00,4,-29.9,-29.45370122652934,5.9,4.2324045987149415
2020-12-13 03:00:00,8,-37.0,-36.501979102377796,5.4,3.8515873751820897
2020-12-13 06:00:00,1,-31.5,-30.894231998310666,5.4,6.343973269927938
2020-12-13 06:00:00,2,-30.2,-29.15778858804972,6.9,6.564067374385546
2020-12-13 06:00:00,4,-31.0,-31.41816302600715,3.6,3.904731472287144
2020-12-13 06:00:00,8,-35.2,-36.356521480570315,6.4,4.111729772140268
2020-12-13 09:00:00,1,-30.2,-27.488224961658013,6.9,5.842827320980752
2020-12-13 09:00:00,2,-29.9,-27.693752191979957,5.9,5.084100848816086
2020-12-13 09:00:00,4,-34.7,-34.512690279796416,4.8,3.44441775549696
2020-12-13 09:00:00,8,-34.0,-35.92133311877496,8.3,4.508838170842522
2020-12-13 12:00:00,1,-29.9,-26.792768586346185,5.9,5.8474431406153755
2020-12-13 12:00:00,2,-31.0,-30.191964006642078,3.6,4.30187122324364
2020-12-13 12:00:00,4,-35.85,-37.53997317621564,5.4,3.992943385682028
2020-12-13 12:00:00,8,-33.3,-32.82121910031145,8.9,5.379758791449917
2020-12-13 15:00:00,1,-31.0,-30.711164224840097,3.6,4.237857438225552
2020-12-13 15:00:00,2,-34.7,-35.235175529236386,4.8,3.538277893464759
2020-12-13 15:00:00,4,-37.0,-39.761646624011554,5.4,4.099908479326819
2020-12-13 15:00:00,8,-33.4,-34.67082007301099,9.4,4.368458025915924
2020-12-13 18:00:00,1,-34.7,-36.45974189335877,4.8,3.199525084337707
2020-12-13 18:00:00,2,-35.85,-40.34682167683573,5.4,2.8863811950431275
2020-12-13 18:00:00,4,-35.2,-41.016069108145714,6.4,3.2453903397233987
2020-12-13 18:00:00,8,-34.8,-35.846720918284106,7.5,3.4624387566360206
2020-12-13 21:00:00,1,-35.85,-35.72314491153425,5.4,4.562766607505211
2020-12-13 21:00:00,2,-37.0,-36.37583234809664,5.4,4.399276918593976
2020-12-13 21:00:00,4,-34.0,-32.750438524083904,8.3,6.286831973687762
2020-12-13 21:00:00,8,-37.3,-34.477037008821384,6.4,4.575836125270682
2020-12-14 00:00:00,1,-37.0,-36.84625753129496,5.4,5.31659082413426
2020-12-14 00:00:00,2,-35.2,-34.979456758968965,6.4,5.694025470019472
2020-12-14 00:00:00,4,-33.3,-30.429946924546687,8.9,7.26854399596139
2020-12-14 00:00:00,8,-39.4,-36.67476388572316,4.5,5.03599721310208
2020-12-14 03:00:00,1,-35.2,-34.47915239972719,6.4,5.788912107717811
2020-12-14 03:00:00,2,-34.0,-32.23867964010765,8.3,6.352309983627142
2020-12-14 03:00:00,4,-33.4,-30.062791148204116,9.4,5.813814968652952
2020-12-14 03:00:00,8,-38.5,-35.614869463801966,4.1,4.965775628424058
2020-12-14 06:00:00,1,-34.0,-33.302143423931895,8.3,6.786362108497996
2020-12-14 06:00:00,2,-33.3,-32.006478022144506,8.9,6.586074524056512
2020-12-14 06:00:00,4,-34.8,-32.93382043598598,7.5,4.5728617134499405
2020-12-14 06:00:00,8,-36.4,-34.266741502949515,4.7,5.555992585188468
2020-12-14 09:00:00,1,-33.3,-30.589609943867377,8.9,8.11858678789243
2020-12-14 09:00:00,2,-33.4,-31.504566945695668,9.4,6.660500723293122
2020-12-14 09:00:00,4,-37.3,-34.952726172250564,6.4,4.476073572195901
2020-12-14 09:00:00,8,-34.1,-32.51104918824737,6.5,5.641565897132018
2020-12-14 12:00:00,1,-33.4,-30.167227766663206,9.4,7.7660859286353165
2020-12-14 12:00:00,2,-34.8,-32.926324343689,7.5,5.631291528808447
2020-12-14 12:00:00,4,-39.4,-37.84789512519182,4.5,4.3812316167918715
2020-12-14 12:00:00,8,-33.2,-33.15707919566479,7.1,5.31688643110282
2020-12-14 15:00:00,1,-34.8,-33.343063557141726,7.5,6.546706756761523
2020-12-14 15:00:00,2,-37.3,-37.119248151287806,6.4,4.707525190712893
2020-12-14 15:00:00,4,-38.5,-40.206274989774144,4.1,4.332472036466171
2020-12-14 15:00:00,8,-33.3,-37.59360294688403,6.8,3.5533864174817476
2020-12-14 18:00:00,1,-37.3,-37.46416350307988,6.4,6.010406186303581
2020-12-14 18:00:00,2,-39.4,-40.58142328359562,4.5,4.9921776389854715
2020-12-14 18:00:00,4,-36.4,-41.5636628293464,4.7,4.556803813981738
2020-12-14 18:00:00,8,-34.2,-42.742867892158344,5.3,2.224744656239655
2020-12-14 21:00:00,1,-39.4,-38.7089082179202,4.5,6.140667337853648
2020-12-14 21:00:00,2,-38.5,-39.9516715550388,4.1,5.647350707960496
2020-12-14 21:00:00,4,-34.1,-38.997974655995556,6.5,6.121381435882441
2020-12-14 21:00:00,8,-36.6,-41.57367058809353,5.2,2.7590193805281356
2020-12-15 00:00:00,1,-38.5,-37.976497346845925,4.1,5.591021797682259
2020-12-15 00:00:00,2,-36.4,-36.56149536613216,4.7,5.920297461527101
2020-12-15 00:00:00,4,-33.2,-33.84766354328417,7.1,6.780496677587184
2020-12-15 00:00:00,8,-38.1,-38.96728275483571,4.8,3.587672540226896
2020-12-15 03:00:00,1,-36.4,-35.61832498654863,4.7,5.562368823234707
2020-12-15 03:00:00,2,-34.1,-33.719895661776164,6.5,6.023700181943806
2020-12-15 03:00:00,4,-33.3,-33.58945904460224,6.8,5.140805879504898
2020-12-15 03:00:00,8,-36.6,-36.86314751549584,3.5,2.8137255450485856
2020-12-15 06:00:00,1,-34.1,-34.583345488851755,6.5,5.952564902999324
2020-12-15 06:00:00,2,-33.2,-33.93680824873756,7.1,5.55140705140488
2020-12-15 06:00:00,4,-34.2,-35.98839158688965,5.3,3.004254580396991
2020-12-15 06:00:00,8,-34.4,-33.552046310210336,4.5,3.4375133812632037
2020-12-15 09:00:00,1,-33.2,-32.09248710729066,7.1,6.7852381195194145
2020-12-15 09:00:00,2,-33.3,-33.3913356824506,6.8,5.274549797283759
2020-12-15 09:00:00,4,-36.6,-37.60934445250731,5.2,2.311357284747272
2020-12-15 09:00:00,8,-32.1,-32.56161682970948,5.8,3.7292146214236417
2020-12-15 12:00:00,1,-33.3,-31.27840312602633,6.8,6.221012501441985
2020-12-15 12:00:00,2,-34.2,-34.534695821024265,5.3,4.0181567565705265
2020-12-15 12:00:00,4,-38.1,-40.23562243608718,4.8,2.0994447323224694
2020-12-15 12:00:00,8,-30.3,-34.39703546092747,5.8,4.0715914218889955
2020-12-15 15:00:00,1,-34.2,-34.77533306457499,5.3,4.0747911647070545
2020-12-15 15:00:00,2,-36.6,-38.40327025708142,5.2,2.568830634442601
2020-12-15 15:00:00,4,-36.6,-40.78572638273603,3.5,2.336522480870962
2020-12-15 15:00:00,8,-30.1,-34.08320252183168,6.7,4.529355875156385
2020-12-15 18:00:00,1,-36.6,-38.3809462544161,5.2,3.736571003986083
2020-12-15 18:00:00,2,-38.1,-40.8945422062106,4.8,3.148398542117191
2020-12-15 18:00:00,4,-34.4,-39.24779396415919,4.5,3.432552700161966
2020-12-15 18:00:00,8,-31.0,-35.11215574925058,3.8,3.8134694591040104
2020-12-15 21:00:00,1,-38.1,-37.32346551081045,4.8,4.381167632599542
2020-12-15 21:00:00,2,-36.6,-37.60536872804607,3.5,3.9615696434161607
2020-12-15 21:00:00,4,-32.1,-33.57661971696553,5.8,5.697435400909333
2020-12-15 21:00:00,8,-33.9,-34.66293779218351,4.0,4.137186682860818
2020-12-16 00:00:00,1,-36.6,-37.06918197851454,3.5,5.292514105762408
2020-12-16 00:00:00,2,-34.4,-34.95881440561365,4.5,5.546821091060009
2020-12-16 00:00:00,4,-30.3,-30.102336565525576,5.8,6.886587587204278
2020-12-16 00:00:00,8,-33.3,-34.13389264846204,4.2,5.646230984594736
2020-12-16 03:00:00,1,-34.4,-35.92389954330032,4.5,4.956300209382037
2020-12-16 03:00:00,2,-32.1,-33.4606421136532,5.8,5.934672363456405
2020-12-16 03:00:00,4,-30.1,-31.569965379530053,6.7,5.658185151247588
2020-12-16 03:00:00,8,-32.7,-34.58744658048521,4.0,6.358554200956542
2020-12-16 06:00:00,1,-32.1,-31.92510752237013,5.8,6.022185676111375
2020-12-16 06:00:00,2,-30.3,-29.927653982573304,5.8,6.375190730804041
2020-12-16 06:00:00,4,-31.0,-31.31751624275396,3.8,4.412001934803914
2020-12-16 06:00:00,8,-33.0,-32.165939301188075,5.4,6.073704468090948
2020-12-16 09:00:00,1,-30.3,-30.283708279666357,5.8,6.745261222713452
2020-12-16 09:00:00,2,-30.1,-29.9921762872042,6.7,5.959871257921389
2020-12-16 09:00:00,4,-33.9,-33.62239458584406,4.0,3.6029288077429844
2020-12-16 09:00:00,8,-29.9,-31.56670295104863,6.5,6.331268568699064
2020-12-16 12:00:00,1,-30.1,-30.63332706191928,6.7,4.909636431276077
2020-12-16 12:00:00,2,-31.0,-32.816139568333966,3.8,3.403224679155302
2020-12-16 12:00:00,4,-33.3,-37.237466512678154,4.2,3.1930623609915023
2020-12-16 12:00:00,8,-28.95,-29.87679958171729,6.7,7.643747726340726
2020-12-16 15:00:00,1,-31.0,-31.069800797480287,3.8,4.895283497252805
2020-12-16 15:00:00,2,-33.9,-33.236511547776836,4.0,3.858918710599242
2020-12-16 15:00:00,4,-32.7,-34.05450352640938,4.0,4.23928012674199
2020-12-16 15:00:00,8,-27.999999999999996,-28.803299219106325,7.0,8.364289072365287
2020-12-16 18:00:00,1,-33.9,-33.17890893465116,4.0,3.760758095089702
2020-12-16 18:00:00,2,-33.3,-35.40645878851919,4.2,3.753549702632102
2020-12-16 18:00:00,4,-33.0,-33.806172773290484,5.4,4.727870137707468
2020-12-16 18:00:00,8,-29.4,-29.925655312827836,5.8,6.950634910603179
2020-12-16 21:00:00,1,-33.3,-32.465437152592514,4.2,4.019510342159249
2020-12-16 21:00:00,2,-32.7,-32.26126446413123,4.0,3.9587989412677485
2020-12-16 21:00:00,4,-29.9,-28.094347860257148,6.5,6.366263016448357
2020-12-16 21:00:00,8,-32.0,-30.740063519537536,6.6,6.1631697251732405
2020-12-17 00:00:00,1,-32.7,-33.608697862029594,4.0,4.832495062837981
2020-12-17 00:00:00,2,-33.0,-31.299170846553853,5.4,5.586475507536632
2020-12-17 00:00:00,4,-28.95,-26.521012905049705,6.7,7.966672105974336
2020-12-17 00:00:00,8,-34.3,-32.11532122465668,6.4,6.779468878177736
2020-12-17 03:00:00,1,-33.0,-31.164370875386226,5.4,5.497253816946474
2020-12-17 03:00:00,2,-29.9,-28.84300602864948,6.5,6.8036212045368565
2020-12-17 03:00:00,4,-27.999999999999996,-27.00829637040536,7.0,6.7783084182095275
2020-12-17 03:00:00,8,-34.4,-31.006434176436894,6.3,6.1108093277838975
2020-12-17 06:00:00,1,-29.9,-30.84559241749703,6.5,7.08220923106048
2020-12-17 06:00:00,2,-28.95,-29.370633226423198,6.7,7.672555115972433
2020-12-17 06:00:00,4,-29.4,-29.857637137394846,5.8,6.25090442313367
2020-12-17 06:00:00,8,-32.7,-31.934726210582816,7.4,6.488259329875269
2020-12-17 09:00:00,1,-28.95,-28.37300882303905,6.7,7.444077376074578
2020-12-17 09:00:00,2,-27.999999999999996,-28.476266701878963,7.0,6.98413810010992
2020-12-17 09:00:00,4,-32.0,-31.92739871551742,6.6,5.336295182723299
2020-12-17 09:00:00,8,-31.2,-31.944138835512444,7.5,6.515454744421563
2020-12-17 12:00:00,1,-27.999999999999996,-25.382595403265483,7.0,6.74191719554169
2020-12-17 12:00:00,2,-29.4,-27.59722811538991,5.8,5.419455010932196
2020-12-17 12:00:00,4,-34.3,-32.331204936204784,6.4,5.369544141705853
2020-12-17 12:00:00,8,-30.1,-29.440297026116696,8.4,7.626883626049176
2020-12-17 15:00:00,1,-29.4,-29.998985021556997,5.8,5.427595719722231
2020-12-17 15:00:00,2,-32.0,-32.913787626467965,6.6,4.760685710427311
2020-12-17 15:00:00,4,-34.4,-34.319552784493595,6.3,5.413507040413279
2020-12-17 15:00:00,8,-29.5,-29.660729980913846,8.1,6.550614058106422
2020-12-17 18:00:00,1,-32.0,-33.657779830450906,6.6,5.139014535400324
2020-12-17 18:00:00,2,-34.3,-35.40283034553498,6.4,4.986345053293388
2020-12-17 18:00:00,4,-32.7,-33.05619752908896,7.4,6.166547450686295
2020-12-17 18:00:00,8,-30.7,-31.147189808785498,6.7,5.8781922372036295
2020-12-17 21:00:00,1,-34.3,-34.21401091751629,6.4,5.818332039350748
2020-12-17 21:00:00,2,-34.4,-34.38445119064112,6.3,5.600160020030706
2020-12-17 21:00:00,4,-31.2,-30.33834098771243,7.5,7.73034222599385
2020-12-17 21:00:00,8,-33.4,-33.02469002080875,6.0,5.582817957822458
2020-12-18 00:00:00,1,-34.4,-33.723331010495116,6.3,6.042631824770151
2020-12-18 00:00:00,2,-32.7,-32.44395325408121,7.4,6.613952010093034
2020-12-18 00:00:00,4,-30.1,-28.414910278596874,8.4,8.188200309462683
2020-12-18 00:00:00,8,-35.4,-34.0040598111175,5.9,6.387026100139803
2020-12-18 03:00:00,1,-32.7,-31.444583797299973,7.4,7.2326595280968
2020-12-18 03:00:00,2,-31.2,-29.775781019953406,7.5,8.111527625233396
2020-12-18 03:00:00,4,-29.5,-28.320441070829496,8.1,7.582124124147253
2020-12-18 03:00:00,8,-34.7,-33.43202237333977,5.7,7.270547127742574
2020-12-18 06:00:00,1,-31.2,-27.838636294999624,7.5,9.385719495307868
2020-12-18 06:00:00,2,-30.1,-27.13047892824111,8.4,9.503996834195968
2020-12-18 06:00:00,4,-30.7,-28.211553197255952,6.7,7.345344222014052
2020-12-18 06:00:00,8,-32.7,-31.494453993804036,6.1,7.778457058941514
2020-12-18 09:00:00,1,-30.1,-25.594405402217735,8.4,8.42703239792452
2020-12-18 09:00:00,2,-29.5,-26.1336715729793,8.1,7.271906578548927
2020-12-18 09:00:00,4,-33.4,-29.849185660785498,6.0,5.675757983109504
2020-12-18 09:00:00,8,-30.450000000000003,-29.081009120581804,6.0,8.782543073588794
2020-12-18 12:00:00,1,-29.5,-26.665081400949017,8.1,7.532896819375627
2020-12-18 12:00:00,2,-30.7,-29.000657409206887,6.7,5.810822854539
2020-12-18 12:00:00,4,-35.4,-32.15920838094216,5.9,5.062062240250559
2020-12-18 12:00:00,8,-28.2,-27.471587152803533,6.3,8.623874646889721
2020-12-18 15:00:00,1,-30.7,-28.96506754231896,6.7,5.563641468820133
2020-12-18 15:00:00,2,-33.4,-31.90851870758295,6.0,4.445463694546122
2020-12-18 15:00:00,4,-34.7,-32.94803303850909,5.7,4.735700203243746
2020-12-18 15:00:00,8,-27.900000000000002,-29.258932516985812,6.2,7.355251960915577
2020-12-18 18:00:00,1,-33.4,-32.848994413464936,6.0,5.903951206632135
2020-12-18 18:00:00,2,-35.4,-34.63257443947497,5.9,5.484668552876615
2020-12-18 18:00:00,4,-32.7,-31.621694468587584,6.1,5.957989269544347
2020-12-18 18:00:00,8,-29.2,-30.008693051892408,4.1,5.6994402389356456
2020-12-18 21:00:00,1,-35.4,-35.01666198907583,5.9,5.956710012259046
2020-12-18 21:00:00,2,-34.7,-34.798685942653606,5.7,5.811717993389685
2020-12-18 21:00:00,4,-30.450000000000003,-30.16360508768692,6.0,7.317213785137188
2020-12-18 21:00:00,8,-32.3,-32.13917413042216,3.5,6.2962466077470705
2020-12-19 00:00:00,1,-34.7,-34.67068029581898,5.7,6.112455214491243
2020-12-19 00:00:00,2,-32.7,-33.09953710462225,6.1,6.581551694781407
2020-12-19 00:00:00,4,-28.2,-29.058810485088706,6.3,7.8115718644008165
2020-12-19 00:00:00,8,-33.75,-34.78900817335976,3.7,6.599088482214976
2020-12-19 03:00:00,1,-32.7,-33.29153764936329,6.1,6.922576562583005
2020-12-19 03:00:00,2,-30.450000000000003,-31.591897429656957,6.0,7.716838148922145
2020-12-19 03:00:00,4,-27.900000000000002,-30.34563389873032,6.2,6.502708026906393
2020-12-19 03:00:00,8,-35.2,-33.3615861965853,4.2,6.751422047312183
2020-12-19 06:00:00,1,-30.450000000000003,-30.817181622470617,6.0,7.6853886387085275
2020-12-19 06:00:00,2,-28.2,-30.036543297148825,6.3,7.780500714044507
2020-12-19 06:00:00,4,-29.2,-31.23588348061933,4.1,5.0914868640576
2020-12-19 06:00:00,8,-32.2,-31.61799109350045,4.2,6.609283296859418
2020-12-19 09:00:00,1,-28.2,-25.998119398778407,6.3,7.983615546664375
2020-12-19 09:00:00,2,-27.900000000000002,-26.296245416298433,6.2,7.07531962651112
2020-12-19 09:00:00,4,-32.3,-30.254638946735344,3.5,4.578728317404279
2020-12-19 09:00:00,8,-30.05,-30.110092038178863,4.3,7.91669831895887
2020-12-19 12:00:00,1,-27.900000000000002,-28.961630752598023,6.2,5.622266558480423
2020-12-19 12:00:00,2,-29.2,-31.172388610399768,4.1,4.303501593784347
2020-12-19 12:00:00,4,-33.75,-34.95588484858947,3.7,4.478099311725041
2020-12-19 12:00:00,8,-27.900000000000002,-30.637735086974352,5.9,8.72879251298078
2020-12-19 15:00:00,1,-29.2,-31.413638279791744,4.1,4.992653894657041
2020-12-19 15:00:00,2,-32.3,-34.16073851533879,3.5,4.323367619099337
2020-12-19 15:00:00,4,-35.2,-35.606696100574645,4.2,5.335395458338831
2020-12-19 15:00:00,8,-27.900000000000002,-31.963675940349535,6.0,8.55954366023816
2020-12-19 18:00:00,1,-32.3,-33.9573929620137,3.5,4.534824923995719
2020-12-19 18:00:00,2,-33.75,-36.143392964806885,3.7,4.543898095748632
2020-12-19 18:00:00,4,-32.2,-34.378976824121274,4.2,5.607063274541097
2020-12-19 18:00:00,8,-30.1,-33.39545550710979,4.7,6.640487107774492
2020-12-19 21:00:00,1,-33.75,-33.30369250105978,3.7,4.000902885907372
2020-12-19 21:00:00,2,-35.2,-34.19093903482366,4.2,3.8892318082369335
2020-12-19 21:00:00,4,-30.05,-31.314478610581325,4.3,6.02793508235343
2020-12-19 21:00:00,8,-31.650000000000002,-33.79980498554339,4.5,5.962465177078412
2020-12-20 00:00:00,1,-35.2,-33.16776422534225,4.2,3.962554653396988
2020-12-20 00:00:00,2,-32.2,-32.102193696624084,4.2,4.278225864968407
2020-12-20 00:00:00,4,-27.900000000000002,-28.947470026146178,5.9,6.253125527730055
2020-12-20 00:00:00,8,-33.2,-35.00873215518304,4.9,5.710255060403757
2020-12-20 03:00:00,1,-32.2,-31.81328865077043,4.2,4.561684954733887
2020-12-20 03:00:00,2,-30.05,-31.587771840989856,4.3,4.915067409520974
2020-12-20 03:00:00,4,-27.900000000000002,-31.315076626402785,6.0,4.806991390336869
2020-12-20 03:00:00,8,-34.8,-35.51669111693953,4.8,4.829838119251513
2020-12-20 06:00:00,1,-30.05,-30.363636336459322,4.3,5.1630231106073445
2020-12-20 06:00:00,2,-27.900000000000002,-30.076289013745424,5.9,5.491198779545726
2020-12-20 06:00:00,4,-30.1,-33.46824339909469,4.7,3.9632876456402784
2020-12-20 06:00:00,8,-33.6,-33.26831302046085,6.2,4.676919631996097
2020-12-20 09:00:00,1,-27.900000000000002,-25.689961125477602,5.9,5.13342679588422
2020-12-20 09:00:00,2,-27.900000000000002,-26.090602905818134,6.0,4.3639529522541896
2020-12-20 09:00:00,4,-31.650000000000002,-32.400584858508324,4.5,3.6737524036905826
2020-12-20 09:00:00,8,-31.2,-33.22151215817296,7.699999999999999,6.110749395923749
2020-12-20 12:00:00,1,-27.900000000000002,-27.43144371966061,6.0,4.898837925777009
2020-12-20 12:00:00,2,-30.1,-30.66982187805029,4.7,3.6749240542274295
2020-12-20 12:00:00,4,-33.2,-36.44906839169714,4.9,3.630036217364746
2020-12-20 12:00:00,8,-31.366666666666667,-31.808333044963174,7.6,7.1147631084336975
2020-12-20 15:00:00,1,-30.1,-28.57294208367685,4.7,4.8095087417437385
2020-12-20 15:00:00,2,-31.650000000000002,-32.995322400468,4.5,3.9130285157871043
2020-12-20 15:00:00,4,-34.8,-36.86861900001173,4.8,4.018623681214049
2020-12-20 15:00:00,8,-31.53333333333333,-33.153017011084785,7.9,5.85298438495172
2020-12-20 18:00:00,1,-31.650000000000002,-33.878937609243714,4.5,4.13485205964321
2020-12-20 18:00:00,2,-33.2,-37.871446861543596,4.9,3.636958100606132
2020-12-20 18:00:00,4,-33.6,-38.13243249404583,6.2,3.9001724919433727
2020-12-20 18:00:00,8,-31.7,-35.64220815335568,4.4,4.72104515719236
2020-12-20 21:00:00,1,-33.2,-33.27601229403693,4.9,4.297958536562553
2020-12-20 21:00:00,2,-34.8,-35.2024546972895,4.8,3.8154273487292016
2020-12-20 21:00:00,4,-31.2,-33.985489618608604,7.699999999999999,5.242089656752304
2020-12-20 21:00:00,8,-34.9,-37.81454313437794,4.0,5.049515579976739
2020-12-21 00:00:00,1,-34.8,-33.00934911373575,4.8,4.647111742877005
2020-12-21 00:00:00,2,-33.6,-33.925742794537534,6.2,4.602396390067788
2020-12-21 00:00:00,4,-31.366666666666667,-32.14202010933154,7.6,5.993237734537186
2020-12-21 00:00:00,8,-35.95,-35.09895473011704,3.7,5.162247515555994
2020-12-21 03:00:00,1,-33.6,-32.32912124734253,6.2,5.203437446008197
2020-12-21 03:00:00,2,-31.2,-31.87011024082326,7.699999999999999,5.743072126088089
2020-12-21 03:00:00,4,-31.53333333333333,-31.064567078291002,7.9,5.484967998896716
2020-12-21 03:00:00,8,-37.0,-36.844492303870155,3.7,5.076295097272894
2020-12-21 06:00:00,1,-31.2,-29.673389183303126,7.699999999999999,7.312572371825633
2020-12-21 06:00:00,2,-31.366666666666667,-29.032816250381796,7.6,7.330075034356627
2020-12-21 06:00:00,4,-31.7,-30.724333541930093,4.4,5.179055416398615
2020-12-21 06:00:00,8,-35.0,-35.568162266642744,3.8,5.004878394522484
2020-12-21 09:00:00,1,-31.366666666666667,-25.947566167336095,7.6,8.626072290615586
2020-12-21 09:00:00,2,-31.53333333333333,-27.725777019970778,7.9,7.364477628326875
2020-12-21 09:00:00,4,-34.9,-33.53753686127947,4.0,5.147428456691605
2020-12-21 09:00:00,8,-33.0,-35.796905479855255,4.9,5.029131922545805
2020-12-21 12:00:00,1,-31.53333333333333,-26.32524990414037,7.9,6.880907497170579
2020-12-21 12:00:00,2,-31.7,-30.901540760350326,4.4,4.761925404153689
2020-12-21 12:00:00,4,-35.95,-38.56906762182853,3.7,3.235850989809208
2020-12-21 12:00:00,8,-31.4,-35.155653835001615,4.4,4.71804952394783
2020-12-21 15:00:00,1,-31.7,-30.456513237039434,4.4,7.036403800894616
2020-12-21 15:00:00,2,-34.9,-34.631006629321355,4.0,5.726697078306575
2020-12-21 15:00:00,4,-37.0,-37.44254415038251,3.7,5.332800152857641
2020-12-21 15:00:00,8,-30.7,-33.26189191564051,3.7,5.124524888486109
2020-12-21 18:00:00,1,-34.9,-35.80918425772197,4.0,3.826408875678411
2020-12-21 18:00:00,2,-35.95,-39.857114446150675,3.7,3.24329696357095
2020-12-21 18:00:00,4,-35.0,-39.66891382362938,3.8,3.57041638679438
2020-12-21 18:00:00,8,-31.8,-33.528589679989196,2.6,4.748816536109937
2020-12-21 21:00:00,1,-35.95,-35.78163950488519,3.7,3.7118886352437164
2020-12-21 21:00:00,2,-37.0,-37.77054357993807,3.7,3.22412703294834
2020-12-21 21:00:00,4,-33.0,-36.52153494024062,4.9,5.1355158797637666
2020-12-21 21:00:00,8,-35.1,-36.835316003265156,2.6,3.77906052003469
2020-12-22 00:00:00,1,-37.0,-37.2535956478339,3.7,3.5498162361826924
2020-12-22 00:00:00,2,-35.0,-36.883938292055035,3.8,3.5905042906263125
2020-12-22 00:00:00,4,-31.4,-33.84910886826954,4.4,5.17230487082725
2020-12-22 00:00:00,8,-36.5,-36.73868673353061,2.4,3.871720134598853
2020-12-22 03:00:00,1,-35.0,-36.81723719243125,3.8,4.4067280377511855
2020-12-22 03:00:00,2,-33.0,-36.99206243457948,4.9,4.6513156109533496
2020-12-22 03:00:00,4,-30.7,-37.02954289606442,3.7,3.9520033135008714
2020-12-22 03:00:00,8,-35.6,-36.906776732427,2.5,3.505170986054196
2020-12-22 06:00:00,1,-33.0,-37.6606138619334,4.9,4.70460676506044
2020-12-22 06:00:00,2,-31.4,-38.694420384019026,4.4,4.340867775582799
2020-12-22 06:00:00,4,-31.8,-41.26660891729907,2.6,2.272440072806601
2020-12-22 06:00:00,8,-32.7,-35.5765359291452,2.3,4.116958027135802
2020-12-22 09:00:00,1,-31.4,-32.401620938931536,4.4,4.75479116670899
2020-12-22 09:00:00,2,-30.7,-34.07762440316931,3.7,3.4291208413561924
2020-12-22 09:00:00,4,-35.1,-38.48150945955449,2.6,2.2550461834025666
2020-12-22 09:00:00,8,-31.3,-32.30814169952403,2.6,6.098418149097437
2020-12-22 12:00:00,1,-30.7,-31.592381606322046,3.7,3.3185796978622064
2020-12-22 12:00:00,2,-31.8,-35.16235737620992,2.6,1.9240809103189538
2020-12-22 12:00:00,4,-36.5,-39.81640181722588,2.4,2.420974576484266
2020-12-22 12:00:00,8,-29.7,-32.37001256051277,2.6,7.065615997183124
2020-12-22 15:00:00,1,-31.8,-34.01104002470585,2.6,2.2971282667764776
2020-12-22 15:00:00,2,-35.1,-38.247012325438114,2.6,1.7635157788786031
2020-12-22 15:00:00,4,-35.6,-39.6045168861707,2.5,2.401339960664865
2020-12-22 15:00:00,8,-29.5,-31.87265360931695,2.4,5.855004579184191
2020-12-22 18:00:00,1,-35.1,-35.604282422259104,2.6,2.457671536951116
2020-12-22 18:00:00,2,-36.5,-38.70887507487467,2.4,2.559578413591487
2020-12-22 18:00:00,4,-32.7,-36.718829726254086,2.3,3.5169434376008337
2020-12-22 18:00:00,8,-30.8,-33.138481624118285,2.3,4.4160000403817605
2020-12-22 21:00:00,1,-36.5,-36.68930071369164,2.4,2.537075599710612
2020-12-22 21:00:00,2,-35.6,-37.547047054932655,2.5,2.6812123632091747
2020-12-22 21:00:00,4,-31.3,-33.43682955594315,2.6,5.141176561259125
2020-12-22 21:00:00,8,-32.6,-36.27124874743565,2.3,4.35608769541213
2020-12-23 00:00:00,1,-35.6,-35.983160749704325,2.5,2.6186248391582634
2020-12-23 00:00:00,2,-32.7,-34.826631294040666,2.3,3.164368196720139
2020-12-23 00:00:00,4,-29.7,-31.11505690564622,2.6,4.876615256018216
2020-12-23 00:00:00,8,-34.400000000000006,-38.1997719575465,2.8,4.25071879408531
2020-12-23 03:00:00,1,-32.7,-34.61936621533153,2.3,3.620601068373771
2020-12-23 03:00:00,2,-31.3,-32.902717849262,2.6,4.888171974196384
2020-12-23 03:00:00,4,-29.5,-31.196554213594784,2.4,4.161274545146167
2020-12-23 03:00:00,8,-36.2,-36.5702970062225,2.8,3.876751824823536
2020-12-23 06:00:00,1,-31.3,-33.46957056191774,2.6,4.011717600735163
2020-12-23 06:00:00,2,-29.7,-32.729803375738484,2.6,4.638170805121572
2020-12-23 06:00:00,4,-30.8,-34.68242013894539,2.3,2.6059081942134883
2020-12-23 06:00:00,8,-35.0,-32.97881572279364,3.4,4.80370814814782
2020-12-23 09:00:00,1,-29.7,-30.622752989394236,2.6,3.2386657077499272
2020-12-23 09:00:00,2,-29.5,-31.542599310938726,2.4,2.8411996107524726
2020-12-23 09:00:00,4,-32.6,-35.12740010919096,2.3,2.492926613643829
2020-12-23 09:00:00,8,-33.3,-30.58123484036294,4.7,6.957217817590641
2020-12-23 12:00:00,1,-29.5,-31.234276763412264,2.4,2.2999065670477292
2020-12-23 12:00:00,2,-30.8,-33.51299083356189,2.3,1.8886893340159387
2020-12-23 12:00:00,4,-34.400000000000006,-37.48338214647952,2.8,2.4098465523947032
2020-12-23 12:00:00,8,-31.1,-31.426663496683798,5.7,7.4886700925151635
2020-12-23 15:00:00,1,-30.8,-31.603046461971797,2.3,1.8973012863824787
2020-12-23 15:00:00,2,-32.6,-34.74901028141676,2.3,1.8682103401384345
2020-12-23 15:00:00,4,-36.2,-37.07344302136771,2.8,2.746863130467844
2020-12-23 15:00:00,8,-30.5,-30.90284630814369,5.4,6.823930640304689
2020-12-23 18:00:00,1,-32.6,-32.62635240263332,2.3,2.6924119429538256
2020-12-23 18:00:00,2,-34.400000000000006,-35.125008045905105,2.8,3.066376032926945
2020-12-23 18:00:00,4,-35.0,-33.36244647476702,3.4,4.459591564172877
2020-12-23 18:00:00,8,-32.4,-31.17676925641723,4.2,5.3600824792651816
2020-12-23 21:00:00,1,-34.400000000000006,-33.732070687500354,2.8,2.8190246092169637
2020-12-23 21:00:00,2,-36.2,-34.56167426008312,2.8,3.0036273220315244
2020-12-23 21:00:00,4,-33.3,-30.513282951021004,4.7,5.26910079682469
2020-12-23 21:00:00,8,-34.0,-33.39629849326776,4.1,5.163701876247636
2020-12-24 00:00:00,1,-36.2,-34.22036573624557,2.8,3.3149730422410135
2020-12-24 00:00:00,2,-35.0,-33.13659823453118,3.4,3.6720334616986405
2020-12-24 00:00:00,4,-31.1,-28.31734579857768,5.7,6.033135504225301
2020-12-24 00:00:00,8,-35.6,-34.09362961215482,4.0,5.30229664892761
2020-12-24 03:00:00,1,-35.0,-32.17089202499137,3.4,3.4269202117013524
2020-12-24 03:00:00,2,-33.3,-29.947450467766693,4.7,4.512581352734097
2020-12-24 03:00:00,4,-30.5,-26.356444714991042,5.4,5.633893552629832
2020-12-24 03:00:00,8,-37.2,-34.2852425273634,3.9,5.2259165857379095
2020-12-24 06:00:00,1,-33.3,-29.71454275883363,4.7,4.526008542134687
2020-12-24 06:00:00,2,-31.1,-28.55646999005,5.7,4.774170485600997
2020-12-24 06:00:00,4,-32.4,-30.44681961672382,4.2,2.972194447707913
2020-12-24 06:00:00,8,-35.2,-35.91362664018898,4.5,4.249570917674926
2020-12-24 09:00:00,1,-31.1,-27.69788498565696,5.7,4.872521120831715
2020-12-24 09:00:00,2,-30.5,-29.05683775337887,5.4,4.025019034537746
2020-12-24 09:00:00,4,-34.0,-37.4054959894914,4.1,2.8094732622667116
2020-12-24 09:00:00,8,-32.7,-42.74848131536921,5.5,3.985131235719602
2020-12-24 12:00:00,1,-30.5,-27.4804925450364,5.4,4.624893232090712
2020-12-24 12:00:00,2,-32.4,-31.052735011037914,4.2,3.283531823312319
2020-12-24 12:00:00,4,-35.6,-39.848896411862,4.0,2.8889704220260466
2020-12-24 12:00:00,8,-30.7,-43.896747345181836,5.6,3.865100036799599
2020-12-24 15:00:00,1,-32.4,-32.323886087151266,4.2,3.2903214792212454
2020-12-24 15:00:00,2,-34.0,-36.92532098690027,4.1,2.329311355755148
2020-12-24 15:00:00,4,-37.2,-41.860813288526344,3.9,2.6216595027601137
2020-12-24 15:00:00,8,-30.4,-43.210800862433246,5.2,3.7871525341883556
2020-12-24 18:00:00,1,-34.0,-39.63960096136385,4.1,3.002394346645342
2020-12-24 18:00:00,2,-35.6,-44.11866741402176,4.0,2.168753689137236
2020-12-24 18:00:00,4,-35.2,-45.68924140943662,4.5,2.407944835558361
2020-12-24 18:00:00,8,-32.1,-43.56849501977889,3.0,3.7647844736825338
2020-12-24 21:00:00,1,-35.6,-37.95625126903495,4.0,3.68369346769228
2020-12-24 21:00:00,2,-37.2,-40.33552566231899,3.9,3.1070880014624485
2020-12-24 21:00:00,4,-32.7,-40.37483907832176,5.5,4.6962709044838
2020-12-24 21:00:00,8,-35.0,-41.73070594030473,3.0,4.74333703651919
2020-12-25 00:00:00,1,-37.2,-37.10928218159808,3.9,4.2255104086317985
2020-12-25 00:00:00,2,-35.2,-37.43533914048537,4.5,4.208327080540687
2020-12-25 00:00:00,4,-30.7,-37.236982336013064,5.6,5.804050980903526
2020-12-25 00:00:00,8,-36.9,-40.97545014434958,2.6,4.860164600249433
2020-12-25 03:00:00,1,-35.2,-37.52686149920481,4.5,4.453884067576797
2020-12-25 03:00:00,2,-32.7,-37.76756070584065,5.5,4.909262337031593
2020-12-25 03:00:00,4,-30.4,-37.91609486687422,5.2,4.765290972670201
2020-12-25 03:00:00,8,-34.733333333333334,-37.503717566413215,1.9,5.081285757634245
2020-12-25 06:00:00,1,-32.7,-36.85080965654797,5.5,5.135846464757467
2020-12-25 06:00:00,2,-30.7,-36.70417185411934,5.6,4.958585511451393
2020-12-25 06:00:00,4,-32.1,-38.138288726090224,3.0,3.3665120692214114
2020-12-25 06:00:00,8,-32.56666666666666,-37.647585763037384,1.1,5.726043586422254
2020-12-25 09:00:00,1,-30.7,-31.764971854400187,5.6,5.628788680485172
2020-12-25 09:00:00,2,-30.4,-32.20224678706175,5.2,4.418754986422813
2020-12-25 09:00:00,4,-35.0,-35.37760416488311,3.0,3.393313394463118
2020-12-25 09:00:00,8,-30.4,-38.44910564804308,2.0,6.4971126092872105
2020-12-25 12:00:00,1,-30.4,-29.505470663642292,5.2,4.332970260043774
2020-12-25 12:00:00,2,-32.1,-31.11838273821474,3.0,2.939796638443818
2020-12-25 12:00:00,4,-36.9,-34.554705574510606,2.6,3.5696332202802714
2020-12-25 12:00:00,8,-53.29175178959221,-40.47916906263437,1.1,6.319249351450678
2020-12-25 15:00:00,1,-32.1,-31.399579864480437,3.0,3.4373014069660335
2020-12-25 15:00:00,2,-35.0,-33.508167799936736,3.0,2.648815780308766
2020-12-25 15:00:00,4,-34.733333333333334,-35.05657053889611,1.9,3.538239589594622
2020-12-25 15:00:00,8,-53.29175178959221,-43.36003751193178,0.2999999999999998,4.900273944333517
2020-12-25 18:00:00,1,-35.0,-35.05897268919581,3.0,2.887997329101041
2020-12-25 18:00:00,2,-36.9,-37.57144754145032,2.6,2.9730092330770646
2020-12-25 18:00:00,4,-32.56666666666666,-40.00375801258723,1.1,3.662516206325863
2020-12-25 18:00:00,8,-53.29175178959221,-49.22345006919309,0.0,2.7621973687208032
2020-12-25 21:00:00,1,-36.9,-35.40638241541427,2.6,3.201461139357266
2020-12-25 21:00:00,2,-34.733333333333334,-38.972454510939876,1.9,3.1311425919677855
2020-12-25 21:00:00,4,-30.4,-45.097006887915214,2.0,3.856029904295822
2020-12-25 21:00:00,8,-53.29175178959221,-51.20766134117471,0.0,2.4290404237692766
2020-12-26 00:00:00,1,-34.733333333333334,-42.438036892428045,1.9,2.755462925837841
2020-12-26 00:00:00,2,-32.56666666666666,-47.35147537925996,1.1,2.8023212692086417
2020-12-26 00:00:00,4,-53.29175178959221,-52.92881378408751,1.1,2.2373049664745053
2020-12-26 00:00:00,8,-53.29175178959221,-47.36216617294534,0.20000000000000018,2.614958225016842
2020-12-26 03:00:00,1,-32.56666666666666,-41.755974630515,1.1,2.6660327534210104
2020-12-26 03:00:00,2,-30.4,-44.70845655518407,2.0,3.0547766053003973
2020-12-26 03:00:00,4,-53.29175178959221,-49.82718738901528,0.2999999999999998,1.7984625584046101
2020-12-26 03:00:00,8,-53.29175178959221,-45.634436501653994,1.4,2.458738473358204
2020-12-26 06:00:00,1,-30.4,-35.704932087516255,2.0,2.3033548884529873
2020-12-26 06:00:00,2,-53.29175178959221,-37.49651976152597,1.1,2.6953809694383786
2020-12-26 06:00:00,4,-53.29175178959221,-43.398404189634064,0.0,2.1005258518921908
2020-12-26 06:00:00,8,-53.29175178959221,-41.908943475140255,1.1,3.0910380466981273
2020-12-26 09:00:00,1,-53.29175178959221,-37.864641009194756,1.1,2.123367035510166
2020-12-26 09:00:00,2,-53.29175178959221,-41.17095016239767,0.2999999999999998,1.5649146044662743
2020-12-26 09:00:00,4,-53.29175178959221,-46.88325961234659,0.0,2.0642973623535106
2020-12-26 09:00:00,8,-53.29175178959221,-36.675076583152695,1.5,4.349607643013837
2020-12-26 12:00:00,1,-53.29175178959221,-53.47544577156086,0.2999999999999998,0.8667864944533279
2020-12-26 12:00:00,2,-53.29175178959221,-55.24867453997691,0.0,0.9580780736653338
2020-12-26 12:00:00,4,-53.29175178959221,-53.82595995641875,0.20000000000000018,2.392065878548039
2020-12-26 12:00:00,8,-53.29175178959221,-35.981215397032095,1.0,5.376310043483377
2020-12-26 15:00:00,1,-53.29175178959221,-53.83543256305577,0.0,0.27438607712568697
2020-12-26 15:00:00,2,-53.29175178959221,-54.485673358382336,0.0,0.9862236534677153
2020-12-26 15:00:00,4,-53.29175178959221,-49.78643297103308,1.4,2.1491787918973424
2020-12-26 15:00:00,8,-53.29175178959221,-37.31307588653877,1.5999999999999999,4.5077902164124914
2020-12-26 18:00:00,1,-53.29175178959221,-55.207592474169644,0.0,1.0867654273647442
2020-12-26 18:00:00,2,-53.29175178959221,-52.73520129850722,0.20000000000000018,2.0080205991920215
2020-12-26 18:00:00,4,-53.29175178959221,-43.826618101848986,1.1,2.300943430884423
2020-12-26 18:00:00,8,-53.29175178959221,-39.98603512924224,0.8999999999999999,3.257256661412199
2020-12-26 21:00:00,1,-53.29175178959221,-53.894734657890936,0.20000000000000018,0.9383779806891162
2020-12-26 21:00:00,2,-53.29175178959221,-51.287821399286365,1.4,1.4643796555497604
2020-12-26 21:00:00,4,-53.29175178959221,-43.67417594344721,1.5,2.117089439760434
2020-12-26 21:00:00,8,-53.29175178959221,-42.80601187839592,2.0,2.732772478312961
2020-12-27 00:00:00,1,-53.29175178959221,-52.71309385142064,1.4,0.9528059894980543
2020-12-27 00:00:00,2,-53.29175178959221,-49.47093819640451,1.1,1.2440599001738706
2020-12-27 00:00:00,4,-53.29175178959221,-42.50156346469115,1.0,2.934967698128578
2020-12-27 00:00:00,8,-53.29175178959221,-43.75882256122182,2.5,2.268996656856088
2020-12-27 03:00:00,1,-53.29175178959221,-49.195700694075235,1.1,1.573077067881702
2020-12-27 03:00:00,2,-53.29175178959221,-45.21362933961334,1.5,1.7871594309087067
2020-12-27 03:00:00,4,-53.29175178959221,-40.82904434323964,1.5999999999999999,3.2703975748722764
2020-12-27 03:00:00,8,-37.2,-42.835821886344355,2.0,2.139993434527213
2020-12-27 06:00:00,1,-53.29175178959221,-47.50163282902334,1.5,0.9866408304017011
2020-12-27 06:00:00,2,-53.29175178959221,-44.480056300442655,1.0,1.4450171858283993
2020-12-27 06:00:00,4,-53.29175178959221,-44.15478180563019,0.8999999999999999,2.2787227872917195
2020-12-27 06:00:00,8,-35.13333333333333,-42.990460131762774,1.4,2.7030644578540626
2020-12-27 09:00:00,1,-53.29175178959221,-47.096289059223935,1.0,1.4596192316404726
2020-12-27 09:00:00,2,-53.29175178959221,-45.39853222910471,1.5999999999999999,1.4803978848187187
2020-12-27 09:00:00,4,-53.29175178959221,-47.37674370921973,2.0,1.623429854596398
2020-12-27 09:00:00,8,-33.06666666666667,-43.972435974151324,2.5,1.8821013082930897
2020-12-27 12:00:00,1,-53.29175178959221,-51.026597461081785,1.5999999999999999,0.670793955562258
2020-12-27 12:00:00,2,-53.29175178959221,-51.134723404858704,0.8999999999999999,1.1422906961873278
2020-12-27 12:00:00,4,-53.29175178959221,-51.32419201905927,2.5,1.3983795346009744
2020-12-27 12:00:00,8,-31.0,-42.40070125164203,3.9,1.8553596483107302
2020-12-27 15:00:00,1,-53.29175178959221,-53.38540962625794,0.8999999999999999,1.370971692536148
2020-12-27 15:00:00,2,-53.29175178959221,-53.71683828027405,2.0,1.5615874264651595
2020-12-27 15:00:00,4,-37.2,-52.22105372859351,2.0,1.093367529609906
2020-12-27 15:00:00,8,-31.3,-41.8513394210126,5.0,1.563163570402867
2020-12-27 18:00:00,1,-53.29175178959221,-53.76463631593169,2.0,1.1745035378154314
2020-12-27 18:00:00,2,-53.29175178959221,-53.28336691736849,2.5,1.572334424689402
2020-12-27 18:00:00,4,-35.13333333333333,-50.622782054006805,1.4,1.2248637893525656
2020-12-27 18:00:00,8,-33.75,-45.73083449057084,1.9,1.4258291796714557
2020-12-27 21:00:00,1,-53.29175178959221,-51.844297546750866,2.5,2.2919240058530668
2020-12-27 21:00:00,2,-37.2,-50.384945577928356,2.0,1.9768628568954254
2020-12-27 21:00:00,4,-33.06666666666667,-48.44002160378863,2.5,1.6155510544336293
2020-12-27 21:00:00,8,-36.2,-49.25403173370151,2.5,1.4136600261323773
2020-12-28 00:00:00,1,-37.2,-49.03472996545821,2.0,2.0182834503609737
2020-12-28 00:00:00,2,-35.13333333333333,-46.770938911807555,1.4,1.4941894641946227
2020-12-28 00:00:00,4,-31.0,-44.58566157150706,3.9,1.959402530571689
2020-12-28 00:00:00,8,-36.7,-46.52827489897277,2.2,2.0686402894078504
2020-12-28 03:00:00,1,-35.13333333333333,-38.62277088359787,1.4,2.0707903715507507
2020-12-28 03:00:00,2,-33.06666666666667,-37.21230229511139,2.5,2.390137181710598
2020-12-28 03:00:00,4,-31.3,-36.66853587516807,5.0,3.1448681343251903
2020-12-28 03:00:00,8,-37.2,-39.69170759293999,2.2,4.256750797176819
2020-12-28 06:00:00,1,-33.06666666666667,-31.119516806772552,2.5,2.5263094062286706
2020-12-28 06:00:00,2,-31.0,-29.806782736538832,3.9,3.0341956632764484
2020-12-28 06:00:00,4,-33.75,-33.48522560742225,1.9,3.363928360875081
2020-12-28 06:00:00,8,-34.7,-36.76613782123873,2.1,3.393403932095264
2020-12-28 09:00:00,1,-31.0,-27.838186702382043,3.9,3.02885181017344
2020-12-28 09:00:00,2,-31.3,-29.234785646816526,5.0,2.9037502372524746
2020-12-28 09:00:00,4,-36.2,-37.007230421414945,2.5,3.5075104880664707
2020-12-28 09:00:00,8,-33.0,-38.29516340658072,4.5,3.4357852748687145
2020-12-28 12:00:00,1,-31.3,-28.514310595137857,5.0,3.698409831927981
2020-12-28 12:00:00,2,-33.75,-32.41881929755601,1.9,3.205651490772981
2020-12-28 12:00:00,4,-36.7,-39.12621086314688,2.2,3.4042777789807994
2020-12-28 12:00:00,8,-32.1,-33.61462902617692,4.5,4.203632133788216
2020-12-28 15:00:00,1,-33.75,-31.924587320655558,1.9,4.464107781748108
2020-12-28 15:00:00,2,-36.2,-36.35404872117361,2.5,3.7973457625580296
2020-12-28 15:00:00,4,-37.2,-40.72720152834352,2.2,3.650042461371218
2020-12-28 15:00:00,8,-32.3,-33.771508029673356,5.2,4.426260705424142
2020-12-28 18:00:00,1,-36.2,-38.360227527955885,2.5,2.5511247154606407
2020-12-28 18:00:00,2,-36.7,-41.12686775034398,2.2,2.5216634073833313
2020-12-28 18:00:00,4,-34.7,-39.995624997415334,2.1,2.7366156355050504
2020-12-28 18:00:00,8,-33.2,-37.4050550428857,3.1,3.2766144922796165
2020-12-28 21:00:00,1,-36.7,-36.42411600142135,2.2,3.2620500638406167
2020-12-28 21:00:00,2,-37.2,-36.65987113026577,2.2,3.0760888333225083
2020-12-28 21:00:00,4,-33.0,-34.2530274871113,4.5,3.766452061695112
2020-12-28 21:00:00,8,-35.03333333333334,-38.04246785846614,3.2,3.3292228817343954
2020-12-29 00:00:00,1,-37.2,-36.97313775558365,2.2,2.716857103633172
2020-12-29 00:00:00,2,-34.7,-36.47297749653981,2.1,2.6849818852599254
2020-12-29 00:00:00,4,-32.1,-33.431624656793446,4.5,4.31406015856218
2020-12-29 00:00:00,8,-36.86666666666667,-38.69725339391058,3.5,3.293053950814741
2020-12-29 03:00:00,1,-34.7,-34.71215233278694,2.1,3.001644131990283
2020-12-29 03:00:00,2,-33.0,-34.16981394580523,4.5,3.4160336479575917
2020-12-29 03:00:00,4,-32.3,-34.23030000389175,5.2,3.890392268205143
2020-12-29 03:00:00,8,-38.7,-40.382451891779084,2.3,3.253395268725296
2020-12-29 06:00:00,1,-33.0,-32.1234527988266,4.5,3.454956965056614
2020-12-29 06:00:00,2,-32.1,-31.925905837466733,4.5,3.8046509710966476
2020-12-29 06:00:00,4,-33.2,-35.57009320929518,3.1,3.5552501736964843
2020-12-29 06:00:00,8,-34.7,-39.95869499868654,3.3,3.03623713225287
2020-12-29 09:00:00,1,-32.1,-31.066143534456497,4.5,5.0560620159745735
2020-12-29 09:00:00,2,-32.3,-32.97708796142031,5.2,4.246006731561391
2020-12-29 09:00:00,4,-35.03333333333334,-38.80432560499004,3.2,2.8831280254244733
2020-12-29 09:00:00,8,-32.75,-34.43488625992112,2.2,3.4293061289131455
2020-12-29 12:00:00,1,-32.3,-30.09716192741745,5.2,4.3488271425077425
2020-12-29 12:00:00,2,-33.2,-33.351610139881714,3.1,3.218336250261912
2020-12-29 12:00:00,4,-36.86666666666667,-39.503786524802706,3.5,2.9259302508830487
2020-12-29 12:00:00,8,-30.8,-31.840611489302376,2.5,3.62307949939615
2020-12-29 15:00:00,1,-33.2,-35.33240713779833,3.1,3.530053278737511
2020-12-29 15:00:00,2,-35.03333333333334,-39.18367369908056,3.2,2.9008503670157975
2020-12-29 15:00:00,4,-38.7,-41.45136122208359,2.3,2.491105943451103
2020-12-29 15:00:00,8,-30.6,-32.92223045706544,2.7,3.320607383577197
2020-12-29 18:00:00,1,-35.03333333333334,-37.678921792082036,3.2,2.99374698969238
2020-12-29 18:00:00,2,-36.86666666666667,-39.655671015438436,3.5,2.8813928274486673
2020-12-29 18:00:00,4,-34.7,-38.84824590432105,3.3,2.6276773226889896
2020-12-29 18:00:00,8,-32.55,-37.66653061606093,1.5,2.6163749416753297
2020-12-29 21:00:00,1,-36.86666666666667,-37.516800423384446,3.5,3.0629884431842394
2020-12-29 21:00:00,2,-38.7,-37.616434182246095,2.3,2.5836831783676426
2020-12-29 21:00:00,4,-32.75,-34.4773165632054,2.2,3.145761353650105
2020-12-29 21:00:00,8,-34.5,-37.74984502750556,2.0,3.1077015032265645
2020-12-30 00:00:00,1,-38.7,-38.61060018087962,2.3,3.0198593651431827
2020-12-30 00:00:00,2,-34.7,-37.412077045531454,3.3,2.9002287072671598
2020-12-30 00:00:00,4,-30.8,-33.5370166595649,2.5,4.5548484570641605
2020-12-30 00:00:00,8,-34.025,-40.791193544245985,2.5,3.463120521535328
2020-12-30 03:00:00,1,-34.7,-36.452666573639775,3.3,3.000657175823606
2020-12-30 03:00:00,2,-32.75,-34.12113978094409,2.2,3.5580998896574036
2020-12-30 03:00:00,4,-30.6,-31.90196358957853,2.7,4.034109268741946
2020-12-30 03:00:00,8,-33.55,-40.13090914524805,1.4,3.57754701513073
2020-12-30 06:00:00,1,-32.75,-31.815068288215024,2.2,4.514270961972869
2020-12-30 06:00:00,2,-30.8,-30.930574068231852,2.5,4.614209364936234
2020-12-30 06:00:00,4,-32.55,-34.25112968750439,1.5,3.5784897655520296
2020-12-30 06:00:00,8,-33.075,-37.750104407861855,1.9,3.484739713720137
2020-12-30 09:00:00,1,-30.8,-29.73429313196368,2.5,3.2985923958426713
2020-12-30 09:00:00,2,-30.6,-30.16650870667547,2.7,2.8007695459043394
2020-12-30 09:00:00,4,-34.5,-35.66042241837566,2.0,3.241647717693507
2020-12-30 09:00:00,8,-32.6,-34.941487797813,3.8,4.957106303565063
2020-12-30 12:00:00,1,-30.6,-32.294012675115724,2.7,2.7997121538059404
2020-12-30 12:00:00,2,-32.55,-34.867604744323735,1.5,2.4177594774600473
2020-12-30 12:00:00,4,-34.025,-40.08201594808604,2.5,3.146070610579696
2020-12-30 12:00:00,8,-30.8,-34.564776737344836,2.4,4.841286490864004
2020-12-30 15:00:00,1,-32.55,-35.86057327031236,1.5,2.107692614634656
2020-12-30 15:00:00,2,-34.5,-40.3130604414597,2.0,1.9485197792193878
2020-12-30 15:00:00,4,-33.55,-43.560189804870454,1.4,2.1835455547198857
2020-12-30 15:00:00,8,-30.4,-35.97499170948294,2.7,4.631454171172142
2020-12-30 18:00:00,1,-34.5,-39.52956605021468,2.0,1.921236493048962
2020-12-30 18:00:00,2,-34.025,-42.50264493667671,2.5,2.1586930280160437
2020-12-30 18:00:00,4,-33.075,-43.366130068300805,1.9,2.0983018680071504
2020-12-30 18:00:00,8,-33.0,-40.07014641478148,2.0,3.2557677492567003
2020-12-30 21:00:00,1,-34.025,-39.20066311241802,2.5,2.286007707509353
2020-12-30 21:00:00,2,-33.55,-40.9828597765278,1.4,2.4138020551644903
2020-12-30 21:00:00,4,-32.6,-39.9617585688948,3.8,2.8184016164643193
2020-12-30 21:00:00,8,-34.96666666666667,-40.339270826463526,2.1,3.428419881199187
2020-12-31 00:00:00,1,-33.55,-36.65553659631165,1.4,3.2328170726896017
2020-12-31 00:00:00,2,-33.075,-36.48233824539818,1.9,3.9647887414524
2020-12-31 00:00:00,4,-30.8,-36.36183877787441,2.4,5.15363471006689
2020-12-31 00:00:00,8,-36.93333333333333,-44.03189675932948,2.4,3.0502591613614793
2020-12-31 03:00:00,1,-33.075,-35.35118339359028,1.9,3.2835444068701443
2020-12-31 03:00:00,2,-32.6,-35.05448540903187,3.8,4.466571759674543
2020-12-31 03:00:00,4,-30.4,-36.903226103549684,2.7,4.246328198807685
2020-12-31 03:00:00,8,-38.9,-44.12670027955608,2.3,3.4071924322319123
2020-12-31 06:00:00,1,-32.6,-34.599888191575594,3.8,3.5789189795121974
2020-12-31 06:00:00,2,-30.8,-35.18790490030321,2.4,4.131248736532034
2020-12-31 06:00:00,4,-33.0,-40.856083304381634,2.0,3.1147273407854255
2020-12-31 06:00:00,8,-36.699999999999996,-47.923899726069166,1.3000000000000003,3.891441129077898
2020-12-31 09:00:00,1,-30.8,-32.47163057910009,2.4,5.058036888070813
2020-12-31 09:00:00,2,-30.4,-33.468063273847264,2.7,4.841213015683146
2020-12-31 09:00:00,4,-34.96666666666667,-38.60858566011238,2.1,3.568613472215026
2020-12-31 09:00:00,8,-34.5,-40.99639943112652,1.8,4.965270899786902
2020-12-31 12:00:00,1,-30.4,-34.70878038815508,2.7,2.002498976674658
2020-12-31 12:00:00,2,-33.0,-36.84318099206888,2.0,1.7987537931200284
2020-12-31 12:00:00,4,-36.93333333333333,-42.074683920309184,2.4,2.16729644915694
2020-12-31 12:00:00,8,-32.3,-44.43937393255943,3.3,5.515553722513889
2020-12-31 15:00:00,1,-33.0,-34.0296692982959,2.0,2.790771322690828
2020-12-31 15:00:00,2,-34.96666666666667,-36.333561996032074,2.1,2.8069061631503063
2020-12-31 15:00:00,4,-38.9,-39.47715824922484,2.3,3.5367867751876285
2020-12-31 15:00:00,8,-32.4,-38.24089383103346,3.7,4.774529650200606
2020-12-31 18:00:00,1,-34.96666666666667,-36.563494035877625,2.1,3.1750919740145824
2020-12-31 18:00:00,2,-36.93333333333333,-38.09666250191047,2.4,3.783546745019767
2020-12-31 18:00:00,4,-36.699999999999996,-38.325299080976514,1.3000000000000003,4.2308831612616755
2020-12-31 18:00:00,8,-33.9,-39.70101790672908,2.5,4.19274079789011
2020-12-31 21:00:00,1,-36.93333333333333,-38.08458546432088,2.4,2.6978710742433476
2020-12-31 21:00:00,2,-38.9,-37.833901554969586,2.3,2.7955452366006655
2020-12-31 21:00:00,4,-34.5,-35.279147704638646,1.8,4.685825378445749
2020-12-31 21:00:00,8,-34.4,-38.93215112657724,3.5,4.074143644680684
2021-01-01 00:00:00,1,-38.9,-39.04614591116587,2.3,2.9366735166960725
2021-01-01 00:00:00,2,-36.699999999999996,-38.35428195378876,1.3000000000000003,3.2821235845593155
2021-01-01 00:00:00,4,-32.3,-36.091990983198684,3.3,5.002580722175945
2021-01-01 00:00:00,8,-34.9,-41.030689514228996,2.9,3.8822629166092453
2021-01-01 03:00:00,1,-36.699999999999996,-37.55661674907804,1.3000000000000003,3.4272201642629754
2021-01-01 03:00:00,2,-34.5,-36.77427515941656,1.8,4.531591376196046
2021-01-01 03:00:00,4,-32.4,-36.07752764633116,3.7,4.523625450891388
2021-01-01 03:00:00,8,-35.4,-41.838910778940026,1.9,3.994465462977218
2021-01-01 06:00:00,1,-34.5,-32.90278125334909,1.8,3.4479283015292586
2021-01-01 06:00:00,2,-32.3,-31.54180675985004,3.3,4.358053663041604
2021-01-01 06:00:00,4,-33.9,-33.91033992437942,2.5,3.6991397715920957
2021-01-01 06:00:00,8,-35.9,-35.99177217753339,4.0,4.454915652717624
2021-01-01 09:00:00,1,-32.3,-31.459675411030528,3.3,3.59047660413309
2021-01-01 09:00:00,2,-32.4,-31.556800385445996,3.7,3.708962104926902
2021-01-01 09:00:00,4,-34.4,-37.03210643858582,3.5,3.192659153939508
2021-01-01 09:00:00,8,-33.8,-35.747185147557055,4.1,4.889962038617112
2021-01-01 12:00:00,1,-32.4,-31.656637325586747,3.7,4.038146671277914
2021-01-01 12:00:00,2,-33.9,-33.43066927248108,2.5,3.657114907415179
2021-01-01 12:00:00,4,-34.9,-38.53146467517534,2.9,3.0080380723297333
2021-01-01 12:00:00,8,-31.7,-33.42426257768055,4.3,5.544783194534326
2021-01-01 15:00:00,1,-33.9,-34.033339530337514,2.5,3.2500173565916803
2021-01-01 15:00:00,2,-34.4,-36.68144581190177,3.5,2.6108081036620536
2021-01-01 15:00:00,4,-35.4,-39.85734500646738,1.9,2.802764413060681
2021-01-01 15:00:00,8,-31.2,-33.88404163825485,3.0,5.131193534291292
2021-01-01 18:00:00,1,-34.4,-37.94795686164136,3.5,2.656027865187465
2021-01-01 18:00:00,2,-34.9,-40.158132554643416,2.9,2.679022290946069
2021-01-01 18:00:00,4,-35.9,-39.90453349828773,4.0,2.749866228534812
2021-01-01 18:00:00,8,-33.233333333333334,-36.43918311811825,1.8,3.8509433476262167
2021-01-01 21:00:00,1,-34.9,-38.505068400916166,2.9,3.0555296992441114
2021-01-01 21:00:00,2,-35.4,-38.919631701379956,1.9,2.784375462825608
2021-01-01 21:00:00,4,-33.8,-36.33133852997782,4.1,4.0514513309501945
2021-01-01 21:00:00,8,-35.266666666666666,-37.07302945379962,1.5999999999999999,3.640384434110297
2021-01-02 00:00:00,1,-35.4,-37.73909227073506,1.9,2.9990237660337637
2021-01-02 00:00:00,2,-35.9,-35.71141371441972,4.0,3.4584686308122783
2021-01-02 00:00:00,4,-31.7,-32.332036394346915,4.3,4.6765711314285445
2021-01-02 00:00:00,8,-37.3,-38.11458136152467,2.6,3.7036495507579743
2021-01-02 03:00:00,1,-35.9,-36.31544139614076,4.0,3.199438065836139
2021-01-02 03:00:00,2,-33.8,-34.39785827305772,4.1,3.8635050708453145
2021-01-02 03:00:00,4,-31.2,-33.873871046284044,3.0,3.922807406521327
2021-01-02 03:00:00,8,-37.0,-37.59328160344262,2.5,3.512996532706891
2021-01-02 06:00:00,1,-33.8,-33.111184723621975,4.1,5.004799374044958
2021-01-02 06:00:00,2,-31.7,-32.773412418641925,4.3,5.211227201503307
2021-01-02 06:00:00,4,-33.233333333333334,-35.469005479436284,1.8,3.501780063801473
2021-01-02 06:00:00,8,-34.93333333333334,-36.109650462456585,1.9,3.519768286372005
2021-01-02 09:00:00,1,-31.7,-31.627748117903163,4.3,4.962991569575498
2021-01-02 09:00:00,2,-31.2,-32.37379230870481,3.0,4.35077274183599
2021-01-02 09:00:00,4,-35.266666666666666,-37.001792079944586,1.5999999999999999,2.82112926258331
2021-01-02 09:00:00,8,-32.86666666666667,-34.36320361645445,4.0,4.31879003001963
2021-01-02 12:00:00,1,-31.2,-33.8963319441374,3.0,3.936112146173847
2021-01-02 12:00:00,2,-33.233333333333334,-35.97231288680318,1.8,3.061082833976197
2021-01-02 12:00:00,4,-37.3,-40.27920409995303,2.6,2.189356812347859
2021-01-02 12:00:00,8,-30.8,-34.15782048633045,4.2,5.13527359295548
2021-01-02 15:00:00,1,-33.233333333333334,-35.12101358841814,1.8,2.5710441675762272
2021-01-02 15:00:00,2,-35.266666666666666,-37.68380390678834,1.5999999999999999,2.2620938289069796
2021-01-02 15:00:00,4,-37.0,-40.35691733670361,2.5,2.5377889168147614
2021-01-02 15:00:00,8,-30.5,-34.14293781788691,3.3,5.407395270362
2021-01-02 18:00:00,1,-35.266666666666666,-38.13310255996626,1.5999999999999999,2.3674781397601192
2021-01-02 18:00:00,2,-37.3,-40.322349140219096,2.6,2.6817025887627364
2021-01-02 18:00:00,4,-34.93333333333334,-39.54746617680314,1.9,3.2424822581820396
2021-01-02 18:00:00,8,-33.2,-36.00695889739458,2.9,3.2112902843425473
2021-01-02 21:00:00,1,-37.3,-38.18854943413072,2.6,2.4839631747807607
2021-01-02 21:00:00,2,-37.0,-39.268848444080625,2.5,2.942861481256384
2021-01-02 21:00:00,4,-32.86666666666667,-38.02892820386743,4.0,3.8027809797556684
2021-01-02 21:00:00,8,-34.800000000000004,-38.971006303950546,2.7,3.053328429747348
2021-01-03 00:00:00,1,-37.0,-37.65731540840249,2.5,2.8927516745120574
2021-01-03 00:00:00,2,-34.93333333333334,-38.00451330732997,1.9,3.2689740065731936
2021-01-03 00:00:00,4,-30.8,-37.26100383901014,4.2,3.8514959844273795
2021-01-03 00:00:00,8,-36.4,-40.02622899745444,3.3,2.9950294461872966
2021-01-03 03:00:00,1,-34.93333333333334,-35.73455188320341,1.9,3.6262185738693478
2021-01-03 03:00:00,2,-32.86666666666667,-34.99369385852572,4.0,4.2825601541567835
2021-01-03 03:00:00,4,-30.5,-35.97939252952811,3.3,3.26344454599227
2021-01-03 03:00:00,8,-38.0,-39.05479624604838,2.3,2.7229174197297867
2021-01-03 06:00:00,1,-32.86666666666667,-33.848895599976586,4.0,3.6365995825134676
2021-01-03 06:00:00,2,-30.8,-33.25992494793859,4.2,3.8697879186308337
2021-01-03 06:00:00,4,-33.2,-37.09987964368231,2.9,2.4803179953437695
2021-01-03 06:00:00,8,-35.1,-37.18476042427857,3.0,3.2083684195397573
2021-01-03 09:00:00,1,-30.8,-31.003854782893715,4.2,4.297647360107192
2021-01-03 09:00:00,2,-30.5,-31.998296012905307,3.3,3.4497316160098146
2021-01-03 09:00:00,4,-34.800000000000004,-37.23820430569162,2.7,2.713627181604397
2021-01-03 09:00:00,8,-33.1,-35.59684108803733,3.1,3.7968787712643075
2021-01-03 12:00:00,1,-30.5,-32.06108046914901,3.3,3.327503999727633
2021-01-03 12:00:00,2,-33.2,-35.27243407641649,2.9,2.378285283125151
2021-01-03 12:00:00,4,-36.4,-40.41947411463457,3.3,2.4125525505286225
2021-01-03 12:00:00,8,-31.1,-36.41421919982663,3.1,3.893079311022085
2021-01-03 15:00:00,1,-33.2,-34.232275617605545,2.9,2.3518400832339164
2021-01-03 15:00:00,2,-34.800000000000004,-37.87115433814178,2.7,2.0649115039595496
2021-01-03 15:00:00,4,-38.0,-41.61305029018735,2.3,2.2551019562902135
2021-01-03 15:00:00,8,-31.2,-36.38082541995536,2.5,3.2914631704930386
2021-01-03 18:00:00,1,-34.800000000000004,-37.92950483129478,2.7,2.7630314026678136
2021-01-03 18:00:00,2,-36.4,-41.29502259432944,3.3,2.4340931487971877
2021-01-03 18:00:00,4,-35.1,-42.982041077697964,3.0,2.3296638020145615
2021-01-03 18:00:00,8,-53.29175178959221,-38.25023008285818,1.5,3.0967272544792324
2021-01-03 21:00:00,1,-36.4,-37.43416904687807,3.3,2.808811025876105
2021-01-03 21:00:00,2,-38.0,-38.42044123666828,2.3,2.745213777950079
2021-01-03 21:00:00,4,-33.1,-37.647128965409905,3.1,3.367316937040752
2021-01-03 21:00:00,8,-53.29175178959221,-38.95632537578413,2.3,3.647909428349566
2021-01-04 00:00:00,1,-38.0,-38.173006786780604,2.3,3.3181771573122156
2021-01-04 00:00:00,2,-35.1,-37.85414186877264,3.0,3.468193055002781
2021-01-04 00:00:00,4,-31.1,-36.59262965489969,3.1,3.9292768215476457
2021-01-04 00:00:00,8,-53.29175178959221,-41.15864112348939,1.6999999999999997,3.248799177549974
2021-01-04 03:00:00,1,-35.1,-36.78659284433672,3.0,2.7942919462334186
2021-01-04 03:00:00,2,-33.1,-35.95075693819291,3.1,3.343564298603048
2021-01-04 03:00:00,4,-31.2,-36.012737315332096,2.5,3.1241220331047916
2021-01-04 03:00:00,8,-53.29175178959221,-40.92334711527839,1.6999999999999997,3.549521925560528
2021-01-04 06:00:00,1,-33.1,-34.96860457306189,3.1,3.668621084746427
2021-01-04 06:00:00,2,-31.1,-34.35343650503788,3.1,3.791702596735321
2021-01-04 06:00:00,4,-53.29175178959221,-37.22939978359731,1.5,2.77923785210254
2021-01-04 06:00:00,8,-53.29175178959221,-39.10248332455362,1.1999999999999997,3.4172565591635222
2021-01-04 09:00:00,1,-31.1,-30.589697844988123,3.1,3.6823252190594813
2021-01-04 09:00:00,2,-31.2,-31.1792650718456,2.5,3.027549038697458
2021-01-04 09:00:00,4,-53.29175178959221,-37.93022533228449,2.3,2.660133090967302
2021-01-04 09:00:00,8,-53.29175178959221,-37.25777599457622,1.1999999999999997,3.938245912347703
2021-01-04 12:00:00,1,-31.2,-33.17976921283288,2.5,2.286416886419298
2021-01-04 12:00:00,2,-53.29175178959221,-36.33096819246911,1.5,1.967387544493724
2021-01-04 12:00:00,4,-53.29175178959221,-42.504230759355075,1.6999999999999997,2.5161694047089904
2021-01-04 12:00:00,8,-53.29175178959221,-36.47514188151292,0.6000000000000001,3.358860519581732
2021-01-04 15:00:00,1,-53.29175178959221,-34.054633216587526,1.5,2.668251298649703
2021-01-04 15:00:00,2,-53.29175178959221,-36.89904575680737,2.3,2.6118260921620102
2021-01-04 15:00:00,4,-53.29175178959221,-40.57886334357916,1.6999999999999997,2.2996185315419275
2021-01-04 15:00:00,8,-53.29175178959221,-32.826029164918786,1.8,3.7231133954340567
2021-01-04 18:00:00,1,-53.29175178959221,-52.04281250119041,2.3,1.2273450963310895
2021-01-04 18:00:00,2,-53.29175178959221,-52.57889158085529,1.6999999999999997,1.072611270898975
2021-01-04 18:00:00,4,-53.29175178959221,-48.06762058024094,1.1999999999999997,1.7437802813159633
2021-01-04 18:00:00,8,-53.29175178959221,-38.04785288286327,2.1,3.7130498150340894
2021-01-04 21:00:00,1,-53.29175178959221,-53.04537395748133,1.6999999999999997,2.0542840495346417
2021-01-04 21:00:00,2,-53.29175178959221,-52.83079529838217,1.6999999999999997,1.2786186155734014
2021-01-04 21:00:00,4,-53.29175178959221,-47.32319319366021,1.1999999999999997,1.565135776491092
2021-01-04 21:00:00,8,-53.29175178959221,-39.83045879153521,2.8,3.4012350906948274
2021-01-05 00:00:00,1,-53.29175178959221,-50.22814655004178,1.6999999999999997,1.492207233916266
2021-01-05 00:00:00,2,-53.29175178959221,-46.68671847036837,1.1999999999999997,1.3091682947622298
2021-01-05 00:00:00,4,-53.29175178959221,-40.584906905880885,0.6000000000000001,2.1256570297536257
2021-01-05 00:00:00,8,-53.29175178959221,-41.11078400675059,2.8,3.9350101251012983
2021-01-05 03:00:00,1,-53.29175178959221,-50.71711202495793,1.1999999999999997,1.6561999985396885
2021-01-05 03:00:00,2,-53.29175178959221,-46.20610071991906,1.1999999999999997,1.9069155511218547
2021-01-05 03:00:00,4,-53.29175178959221,-37.92747013649982,1.8,3.1736498236396438
2021-01-05 03:00:00,8,-41.0,-38.193925812515964,3.1,3.388699414374024
2021-01-05 06:00:00,1,-53.29175178959221,-45.31480208858902,1.1999999999999997,1.9803367719776153
2021-01-05 06:00:00,2,-53.29175178959221,-41.64274934098338,0.6000000000000001,2.357027175065719
2021-01-05 06:00:00,4,-53.29175178959221,-40.24622388764985,2.1,2.7537396182577765
2021-01-05 06:00:00,8,-37.9,-37.769957092132444,3.2,4.024174869760284
2021-01-05 09:00:00,1,-53.29175178959221,-42.449927320261295,0.6000000000000001,2.214143968535205
2021-01-05 09:00:00,2,-53.29175178959221,-40.16861728504574,1.8,2.372083508643329
2021-01-05 09:00:00,4,-53.29175178959221,-41.24588154482697,2.8,2.701418571146716
2021-01-05 09:00:00,8,-35.849999999999994,-33.516237411021535,4.2,4.496695997304543
2021-01-05 12:00:00,1,-53.29175178959221,-45.66157633293456,1.8,1.8748623500536123
2021-01-05 12:00:00,2,-53.29175178959221,-45.129640539242345,2.1,2.348416075821743
2021-01-05 12:00:00,4,-53.29175178959221,-44.6332708359054,2.8,2.8138956363598604
2021-01-05 12:00:00,8,-33.8,-34.595653086758055,4.3,4.680046966036504
2021-01-05 15:00:00,1,-53.29175178959221,-50.26686158997259,2.1,2.7550097044755097
2021-01-05 15:00:00,2,-53.29175178959221,-48.109774211145165,2.8,2.9303319900741718
2021-01-05 15:00:00,4,-41.0,-41.78170083885374,3.1,2.9752919224585663
2021-01-05 15:00:00,8,-33.6,-35.25698797619899,3.4,3.9642874786256614
2021-01-05 18:00:00,1,-53.29175178959221,-50.9209345499382,2.8,3.1490629912944486
2021-01-05 18:00:00,2,-53.29175178959221,-47.49875406731894,2.8,3.30885452718946
2021-01-05 18:00:00,4,-37.9,-40.30527470776485,3.2,3.0147765675448763
2021-01-05 18:00:00,8,-35.5,-38.48555291110877,2.6,3.4065626544888725
2021-01-05 21:00:00,1,-53.29175178959221,-49.0544565620556,2.8,3.3641758730590743
2021-01-05 21:00:00,2,-41.0,-44.730548556530685,3.1,3.318939448983577
2021-01-05 21:00:00,4,-35.849999999999994,-38.70658099972342,4.2,3.752276630485393
2021-01-05 21:00:00,8,-36.86666666666667,-41.18279231666462,2.5,3.754263046396331
2021-01-06 00:00:00,1,-41.0,-46.99231500240025,3.1,3.3635958563556105
2021-01-06 00:00:00,2,-37.9,-41.22594888494652,3.2,3.557076862402301
2021-01-06 00:00:00,4,-33.8,-36.180982942442256,4.3,4.0771720165036225
2021-01-06 00:00:00,8,-38.233333333333334,-42.72167147354194,2.7,3.8429883796144964
2021-01-06 03:00:00,1,-37.9,-39.947256324973836,3.2,3.1533377751839584
2021-01-06 03:00:00,2,-35.849999999999994,-37.85108406257229,4.2,3.792838662730205
2021-01-06 03:00:00,4,-33.6,-38.02207768045723,3.4,3.6760933653422447
2021-01-06 03:00:00,8,-39.6,-42.40173877306722,2.3,3.4030937115116284
2021-01-06 06:00:00,1,-35.849999999999994,-34.73653120427491,4.2,4.097263479456253
2021-01-06 06:00:00,2,-33.8,-33.595113536369524,4.3,4.560426279030453
2021-01-06 06:00:00,4,-35.5,-37.08037279988679,2.6,3.369461793807945
2021-01-06 06:00:00,8,-37.266666666666666,-39.552195545299625,1.3000000000000003,3.5888202700068397
2021-01-06 09:00:00,1,-33.8,-33.24135331442771,4.3,4.90085971961429
2021-01-06 09:00:00,2,-33.6,-34.36693004757325,3.4,4.383685197287052
2021-01-06 09:00:00,4,-36.86666666666667,-39.91246621418449,2.5,3.60498276030193
2021-01-06 09:00:00,8,-34.93333333333334,-35.16775536962486,2.6,4.516346182610744
2021-01-06 12:00:00,1,-33.6,-33.39546991712959,3.4,4.018150358151293
2021-01-06 12:00:00,2,-35.5,-36.269018076371495,2.6,3.503106449443436
2021-01-06 12:00:00,4,-38.233333333333334,-40.534921429218464,2.7,3.802597838335166
2021-01-06 12:00:00,8,-32.6,-32.853543656713995,3.1,5.318251320565521
2021-01-06 15:00:00,1,-35.5,-37.08835450985084,2.6,3.3717589062928015
2021-01-06 15:00:00,2,-36.86666666666667,-40.34358374538796,2.5,3.2392375931289488
2021-01-06 15:00:00,4,-39.6,-42.40213721011453,2.3,3.3811795921903016
2021-01-06 15:00:00,8,-32.0,-33.93821466666949,2.3,4.903182025874876
2021-01-06 18:00:00,1,-36.86666666666667,-38.5973415216669,2.5,3.1211538064226434
2021-01-06 18:00:00,2,-38.233333333333334,-41.12263985053634,2.7,3.089892249773993
2021-01-06 18:00:00,4,-37.266666666666666,-40.27936405117274,1.3000000000000003,3.1529745582521698
2021-01-06 18:00:00,8,-53.29175178959221,-35.893882031066845,1.4,3.8770059220473234
2021-01-06 21:00:00,1,-38.233333333333334,-39.96422844628754,2.7,2.961430280392062
2021-01-06 21:00:00,2,-39.6,-40.7491703240209,2.3,2.8294386763604544
2021-01-06 21:00:00,4,-34.93333333333334,-37.64291115261612,2.6,3.5626940013217756
2021-01-06 21:00:00,8,-53.29175178959221,-37.86276914762348,1.6999999999999997,3.944980488531066
2021-01-07 00:00:00,1,-39.6,-38.8282361508347,2.3,2.7722587763242394
2021-01-07 00:00:00,2,-37.266666666666666,-38.02919767123758,1.3000000000000003,2.7152156424991283
2021-01-07 00:00:00,4,-32.6,-35.34264977986811,3.1,3.6498637321939786
2021-01-07 00:00:00,8,-53.29175178959221,-40.00523936262208,2.2,3.7694987223330236
2021-01-07 03:00:00,1,-37.266666666666666,-36.32006557149275,1.3000000000000003,2.404165076036837
2021-01-07 03:00:00,2,-34.93333333333334,-35.39129368368768,2.6,2.644686240535844
2021-01-07 03:00:00,4,-32.0,-34.955943929670624,2.3,2.9958538825054575
2021-01-07 03:00:00,8,-53.29175178959221,-40.44442938691431,1.4,3.2301269106432833
2021-01-07 06:00:00,1,-34.93333333333334,-32.43569775374107,2.6,2.4440457832736646
2021-01-07 06:00:00,2,-32.6,-32.03354580332609,3.1,2.7421445628843713
2021-01-07 06:00:00,4,-53.29175178959221,-36.23616611324448,1.4,2.762049885157485
2021-01-07 06:00:00,8,-53.29175178959221,-39.28273682115836,0.8000000000000003,2.510682973497408
2021-01-07 09:00:00,1,-32.6,-30.131215686195304,3.1,3.048578669870115
2021-01-07 09:00:00,2,-32.0,-31.577707883165523,2.3,2.664183503622378
2021-01-07 09:00:00,4,-53.29175178959221,-36.80542818120983,1.6999999999999997,2.790174030255436
2021-01-07 09:00:00,8,-53.29175178959221,-33.68264720160991,1.4,3.0101643736811514
2021-01-07 12:00:00,1,-32.0,-30.480696132258206,2.3,2.6372731386529105
2021-01-07 12:00:00,2,-53.29175178959221,-33.13047109411465,1.4,2.2957341578659465
2021-01-07 12:00:00,4,-53.29175178959221,-37.22287492663446,2.2,2.7846115644953024
2021-01-07 12:00:00,8,-53.29175178959221,-30.678812289399946,1.5999999999999999,3.477374773271972
2021-01-07 15:00:00,1,-53.29175178959221,-33.94855673787585,1.4,2.115310146012081
2021-01-07 15:00:00,2,-53.29175178959221,-36.69873783565491,1.6999999999999997,2.2795563946774475
2021-01-07 15:00:00,4,-53.29175178959221,-38.25380232676518,1.4,2.378737011522995
2021-01-07 15:00:00,8,-32.2,-30.73644228156323,2.6,2.836992063585069
2021-01-07 18:00:00,1,-53.29175178959221,-51.26146304139177,1.6999999999999997,1.6679116651036134
2021-01-07 18:00:00,2,-53.29175178959221,-51.93616191828387,2.2,1.82816689977245
2021-01-07 18:00:00,4,-53.29175178959221,-45.72759800012504,0.8000000000000003,1.7719708633336164
2021-01-07 18:00:00,8,-34.175000000000004,-37.38481184707868,1.6999999999999997,3.0008458225506565
2021-01-07 21:00:00,1,-53.29175178959221,-50.62733255813259,2.2,2.024164450758586
2021-01-07 21:00:00,2,-53.29175178959221,-51.03181406837256,1.4,1.6331891501717202
2021-01-07 21:00:00,4,-53.29175178959221,-45.72484424534236,1.4,1.5653042681975586
2021-01-07 21:00:00,8,-36.150000000000006,-41.07377187090896,2.6,3.551443917387815
2021-01-08 00:00:00,1,-53.29175178959221,-53.12992826106663,1.4,1.919339148465762
2021-01-08 00:00:00,2,-53.29175178959221,-50.72623897124513,0.8000000000000003,1.4867621791490566
2021-01-08 00:00:00,4,-53.29175178959221,-43.09217974098965,1.5999999999999999,1.9505892412799533
2021-01-08 00:00:00,8,-38.125,-41.98624530582571,2.5,3.4068388662491333
2021-01-08 03:00:00,1,-53.29175178959221,-51.65358264596334,0.8000000000000003,1.5230284193612111
2021-01-08 03:00:00,2,-53.29175178959221,-47.64950665089983,1.4,1.727282597165819
2021-01-08 03:00:00,4,-32.2,-40.77379056334043,2.6,2.900849727173874
2021-01-08 03:00:00,8,-40.1,-38.79456425758139,2.0,4.075822056685798
2021-01-08 06:00:00,1,-53.29175178959221,-47.63105858330869,1.4,1.7009198302423683
2021-01-08 06:00:00,2,-53.29175178959221,-43.32254119942507,1.5999999999999999,2.1404073056112614
2021-01-08 06:00:00,4,-34.175000000000004,-40.70318002534645,1.6999999999999997,3.0695621791041345
2021-01-08 06:00:00,8,-36.7,-35.24030837828711,2.5,4.75501479146118
2021-01-08 09:00:00,1,-53.29175178959221,-42.031737738316274,1.5999999999999999,2.2566723416506114
2021-01-08 09:00:00,2,-32.2,-38.6573938381576,2.6,2.298352284375734
2021-01-08 09:00:00,4,-36.150000000000006,-39.331712155433195,2.6,3.061595827238196
2021-01-08 09:00:00,8,-34.8,-33.174010968923085,2.8,5.42220078590568
2021-01-08 12:00:00,1,-32.2,-41.139746705535124,2.6,2.3415166603628927
2021-01-08 12:00:00,2,-34.175000000000004,-39.047132997521786,1.6999999999999997,2.3217866014566004
2021-01-08 12:00:00,4,-38.125,-38.99478715961706,2.5,3.32557495630915
2021-01-08 12:00:00,8,-32.9,-32.31842468964923,3.8,5.592272048800369
2021-01-08 15:00:00,1,-34.175000000000004,-36.48058166398526,1.6999999999999997,2.3104704638415905
2021-01-08 15:00:00,2,-36.150000000000006,-38.584833624485455,2.6,2.4115976930984306
2021-01-08 15:00:00,4,-40.1,-39.045409559154386,2.0,3.0537534980650545
2021-01-08 15:00:00,8,-32.7,-31.807253734480582,3.2,4.224902132243389
2021-01-08 18:00:00,1,-36.150000000000006,-36.691772032086355,2.6,2.78057533500286
2021-01-08 18:00:00,2,-38.125,-38.42352498090426,2.5,3.060011098754684
2021-01-08 18:00:00,4,-36.7,-36.86228291430818,2.5,3.0223374729120898
2021-01-08 18:00:00,8,-34.300000000000004,-32.66227225897454,1.8,3.343490450181068
2021-01-08 21:00:00,1,-38.125,-37.390214163499564,2.5,3.0832808165007837
2021-01-08 21:00:00,2,-40.1,-37.727486440792745,2.0,3.0750294683781787
2021-01-08 21:00:00,4,-34.8,-34.74529826031775,2.8,3.848972981083521
2021-01-08 21:00:00,8,-35.900000000000006,-35.447502847899244,2.5,3.0745031983962714
2021-01-09 00:00:00,1,-40.1,-38.64700421388592,2.0,2.7580563117932617
2021-01-09 00:00:00,2,-36.7,-36.70689390685848,2.5,2.993509661658999
2021-01-09 00:00:00,4,-32.9,-32.92003148804483,3.8,4.182258480941469
2021-01-09 00:00:00,8,-37.5,-38.06145450054709,2.8,2.8305036399216124
2021-01-09 03:00:00,1,-36.7,-34.985415302153896,2.5,2.608267931226587
2021-01-09 03:00:00,2,-34.8,-33.18415129985232,2.8,3.1247842694953984
2021-01-09 03:00:00,4,-32.7,-32.15499345015233,3.2,2.762315099634689
2021-01-09 03:00:00,8,-39.1,-37.59897644326532,2.0,2.4434882676778367
2021-01-09 06:00:00,1,-34.8,-31.983612202734932,2.8,2.9719441628755856
2021-01-09 06:00:00,2,-32.9,-30.78300105551857,3.8,3.091089500652792
2021-01-09 06:00:00,4,-34.300000000000004,-33.29246709564003,1.8,2.149565896260934
2021-01-09 06:00:00,8,-36.650000000000006,-36.05718502138757,1.6999999999999997,2.115885683822082
2021-01-09 09:00:00,1,-32.9,-30.16996567042412,3.8,3.007941562839637
2021-01-09 09:00:00,2,-32.7,-31.4081495032521,3.2,2.4694373767978792
2021-01-09 09:00:00,4,-35.900000000000006,-37.021306128750005,2.5,2.40485578539303
2021-01-09 09:00:00,8,-34.2,-33.94580298309316,3.0,2.5489123553705406
2021-01-09 12:00:00,1,-32.7,-31.904103477517978,3.2,3.003869928760772
2021-01-09 12:00:00,2,-34.300000000000004,-35.25383938687394,1.8,2.6532536172483945
2021-01-09 12:00:00,4,-37.5,-39.40741087141654,2.8,2.6848647941879626
2021-01-09 12:00:00,8,-32.6,-31.904394559917822,2.1,3.2170304661968747
2021-01-09 15:00:00,1,-34.300000000000004,-34.115793663600414,1.8,3.194588543939033
2021-01-09 15:00:00,2,-35.900000000000006,-37.433572472058586,2.5,3.153385310106843
2021-01-09 15:00:00,4,-39.1,-39.85395000580385,2.0,2.8863111323525272
2021-01-09 15:00:00,8,-53.29175178959221,-32.049977548897516,0.8000000000000003,3.421241148080739
2021-01-09 18:00:00,1,-35.900000000000006,-37.53192085715459,2.5,2.7631674757168336
2021-01-09 18:00:00,2,-37.5,-39.75881505512198,2.8,2.9382716818599737
2021-01-09 18:00:00,4,-36.650000000000006,-39.44961349638807,1.6999999999999997,2.503794648631894
2021-01-09 18:00:00,8,-53.29175178959221,-34.68883692075978,0.5,3.0091867485425223
2021-01-09 21:00:00,1,-37.5,-37.98081458877629,2.8,3.1334391979111196
2021-01-09 21:00:00,2,-39.1,-38.77697826942445,2.0,2.902243196242482
2021-01-09 21:00:00,4,-34.2,-37.25496027670842,3.0,2.6705712588232364
2021-01-09 21:00:00,8,-53.29175178959221,-39.2770736833792,0.6999999999999997,2.9536438840670485
2021-01-10 00:00:00,1,-39.1,-38.11483353687107,2.0,2.8282704316488445
2021-01-10 00:00:00,2,-36.650000000000006,-37.826595674933884,1.6999999999999997,2.563376835169106
2021-01-10 00:00:00,4,-32.6,-36.30012642710339,2.1,2.6151798236029418
2021-01-10 00:00:00,8,-53.29175178959221,-40.748812235029014,0.3999999999999999,3.4936681745580653
2021-01-10 03:00:00,1,-36.650000000000006,-38.13474530222281,1.6999999999999997,1.9898599658832428
2021-01-10 03:00:00,2,-34.2,-38.056504658747755,3.0,2.001182075356204
2021-01-10 03:00:00,4,-53.29175178959221,-38.76223826017687,0.8000000000000003,1.9811743250552036
2021-01-10 03:00:00,8,-53.29175178959221,-41.910805249697674,0.8999999999999999,3.5016272882122474
2021-01-10 06:00:00,1,-34.2,-33.86270472194545,3.0,2.1955479227976262
2021-01-10 06:00:00,2,-32.6,-33.45761889150036,2.1,2.258022728029718
2021-01-10 06:00:00,4,-53.29175178959221,-37.69789258314122,0.5,2.438804091597741
2021-01-10 06:00:00,8,-53.29175178959221,-40.71249394164048,0.5,3.061836941002956
2021-01-10 09:00:00,1,-32.6,-31.923656433376845,2.1,2.3888210268743872
2021-01-10 09:00:00,2,-53.29175178959221,-34.19032516798042,0.8000000000000003,2.064131536655057
2021-01-10 09:00:00,4,-53.29175178959221,-39.69178108404094,0.6999999999999997,2.8446999726341584
2021-01-10 09:00:00,8,-53.29175178959221,-36.747966786278134,0.8999999999999999,3.2290031082852626
2021-01-10 12:00:00,1,-53.29175178959221,-32.13757750022896,0.8000000000000003,1.803161770769903
2021-01-10 12:00:00,2,-53.29175178959221,-35.540082902071596,0.5,1.9661843217569748
2021-01-10 12:00:00,4,-53.29175178959221,-40.27543155677088,0.3999999999999999,2.808608622547704
2021-01-10 12:00:00,8,-53.29175178959221,-34.818648143074626,1.4,3.1661172845976964
2021-01-10 15:00:00,1,-53.29175178959221,-50.45519586542748,0.5,1.9062753892776019
2021-01-10 15:00:00,2,-53.29175178959221,-52.34935072801585,0.6999999999999997,2.0562298088233706
2021-01-10 15:00:00,4,-53.29175178959221,-49.90949598107826,0.8999999999999999,2.2867182519651683
2021-01-10 15:00:00,8,-53.29175178959221,-36.02897020263036,1.5999999999999999,3.0199585406412925
2021-01-10 18:00:00,1,-53.29175178959221,-51.945123914875744,0.6999999999999997,1.9757405741619722
2021-01-10 18:00:00,2,-53.29175178959221,-52.95492199304473,0.3999999999999999,2.0495229857834305
2021-01-10 18:00:00,4,-53.29175178959221,-47.78933715997765,0.5,2.084900059002851
2021-01-10 18:00:00,8,-53.29175178959221,-38.237271152057176,1.1,3.1954082347629296
2021-01-10 21:00:00,1,-53.29175178959221,-53.25255987114422,0.3999999999999999,2.1871085144697338
2021-01-10 21:00:00,2,-53.29175178959221,-50.64874134441572,0.8999999999999999,2.2930738017892214
2021-01-10 21:00:00,4,-53.29175178959221,-41.5024260092286,0.8999999999999999,2.4612367361476952
2021-01-10 21:00:00,8,-53.29175178959221,-38.82573601240039,1.1999999999999997,3.2468928751798476
2021-01-11 00:00:00,1,-53.29175178959221,-53.70088170510534,0.8999999999999999,1.6448843941262807
2021-01-11 00:00:00,2,-53.29175178959221,-50.508915338469095,0.5,1.8483127492885607
2021-01-11 00:00:00,4,-53.29175178959221,-42.017960318390955,1.4,2.5549435053394847
2021-01-11 00:00:00,8,-53.29175178959221,-39.000159214996366,0.8999999999999999,3.168196690868153
2021-01-11 03:00:00,1,-53.29175178959221,-51.839380847997056,0.5,1.4794001579796663
2021-01-11 03:00:00,2,-53.29175178959221,-48.254450449629296,0.8999999999999999,1.6533635792937378
2021-01-11 03:00:00,4,-53.29175178959221,-42.316718935779946,1.5999999999999999,2.5302718406192932
2021-01-11 03:00:00,8,-53.29175178959221,-39.27377667085027,0.6999999999999997,3.2906045026319815
2021-01-11 06:00:00,1,-53.29175178959221,-47.60110879816825,0.8999999999999999,1.293782869155407
2021-01-11 06:00:00,2,-53.29175178959221,-44.290274178248936,1.4,1.9324137849666183
2021-01-11 06:00:00,4,-53.29175178959221,-42.5107152682625,1.1,2.938008333588379
2021-01-11 06:00:00,8,-53.29175178959221,-36.393958711995865,0.10000000000000009,4.092899117697483
2021-01-11 09:00:00,1,-53.29175178959221,-40.66598272075046,1.4,1.8810729756820401
2021-01-11 09:00:00,2,-53.29175178959221,-37.56558698639998,1.5999999999999999,2.06697808673146
2021-01-11 09:00:00,4,-53.29175178959221,-39.13140135227678,1.1999999999999997,2.7703654840732206
2021-01-11 09:00:00,8,-53.29175178959221,-32.258222508952656,0.5,4.509388434896553
2021-01-11 12:00:00,1,-53.29175178959221,-41.22254163576616,1.5999999999999999,1.995124798508725
2021-01-11 12:00:00,2,-53.29175178959221,-38.907896181259495,1.1,2.175701519301616
2021-01-11 12:00:00,4,-53.29175178959221,-37.786623721026515,0.8999999999999999,3.038529845824504
2021-01-11 12:00:00,8,-53.29175178959221,-31.041483667582536,0.6000000000000001,4.104691084422781
2021-01-11 15:00:00,1,-53.29175178959221,-47.54449831490541,1.1,2.3529069130006843
2021-01-11 15:00:00,2,-53.29175178959221,-45.43838602084977,1.1999999999999997,2.703926378244896
2021-01-11 15:00:00,4,-53.29175178959221,-41.02040508310182,0.6999999999999997,2.7906712940701537
2021-01-11 15:00:00,8,-53.29175178959221,-35.41684408978493,0.8999999999999999,3.1162509110451024
2021-01-11 18:00:00,1,-53.29175178959221,-51.391636945892316,1.1999999999999997,2.3149401862370627
2021-01-11 18:00:00,2,-53.29175178959221,-48.69663811828923,0.8999999999999999,2.6853866919167277
2021-01-11 18:00:00,4,-53.29175178959221,-41.62871974571166,0.10000000000000009,2.292592747303227
2021-01-11 18:00:00,8,-53.29175178959221,-37.88614796373773,1.4,2.6364622456554594
2021-01-11 21:00:00,1,-53.29175178959221,-51.72818872219578,0.8999999999999999,2.0714357587707104
2021-01-11 21:00:00,2,-53.29175178959221,-48.30803266723237,0.6999999999999997,2.086799749673103
2021-01-11 21:00:00,4,-53.29175178959221,-41.228285469656164,0.5,2.429302758957826
2021-01-11 21:00:00,8,-53.29175178959221,-40.409101782386635,1.5999999999999999,2.617813199678568
2021-01-12 00:00:00,1,-53.29175178959221,-50.98434728304494,0.6999999999999997,1.5725259507051073
2021-01-12 00:00:00,2,-53.29175178959221,-46.53002571637778,0.10000000000000009,1.7491636979778957
2021-01-12 00:00:00,4,-53.29175178959221,-39.4394328174034,0.6000000000000001,2.686247385943875
2021-01-12 00:00:00,8,-53.29175178959221,-42.22566850520876,1.9,2.8410153362785646
2021-01-12 03:00:00,1,-53.29175178959221,-46.45625362004093,0.10000000000000009,1.8901386826125142
2021-01-12 03:00:00,2,-53.29175178959221,-40.663638931030924,0.5,2.320634246152753
2021-01-12 03:00:00,4,-53.29175178959221,-36.29074262221336,0.8999999999999999,2.3955525904686947
2021-01-12 03:00:00,8,-53.29175178959221,-41.839847430226655,0.0,3.0433338856248957
2021-01-12 06:00:00,1,-53.29175178959221,-42.540690991438574,0.5,1.923311926967478
2021-01-12 06:00:00,2,-53.29175178959221,-37.18965839000665,0.6000000000000001,2.4501997828918807
2021-01-12 06:00:00,4,-53.29175178959221,-37.27412128002888,1.4,1.9681256021522406
2021-01-12 06:00:00,8,-53.29175178959221,-38.8059049431595,0.0,3.166499936727905
2021-01-12 09:00:00,1,-53.29175178959221,-41.33820654164896,0.6000000000000001,1.950481107994917
2021-01-12 09:00:00,2,-53.29175178959221,-37.93284651488507,0.8999999999999999,2.0373006187243985
2021-01-12 09:00:00,4,-53.29175178959221,-39.79984470448225,1.5999999999999999,1.7043896929923774
2021-01-12 09:00:00,8,-53.29175178959221,-33.53828330030481,1.3000000000000003,3.512326071681562
2021-01-12 12:00:00,1,-53.29175178959221,-45.20094131718447,0.8999999999999999,1.7193039816630167
2021-01-12 12:00:00,2,-53.29175178959221,-43.587424742281655,1.4,1.855358475267204
2021-01-12 12:00:00,4,-53.29175178959221,-44.25892157768152,1.9,1.820956414498559
2021-01-12 12:00:00,8,-53.29175178959221,-32.09932033867711,1.1999999999999997,3.341779592858427
2021-01-12 15:00:00,1,-53.29175178959221,-49.14324966302601,1.4,1.777567560636646
2021-01-12 15:00:00,2,-53.29175178959221,-47.84139659873896,1.5999999999999999,1.8975588227566036
2021-01-12 15:00:00,4,-53.29175178959221,-45.864944221790324,0.0,1.743919980135882
2021-01-12 15:00:00,8,-33.1,-34.63652278489861,2.0,2.6450592683771226
2021-01-12 18:00:00,1,-53.29175178959221,-52.156521427011384,1.5999999999999999,2.084462087206358
2021-01-12 18:00:00,2,-53.29175178959221,-49.75311052075978,1.9,2.1390536133822184
2021-01-12 18:00:00,4,-53.29175178959221,-44.754251598090306,0.0,1.9145271106413289
2021-01-12 18:00:00,8,-34.875,-38.553702217721884,1.3000000000000003,2.5074470796106825
2021-01-12 21:00:00,1,-53.29175178959221,-51.6891707115988,1.9,2.210169270507719
2021-01-12 21:00:00,2,-53.29175178959221,-48.01562526606771,0.0,2.20377181103769
2021-01-12 21:00:00,4,-53.29175178959221,-41.48135135527946,1.3000000000000003,2.1759219448441893
2021-01-12 21:00:00,8,-36.650000000000006,-40.48234935400297,1.9,2.8562673548443813
2021-01-13 00:00:00,1,-53.29175178959221,-49.034072148054605,0.0,2.414375140247118
2021-01-13 00:00:00,2,-53.29175178959221,-43.96229708422406,0.0,2.343249885492768
2021-01-13 00:00:00,4,-53.29175178959221,-37.67781366155986,1.1999999999999997,2.678436515665296
2021-01-13 00:00:00,8,-38.425000000000004,-41.33323436431894,1.9,3.200729826699024
2021-01-13 03:00:00,1,-53.29175178959221,-49.87321929662189,0.0,1.5229812843395285
2021-01-13 03:00:00,2,-53.29175178959221,-45.05434026030631,1.3000000000000003,2.0909572292100096
2021-01-13 03:00:00,4,-33.1,-40.671368465648584,2.0,2.518947918260883
2021-01-13 03:00:00,8,-40.2,-44.005833356527546,2.0,3.1645696936058156
2021-01-13 06:00:00,1,-53.29175178959221,-46.955026914679564,1.3000000000000003,1.9907892296365028
2021-01-13 06:00:00,2,-53.29175178959221,-41.73727474782795,1.1999999999999997,2.3764148119027295
2021-01-13 06:00:00,4,-34.875,-40.54391760457604,1.3000000000000003,2.299386482204414
2021-01-13 06:00:00,8,-38.400000000000006,-40.630681054258424,1.0,3.367289570468491
2021-01-13 09:00:00,1,-53.29175178959221,-44.90259626736358,1.1999999999999997,2.9292372738635803
2021-01-13 09:00:00,2,-33.1,-41.836640480321435,2.0,2.917659440901944
2021-01-13 09:00:00,4,-36.650000000000006,-42.64932380766176,1.9,2.7606239974314297
2021-01-13 09:00:00,8,-36.6,-34.898855754251606,1.5,3.8427328160863015
2021-01-13 12:00:00,1,-33.1,-47.805416220314605,2.0,2.3733498624498433
2021-01-13 12:00:00,2,-34.875,-45.78324373256266,1.3000000000000003,2.396931129892426
2021-01-13 12:00:00,4,-38.425000000000004,-45.304430476842086,1.9,2.4458562159956174
2021-01-13 12:00:00,8,-34.8,-32.85550053740206,1.9,3.60665847630644
2021-01-13 15:00:00,1,-34.875,-36.55519962848403,1.3000000000000003,2.969084176118794
2021-01-13 15:00:00,2,-36.650000000000006,-38.69041007551027,1.9,2.753455155202713
2021-01-13 15:00:00,4,-40.2,-40.83652458451485,2.0,2.3317437148265405
2021-01-13 15:00:00,8,-33.0,-33.755515789705655,2.3,3.90874304120546
2021-01-13 18:00:00,1,-36.650000000000006,-37.71984913030177,1.9,2.4388206208474266
2021-01-13 18:00:00,2,-38.425000000000004,-38.981937744966494,1.9,2.2354734189690837
2021-01-13 18:00:00,4,-38.400000000000006,-37.58129534897773,1.0,2.367430044975552
2021-01-13 18:00:00,8,-53.29175178959221,-33.66836110798586,1.5,3.5925707967504925
2021-01-13 21:00:00,1,-38.425000000000004,-38.91021619444638,1.9,2.4838396852895652
2021-01-13 21:00:00,2,-40.2,-38.89091685493589,2.0,2.164464402164132
2021-01-13 21:00:00,4,-36.6,-35.01067462585131,1.5,3.0685574140039265
2021-01-13 21:00:00,8,-53.29175178959221,-35.74197448439944,1.8,3.262573854435071
2021-01-14 00:00:00,1,-40.2,-38.387419235307696,2.0,2.3879943511094948
2021-01-14 00:00:00,2,-38.400000000000006,-36.887723804254996,1.0,2.3120652698353936
2021-01-14 00:00:00,4,-34.8,-32.898936660067974,1.9,3.5204616350761317
2021-01-14 00:00:00,8,-53.29175178959221,-37.06397275635891,1.5,3.038083556083008
2021-01-14 03:00:00,1,-38.400000000000006,-35.39587030597434,1.0,2.573212165292979
2021-01-14 03:00:00,2,-36.6,-34.36243268039546,1.5,2.964700885703126
2021-01-14 03:00:00,4,-33.0,-33.873431540680315,2.3,2.9785144863052233
2021-01-14 03:00:00,8,-53.29175178959221,-38.71387391074131,1.4,2.8157946338680286
2021-01-14 06:00:00,1,-36.6,-34.36117468566741,1.5,2.900754604007945
2021-01-14 06:00:00,2,-34.8,-33.68143243694125,1.9,3.353005006220731
2021-01-14 06:00:00,4,-53.29175178959221,-37.479008705471955,1.5,2.395305611486304
2021-01-14 06:00:00,8,-53.29175178959221,-38.701223354363904,1.0,2.3896581533906938
2021-01-14 09:00:00,1,-34.8,-31.03189379940944,1.9,2.606452273128927
2021-01-14 09:00:00,2,-33.0,-32.60089422066276,2.3,2.259167191949845
2021-01-14 09:00:00,4,-53.29175178959221,-39.0111410910816,1.8,1.9359170261369592
2021-01-14 09:00:00,8,-53.29175178959221,-33.24220782860152,1.1999999999999997,2.915577928485156
2021-01-14 12:00:00,1,-33.0,-30.899526239583086,2.3,2.433848835822811
2021-01-14 12:00:00,2,-53.29175178959221,-34.206784292589454,1.5,1.9606352926772304
2021-01-14 12:00:00,4,-53.29175178959221,-40.175159434032345,1.5,1.8937188114539705
2021-01-14 12:00:00,8,-53.29175178959221,-29.10780599339126,1.6999999999999997,3.7081620359219865
2021-01-14 15:00:00,1,-53.29175178959221,-37.2494974382044,1.5,2.047421958187983
2021-01-14 15:00:00,2,-53.29175178959221,-41.28239077097777,1.8,2.1318331039181957
2021-01-14 15:00:00,4,-53.29175178959221,-43.671848725250435,1.4,1.7850985000737851
2021-01-14 15:00:00,8,-53.29175178959221,-30.849083965293186,1.5,3.5573133473106475
2021-01-14 18:00:00,1,-53.29175178959221,-51.49245187606398,1.8,2.338251760308978
2021-01-14 18:00:00,2,-53.29175178959221,-52.511923355489564,1.5,2.30690707753046
2021-01-14 18:00:00,4,-53.29175178959221,-46.76081479215059,1.0,1.3910100486091457
2021-01-14 18:00:00,8,-53.29175178959221,-37.68524923177371,1.1,2.9683588086584223
2021-01-14 21:00:00,1,-53.29175178959221,-50.555007948284086,1.5,2.422482577257143
2021-01-14 21:00:00,2,-53.29175178959221,-49.89100972693467,1.4,2.0519671819304035
2021-01-14 21:00:00,4,-53.29175178959221,-44.04559420364493,1.1999999999999997,1.3267129735795198
2021-01-14 21:00:00,8,-53.29175178959221,-41.29076299247825,2.0,3.306574557136132
2021-01-15 00:00:00,1,-53.29175178959221,-50.41857406099703,1.4,1.8818235102580607
2021-01-15 00:00:00,2,-53.29175178959221,-46.277946196609406,1.0,1.9292152151920847
2021-01-15 00:00:00,4,-53.29175178959221,-37.357318970313166,1.6999999999999997,2.0654760578165337
2021-01-15 00:00:00,8,-53.29175178959221,-41.533767081780184,2.6,3.1239719368536196
2021-01-15 03:00:00,1,-53.29175178959221,-45.342847589613655,1.0,1.8565019794244464
2021-01-15 03:00:00,2,-53.29175178959221,-40.32878609606121,1.1999999999999997,2.258694988610456
2021-01-15 03:00:00,4,-53.29175178959221,-34.79530535200986,1.5,2.378490885663169
2021-01-15 03:00:00,8,-42.0,-40.36717582979516,2.1,3.2086840215684207
2021-01-15 06:00:00,1,-53.29175178959221,-39.17122055997434,1.1999999999999997,2.0449218825130426
2021-01-15 06:00:00,2,-53.29175178959221,-34.81096327951833,1.6999999999999997,2.4236829207052377
2021-01-15 06:00:00,4,-53.29175178959221,-35.38943335013224,1.1,2.171397942525558
2021-01-15 06:00:00,8,-39.96666666666667,-36.31423095447805,1.9,3.6798061880675634
2021-01-15 09:00:00,1,-53.29175178959221,-34.748102450169725,1.6999999999999997,2.340637730840931
2021-01-15 09:00:00,2,-53.29175178959221,-32.120422371663864,1.5,2.3838021068280897
2021-01-15 09:00:00,4,-53.29175178959221,-37.50474355982257,2.0,2.3134047789018046
2021-01-15 09:00:00,8,-37.93333333333333,-32.98857707020229,3.3,3.969582783722741
2021-01-15 12:00:00,1,-53.29175178959221,-37.60465399106427,1.5,2.4939438556615414
2021-01-15 12:00:00,2,-53.29175178959221,-36.16608298197497,1.1,2.410962649989564
2021-01-15 12:00:00,4,-53.29175178959221,-40.076499792508784,2.6,2.5615620301940107
2021-01-15 12:00:00,8,-35.9,-32.47157005701696,4.5,4.32804342391427
2021-01-15 15:00:00,1,-53.29175178959221,-44.50243866368813,1.1,2.499237481173572
2021-01-15 15:00:00,2,-53.29175178959221,-42.424281087532414,2.0,2.820953785935848
2021-01-15 15:00:00,4,-42.0,-40.73643402802572,2.1,2.625548142048917
2021-01-15 15:00:00,8,-35.8,-34.372881385748286,4.2,3.4315269135885695
2021-01-15 18:00:00,1,-53.29175178959221,-49.62932682959964,2.0,2.5777691194706605
2021-01-15 18:00:00,2,-53.29175178959221,-47.393034957098166,2.6,3.098040743307429
2021-01-15 18:00:00,4,-39.96666666666667,-42.981761523313956,1.9,2.4585732875016744
2021-01-15 18:00:00,8,-37.7,-39.13789738920005,2.4,2.9774861003740134
2021-01-15 21:00:00,1,-53.29175178959221,-47.550276012341925,2.6,3.07960204536282
2021-01-15 21:00:00,2,-42.0,-44.08587597297788,2.1,2.9240918250769523
2021-01-15 21:00:00,4,-37.93333333333333,-39.665504412946056,3.3,2.8407306066227003
2021-01-15 21:00:00,8,-39.800000000000004,-40.48420248254852,2.4,2.9851128561391658
2021-01-16 00:00:00,1,-42.0,-44.82473604841109,2.1,3.149616241277455
2021-01-16 00:00:00,2,-39.96666666666667,-40.06596895004312,1.9,2.9391517311053006
2021-01-16 00:00:00,4,-35.9,-36.02213120723599,4.5,3.500631307608444
2021-01-16 00:00:00,8,-41.9,-40.42050443104986,2.5,3.2938433824476823
2021-01-16 03:00:00,1,-39.96666666666667,-40.39193224380175,1.9,2.674190311381693
2021-01-16 03:00:00,2,-37.93333333333333,-37.46079444045198,3.3,3.4641766339498803
2021-01-16 03:00:00,4,-35.8,-36.50628193428837,4.2,3.0966879575211106
2021-01-16 03:00:00,8,-44.0,-41.03538069617303,2.0,3.260865316539402
2021-01-16 06:00:00,1,-37.93333333333333,-36.17400272885391,3.3,3.0677765935768697
2021-01-16 06:00:00,2,-35.9,-34.14883583898871,4.5,3.558172325095136
2021-01-16 06:00:00,4,-37.7,-37.074892669359016,2.4,3.3054750154510355
2021-01-16 06:00:00,8,-40.5,-39.61854936344638,2.1,4.008538146238088
2021-01-16 09:00:00,1,-35.9,-34.20918211988322,4.5,3.84179934004038
2021-01-16 09:00:00,2,-35.8,-35.292590812104734,4.2,3.870965147789449
2021-01-16 09:00:00,4,-39.800000000000004,-40.30563063525376,2.4,3.899603192592124
2021-01-16 09:00:00,8,-38.53333333333333,-35.718112932622084,2.8,4.852354369812777
2021-01-16 12:00:00,1,-35.8,-34.01387735760335,4.2,4.655643715003134
2021-01-16 12:00:00,2,-37.7,-36.984641274385424,2.4,4.490159265575878
2021-01-16 12:00:00,4,-41.9,-41.016762230097825,2.5,4.587086465807913
2021-01-16 12:00:00,8,-36.56666666666667,-33.02516411045998,3.0,5.498905035669848
2021-01-16 15:00:00,1,-37.7,-35.90624006404242,2.4,4.352937273742325
2021-01-16 15:00:00,2,-39.800000000000004,-38.92654418787528,2.4,4.310313404219866
2021-01-16 15:00:00,4,-44.0,-40.41906342907043,2.0,4.4054155086858735
2021-01-16 15:00:00,8,-34.6,-33.41657771412426,2.8,4.26739819334167
2021-01-16 18:00:00,1,-39.800000000000004,-39.25493701097122,2.4,3.298005607478853
2021-01-16 18:00:00,2,-41.9,-40.87522701567835,2.5,3.526866579363659
2021-01-16 18:00:00,4,-40.5,-39.40173044161363,2.1,3.7373849362326697
2021-01-16 18:00:00,8,-36.9,-35.31045779564767,2.1,3.0217571896078246
2021-01-16 21:00:00,1,-41.9,-41.41594427543319,2.5,3.1976261401496986
2021-01-16 21:00:00,2,-44.0,-41.66969031399077,2.0,2.992311184416514
2021-01-16 21:00:00,4,-38.53333333333333,-38.00552344971755,2.8,4.045787983446822
2021-01-16 21:00:00,8,-39.13333333333333,-37.995825506396,2.6,3.2363136754999884
2021-01-17 00:00:00,1,-44.0,-41.60405699683374,2.0,3.0478668457304536
2021-01-17 00:00:00,2,-40.5,-40.247182153966165,2.1,3.022005981475665
2021-01-17 00:00:00,4,-36.56666666666667,-37.12000467732701,3.0,4.005376127433422
2021-01-17 00:00:00,8,-41.36666666666667,-41.013774312493474,2.5,3.5935345386523903
2021-01-17 03:00:00,1,-40.5,-39.98453216417769,2.1,2.4715995092970013
2021-01-17 03:00:00,2,-38.53333333333333,-38.44889670275606,2.8,2.91096162896909
2021-01-17 03:00:00,4,-34.6,-37.80072824840116,2.8,3.0347896498619042
2021-01-17 03:00:00,8,-43.6,-42.907132030799346,2.6,3.2766259827741555
2021-01-17 06:00:00,1,-38.53333333333333,-38.21451340779606,2.8,3.081420049547532
2021-01-17 06:00:00,2,-36.56666666666667,-37.050817849288705,3.0,3.6310954956638146
2021-01-17 06:00:00,4,-36.9,-40.58268920383455,2.1,3.0544982740637656
2021-01-17 06:00:00,8,-40.3,-43.35863901951075,2.8,2.5334621990891444
2021-01-17 09:00:00,1,-36.56666666666667,-34.51514862917332,3.0,3.484910204932614
2021-01-17 09:00:00,2,-34.6,-34.89570716492655,2.8,3.300692250394593
2021-01-17 09:00:00,4,-39.13333333333333,-40.363022862090446,2.6,3.260160983882259
2021-01-17 09:00:00,8,-38.099999999999994,-38.464741960521856,4.3,3.127833009619561
2021-01-17 12:00:00,1,-34.6,-34.18776594846496,2.8,2.91442973215381
2021-01-17 12:00:00,2,-36.9,-36.6890860043967,2.1,2.7231791150764124
2021-01-17 12:00:00,4,-41.36666666666667,-41.60965240751986,2.5,3.0575884972726217
2021-01-17 12:00:00,8,-35.9,-35.82560015227162,4.9,3.256327344338779
2021-01-17 15:00:00,1,-36.9,-36.21429602620269,2.1,2.493679600947222
2021-01-17 15:00:00,2,-39.13333333333333,-39.892636585945574,2.6,2.643122360234999
2021-01-17 15:00:00,4,-43.6,-42.825412808545956,2.6,2.4888500741102186
2021-01-17 15:00:00,8,-35.7,-36.06709335099812,4.6,2.635547911547076
2021-01-17 18:00:00,1,-39.13333333333333,-38.96719773571892,2.6,2.4032690840635884
2021-01-17 18:00:00,2,-41.36666666666667,-42.64576093026762,2.5,2.527377942240567
2021-01-17 18:00:00,4,-40.3,-43.90803183168274,2.8,2.077463496249397
2021-01-17 18:00:00,8,-37.8,-40.0398839322115,4.2,2.7188352815793477
2021-01-17 21:00:00,1,-41.36666666666667,-41.50248004680283,2.5,2.8676766960995512
2021-01-17 21:00:00,2,-43.6,-43.95621893787484,2.6,2.1236420608968607
2021-01-17 21:00:00,4,-38.099999999999994,-43.37151365169595,4.3,2.2728075553512115
2021-01-17 21:00:00,8,-39.33333333333333,-44.33993398846401,4.1,3.714845464741606
2021-01-18 00:00:00,1,-43.6,-43.86302357585727,2.6,2.3049004266186977
2021-01-18 00:00:00,2,-40.3,-45.6038807751812,2.8,1.5088192364900386
2021-01-18 00:00:00,4,-35.9,-44.62632808836852,4.9,2.2315645180193764
2021-01-18 00:00:00,8,-40.86666666666667,-45.882948100521304,3.9,4.37728107279699
2021-01-18 03:00:00,1,-40.3,-43.10750551754187,2.8,1.8643728882034944
2021-01-18 03:00:00,2,-38.099999999999994,-44.51069416402828,4.3,1.2887980740116847
2021-01-18 03:00:00,4,-35.7,-45.59135702697799,4.6,2.0586275097905844
2021-01-18 03:00:00,8,-42.4,-45.719733731822316,3.9,4.45396042204631
2021-01-18 06:00:00,1,-38.099999999999994,-38.96424368166109,4.3,2.11347678562121
2021-01-18 06:00:00,2,-35.9,-38.998205216312265,4.9,1.8105076892508907
2021-01-18 06:00:00,4,-37.8,-42.439650814645,4.2,2.4661538146878685
2021-01-18 06:00:00,8,-39.4,-42.12680640290709,5.0,4.264736450940777
2021-01-18 09:00:00,1,-35.9,-33.65106908423272,4.9,4.308839901590686
2021-01-18 09:00:00,2,-35.7,-34.77283004413672,4.6,3.4708175732667814
2021-01-18 09:00:00,4,-39.33333333333333,-40.95114620496454,4.1,3.9776678795856104
2021-01-18 09:00:00,8,-37.53333333333333,-38.811096873291376,6.2,5.448482292904872
2021-01-18 12:00:00,1,-35.7,-34.705353685447996,4.6,4.509409549680021
2021-01-18 12:00:00,2,-37.8,-37.68467138997996,4.2,3.889131326394897
2021-01-18 12:00:00,4,-40.86666666666667,-41.92417414556182,3.9,3.9624606232943442
2021-01-18 12:00:00,8,-35.666666666666664,-36.221421780990966,7.4,5.734136093787402
2021-01-18 15:00:00,1,-37.8,-37.62999689287648,4.2,3.8706745262558746
2021-01-18 15:00:00,2,-39.33333333333333,-40.903574406617665,4.1,3.4736716414857827
2021-01-18 15:00:00,4,-42.4,-42.427578100061346,3.9,3.6587240631971163
2021-01-18 15:00:00,8,-33.8,-35.36204422550924,6.8,5.44329722723916
2021-01-18 18:00:00,1,-39.33333333333333,-40.456725456804776,4.1,3.772036202100397
2021-01-18 18:00:00,2,-40.86666666666667,-43.19948755589275,3.9,3.4425197444117566
2021-01-18 18:00:00,4,-39.4,-42.27060543143625,5.0,3.736486478202008
2021-01-18 18:00:00,8,-35.6,-36.62926857122864,6.8,4.355301276368245
2021-01-18 21:00:00,1,-40.86666666666667,-40.77214205707596,3.9,4.060273684669177
2021-01-18 21:00:00,2,-42.4,-41.25477973204994,3.9,3.7876666738338
2021-01-18 21:00:00,4,-37.53333333333333,-37.76597704466526,6.2,5.342591547169448
2021-01-18 21:00:00,8,-38.4,-38.40521416875166,7.4,4.32436523929807
2021-01-19 00:00:00,1,-42.4,-40.84575636369606,3.9,4.228348534122877
2021-01-19 00:00:00,2,-39.4,-38.78672664781528,5.0,4.293332906018438
2021-01-19 00:00:00,4,-35.666666666666664,-34.91805278262155,7.4,5.913393140613504
2021-01-19 00:00:00,8,-39.3,-40.33725342369233,8.2,4.265709330585143
2021-01-19 03:00:00,1,-39.4,-39.010380242036454,5.0,4.289587911241414
2021-01-19 03:00:00,2,-37.53333333333333,-35.987936230264154,6.2,4.825385246026688
2021-01-19 03:00:00,4,-33.8,-33.97237217758986,6.8,5.256698207623931
2021-01-19 03:00:00,8,-38.6,-41.843119225220946,9.7,4.401875796525905
2021-01-19 06:00:00,1,-37.53333333333333,-35.16971080931094,6.2,6.0567650797330925
2021-01-19 06:00:00,2,-35.666666666666664,-32.51861012563343,7.4,6.329474878507438
2021-01-19 06:00:00,4,-35.6,-33.57138743877823,6.8,4.741551450991924
2021-01-19 06:00:00,8,-36.8,-38.99194694471561,9.7,4.809617301590057
2021-01-19 09:00:00,1,-35.666666666666664,-32.43911869244023,7.4,7.156286289887614
2021-01-19 09:00:00,2,-33.8,-32.128337795536865,6.8,5.985412254534692
2021-01-19 09:00:00,4,-38.4,-36.39516627165463,7.4,4.922695071728851
2021-01-19 09:00:00,8,-35.6,-36.282654278102825,11.8,5.716316069662455
2021-01-19 12:00:00,1,-33.8,-30.932871025387062,6.8,7.029134343523461
2021-01-19 12:00:00,2,-35.6,-32.52394183295731,6.8,5.391698241738534
2021-01-19 12:00:00,4,-39.3,-36.72926258058515,8.2,4.68680945532377
2021-01-19 12:00:00,8,-35.0,-33.102453692628615,11.4,5.462556895691512
2021-01-19 15:00:00,1,-35.6,-34.125748105274305,6.8,5.622541690507438
2021-01-19 15:00:00,2,-38.4,-36.58685267796416,7.4,4.861082453488395
2021-01-19 15:00:00,4,-38.6,-37.549820983743054,9.7,4.50757597600851
2021-01-19 15:00:00,8,-34.4,-32.266594730453136,10.2,4.236463116034379
2021-01-19 18:00:00,1,-38.4,-37.17699774661539,7.4,5.682953005536914
2021-01-19 18:00:00,2,-39.3,-38.41940803824903,8.2,5.108083403784893
2021-01-19 18:00:00,4,-36.8,-36.015336882902986,9.7,5.424337218087549
2021-01-19 18:00:00,8,-35.0,-34.567513200103775,7.7333333333333325,3.5215576976207696
2021-01-19 21:00:00,1,-39.3,-39.06696406676268,8.2,6.452602859016011
2021-01-19 21:00:00,2,-38.6,-38.341918156805264,9.7,6.194696869540216
2021-01-19 21:00:00,4,-35.6,-34.372796366631505,11.8,6.838112736534442
2021-01-19 21:00:00,8,-38.0,-37.417594642110686,5.266666666666667,3.4063789398766477
2021-01-20 00:00:00,1,-38.6,-38.84097460833285,9.7,7.213777366379189
2021-01-20 00:00:00,2,-36.8,-36.78650350221399,9.7,7.2639170857334285
2021-01-20 00:00:00,4,-35.0,-32.89803459282885,11.4,7.094098986959721
2021-01-20 00:00:00,8,-39.3,-38.577021952754976,2.8,3.147593034455927
2021-01-20 03:00:00,1,-36.8,-35.89517172783843,9.7,8.51939784516445
2021-01-20 03:00:00,2,-35.6,-34.16523444151461,11.8,8.233131715561331
2021-01-20 03:00:00,4,-34.4,-32.58331111450977,10.2,6.208250854281939
2021-01-20 03:00:00,8,-40.6,-37.470378544617155,2.7,3.05935520746315
2021-01-20 06:00:00,1,-35.6,-34.77151008632356,11.8,9.006871651894746
2021-01-20 06:00:00,2,-35.0,-34.20104334070341,11.4,8.123951649138586
2021-01-20 06:00:00,4,-35.0,-35.38852840088916,7.7333333333333325,4.9948592164859855
2021-01-20 06:00:00,8,-37.7,-38.2963205311702,2.8,2.9577713443537204
2021-01-20 09:00:00,1,-35.0,-34.16715241514923,11.4,9.509338234571604
2021-01-20 09:00:00,2,-34.4,-35.51805718681603,10.2,7.685009852289939
2021-01-20 09:00:00,4,-38.0,-38.38799851810343,5.266666666666667,4.2949968149399576
2021-01-20 09:00:00,8,-35.400000000000006,-36.6730591803815,4.3,3.1911240931852918
2021-01-20 12:00:00,1,-34.4,-36.79588298409809,10.2,8.511892499404242
2021-01-20 12:00:00,2,-35.0,-38.85842514230373,7.7333333333333325,6.3730105760907465
2021-01-20 12:00:00,4,-39.3,-41.842135020868994,2.8,3.9554730162903997
2021-01-20 12:00:00,8,-33.1,-37.4148192722983,3.9,3.3365055891653776
2021-01-20 15:00:00,1,-35.0,-37.13720303595149,7.7333333333333325,7.1919161006667345
2021-01-20 15:00:00,2,-38.0,-39.156996429435395,5.266666666666667,5.494645821267138
2021-01-20 15:00:00,4,-40.6,-40.44411668948477,2.7,3.5654741278085167
2021-01-20 15:00:00,8,-33.0,-38.183507368204694,3.8,2.8380082925197363
2021-01-20 18:00:00,1,-38.0,-37.944809713318286,5.266666666666667,6.10797930695718
2021-01-20 18:00:00,2,-39.3,-38.77174022722922,2.8,4.848997119241267
2021-01-20 18:00:00,4,-37.7,-37.67187529240263,2.8,3.6111399124746226
2021-01-20 18:00:00,8,-34.9,-39.18537696342024,2.0,2.087147930319694
2021-01-20 21:00:00,1,-39.3,-39.67629175376406,2.8,5.067488313040711
2021-01-20 21:00:00,2,-40.6,-38.94296008242493,2.7,4.193361551196023
2021-01-20 21:00:00,4,-35.400000000000006,-36.12069718363088,4.3,3.8078659368204657
2021-01-20 21:00:00,8,-37.0,-39.28061710724662,2.4,1.614660607757049
2021-01-21 00:00:00,1,-40.6,-40.2805788158414,2.7,3.738806251754981
2021-01-21 00:00:00,2,-37.7,-38.08279429886045,2.8,3.46172907863281
2021-01-21 00:00:00,4,-33.1,-35.71796595042018,3.9,3.4892975210203825
2021-01-21 00:00:00,8,-39.1,-41.98063764662277,2.9,1.7305304347684458
2021-01-21 03:00:00,1,-37.7,-38.99321070345157,2.8,3.2910581238955148
2021-01-21 03:00:00,2,-35.400000000000006,-36.50589862776184,4.3,3.1651542958430627
2021-01-21 03:00:00,4,-33.0,-37.40182719845178,3.8,2.1338476462136784
2021-01-21 03:00:00,8,-41.2,-43.53832764333955,2.5,2.0177570737387462
2021-01-21 06:00:00,1,-35.400000000000006,-37.16901747765331,4.3,3.5219616378249676
2021-01-21 06:00:00,2,-33.1,-36.39751222287714,3.9,3.5238013766400114
2021-01-21 06:00:00,4,-34.9,-39.743089400520475,2.0,1.9309414020608042
2021-01-21 06:00:00,8,-37.9,-41.52116479896909,2.6,3.061154336311125
2021-01-21 09:00:00,1,-33.1,-31.28856074897932,3.9,4.53542989453419
2021-01-21 09:00:00,2,-33.0,-31.821044123423714,3.8,3.167742349782456
2021-01-21 09:00:00,4,-37.0,-36.94479324664829,2.4,2.1607672888910336
2021-01-21 09:00:00,8,-35.8,-36.107622972671535,3.7,5.10963608685208
2021-01-21 12:00:00,1,-33.0,-35.16746572822699,3.8,2.472642878193249
2021-01-21 12:00:00,2,-34.9,-37.84700314496655,2.0,1.4919495909018208
2021-01-21 12:00:00,4,-39.1,-41.27147085797766,2.9,1.6518012985977015
2021-01-21 12:00:00,8,-33.7,-35.00678103850289,4.7,6.339738369518313
2021-01-21 15:00:00,1,-34.9,-34.18751521412054,2.0,2.3407980112427156
2021-01-21 15:00:00,2,-37.0,-37.135819674051234,2.4,1.6051798566989997
2021-01-21 15:00:00,4,-41.2,-38.9809146335611,2.5,1.9868115456800415
2021-01-21 15:00:00,8,-33.1,-34.11611356603984,4.8,6.676094310805656
2021-01-21 18:00:00,1,-37.0,-39.39306857871529,2.4,1.6984474810507704
2021-01-21 18:00:00,2,-39.1,-42.4879985925578,2.9,1.7463240795223287
2021-01-21 18:00:00,4,-37.9,-41.878129809313144,2.6,1.764059857794042
2021-01-21 18:00:00,8,-35.1,-36.65748483098783,3.3,3.805103979178338
2021-01-21 21:00:00,1,-39.1,-40.06411005748966,2.9,2.2046126699652153
2021-01-21 21:00:00,2,-41.2,-40.51484394863909,2.5,1.940487950196632
2021-01-21 21:00:00,4,-35.8,-34.86252953535219,3.7,2.543859630342629
2021-01-21 21:00:00,8,-36.55,-38.895133226727694,2.6,3.0459792587365837
2021-01-22 00:00:00,1,-41.2,-41.47585753523288,2.5,2.379624258989959
2021-01-22 00:00:00,2,-37.9,-40.459672305852706,2.6,2.586975484983938
2021-01-22 00:00:00,4,-33.7,-34.89592763822941,4.7,4.111313554969167
2021-01-22 00:00:00,8,-38.0,-42.23407242875279,2.9,3.862778290400696
2021-01-22 03:00:00,1,-37.9,-38.822552839027836,2.6,2.4480402097604523
2021-01-22 03:00:00,2,-35.8,-36.68881941903051,3.7,3.233395889689459
2021-01-22 03:00:00,4,-33.1,-33.09729778754622,4.8,3.616968085923443
2021-01-22 03:00:00,8,-36.8,-42.03556431907265,2.4,3.042592895357564
2021-01-22 06:00:00,1,-35.8,-36.43328077401051,3.7,3.205158465911005
2021-01-22 06:00:00,2,-33.7,-36.080971641062,4.7,3.6703565359929944
2021-01-22 06:00:00,4,-35.1,-38.739311918684166,3.3,2.6482502666888967
2021-01-22 06:00:00,8,-35.4,-36.922607580173,3.1,3.3033902771645516
2021-01-22 09:00:00,1,-33.7,-31.31930884921637,4.7,4.437772421387039
2021-01-22 09:00:00,2,-33.1,-32.2889360251422,4.8,3.5750053264032053
2021-01-22 09:00:00,4,-36.55,-38.429872594623646,2.6,2.5880544717472485
2021-01-22 09:00:00,8,-32.0,-34.5173562442058,2.6,5.337263690114521
2021-01-22 12:00:00,1,-33.1,-30.5101098646623,4.8,3.6324951831961148
2021-01-22 12:00:00,2,-35.1,-33.1893288199644,3.3,2.602473202848299
2021-01-22 12:00:00,4,-38.0,-38.089444522995514,2.9,2.9437870659185847
2021-01-22 12:00:00,8,-31.0,-33.242104076459,2.8,5.336624274752513
2021-01-22 15:00:00,1,-35.1,-31.928297900752586,3.3,3.2743860295011133
2021-01-22 15:00:00,2,-36.55,-35.26110491885422,2.6,2.7606171191307545
2021-01-22 15:00:00,4,-36.8,-36.85647855833504,2.4,3.143938070769526
2021-01-22 15:00:00,8,-30.6,-33.15577364787143,2.2,4.698435809631256
2021-01-22 18:00:00,1,-36.55,-35.111234948985725,2.6,2.7149832199204926
2021-01-22 18:00:00,2,-38.0,-37.665870637154356,2.9,2.7993848213420165
2021-01-22 18:00:00,4,-35.4,-35.321020340156885,3.1,3.1448275043630614
2021-01-22 18:00:00,8,-53.29175178959221,-33.12860499655129,0.6999999999999997,3.574231527574755
2021-01-22 21:00:00,1,-38.0,-37.95548177397794,2.9,2.8073482405991403
2021-01-22 21:00:00,2,-36.8,-38.2470627605074,2.4,2.7923648490007853
2021-01-22 21:00:00,4,-32.0,-33.212553448866856,2.6,4.27366565826095
2021-01-22 21:00:00,8,-53.29175178959221,-37.10211031474647,0.6000000000000001,3.176020944506961
2021-01-23 00:00:00,1,-36.8,-36.718679862048226,2.4,2.5614030294760726
2021-01-23 00:00:00,2,-35.4,-35.69363319099555,3.1,2.918748931736828
2021-01-23 00:00:00,4,-31.0,-31.37889572206772,2.8,4.49841397286858
2021-01-23 00:00:00,8,-53.29175178959221,-41.1659325935053,1.0,2.8711175526823713
2021-01-23 03:00:00,1,-35.4,-34.27563680816853,3.1,2.5451796242303795
2021-01-23 03:00:00,2,-32.0,-32.9367543160161,2.6,3.6290406699872446
2021-01-23 03:00:00,4,-30.6,-31.985167043870735,2.2,3.7246259950707574
2021-01-23 03:00:00,8,-53.29175178959221,-42.84249876901604,1.6999999999999997,2.493497672560366
2021-01-23 06:00:00,1,-32.0,-31.73210836325734,2.6,3.1166405747763872
2021-01-23 06:00:00,2,-31.0,-30.689874861596017,2.8,3.528583981735973
2021-01-23 06:00:00,4,-53.29175178959221,-33.08137759767749,0.6999999999999997,2.845081425060761
2021-01-23 06:00:00,8,-53.29175178959221,-39.6261059778265,1.5999999999999999,2.1632736563448867
2021-01-23 09:00:00,1,-31.0,-31.5473574994748,2.8,2.1678281577951948
2021-01-23 09:00:00,2,-30.6,-33.86579999419726,2.2,1.9084809243871872
2021-01-23 09:00:00,4,-53.29175178959221,-40.0098476869523,0.6000000000000001,2.237044657452046
2021-01-23 09:00:00,8,-34.5,-35.57009032729122,2.1,2.4145378733762755
2021-01-23 12:00:00,1,-30.6,-29.244571491258828,2.2,2.21914305348188
2021-01-23 12:00:00,2,-53.29175178959221,-32.37565408326223,0.6999999999999997,1.8763619262411664
2021-01-23 12:00:00,4,-53.29175178959221,-36.774515806747125,1.0,2.524595696277455
2021-01-23 12:00:00,8,-32.6,-31.05677558058823,2.9,4.180791536692003
2021-01-23 15:00:00,1,-53.29175178959221,-30.565344911535778,0.6999999999999997,2.0874934449582714
2021-01-23 15:00:00,2,-53.29175178959221,-33.627443856779976,0.6000000000000001,2.3996260374330083
2021-01-23 15:00:00,4,-53.29175178959221,-34.7384376498937,1.6999999999999997,2.4135099673265077
2021-01-23 15:00:00,8,-32.8,-27.84056723765206,3.8,4.200592298130819
2021-01-23 18:00:00,1,-53.29175178959221,-49.63412500594064,0.6000000000000001,1.5565407799355193
2021-01-23 18:00:00,2,-53.29175178959221,-49.7087053242627,1.0,1.8575919501407732
2021-01-23 18:00:00,4,-53.29175178959221,-42.88347654230505,1.5999999999999999,1.8441820364721122
2021-01-23 18:00:00,8,-34.6,-36.06550968982273,3.7,2.850969836960651
2021-01-23 21:00:00,1,-53.29175178959221,-48.55535399846467,1.0,1.917665748555714
2021-01-23 21:00:00,2,-53.29175178959221,-47.09758812250839,1.6999999999999997,1.7204638017893028
2021-01-23 21:00:00,4,-34.5,-39.455842947945136,2.1,1.5242003964840398
2021-01-23 21:00:00,8,-36.5,-35.79260264794469,5.0,2.5245143297128765
2021-01-24 00:00:00,1,-53.29175178959221,-51.041752118648944,1.6999999999999997,1.532642684100587
2021-01-24 00:00:00,2,-53.29175178959221,-47.42617440012007,1.5999999999999999,1.4190024929112193
2021-01-24 00:00:00,4,-32.6,-38.0939145111357,2.9,2.1349080775612137
2021-01-24 00:00:00,8,-37.7,-35.405915530772944,4.1,2.627369345443245
2021-01-24 03:00:00,1,-53.29175178959221,-48.05299188839627,1.5999999999999999,1.794669362202698
2021-01-24 03:00:00,2,-34.5,-43.64313387880636,2.1,1.76312632842796
2021-01-24 03:00:00,4,-32.8,-35.17667084887158,3.8,2.504696719103414
2021-01-24 03:00:00,8,-37.5,-34.53642214139562,3.7,2.6112985424962565
2021-01-24 06:00:00,1,-34.5,-42.32631672946393,2.1,2.321612671093786
2021-01-24 06:00:00,2,-32.6,-37.74529146125056,2.9,2.376512707716993
2021-01-24 06:00:00,4,-34.6,-33.71227420230696,3.7,2.289856783239233
2021-01-24 06:00:00,8,-34.9,-31.930999779464013,3.4,2.9444363988304048
2021-01-24 09:00:00,1,-32.6,-31.268001973738812,2.9,2.3385248661699025
2021-01-24 09:00:00,2,-32.8,-31.654141510158375,3.8,2.163891743642786
2021-01-24 09:00:00,4,-36.5,-34.21794052991419,5.0,2.0970225040815293
2021-01-24 09:00:00,8,-32.65,-29.65668508835759,4.5,2.9308381583556553
2021-01-24 12:00:00,1,-32.8,-31.038812049912675,3.8,2.341148324695718
2021-01-24 12:00:00,2,-34.6,-33.468468195403474,3.7,2.0040890904943574
2021-01-24 12:00:00,4,-37.7,-36.08133909656675,4.1,2.2762949071137903
2021-01-24 12:00:00,8,-30.4,-27.326754925855123,4.3,3.703882599848493
2021-01-24 15:00:00,1,-34.6,-32.31851259076997,3.7,2.472875247451724
2021-01-24 15:00:00,2,-36.5,-35.519560151880576,5.0,2.20046702750389
2021-01-24 15:00:00,4,-37.5,-37.335166446883406,3.7,2.854444338564604
2021-01-24 15:00:00,8,-30.8,-30.059629589861252,4.4,4.946774562749036
2021-01-24 18:00:00,1,-36.5,-36.04039014331733,5.0,3.0593558473050733
2021-01-24 18:00:00,2,-37.7,-37.89275495781341,4.1,2.945872683987713
2021-01-24 18:00:00,4,-34.9,-36.08316052306875,3.4,3.374560400833772
2021-01-24 18:00:00,8,-34.1,-32.42485133184191,3.7,3.9664972260279083
2021-01-24 21:00:00,1,-37.7,-35.8561638042553,4.1,4.0183390315384235
2021-01-24 21:00:00,2,-37.5,-36.565318344383584,3.7,3.784119243580632
2021-01-24 21:00:00,4,-32.65,-33.12678068804533,4.5,4.998919653331193
2021-01-24 21:00:00,8,-36.25,-32.94536430284319,4.1,3.8876853103083384
2021-01-25 00:00:00,1,-37.5,-35.292048995360474,3.7,4.1986159330700925
2021-01-25 00:00:00,2,-34.9,-34.23633924318753,3.4,4.327914975648169
2021-01-25 00:00:00,4,-30.4,-31.423723852645765,4.3,5.406667130253294
2021-01-25 00:00:00,8,-38.4,-34.979958227657804,4.0,3.67090196124248
2021-01-25 03:00:00,1,-34.9,-34.75414024846353,3.4,4.454110678257963
2021-01-25 03:00:00,2,-32.65,-33.591509590418966,4.5,4.818588098635242
2021-01-25 03:00:00,4,-30.8,-32.25563302839562,4.4,4.806410840431803
2021-01-25 03:00:00,8,-38.3,-34.40759368243074,3.8,3.153534073354008
2021-01-25 06:00:00,1,-32.65,-33.1055648159022,4.5,4.7221993253816565
2021-01-25 06:00:00,2,-30.4,-32.40003151374823,4.3,4.831000392105172
2021-01-25 06:00:00,4,-34.1,-34.142861444782,3.7,3.11059140259327
2021-01-25 06:00:00,8,-35.6,-34.52149768389468,3.4,2.9271337935407598
2021-01-25 09:00:00,1,-30.4,-30.539751275379146,4.3,5.298580980238737
2021-01-25 09:00:00,2,-30.8,-31.15867891756748,4.4,4.472711789410767
2021-01-25 09:00:00,4,-36.25,-34.297436286113324,4.1,2.742217238262825
2021-01-25 09:00:00,8,-33.766666666666666,-31.13680306651778,2.9,3.7383114006775156
2021-01-25 12:00:00,1,-30.8,-29.23725264220531,4.4,4.020266581992419
2021-01-25 12:00:00,2,-34.1,-31.582441574667946,3.7,3.0737634344926263
2021-01-25 12:00:00,4,-38.4,-34.753896719129,4.0,2.4224649816042527
2021-01-25 12:00:00,8,-31.933333333333334,-28.541108908949294,3.5,3.8950609014585185
2021-01-25 15:00:00,1,-34.1,-31.67597269014672,3.7,3.3073027239049173
2021-01-25 15:00:00,2,-36.25,-34.66370008223063,4.1,2.927070395870194
2021-01-25 15:00:00,4,-38.3,-35.84291955506237,3.8,2.3983126552451326
2021-01-25 15:00:00,8,-30.1,-28.55367444620991,3.0,3.418928572749403
2021-01-25 18:00:00,1,-36.25,-34.767494013806896,4.1,3.2300532755019447
2021-01-25 18:00:00,2,-38.4,-36.98395247543926,4.0,3.1683641694915745
2021-01-25 18:00:00,4,-35.6,-35.63804365763514,3.4,3.1148723716213715
2021-01-25 18:00:00,8,-32.8,-31.466793960808907,2.3,2.8667984064195133
2021-01-25 21:00:00,1,-38.4,-36.047005783404884,4.0,3.74460115342379
2021-01-25 21:00:00,2,-38.3,-37.06798306486766,3.8,3.376309382071009
2021-01-25 21:00:00,4,-33.766666666666666,-34.03020102802631,2.9,4.23897310925913
2021-01-25 21:00:00,8,-35.25,-34.07649321661546,3.0,3.031762664363133
2021-01-26 00:00:00,1,-38.3,-34.87917022621063,3.8,3.5042398560953263
2021-01-26 00:00:00,2,-35.6,-35.29282857743134,3.4,3.1993629110702324
2021-01-26 00:00:00,4,-31.933333333333334,-33.18828841653526,3.5,4.175452908964701
2021-01-26 00:00:00,8,-37.7,-36.738366831091184,3.1,3.3426104809159813
2021-01-26 03:00:00,1,-35.6,-34.597349146087836,3.4,3.315242948892322
2021-01-26 03:00:00,2,-33.766666666666666,-34.237241310426654,2.9,3.131478349017033
2021-01-26 03:00:00,4,-30.1,-34.6602142984424,3.0,2.9776962351256544
2021-01-26 03:00:00,8,-37.3,-38.424876640760964,3.0,3.3310137726176077
2021-01-26 06:00:00,1,-33.766666666666666,-32.364173620492124,2.9,3.2873467741396234
2021-01-26 06:00:00,2,-31.933333333333334,-31.976882723491,3.5,3.1645850498119747
2021-01-26 06:00:00,4,-32.8,-36.152386258160504,2.3,2.5171590268836805
2021-01-26 06:00:00,8,-34.3,-38.77873052783143,3.1,3.422554890179697
2021-01-26 09:00:00,1,-31.933333333333334,-29.911735233706555,3.5,2.7939755444023513
2021-01-26 09:00:00,2,-30.1,-30.67754420765805,3.0,2.2974198214128574
2021-01-26 09:00:00,4,-35.25,-36.812973267574115,3.0,2.8094364713561224
2021-01-26 09:00:00,8,-32.666666666666664,-37.65687590279876,2.2,3.4409063963322177
2021-01-26 12:00:00,1,-30.1,-29.162984841187537,3.0,2.8375701074426023
2021-01-26 12:00:00,2,-32.8,-31.6660902985718,2.3,2.48291916604259
2021-01-26 12:00:00,4,-37.7,-36.691174016264895,3.1,3.01590087644442
2021-01-26 12:00:00,8,-31.03333333333333,-33.928838066789346,2.7,4.824162721391919
2021-01-26 15:00:00,1,-32.8,-31.16764483188349,2.3,2.302957439978303
2021-01-26 15:00:00,2,-35.25,-35.405487553185054,3.0,2.3636412210267816
2021-01-26 15:00:00,4,-37.3,-39.007783556469526,3.0,2.4284003685653444
2021-01-26 15:00:00,8,-29.4,-33.63894737558176,2.8,4.857663778092249
2021-01-26 18:00:00,1,-35.25,-34.82740078909768,3.0,2.5779329190030227
2021-01-26 18:00:00,2,-37.7,-37.90170358010566,3.1,2.815136449809603
2021-01-26 18:00:00,4,-34.3,-37.83160747981834,3.1,2.8202279385940336
2021-01-26 18:00:00,8,-32.4,-34.30659241269062,3.0,4.754233864393803
2021-01-26 21:00:00,1,-37.7,-36.437831458261556,3.1,3.3618826262858374
2021-01-26 21:00:00,2,-37.3,-37.329107033559914,3.0,3.3129482891348383
2021-01-26 21:00:00,4,-32.666666666666664,-34.355560541955555,2.2,4.933480673749132
2021-01-26 21:00:00,8,-34.25,-36.42889292298315,3.3,4.912979072123672
2021-01-27 00:00:00,1,-37.3,-36.45658898102778,3.0,2.996018001958782
2021-01-27 00:00:00,2,-34.3,-37.058737596167646,3.1,2.805644181596935
2021-01-27 00:00:00,4,-31.03333333333333,-34.1289356016528,2.7,4.148204387538774
2021-01-27 00:00:00,8,-36.1,-37.60521021782833,2.7,4.739791672422232
2021-01-27 03:00:00,1,-34.3,-35.58871671887731,3.1,2.732369644502089
2021-01-27 03:00:00,2,-32.666666666666664,-36.20236164780906,2.2,2.7593712402657857
2021-01-27 03:00:00,4,-29.4,-35.7715524910292,2.8,3.572869167487157
2021-01-27 03:00:00,8,-37.0,-37.79720355755948,3.8,5.401565883879533
2021-01-27 06:00:00,1,-32.666666666666664,-31.96956531543946,2.2,2.8377207902155375
2021-01-27 06:00:00,2,-31.03333333333333,-33.219759899765975,2.7,2.855747429961547
2021-01-27 06:00:00,4,-32.4,-38.07672335752112,3.0,3.0624135452161623
2021-01-27 06:00:00,8,-36.3,-39.30851490556836,3.7,4.715659501083696
2021-01-27 09:00:00,1,-31.03333333333333,-28.553984261635488,2.7,2.1949444452236415
2021-01-27 09:00:00,2,-29.4,-29.95913122981194,2.8,1.9114192917795823
2021-01-27 09:00:00,4,-34.25,-38.0279987575907,3.3,2.9436034312866
2021-01-27 09:00:00,8,-33.5,-42.37555000309309,4.6,3.645738551344159
2021-01-27 12:00:00,1,-29.4,-28.668886877471163,2.8,2.3365403964448146
2021-01-27 12:00:00,2,-32.4,-31.843633270453235,3.0,2.277679418395472
2021-01-27 12:00:00,4,-36.1,-40.17783393370616,2.7,2.8890681045596693
2021-01-27 12:00:00,8,-31.7,-43.469382903633786,3.2,2.8032282984550676
2021-01-27 15:00:00,1,-32.4,-32.76701004684733,3.0,2.4076618121476248
2021-01-27 15:00:00,2,-34.25,-38.04244912544041,3.3,2.498219386033295
2021-01-27 15:00:00,4,-37.0,-45.48067078293412,3.8,2.079211117822547
2021-01-27 15:00:00,8,-31.5,-43.57373594397807,2.4,2.581984824622586
2021-01-27 18:00:00,1,-34.25,-35.394681479341315,3.3,3.1020067501487905
2021-01-27 18:00:00,2,-36.1,-40.23172884873877,2.7,2.8447431619639807
2021-01-27 18:00:00,4,-36.3,-44.204319130677014,3.7,1.5094307120880641
2021-01-27 18:00:00,8,-34.4,-41.879360425003576,2.5,2.7426924275311895
2021-01-27 21:00:00,1,-36.1,-35.30223543835305,2.7,3.0514201012111313
2021-01-27 21:00:00,2,-37.0,-38.19936271298435,3.8,2.387494954488366
2021-01-27 21:00:00,4,-33.5,-40.83440054759717,4.6,1.7585994468206736
2021-01-27 21:00:00,8,-34.349999999999994,-44.73051613398615,2.6,2.918648423234711
2021-01-28 00:00:00,1,-37.0,-39.8309991672775,3.8,2.336094000062998
2021-01-28 00:00:00,2,-36.3,-42.99658583117733,3.7,1.7671737551540598
2021-01-28 00:00:00,4,-31.7,-45.18357075882345,3.2,1.1413706035016347
2021-01-28 00:00:00,8,-34.3,-45.9908164651944,2.7,2.8485064988761395
2021-01-28 03:00:00,1,-36.3,-37.76658226549662,3.7,2.735576745502266
2021-01-28 03:00:00,2,-33.5,-40.61556710499719,4.6,2.025320965034935
2021-01-28 03:00:00,4,-31.5,-44.45666595631257,2.4,1.8587734182521307
2021-01-28 03:00:00,8,-32.233333333333334,-48.07462421011145,2.7,2.7233421148063712
2021-01-28 06:00:00,1,-33.5,-35.177774656387825,4.6,3.054409122755787
2021-01-28 06:00:00,2,-31.7,-36.603732575151184,3.2,2.6166492205797804
2021-01-28 06:00:00,4,-34.4,-41.95750452134601,2.5,2.4847174417680007
2021-01-28 06:00:00,8,-30.166666666666668,-47.06327570387523,3.1,2.3033475302708695
2021-01-28 09:00:00,1,-31.7,-31.218945943353127,3.2,3.747635483774639
2021-01-28 09:00:00,2,-31.5,-33.56867691405492,2.4,3.092924673929112
2021-01-28 09:00:00,4,-34.349999999999994,-41.26931223701248,2.6,2.845423953770363
2021-01-28 09:00:00,8,-28.1,-44.8129320806966,2.7,2.09137536590688
2021-01-28 12:00:00,1,-31.5,-32.23205823601218,2.4,2.6109239150501695
2021-01-28 12:00:00,2,-34.4,-34.54538661470964,2.5,2.8891026027033666
2021-01-28 12:00:00,4,-34.3,-39.69243962194554,2.7,3.0933009543001675
2021-01-28 12:00:00,8,-53.29175178959221,-45.9720502964163,1.9,1.4018694457312466
2021-01-28 15:00:00,1,-34.4,-34.37183377730925,2.5,2.510893908051453
2021-01-28 15:00:00,2,-34.349999999999994,-37.05768854672662,2.6,2.920911437477072
2021-01-28 15:00:00,4,-32.233333333333334,-40.95378179758492,2.7,2.415023620036374
2021-01-28 15:00:00,8,-53.29175178959221,-47.77164273642175,0.2999999999999998,1.2094743114135618
2021-01-28 18:00:00,1,-34.349999999999994,-38.18961289359154,2.6,2.769925912671919
2021-01-28 18:00:00,2,-34.3,-41.829724391321164,2.7,2.5049178911282324
2021-01-28 18:00:00,4,-30.166666666666668,-45.54719463931444,3.1,1.608217612870146
2021-01-28 18:00:00,8,-53.29175178959221,-47.506175587763494,1.1999999999999997,2.161631075487477
2021-01-28 21:00:00,1,-34.3,-35.44376921177055,2.7,2.6739561292377685
2021-01-28 21:00:00,2,-32.233333333333334,-37.84464566572821,2.7,2.1680780160662403
2021-01-28 21:00:00,4,-28.1,-41.83459137550669,2.7,1.8554878299760296
2021-01-28 21:00:00,8,-53.29175178959221,-47.50843868137218,0.6999999999999997,2.677891263706331
2021-01-29 00:00:00,1,-32.233333333333334,-38.616359865791395,2.7,2.4575694821643506
2021-01-29 00:00:00,2,-30.166666666666668,-42.11006123940514,3.1,1.9165897477213791
2021-01-29 00:00:00,4,-53.29175178959221,-46.87073370264041,1.9,1.186449386523281
2021-01-29 00:00:00,8,-53.29175178959221,-48.243081664512594,1.9,2.6754497335673717
2021-01-29 03:00:00,1,-30.166666666666668,-32.11612962676715,3.1,2.4889683382257073
2021-01-29 03:00:00,2,-28.1,-32.826405266435415,2.7,2.222671248487229
2021-01-29 03:00:00,4,-53.29175178959221,-37.3242609439031,0.2999999999999998,1.761205096412957
2021-01-29 03:00:00,8,-53.29175178959221,-46.378668632466514,1.9,2.593465294971562
2021-01-29 06:00:00,1,-28.1,-26.169748498536272,2.7,3.246130503528246
2021-01-29 06:00:00,2,-53.29175178959221,-26.007635775850556,1.9,2.647394051555213
2021-01-29 06:00:00,4,-53.29175178959221,-32.54569663984074,1.1999999999999997,2.384836517937411
2021-01-29 06:00:00,8,-53.29175178959221,-43.61932564410224,3.3,2.504493142731487
2021-01-29 09:00:00,1,-53.29175178959221,-26.78748010908168,1.9,1.8006862223686888
2021-01-29 09:00:00,2,-53.29175178959221,-28.106630961129795,0.2999999999999998,1.4070596301323448
2021-01-29 09:00:00,4,-53.29175178959221,-33.92092408391832,0.6999999999999997,2.383388875585964
2021-01-29 09:00:00,8,-53.29175178959221,-39.397998246486914,4.5,2.8109648404302243
2021-01-29 12:00:00,1,-53.29175178959221,-48.16903433679768,0.2999999999999998,0.7784575966268021
2021-01-29 12:00:00,2,-53.29175178959221,-49.202855989404085,1.1999999999999997,1.1527022039631247
2021-01-29 12:00:00,4,-53.29175178959221,-48.687486674968376,1.9,2.91121239368286
2021-01-29 12:00:00,8,-25.400000000000002,-39.47163344763571,5.3,2.3732355440262154
2021-01-29 15:00:00,1,-53.29175178959221,-50.767624908344814,1.1999999999999997,0.6694351445978284
2021-01-29 15:00:00,2,-53.29175178959221,-52.57506166778184,0.6999999999999997,1.4471218391947458
2021-01-29 15:00:00,4,-53.29175178959221,-50.44209859843645,1.9,2.615609264173791
2021-01-29 15:00:00,8,-25.2,-37.46733658943858,3.0,3.1160247802453793
2021-01-29 18:00:00,1,-53.29175178959221,-55.432158943144785,0.6999999999999997,2.034164753458348
2021-01-29 18:00:00,2,-53.29175178959221,-52.71769870833984,1.9,2.555216077998807
2021-01-29 18:00:00,4,-53.29175178959221,-43.57297581543392,3.3,2.694766134670256
2021-01-29 18:00:00,8,-26.5,-38.736769991192446,4.1,2.970482923883269
2021-01-29 21:00:00,1,-53.29175178959221,-53.289782033024345,1.9,1.7137985684743768
2021-01-29 21:00:00,2,-53.29175178959221,-50.52043470829265,1.9,2.3328746354259575
2021-01-29 21:00:00,4,-53.29175178959221,-43.765580140004346,4.5,2.7261938902584806
2021-01-29 21:00:00,8,-28.3,-42.043994180652305,3.6,3.4652624456937056
2021-01-30 00:00:00,1,-53.29175178959221,-49.66890394896465,1.9,2.2093063370338397
2021-01-30 00:00:00,2,-53.29175178959221,-46.124187682899425,3.3,2.2469293620443334
2021-01-30 00:00:00,4,-25.400000000000002,-40.86078673484249,5.3,2.596581325137991
2021-01-30 00:00:00,8,-29.2,-42.18606832981209,2.2,3.969255531239057
2021-01-30 03:00:00,1,-53.29175178959221,-47.041418585851254,3.3,1.5871367410234656
2021-01-30 03:00:00,2,-53.29175178959221,-42.450482826524365,4.5,1.8939141765212155
2021-01-30 03:00:00,4,-25.2,-38.74181493912243,3.0,2.938604986181848
2021-01-30 03:00:00,8,-30.866666666666667,-40.147023870384004,2.7,4.44133794050458
2021-01-30 06:00:00,1,-53.29175178959221,-39.28796333533774,4.5,3.248839407610901
2021-01-30 06:00:00,2,-25.400000000000002,-34.8839500297764,5.3,2.896872096537573
2021-01-30 06:00:00,4,-26.5,-37.31068670525688,4.1,3.435141673874124
2021-01-30 06:00:00,8,-32.53333333333333,-39.399943599159144,3.2,5.233721590798859
2021-01-30 09:00:00,1,-25.400000000000002,-37.29281972171394,5.3,4.409683147673906
2021-01-30 09:00:00,2,-25.2,-33.2802949519198,3.0,3.7994140515750687
2021-01-30 09:00:00,4,-28.3,-36.38070437578908,3.6,4.112449807584611
2021-01-30 09:00:00,8,-34.2,-34.857121454923394,4.0,5.910070014944569
2021-01-30 12:00:00,1,-25.2,-31.52953086398729,3.0,4.473610607352511
2021-01-30 12:00:00,2,-26.5,-33.29016869748284,4.1,3.5301530474224045
2021-01-30 12:00:00,4,-29.2,-36.22437439404682,2.2,3.293687207698239
2021-01-30 12:00:00,8,-32.2,-30.287549990943514,4.9,4.777381638933356
2021-01-30 15:00:00,1,-26.5,-28.71489374766838,4.1,2.8048272634213727
2021-01-30 15:00:00,2,-28.3,-31.262823012624747,3.6,2.78009124126773
2021-01-30 15:00:00,4,-30.866666666666667,-32.82344977137561,2.7,3.001054730938611
2021-01-30 15:00:00,8,-32.8,-28.417704381434987,4.5,3.9776365006712893
2021-01-30 18:00:00,1,-28.3,-31.075060454705202,3.6,3.324469736026985
2021-01-30 18:00:00,2,-29.2,-32.32830131721623,2.2,2.9043606997674547
2021-01-30 18:00:00,4,-32.53333333333333,-30.71929868101397,3.2,3.420327387164079
2021-01-30 18:00:00,8,-35.0,-28.883852670758365,3.3,3.1677561597039667
2021-01-30 21:00:00,1,-29.2,-31.01044592594762,2.2,3.2303822608908366
2021-01-30 21:00:00,2,-30.866666666666667,-31.49169735701739,2.7,3.1781398876762608
2021-01-30 21:00:00,4,-34.2,-29.36219183682771,4.0,4.479355321420462
2021-01-30 21:00:00,8,-37.7,-31.315815860418233,4.1,2.7865878229157084
2021-01-31 00:00:00,1,-30.866666666666667,-29.67277963946583,2.7,2.6684324805543147
2021-01-31 00:00:00,2,-32.53333333333333,-29.528140506782663,3.2,2.980405165868389
2021-01-31 00:00:00,4,-32.2,-28.36740908934699,4.9,4.193166612690061
2021-01-31 00:00:00,8,-37.7,-32.820224808945646,3.1,2.6911299130201907
2021-01-31 03:00:00,1,-32.53333333333333,-30.88769129032604,3.2,3.662967488167365
2021-01-31 03:00:00,2,-34.2,-30.000933256233186,4.0,3.908463750205943
2021-01-31 03:00:00,4,-32.8,-29.187991989538542,4.5,3.8237696610452345
2021-01-31 03:00:00,8,-39.0,-32.839880075945054,2.5,2.4427603408497722
2021-01-31 06:00:00,1,-34.2,-29.975771920670383,4.0,4.628745507030208
2021-01-31 06:00:00,2,-32.2,-29.736067005400354,4.9,4.632827485220166
2021-01-31 06:00:00,4,-35.0,-32.01284436888962,3.3,3.1420017491491654
2021-01-31 06:00:00,8,-37.2,-33.097548521890644,2.8,2.9387761972164888
2021-01-31 09:00:00,1,-32.2,-30.007695878522643,4.9,4.704262210184748
2021-01-31 09:00:00,2,-32.8,-31.458552870488553,4.5,4.208371922795477
2021-01-31 09:00:00,4,-37.7,-35.408002101639156,4.1,3.418333879671824
2021-01-31 09:00:00,8,-35.3,-32.92281262186513,3.1,4.114765182224362
2021-01-31 12:00:00,1,-32.8,-29.705189214985158,4.5,4.673730339929451
2021-01-31 12:00:00,2,-35.0,-31.79331780433753,3.3,3.723137162895499
2021-01-31 12:00:00,4,-37.7,-35.40494861844474,3.1,3.513911573307398
2021-01-31 12:00:00,8,-33.3,-31.697563222804497,3.0,5.2059434935410875
2021-01-31 15:00:00,1,-35.0,-30.942806734035223,3.3,3.7314267149129408
2021-01-31 15:00:00,2,-37.7,-33.85333532707521,4.1,3.2818735929878695
2021-01-31 15:00:00,4,-39.0,-35.7695134732283,2.5,3.318739071821266
2021-01-31 15:00:00,8,-33.7,-31.075942347916612,3.6,3.993623590966647
2021-01-31 18:00:00,1,-37.7,-34.86644906073623,4.1,3.3852871907172712
2021-01-31 18:00:00,2,-37.7,-37.13934148288896,3.1,3.1967913863805246
2021-01-31 18:00:00,4,-37.2,-37.05689887764189,2.8,2.9528295252591796
2021-01-31 18:00:00,8,-36.8,-33.78897009166007,3.2,2.473421992375177
2021-01-31 21:00:00,1,-37.7,-34.74063950091826,3.1,3.9803908335304974
2021-01-31 21:00:00,2,-39.0,-35.77758020230914,2.5,3.4378988593619066
2021-01-31 21:00:00,4,-35.3,-33.568266228490785,3.1,3.8745438636466583
2021-01-31 21:00:00,8,-38.06666666666666,-34.92270289600917,3.2,2.919446199472735
2021-02-01 00:00:00,1,-39.0,-34.41224523682034,2.5,3.0685001481517915
2021-02-01 00:00:00,2,-37.2,-34.66628523978173,2.8,2.794340414259108
2021-02-01 00:00:00,4,-33.3,-34.92640771209828,3.0,2.5991739646111673
2021-02-01 00:00:00,8,-39.333333333333336,-39.60554864358797,2.2,3.6330406484357205
2021-02-01 03:00:00,1,-37.2,-35.94541370285319,2.8,2.477717997688475
2021-02-01 03:00:00,2,-35.3,-35.94831443983778,3.1,2.348274884037337
2021-02-01 03:00:00,4,-33.7,-37.939803672441755,3.6,2.2742682078217653
2021-02-01 03:00:00,8,-40.6,-42.33975983693002,2.0,3.4737347392304474
2021-02-01 06:00:00,1,-35.3,-33.6775763156443,3.1,2.7411829337938247
2021-02-01 06:00:00,2,-33.3,-33.74155103952302,3.0,2.6237852709099285
2021-02-01 06:00:00,4,-36.8,-37.85383781735498,3.2,2.5903727256756537
2021-02-01 06:00:00,8,-38.7,-40.91425151078424,2.0,3.7504301400050544
2021-02-01 09:00:00,1,-33.3,-32.007100534999616,3.0,2.979368781913138
2021-02-01 09:00:00,2,-33.7,-33.802001072560046,3.6,2.7728480174154306
2021-02-01 09:00:00,4,-38.06666666666666,-39.305203483019625,3.2,3.3014902132531776
2021-02-01 09:00:00,8,-36.8,-36.866608802250425,2.4,4.7518049178126684
2021-02-01 12:00:00,1,-33.7,-32.13000791683102,3.6,2.469212365721522
2021-02-01 12:00:00,2,-36.8,-35.27337072770312,3.2,2.0958592714649855
2021-02-01 12:00:00,4,-39.333333333333336,-40.17391008531618,2.2,3.2020349709221376
2021-02-01 12:00:00,8,-35.1,-34.928586507091175,2.9,6.227963530815981
2021-02-01 15:00:00,1,-36.8,-34.358413725874826,3.2,2.984649823867344
2021-02-01 15:00:00,2,-38.06666666666666,-38.0029282051526,3.2,2.7368366475693873
2021-02-01 15:00:00,4,-40.6,-40.14272247947541,2.0,3.709827331167673
2021-02-01 15:00:00,8,-34.8,-36.34360145682275,2.2,5.940203370321976
2021-02-01 18:00:00,1,-38.06666666666666,-37.94508350369438,3.2,3.1751616634640607
2021-02-01 18:00:00,2,-39.333333333333336,-41.33425675522334,2.2,3.083751686836166
2021-02-01 18:00:00,4,-38.7,-41.553580138496336,2.0,3.945996610825413
2021-02-01 18:00:00,8,-38.5,-39.11510361988945,2.9,4.725302132148338
2021-02-01 21:00:00,1,-39.333333333333336,-38.55847481627775,2.2,3.318791085637614
2021-02-01 21:00:00,2,-40.6,-40.41936603948611,2.0,3.209861543987918
2021-02-01 21:00:00,4,-36.8,-39.17686064172182,2.4,4.628734309796551
2021-02-01 21:00:00,8,-38.2,-42.44402497615356,2.3,4.199312081082633
2021-02-02 00:00:00,1,-40.6,-37.246681720336596,2.0,2.42209909866445
2021-02-02 00:00:00,2,-38.7,-38.668025550761826,2.0,2.586516078483015
2021-02-02 00:00:00,4,-35.1,-39.85250612182047,2.9,3.5363878870686167
2021-02-02 00:00:00,8,-37.9,-45.50197815870294,1.5999999999999999,4.104308085711531
2021-02-02 03:00:00,1,-38.7,-39.018497406186576,2.0,1.584631973174421
2021-02-02 03:00:00,2,-36.8,-40.740634548795754,2.4,1.6648508746232287
2021-02-02 03:00:00,4,-34.8,-44.29016826460345,2.2,2.9933532736289146
2021-02-02 03:00:00,8,-37.599999999999994,-47.42913601943829,1.8,3.715383745089615
2021-02-02 06:00:00,1,-36.8,-36.62673096674287,2.4,1.781312128852388
2021-02-02 06:00:00,2,-35.1,-38.027157212434716,2.9,1.541136798912921
2021-02-02 06:00:00,4,-38.5,-44.90695745985432,2.9,2.3306691003163724
2021-02-02 06:00:00,8,-37.3,-45.511104744739654,2.2,2.9245153471100105
2021-02-02 09:00:00,1,-35.1,-38.20601149611743,2.9,1.5427210475149904
2021-02-02 09:00:00,2,-34.8,-41.8257710023906,2.2,1.2534886107554923
2021-02-02 09:00:00,4,-38.2,-49.21296930154621,2.3,2.3134533002476543
2021-02-02 09:00:00,8,-36.36666666666667,-42.0106227363117,1.9,2.675586659738956
2021-02-02 12:00:00,1,-34.8,-36.830024643996694,2.2,1.8502607480240212
2021-02-02 12:00:00,2,-38.5,-41.11910147017585,2.9,1.5436070152981078
2021-02-02 12:00:00,4,-37.9,-47.207659058707044,1.5999999999999999,2.326367869627367
2021-02-02 12:00:00,8,-35.43333333333333,-39.53211374171431,1.6999999999999997,3.1479041042709675
2021-02-02 15:00:00,1,-38.5,-38.838741055264734,2.9,1.523821823346092
2021-02-02 15:00:00,2,-38.2,-43.53560342909744,2.3,1.567878138974319
2021-02-02 15:00:00,4,-37.599999999999994,-47.28687490027168,1.8,1.6978901787355838
2021-02-02 15:00:00,8,-34.5,-41.20680301214684,2.3,2.4498835943414545
2021-02-02 18:00:00,1,-38.2,-40.7607422904167,2.3,2.9578405539217565
2021-02-02 18:00:00,2,-37.9,-44.34105580850499,1.5999999999999999,2.578646449387813
2021-02-02 18:00:00,4,-37.3,-45.55740702034265,2.2,1.7957485622466494
2021-02-02 18:00:00,8,-36.775,-45.48325738148719,2.7,2.330293086546118
2021-02-02 21:00:00,1,-37.9,-39.31607584295442,1.5999999999999999,2.3692963572254717
2021-02-02 21:00:00,2,-37.599999999999994,-40.8257826352592,1.8,1.813802448594559
2021-02-02 21:00:00,4,-36.36666666666667,-41.68908620063388,1.9,2.0157075534181232
2021-02-02 21:00:00,8,-39.05,-45.011567719051925,3.2,3.585328466010878
2021-02-03 00:00:00,1,-37.599999999999994,-39.00995802845648,1.8,1.9202279955375343
2021-02-03 00:00:00,2,-37.3,-40.2627723543816,2.2,1.7559287466328553
2021-02-03 00:00:00,4,-35.43333333333333,-41.93149731762128,1.6999999999999997,2.0614529450835186
2021-02-03 00:00:00,8,-41.325,-47.20513730524304,3.2,3.3522227994695073
2021-02-03 03:00:00,1,-37.3,-37.53554497713286,2.2,2.0981311368539517
2021-02-03 03:00:00,2,-36.36666666666667,-38.45751965860096,1.9,2.100001074874771
2021-02-03 03:00:00,4,-34.5,-41.69443952298746,2.3,2.7614310513773415
2021-02-03 03:00:00,8,-43.6,-47.46062047168682,2.5,3.3990344477099472
2021-02-03 06:00:00,1,-36.36666666666667,-35.08415852179226,1.9,2.1385536835594863
2021-02-03 06:00:00,2,-35.43333333333333,-36.98239042929356,1.6999999999999997,2.3815373863406
2021-02-03 06:00:00,4,-36.775,-42.430722366380465,2.7,3.0216008015777405
2021-02-03 06:00:00,8,-40.2,-45.16197230065478,2.4,3.133590733806619
2021-02-03 09:00:00,1,-35.43333333333333,-34.592768200795234,1.6999999999999997,2.368356856001439
2021-02-03 09:00:00,2,-34.5,-36.83068029989734,2.3,2.7197253550148064
2021-02-03 09:00:00,4,-39.05,-43.558757448902895,3.2,3.3401290139769766
2021-02-03 09:00:00,8,-38.5,-40.60904152753334,2.6,2.898795301398506
2021-02-03 12:00:00,1,-34.5,-35.17641723252321,2.3,2.0991046563402396
2021-02-03 12:00:00,2,-36.775,-38.29554239010131,2.7,2.5480818405541084
2021-02-03 12:00:00,4,-41.325,-44.64827310751323,3.2,3.112350541321039
2021-02-03 12:00:00,8,-36.8,-40.59135538973883,2.6,2.8627576447134477
2021-02-03 15:00:00,1,-36.775,-37.73938191213293,2.7,2.607283107866321
2021-02-03 15:00:00,2,-39.05,-41.317894177746936,3.2,3.000961367337971
2021-02-03 15:00:00,4,-43.6,-44.307249902067596,2.5,3.2225735234186685
2021-02-03 15:00:00,8,-38.3,-38.82324451997796,1.9,3.305571684901613
2021-02-03 18:00:00,1,-39.05,-39.835912984027345,3.2,3.5040233629145727
2021-02-03 18:00:00,2,-41.325,-42.56873865396617,3.2,3.586877086748354
2021-02-03 18:00:00,4,-40.2,-42.97960002034481,2.4,3.424770289518933
2021-02-03 18:00:00,8,-39.8,-40.96935110347165,2.3,3.1959934768421
2021-02-03 21:00:00,1,-41.325,-41.49905046209179,3.2,3.757981301112978
2021-02-03 21:00:00,2,-43.6,-42.636894445088195,2.5,3.5050913590598465
2021-02-03 21:00:00,4,-38.5,-40.958441997986384,2.6,3.69264570932169
2021-02-03 21:00:00,8,-41.1,-43.618520123995744,2.9,3.5722349675033245
2021-02-04 00:00:00,1,-43.6,-42.67057930735932,2.5,3.607855563892248
2021-02-04 00:00:00,2,-40.2,-41.73860479265497,2.4,3.4151227263394657
2021-02-04 00:00:00,4,-36.8,-39.565043518948215,2.6,3.8069802089780693
2021-02-04 00:00:00,8,-42.4,-45.70728995922896,3.0,3.874086110070704
2021-02-04 03:00:00,1,-40.2,-41.21196107873221,2.4,2.885689206003088
2021-02-04 03:00:00,2,-38.5,-40.36046076057102,2.6,2.986015993013891
2021-02-04 03:00:00,4,-38.3,-40.27973150667749,1.9,3.259431590749787
2021-02-04 03:00:00,8,-43.7,-45.37081095352545,2.6,4.178826688785896
2021-02-04 06:00:00,1,-38.5,-39.569625905242795,2.6,2.5930887479997047
2021-02-04 06:00:00,2,-36.8,-39.57792319464035,2.6,2.744130632214268
2021-02-04 06:00:00,4,-39.8,-43.90837479015384,2.3,3.427111444456176
2021-02-04 06:00:00,8,-53.29175178959221,-42.805037761057825,1.9,3.909099833057935
2021-02-04 09:00:00,1,-36.8,-35.27738247721385,2.6,2.655094975663306
2021-02-04 09:00:00,2,-38.3,-37.511206453700304,1.9,2.2134202006796415
2021-02-04 09:00:00,4,-41.1,-45.21401480764284,2.9,2.933287899799297
2021-02-04 09:00:00,8,-53.29175178959221,-41.404736162037196,1.1999999999999997,4.66700368178989
2021-02-04 12:00:00,1,-38.3,-39.50886749778217,1.9,2.2043012802292137
2021-02-04 12:00:00,2,-39.8,-43.126804136551364,2.3,2.1281196746760536
2021-02-04 12:00:00,4,-42.4,-47.565831988960355,3.0,2.9302835220484824
2021-02-04 12:00:00,8,-53.29175178959221,-39.062574774733335,1.4,4.830545677778353
2021-02-04 15:00:00,1,-39.8,-42.17850523092305,2.3,2.3295772100742758
2021-02-04 15:00:00,2,-41.1,-45.65350600134877,2.9,2.3536428378527896
2021-02-04 15:00:00,4,-43.7,-47.13117139413996,2.6,2.7132574596130556
2021-02-04 15:00:00,8,-53.29175178959221,-40.983243803555325,1.3000000000000003,4.803912044440709
2021-02-04 18:00:00,1,-41.1,-43.90270660886776,2.9,2.876833047302492
2021-02-04 18:00:00,2,-42.4,-46.75368543485737,3.0,2.750167007558919
2021-02-04 18:00:00,4,-53.29175178959221,-46.71881750996113,1.9,3.261377856580039
2021-02-04 18:00:00,8,-53.29175178959221,-43.12026414906772,1.5999999999999999,4.2041932751549425
2021-02-04 21:00:00,1,-42.4,-44.79188984929199,3.0,3.1221390563441913
2021-02-04 21:00:00,2,-43.7,-46.06035273621272,2.6,2.867947509193584
2021-02-04 21:00:00,4,-53.29175178959221,-43.69895685448745,1.1999999999999997,3.6149832429572326
2021-02-04 21:00:00,8,-53.29175178959221,-44.31214282428875,1.3000000000000003,4.754762480462762
2021-02-05 00:00:00,1,-43.7,-43.46832881068584,2.6,3.103548662543602
2021-02-05 00:00:00,2,-53.29175178959221,-43.40766550935585,1.9,3.009174858146781
2021-02-05 00:00:00,4,-53.29175178959221,-41.401491025579524,1.4,3.81463778379586
2021-02-05 00:00:00,8,-53.29175178959221,-44.92608820213321,1.0,4.755389205626626
2021-02-05 03:00:00,1,-53.29175178959221,-41.613680728553355,1.9,2.4972386150052097
2021-02-05 03:00:00,2,-53.29175178959221,-41.08832454989921,1.1999999999999997,2.7030638713322994
2021-02-05 03:00:00,4,-53.29175178959221,-40.93240165121613,1.3000000000000003,3.632254402682356
2021-02-05 03:00:00,8,-53.29175178959221,-44.42572908481622,0.0,4.076023606891635
2021-02-05 06:00:00,1,-53.29175178959221,-51.0676975394138,1.1999999999999997,2.14795168172879
2021-02-05 06:00:00,2,-53.29175178959221,-50.82327604453985,1.4,2.5309496464967003
2021-02-05 06:00:00,4,-53.29175178959221,-51.434319964898734,1.5999999999999999,3.9125217609838576
2021-02-05 06:00:00,8,-53.29175178959221,-42.97632750484953,0.0,3.9009540055325127
2021-02-05 09:00:00,1,-53.29175178959221,-51.3426043317888,1.4,1.5651470803650702
2021-02-05 09:00:00,2,-53.29175178959221,-51.8240275573133,1.3000000000000003,2.407681540606926
2021-02-05 09:00:00,4,-53.29175178959221,-52.509351932488585,1.3000000000000003,3.8628551780718117
2021-02-05 09:00:00,8,-53.29175178959221,-40.84861531162325,0.2999999999999998,3.327663347026613
2021-02-05 12:00:00,1,-53.29175178959221,-53.018290325277974,1.3000000000000003,1.9929189434781782
2021-02-05 12:00:00,2,-53.29175178959221,-52.54970507645082,1.5999999999999999,2.8356253612369184
2021-02-05 12:00:00,4,-53.29175178959221,-50.60682079558167,1.0,3.6316788782023957
2021-02-05 12:00:00,8,-53.29175178959221,-41.992605888562906,0.0,3.6505058002339617
2021-02-05 15:00:00,1,-53.29175178959221,-54.10298340057628,1.5999999999999999,2.2690513633405294
2021-02-05 15:00:00,2,-53.29175178959221,-52.760497637942976,1.3000000000000003,3.010855296317985
2021-02-05 15:00:00,4,-53.29175178959221,-47.67102945646458,0.0,3.1512861753770847
2021-02-05 15:00:00,8,-53.29175178959221,-43.1402018524551,0.8999999999999999,3.682094329435454
2021-02-05 18:00:00,1,-53.29175178959221,-53.530590395560125,1.3000000000000003,2.54221715612554
2021-02-05 18:00:00,2,-53.29175178959221,-51.3220235812681,1.0,2.8721637475471127
2021-02-05 18:00:00,4,-53.29175178959221,-45.412658371509046,0.0,2.8446437731852297
2021-02-05 18:00:00,8,-53.29175178959221,-44.08751655373146,1.9,3.8675999525140585
2021-02-05 21:00:00,1,-53.29175178959221,-50.71646177281471,1.0,2.179430518030558
2021-02-05 21:00:00,2,-53.29175178959221,-48.51675784119716,0.0,2.4746193498942954
2021-02-05 21:00:00,4,-53.29175178959221,-44.31242309917375,0.2999999999999998,2.805543673094818
2021-02-05 21:00:00,8,-53.29175178959221,-45.598435949201935,2.5,4.1830294904590355
2021-02-06 00:00:00,1,-53.29175178959221,-49.1335416326906,0.0,1.7643245390696436
2021-02-06 00:00:00,2,-53.29175178959221,-48.06147434654818,0.0,2.1308464676724803
2021-02-06 00:00:00,4,-53.29175178959221,-46.3975126153515,0.0,2.785677114578224
2021-02-06 00:00:00,8,-53.29175178959221,-47.84021497711583,2.7,4.167706449439733
2021-02-06 03:00:00,1,-53.29175178959221,-50.527702041525394,0.0,1.0299933199143076
2021-02-06 03:00:00,2,-53.29175178959221,-50.404224923536376,0.2999999999999998,1.7395187208262017
2021-02-06 03:00:00,4,-53.29175178959221,-51.17808720723778,0.8999999999999999,2.3444735831710632
2021-02-06 03:00:00,8,-45.2,-51.38275487987899,2.7,3.221081545353954
2021-02-06 06:00:00,1,-53.29175178959221,-52.639725055512784,0.2999999999999998,0.6033985526594146
2021-02-06 06:00:00,2,-53.29175178959221,-53.20906759443242,0.0,1.2287358993916837
2021-02-06 06:00:00,4,-53.29175178959221,-55.60088640529182,1.9,2.221656459196889
2021-02-06 06:00:00,8,-44.38,-51.96681414685797,1.8,3.2045895398008786
2021-02-06 09:00:00,1,-53.29175178959221,-52.352524354750294,0.0,1.0521610699080188
2021-02-06 09:00:00,2,-53.29175178959221,-53.44906300669524,0.8999999999999999,1.6562618499256065
2021-02-06 09:00:00,4,-53.29175178959221,-56.27040222322047,2.5,2.368638386447687
2021-02-06 09:00:00,8,-43.56,-48.05849363395373,1.5999999999999999,3.771589912358901
2021-02-06 12:00:00,1,-53.29175178959221,-53.39360118213525,0.8999999999999999,1.0098888468425695
2021-02-06 12:00:00,2,-53.29175178959221,-54.98718581765861,1.9,1.913369103400492
2021-02-06 12:00:00,4,-53.29175178959221,-56.645724157780464,2.7,2.44101229271534
2021-02-06 12:00:00,8,-42.74,-45.616052198400446,1.5,3.5777228583542944
2021-02-06 15:00:00,1,-53.29175178959221,-54.17951663683096,1.9,2.1268078920929856
2021-02-06 15:00:00,2,-53.29175178959221,-55.20663618923104,2.5,2.671696954046947
2021-02-06 15:00:00,4,-45.2,-54.63674278227346,2.7,2.826547550630062
2021-02-06 15:00:00,8,-41.92,-45.503355756595276,1.5,3.4038721458615124
2021-02-06 18:00:00,1,-53.29175178959221,-53.92109076421993,2.5,2.7987145336072086
2021-02-06 18:00:00,2,-53.29175178959221,-53.68142223424989,2.7,2.98747957809326
2021-02-06 18:00:00,4,-44.38,-51.47523217259768,1.8,3.0126863106218043
2021-02-06 18:00:00,8,-41.1,-46.31049915182569,2.5,3.254750373938587
2021-02-06 21:00:00,1,-53.29175178959221,-53.04631385102242,2.7,3.0828510560089732
2021-02-06 21:00:00,2,-45.2,-51.71984135797945,2.7,2.994132334490682
2021-02-06 21:00:00,4,-43.56,-48.755964890283295,1.5999999999999999,3.0383992114318317
2021-02-06 21:00:00,8,-42.9,-46.37663465817255,2.7,3.4704736915581123
2021-02-07 00:00:00,1,-45.2,-52.27135082193398,2.7,3.2294785641544284
2021-02-07 00:00:00,2,-44.38,-49.49364442484486,1.8,3.166556776018757
2021-02-07 00:00:00,4,-42.74,-45.930661117062165,1.5,3.248486801391007
2021-02-07 00:00:00,8,-44.7,-47.00574730235149,2.6,3.4285810547136557
2021-02-07 03:00:00,1,-44.38,-44.35564523304572,1.8,2.8440456276272728
2021-02-07 03:00:00,2,-43.56,-42.13927107002915,1.5999999999999999,3.0481244354247385
2021-02-07 03:00:00,4,-41.92,-41.238166420229106,1.5,3.1878264278928885
2021-02-07 03:00:00,8,-46.5,-44.13856621035569,2.9,3.411110104347985
2021-02-07 06:00:00,1,-43.56,-41.637280738471446,1.5999999999999999,2.860107899348617
2021-02-07 06:00:00,2,-42.74,-40.675397507183064,1.5,3.2564839989696646
2021-02-07 06:00:00,4,-41.1,-43.509630809420216,2.5,3.476015175835178
2021-02-07 06:00:00,8,-44.233333333333334,-42.05491553465439,1.8,3.779711172620477
2021-02-07 09:00:00,1,-42.74,-40.48543309823895,1.5,2.4063510959677625
2021-02-07 09:00:00,2,-41.92,-41.69593456254112,1.5,2.753533002636714
2021-02-07 09:00:00,4,-42.9,-46.66389299901422,2.7,3.251944400504153
2021-02-07 09:00:00,8,-41.96666666666667,-41.79511224427628,1.6999999999999997,3.2211835468205585
2021-02-07 12:00:00,1,-41.92,-40.9568439267912,1.5,2.493387726389881
2021-02-07 12:00:00,2,-41.1,-43.38631706503062,2.5,2.8140033964037747
2021-02-07 12:00:00,4,-44.7,-47.5611494530282,2.6,3.1407092151439566
2021-02-07 12:00:00,8,-39.7,-41.34389417646176,2.1,3.2800684656218637
2021-02-07 15:00:00,1,-41.1,-43.010313536534355,2.5,2.6809717826460173
2021-02-07 15:00:00,2,-42.9,-45.41557928252135,2.7,2.9662332004690883
2021-02-07 15:00:00,4,-46.5,-46.61063140435157,2.9,2.898789222900235
2021-02-07 15:00:00,8,-41.900000000000006,-41.50738954054674,1.5999999999999999,3.2357184892109263
2021-02-07 18:00:00,1,-42.9,-44.367554393904705,2.7,3.234990002521179
2021-02-07 18:00:00,2,-44.7,-46.238506692933434,2.6,3.318584843257673
2021-02-07 18:00:00,4,-44.233333333333334,-45.7176190614175,1.8,3.059607198540606
2021-02-07 18:00:00,8,-44.1,-44.83329415916692,2.2,3.212158549832454
2021-02-07 21:00:00,1,-44.7,-45.426473977986824,2.6,3.5979331019614667
2021-02-07 21:00:00,2,-46.5,-45.852670487430544,2.9,3.4617227068736574
2021-02-07 21:00:00,4,-41.96666666666667,-43.95635006905496,1.6999999999999997,3.314420005538649
2021-02-07 21:00:00,8,-45.733333333333334,-47.03423735248677,2.9,3.500380996116036
2021-02-08 00:00:00,1,-46.5,-45.633455179306004,2.9,3.183220952369358
2021-02-08 00:00:00,2,-44.233333333333334,-44.522433286653694,1.8,3.079800716280002
2021-02-08 00:00:00,4,-39.7,-42.892547649765554,2.1,3.340478954188857
2021-02-08 00:00:00,8,-47.36666666666667,-48.25562630724451,2.9,3.7556781767800507
2021-02-08 03:00:00,1,-44.233333333333334,-43.987444009767074,1.8,3.0625542037989657
2021-02-08 03:00:00,2,-41.96666666666667,-42.24014048808816,1.6999999999999997,3.0251746919604443
2021-02-08 03:00:00,4,-41.900000000000006,-42.32029838469685,1.5999999999999999,3.082995447002996
2021-02-08 03:00:00,8,-49.0,-47.59643058524203,2.6,3.4954173290858233
2021-02-08 06:00:00,1,-41.96666666666667,-41.603269489251986,1.6999999999999997,2.6415869528997407
2021-02-08 06:00:00,2,-39.7,-39.86175159052048,2.1,2.914996205536564
2021-02-08 06:00:00,4,-44.1,-44.30499473396979,2.2,3.0907601420227775
2021-02-08 06:00:00,8,-46.46666666666667,-45.44533092988962,2.7,2.8711607420121936
2021-02-08 09:00:00,1,-39.7,-38.4951471022878,2.1,2.4001130637769537
2021-02-08 09:00:00,2,-41.900000000000006,-39.03672175822041,1.5999999999999999,2.4619399224213927
2021-02-08 09:00:00,4,-45.733333333333334,-45.615279100838485,2.9,2.9752404151837415
2021-02-08 09:00:00,8,-43.93333333333333,-42.33525670574431,2.4,2.7926816773931353
2021-02-08 12:00:00,1,-41.900000000000006,-40.05578394805252,1.5999999999999999,2.62126418709184
2021-02-08 12:00:00,2,-44.1,-42.98254686939275,2.2,2.76086708404212
2021-02-08 12:00:00,4,-47.36666666666667,-48.14254908066628,2.9,2.6841023158960406
2021-02-08 12:00:00,8,-41.4,-41.645735817585745,2.7,3.7879575219780564
2021-02-08 15:00:00,1,-44.1,-43.749716149212816,2.2,2.751367297686853
2021-02-08 15:00:00,2,-45.733333333333334,-46.11389532626136,2.9,2.8743940765312255
2021-02-08 15:00:00,4,-49.0,-47.69016127949496,2.6,2.610380156055692
2021-02-08 15:00:00,8,-43.65,-43.729408828817725,1.9,4.0890254613737165
2021-02-08 18:00:00,1,-45.733333333333334,-45.78484396526082,2.9,3.1617924863978493
2021-02-08 18:00:00,2,-47.36666666666667,-47.795568052536694,2.9,3.020701237153753
2021-02-08 18:00:00,4,-46.46666666666667,-47.765763808596176,2.7,2.307173784972152
2021-02-08 18:00:00,8,-45.9,-46.193266435789276,2.5,3.9392030358847068
2021-02-08 21:00:00,1,-47.36666666666667,-47.648960150899136,2.9,3.4108575134187253
2021-02-08 21:00:00,2,-49.0,-48.132414513744955,2.6,3.107424025112497
2021-02-08 21:00:00,4,-43.93333333333333,-46.97744818497848,2.4,2.7493413448770716
2021-02-08 21:00:00,8,-47.06666666666666,-47.950179279168005,2.9,4.002060653207487
2021-02-09 00:00:00,1,-49.0,-47.73926630394794,2.6,3.152764476820689
2021-02-09 00:00:00,2,-46.46666666666667,-46.86193422405303,2.7,2.879719960740222
2021-02-09 00:00:00,4,-41.4,-45.410906113102065,2.7,2.820246387369489
2021-02-09 00:00:00,8,-48.233333333333334,-48.0756228244832,2.9,4.013372205288714
2021-02-09 03:00:00,1,-46.46666666666667,-46.81391535484204,2.7,2.551986902452276
2021-02-09 03:00:00,2,-43.93333333333333,-45.230079097709506,2.4,2.4611228442853497
2021-02-09 03:00:00,4,-43.65,-45.41717014870664,1.9,2.703573132183079
2021-02-09 03:00:00,8,-49.4,-49.12229461224116,3.1,3.9994377812034356
2021-02-09 06:00:00,1,-43.93333333333333,-43.41012313823177,2.4,2.913216271946288
2021-02-09 06:00:00,2,-41.4,-42.82483784875616,2.7,2.878609141841228
2021-02-09 06:00:00,4,-45.9,-47.46511315560819,2.5,3.263888542966874
2021-02-09 06:00:00,8,-47.0,-47.05703976780925,3.3,4.0146977178130525
2021-02-09 09:00:00,1,-41.4,-40.4009860592385,2.7,3.0514228738594658
2021-02-09 09:00:00,2,-43.65,-42.25534666147608,1.9,3.241062502274416
2021-02-09 09:00:00,4,-47.06666666666666,-50.272875791858986,2.9,3.5158446423979814
2021-02-09 09:00:00,8,-44.6,-44.629796580133,3.4,4.301747467151643
2021-02-09 12:00:00,1,-43.65,-43.2517195546411,1.9,3.2958500866796046
2021-02-09 12:00:00,2,-45.9,-47.15762855073277,2.5,3.587258299234235
2021-02-09 12:00:00,4,-48.233333333333334,-53.13101567718536,2.9,3.280423631209451
2021-02-09 12:00:00,8,-42.6,-43.31604732400477,4.1,4.3998336343874005
2021-02-09 15:00:00,1,-45.9,-47.280840344232324,2.5,3.1052718634833463
2021-02-09 15:00:00,2,-47.06666666666666,-50.50784863675382,2.9,3.450141141500801
2021-02-09 15:00:00,4,-49.4,-52.03055038490909,3.1,3.160805210310211
2021-02-09 15:00:00,8,-43.1,-44.42443650604067,3.3,4.481451763482126
2021-02-09 18:00:00,1,-47.06666666666666,-48.41521367396128,2.9,3.6638508499276488
2021-02-09 18:00:00,2,-48.233333333333334,-50.386093696255465,2.9,3.737926602410856
2021-02-09 18:00:00,4,-47.0,-49.34483215042927,3.3,3.3935463769034366
2021-02-09 18:00:00,8,-46.3,-46.48121537682958,3.2,4.083569156052689
2021-02-09 21:00:00,1,-48.233333333333334,-49.07430636432223,2.9,3.690464328244709
2021-02-09 21:00:00,2,-49.4,-49.264632104512685,3.1,3.6697574106770925
2021-02-09 21:00:00,4,-44.6,-46.8875811772829,3.4,3.8839779595644677
2021-02-09 21:00:00,8,-48.45,-46.70487401455769,3.6,4.5227356440567315
2021-02-10 00:00:00,1,-49.4,-48.94866684273783,3.1,3.228736640784292
2021-02-10 00:00:00,2,-47.0,-47.71143335071528,3.3,3.0643370699980568
2021-02-10 00:00:00,4,-42.6,-44.67726894934329,4.1,3.4218641008432638
2021-02-10 00:00:00,8,-50.6,-48.31262874304576,3.7,4.224394737598219
2021-02-10 03:00:00,1,-47.0,-48.212265837182514,3.3,3.1048846524794342
2021-02-10 03:00:00,2,-44.6,-46.52108429909542,3.4,3.1279642305339963
2021-02-10 03:00:00,4,-43.1,-44.75902996065409,3.3,3.631568185549666
2021-02-10 03:00:00,8,-49.4,-48.4133634274197,3.4,3.8681609339203042
2021-02-10 06:00:00,1,-44.6,-44.893647645071326,3.4,3.8440637939270683
2021-02-10 06:00:00,2,-42.6,-43.20077365015939,4.1,4.083277174855027
2021-02-10 06:00:00,4,-46.3,-45.918559582438924,3.2,4.569621873871355
2021-02-10 06:00:00,8,-46.7,-47.467785133528544,4.0,3.884292575170166
2021-02-10 09:00:00,1,-42.6,-44.04200394721319,4.1,3.639714946177893
2021-02-10 09:00:00,2,-43.1,-45.572023823920986,3.3,3.9536780997350864
2021-02-10 09:00:00,4,-48.45,-49.87271548630483,3.6,4.2436043917402335
2021-02-10 09:00:00,8,-44.7,-44.62762426964901,4.7,4.026548096773931
2021-02-10 12:00:00,1,-43.1,-43.728207033166875,3.3,4.104634245131928
2021-02-10 12:00:00,2,-46.3,-46.86619058364977,3.2,4.051880558240402
2021-02-10 12:00:00,4,-50.6,-50.646306591446226,3.7,3.9433929340790597
2021-02-10 12:00:00,8,-42.9,-43.78150825538396,4.5,4.58700030042891
2021-02-10 15:00:00,1,-46.3,-46.17899835468996,3.2,3.709508956490675
2021-02-10 15:00:00,2,-48.45,-49.40859864952195,3.6,3.6906252418233967
2021-02-10 15:00:00,4,-49.4,-50.89873717532184,3.4,3.7049981242516314
2021-02-10 15:00:00,8,-43.7,-43.487100022970864,4.8,4.660420028320183
2021-02-10 18:00:00,1,-48.45,-49.23548423697379,3.6,3.7399857603504483
2021-02-10 18:00:00,2,-50.6,-51.639115346340375,3.7,3.45078234308818
2021-02-10 18:00:00,4,-46.7,-50.54320974457751,4.0,3.526197684618038
2021-02-10 18:00:00,8,-46.7,-46.352456085959716,4.6,4.411909424325839
2021-02-10 21:00:00,1,-50.6,-51.28537250648495,3.7,3.8487394387815197
2021-02-10 21:00:00,2,-49.4,-51.468113442694055,3.4,3.3627828305517484
2021-02-10 21:00:00,4,-44.7,-48.17882774650037,4.7,3.9745760301118658
2021-02-10 21:00:00,8,-48.8,-48.144161201630766,4.3,4.8749140229845045
2021-02-11 00:00:00,1,-49.4,-49.6030438541211,3.4,3.664255829874972
2021-02-11 00:00:00,2,-46.7,-48.00039207389268,4.0,3.448434603111143
2021-02-11 00:00:00,4,-42.9,-44.266939312695065,4.5,4.117936878638117
2021-02-11 00:00:00,8,-50.9,-48.199492795636864,4.2,4.549629906337795
2021-02-11 03:00:00,1,-46.7,-47.48591798193669,4.0,3.318843499355163
2021-02-11 03:00:00,2,-44.7,-45.20853035410913,4.7,3.2471608623053863
2021-02-11 03:00:00,4,-43.7,-44.05941917663557,4.8,4.02286383365946
2021-02-11 03:00:00,8,-50.1,-48.45591405436925,3.8,4.472790330006851
2021-02-11 06:00:00,1,-44.7,-44.710814754923405,4.7,3.989968973861288
2021-02-11 06:00:00,2,-42.9,-44.13546445359496,4.5,4.097878794105818
2021-02-11 06:00:00,4,-46.7,-47.31679298336857,4.6,4.816041101219261
2021-02-11 06:00:00,8,-47.2,-47.92997138790948,3.8,4.327705534058612
2021-02-11 09:00:00,1,-42.9,-43.92723174205665,4.5,4.846904729511785
2021-02-11 09:00:00,2,-43.7,-45.67302365265914,4.8,4.922649536311977
2021-02-11 09:00:00,4,-48.8,-50.01458537343403,4.3,5.16984382550963
2021-02-11 09:00:00,8,-44.8,-46.395140005592374,3.5,4.612892996819383
2021-02-11 12:00:00,1,-43.7,-45.04080420821255,4.8,4.670756674590955
2021-02-11 12:00:00,2,-46.7,-48.23648367669929,4.6,4.615829124765046
2021-02-11 12:00:00,4,-50.9,-52.31395260445381,4.2,4.565164735033707
2021-02-11 12:00:00,8,-42.4,-45.6099754930532,3.4,4.827182775269854
2021-02-11 15:00:00,1,-46.7,-47.49019055280569,4.6,4.936980182508254
2021-02-11 15:00:00,2,-48.8,-51.2548990071876,4.3,4.5826554538488
2021-02-11 15:00:00,4,-50.1,-53.010669856497636,3.8,4.339124046381349
2021-02-11 15:00:00,8,-43.4,-46.454471821093364,3.6,4.899729332216475
2021-02-11 18:00:00,1,-48.8,-49.84129822077359,4.3,4.8265656477348395
2021-02-11 18:00:00,2,-50.9,-52.130474010325166,4.2,4.44756658834718
2021-02-11 18:00:00,4,-47.2,-51.07334914917712,3.8,4.572924631239064
2021-02-11 18:00:00,8,-46.6,-48.179449178604,3.3,4.799627449641709
2021-02-11 21:00:00,1,-50.9,-52.68203548544489,4.2,4.771678407950098
2021-02-11 21:00:00,2,-50.1,-52.04438233775306,3.8,4.377108635398662
2021-02-11 21:00:00,4,-44.8,-47.73796760091398,3.5,4.805759907915174
2021-02-11 21:00:00,8,-47.93333333333334,-49.55023545458098,3.0,5.095671110314964
2021-02-12 00:00:00,1,-50.1,-50.84351960059736,3.8,4.399404833658474
2021-02-12 00:00:00,2,-47.2,-48.317044333361224,3.8,4.20728371164444
2021-02-12 00:00:00,4,-42.4,-44.24327950119483,3.4,4.662048852576241
2021-02-12 00:00:00,8,-49.266666666666666,-49.253073107134696,3.2,4.662204547444242
2021-02-12 03:00:00,1,-47.2,-48.60098116464031,3.8,3.9093254573161356
2021-02-12 03:00:00,2,-44.8,-45.64863109165236,3.5,3.8837866734894835
2021-02-12 03:00:00,4,-43.4,-44.60500270007495,3.6,4.397807361656657
2021-02-12 03:00:00,8,-50.6,-49.13623990889708,2.8,4.525568010970501
2021-02-12 06:00:00,1,-44.8,-45.60691624585087,3.5,4.002026954866194
2021-02-12 06:00:00,2,-42.4,-44.366191926533155,3.4,4.047168708997124
2021-02-12 06:00:00,4,-46.6,-47.11699661791882,3.3,4.4879558632727035
2021-02-12 06:00:00,8,-47.7,-47.01437602220431,2.7,4.526048318974252
2021-02-12 09:00:00,1,-42.4,-42.964640258295375,3.4,3.602231406706677
2021-02-12 09:00:00,2,-43.4,-44.010884068465444,3.6,3.4239432138528385
2021-02-12 09:00:00,4,-47.93333333333334,-49.61254510067246,3.0,4.003869806245594
2021-02-12 09:00:00,8,-44.8,-44.77842656779819,2.1,5.234019543854471
2021-02-12 12:00:00,1,-43.4,-45.41153511046608,3.6,3.0229468157037043
2021-02-12 12:00:00,2,-46.6,-48.50234061639298,3.3,3.057916043017187
2021-02-12 12:00:00,4,-49.266666666666666,-52.44129512019002,3.2,3.3973718318023147
2021-02-12 12:00:00,8,-41.9,-44.701976369282576,2.6,4.653889161809148
2021-02-12 15:00:00,1,-46.6,-47.50236774003285,3.3,3.782835214140987
2021-02-12 15:00:00,2,-47.93333333333334,-50.92126291826427,3.0,3.5589275918353813
2021-02-12 15:00:00,4,-50.6,-52.63131491764772,2.8,3.3232610213137272
2021-02-12 15:00:00,8,-43.3,-45.6374835003395,2.9,4.593005430159641
2021-02-12 18:00:00,1,-47.93333333333334,-49.94897385143194,3.0,3.7452682552790217
2021-02-12 18:00:00,2,-49.266666666666666,-51.90160849206965,3.2,3.442364449444958
2021-02-12 18:00:00,4,-47.7,-50.69733661441848,2.7,3.3721824016657798
2021-02-12 18:00:00,8,-46.1,-48.57278435840784,2.9,4.405766248700158
2021-02-12 21:00:00,1,-49.266666666666666,-50.813557206689595,3.2,3.5581402263586512
2021-02-12 21:00:00,2,-50.6,-50.90960377124871,2.8,3.3113672397423852
2021-02-12 21:00:00,4,-44.8,-48.50520532832808,2.1,3.6913842609699214
2021-02-12 21:00:00,8,-48.233333333333334,-50.514661333862065,3.4,5.097506496871925
2021-02-13 00:00:00,1,-50.6,-50.529211851349345,2.8,3.345754450846394
2021-02-13 00:00:00,2,-47.7,-49.010013179006066,2.7,3.239927129441616
2021-02-13 00:00:00,4,-41.9,-46.081915889832885,2.6,3.9012665149918804
2021-02-13 00:00:00,8,-50.36666666666667,-51.72926028729274,3.5,5.217947781144598
2021-02-13 03:00:00,1,-47.7,-48.974027757074786,2.7,2.848231900050727
2021-02-13 03:00:00,2,-44.8,-47.24291821564069,2.1,3.0082454344330403
2021-02-13 03:00:00,4,-43.3,-45.91349446048123,2.9,3.7736011488044467
2021-02-13 03:00:00,8,-52.5,-51.31333001632621,3.0,4.756745990424966
2021-02-13 06:00:00,1,-44.8,-45.84944696600256,2.1,2.9043313203591437
2021-02-13 06:00:00,2,-41.9,-44.74672020124483,2.6,2.9940445695068707
2021-02-13 06:00:00,4,-46.1,-48.10868121114377,2.9,3.9419154590979395
2021-02-13 06:00:00,8,-48.96666666666667,-49.580726516089946,3.1,4.249587180323809
2021-02-13 09:00:00,1,-41.9,-43.28376311565765,2.6,2.2837830837823896
2021-02-13 09:00:00,2,-43.3,-44.614338231398676,2.9,2.6884747289990125
2021-02-13 09:00:00,4,-48.233333333333334,-51.43910301071895,3.4,3.6046925586646172
2021-02-13 09:00:00,8,-45.43333333333333,-47.39717603653654,4.5,3.787560660025135
2021-02-13 12:00:00,1,-43.3,-44.82639752369337,2.9,2.6741929773897066
2021-02-13 12:00:00,2,-46.1,-47.75958659336086,2.9,3.1269021995816533
2021-02-13 12:00:00,4,-50.36666666666667,-52.725619085657144,3.5,3.511489531687019
2021-02-13 12:00:00,8,-41.9,-45.98259194639681,4.3,3.5615577203799957
2021-02-13 15:00:00,1,-46.1,-46.793698817571645,2.9,3.622597148563759
2021-02-13 15:00:00,2,-48.233333333333334,-49.75074277438233,3.4,3.775279027607958
2021-02-13 15:00:00,4,-52.5,-51.81195686913868,3.0,3.374174096272585
2021-02-13 15:00:00,8,-43.0,-46.467218924603394,4.6,4.001785787781274
2021-02-13 18:00:00,1,-48.233333333333334,-49.154127786968715,3.4,3.685556074191061
2021-02-13 18:00:00,2,-50.36666666666667,-50.99960947538481,3.5,3.5140103955594464
2021-02-13 18:00:00,4,-48.96666666666667,-50.241945224746296,3.1,3.090348083824178
2021-02-13 18:00:00,8,-45.4,-48.84273338347261,4.3,4.088952892635583
2021-02-13 21:00:00,1,-50.36666666666667,-50.53479357251666,3.5,3.5280895105646497
2021-02-13 21:00:00,2,-52.5,-50.676742354504235,3.0,3.107823553073432
2021-02-13 21:00:00,4,-45.43333333333333,-48.44903290966698,4.5,2.881760043392476
2021-02-13 21:00:00,8,-47.75,-51.08782761656543,3.8,4.186910504964919
2021-02-14 00:00:00,1,-52.5,-51.641122572035094,3.0,3.4196567795083093
2021-02-14 00:00:00,2,-48.96666666666667,-49.573400281901286,3.1,3.1610366464658815
2021-02-14 00:00:00,4,-41.9,-46.07938116735107,4.3,3.2046213719365624
2021-02-14 00:00:00,8,-50.1,-51.66267230632433,3.2,3.9316200559711394
2021-02-14 03:00:00,1,-48.96666666666667,-49.678178237704245,3.1,3.478043568042292
2021-02-14 03:00:00,2,-45.43333333333333,-47.028263318530556,4.5,3.901369102980248
2021-02-14 03:00:00,4,-43.0,-44.58612125113849,4.6,3.8746354676820096
2021-02-14 03:00:00,8,-47.5,-51.16304179563319,3.7,4.42912378475023
2021-02-14 06:00:00,1,-45.43333333333333,-46.30608392176072,4.5,3.0296826449108334
2021-02-14 06:00:00,2,-41.9,-44.46389114023742,4.3,2.8598555883501993
2021-02-14 06:00:00,4,-45.4,-48.2556338725049,4.3,3.3223065904448177
2021-02-14 06:00:00,8,-45.8,-51.50979064231883,3.2,3.2197948765663753
2021-02-14 09:00:00,1,-41.9,-40.84009250541592,4.3,4.33388715351985
2021-02-14 09:00:00,2,-43.0,-41.856253237762445,4.6,3.861593489779321
2021-02-14 09:00:00,4,-47.75,-49.323974367278026,3.8,3.8657546217472065
2021-02-14 09:00:00,8,-44.1,-47.80205796520155,2.4,3.573986034891832
2021-02-14 12:00:00,1,-43.0,-42.61362298362141,4.6,3.9839328384573576
2021-02-14 12:00:00,2,-45.4,-45.61779653129655,4.3,4.047186251329855
2021-02-14 12:00:00,4,-50.1,-50.88236469095682,3.2,3.748379673251587
2021-02-14 12:00:00,8,-42.400000000000006,-45.21065367052582,2.0,3.5187493247791233
2021-02-14 15:00:00,1,-45.4,-46.23265910690091,4.3,4.974178459122003
2021-02-14 15:00:00,2,-47.75,-50.02192799902021,3.8,4.7479813291193995
2021-02-14 15:00:00,4,-47.5,-52.09400418657224,3.7,3.863565082685703
2021-02-14 15:00:00,8,-40.7,-46.03520220816476,2.0,3.969499444312232
2021-02-14 18:00:00,1,-47.75,-48.268467796384186,3.8,4.744024973227049
2021-02-14 18:00:00,2,-50.1,-50.55984250992507,3.2,4.47569052016449
2021-02-14 18:00:00,4,-45.8,-50.02325155933831,3.2,4.035145652697198
2021-02-14 18:00:00,8,-43.0,-48.46606951581928,1.9,3.821178941097828
2021-02-14 21:00:00,1,-50.1,-51.014376863669995,3.2,4.34282745143336
2021-02-14 21:00:00,2,-47.5,-51.131096943252224,3.7,4.0241421311818755
2021-02-14 21:00:00,4,-44.1,-47.82177591578706,2.4,3.9381456971064677
2021-02-14 21:00:00,8,-45.300000000000004,-49.997155553866605,1.8,4.233605422044479
2021-02-15 00:00:00,1,-47.5,-49.88321732860566,3.7,3.6887926212497497
2021-02-15 00:00:00,2,-45.8,-48.19232200953673,3.2,3.661729420705876
2021-02-15 00:00:00,4,-42.400000000000006,-45.164519271653425,2.0,3.566398972653494
2021-02-15 00:00:00,8,-47.6,-50.70022960601744,2.8,3.8811895551228437
2021-02-15 03:00:00,1,-45.8,-46.76326269426314,3.2,3.811888169770836
2021-02-15 03:00:00,2,-44.1,-45.08950935461625,2.4,3.5983204862558993
2021-02-15 03:00:00,4,-40.7,-45.31300299761771,2.0,3.7954025093168333
2021-02-15 03:00:00,8,-44.9,-49.904532810010615,2.5,3.5197191785043924
2021-02-15 06:00:00,1,-44.1,-43.96136475594337,2.4,3.6537673144576988
2021-02-15 06:00:00,2,-42.400000000000006,-42.80537855802596,2.0,3.633872063029857
2021-02-15 06:00:00,4,-43.0,-46.792496661670306,1.9,4.159829248881772
2021-02-15 06:00:00,8,-45.7,-49.19525758596656,3.3,3.526981334346099
2021-02-15 09:00:00,1,-42.400000000000006,-42.05506972186619,2.0,2.701411212964598
2021-02-15 09:00:00,2,-40.7,-42.82851528580766,2.0,2.914887699010406
2021-02-15 09:00:00,4,-45.300000000000004,-49.049331998766256,1.8,3.41054351099487
2021-02-15 09:00:00,8,-42.8,-48.987246788733074,2.1,2.6241834658668566
2021-02-15 12:00:00,1,-40.7,-42.354669884411166,2.0,2.3411622945777095
2021-02-15 12:00:00,2,-43.0,-43.8306521868904,1.9,2.734378481540422
2021-02-15 12:00:00,4,-47.6,-48.95380725704894,2.8,2.9074322076000545
2021-02-15 12:00:00,8,-42.9,-50.09439076493349,0.8000000000000003,1.961515075321756
2021-02-15 15:00:00,1,-43.0,-45.030810859485214,1.9,2.272693983409827
2021-02-15 15:00:00,2,-45.300000000000004,-47.158239175321555,1.8,2.772265228063633
2021-02-15 15:00:00,4,-44.9,-50.40869491167656,2.5,2.46181504660603
2021-02-15 15:00:00,8,-43.0,-50.599689456910724,0.8000000000000003,1.7815808624601703
2021-02-15 18:00:00,1,-45.300000000000004,-45.54653826291281,1.8,2.7579752651496445
2021-02-15 18:00:00,2,-47.6,-48.70260026397912,2.8,2.6740345098733718
2021-02-15 18:00:00,4,-45.7,-51.25763024631436,3.3,2.664493400393892
2021-02-15 18:00:00,8,-43.1,-51.791898121585035,1.3000000000000003,3.395466955746476
2021-02-15 21:00:00,1,-47.6,-47.56742105389317,2.8,2.708140323831533
2021-02-15 21:00:00,2,-44.9,-49.38213536867074,2.5,2.674667526816148
2021-02-15 21:00:00,4,-42.8,-50.523716410175545,2.1,2.60418605967695
2021-02-15 21:00:00,8,-43.2,-54.33206452875297,2.6,3.6280607754092937
2021-02-16 00:00:00,1,-44.9,-47.26624011217675,2.5,2.8714779969658255
2021-02-16 00:00:00,2,-45.7,-48.0980386910247,3.3,2.7256209651363337
2021-02-16 00:00:00,4,-42.9,-47.89684995741232,0.8000000000000003,2.6412974244294514
2021-02-16 00:00:00,8,-43.5,-54.34640952333294,3.0,3.5785288658920607
2021-02-16 03:00:00,1,-45.7,-45.35582885594533,3.3,2.7767772333462024
2021-02-16 03:00:00,2,-42.8,-45.1272059663981,2.1,2.8121395902013875
2021-02-16 03:00:00,4,-43.0,-46.49323117183505,0.8000000000000003,2.973178737866576
2021-02-16 03:00:00,8,-43.8,-51.590645353447194,2.5,3.221226042988297
2021-02-16 06:00:00,1,-42.8,-43.72317289275175,2.1,3.117676905411478
2021-02-16 06:00:00,2,-42.9,-44.334298229722464,0.8000000000000003,3.0812102347168526
2021-02-16 06:00:00,4,-43.1,-47.705692038578746,1.3000000000000003,3.37167495370045
2021-02-16 06:00:00,8,-41.9,-49.56736356435896,2.1,3.044307138510382
2021-02-16 09:00:00,1,-42.9,-43.26648334042133,0.8000000000000003,2.553722686949845
2021-02-16 09:00:00,2,-43.0,-44.650628425248605,0.8000000000000003,2.889507409360169
2021-02-16 09:00:00,4,-43.2,-49.550454486881854,2.6,3.519710553968468
2021-02-16 09:00:00,8,-42.9,-46.381866936359856,2.1,3.1382888797687065
2021-02-16 12:00:00,1,-43.0,-44.92783253502931,0.8000000000000003,1.569549406077956
2021-02-16 12:00:00,2,-43.1,-47.72355650036822,1.3000000000000003,1.9379666530979023
2021-02-16 12:00:00,4,-43.5,-52.129645389155684,3.0,2.759851494949376
2021-02-16 12:00:00,8,-53.29175178959221,-46.057101835747126,1.5999999999999999,3.0011825393627882
2021-02-16 15:00:00,1,-43.1,-47.81281936798392,1.3000000000000003,2.081457602815223
2021-02-16 15:00:00,2,-43.2,-50.24245569969751,2.6,2.426410460183908
2021-02-16 15:00:00,4,-43.8,-51.528386952988605,2.5,2.4187766128374397
2021-02-16 15:00:00,8,-53.29175178959221,-48.69931946272246,1.9,3.181983791350594
2021-02-16 18:00:00,1,-43.2,-47.70268142519322,2.6,2.483029005572755
2021-02-16 18:00:00,2,-43.5,-49.41253834893371,3.0,2.734271841219874
2021-02-16 18:00:00,4,-41.9,-49.76924794167691,2.1,2.372528305420337
2021-02-16 18:00:00,8,-53.29175178959221,-51.85284822734024,3.0,3.002465102498026
2021-02-16 21:00:00,1,-43.5,-48.34914589470745,3.0,2.994777561750161
2021-02-16 21:00:00,2,-43.8,-49.23545325543124,2.5,2.933275316241472
2021-02-16 21:00:00,4,-42.9,-48.608251740127514,2.1,2.4054981866840146
2021-02-16 21:00:00,8,-53.29175178959221,-53.60249603408312,3.3,2.7917161026107284
2021-02-17 00:00:00,1,-43.8,-46.85672680314987,2.5,3.109571387927223
2021-02-17 00:00:00,2,-41.9,-46.994781997789026,2.1,2.8759334828785046
2021-02-17 00:00:00,4,-53.29175178959221,-46.36892025407568,1.5999999999999999,2.5585973226424406
2021-02-17 00:00:00,8,-53.29175178959221,-52.07496530816953,2.9,2.857071742782279
2021-02-17 03:00:00,1,-41.9,-44.51688687003487,2.1,2.661912597996296
2021-02-17 03:00:00,2,-42.9,-44.36260022909943,2.1,2.933198375250196
2021-02-17 03:00:00,4,-53.29175178959221,-46.19728250830594,1.9,2.813491362904661
2021-02-17 03:00:00,8,-52.0,-51.49995652431022,3.3,2.011724217524673
2021-02-17 06:00:00,1,-42.9,-41.793823988506674,2.1,2.1830763373094717
2021-02-17 06:00:00,2,-53.29175178959221,-42.42819052590261,1.5999999999999999,2.523236778672705
2021-02-17 06:00:00,4,-53.29175178959221,-47.6349179468601,3.0,3.0004699154207226
2021-02-17 06:00:00,8,-49.233333333333334,-50.72795790648134,1.8,1.9836450746419931
2021-02-17 09:00:00,1,-53.29175178959221,-43.32555649606702,1.5999999999999999,2.001532388809206
2021-02-17 09:00:00,2,-53.29175178959221,-45.53957462084722,1.9,2.2467866772954395
2021-02-17 09:00:00,4,-53.29175178959221,-50.598128491516505,3.3,3.096166166432666
2021-02-17 09:00:00,8,-46.46666666666667,-48.410467733942035,1.6999999999999997,2.6063581097258828
2021-02-17 12:00:00,1,-53.29175178959221,-50.93027872727381,1.9,2.1913532257888484
2021-02-17 12:00:00,2,-53.29175178959221,-53.28315986339657,3.0,2.255271194478924
2021-02-17 12:00:00,4,-53.29175178959221,-56.974638983843455,2.9,2.290874131897266
2021-02-17 12:00:00,8,-43.7,-50.384313878685624,2.0,3.136164391302738
2021-02-17 15:00:00,1,-53.29175178959221,-53.46991232395985,3.0,2.9040650394787337
2021-02-17 15:00:00,2,-53.29175178959221,-55.80489157727299,3.3,2.8481688223011226
2021-02-17 15:00:00,4,-52.0,-57.54418637020073,3.3,2.4041982411765277
2021-02-17 15:00:00,8,-44.0,-51.077579030362486,3.0,3.892056150466582
2021-02-17 18:00:00,1,-53.29175178959221,-55.675210045136296,3.3,3.5308721964190837
2021-02-17 18:00:00,2,-53.29175178959221,-55.98047982996933,2.9,3.337776128604473
2021-02-17 18:00:00,4,-49.233333333333334,-54.830702189080284,1.8,3.208968511283564
2021-02-17 18:00:00,8,-47.1,-52.97976117460251,3.3,4.375353175761952
2021-02-17 21:00:00,1,-53.29175178959221,-53.88116708387888,2.9,3.8252157837721135
2021-02-17 21:00:00,2,-52.0,-53.06477060965675,3.3,3.6901860436632177
2021-02-17 21:00:00,4,-46.46666666666667,-51.200073925377275,1.6999999999999997,3.8220219861519245
2021-02-17 21:00:00,8,-49.45,-52.26460170903808,3.7,4.463592922280499
2021-02-18 00:00:00,1,-52.0,-52.09171740649351,3.3,3.471345876079799
2021-02-18 00:00:00,2,-49.233333333333334,-50.66819144875831,1.8,3.4608262083588857
2021-02-18 00:00:00,4,-43.7,-50.360067939630255,2.0,3.8340000135765
2021-02-18 00:00:00,8,-51.8,-52.75794044483654,3.2,4.393045338142562
2021-02-18 03:00:00,1,-49.233333333333334,-50.26918088265848,1.8,3.6415868437146024
2021-02-18 03:00:00,2,-46.46666666666667,-48.389748647231315,1.6999999999999997,3.53665294825036
2021-02-18 03:00:00,4,-44.0,-48.33555904729391,3.0,3.9588818007968145
2021-02-18 03:00:00,8,-51.5,-51.78256439151378,3.6,3.883752122025626
2021-02-18 06:00:00,1,-46.46666666666667,-48.4184350338863,1.6999999999999997,2.2210421043102087
2021-02-18 06:00:00,2,-43.7,-48.12204362249901,2.0,2.5871196626973196
2021-02-18 06:00:00,4,-47.1,-52.93237256363226,3.3,3.7469338437855897
2021-02-18 06:00:00,8,-47.8,-53.5348928672202,2.8,4.1551612821304005
2021-02-18 09:00:00,1,-43.7,-45.949570665537216,2.0,1.9170413694789024
2021-02-18 09:00:00,2,-44.0,-47.61596877083061,3.0,2.407228532525236
2021-02-18 09:00:00,4,-49.45,-54.54702113565255,3.7,3.5244970114460097
2021-02-18 09:00:00,8,-45.349999999999994,-51.83373261558213,2.6,3.781325893694143
2021-02-18 12:00:00,1,-44.0,-46.44707155542801,3.0,2.3752768530421555
2021-02-18 12:00:00,2,-47.1,-49.37291583800635,3.3,2.8754994567738716
2021-02-18 12:00:00,4,-51.8,-54.816065571724735,3.2,3.5839117993400404
2021-02-18 12:00:00,8,-42.9,-48.12496849626675,2.2,4.620715917454184
2021-02-18 15:00:00,1,-47.1,-47.17558811865288,3.3,3.9812199620227626
2021-02-18 15:00:00,2,-49.45,-50.11286711218848,3.7,4.012903201158942
2021-02-18 15:00:00,4,-51.5,-53.01987299576451,3.6,3.74890708961694
2021-02-18 15:00:00,8,-43.3,-48.510426438750045,2.0,4.564296682824442
2021-02-18 18:00:00,1,-49.45,-50.01456429878008,3.7,4.112419201812615
2021-02-18 18:00:00,2,-51.8,-52.04712996827734,3.2,4.087265736124184
2021-02-18 18:00:00,4,-47.8,-52.99074260037462,2.8,3.578030878922669
2021-02-18 18:00:00,8,-45.4,-51.28657853507911,1.8,3.9854403060286323
2021-02-18 21:00:00,1,-51.8,-51.98183524155416,3.2,4.097594917572518
2021-02-18 21:00:00,2,-51.5,-52.1258605524254,3.6,3.80831974470456
2021-02-18 21:00:00,4,-45.349999999999994,-50.524204729721326,2.6,3.8241831322280815
2021-02-18 21:00:00,8,-47.5,-50.78928550972385,3.1,4.854887503987088
2021-02-19 00:00:00,1,-51.5,-51.52630218337487,3.6,3.5061137264779654
2021-02-19 00:00:00,2,-47.8,-50.67372507648456,2.8,3.3207260742539675
2021-02-19 00:00:00,4,-42.9,-49.16464530016607,2.2,3.4951330259912408
2021-02-19 00:00:00,8,-47.8,-52.036359784389155,2.2,4.098419993732602
2021-02-19 03:00:00,1,-47.8,-50.687544465592524,2.8,3.572059634153793
2021-02-19 03:00:00,2,-45.349999999999994,-49.419231803128156,2.6,3.284826783384821
2021-02-19 03:00:00,4,-43.3,-49.60472244130189,2.0,3.5793690816451527
2021-02-19 03:00:00,8,-53.29175178959221,-51.688955551990745,0.20000000000000018,3.1987699375678225
2021-02-19 06:00:00,1,-45.349999999999994,-48.470342086688284,2.6,2.907859195443531
2021-02-19 06:00:00,2,-42.9,-48.25359413420303,2.2,2.9707036693468045
2021-02-19 06:00:00,4,-45.4,-51.15349515751947,1.8,3.82588775109197
2021-02-19 06:00:00,8,-53.29175178959221,-48.93240009189305,1.1,2.766897487528821
2021-02-19 09:00:00,1,-42.9,-43.215943798497825,2.2,2.8965777159326986
2021-02-19 09:00:00,2,-43.3,-44.080487346075806,2.0,2.898720386573321
2021-02-19 09:00:00,4,-47.5,-50.30402719252503,3.1,3.3018913674790014
2021-02-19 09:00:00,8,-53.29175178959221,-50.76402330402248,1.3000000000000003,2.974839287617998
2021-02-19 12:00:00,1,-43.3,-45.47406306835745,2.0,2.38067221341999
2021-02-19 12:00:00,2,-45.4,-48.083308048289986,1.8,2.87369115685833
2021-02-19 12:00:00,4,-47.8,-52.64689593167554,2.2,3.019297690574853
2021-02-19 12:00:00,8,-53.29175178959221,-48.230485866210415,1.6999999999999997,3.2071760207955435
2021-02-19 15:00:00,1,-45.4,-46.47872604591012,1.8,2.7337067008411267
2021-02-19 15:00:00,2,-47.5,-49.37285711717569,3.1,3.199013397419635
2021-02-19 15:00:00,4,-53.29175178959221,-51.993680097699816,0.20000000000000018,2.9639123338528295
2021-02-19 15:00:00,8,-53.29175178959221,-49.71096247373823,1.3000000000000003,3.32032022785404
2021-02-19 18:00:00,1,-47.5,-47.71081660186809,3.1,2.9458431979390816
2021-02-19 18:00:00,2,-47.8,-49.6423729410204,2.2,3.042043644386579
2021-02-19 18:00:00,4,-53.29175178959221,-50.26462119214508,1.1,3.1088261853672297
2021-02-19 18:00:00,8,-53.29175178959221,-50.039637913347384,1.3000000000000003,3.50043807534761
2021-02-19 21:00:00,1,-47.8,-47.36522397914568,2.2,3.5173627206811506
2021-02-19 21:00:00,2,-53.29175178959221,-48.69632974386563,0.20000000000000018,3.3246398006781797
2021-02-19 21:00:00,4,-53.29175178959221,-47.4783797403318,1.3000000000000003,2.979396828317442
2021-02-19 21:00:00,8,-53.29175178959221,-50.21506153156758,0.0,3.555038942549048
2021-02-20 00:00:00,1,-53.29175178959221,-47.74886842063787,0.20000000000000018,2.808983889835714
2021-02-20 00:00:00,2,-53.29175178959221,-48.34937285251921,1.1,2.9192802671339613
2021-02-20 00:00:00,4,-53.29175178959221,-47.60844493924552,1.6999999999999997,3.2078329251701225
2021-02-20 00:00:00,8,-53.29175178959221,-50.96520177049575,0.0,3.3647554632012557
2021-02-20 03:00:00,1,-53.29175178959221,-52.86308135301307,1.1,1.269349865472603
2021-02-20 03:00:00,2,-53.29175178959221,-52.80929653953796,1.3000000000000003,1.6123386214174247
2021-02-20 03:00:00,4,-53.29175178959221,-51.15285481226486,1.3000000000000003,3.1959054452574875
2021-02-20 03:00:00,8,-53.29175178959221,-49.06602708744942,1.3000000000000003,3.3159245138410283
2021-02-20 06:00:00,1,-53.29175178959221,-53.253662958159474,1.3000000000000003,1.6822876334361239
2021-02-20 06:00:00,2,-53.29175178959221,-53.769929116202135,1.6999999999999997,1.8484831605207972
2021-02-20 06:00:00,4,-53.29175178959221,-53.78701345554499,1.3000000000000003,3.5104725296100274
2021-02-20 06:00:00,8,-53.29175178959221,-46.814037840010286,1.9,3.469356207639084
2021-02-20 09:00:00,1,-53.29175178959221,-52.42281688161994,1.6999999999999997,2.106598378305508
2021-02-20 09:00:00,2,-53.29175178959221,-52.85408801462815,1.3000000000000003,2.362818384313429
2021-02-20 09:00:00,4,-53.29175178959221,-53.79146254915648,0.0,3.604454510809073
2021-02-20 09:00:00,8,-53.29175178959221,-45.19134424400148,1.4,4.027990807010553
2021-02-20 12:00:00,1,-53.29175178959221,-51.185625448842664,1.3000000000000003,2.37583554168151
2021-02-20 12:00:00,2,-53.29175178959221,-52.63996975566141,1.3000000000000003,2.3364867563635787
2021-02-20 12:00:00,4,-53.29175178959221,-53.695831713668426,0.0,3.3126859539462887
2021-02-20 12:00:00,8,-53.29175178959221,-43.814209633804126,1.6999999999999997,4.266813804385063
2021-02-20 15:00:00,1,-53.29175178959221,-52.75337327912537,1.3000000000000003,2.4383430854920096
2021-02-20 15:00:00,2,-53.29175178959221,-53.81360228369366,0.0,2.895928063099917
2021-02-20 15:00:00,4,-53.29175178959221,-53.131136180975886,1.3000000000000003,3.5298475962192533
2021-02-20 15:00:00,8,-45.5,-45.64093397957924,2.4,3.515519269449948
2021-02-20 18:00:00,1,-53.29175178959221,-53.54472590447733,0.0,2.6418367045304656
2021-02-20 18:00:00,2,-53.29175178959221,-53.209730635468205,0.0,3.220344607418803
2021-02-20 18:00:00,4,-53.29175178959221,-50.74568313145455,1.9,3.520004254741299
2021-02-20 18:00:00,8,-48.7,-49.05423536825176,3.0,3.1571776798462707
2021-02-20 21:00:00,1,-53.29175178959221,-54.06622668233551,0.0,2.0604705744506253
2021-02-20 21:00:00,2,-53.29175178959221,-53.92828856910718,1.3000000000000003,3.214083540918756
2021-02-20 21:00:00,4,-53.29175178959221,-54.100376267745,1.4,3.1271044429495736
2021-02-20 21:00:00,8,-49.150000000000006,-55.744408401190434,3.7,2.6412317339919937
2021-02-21 00:00:00,1,-53.29175178959221,-53.40620994945525,1.3000000000000003,1.7564244108427651
2021-02-21 00:00:00,2,-53.29175178959221,-53.387246003155475,1.9,2.4617046738742623
2021-02-21 00:00:00,4,-53.29175178959221,-54.28848286488713,1.6999999999999997,2.636022887534799
2021-02-21 00:00:00,8,-49.6,-55.95888929731156,3.2,2.8599978465378113
2021-02-21 03:00:00,1,-53.29175178959221,-52.99194853890615,1.9,2.002705219054599
2021-02-21 03:00:00,2,-53.29175178959221,-52.675400797112424,1.4,2.1446329283129986
2021-02-21 03:00:00,4,-45.5,-53.19542216128216,2.4,2.582355719657454
2021-02-21 03:00:00,8,-48.1,-53.07759989531091,3.2,3.4389412151751086
2021-02-21 06:00:00,1,-53.29175178959221,-52.62114522630315,1.4,2.1392553768686957
2021-02-21 06:00:00,2,-53.29175178959221,-52.98799897763709,1.6999999999999997,2.4476400952777535
2021-02-21 06:00:00,4,-48.7,-55.44443465888229,3.0,3.498732443400676
2021-02-21 06:00:00,8,-46.1,-51.54953978129513,3.5,4.2429098966526615
2021-02-21 09:00:00,1,-53.29175178959221,-54.43866174955496,1.6999999999999997,2.200865115820498
2021-02-21 09:00:00,2,-45.5,-56.02823139331314,2.4,2.979357424719
2021-02-21 09:00:00,4,-49.150000000000006,-59.26420776165361,3.7,4.094419808668505
2021-02-21 09:00:00,8,-44.8,-51.202484361438366,2.7,4.6682842187590365
2021-02-21 12:00:00,1,-45.5,-54.975695628125145,2.4,3.0282683809797186
2021-02-21 12:00:00,2,-48.7,-56.8948290892128,3.0,3.6587798294197436
2021-02-21 12:00:00,4,-49.6,-58.722219538152906,3.2,4.146971198871951
2021-02-21 12:00:00,8,-43.6,-49.139982911538645,2.2,4.001496472591626
2021-02-21 15:00:00,1,-48.7,-49.03258791601579,3.0,3.668320745613642
2021-02-21 15:00:00,2,-49.150000000000006,-51.319021794019704,3.7,4.167290712150074
2021-02-21 15:00:00,4,-48.1,-53.16875218670952,3.2,3.7494905721308216
2021-02-21 15:00:00,8,-44.5,-48.37046551899309,2.6,3.1779798205551177
2021-02-21 18:00:00,1,-49.150000000000006,-49.37516019858931,3.7,3.8340354981431624
2021-02-21 18:00:00,2,-49.6,-51.62667445575098,3.2,3.99495390230541
2021-02-21 18:00:00,4,-46.1,-51.47823269896935,3.5,3.3112224488471607
2021-02-21 18:00:00,8,-48.2,-49.581476377494994,3.4,2.800427230475379
2021-02-21 21:00:00,1,-49.6,-49.51714572612736,3.2,4.194504095590381
2021-02-21 21:00:00,2,-48.1,-49.51664677919198,3.2,3.760544481197603
2021-02-21 21:00:00,4,-44.8,-47.86674922731453,2.7,3.1148199045836615
2021-02-21 21:00:00,8,-49.3,-48.61736679814839,3.0,2.67436850735733
2021-02-22 00:00:00,1,-48.1,-49.4816837481651,3.2,3.591519339852434
2021-02-22 00:00:00,2,-46.1,-49.49455982135229,3.5,3.382098165251427
2021-02-22 00:00:00,4,-43.6,-49.542621920622665,2.2,2.4463567856602726
2021-02-22 00:00:00,8,-47.6,-50.32450725303241,2.2,1.9549910337912362
2021-02-22 03:00:00,1,-46.1,-46.96113460156937,3.5,3.330031188704073
2021-02-22 03:00:00,2,-44.8,-46.651195610072484,2.7,3.033316840394808
2021-02-22 03:00:00,4,-44.5,-48.56335408120396,2.6,2.3891717668886714
2021-02-22 03:00:00,8,-45.733333333333334,-49.681328628281776,2.1,2.107243872165788
2021-02-22 06:00:00,1,-44.8,-43.64883088013203,2.7,3.3381491831058323
2021-02-22 06:00:00,2,-43.6,-43.2893145757834,2.2,2.969694638633774
2021-02-22 06:00:00,4,-48.2,-46.38684775970175,3.4,2.8489588671159063
2021-02-22 06:00:00,8,-43.86666666666667,-46.04687864720407,2.1,2.5982060970618686
2021-02-22 09:00:00,1,-43.6,-44.2799868651178,2.2,2.5376185055825244
2021-02-22 09:00:00,2,-44.5,-45.101043134459594,2.6,2.4159412599946943
2021-02-22 09:00:00,4,-49.3,-48.43207087536713,3.0,2.654770682448518
2021-02-22 09:00:00,8,-42.0,-43.10192379637455,2.7,2.961349233748445
2021-02-22 12:00:00,1,-44.5,-45.64618282928931,2.6,2.345822369945361
2021-02-22 12:00:00,2,-48.2,-47.399926909315276,3.4,2.5735536275993756
2021-02-22 12:00:00,4,-47.6,-49.74797046669916,2.2,2.565455468297239
2021-02-22 12:00:00,8,-40.9,-42.839156364924754,2.4,2.4660551723913615
2021-02-22 15:00:00,1,-48.2,-46.94316890939084,3.4,2.845567491641821
2021-02-22 15:00:00,2,-49.3,-48.89961045210165,3.0,2.6912729710102066
2021-02-22 15:00:00,4,-45.733333333333334,-48.72566782366581,2.1,2.3293181807356635
2021-02-22 15:00:00,8,-43.5,-44.2042989566493,3.2,2.4007039577931133
2021-02-22 18:00:00,1,-49.3,-48.89042262348081,3.0,3.219000166237567
2021-02-22 18:00:00,2,-47.6,-50.27423609772757,2.2,2.6110284225643072
2021-02-22 18:00:00,4,-43.86666666666667,-48.99168939783565,2.1,2.353514336266529
2021-02-22 18:00:00,8,-44.475,-48.0197450907269,3.0,2.5980582935775884
2021-02-22 21:00:00,1,-47.6,-48.77822008510409,2.2,3.0294575271941557
2021-02-22 21:00:00,2,-45.733333333333334,-49.034470585101914,2.1,2.572167196791924
2021-02-22 21:00:00,4,-42.0,-47.95496520699218,2.7,2.335169855045124
2021-02-22 21:00:00,8,-45.45,-50.62062127153865,4.0,3.1737106352824367
2021-02-23 00:00:00,1,-45.733333333333334,-49.01673401223812,2.1,2.192505154531414
2021-02-23 00:00:00,2,-43.86666666666667,-49.90790025151129,2.1,1.9855446586719248
2021-02-23 00:00:00,4,-40.9,-50.760716024354444,2.4,2.407230665331647
2021-02-23 00:00:00,8,-46.425,-52.7628854232542,3.8,2.5265092501893784
2021-02-23 03:00:00,1,-43.86666666666667,-45.78840900415792,2.1,2.157413344169461
2021-02-23 03:00:00,2,-42.0,-46.616005621233846,2.7,1.905996098278085
2021-02-23 03:00:00,4,-43.5,-49.58007554344574,3.2,2.8407703834622646
2021-02-23 03:00:00,8,-47.4,-51.645478450831035,2.8,2.7638981751932326
2021-02-23 06:00:00,1,-42.0,-43.0426380929369,2.7,2.375408660478354
2021-02-23 06:00:00,2,-40.9,-44.15973813193844,2.4,2.2229967147455434
2021-02-23 06:00:00,4,-44.475,-50.33389952380907,3.0,3.023437254537907
2021-02-23 06:00:00,8,-46.25,-51.0694805992381,3.2,3.1794753177504105
2021-02-23 09:00:00,1,-40.9,-43.59335878843294,2.4,2.5844757292299594
2021-02-23 09:00:00,2,-43.5,-46.12400899865398,3.2,2.5808198857609135
2021-02-23 09:00:00,4,-45.45,-51.8673622244336,4.0,3.1827158504910797
2021-02-23 09:00:00,8,-45.1,-47.89966423427814,2.9,3.1491525425036295
2021-02-23 12:00:00,1,-43.5,-44.40158725815386,3.2,2.530876811157765
2021-02-23 12:00:00,2,-44.475,-47.89022603156338,3.0,2.7891799825074424
2021-02-23 12:00:00,4,-46.425,-53.11960402225977,3.8,3.0734627621088393
2021-02-23 12:00:00,8,-43.7,-47.466749773606324,3.0,3.7334766884549255
2021-02-23 15:00:00,1,-44.475,-46.96325287447913,3.0,3.6407038085403
2021-02-23 15:00:00,2,-45.45,-50.03151786719331,4.0,3.4198679273429953
2021-02-23 15:00:00,4,-47.4,-52.721185978161365,2.8,3.003330222098476
2021-02-23 15:00:00,8,-44.6,-48.90354258625301,3.1,3.421449896508213
2021-02-23 18:00:00,1,-45.45,-47.89073434501162,4.0,3.452646922432891
2021-02-23 18:00:00,2,-46.425,-50.46079722024677,3.8,3.1431625023782566
2021-02-23 18:00:00,4,-46.25,-52.29210440262958,3.2,2.825464724815212
2021-02-23 18:00:00,8,-47.7,-51.675338713723505,3.3,4.0324936145654755
2021-02-23 21:00:00,1,-46.425,-49.120360787584765,3.8,3.7968640415700317
2021-02-23 21:00:00,2,-47.4,-50.04873333771629,2.8,3.211055009135337
2021-02-23 21:00:00,4,-45.1,-49.80865574330933,2.9,2.888073257009272
2021-02-23 21:00:00,8,-49.75,-52.417073047729936,3.7,3.702020486561194
2021-02-24 00:00:00,1,-47.4,-48.63348008228236,2.8,3.8713179672899845
2021-02-24 00:00:00,2,-46.25,-47.85767055459363,3.2,3.3858359084866536
2021-02-24 00:00:00,4,-43.7,-47.144685831204036,3.0,3.202551536634875
2021-02-24 00:00:00,8,-51.8,-51.358191830325524,3.8,3.5588270666707142
2021-02-24 03:00:00,1,-46.25,-47.14767086680442,3.2,2.716446111837778
2021-02-24 03:00:00,2,-45.1,-46.57950035783849,2.9,2.563991296696107
2021-02-24 03:00:00,4,-44.6,-48.143014524305634,3.1,2.624936026608968
2021-02-24 03:00:00,8,-49.8,-50.61030838062238,3.4,3.057397824379481
2021-02-24 06:00:00,1,-45.1,-45.92972158377158,2.9,3.1971965396183686
2021-02-24 06:00:00,2,-43.7,-45.35643551777867,3.0,2.9761358206352275
2021-02-24 06:00:00,4,-47.7,-48.19961059754868,3.3,3.084260627765984
2021-02-24 06:00:00,8,-47.699999999999996,-48.7130738266161,2.6,3.1330198348505625
2021-02-24 09:00:00,1,-43.7,-44.53749103683773,3.0,2.701397563003568
2021-02-24 09:00:00,2,-44.6,-45.91045971031255,3.1,2.8857124002728076
2021-02-24 09:00:00,4,-49.75,-50.18009039490457,3.7,3.144307632800387
2021-02-24 09:00:00,8,-45.599999999999994,-46.568014131060465,2.7,3.133722327962176
2021-02-24 12:00:00,1,-44.6,-45.301456969257536,3.1,2.8506643657624395
2021-02-24 12:00:00,2,-47.7,-47.74153840381901,3.3,2.9003990118590757
2021-02-24 12:00:00,4,-51.8,-51.40460389226683,3.8,2.836328600830776
2021-02-24 12:00:00,8,-43.5,-46.875738662765464,2.3,3.097097669632658
2021-02-24 15:00:00,1,-47.7,-47.3740911848261,3.3,3.218863933228066
2021-02-24 15:00:00,2,-49.75,-49.74256490802383,3.7,2.9804369446839125
2021-02-24 15:00:00,4,-49.8,-50.41164914585964,3.4,2.5354702363250743
2021-02-24 15:00:00,8,-41.4,-46.632099812091596,3.3,3.4720343459892606
2021-02-24 18:00:00,1,-49.75,-49.38799664422206,3.7,3.437448837209192
2021-02-24 18:00:00,2,-51.8,-50.88468200226499,3.8,2.926294800818844
2021-02-24 18:00:00,4,-47.699999999999996,-49.61254996405414,2.6,2.5290919721127443
2021-02-24 18:00:00,8,-42.75,-48.75224710517637,3.4,3.3854162255051348
2021-02-24 21:00:00,1,-51.8,-52.248868173957,3.8,3.7142824171791498
2021-02-24 21:00:00,2,-49.8,-52.06583039134013,3.4,2.8830752917859623
2021-02-24 21:00:00,4,-45.599999999999994,-49.3728563966747,2.7,2.6335658945493603
2021-02-24 21:00:00,8,-44.099999999999994,-50.280626040880094,4.1,4.496005714509632
2021-02-25 00:00:00,1,-49.8,-50.84048593118017,3.4,3.037401804513741
2021-02-25 00:00:00,2,-47.699999999999996,-49.89052050676265,2.6,2.3249222534420104
2021-02-25 00:00:00,4,-43.5,-47.60132026520873,2.3,2.5146730277310527
2021-02-25 00:00:00,8,-45.449999999999996,-50.079342921638066,3.7,4.638579450829914
2021-02-25 03:00:00,1,-47.699999999999996,-49.737571295789365,2.6,3.464404617625173
2021-02-25 03:00:00,2,-45.599999999999994,-47.23624421497297,2.7,3.283259037372356
2021-02-25 03:00:00,4,-41.4,-46.377566265952254,3.3,2.909346934555504
2021-02-25 03:00:00,8,-46.8,-50.39975547577193,3.7,4.106133074837238
2021-02-25 06:00:00,1,-45.599999999999994,-45.36431635760417,2.7,2.2698608700138134
2021-02-25 06:00:00,2,-43.5,-44.657878106207114,2.3,2.0905191507731957
2021-02-25 06:00:00,4,-42.75,-48.56496079841103,3.4,3.0327876911242457
2021-02-25 06:00:00,8,-46.15,-50.5483872646896,3.1,3.9575857476610277
2021-02-25 09:00:00,1,-43.5,-43.611272604540204,2.3,2.3103968820204117
2021-02-25 09:00:00,2,-41.4,-44.498522020308044,3.3,2.274011524570205
2021-02-25 09:00:00,4,-44.099999999999994,-49.58271617957304,4.1,3.315282032569803
2021-02-25 09:00:00,8,-45.5,-50.06150007487829,2.5,3.6528039524619436
2021-02-25 12:00:00,1,-41.4,-43.41348715735275,3.3,2.3598150729658203
2021-02-25 12:00:00,2,-42.75,-45.683696433819776,3.4,2.597460681221234
2021-02-25 12:00:00,4,-45.449999999999996,-51.07369084677149,3.7,3.473167346074929
2021-02-25 12:00:00,8,-44.5,-49.397919023601915,2.6,3.9283995449506532
2021-02-25 15:00:00,1,-42.75,-45.007939276067724,3.4,3.268226671206789
2021-02-25 15:00:00,2,-44.099999999999994,-48.12833719864416,4.1,3.340063776760881
2021-02-25 15:00:00,4,-46.8,-51.244693741106666,3.7,3.557374648832413
2021-02-25 15:00:00,8,-46.8,-48.83086997442647,2.8,3.2126721562762954
2021-02-25 18:00:00,1,-44.099999999999994,-46.14277084442614,4.1,3.803628983584671
2021-02-25 18:00:00,2,-45.449999999999996,-48.458668169402436,3.7,3.7165515632399426
2021-02-25 18:00:00,4,-46.15,-49.66274582700556,3.1,3.3960727927375527
2021-02-25 18:00:00,8,-48.666666666666664,-50.127465903242076,3.2,3.739564997635684
2021-02-25 21:00:00,1,-45.449999999999996,-47.64170758793667,3.7,4.0174667137163365
2021-02-25 21:00:00,2,-46.8,-48.429974217487064,3.7,3.5647128558852206
2021-02-25 21:00:00,4,-45.5,-47.772672692586546,2.5,3.295763788000201
2021-02-25 21:00:00,8,-50.53333333333333,-50.9864131395077,3.4,4.039220112744557
2021-02-26 00:00:00,1,-46.8,-47.899727638365235,3.7,3.854962754608093
2021-02-26 00:00:00,2,-46.15,-47.055760878552505,3.1,3.4782811960015745
2021-02-26 00:00:00,4,-44.5,-45.460205672822276,2.6,3.344259193591822
2021-02-26 00:00:00,8,-52.4,-50.14661429779522,3.2,3.934257564359187
2021-02-26 03:00:00,1,-46.15,-46.85740551508218,3.1,3.446136037651919
2021-02-26 03:00:00,2,-45.5,-45.78858768840337,2.5,3.033234780668146
2021-02-26 03:00:00,4,-46.8,-45.65761429799212,2.8,3.126939896934967
2021-02-26 03:00:00,8,-52.0,-49.04586674925623,3.4,3.5775737418610674
2021-02-26 06:00:00,1,-45.5,-45.70212684913667,2.5,3.2024516679746813
2021-02-26 06:00:00,2,-44.5,-44.9243028006807,2.6,3.0374184404037465
2021-02-26 06:00:00,4,-48.666666666666664,-48.038114983960654,3.2,3.6337647628723255
2021-02-26 06:00:00,8,-53.2,-48.923264859844465,2.8,3.8018517559925287
2021-02-26 09:00:00,1,-44.5,-45.35383595020778,2.6,2.558302355515803
2021-02-26 09:00:00,2,-46.8,-46.047756937910535,2.8,2.8763567383107618
2021-02-26 09:00:00,4,-50.53333333333333,-49.91619573965637,3.4,3.3797957474106233
2021-02-26 09:00:00,8,-50.4,-48.1115088172779,2.6,2.7179925031260526
2021-02-26 12:00:00,1,-46.8,-44.70930674635193,2.8,3.028986816819254
2021-02-26 12:00:00,2,-48.666666666666664,-47.42386663545002,3.2,2.9584224368308294
2021-02-26 12:00:00,4,-52.4,-51.928919937679694,3.2,3.3161662674477115
2021-02-26 12:00:00,8,-48.3,-47.097430332791646,3.1,2.645215923008008
2021-02-26 15:00:00,1,-48.666666666666664,-48.3052846764576,3.2,3.3871344676699735
2021-02-26 15:00:00,2,-50.53333333333333,-50.87704469177402,3.4,3.217989455939488
2021-02-26 15:00:00,4,-52.0,-51.72293392835255,3.4,2.979638048722523
2021-02-26 15:00:00,8,-49.4,-47.28709933632997,3.0,3.4986219240384675
2021-02-26 18:00:00,1,-50.53333333333333,-51.92615321387919,3.4,3.412223469284632
2021-02-26 18:00:00,2,-52.4,-53.154292767566126,3.2,2.9135420048054037
2021-02-26 18:00:00,4,-53.2,-51.04310954251356,2.8,3.0248997198939103
2021-02-26 18:00:00,8,-52.1,-50.63569361186774,3.7,3.895900507362277
2021-02-26 21:00:00,1,-52.4,-53.124202079450875,3.2,3.446499907755671
2021-02-26 21:00:00,2,-52.0,-52.72144099048041,3.4,3.0955409875534503
2021-02-26 21:00:00,4,-50.4,-48.69462864102892,2.6,3.505452623140765
2021-02-26 21:00:00,8,-53.13333333333333,-52.63134202649746,3.2,4.054609164122279
2021-02-27 00:00:00,1,-52.0,-50.114100609882875,3.4,3.1610168380263395
2021-02-27 00:00:00,2,-53.2,-48.44813912818925,2.8,3.1068673093190733
2021-02-27 00:00:00,4,-48.3,-44.891217395233014,3.1,3.3140445516300776
2021-02-27 00:00:00,8,-54.16666666666667,-52.122693905544295,0.0,3.5168004729210987
2021-02-27 03:00:00,1,-53.2,-48.540773940436814,2.8,3.273716408268309
2021-02-27 03:00:00,2,-50.4,-46.50722258055431,2.6,3.2986925844238266
2021-02-27 03:00:00,4,-49.4,-46.21546651228435,3.0,3.3226100887970986
2021-02-27 03:00:00,8,-55.2,-53.40088184463632,3.5,2.841084225925639
2021-02-27 06:00:00,1,-50.4,-49.84103830004155,2.6,3.091648029331665
2021-02-27 06:00:00,2,-48.3,-48.87544628990861,3.1,3.218351766428552
2021-02-27 06:00:00,4,-52.1,-51.11805713621513,3.7,3.15813984213842
2021-02-27 06:00:00,8,-53.25,-53.84654250819192,3.3,2.4593334197065446
2021-02-27 09:00:00,1,-48.3,-48.077345542349605,3.1,3.3590607101234817
2021-02-27 09:00:00,2,-49.4,-48.46907148319292,3.0,3.537947255150898
2021-02-27 09:00:00,4,-53.13333333333333,-52.896017614755884,3.2,3.3621886040255715
2021-02-27 09:00:00,8,-51.3,-51.269122237100305,2.9,2.3554396206137125
2021-02-27 12:00:00,1,-49.4,-47.79345518338436,3.0,3.3018763045337236
2021-02-27 12:00:00,2,-52.1,-50.03319879600231,3.7,3.246664638233794
2021-02-27 12:00:00,4,-54.16666666666667,-53.57242430415016,0.0,2.641675037804514
2021-02-27 12:00:00,8,-51.3,-47.799706249971116,2.4,2.5589336662134503
2021-02-27 15:00:00,1,-52.1,-50.53404263036013,3.7,3.304222951447475
2021-02-27 15:00:00,2,-53.13333333333333,-52.493269674928484,3.2,3.2191507690302616
2021-02-27 15:00:00,4,-55.2,-52.75393788171343,3.5,2.315926609202137
2021-02-27 15:00:00,8,-53.3,-48.61179660499691,2.6,2.0237601773033864
2021-02-27 18:00:00,1,-53.13333333333333,-52.07172521521879,3.2,3.6497481740766244
2021-02-27 18:00:00,2,-54.16666666666667,-53.242839006884935,0.0,3.2550942356521957
2021-02-27 18:00:00,4,-53.25,-51.90227274895085,3.3,2.137881209698107
2021-02-27 18:00:00,8,-55.93333333333333,-52.00582067447044,3.3,1.6725886962822323
2021-02-27 21:00:00,1,-54.16666666666667,-53.33340188344264,0.0,3.275032936345641
2021-02-27 21:00:00,2,-55.2,-52.156519760852845,3.5,2.7206779729982666
2021-02-27 21:00:00,4,-51.3,-49.408421406278485,2.9,2.1800815571875067
2021-02-27 21:00:00,8,-58.56666666666667,-54.12876544774172,2.8,1.4020987224204258
2021-02-28 00:00:00,1,-55.2,-55.88697681402916,3.5,1.5307948206261215
2021-02-28 00:00:00,2,-53.25,-54.381091198723325,3.3,2.320408595234472
2021-02-28 00:00:00,4,-51.3,-53.06094371368119,2.4,2.561339471845026
2021-02-28 00:00:00,8,-61.2,-56.9122360328738,2.8499999999999996,0.5495532954467532
2021-02-28 03:00:00,1,-53.25,-55.46960193857826,3.3,3.5114826000661834
2021-02-28 03:00:00,2,-51.3,-54.37520020250618,2.9,3.413063288469032
2021-02-28 03:00:00,4,-53.3,-54.374586876038684,2.6,3.0820758875189056
2021-02-28 03:00:00,8,-58.6,-58.688656440549046,2.9,3.0227860554204775
2021-02-28 06:00:00,1,-51.3,-53.1999079103815,2.9,3.1606322930304414
2021-02-28 06:00:00,2,-51.3,-54.19060874956761,2.4,2.950837963952775
2021-02-28 06:00:00,4,-55.93333333333333,-58.772794384624916,3.3,3.155844515878933
2021-02-28 06:00:00,8,-56.2,-57.52862967308131,2.8,3.4354204583321177
2021-02-28 09:00:00,1,-51.3,-49.869701810790104,2.4,3.2735516756331413
2021-02-28 09:00:00,2,-53.3,-50.79585864025301,2.6,3.3546511595288786
2021-02-28 09:00:00,4,-58.56666666666667,-57.730237017768715,2.8,3.0759293527231275
2021-02-28 09:00:00,8,-53.8,-54.88202221370091,3.0,3.053183825472684
2021-02-28 12:00:00,1,-53.3,-52.06703916684431,2.6,2.780214784079085
2021-02-28 12:00:00,2,-55.93333333333333,-54.327613093513264,3.3,2.6342365555252902
2021-02-28 12:00:00,4,-61.2,-59.72807062183762,2.8499999999999996,2.242409305417562
2021-02-28 12:00:00,8,-51.4,-54.426775104351904,3.4,3.296741306498509
2021-02-28 15:00:00,1,-55.93333333333333,-55.95234354582,3.3,2.7781992820207178
2021-02-28 15:00:00,2,-58.56666666666667,-58.54507248156531,2.8,2.3988605732121107
2021-02-28 15:00:00,4,-58.6,-61.32395005301322,2.9,1.8624362999823325
2021-02-28 15:00:00,8,-52.9,-57.36071907893137,3.1,3.208027783695845
2021-02-28 18:00:00,1,-58.56666666666667,-59.4333064619356,2.8,2.944337649893577
2021-02-28 18:00:00,2,-61.2,-61.0191550783324,2.8499999999999996,2.213051651731826
2021-02-28 18:00:00,4,-56.2,-60.40944264380251,2.8,2.201114227609299
2021-02-28 18:00:00,8,-55.3,-57.73572759556083,3.1,3.861204039328678
2021-02-28 21:00:00,1,-61.2,-60.68109745496043,2.8499999999999996,2.476460814949528
2021-02-28 21:00:00,2,-58.6,-60.30392671486083,2.9,2.1864528897790008
2021-02-28 21:00:00,4,-53.8,-58.31358920308892,3.0,2.7646888065297794
2021-02-28 21:00:00,8,-57.4,-58.55759298751408,2.9,3.1230570162234734
2021-03-01 00:00:00,1,-58.6,-59.96078595700643,2.9,3.062966795199168
2021-03-01 00:00:00,2,-56.2,-56.55089578026971,2.8,3.039411121433517
2021-03-01 00:00:00,4,-51.4,-55.017947067038726,3.4,3.1237895285853217
2021-03-01 00:00:00,8,-58.5,-61.45444647176928,0.8000000000000003,2.2775203110372138
2021-03-01 03:00:00,1,-56.2,-57.64177138449813,2.8,2.9082696540373223
2021-03-01 03:00:00,2,-53.8,-55.13781843782472,3.0,2.962603910439859
2021-03-01 03:00:00,4,-52.9,-57.015567763065164,3.1,2.806339636447392
2021-03-01 03:00:00,8,-56.3,-61.092448762012076,3.6,1.8955082360327753
2021-03-01 06:00:00,1,-53.8,-53.383017743097334,3.0,3.137969785269545
2021-03-01 06:00:00,2,-51.4,-51.17667745698878,3.4,2.9835747294757335
2021-03-01 06:00:00,4,-55.3,-55.61262048441031,3.1,2.681469579662338
2021-03-01 06:00:00,8,-54.14,-58.88495333269176,3.5,2.514336044318119
2021-03-01 09:00:00,1,-51.4,-50.97239146974687,3.4,3.1846959479630255
2021-03-01 09:00:00,2,-52.9,-51.08763614342741,3.1,2.6607278240350016
2021-03-01 09:00:00,4,-57.4,-57.46456920958482,2.9,1.8230828224902973
2021-03-01 09:00:00,8,-51.98,-56.99080522480017,2.6,2.9910144914388037
2021-03-01 12:00:00,1,-52.9,-52.681098654033015,3.1,3.2666744680210447
2021-03-01 12:00:00,2,-55.3,-55.500043285518935,3.1,2.7265245285723414
2021-03-01 12:00:00,4,-58.5,-61.630214849713056,0.8000000000000003,0.8023094105626165
2021-03-01 12:00:00,8,-49.82,-56.28146479541655,2.9,2.702067744098055
2021-03-01 15:00:00,1,-55.3,-55.24269780414198,3.1,2.17576262420529
2021-03-01 15:00:00,2,-57.4,-57.87919087062878,2.9,1.1470713817575198
2021-03-01 15:00:00,4,-56.3,-61.16668053798036,3.6,0.33905106126120543
2021-03-01 15:00:00,8,-47.66,-57.937701315001505,2.3,2.867912264567643
2021-03-01 18:00:00,1,-57.4,-57.01596223735703,2.9,1.6444904647821743
2021-03-01 18:00:00,2,-58.5,-58.36751221766013,0.8000000000000003,0.4845600724045869
2021-03-01 18:00:00,4,-54.14,-59.0269813697882,3.5,0.8057001461947784
2021-03-01 18:00:00,8,-45.5,-58.72451145180119,1.5,3.1542576812490903
2021-03-01 21:00:00,1,-58.5,-57.46468376924219,0.8000000000000003,1.4539248518038206
2021-03-01 21:00:00,2,-56.3,-57.28540619122801,3.6,0.5767521224833048
2021-03-01 21:00:00,4,-51.98,-56.44677870399956,2.6,1.5773247651297924
2021-03-01 21:00:00,8,-47.0,-58.31260103598152,0.0,3.672946682748678
2021-03-02 00:00:00,1,-56.3,-57.42628827150031,3.6,0.12623814461001093
2021-03-02 00:00:00,2,-54.14,-56.472018213919746,3.5,0.9456235506284676
2021-03-02 00:00:00,4,-49.82,-56.365172960652046,2.9,3.0997268867357826
2021-03-02 00:00:00,8,-46.9,-60.798044132103925,1.5999999999999999,3.1491239895578023
2021-03-02 03:00:00,1,-54.14,-54.61019700405892,3.5,4.229318961039869
2021-03-02 03:00:00,2,-51.98,-53.33518926627288,2.6,4.227584456226147
2021-03-02 03:00:00,4,-47.66,-54.35600371451197,2.3,3.967790106614159
2021-03-02 03:00:00,8,-46.5,-56.27099807753896,2.9,4.1077288939140875
2021-03-02 06:00:00,1,-51.98,-51.24458278395425,2.6,3.3345757192844103
2021-03-02 06:00:00,2,-49.82,-51.07749473174669,2.9,3.116508554059548
2021-03-02 06:00:00,4,-45.5,-54.702375198804255,1.5,3.5619025301927043
2021-03-02 06:00:00,8,-47.766666666666666,-52.94057717859001,2.4,3.795041771772498
2021-03-02 09:00:00,1,-49.82,-48.73694834741127,2.9,2.9882774076514442
2021-03-02 09:00:00,2,-47.66,-48.398206968600064,2.3,3.069964959594847
2021-03-02 09:00:00,4,-47.0,-54.44807203285637,0.0,3.470392298333454
2021-03-02 09:00:00,8,-49.03333333333333,-52.63047733524718,2.8,3.0693022966429577
2021-03-02 12:00:00,1,-47.66,-47.26064830399558,2.3,3.3205326820326526
2021-03-02 12:00:00,2,-45.5,-48.86222221474339,1.5,3.4230141367201394
2021-03-02 12:00:00,4,-46.9,-55.05339337410445,1.5999999999999999,3.4276669072258334
2021-03-02 12:00:00,8,-50.3,-51.57075763481598,2.8,3.200713350769499
2021-03-02 15:00:00,1,-45.5,-46.56310463731655,1.5,2.992021122744622
2021-03-02 15:00:00,2,-47.0,-48.590717988292326,0.0,3.2384268067718183
2021-03-02 15:00:00,4,-46.5,-53.49502367476649,2.9,3.3548309817694038
2021-03-02 15:00:00,8,-50.8,-50.537988634155546,3.0,3.52618641073665
2021-03-02 18:00:00,1,-47.0,-47.93253060742495,0.0,2.4330046710453486
2021-03-02 18:00:00,2,-46.9,-49.275938566293775,1.5999999999999999,3.0566484628469865
2021-03-02 18:00:00,4,-47.766666666666666,-52.436850439647095,2.4,3.958588166674184
2021-03-02 18:00:00,8,-50.1,-55.586209620006095,2.4,3.8670574198832677
2021-03-02 21:00:00,1,-46.9,-47.17986357152584,1.5999999999999999,1.2631717651419425
2021-03-02 21:00:00,2,-46.5,-47.740282210343445,2.9,2.578760341250159
2021-03-02 21:00:00,4,-49.03333333333333,-50.883540908822525,2.8,4.177101461680062
2021-03-02 21:00:00,8,-49.8,-58.452688043411676,2.1,3.7309154545561505
2021-03-03 00:00:00,1,-46.5,-47.35342721644109,2.9,2.9002865596410574
2021-03-03 00:00:00,2,-47.766666666666666,-47.263350903208,2.4,3.4952378467613197
2021-03-03 00:00:00,4,-50.3,-49.159621967265785,2.8,4.097943844701353
2021-03-03 00:00:00,8,-48.8,-59.41141403936313,1.6999999999999997,3.6816900026600936
2021-03-03 03:00:00,1,-47.766666666666666,-48.65282409285421,2.4,3.9820026486554285
2021-03-03 03:00:00,2,-49.03333333333333,-49.58698226593314,2.8,4.339998656970328
2021-03-03 03:00:00,4,-50.8,-53.603223920207974,3.0,3.99865336166556
2021-03-03 03:00:00,8,-47.1,-59.59934663551625,1.6999999999999997,3.554688669086166
2021-03-03 06:00:00,1,-49.03333333333333,-49.54243819287029,2.8,3.3555854353772046
2021-03-03 06:00:00,2,-50.3,-50.81873886968238,2.8,3.646467997796791
2021-03-03 06:00:00,4,-50.1,-54.769164920049775,2.4,3.7697035917188377
2021-03-03 06:00:00,8,-48.0,-54.69665027806523,3.1,3.7264657405508212
2021-03-03 09:00:00,1,-50.3,-51.277571822394556,2.8,3.429876201406718
2021-03-03 09:00:00,2,-50.8,-52.4726407409041,3.0,3.535594822999757
2021-03-03 09:00:00,4,-49.8,-56.79149952052441,2.1,3.692582618242046
2021-03-03 09:00:00,8,-47.25,-54.03894491235997,2.4,3.5474576555505695
2021-03-03 12:00:00,1,-50.8,-52.14179213521603,3.0,3.5600028928426126
2021-03-03 12:00:00,2,-50.1,-54.25050003408712,2.4,3.625026774976937
2021-03-03 12:00:00,4,-48.8,-57.747914869801846,1.6999999999999997,3.6278200315531457
2021-03-03 12:00:00,8,-46.5,-52.72506155298504,3.0,3.668082231206695
2021-03-03 15:00:00,1,-50.1,-52.574974532193394,2.4,3.721818755282517
2021-03-03 15:00:00,2,-49.8,-54.43647538930168,2.1,3.8673660103108554
2021-03-03 15:00:00,4,-47.1,-55.856138290917904,1.6999999999999997,3.6667454547984986
2021-03-03 15:00:00,8,-50.15,-51.09217358847276,4.6,3.5318415202752598
2021-03-03 18:00:00,1,-49.8,-51.817143305450514,2.1,3.1078105429543252
2021-03-03 18:00:00,2,-48.8,-52.816867563937876,1.6999999999999997,3.6169661064124927
2021-03-03 18:00:00,4,-48.0,-52.80995115971842,3.1,3.6843668479963836
2021-03-03 18:00:00,8,-53.8,-51.56825497462821,4.0,3.4671793321156463
2021-03-03 21:00:00,1,-48.8,-51.31188334040149,1.6999999999999997,2.7430744131593947
2021-03-03 21:00:00,2,-47.1,-52.056402816014966,1.6999999999999997,3.1019734783687793
2021-03-03 21:00:00,4,-47.25,-52.31279115685839,2.4,3.4168491264888265
2021-03-03 21:00:00,8,-57.45,-53.901240061327066,1.9,3.8658520643401078
2021-03-04 00:00:00,1,-47.1,-50.122426359069514,1.6999999999999997,2.0403946809847944
2021-03-04 00:00:00,2,-48.0,-50.982770826879445,3.1,2.235605439685923
2021-03-04 00:00:00,4,-46.5,-52.92090488975472,3.0,2.763922809107279
2021-03-04 00:00:00,8,-61.1,-55.71828447630537,0.0,3.9933587230704846
2021-03-04 03:00:00,1,-48.0,-48.14353796827466,3.1,1.6409314507241868
2021-03-04 03:00:00,2,-47.25,-49.05898455052546,2.4,1.7217321817619076
2021-03-04 03:00:00,4,-50.15,-52.98905788893541,4.6,2.40669479772089
2021-03-04 03:00:00,8,-59.3,-54.36297456158746,3.2,3.585656418321665
2021-03-04 06:00:00,1,-47.25,-47.39675166145361,2.4,2.597945468118448
2021-03-04 06:00:00,2,-46.5,-48.404302406973045,3.0,2.201659479568264
2021-03-04 06:00:00,4,-53.8,-52.66581952991989,4.0,2.615031166996097
2021-03-04 06:00:00,8,-57.5,-53.19353733069306,2.4,3.6711461942366164
2021-03-04 09:00:00,1,-46.5,-48.52578103534185,3.0,2.4409614252824383
2021-03-04 09:00:00,2,-50.15,-49.53225571263315,4.6,2.289026481703442
2021-03-04 09:00:00,4,-57.45,-54.22042956503089,1.9,2.7856716759218756
2021-03-04 09:00:00,8,-55.666666666666664,-51.88576589115125,2.7,3.5020772170546817
2021-03-04 12:00:00,1,-50.15,-48.90961388784284,4.6,3.178797938434286
2021-03-04 12:00:00,2,-53.8,-51.14292018436819,4.0,3.034624837246496
2021-03-04 12:00:00,4,-61.1,-55.771926855741086,0.0,2.823933796373417
2021-03-04 12:00:00,8,-53.833333333333336,-52.8461594866434,2.6,4.019186368865423
2021-03-04 15:00:00,1,-53.8,-54.324017073073605,4.0,4.165431598121791
2021-03-04 15:00:00,2,-57.45,-57.826225041622415,1.9,3.337572099011184
2021-03-04 15:00:00,4,-59.3,-58.88489281060862,3.2,2.923272027612735
2021-03-04 15:00:00,8,-52.0,-53.55048522913861,3.3,4.864569485330012
2021-03-04 18:00:00,1,-57.45,-59.01972664532276,1.9,2.878800774497254
2021-03-04 18:00:00,2,-61.1,-60.80207173263643,0.0,2.155679265917021
2021-03-04 18:00:00,4,-57.5,-59.11134915367978,2.4,3.626851804092765
2021-03-04 18:00:00,8,-50.1,-54.97721120195701,2.0,5.536009895362796
2021-03-04 21:00:00,1,-61.1,-62.095771607723876,0.0,0.895936839355918
2021-03-04 21:00:00,2,-59.3,-61.3054094010449,3.2,1.150324764656815
2021-03-04 21:00:00,4,-55.666666666666664,-57.79789386195536,2.7,3.984918461620028
2021-03-04 21:00:00,8,-51.7,-55.5729977933577,2.8,4.92864922738636
2021-03-05 00:00:00,1,-59.3,-59.93308413495389,3.2,0.9372616698136138
2021-03-05 00:00:00,2,-57.5,-57.246447261712184,2.4,2.666896220096492
2021-03-05 00:00:00,4,-53.833333333333336,-55.279627982996026,2.6,4.942460855142527
2021-03-05 00:00:00,8,-52.900000000000006,-59.587964160880745,3.2,4.7851770463654555
2021-03-05 03:00:00,1,-57.5,-57.60266907528534,2.4,4.2774747438706235
2021-03-05 03:00:00,2,-55.666666666666664,-55.46337446839891,2.7,4.640656590993559
2021-03-05 03:00:00,4,-52.0,-55.41595685726383,3.3,4.753860943192845
2021-03-05 03:00:00,8,-54.1,-59.26255709388617,3.3,4.072409566428244
2021-03-05 06:00:00,1,-55.666666666666664,-56.815272450680034,2.7,2.896847942504969
2021-03-05 06:00:00,2,-53.833333333333336,-55.839408978437724,2.6,3.723233139183993
2021-03-05 06:00:00,4,-50.1,-58.4917662158413,2.0,3.669147941250097
2021-03-05 06:00:00,8,-50.3,-57.02686341733141,3.6,3.6967350590238057
2021-03-05 09:00:00,1,-53.833333333333336,-54.74605286942697,2.6,2.9437446230710065
2021-03-05 09:00:00,2,-52.0,-55.14206254890463,3.3,3.0642480253303988
2021-03-05 09:00:00,4,-51.7,-57.43107239807202,2.8,3.780971807839802
2021-03-05 09:00:00,8,-48.0,-53.32534596187664,3.6,3.8749192908951495
2021-03-05 12:00:00,1,-52.0,-53.4276241394958,3.3,3.125526272845775
2021-03-05 12:00:00,2,-50.1,-55.039839849861686,2.0,3.254521203889728
2021-03-05 12:00:00,4,-52.900000000000006,-57.028114207049555,3.2,3.27144022394636
2021-03-05 12:00:00,8,-45.699999999999996,-52.466786895519235,5.1,3.6499776107262845
2021-03-05 15:00:00,1,-50.1,-53.23009284903246,2.0,3.903587434928299
2021-03-05 15:00:00,2,-51.7,-54.76236699321183,2.8,4.027401379298801
2021-03-05 15:00:00,4,-54.1,-56.18411934769822,3.3,3.6437478098352183
2021-03-05 15:00:00,8,-43.4,-54.00932475642232,4.6,2.9143421271304795
2021-03-05 18:00:00,1,-51.7,-52.685857202819584,2.8,2.962204915680527
2021-03-05 18:00:00,2,-52.900000000000006,-53.148046564361046,3.2,3.652703783875848
2021-03-05 18:00:00,4,-50.3,-54.192483493142845,3.6,3.354021741696921
2021-03-05 18:00:00,8,-45.0,-55.891984295907676,5.6,2.4443008669204165
2021-03-05 21:00:00,1,-52.900000000000006,-51.02591622739601,3.2,3.8223049562425
2021-03-05 21:00:00,2,-54.1,-51.20892167753097,3.3,3.7364527532006346
2021-03-05 21:00:00,4,-48.0,-50.47317146449461,3.6,3.252023101060718
2021-03-05 21:00:00,8,-46.3,-55.68197194692476,5.5,3.176644150540247
2021-03-06 00:00:00,1,-54.1,-53.116689775881625,3.3,3.4940265393552687
2021-03-06 00:00:00,2,-50.3,-53.38484331248002,3.6,3.111373929265455
2021-03-06 00:00:00,4,-45.699999999999996,-52.39246019354555,5.1,2.946111824906543
2021-03-06 00:00:00,8,-46.9,-53.207830088951276,4.8,3.5430644275900307
2021-03-06 03:00:00,1,-50.3,-51.73514732075444,3.6,3.192131231032633
2021-03-06 03:00:00,2,-48.0,-50.9458474927848,3.6,3.0176409265548108
2021-03-06 03:00:00,4,-43.4,-51.697167371958386,4.6,3.2863770670447954
2021-03-06 03:00:00,8,-48.0,-53.657628949941305,5.0,3.139442728037042
2021-03-06 06:00:00,1,-48.0,-48.318948257226545,3.6,3.3183717758972167
2021-03-06 06:00:00,2,-45.699999999999996,-47.3732712546998,5.1,3.2543984875408567
2021-03-06 06:00:00,4,-45.0,-51.55863754729226,5.6,3.331860443442603
2021-03-06 06:00:00,8,-43.7,-53.171254756834664,4.9,3.0745552921928594
2021-03-06 09:00:00,1,-45.699999999999996,-45.24182542534482,5.1,3.6090412976164274
2021-03-06 09:00:00,2,-43.4,-45.62352451416477,4.6,3.4055201120551097
2021-03-06 09:00:00,4,-46.3,-51.325663011892395,5.5,3.1758486404090345
2021-03-06 09:00:00,8,-41.35,-52.67742932261765,4.4,3.270706405240585
2021-03-06 12:00:00,1,-43.4,-44.64401062365808,4.6,4.680426605577657
2021-03-06 12:00:00,2,-45.0,-46.81516542405919,5.6,4.217761123138335
2021-03-06 12:00:00,4,-46.9,-51.405713733978864,4.8,3.490133367852842
2021-03-06 12:00:00,8,-39.0,-49.54643337085825,3.8,3.909727571304844
2021-03-06 15:00:00,1,-45.0,-45.23759104102827,5.6,4.6255265689544505
2021-03-06 15:00:00,2,-46.3,-47.58148379221041,5.5,4.441496514661235
2021-03-06 15:00:00,4,-48.0,-49.29966142163062,5.0,3.579011623290674
2021-03-06 15:00:00,8,-42.8,-47.39924459487801,4.4,4.440431551100077
2021-03-06 18:00:00,1,-46.3,-45.69265874563083,5.5,5.441482635544706
2021-03-06 18:00:00,2,-46.9,-48.32747178393486,4.8,4.829435338760801
2021-03-06 18:00:00,4,-43.7,-47.62364534862552,4.9,4.038669955330847
2021-03-06 18:00:00,8,-45.574999999999996,-48.11331871576406,5.3,5.279558373218964
2021-03-06 21:00:00,1,-46.9,-46.684363512883486,4.8,5.8008336424325755
2021-03-06 21:00:00,2,-48.0,-47.3663436376837,5.0,5.184352561041223
2021-03-06 21:00:00,4,-41.35,-44.64365613717114,4.4,4.534266981838608
2021-03-06 21:00:00,8,-48.349999999999994,-48.33671509113191,4.8,5.5249762479569196
2021-03-07 00:00:00,1,-48.0,-46.07454732621108,5.0,5.039527860834802
2021-03-07 00:00:00,2,-43.7,-45.005380056552255,4.9,4.685035280310804
2021-03-07 00:00:00,4,-39.0,-43.59392654321283,3.8,4.638204290182225
2021-03-07 00:00:00,8,-51.125,-49.49682471621346,4.6,5.40294346354038
2021-03-07 03:00:00,1,-43.7,-46.867485323928285,4.9,5.331215157773328
2021-03-07 03:00:00,2,-41.35,-45.541509886505594,4.4,5.258556948411092
2021-03-07 03:00:00,4,-42.8,-45.627232212257844,4.4,5.3200298678316305
2021-03-07 03:00:00,8,-53.9,-50.97088976555906,3.6,5.207387403481315
2021-03-07 06:00:00,1,-41.35,-42.047839494434406,4.4,4.773942381955344
2021-03-07 06:00:00,2,-39.0,-41.81516378682003,3.8,4.763996572459383
2021-03-07 06:00:00,4,-45.574999999999996,-46.29582542866917,5.3,5.164776810678765
2021-03-07 06:00:00,8,-51.1,-49.52737107617339,3.9,5.045362792613937
2021-03-07 09:00:00,1,-39.0,-38.35467678833112,3.8,4.350340795217608
2021-03-07 09:00:00,2,-42.8,-39.74806950336138,4.4,3.944492209163354
2021-03-07 09:00:00,4,-48.349999999999994,-47.285388506729895,4.8,4.770021643930056
2021-03-07 09:00:00,8,-49.1,-49.85831285164569,3.7,5.207015868604524
2021-03-07 12:00:00,1,-42.8,-42.13521032645112,4.4,4.06092173789715
2021-03-07 12:00:00,2,-45.574999999999996,-45.16628666058119,5.3,4.304567410468069
2021-03-07 12:00:00,4,-51.125,-50.85738095888798,4.6,4.686987544659086
2021-03-07 12:00:00,8,-48.5,-47.69646926565991,3.0,4.449299600196414
2021-03-07 15:00:00,1,-45.574999999999996,-46.54556043821701,5.3,4.345363038335043
2021-03-07 15:00:00,2,-48.349999999999994,-50.78336101021067,4.8,3.9529358831040686
2021-03-07 15:00:00,4,-53.9,-54.125937121106595,3.6,3.448807870893143
2021-03-07 15:00:00,8,-51.9,-52.20795574110149,3.0,4.295720262874559
2021-03-07 18:00:00,1,-48.349999999999994,-49.637453360262626,4.8,4.561495988085875
2021-03-07 18:00:00,2,-51.125,-52.84176699739092,4.6,3.4510608876054527
2021-03-07 18:00:00,4,-51.1,-54.11236702534107,3.9,3.221516051340029
2021-03-07 18:00:00,8,-51.8,-55.28495374618675,3.5,4.731086942976815
2021-03-07 21:00:00,1,-51.125,-51.498416093194216,4.6,4.1991305792570595
2021-03-07 21:00:00,2,-53.9,-51.703291630370956,3.6,3.3999098181112104
2021-03-07 21:00:00,4,-49.1,-50.49120092101073,3.7,3.5949051100446705
2021-03-07 21:00:00,8,-51.7,-56.685517427442385,3.1,4.416879023223882
2021-03-08 00:00:00,1,-53.9,-53.72327019260922,3.6,4.248245591771148
2021-03-08 00:00:00,2,-51.1,-51.66482011977467,3.9,3.7352519032110174
2021-03-08 00:00:00,4,-48.5,-49.16233069073662,3.0,4.338246609823876
2021-03-08 00:00:00,8,-52.9,-57.63089037855146,3.1,4.479411520869391
2021-03-08 03:00:00,1,-51.1,-53.34953263972561,3.9,3.5285846415729565
2021-03-08 03:00:00,2,-49.1,-51.025006234646,3.7,3.432758156069543
2021-03-08 03:00:00,4,-51.9,-50.42466625711556,3.0,4.361082141504862
2021-03-08 03:00:00,8,-48.7,-57.624802145188376,3.1,4.417188386793794
2021-03-08 06:00:00,1,-49.1,-50.319293707870834,3.7,4.175786266606736
2021-03-08 06:00:00,2,-48.5,-48.676548749443526,3.0,4.029211758700593
2021-03-08 06:00:00,4,-51.8,-51.82764829994317,3.5,4.489380471314911
2021-03-08 06:00:00,8,-50.9,-56.753784896217816,3.8,4.002114586549605
2021-03-08 09:00:00,1,-48.5,-48.35531914718732,3.0,4.088806315514989
2021-03-08 09:00:00,2,-51.9,-48.83516956408259,3.0,4.081454585136532
2021-03-08 09:00:00,4,-51.7,-53.303605024637264,3.1,4.358868288450274
2021-03-08 09:00:00,8,-48.5,-55.00971732460896,3.1,4.334479593820658
2021-03-08 12:00:00,1,-51.9,-49.28073133887736,3.0,3.4284484208149735
2021-03-08 12:00:00,2,-51.8,-51.24847375948658,3.5,3.5952206520881536
2021-03-08 12:00:00,4,-52.9,-55.666988048092165,3.1,3.7649587772864703
2021-03-08 12:00:00,8,-47.2,-52.579124437768904,2.6,4.34805885231835
2021-03-08 15:00:00,1,-51.8,-53.20279621872401,3.5,3.5118549080852985
2021-03-08 15:00:00,2,-51.7,-54.74342646319421,3.1,3.267154109522792
2021-03-08 15:00:00,4,-48.7,-55.869759362128455,3.1,3.398951201609719
2021-03-08 15:00:00,8,-48.3,-53.199587557628945,3.2,3.8598779136224963
2021-03-08 18:00:00,1,-51.7,-52.55813471287392,3.1,3.705674730425432
2021-03-08 18:00:00,2,-52.9,-53.2735906195643,3.1,3.5396705094108025
2021-03-08 18:00:00,4,-50.9,-53.93224952329813,3.8,3.285949332719075
2021-03-08 18:00:00,8,-49.6,-55.841451958994064,1.5,2.6849193940320837
2021-03-08 21:00:00,1,-52.9,-52.1670839715206,3.1,3.0152487708842655
2021-03-08 21:00:00,2,-48.7,-52.90499158967671,3.1,2.8925881415804966
2021-03-08 21:00:00,4,-48.5,-53.645142937977425,3.1,2.7636194173953186
2021-03-08 21:00:00,8,-51.5,-55.81956385942753,2.3,1.830151156216897
2021-03-09 00:00:00,1,-48.7,-51.845987121571746,3.1,3.0835390993571523
2021-03-09 00:00:00,2,-50.9,-51.98365081398562,3.8,2.8498724014218855
2021-03-09 00:00:00,4,-47.2,-52.74656418452207,2.6,2.3800776936329315
2021-03-09 00:00:00,8,-49.7,-55.63588149861274,2.4,1.4479935171749099
2021-03-09 03:00:00,1,-50.9,-49.2543055240776,3.8,2.6576497578226883
2021-03-09 03:00:00,2,-48.5,-49.526213951583905,3.1,2.378432340127188
2021-03-09 03:00:00,4,-48.3,-52.85153442402667,3.2,2.2041509173772402
2021-03-09 03:00:00,8,-49.3,-53.132828998051224,1.1,1.5769417130983823
2021-03-09 06:00:00,1,-48.5,-48.4977578698479,3.1,3.3622058797575005
2021-03-09 06:00:00,2,-47.2,-48.191854404394405,2.6,2.9148362450557412
2021-03-09 06:00:00,4,-49.6,-50.05367255212603,1.5,2.4757328881214637
2021-03-09 06:00:00,8,-53.29175178959221,-52.11282493330031,1.5,1.7549075589232823
2021-03-09 09:00:00,1,-47.2,-46.87240058168012,2.6,2.8015274919826383
2021-03-09 09:00:00,2,-48.3,-46.6930559970739,3.2,2.555947417317129
2021-03-09 09:00:00,4,-51.5,-50.3359850139238,2.3,2.5533666149195335
2021-03-09 09:00:00,8,-53.29175178959221,-51.17932899069355,0.6000000000000001,1.94719434667529
2021-03-09 12:00:00,1,-48.3,-47.66670681077679,3.2,2.4719299876503813
2021-03-09 12:00:00,2,-49.6,-49.2157716901457,1.5,2.7688514581222323
2021-03-09 12:00:00,4,-49.7,-52.724559814108325,2.4,2.5880103226545415
2021-03-09 12:00:00,8,-53.29175178959221,-50.9613809537473,0.0,1.9256568409760204
2021-03-09 15:00:00,1,-49.6,-49.13132969465218,1.5,3.404826336789701
2021-03-09 15:00:00,2,-51.5,-50.75603637042625,2.3,3.2012954469592136
2021-03-09 15:00:00,4,-49.3,-51.7645361958744,1.1,2.6228472626503834
2021-03-09 15:00:00,8,-53.29175178959221,-51.30921775692742,0.3999999999999999,2.369773039458324
2021-03-09 18:00:00,1,-51.5,-50.89899673580338,2.3,2.473984733346711
2021-03-09 18:00:00,2,-49.7,-51.816482876230815,2.4,2.8914476233522297
2021-03-09 18:00:00,4,-53.29175178959221,-51.43223771703846,1.5,2.7316316934838927
2021-03-09 18:00:00,8,-53.29175178959221,-53.28392814260817,1.5,3.223007149622099
2021-03-09 21:00:00,1,-49.7,-51.61543175830747,2.4,2.9288624331368522
2021-03-09 21:00:00,2,-49.3,-52.206130171718804,1.1,2.772728900177378
2021-03-09 21:00:00,4,-53.29175178959221,-51.28993760075578,0.6000000000000001,2.772067250308534
2021-03-09 21:00:00,8,-53.29175178959221,-54.6236123722369,3.6,3.451427237096657
2021-03-10 00:00:00,1,-49.3,-50.396668849532,1.1,2.596994449739796
2021-03-10 00:00:00,2,-53.29175178959221,-50.75621397392022,1.5,2.2035121418571544
2021-03-10 00:00:00,4,-53.29175178959221,-51.13444952441999,0.0,2.29363920876877
2021-03-10 00:00:00,8,-53.29175178959221,-53.92216431069461,3.0,3.7109606511743025
2021-03-10 03:00:00,1,-53.29175178959221,-49.73036970827192,1.5,1.518812714209285
2021-03-10 03:00:00,2,-53.29175178959221,-50.01107040935571,0.6000000000000001,1.7967408504293536
2021-03-10 03:00:00,4,-53.29175178959221,-51.699092820790774,0.3999999999999999,2.4442693013855346
2021-03-10 03:00:00,8,-53.29175178959221,-53.9472633229218,0.8000000000000003,3.4026526604758796
2021-03-10 06:00:00,1,-53.29175178959221,-52.58446848367224,0.6000000000000001,1.6002116974452834
2021-03-10 06:00:00,2,-53.29175178959221,-52.80979278459462,0.0,1.5021712789070412
2021-03-10 06:00:00,4,-53.29175178959221,-54.47849338589459,1.5,2.7192555510826297
2021-03-10 06:00:00,8,-57.5,-53.88235771176438,2.6,3.3546487601216666
2021-03-10 09:00:00,1,-53.29175178959221,-52.219202311237815,0.0,1.0678832656471342
2021-03-10 09:00:00,2,-53.29175178959221,-52.83505354929401,0.3999999999999999,1.726366770092948
2021-03-10 09:00:00,4,-53.29175178959221,-55.55540946357254,3.6,3.103513044676539
2021-03-10 09:00:00,8,-57.5,-52.69029963179692,3.2,3.2019851965525215
2021-03-10 12:00:00,1,-53.29175178959221,-53.09318721372239,0.3999999999999999,1.2530744197504817
2021-03-10 12:00:00,2,-53.29175178959221,-53.88364650790973,1.5,2.493427609869766
2021-03-10 12:00:00,4,-53.29175178959221,-56.13282363998601,3.0,3.370278098801664
2021-03-10 12:00:00,8,-57.4,-53.271666836890454,3.1,3.0623749947402836
2021-03-10 15:00:00,1,-53.29175178959221,-53.75277326713604,1.5,2.5667187295344567
2021-03-10 15:00:00,2,-53.29175178959221,-54.81640636869287,3.6,3.6013728388209207
2021-03-10 15:00:00,4,-53.29175178959221,-56.12733738519983,0.8000000000000003,3.639647229574345
2021-03-10 15:00:00,8,-60.7,-54.34247270592513,3.1,2.91168678314882
2021-03-10 18:00:00,1,-53.29175178959221,-53.93150668677774,3.6,3.260319398078434
2021-03-10 18:00:00,2,-53.29175178959221,-54.35494061530164,3.0,3.799656898245038
2021-03-10 18:00:00,4,-57.5,-54.58316921068226,2.6,3.6612561309682214
2021-03-10 18:00:00,8,-63.1,-55.554795056353555,0.3999999999999999,2.980315268078167
2021-03-10 21:00:00,1,-53.29175178959221,-53.31263686479383,3.0,3.874067687955329
2021-03-10 21:00:00,2,-53.29175178959221,-53.11442933912033,0.8000000000000003,3.5976535710212287
2021-03-10 21:00:00,4,-57.5,-52.422042298024685,3.2,3.0988034882001525
2021-03-10 21:00:00,8,-65.5,-53.843408869262404,1.0750000000000002,3.5160944206887863
2021-03-11 00:00:00,1,-53.29175178959221,-54.07833776359686,0.8000000000000003,3.285741863975448
2021-03-11 00:00:00,2,-57.5,-54.28602145338102,2.6,3.16577590227154
2021-03-11 00:00:00,4,-57.4,-53.69574966661823,3.1,3.298108248787381
2021-03-11 00:00:00,8,-65.5,-53.881655943800396,1.75,3.4217761892290115
2021-03-11 03:00:00,1,-57.5,-56.413096723732394,2.6,1.4744219745358182
2021-03-11 03:00:00,2,-57.5,-56.47466317305299,3.2,2.171491466086679
2021-03-11 03:00:00,4,-60.7,-58.014635329931714,3.1,2.2543006609216114
2021-03-11 03:00:00,8,-66.6,-58.38480532216475,2.4250000000000003,3.265938303228218
2021-03-11 06:00:00,1,-57.5,-56.175347248148455,3.2,2.7409359548114343
2021-03-11 06:00:00,2,-57.4,-56.09466446656876,3.1,2.7383905036801
2021-03-11 06:00:00,4,-63.1,-57.446260558935194,0.3999999999999999,3.226257279991618
2021-03-11 06:00:00,8,-61.7,-57.12831139768516,3.1,3.2721230419188325
2021-03-11 09:00:00,1,-57.4,-56.19374379991883,3.1,3.4693366658003435
2021-03-11 09:00:00,2,-60.7,-56.70257961137981,3.1,3.492932509641741
2021-03-11 09:00:00,4,-65.5,-59.27994206226699,1.0750000000000002,4.023343315200726
2021-03-11 09:00:00,8,-59.63333333333333,-58.04372375613895,3.0,4.441313306590533
2021-03-11 12:00:00,1,-60.7,-56.079390926338306,3.1,3.533113149445131
2021-03-11 12:00:00,2,-63.1,-56.408445169342805,0.3999999999999999,3.651461324166157
2021-03-11 12:00:00,4,-65.5,-57.23402978740495,1.75,4.1524728796493715
2021-03-11 12:00:00,8,-57.56666666666667,-55.3861286566654,3.3,4.037849144783585
2021-03-11 15:00:00,1,-63.1,-61.70553025916987,0.3999999999999999,3.3206436679462636
2021-03-11 15:00:00,2,-65.5,-62.29413057369915,1.0750000000000002,3.352951152858854
2021-03-11 15:00:00,4,-66.6,-60.50884007833953,2.4250000000000003,4.311545046602042
2021-03-11 15:00:00,8,-55.5,-57.295270210027695,3.5,4.380058466625517
2021-03-11 18:00:00,1,-65.5,-67.28442562160488,1.0750000000000002,1.323135404105757
2021-03-11 18:00:00,2,-65.5,-67.0412565375763,1.75,2.2939234052230315
2021-03-11 18:00:00,4,-61.7,-64.99670673008582,3.1,3.933548406227539
2021-03-11 18:00:00,8,-57.53333333333333,-63.68526163612269,3.0,3.2074038578403954
2021-03-11 21:00:00,1,-65.5,-65.77856126107824,1.75,2.3064796631257014
2021-03-11 21:00:00,2,-66.6,-62.46400021004013,2.4250000000000003,3.1725484157489383
2021-03-11 21:00:00,4,-59.63333333333333,-58.429527899347804,3.0,3.922536033565611
2021-03-11 21:00:00,8,-59.56666666666667,-62.02112194118156,0.0,3.7901290388253868
2021-03-12 00:00:00,1,-66.6,-65.12685370586186,2.4250000000000003,2.746017366085573
2021-03-12 00:00:00,2,-61.7,-60.84128067599569,3.1,3.336292815065803
2021-03-12 00:00:00,4,-57.56666666666667,-57.46629084669975,3.3,3.89244261498825
2021-03-12 00:00:00,8,-61.6,-61.31913350389698,0.0,3.203540892208764
2021-03-12 03:00:00,1,-61.7,-64.16009196237212,3.1,3.3589302890114507
2021-03-12 03:00:00,2,-59.63333333333333,-61.18915080234658,3.0,3.581924683601999
2021-03-12 03:00:00,4,-55.5,-59.599737867553664,3.5,2.907688677570974
2021-03-12 03:00:00,8,-62.7,-62.68593973240678,2.1,2.6665665948656767
2021-03-12 06:00:00,1,-59.63333333333333,-59.896439454617024,3.0,3.206681769569881
2021-03-12 06:00:00,2,-57.56666666666667,-57.821303299361674,3.3,3.4859915444479967
2021-03-12 06:00:00,4,-57.53333333333333,-60.00105403682057,3.0,2.9443257061776755
2021-03-12 06:00:00,8,-59.66666666666667,-59.62982238637918,4.2,2.3344792523292517
2021-03-12 09:00:00,1,-57.56666666666667,-57.00076903298692,3.3,3.3107447535312633
2021-03-12 09:00:00,2,-55.5,-57.27553100466299,3.5,3.399302848066728
2021-03-12 09:00:00,4,-59.56666666666667,-61.70539624598578,0.0,2.91664198560359
2021-03-12 09:00:00,8,-56.63333333333333,-57.483199203675866,4.1,2.6705051418244965
2021-03-12 12:00:00,1,-55.5,-56.503868320420565,3.5,3.5479597548373225
2021-03-12 12:00:00,2,-57.53333333333333,-57.544408644756054,3.0,3.3029371091223805
2021-03-12 12:00:00,4,-61.6,-59.93469013165996,0.0,2.453476413381056
2021-03-12 12:00:00,8,-53.6,-55.00191285788837,3.8,2.9371806980606014
2021-03-12 15:00:00,1,-57.53333333333333,-57.424633280726944,3.0,3.6354772197997742
2021-03-12 15:00:00,2,-59.56666666666667,-59.71473126651404,0.0,3.2303153174296124
2021-03-12 15:00:00,4,-62.7,-61.70037435408747,2.1,2.248813483227785
2021-03-12 15:00:00,8,-54.5,-55.159275317548904,3.5,2.7953040161955847
2021-03-12 18:00:00,1,-59.56666666666667,-60.628354621010374,0.0,2.2346899325340135
2021-03-12 18:00:00,2,-61.6,-61.515626372308894,0.0,1.130733871368839
2021-03-12 18:00:00,4,-59.66666666666667,-59.0798964034748,4.2,1.06712036079393
2021-03-12 18:00:00,8,-57.03333333333333,-57.324735098002066,4.0,3.584934616647012
2021-03-12 21:00:00,1,-61.6,-62.8616973028357,0.0,-0.02975019755303654
2021-03-12 21:00:00,2,-62.7,-62.35361729691293,2.1,0.49764398661333065
2021-03-12 21:00:00,4,-56.63333333333333,-59.87665521794045,4.1,2.0463893599641114
2021-03-12 21:00:00,8,-59.56666666666667,-60.746228582927635,3.4,1.7264776760263183
2021-03-13 00:00:00,1,-62.7,-61.70603533036366,2.1,1.1797229416643598
2021-03-13 00:00:00,2,-59.66666666666667,-60.54034902762172,4.2,2.215741973738625
2021-03-13 00:00:00,4,-53.6,-59.59304585436119,3.8,2.7043901036788016
2021-03-13 00:00:00,8,-62.1,-64.74205574228515,3.6,1.3382169047990162
2021-03-13 03:00:00,1,-59.66666666666667,-61.15810297369781,4.2,2.8350385728731
2021-03-13 03:00:00,2,-56.63333333333333,-59.66459016163785,4.1,2.9922327504607504
2021-03-13 03:00:00,4,-54.5,-60.96699512968302,3.5,2.568623645580416
2021-03-13 03:00:00,8,-61.3,-67.38440954394753,3.7,2.5379964388785488
2021-03-13 06:00:00,1,-56.63333333333333,-56.74152268987387,4.1,3.6335919788929565
2021-03-13 06:00:00,2,-53.6,-57.10807288513458,3.8,3.019776878855238
2021-03-13 06:00:00,4,-57.03333333333333,-59.94078701103493,4.0,2.8975021808715344
2021-03-13 06:00:00,8,-58.449999999999996,-59.391987891678454,3.4,3.891825754054037
2021-03-13 09:00:00,1,-53.6,-53.665344975165404,3.8,3.7185085997425693
2021-03-13 09:00:00,2,-54.5,-54.82690514886449,3.5,3.4384538422501216
2021-03-13 09:00:00,4,-59.56666666666667,-61.285244739845766,3.4,3.9498602429590477
2021-03-13 09:00:00,8,-55.599999999999994,-60.75976679652437,3.2,4.723449149938486
2021-03-13 12:00:00,1,-54.5,-57.40678430970875,3.5,3.6347212998875658
2021-03-13 12:00:00,2,-57.03333333333333,-59.968610597754726,4.0,3.116902376763334
2021-03-13 12:00:00,4,-62.1,-66.04319118758644,3.6,3.2006061505872676
2021-03-13 12:00:00,8,-52.75,-61.98168604001054,3.4,4.797794195891159
2021-03-13 15:00:00,1,-57.03333333333333,-58.789738406400026,4.0,2.784830390433068
2021-03-13 15:00:00,2,-59.56666666666667,-62.234082580214384,3.4,2.3478885261559896
2021-03-13 15:00:00,4,-61.3,-65.87100586106453,3.7,3.734037589880931
2021-03-13 15:00:00,8,-49.9,-62.55649812709966,2.8,4.73633087409947
2021-03-13 18:00:00,1,-59.56666666666667,-61.020829522632496,3.4,2.971298242454023
2021-03-13 18:00:00,2,-62.1,-63.6829920580051,3.6,2.7389456731888764
2021-03-13 18:00:00,4,-58.449999999999996,-64.314068067381,3.4,4.508623610517579
2021-03-13 18:00:00,8,-51.85,-63.006071291154655,4.0,4.55533249747913
2021-03-13 21:00:00,1,-62.1,-62.404921290386525,3.6,3.0743896797750474
2021-03-13 21:00:00,2,-61.3,-63.4830443873475,3.7,3.11105998016176
2021-03-13 21:00:00,4,-55.599999999999994,-62.75586219195558,3.2,4.64134314137725
2021-03-13 21:00:00,8,-53.8,-63.52685228852411,3.6,4.009976830802609
2021-03-14 00:00:00,1,-61.3,-62.97759565103917,3.7,3.154991286674224
2021-03-14 00:00:00,2,-58.449999999999996,-61.9109811163869,3.4,3.7063912467391975
2021-03-14 00:00:00,4,-52.75,-60.69846296981452,3.4,5.2648857315146875
2021-03-14 00:00:00,8,-55.75,-64.77219285768292,2.3,2.7507754439078087
2021-03-14 03:00:00,1,-58.449999999999996,-60.86985718624974,3.4,2.9247283078301463
2021-03-14 03:00:00,2,-55.599999999999994,-58.71042781895524,3.2,3.0660419288026666
2021-03-14 03:00:00,4,-49.9,-59.2255485605495,2.8,4.024809193046987
2021-03-14 03:00:00,8,-57.7,-62.79835517882596,3.2,2.6142909765311697
2021-03-14 06:00:00,1,-55.599999999999994,-56.70362794031984,3.2,2.3518936166748317
2021-03-14 06:00:00,2,-52.75,-54.4080826068,3.4,1.8591154137601298
2021-03-14 06:00:00,4,-51.85,-57.41503728829543,4.0,2.9176081469077597
2021-03-14 06:00:00,8,-55.8,-62.239772376530155,3.9,3.2375228167745282
2021-03-14 09:00:00,1,-52.75,-52.880109042965614,3.4,2.604327358101677
2021-03-14 09:00:00,2,-49.9,-53.019551156978665,2.8,2.1880555871565255
2021-03-14 09:00:00,4,-53.8,-58.65473309245033,3.6,2.955134875708798
2021-03-14 09:00:00,8,-54.8,-61.06434201840332,3.7,3.4874238239282644
2021-03-14 12:00:00,1,-49.9,-51.19029294431666,2.8,3.0400073474657043
2021-03-14 12:00:00,2,-51.85,-53.44220617890138,4.0,2.657449060739416
2021-03-14 12:00:00,4,-55.75,-60.07068181146458,2.3,2.7786416260703533
2021-03-14 12:00:00,8,-54.6,-60.235226945491576,4.5,3.4207420580505317
2021-03-14 15:00:00,1,-51.85,-53.436949223555175,4.0,2.089055725654308
2021-03-14 15:00:00,2,-53.8,-56.07231524636882,3.6,1.7808983644086596
2021-03-14 15:00:00,4,-57.7,-62.52363031295087,3.2,1.7420964306545017
2021-03-14 15:00:00,8,-56.9,-61.98075947573776,4.1,1.8296575181730779
2021-03-14 18:00:00,1,-53.8,-55.06934346476425,3.6,3.021605387111524
2021-03-14 18:00:00,2,-55.75,-57.86080044311682,2.3,2.06288789723682
2021-03-14 18:00:00,4,-55.8,-61.229186880842036,3.9,1.5599487912996102
2021-03-14 18:00:00,8,-58.733333333333334,-61.8457937893425,1.5,1.7759579316382859
2021-03-14 21:00:00,1,-55.75,-57.910110450101385,2.3,2.647135342137562
2021-03-14 21:00:00,2,-57.7,-58.96334816337861,3.2,1.8055772806706485
2021-03-14 21:00:00,4,-54.8,-59.63263306074006,3.7,1.9032674923962092
2021-03-14 21:00:00,8,-60.56666666666666,-61.55487854572754,0.0,1.7575565044857087
2021-03-15 00:00:00,1,-57.7,-58.585131976342936,3.2,1.7375851185340154
2021-03-15 00:00:00,2,-55.8,-58.0622971909023,3.9,1.4129062923467401
2021-03-15 00:00:00,4,-54.6,-58.219063435993846,4.5,2.388505798086846
2021-03-15 00:00:00,8,-62.4,-61.28970103846715,0.6666666666666665,1.6690335212757843
2021-03-15 03:00:00,1,-55.8,-57.97333152994486,3.9,3.060722976214506
2021-03-15 03:00:00,2,-54.8,-57.15295000977993,3.7,2.827432771930936
2021-03-15 03:00:00,4,-56.9,-59.05304044958419,4.1,2.813996411462779
2021-03-15 03:00:00,8,-62.6,-60.17135957626033,1.3333333333333335,1.7924439919934907
2021-03-15 06:00:00,1,-54.8,-55.78975961548701,3.7,3.863817926885724
2021-03-15 06:00:00,2,-54.6,-55.27574736466543,4.5,3.5044920537884034
2021-03-15 06:00:00,4,-58.733333333333334,-59.22237979719674,1.5,3.3551434912287714
2021-03-15 06:00:00,8,-60.4,-57.61442548993451,2.0,1.9364612116927185
2021-03-15 09:00:00,1,-54.6,-55.69916742354528,4.5,3.4437865780997132
2021-03-15 09:00:00,2,-56.9,-56.483173370493,4.1,3.084315654171387
2021-03-15 09:00:00,4,-60.56666666666666,-61.19333619259583,0.0,3.0660592578547554
2021-03-15 09:00:00,8,-58.5,-56.09584500744041,3.8,3.070945730622932
2021-03-15 12:00:00,1,-56.9,-57.84636916854334,4.1,4.0239028569626445
2021-03-15 12:00:00,2,-58.733333333333334,-60.823255182235016,1.5,3.273103493025956
2021-03-15 12:00:00,4,-62.4,-65.53721504455365,0.6666666666666665,2.7285537339119
2021-03-15 12:00:00,8,-57.2,-58.13239869494705,3.3,4.430703234537875
2021-03-15 15:00:00,1,-58.733333333333334,-62.28830388219533,1.5,2.9820433211524957
2021-03-15 15:00:00,2,-60.56666666666666,-64.97086524158873,0.0,2.227702325530069
2021-03-15 15:00:00,4,-62.6,-66.12955620022153,1.3333333333333335,3.080543679393264
2021-03-15 15:00:00,8,-58.5,-60.00198708560225,3.5,4.285548589179676
2021-03-15 18:00:00,1,-60.56666666666666,-61.80384478071936,0.0,0.29422352283477116
2021-03-15 18:00:00,2,-62.4,-61.0211371765551,0.6666666666666665,0.5702956909160126
2021-03-15 18:00:00,4,-60.4,-59.113543799694455,2.0,3.380914724294139
2021-03-15 18:00:00,8,-60.13333333333333,-60.06781205602255,0.3999999999999999,2.615090672294963
2021-03-15 21:00:00,1,-62.4,-61.9868722061345,0.6666666666666665,0.4323146332807952
2021-03-15 21:00:00,2,-62.6,-61.10246516677108,1.3333333333333335,1.7177252783576158
2021-03-15 21:00:00,4,-58.5,-60.293581761650515,3.8,4.087710639541513
2021-03-15 21:00:00,8,-61.766666666666666,-64.97250942484725,0.3500000000000001,2.7463500838856847
2021-03-16 00:00:00,1,-62.6,-61.278412228960306,1.3333333333333335,1.8041680288345994
2021-03-16 00:00:00,2,-60.4,-58.41932992833939,2.0,2.917478312317492
2021-03-16 00:00:00,4,-57.2,-58.67242715575573,3.3,3.913190635734418
2021-03-16 00:00:00,8,-63.4,-65.28692308774076,0.30000000000000027,2.7390901708232196
2021-03-16 03:00:00,1,-60.4,-59.94251693391123,2.0,2.647187275973669
2021-03-16 03:00:00,2,-58.5,-57.47374803194329,3.8,3.459381525276334
2021-03-16 03:00:00,4,-58.5,-59.730392076026476,3.5,3.0789133621727176
2021-03-16 03:00:00,8,-64.4,-65.80922146019455,0.25,2.9191521921089825
2021-03-16 06:00:00,1,-58.5,-59.54068200393173,3.8,3.041285538347799
2021-03-16 06:00:00,2,-57.2,-58.37125594080268,3.3,3.5622407999545045
2021-03-16 06:00:00,4,-60.13333333333333,-62.09907510476172,0.3999999999999999,2.613451397287491
2021-03-16 06:00:00,8,-62.4,-64.87784279980869,0.20000000000000018,3.54071792730672
2021-03-16 09:00:00,1,-57.2,-59.571490626251915,3.3,3.558313603524803
2021-03-16 09:00:00,2,-58.5,-60.55172789975228,3.5,3.265555944358891
2021-03-16 09:00:00,4,-61.766666666666666,-65.97514707411783,0.3500000000000001,1.8087117596125324
2021-03-16 09:00:00,8,-60.099999999999994,-62.93975133655442,3.3,3.2136908379383358
2021-03-16 12:00:00,1,-58.5,-62.40292550264502,3.5,2.7205931406232704
2021-03-16 12:00:00,2,-60.13333333333333,-64.2470031147574,0.3999999999999999,1.961291130648604
2021-03-16 12:00:00,4,-63.4,-67.98022927839375,0.30000000000000027,1.2095570643023072
2021-03-16 12:00:00,8,-57.8,-59.374826278604445,3.2,3.0426942036620854
2021-03-16 15:00:00,1,-60.13333333333333,-63.49684774530844,0.3999999999999999,2.5160324785374057
2021-03-16 15:00:00,2,-61.766666666666666,-65.47629380386934,0.3500000000000001,1.4156106908758517
2021-03-16 15:00:00,4,-64.4,-66.62669035510855,0.25,0.941083445621433
2021-03-16 15:00:00,8,-59.3,-59.4414387566065,3.3,2.9615917338373725
2021-03-16 18:00:00,1,-61.766666666666666,-64.76335951554903,0.3500000000000001,0.3114246065392541
2021-03-16 18:00:00,2,-63.4,-63.97872817374223,0.30000000000000027,0.9035138474115341
2021-03-16 18:00:00,4,-62.4,-62.09982442579102,0.20000000000000018,2.1266833361985853
2021-03-16 18:00:00,8,-61.3,-60.56768195316752,2.8,1.9543103486251747
2021-03-16 21:00:00,1,-63.4,-66.2342248199993,0.30000000000000027,0.9988603181720785
2021-03-16 21:00:00,2,-64.4,-65.3022812868375,0.25,1.6175170753832626
2021-03-16 21:00:00,4,-60.099999999999994,-62.854887847981914,3.3,2.086076088457861
2021-03-16 21:00:00,8,-63.3,-63.25888428093056,0.8999999999999999,1.7965003765065166
2021-03-17 00:00:00,1,-64.4,-64.66404133612087,0.25,1.0716783813748165
2021-03-17 00:00:00,2,-62.4,-61.8911781466846,0.20000000000000018,2.193412770299603
2021-03-17 00:00:00,4,-57.8,-59.873198254191806,3.2,2.719478535992897
2021-03-17 00:00:00,8,-65.3,-63.562349931285354,1.4250000000000003,1.5057096047428424
2021-03-17 03:00:00,1,-62.4,-64.09922547976305,0.20000000000000018,1.3058409034804734
2021-03-17 03:00:00,2,-60.099999999999994,-60.8969552284729,3.3,2.69144274240052
2021-03-17 03:00:00,4,-59.3,-60.705653569691876,3.3,3.0359730374990317
2021-03-17 03:00:00,8,-64.9,-63.99844324232379,1.9500000000000002,2.2435417189814673
2021-03-17 06:00:00,1,-60.099999999999994,-62.0200894632633,3.3,2.723197083970425
2021-03-17 06:00:00,2,-57.8,-60.34249657384222,3.2,4.01472824360481
2021-03-17 06:00:00,4,-61.3,-62.86899525736052,2.8,3.640686532808371
2021-03-17 06:00:00,8,-63.3,-62.23232383729849,2.475,3.64341179285019
2021-03-17 09:00:00,1,-57.8,-59.21928308394295,3.2,4.106206443377776
2021-03-17 09:00:00,2,-59.3,-59.21338290133818,3.3,4.323606760018167
2021-03-17 09:00:00,4,-63.3,-63.02973902816578,0.8999999999999999,3.200777095021107
2021-03-17 09:00:00,8,-62.199999999999996,-63.69515843771741,3.0,4.838819153767472
2021-03-17 12:00:00,1,-59.3,-60.77173864096946,3.3,3.2277861556072422
2021-03-17 12:00:00,2,-61.3,-62.885033609391556,2.8,3.0882718501032578
2021-03-17 12:00:00,4,-65.3,-67.48905654869561,1.4250000000000003,3.6995802361060814
2021-03-17 12:00:00,8,-61.1,-64.73481182533456,3.1,4.7431315406214924
2021-03-17 15:00:00,1,-61.3,-63.96868078744067,2.8,3.0883024025550947
2021-03-17 15:00:00,2,-63.3,-66.6928827810336,0.8999999999999999,2.857644774544747
2021-03-17 15:00:00,4,-64.9,-68.51387842343951,1.9500000000000002,3.163609104258394
2021-03-17 15:00:00,8,-60.0,-63.15720357875713,3.5,4.1825539812697095
2021-03-17 18:00:00,1,-63.3,-65.39726925531748,0.8999999999999999,2.4949240934880237
2021-03-17 18:00:00,2,-65.3,-67.5476116641297,1.4250000000000003,2.076052858089181
2021-03-17 18:00:00,4,-63.3,-67.27507063675444,2.475,2.5108326965074577
2021-03-17 18:00:00,8,-62.166666666666664,-63.921738706958806,3.9,3.723900361009585
2021-03-17 21:00:00,1,-65.3,-67.32382837973037,1.4250000000000003,1.7429444344835037
2021-03-17 21:00:00,2,-64.9,-67.52965245646008,1.9500000000000002,2.4774340145148543
2021-03-17 21:00:00,4,-62.199999999999996,-67.06656773734497,3.0,3.101247151145523
2021-03-17 21:00:00,8,-64.33333333333333,-66.67150263466482,3.05,2.4407679797409636
2021-03-18 00:00:00,1,-64.9,-67.80807709491735,1.9500000000000002,2.00222320480572
2021-03-18 00:00:00,2,-63.3,-66.38934291907687,2.475,2.4670104563828357
2021-03-18 00:00:00,4,-61.1,-65.635188769135,3.1,2.608910439157892
2021-03-18 00:00:00,8,-66.5,-67.35437906269624,2.2,2.408826751009297
2021-03-18 03:00:00,1,-63.3,-66.34417038902575,2.475,2.1846284871750563
2021-03-18 03:00:00,2,-62.199999999999996,-64.07552315870441,3.0,2.478821938286794
2021-03-18 03:00:00,4,-60.0,-65.44700399763548,3.5,2.813013934189565
2021-03-18 03:00:00,8,-68.9,-67.58652736358614,1.35,2.159188478945312
2021-03-18 06:00:00,1,-62.199999999999996,-64.32479704761883,3.0,2.712640332078041
2021-03-18 06:00:00,2,-61.1,-63.017350734148636,3.1,2.870548733212565
2021-03-18 06:00:00,4,-62.166666666666664,-65.89218570815817,3.9,2.9517448865588802
2021-03-18 06:00:00,8,-64.6,-66.37545886500507,0.5,2.223813686241266
2021-03-18 09:00:00,1,-61.1,-63.140539111366024,3.1,3.553096345812325
2021-03-18 09:00:00,2,-60.0,-63.1666832102788,3.5,3.5476269703870105
2021-03-18 09:00:00,4,-64.33333333333333,-65.76664273370639,3.05,2.3919942162526304
2021-03-18 09:00:00,8,-53.29175178959221,-62.97565101886793,2.5,1.7116676815891754
2021-03-18 12:00:00,1,-60.0,-63.235794385713184,3.5,3.567440295388591
2021-03-18 12:00:00,2,-62.166666666666664,-64.7100323552963,3.9,3.3657296225294666
2021-03-18 12:00:00,4,-66.5,-67.34795507587195,2.2,1.8725545468766212
2021-03-18 12:00:00,8,-53.29175178959221,-61.963730434845864,2.3,1.776761999655222
2021-03-18 15:00:00,1,-62.166666666666664,-63.7746080818532,3.9,3.1878095254020815
2021-03-18 15:00:00,2,-64.33333333333333,-65.63139316992118,3.05,2.8356713765352355
2021-03-18 15:00:00,4,-68.9,-67.13471272095215,1.35,1.6274796274095502
2021-03-18 15:00:00,8,-53.29175178959221,-61.886833525716625,1.9,1.5810094014853862
2021-03-18 18:00:00,1,-64.33333333333333,-64.69332537834681,3.05,2.7918805953051744
2021-03-18 18:00:00,2,-66.5,-66.09785127467013,2.2,2.3239354039156543
2021-03-18 18:00:00,4,-64.6,-65.10822299126983,0.5,1.5478911835358256
2021-03-18 18:00:00,8,-53.29175178959221,-62.30764717226619,0.0,0.426301825446985
2021-03-18 21:00:00,1,-66.5,-67.02357832529268,2.2,2.2771228625625293
2021-03-18 21:00:00,2,-68.9,-66.90053693027718,1.35,1.6674885163116768
2021-03-18 21:00:00,4,-53.29175178959221,-64.11950830312449,2.5,0.9328759799907336
2021-03-18 21:00:00,8,-53.29175178959221,-60.19380750509587,0.75,-0.175680224681944
2021-03-19 00:00:00,1,-68.9,-66.4039532381463,1.35,1.1179376727449353
2021-03-19 00:00:00,2,-64.6,-63.88146198113279,0.5,0.7804355612923368
2021-03-19 00:00:00,4,-53.29175178959221,-60.62204087083751,2.3,1.2833242263579274
2021-03-19 00:00:00,8,-53.9,-56.83536145927525,1.5,0.7391885782686414
2021-03-19 03:00:00,1,-64.6,-68.21973533539062,0.5,0.5009600740211089
2021-03-19 03:00:00,2,-53.29175178959221,-64.82636444509558,2.5,0.8044556536539766
2021-03-19 03:00:00,4,-53.29175178959221,-61.21312835478328,1.9,1.7309772577115443
2021-03-19 03:00:00,8,-54.6,-56.687985143332156,2.25,1.1655662258308976
2021-03-19 06:00:00,1,-53.29175178959221,-62.84763312351648,2.5,0.7612196153714095
2021-03-19 06:00:00,2,-53.29175178959221,-60.65164913850883,2.3,1.8128900340119454
2021-03-19 06:00:00,4,-53.29175178959221,-61.54226761690457,0.0,2.8382066435159565
2021-03-19 06:00:00,8,-53.650000000000006,-60.571387489757626,3.0,1.4689131488569207
2021-03-19 09:00:00,1,-53.29175178959221,-57.86622617581987,2.3,3.3119446170979154
2021-03-19 09:00:00,2,-53.29175178959221,-59.00927866047092,1.9,3.2121784115921557
2021-03-19 09:00:00,4,-53.29175178959221,-61.93225462860921,0.75,2.37143833470401
2021-03-19 09:00:00,8,-52.7,-58.231469022034744,3.8,2.8521448533326152
2021-03-19 12:00:00,1,-53.29175178959221,-56.94608228736662,1.9,3.3192137012279477
2021-03-19 12:00:00,2,-53.29175178959221,-58.34926769159858,0.0,3.149007405027363
2021-03-19 12:00:00,4,-53.9,-60.40450000701307,1.5,2.4119299843372604
2021-03-19 12:00:00,8,-53.5,-52.098635837121996,3.6,3.8490141442472527
2021-03-19 15:00:00,1,-53.29175178959221,-57.09642058287843,0.0,2.2522717221828543
2021-03-19 15:00:00,2,-53.29175178959221,-59.182595173546694,0.75,1.996007353801585
2021-03-19 15:00:00,4,-54.6,-59.70187608785556,2.25,1.8720367014800372
2021-03-19 15:00:00,8,-56.93333333333333,-53.82401244224355,3.9,3.9009344370336922
2021-03-19 18:00:00,1,-53.29175178959221,-56.73984824557377,0.75,0.09152885307786551
2021-03-19 18:00:00,2,-53.9,-57.571505606227724,1.5,0.8513149034675016
2021-03-19 18:00:00,4,-53.650000000000006,-56.61600565345772,3.0,2.9093521599312107
2021-03-19 18:00:00,8,-60.36666666666667,-58.143172346246246,0.0,4.516251592646417
2021-03-19 21:00:00,1,-53.9,-55.49314142641321,1.5,0.754647585696643
2021-03-19 21:00:00,2,-54.6,-56.90245271018497,2.25,1.068648943148673
2021-03-19 21:00:00,4,-52.7,-58.49772692052921,3.8,2.935051090859247
2021-03-19 21:00:00,8,-63.8,-63.02274512505862,0.0,4.38051216786929
2021-03-20 00:00:00,1,-54.6,-56.0664809896046,2.25,1.658906956436493
2021-03-20 00:00:00,2,-53.650000000000006,-57.02981711113874,3.0,1.982159041775149
2021-03-20 00:00:00,4,-53.5,-60.28793591589511,3.6,2.9636000909942632
2021-03-20 00:00:00,8,-60.9,-64.82713249915062,2.5,2.815660853585901
2021-03-20 03:00:00,1,-53.650000000000006,-55.74017689887784,3.0,3.079967715021981
2021-03-20 03:00:00,2,-52.7,-55.49587266553997,3.8,3.396335341206743
2021-03-20 03:00:00,4,-56.93333333333333,-60.706425946752844,3.9,2.7846920779373168
2021-03-20 03:00:00,8,-57.35,-66.74802416277842,5.0,3.660975280354017
2021-03-20 06:00:00,1,-52.7,-53.87986423796423,3.8,3.8929572878352974
2021-03-20 06:00:00,2,-53.5,-55.57111422364534,3.6,3.771993306031456
2021-03-20 06:00:00,4,-60.36666666666667,-61.220553837983275,0.0,3.1558578459190016
2021-03-20 06:00:00,8,-53.8,-61.55397287598347,7.5,2.9811379448310387
2021-03-20 09:00:00,1,-53.5,-53.85171876742727,3.6,3.9973777834713187
2021-03-20 09:00:00,2,-56.93333333333333,-55.24571472191116,3.9,3.9578810080485463
2021-03-20 09:00:00,4,-63.8,-58.813308155276545,0.0,4.006527469654225
2021-03-20 09:00:00,8,-50.25,-56.422686591905496,10.0,2.6118148949283526
2021-03-20 12:00:00,1,-56.93333333333333,-56.165147836138054,3.9,4.0033199154326855
2021-03-20 12:00:00,2,-60.36666666666667,-58.016466122946575,0.0,3.828357727536436
2021-03-20 12:00:00,4,-60.9,-60.0830859565035,2.5,3.4253379759353333
2021-03-20 12:00:00,8,-46.7,-54.74450523330106,11.8,3.3215737581620077
2021-03-20 15:00:00,1,-60.36666666666667,-59.807531073488256,0.0,4.124729333855458
2021-03-20 15:00:00,2,-63.8,-62.718721806937786,0.0,3.7228503004332234
2021-03-20 15:00:00,4,-57.35,-63.21992535141472,5.0,3.234520518509964
2021-03-20 15:00:00,8,-46.7,-57.98318366047821,10.7,3.3958321321941547
2021-03-20 18:00:00,1,-63.8,-66.99937813805015,0.0,2.0986723364807363
2021-03-20 18:00:00,2,-60.9,-66.60124081914987,2.5,3.321291907794798
2021-03-20 18:00:00,4,-53.8,-66.64828521077227,7.5,4.042870090995972
2021-03-20 18:00:00,8,-49.5,-67.26030757147518,8.8,2.762947263454901
2021-03-20 21:00:00,1,-60.9,-65.08718003936424,2.5,1.6512868656913753
2021-03-20 21:00:00,2,-57.35,-63.3453076541458,5.0,3.0974317204367763
2021-03-20 21:00:00,4,-50.25,-62.09298110739071,10.0,5.112121766083746
2021-03-20 21:00:00,8,-51.0,-66.54386012032901,8.7,3.35903322358086
2021-03-21 00:00:00,1,-57.35,-60.796450383914674,5.0,3.742882044806347
2021-03-21 00:00:00,2,-53.8,-59.04018455042471,7.5,4.328817526001132
2021-03-21 00:00:00,4,-46.7,-58.89809527074415,11.8,4.830792656760743
2021-03-21 00:00:00,8,-51.4,-64.16116406784482,9.2,3.2767694140052934
2021-03-21 03:00:00,1,-53.8,-55.17196045797382,7.5,6.974367074099337
2021-03-21 03:00:00,2,-50.25,-54.521562053055746,10.0,7.2449803241716975
2021-03-21 03:00:00,4,-46.7,-58.67574001930644,10.7,5.535644119063315
2021-03-21 03:00:00,8,-53.0,-65.04973560292879,8.6,3.5398427102009182
2021-03-21 06:00:00,1,-50.25,-51.80100255221631,10.0,7.779439003013126
2021-03-21 06:00:00,2,-46.7,-52.517745093549074,11.8,7.199087448942985
2021-03-21 06:00:00,4,-49.5,-56.980364805208715,8.8,5.418625562518969
2021-03-21 06:00:00,8,-53.9,-60.47725979945937,7.6,3.6226575636378597
2021-03-21 09:00:00,1,-46.7,-51.83482989355815,11.8,7.712078578135422
2021-03-21 09:00:00,2,-46.7,-53.5368157042365,10.7,6.738007548109739
2021-03-21 09:00:00,4,-51.0,-57.491054465716225,8.7,5.019913719956946
2021-03-21 09:00:00,8,-53.8,-58.38669159375583,7.4,3.639607905956143
2021-03-21 12:00:00,1,-46.7,-52.327263319863036,10.7,8.034590899570432
2021-03-21 12:00:00,2,-49.5,-54.22316927004428,8.8,6.958138763398899
2021-03-21 12:00:00,4,-51.4,-56.9962878770814,9.2,5.007857925078611
2021-03-21 12:00:00,8,-52.1,-59.16569294082898,8.4,3.963477492070935
2021-03-21 15:00:00,1,-49.5,-53.07870838608358,8.8,7.493173299971288
2021-03-21 15:00:00,2,-51.0,-54.616362871403645,8.7,6.536901819129007
2021-03-21 15:00:00,4,-53.0,-56.35233291251435,8.6,4.962919587359127
2021-03-21 15:00:00,8,-53.7,-59.36064393712291,6.9,4.400624372364268
2021-03-21 18:00:00,1,-51.0,-54.49951256126752,8.7,6.482318184336867
2021-03-21 18:00:00,2,-51.4,-56.104378260912085,9.2,5.464188705876547
2021-03-21 18:00:00,4,-53.9,-57.54684718035574,7.6,4.391370018706743
2021-03-21 18:00:00,8,-55.5,-60.42233817051642,6.3,3.8699231918774495
2021-03-21 21:00:00,1,-51.4,-55.544582315074855,9.2,6.736566837379128
2021-03-21 21:00:00,2,-53.0,-55.772910339592045,8.6,5.8511751252732935
2021-03-21 21:00:00,4,-53.8,-56.728252142394815,7.4,4.8348315522612
2021-03-21 21:00:00,8,-56.2,-62.55340069334487,5.6,4.06245933135898
2021-03-22 00:00:00,1,-53.0,-55.540664951193776,8.6,7.129480325791963
2021-03-22 00:00:00,2,-53.9,-56.15524563078592,7.6,6.1511434696636975
2021-03-22 00:00:00,4,-52.1,-57.88478339931095,8.4,4.831429299474419
2021-03-22 00:00:00,8,-59.0,-62.70818808246816,2.4,3.9768924178346614
2021-03-22 03:00:00,1,-53.9,-56.60366491250589,7.6,7.342565601821839
2021-03-22 03:00:00,2,-53.8,-57.11364307828606,7.4,6.304186192892552
2021-03-22 03:00:00,4,-53.7,-59.49587188587843,6.9,4.522069568614585
2021-03-22 03:00:00,8,-57.0,-61.74767596456321,5.1,4.013630808066044
2021-03-22 06:00:00,1,-53.8,-57.55685818135733,7.4,6.679099008477432
2021-03-22 06:00:00,2,-52.1,-57.89144659246382,8.4,5.652479040975676
2021-03-22 06:00:00,4,-55.5,-60.04400454181942,6.3,4.044371106827853
2021-03-22 06:00:00,8,-58.2,-60.73924188483038,3.0,3.9943608754828395
2021-03-22 09:00:00,1,-52.1,-57.77783367339973,8.4,5.878666573349429
2021-03-22 09:00:00,2,-53.7,-59.89365471829178,6.9,4.7265032220786765
2021-03-22 09:00:00,4,-56.2,-63.52075324764618,5.6,3.3716228865639417
2021-03-22 09:00:00,8,-56.2,-61.47466733204561,4.0,4.511844468119107
2021-03-22 12:00:00,1,-53.7,-57.67980086773723,6.9,5.429439104303234
2021-03-22 12:00:00,2,-55.5,-60.75143492307931,6.3,4.260148091188695
2021-03-22 12:00:00,4,-59.0,-64.2587018893274,2.4,3.2457764310039448
2021-03-22 12:00:00,8,-54.0,-61.82100855529633,4.0,4.519224191581708
2021-03-22 15:00:00,1,-55.5,-60.11107525845093,6.3,4.39517750471161
2021-03-22 15:00:00,2,-56.2,-62.89065279661034,5.6,3.3590461003995666
2021-03-22 15:00:00,4,-57.0,-64.35267539241386,5.1,2.7416634550782164
2021-03-22 15:00:00,8,-56.5,-61.675892450957974,3.8,3.9913620163686137
2021-03-22 18:00:00,1,-56.2,-60.520947376970696,5.6,4.554995194145235
2021-03-22 18:00:00,2,-59.0,-61.936262055114,2.4,3.7014345513199403
2021-03-22 18:00:00,4,-58.2,-60.44252660824821,3.0,3.265354234192573
2021-03-22 18:00:00,8,-56.9,-59.87796292723679,2.2,4.122318836049779
2021-03-22 21:00:00,1,-59.0,-59.30654728181318,2.4,4.66347548678454
2021-03-22 21:00:00,2,-57.0,-58.990825189122354,5.1,4.295099083007363
2021-03-22 21:00:00,4,-56.2,-57.17855157144744,4.0,4.945927731963561
2021-03-22 21:00:00,8,-57.300000000000004,-56.029450120737245,2.8,5.426799543089016
2021-03-23 00:00:00,1,-57.0,-59.912433135586696,5.1,2.653466258047568
2021-03-23 00:00:00,2,-58.2,-57.58687893584526,3.0,3.334088079758622
2021-03-23 00:00:00,4,-54.0,-55.773700368927265,4.0,4.967592566205565
2021-03-23 00:00:00,8,-57.7,-55.725028365569095,2.9,4.411416106202981
2021-03-23 03:00:00,1,-58.2,-57.75502405306736,3.0,6.114703405729049
2021-03-23 03:00:00,2,-56.2,-55.46470667472889,4.0,6.154910432346755
2021-03-23 03:00:00,4,-56.5,-56.043430361691165,3.8,5.515478434447582
2021-03-23 03:00:00,8,-53.9,-59.44853785285816,3.3,3.537282576030449
2021-03-23 06:00:00,1,-56.2,-58.81557989489712,4.0,2.11617307948596
2021-03-23 06:00:00,2,-54.0,-57.1909395052141,4.0,2.681492933892538
2021-03-23 06:00:00,4,-56.9,-57.98147427188011,2.2,3.986831162409387
2021-03-23 06:00:00,8,-53.7,-56.120414091189666,3.8,3.7766691375064685
2021-03-23 09:00:00,1,-54.0,-56.1450127154795,4.0,4.035617269514823
2021-03-23 09:00:00,2,-56.5,-55.81015087424741,3.8,3.7291150460243294
2021-03-23 09:00:00,4,-57.300000000000004,-57.450747118598144,2.8,3.921546864612283
2021-03-23 09:00:00,8,-52.8,-54.105053399919726,2.3,3.7409099320284023
2021-03-23 12:00:00,1,-56.5,-52.52484720689863,3.8,4.110384611136868
2021-03-23 12:00:00,2,-56.9,-52.957080659041225,2.2,4.0737540875897205
2021-03-23 12:00:00,4,-57.7,-55.530290997818625,2.9,4.431671848569417
2021-03-23 12:00:00,8,-51.9,-52.487036575835155,3.2,4.139678280630275
2021-03-23 15:00:00,1,-56.9,-54.20495122239411,2.2,3.415866355954731
2021-03-23 15:00:00,2,-57.300000000000004,-55.035571962249115,2.8,3.3932040348143957
2021-03-23 15:00:00,4,-53.9,-54.32854037828703,3.3,4.646950076151053
2021-03-23 15:00:00,8,-53.55,-49.76995673452554,3.6,5.304428922136979
2021-03-23 18:00:00,1,-57.300000000000004,-56.3784082035826,2.8,2.3638909726575066
2021-03-23 18:00:00,2,-57.7,-55.93524893933804,2.9,2.830794181474947
2021-03-23 18:00:00,4,-53.7,-53.96249201196565,3.8,4.644213045683854
2021-03-23 18:00:00,8,-55.2,-53.562649807598454,3.9,4.399142285189284
2021-03-23 21:00:00,1,-57.7,-55.17206421011633,2.9,3.040718318482801
2021-03-23 21:00:00,2,-53.9,-53.86847996207624,3.3,3.056527266122683
2021-03-23 21:00:00,4,-52.8,-50.7718708206772,2.3,4.145647685853622
2021-03-23 21:00:00,8,-55.6,-53.99855939088451,4.0,3.7993121567487846
2021-03-24 00:00:00,1,-53.9,-55.8172056596882,3.3,2.566327999399967
2021-03-24 00:00:00,2,-53.7,-55.71577713286116,3.8,2.57005134619192
2021-03-24 00:00:00,4,-51.9,-55.60636401406612,3.2,3.5997696015767735
2021-03-24 00:00:00,8,-59.8,-60.226939022606885,0.0,3.880398923786297
2021-03-24 03:00:00,1,-53.7,-53.314779274486746,3.8,2.805334658066543
2021-03-24 03:00:00,2,-52.8,-52.61208924936343,2.3,2.7655175617809227
2021-03-24 03:00:00,4,-53.55,-54.19197193744015,3.6,3.794118639837669
2021-03-24 03:00:00,8,-56.0,-59.06449497431866,2.6,3.67786338804773
2021-03-24 06:00:00,1,-52.8,-50.82478027048113,2.3,3.2793850611276283
2021-03-24 06:00:00,2,-51.9,-49.809015453428444,3.2,3.2239414787905853
2021-03-24 06:00:00,4,-55.2,-51.5217889651753,3.9,3.9238218225705452
2021-03-24 06:00:00,8,-54.05,-54.68389524904432,5.2,3.3827916872460744
2021-03-24 09:00:00,1,-51.9,-51.53043272548628,3.2,2.2719065512828966
2021-03-24 09:00:00,2,-53.55,-50.42883669696928,3.6,2.5261388883561136
2021-03-24 09:00:00,4,-55.6,-52.555621560390485,4.0,3.7098581768803913
2021-03-24 09:00:00,8,-52.1,-52.55698533367008,7.799999999999999,2.9112609150287097
2021-03-24 12:00:00,1,-53.55,-51.39417112799839,3.6,3.045253837956052
2021-03-24 12:00:00,2,-55.2,-52.122358827552766,3.9,3.15973584783583
2021-03-24 12:00:00,4,-59.8,-53.62311740284711,0.0,3.7013002778263293
2021-03-24 12:00:00,8,-50.150000000000006,-53.08788333574923,6.7,2.9696675519923543
2021-03-24 15:00:00,1,-55.2,-53.39245414455962,3.9,3.8412313736931383
2021-03-24 15:00:00,2,-55.6,-53.93566289673691,4.0,3.7633246743345445
2021-03-24 15:00:00,4,-56.0,-52.73567246112319,2.6,3.8989745745625703
2021-03-24 15:00:00,8,-48.2,-52.11584527344919,7.3,3.9535258973375837
2021-03-24 18:00:00,1,-55.6,-53.96276237996204,4.0,3.895204839231179
2021-03-24 18:00:00,2,-59.8,-54.06910922667011,0.0,3.6848573601458066
2021-03-24 18:00:00,4,-54.05,-51.27677828061701,5.2,3.7829077828791204
2021-03-24 18:00:00,8,-48.7,-54.00711299850915,6.6,3.6844260600343683
2021-03-24 21:00:00,1,-59.8,-54.37396868618951,0.0,4.163470589267224
2021-03-24 21:00:00,2,-56.0,-53.286631777540755,2.6,4.080526334466317
2021-03-24 21:00:00,4,-52.1,-49.59298187767449,7.799999999999999,4.111306303427369
2021-03-24 21:00:00,8,-45.9,-53.328683142335755,7.199999999999999,4.051503584707263
2021-03-25 00:00:00,1,-56.0,-60.01035786610075,2.6,1.634038860245851
2021-03-25 00:00:00,2,-54.05,-58.56785904586602,5.2,2.653404513301971
2021-03-25 00:00:00,4,-50.150000000000006,-56.91120571645851,6.7,2.7585287284132916
2021-03-25 00:00:00,8,-46.8,-57.666274182156336,6.3,3.1719557088473294
2021-03-25 03:00:00,1,-54.05,-53.79850292457747,5.2,4.314568512970235
2021-03-25 03:00:00,2,-52.1,-52.00069070742367,7.799999999999999,4.39618274969326
2021-03-25 03:00:00,4,-48.2,-53.98104185032159,7.3,3.607083048080154
2021-03-25 03:00:00,8,-45.1,-61.45767359570221,5.2,2.93157195040135
2021-03-25 06:00:00,1,-52.1,-50.96722944040606,7.799999999999999,6.055530824663064
2021-03-25 06:00:00,2,-50.150000000000006,-51.22923998556616,6.7,5.350391540135331
2021-03-25 06:00:00,4,-48.7,-56.72389347165753,6.6,3.4174919543410933
2021-03-25 06:00:00,8,-43.0,-58.27732386652313,7.199999999999999,3.764804388762396
2021-03-25 09:00:00,1,-50.150000000000006,-51.88783030661203,6.7,6.259020178088697
2021-03-25 09:00:00,2,-48.2,-52.41285320852711,7.3,4.731962033447236
2021-03-25 09:00:00,4,-45.9,-56.18479265587311,7.199999999999999,3.505480229653747
2021-03-25 09:00:00,8,-43.1,-55.88093253122645,6.7,4.208446677660182
2021-03-25 12:00:00,1,-48.2,-50.488380159635994,7.3,5.24454803606191
2021-03-25 12:00:00,2,-48.7,-51.25922417462886,6.6,4.116682201946704
2021-03-25 12:00:00,4,-46.8,-54.302602522782564,6.3,3.526978398404774
2021-03-25 12:00:00,8,-45.5,-52.391702766880115,5.6,4.859508335716777
2021-03-25 15:00:00,1,-48.7,-50.190777766210246,6.6,6.145607983904663
2021-03-25 15:00:00,2,-45.9,-52.232862244470496,7.199999999999999,4.843594613961956
2021-03-25 15:00:00,4,-45.1,-54.39053120269056,5.2,4.057759319191283
2021-03-25 15:00:00,8,-45.5,-54.19337817524682,6.5,4.3284915798613754
2021-03-25 18:00:00,1,-45.9,-51.155516973359234,7.199999999999999,5.82457263090925
2021-03-25 18:00:00,2,-46.8,-52.647132481156724,6.3,4.776202303628409
2021-03-25 18:00:00,4,-43.0,-53.443996083485075,7.199999999999999,4.1914090735671
2021-03-25 18:00:00,8,-45.9,-55.16942789699497,5.6,3.7254809305205954
2021-03-25 21:00:00,1,-46.8,-49.202831492370436,6.3,6.075185275582086
2021-03-25 21:00:00,2,-45.1,-50.77207760446125,5.2,4.941589497083324
2021-03-25 21:00:00,4,-43.1,-51.916003696562335,6.7,4.352711942745006
2021-03-25 21:00:00,8,-45.8,-55.75601206962978,4.7,3.304904143155059
2021-03-26 00:00:00,1,-45.1,-49.67655152659472,5.2,5.558152478240858
2021-03-26 00:00:00,2,-43.0,-50.22511143962261,7.199999999999999,4.645760929936616
2021-03-26 00:00:00,4,-45.5,-51.13084855053602,5.6,4.2582743674364965
2021-03-26 00:00:00,8,-44.8,-55.4372644131579,5.2,3.669230960739644
2021-03-26 03:00:00,1,-43.0,-48.05795758121739,7.199999999999999,4.936506166283416
2021-03-26 03:00:00,2,-43.1,-47.883628764251064,6.7,4.139565081930013
2021-03-26 03:00:00,4,-45.5,-49.38885476090081,6.5,4.024280656958267
2021-03-26 03:00:00,8,-46.3,-53.07801301256589,4.6,3.4151185673669646
2021-03-26 06:00:00,1,-43.1,-44.24416571741217,6.7,6.398048017110419
2021-03-26 06:00:00,2,-45.5,-44.756196950762536,5.6,5.232611358421628
2021-03-26 06:00:00,4,-45.9,-47.855017669949504,5.6,4.372576261814868
2021-03-26 06:00:00,8,-46.7,-50.01083804778653,4.7,3.3718585883324343
2021-03-26 09:00:00,1,-45.5,-45.40971296346309,5.6,5.840112471700227
2021-03-26 09:00:00,2,-45.5,-46.38171274914806,6.5,4.799114616340191
2021-03-26 09:00:00,4,-45.8,-50.032686339673376,4.7,3.7716652537453683
2021-03-26 09:00:00,8,-46.0,-48.6450426821653,3.3,3.461649791554482
2021-03-26 12:00:00,1,-45.5,-48.58301259045783,6.5,4.986802007066939
2021-03-26 12:00:00,2,-45.9,-49.85337507823793,5.6,4.031243096846563
2021-03-26 12:00:00,4,-44.8,-51.95956320502274,5.2,2.5861533947528295
2021-03-26 12:00:00,8,-46.5,-48.66267550288657,3.1,2.8971569861539184
2021-03-26 15:00:00,1,-45.9,-46.4854454381402,5.6,5.0846368230671635
2021-03-26 15:00:00,2,-45.8,-48.25069988172734,4.7,3.6836532576264127
2021-03-26 15:00:00,4,-46.3,-48.30353385905259,4.6,2.050308391744271
2021-03-26 15:00:00,8,-48.9,-47.32892441878289,3.4,2.7032743793250624
2021-03-26 18:00:00,1,-45.8,-47.82169954268215,4.7,3.8113569676741035
2021-03-26 18:00:00,2,-44.8,-48.52331584120554,5.2,2.5718914249229856
2021-03-26 18:00:00,4,-46.7,-47.77105624861612,4.7,1.4824577492504347
2021-03-26 18:00:00,8,-48.8,-48.19613309952182,3.6,1.6958173041847608
2021-03-26 21:00:00,1,-44.8,-47.81049142928615,5.2,3.3287485455885952
2021-03-26 21:00:00,2,-46.3,-48.57637569559107,4.6,2.1500121860024293
2021-03-26 21:00:00,4,-46.0,-48.75890597532331,3.3,1.1944907065345656
2021-03-26 21:00:00,8,-45.9,-50.45370442837877,3.3,1.7661950102920652
2021-03-27 00:00:00,1,-46.3,-45.450900402540114,4.6,3.7079197891038205
2021-03-27 00:00:00,2,-46.7,-46.233213892662995,4.7,2.5321318610903014
2021-03-27 00:00:00,4,-46.5,-47.45898961769661,3.1,1.737797546052548
2021-03-27 00:00:00,8,-45.5,-51.71635701519319,3.2,2.1199805654908257
2021-03-27 03:00:00,1,-46.7,-44.92144745525846,4.7,3.4121485544594465
2021-03-27 03:00:00,2,-46.0,-44.91235401226727,3.3,2.4753800153007686
2021-03-27 03:00:00,4,-48.9,-46.990746831996134,3.4,1.985237961110027
2021-03-27 03:00:00,8,-49.6,-51.66042308235969,4.1,2.599913728514813
2021-03-27 06:00:00,1,-46.0,-47.955503781481994,3.3,4.137084788034534
2021-03-27 06:00:00,2,-46.5,-48.9389458433846,3.1,3.1661235497165285
2021-03-27 06:00:00,4,-48.8,-51.9361661962585,3.6,2.2757288602923187
2021-03-27 06:00:00,8,-51.25,-47.59423593922737,3.5,2.8237646648250267
2021-03-27 09:00:00,1,-46.5,-49.18128563077402,3.1,2.860671066881434
2021-03-27 09:00:00,2,-48.9,-51.08888801389704,3.4,2.2815013008436122
2021-03-27 09:00:00,4,-45.9,-54.641753326281176,3.3,1.927370017725633
2021-03-27 09:00:00,8,-52.9,-45.87526972147392,3.4,3.0179371733652944
2021-03-27 12:00:00,1,-48.9,-49.53914586359779,3.4,2.595345470463154
2021-03-27 12:00:00,2,-48.8,-51.54413638412277,3.6,1.9804309353806595
2021-03-27 12:00:00,4,-45.5,-53.51558163944338,3.2,2.0831913611467012
2021-03-27 12:00:00,8,-49.3,-45.27029313994942,2.7,2.660408116353997
2021-03-27 15:00:00,1,-48.8,-50.983677577375,3.6,2.591442754652038
2021-03-27 15:00:00,2,-45.9,-53.36965785349556,3.3,1.848060864851425
2021-03-27 15:00:00,4,-49.6,-53.968312939461555,4.1,1.4587292115251742
2021-03-27 15:00:00,8,-47.75,-47.09716158592248,1.1999999999999997,2.3914296623956464
2021-03-27 18:00:00,1,-45.9,-50.38562410973542,3.3,2.4419880516483596
2021-03-27 18:00:00,2,-45.5,-51.97600580314032,3.2,1.4435229416568731
2021-03-27 18:00:00,4,-51.25,-51.53576488312328,3.5,1.2479529117158163
2021-03-27 18:00:00,8,-46.2,-50.270482287571156,1.0,2.7369936221212345
2021-03-27 21:00:00,1,-45.5,-47.57166264321962,3.2,2.316090302094179
2021-03-27 21:00:00,2,-49.6,-47.71658133028679,4.1,1.7017855363645815
2021-03-27 21:00:00,4,-52.9,-48.03383809008571,3.4,2.1283759313663317
2021-03-27 21:00:00,8,-49.3,-51.0323614689995,0.0,3.467603307370067
2021-03-28 00:00:00,1,-49.6,-44.34693869908601,4.1,2.983022919137055
2021-03-28 00:00:00,2,-51.25,-45.56603069668854,3.5,2.759869143922427
2021-03-28 00:00:00,4,-49.3,-45.87360608468867,2.7,3.8699561703965792
2021-03-28 00:00:00,8,-47.7,-49.85270177006304,2.9,4.574499282212285
2021-03-28 03:00:00,1,-51.25,-48.96445013741851,3.5,3.6084513100429922
2021-03-28 03:00:00,2,-52.9,-49.40730174774047,3.4,3.268566827169259
2021-03-28 03:00:00,4,-47.75,-48.76065895423129,1.1999999999999997,3.9538001495819546
2021-03-28 03:00:00,8,-47.7,-52.40992450709786,3.1,3.583709699270051
2021-03-28 06:00:00,1,-52.9,-52.11004956348793,3.4,2.5786326927864627
2021-03-28 06:00:00,2,-49.3,-52.812271668249736,2.7,1.8621335481122951
2021-03-28 06:00:00,4,-46.2,-53.791629525260845,1.0,2.3021974144137536
2021-03-28 06:00:00,8,-47.7,-49.478644314739995,2.6,4.316664101909335
2021-03-28 09:00:00,1,-49.3,-52.27949860737616,2.7,3.008894500744059
2021-03-28 09:00:00,2,-47.75,-53.36328988562322,1.1999999999999997,2.7825489807354127
2021-03-28 09:00:00,4,-49.3,-55.67684954513839,0.0,2.5875047408948206
2021-03-28 09:00:00,8,-47.7,-51.73088627790128,2.2,4.466451629353445
2021-03-28 12:00:00,1,-47.75,-52.29628159718008,1.1999999999999997,2.3432571370345654
2021-03-28 12:00:00,2,-46.2,-54.00219521900386,1.0,2.284583632668748
2021-03-28 12:00:00,4,-47.7,-56.856298497535356,2.9,2.5277837086602544
2021-03-28 12:00:00,8,-47.7,-52.24278719063512,0.5,4.478166921688269
2021-03-28 15:00:00,1,-46.2,-51.204771771955464,1.0,1.7631775157818232
2021-03-28 15:00:00,2,-49.3,-53.188209721218556,0.0,1.940883585785867
2021-03-28 15:00:00,4,-47.7,-55.324916873956994,3.1,2.6490011211858793
2021-03-28 15:00:00,8,-47.7,-52.09167228511903,1.1999999999999997,4.2572082841519725
2021-03-28 18:00:00,1,-49.3,-52.381213173096114,0.0,2.56126439705936
2021-03-28 18:00:00,2,-47.7,-55.124437833819485,2.9,2.9514774859551043
2021-03-28 18:00:00,4,-47.7,-59.21462000153751,2.6,2.8605569617384474
2021-03-28 18:00:00,8,-47.0,-59.23249851309629,1.9,4.304193476184065
2021-03-28 21:00:00,1,-47.7,-52.58626847526979,2.9,2.2614604920432417
2021-03-28 21:00:00,2,-47.7,-54.51846299817374,3.1,3.2505461592812006
2021-03-28 21:00:00,4,-47.7,-57.57450072884197,2.2,3.0990031188802196
2021-03-28 21:00:00,8,-46.7,-57.51344511472308,2.5999999999999996,4.249541378306134
2021-03-29 00:00:00,1,-47.7,-50.15858199935962,3.1,3.5797970825716745
2021-03-29 00:00:00,2,-47.7,-52.27327681114211,2.6,3.1790054871581535
2021-03-29 00:00:00,4,-47.7,-55.37354672800727,0.5,2.9537010965990227
2021-03-29 00:00:00,8,-49.233333333333334,-60.20184397313514,3.3,3.57599567839759
2021-03-29 03:00:00,1,-47.7,-47.60646788452974,2.6,3.0333913819788716
2021-03-29 03:00:00,2,-47.7,-49.31640982738702,2.2,3.0771924006797047
2021-03-29 03:00:00,4,-47.7,-54.28057122364432,1.1999999999999997,3.8642573383265444
2021-03-29 03:00:00,8,-51.766666666666666,-57.619410636282346,3.1,3.565878351276066
2021-03-29 06:00:00,1,-47.7,-47.046810094757284,2.2,3.063525697119163
2021-03-29 06:00:00,2,-47.7,-47.22935118200437,0.5,3.6939205676937683
2021-03-29 06:00:00,4,-47.0,-52.60000374588721,1.9,4.378578405616623
2021-03-29 06:00:00,8,-54.3,-58.6164327008391,2.5,2.8009097246057006
2021-03-29 09:00:00,1,-47.7,-46.635449421192774,0.5,3.012734298766051
2021-03-29 09:00:00,2,-47.7,-47.46076709363823,1.1999999999999997,3.7330460481804706
2021-03-29 09:00:00,4,-46.7,-53.58505018336867,2.5999999999999996,4.33356829896141
2021-03-29 09:00:00,8,-53.166666666666664,-55.750281925258584,0.6000000000000001,2.7735430457046055
2021-03-29 12:00:00,1,-47.7,-48.53007378023857,1.1999999999999997,2.4055375369622976
2021-03-29 12:00:00,2,-47.0,-49.96872440468723,1.9,3.707264417683849
2021-03-29 12:00:00,4,-49.233333333333334,-54.17038752904078,3.3,3.673032848127681
2021-03-29 12:00:00,8,-52.03333333333333,-51.25557699861893,0.8999999999999999,2.6694170906339396
2021-03-29 15:00:00,1,-47.0,-47.2291739387609,1.9,3.0161733424634214
2021-03-29 15:00:00,2,-46.7,-49.427811168663176,2.5999999999999996,3.8272560530449287
2021-03-29 15:00:00,4,-51.766666666666666,-52.41943394934798,3.1,3.7941268244822712
2021-03-29 15:00:00,8,-50.9,-54.42096588499709,0.0,2.9494993613290887
2021-03-29 18:00:00,1,-46.7,-48.334251698248075,2.5999999999999996,3.29580060557087
2021-03-29 18:00:00,2,-49.233333333333334,-50.541815755287665,3.3,3.7453125376721297
2021-03-29 18:00:00,4,-54.3,-53.39002659660003,2.5,3.3314810705022513
2021-03-29 18:00:00,8,-54.63333333333333,-56.15955890996084,3.0,2.778045613318807
2021-03-29 21:00:00,1,-49.233333333333334,-48.1726757487997,3.3,3.3435298537795104
2021-03-29 21:00:00,2,-51.766666666666666,-50.37339288493403,3.1,3.1428267453290095
2021-03-29 21:00:00,4,-53.166666666666664,-54.53003388381806,0.6000000000000001,2.3485970444457145
2021-03-29 21:00:00,8,-58.36666666666667,-58.63750663428725,0.0,2.416961807862344
2021-03-30 00:00:00,1,-51.766666666666666,-49.39186573453683,3.1,3.380209565174512
2021-03-30 00:00:00,2,-54.3,-51.85955447042725,2.5,2.8280711742099
2021-03-30 00:00:00,4,-52.03333333333333,-53.69305733454491,0.8999999999999999,2.1752781572290383
2021-03-30 00:00:00,8,-62.1,-56.72350872412903,0.7250000000000001,2.0952261478818888
2021-03-30 03:00:00,1,-54.3,-51.57882814652702,2.5,2.808273665300861
2021-03-30 03:00:00,2,-53.166666666666664,-52.82841233142131,0.6000000000000001,2.2561975789435293
2021-03-30 03:00:00,4,-50.9,-54.23551703588076,0.0,2.3597085392855917
2021-03-30 03:00:00,8,-61.0,-54.36903019228075,1.4499999999999997,2.042365607389173
2021-03-30 06:00:00,1,-53.166666666666664,-51.53994342861313,0.6000000000000001,2.26685862506941
2021-03-30 06:00:00,2,-52.03333333333333,-51.764023739545465,0.8999999999999999,1.6654725876920269
2021-03-30 06:00:00,4,-54.63333333333333,-53.4980794095265,3.0,1.2763631727937996
2021-03-30 06:00:00,8,-62.2,-53.31048040533161,2.175,2.8187424389287923
2021-03-30 09:00:00,1,-52.03333333333333,-52.92245585819771,0.8999999999999999,0.8884515419759733
2021-03-30 09:00:00,2,-50.9,-52.32656943237863,0.0,1.0006966644919246
2021-03-30 09:00:00,4,-58.36666666666667,-54.94487097465794,0.0,2.078639952265689
2021-03-30 09:00:00,8,-60.0,-54.9086130232273,2.9,3.1902430575169998
2021-03-30 12:00:00,1,-50.9,-51.711579823443515,0.0,1.6163890340725
2021-03-30 12:00:00,2,-54.63333333333333,-52.4477836368842,3.0,1.604218814130216
2021-03-30 12:00:00,4,-62.1,-56.16409050093565,0.7250000000000001,2.6451984339954384
2021-03-30 12:00:00,8,-59.0,-59.422727345903624,1.6999999999999997,3.3253314964573377
2021-03-30 15:00:00,1,-54.63333333333333,-52.45476830857243,3.0,1.7799449999429555
2021-03-30 15:00:00,2,-58.36666666666667,-54.144055379369696,0.0,2.5128506512931983
2021-03-30 15:00:00,4,-61.0,-58.5614509100635,1.4499999999999997,3.0102663218275953
2021-03-30 15:00:00,8,-61.3,-61.531582587227106,0.0,3.256184073068122
2021-03-30 18:00:00,1,-58.36666666666667,-57.14954888485798,0.0,2.9441367395296636
2021-03-30 18:00:00,2,-62.1,-60.32057100822422,0.7250000000000001,2.2529479284554528
2021-03-30 18:00:00,4,-62.2,-61.775676794526476,2.175,2.6012414005056423
2021-03-30 18:00:00,8,-63.4,-62.11066364268028,0.10000000000000009,3.3351707989331514
2021-03-30 21:00:00,1,-62.1,-62.07289714230242,0.7250000000000001,0.6671084660840996
2021-03-30 21:00:00,2,-61.0,-62.8932192211357,1.4499999999999997,1.90958763763384
2021-03-30 21:00:00,4,-60.0,-64.17338160312741,2.9,4.209928551554524
2021-03-30 21:00:00,8,-63.0,-63.7636737588333,0.20000000000000018,3.4967354834280435
2021-03-31 00:00:00,1,-61.0,-61.44857582970509,1.4499999999999997,2.9450940496872278
2021-03-31 00:00:00,2,-62.2,-60.96182481458084,2.175,3.6516076280209293
2021-03-31 00:00:00,4,-59.0,-61.199800527475546,1.6999999999999997,3.7979705948562037
2021-03-31 00:00:00,8,-61.8,-63.731806000058235,0.30000000000000027,4.061153307353221
2021-03-31 03:00:00,1,-62.2,-60.03634993930469,2.175,3.387467798651928
2021-03-31 03:00:00,2,-60.0,-59.32203084808214,2.9,3.987625392856752
2021-03-31 03:00:00,4,-61.3,-61.213206168890174,0.0,4.293318616215485
2021-03-31 03:00:00,8,-61.4,-64.4537595197678,0.3999999999999999,3.670649463623501
2021-03-31 06:00:00,1,-60.0,-58.95429939144879,2.9,3.491655445148032
2021-03-31 06:00:00,2,-59.0,-58.891536550234775,1.6999999999999997,3.74193006666481
2021-03-31 06:00:00,4,-63.4,-61.97738392860095,0.10000000000000009,3.6121602337315912
2021-03-31 06:00:00,8,-60.5,-63.957020199423134,1.9,3.8110066275610213
2021-03-31 09:00:00,1,-59.0,-57.69565837401985,1.6999999999999997,3.5336176381415663
2021-03-31 09:00:00,2,-61.3,-58.048602268340304,0.0,3.4368383746942115
2021-03-31 09:00:00,4,-63.0,-61.39559378942645,0.20000000000000018,3.2811399609026557
2021-03-31 09:00:00,8,-58.7,-61.114009033628285,1.9,3.481612219719249
2021-03-31 12:00:00,1,-61.3,-57.75480718226946,0.0,2.7565428723640366
2021-03-31 12:00:00,2,-63.4,-58.388444212413305,0.10000000000000009,3.4417884050934346
2021-03-31 12:00:00,4,-61.8,-61.39109930425261,0.30000000000000027,3.34520541315605
2021-03-31 12:00:00,8,-56.9,-60.34642330423616,2.2,3.0001452489648126
2021-03-31 15:00:00,1,-63.4,-60.83946789550557,0.10000000000000009,2.219998202212359
2021-03-31 15:00:00,2,-63.0,-60.280354804481334,0.20000000000000018,3.7035473626708084
2021-03-31 15:00:00,4,-61.4,-61.14620389985268,0.3999999999999999,3.8598440020005618
2021-03-31 15:00:00,8,-56.8,-61.734521057493005,2.2,2.936652401912604
2021-03-31 18:00:00,1,-63.0,-62.58588375996515,0.20000000000000018,2.328810999371134
2021-03-31 18:00:00,2,-61.8,-61.31447042149155,0.30000000000000027,3.541322234675699
2021-03-31 18:00:00,4,-60.5,-60.99785130506853,1.9,4.142562688020473
2021-03-31 18:00:00,8,-60.7,-63.77739786168538,3.6037479111959896,2.964306689758218
2021-03-31 21:00:00,1,-61.8,-60.83933027981654,0.30000000000000027,2.062147386850931
2021-03-31 21:00:00,2,-61.4,-59.98509421939741,0.3999999999999999,3.109190735303025
2021-03-31 21:00:00,4,-58.7,-60.36375855804869,1.9,4.024817910893192
2021-03-31 21:00:00,8,-61.3,-63.4670103583224,3.6037479111959896,3.149723601420167
2021-04-01 00:00:00,1,-61.4,-59.778861618606534,0.3999999999999999,1.8151703239862353
2021-04-01 00:00:00,2,-60.5,-59.56974557285483,1.9,2.83608252829111
2021-04-01 00:00:00,4,-56.9,-60.925657105899155,2.2,3.846626974011693
2021-04-01 00:00:00,8,-60.4,-63.97644634710781,3.6037479111959896,3.2382404261515796
2021-04-01 03:00:00,1,-60.5,-59.04472875016684,1.9,2.7050864649719837
2021-04-01 03:00:00,2,-58.7,-59.270078403717804,1.9,3.8772012337944077
2021-04-01 03:00:00,4,-56.8,-61.351014952190845,2.2,4.044708143560947
2021-04-01 03:00:00,8,-61.7,-61.940153480959445,3.6037479111959896,3.2915827142923733
2021-04-01 06:00:00,1,-58.7,-57.879754302402745,1.9,2.947175455463695
2021-04-01 06:00:00,2,-56.9,-57.619387580250674,2.2,3.194640984316663
2021-04-01 06:00:00,4,-60.7,-59.40043288377889,3.6037479111959896,3.2988158073142206
2021-04-01 06:00:00,8,-61.3,-59.83170244069119,3.6037479111959896,3.4448553807124114
2021-04-01 09:00:00,1,-56.9,-55.46980367885538,2.2,2.5245609315329562
2021-04-01 09:00:00,2,-56.8,-54.74085355415995,2.2,2.655443902792141
2021-04-01 09:00:00,4,-61.3,-57.005422388629,3.6037479111959896,2.974397210169164
2021-04-01 09:00:00,8,-58.5,-58.09622089925151,2.1,2.3143018372782587
2021-04-01 12:00:00,1,-56.8,-56.6549119864013,2.2,2.5395554137246483
2021-04-01 12:00:00,2,-60.7,-57.03677066619048,3.6037479111959896,2.6217995215009937
2021-04-01 12:00:00,4,-60.4,-59.32069503924721,3.6037479111959896,2.2355131958086485
2021-04-01 12:00:00,8,-57.4,-57.568268755531435,3.3,1.540715143085472
2021-04-01 15:00:00,1,-60.7,-57.37844268277735,3.6037479111959896,2.5260417390240937
2021-04-01 15:00:00,2,-61.3,-57.75693734344555,3.6037479111959896,2.5483647573245234
2021-04-01 15:00:00,4,-61.7,-58.99796247192646,3.6037479111959896,1.8958883021352104
2021-04-01 15:00:00,8,-56.0,-58.56030279173639,4.1,1.3744844246950172
2021-04-01 18:00:00,1,-61.3,-62.29992844516338,3.6037479111959896,3.562502515296191
2021-04-01 18:00:00,2,-60.4,-63.163693131171485,3.6037479111959896,3.140124319645828
2021-04-01 18:00:00,4,-61.3,-62.793296541377174,3.6037479111959896,1.887407090801663
2021-04-01 18:00:00,8,-56.1,-60.78512554935835,3.4,1.900261621680907
2021-04-01 21:00:00,1,-60.4,-59.854091288445574,3.6037479111959896,3.5782499248060957
2021-04-01 21:00:00,2,-61.7,-59.11729616884889,3.6037479111959896,3.01383445363299
2021-04-01 21:00:00,4,-58.5,-58.20200521481186,2.1,2.273872785513171
2021-04-01 21:00:00,8,-56.3,-60.478007679486694,3.8,2.178483018782484
2021-04-02 00:00:00,1,-61.7,-61.88143337079872,3.6037479111959896,3.7358424506461354
2021-04-02 00:00:00,2,-61.3,-61.241289856467255,3.6037479111959896,3.37194134122118
2021-04-02 00:00:00,4,-57.4,-61.55358956945694,3.3,2.3087932248800023
2021-04-02 00:00:00,8,-58.5,-62.66865995717046,3.4,1.9756476904427744
2021-04-02 03:00:00,1,-61.3,-62.5976272055965,3.6037479111959896,3.6628793965975714
2021-04-02 03:00:00,2,-58.5,-61.85596366081232,2.1,3.467927973825977
2021-04-02 03:00:00,4,-56.0,-62.71335119256046,4.1,2.651744656712632
2021-04-02 03:00:00,8,-57.2,-62.619414435024474,2.7,1.9762983030384411
2021-04-02 06:00:00,1,-58.5,-62.041255620838136,2.1,3.2535517900557815
2021-04-02 06:00:00,2,-57.4,-60.81833992448319,3.3,2.72389595131114
2021-04-02 06:00:00,4,-56.1,-61.763958566429764,3.4,2.6848996655727824
2021-04-02 06:00:00,8,-58.6,-63.52110989563609,2.8,1.7966852908223478
2021-04-02 09:00:00,1,-57.4,-59.619676291442026,3.3,2.3977257069208333
2021-04-02 09:00:00,2,-56.0,-59.366243670814974,4.1,2.32779343743246
2021-04-02 09:00:00,4,-56.3,-61.09694468818789,3.8,2.9774548014399325
2021-04-02 09:00:00,8,-55.5,-60.92718384749636,2.7,1.6767312461742616
2021-04-02 12:00:00,1,-56.0,-56.771972502701175,4.1,2.6797046823572592
2021-04-02 12:00:00,2,-56.1,-57.981108257377336,3.4,2.231196075711881
2021-04-02 12:00:00,4,-58.5,-58.74057646236885,3.4,2.5198794214608746
2021-04-02 12:00:00,8,-55.7,-58.13664244577647,2.7,1.9428341438890209
2021-04-02 15:00:00,1,-56.1,-57.65901873718991,3.4,3.344144395286752
2021-04-02 15:00:00,2,-56.3,-58.981953660436005,3.8,2.847392267486888
2021-04-02 15:00:00,4,-57.2,-59.37694311051223,2.7,3.2920424407142583
2021-04-02 15:00:00,8,-54.6,-58.23198850324833,2.3,2.8819499698033733
2021-04-02 18:00:00,1,-56.3,-57.19726910640874,3.8,2.5246901796014614
2021-04-02 18:00:00,2,-58.5,-57.6392726870658,3.4,2.4419981824788115
2021-04-02 18:00:00,4,-58.6,-57.482521572495045,2.8,3.72242195292566
2021-04-02 18:00:00,8,-54.4,-59.85152846642516,1.8,2.8418041547296626
2021-04-02 21:00:00,1,-58.5,-57.117611957987904,3.4,3.1482999798009237
2021-04-02 21:00:00,2,-57.2,-57.55342679539382,2.7,2.823978318707246
2021-04-02 21:00:00,4,-55.5,-58.27622186025936,2.7,2.865146867775178
2021-04-02 21:00:00,8,-52.0,-60.8128540299475,1.1999999999999997,1.9842162401988512
2021-04-03 00:00:00,1,-57.2,-58.77772333189555,2.7,3.2579468375667897
2021-04-03 00:00:00,2,-58.6,-58.90675425163853,2.8,3.0929428027836052
2021-04-03 00:00:00,4,-55.7,-59.6914850225819,2.7,2.469636474276344
2021-04-03 00:00:00,8,-49.65,-60.71425563100807,0.5,1.6925929274526545
2021-04-03 03:00:00,1,-58.6,-57.182067256026755,2.8,2.6316025396077407
2021-04-03 03:00:00,2,-55.5,-56.59642279680778,2.7,2.6048007344845914
2021-04-03 03:00:00,4,-54.6,-58.652159462915066,2.3,2.8469930594469144
2021-04-03 03:00:00,8,-47.3,-61.11702505077123,0.0,1.4749084676781608
2021-04-03 06:00:00,1,-55.5,-57.71758393963785,2.7,2.9247824811129846
2021-04-03 06:00:00,2,-55.7,-57.668037968579156,2.7,3.13783859101519
2021-04-03 06:00:00,4,-54.4,-60.44524289697944,1.8,3.1932732422253873
2021-04-03 06:00:00,8,-47.6,-59.149720874889,0.0,1.6776611497694451
2021-04-03 09:00:00,1,-55.7,-55.301892003953945,2.7,2.8495227811309674
2021-04-03 09:00:00,2,-54.6,-56.121519699958384,2.3,2.989662878696011
2021-04-03 09:00:00,4,-52.0,-59.53024842909968,1.1999999999999997,3.5269027370973447
2021-04-03 09:00:00,8,-50.333333333333336,-57.28175865496758,0.6999999999999997,2.221165380520763
2021-04-03 12:00:00,1,-54.6,-53.88511326779954,2.3,2.5879713989375412
2021-04-03 12:00:00,2,-54.4,-55.16282990918166,1.8,2.6360287527524293
2021-04-03 12:00:00,4,-49.65,-57.23459646143336,0.5,3.0444633132598256
2021-04-03 12:00:00,8,-53.06666666666666,-56.39777743168909,3.6037479111959896,2.3448915065872926
2021-04-03 15:00:00,1,-54.4,-54.87306602614826,1.8,1.8458951065814042
2021-04-03 15:00:00,2,-52.0,-55.43360805076035,1.1999999999999997,2.339370950473135
2021-04-03 15:00:00,4,-47.3,-56.16897189514096,0.0,3.6043947655694852
2021-04-03 15:00:00,8,-55.8,-58.27508022644116,3.6037479111959896,3.3191454780828766
2021-04-03 18:00:00,1,-52.0,-55.14594136598276,1.1999999999999997,1.5560984358858838
2021-04-03 18:00:00,2,-49.65,-55.36149815020677,0.5,2.083234017274921
2021-04-03 18:00:00,4,-47.6,-55.91928155665448,0.0,3.772714954410648
2021-04-03 18:00:00,8,-54.5,-61.62652300264176,3.6037479111959896,3.883811787284973
2021-04-03 21:00:00,1,-49.65,-54.657274538726845,0.5,1.64425244358671
2021-04-03 21:00:00,2,-47.3,-55.046994965065295,0.0,2.1637503385777386
2021-04-03 21:00:00,4,-50.333333333333336,-57.58257322193073,0.6999999999999997,3.6878029057647788
2021-04-03 21:00:00,8,-54.4,-64.24863865200406,3.6037479111959896,3.9839930902384677
2021-04-04 00:00:00,1,-47.3,-49.70883321318838,0.0,1.399710192520779
2021-04-04 00:00:00,2,-47.6,-50.06792334120159,0.0,2.1199957084163437
2021-04-04 00:00:00,4,-53.06666666666666,-53.66685676636707,3.6037479111959896,3.745440132815666
2021-04-04 00:00:00,8,-52.2,-62.61733146666321,3.6037479111959896,3.145751462760374
2021-04-04 03:00:00,1,-47.6,-48.10446015609553,0.0,1.796557748998972
2021-04-04 03:00:00,2,-50.333333333333336,-48.87893819795526,0.6999999999999997,3.0479260844285183
2021-04-04 03:00:00,4,-55.8,-54.12640418587318,3.6037479111959896,4.2592846778333735
2021-04-04 03:00:00,8,-52.9,-61.793739033837625,3.6037479111959896,2.900472327079453
2021-04-04 06:00:00,1,-50.333333333333336,-45.64690549178199,0.6999999999999997,2.167041045589226
2021-04-04 06:00:00,2,-53.06666666666666,-47.05892135614389,3.6037479111959896,3.6005034402776084
2021-04-04 06:00:00,4,-54.5,-53.1656170167154,3.6037479111959896,4.4317882997994555
2021-04-04 06:00:00,8,-54.8,-58.75851045250383,3.6037479111959896,3.0253603527585193
2021-04-04 09:00:00,1,-53.06666666666666,-50.864017493504235,3.6037479111959896,2.377111706397514
2021-04-04 09:00:00,2,-55.8,-53.142260491100515,3.6037479111959896,2.9995176706783844
2021-04-04 09:00:00,4,-54.4,-58.857682370231075,3.6037479111959896,2.845074920001207
2021-04-04 09:00:00,8,-55.8,-61.21124856770112,3.6037479111959896,3.964240130323338
2021-04-04 12:00:00,1,-55.8,-54.629625313246564,3.6037479111959896,3.239862851988405
2021-04-04 12:00:00,2,-54.5,-57.20343443337772,3.6037479111959896,3.012828622129576
2021-04-04 12:00:00,4,-52.2,-61.15176184448734,3.6037479111959896,2.7125247339705663
2021-04-04 12:00:00,8,-52.0,-59.753821327210005,3.6037479111959896,3.8775184087677994
2021-04-04 15:00:00,1,-54.5,-55.78517722919243,3.6037479111959896,3.8329400354503274
2021-04-04 15:00:00,2,-54.4,-57.14252327970728,3.6037479111959896,3.690814021850848
2021-04-04 15:00:00,4,-52.9,-59.27217650259985,3.6037479111959896,3.2178402128108803
2021-04-04 15:00:00,8,-50.4,-59.70060512410971,3.6037479111959896,3.8270000096352916
2021-04-04 18:00:00,1,-54.4,-56.2720392014691,3.6037479111959896,3.9200843192760395
2021-04-04 18:00:00,2,-52.2,-56.998620499035596,3.6037479111959896,3.7573778501990738
2021-04-04 18:00:00,4,-54.8,-58.616690279942915,3.6037479111959896,3.6421115940719417
2021-04-04 18:00:00,8,-48.8,-61.6430167112983,3.6037479111959896,3.521312011652266
2021-04-04 21:00:00,1,-52.2,-56.13194282752608,3.6037479111959896,3.967471305375879
2021-04-04 21:00:00,2,-52.9,-56.439423829896555,3.6037479111959896,3.9299279673449155
2021-04-04 21:00:00,4,-55.8,-57.46091086580955,3.6037479111959896,3.6428363083603497
2021-04-04 21:00:00,8,-52.5,-62.6126813532756,3.6037479111959896,2.9581949730270996
2021-04-05 00:00:00,1,-52.9,-54.790711322021934,3.6037479111959896,3.7624182049498014
2021-04-05 00:00:00,2,-54.8,-55.134639587458096,3.6037479111959896,3.726617716337643
2021-04-05 00:00:00,4,-52.0,-56.88591108821261,3.6037479111959896,3.869669947776227
2021-04-05 00:00:00,8,-53.1,-62.74731777071856,3.6037479111959896,2.9057586477295256
2021-04-05 03:00:00,1,-54.8,-54.664323560159715,3.6037479111959896,4.136990411350849
2021-04-05 03:00:00,2,-55.8,-55.015330747819824,3.6037479111959896,4.097056703874709
2021-04-05 03:00:00,4,-50.4,-56.451977478890846,3.6037479111959896,3.8247102819926333
2021-04-05 03:00:00,8,-53.7,-61.180922681044045,3.6037479111959896,3.4676898593202323
2021-04-05 06:00:00,1,-55.8,-55.47108725136855,3.6037479111959896,3.945549947842795
2021-04-05 06:00:00,2,-52.0,-55.57473330011668,3.6037479111959896,3.659027794825099
2021-04-05 06:00:00,4,-48.8,-56.93239096730957,3.6037479111959896,3.1018904055590717
2021-04-05 06:00:00,8,-53.7,-59.68307461452897,3.6037479111959896,3.073211090952345
2021-04-05 09:00:00,1,-52.0,-56.55884903044467,3.6037479111959896,3.879180264863148
2021-04-05 09:00:00,2,-50.4,-57.32437448725671,3.6037479111959896,3.5727479907579136
2021-04-05 09:00:00,4,-52.5,-59.60625551950662,3.6037479111959896,3.1877263459520537
2021-04-05 09:00:00,8,-54.9,-59.52163916277358,3.6037479111959896,2.4926599062021366
2021-04-05 12:00:00,1,-50.4,-55.52268845150041,3.6037479111959896,2.769429182058804
2021-04-05 12:00:00,2,-48.8,-57.05182409336858,3.6037479111959896,1.8379291812767473
2021-04-05 12:00:00,4,-53.1,-61.10793088727905,3.6037479111959896,2.647128197236085
2021-04-05 12:00:00,8,-54.9,-59.10474215960411,3.6037479111959896,4.539879781830041
2021-04-05 15:00:00,1,-48.8,-49.65935298784499,3.6037479111959896,2.799338486122738
2021-04-05 15:00:00,2,-52.5,-50.687108022118004,3.6037479111959896,2.246834238878404
2021-04-05 15:00:00,4,-53.7,-54.704145289610736,3.6037479111959896,3.461832519743742
2021-04-05 15:00:00,8,-54.5,-60.52385027545825,3.6037479111959896,4.321696671916662
2021-04-05 18:00:00,1,-52.5,-53.53865712464096,3.6037479111959896,3.475133766925764
2021-04-05 18:00:00,2,-53.1,-56.34697310565186,3.6037479111959896,2.978864479837264
2021-04-05 18:00:00,4,-53.7,-60.10738413188062,3.6037479111959896,2.5065227213121672
2021-04-05 18:00:00,8,-56.7,-62.72234880892001,3.6037479111959896,2.3803375760941083
2021-04-05 21:00:00,1,-53.1,-55.810795362382706,3.6037479111959896,3.8222935990483617
2021-04-05 21:00:00,2,-53.7,-58.389305211096016,3.6037479111959896,3.2510335055461073
2021-04-05 21:00:00,4,-54.9,-60.344613405749996,3.6037479111959896,2.2412519380186486
2021-04-05 21:00:00,8,-56.7,-64.14366165780268,3.6037479111959896,2.7784851847201084
2021-04-06 00:00:00,1,-53.7,-56.433731872077814,3.6037479111959896,3.2138143274295308
2021-04-06 00:00:00,2,-53.7,-57.209108018421226,3.6037479111959896,2.449271585541826
2021-04-06 00:00:00,4,-54.9,-59.34963900500601,3.6037479111959896,1.9223794640046015
2021-04-06 00:00:00,8,-56.8,-64.86740850447565,3.6037479111959896,2.8069119750477762
2021-04-06 03:00:00,1,-53.7,-56.34367717387441,3.6037479111959896,3.0990604913726747
2021-04-06 03:00:00,2,-54.9,-57.8517235716484,3.6037479111959896,2.362386384374887
2021-04-06 03:00:00,4,-54.5,-61.60990536781499,3.6037479111959896,1.9892772831717653
2021-04-06 03:00:00,8,-55.7,-64.38198753417839,3.6037479111959896,2.3057497101315465
2021-04-06 06:00:00,1,-54.9,-56.720344283782204,3.6037479111959896,2.884983140440736
2021-04-06 06:00:00,2,-54.9,-58.28685645486755,3.6037479111959896,2.216699603817151
2021-04-06 06:00:00,4,-56.7,-62.686404455545144,3.6037479111959896,2.477466006611019
2021-04-06 06:00:00,8,-56.4,-64.57072709144,3.6037479111959896,2.6067687816003153
2021-04-06 09:00:00,1,-54.9,-57.938797197006856,3.6037479111959896,2.981982109608501
2021-04-06 09:00:00,2,-54.5,-59.719904463620196,3.6037479111959896,2.520929295416675
2021-04-06 09:00:00,4,-56.7,-63.81831151038631,3.6037479111959896,3.0271163455968324
2021-04-06 09:00:00,8,-56.8,-64.4323880194109,3.6037479111959896,2.9555542920895155
2021-04-06 12:00:00,1,-54.5,-57.496351228742114,3.6037479111959896,3.2623295414606943
2021-04-06 12:00:00,2,-56.7,-58.984749924777084,3.6037479111959896,2.96362861728001
2021-04-06 12:00:00,4,-56.8,-62.32534699957951,3.6037479111959896,3.5863537093851416
2021-04-06 12:00:00,8,-56.0,-62.20954952151461,3.6037479111959896,3.107853252402705
2021-04-06 15:00:00,1,-56.7,-57.74038851646329,3.6037479111959896,3.5001950820472
2021-04-06 15:00:00,2,-56.7,-59.495962669003134,3.6037479111959896,3.2822571782208825
2021-04-06 15:00:00,4,-55.7,-62.25897012540109,3.6037479111959896,3.619750948400908
2021-04-06 15:00:00,8,-54.6,-60.926613931213495,3.6037479111959896,3.0729285474230514
2021-04-06 18:00:00,1,-56.7,-59.140740550553204,3.6037479111959896,3.8326965222783547
2021-04-06 18:00:00,2,-56.8,-60.12912596974624,3.6037479111959896,3.5954700571378364
2021-04-06 18:00:00,4,-56.4,-60.92377803931798,3.6037479111959896,3.540142839385572
2021-04-06 18:00:00,8,-55.2,-59.34284684217598,3.6037479111959896,3.0967837738491233
2021-04-06 21:00:00,1,-56.8,-58.59420452480542,3.6037479111959896,3.8444632685678433
2021-04-06 21:00:00,2,-55.7,-58.74909278406727,3.6037479111959896,3.5499437046908477
2021-04-06 21:00:00,4,-56.8,-59.52734625111311,3.6037479111959896,3.4424600524923297
2021-04-06 21:00:00,8,-52.5,-59.27263041822337,3.6037479111959896,2.8707278356309267
2021-04-07 00:00:00,1,-55.7,-58.421488909555066,3.6037479111959896,3.801216539593141
2021-04-07 00:00:00,2,-56.4,-58.551110279859124,3.6037479111959896,3.5352374179654387
2021-04-07 00:00:00,4,-56.0,-59.40618104067484,3.6037479111959896,2.949875161818702
2021-04-07 00:00:00,8,-56.825,-59.462572491636806,3.6037479111959896,2.5255811594796445
2021-04-07 03:00:00,1,-56.4,-57.612321627044544,3.6037479111959896,3.5700253300739084
2021-04-07 03:00:00,2,-56.8,-58.16452151107247,3.6037479111959896,3.1110672850237178
2021-04-07 03:00:00,4,-54.6,-60.41411869522575,3.6037479111959896,2.498679965577744
2021-04-07 03:00:00,8,-61.15,-59.892235331342036,3.6037479111959896,2.4462993065274965
2021-04-07 06:00:00,1,-56.8,-57.80072038733801,3.6037479111959896,3.1151266021455593
2021-04-07 06:00:00,2,-56.0,-58.1493257849489,3.6037479111959896,2.583076288303401
2021-04-07 06:00:00,4,-55.2,-61.02621166502566,3.6037479111959896,1.9212675253822418
2021-04-07 06:00:00,8,-65.475,-60.62819394928967,3.6037479111959896,2.107100974136253
2021-04-07 09:00:00,1,-56.0,-57.825957375504736,3.6037479111959896,2.7475970291538587
2021-04-07 09:00:00,2,-54.6,-58.4614986897644,3.6037479111959896,2.316065454899491
2021-04-07 09:00:00,4,-52.5,-62.24433386829604,3.6037479111959896,2.189812273156922
2021-04-07 09:00:00,8,-69.8,-62.140084580094275,3.6037479111959896,2.4738138955531923
2021-04-07 12:00:00,1,-54.6,-56.39962335522474,3.6037479111959896,2.4174744278832208
2021-04-07 12:00:00,2,-55.2,-57.15080796033751,3.6037479111959896,2.3318541941986286
2021-04-07 12:00:00,4,-56.825,-60.541313057945956,3.6037479111959896,2.5994249959257387
2021-04-07 12:00:00,8,-68.6,-62.9144300497719,3.6037479111959896,2.3484186351894367
2021-04-07 15:00:00,1,-55.2,-55.89338783183564,3.6037479111959896,2.604466310439351
2021-04-07 15:00:00,2,-52.5,-56.29887173907755,3.6037479111959896,2.9206397712604746
2021-04-07 15:00:00,4,-61.15,-59.182563471503144,3.6037479111959896,3.383944215840443
2021-04-07 15:00:00,8,-68.9,-65.62449509344566,3.6037479111959896,1.9825569168111157
2021-04-07 18:00:00,1,-52.5,-56.85389058322773,3.6037479111959896,3.0072384832062604
2021-04-07 18:00:00,2,-56.825,-56.904992836424206,3.6037479111959896,3.2628802320760073
2021-04-07 18:00:00,4,-65.475,-58.91016222131988,3.6037479111959896,3.750161966258955
2021-04-07 18:00:00,8,-67.5,-64.36695644253098,3.6037479111959896,1.977856957963579
2021-04-07 21:00:00,1,-56.825,-55.14646120744683,3.6037479111959896,3.337452208630807
2021-04-07 21:00:00,2,-61.15,-54.797265179149626,3.6037479111959896,3.4468485416236243
2021-04-07 21:00:00,4,-69.8,-56.62541071312695,3.6037479111959896,3.7091903685330365
2021-04-07 21:00:00,8,-66.0,-64.15798233547424,3.6037479111959896,2.8454103038093326
2021-04-08 00:00:00,1,-61.15,-58.26073793373991,3.6037479111959896,3.7117263020157614
2021-04-08 00:00:00,2,-65.475,-58.86220279344054,3.6037479111959896,3.645641395347119
2021-04-08 00:00:00,4,-68.6,-60.642103941397096,3.6037479111959896,3.7883728460364727
2021-04-08 00:00:00,8,-65.7,-64.81533357494305,3.6037479111959896,3.0646769860198053
2021-04-08 03:00:00,1,-65.475,-67.66700588313526,3.6037479111959896,3.436393791197845
2021-04-08 03:00:00,2,-69.8,-67.3079744759527,3.6037479111959896,3.4945911665274734
2021-04-08 03:00:00,4,-68.9,-67.10323259170956,3.6037479111959896,3.8620085339068964
2021-04-08 03:00:00,8,-64.7,-66.2311698958029,3.6037479111959896,3.1104338948398196
2021-04-08 06:00:00,1,-69.8,-72.72888558637305,3.6037479111959896,3.264352934902783
2021-04-08 06:00:00,2,-68.6,-72.38414171381655,3.6037479111959896,3.416389719987903
2021-04-08 06:00:00,4,-67.5,-72.15420102795912,3.6037479111959896,3.71287105919677
2021-04-08 06:00:00,8,-64.8,-69.82515852267598,3.6037479111959896,3.315535489951667
2021-04-08 09:00:00,1,-68.6,-71.92187836582971,3.6037479111959896,3.0865180967116763
2021-04-08 09:00:00,2,-68.9,-70.95359996775662,3.6037479111959896,3.2604010045837337
2021-04-08 09:00:00,4,-66.0,-69.64617166681116,3.6037479111959896,3.4558771110624673
2021-04-08 09:00:00,8,-64.6,-68.28727221616248,3.6037479111959896,3.590839917707669
2021-04-08 12:00:00,1,-68.9,-70.04673275104084,3.6037479111959896,3.177155464217197
2021-04-08 12:00:00,2,-67.5,-69.53546957174551,3.6037479111959896,3.259539270813461
2021-04-08 12:00:00,4,-65.7,-68.98521864289476,3.6037479111959896,3.390939207686585
2021-04-08 12:00:00,8,-64.6,-67.13583958450006,3.6037479111959896,3.546348682862125
2021-04-08 15:00:00,1,-67.5,-70.52671898237267,3.6037479111959896,3.319389551116532
2021-04-08 15:00:00,2,-66.0,-70.18754890547258,3.6037479111959896,3.2962473485337282
2021-04-08 15:00:00,4,-64.7,-69.29018941981707,3.6037479111959896,3.385320249216641
2021-04-08 15:00:00,8,-64.8,-66.60479433003114,3.6037479111959896,3.6347495895651014
2021-04-08 18:00:00,1,-66.0,-69.4248496137927,3.6037479111959896,3.3205872285566134
2021-04-08 18:00:00,2,-65.7,-69.0099851439152,3.6037479111959896,3.2471698734124725
2021-04-08 18:00:00,4,-64.8,-68.49713398043855,3.6037479111959896,3.535428444104641
2021-04-08 18:00:00,8,-65.5,-66.97208556055978,3.6037479111959896,3.6457126644063456
2021-04-08 21:00:00,1,-65.7,-66.93283843064806,3.6037479111959896,3.3684535362372383
2021-04-08 21:00:00,2,-64.7,-66.54273613878506,3.6037479111959896,3.257908580351793
2021-04-08 21:00:00,4,-64.6,-66.3989731353054,3.6037479111959896,3.553754209949789
2021-04-08 21:00:00,8,-65.0,-65.62179177373224,3.6037479111959896,3.688742313678531
2021-04-09 00:00:00,1,-64.7,-66.57520767738951,3.6037479111959896,3.434860796599839
2021-04-09 00:00:00,2,-64.8,-65.8875672968141,3.6037479111959896,3.3838262983059963
2021-04-09 00:00:00,4,-64.6,-65.29518147008486,3.6037479111959896,3.6360367615616926
2021-04-09 00:00:00,8,-65.7,-65.45249565617908,3.6037479111959896,3.581733967386228
2021-04-09 03:00:00,1,-64.8,-65.46242560081933,3.6037479111959896,3.444448227968557
2021-04-09 03:00:00,2,-64.6,-64.91048725865066,3.6037479111959896,3.34944540564098
2021-04-09 03:00:00,4,-64.8,-64.70846022213675,3.6037479111959896,3.620695005166134
2021-04-09 03:00:00,8,-65.1,-64.26900433297932,3.6037479111959896,3.606284502032316
2021-04-09 06:00:00,1,-64.6,-64.6498193670849,3.6037479111959896,3.462788363596899
2021-04-09 06:00:00,2,-64.6,-63.77576160393774,3.6037479111959896,3.390955470335469
2021-04-09 06:00:00,4,-65.5,-63.06391815411585,3.6037479111959896,3.4831825917496073
2021-04-09 06:00:00,8,-65.7,-61.003523809360544,3.6037479111959896,3.7136177147311304
2021-04-09 09:00:00,1,-64.6,-65.41828771018942,3.6037479111959896,3.4486858743664355
2021-04-09 09:00:00,2,-64.8,-65.55654752710966,3.6037479111959896,3.355811139615646
2021-04-09 09:00:00,4,-65.0,-65.7808265161899,3.6037479111959896,3.5222110162145706
2021-04-09 09:00:00,8,-64.5,-62.06160256878766,3.6037479111959896,3.6769185947977894
2021-04-09 12:00:00,1,-64.8,-65.67417075468249,3.6037479111959896,3.471738125838857
2021-04-09 12:00:00,2,-65.5,-65.92334737596332,3.6037479111959896,3.389936628712948
2021-04-09 12:00:00,4,-65.7,-65.9836878928499,3.6037479111959896,3.4854405672368225
2021-04-09 12:00:00,8,-64.5,-61.55341088521149,3.6037479111959896,3.6368593749968743
2021-04-09 15:00:00,1,-65.5,-66.16913620159049,3.6037479111959896,3.489803982562748
2021-04-09 15:00:00,2,-65.0,-66.23823080550211,3.6037479111959896,3.4819947318840367
2021-04-09 15:00:00,4,-65.1,-65.51315895750906,3.6037479111959896,3.60313017132826
2021-04-09 15:00:00,8,-65.3,-61.48435734985628,3.6037479111959896,3.5008818323814928
2021-04-09 18:00:00,1,-65.0,-66.7125812780924,3.6037479111959896,3.620520208350715
2021-04-09 18:00:00,2,-65.7,-66.29713896642116,3.6037479111959896,3.653791808406325
2021-04-09 18:00:00,4,-65.7,-64.50469245523169,3.6037479111959896,3.733760618308386
2021-04-09 18:00:00,8,-66.9,-61.844808864489565,3.6037479111959896,3.2971465397165938
2021-04-09 21:00:00,1,-65.7,-65.94440041488276,3.6037479111959896,3.808660140607751
2021-04-09 21:00:00,2,-65.1,-65.48234601218294,3.6037479111959896,3.7750637474608504
2021-04-09 21:00:00,4,-64.5,-63.690625765991115,3.6037479111959896,3.6853224385787793
2021-04-09 21:00:00,8,-66.0,-62.089872866121084,3.6037479111959896,3.3597531523848834
2021-04-10 00:00:00,1,-65.1,-65.8809127496731,3.6037479111959896,3.864154030516013
2021-04-10 00:00:00,2,-65.7,-65.39083374047735,3.6037479111959896,3.797843959475552
2021-04-10 00:00:00,4,-64.5,-63.6168234086127,3.6037479111959896,3.4916687751881006
2021-04-10 00:00:00,8,-66.5,-62.74348470545328,3.6037479111959896,3.346123399695412
2021-04-10 03:00:00,1,-65.7,-65.20663045744699,3.6037479111959896,3.71793708760467
2021-04-10 03:00:00,2,-64.5,-64.69511798480923,3.6037479111959896,3.5694513118884754
2021-04-10 03:00:00,4,-65.3,-64.07998738283668,3.6037479111959896,3.3573424146384827
2021-04-10 03:00:00,8,-63.0,-63.45461197729139,3.6037479111959896,3.4837263640741245
2021-04-10 06:00:00,1,-64.5,-65.96073129031564,3.6037479111959896,3.399468860385742
2021-04-10 06:00:00,2,-64.5,-65.50655196343338,3.6037479111959896,3.308089009648402
2021-04-10 06:00:00,4,-66.9,-65.65469561293052,3.6037479111959896,3.2602467493600606
2021-04-10 06:00:00,8,-62.45,-64.97933977422974,3.6037479111959896,3.542960213336775
2021-04-10 09:00:00,1,-64.5,-64.84065053871964,3.6037479111959896,3.1304885668818616
2021-04-10 09:00:00,2,-65.3,-64.71031623268625,3.6037479111959896,3.018228674681514
2021-04-10 09:00:00,4,-66.0,-65.49745924094319,3.6037479111959896,3.2650081063721528
2021-04-10 09:00:00,8,-61.9,-64.55598708219242,3.6037479111959896,3.566784380769487
2021-04-10 12:00:00,1,-65.3,-65.20644600919363,3.6037479111959896,3.1170557255442826
2021-04-10 12:00:00,2,-66.9,-65.30239944899982,3.6037479111959896,2.991238702712757
2021-04-10 12:00:00,4,-66.5,-66.41536885582732,3.6037479111959896,3.275156425836836
2021-04-10 12:00:00,8,-61.1,-64.73138079962155,3.6037479111959896,3.3884460769625204
2021-04-10 15:00:00,1,-66.9,-66.07460358973601,3.6037479111959896,3.20316290559258
2021-04-10 15:00:00,2,-66.0,-66.0703036398294,3.6037479111959896,3.1843400092331144
2021-04-10 15:00:00,4,-63.0,-66.19067341717503,3.6037479111959896,3.473489359852865
2021-04-10 15:00:00,8,-60.5,-64.60025610400245,3.6037479111959896,3.4050136371827047
2021-04-10 18:00:00,1,-66.0,-66.99131429097326,3.6037479111959896,3.570270376200489
2021-04-10 18:00:00,2,-66.5,-66.41058184725166,3.6037479111959896,3.500736235018844
2021-04-10 18:00:00,4,-62.45,-64.87818431727781,3.6037479111959896,3.46138103128662
2021-04-10 18:00:00,8,-61.4,-63.353609266549284,3.6037479111959896,3.5651220314626557
2021-04-10 21:00:00,1,-66.5,-64.97513637145575,3.6037479111959896,3.7518882997581153
2021-04-10 21:00:00,2,-63.0,-63.49628647503746,3.6037479111959896,3.7095687283903427
2021-04-10 21:00:00,4,-61.9,-62.47205541110514,3.6037479111959896,3.79411877313807
2021-04-10 21:00:00,8,-63.5,-62.8409908248923,3.6037479111959896,3.5230777620799087
2021-04-11 00:00:00,1,-63.0,-64.34263953412812,3.6037479111959896,3.773762722220118
2021-04-11 00:00:00,2,-62.45,-62.724640002067304,3.6037479111959896,3.749302378625133
2021-04-11 00:00:00,4,-61.1,-61.29085023754574,3.6037479111959896,3.6757200775651846
2021-04-11 00:00:00,8,-61.9,-61.67350254917509,3.6037479111959896,3.521648341893236
2021-04-11 03:00:00,1,-62.45,-61.17117358215222,3.6037479111959896,3.654922629030442
2021-04-11 03:00:00,2,-61.9,-59.96626248502925,3.6037479111959896,3.586128098456981
2021-04-11 03:00:00,4,-60.5,-60.25056352955863,3.6037479111959896,3.8715090934044873
2021-04-11 03:00:00,8,-62.9,-60.87559453563084,3.6037479111959896,3.5849360962814596
2021-04-11 06:00:00,1,-61.9,-60.82826050261056,3.6037479111959896,3.5224843220260964
2021-04-11 06:00:00,2,-61.1,-59.8502229186318,3.6037479111959896,3.671414441297936
2021-04-11 06:00:00,4,-61.4,-61.588539631466,3.6037479111959896,3.8099099118444197
2021-04-11 06:00:00,8,-61.5,-60.68887814514835,3.6037479111959896,3.6652009163857935
2021-04-11 09:00:00,1,-61.1,-60.75236941286297,3.6037479111959896,3.5195521797624134
2021-04-11 09:00:00,2,-60.5,-60.480443693332916,3.6037479111959896,3.6186569686750305
2021-04-11 09:00:00,4,-63.5,-62.205931165544264,3.6037479111959896,3.7800036603596614
2021-04-11 09:00:00,8,-59.1,-61.27383272466968,3.6037479111959896,3.71585902766826
2021-04-11 12:00:00,1,-60.5,-60.3575161374738,3.6037479111959896,3.5853684328035134
2021-04-11 12:00:00,2,-61.4,-60.671576754882345,3.6037479111959896,3.719760050564287
2021-04-11 12:00:00,4,-61.9,-62.75790985576835,3.6037479111959896,3.771689461098133
2021-04-11 12:00:00,8,-57.3,-61.68882112071741,3.6037479111959896,3.7409451100041435
2021-04-11 15:00:00,1,-61.4,-60.626593716591515,3.6037479111959896,3.668904488063305
2021-04-11 15:00:00,2,-63.5,-61.376458724141614,3.6037479111959896,3.7655510043066367
2021-04-11 15:00:00,4,-62.9,-63.45565454222351,3.6037479111959896,3.686906740501009
2021-04-11 15:00:00,8,-55.5,-63.1250389735743,3.6037479111959896,3.680330818454542
2021-04-11 18:00:00,1,-63.5,-61.50193253049838,3.6037479111959896,3.6279267785140146
2021-04-11 18:00:00,2,-61.9,-62.27943019200601,3.6037479111959896,3.6317534664415994
2021-04-11 18:00:00,4,-61.5,-63.835251929656465,3.6037479111959896,3.54851908998362
2021-04-11 18:00:00,8,-53.1,-64.63028082124582,3.6037479111959896,3.332175005728141
2021-04-11 21:00:00,1,-61.9,-63.914118688491584,3.6037479111959896,3.687325930271045
2021-04-11 21:00:00,2,-62.9,-64.32115635611781,3.6037479111959896,3.607790639932094
2021-04-11 21:00:00,4,-59.1,-65.21560501777488,3.6037479111959896,3.4474928891004586
2021-04-11 21:00:00,8,-57.1,-66.0093117900481,3.6037479111959896,3.016607741809176
2021-04-12 00:00:00,1,-62.9,-62.34936850257659,3.6037479111959896,3.5772312498090755
2021-04-12 00:00:00,2,-61.5,-62.352328320642336,3.6037479111959896,3.4139300076742907
2021-04-12 00:00:00,4,-57.3,-64.21674855769831,3.6037479111959896,3.4500039087382954
2021-04-12 00:00:00,8,-61.099999999999994,-64.31232085248095,3.6037479111959896,2.5659657422310636
2021-04-12 03:00:00,1,-61.5,-62.86112090204393,3.6037479111959896,3.537518820998074
2021-04-12 03:00:00,2,-59.1,-62.654519404746324,3.6037479111959896,3.529148682223398
2021-04-12 03:00:00,4,-55.5,-63.776271718638455,3.6037479111959896,3.4109915069814947
2021-04-12 03:00:00,8,-65.1,-62.73396832838113,3.6037479111959896,2.567850929817721
2021-04-12 06:00:00,1,-59.1,-61.496739879865515,3.6037479111959896,3.3886095432438816
2021-04-12 06:00:00,2,-57.3,-61.03881899134368,3.6037479111959896,3.2582530819073248
2021-04-12 06:00:00,4,-53.1,-62.201917975031556,3.6037479111959896,3.451305760441512
2021-04-12 06:00:00,8,-69.1,-61.11937244299572,3.6037479111959896,3.0053198105589507
2021-04-12 09:00:00,1,-57.3,-59.259048254066265,3.6037479111959896,3.338342575327147
2021-04-12 09:00:00,2,-55.5,-59.3498782113346,3.6037479111959896,3.2892886677167326
2021-04-12 09:00:00,4,-57.1,-61.53963490628816,3.6037479111959896,3.574352021139445
2021-04-12 09:00:00,8,-69.8,-61.14933303565101,3.6037479111959896,3.3475130830326405
2021-04-12 12:00:00,1,-55.5,-56.166840292962895,3.6037479111959896,3.7118760250258114
2021-04-12 12:00:00,2,-53.1,-56.45816730289348,3.6037479111959896,3.65301909264363
2021-04-12 12:00:00,4,-61.099999999999994,-60.06782430453937,3.6037479111959896,3.5654432021155578
2021-04-12 12:00:00,8,-67.9,-63.74507906929075,3.6037479111959896,3.561984913172838
2021-04-12 15:00:00,1,-53.1,-57.126889849232455,3.6037479111959896,3.8019425868855556
2021-04-12 15:00:00,2,-57.1,-58.60569111183394,3.6037479111959896,3.841864257335514
2021-04-12 15:00:00,4,-65.1,-62.3117165618561,3.6037479111959896,3.690129557618427
2021-04-12 15:00:00,8,-69.0,-64.97008710051983,3.6037479111959896,3.668743107933215
2021-04-12 18:00:00,1,-57.1,-55.79338229446329,3.6037479111959896,4.127356418152171
2021-04-12 18:00:00,2,-61.099999999999994,-58.06167179604323,3.6037479111959896,4.156459894633881
2021-04-12 18:00:00,4,-69.1,-62.91720830158824,3.6037479111959896,3.901889507744525
2021-04-12 18:00:00,8,-68.6,-66.51705316050571,3.6037479111959896,3.520027449011018
2021-04-12 21:00:00,1,-61.099999999999994,-60.649263559731885,3.6037479111959896,4.007415996805036
2021-04-12 21:00:00,2,-65.1,-63.42613273467096,3.6037479111959896,3.689599975121563
2021-04-12 21:00:00,4,-69.8,-66.27871143310821,3.6037479111959896,3.3296248357626226
2021-04-12 21:00:00,8,-69.3,-67.20951513370429,3.6037479111959896,3.997990805353992
2021-04-13 00:00:00,1,-65.1,-66.57264269386613,3.6037479111959896,3.8110259294590407
2021-04-13 00:00:00,2,-69.1,-67.61310520409472,3.6037479111959896,3.5187723124332217
2021-04-13 00:00:00,4,-67.9,-67.75740426031075,3.6037479111959896,3.476926723965187
2021-04-13 00:00:00,8,-64.9,-65.3117241728087,3.6037479111959896,3.727299254626269
2021-04-13 03:00:00,1,-69.1,-71.57406371805502,3.6037479111959896,3.353459880508031
2021-04-13 03:00:00,2,-69.8,-71.45107852211673,3.6037479111959896,3.22280709238075
2021-04-13 03:00:00,4,-69.0,-70.28346776123126,3.6037479111959896,3.376594724908717
2021-04-13 03:00:00,8,-64.45,-64.41119232129547,3.6037479111959896,4.031057009487205
2021-04-13 06:00:00,1,-69.8,-72.61198430079192,3.6037479111959896,2.7910845253122796
2021-04-13 06:00:00,2,-67.9,-71.18296713482623,3.6037479111959896,2.8818792672708495
2021-04-13 06:00:00,4,-68.6,-70.72237390813355,3.6037479111959896,3.0966739876391185
2021-04-13 06:00:00,8,-64.0,-65.28164757949406,3.6037479111959896,3.960194703103248
2021-04-13 09:00:00,1,-67.9,-71.70115865163865,3.6037479111959896,2.8161621697327996
2021-04-13 09:00:00,2,-69.0,-70.97941840022204,3.6037479111959896,2.910814145405771
2021-04-13 09:00:00,4,-69.3,-71.77767441574433,3.6037479111959896,3.031006904411406
2021-04-13 09:00:00,8,-61.8,-68.42153901659772,3.6037479111959896,3.6581082553360686
2021-04-13 12:00:00,1,-69.0,-68.10382834117529,3.6037479111959896,3.1996808858460284
2021-04-13 12:00:00,2,-68.6,-68.74364763006137,3.6037479111959896,3.162078575717801
2021-04-13 12:00:00,4,-64.9,-69.84747676133337,3.6037479111959896,3.2719099478982963
2021-04-13 12:00:00,8,-59.6,-66.30433821231037,3.6037479111959896,3.2679092829527567
2021-04-13 15:00:00,1,-68.6,-69.25574514950279,3.6037479111959896,3.0826900291249446
2021-04-13 15:00:00,2,-69.3,-69.93509688669252,3.6037479111959896,3.0380237308631806
2021-04-13 15:00:00,4,-64.45,-70.23859928259779,3.6037479111959896,3.427471075607186
2021-04-13 15:00:00,8,-57.400000000000006,-67.99454131005344,3.6037479111959896,3.250507048943639
2021-04-13 18:00:00,1,-69.3,-68.64003238273057,3.6037479111959896,3.2007322527663167
2021-04-13 18:00:00,2,-64.9,-68.70196376580245,3.6037479111959896,3.039482837049086
2021-04-13 18:00:00,4,-64.0,-68.93973773842004,3.6037479111959896,3.524291622188633
2021-04-13 18:00:00,8,-55.2,-69.2760099603395,3.6037479111959896,3.6162986946338296
2021-04-13 21:00:00,1,-64.9,-68.13534305446538,3.6037479111959896,3.249808874765008
2021-04-13 21:00:00,2,-64.45,-67.97084979650965,3.6037479111959896,3.0867848574735284
2021-04-13 21:00:00,4,-61.8,-67.57880935698432,3.6037479111959896,3.6053526355887326
2021-04-13 21:00:00,8,-52.6,-68.2346641158975,3.6037479111959896,3.7514781477552455
2021-04-14 00:00:00,1,-64.45,-63.39344576627059,3.6037479111959896,3.585818314990808
2021-04-14 00:00:00,2,-64.0,-63.430228782797485,3.6037479111959896,3.433427350741065
2021-04-14 00:00:00,4,-59.6,-66.07520736956539,3.6037479111959896,3.63766339969118
2021-04-14 00:00:00,8,-56.4,-67.43295978263845,3.6037479111959896,3.624193964061103
2021-04-14 03:00:00,1,-64.0,-63.80436621373038,3.6037479111959896,3.603102378194717
2021-04-14 03:00:00,2,-61.8,-62.71815405215789,3.6037479111959896,3.6980747413807373
2021-04-14 03:00:00,4,-57.400000000000006,-64.73670097892959,3.6037479111959896,3.4369499471295857
2021-04-14 03:00:00,8,-57.55,-62.79194416101949,3.6037479111959896,3.707814508447359
2021-04-14 06:00:00,1,-61.8,-63.147367299245545,3.6037479111959896,3.414790301800236
2021-04-14 06:00:00,2,-59.6,-62.18201917869763,3.6037479111959896,3.3012323569580913
2021-04-14 06:00:00,4,-55.2,-64.31961448399983,3.6037479111959896,3.234713510830077
2021-04-14 06:00:00,8,-58.7,-64.73269211142282,3.6037479111959896,3.6437667051670157
2021-04-14 09:00:00,1,-59.6,-59.24388891324268,3.6037479111959896,3.3970733188850195
2021-04-14 09:00:00,2,-57.400000000000006,-58.17508657733515,3.6037479111959896,3.2974738721805177
2021-04-14 09:00:00,4,-52.6,-60.54548764068036,3.6037479111959896,3.1220637682778842
2021-04-14 09:00:00,8,-55.9,-60.63725280823334,3.6037479111959896,3.5534414772122505
2021-04-14 12:00:00,1,-57.400000000000006,-57.23542179531708,3.6037479111959896,3.5449510514885056
2021-04-14 12:00:00,2,-55.2,-57.41080362447987,3.6037479111959896,3.5461110515703327
2021-04-14 12:00:00,4,-56.4,-60.39477900765984,3.6037479111959896,3.5044470982282725
2021-04-14 12:00:00,8,-59.0,-60.592235906396,3.6037479111959896,3.4131411092429524
2021-04-14 15:00:00,1,-55.2,-55.580762992774346,3.6037479111959896,3.9536309647134042
2021-04-14 15:00:00,2,-52.6,-56.39807175634339,3.6037479111959896,4.233032283641691
2021-04-14 15:00:00,4,-57.55,-58.7721156726926,3.6037479111959896,4.681072845920181
2021-04-14 15:00:00,8,-60.833333333333336,-58.02319163943506,3.6037479111959896,3.405970014237464
2021-04-14 18:00:00,1,-52.6,-55.58733288104906,3.6037479111959896,4.214039429271351
2021-04-14 18:00:00,2,-56.4,-56.60414512641554,3.6037479111959896,4.2285186787543125
2021-04-14 18:00:00,4,-58.7,-58.994973833821135,3.6037479111959896,4.193203936802253
2021-04-14 18:00:00,8,-62.666666666666664,-62.15557607187412,3.6037479111959896,3.460272091923275
2021-04-14 21:00:00,1,-56.4,-54.714390993809715,3.6037479111959896,3.7438776654990686
2021-04-14 21:00:00,2,-57.55,-55.53893520844272,3.6037479111959896,3.6693206119241255
2021-04-14 21:00:00,4,-55.9,-58.019775023741836,3.6037479111959896,3.49120992854886
2021-04-14 21:00:00,8,-64.5,-64.39462944454392,3.6037479111959896,4.035464613895958
2021-04-15 00:00:00,1,-57.55,-58.03487816548823,3.6037479111959896,3.832144871900157
2021-04-15 00:00:00,2,-58.7,-58.4191116165395,3.6037479111959896,3.688939604936566
2021-04-15 00:00:00,4,-59.0,-59.59007450827961,3.6037479111959896,3.3136077262170307
2021-04-15 00:00:00,8,-67.3,-64.60204438745892,3.6037479111959896,3.9170451234605657
2021-04-15 03:00:00,1,-58.7,-61.348926219821664,3.6037479111959896,3.4344399805649144
2021-04-15 03:00:00,2,-55.9,-61.33090432856594,3.6037479111959896,3.1010790860003383
2021-04-15 03:00:00,4,-60.833333333333336,-62.80314002589866,3.6037479111959896,3.098897438322556
2021-04-15 03:00:00,8,-67.2,-66.02938638862352,3.6037479111959896,4.0384626465477
2021-04-15 06:00:00,1,-55.9,-57.78325184084239,3.6037479111959896,3.513868450627776
2021-04-15 06:00:00,2,-59.0,-57.842067777634746,3.6037479111959896,3.3655053312752727
2021-04-15 06:00:00,4,-62.666666666666664,-61.123244415314446,3.6037479111959896,3.323232068466698
2021-04-15 06:00:00,8,-67.5,-67.10963064049821,3.6037479111959896,3.8048605193265255
2021-04-15 09:00:00,1,-59.0,-57.066013279609514,3.6037479111959896,3.227246022383664
2021-04-15 09:00:00,2,-60.833333333333336,-57.69648586940654,3.6037479111959896,3.1232589929905923
2021-04-15 09:00:00,4,-64.5,-62.39012147955681,3.6037479111959896,3.432128684917425
2021-04-15 09:00:00,8,-68.0,-68.26871787467536,3.6037479111959896,3.6037592792367863
2021-04-15 12:00:00,1,-60.833333333333336,-59.983994734887105,3.6037479111959896,3.195343024206914
2021-04-15 12:00:00,2,-62.666666666666664,-61.867294259376564,3.6037479111959896,3.3085644121974074
2021-04-15 12:00:00,4,-67.3,-66.43276895472893,3.6037479111959896,3.451741199530392
2021-04-15 12:00:00,8,-66.9,-69.03181055989563,3.6037479111959896,3.5546656147818676
2021-04-15 15:00:00,1,-62.666666666666664,-62.08237028931519,3.6037479111959896,3.310662293903399
2021-04-15 15:00:00,2,-64.5,-63.69408993474966,3.6037479111959896,3.439506648814737
2021-04-15 15:00:00,4,-67.2,-66.30886007652182,3.6037479111959896,3.9845195201808554
2021-04-15 15:00:00,8,-66.9,-66.04591756333153,3.6037479111959896,3.3110956801661082
2021-04-15 18:00:00,1,-64.5,-64.30339528622036,3.6037479111959896,3.372760605483794
2021-04-15 18:00:00,2,-67.3,-65.23898383388912,3.6037479111959896,3.4851560308665386
2021-04-15 18:00:00,4,-67.5,-65.40477975763426,3.6037479111959896,3.5856643197029157
2021-04-15 18:00:00,8,-67.5,-65.92801045836875,3.6037479111959896,3.7892423512201057
2021-04-15 21:00:00,1,-67.3,-63.77746126577247,3.6037479111959896,3.4255302351032424
2021-04-15 21:00:00,2,-67.2,-63.496370773653254,3.6037479111959896,3.433294850142784
2021-04-15 21:00:00,4,-68.0,-63.486752805941556,3.6037479111959896,3.6250961178453736
2021-04-15 21:00:00,8,-65.5,-65.64429301964103,3.6037479111959896,3.9630928670947965
2021-04-16 00:00:00,1,-67.2,-67.26245322342255,3.6037479111959896,3.5482564482041488
2021-04-16 00:00:00,2,-67.5,-66.40701680835457,3.6037479111959896,3.6507320843291455
2021-04-16 00:00:00,4,-66.9,-66.05643975978532,3.6037479111959896,3.6846213717814527
2021-04-16 00:00:00,8,-63.9,-67.45847992769413,3.6037479111959896,4.025969999596238
2021-04-16 03:00:00,1,-67.5,-66.89358841873238,3.6037479111959896,3.562802174596932
2021-04-16 03:00:00,2,-68.0,-65.69289081139726,3.6037479111959896,3.6209088390038944
2021-04-16 03:00:00,4,-66.9,-66.72856054904229,3.6037479111959896,3.859529466375104
2021-04-16 03:00:00,8,-62.300000000000004,-68.2380331785254,3.6037479111959896,4.036021383009542
2021-04-16 06:00:00,1,-68.0,-66.83664002050536,3.6037479111959896,3.4716232075634257
2021-04-16 06:00:00,2,-66.9,-66.93416991647705,3.6037479111959896,3.4317122011455226
2021-04-16 06:00:00,4,-67.5,-68.56584383682166,3.6037479111959896,3.6315531492644686
2021-04-16 06:00:00,8,-60.7,-67.16401261419986,3.6037479111959896,3.8523501467348935
2021-04-16 09:00:00,1,-66.9,-66.67468004402946,3.6037479111959896,3.4181763185982135
2021-04-16 09:00:00,2,-66.9,-67.21731815942289,3.6037479111959896,3.3443082214791944
2021-04-16 09:00:00,4,-65.5,-68.62807783030922,3.6037479111959896,3.6042851393199613
2021-04-16 09:00:00,8,-59.2,-65.29460074628714,3.6037479111959896,3.885889647270781
2021-04-16 12:00:00,1,-66.9,-66.67475929913833,3.6037479111959896,3.215718630293647
2021-04-16 12:00:00,2,-67.5,-67.073010457195,3.6037479111959896,3.1670727552097313
2021-04-16 12:00:00,4,-63.9,-67.27289904677143,3.6037479111959896,3.6321010539014074
2021-04-16 12:00:00,8,-56.4,-63.08797568216241,3.6037479111959896,3.787941739210615
2021-04-16 15:00:00,1,-67.5,-66.80366701321208,3.6037479111959896,3.1509606557986105
2021-04-16 15:00:00,2,-65.5,-67.02972275773296,3.6037479111959896,3.156308694534201
2021-04-16 15:00:00,4,-62.300000000000004,-66.03389096081122,3.6037479111959896,3.6614965982260386
2021-04-16 15:00:00,8,-57.3,-62.383522410992015,3.6037479111959896,3.6916053663445387
2021-04-16 18:00:00,1,-65.5,-67.8245419835343,3.6037479111959896,3.207360961771455
2021-04-16 18:00:00,2,-63.9,-67.51861726330162,3.6037479111959896,3.271392795663796
2021-04-16 18:00:00,4,-60.7,-66.06702391932421,3.6037479111959896,3.589520280398491
2021-04-16 18:00:00,8,-58.2,-63.833558031829654,3.6037479111959896,3.5362628679553234
2021-04-16 21:00:00,1,-63.9,-65.4679042903451,3.6037479111959896,3.586842701909997
2021-04-16 21:00:00,2,-62.300000000000004,-65.25057669481363,3.6037479111959896,3.5827899098427696
2021-04-16 21:00:00,4,-59.2,-65.26561931447688,3.6037479111959896,3.661867046704564
2021-04-16 21:00:00,8,-57.1,-65.3654101425543,3.6037479111959896,3.7402329926036004
2021-04-17 00:00:00,1,-62.300000000000004,-62.906334500651475,3.6037479111959896,3.701625837394924
2021-04-17 00:00:00,2,-60.7,-62.01811961355742,3.6037479111959896,3.8470847009275677
2021-04-17 00:00:00,4,-56.4,-61.85441458368443,3.6037479111959896,3.9122130639159494
2021-04-17 00:00:00,8,-57.0,-62.851939557932,3.6037479111959896,3.7791483116785813
2021-04-17 03:00:00,1,-60.7,-61.265503733228584,3.6037479111959896,3.7285241120180497
2021-04-17 03:00:00,2,-59.2,-60.44845705189455,3.6037479111959896,3.7995961132623255
2021-04-17 03:00:00,4,-57.3,-62.39634516710596,3.6037479111959896,3.831528650807867
2021-04-17 03:00:00,8,-54.7,-64.901217292917,3.6037479111959896,3.902983264192231
2021-04-17 06:00:00,1,-59.2,-60.873198149339046,3.6037479111959896,3.5275599613928854
2021-04-17 06:00:00,2,-56.4,-60.76608631070515,3.6037479111959896,3.496691794221719
2021-04-17 06:00:00,4,-58.2,-63.4152301136946,3.6037479111959896,3.8707241406650095
2021-04-17 06:00:00,8,-57.3,-65.3563174200641,3.6037479111959896,4.000478244150948
2021-04-17 09:00:00,1,-56.4,-58.658252739785084,3.6037479111959896,3.3817071685161353
2021-04-17 09:00:00,2,-57.3,-58.995811776472166,3.6037479111959896,3.392938180495268
2021-04-17 09:00:00,4,-57.1,-61.9975262542694,3.6037479111959896,3.8336373831664745
2021-04-17 09:00:00,8,-57.4,-63.354915534843634,3.6037479111959896,3.9898274621559198
2021-04-17 12:00:00,1,-57.3,-58.2618943378284,3.6037479111959896,3.546357197425219
2021-04-17 12:00:00,2,-58.2,-59.967751760574984,3.6037479111959896,3.6515499089474326
2021-04-17 12:00:00,4,-57.0,-64.2210989426742,3.6037479111959896,3.9292315260714927
2021-04-17 12:00:00,8,-57.4,-64.52525339197517,3.6037479111959896,4.000766572917631
2021-04-17 15:00:00,1,-58.2,-58.39628146192892,3.6037479111959896,3.7514001803508847
2021-04-17 15:00:00,2,-57.1,-59.8795732469488,3.6037479111959896,3.8566783041048374
2021-04-17 15:00:00,4,-54.7,-63.03113968208979,3.6037479111959896,4.087242968415747
2021-04-17 15:00:00,8,-57.3,-64.75508240017919,3.6037479111959896,3.890046060404482
2021-04-17 18:00:00,1,-57.1,-59.55059897955416,3.6037479111959896,3.7865551484426825
2021-04-17 18:00:00,2,-57.0,-60.92669174532038,3.6037479111959896,3.8525621210320637
2021-04-17 18:00:00,4,-57.3,-63.609786995947154,3.6037479111959896,3.7757443793067518
2021-04-17 18:00:00,8,-58.9,-66.64070698136246,3.6037479111959896,3.555150548309522
2021-04-17 21:00:00,1,-57.0,-59.63137938901796,3.6037479111959896,4.3399411245173924
2021-04-17 21:00:00,2,-54.7,-60.52113182522406,3.6037479111959896,4.30410693756394
2021-04-17 21:00:00,4,-57.4,-63.63676975801195,3.6037479111959896,3.864127477076196
2021-04-17 21:00:00,8,-60.2,-66.59127629046212,3.6037479111959896,3.793891482624861
2021-04-18 00:00:00,1,-54.7,-58.91478135316494,3.6037479111959896,4.0146505294712105
2021-04-18 00:00:00,2,-57.3,-59.3394338289877,3.6037479111959896,3.940524229476063
2021-04-18 00:00:00,4,-57.4,-61.61841304350153,3.6037479111959896,3.542610563053266
2021-04-18 00:00:00,8,-61.5,-64.06485037754378,3.6037479111959896,4.126347494079462
2021-04-18 03:00:00,1,-57.3,-57.186213018721574,3.6037479111959896,3.627602831880268
2021-04-18 03:00:00,2,-57.4,-57.996585699387886,3.6037479111959896,3.4754888458680906
2021-04-18 03:00:00,4,-57.3,-61.28461069897482,3.6037479111959896,3.7011618187001374
2021-04-18 03:00:00,8,-62.7,-63.55665076845671,3.6037479111959896,4.193217320162482
2021-04-18 06:00:00,1,-57.4,-58.34906847307492,3.6037479111959896,3.3273359079223686
2021-04-18 06:00:00,2,-57.4,-58.923414396023695,3.6037479111959896,3.3747754677002386
2021-04-18 06:00:00,4,-58.9,-61.40258841303459,3.6037479111959896,3.7633193823086373
2021-04-18 06:00:00,8,-63.2,-62.70010622286654,3.6037479111959896,4.132573529234208
2021-04-18 09:00:00,1,-57.4,-58.92441156939346,3.6037479111959896,3.288057771816801
2021-04-18 09:00:00,2,-57.3,-59.62877261643717,3.6037479111959896,3.299585937049142
2021-04-18 09:00:00,4,-60.2,-62.57157965381636,3.6037479111959896,3.7487684038800664
2021-04-18 09:00:00,8,-63.7,-62.69623208904484,3.6037479111959896,4.0477995398133295
2021-04-18 12:00:00,1,-57.3,-59.097397372514955,3.6037479111959896,3.398899614354654
2021-04-18 12:00:00,2,-58.9,-60.321792977902774,3.6037479111959896,3.5488078786366852
2021-04-18 12:00:00,4,-61.5,-63.081195767849195,3.6037479111959896,3.890100313667561
2021-04-18 12:00:00,8,-63.9,-62.42319391598667,3.6037479111959896,3.8063221582200444
2021-04-18 15:00:00,1,-58.9,-59.28983093835082,3.6037479111959896,3.5449347288544417
2021-04-18 15:00:00,2,-60.2,-60.778924197339876,3.6037479111959896,3.747607517350575
2021-04-18 15:00:00,4,-62.7,-62.32937027710608,3.6037479111959896,4.202616651335792
2021-04-18 15:00:00,8,-63.7,-62.92825430226155,3.6037479111959896,3.8630216702722677
2021-04-18 18:00:00,1,-60.2,-60.58753968094504,3.6037479111959896,3.7263478096863345
2021-04-18 18:00:00,2,-61.5,-62.052009818610614,3.6037479111959896,3.928342945600522
2021-04-18 18:00:00,4,-63.2,-62.11642476859404,3.6037479111959896,4.469511566711265
2021-04-18 18:00:00,8,-63.3,-62.954465407766364,3.6037479111959896,3.810534157620831
2021-04-18 21:00:00,1,-61.5,-62.04257701965327,3.6037479111959896,3.894540736634963
2021-04-18 21:00:00,2,-62.7,-62.73514634749932,3.6037479111959896,4.002594574632394
2021-04-18 21:00:00,4,-63.7,-62.42380057782001,3.6037479111959896,4.237253000888682
2021-04-18 21:00:00,8,-61.1,-63.50076438868853,3.6037479111959896,3.830884969833036
2021-04-19 00:00:00,1,-62.7,-62.9737193557145,3.6037479111959896,3.734116890289299
2021-04-19 00:00:00,2,-63.2,-62.93265151980178,3.6037479111959896,3.7558239674282805
2021-04-19 00:00:00,4,-63.9,-62.652242621618825,3.6037479111959896,3.7577716595728194
2021-04-19 00:00:00,8,-59.3,-63.534648829733804,3.6037479111959896,3.8087954138543667
2021-04-19 03:00:00,1,-63.2,-64.39117968580517,3.6037479111959896,3.7393796300984907
2021-04-19 03:00:00,2,-63.7,-63.27753589005129,3.6037479111959896,3.631579429438464
2021-04-19 03:00:00,4,-63.7,-61.86053019608513,3.6037479111959896,3.3841346487928625
2021-04-19 03:00:00,8,-58.6,-59.22579425138699,3.6037479111959896,3.886099782022422
2021-04-19 06:00:00,1,-63.7,-64.41972017100974,3.6037479111959896,3.5250450360533088
2021-04-19 06:00:00,2,-63.9,-62.61110922011604,3.6037479111959896,3.347073085070057
2021-04-19 06:00:00,4,-63.3,-60.710002513665785,3.6037479111959896,3.323280803093189
2021-04-19 06:00:00,8,-56.4,-57.92205563600986,3.6037479111959896,3.9951938963468048
2021-04-19 09:00:00,1,-63.9,-64.4169217451657,3.6037479111959896,3.3619310409913665
2021-04-19 09:00:00,2,-63.7,-62.691171290093095,3.6037479111959896,3.185341628443867
2021-04-19 09:00:00,4,-61.1,-60.8131206153137,3.6037479111959896,3.4980661280178085
2021-04-19 09:00:00,8,-54.4,-59.16361501597465,3.6037479111959896,3.9303428248519294
2021-04-19 12:00:00,1,-63.7,-63.72294455838574,3.6037479111959896,3.331348996465252
2021-04-19 12:00:00,2,-63.3,-62.99072678157671,3.6037479111959896,3.3251250141366757
2021-04-19 12:00:00,4,-59.3,-62.4695711236926,3.6037479111959896,3.834638069274422
2021-04-19 12:00:00,8,-52.4,-61.40167409727865,3.6037479111959896,3.6959210601270187
2021-04-19 15:00:00,1,-63.3,-63.66312856621966,3.6037479111959896,3.4253400687516242
2021-04-19 15:00:00,2,-61.1,-63.60853332422505,3.6037479111959896,3.458812065964605
2021-04-19 15:00:00,4,-58.6,-63.15821732364965,3.6037479111959896,3.9261295191072163
2021-04-19 15:00:00,8,-53.8,-62.835613726006066,3.6037479111959896,3.589306843129423
2021-04-19 18:00:00,1,-61.1,-62.6769507620591,3.6037479111959896,3.548954022530977
2021-04-19 18:00:00,2,-59.3,-62.42000641960818,3.6037479111959896,3.583864817613819
2021-04-19 18:00:00,4,-56.4,-61.42376249612032,3.6037479111959896,3.9800673934382735
2021-04-19 18:00:00,8,-52.3,-62.01779322660908,3.6037479111959896,3.663799102712103
2021-04-19 21:00:00,1,-59.3,-61.332439716175024,3.6037479111959896,3.560407899450016
2021-04-19 21:00:00,2,-58.6,-61.361539310147606,3.6037479111959896,3.5180971459037487
2021-04-19 21:00:00,4,-54.4,-61.80692780445435,3.6037479111959896,3.9306661049836724
2021-04-19 21:00:00,8,-53.3,-63.44906988367851,3.6037479111959896,3.6484212885581586
2021-04-20 00:00:00,1,-58.6,-61.790312331130544,3.6037479111959896,3.306233068169655
2021-04-20 00:00:00,2,-56.4,-61.87620541561735,3.6037479111959896,3.260415401027008
2021-04-20 00:00:00,4,-52.4,-64.03360873412878,3.6037479111959896,3.755021605656473
2021-04-20 00:00:00,8,-54.5,-65.01437485535558,3.6037479111959896,3.4640762054280034
2021-04-20 03:00:00,1,-56.4,-60.92205964445751,3.6037479111959896,3.259225108429125
2021-04-20 03:00:00,2,-54.4,-60.8615382818225,3.6037479111959896,3.242764455130291
2021-04-20 03:00:00,4,-53.8,-62.8965400101973,3.6037479111959896,3.6449966679641426
2021-04-20 03:00:00,8,-55.8,-63.66908927090756,3.6037479111959896,3.2631107351288726
2021-04-20 06:00:00,1,-54.4,-59.35713869980795,3.6037479111959896,3.276903087647101
2021-04-20 06:00:00,2,-52.4,-59.87846295492365,3.6037479111959896,3.1071358829663747
2021-04-20 06:00:00,4,-52.3,-62.206859170819016,3.6037479111959896,3.722642618408955
2021-04-20 06:00:00,8,-56.4,-63.26057817875737,3.6037479111959896,3.4441822403490288
2021-04-20 09:00:00,1,-52.4,-54.08261645872428,3.6037479111959896,3.440585875518769
2021-04-20 09:00:00,2,-53.8,-55.10308542673881,3.6037479111959896,3.3792282876049042
2021-04-20 09:00:00,4,-53.3,-60.172671608562595,3.6037479111959896,3.749522924138068
2021-04-20 09:00:00,8,-56.4,-61.19878245957708,3.6037479111959896,3.654097232949396
2021-04-20 12:00:00,1,-53.8,-55.70875296871244,3.6037479111959896,3.4442132860123484
2021-04-20 12:00:00,2,-52.3,-57.54927454819009,3.6037479111959896,3.4931158243527642
2021-04-20 12:00:00,4,-54.5,-61.90205555012632,3.6037479111959896,3.8147206699850065
2021-04-20 12:00:00,8,-55.5,-62.81886784200313,3.6037479111959896,3.80423150139577
2021-04-20 15:00:00,1,-52.3,-56.48662312923175,3.6037479111959896,3.6537616358606297
2021-04-20 15:00:00,2,-53.3,-58.15185762542676,3.6037479111959896,3.6571593497687678
2021-04-20 15:00:00,4,-55.8,-60.88424991402027,3.6037479111959896,3.711484228488116
2021-04-20 15:00:00,8,-57.5,-61.475551386759996,3.6037479111959896,3.719176594710486
2021-04-20 18:00:00,1,-53.3,-56.174338546762854,3.6037479111959896,3.610605421190503
2021-04-20 18:00:00,2,-54.5,-57.47821369707754,3.6037479111959896,3.5588948265968927
2021-04-20 18:00:00,4,-56.4,-59.56773177258857,3.6037479111959896,3.7248936889354147
2021-04-20 18:00:00,8,-59.9,-62.0807376340725,3.6037479111959896,3.494125261632017
2021-04-20 21:00:00,1,-54.5,-56.68337609850095,3.6037479111959896,3.735649978197585
2021-04-20 21:00:00,2,-55.8,-57.86494836731461,3.6037479111959896,3.701082851542771
2021-04-20 21:00:00,4,-56.4,-59.55275255701241,3.6037479111959896,3.725415000142416
2021-04-20 21:00:00,8,-62.300000000000004,-61.90837074130117,3.6037479111959896,3.3810100874007896
2021-04-21 00:00:00,1,-55.8,-57.85961485873825,3.6037479111959896,3.708011646409933
2021-04-21 00:00:00,2,-56.4,-58.788502747202664,3.6037479111959896,3.668401852242439
2021-04-21 00:00:00,4,-55.5,-60.34418686916408,3.6037479111959896,3.6480298785916254
2021-04-21 00:00:00,8,-64.7,-62.015020018299666,3.6037479111959896,3.4031563360398707
2021-04-21 03:00:00,1,-56.4,-58.4646714158726,3.6037479111959896,3.5701017178685213
2021-04-21 03:00:00,2,-56.4,-59.26024932921612,3.6037479111959896,3.567779938144518
2021-04-21 03:00:00,4,-57.5,-61.36708644726741,3.6037479111959896,3.691338125701244
2021-04-21 03:00:00,8,-63.3,-62.82459510437037,3.6037479111959896,3.388119171059879
2021-04-21 06:00:00,1,-56.4,-58.79831597068257,3.6037479111959896,3.3906888428740176
2021-04-21 06:00:00,2,-55.5,-59.86850707224778,3.6037479111959896,3.396702743771113
2021-04-21 06:00:00,4,-59.9,-62.997067190286195,3.6037479111959896,3.6487094573643613
2021-04-21 06:00:00,8,-62.0,-64.23278186622242,3.6037479111959896,3.312632767086415
2021-04-21 09:00:00,1,-55.5,-58.64849715638435,3.6037479111959896,3.259406423634138
2021-04-21 09:00:00,2,-57.5,-60.20378500280143,3.6037479111959896,3.259083889984639
2021-04-21 09:00:00,4,-62.300000000000004,-63.68718321226226,3.6037479111959896,3.558468805181321
2021-04-21 09:00:00,8,-61.2,-65.06478975060787,3.6037479111959896,3.386707453166417
2021-04-21 12:00:00,1,-57.5,-58.42770971510026,3.6037479111959896,3.160247481433742
2021-04-21 12:00:00,2,-59.9,-60.39875473212109,3.6037479111959896,3.164931524213437
2021-04-21 12:00:00,4,-64.7,-64.09519427672559,3.6037479111959896,3.5286779785135165
2021-04-21 12:00:00,8,-59.3,-66.25340743834946,3.6037479111959896,3.462888045636532
2021-04-21 15:00:00,1,-59.9,-59.503909074418694,3.6037479111959896,3.351232297512172
2021-04-21 15:00:00,2,-62.300000000000004,-61.393493529041436,3.6037479111959896,3.422017556264533
2021-04-21 15:00:00,4,-63.3,-64.45269678080797,3.6037479111959896,3.6232924567837754
2021-04-21 15:00:00,8,-59.9,-66.73642841984996,3.6037479111959896,3.3218042612148735
2021-04-21 18:00:00,1,-62.300000000000004,-62.373531944268635,3.6037479111959896,3.6681986957667743
2021-04-21 18:00:00,2,-64.7,-64.1727245062248,3.6037479111959896,3.612070222636028
2021-04-21 18:00:00,4,-62.0,-65.79975119518573,3.6037479111959896,3.889843843696642
2021-04-21 18:00:00,8,-60.0,-65.83133363556888,3.6037479111959896,3.0460913377134804
2021-04-21 21:00:00,1,-64.7,-64.6650269814748,3.6037479111959896,3.7042549478577285
2021-04-21 21:00:00,2,-63.3,-65.75712779763623,3.6037479111959896,3.6534027845169637
2021-04-21 21:00:00,4,-61.2,-66.09818558712936,3.6037479111959896,3.7870107692122263
2021-04-21 21:00:00,8,-59.6,-66.24051335263752,3.6037479111959896,3.1800161707961525
2021-04-22 00:00:00,1,-63.3,-65.57758327400536,3.6037479111959896,3.595788185209093
2021-04-22 00:00:00,2,-62.0,-64.80481858349917,3.6037479111959896,3.566758057272861
2021-04-22 00:00:00,4,-59.3,-63.88306869833985,3.6037479111959896,3.5583407568164227
2021-04-22 00:00:00,8,-59.9,-62.96769596744049,3.6037479111959896,3.4319749495653142
2021-04-22 03:00:00,1,-62.0,-64.478683090004,3.6037479111959896,3.4739597103166844
2021-04-22 03:00:00,2,-61.2,-63.09051688915313,3.6037479111959896,3.3915146921764254
2021-04-22 03:00:00,4,-59.9,-62.43496978416256,3.6037479111959896,3.6422251793433658
2021-04-22 03:00:00,8,-58.5,-61.64551108572469,3.6037479111959896,3.508044062910335
2021-04-22 06:00:00,1,-61.2,-62.74389539101742,3.6037479111959896,3.3457491188303665
2021-04-22 06:00:00,2,-59.3,-62.185421384371054,3.6037479111959896,3.2094859034587855
2021-04-22 06:00:00,4,-60.0,-62.368066944261656,3.6037479111959896,3.577721035471315
2021-04-22 06:00:00,8,-56.8,-60.91608957325674,3.6037479111959896,3.491757499934797
2021-04-22 09:00:00,1,-59.3,-61.40027056135069,3.6037479111959896,3.306719428011597
2021-04-22 09:00:00,2,-59.9,-61.98792053507454,3.6037479111959896,3.1575467353356093
2021-04-22 09:00:00,4,-59.6,-63.3868740767434,3.6037479111959896,3.5947303398893315
2021-04-22 09:00:00,8,-58.4,-60.401755618743245,3.6037479111959896,3.415548167898294
2021-04-22 12:00:00,1,-59.9,-60.43423292135561,3.6037479111959896,3.2632749612225176
2021-04-22 12:00:00,2,-60.0,-61.75235705949338,3.6037479111959896,3.1603617198771294
2021-04-22 12:00:00,4,-59.9,-63.840805551285186,3.6037479111959896,3.559470890943476
2021-04-22 12:00:00,8,-58.3,-60.98163066628709,3.6037479111959896,3.373800628539984
2021-04-22 15:00:00,1,-60.0,-60.979539051913946,3.6037479111959896,3.171774287001996
2021-04-22 15:00:00,2,-59.6,-61.96359137815485,3.6037479111959896,3.131197991614311
2021-04-22 15:00:00,4,-58.5,-63.36395205825663,3.6037479111959896,3.512998918784063
2021-04-22 15:00:00,8,-60.2,-61.916271034653384,3.6037479111959896,3.376657882638562
2021-04-22 18:00:00,1,-59.6,-61.72868211747236,3.6037479111959896,3.227352369443331
2021-04-22 18:00:00,2,-59.9,-62.10126830977441,3.6037479111959896,3.275107024708342
2021-04-22 18:00:00,4,-56.8,-62.71593346810759,3.6037479111959896,3.6350449799205107
2021-04-22 18:00:00,8,-60.2,-63.359881948165736,3.6037479111959896,3.4384717578239736
2021-04-22 21:00:00,1,-59.9,-61.39880218033365,3.6037479111959896,3.182139566198835
2021-04-22 21:00:00,2,-58.5,-61.062101260325306,3.6037479111959896,3.0519743642771826
2021-04-22 21:00:00,4,-58.4,-60.58146081409482,3.6037479111959896,3.4230783075330296
2021-04-22 21:00:00,8,-61.7,-62.98450525553052,3.6037479111959896,3.500759049382421
2021-04-23 00:00:00,1,-58.5,-61.89671159428561,3.6037479111959896,3.2420317028277217
2021-04-23 00:00:00,2,-56.8,-61.294629985737785,3.6037479111959896,3.170125547666075
2021-04-23 00:00:00,4,-58.3,-60.99894790757487,3.6037479111959896,3.5199512811620663
2021-04-23 00:00:00,8,-63.3,-63.583881382861975,3.6037479111959896,3.422960016757461
2021-04-23 03:00:00,1,-56.8,-61.03418400847685,3.6037479111959896,3.2019624021840043
2021-04-23 03:00:00,2,-58.4,-60.791352839412454,3.6037479111959896,3.0697056636554327
2021-04-23 03:00:00,4,-60.2,-61.592585965024234,3.6037479111959896,3.5629476719842805
2021-04-23 03:00:00,8,-64.3,-63.761447410775084,3.6037479111959896,3.458628777913662
2021-04-23 06:00:00,1,-58.4,-59.55059825905317,3.6037479111959896,3.217454308150895
2021-04-23 06:00:00,2,-58.3,-59.827907561978364,3.6037479111959896,3.1094291830597713
2021-04-23 06:00:00,4,-60.2,-62.01532983372525,3.6037479111959896,3.613277451049818
2021-04-23 06:00:00,8,-64.8,-63.59461324510377,3.6037479111959896,3.5199710496114878
2021-04-23 09:00:00,1,-58.3,-59.59216756365473,3.6037479111959896,3.2411040919994303
2021-04-23 09:00:00,2,-60.2,-61.11593997628072,3.6037479111959896,3.2693288255797386
2021-04-23 09:00:00,4,-61.7,-64.79334100273302,3.6037479111959896,3.540157595739928
2021-04-23 09:00:00,8,-65.9,-65.34513524470373,3.6037479111959896,3.5774089425757
2021-04-23 12:00:00,1,-60.2,-59.65924620579714,3.6037479111959896,3.444000311962173
2021-04-23 12:00:00,2,-60.2,-62.50379059769809,3.6037479111959896,3.4555280506332315
2021-04-23 12:00:00,4,-63.3,-68.30746353589824,3.6037479111959896,3.648306983464571
2021-04-23 12:00:00,8,-65.6,-66.52447432069977,3.6037479111959896,3.361246170192724
2021-04-23 15:00:00,1,-60.2,-60.4247698613567,3.6037479111959896,3.5149575682215386
2021-04-23 15:00:00,2,-61.7,-62.657515247861554,3.6037479111959896,3.612051320639211
2021-04-23 15:00:00,4,-64.3,-66.80553455177741,3.6037479111959896,3.7346774051441423
2021-04-23 15:00:00,8,-65.6,-65.3682114504023,3.6037479111959896,3.2696757532025633
2021-04-23 18:00:00,1,-61.7,-61.828411702965646,3.6037479111959896,3.5326131529721994
2021-04-23 18:00:00,2,-63.3,-62.37531230221422,3.6037479111959896,3.4780385892723267
2021-04-23 18:00:00,4,-64.8,-63.5209621929332,3.6037479111959896,3.623734814163451
2021-04-23 18:00:00,8,-65.0,-63.675073752128135,3.6037479111959896,3.656694364646076
2021-04-23 21:00:00,1,-63.3,-63.02333953837514,3.6037479111959896,3.5642021220650135
2021-04-23 21:00:00,2,-64.3,-63.20260162561803,3.6037479111959896,3.5358389226934928
2021-04-23 21:00:00,4,-65.9,-63.587226668957214,3.6037479111959896,3.660446117753415
2021-04-23 21:00:00,8,-63.3,-63.86545028763837,3.6037479111959896,3.536452927666621
2021-04-24 00:00:00,1,-64.3,-64.51888992723401,3.6037479111959896,3.5837762261675232
2021-04-24 00:00:00,2,-64.8,-63.69963851287145,3.6037479111959896,3.528262074598357
2021-04-24 00:00:00,4,-65.6,-62.93890258638854,3.6037479111959896,3.6366692719629463
2021-04-24 00:00:00,8,-63.0,-62.6749895583651,3.6037479111959896,3.5955958227333733
2021-04-24 03:00:00,1,-64.8,-65.0217297294586,3.6037479111959896,3.5384061484452785
2021-04-24 03:00:00,2,-65.9,-63.79160830270551,3.6037479111959896,3.4799089538544274
2021-04-24 03:00:00,4,-65.6,-63.09917803155049,3.6037479111959896,3.6541007787400543
2021-04-24 03:00:00,8,-60.8,-61.806368695686324,3.6037479111959896,3.631212223492185
2021-04-24 06:00:00,1,-65.9,-64.8976162289704,3.6037479111959896,3.4524008632232652
2021-04-24 06:00:00,2,-65.6,-64.05413580732574,3.6037479111959896,3.396358882057504
2021-04-24 06:00:00,4,-65.0,-63.72254395983546,3.6037479111959896,3.6768818705374007
2021-04-24 06:00:00,8,-60.3,-61.4861701303464,3.6037479111959896,3.6079531697781397
2021-04-24 09:00:00,1,-65.6,-65.4837149640634,3.6037479111959896,3.355737904375509
2021-04-24 09:00:00,2,-65.6,-65.3127256691844,3.6037479111959896,3.3461223866123664
2021-04-24 09:00:00,4,-63.3,-65.11671625693658,3.6037479111959896,3.6513937408630093
2021-04-24 09:00:00,8,-60.7,-61.61144075542407,3.6037479111959896,3.5452972626216765
2021-04-24 12:00:00,1,-65.6,-65.52037981842798,3.6037479111959896,3.295480791249545
2021-04-24 12:00:00,2,-65.0,-66.01909763449041,3.6037479111959896,3.2985701346757565
2021-04-24 12:00:00,4,-63.0,-65.9469898954398,3.6037479111959896,3.9447980802627676
2021-04-24 12:00:00,8,-61.2,-62.379026484816194,3.6037479111959896,3.6819706000035373
2021-04-24 15:00:00,1,-65.0,-65.70209016803393,3.6037479111959896,3.2405371387352337
2021-04-24 15:00:00,2,-63.3,-65.8801980126913,3.6037479111959896,3.363754937053789
2021-04-24 15:00:00,4,-60.8,-64.92786141951663,3.6037479111959896,4.029486090925205
2021-04-24 15:00:00,8,-58.4,-62.888496337148126,3.6037479111959896,3.507073955914305
2021-04-24 18:00:00,1,-63.3,-65.33059841673526,3.6037479111959896,3.3213761536480315
2021-04-24 18:00:00,2,-63.0,-65.34906485710164,3.6037479111959896,3.406614828265701
2021-04-24 18:00:00,4,-60.3,-64.3638662137861,3.6037479111959896,3.971422862453806
2021-04-24 18:00:00,8,-56.5,-64.34881999161789,3.6037479111959896,3.4405288096172355
2021-04-24 21:00:00,1,-63.0,-63.44373601485166,3.6037479111959896,3.436242255302345
2021-04-24 21:00:00,2,-60.8,-63.38900459816999,3.6037479111959896,3.3886027449234466
2021-04-24 21:00:00,4,-60.7,-63.16390351746048,3.6037479111959896,3.909488190445293
2021-04-24 21:00:00,8,-58.3,-65.96586702137031,3.6037479111959896,3.45217423921206
2021-04-25 00:00:00,1,-60.8,-63.5782405806135,3.6037479111959896,3.497573449736874
2021-04-25 00:00:00,2,-60.3,-63.37869567000916,3.6037479111959896,3.387100529387959
2021-04-25 00:00:00,4,-61.2,-63.51034777235272,3.6037479111959896,3.71971595479174
2021-04-25 00:00:00,8,-57.8,-66.20949578503033,3.6037479111959896,3.7231580643983264
2021-04-25 03:00:00,1,-60.3,-62.79564465410266,3.6037479111959896,3.479377305201353
2021-04-25 03:00:00,2,-60.7,-63.019961109234366,3.6037479111959896,3.2012318893281666
2021-04-25 03:00:00,4,-58.4,-64.7205963408075,3.6037479111959896,3.6492480176432114
2021-04-25 03:00:00,8,-57.1,-67.84852457947794,3.6037479111959896,3.773273376449201
2021-04-25 06:00:00,1,-60.7,-62.306941801797265,3.6037479111959896,3.482936799140783
2021-04-25 06:00:00,2,-61.2,-62.721099460203845,3.6037479111959896,3.1943302344225843
2021-04-25 06:00:00,4,-56.5,-65.26107727623773,3.6037479111959896,3.7265048642184224
2021-04-25 06:00:00,8,-58.1,-64.71872303823424,3.6037479111959896,4.429840407704316
2021-04-25 09:00:00,1,-61.2,-63.48468712960405,3.6037479111959896,3.275454965414212
2021-04-25 09:00:00,2,-58.4,-65.00111187313692,3.6037479111959896,3.0954502366406635
2021-04-25 09:00:00,4,-58.3,-67.43724099951933,3.6037479111959896,3.8090529768885717
2021-04-25 09:00:00,8,-58.0,-63.50035946713231,3.6037479111959896,4.041912247636805
2021-04-25 12:00:00,1,-58.4,-63.62948261100198,3.6037479111959896,3.142976121758018
2021-04-25 12:00:00,2,-56.5,-65.1017946814396,3.6037479111959896,3.1501263285907184
2021-04-25 12:00:00,4,-57.8,-66.71536385291468,3.6037479111959896,3.974206121499963
2021-04-25 12:00:00,8,-58.1,-62.431592075522786,3.6037479111959896,3.9078658445887076
2021-04-25 15:00:00,1,-56.5,-61.79857575698158,3.6037479111959896,3.3034709505670468
2021-04-25 15:00:00,2,-58.3,-62.657316389588395,3.6037479111959896,3.5001989277637597
2021-04-25 15:00:00,4,-57.1,-63.4005549495361,3.6037479111959896,4.3190157342580715
2021-04-25 15:00:00,8,-57.9,-61.83386229295283,3.6037479111959896,4.00833238373959
2021-04-25 18:00:00,1,-58.3,-58.22795153620296,3.6037479111959896,4.056609736535769
2021-04-25 18:00:00,2,-57.8,-58.54967792389157,3.6037479111959896,4.2560852016161155
2021-04-25 18:00:00,4,-58.1,-59.3010613872775,3.6037479111959896,4.787529531836757
2021-04-25 18:00:00,8,-59.9,-61.243490986990835,3.6037479111959896,4.3951377278720445
2021-04-25 21:00:00,1,-57.8,-59.458080888466924,3.6037479111959896,4.17755031078925
2021-04-25 21:00:00,2,-57.1,-59.48931100386609,3.6037479111959896,4.31612866085986
2021-04-25 21:00:00,4,-58.0,-59.53632801645089,3.6037479111959896,4.54051151908897
2021-04-25 21:00:00,8,-61.0,-62.02367971969504,3.6037479111959896,4.2955833367029745
2021-04-26 00:00:00,1,-57.1,-59.786356269901546,3.6037479111959896,4.497802070709272
2021-04-26 00:00:00,2,-58.1,-59.515154653866155,3.6037479111959896,4.433627898649079
2021-04-26 00:00:00,4,-58.1,-60.82839523629564,3.6037479111959896,4.2560496370692125
2021-04-26 00:00:00,8,-61.1,-64.9416777464954,3.6037479111959896,5.108052371451613
2021-04-26 03:00:00,1,-58.1,-59.86297434514776,3.6037479111959896,4.066163109652112
2021-04-26 03:00:00,2,-58.0,-60.713713814263805,3.6037479111959896,4.008386716982909
2021-04-26 03:00:00,4,-57.9,-64.14765395378669,3.6037479111959896,4.054569280642393
2021-04-26 03:00:00,8,-61.0,-67.93398176086598,3.6037479111959896,4.786125078815132
2021-04-26 06:00:00,1,-58.0,-60.51334104802228,3.6037479111959896,3.6509151724294875
2021-04-26 06:00:00,2,-58.1,-61.929456923266144,3.6037479111959896,3.639179898364601
2021-04-26 06:00:00,4,-59.9,-65.9998833140967,3.6037479111959896,3.9458613908989575
2021-04-26 06:00:00,8,-62.9,-68.81692113971334,3.6037479111959896,4.305690706284567
2021-04-26 09:00:00,1,-58.1,-62.83609213866323,3.6037479111959896,3.3618439158494784
2021-04-26 09:00:00,2,-57.9,-64.21213374885919,3.6037479111959896,3.3201716245673554
2021-04-26 09:00:00,4,-61.0,-67.90245840156399,3.6037479111959896,3.993191031166422
2021-04-26 09:00:00,8,-61.3,-69.58196350061178,3.6037479111959896,3.905976391389228
2021-04-26 12:00:00,1,-57.9,-63.57214298073755,3.6037479111959896,3.0902216084040073
2021-04-26 12:00:00,2,-59.9,-64.97364637540902,3.6037479111959896,3.2493963633450456
2021-04-26 12:00:00,4,-61.1,-68.23671322071225,3.6037479111959896,4.27128629942887
2021-04-26 12:00:00,8,-61.3,-69.1794123926485,3.6037479111959896,3.419418038490681
2021-04-26 15:00:00,1,-59.9,-63.79155642663426,3.6037479111959896,3.2384514140257847
2021-04-26 15:00:00,2,-61.0,-64.94586385724564,3.6037479111959896,3.645881069467552
2021-04-26 15:00:00,4,-61.0,-67.45346235880176,3.6037479111959896,4.761008937238894
2021-04-26 15:00:00,8,-61.6,-67.71859519500077,3.6037479111959896,3.3916150140579817
2021-04-26 18:00:00,1,-61.0,-64.07791017848334,3.6037479111959896,3.5332004878676604
2021-04-26 18:00:00,2,-61.1,-64.25835604885233,3.6037479111959896,3.784148969569985
2021-04-26 18:00:00,4,-62.9,-64.29938858021656,3.6037479111959896,4.332838772528538
2021-04-26 18:00:00,8,-64.8,-63.55057046060451,3.6037479111959896,3.3408270548552075
2021-04-26 21:00:00,1,-61.1,-64.26006579770092,3.6037479111959896,3.714258916318509
2021-04-26 21:00:00,2,-61.0,-64.00294205050356,3.6037479111959896,3.7589574066270393
2021-04-26 21:00:00,4,-61.3,-64.23938381679118,3.6037479111959896,3.820601003880615
2021-04-26 21:00:00,8,-65.6,-63.72776831251188,3.6037479111959896,3.9309453160029486
2021-04-27 00:00:00,1,-61.0,-64.2660286638918,3.6037479111959896,3.745455569002065
2021-04-27 00:00:00,2,-62.9,-63.68137021027725,3.6037479111959896,3.697227270753338
2021-04-27 00:00:00,4,-61.3,-64.22306879238009,3.6037479111959896,3.5933292860279242
2021-04-27 00:00:00,8,-64.0,-64.69448106193431,3.6037479111959896,3.9786404659690935
2021-04-27 03:00:00,1,-62.9,-64.64559002627527,3.6037479111959896,3.58968733246063
2021-04-27 03:00:00,2,-61.3,-64.13241968086017,3.6037479111959896,3.520769259075814
2021-04-27 03:00:00,4,-61.6,-64.60067327407549,3.6037479111959896,3.6349452045705974
2021-04-27 03:00:00,8,-64.2,-64.27861293417816,3.6037479111959896,3.7978350949989066
2021-04-27 06:00:00,1,-61.3,-66.80811682732455,3.6037479111959896,3.455318742344075
2021-04-27 06:00:00,2,-61.3,-66.45831936082618,3.6037479111959896,3.471510388769305
2021-04-27 06:00:00,4,-64.8,-66.67003713565174,3.6037479111959896,3.5987184612671665
2021-04-27 06:00:00,8,-62.06,-63.75454789329758,3.6037479111959896,3.67191673720278
2021-04-27 09:00:00,1,-61.3,-64.81682501199177,3.6037479111959896,3.5205934691724097
2021-04-27 09:00:00,2,-61.6,-65.13256871971228,3.6037479111959896,3.2999280125373818
2021-04-27 09:00:00,4,-65.6,-65.40636341880965,3.6037479111959896,3.7381609578453014
2021-04-27 09:00:00,8,-59.92,-60.90880819025469,3.6037479111959896,4.231567258917995
2021-04-27 12:00:00,1,-61.6,-63.71440373965367,3.6037479111959896,3.4090388960521705
2021-04-27 12:00:00,2,-64.8,-64.46885905900925,3.6037479111959896,3.388781287480125
2021-04-27 12:00:00,4,-64.0,-64.79278765797291,3.6037479111959896,3.8692666074238318
2021-04-27 12:00:00,8,-57.78,-61.28819519139864,3.6037479111959896,3.832950619502142
2021-04-27 15:00:00,1,-64.8,-65.21183247459273,3.6037479111959896,3.3946123002274797
2021-04-27 15:00:00,2,-65.6,-65.08889627272174,3.6037479111959896,3.4660331886104703
2021-04-27 15:00:00,4,-64.2,-63.85859904372717,3.6037479111959896,3.982722950700574
2021-04-27 15:00:00,8,-55.64,-61.40741504916469,3.6037479111959896,3.2666545796012625
2021-04-27 18:00:00,1,-65.6,-67.80496164863783,3.6037479111959896,3.3883961293023837
2021-04-27 18:00:00,2,-64.0,-67.76637305663071,3.6037479111959896,3.5083261998734065
2021-04-27 18:00:00,4,-62.06,-66.36562979050339,3.6037479111959896,3.8599671715707955
2021-04-27 18:00:00,8,-53.5,-62.59682961100089,3.6037479111959896,3.1512664735778633
2021-04-27 21:00:00,1,-64.0,-67.34794787086206,3.6037479111959896,3.7013243652087335
2021-04-27 21:00:00,2,-64.2,-66.41676086373946,3.6037479111959896,3.64458992178651
2021-04-27 21:00:00,4,-59.92,-64.52433187120933,3.6037479111959896,3.6599818591179067
2021-04-27 21:00:00,8,-54.7,-62.186782410740626,3.6037479111959896,3.8274977000112917
2021-04-28 00:00:00,1,-64.2,-65.26599109298758,3.6037479111959896,3.694653573267099
2021-04-28 00:00:00,2,-62.06,-63.764210532070635,3.6037479111959896,3.5584394724281503
2021-04-28 00:00:00,4,-57.78,-62.482968119095354,3.6037479111959896,3.5604840139788076
2021-04-28 00:00:00,8,-52.5,-64.45642249142578,3.6037479111959896,3.7374877375016786
2021-04-28 03:00:00,1,-62.06,-64.47381826732145,3.6037479111959896,3.5763984422257518
2021-04-28 03:00:00,2,-59.92,-64.09556317323232,3.6037479111959896,3.5214643406851494
2021-04-28 03:00:00,4,-55.64,-64.47768951913918,3.6037479111959896,3.6804383385577353
2021-04-28 03:00:00,8,-54.4,-64.34359203643652,3.6037479111959896,3.7042835008035553
2021-04-28 06:00:00,1,-59.92,-59.54363749899154,3.6037479111959896,3.721213771414005
2021-04-28 06:00:00,2,-57.78,-58.18438392210642,3.6037479111959896,3.5618601739903863
2021-04-28 06:00:00,4,-53.5,-58.35869616754998,3.6037479111959896,3.627701314216295
2021-04-28 06:00:00,8,-52.1,-61.61119002107965,3.6037479111959896,3.879175386068483
2021-04-28 09:00:00,1,-57.78,-56.744997666147256,3.6037479111959896,3.8275727481368778
2021-04-28 09:00:00,2,-55.64,-56.02453306173294,3.6037479111959896,3.71430577140935
2021-04-28 09:00:00,4,-54.7,-58.02386782961391,3.6037479111959896,3.8348763037505273
2021-04-28 09:00:00,8,-50.2,-61.59172640734351,3.6037479111959896,4.130570877334467
2021-04-28 12:00:00,1,-55.64,-55.89857976196752,3.6037479111959896,3.895501512602945
2021-04-28 12:00:00,2,-53.5,-56.215965851694094,3.6037479111959896,3.7815261775461733
2021-04-28 12:00:00,4,-52.5,-59.09205557817722,3.6037479111959896,3.77059830400824
2021-04-28 12:00:00,8,-50.3,-62.52955715409226,3.6037479111959896,4.092338082971077
2021-04-28 15:00:00,1,-53.5,-55.41954044906142,3.6037479111959896,3.8804223579967374
2021-04-28 15:00:00,2,-54.7,-56.58383240226301,3.6037479111959896,3.7914576972391814
2021-04-28 15:00:00,4,-54.4,-60.09753920635717,3.6037479111959896,3.719479933102286
2021-04-28 15:00:00,8,-51.0,-64.10717116467761,3.6037479111959896,4.036552025244592
2021-04-28 18:00:00,1,-54.7,-56.79957057261119,3.6037479111959896,3.7138091740966357
2021-04-28 18:00:00,2,-52.5,-58.53084402802044,3.6037479111959896,3.623321469615985
2021-04-28 18:00:00,4,-52.1,-62.47463048164238,3.6037479111959896,3.7714724213857367
2021-04-28 18:00:00,8,-55.56666666666667,-68.16998906505678,3.6037479111959896,3.940108438866244
2021-04-28 21:00:00,1,-52.5,-57.66324087298963,3.6037479111959896,3.7801264700188133
2021-04-28 21:00:00,2,-54.4,-59.36781724497651,3.6037479111959896,3.7286566792665314
2021-04-28 21:00:00,4,-50.2,-63.24068586693235,3.6037479111959896,3.7800907988315897
2021-04-28 21:00:00,8,-60.13333333333333,-70.08874948675702,3.6037479111959896,3.6649627352298486
2021-04-29 00:00:00,1,-54.4,-56.10914905821548,3.6037479111959896,4.0381731180774105
2021-04-29 00:00:00,2,-52.1,-57.33783560724754,3.6037479111959896,3.880949241160488
2021-04-29 00:00:00,4,-50.3,-62.05026260371055,3.6037479111959896,3.8290510762405625
2021-04-29 00:00:00,8,-64.7,-71.74289583297082,3.6037479111959896,3.620445803399562
2021-04-29 03:00:00,1,-52.1,-57.479958390224134,3.6037479111959896,3.855441622967516
2021-04-29 03:00:00,2,-50.2,-58.68114305622831,3.6037479111959896,3.7865858875150806
2021-04-29 03:00:00,4,-51.0,-63.183303727109525,3.6037479111959896,3.6855100588927443
2021-04-29 03:00:00,8,-64.7,-70.20305696877519,3.6037479111959896,3.731635943221857
2021-04-29 06:00:00,1,-50.2,-55.02565084374599,3.6037479111959896,3.9135425221321483
2021-04-29 06:00:00,2,-50.3,-56.09742110335541,3.6037479111959896,3.7137319398444784
2021-04-29 06:00:00,4,-55.56666666666667,-61.600474009859624,3.6037479111959896,3.688523594381086
2021-04-29 06:00:00,8,-65.6,-70.34654618187878,3.6037479111959896,3.8590274570661216
2021-04-29 09:00:00,1,-50.3,-52.34494369364963,3.6037479111959896,3.7482205658933285
2021-04-29 09:00:00,2,-51.0,-54.46586804705182,3.6037479111959896,3.628324553574681
2021-04-29 09:00:00,4,-60.13333333333333,-61.46466966031234,3.6037479111959896,3.6834626047283323
2021-04-29 09:00:00,8,-66.3,-68.90335532044342,3.6037479111959896,3.972806227352042
2021-04-29 12:00:00,1,-51.0,-52.20143178476488,3.6037479111959896,3.7192737707025856
2021-04-29 12:00:00,2,-55.56666666666667,-55.57572038647258,3.6037479111959896,3.6749785207711496
2021-04-29 12:00:00,4,-64.7,-61.91679700037588,3.6037479111959896,3.904075927576652
2021-04-29 12:00:00,8,-66.1,-64.15283939940966,3.6037479111959896,3.906115583667624
2021-04-29 15:00:00,1,-55.56666666666667,-53.73773010709705,3.6037479111959896,3.6056048666069103
2021-04-29 15:00:00,2,-60.13333333333333,-57.122369065772496,3.6037479111959896,3.6877322765474756
2021-04-29 15:00:00,4,-64.7,-62.030150539083664,3.6037479111959896,3.9641857970800185
2021-04-29 15:00:00,8,-68.0,-64.12688263075421,3.6037479111959896,3.7090481103454245
2021-04-29 18:00:00,1,-60.13333333333333,-60.9609515673813,3.6037479111959896,3.6765910490532248
2021-04-29 18:00:00,2,-64.7,-64.68583505005775,3.6037479111959896,3.678683978649331
2021-04-29 18:00:00,4,-65.6,-67.781904175965,3.6037479111959896,3.932910777090899
2021-04-29 18:00:00,8,-69.3,-67.26223275011971,3.6037479111959896,3.4808964765478074
2021-04-29 21:00:00,1,-64.7,-67.37879684123766,3.6037479111959896,3.9084014189385825
2021-04-29 21:00:00,2,-64.7,-70.09405957905122,3.6037479111959896,3.7884774735209708
2021-04-29 21:00:00,4,-66.3,-72.24590639392996,3.6037479111959896,3.6202886255646036
2021-04-29 21:00:00,8,-70.2,-70.0898994063366,3.6037479111959896,4.281523930162013
2021-04-30 00:00:00,1,-64.7,-69.02974992706504,3.6037479111959896,3.791453205015678
2021-04-30 00:00:00,2,-65.6,-69.14078777559189,3.6037479111959896,3.866916548019823
2021-04-30 00:00:00,4,-66.1,-69.08213179001925,3.6037479111959896,3.72596010547094
2021-04-30 00:00:00,8,-71.5,-68.68491094837788,3.6037479111959896,5.5354195345482395
2021-04-30 03:00:00,1,-65.6,-67.7414293123668,3.6037479111959896,3.7548692432984896
2021-04-30 03:00:00,2,-66.3,-66.6301127348097,3.6037479111959896,3.977898675899358
2021-04-30 03:00:00,4,-68.0,-67.96150778067701,3.6037479111959896,4.24425884338744
2021-04-30 03:00:00,8,-71.2,-71.69472169579655,3.6037479111959896,4.2374470862720806
2021-04-30 06:00:00,1,-66.3,-66.79426591629829,3.6037479111959896,3.8290046343809636
2021-04-30 06:00:00,2,-66.1,-66.38518851037017,3.6037479111959896,3.7658588215919
2021-04-30 06:00:00,4,-69.3,-67.98956985322441,3.6037479111959896,3.7299840846565595
2021-04-30 06:00:00,8,-70.2,-68.83271452140788,3.6037479111959896,4.075710564230664
2021-04-30 09:00:00,1,-66.1,-67.7730002247341,3.6037479111959896,3.6289660784155306
2021-04-30 09:00:00,2,-68.0,-68.04209149337062,3.6037479111959896,3.5651216615540435
2021-04-30 09:00:00,4,-70.2,-69.85938231968741,3.6037479111959896,3.7552312338665916
2021-04-30 09:00:00,8,-71.5,-68.45782776944567,3.6037479111959896,4.005836600337551
2021-04-30 12:00:00,1,-68.0,-68.69610897476002,3.6037479111959896,3.661562575259358
2021-04-30 12:00:00,2,-69.3,-69.76766542570074,3.6037479111959896,3.5894308824847707
2021-04-30 12:00:00,4,-71.5,-71.11382641885126,3.6037479111959896,3.8218705035765854
2021-04-30 12:00:00,8,-70.6,-67.55989764700631,3.6037479111959896,3.716948825094066
2021-04-30 15:00:00,1,-69.3,-71.1464809647071,3.6037479111959896,3.347050930543463
2021-04-30 15:00:00,2,-70.2,-71.65827299172886,3.6037479111959896,3.372070216048563
2021-04-30 15:00:00,4,-71.2,-71.45511765066507,3.6037479111959896,3.5746497675794364
2021-04-30 15:00:00,8,-70.8,-68.41933572457117,3.6037479111959896,3.5494465441839407
2021-04-30 18:00:00,1,-70.2,-72.52360188538565,3.6037479111959896,3.403173571781679
2021-04-30 18:00:00,2,-71.5,-72.3089055594686,3.6037479111959896,3.4199141825820334
2021-04-30 18:00:00,4,-70.2,-70.97092369355332,3.6037479111959896,3.509517165638313
2021-04-30 18:00:00,8,-69.8,-69.76766974870668,3.6037479111959896,3.699112245059354
2021-04-30 21:00:00,1,-71.5,-72.32138463661045,3.6037479111959896,3.548357036686506
2021-04-30 21:00:00,2,-71.2,-71.53639016230484,3.6037479111959896,3.567439808842128
2021-04-30 21:00:00,4,-71.5,-69.89841474030419,3.6037479111959896,3.5039080713980195
2021-04-30 21:00:00,8,-71.6,-70.1097592956171,3.6037479111959896,3.7553912076774543
2021-05-01 00:00:00,1,-71.2,-72.74197564835418,3.6037479111959896,3.707086275028373
2021-05-01 00:00:00,2,-70.2,-71.7261975020332,3.6037479111959896,3.73945342520031
2021-05-01 00:00:00,4,-70.6,-70.81113242505646,3.6037479111959896,3.4444188219001655
2021-05-01 00:00:00,8,-70.6,-72.03358628027699,3.6037479111959896,3.867684598268494
2021-05-01 03:00:00,1,-70.2,-72.03957076149756,3.6037479111959896,3.6749609451133196
2021-05-01 03:00:00,2,-71.5,-70.95541274824674,3.6037479111959896,3.667401086154251
2021-05-01 03:00:00,4,-70.8,-71.10720501475579,3.6037479111959896,3.512734144198181
2021-05-01 03:00:00,8,-71.5,-73.29535787450624,3.6037479111959896,3.9353710492661946
2021-05-01 06:00:00,1,-71.5,-70.58301028369706,3.6037479111959896,3.519374223727498
2021-05-01 06:00:00,2,-70.6,-70.5745602480897,3.6037479111959896,3.4717219631652734
2021-05-01 06:00:00,4,-69.8,-72.26452702150813,3.6037479111959896,3.545176635756586
2021-05-01 06:00:00,8,-71.6,-72.85874147974927,3.6037479111959896,3.764879450218022
2021-05-01 09:00:00,1,-70.6,-72.6763812382506,3.6037479111959896,3.3277278111003845
2021-05-01 09:00:00,2,-70.8,-73.24937694234465,3.6037479111959896,3.386839980424779
2021-05-01 09:00:00,4,-71.6,-74.31181329175756,3.6037479111959896,3.514560852899058
2021-05-01 09:00:00,8,-67.3,-70.81108343098916,3.6037479111959896,3.6435083023402863
2021-05-01 12:00:00,1,-70.8,-72.37132688321348,3.6037479111959896,3.2625817191587116
2021-05-01 12:00:00,2,-69.8,-73.23009777686187,3.6037479111959896,3.3488608567238933
2021-05-01 12:00:00,4,-70.6,-74.04258080492706,3.6037479111959896,3.5437326458361182
2021-05-01 12:00:00,8,-64.75,-69.48940794347308,3.6037479111959896,3.4579904556149383
2021-05-01 15:00:00,1,-69.8,-72.94688612982894,3.6037479111959896,3.210186983586152
2021-05-01 15:00:00,2,-71.6,-73.35280197741417,3.6037479111959896,3.4089422799217535
2021-05-01 15:00:00,4,-71.5,-72.7989038725535,3.6037479111959896,3.6448798834831018
2021-05-01 15:00:00,8,-62.2,-67.35847439032177,3.6037479111959896,3.185214886422895
2021-05-01 18:00:00,1,-71.6,-71.71118802541547,3.6037479111959896,3.365707574643193
2021-05-01 18:00:00,2,-70.6,-72.31194751464717,3.6037479111959896,3.5290157817239143
2021-05-01 18:00:00,4,-71.6,-72.64522677545536,3.6037479111959896,3.6762931626478124
2021-05-01 18:00:00,8,-59.65,-69.0712075540132,3.6037479111959896,3.1729636464970743
2021-05-01 21:00:00,1,-70.6,-70.8170131541345,3.6037479111959896,3.4278682708111092
2021-05-01 21:00:00,2,-71.5,-69.93504501062127,3.6037479111959896,3.4989595272982643
2021-05-01 21:00:00,4,-67.3,-67.47621001604901,3.6037479111959896,3.56884760103879
2021-05-01 21:00:00,8,-57.1,-65.2277915715149,3.6037479111959896,3.3184767099726367
2021-05-02 00:00:00,1,-71.5,-69.64196826403716,3.6037479111959896,3.6366026150975834
2021-05-02 00:00:00,2,-71.6,-68.14855416061279,3.6037479111959896,3.5518791198684836
2021-05-02 00:00:00,4,-64.75,-65.707548683532,3.6037479111959896,3.537860896486314
2021-05-02 00:00:00,8,-58.6,-64.73196872842915,3.6037479111959896,3.65751561508466
2021-05-02 03:00:00,1,-71.6,-69.98210525326544,3.6037479111959896,3.509165132610142
2021-05-02 03:00:00,2,-67.3,-68.64830661609643,3.6037479111959896,3.486641103970498
2021-05-02 03:00:00,4,-62.2,-66.7637238793443,3.6037479111959896,3.557065818464104
2021-05-02 03:00:00,8,-60.65,-65.37155457499458,3.6037479111959896,3.628593430480394
2021-05-02 06:00:00,1,-67.3,-69.89211900265607,3.6037479111959896,3.4326605535161607
2021-05-02 06:00:00,2,-64.75,-68.82237533220547,3.6037479111959896,3.409136205344671
2021-05-02 06:00:00,4,-59.65,-67.58459353892975,3.6037479111959896,3.6728770466193597
2021-05-02 06:00:00,8,-62.7,-65.47491044196909,3.6037479111959896,3.5673475083121833
2021-05-02 09:00:00,1,-64.75,-67.08399377428219,3.6037479111959896,3.2922429511769695
2021-05-02 09:00:00,2,-62.2,-67.46998056449195,3.6037479111959896,3.2165466124024658
2021-05-02 09:00:00,4,-57.1,-68.76750918183873,3.6037479111959896,3.716275258169401
2021-05-02 09:00:00,8,-64.75,-67.20037053514284,3.6037479111959896,3.6190653844401814
2021-05-02 12:00:00,1,-62.2,-62.68506072119932,3.6037479111959896,3.4448688173928006
2021-05-02 12:00:00,2,-59.65,-63.37777847224925,3.6037479111959896,3.3593060628409837
2021-05-02 12:00:00,4,-58.6,-65.94065525073823,3.6037479111959896,3.66226470845989
2021-05-02 12:00:00,8,-66.8,-67.46290092176702,3.6037479111959896,3.491412411857502
2021-05-02 15:00:00,1,-59.65,-61.745036048936896,3.6037479111959896,3.4647122482898753
2021-05-02 15:00:00,2,-57.1,-62.90640222774451,3.6037479111959896,3.382086141555285
2021-05-02 15:00:00,4,-60.65,-66.16780039275557,3.6037479111959896,3.661313156879635
2021-05-02 15:00:00,8,-66.9,-68.52308642608806,3.6037479111959896,3.6050428354600093
2021-05-02 18:00:00,1,-57.1,-60.47357227539401,3.6037479111959896,3.6137683631004434
2021-05-02 18:00:00,2,-58.6,-61.9508176161082,3.6037479111959896,3.5270966558552423
2021-05-02 18:00:00,4,-62.7,-66.16664759117202,3.6037479111959896,3.638179778783356
2021-05-02 18:00:00,8,-64.6,-70.29861125103308,3.6037479111959896,3.715358831244727
2021-05-02 21:00:00,1,-58.6,-60.550409382941105,3.6037479111959896,4.36115956237758
2021-05-02 21:00:00,2,-60.65,-62.39771988299434,3.6037479111959896,4.196287494991075
2021-05-02 21:00:00,4,-64.75,-66.90650988348192,3.6037479111959896,3.7925485743982326
2021-05-02 21:00:00,8,-62.4,-71.15399579002981,3.6037479111959896,3.860792114430479
2021-05-03 00:00:00,1,-60.65,-60.44478826085492,3.6037479111959896,4.155936557260788
2021-05-03 00:00:00,2,-62.7,-61.85765755863913,3.6037479111959896,4.109785399175706
2021-05-03 00:00:00,4,-66.8,-66.22629354510453,3.6037479111959896,3.6949562851470157
2021-05-03 00:00:00,8,-59.7,-71.70724544399975,3.6037479111959896,3.686745247065578
2021-05-03 03:00:00,1,-62.7,-64.19924975016112,3.6037479111959896,3.818093676663877
2021-05-03 03:00:00,2,-64.75,-65.54535526473543,3.6037479111959896,3.8424433942563327
2021-05-03 03:00:00,4,-66.9,-68.9906368103374,3.6037479111959896,3.558333718555266
2021-05-03 03:00:00,8,-57.55,-71.61560060011206,3.6037479111959896,3.739075545224446
2021-05-03 06:00:00,1,-64.75,-67.38099004625035,3.6037479111959896,3.5538520724389526
2021-05-03 06:00:00,2,-66.8,-68.6695902153326,3.6037479111959896,3.639473399186831
2021-05-03 06:00:00,4,-64.6,-71.91188069409642,3.6037479111959896,3.512834292789216
2021-05-03 06:00:00,8,-55.4,-72.58461967320257,3.6037479111959896,3.8332726999302786
2021-05-03 09:00:00,1,-66.8,-69.3457919221953,3.6037479111959896,3.3479061859142627
2021-05-03 09:00:00,2,-66.9,-71.03530477999021,3.6037479111959896,3.3992098043870493
2021-05-03 09:00:00,4,-62.4,-74.26958184674645,3.6037479111959896,3.4558314423451924
2021-05-03 09:00:00,8,-58.2,-72.60475767586507,3.6037479111959896,3.643487747418501
2021-05-03 12:00:00,1,-66.9,-69.68394753370188,3.6037479111959896,3.277436342570004
2021-05-03 12:00:00,2,-64.6,-70.68839075845268,3.6037479111959896,3.2910837175724463
2021-05-03 12:00:00,4,-59.7,-72.07835532977387,3.6037479111959896,3.583789642852852
2021-05-03 12:00:00,8,-59.775000000000006,-69.95944549713893,3.6037479111959896,3.4191864423745297
2021-05-03 15:00:00,1,-64.6,-68.9601322394349,3.6037479111959896,3.2941507731716633
2021-05-03 15:00:00,2,-62.4,-69.7108726556875,3.6037479111959896,3.252549211082144
2021-05-03 15:00:00,4,-57.55,-70.60551152960585,3.6037479111959896,3.557687851453864
2021-05-03 15:00:00,8,-61.35,-69.40106155311629,3.6037479111959896,3.476129067697524
2021-05-03 18:00:00,1,-62.4,-66.14801687657999,3.6037479111959896,3.496252922647521
2021-05-03 18:00:00,2,-59.7,-67.16883132481908,3.6037479111959896,3.382622169126522
2021-05-03 18:00:00,4,-55.4,-68.05778112292265,3.6037479111959896,3.426445049093068
2021-05-03 18:00:00,8,-62.925,-68.01754546565303,3.6037479111959896,3.455511414743226
2021-05-03 21:00:00,1,-59.7,-63.815368263843325,3.6037479111959896,4.027631189189583
2021-05-03 21:00:00,2,-57.55,-64.49717618890699,3.6037479111959896,3.869646860146828
2021-05-03 21:00:00,4,-58.2,-65.77998064802799,3.6037479111959896,3.3827882347656963
2021-05-03 21:00:00,8,-64.5,-68.06231883815586,3.6037479111959896,3.963740013880045
2021-05-04 00:00:00,1,-57.55,-61.01499202361383,3.6037479111959896,4.277257304257025
2021-05-04 00:00:00,2,-55.4,-61.79543149066246,3.6037479111959896,4.01376789419811
2021-05-04 00:00:00,4,-59.775000000000006,-63.856140694350266,3.6037479111959896,3.4191762848839975
2021-05-04 00:00:00,8,-66.4,-67.98537365546031,3.6037479111959896,4.277021522508292
2021-05-04 03:00:00,1,-55.4,-55.5163847883414,3.6037479111959896,4.403889165777862
2021-05-04 03:00:00,2,-58.2,-56.31301012999871,3.6037479111959896,4.1075636547373975
2021-05-04 03:00:00,4,-61.35,-60.54742722934468,3.6037479111959896,3.6363370873644376
2021-05-04 03:00:00,8,-68.2,-68.8526349327715,3.6037479111959896,4.288886537853166
2021-05-04 06:00:00,1,-58.2,-55.94495552867147,3.6037479111959896,4.2661521011960595
2021-05-04 06:00:00,2,-59.775000000000006,-57.676481519677615,3.6037479111959896,4.055858455477504
2021-05-04 06:00:00,4,-62.925,-63.525723263473225,3.6037479111959896,3.797392897579712
2021-05-04 06:00:00,8,-67.8,-71.0221441089121,3.6037479111959896,4.250903601760821
2021-05-04 09:00:00,1,-59.775000000000006,-60.93139733728421,3.6037479111959896,3.824521581945423
2021-05-04 09:00:00,2,-61.35,-63.50565875191166,3.6037479111959896,3.868600212060724
2021-05-04 09:00:00,4,-64.5,-69.03961934962214,3.6037479111959896,3.776220928239203
2021-05-04 09:00:00,8,-67.3,-70.21062078816522,3.6037479111959896,4.0825944635228755
2021-05-04 12:00:00,1,-61.35,-64.92790320857404,3.6037479111959896,3.3910875177123883
2021-05-04 12:00:00,2,-62.925,-67.7223345951374,3.6037479111959896,3.3180845668538996
2021-05-04 12:00:00,4,-66.4,-72.02527169885569,3.6037479111959896,3.5686104996160903
2021-05-04 12:00:00,8,-69.1,-71.26639538542722,3.6037479111959896,3.8219295556540893
2021-05-04 15:00:00,1,-62.925,-65.45673796600651,3.6037479111959896,3.4994466936076303
2021-05-04 15:00:00,2,-64.5,-68.41397375620572,3.6037479111959896,3.42248933304264
2021-05-04 15:00:00,4,-68.2,-71.96407090378737,3.6037479111959896,3.5374530505803756
2021-05-04 15:00:00,8,-70.7,-71.26440824369759,3.6037479111959896,3.5275710019985724
2021-05-04 18:00:00,1,-64.5,-67.19318425827142,3.6037479111959896,3.618810257470799
2021-05-04 18:00:00,2,-66.4,-69.66948275583238,3.6037479111959896,3.636725038185573
2021-05-04 18:00:00,4,-67.8,-72.38391691750775,3.6037479111959896,3.5642637335102103
2021-05-04 18:00:00,8,-71.30000000000001,-72.22064562923057,3.6037479111959896,3.3206955484622105
2021-05-04 21:00:00,1,-66.4,-65.12811746459782,3.6037479111959896,3.7455559175437014
2021-05-04 21:00:00,2,-68.2,-66.45693311692197,3.6037479111959896,3.8631869094489577
2021-05-04 21:00:00,4,-67.3,-68.9834721484957,3.6037479111959896,3.770291886377184
2021-05-04 21:00:00,8,-71.9,-72.44647513644068,3.6037479111959896,3.522663464434578
2021-05-05 00:00:00,1,-68.2,-66.88672492630437,3.6037479111959896,3.6699061739242573
2021-05-05 00:00:00,2,-67.8,-67.310545223484,3.6037479111959896,3.7185501628075035
2021-05-05 00:00:00,4,-69.1,-68.77613213768363,3.6037479111959896,3.6289096690184706
2021-05-05 00:00:00,8,-71.8,-72.22756243873184,3.6037479111959896,3.5409772965613544
2021-05-05 03:00:00,1,-67.8,-68.48312311819257,3.6037479111959896,3.618185961706738
2021-05-05 03:00:00,2,-67.3,-68.46481951104985,3.6037479111959896,3.6806667687893704
2021-05-05 03:00:00,4,-70.7,-70.0773050490364,3.6037479111959896,3.604857904481628
2021-05-05 03:00:00,8,-71.7,-72.7336250418834,3.6037479111959896,3.6989571633731964
2021-05-05 06:00:00,1,-67.3,-67.8142734034289,3.6037479111959896,3.520008600334361
2021-05-05 06:00:00,2,-69.1,-68.07545213019637,3.6037479111959896,3.523272747241012
2021-05-05 06:00:00,4,-71.30000000000001,-70.83308753121503,3.6037479111959896,3.5634869787453747
2021-05-05 06:00:00,8,-73.0,-72.63446681367496,3.6037479111959896,3.7081768589265427
2021-05-05 09:00:00,1,-69.1,-66.93978694219287,3.6037479111959896,3.3726319172769723
2021-05-05 09:00:00,2,-70.7,-68.02433978998604,3.6037479111959896,3.3787801583178787
2021-05-05 09:00:00,4,-71.9,-71.13460134438868,3.6037479111959896,3.6017421942361607
2021-05-05 09:00:00,8,-72.8,-70.74246435773074,3.6037479111959896,3.5282020327653782
2021-05-05 12:00:00,1,-70.7,-69.12040912559881,3.6037479111959896,3.308676411194064
2021-05-05 12:00:00,2,-71.30000000000001,-70.49131788674404,3.6037479111959896,3.387889241198736
2021-05-05 12:00:00,4,-71.8,-72.84951042106906,3.6037479111959896,3.6523702729383523
2021-05-05 12:00:00,8,-72.0,-69.97449099880615,3.6037479111959896,3.455569693678406
2021-05-05 15:00:00,1,-71.30000000000001,-71.2782288936823,3.6037479111959896,3.3504219110562437
2021-05-05 15:00:00,2,-71.9,-72.11648424214955,3.6037479111959896,3.450653548241037
2021-05-05 15:00:00,4,-71.7,-72.8167737381004,3.6037479111959896,3.642087613329858
2021-05-05 15:00:00,8,-74.0,-69.4873329006227,3.6037479111959896,3.584449629799197
2021-05-05 18:00:00,1,-71.9,-72.77888691405725,3.6037479111959896,3.3397420962339464
2021-05-05 18:00:00,2,-71.8,-73.15969186114897,3.6037479111959896,3.4957416822857916
2021-05-05 18:00:00,4,-73.0,-72.19687053757198,3.6037479111959896,3.7896766439255396
2021-05-05 18:00:00,8,-73.1,-69.5299231551267,3.6037479111959896,3.669164843740904
2021-05-05 21:00:00,1,-71.8,-72.40904943303096,3.6037479111959896,3.397374017928886
2021-05-05 21:00:00,2,-71.7,-71.75731882178292,3.6037479111959896,3.5523571351053427
2021-05-05 21:00:00,4,-72.8,-70.53075955192298,3.6037479111959896,3.5596973283341207
2021-05-05 21:00:00,8,-72.8,-70.86630550884482,3.6037479111959896,3.591535345898046
2021-05-06 00:00:00,1,-71.7,-72.0250814865944,3.6037479111959896,3.422574165417636
2021-05-06 00:00:00,2,-73.0,-70.92635494333156,3.6037479111959896,3.522673961841132
2021-05-06 00:00:00,4,-72.0,-69.93814748788297,3.6037479111959896,3.5278298147240337
2021-05-06 00:00:00,8,-71.5,-72.15823439249954,3.6037479111959896,3.6971700982114837
2021-05-06 03:00:00,1,-73.0,-71.47581332109363,3.6037479111959896,3.4400486349138855
2021-05-06 03:00:00,2,-72.8,-70.58356506945915,3.6037479111959896,3.5017904279076264
2021-05-06 03:00:00,4,-74.0,-70.51860758223046,3.6037479111959896,3.5056869919052502
2021-05-06 03:00:00,8,-72.0,-72.67493447226326,3.6037479111959896,3.7012592346329583
2021-05-06 06:00:00,1,-72.8,-72.91571869801588,3.6037479111959896,3.375314614500852
2021-05-06 06:00:00,2,-72.0,-72.55775939630601,3.6037479111959896,3.439816092364889
2021-05-06 06:00:00,4,-73.1,-72.82657111055852,3.6037479111959896,3.4604491948356264
2021-05-06 06:00:00,8,-72.1,-72.18651405634583,3.6037479111959896,3.9166364244320633
2021-05-06 09:00:00,1,-72.0,-74.23874728639063,3.6037479111959896,3.314331040851231
2021-05-06 09:00:00,2,-74.0,-74.31304823045393,3.6037479111959896,3.3656979236941837
2021-05-06 09:00:00,4,-72.8,-74.63478218340293,3.6037479111959896,3.514244770988952
2021-05-06 09:00:00,8,-71.8,-71.56780832846232,3.6037479111959896,4.0403244265839975
2021-05-06 12:00:00,1,-74.0,-73.83069587387187,3.6037479111959896,3.1469686287190353
2021-05-06 12:00:00,2,-73.1,-74.34556876312567,3.6037479111959896,3.3203388632500555
2021-05-06 12:00:00,4,-71.5,-75.12459460723248,3.6037479111959896,3.6666513313855744
2021-05-06 12:00:00,8,-70.5,-72.44068951349328,3.6037479111959896,3.5030315812733908
2021-05-06 15:00:00,1,-73.1,-75.9990551304329,3.6037479111959896,3.1890646819749384
2021-05-06 15:00:00,2,-72.8,-76.22222022498305,3.6037479111959896,3.3612255352906977
2021-05-06 15:00:00,4,-72.0,-75.7546900147614,3.6037479111959896,3.5959861762942316
2021-05-06 15:00:00,8,-70.9,-71.88458379360011,3.6037479111959896,3.4784722488008573
2021-05-06 18:00:00,1,-72.8,-74.71943384468446,3.6037479111959896,3.3205783507499276
2021-05-06 18:00:00,2,-71.5,-74.41339384429342,3.6037479111959896,3.4727258218227575
2021-05-06 18:00:00,4,-72.1,-73.67596828633073,3.6037479111959896,3.572627253919993
2021-05-06 18:00:00,8,-71.5,-72.05604573712836,3.6037479111959896,3.512040875474295
2021-05-06 21:00:00,1,-71.5,-72.87139924113657,3.6037479111959896,3.3798179552573773
2021-05-06 21:00:00,2,-72.0,-72.27891254426876,3.6037479111959896,3.509028426384219
2021-05-06 21:00:00,4,-71.8,-71.42898940277408,3.6037479111959896,3.533784983464587
2021-05-06 21:00:00,8,-69.7,-71.78064576182591,3.6037479111959896,3.4767507674362816
2021-05-07 00:00:00,1,-72.0,-70.56665058822462,3.6037479111959896,3.3796368533330057
2021-05-07 00:00:00,2,-72.1,-69.81008708297314,3.6037479111959896,3.5392435748874864
2021-05-07 00:00:00,4,-70.5,-69.55325297717364,3.6037479111959896,3.490559609214075
2021-05-07 00:00:00,8,-69.5,-72.34180939866687,3.6037479111959896,3.7390644279710292
2021-05-07 03:00:00,1,-72.1,-70.9017930645922,3.6037479111959896,3.4569104157784625
2021-05-07 03:00:00,2,-71.8,-70.9005393928701,3.6037479111959896,3.420550238773945
2021-05-07 03:00:00,4,-70.9,-71.90212655169768,3.6037479111959896,3.6348205553659163
2021-05-07 03:00:00,8,-70.0,-72.41440275538454,3.6037479111959896,3.597653421058278
2021-05-07 06:00:00,1,-71.8,-71.57405363104117,3.6037479111959896,3.348784208993499
2021-05-07 06:00:00,2,-70.5,-72.22178834380026,3.6037479111959896,3.326240365249293
2021-05-07 06:00:00,4,-71.5,-74.32307616322878,3.6037479111959896,3.6217136868281745
2021-05-07 06:00:00,8,-71.8,-73.99988535727857,3.6037479111959896,3.5203467834509006
2021-05-07 09:00:00,1,-70.5,-70.73731277565429,3.6037479111959896,3.3460172125962258
2021-05-07 09:00:00,2,-70.9,-71.2817161184725,3.6037479111959896,3.3756882555239742
2021-05-07 09:00:00,4,-69.7,-73.15967889213115,3.6037479111959896,3.790960113503502
2021-05-07 09:00:00,8,-70.0,-72.2078322396295,3.6037479111959896,3.4119406991446573
2021-05-07 12:00:00,1,-70.9,-70.53594283604299,3.6037479111959896,3.3237345843172035
2021-05-07 12:00:00,2,-71.5,-71.19015341169764,3.6037479111959896,3.4104731817034684
2021-05-07 12:00:00,4,-69.5,-72.93730202566375,3.6037479111959896,3.82008675759485
2021-05-07 12:00:00,8,-70.3,-71.56527648798448,3.6037479111959896,3.396357615703698
2021-05-07 15:00:00,1,-71.5,-71.12275774911976,3.6037479111959896,3.4157672337767813
2021-05-07 15:00:00,2,-69.7,-71.50865087420084,3.6037479111959896,3.5167717133596503
2021-05-07 15:00:00,4,-70.0,-72.27448002218004,3.6037479111959896,3.7847504742980393
2021-05-07 15:00:00,8,-67.9,-70.10464373859011,3.6037479111959896,3.418475604657833
2021-05-07 18:00:00,1,-69.7,-71.12914138788864,3.6037479111959896,3.4285066197699128
2021-05-07 18:00:00,2,-69.5,-71.23352613027646,3.6037479111959896,3.5575889625516153
2021-05-07 18:00:00,4,-71.8,-71.76443448955733,3.6037479111959896,3.7494660981772556
2021-05-07 18:00:00,8,-68.0,-70.97029397568829,3.6037479111959896,3.404697435302238
2021-05-07 21:00:00,1,-69.5,-68.76746451077737,3.6037479111959896,3.5693597678383044
2021-05-07 21:00:00,2,-70.0,-68.70417570384086,3.6037479111959896,3.631610781692705
2021-05-07 21:00:00,4,-70.0,-69.63747521986531,3.6037479111959896,3.7257471314207646
2021-05-07 21:00:00,8,-70.05,-71.74341171167946,3.6037479111959896,3.4532354836920387
2021-05-08 00:00:00,1,-70.0,-68.56577610972863,3.6037479111959896,3.6453333314561145
2021-05-08 00:00:00,2,-71.8,-68.47602618344388,3.6037479111959896,3.621309113447073
2021-05-08 00:00:00,4,-70.3,-69.55601105496227,3.6037479111959896,3.6453947429507103
2021-05-08 00:00:00,8,-72.1,-72.02466359602036,3.6037479111959896,3.556226695774298
2021-05-08 03:00:00,1,-71.8,-69.49575411619048,3.6037479111959896,3.578133720181798
2021-05-08 03:00:00,2,-70.0,-69.63065928050261,3.6037479111959896,3.5478578200209183
2021-05-08 03:00:00,4,-67.9,-71.05148579121722,3.6037479111959896,3.618513970670195
2021-05-08 03:00:00,8,-72.5,-72.87057498800434,3.6037479111959896,3.5790339944304193
2021-05-08 06:00:00,1,-70.0,-72.85527731099072,3.6037479111959896,3.481681589247766
2021-05-08 06:00:00,2,-70.3,-73.29932927596154,3.6037479111959896,3.467731595675687
2021-05-08 06:00:00,4,-68.0,-74.56286177460964,3.6037479111959896,3.605983519725098
2021-05-08 06:00:00,8,-73.6,-73.2671589067708,3.6037479111959896,3.62465019134747
2021-05-08 09:00:00,1,-70.3,-71.76683663985705,3.6037479111959896,3.463787370119798
2021-05-08 09:00:00,2,-67.9,-72.29787613031804,3.6037479111959896,3.4366188289342823
2021-05-08 09:00:00,4,-70.05,-74.1737580971184,3.6037479111959896,3.684325498212091
2021-05-08 09:00:00,8,-74.0,-72.93078581471278,3.6037479111959896,3.616248613673292
2021-05-08 12:00:00,1,-67.9,-73.16216606154765,3.6037479111959896,3.3323304073352604
2021-05-08 12:00:00,2,-68.0,-73.86411270977483,3.6037479111959896,3.408629450541424
2021-05-08 12:00:00,4,-72.1,-75.23130368581313,3.6037479111959896,3.7571663291232658
2021-05-08 12:00:00,8,-72.8,-72.49609459860034,3.6037479111959896,3.3937254126715977
2021-05-08 15:00:00,1,-68.0,-70.5806052513934,3.6037479111959896,3.3596703461759776
2021-05-08 15:00:00,2,-70.05,-71.04814987163485,3.6037479111959896,3.5248035423824065
2021-05-08 15:00:00,4,-72.5,-71.9766292360381,3.6037479111959896,3.8798592437840806
2021-05-08 15:00:00,8,-70.5,-70.84130700650569,3.6037479111959896,3.3829112710355296
2021-05-08 18:00:00,1,-70.05,-69.8224811409982,3.6037479111959896,3.3832357775309587
2021-05-08 18:00:00,2,-72.1,-69.32705457345679,3.6037479111959896,3.6112329628193214
2021-05-08 18:00:00,4,-73.6,-67.29981264074122,3.6037479111959896,3.885799056318475
2021-05-08 18:00:00,8,-69.9,-66.14753269991489,3.6037479111959896,3.5094210827094985
2021-05-08 21:00:00,1,-72.1,-72.48352762033772,3.6037479111959896,3.4030459499780625
2021-05-08 21:00:00,2,-72.5,-72.54297039299114,3.6037479111959896,3.4845647636092574
2021-05-08 21:00:00,4,-74.0,-69.9298934285448,3.6037479111959896,3.601067081026848
2021-05-08 21:00:00,8,-69.9,-66.89251199025375,3.6037479111959896,3.7096571465461174
2021-05-09 00:00:00,1,-72.5,-73.86742989633147,3.6037479111959896,3.4911533558588093
2021-05-09 00:00:00,2,-73.6,-72.58106039831338,3.6037479111959896,3.440995854231118
2021-05-09 00:00:00,4,-72.8,-69.28760138026202,3.6037479111959896,3.122590038259791
2021-05-09 00:00:00,8,-70.2,-65.28540138965047,3.6037479111959896,4.831699099485406
2021-05-09 03:00:00,1,-73.6,-73.9922624568074,3.6037479111959896,3.459655404279583
2021-05-09 03:00:00,2,-74.0,-72.07902827769827,3.6037479111959896,3.380362620694579
2021-05-09 03:00:00,4,-70.5,-68.70774074273797,3.6037479111959896,3.180175304814491
2021-05-09 03:00:00,8,-67.0,-64.61817208161268,3.6037479111959896,5.025449738917583
2021-05-09 06:00:00,1,-74.0,-73.85941216131793,3.6037479111959896,3.3210336249384294
2021-05-09 06:00:00,2,-72.8,-72.20908158834565,3.6037479111959896,3.3256688797714733
2021-05-09 06:00:00,4,-69.9,-69.19838174270569,3.6037479111959896,3.4997653082253493
2021-05-09 06:00:00,8,-67.0,-64.12002922534006,3.6037479111959896,4.536161553773474
2021-05-09 09:00:00,1,-72.8,-74.8682432370961,3.6037479111959896,3.1709627541626215
2021-05-09 09:00:00,2,-70.5,-73.44418744094558,3.6037479111959896,3.1665306491402228
2021-05-09 09:00:00,4,-69.9,-70.29352883705164,3.6037479111959896,3.65050747981901
2021-05-09 09:00:00,8,-67.7,-63.17497185366447,3.6037479111959896,4.550638723770185
2021-05-09 12:00:00,1,-70.5,-73.91223497087785,3.6037479111959896,2.9747228897081195
2021-05-09 12:00:00,2,-69.9,-73.46284841657918,3.6037479111959896,2.9547134864821505
2021-05-09 12:00:00,4,-70.2,-71.0043938465295,3.6037479111959896,4.024746115297382
2021-05-09 12:00:00,8,-66.9,-65.96124716902426,3.6037479111959896,3.601482128486933
2021-05-09 15:00:00,1,-69.9,-73.23304894891575,3.6037479111959896,3.1600196977090502
2021-05-09 15:00:00,2,-69.9,-73.0486136645667,3.6037479111959896,3.347788614960858
2021-05-09 15:00:00,4,-67.0,-70.61174386316688,3.6037479111959896,4.369238846342981
2021-05-09 15:00:00,8,-66.5,-66.94567343527882,3.6037479111959896,3.286634150197558
2021-05-09 18:00:00,1,-69.9,-73.3609609306217,3.6037479111959896,3.495267859346534
2021-05-09 18:00:00,2,-70.2,-73.2900434592061,3.6037479111959896,3.7337741083089355
2021-05-09 18:00:00,4,-67.0,-71.51086857624719,3.6037479111959896,4.314036164490057
2021-05-09 18:00:00,8,-64.1,-69.02119181630923,3.6037479111959896,3.41024795734647
2021-05-09 21:00:00,1,-70.2,-73.27345176241496,3.6037479111959896,3.5938334281433177
2021-05-09 21:00:00,2,-67.0,-73.75845556263917,3.6037479111959896,3.693204344640884
2021-05-09 21:00:00,4,-67.7,-73.8751896919907,3.6037479111959896,3.7351158301619973
2021-05-09 21:00:00,8,-63.8,-72.23107848356163,3.6037479111959896,3.564661631873747
2021-05-10 00:00:00,1,-67.0,-72.95231870729138,3.6037479111959896,3.635900581872352
2021-05-10 00:00:00,2,-67.0,-73.65809697978186,3.6037479111959896,3.5767359121851476
2021-05-10 00:00:00,4,-66.9,-74.50741201844124,3.6037479111959896,3.394718913887948
2021-05-10 00:00:00,8,-65.1,-72.81611952320173,3.6037479111959896,3.952430914526191
2021-05-10 03:00:00,1,-67.0,-69.60893905766667,3.6037479111959896,4.307959052542955
2021-05-10 03:00:00,2,-67.7,-70.55435307733217,3.6037479111959896,4.227155762137542
2021-05-10 03:00:00,4,-66.5,-74.03094759594714,3.6037479111959896,3.7838097067202
2021-05-10 03:00:00,8,-66.1,-76.51257780083196,3.6037479111959896,3.756443547690668
2021-05-10 06:00:00,1,-67.7,-71.07545541814304,3.6037479111959896,3.7941488457084644
2021-05-10 06:00:00,2,-66.9,-71.30037133009819,3.6037479111959896,3.7183987868724846
2021-05-10 06:00:00,4,-64.1,-72.95915626168377,3.6037479111959896,3.745738912333763
2021-05-10 06:00:00,8,-67.4,-72.11937777412425,3.6037479111959896,3.8581520999948986
2021-05-10 09:00:00,1,-66.9,-71.55042552158447,3.6037479111959896,3.3174241966689024
2021-05-10 09:00:00,2,-66.5,-72.45589352537823,3.6037479111959896,3.2831627411629007
2021-05-10 09:00:00,4,-63.8,-74.51814748318799,3.6037479111959896,3.8280489504882875
2021-05-10 09:00:00,8,-69.0,-71.61827221778191,3.6037479111959896,3.4734001285646463
2021-05-10 12:00:00,1,-66.5,-70.69997785536927,3.6037479111959896,3.3393459007830284
2021-05-10 12:00:00,2,-64.1,-72.4052091627558,3.6037479111959896,3.408961661800013
2021-05-10 12:00:00,4,-65.1,-75.15065801003442,3.6037479111959896,4.2291006683037065
2021-05-10 12:00:00,8,-68.2,-70.15257434642987,3.6037479111959896,3.2870661501361
2021-05-10 15:00:00,1,-64.1,-69.90072466647722,3.6037479111959896,3.4598806286365815
2021-05-10 15:00:00,2,-63.8,-70.61135046962649,3.6037479111959896,3.625816773136581
2021-05-10 15:00:00,4,-66.1,-71.10789669570592,3.6037479111959896,4.367577816710116
2021-05-10 15:00:00,8,-65.6,-67.65823882709242,3.6037479111959896,3.1415837457526954
2021-05-10 18:00:00,1,-63.8,-66.87256996386043,3.6037479111959896,3.9179056841873123
2021-05-10 18:00:00,2,-65.1,-67.50243625207462,3.6037479111959896,4.090919820027941
2021-05-10 18:00:00,4,-67.4,-68.05859961204696,3.6037479111959896,4.355083943394967
2021-05-10 18:00:00,8,-69.1,-67.15023231227059,3.6037479111959896,3.1970349795327375
2021-05-10 21:00:00,1,-65.1,-66.31465146347715,3.6037479111959896,4.952065415612733
2021-05-10 21:00:00,2,-66.1,-67.80028559721458,3.6037479111959896,5.140726005904807
2021-05-10 21:00:00,4,-69.0,-70.5668480054958,3.6037479111959896,4.533852150991675
2021-05-10 21:00:00,8,-68.94999999999999,-71.2416072693771,3.6037479111959896,3.403160894913574
2021-05-11 00:00:00,1,-66.1,-67.92849586633028,3.6037479111959896,3.7969932496484162
2021-05-11 00:00:00,2,-67.4,-68.93641190585151,3.6037479111959896,3.654197734786493
2021-05-11 00:00:00,4,-68.2,-69.15648028714787,3.6037479111959896,3.269987516179687
2021-05-11 00:00:00,8,-68.8,-68.54960086250954,3.6037479111959896,4.131460150967522
2021-05-11 03:00:00,1,-67.4,-69.301822628797,3.6037479111959896,3.6815655000858536
2021-05-11 03:00:00,2,-69.0,-69.63171553495353,3.6037479111959896,3.368456388865813
2021-05-11 03:00:00,4,-65.6,-68.99236601271272,3.6037479111959896,3.0257384460150245
2021-05-11 03:00:00,8,-69.5,-67.15897919428572,3.6037479111959896,5.055724606000358
2021-05-11 06:00:00,1,-69.0,-70.5376576283985,3.6037479111959896,3.512625251100861
2021-05-11 06:00:00,2,-68.2,-70.82456976851462,3.6037479111959896,3.2613005690077213
2021-05-11 06:00:00,4,-69.1,-70.46922588539744,3.6037479111959896,3.221353131590311
2021-05-11 06:00:00,8,-69.1,-67.98435054405492,3.6037479111959896,4.833807911824254
2021-05-11 09:00:00,1,-68.2,-72.50914143052208,3.6037479111959896,3.2418787006278147
2021-05-11 09:00:00,2,-65.6,-72.90706259912545,3.6037479111959896,3.133136606001563
2021-05-11 09:00:00,4,-68.94999999999999,-72.33764778495028,3.6037479111959896,3.541844592290846
2021-05-11 09:00:00,8,-66.9,-68.01805558035375,3.6037479111959896,4.511489142571039
2021-05-11 12:00:00,1,-65.6,-71.52560282148684,3.6037479111959896,3.1991106800520552
2021-05-11 12:00:00,2,-69.1,-72.02396182805639,3.6037479111959896,3.2796790151712205
2021-05-11 12:00:00,4,-68.8,-71.7633868811183,3.6037479111959896,4.010148548378772
2021-05-11 12:00:00,8,-66.5,-68.57378663973228,3.6037479111959896,3.5709677605742463
2021-05-11 15:00:00,1,-69.1,-69.77815736111296,3.6037479111959896,3.433110628989036
2021-05-11 15:00:00,2,-68.94999999999999,-70.59109430480166,3.6037479111959896,3.719838217919249
2021-05-11 15:00:00,4,-69.5,-71.26834794310935,3.6037479111959896,4.846982043744182
2021-05-11 15:00:00,8,-64.2,-69.0611205401572,3.6037479111959896,3.398715419860986
2021-05-11 18:00:00,1,-68.94999999999999,-72.33181749094152,3.6037479111959896,3.4012438885212726
2021-05-11 18:00:00,2,-68.8,-73.35184227009589,3.6037479111959896,3.5342731228668782
2021-05-11 18:00:00,4,-69.1,-72.76710672287543,3.6037479111959896,4.094901076435141
2021-05-11 18:00:00,8,-63.1,-68.75270144549812,3.6037479111959896,3.6836105815031335
2021-05-11 21:00:00,1,-68.8,-71.90351711860782,3.6037479111959896,3.757379449803882
2021-05-11 21:00:00,2,-69.5,-72.40829146598979,3.6037479111959896,3.6748620695411107
2021-05-11 21:00:00,4,-66.9,-70.9374693915989,3.6037479111959896,3.8198810217564314
2021-05-11 21:00:00,8,-63.2,-68.12950555544671,3.6037479111959896,4.793908862452293
2021-05-12 00:00:00,1,-69.5,-69.99288971207949,3.6037479111959896,3.767726413525667
2021-05-12 00:00:00,2,-69.1,-70.02470703578527,3.6037479111959896,3.661330639227185
2021-05-12 00:00:00,4,-66.5,-69.59019738592224,3.6037479111959896,3.545015888803399
2021-05-12 00:00:00,8,-63.5,-69.58261627450845,3.6037479111959896,4.410274468251348
2021-05-12 03:00:00,1,-69.1,-70.92939401650618,3.6037479111959896,3.6286775130406363
2021-05-12 03:00:00,2,-66.9,-71.45301811078104,3.6037479111959896,3.472748269610233
2021-05-12 03:00:00,4,-64.2,-72.02552531520406,3.6037479111959896,3.4335268994802974
2021-05-12 03:00:00,8,-61.8,-70.16347264440029,3.6037479111959896,4.649394059017385
2021-05-12 06:00:00,1,-66.9,-70.32655660242014,3.6037479111959896,3.4772837024382235
2021-05-12 06:00:00,2,-66.5,-70.92293256363041,3.6037479111959896,3.3114821446877762
2021-05-12 06:00:00,4,-63.1,-72.51621819124304,3.6037479111959896,3.6886166580558246
2021-05-12 06:00:00,8,-63.2,-70.15189419349558,3.6037479111959896,4.491904860982937
2021-05-12 09:00:00,1,-66.5,-68.41437291375402,3.6037479111959896,3.436633172057396
2021-05-12 09:00:00,2,-64.2,-68.66072805315912,3.6037479111959896,3.343889258319839
2021-05-12 09:00:00,4,-63.2,-69.33334742910095,3.6037479111959896,4.075655484505101
2021-05-12 09:00:00,8,-63.6,-66.41875809248295,3.6037479111959896,4.184446207117523
2021-05-12 12:00:00,1,-64.2,-68.60804069778527,3.6037479111959896,3.439627898859201
2021-05-12 12:00:00,2,-63.1,-69.40464964804507,3.6037479111959896,3.4750032325083926
2021-05-12 12:00:00,4,-63.5,-69.10337215919603,3.6037479111959896,4.350294939879772
2021-05-12 12:00:00,8,-64.4,-63.28815607463968,3.6037479111959896,3.6992649406683396
2021-05-12 15:00:00,1,-63.1,-66.86864179246452,3.6037479111959896,3.5852420440286035
2021-05-12 15:00:00,2,-63.2,-67.58802024163684,3.6037479111959896,3.719361135785195
2021-05-12 15:00:00,4,-61.8,-66.89712031458396,3.6037479111959896,4.3282059970829465
2021-05-12 15:00:00,8,-67.6,-62.8076827846388,3.6037479111959896,3.399655347646301
2021-05-12 18:00:00,1,-63.2,-64.90963274447687,3.6037479111959896,4.1665838467853185
2021-05-12 18:00:00,2,-63.5,-65.60069694575539,3.6037479111959896,4.241111194365969
2021-05-12 18:00:00,4,-63.2,-65.26424892159444,3.6037479111959896,4.267998151785076
2021-05-12 18:00:00,8,-67.7,-63.564084897668586,3.6037479111959896,3.647551730054366
2021-05-12 21:00:00,1,-63.5,-65.96084224746804,3.6037479111959896,3.9469094519693084
2021-05-12 21:00:00,2,-61.8,-66.60620795297295,3.6037479111959896,3.868509034586655
2021-05-12 21:00:00,4,-63.6,-66.77715689979652,3.6037479111959896,3.5981279271620887
2021-05-12 21:00:00,8,-70.8,-66.47447011101161,3.6037479111959896,3.7212788486696198
2021-05-13 00:00:00,1,-61.8,-66.40378896392065,3.6037479111959896,3.6871191546895017
2021-05-13 00:00:00,2,-63.2,-66.46095783545051,3.6037479111959896,3.6224694134548017
2021-05-13 00:00:00,4,-64.4,-66.47548745840909,3.6037479111959896,3.497126720104056
2021-05-13 00:00:00,8,-73.0,-67.63360057524814,3.6037479111959896,3.7791166395033784
2021-05-13 03:00:00,1,-63.2,-62.86027647488399,3.6037479111959896,4.114803039538157
2021-05-13 03:00:00,2,-63.6,-64.44666618752406,3.6037479111959896,3.862779463444222
2021-05-13 03:00:00,4,-67.6,-68.35150776139947,3.6037479111959896,3.586086435416747
2021-05-13 03:00:00,8,-75.2,-71.22963110192606,3.6037479111959896,3.8975518327259717
2021-05-13 06:00:00,1,-63.6,-64.6077478732935,3.6037479111959896,3.720466489367761
2021-05-13 06:00:00,2,-64.4,-66.20151407506627,3.6037479111959896,3.5451982104264372
2021-05-13 06:00:00,4,-67.7,-70.09335204707932,3.6037479111959896,3.5796928949784985
2021-05-13 06:00:00,8,-74.6,-70.44592056038412,3.6037479111959896,4.007406052595145
2021-05-13 09:00:00,1,-64.4,-65.56904533727725,3.6037479111959896,3.6034321100658535
2021-05-13 09:00:00,2,-67.6,-67.9132529473919,3.6037479111959896,3.413321624645561
2021-05-13 09:00:00,4,-70.8,-72.39362062483723,3.6037479111959896,3.7095185407894844
2021-05-13 09:00:00,8,-75.0,-70.82930922402497,3.6037479111959896,3.763769204510751
2021-05-13 12:00:00,1,-67.6,-66.99103617759124,3.6037479111959896,3.3842262261681335
2021-05-13 12:00:00,2,-67.7,-69.57955990931009,3.6037479111959896,3.3838131282264086
2021-05-13 12:00:00,4,-73.0,-73.5317960382889,3.6037479111959896,3.9297668071604863
2021-05-13 12:00:00,8,-72.2,-70.08134561858671,3.6037479111959896,3.385663311127846
2021-05-13 15:00:00,1,-67.7,-70.33692605266411,3.6037479111959896,3.31896917497293
2021-05-13 15:00:00,2,-70.8,-72.19276656393457,3.6037479111959896,3.4366980626924497
2021-05-13 15:00:00,4,-75.2,-73.86746592138095,3.6037479111959896,3.9198633338717825
2021-05-13 15:00:00,8,-72.5,-69.09785312161482,3.6037479111959896,3.3292978498797408
2021-05-13 18:00:00,1,-70.8,-69.7458904447896,3.6037479111959896,3.6317954760628752
2021-05-13 18:00:00,2,-73.0,-70.92177543904094,3.6037479111959896,3.6867455336614396
2021-05-13 18:00:00,4,-74.6,-72.3196439062193,3.6037479111959896,3.9981616698075912
2021-05-13 18:00:00,8,-72.9,-70.30882075005734,3.6037479111959896,3.5486098642239767
2021-05-13 21:00:00,1,-73.0,-72.37006888848543,3.6037479111959896,3.401276013917838
2021-05-13 21:00:00,2,-75.2,-72.12490689871932,3.6037479111959896,3.4763726275246367
2021-05-13 21:00:00,4,-75.0,-69.63251096804618,3.6037479111959896,3.554880318404742
2021-05-13 21:00:00,8,-72.8,-65.80803983857142,3.6037479111959896,3.873669599638721
2021-05-14 00:00:00,1,-75.2,-76.63734983922475,3.6037479111959896,3.6097715438714637
2021-05-14 00:00:00,2,-74.6,-75.7688392131974,3.6037479111959896,3.450458369794353
2021-05-14 00:00:00,4,-72.2,-70.9031519294588,3.6037479111959896,3.3649177697691304
2021-05-14 00:00:00,8,-74.0,-62.24454209308206,3.6037479111959896,6.302376293372202
2021-05-14 03:00:00,1,-74.6,-75.63908274895778,3.6037479111959896,3.5984435958409526
2021-05-14 03:00:00,2,-75.0,-73.82972175653379,3.6037479111959896,3.379736268771837
2021-05-14 03:00:00,4,-72.5,-68.74194580672366,3.6037479111959896,3.3326784546814507
2021-05-14 03:00:00,8,-72.5,-60.649086316488415,3.6037479111959896,7.021674853101089
2021-05-14 06:00:00,1,-75.0,-73.9763609999644,3.6037479111959896,3.4735510646083427
2021-05-14 06:00:00,2,-72.2,-72.34929828595396,3.6037479111959896,3.571027642446744
2021-05-14 06:00:00,4,-72.9,-70.55322189077832,3.6037479111959896,4.410591509924339
2021-05-14 06:00:00,8,-71.4,-66.96283576885382,3.6037479111959896,4.953766648646444
2021-05-14 09:00:00,1,-72.2,-73.42201474348812,3.6037479111959896,2.889317856190394
2021-05-14 09:00:00,2,-72.5,-72.01850619456226,3.6037479111959896,3.021995797325052
2021-05-14 09:00:00,4,-72.8,-67.77740392678324,3.6037479111959896,4.649564896810904
2021-05-14 09:00:00,8,-73.2,-61.10961109558707,3.6037479111959896,5.569570883923275
2021-05-14 12:00:00,1,-72.5,-71.06047332056292,3.6037479111959896,2.8365512658200815
2021-05-14 12:00:00,2,-72.9,-69.84232229725296,3.6037479111959896,3.5078350945372003
2021-05-14 12:00:00,4,-74.0,-65.60001967482506,3.6037479111959896,6.001568049817157
2021-05-14 12:00:00,8,-72.6,-60.759876312674805,3.6037479111959896,4.280486373163235
2021-05-14 15:00:00,1,-72.9,-71.27167521667985,3.6037479111959896,3.097021635084107
2021-05-14 15:00:00,2,-72.8,-70.28031773090424,3.6037479111959896,3.853619939691745
2021-05-14 15:00:00,4,-72.5,-65.3641636758421,3.6037479111959896,6.0585082224127795
2021-05-14 15:00:00,8,-71.7,-59.47250243627705,3.6037479111959896,3.986872485533599
2021-05-14 18:00:00,1,-72.8,-72.45813860646219,3.6037479111959896,3.4870039543261844
2021-05-14 18:00:00,2,-74.0,-71.48124733955805,3.6037479111959896,3.9544295940739924
2021-05-14 18:00:00,4,-71.4,-66.46652586709902,3.6037479111959896,5.16906044571488
2021-05-14 18:00:00,8,-71.4,-61.358508882984864,3.6037479111959896,3.924747860454109
2021-05-14 21:00:00,1,-74.0,-73.27369961475543,3.6037479111959896,3.962396265860893
2021-05-14 21:00:00,2,-72.5,-72.55474337916307,3.6037479111959896,4.171754089446474
2021-05-14 21:00:00,4,-73.2,-69.70710731751525,3.6037479111959896,4.282993380459011
2021-05-14 21:00:00,8,-70.0,-67.401188570996,3.6037479111959896,4.0378287764823595
2021-05-15 00:00:00,1,-72.5,-74.24137711500309,3.6037479111959896,3.7303166958163505
2021-05-15 00:00:00,2,-71.4,-74.08328190583602,3.6037479111959896,3.7155421859458704
2021-05-15 00:00:00,4,-72.6,-72.80211298396168,3.6037479111959896,3.4149086192358844
2021-05-15 00:00:00,8,-71.9,-70.5066198867636,3.6037479111959896,4.2686616145393685
2021-05-15 03:00:00,1,-71.4,-72.69978022839257,3.6037479111959896,3.777228759248627
2021-05-15 03:00:00,2,-73.2,-71.36296845608457,3.6037479111959896,3.6033380333080696
2021-05-15 03:00:00,4,-71.7,-69.5560225829781,3.6037479111959896,3.3513916448111516
2021-05-15 03:00:00,8,-72.0,-69.0927404465918,3.6037479111959896,4.769849206531729
2021-05-15 06:00:00,1,-73.2,-71.93136880486622,3.6037479111959896,3.534523094443264
2021-05-15 06:00:00,2,-72.6,-70.90687547857365,3.6037479111959896,3.4045193726270018
2021-05-15 06:00:00,4,-71.4,-70.29666301635689,3.6037479111959896,3.644920900016393
2021-05-15 06:00:00,8,-67.5,-69.61839491265569,3.6037479111959896,4.46943654524576
2021-05-15 09:00:00,1,-72.6,-74.05296466519081,3.6037479111959896,3.268560188809305
2021-05-15 09:00:00,2,-71.7,-73.93734154836542,3.6037479111959896,3.2396604753200844
2021-05-15 09:00:00,4,-70.0,-72.77237934911815,3.6037479111959896,3.782138306316162
2021-05-15 09:00:00,8,-66.45,-66.62875242894111,3.6037479111959896,4.425248688782136
2021-05-15 12:00:00,1,-71.7,-73.49697998946392,3.6037479111959896,3.3368422526573496
2021-05-15 12:00:00,2,-71.4,-73.65745141089508,3.6037479111959896,3.3238703107851815
2021-05-15 12:00:00,4,-71.9,-72.17605958698508,3.6037479111959896,3.9999863923324974
2021-05-15 12:00:00,8,-65.4,-65.2495838444498,3.6037479111959896,4.0737889056543795
2021-05-15 15:00:00,1,-71.4,-72.48931324328514,3.6037479111959896,3.435263630410711
2021-05-15 15:00:00,2,-70.0,-73.45896059323869,3.6037479111959896,3.523553131303814
2021-05-15 15:00:00,4,-72.0,-73.47635636913435,3.6037479111959896,4.088088359556896
2021-05-15 15:00:00,8,-63.0,-66.72958366044767,3.6037479111959896,3.5739623407456103
2021-05-15 18:00:00,1,-70.0,-71.86550925039842,3.6037479111959896,3.606476357966513
2021-05-15 18:00:00,2,-71.9,-72.46647912591911,3.6037479111959896,3.7159330227206806
2021-05-15 18:00:00,4,-67.5,-71.68439403460997,3.6037479111959896,3.9943550369252896
2021-05-15 18:00:00,8,-61.4,-66.36760108121125,3.6037479111959896,3.485928646653933
2021-05-15 21:00:00,1,-71.9,-68.93405874961911,3.6037479111959896,3.9303842812765426
2021-05-15 21:00:00,2,-72.0,-69.42788004095543,3.6037479111959896,3.94376820136707
2021-05-15 21:00:00,4,-66.45,-69.48306465275962,3.6037479111959896,3.6019795089395013
2021-05-15 21:00:00,8,-59.8,-68.05463541560155,3.6037479111959896,3.5875628573247016
2021-05-16 00:00:00,1,-72.0,-71.59657072797172,3.6037479111959896,3.761746024349304
2021-05-16 00:00:00,2,-67.5,-71.88066570921805,3.6037479111959896,3.6794086262875383
2021-05-16 00:00:00,4,-65.4,-71.03989725329866,3.6037479111959896,3.1669981336454276
2021-05-16 00:00:00,8,-55.7,-67.28664044164726,3.6037479111959896,4.733430577301511
2021-05-16 03:00:00,1,-67.5,-71.14694496734447,3.6037479111959896,3.736549955852815
2021-05-16 03:00:00,2,-66.45,-70.62172856588234,3.6037479111959896,3.3726881700460614
2021-05-16 03:00:00,4,-63.0,-69.21077724173274,3.6037479111959896,3.015064816331319
2021-05-16 03:00:00,8,-55.0,-65.46609871486488,3.6037479111959896,5.780871000987167
2021-05-16 06:00:00,1,-66.45,-64.1631050975111,3.6037479111959896,3.6248958873135035
2021-05-16 06:00:00,2,-65.4,-63.727716436440616,3.6037479111959896,3.3191580083205414
2021-05-16 06:00:00,4,-61.4,-65.23229037969467,3.6037479111959896,3.697005112305555
2021-05-16 06:00:00,8,-56.8,-68.1796063122675,3.6037479111959896,4.04858697194026
2021-05-16 09:00:00,1,-65.4,-64.11445110667769,3.6037479111959896,3.4206331782832518
2021-05-16 09:00:00,2,-63.0,-63.50951055020268,3.6037479111959896,3.7292612499038014
2021-05-16 09:00:00,4,-59.8,-63.84403339571911,3.6037479111959896,5.142552647955483
2021-05-16 09:00:00,8,-54.4,-59.35253613948566,3.6037479111959896,5.025241896932835
2021-05-16 12:00:00,1,-63.0,-64.91387937731024,3.6037479111959896,3.6147291657285057
2021-05-16 12:00:00,2,-61.4,-66.0563777967002,3.6037479111959896,3.68976853347823
2021-05-16 12:00:00,4,-55.7,-67.42665395797647,3.6037479111959896,4.7177718325531215
2021-05-16 12:00:00,8,-53.6,-63.46250434513272,3.6037479111959896,3.801425687921817
2021-05-16 15:00:00,1,-61.4,-63.57613815872551,3.6037479111959896,4.788550506265689
2021-05-16 15:00:00,2,-59.8,-64.42071806488049,3.6037479111959896,5.303275713710566
2021-05-16 15:00:00,4,-55.0,-65.5379182535196,3.6037479111959896,5.748901725851196
2021-05-16 15:00:00,8,-53.2,-63.9939242601163,3.6037479111959896,3.677751122450272
2021-05-16 18:00:00,1,-59.8,-60.10826242258709,3.6037479111959896,5.780511196545636
2021-05-16 18:00:00,2,-55.7,-59.60857913519845,3.6037479111959896,6.9048670178301474
2021-05-16 18:00:00,4,-56.8,-58.60568750932899,3.6037479111959896,7.558217497086677
2021-05-16 18:00:00,8,-54.9,-60.3141210833643,3.6037479111959896,4.427310259458981
2021-05-16 21:00:00,1,-55.7,-58.83319470309365,3.6037479111959896,7.273134221919083
2021-05-16 21:00:00,2,-55.0,-59.12173517544652,3.6037479111959896,7.8658880452690205
2021-05-16 21:00:00,4,-54.4,-60.53341060309077,3.6037479111959896,6.397494553846773
2021-05-16 21:00:00,8,-53.8,-62.72923751888267,3.6037479111959896,5.140819102904646
2021-05-17 00:00:00,1,-55.0,-55.334353815795026,3.6037479111959896,8.08346074598758
2021-05-17 00:00:00,2,-56.8,-55.94738685926126,3.6037479111959896,8.458460153512744
2021-05-17 00:00:00,4,-53.6,-58.828347892935845,3.6037479111959896,6.16209649698724
2021-05-17 00:00:00,8,-50.6,-62.22089380959766,3.6037479111959896,5.119774702047593
2021-05-17 03:00:00,1,-56.8,-55.042646741592364,3.6037479111959896,7.789307924837971
2021-05-17 03:00:00,2,-54.4,-55.43966962558681,3.6037479111959896,8.255377739550324
2021-05-17 03:00:00,4,-53.2,-58.95841129059709,3.6037479111959896,5.869402515422735
2021-05-17 03:00:00,8,-51.6,-61.29382950913821,3.6037479111959896,5.817882017198032
2021-05-17 06:00:00,1,-54.4,-60.461207037408535,3.6037479111959896,3.3625016200264617
2021-05-17 06:00:00,2,-53.6,-60.512050630749705,3.6037479111959896,3.154989873689977
2021-05-17 06:00:00,4,-54.9,-59.91652918371322,3.6037479111959896,3.765892986484596
2021-05-17 06:00:00,8,-53.2,-53.034692620371445,3.6037479111959896,7.163324551043819
2021-05-17 09:00:00,1,-53.6,-58.30044762528702,3.6037479111959896,3.2544385043211426
2021-05-17 09:00:00,2,-53.2,-58.05373944039697,3.6037479111959896,3.3282019339655435
2021-05-17 09:00:00,4,-53.8,-57.70961087568567,3.6037479111959896,5.170533575102938
2021-05-17 09:00:00,8,-54.4,-52.055967048010125,3.6037479111959896,6.012777867032581
2021-05-17 12:00:00,1,-53.2,-57.02320255180267,3.6037479111959896,3.2114406471945207
2021-05-17 12:00:00,2,-54.9,-56.72073119281368,3.6037479111959896,3.897732028207619
2021-05-17 12:00:00,4,-50.6,-55.19749014966761,3.6037479111959896,6.446348190935197
2021-05-17 12:00:00,8,-56.55,-50.22262102795166,3.6037479111959896,5.395047174365041
2021-05-17 15:00:00,1,-54.9,-56.94607075935079,3.6037479111959896,3.5304582853449147
2021-05-17 15:00:00,2,-53.8,-56.70071063181249,3.6037479111959896,4.255707908162014
2021-05-17 15:00:00,4,-51.6,-53.87717406739388,3.6037479111959896,6.631077165889287
2021-05-17 15:00:00,8,-58.7,-49.862878846542756,3.6037479111959896,5.188048714551436
2021-05-17 18:00:00,1,-53.8,-56.871119923394765,3.6037479111959896,3.747151470019749
2021-05-17 18:00:00,2,-50.6,-56.74784616681009,3.6037479111959896,4.204067013015413
2021-05-17 18:00:00,4,-53.2,-53.142421387977784,3.6037479111959896,5.770025040545455
2021-05-17 18:00:00,8,-60.7,-48.55270471632549,3.6037479111959896,6.225825605669623
2021-05-17 21:00:00,1,-50.6,-54.89639188543977,3.6037479111959896,4.791854010115642
2021-05-17 21:00:00,2,-51.6,-54.95905439689096,3.6037479111959896,4.871827638827188
2021-05-17 21:00:00,4,-54.4,-52.24241081893062,3.6037479111959896,4.986683956232092
2021-05-17 21:00:00,8,-59.2,-47.654178739567634,3.6037479111959896,8.140278708775853
2021-05-18 00:00:00,1,-51.6,-51.423324579419955,3.6037479111959896,5.064119545314582
2021-05-18 00:00:00,2,-53.2,-52.02308405830924,3.6037479111959896,4.791033626129662
2021-05-18 00:00:00,4,-56.55,-51.265489110859676,3.6037479111959896,4.30066805382705
2021-05-18 00:00:00,8,-61.0,-48.4231348618422,3.6037479111959896,8.430674378151894
2021-05-18 03:00:00,1,-53.2,-51.61874264048046,3.6037479111959896,5.182947254897035
2021-05-18 03:00:00,2,-54.4,-52.17707439321266,3.6037479111959896,4.964044642740914
2021-05-18 03:00:00,4,-58.7,-52.1088394820757,3.6037479111959896,3.9336591788605086
2021-05-18 03:00:00,8,-57.2,-47.92960537340671,3.6037479111959896,8.818006098906578
2021-05-18 06:00:00,1,-54.4,-53.55064968348951,3.6037479111959896,3.839261673652446
2021-05-18 06:00:00,2,-56.55,-53.30385985683106,3.6037479111959896,3.534315085833014
2021-05-18 06:00:00,4,-60.7,-50.31093049263273,3.6037479111959896,3.931972182309591
2021-05-18 06:00:00,8,-55.95,-43.539806111370446,3.6037479111959896,8.74798947692465
2021-05-18 09:00:00,1,-56.55,-53.740442973448566,3.6037479111959896,3.826802138520514
2021-05-18 09:00:00,2,-58.7,-53.660324344143824,3.6037479111959896,3.599602209598612
2021-05-18 09:00:00,4,-59.2,-50.98805245938454,3.6037479111959896,4.403955602697564
2021-05-18 09:00:00,8,-54.7,-43.761546054962935,3.6037479111959896,8.38085244695289
2021-05-18 12:00:00,1,-58.7,-56.54788516688419,3.6037479111959896,3.5827918360335596
2021-05-18 12:00:00,2,-60.7,-56.84712075592837,3.6037479111959896,3.5405433604344925
2021-05-18 12:00:00,4,-61.0,-53.537070131148496,3.6037479111959896,4.931626411855435
2021-05-18 12:00:00,8,-53.5,-44.175571861688404,3.6037479111959896,6.731822836079205
2021-05-18 15:00:00,1,-60.7,-57.53983562497434,3.6037479111959896,3.98670159441992
2021-05-18 15:00:00,2,-59.2,-57.42928267361357,3.6037479111959896,3.931473212249744
2021-05-18 15:00:00,4,-57.2,-54.25071438313155,3.6037479111959896,4.689164713443406
2021-05-18 15:00:00,8,-55.2,-46.85692710242501,3.6037479111959896,6.076592714532686
2021-05-18 18:00:00,1,-59.2,-58.974074261612486,3.6037479111959896,3.9980893943303393
2021-05-18 18:00:00,2,-61.0,-58.51116642549035,3.6037479111959896,4.040649946162472
2021-05-18 18:00:00,4,-55.95,-54.9094671771506,3.6037479111959896,4.476185971093758
2021-05-18 18:00:00,8,-54.3,-49.016995554097385,3.6037479111959896,5.2182499998130325
2021-05-18 21:00:00,1,-61.0,-55.895851945220464,3.6037479111959896,4.925108982024788
2021-05-18 21:00:00,2,-57.2,-55.24195911050228,3.6037479111959896,5.016830535009246
2021-05-18 21:00:00,4,-54.7,-54.42722271559177,3.6037479111959896,4.8312393730635215
2021-05-18 21:00:00,8,-52.5,-55.74035342162032,3.6037479111959896,3.9361598677172926
2021-05-19 00:00:00,1,-57.2,-57.62947819661162,3.6037479111959896,4.348994781091644
2021-05-19 00:00:00,2,-55.95,-57.04095965894467,3.6037479111959896,4.341979607564838
2021-05-19 00:00:00,4,-53.5,-56.315833052876414,3.6037479111959896,4.387501001236921
2021-05-19 00:00:00,8,-52.1,-56.71417247230431,3.6037479111959896,4.004333584999659
2021-05-19 03:00:00,1,-55.95,-52.17290751083259,3.6037479111959896,5.024586058961461
2021-05-19 03:00:00,2,-54.7,-52.183622306207184,3.6037479111959896,4.749468641670091
2021-05-19 03:00:00,4,-55.2,-54.97769699974933,3.6037479111959896,4.080175647772193
2021-05-19 03:00:00,8,-51.2,-60.372666111784525,3.6037479111959896,3.796297034985675
2021-05-19 06:00:00,1,-54.7,-48.89458603844987,3.6037479111959896,4.610038235438298
2021-05-19 06:00:00,2,-53.5,-48.84899994083065,3.6037479111959896,4.481720603730229
2021-05-19 06:00:00,4,-54.3,-53.75887014651101,3.6037479111959896,4.035597647695843
2021-05-19 06:00:00,8,-51.9,-56.67857323890352,3.6037479111959896,3.4638827332264484
2021-05-19 09:00:00,1,-53.5,-50.87895726165121,3.6037479111959896,4.16908221621513
2021-05-19 09:00:00,2,-55.2,-52.44319179401413,3.6037479111959896,3.8937578367216554
2021-05-19 09:00:00,4,-52.5,-57.94919582754091,3.6037479111959896,3.7507390370235636
2021-05-19 09:00:00,8,-53.5,-58.50843320498587,3.6037479111959896,3.451141454367627
2021-05-19 12:00:00,1,-55.2,-51.17722233586225,3.6037479111959896,4.094303037517505
2021-05-19 12:00:00,2,-54.3,-53.664652573714285,3.6037479111959896,3.89318131248869
2021-05-19 12:00:00,4,-52.1,-59.31971948090714,3.6037479111959896,3.8321646536796186
2021-05-19 12:00:00,8,-56.8,-58.11829488807339,3.6037479111959896,3.394815490028245
2021-05-19 15:00:00,1,-54.3,-54.74422603916755,3.6037479111959896,3.90875085260894
2021-05-19 15:00:00,2,-52.5,-57.5516345491819,3.6037479111959896,3.7873619091277124
2021-05-19 15:00:00,4,-51.2,-61.344076527659894,3.6037479111959896,3.66002142267683
2021-05-19 15:00:00,8,-57.8,-58.42693517653632,3.6037479111959896,3.406574144983412
2021-05-19 18:00:00,1,-52.5,-54.01209238084907,3.6037479111959896,4.339214477373174
2021-05-19 18:00:00,2,-52.1,-56.553027742698276,3.6037479111959896,4.183422460040257
2021-05-19 18:00:00,4,-51.9,-60.786541333803136,3.6037479111959896,3.5138167967225105
2021-05-19 18:00:00,8,-60.3,-61.63801715493067,3.6037479111959896,3.6410526690189347
2021-05-19 21:00:00,1,-52.1,-51.434230442650765,3.6037479111959896,5.040467895260438
2021-05-19 21:00:00,2,-51.2,-54.33833648986843,3.6037479111959896,4.837157057731401
2021-05-19 21:00:00,4,-53.5,-59.90132661283025,3.6037479111959896,3.373646413306431
2021-05-19 21:00:00,8,-61.0,-62.54694644547901,3.6037479111959896,3.772846935137367
2021-05-20 00:00:00,1,-51.2,-51.032389028162356,3.6037479111959896,5.360211514053045
2021-05-20 00:00:00,2,-51.9,-54.483875348162506,3.6037479111959896,5.0979286859009765
2021-05-20 00:00:00,4,-56.8,-61.479203606276855,3.6037479111959896,3.351503910408609
2021-05-20 00:00:00,8,-60.6,-63.86405827972624,3.6037479111959896,3.9508386945601606
2021-05-20 03:00:00,1,-51.9,-50.98573010456945,3.6037479111959896,4.618348928899288
2021-05-20 03:00:00,2,-53.5,-54.46678110193104,3.6037479111959896,4.3205818006854875
2021-05-20 03:00:00,4,-57.8,-61.8602866667506,3.6037479111959896,3.1755794269198097
2021-05-20 03:00:00,8,-63.2,-63.425276058994186,3.6037479111959896,4.307642757352209
2021-05-20 06:00:00,1,-53.5,-51.68579624521347,3.6037479111959896,4.252185311773494
2021-05-20 06:00:00,2,-56.8,-55.01787357593777,3.6037479111959896,4.009029011633573
2021-05-20 06:00:00,4,-60.3,-62.354907714185515,3.6037479111959896,3.310466688895433
2021-05-20 06:00:00,8,-64.6,-61.98994442235464,3.6037479111959896,4.439662407788121
2021-05-20 09:00:00,1,-56.8,-53.8074742426509,3.6037479111959896,3.884569066861268
2021-05-20 09:00:00,2,-57.8,-56.99321061735433,3.6037479111959896,3.727734773695389
2021-05-20 09:00:00,4,-61.0,-63.330626005478386,3.6037479111959896,3.6124936713538665
2021-05-20 09:00:00,8,-65.2,-59.2723342923166,3.6037479111959896,4.402732758141834
2021-05-20 12:00:00,1,-57.8,-57.803941747263025,3.6037479111959896,3.596942899930033
2021-05-20 12:00:00,2,-60.3,-60.66514628354915,3.6037479111959896,3.561962335417472
2021-05-20 12:00:00,4,-60.6,-64.3836900780171,3.6037479111959896,3.9302383173377917
2021-05-20 12:00:00,8,-66.2,-57.06021324664231,3.6037479111959896,4.31982812022001
2021-05-20 15:00:00,1,-60.3,-58.482627021037274,3.6037479111959896,3.837625224613468
2021-05-20 15:00:00,2,-61.0,-60.88025113352736,3.6037479111959896,3.788158085760928
2021-05-20 15:00:00,4,-63.2,-62.996534019553806,3.6037479111959896,4.140889821312028
2021-05-20 15:00:00,8,-65.7,-57.37348347446515,3.6037479111959896,4.187773918320241
2021-05-20 18:00:00,1,-61.0,-60.83663272411104,3.6037479111959896,3.719755185099662
2021-05-20 18:00:00,2,-60.6,-62.63629649371447,3.6037479111959896,3.777181304305983
2021-05-20 18:00:00,4,-64.6,-63.290158346890095,3.6037479111959896,3.818800275427832
2021-05-20 18:00:00,8,-65.0,-59.30662725742304,3.6037479111959896,3.7281944201370334
2021-05-20 21:00:00,1,-60.6,-60.94657324963056,3.6037479111959896,4.410537016720539
2021-05-20 21:00:00,2,-63.2,-62.13996497692998,3.6037479111959896,4.384277051066097
2021-05-20 21:00:00,4,-65.2,-63.528753690635966,3.6037479111959896,3.6641748098914353
2021-05-20 21:00:00,8,-64.9,-63.78570235609283,3.6037479111959896,3.930283426193384
2021-05-21 00:00:00,1,-63.2,-59.1711204747845,3.6037479111959896,4.7797808328650575
2021-05-21 00:00:00,2,-64.6,-60.146774641489294,3.6037479111959896,4.649424664789382
2021-05-21 00:00:00,4,-66.2,-62.26572121967472,3.6037479111959896,3.4822287340724207
2021-05-21 00:00:00,8,-65.3,-65.24188168886975,3.6037479111959896,3.531205264132747
2021-05-21 03:00:00,1,-64.6,-61.43056186396025,3.6037479111959896,3.6461423782430162
2021-05-21 03:00:00,2,-65.2,-60.698929854455855,3.6037479111959896,3.6660638165345723
2021-05-21 03:00:00,4,-65.7,-60.39067503402243,3.6037479111959896,3.544268753387596
2021-05-21 03:00:00,8,-63.4,-61.348630814415884,3.6037479111959896,4.04499063377008
2021-05-21 06:00:00,1,-65.2,-62.45366894634862,3.6037479111959896,3.4673083135833496
2021-05-21 06:00:00,2,-66.2,-61.0786403605442,3.6037479111959896,3.411585013685508
2021-05-21 06:00:00,4,-65.0,-60.37287145456659,3.6037479111959896,3.9900259997727012
2021-05-21 06:00:00,8,-64.1,-57.409491231927106,3.6037479111959896,5.012861808839711
2021-05-21 09:00:00,1,-66.2,-62.32267466140866,3.6037479111959896,3.2401765344912987
2021-05-21 09:00:00,2,-65.7,-61.797192395081325,3.6037479111959896,3.2037290857144525
2021-05-21 09:00:00,4,-64.9,-61.380873954206585,3.6037479111959896,4.196951064385688
2021-05-21 09:00:00,8,-63.2,-56.32466963726476,3.6037479111959896,4.538898904161635
2021-05-21 12:00:00,1,-65.7,-63.06263205984921,3.6037479111959896,3.002942584533282
2021-05-21 12:00:00,2,-65.0,-63.06445492735318,3.6037479111959896,3.070157871934719
2021-05-21 12:00:00,4,-65.3,-62.062777705901894,3.6037479111959896,4.40153070844861
2021-05-21 12:00:00,8,-60.6,-55.49547693037137,3.6037479111959896,4.173626480194666
2021-05-21 15:00:00,1,-65.0,-62.68906742720313,3.6037479111959896,3.1050121943028106
2021-05-21 15:00:00,2,-64.9,-62.78297536469952,3.6037479111959896,3.422202843821486
2021-05-21 15:00:00,4,-63.4,-61.174611812875135,3.6037479111959896,4.904590531228681
2021-05-21 15:00:00,8,-58.63333333333333,-54.8680617865242,3.6037479111959896,3.816275005977162
2021-05-21 18:00:00,1,-64.9,-62.32479581632238,3.6037479111959896,3.5486368942127258
2021-05-21 18:00:00,2,-65.3,-62.212862385065314,3.6037479111959896,3.993075566359348
2021-05-21 18:00:00,4,-64.1,-60.06413966247797,3.6037479111959896,5.021165783960507
2021-05-21 18:00:00,8,-56.66666666666667,-55.36267779045218,3.6037479111959896,3.7728324587138524
2021-05-21 21:00:00,1,-65.3,-62.54574753183213,3.6037479111959896,4.045439482879269
2021-05-21 21:00:00,2,-63.4,-61.95052653370836,3.6037479111959896,4.270761948972733
2021-05-21 21:00:00,4,-63.2,-59.30278914865083,3.6037479111959896,4.374317911530067
2021-05-21 21:00:00,8,-54.7,-56.28898610524817,3.6037479111959896,4.081351890507843
2021-05-22 00:00:00,1,-63.4,-62.6846774146728,3.6037479111959896,3.9483733036494786
2021-05-22 00:00:00,2,-64.1,-61.86669984606005,3.6037479111959896,3.972568419437219
2021-05-22 00:00:00,4,-60.6,-59.75597994817519,3.6037479111959896,3.6395489871790394
2021-05-22 00:00:00,8,-57.9,-58.601672517563806,3.6037479111959896,4.401115451040394
2021-05-22 03:00:00,1,-64.1,-60.27363541225126,3.6037479111959896,3.90414937609743
2021-05-22 03:00:00,2,-63.2,-59.99625405922709,3.6037479111959896,3.7961620283398605
2021-05-22 03:00:00,4,-58.63333333333333,-60.38117306697008,3.6037479111959896,3.366144879937683
2021-05-22 03:00:00,8,-59.1,-60.528817409281345,3.6037479111959896,4.63164239133791
2021-05-22 06:00:00,1,-63.2,-61.19186853207978,3.6037479111959896,3.5514561243720077
2021-05-22 06:00:00,2,-60.6,-61.40592649411994,3.6037479111959896,3.4166599465601735
2021-05-22 06:00:00,4,-56.66666666666667,-63.30324840887123,3.6037479111959896,3.415007874714235
2021-05-22 06:00:00,8,-58.6,-61.40487600367694,3.6037479111959896,4.744106446431948
2021-05-22 09:00:00,1,-60.6,-61.187354593379226,3.6037479111959896,3.4071936452655587
2021-05-22 09:00:00,2,-58.63333333333333,-62.12169163082885,3.6037479111959896,3.2742972514342563
2021-05-22 09:00:00,4,-54.7,-65.07716075260127,3.6037479111959896,3.6507581912126197
2021-05-22 09:00:00,8,-61.2,-61.98024503803111,3.6037479111959896,4.167141895582749
2021-05-22 12:00:00,1,-58.63333333333333,-59.82937954550035,3.6037479111959896,3.5614697637768584
2021-05-22 12:00:00,2,-56.66666666666667,-61.60788940604577,3.6037479111959896,3.543075561505998
2021-05-22 12:00:00,4,-57.9,-65.0873010835305,3.6037479111959896,4.04749828090778
2021-05-22 12:00:00,8,-62.3,-59.73965267524727,3.6037479111959896,3.624886289684654
2021-05-22 15:00:00,1,-56.66666666666667,-58.0937142763083,3.6037479111959896,3.833841572720245
2021-05-22 15:00:00,2,-54.7,-59.35005473407708,3.6037479111959896,4.24469612202185
2021-05-22 15:00:00,4,-59.1,-61.17269960324843,3.6037479111959896,5.1816223555545395
2021-05-22 15:00:00,8,-65.8,-56.31588384819619,3.6037479111959896,3.7527016988030995
2021-05-22 18:00:00,1,-54.7,-57.067385113493934,3.6037479111959896,4.451063324457968
2021-05-22 18:00:00,2,-57.9,-58.22985762157125,3.6037479111959896,4.8938043960067965
2021-05-22 18:00:00,4,-58.6,-59.31185881510935,3.6037479111959896,5.30023401184756
2021-05-22 18:00:00,8,-65.6,-56.34851029451342,3.6037479111959896,3.833114472354665
2021-05-22 21:00:00,1,-57.9,-54.914399366675696,3.6037479111959896,5.957112046267515
2021-05-22 21:00:00,2,-59.1,-57.09372122592046,3.6037479111959896,5.809860745567011
2021-05-22 21:00:00,4,-61.2,-60.719854644199145,3.6037479111959896,4.155771051483297
2021-05-22 21:00:00,8,-68.3,-60.378637623987274,3.6037479111959896,4.125887767657577
2021-05-23 00:00:00,1,-59.1,-58.59951317609763,3.6037479111959896,4.669856950206486
2021-05-23 00:00:00,2,-58.6,-59.80704617632218,3.6037479111959896,4.597582645998226
2021-05-23 00:00:00,4,-62.3,-61.653789642096505,3.6037479111959896,3.5685234544544424
2021-05-23 00:00:00,8,-69.7,-61.50518991547288,3.6037479111959896,4.728163825150258
2021-05-23 03:00:00,1,-58.6,-59.52301964266987,3.6037479111959896,4.293502997329713
2021-05-23 03:00:00,2,-61.2,-59.63754255448397,3.6037479111959896,4.203763994544574
2021-05-23 03:00:00,4,-65.8,-61.047113398737274,3.6037479111959896,3.6664433027802645
2021-05-23 03:00:00,8,-68.4,-61.38449014867396,3.6037479111959896,5.529211148366543
2021-05-23 06:00:00,1,-61.2,-56.78614331616687,3.6037479111959896,3.982925780590257
2021-05-23 06:00:00,2,-62.3,-57.33327807823711,3.6037479111959896,3.8047553719704648
2021-05-23 06:00:00,4,-65.6,-60.2926018803045,3.6037479111959896,3.8064479937982916
2021-05-23 06:00:00,8,-66.5,-61.27419081366157,3.6037479111959896,4.58579099919389
2021-05-23 09:00:00,1,-62.3,-59.28848288099907,3.6037479111959896,3.4017398726521444
2021-05-23 09:00:00,2,-65.8,-60.06412669346016,3.6037479111959896,3.3238468232545806
2021-05-23 09:00:00,4,-68.3,-61.08450595910146,3.6037479111959896,4.1083605778528565
2021-05-23 09:00:00,8,-66.2,-57.36713369924279,3.6037479111959896,4.895205543178484
2021-05-23 12:00:00,1,-65.8,-61.15591337119007,3.6037479111959896,3.3803800297269087
2021-05-23 12:00:00,2,-65.6,-61.747791965222554,3.6037479111959896,3.3618250138526613
2021-05-23 12:00:00,4,-69.7,-61.66669381482229,3.6037479111959896,4.522356111155899
2021-05-23 12:00:00,8,-65.3,-55.662624333847965,3.6037479111959896,4.890412807252071
2021-05-23 15:00:00,1,-65.6,-63.963846225799685,3.6037479111959896,3.194815581181481
2021-05-23 15:00:00,2,-68.3,-64.55728902748083,3.6037479111959896,3.3094401958299127
2021-05-23 15:00:00,4,-68.4,-63.070275854849086,3.6037479111959896,4.558096294666787
2021-05-23 15:00:00,8,-62.63333333333333,-56.81634455615273,3.6037479111959896,4.308109415394929
2021-05-23 18:00:00,1,-68.3,-63.961549268644475,3.6037479111959896,4.166342093178635
2021-05-23 18:00:00,2,-69.7,-63.220300011929375,3.6037479111959896,4.496860330038508
2021-05-23 18:00:00,4,-66.5,-60.12666617936736,3.6037479111959896,5.128523473945397
2021-05-23 18:00:00,8,-59.96666666666666,-57.476971193120775,3.6037479111959896,4.595564584572164
2021-05-23 21:00:00,1,-69.7,-66.87308584256907,3.6037479111959896,3.949846939579059
2021-05-23 21:00:00,2,-68.4,-65.72032748908558,3.6037479111959896,4.05737781344452
2021-05-23 21:00:00,4,-66.2,-61.14952252741131,3.6037479111959896,4.141533182365897
2021-05-23 21:00:00,8,-57.3,-57.946037511452495,3.6037479111959896,4.614711001004094
2021-05-24 00:00:00,1,-68.4,-68.57000112753231,3.6037479111959896,4.201152266454019
2021-05-24 00:00:00,2,-66.5,-66.4052631089456,3.6037479111959896,4.094213886209526
2021-05-24 00:00:00,4,-65.3,-60.605685498370995,3.6037479111959896,3.796182356650965
2021-05-24 00:00:00,8,-55.0,-56.188553310788926,3.6037479111959896,6.277039193051787
2021-05-24 03:00:00,1,-66.5,-63.94451518424565,3.6037479111959896,4.704868993608669
2021-05-24 03:00:00,2,-66.2,-62.42507586457181,3.6037479111959896,4.704705940558551
2021-05-24 03:00:00,4,-62.63333333333333,-60.63835157224266,3.6037479111959896,4.411677641589126
2021-05-24 03:00:00,8,-57.1,-60.62110421955088,3.6037479111959896,4.7514799847559575
2021-05-24 06:00:00,1,-66.2,-61.37218975577756,3.6037479111959896,4.3480832196315955
2021-05-24 06:00:00,2,-65.3,-60.30279985131292,3.6037479111959896,4.551674521203673
2021-05-24 06:00:00,4,-59.96666666666666,-59.51871464925633,3.6037479111959896,5.106572203802399
2021-05-24 06:00:00,8,-58.3,-57.661939648202214,3.6037479111959896,4.533863774786615
2021-05-24 09:00:00,1,-65.3,-61.45042895825063,3.6037479111959896,3.3092136384689073
2021-05-24 09:00:00,2,-62.63333333333333,-60.53949307244594,3.6037479111959896,3.6442431274640863
2021-05-24 09:00:00,4,-57.3,-58.49683566080493,3.6037479111959896,5.5616652103997275
2021-05-24 09:00:00,8,-56.1,-52.76549507783894,3.6037479111959896,5.164160749546956
2021-05-24 12:00:00,1,-62.63333333333333,-61.1651854984267,3.6037479111959896,2.801585717597658
2021-05-24 12:00:00,2,-59.96666666666666,-60.70708880766338,3.6037479111959896,3.1694854924621425
2021-05-24 12:00:00,4,-55.0,-57.779807485861056,3.6037479111959896,5.761819067879244
2021-05-24 12:00:00,8,-53.4,-50.82859712447414,3.6037479111959896,4.9615582170270045
2021-05-24 15:00:00,1,-59.96666666666666,-59.77836375242264,3.6037479111959896,3.3074604182789287
2021-05-24 15:00:00,2,-57.3,-59.12108096054786,3.6037479111959896,4.13197117138359
2021-05-24 15:00:00,4,-57.1,-55.094794441724915,3.6037479111959896,6.690628320093219
2021-05-24 15:00:00,8,-51.5,-49.54965617178525,3.6037479111959896,5.027990871115936
2021-05-24 18:00:00,1,-57.3,-56.74264955342178,3.6037479111959896,4.595216084004612
2021-05-24 18:00:00,2,-55.0,-55.70386761175168,3.6037479111959896,5.531309829874939
2021-05-24 18:00:00,4,-58.3,-52.59382833190437,3.6037479111959896,6.95249173186457
2021-05-24 18:00:00,8,-52.1,-50.00521399718606,3.6037479111959896,4.915762811051271
2021-05-24 21:00:00,1,-55.0,-53.701924990538444,3.6037479111959896,6.857616824601491
2021-05-24 21:00:00,2,-57.1,-54.034559042710335,3.6037479111959896,7.122535908117841
2021-05-24 21:00:00,4,-56.1,-54.7577943336806,3.6037479111959896,5.5589109042006
2021-05-24 21:00:00,8,-51.9,-54.111975973428905,3.6037479111959896,5.061839361980613
2021-05-25 00:00:00,1,-57.1,-52.53897713193316,3.6037479111959896,6.785336868456242
2021-05-25 00:00:00,2,-58.3,-53.589935720454676,3.6037479111959896,6.660036198056813
2021-05-25 00:00:00,4,-53.4,-55.62835802727814,3.6037479111959896,4.472596564544415
2021-05-25 00:00:00,8,-52.1,-55.37864949614167,3.6037479111959896,5.174981542873018
2021-05-25 03:00:00,1,-58.3,-57.413681665683285,3.6037479111959896,4.268183492662189
2021-05-25 03:00:00,2,-56.1,-57.63825966267426,3.6037479111959896,4.160290041706863
2021-05-25 03:00:00,4,-51.5,-57.94777031633276,3.6037479111959896,3.6463124095691106
2021-05-25 03:00:00,8,-52.3,-53.69727217527212,3.6037479111959896,6.159076443109305
2021-05-25 06:00:00,1,-56.1,-59.2546820180686,3.6037479111959896,3.6299034901557827
2021-05-25 06:00:00,2,-53.4,-58.370523191296144,3.6037479111959896,3.4107937425070376
2021-05-25 06:00:00,4,-52.1,-55.99904605972279,3.6037479111959896,4.004121477402088
2021-05-25 06:00:00,8,-55.8,-48.94079897193015,3.6037479111959896,7.7571524557023235
2021-05-25 09:00:00,1,-53.4,-56.23447660287134,3.6037479111959896,3.8983508619877623
2021-05-25 09:00:00,2,-51.5,-55.87996814065171,3.6037479111959896,3.8434586101079553
2021-05-25 09:00:00,4,-51.9,-54.530461140904954,3.6037479111959896,4.767132437725434
2021-05-25 09:00:00,8,-57.9,-47.81907259607365,3.6037479111959896,6.748642573997405
2021-05-25 12:00:00,1,-51.5,-53.77186888499169,3.6037479111959896,4.509613232692269
2021-05-25 12:00:00,2,-52.1,-53.93964636658379,3.6037479111959896,4.744366542173766
2021-05-25 12:00:00,4,-52.1,-52.81175484388355,3.6037479111959896,5.543336085384483
2021-05-25 12:00:00,8,-60.0,-46.047268438239506,3.6037479111959896,6.487682619021742
2021-05-25 15:00:00,1,-52.1,-51.91969140075294,3.6037479111959896,5.048835214731639
2021-05-25 15:00:00,2,-51.9,-52.61981198425299,3.6037479111959896,5.319038219490849
2021-05-25 15:00:00,4,-52.3,-51.242781261292095,3.6037479111959896,5.617645406829771
2021-05-25 15:00:00,8,-60.3,-46.21408170938212,3.6037479111959896,6.355692614594942
2021-05-25 18:00:00,1,-51.9,-52.64395736838899,3.6037479111959896,4.969333149517558
2021-05-25 18:00:00,2,-52.1,-53.310103358157434,3.6037479111959896,5.079793113067527
2021-05-25 18:00:00,4,-55.8,-50.6966101692956,3.6037479111959896,5.058881799330519
2021-05-25 18:00:00,8,-58.2,-46.15818884510503,3.6037479111959896,6.317112492707525
2021-05-25 21:00:00,1,-52.1,-52.507234740330304,3.6037479111959896,5.2238926590942185
2021-05-25 21:00:00,2,-52.3,-53.05223524337507,3.6037479111959896,5.3090212809010815
2021-05-25 21:00:00,4,-57.9,-51.76946892577523,3.6037479111959896,5.150770990898879
2021-05-25 21:00:00,8,-60.3,-50.86539977465301,3.6037479111959896,6.622011672239454
2021-05-26 00:00:00,1,-52.3,-51.81536069593934,3.6037479111959896,5.006574508820809
2021-05-26 00:00:00,2,-55.8,-51.666936771557204,3.6037479111959896,4.8208276520070825
2021-05-26 00:00:00,4,-60.0,-48.880573735201914,3.6037479111959896,4.268632021850417
2021-05-26 00:00:00,8,-61.55,-47.567307935237785,3.6037479111959896,7.006314168048634
2021-05-26 03:00:00,1,-55.8,-50.87600572934684,3.6037479111959896,4.783839243544174
2021-05-26 03:00:00,2,-57.9,-50.537628743911185,3.6037479111959896,4.586727514488947
2021-05-26 03:00:00,4,-60.3,-48.757098598590616,3.6037479111959896,4.117437162096027
2021-05-26 03:00:00,8,-62.8,-48.31742944114023,3.6037479111959896,6.916101575599939
2021-05-26 06:00:00,1,-57.9,-54.33783033792316,3.6037479111959896,3.807161497523002
2021-05-26 06:00:00,2,-60.0,-53.96445735854034,3.6037479111959896,3.6029608731543696
2021-05-26 06:00:00,4,-58.2,-51.27696002699167,3.6037479111959896,4.01099580572553
2021-05-26 06:00:00,8,-63.3,-46.58596253121524,3.6037479111959896,7.2343632138578835
2021-05-26 09:00:00,1,-60.0,-57.437891219438676,3.6037479111959896,3.628576737937718
2021-05-26 09:00:00,2,-60.3,-57.11734681362369,3.6037479111959896,3.4292488097408507
2021-05-26 09:00:00,4,-60.3,-53.98922259868405,3.6037479111959896,4.387819109313117
2021-05-26 09:00:00,8,-62.2,-44.39791702611225,3.6037479111959896,8.37651346559041
2021-05-26 12:00:00,1,-60.3,-57.90812402887274,3.6037479111959896,3.6975252637990708
2021-05-26 12:00:00,2,-58.2,-57.78150282468985,3.6037479111959896,3.5713457505229407
2021-05-26 12:00:00,4,-61.55,-54.74466248264207,3.6037479111959896,4.637585136481119
2021-05-26 12:00:00,8,-65.0,-45.805202441226186,3.6037479111959896,7.382984842677436
2021-05-26 15:00:00,1,-58.2,-58.75390861268252,3.6037479111959896,3.7907905420637893
2021-05-26 15:00:00,2,-60.3,-58.68181744515468,3.6037479111959896,3.9950817107295875
2021-05-26 15:00:00,4,-62.8,-55.875374946842285,3.6037479111959896,5.120361543731572
2021-05-26 15:00:00,8,-66.0,-50.05014587990662,3.6037479111959896,5.749749089838275
2021-05-26 18:00:00,1,-60.3,-55.98911791633502,3.6037479111959896,4.4249877399177535
2021-05-26 18:00:00,2,-61.55,-56.02234093747173,3.6037479111959896,4.657877509797664
2021-05-26 18:00:00,4,-63.3,-54.179710811847684,3.6037479111959896,5.013265122532026
2021-05-26 18:00:00,8,-67.5,-52.28399291242476,3.6037479111959896,4.66871451245245
2021-05-26 21:00:00,1,-61.55,-57.47765062555408,3.6037479111959896,4.449419143995749
2021-05-26 21:00:00,2,-62.8,-56.767991374482506,3.6037479111959896,4.524534239703103
2021-05-26 21:00:00,4,-62.2,-53.24318327126408,3.6037479111959896,4.591976777627629
2021-05-26 21:00:00,8,-68.9,-51.11913608644723,3.6037479111959896,5.469683241752491
2021-05-27 00:00:00,1,-62.8,-62.15332378578027,3.6037479111959896,3.9545987522824624
2021-05-27 00:00:00,2,-63.3,-60.776423338404584,3.6037479111959896,3.7250108599876173
2021-05-27 00:00:00,4,-65.0,-55.76765788737703,3.6037479111959896,4.125569872862021
2021-05-27 00:00:00,8,-71.0,-49.411067806413705,3.6037479111959896,6.995799005881263
2021-05-27 03:00:00,1,-63.3,-61.66714700994482,3.6037479111959896,3.9814576632972654
2021-05-27 03:00:00,2,-62.2,-60.04599312455103,3.6037479111959896,3.6423856663607714
2021-05-27 03:00:00,4,-66.0,-56.49740830854679,3.6037479111959896,3.7528103786197784
2021-05-27 03:00:00,8,-72.0,-51.89040163955038,3.6037479111959896,6.876800138584331
2021-05-27 06:00:00,1,-62.2,-61.576867515432625,3.6037479111959896,3.8032693524336607
2021-05-27 06:00:00,2,-65.0,-60.45461301235067,3.6037479111959896,3.4047595266288773
2021-05-27 06:00:00,4,-67.5,-57.82221185110971,3.6037479111959896,3.7659693276240684
2021-05-27 06:00:00,8,-72.3,-51.03919902339189,3.6037479111959896,7.118597254518701
2021-05-27 09:00:00,1,-65.0,-59.17869366068739,3.6037479111959896,3.6910184180202394
2021-05-27 09:00:00,2,-66.0,-58.44689701670685,3.6037479111959896,3.43011371606066
2021-05-27 09:00:00,4,-68.9,-56.93680439612207,3.6037479111959896,4.187667597920654
2021-05-27 09:00:00,8,-70.1,-51.047655363382916,3.6037479111959896,6.124336439164841
2021-05-27 12:00:00,1,-66.0,-60.78602041158757,3.6037479111959896,3.374701219377057
2021-05-27 12:00:00,2,-67.5,-60.57920996900295,3.6037479111959896,3.2998791979306508
2021-05-27 12:00:00,4,-71.0,-58.15615721508288,3.6037479111959896,4.151794860491323
2021-05-27 12:00:00,8,-67.7,-48.749080143076085,3.6037479111959896,5.616018288818841
2021-05-27 15:00:00,1,-67.5,-61.39861557057731,3.6037479111959896,3.5631051464126307
2021-05-27 15:00:00,2,-68.9,-61.106757191166814,3.6037479111959896,3.5059026386284597
2021-05-27 15:00:00,4,-72.0,-57.99404413214667,3.6037479111959896,4.251006936231432
2021-05-27 15:00:00,8,-67.4,-49.43077458923388,3.6037479111959896,5.424507629319786
2021-05-27 18:00:00,1,-68.9,-63.09178136839007,3.6037479111959896,3.51337743860185
2021-05-27 18:00:00,2,-71.0,-62.58741194256434,3.6037479111959896,3.5830053499503576
2021-05-27 18:00:00,4,-72.3,-58.9877472088943,3.6037479111959896,4.121466779888595
2021-05-27 18:00:00,8,-69.2,-53.771472069071606,3.6037479111959896,4.526537158203646
2021-05-27 21:00:00,1,-71.0,-65.08595518768172,3.6037479111959896,3.7016355683241744
2021-05-27 21:00:00,2,-72.0,-63.82674641547289,3.6037479111959896,3.7595588047147728
2021-05-27 21:00:00,4,-70.1,-60.10501080162051,3.6037479111959896,3.820218858291929
2021-05-27 21:00:00,8,-68.4,-57.814579223875164,3.6037479111959896,4.732787429528282
2021-05-28 00:00:00,1,-72.0,-67.88382768697196,3.6037479111959896,3.632580228851752
2021-05-28 00:00:00,2,-72.3,-66.29840704816306,3.6037479111959896,3.737810950983221
2021-05-28 00:00:00,4,-67.7,-62.58695370393488,3.6037479111959896,3.714898478310959
2021-05-28 00:00:00,8,-67.0,-59.665786913781766,3.6037479111959896,4.93695021657818
2021-05-28 03:00:00,1,-72.3,-68.56406419937707,3.6037479111959896,3.6058866236638396
2021-05-28 03:00:00,2,-70.1,-66.48744633383637,3.6037479111959896,3.710540461651261
2021-05-28 03:00:00,4,-67.4,-62.938026457185046,3.6037479111959896,3.75421419179948
2021-05-28 03:00:00,8,-65.9,-59.63420375289763,3.6037479111959896,5.292197064089418
2021-05-28 06:00:00,1,-70.1,-67.48387470557759,3.6037479111959896,3.5293040904955375
2021-05-28 06:00:00,2,-67.7,-65.575367012961,3.6037479111959896,3.5932640688068886
2021-05-28 06:00:00,4,-69.2,-62.83344285652406,3.6037479111959896,3.926503719992021
2021-05-28 06:00:00,8,-62.3,-58.89074544014807,3.6037479111959896,5.184866887307229
2021-05-28 09:00:00,1,-67.7,-65.44543618748186,3.6037479111959896,3.4879893908682935
2021-05-28 09:00:00,2,-67.4,-64.11506065051499,3.6037479111959896,3.546528255164399
2021-05-28 09:00:00,4,-68.4,-62.520278542346716,3.6037479111959896,4.111669520359158
2021-05-28 09:00:00,8,-63.0,-59.24977828833261,3.6037479111959896,4.585786520300426
2021-05-28 12:00:00,1,-67.4,-63.62073716998883,3.6037479111959896,3.523664843704609
2021-05-28 12:00:00,2,-69.2,-63.277698723274966,3.6037479111959896,3.52430462564272
2021-05-28 12:00:00,4,-67.0,-62.16338558210164,3.6037479111959896,4.209039597842432
2021-05-28 12:00:00,8,-66.2,-57.10845727241259,3.6037479111959896,4.595312486854388
2021-05-28 15:00:00,1,-69.2,-64.64702670524876,3.6037479111959896,3.473292221890291
2021-05-28 15:00:00,2,-68.4,-64.77120144832108,3.6037479111959896,3.531504660165197
2021-05-28 15:00:00,4,-65.9,-62.87965867200829,3.6037479111959896,4.179867178393488
2021-05-28 15:00:00,8,-65.8,-56.91624778238453,3.6037479111959896,4.439806692141823
2021-05-28 18:00:00,1,-68.4,-66.58028288636106,3.6037479111959896,3.428759730570735
2021-05-28 18:00:00,2,-67.0,-66.39174506937658,3.6037479111959896,3.523586962945508
2021-05-28 18:00:00,4,-62.3,-63.65632847787874,3.6037479111959896,3.8689597765615336
2021-05-28 18:00:00,8,-64.9,-59.0245295049202,3.6037479111959896,4.145590100080526
2021-05-28 21:00:00,1,-67.0,-65.54591293250148,3.6037479111959896,4.070829476798676
2021-05-28 21:00:00,2,-65.9,-65.90002331792428,3.6037479111959896,4.143495684184952
2021-05-28 21:00:00,4,-63.0,-65.10208432283747,3.6037479111959896,4.216615432854522
2021-05-28 21:00:00,8,-63.8,-63.687067211602916,3.6037479111959896,4.786331747756355
2021-05-29 00:00:00,1,-65.9,-63.57082014092043,3.6037479111959896,4.365229490211316
2021-05-29 00:00:00,2,-62.3,-64.13005355560995,3.6037479111959896,4.31269350953419
2021-05-29 00:00:00,4,-66.2,-65.16999010011607,3.6037479111959896,3.529730731757972
2021-05-29 00:00:00,8,-64.6,-67.57560889158802,3.6037479111959896,4.27812141077443
2021-05-29 03:00:00,1,-62.3,-62.36233247688452,3.6037479111959896,4.2598179860764365
2021-05-29 03:00:00,2,-63.0,-63.05037705851515,3.6037479111959896,4.142277265202525
2021-05-29 03:00:00,4,-65.8,-66.00808261535965,3.6037479111959896,3.450709507749245
2021-05-29 03:00:00,8,-64.9,-69.0646726100365,3.6037479111959896,4.207750423007321
2021-05-29 06:00:00,1,-63.0,-58.69870310634962,3.6037479111959896,4.402838012138215
2021-05-29 06:00:00,2,-66.2,-59.90310769127683,3.6037479111959896,4.122142399639431
2021-05-29 06:00:00,4,-64.9,-64.980512749841,3.6037479111959896,3.451521547130142
2021-05-29 06:00:00,8,-64.3,-68.1711995067195,3.6037479111959896,3.8715958186451735
2021-05-29 09:00:00,1,-66.2,-61.36370081311674,3.6037479111959896,3.9801676086795093
2021-05-29 09:00:00,2,-65.8,-63.03759825296159,3.6037479111959896,3.8582537282203817
2021-05-29 09:00:00,4,-63.8,-67.67657990028658,3.6037479111959896,3.9245483097542824
2021-05-29 09:00:00,8,-64.0,-66.01242003131773,3.6037479111959896,4.0923851113524385
2021-05-29 12:00:00,1,-65.8,-66.11899941972023,3.6037479111959896,3.342776519895075
2021-05-29 12:00:00,2,-64.9,-68.18840651135586,3.6037479111959896,3.360546609689925
2021-05-29 12:00:00,4,-64.6,-70.26300841512733,3.6037479111959896,3.9419007160736235
2021-05-29 12:00:00,8,-63.4,-63.96683342290304,3.6037479111959896,4.191950006593083
2021-05-29 15:00:00,1,-64.9,-65.77795315824292,3.6037479111959896,3.7454064344743725
2021-05-29 15:00:00,2,-63.8,-67.54900799504776,3.6037479111959896,3.749191899253045
2021-05-29 15:00:00,4,-64.9,-68.76392252791193,3.6037479111959896,4.127317387794851
2021-05-29 15:00:00,8,-65.2,-63.71269687280903,3.6037479111959896,4.042940313647053
2021-05-29 18:00:00,1,-63.8,-64.8687356672987,3.6037479111959896,4.241441512758868
2021-05-29 18:00:00,2,-64.6,-66.94589102657773,3.6037479111959896,4.201860998024385
2021-05-29 18:00:00,4,-64.3,-68.85507166711871,3.6037479111959896,3.6712927313670902
2021-05-29 18:00:00,8,-66.0,-65.69693570395351,3.6037479111959896,3.6242699319594536
2021-05-29 21:00:00,1,-64.6,-62.48359423445541,3.6037479111959896,4.760232915626262
2021-05-29 21:00:00,2,-64.9,-64.23075437643737,3.6037479111959896,4.654068104267028
2021-05-29 21:00:00,4,-64.0,-66.35188119061766,3.6037479111959896,3.4770965220155805
2021-05-29 21:00:00,8,-67.9,-66.28909817537594,3.6037479111959896,3.915903032287571
2021-05-30 00:00:00,1,-64.9,-63.371844426097965,3.6037479111959896,4.239202172667669
2021-05-30 00:00:00,2,-64.3,-64.70749330980856,3.6037479111959896,4.1310379086183096
2021-05-30 00:00:00,4,-63.4,-65.05882112040908,3.6037479111959896,3.100834666385641
2021-05-30 00:00:00,8,-67.4,-63.965210854674204,3.6037479111959896,4.947598145944633
2021-05-30 03:00:00,1,-64.3,-62.926556801929785,3.6037479111959896,3.7546336081801974
2021-05-30 03:00:00,2,-64.0,-63.954608682610555,3.6037479111959896,3.565564618785522
2021-05-30 03:00:00,4,-65.2,-64.5696830855059,3.6037479111959896,3.0076171629845283
2021-05-30 03:00:00,8,-67.2,-63.477914420300735,3.6037479111959896,5.4035749875186685
2021-05-30 06:00:00,1,-64.0,-61.132904892584534,3.6037479111959896,3.4785407385467293
2021-05-30 06:00:00,2,-63.4,-62.14291686948484,3.6037479111959896,3.326443061838576
2021-05-30 06:00:00,4,-66.0,-63.83093036472016,3.6037479111959896,3.393091422635896
2021-05-30 06:00:00,8,-67.7,-63.687058565591045,3.6037479111959896,4.9418051238114735
2021-05-30 09:00:00,1,-63.4,-61.555591841707354,3.6037479111959896,3.2457485445601213
2021-05-30 09:00:00,2,-65.2,-63.01448241970858,3.6037479111959896,3.15069626778389
2021-05-30 09:00:00,4,-67.9,-64.66581520955754,3.6037479111959896,3.895177672609519
2021-05-30 09:00:00,8,-63.9,-62.021868380206904,3.6037479111959896,4.807113386863577
2021-05-30 12:00:00,1,-65.2,-62.231321620421795,3.6037479111959896,3.2274704469382582
2021-05-30 12:00:00,2,-66.0,-64.15794054641684,3.6037479111959896,3.274728691511116
2021-05-30 12:00:00,4,-67.4,-65.61051593324322,3.6037479111959896,4.315077400579892
2021-05-30 12:00:00,8,-60.1,-61.38520344465378,3.6037479111959896,4.424851293627611
2021-05-30 15:00:00,1,-66.0,-63.93306498251711,3.6037479111959896,3.2957217183937444
2021-05-30 15:00:00,2,-67.9,-65.62623870584076,3.6037479111959896,3.4700139718012477
2021-05-30 15:00:00,4,-67.2,-65.3618162836176,3.6037479111959896,4.567904964710523
2021-05-30 15:00:00,8,-56.3,-59.67739994873398,3.6037479111959896,4.360796398765952
2021-05-30 18:00:00,1,-67.9,-63.50425305448073,3.6037479111959896,3.895207771839994
2021-05-30 18:00:00,2,-67.4,-63.26029790387238,3.6037479111959896,3.8593528166841153
2021-05-30 18:00:00,4,-67.7,-59.143402801710195,3.6037479111959896,4.170032381471218
2021-05-30 18:00:00,8,-60.0,-54.59556993334148,3.6037479111959896,4.824127636726458
2021-05-30 21:00:00,1,-67.4,-64.96949917171222,3.6037479111959896,3.8844930589727973
2021-05-30 21:00:00,2,-67.2,-64.16782509949473,3.6037479111959896,3.8417656683591668
2021-05-30 21:00:00,4,-63.9,-59.06019790641601,3.6037479111959896,3.7425891438359202
2021-05-30 21:00:00,8,-60.0,-54.34342142560334,3.6037479111959896,4.7873306476389335
2021-05-31 00:00:00,1,-67.2,-63.61962831896566,3.6037479111959896,4.1060109716702105
2021-05-31 00:00:00,2,-67.7,-62.753474451675665,3.6037479111959896,3.9530881121616517
2021-05-31 00:00:00,4,-60.1,-59.47668926752827,3.6037479111959896,3.5707970194235177
2021-05-31 00:00:00,8,-57.7,-56.08253735416039,3.6037479111959896,5.227672738536703
2021-05-31 03:00:00,1,-67.7,-62.98569552316553,3.6037479111959896,3.872880327966261
2021-05-31 03:00:00,2,-63.9,-61.57024034732924,3.6037479111959896,3.7426929448579345
2021-05-31 03:00:00,4,-56.3,-57.19708429790488,3.6037479111959896,3.604705895369706
2021-05-31 03:00:00,8,-58.8,-53.83458381288989,3.6037479111959896,5.113290543996959
2021-05-31 06:00:00,1,-63.9,-63.067068184442874,3.6037479111959896,3.625356360217632
2021-05-31 06:00:00,2,-60.1,-62.1177865154646,3.6037479111959896,3.469495953114143
2021-05-31 06:00:00,4,-60.0,-58.653100437207634,3.6037479111959896,3.7291724984970247
2021-05-31 06:00:00,8,-58.9,-53.5284870730459,3.6037479111959896,5.199067112391475
2021-05-31 09:00:00,1,-60.1,-57.837125861346294,3.6037479111959896,3.8312895898692774
2021-05-31 09:00:00,2,-56.3,-56.40424717032623,3.6037479111959896,3.7926262085515923
2021-05-31 09:00:00,4,-60.0,-54.36399208911018,3.6037479111959896,4.415507948622589
2021-05-31 09:00:00,8,-59.2,-53.16342975583587,3.6037479111959896,4.7080805735023095
2021-05-31 12:00:00,1,-56.3,-54.04171812066939,3.6037479111959896,4.454529561437077
2021-05-31 12:00:00,2,-60.0,-53.38304638301168,3.6037479111959896,4.580952727850601
2021-05-31 12:00:00,4,-57.7,-53.193194912597704,3.6037479111959896,5.270943541563769
2021-05-31 12:00:00,8,-63.36666666666667,-51.817295151034095,3.6037479111959896,4.890269376020933
2021-05-31 15:00:00,1,-60.0,-52.69721878292639,3.6037479111959896,5.043398264628792
2021-05-31 15:00:00,2,-60.0,-53.361288153748546,3.6037479111959896,5.190736263909901
2021-05-31 15:00:00,4,-58.8,-53.75852916941763,3.6037479111959896,5.1642657902626965
2021-05-31 15:00:00,8,-67.53333333333333,-52.58219152041949,3.6037479111959896,4.670745157436335
2021-05-31 18:00:00,1,-60.0,-57.485406818708356,3.6037479111959896,4.255767680061682
2021-05-31 18:00:00,2,-57.7,-58.04600522252288,3.6037479111959896,4.296844358493462
2021-05-31 18:00:00,4,-58.9,-55.99934398688203,3.6037479111959896,4.60399684799858
2021-05-31 18:00:00,8,-71.7,-52.89843516576425,3.6037479111959896,5.236011691682639
2021-05-31 21:00:00,1,-57.7,-58.386907744052735,3.6037479111959896,4.756143579254187
2021-05-31 21:00:00,2,-58.8,-57.756315551091426,3.6037479111959896,4.685863449040184
2021-05-31 21:00:00,4,-59.2,-55.323574220362666,3.6037479111959896,4.423956314737408
2021-05-31 21:00:00,8,-71.0,-55.27593307379553,3.6037479111959896,5.629568221228382
2021-06-01 00:00:00,1,-58.8,-55.49787151541069,3.6037479111959896,4.985512405670545
2021-06-01 00:00:00,2,-58.9,-55.15824031787718,3.6037479111959896,4.839565529370991
2021-06-01 00:00:00,4,-63.36666666666667,-54.47347023311954,3.6037479111959896,4.188737200335756
2021-06-01 00:00:00,8,-71.6,-58.1221683013941,3.6037479111959896,4.300255462426848
2021-06-01 03:00:00,1,-58.9,-57.04017467311638,3.6037479111959896,4.449899132078539
2021-06-01 03:00:00,2,-59.2,-56.29628802252843,3.6037479111959896,4.313004046147627
2021-06-01 03:00:00,4,-67.53333333333333,-55.70569624326358,3.6037479111959896,4.0440234060627045
2021-06-01 03:00:00,8,-69.1,-56.86139604203758,3.6037479111959896,5.193358656032511
2021-06-01 06:00:00,1,-59.2,-56.92059024184954,3.6037479111959896,4.01628553886586
2021-06-01 06:00:00,2,-63.36666666666667,-56.23297724031174,3.6037479111959896,3.8372623276026414
2021-06-01 06:00:00,4,-71.7,-55.87093161723872,3.6037479111959896,4.001480183282662
2021-06-01 06:00:00,8,-66.69999999999999,-55.131715073940846,3.6037479111959896,5.208363802256257
2021-06-01 09:00:00,1,-63.36666666666667,-55.58153320833235,3.6037479111959896,3.7030445802195024
2021-06-01 09:00:00,2,-67.53333333333333,-55.90264158629704,3.6037479111959896,3.5701063500574453
2021-06-01 09:00:00,4,-71.0,-56.26234990415942,3.6037479111959896,4.127512646221775
2021-06-01 09:00:00,8,-64.3,-53.57766684947657,3.6037479111959896,4.761255276379361
2021-06-01 12:00:00,1,-67.53333333333333,-61.738274867649416,3.6037479111959896,3.318904497618517
2021-06-01 12:00:00,2,-71.7,-62.99581135706112,3.6037479111959896,3.2824101537607095
2021-06-01 12:00:00,4,-71.6,-62.28542259873746,3.6037479111959896,4.078215172119228
2021-06-01 12:00:00,8,-61.9,-53.89343001072381,3.6037479111959896,4.660876022330848
2021-06-01 15:00:00,1,-71.7,-67.5157323773388,3.6037479111959896,3.5371828106780656
2021-06-01 15:00:00,2,-71.0,-68.07747529697549,3.6037479111959896,3.4689320724241823
2021-06-01 15:00:00,4,-69.1,-65.9941322751968,3.6037479111959896,3.8201749491399433
2021-06-01 15:00:00,8,-59.5,-57.48698759787979,3.6037479111959896,5.033254850618853
2021-06-01 18:00:00,1,-71.0,-69.91800372121254,3.6037479111959896,3.617422786920222
2021-06-01 18:00:00,2,-71.6,-68.88735875746978,3.6037479111959896,3.626823057861357
2021-06-01 18:00:00,4,-66.69999999999999,-64.67418743105802,3.6037479111959896,3.8726473455259427
2021-06-01 18:00:00,8,-57.6,-59.02171018454745,3.6037479111959896,4.888538390337788
2021-06-01 21:00:00,1,-71.6,-69.4050387185795,3.6037479111959896,3.9374675979681792
2021-06-01 21:00:00,2,-69.1,-67.28444003162468,3.6037479111959896,4.0869488010915145
2021-06-01 21:00:00,4,-64.3,-63.4024815691826,3.6037479111959896,4.255783569469444
2021-06-01 21:00:00,8,-58.6,-63.49774476904064,3.6037479111959896,4.04643113122005
2021-06-02 00:00:00,1,-69.1,-67.86320118463841,3.6037479111959896,4.031492421916005
2021-06-02 00:00:00,2,-66.69999999999999,-66.03955121658642,3.6037479111959896,4.21836262786639
2021-06-02 00:00:00,4,-61.9,-62.739394421334666,3.6037479111959896,4.063440102387065
2021-06-02 00:00:00,8,-61.2,-63.478214869213446,3.6037479111959896,3.4002086109593472
2021-06-02 03:00:00,1,-66.69999999999999,-64.82731694740399,3.6037479111959896,4.283978950301521
2021-06-02 03:00:00,2,-64.3,-63.24007776409704,3.6037479111959896,4.3730513977630725
2021-06-02 03:00:00,4,-59.5,-61.55150299859073,3.6037479111959896,4.093306270441337
2021-06-02 03:00:00,8,-62.0,-63.09384272172165,3.6037479111959896,3.4440583509566314
2021-06-02 06:00:00,1,-64.3,-61.64514939422785,3.6037479111959896,4.153851952274705
2021-06-02 06:00:00,2,-61.9,-60.97283551070565,3.6037479111959896,4.221394092258624
2021-06-02 06:00:00,4,-57.6,-61.67191024198782,3.6037479111959896,4.63741611157305
2021-06-02 06:00:00,8,-62.3,-60.803400336461465,3.6037479111959896,3.8181082330676324
2021-06-02 09:00:00,1,-61.9,-59.78551688624852,3.6037479111959896,3.8494630999967625
2021-06-02 09:00:00,2,-59.5,-60.0838633770714,3.6037479111959896,3.872288714127938
2021-06-02 09:00:00,4,-58.6,-61.82466942082507,3.6037479111959896,4.6309704506781335
2021-06-02 09:00:00,8,-62.4,-58.210637176919136,3.6037479111959896,3.9864175845862193
2021-06-02 12:00:00,1,-59.5,-58.52132584969582,3.6037479111959896,3.6985720318555355
2021-06-02 12:00:00,2,-57.6,-59.44494399392146,3.6037479111959896,3.7906642132740593
2021-06-02 12:00:00,4,-61.2,-60.64820226177403,3.6037479111959896,4.538946679025241
2021-06-02 12:00:00,8,-62.0,-55.33700634018866,3.6037479111959896,4.00893695437686
2021-06-02 15:00:00,1,-57.6,-58.81882214935083,3.6037479111959896,4.093191312175786
2021-06-02 15:00:00,2,-58.6,-60.567723021723936,3.6037479111959896,4.056173470984405
2021-06-02 15:00:00,4,-62.0,-61.97231736564128,3.6037479111959896,4.138877625103597
2021-06-02 15:00:00,8,-62.5,-58.6022827819021,3.6037479111959896,3.7398523399794024
2021-06-02 18:00:00,1,-58.6,-57.3588039873007,3.6037479111959896,4.777175929755018
2021-06-02 18:00:00,2,-61.2,-59.35040057455214,3.6037479111959896,4.607883354480973
2021-06-02 18:00:00,4,-62.3,-61.05560090039611,3.6037479111959896,3.915439386833906
2021-06-02 18:00:00,8,-63.5,-59.69411989470129,3.6037479111959896,3.6871036118627813
2021-06-02 21:00:00,1,-61.2,-58.21140883347912,3.6037479111959896,4.594036215498063
2021-06-02 21:00:00,2,-62.0,-59.68390102916417,3.6037479111959896,4.458932047110444
2021-06-02 21:00:00,4,-62.4,-60.75759160403642,3.6037479111959896,3.763892640681786
2021-06-02 21:00:00,8,-63.3,-61.03589375732544,3.6037479111959896,3.7838440982235766
2021-06-03 00:00:00,1,-62.0,-61.4157152205662,3.6037479111959896,4.135733121971581
2021-06-03 00:00:00,2,-62.3,-61.4607638244471,3.6037479111959896,4.075358384572053
2021-06-03 00:00:00,4,-62.0,-61.75921478791348,3.6037479111959896,3.673389939906058
2021-06-03 00:00:00,8,-63.2,-64.14502052266928,3.6037479111959896,3.984393657942528
2021-06-03 03:00:00,1,-62.3,-60.67086994341143,3.6037479111959896,4.063974210432532
2021-06-03 03:00:00,2,-62.4,-60.29449247490151,3.6037479111959896,3.972912334470988
2021-06-03 03:00:00,4,-62.5,-61.49836749160128,3.6037479111959896,3.590200932239452
2021-06-03 03:00:00,8,-61.4,-65.18907905333755,3.6037479111959896,4.379561416091439
2021-06-03 06:00:00,1,-62.4,-60.401836314854094,3.6037479111959896,3.7754123546687235
2021-06-03 06:00:00,2,-62.0,-60.18629628227809,3.6037479111959896,3.7031147762105032
2021-06-03 06:00:00,4,-63.5,-62.07828432820252,3.6037479111959896,3.542219366367374
2021-06-03 06:00:00,8,-59.7,-64.28436685508201,3.6037479111959896,4.3524416095324145
2021-06-03 09:00:00,1,-62.0,-59.832889826322244,3.6037479111959896,3.6204474130019006
2021-06-03 09:00:00,2,-62.5,-60.12293182273767,3.6037479111959896,3.5800136623976884
2021-06-03 09:00:00,4,-63.3,-62.2267262651094,3.6037479111959896,3.677951079716321
2021-06-03 09:00:00,8,-60.5,-61.942253020843474,3.6037479111959896,4.363940048775403
2021-06-03 12:00:00,1,-62.5,-60.33366539321129,3.6037479111959896,3.494268026361151
2021-06-03 12:00:00,2,-63.5,-61.3443776970736,3.6037479111959896,3.495718408035832
2021-06-03 12:00:00,4,-63.2,-63.75525326376651,3.6037479111959896,3.7278479990557316
2021-06-03 12:00:00,8,-58.8,-62.23249531653404,3.6037479111959896,4.128153447907952
2021-06-03 15:00:00,1,-63.5,-61.5796500902549,3.6037479111959896,3.5166606807908996
2021-06-03 15:00:00,2,-63.3,-62.95983890414766,3.6037479111959896,3.544206375465095
2021-06-03 15:00:00,4,-61.4,-65.32754061053491,3.6037479111959896,3.667953396369432
2021-06-03 15:00:00,8,-57.75,-63.58223215609652,3.6037479111959896,3.895565683415835
2021-06-03 18:00:00,1,-63.3,-62.139710640080615,3.6037479111959896,3.569564330633197
2021-06-03 18:00:00,2,-63.2,-62.904185246199155,3.6037479111959896,3.5978036672724008
2021-06-03 18:00:00,4,-59.7,-63.957591556707975,3.6037479111959896,3.5822049410294206
2021-06-03 18:00:00,8,-56.7,-63.704775684928116,3.6037479111959896,3.8068752749026498
2021-06-03 21:00:00,1,-63.2,-61.33486132000145,3.6037479111959896,3.690824559247522
2021-06-03 21:00:00,2,-61.4,-61.37717994563232,3.6037479111959896,3.684015594775557
2021-06-03 21:00:00,4,-60.5,-61.74572845038801,3.6037479111959896,3.4618555273929004
2021-06-03 21:00:00,8,-55.5,-64.89584667853967,3.6037479111959896,3.824779411580429
2021-06-04 00:00:00,1,-61.4,-61.21974039236589,3.6037479111959896,3.645674300551028
2021-06-04 00:00:00,2,-59.7,-60.91946800239751,3.6037479111959896,3.6331785010450894
2021-06-04 00:00:00,4,-58.8,-61.82314628173281,3.6037479111959896,3.3710173295037067
2021-06-04 00:00:00,8,-55.8,-66.9902263344788,3.6037479111959896,3.8698813622117143
2021-06-04 03:00:00,1,-59.7,-59.4964763862088,3.6037479111959896,3.675469199546074
2021-06-04 03:00:00,2,-60.5,-59.20934017028489,3.6037479111959896,3.6465720987447066
2021-06-04 03:00:00,4,-57.75,-61.47137752452658,3.6037479111959896,3.384495599617839
2021-06-04 03:00:00,8,-60.93333333333333,-67.53562829166877,3.6037479111959896,3.929438781534479
2021-06-04 06:00:00,1,-60.5,-57.37584167420448,3.6037479111959896,3.6920665057506707
2021-06-04 06:00:00,2,-58.8,-57.68405902858644,3.6037479111959896,3.660709032798707
2021-06-04 06:00:00,4,-56.7,-61.68220331912688,3.6037479111959896,3.4992741495689828
2021-06-04 06:00:00,8,-66.06666666666666,-66.38536575361364,3.6037479111959896,4.040025833686461
2021-06-04 09:00:00,1,-58.8,-58.95869732949001,3.6037479111959896,3.55374663848703
2021-06-04 09:00:00,2,-57.75,-60.02758720626779,3.6037479111959896,3.519268936406016
2021-06-04 09:00:00,4,-55.5,-64.33775525791884,3.6037479111959896,3.5023578410582052
2021-06-04 09:00:00,8,-71.2,-64.49750257585534,3.6037479111959896,4.059506194282188
2021-06-04 12:00:00,1,-57.75,-58.95173945143233,3.6037479111959896,3.48680866923918
2021-06-04 12:00:00,2,-56.7,-60.70722714385341,3.6037479111959896,3.4562498189827844
2021-06-04 12:00:00,4,-55.8,-64.8226711570223,3.6037479111959896,3.5418558361796437
2021-06-04 12:00:00,8,-72.0,-63.49878301096682,3.6037479111959896,3.923510192893822
2021-06-04 15:00:00,1,-56.7,-58.569001400185215,3.6037479111959896,3.592342089920526
2021-06-04 15:00:00,2,-55.5,-60.990728432284214,3.6037479111959896,3.501873314096773
2021-06-04 15:00:00,4,-60.93333333333333,-65.24803332631994,3.6037479111959896,3.5025355571523993
2021-06-04 15:00:00,8,-72.6,-63.61820316800801,3.6037479111959896,3.8807942127944903
2021-06-04 18:00:00,1,-55.5,-59.19285582814121,3.6037479111959896,3.7413137655922797
2021-06-04 18:00:00,2,-55.8,-61.56122255694197,3.6037479111959896,3.593256124103008
2021-06-04 18:00:00,4,-66.06666666666666,-65.78664960518877,3.6037479111959896,3.360136044455813
2021-06-04 18:00:00,8,-72.5,-65.60463952717112,3.6037479111959896,3.753673032162816
2021-06-04 21:00:00,1,-55.8,-58.448398180518915,3.6037479111959896,3.8196322298885916
2021-06-04 21:00:00,2,-60.93333333333333,-60.13883688208561,3.6037479111959896,3.7059097656919207
2021-06-04 21:00:00,4,-71.2,-63.57518277441315,3.6037479111959896,3.4111201685282366
2021-06-04 21:00:00,8,-72.3,-65.71681864926566,3.6037479111959896,3.6948881419821853
2021-06-05 00:00:00,1,-60.93333333333333,-58.121891629014044,3.6037479111959896,3.833949279443999
2021-06-05 00:00:00,2,-66.06666666666666,-59.36923663192624,3.6037479111959896,3.748423475763252
2021-06-05 00:00:00,4,-72.0,-63.11338342906369,3.6037479111959896,3.4110269915481575
2021-06-05 00:00:00,8,-71.8,-66.82067948258121,3.6037479111959896,3.7406037543380677
2021-06-05 03:00:00,1,-66.06666666666666,-64.7844673125437,3.6037479111959896,3.4498066241452805
2021-06-05 03:00:00,2,-71.2,-64.85814862575583,3.6037479111959896,3.582124127661505
2021-06-05 03:00:00,4,-72.6,-65.97269448874884,3.6037479111959896,3.6951546361432364
2021-06-05 03:00:00,8,-71.5,-66.59728238671238,3.6037479111959896,3.8310557543063943
2021-06-05 06:00:00,1,-71.2,-69.01590910305264,3.6037479111959896,3.3908970047797284
2021-06-05 06:00:00,2,-72.0,-68.68138193453026,3.6037479111959896,3.5317791790103694
2021-06-05 06:00:00,4,-72.5,-70.6994432436349,3.6037479111959896,3.70860983195801
2021-06-05 06:00:00,8,-71.1,-68.43060436005031,3.6037479111959896,4.15067444396348
2021-06-05 09:00:00,1,-72.0,-70.32328696892881,3.6037479111959896,3.2233528242211573
2021-06-05 09:00:00,2,-72.6,-70.43400635601822,3.6037479111959896,3.47537016852136
2021-06-05 09:00:00,4,-72.3,-69.92891931120671,3.6037479111959896,4.135015859175572
2021-06-05 09:00:00,8,-72.4,-63.00252498528328,3.6037479111959896,4.476220095996334
2021-06-05 12:00:00,1,-72.6,-71.52005784587,3.6037479111959896,3.263814854505375
2021-06-05 12:00:00,2,-72.5,-71.65511143338601,3.6037479111959896,3.4785856541167406
2021-06-05 12:00:00,4,-71.8,-70.80086384495104,3.6037479111959896,4.144449368571618
2021-06-05 12:00:00,8,-74.0,-64.5476033326761,3.6037479111959896,4.221727876461941
2021-06-05 15:00:00,1,-72.5,-71.67110079134974,3.6037479111959896,3.435847792756636
2021-06-05 15:00:00,2,-72.3,-72.2819501764414,3.6037479111959896,3.532792981877744
2021-06-05 15:00:00,4,-71.5,-71.69755326468612,3.6037479111959896,4.014010207666477
2021-06-05 15:00:00,8,-75.1,-66.40008414783154,3.6037479111959896,3.7686481324762484
2021-06-05 18:00:00,1,-72.3,-71.33090616204228,3.6037479111959896,3.7613165171282543
2021-06-05 18:00:00,2,-71.8,-71.76193146911908,3.6037479111959896,3.7975739461839235
2021-06-05 18:00:00,4,-71.1,-71.11795056651638,3.6037479111959896,3.9017847069695057
2021-06-05 18:00:00,8,-74.0,-67.9841271887481,3.6037479111959896,3.5219155425464104
2021-06-05 21:00:00,1,-71.8,-69.78634513436008,3.6037479111959896,4.050133789789816
2021-06-05 21:00:00,2,-71.5,-70.07727046498889,3.6037479111959896,4.006830541445224
2021-06-05 21:00:00,4,-72.4,-69.65990729767907,3.6037479111959896,3.7241177872931432
2021-06-05 21:00:00,8,-74.7,-68.65712698921251,3.6037479111959896,3.459953037414234
2021-06-06 00:00:00,1,-71.5,-68.46119971407754,3.6037479111959896,4.100423072193626
2021-06-06 00:00:00,2,-71.1,-68.54127619407438,3.6037479111959896,4.018992949984027
2021-06-06 00:00:00,4,-74.0,-68.45770528427742,3.6037479111959896,3.611448689522771
2021-06-06 00:00:00,8,-74.0,-68.94674677204797,3.6037479111959896,3.5655568573696925
2021-06-06 03:00:00,1,-71.1,-67.57743608209793,3.6037479111959896,3.687978875623724
2021-06-06 03:00:00,2,-72.4,-67.34804585899666,3.6037479111959896,3.678717863611185
2021-06-06 03:00:00,4,-75.1,-67.69804362477016,3.6037479111959896,3.6442762459486366
2021-06-06 03:00:00,8,-73.5,-69.03349653221156,3.6037479111959896,3.7885382718337235
2021-06-06 06:00:00,1,-72.4,-66.21911879624895,3.6037479111959896,3.490883715808302
2021-06-06 06:00:00,2,-74.0,-66.38401841676288,3.6037479111959896,3.514514857595801
2021-06-06 06:00:00,4,-74.0,-67.81950279961225,3.6037479111959896,3.602958427092017
2021-06-06 06:00:00,8,-73.7,-68.16622949089246,3.6037479111959896,3.9667777433911113
2021-06-06 09:00:00,1,-74.0,-67.25574680021029,3.6037479111959896,3.3554870330214186
2021-06-06 09:00:00,2,-75.1,-67.88693592824158,3.6037479111959896,3.4211803764280666
2021-06-06 09:00:00,4,-74.7,-68.99380557369018,3.6037479111959896,3.6008320857504788
2021-06-06 09:00:00,8,-73.0,-66.03323530491058,3.6037479111959896,4.060728558956477
2021-06-06 12:00:00,1,-75.1,-69.09542071027354,3.6037479111959896,3.373298659221122
2021-06-06 12:00:00,2,-74.0,-69.7807252266403,3.6037479111959896,3.4544286689086166
2021-06-06 12:00:00,4,-74.0,-69.88781328874154,3.6037479111959896,3.6423954039550415
2021-06-06 12:00:00,8,-72.1,-64.66712652135882,3.6037479111959896,3.981873427247004
2021-06-06 15:00:00,1,-74.0,-70.23574033467061,3.6037479111959896,3.429219243711979
2021-06-06 15:00:00,2,-74.7,-70.80257431430063,3.6037479111959896,3.5092427467684413
2021-06-06 15:00:00,4,-73.5,-69.91331758277545,3.6037479111959896,3.6776870182875823
2021-06-06 15:00:00,8,-71.7,-64.23839024592635,3.6037479111959896,3.829691184764655
2021-06-06 18:00:00,1,-74.7,-68.89603358938595,3.6037479111959896,3.602466788554208
2021-06-06 18:00:00,2,-74.0,-69.38106332764578,3.6037479111959896,3.6225742942100614
2021-06-06 18:00:00,4,-73.7,-68.48615066335134,3.6037479111959896,3.6433152433699734
2021-06-06 18:00:00,8,-70.0,-64.61115584297485,3.6037479111959896,3.760235970750256
2021-06-06 21:00:00,1,-74.0,-69.10685506098031,3.6037479111959896,3.6313398686233715
2021-06-06 21:00:00,2,-73.5,-69.34321252865213,3.6037479111959896,3.6759985354371967
2021-06-06 21:00:00,4,-73.0,-68.02720017891521,3.6037479111959896,3.587064007235216
2021-06-06 21:00:00,8,-66.85,-65.14601615018431,3.6037479111959896,3.735023826225444
2021-06-07 00:00:00,1,-73.5,-68.25184806450218,3.6037479111959896,3.5887601881837408
2021-06-07 00:00:00,2,-73.7,-68.07378777291014,3.6037479111959896,3.652536331912507
2021-06-07 00:00:00,4,-72.1,-66.67211073750015,3.6037479111959896,3.5545369165775154
2021-06-07 00:00:00,8,-63.7,-65.61411267418387,3.6037479111959896,3.8611969477473616
2021-06-07 03:00:00,1,-73.7,-67.37984877268264,3.6037479111959896,3.5585651547109367
2021-06-07 03:00:00,2,-73.0,-67.14765580073137,3.6037479111959896,3.6451502100306725
2021-06-07 03:00:00,4,-71.7,-66.5746269535918,3.6037479111959896,3.5378738732803203
2021-06-07 03:00:00,8,-60.55,-66.18183287003123,3.6037479111959896,3.9417032448600478
2021-06-07 06:00:00,1,-73.0,-68.03051592446987,3.6037479111959896,3.469847033044449
2021-06-07 06:00:00,2,-72.1,-67.95105187031429,3.6037479111959896,3.5640227330507908
2021-06-07 06:00:00,4,-70.0,-67.97378223553778,3.6037479111959896,3.553978901105185
2021-06-07 06:00:00,8,-57.4,-66.01941753692984,3.6037479111959896,4.008962628034031
2021-06-07 09:00:00,1,-72.1,-67.65916683236716,3.6037479111959896,3.453037852517982
2021-06-07 09:00:00,2,-71.7,-67.99168524413021,3.6037479111959896,3.5153264970754963
2021-06-07 09:00:00,4,-66.85,-68.67122142957331,3.6037479111959896,3.5852189297391246
2021-06-07 09:00:00,8,-59.2,-65.5994778580808,3.6037479111959896,4.025445809100582
2021-06-07 12:00:00,1,-71.7,-67.45278364686945,3.6037479111959896,3.529466317083172
2021-06-07 12:00:00,2,-70.0,-68.75567135057773,3.6037479111959896,3.547028451587932
2021-06-07 12:00:00,4,-63.7,-70.39327931707362,3.6037479111959896,3.725454017169697
2021-06-07 12:00:00,8,-60.0,-65.1923890348843,3.6037479111959896,3.929870701492781
2021-06-07 15:00:00,1,-70.0,-68.06809293308743,3.6037479111959896,3.511689055726765
2021-06-07 15:00:00,2,-66.85,-69.32756468815751,3.6037479111959896,3.555959178532672
2021-06-07 15:00:00,4,-60.55,-70.07826187435074,3.6037479111959896,3.765395189468275
2021-06-07 15:00:00,8,-59.6,-64.63818904010893,3.6037479111959896,3.8718224826464995
2021-06-07 18:00:00,1,-66.85,-66.83092644765694,3.6037479111959896,3.626024448495829
2021-06-07 18:00:00,2,-63.7,-67.76705753257094,3.6037479111959896,3.6422201872433604
2021-06-07 18:00:00,4,-57.4,-68.05523919543093,3.6037479111959896,3.7275826246180466
2021-06-07 18:00:00,8,-61.4,-65.01005329041928,3.6037479111959896,3.8533452875461722
2021-06-07 21:00:00,1,-63.7,-63.290154023884156,3.6037479111959896,3.845844633960069
2021-06-07 21:00:00,2,-60.55,-63.477706195514706,3.6037479111959896,4.023037070860191
2021-06-07 21:00:00,4,-59.2,-62.98050863654058,3.6037479111959896,4.262922285807606
2021-06-07 21:00:00,8,-61.6,-63.291515770754714,3.6037479111959896,3.818164352536321
2021-06-08 00:00:00,1,-60.55,-60.571339936692304,3.6037479111959896,4.1805928657748215
2021-06-08 00:00:00,2,-57.4,-60.48937214159746,3.6037479111959896,4.372958993925317
2021-06-08 00:00:00,4,-60.0,-61.595818132464096,3.6037479111959896,4.437445355523916
2021-06-08 00:00:00,8,-62.7,-64.00523612565482,3.6037479111959896,3.7551254999887678
2021-06-08 03:00:00,1,-57.4,-57.8355494051808,3.6037479111959896,4.524602382867934
2021-06-08 03:00:00,2,-59.2,-57.67691742277639,3.6037479111959896,4.595105391351883
2021-06-08 03:00:00,4,-59.6,-60.005194035507465,3.6037479111959896,4.442019798714167
2021-06-08 03:00:00,8,-62.7,-62.00470172362597,3.6037479111959896,3.6997254002424285
2021-06-08 06:00:00,1,-59.2,-54.67402582648721,3.6037479111959896,4.77004979697468
2021-06-08 06:00:00,2,-60.0,-54.95800372632271,3.6037479111959896,4.736309226114399
2021-06-08 06:00:00,4,-61.4,-57.842391642829625,3.6037479111959896,4.340354462399838
2021-06-08 06:00:00,8,-59.7,-57.14817560997159,3.6037479111959896,3.5896286302966782
2021-06-08 09:00:00,1,-60.0,-57.45696864464433,3.6037479111959896,3.7413551420366526
2021-06-08 09:00:00,2,-59.6,-58.37083732972766,3.6037479111959896,3.8213921150986048
2021-06-08 09:00:00,4,-61.6,-60.56684761302144,3.6037479111959896,4.484886221645713
2021-06-08 09:00:00,8,-59.6,-55.7843176715117,3.6037479111959896,3.838740229145044
2021-06-08 12:00:00,1,-59.6,-59.30222931938182,3.6037479111959896,3.4377385656300823
2021-06-08 12:00:00,2,-61.4,-59.56262918457942,3.6037479111959896,3.389354852444195
2021-06-08 12:00:00,4,-62.7,-58.438227948798605,3.6037479111959896,4.615173180153352
2021-06-08 12:00:00,8,-60.9,-51.60834563107363,3.6037479111959896,4.276696109570138
2021-06-08 15:00:00,1,-61.4,-59.11716647867074,3.6037479111959896,3.8283666586632816
2021-06-08 15:00:00,2,-61.6,-59.37442928255911,3.6037479111959896,3.947838182520966
2021-06-08 15:00:00,4,-62.7,-57.209616692119965,3.6037479111959896,4.846897264689346
2021-06-08 15:00:00,8,-60.1,-51.53914466320341,3.6037479111959896,3.9577723682219874
2021-06-08 18:00:00,1,-61.6,-60.64864392888073,3.6037479111959896,3.854085344710699
2021-06-08 18:00:00,2,-62.7,-60.410137206756595,3.6037479111959896,3.844109809225385
2021-06-08 18:00:00,4,-59.7,-56.07091026943887,3.6037479111959896,4.448366710672255
2021-06-08 18:00:00,8,-60.5,-50.52570679415963,3.6037479111959896,4.449877484093467
2021-06-08 21:00:00,1,-62.7,-60.24214447549382,3.6037479111959896,4.250085777142534
2021-06-08 21:00:00,2,-62.7,-59.323503552105116,3.6037479111959896,4.005576477935653
2021-06-08 21:00:00,4,-59.6,-54.00182560199613,3.6037479111959896,3.8173654299148514
2021-06-08 21:00:00,8,-58.1,-49.538727612773265,3.6037479111959896,6.006929711853698
2021-06-09 00:00:00,1,-62.7,-59.98665194253717,3.6037479111959896,3.95625450321946
2021-06-09 00:00:00,2,-59.7,-58.76342787175862,3.6037479111959896,3.611769070370799
2021-06-09 00:00:00,4,-60.9,-53.33356507691681,3.6037479111959896,3.4147619621350502
2021-06-09 00:00:00,8,-59.53333333333333,-49.50632812426779,3.6037479111959896,6.015599569914296
2021-06-09 03:00:00,1,-59.7,-59.251689056957325,3.6037479111959896,3.928001190033244
2021-06-09 03:00:00,2,-59.6,-57.96586209618449,3.6037479111959896,3.4840528367504637
2021-06-09 03:00:00,4,-60.1,-53.41071902477413,3.6037479111959896,3.318118078574632
2021-06-09 03:00:00,8,-60.96666666666667,-49.22905412589109,3.6037479111959896,6.402508994999607
2021-06-09 06:00:00,1,-59.6,-55.796692996511034,3.6037479111959896,3.8962979025168014
2021-06-09 06:00:00,2,-60.9,-54.825606085580034,3.6037479111959896,3.498059962874277
2021-06-09 06:00:00,4,-60.5,-52.80149094703457,3.6037479111959896,3.6634309470004687
2021-06-09 06:00:00,8,-62.4,-51.27547705582959,3.6037479111959896,5.236905444209157
2021-06-09 09:00:00,1,-60.9,-56.02679003108322,3.6037479111959896,3.810260838479265
2021-06-09 09:00:00,2,-60.1,-56.117315576683396,3.6037479111959896,3.44967435015768
2021-06-09 09:00:00,4,-58.1,-54.20980793944052,3.6037479111959896,3.9413783917835765
2021-06-09 09:00:00,8,-59.4,-47.87624723161144,3.6037479111959896,5.770250478183096
2021-06-09 12:00:00,1,-60.1,-58.213337614628585,3.6037479111959896,3.480404704709598
2021-06-09 12:00:00,2,-60.5,-58.61582135574932,3.6037479111959896,3.320851563251173
2021-06-09 12:00:00,4,-59.53333333333333,-56.44238869146923,3.6037479111959896,4.146261827459662
2021-06-09 12:00:00,8,-61.0,-50.14417828394899,3.6037479111959896,4.601478856749788
2021-06-09 15:00:00,1,-60.5,-57.319954573935306,3.6037479111959896,3.9553958353584027
2021-06-09 15:00:00,2,-58.1,-57.495685485827615,3.6037479111959896,3.8739678726152955
2021-06-09 15:00:00,4,-60.96666666666667,-54.976488719589575,3.6037479111959896,4.349825082627436
2021-06-09 15:00:00,8,-61.0,-51.05367586965297,3.6037479111959896,4.383421475774336
2021-06-09 18:00:00,1,-58.1,-57.56727158216167,3.6037479111959896,4.060745941328726
2021-06-09 18:00:00,2,-59.53333333333333,-57.407060621838305,3.6037479111959896,4.069330060571603
2021-06-09 18:00:00,4,-62.4,-54.556629916976625,3.6037479111959896,4.175214354567634
2021-06-09 18:00:00,8,-62.1,-53.50914936685771,3.6037479111959896,4.089121544302531
2021-06-09 21:00:00,1,-59.53333333333333,-55.469972996587956,3.6037479111959896,4.3456658968454
2021-06-09 21:00:00,2,-60.96666666666667,-55.002890397606166,3.6037479111959896,4.289770212869392
2021-06-09 21:00:00,4,-59.4,-52.95043111037584,3.6037479111959896,3.91232007747762
2021-06-09 21:00:00,8,-65.1,-55.529651373065,3.6037479111959896,4.1450078439303315
2021-06-10 00:00:00,1,-60.96666666666667,-58.09808699681488,3.6037479111959896,3.889815770632257
2021-06-10 00:00:00,2,-62.4,-57.64359785450706,3.6037479111959896,3.7135839230795566
2021-06-10 00:00:00,4,-61.0,-54.68285898849586,3.6037479111959896,3.709081835346798
2021-06-10 00:00:00,8,-64.2,-53.50649684246408,3.6037479111959896,4.9259164625319825
2021-06-10 03:00:00,1,-62.4,-61.11518705274647,3.6037479111959896,3.529777960089935
2021-06-10 03:00:00,2,-59.4,-60.06185711534256,3.6037479111959896,3.3564473557680383
2021-06-10 03:00:00,4,-61.0,-57.11197691974735,3.6037479111959896,3.4826364999981183
2021-06-10 03:00:00,8,-62.7,-52.925203308596735,3.6037479111959896,5.299034734802671
2021-06-10 06:00:00,1,-59.4,-59.75459586577395,3.6037479111959896,3.490195779100443
2021-06-10 06:00:00,2,-61.0,-58.608725862002615,3.6037479111959896,3.30514533690006
2021-06-10 06:00:00,4,-62.1,-56.524154386036464,3.6037479111959896,3.494793749811415
2021-06-10 06:00:00,8,-62.8,-52.24856605888575,3.6037479111959896,5.382989779881898
2021-06-10 09:00:00,1,-61.0,-56.33886782976807,3.6037479111959896,3.6355633318586174
2021-06-10 09:00:00,2,-61.0,-55.379802117599965,3.6037479111959896,3.5074714777042098
2021-06-10 09:00:00,4,-65.1,-55.130769776642346,3.6037479111959896,3.891322331760807
2021-06-10 09:00:00,8,-63.2,-53.66987260338477,3.6037479111959896,4.53741063184806
2021-06-10 12:00:00,1,-61.0,-57.734458072816956,3.6037479111959896,3.4675827791083615
2021-06-10 12:00:00,2,-62.1,-57.92578134662767,3.6037479111959896,3.4092327148347676
2021-06-10 12:00:00,4,-64.2,-57.67816929324602,3.6037479111959896,4.083184184495509
2021-06-10 12:00:00,8,-64.4,-52.494349030442386,3.6037479111959896,4.3505536492974235
2021-06-10 15:00:00,1,-62.1,-57.12959965345477,3.6037479111959896,3.4377307142364817
2021-06-10 15:00:00,2,-65.1,-58.23165743304355,3.6037479111959896,3.4171307902354755
2021-06-10 15:00:00,4,-62.7,-58.4281553449624,3.6037479111959896,4.21289613839475
2021-06-10 15:00:00,8,-62.9,-55.27619533615578,3.6037479111959896,4.127207068383243
2021-06-10 18:00:00,1,-65.1,-58.738788899413365,3.6037479111959896,3.516872575107829
2021-06-10 18:00:00,2,-64.2,-59.880465227174064,3.6037479111959896,3.561255096811594
2021-06-10 18:00:00,4,-62.8,-59.49733306188557,3.6037479111959896,3.964907832030373
2021-06-10 18:00:00,8,-62.2,-57.59742310757923,3.6037479111959896,3.914582478538138
2021-06-10 21:00:00,1,-64.2,-61.53901815744096,3.6037479111959896,3.573635151579617
2021-06-10 21:00:00,2,-62.7,-62.360774033243764,3.6037479111959896,3.6298874741126403
2021-06-10 21:00:00,4,-63.2,-62.100843214190476,3.6037479111959896,3.8146845722365006
2021-06-10 21:00:00,8,-63.9,-60.66610599086744,3.6037479111959896,4.159011850824768
2021-06-11 00:00:00,1,-62.7,-59.9868320677846,3.6037479111959896,3.9471323568993353
2021-06-11 00:00:00,2,-62.8,-59.96498935978042,3.6037479111959896,3.943722959211077
2021-06-11 00:00:00,4,-64.4,-60.86115785729993,3.6037479111959896,3.8973016012138046
2021-06-11 00:00:00,8,-65.0,-63.475492095973316,3.6037479111959896,4.216585840165569
2021-06-11 03:00:00,1,-62.8,-58.39265878295264,3.6037479111959896,3.7717297977993804
2021-06-11 03:00:00,2,-63.2,-58.387339684396075,3.6037479111959896,3.7361323256974663
2021-06-11 03:00:00,4,-62.9,-60.12931330000357,3.6037479111959896,3.7142389879086064
2021-06-11 03:00:00,8,-66.8,-64.36774034760779,3.6037479111959896,3.97004538943328
2021-06-11 06:00:00,1,-63.2,-59.04718782004474,3.6037479111959896,3.706385514821968
2021-06-11 06:00:00,2,-64.4,-59.8048313562798,3.6037479111959896,3.658810088610699
2021-06-11 06:00:00,4,-62.2,-63.33652114457623,3.6037479111959896,3.7276881585452695
2021-06-11 06:00:00,8,-67.1,-64.92735995082779,3.6037479111959896,4.093981836872012
2021-06-11 09:00:00,1,-64.4,-61.14797272978243,3.6037479111959896,3.5208029374220473
2021-06-11 09:00:00,2,-62.9,-62.81033494878194,3.6037479111959896,3.518141135035975
2021-06-11 09:00:00,4,-63.9,-66.46348391192045,3.6037479111959896,3.765445510369534
2021-06-11 09:00:00,8,-68.5,-64.33784676154454,3.6037479111959896,3.930975281933023
2021-06-11 12:00:00,1,-62.9,-63.28667256310186,3.6037479111959896,3.4472733966606897
2021-06-11 12:00:00,2,-62.2,-65.72616498810424,3.6037479111959896,3.4545982003582085
2021-06-11 12:00:00,4,-65.0,-69.43929277663251,3.6037479111959896,3.7473523270635023
2021-06-11 12:00:00,8,-68.8,-64.2143961219669,3.6037479111959896,3.736553968194875
2021-06-11 15:00:00,1,-62.2,-62.34148982425406,3.6037479111959896,3.60027826924077
2021-06-11 15:00:00,2,-63.9,-64.84027876020895,3.6037479111959896,3.632359583363517
2021-06-11 15:00:00,4,-66.8,-68.02529949730435,3.6037479111959896,3.954667695249697
2021-06-11 15:00:00,8,-68.2,-63.340696447811624,3.6037479111959896,3.7429040926926205
2021-06-11 18:00:00,1,-63.9,-60.96841739863672,3.6037479111959896,3.838027045341295
2021-06-11 18:00:00,2,-65.0,-63.49105203534718,3.6037479111959896,3.8846288387609356
2021-06-11 18:00:00,4,-67.1,-66.01802841102167,3.6037479111959896,3.9364903194105922
2021-06-11 18:00:00,8,-67.0,-62.91383851845934,3.6037479111959896,3.748415051177929
2021-06-11 21:00:00,1,-65.0,-62.45500763718751,3.6037479111959896,3.6009691718825443
2021-06-11 21:00:00,2,-66.8,-63.80839885776982,3.6037479111959896,3.6687805320207074
2021-06-11 21:00:00,4,-68.5,-63.026365642531935,3.6037479111959896,3.742856237848774
2021-06-11 21:00:00,8,-64.6,-60.45932076581746,3.6037479111959896,4.064594163936041
2021-06-12 00:00:00,1,-66.8,-62.6245753836138,3.6037479111959896,3.6881942224210316
2021-06-12 00:00:00,2,-67.1,-63.185455143064814,3.6037479111959896,3.675255785604576
2021-06-12 00:00:00,4,-68.8,-61.77827059808945,3.6037479111959896,3.4899044110846247
2021-06-12 00:00:00,8,-66.1,-59.844334264042864,3.6037479111959896,4.772324754932943
2021-06-12 03:00:00,1,-67.1,-63.05447598864564,3.6037479111959896,3.557269721422013
2021-06-12 03:00:00,2,-68.5,-63.34369012942389,3.6037479111959896,3.6276383231119507
2021-06-12 03:00:00,4,-68.2,-62.50590742960588,3.6037479111959896,3.578447262719271
2021-06-12 03:00:00,8,-68.0,-60.51705162811931,3.6037479111959896,4.63059848924006
2021-06-12 06:00:00,1,-68.5,-62.72930092296976,3.6037479111959896,3.489973700632901
2021-06-12 06:00:00,2,-68.8,-62.91274695945993,3.6037479111959896,3.5248755245987766
2021-06-12 06:00:00,4,-67.0,-62.82383137332127,3.6037479111959896,3.810954667064834
2021-06-12 06:00:00,8,-68.5,-59.56414151615683,3.6037479111959896,4.70807470828468
2021-06-12 09:00:00,1,-68.8,-64.36161320719125,3.6037479111959896,3.277014100220792
2021-06-12 09:00:00,2,-68.2,-65.71129384767654,3.6037479111959896,3.3395367069765696
2021-06-12 09:00:00,4,-64.6,-67.37539751756819,3.6037479111959896,3.9715965795359796
2021-06-12 09:00:00,8,-70.3,-61.84722326330609,3.6037479111959896,4.2005626521217065
2021-06-12 12:00:00,1,-68.2,-65.49167794100173,3.6037479111959896,3.2293590470151736
2021-06-12 12:00:00,2,-67.0,-66.4358181149174,3.6037479111959896,3.3042137003996674
2021-06-12 12:00:00,4,-66.1,-66.67107898008287,3.6037479111959896,4.293400515981666
2021-06-12 12:00:00,8,-70.2,-60.16280434750846,3.6037479111959896,4.195271266056407
2021-06-12 15:00:00,1,-67.0,-65.30713314050224,3.6037479111959896,3.2654631939400938
2021-06-12 15:00:00,2,-64.6,-65.87784629746088,3.6037479111959896,3.3855377688104804
2021-06-12 15:00:00,4,-68.0,-64.75793558409845,3.6037479111959896,4.3724815652102205
2021-06-12 15:00:00,8,-68.66666666666667,-59.704940378564814,3.6037479111959896,3.8552512166751765
2021-06-12 18:00:00,1,-64.6,-62.74111065469217,3.6037479111959896,3.5777506015001874
2021-06-12 18:00:00,2,-66.1,-62.883790024683314,3.6037479111959896,3.7067981328822506
2021-06-12 18:00:00,4,-68.5,-60.95600748958988,3.6037479111959896,4.397608264178193
2021-06-12 18:00:00,8,-67.13333333333333,-59.32282123766786,3.6037479111959896,3.8083140927675707
2021-06-12 21:00:00,1,-66.1,-59.48706087927521,3.6037479111959896,4.099151972892847
2021-06-12 21:00:00,2,-68.0,-59.550120566896986,3.6037479111959896,4.083975508994139
2021-06-12 21:00:00,4,-70.3,-58.436768934294435,3.6037479111959896,4.102555825284437
2021-06-12 21:00:00,8,-65.6,-60.08535337311813,3.6037479111959896,4.0353494956699265
2021-06-13 00:00:00,1,-68.0,-60.817489012814335,3.6037479111959896,3.6746415240281762
2021-06-13 00:00:00,2,-68.5,-60.68801354396069,3.6037479111959896,3.5873190575568676
2021-06-13 00:00:00,4,-70.2,-59.64944667183603,3.6037479111959896,3.543295020620667
2021-06-13 00:00:00,8,-64.8,-59.16664544313739,3.6037479111959896,4.714623703650208
2021-06-13 03:00:00,1,-68.5,-63.189105921579696,3.6037479111959896,3.346163469795858
2021-06-13 03:00:00,2,-70.3,-62.82930646034211,3.6037479111959896,3.2437991861605737
2021-06-13 03:00:00,4,-68.66666666666667,-61.98422148299334,3.6037479111959896,3.3954887503619884
2021-06-13 03:00:00,8,-63.5,-59.79223771948058,3.6037479111959896,4.969132025873004
2021-06-13 06:00:00,1,-70.3,-63.01979683500871,3.6037479111959896,3.2825540648732896
2021-06-13 06:00:00,2,-70.2,-62.740822454296286,3.6037479111959896,3.1914668884956954
2021-06-13 06:00:00,4,-67.13333333333333,-62.942773117705286,3.6037479111959896,3.616143422994601
2021-06-13 06:00:00,8,-64.4,-60.18222040817928,3.6037479111959896,4.849374945896971
2021-06-13 09:00:00,1,-70.2,-64.8470269724786,3.6037479111959896,3.147273779996285
2021-06-13 09:00:00,2,-68.66666666666667,-65.14997602362378,3.6037479111959896,3.1365577341250814
2021-06-13 09:00:00,4,-65.6,-65.33980353737985,3.6037479111959896,3.7885153175047255
2021-06-13 09:00:00,8,-64.3,-60.23818172005039,3.6037479111959896,4.411484569288773
2021-06-13 12:00:00,1,-68.66666666666667,-64.99784656265155,3.6037479111959896,3.2868756905236003
2021-06-13 12:00:00,2,-67.13333333333333,-65.05320697669723,3.6037479111959896,3.3060566050992275
2021-06-13 12:00:00,4,-64.8,-64.35614964818626,3.6037479111959896,4.180109891763057
2021-06-13 12:00:00,8,-64.3,-58.21326700553159,3.6037479111959896,4.489647498677565
2021-06-13 15:00:00,1,-67.13333333333333,-63.74794954523378,3.6037479111959896,3.2896388745294143
2021-06-13 15:00:00,2,-65.6,-63.8568316547994,3.6037479111959896,3.5559795468338966
2021-06-13 15:00:00,4,-63.5,-62.023573806049555,3.6037479111959896,4.7287286989282045
2021-06-13 15:00:00,8,-63.5,-56.37925191024156,3.6037479111959896,3.96001040196926
2021-06-13 18:00:00,1,-65.6,-62.541504501503695,3.6037479111959896,3.616316886806013
2021-06-13 18:00:00,2,-64.8,-62.317548296866846,3.6037479111959896,3.956223044324898
2021-06-13 18:00:00,4,-64.4,-59.775466617943,3.6037479111959896,4.985887139756953
2021-06-13 18:00:00,8,-63.7,-56.31534851596083,3.6037479111959896,4.028272284136641
2021-06-13 21:00:00,1,-64.8,-60.97383052257244,3.6037479111959896,4.130014428141845
2021-06-13 21:00:00,2,-63.5,-60.579622095569064,3.6037479111959896,4.2198445550808925
2021-06-13 21:00:00,4,-64.3,-58.67615935088245,3.6037479111959896,4.246017235632966
2021-06-13 21:00:00,8,-64.4,-57.720258439311664,3.6037479111959896,4.1466969199675
2021-06-14 00:00:00,1,-63.5,-59.92380984621429,3.6037479111959896,3.980743439750391
2021-06-14 00:00:00,2,-64.4,-59.36420753501804,3.6037479111959896,3.9108302855394763
2021-06-14 00:00:00,4,-64.3,-57.95880875174568,3.6037479111959896,3.669496635103231
2021-06-14 00:00:00,8,-63.6,-58.21552073262742,3.6037479111959896,4.333193564875002
2021-06-14 03:00:00,1,-64.4,-58.811392343144895,3.6037479111959896,3.731538927190238
2021-06-14 03:00:00,2,-64.3,-58.34896580168389,3.6037479111959896,3.5830198530339525
2021-06-14 03:00:00,4,-63.5,-58.288669235357666,3.6037479111959896,3.4433534984279257
2021-06-14 03:00:00,8,-63.7,-58.486006891180025,3.6037479111959896,4.117489255892615
2021-06-14 06:00:00,1,-64.3,-59.153265739758396,3.6037479111959896,3.42508653138952
2021-06-14 06:00:00,2,-64.3,-58.85808945329026,3.6037479111959896,3.3088156034724596
2021-06-14 06:00:00,4,-63.7,-59.22723597386741,3.6037479111959896,3.6137635776160586
2021-06-14 06:00:00,8,-64.1,-56.36501192868084,3.6037479111959896,4.319669492743195
2021-06-14 09:00:00,1,-64.3,-58.833598183647894,3.6037479111959896,3.2991501780393007
2021-06-14 09:00:00,2,-63.5,-58.83685124561645,3.6037479111959896,3.1498265626496567
2021-06-14 09:00:00,4,-64.4,-59.20754035881258,3.6037479111959896,3.8347567066310324
2021-06-14 09:00:00,8,-62.9,-54.411785081260895,3.6037479111959896,4.339696011740611
2021-06-14 12:00:00,1,-63.5,-58.91272216133633,3.6037479111959896,3.20924382993114
2021-06-14 12:00:00,2,-63.7,-59.289090983834384,3.6037479111959896,3.1364156358979502
2021-06-14 12:00:00,4,-63.6,-58.96226452989008,3.6037479111959896,4.030970737467881
2021-06-14 12:00:00,8,-63.7,-53.09448789813407,3.6037479111959896,4.114320385447354
2021-06-14 15:00:00,1,-63.7,-58.709768560549655,3.6037479111959896,3.404505642685731
2021-06-14 15:00:00,2,-64.4,-59.134800740394,3.6037479111959896,3.3824062491374915
2021-06-14 15:00:00,4,-63.7,-57.86091824502864,3.6037479111959896,4.08789672690087
2021-06-14 15:00:00,8,-63.8,-52.68796737009321,3.6037479111959896,4.165473774368568
2021-06-14 18:00:00,1,-64.4,-58.85645968005153,3.6037479111959896,3.645007438636518
2021-06-14 18:00:00,2,-63.6,-58.92031912377188,3.6037479111959896,3.6075795720776482
2021-06-14 18:00:00,4,-64.1,-56.594761321525496,3.6037479111959896,3.990537873311334
2021-06-14 18:00:00,8,-64.0,-52.756731714363674,3.6037479111959896,4.535048548747909
2021-06-14 21:00:00,1,-63.6,-59.63396310556707,3.6037479111959896,3.6690444134939044
2021-06-14 21:00:00,2,-63.7,-59.224483660086705,3.6037479111959896,3.57808163305023
2021-06-14 21:00:00,4,-62.9,-56.15006739017284,3.6037479111959896,3.6908251857594054
2021-06-14 21:00:00,8,-65.5,-52.93116392322202,3.6037479111959896,4.89883600625124
2021-06-15 00:00:00,1,-63.7,-58.3752118514867,3.6037479111959896,3.9725257099888394
2021-06-15 00:00:00,2,-64.1,-57.00948781546346,3.6037479111959896,3.747895419555976
2021-06-15 00:00:00,4,-63.7,-52.492959093970605,3.6037479111959896,3.709646442523942
2021-06-15 00:00:00,8,-64.4,-49.140843189720364,3.6037479111959896,5.592422198371702
2021-06-15 03:00:00,1,-64.1,-58.00979896703825,3.6037479111959896,3.8457425525132236
2021-06-15 03:00:00,2,-62.9,-56.752766468068856,3.6037479111959896,3.6032097450024496
2021-06-15 03:00:00,4,-63.8,-53.025745799331666,3.6037479111959896,3.641128390311544
2021-06-15 03:00:00,8,-66.1,-49.19941055367127,3.6037479111959896,5.663033020219726
2021-06-15 06:00:00,1,-62.9,-58.26146852174348,3.6037479111959896,3.6210908873611105
2021-06-15 06:00:00,2,-63.7,-57.25978013252684,3.6037479111959896,3.429246490313879
2021-06-15 06:00:00,4,-64.0,-54.30747797285471,3.6037479111959896,3.8182048758581293
2021-06-15 06:00:00,8,-65.7,-49.40635248768652,3.6037479111959896,5.531811252662158
2021-06-15 09:00:00,1,-63.7,-56.85643683372538,3.6037479111959896,3.638372157921626
2021-06-15 09:00:00,2,-63.8,-56.032745332013704,3.6037479111959896,3.4982654054518134
2021-06-15 09:00:00,4,-65.5,-53.87024536962629,3.6037479111959896,4.133107104078073
2021-06-15 09:00:00,8,-67.1,-49.031622444689575,3.6037479111959896,5.339527984040729
2021-06-15 12:00:00,1,-63.8,-57.641883062151535,3.6037479111959896,3.5918603889275884
2021-06-15 12:00:00,2,-64.0,-57.05541362929933,3.6037479111959896,3.5363437046508093
2021-06-15 12:00:00,4,-64.4,-54.53904897232661,3.6037479111959896,4.3267587812927815
2021-06-15 12:00:00,8,-67.1,-48.52305610059875,3.6037479111959896,5.1391172300290116
2021-06-15 15:00:00,1,-64.0,-57.880818482364546,3.6037479111959896,3.681857354648135
2021-06-15 15:00:00,2,-65.5,-57.151566647879676,3.6037479111959896,3.7085458077755606
2021-06-15 15:00:00,4,-66.1,-54.07648967855825,3.6037479111959896,4.403956989021731
2021-06-15 15:00:00,8,-68.4,-49.260650976294016,3.6037479111959896,4.7108504491882375
2021-06-15 18:00:00,1,-65.5,-58.168091593476504,3.6037479111959896,3.78557489728616
2021-06-15 18:00:00,2,-64.4,-57.27782940282018,3.6037479111959896,3.8445397030175963
2021-06-15 18:00:00,4,-65.7,-53.665174036305594,3.6037479111959896,4.247937827806045
2021-06-15 18:00:00,8,-68.9,-50.48639878191428,3.6037479111959896,4.385645299698895
2021-06-15 21:00:00,1,-64.4,-59.20547324147309,3.6037479111959896,3.7940060809793303
2021-06-15 21:00:00,2,-66.1,-57.89742062642004,3.6037479111959896,3.8203265383556033
2021-06-15 21:00:00,4,-67.1,-53.8378541668822,3.6037479111959896,4.022248439029654
2021-06-15 21:00:00,8,-66.8,-51.50775594752388,3.6037479111959896,4.3905848260265445
2021-06-16 00:00:00,1,-66.1,-58.084450074582556,3.6037479111959896,3.981185463879065
2021-06-16 00:00:00,2,-65.7,-56.178453688165604,3.6037479111959896,3.876783496998739
2021-06-16 00:00:00,4,-67.1,-52.5647067626516,3.6037479111959896,3.8047992011422105
2021-06-16 00:00:00,8,-67.3,-52.65020690391115,3.6037479111959896,4.707891286933336
2021-06-16 03:00:00,1,-65.7,-59.91855667349828,3.6037479111959896,3.6480707284994156
2021-06-16 03:00:00,2,-67.1,-58.1405417971328,3.6037479111959896,3.572923414085216
2021-06-16 03:00:00,4,-68.4,-54.763437837807786,3.6037479111959896,3.7266213154484613
2021-06-16 03:00:00,8,-69.7,-52.0138407511122,3.6037479111959896,5.016512426933049
2021-06-16 06:00:00,1,-67.1,-59.379223496144675,3.6037479111959896,3.6491254679198413
2021-06-16 06:00:00,2,-67.1,-57.48959689221404,3.6037479111959896,3.5512854798640703
2021-06-16 06:00:00,4,-68.9,-54.90765529728672,3.6037479111959896,3.897495659937123
2021-06-16 06:00:00,8,-69.7,-51.71648760599758,3.6037479111959896,5.24238633012407
2021-06-16 09:00:00,1,-67.1,-60.37618792062224,3.6037479111959896,3.402565641974312
2021-06-16 09:00:00,2,-68.4,-59.61553989526008,3.6037479111959896,3.3712239184646893
2021-06-16 09:00:00,4,-66.8,-58.15171244447733,3.6037479111959896,4.030360434913383
2021-06-16 09:00:00,8,-69.1,-53.1524055503175,3.6037479111959896,4.6903715619510535
2021-06-16 12:00:00,1,-68.4,-59.652874095044105,3.6037479111959896,3.3683500951263063
2021-06-16 12:00:00,2,-68.9,-59.63457985441427,3.6037479111959896,3.3839106507995504
2021-06-16 12:00:00,4,-67.3,-59.021858607751334,3.6037479111959896,4.316496676606073
2021-06-16 12:00:00,8,-68.9,-53.47946364533,3.6037479111959896,4.562754130587707
2021-06-16 15:00:00,1,-68.9,-61.01240038155383,3.6037479111959896,3.334842400066022
2021-06-16 15:00:00,2,-66.8,-61.171822033042965,3.6037479111959896,3.424996020417454
2021-06-16 15:00:00,4,-69.7,-59.45908886935153,3.6037479111959896,4.310514367903941
2021-06-16 15:00:00,8,-67.8,-53.78292028942242,3.6037479111959896,4.176648880159653
2021-06-16 18:00:00,1,-66.8,-61.89893794234383,3.6037479111959896,3.5580139442240615
2021-06-16 18:00:00,2,-67.3,-61.26945568115717,3.6037479111959896,3.611699487561641
2021-06-16 18:00:00,4,-69.7,-58.14341083207384,3.6037479111959896,4.289157084346398
2021-06-16 18:00:00,8,-69.9,-54.901410174833124,3.6037479111959896,4.293162761387003
2021-06-16 21:00:00,1,-67.3,-59.74386832653809,3.6037479111959896,3.99108915044841
2021-06-16 21:00:00,2,-69.7,-58.63977116889792,3.6037479111959896,3.995371612440999
2021-06-16 21:00:00,4,-69.1,-55.663994366479905,3.6037479111959896,4.125401167874914
2021-06-16 21:00:00,8,-71.0,-56.56876960857205,3.6037479111959896,4.042492424300749
2021-06-17 00:00:00,1,-69.7,-58.48699397753593,3.6037479111959896,3.982355094914842
2021-06-17 00:00:00,2,-69.7,-57.17847195608808,3.6037479111959896,3.976522402582438
2021-06-17 00:00:00,4,-68.9,-55.06354865542922,3.6037479111959896,3.9522476531353283
2021-06-17 00:00:00,8,-70.5,-55.79035042629857,3.6037479111959896,4.224674615119499
2021-06-17 03:00:00,1,-69.7,-62.282322282978726,3.6037479111959896,3.4912080490132102
2021-06-17 03:00:00,2,-69.1,-60.99107427275928,3.6037479111959896,3.4090181011896634
2021-06-17 03:00:00,4,-67.8,-57.94481806352741,3.6037479111959896,3.573753688960927
2021-06-17 03:00:00,8,-70.6,-54.5515320122239,3.6037479111959896,4.797628050271744
2021-06-17 06:00:00,1,-69.1,-61.90793339720041,3.6037479111959896,3.4747787746286978
2021-06-17 06:00:00,2,-68.9,-60.370037003673055,3.6037479111959896,3.3572931734704694
2021-06-17 06:00:00,4,-69.9,-57.83268073049025,3.6037479111959896,3.7837069721013914
2021-06-17 06:00:00,8,-69.6,-53.90456985665103,3.6037479111959896,5.173710390252079
2021-06-17 09:00:00,1,-68.9,-61.36232753823035,3.6037479111959896,3.384642176738433
2021-06-17 09:00:00,2,-67.8,-60.488614174556275,3.6037479111959896,3.3619533821385215
2021-06-17 09:00:00,4,-71.0,-58.813109297003386,3.6037479111959896,3.904887193815225
2021-06-17 09:00:00,8,-66.2,-54.747925091248746,3.6037479111959896,4.453435165147448
2021-06-17 12:00:00,1,-67.8,-62.44098164442074,3.6037479111959896,3.238905195249799
2021-06-17 12:00:00,2,-69.9,-61.83189028174398,3.6037479111959896,3.4351909683622974
2021-06-17 12:00:00,4,-70.5,-59.51067097620716,3.6037479111959896,4.307894748429665
2021-06-17 12:00:00,8,-65.1,-54.435257742629055,3.6037479111959896,4.263812412563224
2021-06-17 15:00:00,1,-69.9,-61.704522998786246,3.6037479111959896,3.445468869146487
2021-06-17 15:00:00,2,-71.0,-61.082886272876586,3.6037479111959896,3.519405569316719
2021-06-17 15:00:00,4,-70.6,-58.08998964644197,3.6037479111959896,4.26494109371591
2021-06-17 15:00:00,8,-64.0,-52.99424252399478,3.6037479111959896,4.150658021354116
2021-06-17 18:00:00,1,-71.0,-63.59856519303235,3.6037479111959896,3.4664253317292077
2021-06-17 18:00:00,2,-70.5,-62.67950493806764,3.6037479111959896,3.5735877966122738
2021-06-17 18:00:00,4,-69.6,-58.27185202175674,3.6037479111959896,4.211446576517533
2021-06-17 18:00:00,8,-65.6,-53.14781505838678,3.6037479111959896,4.093809452793845
2021-06-17 21:00:00,1,-70.5,-64.49767549609287,3.6037479111959896,3.6198970023174293
2021-06-17 21:00:00,2,-70.6,-62.76087831984597,3.6037479111959896,3.6215733948214726
2021-06-17 21:00:00,4,-66.2,-57.38762726914373,3.6037479111959896,3.9713667429851176
2021-06-17 21:00:00,8,-68.6,-54.05270468001105,3.6037479111959896,4.548571714436992
2021-06-18 00:00:00,1,-70.6,-63.2345183784604,3.6037479111959896,3.7446373711426566
2021-06-18 00:00:00,2,-69.6,-61.19766352154006,3.6037479111959896,3.7086077924618794
2021-06-18 00:00:00,4,-65.1,-56.560585437829886,3.6037479111959896,3.6733124190580395
2021-06-18 00:00:00,8,-69.2,-56.200454546137024,3.6037479111959896,4.535881196370752
2021-06-18 03:00:00,1,-69.6,-62.665625927502774,3.6037479111959896,3.548516550610987
2021-06-18 03:00:00,2,-66.2,-60.762950690397915,3.6037479111959896,3.4877146787375404
2021-06-18 03:00:00,4,-64.0,-57.33945493322193,3.6037479111959896,3.4884405594044545
2021-06-18 03:00:00,8,-70.4,-56.653612202615854,3.6037479111959896,4.655674107494489
2021-06-18 06:00:00,1,-66.2,-61.4556641184419,3.6037479111959896,3.4262184117518224
2021-06-18 06:00:00,2,-65.1,-59.77518778405998,3.6037479111959896,3.344370499426395
2021-06-18 06:00:00,4,-65.6,-57.46643746865115,3.6037479111959896,3.616423787062343
2021-06-18 06:00:00,8,-71.5,-55.639398984444526,3.6037479111959896,4.7084685309884655
2021-06-18 09:00:00,1,-65.1,-56.736775308852636,3.6037479111959896,3.520121305823141
2021-06-18 09:00:00,2,-64.0,-55.72179439687677,3.6037479111959896,3.3835116560402176
2021-06-18 09:00:00,4,-68.6,-55.734433425238336,3.6037479111959896,4.093975011891497
2021-06-18 09:00:00,8,-71.0,-54.16561312923244,3.6037479111959896,4.449188747583205
2021-06-18 12:00:00,1,-64.0,-55.7745174170496,3.6037479111959896,3.393571544019086
2021-06-18 12:00:00,2,-65.6,-55.20751339918602,3.6037479111959896,3.470990570526791
2021-06-18 12:00:00,4,-69.2,-54.632123830553645,3.6037479111959896,4.9468023958727
2021-06-18 12:00:00,8,-70.8,-51.14677774666712,3.6037479111959896,4.319401025736213
2021-06-18 15:00:00,1,-65.6,-57.17875439247605,3.6037479111959896,3.5666793767113565
2021-06-18 15:00:00,2,-68.6,-57.0986011791238,3.6037479111959896,3.6821160773958255
2021-06-18 15:00:00,4,-70.4,-56.03661081982352,3.6037479111959896,4.7661217007672745
2021-06-18 15:00:00,8,-70.2,-52.43305664168576,3.6037479111959896,3.784585221791309
2021-06-18 18:00:00,1,-68.6,-59.014098091591116,3.6037479111959896,3.6724753725219736
2021-06-18 18:00:00,2,-69.2,-58.869855234452295,3.6037479111959896,3.787339061439035
2021-06-18 18:00:00,4,-71.5,-56.82423908549703,3.6037479111959896,4.578820667921874
2021-06-18 18:00:00,8,-68.6,-53.3634626257355,3.6037479111959896,3.8238633445668366
2021-06-18 21:00:00,1,-69.2,-61.833823385899386,3.6037479111959896,3.6566884394432653
2021-06-18 21:00:00,2,-70.4,-60.755750003506705,3.6037479111959896,3.7331098190921583
2021-06-18 21:00:00,4,-71.0,-57.21673091889241,3.6037479111959896,4.289334000638188
2021-06-18 21:00:00,8,-69.2,-53.582275173806785,3.6037479111959896,4.459620730300546
2021-06-19 00:00:00,1,-70.4,-61.37404504582607,3.6037479111959896,3.9493025140825786
2021-06-19 00:00:00,2,-71.5,-59.50809590566992,3.6037479111959896,3.965228819395224
2021-06-19 00:00:00,4,-70.8,-56.193107957795405,3.6037479111959896,4.151076637932429
2021-06-19 00:00:00,8,-68.8,-54.50097283664842,3.6037479111959896,4.795764084108876
2021-06-19 03:00:00,1,-71.5,-61.57541066243142,3.6037479111959896,3.6332718113255695
2021-06-19 03:00:00,2,-71.0,-59.667287717343335,3.6037479111959896,3.668026078412906
2021-06-19 03:00:00,4,-70.2,-56.746908074521485,3.6037479111959896,3.9241931175066154
2021-06-19 03:00:00,8,-69.3,-54.78813733223618,3.6037479111959896,4.500344162670509
2021-06-19 06:00:00,1,-71.0,-61.26416936539563,3.6037479111959896,3.4754253215621436
2021-06-19 06:00:00,2,-70.8,-59.456392034147036,3.6037479111959896,3.497016020786307
2021-06-19 06:00:00,4,-68.6,-56.9282142230722,3.6037479111959896,4.04426739911612
2021-06-19 06:00:00,8,-70.3,-53.104862031634475,3.6037479111959896,4.617071697780078
2021-06-19 09:00:00,1,-70.8,-60.41523835376377,3.6037479111959896,3.4273074760254243
2021-06-19 09:00:00,2,-70.2,-58.97631213768654,3.6037479111959896,3.4589282239337624
2021-06-19 09:00:00,4,-69.2,-56.85302634229057,3.6037479111959896,4.298335936656974
2021-06-19 09:00:00,8,-68.7,-51.79316557288856,3.6037479111959896,4.227647480655591
2021-06-19 12:00:00,1,-70.2,-60.51865834532637,3.6037479111959896,3.3461051375405177
2021-06-19 12:00:00,2,-68.6,-59.57531720700829,3.6037479111959896,3.4534082010212073
2021-06-19 12:00:00,4,-68.8,-57.33628400836619,3.6037479111959896,4.4743547435092985
2021-06-19 12:00:00,8,-69.2,-51.44571585886518,3.6037479111959896,3.775389666940527
2021-06-19 15:00:00,1,-68.6,-60.45567719231248,3.6037479111959896,3.478419128591184
2021-06-19 15:00:00,2,-69.2,-59.79418235165182,3.6037479111959896,3.616467722874409
2021-06-19 15:00:00,4,-69.3,-57.26551784215844,3.6037479111959896,4.528977088737797
2021-06-19 15:00:00,8,-68.7,-51.71118615971526,3.6037479111959896,3.5788544887783456
2021-06-19 18:00:00,1,-69.2,-59.50694454508836,3.6037479111959896,3.936459340397473
2021-06-19 18:00:00,2,-68.8,-58.72196448080255,3.6037479111959896,4.03844115852311
2021-06-19 18:00:00,4,-70.3,-56.04292997375381,3.6037479111959896,4.393018358141463
2021-06-19 18:00:00,8,-67.6,-52.882552351884364,3.6037479111959896,3.6399962300184003
2021-06-19 21:00:00,1,-68.8,-59.984933547676704,3.6037479111959896,3.946061714741108
2021-06-19 21:00:00,2,-69.3,-58.90283688775746,3.6037479111959896,3.978230753857546
2021-06-19 21:00:00,4,-68.7,-55.88863864956193,3.6037479111959896,3.9305656498017156
2021-06-19 21:00:00,8,-71.6,-54.257436837490836,3.6037479111959896,3.932322789023474
2021-06-20 00:00:00,1,-69.3,-59.80183046965764,3.6037479111959896,3.904877809467017
2021-06-20 00:00:00,2,-70.3,-58.39573712343119,3.6037479111959896,3.8632231938180244
2021-06-20 00:00:00,4,-69.2,-55.61167302560883,3.6037479111959896,3.619910132406897
2021-06-20 00:00:00,8,-71.2,-55.815548507411854,3.6037479111959896,4.029222209452007
2021-06-20 03:00:00,1,-70.3,-60.72488878461428,3.6037479111959896,3.578605550280065
2021-06-20 03:00:00,2,-68.7,-59.23327161065825,3.6037479111959896,3.447372412198319
2021-06-20 03:00:00,4,-68.7,-55.629319535848914,3.6037479111959896,3.413149267227474
2021-06-20 03:00:00,8,-71.5,-54.20900566158848,3.6037479111959896,4.528923342016241
2021-06-20 06:00:00,1,-68.7,-61.1767509803136,3.6037479111959896,3.384057787781827
2021-06-20 06:00:00,2,-69.2,-59.81916932597511,3.6037479111959896,3.247575879772881
2021-06-20 06:00:00,4,-67.6,-56.787879003051096,3.6037479111959896,3.505125917188724
2021-06-20 06:00:00,8,-70.0,-53.180191670985835,3.6037479111959896,4.759364756776677
2021-06-20 09:00:00,1,-69.2,-59.680180362053285,3.6037479111959896,3.4741838949305577
2021-06-20 09:00:00,2,-68.7,-58.749035143988095,3.6037479111959896,3.3547749689410358
2021-06-20 09:00:00,4,-71.6,-56.742836883679104,3.6037479111959896,3.862257325774736
2021-06-20 09:00:00,8,-69.0,-52.33000622209957,3.6037479111959896,4.709479907788548
2021-06-20 12:00:00,1,-68.7,-60.56352826496182,3.6037479111959896,3.423754140564506
2021-06-20 12:00:00,2,-67.6,-60.31625232529187,3.6037479111959896,3.4067029931507147
2021-06-20 12:00:00,4,-71.2,-58.077396009642754,3.6037479111959896,4.05386108227363
2021-06-20 12:00:00,8,-68.0,-51.29959969915309,3.6037479111959896,4.555469103729752
2021-06-20 15:00:00,1,-67.6,-61.114163941341076,3.6037479111959896,3.5474056783918324
2021-06-20 15:00:00,2,-71.6,-61.081156350000285,3.6037479111959896,3.6156375812990986
2021-06-20 15:00:00,4,-71.5,-58.29760020537567,3.6037479111959896,4.144701466289395
2021-06-20 15:00:00,8,-70.2,-52.34822845766174,3.6037479111959896,4.290822272951764
2021-06-20 18:00:00,1,-71.6,-60.89536868529355,3.6037479111959896,3.771869123378177
2021-06-20 18:00:00,2,-71.2,-60.729811247376006,3.6037479111959896,3.8388457764023065
2021-06-20 18:00:00,4,-70.0,-57.6775964949592,3.6037479111959896,4.0481631833064
2021-06-20 18:00:00,8,-68.5,-53.905409060178805,3.6037479111959896,4.177723867910943
2021-06-20 21:00:00,1,-71.2,-63.664953595226606,3.6037479111959896,3.6198577186893472
2021-06-20 21:00:00,2,-71.5,-63.1795160534066,3.6037479111959896,3.6867664351642673
2021-06-20 21:00:00,4,-69.0,-59.182328588180496,3.6037479111959896,3.8146100306524375
2021-06-20 21:00:00,8,-66.9,-54.292239917298,3.6037479111959896,4.3841714771487545
2021-06-21 00:00:00,1,-71.5,-61.31822207014499,3.6037479111959896,4.053704534283065
2021-06-21 00:00:00,2,-70.0,-59.92594829315176,3.6037479111959896,4.024726866719523
2021-06-21 00:00:00,4,-68.0,-57.27316559991376,3.6037479111959896,3.9818976612598487
2021-06-21 00:00:00,8,-67.5,-55.89581303816702,3.6037479111959896,4.892559156983752
2021-06-21 03:00:00,1,-70.0,-61.385120587039964,3.6037479111959896,3.7824997770127013
2021-06-21 03:00:00,2,-69.0,-60.029838051359654,3.6037479111959896,3.769240572777056
2021-06-21 03:00:00,4,-70.2,-56.96793796438862,3.6037479111959896,3.8474759109435004
2021-06-21 03:00:00,8,-67.4,-55.25368976724106,3.6037479111959896,4.449919287099123
2021-06-21 06:00:00,1,-69.0,-60.24657339507759,3.6037479111959896,3.7524417230316423
2021-06-21 06:00:00,2,-68.0,-58.6452923679821,3.6037479111959896,3.713198871542136
2021-06-21 06:00:00,4,-68.5,-56.16765193732781,3.6037479111959896,4.041842664827647
2021-06-21 06:00:00,8,-67.4,-54.291592727283984,3.6037479111959896,4.627648178131763
2021-06-21 09:00:00,1,-68.0,-58.3050098375539,3.6037479111959896,3.5803142348061745
2021-06-21 09:00:00,2,-70.2,-57.04422388867857,3.6037479111959896,3.6322765238838497
2021-06-21 09:00:00,4,-66.9,-55.554818292510475,3.6037479111959896,4.554979944579396
2021-06-21 09:00:00,8,-64.9,-51.97531245603165,3.6037479111959896,4.609314574223055
2021-06-21 12:00:00,1,-70.2,-59.72773702987938,3.6037479111959896,3.517542223000714
2021-06-21 12:00:00,2,-68.5,-58.92454053907062,3.6037479111959896,3.4881104742872564
2021-06-21 12:00:00,4,-67.5,-56.125294044393,3.6037479111959896,4.4224282655842675
2021-06-21 12:00:00,8,-67.5,-51.512244488564555,3.6037479111959896,4.610774053650083
2021-06-21 15:00:00,1,-68.5,-61.937703777594415,3.6037479111959896,3.436491473731467
2021-06-21 15:00:00,2,-66.9,-61.38125581973114,3.6037479111959896,3.4774256073797734
2021-06-21 15:00:00,4,-67.4,-57.63269919628614,3.6037479111959896,4.4586035416029945
2021-06-21 15:00:00,8,-69.3,-51.92766626595759,3.6037479111959896,4.42451276393003
2021-06-21 18:00:00,1,-66.9,-60.736058711457815,3.6037479111959896,3.94691758329375
2021-06-21 18:00:00,2,-67.5,-59.620743353407796,3.6037479111959896,3.9502933359608754
2021-06-21 18:00:00,4,-67.4,-55.58258676090456,3.6037479111959896,4.423523674956943
2021-06-21 18:00:00,8,-71.6,-53.36518822560587,3.6037479111959896,4.523408117918111
2021-06-21 21:00:00,1,-67.5,-59.44724023057569,3.6037479111959896,4.239024083332353
2021-06-21 21:00:00,2,-67.4,-58.03739559594629,3.6037479111959896,4.223716185238569
2021-06-21 21:00:00,4,-64.9,-54.2240367532359,3.6037479111959896,4.189628073573618
2021-06-21 21:00:00,8,-70.3,-54.22188335590289,3.6037479111959896,4.382474296447223
2021-06-22 00:00:00,1,-67.4,-60.619057276239104,3.6037479111959896,4.044845602934134
2021-06-22 00:00:00,2,-67.4,-58.898645012999296,3.6037479111959896,3.94256873770162
2021-06-22 00:00:00,4,-67.5,-54.64353260347528,3.6037479111959896,3.894903127104267
2021-06-22 00:00:00,8,-70.7,-53.20635378242335,3.6037479111959896,4.847317427552307
2021-06-22 03:00:00,1,-67.4,-60.23374199295177,3.6037479111959896,3.844714993044498
2021-06-22 03:00:00,2,-64.9,-58.460050482775074,3.6037479111959896,3.6986988005365875
2021-06-22 03:00:00,4,-69.3,-54.91528144001235,3.6037479111959896,3.7401740205063367
2021-06-22 03:00:00,8,-70.2,-52.88225370422413,3.6037479111959896,4.958427470496339
2021-06-22 06:00:00,1,-64.9,-59.66730933237303,3.6037479111959896,3.632825501589014
2021-06-22 06:00:00,2,-67.5,-58.169093810353196,3.6037479111959896,3.510742642876957
2021-06-22 06:00:00,4,-71.6,-55.46255669977558,3.6037479111959896,3.7701810870841337
2021-06-22 06:00:00,8,-70.5,-52.372844193850085,3.6037479111959896,4.985780072875122
2021-06-22 09:00:00,1,-67.5,-57.6397143541725,3.6037479111959896,3.6445907415839742
2021-06-22 09:00:00,2,-69.3,-56.67915504345271,3.6037479111959896,3.5692314195475046
2021-06-22 09:00:00,4,-70.3,-55.19879299558226,3.6037479111959896,4.0231139052111455
2021-06-22 09:00:00,8,-67.16666666666667,-52.15201253181775,3.6037479111959896,4.649532798074419
2021-06-22 12:00:00,1,-69.3,-60.20913256114709,3.6037479111959896,3.509169811454206
2021-06-22 12:00:00,2,-71.6,-59.93044205782461,3.6037479111959896,3.484404696488114
2021-06-22 12:00:00,4,-70.7,-57.68609552463387,3.6037479111959896,4.229390836615919
2021-06-22 12:00:00,8,-63.833333333333336,-50.989731947191565,3.6037479111959896,4.839668117359359
2021-06-22 15:00:00,1,-71.6,-62.33726912945632,3.6037479111959896,3.5452946599313533
2021-06-22 15:00:00,2,-70.3,-61.761598925688446,3.6037479111959896,3.5410727896358956
2021-06-22 15:00:00,4,-70.2,-58.13729269791968,3.6037479111959896,4.272129717724089
2021-06-22 15:00:00,8,-60.5,-51.445039938874196,3.6037479111959896,4.876652473490087
2021-06-22 18:00:00,1,-70.3,-63.458583378746695,3.6037479111959896,3.6038852514479442
2021-06-22 18:00:00,2,-70.7,-62.371456901418256,3.6037479111959896,3.632104473056685
2021-06-22 18:00:00,4,-70.5,-57.373378641571136,3.6037479111959896,4.195891806081679
2021-06-22 18:00:00,8,-61.4,-51.76163744026753,3.6037479111959896,4.778575370681576
2021-06-22 21:00:00,1,-70.7,-62.17425433953147,3.6037479111959896,4.010227995417581
2021-06-22 21:00:00,2,-70.2,-60.138700707398556,3.6037479111959896,4.00220898989337
2021-06-22 21:00:00,4,-67.16666666666667,-54.709125752702136,3.6037479111959896,4.189934557854875
2021-06-22 21:00:00,8,-62.3,-52.87462666087226,3.6037479111959896,4.7858450413333715
2021-06-23 00:00:00,1,-70.2,-62.13119864138813,3.6037479111959896,3.934597187120054
2021-06-23 00:00:00,2,-70.5,-59.792899139389135,3.6037479111959896,3.9062657598990365
2021-06-23 00:00:00,4,-63.833333333333336,-54.55984263088976,3.6037479111959896,3.9235594340618354
2021-06-23 00:00:00,8,-63.2,-53.129963925865624,3.6037479111959896,4.649239857113871
2021-06-23 03:00:00,1,-70.5,-61.14799434481212,3.6037479111959896,3.8305001315762564
2021-06-23 03:00:00,2,-67.16666666666667,-58.626975791821586,3.6037479111959896,3.7757278767171467
2021-06-23 03:00:00,4,-60.5,-54.26783384689766,3.6037479111959896,3.8334526554712043
2021-06-23 03:00:00,8,-64.1,-52.94570768601252,3.6037479111959896,4.671774236529629
2021-06-23 06:00:00,1,-67.16666666666667,-60.84580470171011,3.6037479111959896,3.627682692150319
2021-06-23 06:00:00,2,-63.833333333333336,-58.73988694292169,3.6037479111959896,3.598126094281579
2021-06-23 06:00:00,4,-61.4,-55.0866526004159,3.6037479111959896,3.887880835336064
2021-06-23 06:00:00,8,-65.0,-51.21475251191548,3.6037479111959896,4.921396939106813
2021-06-23 09:00:00,1,-63.833333333333336,-57.83916704065015,3.6037479111959896,3.6285359746751884
2021-06-23 09:00:00,2,-60.5,-56.23540712989955,3.6037479111959896,3.6702739630597896
2021-06-23 09:00:00,4,-62.3,-53.88383329779131,3.6037479111959896,4.30114996143561
2021-06-23 09:00:00,8,-67.2,-50.5742386600753,3.6037479111959896,4.7065715063262274
2021-06-23 12:00:00,1,-60.5,-55.69280395880413,3.6037479111959896,3.7716207980617398
2021-06-23 12:00:00,2,-61.4,-55.151699429767305,3.6037479111959896,3.756221229282404
2021-06-23 12:00:00,4,-63.2,-54.10753336432632,3.6037479111959896,4.414280198612114
2021-06-23 12:00:00,8,-64.9,-50.041119263382235,3.6037479111959896,4.751910278449371
2021-06-23 15:00:00,1,-61.4,-55.84694073553371,3.6037479111959896,4.150276942168635
2021-06-23 15:00:00,2,-62.3,-56.04054619622934,3.6037479111959896,4.209563735017928
2021-06-23 15:00:00,4,-64.1,-55.199581403790255,3.6037479111959896,4.5230799856517825
2021-06-23 15:00:00,8,-64.6,-51.50605880744261,3.6037479111959896,4.22340938103635
2021-06-23 18:00:00,1,-62.3,-55.6296916746101,3.6037479111959896,4.354742907649853
2021-06-23 18:00:00,2,-63.2,-55.5147980650368,3.6037479111959896,4.624714716194114
2021-06-23 18:00:00,4,-65.0,-54.10181708959918,3.6037479111959896,5.463198657140573
2021-06-23 18:00:00,8,-64.2,-51.288740038048246,3.6037479111959896,4.087909843660298
2021-06-23 21:00:00,1,-63.2,-56.86674864389017,3.6037479111959896,4.352519883527697
2021-06-23 21:00:00,2,-64.1,-56.52824430990458,3.6037479111959896,4.419678278318122
2021-06-23 21:00:00,4,-67.2,-54.496907409813964,3.6037479111959896,4.6922534436877745
2021-06-23 21:00:00,8,-61.8,-52.22743975402191,3.6037479111959896,4.013288625937484
2021-06-24 00:00:00,1,-64.1,-57.182127778109894,3.6037479111959896,4.339920756216167
2021-06-24 00:00:00,2,-65.0,-56.46097689650287,3.6037479111959896,4.363076688740242
2021-06-24 00:00:00,4,-64.9,-54.97130921809976,3.6037479111959896,4.3623054126218745
2021-06-24 00:00:00,8,-59.733333333333334,-53.63932318129563,3.6037479111959896,4.066008214586515
2021-06-24 03:00:00,1,-65.0,-57.42005161493335,3.6037479111959896,4.006075714596301
2021-06-24 03:00:00,2,-67.2,-56.32857655388149,3.6037479111959896,4.063568550653166
2021-06-24 03:00:00,4,-64.6,-55.299645301742764,3.6037479111959896,4.243298227379939
2021-06-24 03:00:00,8,-57.666666666666664,-53.63001755076298,3.6037479111959896,4.282137378605968
2021-06-24 06:00:00,1,-67.2,-56.849299550921266,3.6037479111959896,3.929161783301854
2021-06-24 06:00:00,2,-64.9,-56.1585599353386,3.6037479111959896,4.002163134555535
2021-06-24 06:00:00,4,-64.2,-56.26407010027236,3.6037479111959896,4.179718201865682
2021-06-24 06:00:00,8,-55.6,-54.230929065703506,3.6037479111959896,4.272663025967152
2021-06-24 09:00:00,1,-64.9,-58.15210367651475,3.6037479111959896,3.584853346725224
2021-06-24 09:00:00,2,-64.6,-57.91126865544235,3.6037479111959896,3.6398672752107766
2021-06-24 09:00:00,4,-61.8,-57.71768048677047,3.6037479111959896,4.113054244921481
2021-06-24 09:00:00,8,-56.86666666666667,-53.24118658289633,3.6037479111959896,4.484830981959669
2021-06-24 12:00:00,1,-64.6,-56.56053860526555,3.6037479111959896,3.803764376801647
2021-06-24 12:00:00,2,-64.2,-56.60110785449339,3.6037479111959896,3.8807851483672438
2021-06-24 12:00:00,4,-59.733333333333334,-56.83573215703446,3.6037479111959896,4.435791577432849
2021-06-24 12:00:00,8,-58.13333333333333,-52.23591239534783,3.6037479111959896,4.228705832516876
2021-06-24 15:00:00,1,-64.2,-56.903149794892514,3.6037479111959896,3.825205146400139
2021-06-24 15:00:00,2,-61.8,-56.926539418521614,3.6037479111959896,3.9325545184400266
2021-06-24 15:00:00,4,-57.666666666666664,-55.29937187161717,3.6037479111959896,4.379042077730368
2021-06-24 15:00:00,8,-59.4,-50.426599541396214,3.6037479111959896,4.161045055176347
2021-06-24 18:00:00,1,-61.8,-56.70083311698074,3.6037479111959896,3.9097557510095493
2021-06-24 18:00:00,2,-59.733333333333334,-56.46521920633031,3.6037479111959896,3.966791979873905
2021-06-24 18:00:00,4,-55.6,-53.75652113315929,3.6037479111959896,4.118593676372376
2021-06-24 18:00:00,8,-61.1,-50.38514029332082,3.6037479111959896,4.022567586848975
2021-06-24 21:00:00,1,-59.733333333333334,-54.77851324026607,3.6037479111959896,4.308187582749891
2021-06-24 21:00:00,2,-57.666666666666664,-54.06918956253046,3.6037479111959896,4.312731793409267
2021-06-24 21:00:00,4,-56.86666666666667,-51.31541874869539,3.6037479111959896,4.031191749532218
2021-06-24 21:00:00,8,-58.0,-51.00153015089814,3.6037479111959896,4.157510675032406
2021-06-25 00:00:00,1,-57.666666666666664,-52.563588364990316,3.6037479111959896,4.715849534134914
2021-06-25 00:00:00,2,-55.6,-51.821386110622385,3.6037479111959896,4.598866488817309
2021-06-25 00:00:00,4,-58.13333333333333,-50.9599032062174,3.6037479111959896,3.992503574340006
2021-06-25 00:00:00,8,-56.25,-52.112922381059164,3.6037479111959896,4.195880715488342
2021-06-25 03:00:00,1,-55.6,-51.43145759459185,3.6037479111959896,4.565652081298614
2021-06-25 03:00:00,2,-56.86666666666667,-50.69381138320106,3.6037479111959896,4.37953822182172
2021-06-25 03:00:00,4,-59.4,-51.33355357848125,3.6037479111959896,3.828623501875323
2021-06-25 03:00:00,8,-54.5,-53.10420007135017,3.6037479111959896,4.189190208417446
2021-06-25 06:00:00,1,-56.86666666666667,-49.64724496871284,3.6037479111959896,4.708246185920121
2021-06-25 06:00:00,2,-58.13333333333333,-49.49230609425646,3.6037479111959896,4.51643298783167
2021-06-25 06:00:00,4,-61.1,-51.82223229400349,3.6037479111959896,4.021560049100433
2021-06-25 06:00:00,8,-58.0,-52.838354029233955,3.6037479111959896,4.1051398802118095
2021-06-25 09:00:00,1,-58.13333333333333,-52.331487617165735,3.6037479111959896,3.9970135801165654
2021-06-25 09:00:00,2,-59.4,-52.644694125682285,3.6037479111959896,3.9156032130263485
2021-06-25 09:00:00,4,-58.0,-54.14721981971652,3.6037479111959896,4.347995667928425
2021-06-25 09:00:00,8,-59.65,-50.33308427693922,3.6037479111959896,4.274691058263184
2021-06-25 12:00:00,1,-59.4,-53.603785370604214,3.6037479111959896,3.7365990770504673
2021-06-25 12:00:00,2,-61.1,-54.26404923532394,3.6037479111959896,3.716549030532329
2021-06-25 12:00:00,4,-56.25,-55.026299474761984,3.6037479111959896,4.4369044758180936
2021-06-25 12:00:00,8,-61.3,-49.26569016021608,3.6037479111959896,4.324966477425322
2021-06-25 15:00:00,1,-61.1,-53.70551650784692,3.6037479111959896,3.9564540539192863
2021-06-25 15:00:00,2,-58.0,-54.688577784976474,3.6037479111959896,3.989995900542226
2021-06-25 15:00:00,4,-54.5,-55.13309555383714,3.6037479111959896,4.383481940836087
2021-06-25 15:00:00,8,-63.8,-49.958914963837515,3.6037479111959896,4.223875399237148
2021-06-25 18:00:00,1,-58.0,-54.88808054627292,3.6037479111959896,3.9993160246174493
2021-06-25 18:00:00,2,-56.25,-55.586310670269896,3.6037479111959896,4.05312430429896
2021-06-25 18:00:00,4,-58.0,-55.126779281910814,3.6037479111959896,4.222333593482657
2021-06-25 18:00:00,8,-63.8,-51.03907761897512,3.6037479111959896,4.236778771383203
2021-06-25 21:00:00,1,-56.25,-52.194290539205326,3.6037479111959896,4.694284301952301
2021-06-25 21:00:00,2,-54.5,-52.38687563540559,3.6037479111959896,4.605855055584139
2021-06-25 21:00:00,4,-59.65,-52.39759268234578,3.6037479111959896,4.081349704381272
2021-06-25 21:00:00,8,-64.4,-51.73764196536871,3.6037479111959896,4.198629636351283
2021-06-26 00:00:00,1,-54.5,-51.07898670917114,3.6037479111959896,4.542957848042355
2021-06-26 00:00:00,2,-58.0,-50.83247990430771,3.6037479111959896,4.412283625210644
2021-06-26 00:00:00,4,-61.3,-51.056564898496475,3.6037479111959896,3.8761275790471252
2021-06-26 00:00:00,8,-65.5,-51.23599846497493,3.6037479111959896,4.26307467482567
2021-06-26 03:00:00,1,-58.0,-49.93516112695812,3.6037479111959896,4.295226411550098
2021-06-26 03:00:00,2,-59.65,-49.484204420877624,3.6037479111959896,4.15566078539185
2021-06-26 03:00:00,4,-63.8,-50.29264075513407,3.6037479111959896,3.7253113990710034
2021-06-26 03:00:00,8,-67.9,-51.29381785883589,3.6037479111959896,4.226751488682342
2021-06-26 06:00:00,1,-59.65,-53.175914416860394,3.6037479111959896,3.7198040930166734
2021-06-26 06:00:00,2,-61.3,-53.15467409271493,3.6037479111959896,3.629594826412975
2021-06-26 06:00:00,4,-63.8,-53.98363637438555,3.6037479111959896,3.6990762539511692
2021-06-26 06:00:00,8,-69.0,-51.459895048154884,3.6037479111959896,4.488891205524235
2021-06-26 09:00:00,1,-61.3,-54.873339456273854,3.6037479111959896,3.540017830269809
2021-06-26 09:00:00,2,-63.8,-55.25614469423827,3.6037479111959896,3.444876388855559
2021-06-26 09:00:00,4,-64.4,-56.21547122776465,3.6037479111959896,3.959329370222157
2021-06-26 09:00:00,8,-68.5,-50.590654554624955,3.6037479111959896,4.783537771357983
2021-06-26 12:00:00,1,-63.8,-55.49102531500642,3.6037479111959896,3.610113332763842
2021-06-26 12:00:00,2,-63.8,-56.13068339179606,3.6037479111959896,3.593598866093251
2021-06-26 12:00:00,4,-65.5,-56.814589415741786,3.6037479111959896,4.002899565949163
2021-06-26 12:00:00,8,-68.0,-51.13957705977592,3.6037479111959896,4.37715870302916
2021-06-26 15:00:00,1,-63.8,-57.4095899405627,3.6037479111959896,3.597327418265851
2021-06-26 15:00:00,2,-64.4,-57.91982676619818,3.6037479111959896,3.6664196219640828
2021-06-26 15:00:00,4,-67.9,-57.4577341769459,3.6037479111959896,4.119808309623424
2021-06-26 15:00:00,8,-69.6,-51.4264230038636,3.6037479111959896,4.229808120190226
2021-06-26 18:00:00,1,-64.4,-56.97343322543716,3.6037479111959896,3.942846029195126
2021-06-26 18:00:00,2,-65.5,-56.830886787878626,3.6037479111959896,4.039116511673144
2021-06-26 18:00:00,4,-69.0,-55.3436199988985,3.6037479111959896,4.380049935399873
2021-06-26 18:00:00,8,-68.2,-51.26703044260192,3.6037479111959896,4.034150165304877
2021-06-26 21:00:00,1,-65.5,-57.2305591341375,3.6037479111959896,4.13401813233652
2021-06-26 21:00:00,2,-67.9,-56.85026934525342,3.6037479111959896,4.203592570229292
2021-06-26 21:00:00,4,-68.5,-54.749782722925474,3.6037479111959896,4.074392489868684
2021-06-26 21:00:00,8,-66.8,-52.18597019377611,3.6037479111959896,3.842015819891093
2021-06-27 00:00:00,1,-67.9,-57.54768620375827,3.6037479111959896,4.07714642282669
2021-06-27 00:00:00,2,-69.0,-56.83043791576203,3.6037479111959896,4.118676269300641
2021-06-27 00:00:00,4,-68.0,-54.73291993763695,3.6037479111959896,3.8758640708150494
2021-06-27 00:00:00,8,-71.3,-52.45363144807329,3.6037479111959896,3.9712748456888844
2021-06-27 03:00:00,1,-69.0,-58.83725184416673,3.6037479111959896,3.728785287493113
2021-06-27 03:00:00,2,-68.5,-57.949549233276365,3.6037479111959896,3.7617594077095324
2021-06-27 03:00:00,4,-69.6,-55.88326371217867,3.6037479111959896,3.766036257755253
2021-06-27 03:00:00,8,-71.6,-52.295365390109026,3.6037479111959896,4.24445698110302
2021-06-27 06:00:00,1,-68.5,-58.76074040306699,3.6037479111959896,3.619025830878788
2021-06-27 06:00:00,2,-68.0,-57.89108958422342,3.6037479111959896,3.596003552001461
2021-06-27 06:00:00,4,-68.2,-56.3726993139906,3.6037479111959896,3.8331846416855857
2021-06-27 06:00:00,8,-71.2,-51.55944108602104,3.6037479111959896,4.529381468833318
2021-06-27 09:00:00,1,-68.0,-58.55024675942295,3.6037479111959896,3.460184820150946
2021-06-27 09:00:00,2,-69.6,-57.990358769584276,3.6037479111959896,3.4525856042485756
2021-06-27 09:00:00,4,-66.8,-56.802269209068164,3.6037479111959896,3.9336487814292553
2021-06-27 09:00:00,8,-70.9,-50.971322426403376,3.6037479111959896,4.197644386429735
2021-06-27 12:00:00,1,-69.6,-58.704566543403914,3.6037479111959896,3.315959065304886
2021-06-27 12:00:00,2,-68.2,-58.15435272035414,3.6037479111959896,3.3544267882944445
2021-06-27 12:00:00,4,-71.3,-56.29983288739783,3.6037479111959896,4.073106620883509
2021-06-27 12:00:00,8,-72.0,-49.97704853274665,3.6037479111959896,3.9703903442101747
2021-06-27 15:00:00,1,-68.2,-59.42952311123861,3.6037479111959896,3.2502658818587187
2021-06-27 15:00:00,2,-66.8,-58.664162288902716,3.6037479111959896,3.3197320798261343
2021-06-27 15:00:00,4,-71.6,-55.513172614804,3.6037479111959896,4.082491982174828
2021-06-27 15:00:00,8,-72.0,-48.93723897653997,3.6037479111959896,3.9037307861791963
2021-06-27 18:00:00,1,-66.8,-58.55471530656116,3.6037479111959896,3.6437876799850635
2021-06-27 18:00:00,2,-71.3,-57.51997321394039,3.6037479111959896,3.621999449562144
2021-06-27 18:00:00,4,-71.2,-54.02493477061498,3.6037479111959896,4.057275865298076
2021-06-27 18:00:00,8,-69.0,-49.465992317360616,3.6037479111959896,4.139958104831395
2021-06-27 21:00:00,1,-71.3,-56.9153810196939,3.6037479111959896,4.012686694648148
2021-06-27 21:00:00,2,-71.6,-55.93726526135775,3.6037479111959896,4.087541188072161
2021-06-27 21:00:00,4,-70.9,-53.4271684226198,3.6037479111959896,4.038796217470376
2021-06-27 21:00:00,8,-67.225,-50.72683698706659,3.6037479111959896,3.853179195246918
2021-06-28 00:00:00,1,-71.6,-60.128770762758315,3.6037479111959896,3.5123139946652597
2021-06-28 00:00:00,2,-71.2,-58.584760558082735,3.6037479111959896,3.63209386234479
2021-06-28 00:00:00,4,-72.0,-55.2316746793751,3.6037479111959896,3.671841129215511
2021-06-28 00:00:00,8,-65.45,-51.78275442364982,3.6037479111959896,4.121468112892602
2021-06-28 03:00:00,1,-71.2,-59.66627541345279,3.6037479111959896,3.6369193901697727
2021-06-28 03:00:00,2,-70.9,-57.68128005626911,3.6037479111959896,3.6861388035576788
2021-06-28 03:00:00,4,-72.0,-55.131585744013194,3.6037479111959896,3.7648602416302834
2021-06-28 03:00:00,8,-63.675,-52.5194154399998,3.6037479111959896,4.6741234161509935
2021-06-28 06:00:00,1,-70.9,-59.54055303425457,3.6037479111959896,3.4653171921682673
2021-06-28 06:00:00,2,-72.0,-58.16304700579702,3.6037479111959896,3.5030581147181477
2021-06-28 06:00:00,4,-69.0,-56.67752238821002,3.6037479111959896,3.573781302138929
2021-06-28 06:00:00,8,-61.9,-52.90053641683813,3.6037479111959896,4.003144918666665
2021-06-28 09:00:00,1,-72.0,-59.34090221000474,3.6037479111959896,3.3409141799970956
2021-06-28 09:00:00,2,-72.0,-58.35702460525384,3.6037479111959896,3.373846683828421
2021-06-28 09:00:00,4,-67.225,-57.17401097421026,3.6037479111959896,3.7297753495591257
2021-06-28 09:00:00,8,-62.65,-51.83048207536703,3.6037479111959896,3.9522301907828385
2021-06-28 12:00:00,1,-72.0,-59.897384751915524,3.6037479111959896,3.212512595696675
2021-06-28 12:00:00,2,-69.0,-59.327338058372376,3.6037479111959896,3.295370338537537
2021-06-28 12:00:00,4,-65.45,-57.667425542737895,3.6037479111959896,3.850931777151437
2021-06-28 12:00:00,8,-63.4,-50.91767464321024,3.6037479111959896,3.8749971916493102
2021-06-28 15:00:00,1,-69.0,-59.962330711128374,3.6037479111959896,3.3362332831068566
2021-06-28 15:00:00,2,-67.225,-59.479666377617775,3.6037479111959896,3.45331542394233
2021-06-28 15:00:00,4,-63.675,-57.33803734752466,3.6037479111959896,4.005740277468016
2021-06-28 15:00:00,8,-63.1,-50.80018903132644,3.6037479111959896,3.848822644891628
2021-06-28 18:00:00,1,-67.225,-58.53546135861302,3.6037479111959896,3.741268443456047
2021-06-28 18:00:00,2,-65.45,-57.934515619875484,3.6037479111959896,3.843763788045285
2021-06-28 18:00:00,4,-61.9,-55.82167528757789,3.6037479111959896,3.983368551201175
2021-06-28 18:00:00,8,-64.3,-51.95070041241088,3.6037479111959896,3.7264160461614457
2021-06-28 21:00:00,1,-65.45,-56.6547505941796,3.6037479111959896,4.212458059957936
2021-06-28 21:00:00,2,-63.675,-55.73147144566962,3.6037479111959896,4.275536929285775
2021-06-28 21:00:00,4,-62.65,-53.48064310545016,3.6037479111959896,4.057977132046003
2021-06-28 21:00:00,8,-65.7,-50.95622486853966,3.6037479111959896,4.01477889775707
2021-06-29 00:00:00,1,-63.675,-56.06828224207889,3.6037479111959896,4.103655926831216
2021-06-29 00:00:00,2,-61.9,-54.757212889381904,3.6037479111959896,4.070360579309224
2021-06-29 00:00:00,4,-63.4,-52.518162758966554,3.6037479111959896,3.638591663691435
2021-06-29 00:00:00,8,-63.3,-51.43838323023023,3.6037479111959896,4.029989539878514
2021-06-29 03:00:00,1,-61.9,-55.649913255387425,3.6037479111959896,3.959934953942472
2021-06-29 03:00:00,2,-62.65,-53.888527902115044,3.6037479111959896,3.8241203210792785
2021-06-29 03:00:00,4,-63.1,-51.031029983170505,3.6037479111959896,3.7178046803166684
2021-06-29 03:00:00,8,-66.9,-48.95468014399798,3.6037479111959896,4.6005510859610155
2021-06-29 06:00:00,1,-62.65,-54.2635614561539,3.6037479111959896,3.9371372529152002
2021-06-29 06:00:00,2,-63.4,-52.820140439683655,3.6037479111959896,3.799799556333852
2021-06-29 06:00:00,4,-64.3,-51.03945372049175,3.6037479111959896,3.9828251121276597
2021-06-29 06:00:00,8,-68.55000000000001,-48.48802029897191,3.6037479111959896,4.725957756839071
2021-06-29 09:00:00,1,-63.4,-56.15828938721697,3.6037479111959896,3.522954352568954
2021-06-29 09:00:00,2,-63.1,-55.304574609263895,3.6037479111959896,3.4393044321068973
2021-06-29 09:00:00,4,-65.7,-52.45923748614901,3.6037479111959896,4.487402293368736
2021-06-29 09:00:00,8,-70.2,-45.2660076000626,3.6037479111959896,5.22487865549801
2021-06-29 12:00:00,1,-63.1,-56.70186919740395,3.6037479111959896,3.6121557648356584
2021-06-29 12:00:00,2,-64.3,-56.2041478342103,3.6037479111959896,3.57793974810374
2021-06-29 12:00:00,4,-63.3,-53.075091110864726,3.6037479111959896,4.57363709522065
2021-06-29 12:00:00,8,-69.2,-45.78888885781707,3.6037479111959896,4.987863291537038
2021-06-29 15:00:00,1,-64.3,-56.732748428821125,3.6037479111959896,3.8422123046817043
2021-06-29 15:00:00,2,-65.7,-56.311947391038885,3.6037479111959896,3.907145275942761
2021-06-29 15:00:00,4,-66.9,-52.93048710260481,3.6037479111959896,4.667275721247608
2021-06-29 15:00:00,8,-72.1,-46.89009464498552,3.6037479111959896,4.693303317643575
2021-06-29 18:00:00,1,-65.7,-56.408469666376455,3.6037479111959896,3.898953326478701
2021-06-29 18:00:00,2,-63.3,-55.79508663955446,3.6037479111959896,3.99776880686669
2021-06-29 18:00:00,4,-68.55000000000001,-52.4791004375587,3.6037479111959896,4.657310609853628
2021-06-29 18:00:00,8,-73.5,-48.373746680500254,3.6037479111959896,4.3493208338717215
2021-06-29 21:00:00,1,-63.3,-56.61566269498661,3.6037479111959896,4.07995351598449
2021-06-29 21:00:00,2,-66.9,-55.49368810653915,3.6037479111959896,4.086989964255245
2021-06-29 21:00:00,4,-70.2,-51.58885986193206,3.6037479111959896,4.3336816576221535
2021-06-29 21:00:00,8,-74.2,-48.95595110774384,3.6037479111959896,4.7247683973439925
2021-06-30 00:00:00,1,-66.9,-52.82640154825296,3.6037479111959896,4.580738914007902
2021-06-30 00:00:00,2,-68.55000000000001,-51.251522739549806,3.6037479111959896,4.523117629684936
2021-06-30 00:00:00,4,-69.2,-48.759599817776405,3.6037479111959896,4.20365628782082
2021-06-30 00:00:00,8,-71.0,-49.76317664008708,3.6037479111959896,4.519563627722015
2021-06-30 03:00:00,1,-68.55000000000001,-56.42072250620753,3.6037479111959896,3.7999376022288023
2021-06-30 03:00:00,2,-70.2,-55.25287650174893,3.6037479111959896,3.7529176187921305
2021-06-30 03:00:00,4,-72.1,-52.666723398411484,3.6037479111959896,3.8733398144474247
2021-06-30 03:00:00,8,-70.6,-50.716105665200544,3.6037479111959896,5.022793115252078
2021-06-30 06:00:00,1,-70.2,-58.58678408511235,3.6037479111959896,3.5739195346544403
2021-06-30 06:00:00,2,-69.2,-57.62789957894316,3.6037479111959896,3.517750618182126
2021-06-30 06:00:00,4,-73.5,-55.28865658089814,3.6037479111959896,4.122956225245697
2021-06-30 06:00:00,8,-69.9,-51.05989739569915,3.6037479111959896,5.423456155759178
2021-06-30 09:00:00,1,-69.2,-60.62401576405031,3.6037479111959896,3.290459418475875
2021-06-30 09:00:00,2,-72.1,-60.45134986336825,3.6037479111959896,3.2312849445442002
2021-06-30 09:00:00,4,-74.2,-59.1189763771569,3.6037479111959896,3.9384187496472323
2021-06-30 09:00:00,8,-68.5,-54.11916783418298,3.6037479111959896,5.276544717760261
2021-06-30 12:00:00,1,-72.1,-60.64084306466509,3.6037479111959896,3.572942189446653
2021-06-30 12:00:00,2,-73.5,-60.290525396452146,3.6037479111959896,3.583677050669413
2021-06-30 12:00:00,4,-71.0,-57.77583356265229,3.6037479111959896,4.37664736269213
2021-06-30 12:00:00,8,-65.7,-52.93984686077432,3.6037479111959896,4.895833228105234
2021-06-30 15:00:00,1,-73.5,-62.89942705766308,3.6037479111959896,3.4218674333532806
2021-06-30 15:00:00,2,-74.2,-62.65228296967425,3.6037479111959896,3.547981789393556
2021-06-30 15:00:00,4,-70.6,-59.12481964018348,3.6037479111959896,4.312353593512441
2021-06-30 15:00:00,8,-65.4,-53.00014883085796,3.6037479111959896,4.463004427671552
2021-06-30 18:00:00,1,-74.2,-63.695172847737204,3.6037479111959896,3.7574176536987185
2021-06-30 18:00:00,2,-71.0,-62.8053361129153,3.6037479111959896,3.870322799818625
2021-06-30 18:00:00,4,-69.9,-58.267503077782834,3.6037479111959896,4.342051216540087
2021-06-30 18:00:00,8,-64.3,-53.15817424149165,3.6037479111959896,4.716678769267499
2021-06-30 21:00:00,1,-71.0,-63.568703309012655,3.6037479111959896,3.9005345091715546
2021-06-30 21:00:00,2,-70.6,-62.489634914753175,3.6037479111959896,4.039946599928293
2021-06-30 21:00:00,4,-68.5,-58.07407053732473,3.6037479111959896,4.19515716091342
2021-06-30 21:00:00,8,-63.4,-54.36787288756603,3.6037479111959896,4.349777787645272
2021-07-01 00:00:00,1,-70.6,-60.83136946438118,3.6037479111959896,4.31373351926034
2021-07-01 00:00:00,2,-69.9,-59.60493195918851,3.6037479111959896,4.390499353809624
2021-07-01 00:00:00,4,-65.7,-56.53058521762016,3.6037479111959896,4.089271693873863
2021-07-01 00:00:00,8,-61.7,-55.84085610467557,3.6037479111959896,4.187945076034721
2021-07-01 03:00:00,1,-69.9,-60.06983017929474,3.6037479111959896,3.9940253317142336
2021-07-01 03:00:00,2,-68.5,-58.853565427575845,3.6037479111959896,4.025164465274894
2021-07-01 03:00:00,4,-65.4,-56.136341846318786,3.6037479111959896,3.914316170997648
2021-07-01 03:00:00,8,-61.9,-54.14082375230558,3.6037479111959896,4.689068097312989
2021-07-01 06:00:00,1,-68.5,-59.99205137695409,3.6037479111959896,3.5611548615752984
2021-07-01 06:00:00,2,-65.7,-59.25450405432414,3.6037479111959896,3.565847588876098
2021-07-01 06:00:00,4,-64.3,-57.203437315381684,3.6037479111959896,3.736968412470647
2021-07-01 06:00:00,8,-63.1,-54.02445239520237,3.6037479111959896,4.500095050881708
2021-07-01 09:00:00,1,-65.7,-59.12077042462129,3.6037479111959896,3.497818375893094
2021-07-01 09:00:00,2,-65.4,-58.84878850601404,3.6037479111959896,3.504919828104244
2021-07-01 09:00:00,4,-63.4,-57.488393295310715,3.6037479111959896,3.9191670258987608
2021-07-01 09:00:00,8,-66.2,-52.82459768396259,3.6037479111959896,4.463362632508275
2021-07-01 12:00:00,1,-65.4,-57.518521764696615,3.6037479111959896,3.727114660231399
2021-07-01 12:00:00,2,-64.3,-57.79906719781711,3.6037479111959896,3.7372579142808564
2021-07-01 12:00:00,4,-61.7,-57.10176778097359,3.6037479111959896,4.183049005637695
2021-07-01 12:00:00,8,-67.2,-51.875719360444606,3.6037479111959896,4.337956228231022
2021-07-01 15:00:00,1,-64.3,-57.726296237605474,3.6037479111959896,3.824037408230052
2021-07-01 15:00:00,2,-63.4,-58.76727750854667,3.6037479111959896,3.912096266104869
2021-07-01 15:00:00,4,-61.9,-58.78187702010125,3.6037479111959896,4.418629844006649
2021-07-01 15:00:00,8,-67.1,-52.93050565550529,3.6037479111959896,4.176407073232809
2021-07-01 18:00:00,1,-63.4,-58.74830527648551,3.6037479111959896,3.9333110248739978
2021-07-01 18:00:00,2,-61.7,-59.42460136897787,3.6037479111959896,4.008119023118252
2021-07-01 18:00:00,4,-63.1,-57.84561804626156,3.6037479111959896,4.157757973935758
2021-07-01 18:00:00,8,-68.3,-54.015100292355875,3.6037479111959896,4.102112148230795
2021-07-01 21:00:00,1,-61.7,-58.57219033756569,3.6037479111959896,4.151192555960865
2021-07-01 21:00:00,2,-61.9,-58.8585772324603,3.6037479111959896,4.1997410417720396
2021-07-01 21:00:00,4,-66.2,-57.266210603860046,3.6037479111959896,4.022591554261019
2021-07-01 21:00:00,8,-68.3,-55.45896049921067,3.6037479111959896,4.143879429378447
2021-07-02 00:00:00,1,-61.9,-57.25838560286125,3.6037479111959896,4.145007950570651
2021-07-02 00:00:00,2,-63.1,-57.45844206916829,3.6037479111959896,4.125269307118556
2021-07-02 00:00:00,4,-67.2,-56.86605444118658,3.6037479111959896,3.8356258785636634
2021-07-02 00:00:00,8,-67.7,-57.38069352786921,3.6037479111959896,4.2171190950884725
2021-07-02 03:00:00,1,-63.1,-57.33954931885158,3.6037479111959896,3.811895527952954
2021-07-02 03:00:00,2,-66.2,-57.62146046159808,3.6037479111959896,3.7867414224226006
2021-07-02 03:00:00,4,-67.1,-58.29619847070018,3.6037479111959896,3.807954874847803
2021-07-02 03:00:00,8,-65.9,-57.69412154540879,3.6037479111959896,4.2036289345785995
2021-07-02 06:00:00,1,-66.2,-56.386541218754495,3.6037479111959896,3.6810490476784565
2021-07-02 06:00:00,2,-67.2,-56.157852403366704,3.6037479111959896,3.7120745359825125
2021-07-02 06:00:00,4,-68.3,-56.70779495779385,3.6037479111959896,3.988670014776766
2021-07-02 06:00:00,8,-62.66666666666667,-54.26321993868478,3.6037479111959896,4.149471167906571
2021-07-02 09:00:00,1,-67.2,-57.810444989196185,3.6037479111959896,3.382499692718372
2021-07-02 09:00:00,2,-67.1,-57.872722572993624,3.6037479111959896,3.417997802701615
2021-07-02 09:00:00,4,-68.3,-57.54896040975858,3.6037479111959896,4.0185678283461606
2021-07-02 09:00:00,8,-59.43333333333334,-52.286881986299576,3.6037479111959896,4.530763740668268
2021-07-02 12:00:00,1,-67.1,-57.86140818570165,3.6037479111959896,3.5089719003493083
2021-07-02 12:00:00,2,-68.3,-57.83238028157754,3.6037479111959896,3.5212125895484143
2021-07-02 12:00:00,4,-67.7,-56.730057717875034,3.6037479111959896,4.230974871937347
2021-07-02 12:00:00,8,-56.2,-51.0218050487487,3.6037479111959896,4.780003284573722
2021-07-02 15:00:00,1,-68.3,-57.809252560058205,3.6037479111959896,3.5963646827819784
2021-07-02 15:00:00,2,-68.3,-57.816682726514635,3.6037479111959896,3.669659168281787
2021-07-02 15:00:00,4,-65.9,-56.29989232872948,3.6037479111959896,4.301794282252364
2021-07-02 15:00:00,8,-58.7,-51.42253869296542,3.6037479111959896,4.156819219193969
2021-07-02 18:00:00,1,-68.3,-58.2665242771883,3.6037479111959896,3.665486525824303
2021-07-02 18:00:00,2,-67.7,-57.955976102104614,3.6037479111959896,3.738556046902894
2021-07-02 18:00:00,4,-62.66666666666667,-55.7275847030806,3.6037479111959896,4.1796226521384705
2021-07-02 18:00:00,8,-53.29175178959221,-51.885057863834916,3.6037479111959896,3.9259682522824666
2021-07-02 21:00:00,1,-67.7,-58.76468730748865,3.6037479111959896,3.7926888197497943
2021-07-02 21:00:00,2,-65.9,-57.67322341420213,3.6037479111959896,3.815501597052384
2021-07-02 21:00:00,4,-59.43333333333334,-53.83153897570735,3.6037479111959896,4.111569278457843
2021-07-02 21:00:00,8,-53.29175178959221,-51.48237639022382,3.6037479111959896,4.26171586386124
2021-07-03 00:00:00,1,-65.9,-57.76809610252375,3.6037479111959896,3.817444663673019
2021-07-03 00:00:00,2,-62.66666666666667,-56.47392826204348,3.6037479111959896,3.833295147717754
2021-07-03 00:00:00,4,-56.2,-53.20284836498314,3.6037479111959896,4.010790843029436
2021-07-03 00:00:00,8,-53.29175178959221,-51.95188131353303,3.6037479111959896,4.0932047488561745
2021-07-03 03:00:00,1,-62.66666666666667,-56.16786124286532,3.6037479111959896,3.866713291568858
2021-07-03 03:00:00,2,-59.43333333333334,-54.81472868213832,3.6037479111959896,3.8171309011898846
2021-07-03 03:00:00,4,-58.7,-52.352936391253785,3.6037479111959896,3.9398851606950953
2021-07-03 03:00:00,8,-53.29175178959221,-51.3870635658601,3.6037479111959896,4.364020188976295
2021-07-03 06:00:00,1,-59.43333333333334,-53.857555906195444,3.6037479111959896,3.8489747406488104
2021-07-03 06:00:00,2,-56.2,-52.71885223042437,3.6037479111959896,3.7091489387685033
2021-07-03 06:00:00,4,-53.29175178959221,-51.3313962183928,3.6037479111959896,3.9830578013070963
2021-07-03 06:00:00,8,-53.29175178959221,-49.34927620053382,3.6037479111959896,4.952431618473497
2021-07-03 09:00:00,1,-56.2,-51.83026461916207,3.6037479111959896,3.9090327829563902
2021-07-03 09:00:00,2,-58.7,-51.10094523770941,3.6037479111959896,3.7235833726567544
2021-07-03 09:00:00,4,-53.29175178959221,-50.86307868071464,3.6037479111959896,4.1859731898674575
2021-07-03 09:00:00,8,-53.29175178959221,-47.24671237385253,3.6037479111959896,5.1643175108181625
2021-07-03 12:00:00,1,-58.7,-50.88892827484787,3.6037479111959896,4.188081788925665
2021-07-03 12:00:00,2,-53.29175178959221,-50.940480841162916,3.6037479111959896,4.069879098261947
2021-07-03 12:00:00,4,-53.29175178959221,-51.08037889720851,3.6037479111959896,4.431011211783619
2021-07-03 12:00:00,8,-53.29175178959221,-46.44860838403907,3.6037479111959896,4.7865337245234745
2021-07-03 15:00:00,1,-53.29175178959221,-52.86138241167933,3.6037479111959896,3.882742878031954
2021-07-03 15:00:00,2,-53.29175178959221,-53.091695101204,3.6037479111959896,3.9910103699116046
2021-07-03 15:00:00,4,-53.29175178959221,-52.37188448653178,3.6037479111959896,4.775670914911116
2021-07-03 15:00:00,8,-47.3,-46.55730676585232,3.6037479111959896,4.166947436958229
2021-07-03 18:00:00,1,-53.29175178959221,-51.83776647546698,3.6037479111959896,4.455856060384381
2021-07-03 18:00:00,2,-53.29175178959221,-51.74858538471361,3.6037479111959896,4.505525922486284
2021-07-03 18:00:00,4,-53.29175178959221,-50.77470419081925,3.6037479111959896,4.9501071794064995
2021-07-03 18:00:00,8,-48.6,-46.94890769977392,3.6037479111959896,4.1736742550582715
2021-07-03 21:00:00,1,-53.29175178959221,-52.02064295592478,3.6037479111959896,4.691670121134374
2021-07-03 21:00:00,2,-53.29175178959221,-51.448890656413724,3.6037479111959896,4.695124947599186
2021-07-03 21:00:00,4,-53.29175178959221,-50.11085079016877,3.6037479111959896,4.612555586845167
2021-07-03 21:00:00,8,-50.03333333333333,-47.73761779768348,3.6037479111959896,4.071876898027104
2021-07-04 00:00:00,1,-53.29175178959221,-51.27062844441931,3.6037479111959896,4.689436326339843
2021-07-04 00:00:00,2,-53.29175178959221,-50.412390901628555,3.6037479111959896,4.6593222728604555
2021-07-04 00:00:00,4,-53.29175178959221,-49.66383756613022,3.6037479111959896,4.263765597462504
2021-07-04 00:00:00,8,-51.46666666666667,-48.3415698268006,3.6037479111959896,4.1390014345157535
2021-07-04 03:00:00,1,-53.29175178959221,-51.08767126785066,3.6037479111959896,4.366537753663806
2021-07-04 03:00:00,2,-53.29175178959221,-50.02472876649247,3.6037479111959896,4.320374918463623
2021-07-04 03:00:00,4,-47.3,-49.94762849595889,3.6037479111959896,4.022658790983125
2021-07-04 03:00:00,8,-52.9,-48.45630024289974,3.6037479111959896,4.335006663604969
2021-07-04 06:00:00,1,-53.29175178959221,-50.28227905027575,3.6037479111959896,3.9670353330853967
2021-07-04 06:00:00,2,-53.29175178959221,-49.29721243876658,3.6037479111959896,3.9083240247259443
2021-07-04 06:00:00,4,-48.6,-50.01922954268848,3.6037479111959896,3.8871878865331393
2021-07-04 06:00:00,8,-54.4,-47.250108095017055,3.6037479111959896,4.511766514044786
2021-07-04 09:00:00,1,-53.29175178959221,-49.54524094172028,3.6037479111959896,3.6933254480549067
2021-07-04 09:00:00,2,-47.3,-48.79384811182148,3.6037479111959896,3.6271230770731804
2021-07-04 09:00:00,4,-50.03333333333333,-49.79172144829758,3.6037479111959896,3.818710057716648
2021-07-04 09:00:00,8,-56.96666666666667,-45.403266641108125,3.6037479111959896,4.391286092774472
2021-07-04 12:00:00,1,-47.3,-49.51579262526867,3.6037479111959896,3.580399467082373
2021-07-04 12:00:00,2,-48.6,-49.169302618563584,3.6037479111959896,3.5231213979660736
2021-07-04 12:00:00,4,-51.46666666666667,-49.78690129667639,3.6037479111959896,3.8241109900512305
2021-07-04 12:00:00,8,-59.53333333333333,-43.974988709157884,3.6037479111959896,4.144947698789542
2021-07-04 15:00:00,1,-48.6,-47.95936782828983,3.6037479111959896,3.9044446364849485
2021-07-04 15:00:00,2,-50.03333333333333,-48.360129572045146,3.6037479111959896,3.8455990413018455
2021-07-04 15:00:00,4,-52.9,-48.86072573418775,3.6037479111959896,4.082888364246307
2021-07-04 15:00:00,8,-62.1,-44.44511416394448,3.6037479111959896,3.9584173022205853
2021-07-04 18:00:00,1,-50.03333333333333,-47.63504007177785,3.6037479111959896,4.085129943784238
2021-07-04 18:00:00,2,-51.46666666666667,-48.096511949427494,3.6037479111959896,4.015225800680409
2021-07-04 18:00:00,4,-54.4,-48.27880158182917,3.6037479111959896,4.0126615541925785
2021-07-04 18:00:00,8,-59.8,-45.19949022819119,3.6037479111959896,4.005183561674592
2021-07-04 21:00:00,1,-51.46666666666667,-49.024727970719,3.6037479111959896,3.981343344873637
2021-07-04 21:00:00,2,-52.9,-49.21810863510584,3.6037479111959896,3.8731622583137115
2021-07-04 21:00:00,4,-56.96666666666667,-48.56658048463591,3.6037479111959896,3.806009915361478
2021-07-04 21:00:00,8,-58.5,-46.86685632656426,3.6037479111959896,4.195525123339473
2021-07-05 00:00:00,1,-52.9,-49.63183093078939,3.6037479111959896,3.976088429797966
2021-07-05 00:00:00,2,-54.4,-49.18317550487004,3.6037479111959896,3.8409750903427797
2021-07-05 00:00:00,4,-59.53333333333333,-47.60176733607285,3.6037479111959896,3.6903667923415275
2021-07-05 00:00:00,8,-56.6,-46.57270603350548,3.6037479111959896,4.385702085669587
2021-07-05 03:00:00,1,-54.4,-48.8228825004545,3.6037479111959896,3.9814907484567152
2021-07-05 03:00:00,2,-56.96666666666667,-48.07451469396102,3.6037479111959896,3.8173094437465633
2021-07-05 03:00:00,4,-62.1,-47.37869662715235,3.6037479111959896,3.623364345689865
2021-07-05 03:00:00,8,-58.7,-47.48942105774868,3.6037479111959896,4.504972565862958
2021-07-05 06:00:00,1,-56.96666666666667,-49.29121102577275,3.6037479111959896,3.8170155963432917
2021-07-05 06:00:00,2,-59.53333333333333,-48.75205977491905,3.6037479111959896,3.651924829654401
2021-07-05 06:00:00,4,-59.8,-48.77391617244203,3.6037479111959896,3.6934915803442814
2021-07-05 06:00:00,8,-60.5,-47.176921765984844,3.6037479111959896,4.492687174374481
2021-07-05 09:00:00,1,-59.53333333333333,-51.90037080646325,3.6037479111959896,3.6289949412847893
2021-07-05 09:00:00,2,-62.1,-52.20719169483321,3.6037479111959896,3.508517126037309
2021-07-05 09:00:00,4,-58.5,-52.901586366905384,3.6037479111959896,3.913205565379295
2021-07-05 09:00:00,8,-62.1,-47.271388812249256,3.6037479111959896,4.360830470348367
2021-07-05 12:00:00,1,-62.1,-53.720057118445595,3.6037479111959896,3.4876065654475643
2021-07-05 12:00:00,2,-59.8,-54.14814962624374,3.6037479111959896,3.4547158246317737
2021-07-05 12:00:00,4,-56.6,-54.2959135717193,3.6037479111959896,4.128387949972838
2021-07-05 12:00:00,8,-64.7,-47.28834724404416,3.6037479111959896,4.319284467865854
2021-07-05 15:00:00,1,-59.8,-54.56138882601369,3.6037479111959896,3.6958644874369675
2021-07-05 15:00:00,2,-58.5,-54.869297265596316,3.6037479111959896,3.7612492137559483
2021-07-05 15:00:00,4,-58.7,-54.25977054019652,3.6037479111959896,4.272534631021212
2021-07-05 15:00:00,8,-66.9,-48.38142289804467,3.6037479111959896,3.9935754961820797
2021-07-05 18:00:00,1,-58.5,-52.338020759889964,3.6037479111959896,4.357333094395657
2021-07-05 18:00:00,2,-56.6,-52.368869775296886,3.6037479111959896,4.347501230082202
2021-07-05 18:00:00,4,-60.5,-51.778663599155465,3.6037479111959896,4.331186060840676
2021-07-05 18:00:00,8,-66.5,-48.94753781768695,3.6037479111959896,3.630283186349606
2021-07-05 21:00:00,1,-56.6,-51.21739134679031,3.6037479111959896,4.6321379489074985
2021-07-05 21:00:00,2,-58.7,-50.992946102106686,3.6037479111959896,4.588309523644284
2021-07-05 21:00:00,4,-62.1,-50.366147707106705,3.6037479111959896,4.091344088543243
2021-07-05 21:00:00,8,-66.6,-49.60159150425108,3.6037479111959896,3.553099561684492
2021-07-06 00:00:00,1,-58.7,-50.601902655825874,3.6037479111959896,4.444686339929484
2021-07-06 00:00:00,2,-60.5,-49.907675094952005,3.6037479111959896,4.323942943628698
2021-07-06 00:00:00,4,-64.7,-49.21065325111478,3.6037479111959896,3.740122473241392
2021-07-06 00:00:00,8,-66.2,-50.03931873140894,3.6037479111959896,3.687688987242353
2021-07-06 03:00:00,1,-60.5,-52.18643347591249,3.6037479111959896,3.8530824724761805
2021-07-06 03:00:00,2,-62.1,-51.2992544891164,3.6037479111959896,3.765655858401816
2021-07-06 03:00:00,4,-66.9,-50.75294506092988,3.6037479111959896,3.5478015472567686
2021-07-06 03:00:00,8,-64.3,-50.35978154048684,3.6037479111959896,3.9845504725338947
2021-07-06 06:00:00,1,-62.1,-52.76795162596338,3.6037479111959896,3.627565307817475
2021-07-06 06:00:00,2,-64.7,-52.008889648436124,3.6037479111959896,3.5021872898605477
2021-07-06 06:00:00,4,-66.5,-52.008731813688065,3.6037479111959896,3.502098598438952
2021-07-06 06:00:00,8,-64.6,-49.737140075947025,3.6037479111959896,4.19487525722605
2021-07-06 09:00:00,1,-64.7,-53.64838852474821,3.6037479111959896,3.5589082032921016
2021-07-06 09:00:00,2,-66.9,-53.319722136432745,3.6037479111959896,3.4301647967742026
2021-07-06 09:00:00,4,-66.6,-53.49421374159143,3.6037479111959896,3.550512690786155
2021-07-06 09:00:00,8,-65.1,-49.08102359504934,3.6037479111959896,4.1439209657833
2021-07-06 12:00:00,1,-66.9,-55.546651233666815,3.6037479111959896,3.505147205262714
2021-07-06 12:00:00,2,-66.5,-55.5605044863213,3.6037479111959896,3.4459665728525275
2021-07-06 12:00:00,4,-66.2,-55.216899005328536,3.6037479111959896,3.683297738792764
2021-07-06 12:00:00,8,-65.1,-48.78032971200197,3.6037479111959896,4.01709619192259
2021-07-06 15:00:00,1,-66.5,-56.95793524914841,3.6037479111959896,3.5577151713709845
2021-07-06 15:00:00,2,-66.6,-56.85016811486437,3.6037479111959896,3.5688622974079656
2021-07-06 15:00:00,4,-64.3,-55.7266883998494,3.6037479111959896,3.9223626630644794
2021-07-06 15:00:00,8,-63.9,-49.28870728483349,3.6037479111959896,3.9138734003867306
2021-07-06 18:00:00,1,-66.6,-57.10657892633241,3.6037479111959896,3.8024276270535307
2021-07-06 18:00:00,2,-66.2,-56.62996860238788,3.6037479111959896,3.8362843025628104
2021-07-06 18:00:00,4,-64.6,-54.94941445389908,3.6037479111959896,4.054957877970472
2021-07-06 18:00:00,8,-62.233333333333334,-50.15797875990598,3.6037479111959896,3.7045877856282003
2021-07-06 21:00:00,1,-66.2,-57.3294889635322,3.6037479111959896,3.898604479330107
2021-07-06 21:00:00,2,-64.3,-56.59528980900145,3.6037479111959896,3.9282998362509405
2021-07-06 21:00:00,4,-65.1,-54.36508472886108,3.6037479111959896,3.8626843136182125
2021-07-06 21:00:00,8,-60.56666666666666,-50.8749372263791,3.6037479111959896,3.5750236885334
2021-07-07 00:00:00,1,-64.3,-56.82820472294441,3.6037479111959896,3.9079172718832917
2021-07-07 00:00:00,2,-64.6,-55.92639866543088,3.6037479111959896,3.8931644366579627
2021-07-07 00:00:00,4,-65.1,-53.80608403599124,3.6037479111959896,3.709494160146199
2021-07-07 00:00:00,8,-58.9,-51.4732832174205,3.6037479111959896,3.6242295885931863
2021-07-07 03:00:00,1,-64.6,-54.98026216339795,3.6037479111959896,3.885981891148056
2021-07-07 03:00:00,2,-65.1,-54.12475477898248,3.6037479111959896,3.782385112008032
2021-07-07 03:00:00,4,-63.9,-53.01130930112601,3.6037479111959896,3.5960310985292625
2021-07-07 03:00:00,8,-57.0,-51.34986788239135,3.6037479111959896,3.8085535269472826
2021-07-07 06:00:00,1,-65.1,-54.377158884446715,3.6037479111959896,3.69289842022131
2021-07-07 06:00:00,2,-65.1,-53.82358662615863,3.6037479111959896,3.592239548587299
2021-07-07 06:00:00,4,-62.233333333333334,-53.383893512050335,3.6037479111959896,3.558549025362454
2021-07-07 06:00:00,8,-56.3,-49.91901902278456,3.6037479111959896,4.066850246557567
2021-07-07 09:00:00,1,-65.1,-54.855244073917184,3.6037479111959896,3.476569012339947
2021-07-07 09:00:00,2,-63.9,-54.762417428281104,3.6037479111959896,3.3552636482099496
2021-07-07 09:00:00,4,-60.56666666666666,-54.26669725658639,3.6037479111959896,3.470345363262372
2021-07-07 09:00:00,8,-55.6,-48.82605774831617,3.6037479111959896,4.139371049866775
2021-07-07 12:00:00,1,-63.9,-54.88093858021237,3.6037479111959896,3.4345449679604942
2021-07-07 12:00:00,2,-62.233333333333334,-54.93449323865259,3.6037479111959896,3.3447735465179083
2021-07-07 12:00:00,4,-58.9,-54.09516866671659,3.6037479111959896,3.594888100913543
2021-07-07 12:00:00,8,-54.4,-47.770416443737254,3.6037479111959896,4.175139173141647
2021-07-07 15:00:00,1,-62.233333333333334,-54.72763272124918,3.6037479111959896,3.5062606901697215
2021-07-07 15:00:00,2,-60.56666666666666,-54.70201440793365,3.6037479111959896,3.4360646725085515
2021-07-07 15:00:00,4,-57.0,-53.29082766008567,3.6037479111959896,3.6909566599446015
2021-07-07 15:00:00,8,-52.2,-47.39177444061666,3.6037479111959896,4.059176302450572
2021-07-07 18:00:00,1,-60.56666666666666,-53.64537340823151,3.6037479111959896,3.6771575157709586
2021-07-07 18:00:00,2,-58.9,-53.40246838781567,3.6037479111959896,3.538887956078537
2021-07-07 18:00:00,4,-56.3,-51.180161799775036,3.6037479111959896,3.8010312253761076
2021-07-07 18:00:00,8,-51.4,-46.50249105055486,3.6037479111959896,4.216902455277278
2021-07-07 21:00:00,1,-58.9,-53.01695028349973,3.6037479111959896,3.8634033892996715
2021-07-07 21:00:00,2,-57.0,-52.32507484313809,3.6037479111959896,3.670395759635896
2021-07-07 21:00:00,4,-55.6,-49.81764075090157,3.6037479111959896,3.636212798070838
2021-07-07 21:00:00,8,-53.9,-46.75868607197648,3.6037479111959896,4.208269601407911
2021-07-08 00:00:00,1,-57.0,-52.26226296282547,3.6037479111959896,4.018507016703368
2021-07-08 00:00:00,2,-56.3,-51.49394952743373,3.6037479111959896,3.8326056647252473
2021-07-08 00:00:00,4,-54.4,-49.98072110641647,3.6037479111959896,3.5030307681409467
2021-07-08 00:00:00,8,-54.5,-48.642742843006125,3.6037479111959896,4.257747937494108
2021-07-08 03:00:00,1,-56.3,-51.380054532232165,3.6037479111959896,3.986115072656903
2021-07-08 03:00:00,2,-55.6,-50.55099511802187,3.6037479111959896,3.80365804307202
2021-07-08 03:00:00,4,-52.2,-50.02955270074386,3.6037479111959896,3.537852991772553
2021-07-08 03:00:00,8,-54.4,-48.709450427138826,3.6037479111959896,4.229275078547964
2021-07-08 06:00:00,1,-55.6,-51.306721581248546,3.6037479111959896,3.765329219099976
2021-07-08 06:00:00,2,-54.4,-50.757290042148355,3.6037479111959896,3.6551063369776466
2021-07-08 06:00:00,4,-51.4,-51.12599993912574,3.6037479111959896,3.702423373692227
2021-07-08 06:00:00,8,-57.5,-48.13854201441198,3.6037479111959896,4.244922039540932
2021-07-08 09:00:00,1,-54.4,-51.273674362353326,3.6037479111959896,3.610693396122446
2021-07-08 09:00:00,2,-52.2,-50.9579279527541,3.6037479111959896,3.524244213901129
2021-07-08 09:00:00,4,-53.9,-51.409107834016154,3.6037479111959896,3.8214396766815693
2021-07-08 09:00:00,8,-58.1,-46.58688765448603,3.6037479111959896,4.078532853634142
2021-07-08 12:00:00,1,-52.2,-50.72904262072136,3.6037479111959896,3.6403320470528278
2021-07-08 12:00:00,2,-51.4,-50.54204001122071,3.6037479111959896,3.578806387328758
2021-07-08 12:00:00,4,-54.5,-50.56204255969716,3.6037479111959896,4.060477687602386
2021-07-08 12:00:00,8,-59.3,-45.08909506654716,3.6037479111959896,4.036822091856381
2021-07-08 15:00:00,1,-51.4,-49.72969477896981,3.6037479111959896,3.8323201086068983
2021-07-08 15:00:00,2,-53.9,-49.60967804710914,3.6037479111959896,3.799559482312217
2021-07-08 15:00:00,4,-54.4,-49.00324010945226,3.6037479111959896,4.263197417834621
2021-07-08 15:00:00,8,-59.8,-44.24430117159824,3.6037479111959896,4.043649845019823
2021-07-08 18:00:00,1,-53.9,-49.475840845389015,3.6037479111959896,4.020036318880274
2021-07-08 18:00:00,2,-54.5,-49.16911744980923,3.6037479111959896,3.9634181467325496
2021-07-08 18:00:00,4,-57.5,-47.75422678649837,3.6037479111959896,4.246256856433238
2021-07-08 18:00:00,8,-59.0,-44.28837061463412,3.6037479111959896,4.192110127034386
2021-07-08 21:00:00,1,-54.5,-51.20214302409449,3.6037479111959896,3.774830205158849
2021-07-08 21:00:00,2,-54.4,-50.545317209972424,3.6037479111959896,3.6894070094615303
2021-07-08 21:00:00,4,-58.1,-47.993461214622116,3.6037479111959896,3.9222543431588823
2021-07-08 21:00:00,8,-59.2,-44.52799915679923,3.6037479111959896,4.346204163863369
2021-07-09 00:00:00,1,-54.4,-50.820365220541404,3.6037479111959896,3.863764100183927
2021-07-09 00:00:00,2,-57.5,-49.59561368766467,3.6037479111959896,3.647117510664152
2021-07-09 00:00:00,4,-59.3,-46.950613485867066,3.6037479111959896,3.7155496774283887
2021-07-09 00:00:00,8,-61.9,-44.25323898637565,3.6037479111959896,5.15151576689759
2021-07-09 03:00:00,1,-57.5,-50.010687643204925,3.6037479111959896,3.7439470616876656
2021-07-09 03:00:00,2,-58.1,-48.68925514464763,3.6037479111959896,3.538244728325068
2021-07-09 03:00:00,4,-59.8,-46.972300205406974,3.6037479111959896,3.6182429709556008
2021-07-09 03:00:00,8,-62.3,-44.826845675308974,3.6037479111959896,4.80311522796557
2021-07-09 06:00:00,1,-58.1,-51.8780534684321,3.6037479111959896,3.388582216661741
2021-07-09 06:00:00,2,-59.3,-50.58726621859557,3.6037479111959896,3.277948136128397
2021-07-09 06:00:00,4,-59.0,-48.65784886675648,3.6037479111959896,3.6708520935625835
2021-07-09 06:00:00,8,-62.7,-43.95029425823641,3.6037479111959896,4.988182252735799
2021-07-09 09:00:00,1,-59.3,-51.176945303231705,3.6037479111959896,3.464424452724795
2021-07-09 09:00:00,2,-59.8,-49.76117887096785,3.6037479111959896,3.3126810484915437
2021-07-09 09:00:00,4,-59.2,-48.0504474391511,3.6037479111959896,3.996338573547573
2021-07-09 09:00:00,8,-64.0,-42.74136925009974,3.6037479111959896,5.441880190659711
2021-07-09 12:00:00,1,-59.8,-52.24683811738717,3.6037479111959896,3.362837270435388
2021-07-09 12:00:00,2,-59.0,-51.26534104790629,3.6037479111959896,3.3582359272242788
2021-07-09 12:00:00,4,-61.9,-49.51132047562552,3.6037479111959896,4.176562074938727
2021-07-09 12:00:00,8,-65.8,-43.793475776823115,3.6037479111959896,4.629969098068182
2021-07-09 15:00:00,1,-59.0,-52.616532578966996,3.6037479111959896,3.4958199629460944
2021-07-09 15:00:00,2,-59.2,-51.58320969317072,3.6037479111959896,3.5555614367971056
2021-07-09 15:00:00,4,-62.3,-49.41598630641999,3.6037479111959896,4.431642202560305
2021-07-09 15:00:00,8,-61.5,-44.39198442096295,3.6037479111959896,4.467728060670251
2021-07-09 18:00:00,1,-59.2,-51.93434567038273,3.6037479111959896,3.7574003779667895
2021-07-09 18:00:00,2,-61.9,-50.7463802161621,3.6037479111959896,3.824928867989678
2021-07-09 18:00:00,4,-62.7,-48.19959330552493,3.6037479111959896,4.40507639246653
2021-07-09 18:00:00,8,-59.8,-45.08106580351779,3.6037479111959896,4.1799114874466765
2021-07-09 21:00:00,1,-61.9,-51.466061816125844,3.6037479111959896,3.8948511932681598
2021-07-09 21:00:00,2,-62.3,-50.21139147965122,3.6037479111959896,3.8977626872997764
2021-07-09 21:00:00,4,-64.0,-47.6578586983726,3.6037479111959896,4.033200693210873
2021-07-09 21:00:00,8,-58.1,-45.84893685130184,1.3000000000000003,4.160590340849527
2021-07-10 00:00:00,1,-62.3,-53.61993053690698,3.6037479111959896,3.587664992091707
2021-07-10 00:00:00,2,-62.7,-52.22465735932488,3.6037479111959896,3.575410186380168
2021-07-10 00:00:00,4,-65.8,-49.70359571136889,3.6037479111959896,3.6754892279312767
2021-07-10 00:00:00,8,-56.4,-47.376447943563456,0.5,4.268333642233522
