timestamp,horizon,y_true_temperature_c,y_pred_temperature_c,y_true_wind_speed_ms,y_pred_wind_speed_ms
2020-08-18 12:00:00,1,-47.6,-46.73778541901635,3.6037479111959896,3.841635700468498
2020-08-18 12:00:00,2,-46.2,-46.60097777184088,10.6,4.0539492738187235
2020-08-18 12:00:00,4,-47.7,-46.480355819148855,11.4,5.062523352996611
2020-08-18 12:00:00,8,-58.16,-46.161536292703246,3.6037479111959896,5.749724349283908
2020-08-18 15:00:00,1,-46.2,-46.66464556229798,10.6,4.251989946706249
2020-08-18 15:00:00,2,-46.1,-46.685607097591735,11.7,4.602265649034795
2020-08-18 15:00:00,4,-49.4,-46.823976430662405,10.0,5.270634177993857
2020-08-18 15:00:00,8,-61.08,-46.71618660059719,3.6037479111959896,5.483943825258168
2020-08-18 18:00:00,1,-46.1,-43.3005572732269,11.7,9.296747769629075
2020-08-18 18:00:00,2,-47.7,-43.27458969705661,11.4,8.619425612716435
2020-08-18 18:00:00,4,-52.32,-43.56919102373495,7.3,7.956438474253215
2020-08-18 18:00:00,8,-64.0,-43.70822105621319,3.6037479111959896,6.74801168986104
2020-08-18 21:00:00,1,-47.7,-42.31006871164489,11.4,9.685632173450944
2020-08-18 21:00:00,2,-49.4,-42.40520005982181,10.0,8.408987576003858
2020-08-18 21:00:00,4,-55.24,-42.58919872057109,3.6037479111959896,6.829159001940544
2020-08-18 21:00:00,8,-61.1,-42.63808615372518,3.6037479111959896,6.04127280052508
2020-08-19 00:00:00,1,-49.4,-45.0714816993526,10.0,9.00793592229382
2020-08-19 00:00:00,2,-52.32,-45.18103603634164,7.3,7.735708793485136
2020-08-19 00:00:00,4,-58.16,-45.45457063458172,3.6037479111959896,5.900701022942456
2020-08-19 00:00:00,8,-61.2,-45.64525770601852,3.6037479111959896,5.550712183076185
2020-08-19 03:00:00,1,-52.32,-50.241961255893315,7.3,7.791988862496561
2020-08-19 03:00:00,2,-55.24,-50.16035983555174,3.6037479111959896,6.697882634538855
2020-08-19 03:00:00,4,-61.08,-50.137746731864304,3.6037479111959896,5.6834183838957895
2020-08-19 03:00:00,8,-61.3,-50.034774171416316,3.6037479111959896,5.894798907761375
2020-08-19 06:00:00,1,-55.24,-53.54668098391292,3.6037479111959896,6.06877277982686
2020-08-19 06:00:00,2,-58.16,-53.15470385841207,3.6037479111959896,5.094755496522734
2020-08-19 06:00:00,4,-64.0,-52.62179646913523,3.6037479111959896,4.955432263813092
2020-08-19 06:00:00,8,-61.2,-51.991507517027955,3.6037479111959896,6.232039537147989
2020-08-19 09:00:00,1,-58.16,-57.6462492981492,3.6037479111959896,4.920324670683698
2020-08-19 09:00:00,2,-61.08,-57.342759150760756,3.6037479111959896,4.217458264627978
2020-08-19 09:00:00,4,-61.1,-56.90950929687823,3.6037479111959896,4.233042414472143
2020-08-19 09:00:00,8,-61.4,-55.89067802761332,3.6037479111959896,6.8491018082863295
2020-08-19 12:00:00,1,-61.08,-60.06066036319864,3.6037479111959896,4.322969850703691
2020-08-19 12:00:00,2,-64.0,-59.42497674999351,3.6037479111959896,3.401112934207639
2020-08-19 12:00:00,4,-61.2,-58.08288694768537,3.6037479111959896,2.9982009826405713
2020-08-19 12:00:00,8,-59.9,-56.31870388906993,3.6037479111959896,5.974684451568148
2020-08-19 15:00:00,1,-64.0,-60.16807913525416,3.6037479111959896,2.2593721546459395
2020-08-19 15:00:00,2,-61.1,-59.20110412347147,3.6037479111959896,1.7959286777480559
2020-08-19 15:00:00,4,-61.3,-57.247188657230595,3.6037479111959896,3.5401535967279076
2020-08-19 15:00:00,8,-60.5,-55.491697722555074,3.6037479111959896,4.97356943625135
2020-08-19 18:00:00,1,-61.1,-59.96966180869872,3.6037479111959896,1.704099418039844
2020-08-19 18:00:00,2,-61.2,-58.953854121837146,3.6037479111959896,1.884422121589188
2020-08-19 18:00:00,4,-61.2,-57.15393817688732,3.6037479111959896,4.69166745512636
2020-08-19 18:00:00,8,-58.7,-55.96028418722764,3.6037479111959896,4.490382570407107
2020-08-19 21:00:00,1,-61.2,-57.53986516551492,3.6037479111959896,2.534664995264612
2020-08-19 21:00:00,2,-61.3,-56.87302672926405,3.6037479111959896,2.7813456513583423
2020-08-19 21:00:00,4,-61.4,-56.0394420284626,3.6037479111959896,5.192773627233981
2020-08-19 21:00:00,8,-57.6,-55.74084048028937,3.6037479111959896,4.740407733554042
2020-08-20 00:00:00,1,-61.3,-57.238448980225364,3.6037479111959896,3.0267015680700586
2020-08-20 00:00:00,2,-61.2,-56.66942864034206,3.6037479111959896,2.9988320267374173
2020-08-20 00:00:00,4,-59.9,-56.06534584029531,3.6037479111959896,4.241394484377506
2020-08-20 00:00:00,8,-58.5,-55.931730012504275,3.6037479111959896,3.67365858020356
2020-08-20 03:00:00,1,-61.2,-57.28869095524012,3.6037479111959896,3.3221295941727873
2020-08-20 03:00:00,2,-61.4,-56.614003381207304,3.6037479111959896,3.1726284226494297
2020-08-20 03:00:00,4,-60.5,-55.72818668165751,3.6037479111959896,3.9156437630082372
2020-08-20 03:00:00,8,-60.5,-55.354642943540135,3.6037479111959896,3.7212226892108107
2020-08-20 06:00:00,1,-61.4,-57.26863869219538,3.6037479111959896,3.6588358889032517
2020-08-20 06:00:00,2,-59.9,-56.63568289573731,3.6037479111959896,3.277082163405382
2020-08-20 06:00:00,4,-58.7,-55.79664580369621,3.6037479111959896,3.517544582417806
2020-08-20 06:00:00,8,-60.0,-55.163635249162915,3.6037479111959896,4.282322612842761
2020-08-20 09:00:00,1,-59.9,-57.847271235782465,3.6037479111959896,3.9271144224477226
2020-08-20 09:00:00,2,-60.5,-57.41106264458567,3.6037479111959896,3.6656625689984685
2020-08-20 09:00:00,4,-57.6,-56.918167197021134,3.6037479111959896,3.8592795547838983
2020-08-20 09:00:00,8,-58.0,-56.27460850799842,3.6037479111959896,4.755397843492591
2020-08-20 12:00:00,1,-60.5,-58.356418303671,3.6037479111959896,3.6655733710353493
2020-08-20 12:00:00,2,-58.7,-58.046742655285854,3.6037479111959896,3.4953890094156974
2020-08-20 12:00:00,4,-58.5,-57.74535853229034,3.6037479111959896,3.7407023433144144
2020-08-20 12:00:00,8,-59.6,-57.082929562096524,3.6037479111959896,4.680857005911391
2020-08-20 15:00:00,1,-58.7,-60.2546703852,3.6037479111959896,3.656423791492764
2020-08-20 15:00:00,2,-57.6,-60.019832454115495,3.6037479111959896,3.4688204733287282
2020-08-20 15:00:00,4,-60.5,-59.7802507445147,3.6037479111959896,3.6236952306094676
2020-08-20 15:00:00,8,-57.3,-59.37771188506825,3.6037479111959896,3.891687734819167
2020-08-20 18:00:00,1,-57.6,-59.69965838580922,3.6037479111959896,3.5155038465935884
2020-08-20 18:00:00,2,-58.5,-59.47226395044945,3.6037479111959896,3.388106014310331
2020-08-20 18:00:00,4,-60.0,-59.403230589121954,3.6037479111959896,3.5417216559963136
2020-08-20 18:00:00,8,-56.4,-59.33384634381247,3.6037479111959896,3.7840603781236894
2020-08-20 21:00:00,1,-58.5,-59.0736266038623,3.6037479111959896,3.653753751141929
2020-08-20 21:00:00,2,-60.5,-59.04636572841547,3.6037479111959896,3.58560688056026
2020-08-20 21:00:00,4,-58.0,-59.41233051662205,3.6037479111959896,3.613502902017498
2020-08-20 21:00:00,8,-56.2,-59.81932711569186,3.6037479111959896,3.2869264513161816
2020-08-21 00:00:00,1,-60.5,-59.64653296583363,3.6037479111959896,3.7552226759808676
2020-08-21 00:00:00,2,-60.0,-59.56425391431122,3.6037479111959896,3.5844057373097615
2020-08-21 00:00:00,4,-59.6,-59.806217600184006,3.6037479111959896,3.4757880319524097
2020-08-21 00:00:00,8,-55.2,-60.193629541351406,3.6037479111959896,3.277738054696916
2020-08-21 03:00:00,1,-60.0,-61.203603331699256,3.6037479111959896,3.8608722812914515
2020-08-21 03:00:00,2,-58.0,-61.12383450562502,3.6037479111959896,3.6128084802451457
2020-08-21 03:00:00,4,-57.3,-61.29320843728508,3.6037479111959896,3.3875369015796437
2020-08-21 03:00:00,8,-55.9,-61.425086056438424,3.6037479111959896,3.461018187595953
2020-08-21 06:00:00,1,-58.0,-60.742203143898095,3.6037479111959896,3.9171304357170045
2020-08-21 06:00:00,2,-59.6,-60.75577233903739,3.6037479111959896,3.654155012008073
2020-08-21 06:00:00,4,-56.4,-61.24028475758661,3.6037479111959896,3.4961330056070645
2020-08-21 06:00:00,8,-54.2,-61.52194948899462,3.6037479111959896,3.36967272836199
2020-08-21 09:00:00,1,-59.6,-59.689681608604644,3.6037479111959896,3.630597518691953
2020-08-21 09:00:00,2,-57.3,-59.71689997449309,3.6037479111959896,3.427017334373292
2020-08-21 09:00:00,4,-56.2,-60.09998242521329,3.6037479111959896,3.381002915839233
2020-08-21 09:00:00,8,-56.8,-60.177250392352235,3.6037479111959896,3.4577806541142992
2020-08-21 12:00:00,1,-57.3,-61.339615185531585,3.6037479111959896,3.4100876902747257
2020-08-21 12:00:00,2,-56.4,-61.30574083150017,3.6037479111959896,3.212126957637491
2020-08-21 12:00:00,4,-55.2,-61.29840901342884,3.6037479111959896,3.2713202002655826
2020-08-21 12:00:00,8,-59.1,-60.88783224494114,3.6037479111959896,3.344267511536825
2020-08-21 15:00:00,1,-56.4,-60.18224850771788,3.6037479111959896,3.3200100644817243
2020-08-21 15:00:00,2,-56.2,-60.09165631577615,3.6037479111959896,3.3092892997763363
2020-08-21 15:00:00,4,-55.9,-60.00325660834613,3.6037479111959896,3.538613857129627
2020-08-21 15:00:00,8,-61.4,-59.73623894155801,3.6037479111959896,3.6360777447698833
2020-08-21 18:00:00,1,-56.2,-59.66948236335801,3.6037479111959896,3.6157778066556
2020-08-21 18:00:00,2,-55.2,-59.71727391450675,3.6037479111959896,3.6045211410143554
2020-08-21 18:00:00,4,-54.2,-59.960565483703576,3.6037479111959896,3.8617397736390338
2020-08-21 18:00:00,8,-63.7,-60.13253538042957,3.6037479111959896,3.6894521583072426
2020-08-21 21:00:00,1,-55.2,-59.74289709120396,3.6037479111959896,3.6464463098215996
2020-08-21 21:00:00,2,-55.9,-59.76330384073563,3.6037479111959896,3.6085975739076446
2020-08-21 21:00:00,4,-56.8,-59.95222712574961,3.6037479111959896,3.8791063364609277
2020-08-21 21:00:00,8,-64.8,-60.22536544844535,3.6037479111959896,3.675989810925972
2020-08-22 00:00:00,1,-55.9,-59.57401237971592,3.6037479111959896,3.533790008889693
2020-08-22 00:00:00,2,-54.2,-59.5182405596051,3.6037479111959896,3.550250522223106
2020-08-22 00:00:00,4,-59.1,-59.61940682407187,3.6037479111959896,3.785156187397566
2020-08-22 00:00:00,8,-68.6,-59.85616200829001,3.6037479111959896,3.6024180339326572
2020-08-22 03:00:00,1,-54.2,-59.267723085982425,3.6037479111959896,3.525990682425813
2020-08-22 03:00:00,2,-56.8,-59.26112041491268,3.6037479111959896,3.510656344197553
2020-08-22 03:00:00,4,-61.4,-59.460846171265445,3.6037479111959896,3.715360630800136
2020-08-22 03:00:00,8,-69.5,-59.67606702190301,3.6037479111959896,3.658511082481921
2020-08-22 06:00:00,1,-56.8,-58.80329103001655,3.6037479111959896,3.52301769691936
2020-08-22 06:00:00,2,-59.1,-58.857579338589545,3.6037479111959896,3.486961064922264
2020-08-22 06:00:00,4,-63.7,-59.19228735286033,3.6037479111959896,3.740976728859186
2020-08-22 06:00:00,8,-68.1,-59.41099903079305,3.6037479111959896,3.813989970508608
2020-08-22 09:00:00,1,-59.1,-59.0415585458121,3.6037479111959896,3.5894963396465274
2020-08-22 09:00:00,2,-61.4,-59.06384003891901,3.6037479111959896,3.5541469995754698
2020-08-22 09:00:00,4,-64.8,-59.25651497258643,3.6037479111959896,3.690294583514476
2020-08-22 09:00:00,8,-70.0,-59.19474065873031,3.6037479111959896,3.9786227370158023
2020-08-22 12:00:00,1,-61.4,-61.877211234998995,3.6037479111959896,3.5773387299221486
2020-08-22 12:00:00,2,-63.7,-61.79014805690488,3.6037479111959896,3.5331182481854575
2020-08-22 12:00:00,4,-68.6,-61.65570833623212,3.6037479111959896,3.692986251855322
2020-08-22 12:00:00,8,-69.0,-61.24826718805165,3.6037479111959896,3.8971890156953855
2020-08-22 15:00:00,1,-63.7,-62.28126674902879,3.6037479111959896,3.586136776313066
2020-08-22 15:00:00,2,-64.8,-62.00720906707018,3.6037479111959896,3.552763661337314
2020-08-22 15:00:00,4,-69.5,-61.402700090688,3.6037479111959896,3.759059048182562
2020-08-22 15:00:00,8,-68.5,-60.73507306610389,3.6037479111959896,3.6267143247245177
2020-08-22 18:00:00,1,-64.8,-62.20769423146609,3.6037479111959896,3.562064370209177
2020-08-22 18:00:00,2,-68.6,-61.868684105785725,3.6037479111959896,3.5185868515857477
2020-08-22 18:00:00,4,-68.1,-61.17243662038719,3.6037479111959896,3.740788562013578
2020-08-22 18:00:00,8,-66.4,-60.54880050423107,3.6037479111959896,3.41522456784559
2020-08-22 21:00:00,1,-68.6,-62.789498780660395,3.6037479111959896,3.5020551558383683
2020-08-22 21:00:00,2,-69.5,-62.41878805243457,3.6037479111959896,3.5259378354819613
2020-08-22 21:00:00,4,-70.0,-61.772826492611166,3.6037479111959896,3.7019886277654304
2020-08-22 21:00:00,8,-67.2,-61.303853839408106,3.6037479111959896,3.135911867023679
2020-08-23 00:00:00,1,-69.5,-64.49399301553444,3.6037479111959896,3.5197407998293837
2020-08-23 00:00:00,2,-68.1,-64.0471548732364,3.6037479111959896,3.6125698725279185
2020-08-23 00:00:00,4,-69.0,-63.263122988253045,3.6037479111959896,3.580131706567516
2020-08-23 00:00:00,8,-67.5,-62.75550482346468,3.6037479111959896,2.8852278266562346
2020-08-23 03:00:00,1,-68.1,-64.88492532453758,3.6037479111959896,3.324419535096087
2020-08-23 03:00:00,2,-70.0,-64.34454886175087,3.6037479111959896,3.5453411484460924
2020-08-23 03:00:00,4,-68.5,-63.601812490993,3.6037479111959896,3.518485843207128
2020-08-23 03:00:00,8,-67.0,-63.243597411431786,3.6037479111959896,2.472125565998268
2020-08-23 06:00:00,1,-70.0,-63.88745078535929,3.6037479111959896,3.3938914249906116
2020-08-23 06:00:00,2,-69.0,-63.54954230569219,3.6037479111959896,3.4439296627498095
2020-08-23 06:00:00,4,-66.4,-63.07229541912325,3.6037479111959896,3.482673237588547
2020-08-23 06:00:00,8,-64.5,-62.708251486555255,3.6037479111959896,3.161780702642429
2020-08-23 09:00:00,1,-69.0,-65.86986746950078,3.6037479111959896,3.4161631492968576
2020-08-23 09:00:00,2,-68.5,-65.50454608867801,3.6037479111959896,3.4578235101931196
2020-08-23 09:00:00,4,-67.2,-64.88619052427552,3.6037479111959896,3.4748506635347876
2020-08-23 09:00:00,8,-63.9,-64.26333399019028,3.6037479111959896,3.3469723099671387
2020-08-23 12:00:00,1,-68.5,-65.98457410906725,3.6037479111959896,3.3771102108882087
2020-08-23 12:00:00,2,-66.4,-65.76754335994353,3.6037479111959896,3.2141096944573704
2020-08-23 12:00:00,4,-67.5,-65.49393166809755,3.6037479111959896,3.468547927329486
2020-08-23 12:00:00,8,-63.4,-64.98700446375832,3.6037479111959896,3.664998466402252
2020-08-23 15:00:00,1,-66.4,-65.53238912892454,3.6037479111959896,3.345493422001771
2020-08-23 15:00:00,2,-67.2,-65.34726792763328,3.6037479111959896,3.2254706743271715
2020-08-23 15:00:00,4,-67.0,-65.03968461412228,3.6037479111959896,3.5637724415534433
2020-08-23 15:00:00,8,-61.233333333333334,-64.48304067998978,5.6,3.5654706420030386
2020-08-23 18:00:00,1,-67.2,-62.97461205644076,3.6037479111959896,3.283180870017394
2020-08-23 18:00:00,2,-67.5,-62.80014202128045,3.6037479111959896,3.135641987032451
2020-08-23 18:00:00,4,-64.5,-62.54361628990455,3.6037479111959896,3.6538785003219107
2020-08-23 18:00:00,8,-59.06666666666666,-62.23001823413141,5.1,3.0183419800220967
2020-08-23 21:00:00,1,-67.5,-63.29586327372665,3.6037479111959896,3.523924739495826
2020-08-23 21:00:00,2,-67.0,-62.945625581123565,3.6037479111959896,3.5501743810342345
2020-08-23 21:00:00,4,-63.9,-62.343919353591374,3.6037479111959896,4.1166863075990445
2020-08-23 21:00:00,8,-56.9,-61.90874540181582,6.0,2.794700858542562
2020-08-24 00:00:00,1,-67.0,-63.86651086509522,3.6037479111959896,3.6303844380014567
2020-08-24 00:00:00,2,-64.5,-63.470934206712386,3.6037479111959896,3.776557858331976
2020-08-24 00:00:00,4,-63.4,-62.88298954808374,3.6037479111959896,4.228285243092632
2020-08-24 00:00:00,8,-55.8,-62.58358896431291,5.6,2.8372293382982896
2020-08-24 03:00:00,1,-64.5,-63.80770285381375,3.6037479111959896,3.4719293719237205
2020-08-24 03:00:00,2,-63.9,-63.42095809656283,3.6037479111959896,3.5943715418658257
2020-08-24 03:00:00,4,-61.233333333333334,-62.97792852249641,5.6,4.194897971614327
2020-08-24 03:00:00,8,-53.6,-62.71876359599519,6.9,3.1386714519186745
2020-08-24 06:00:00,1,-63.9,-61.654873996086025,3.6037479111959896,3.274301090485796
2020-08-24 06:00:00,2,-63.4,-61.40483997862745,3.6037479111959896,3.1847188223117833
2020-08-24 06:00:00,4,-59.06666666666666,-61.383294117031035,5.1,3.929285592714011
2020-08-24 06:00:00,8,-51.2,-61.29000076687887,8.1,3.3485066775592713
2020-08-24 09:00:00,1,-63.4,-62.32403712878021,3.6037479111959896,3.2849327572033657
2020-08-24 09:00:00,2,-61.233333333333334,-62.07506296827751,5.6,3.086818769095463
2020-08-24 09:00:00,4,-56.9,-61.94361909071997,6.0,3.595359737726229
2020-08-24 09:00:00,8,-52.9,-61.51595924376614,7.3,3.4872465410603724
2020-08-24 12:00:00,1,-61.233333333333334,-61.54052472501045,5.6,3.2204244276987337
2020-08-24 12:00:00,2,-59.06666666666666,-61.32868734702059,5.1,2.866993344925476
2020-08-24 12:00:00,4,-55.8,-61.231336135294356,5.6,3.18902807768491
2020-08-24 12:00:00,8,-53.2,-60.80011773395233,8.3,3.6814970903202213
2020-08-24 15:00:00,1,-59.06666666666666,-57.375475659701706,5.1,3.5997822917749187
2020-08-24 15:00:00,2,-56.9,-57.23965762063561,6.0,2.8914511424828078
2020-08-24 15:00:00,4,-53.6,-57.349606792167,6.9,2.504698212067902
2020-08-24 15:00:00,8,-52.4,-57.41220535915536,7.5,2.7816928189218886
2020-08-24 18:00:00,1,-56.9,-55.20503793791061,6.0,3.8062422046397133
2020-08-24 18:00:00,2,-55.8,-54.96633956252321,5.6,2.9766609175736085
2020-08-24 18:00:00,4,-51.2,-54.9059967040084,8.1,2.3173351145559424
2020-08-24 18:00:00,8,-53.3,-54.9755762050861,5.9,2.602138672162738
2020-08-24 21:00:00,1,-55.8,-55.70763583192789,5.6,4.874350002329123
2020-08-24 21:00:00,2,-53.6,-55.65291558301156,6.9,3.906672166160647
2020-08-24 21:00:00,4,-52.9,-55.60364988683787,7.3,3.0818799892500577
2020-08-24 21:00:00,8,-53.2,-55.512391231480656,7.699999999999999,3.151372500716569
2020-08-25 00:00:00,1,-53.6,-55.45846767653371,6.9,4.822931665531506
2020-08-25 00:00:00,2,-51.2,-55.54234840175624,8.1,3.779293262534287
2020-08-25 00:00:00,4,-53.2,-55.73398635437422,8.3,3.116369601721873
2020-08-25 00:00:00,8,-52.4,-55.84513732155645,9.1,3.4534329415755742
2020-08-25 03:00:00,1,-51.2,-53.608768175323824,8.1,5.069163525836208
2020-08-25 03:00:00,2,-52.9,-53.81261510727513,7.3,3.8990293876873325
2020-08-25 03:00:00,4,-52.4,-54.32226517491711,7.5,3.2543463404241084
2020-08-25 03:00:00,8,-53.2,-54.79084011157385,9.7,4.043121762152467
2020-08-25 06:00:00,1,-52.9,-51.84487885595563,7.3,5.977130780521533
2020-08-25 06:00:00,2,-53.2,-52.21690573684876,8.3,4.450079940742029
2020-08-25 06:00:00,4,-53.3,-53.129255763455355,5.9,3.4247633712281376
2020-08-25 06:00:00,8,-53.5,-53.81380654572425,7.9,3.6994146770084297
2020-08-25 09:00:00,1,-53.2,-55.00291435426408,8.3,5.703744242272986
2020-08-25 09:00:00,2,-52.4,-55.25749653422022,7.5,4.627866897429209
2020-08-25 09:00:00,4,-53.2,-55.97168899739383,7.699999999999999,4.155014971610608
2020-08-25 09:00:00,8,-56.225,-56.25754704456199,5.0,4.219554653369482
2020-08-25 12:00:00,1,-52.4,-55.47447252526872,7.5,6.409618918451221
2020-08-25 12:00:00,2,-53.3,-55.84408070685504,5.9,5.250708647380001
2020-08-25 12:00:00,4,-52.4,-56.62982125993549,9.1,4.540163018521418
2020-08-25 12:00:00,8,-58.95,-56.85235951862459,3.6037479111959896,4.485934176075744
2020-08-25 15:00:00,1,-53.3,-55.129042375519504,5.9,6.62348245554046
2020-08-25 15:00:00,2,-53.2,-55.357740557420165,7.699999999999999,5.795119000935019
2020-08-25 15:00:00,4,-53.2,-55.99024333888095,9.7,5.319340224878642
2020-08-25 15:00:00,8,-61.675000000000004,-56.21161438596671,3.6037479111959896,4.716390947042338
2020-08-25 18:00:00,1,-53.2,-54.472135865286596,7.699999999999999,6.605960597751766
2020-08-25 18:00:00,2,-52.4,-54.51261289038776,9.1,6.300925985012741
2020-08-25 18:00:00,4,-53.5,-54.70861797962963,7.9,6.644409338764268
2020-08-25 18:00:00,8,-64.4,-54.690190806567195,3.6037479111959896,5.1546628293972985
2020-08-25 21:00:00,1,-52.4,-55.44385663696329,9.1,7.60529791892502
2020-08-25 21:00:00,2,-53.2,-55.561280285761974,9.7,7.219747091523498
2020-08-25 21:00:00,4,-56.225,-56.02420235177866,5.0,6.7629298175832195
2020-08-25 21:00:00,8,-66.0,-56.46865383454828,3.6037479111959896,5.431341354341179
2020-08-26 00:00:00,1,-53.2,-53.6426138894409,9.7,9.036127357434038
2020-08-26 00:00:00,2,-53.5,-53.84607436267385,7.9,8.643206404198764
2020-08-26 00:00:00,4,-58.95,-54.55759881068255,3.6037479111959896,7.644684881477707
2020-08-26 00:00:00,8,-64.2,-55.09416058097922,3.6037479111959896,6.152036688988612
2020-08-26 03:00:00,1,-53.5,-53.76737782219755,7.9,9.558148788970527
2020-08-26 03:00:00,2,-56.225,-54.0180740701283,5.0,8.78340131488857
2020-08-26 03:00:00,4,-61.675000000000004,-54.74366747077527,3.6037479111959896,7.562239969977769
2020-08-26 03:00:00,8,-66.4,-55.19123728182837,3.6037479111959896,6.252744395224415
2020-08-26 06:00:00,1,-56.225,-54.26378481146072,5.0,8.833712938439534
2020-08-26 06:00:00,2,-58.95,-54.35906746484548,3.6037479111959896,8.742877993080116
2020-08-26 06:00:00,4,-64.4,-54.86424006914951,3.6037479111959896,8.486689552607078
2020-08-26 06:00:00,8,-66.4,-55.21003371164804,3.6037479111959896,6.067470061671039
2020-08-26 09:00:00,1,-58.95,-56.71586637013113,3.6037479111959896,5.49930408374934
2020-08-26 09:00:00,2,-61.675000000000004,-56.362922836061166,3.6037479111959896,5.567849282588339
2020-08-26 09:00:00,4,-66.0,-56.02594848592723,3.6037479111959896,6.669261652187469
2020-08-26 09:00:00,8,-69.3,-55.781005168211486,3.6037479111959896,5.160048805426924
2020-08-26 12:00:00,1,-61.675000000000004,-58.46922426162661,3.6037479111959896,4.005697461379316
2020-08-26 12:00:00,2,-64.4,-58.23650316244988,3.6037479111959896,4.082879033218259
2020-08-26 12:00:00,4,-64.2,-57.83436346055173,3.6037479111959896,5.294488657937686
2020-08-26 12:00:00,8,-67.3,-57.301679786832196,3.6037479111959896,5.37398549777606
2020-08-26 15:00:00,1,-64.4,-61.44875379344955,3.6037479111959896,4.0237760882815925
2020-08-26 15:00:00,2,-66.0,-61.09416211336561,3.6037479111959896,4.183062122397123
2020-08-26 15:00:00,4,-66.4,-60.478932802757484,3.6037479111959896,4.9144307668073
2020-08-26 15:00:00,8,-67.0,-60.061866481855425,3.6037479111959896,3.984836081972404
2020-08-26 18:00:00,1,-66.0,-60.734546379880406,3.6037479111959896,3.7573904204268587
2020-08-26 18:00:00,2,-64.2,-60.1340606810248,3.6037479111959896,3.821250470092836
2020-08-26 18:00:00,4,-66.4,-59.107692611156985,3.6037479111959896,4.904142108680775
2020-08-26 18:00:00,8,-64.2,-58.51360496109004,3.6037479111959896,4.956525113818074
2020-08-26 21:00:00,1,-64.2,-62.1709393144778,3.6037479111959896,3.6053887100096684
2020-08-26 21:00:00,2,-66.4,-61.4568760011066,3.6037479111959896,3.5887500240281884
2020-08-26 21:00:00,4,-69.3,-60.36666866154614,3.6037479111959896,4.578707522541771
2020-08-26 21:00:00,8,-63.3,-59.91259596881037,3.6037479111959896,4.896673873752118
2020-08-27 00:00:00,1,-66.4,-61.24277480900706,3.6037479111959896,3.472351520962652
2020-08-27 00:00:00,2,-66.4,-60.66598206469722,3.6037479111959896,3.4824328503109707
2020-08-27 00:00:00,4,-67.3,-59.89862833662377,3.6037479111959896,4.565140421040622
2020-08-27 00:00:00,8,-62.4,-59.60110970143808,3.6037479111959896,4.180847096299009
2020-08-27 03:00:00,1,-66.4,-61.53405678762579,3.6037479111959896,3.722542296527399
2020-08-27 03:00:00,2,-69.3,-60.907227411083255,3.6037479111959896,3.765905690012781
2020-08-27 03:00:00,4,-67.0,-60.12320849511772,3.6037479111959896,4.316092723071836
2020-08-27 03:00:00,8,-63.4,-59.72657414128198,3.6037479111959896,4.018448951048829
2020-08-27 06:00:00,1,-69.3,-62.67363141399949,3.6037479111959896,3.728889341785888
2020-08-27 06:00:00,2,-67.3,-62.186414955235875,3.6037479111959896,3.591956818437444
2020-08-27 06:00:00,4,-64.2,-61.64160524985945,3.6037479111959896,3.8544401103970842
2020-08-27 06:00:00,8,-65.0,-61.228455572337474,3.6037479111959896,3.9917016391294804
2020-08-27 09:00:00,1,-67.3,-65.5460512686915,3.6037479111959896,3.7911946555585083
2020-08-27 09:00:00,2,-67.0,-65.23324720500902,3.6037479111959896,3.613087904545063
2020-08-27 09:00:00,4,-63.3,-64.80004742594528,3.6037479111959896,3.316221773734557
2020-08-27 09:00:00,8,-63.8,-64.2895227601644,3.6037479111959896,3.985886569110048
2020-08-27 12:00:00,1,-67.0,-63.65115600127358,3.6037479111959896,3.6768938142533023
2020-08-27 12:00:00,2,-64.2,-63.43798137344681,3.6037479111959896,3.4781771283787593
2020-08-27 12:00:00,4,-62.4,-63.189096555066826,3.6037479111959896,3.2882797169839426
2020-08-27 12:00:00,8,-62.3,-62.79858862114663,3.6037479111959896,3.4941516351162925
2020-08-27 15:00:00,1,-64.2,-62.84743066273837,3.6037479111959896,3.6585491464113367
2020-08-27 15:00:00,2,-63.3,-62.65512822808263,3.6037479111959896,3.53082481479166
2020-08-27 15:00:00,4,-63.4,-62.31728387300362,3.6037479111959896,3.2522254510689588
2020-08-27 15:00:00,8,-61.4,-61.87005305766618,3.6037479111959896,3.3275286869618403
2020-08-27 18:00:00,1,-63.3,-60.77025224742768,3.6037479111959896,3.4972901330652566
2020-08-27 18:00:00,2,-62.4,-60.56361472508058,3.6037479111959896,3.309026191445463
2020-08-27 18:00:00,4,-65.0,-60.228790710150456,3.6037479111959896,2.9854164611317673
2020-08-27 18:00:00,8,-60.5,-59.922735579238626,3.6037479111959896,3.207308867974867
2020-08-27 21:00:00,1,-62.4,-60.06500210216266,3.6037479111959896,3.7315293162313483
2020-08-27 21:00:00,2,-63.4,-59.80850951383229,3.6037479111959896,3.5137299448464434
2020-08-27 21:00:00,4,-63.8,-59.4017982331544,3.6037479111959896,3.3161174528409805
2020-08-27 21:00:00,8,-59.9,-59.2585626363992,3.6037479111959896,3.081386457846559
2020-08-28 00:00:00,1,-63.4,-60.35277668196346,3.6037479111959896,3.625741598375614
2020-08-28 00:00:00,2,-65.0,-60.01761907507509,3.6037479111959896,3.4503326675165065
2020-08-28 00:00:00,4,-62.3,-59.681688370624755,3.6037479111959896,3.376185705959253
2020-08-28 00:00:00,8,-57.4,-59.59176840610643,3.6037479111959896,3.352115066085673
2020-08-28 03:00:00,1,-65.0,-61.53409281267527,3.6037479111959896,3.5902949356820155
2020-08-28 03:00:00,2,-63.8,-61.285202230287375,3.6037479111959896,3.470375562468148
2020-08-28 03:00:00,4,-61.4,-61.03658615877656,3.6037479111959896,3.390901803594153
2020-08-28 03:00:00,8,-57.099999999999994,-60.89503509333531,3.6037479111959896,3.552722858084664
2020-08-28 06:00:00,1,-63.8,-62.968118181020465,3.6037479111959896,3.540115606113712
2020-08-28 06:00:00,2,-62.3,-62.8079839540525,3.6037479111959896,3.426950444232228
2020-08-28 06:00:00,4,-60.5,-62.76189134423751,3.6037479111959896,3.3778841130244697
2020-08-28 06:00:00,8,-56.8,-62.64580998878266,3.6037479111959896,3.577656391858566
2020-08-28 09:00:00,1,-62.3,-62.03126011060783,3.6037479111959896,3.495987054998354
2020-08-28 09:00:00,2,-61.4,-61.85777139779551,3.6037479111959896,3.3602861940271453
2020-08-28 09:00:00,4,-59.9,-62.02778369333245,3.6037479111959896,3.5036953506186053
2020-08-28 09:00:00,8,-57.8,-62.04714355492608,3.6037479111959896,3.6384817175209494
2020-08-28 12:00:00,1,-61.4,-59.36381990548557,3.6037479111959896,3.4975404845477844
2020-08-28 12:00:00,2,-60.5,-59.25573899302051,3.6037479111959896,3.325677784238239
2020-08-28 12:00:00,4,-57.4,-59.500352681533464,3.6037479111959896,3.3771671968095016
2020-08-28 12:00:00,8,-58.8,-59.589619872155104,3.6037479111959896,3.314938704057797
2020-08-28 15:00:00,1,-60.5,-58.31113697797042,3.6037479111959896,3.4513744634680257
2020-08-28 15:00:00,2,-59.9,-58.14944034460627,3.6037479111959896,3.3205472917565677
2020-08-28 15:00:00,4,-57.099999999999994,-58.27726694694495,3.6037479111959896,3.454257484534056
2020-08-28 15:00:00,8,-56.3,-58.413319869333684,3.6037479111959896,3.34498584073604
2020-08-28 18:00:00,1,-59.9,-58.179702466925754,3.6037479111959896,3.5809834961278972
2020-08-28 18:00:00,2,-57.4,-58.019616873774595,3.6037479111959896,3.437014357883197
2020-08-28 18:00:00,4,-56.8,-58.116273882797245,3.6037479111959896,3.4766701606839874
2020-08-28 18:00:00,8,-54.0,-58.354844729509466,3.6037479111959896,3.341210773388621
2020-08-28 21:00:00,1,-57.4,-57.69770099432569,3.6037479111959896,3.477838525365957
2020-08-28 21:00:00,2,-57.099999999999994,-57.59143826610817,3.6037479111959896,3.3761384109770898
2020-08-28 21:00:00,4,-57.8,-57.806565811867564,3.6037479111959896,3.60588287792258
2020-08-28 21:00:00,8,-51.7,-58.27199648220518,5.3,3.4091499619460217
2020-08-29 00:00:00,1,-57.099999999999994,-56.28143885738091,3.6037479111959896,3.305109052530993
2020-08-29 00:00:00,2,-56.8,-56.22103997991415,3.6037479111959896,3.113159994674163
2020-08-29 00:00:00,4,-58.8,-56.560801227876304,3.6037479111959896,3.6227006696549315
2020-08-29 00:00:00,8,-52.0,-57.04319177101081,5.3,3.7995114941679704
2020-08-29 03:00:00,1,-56.8,-55.243099123193254,3.6037479111959896,3.630014885968126
2020-08-29 03:00:00,2,-57.8,-55.330815795685034,3.6037479111959896,3.430797653756498
2020-08-29 03:00:00,4,-56.3,-55.94449873104399,3.6037479111959896,3.7600811823249796
2020-08-29 03:00:00,8,-54.0,-56.602781218042004,4.8,3.892411342714249
2020-08-29 06:00:00,1,-57.8,-56.32002384688308,3.6037479111959896,3.4914082662150405
2020-08-29 06:00:00,2,-58.8,-56.1982707076372,3.6037479111959896,3.3616661997552844
2020-08-29 06:00:00,4,-54.0,-56.4440159429545,3.6037479111959896,3.9874284281846992
2020-08-29 06:00:00,8,-56.35,-56.7212132079758,3.3,3.722170655010287
2020-08-29 09:00:00,1,-58.8,-58.285862523752236,3.6037479111959896,3.6754494977468526
2020-08-29 09:00:00,2,-56.3,-58.20333850189333,3.6037479111959896,3.625793765487422
2020-08-29 09:00:00,4,-51.7,-58.25089805172338,5.3,3.9670322938362608
2020-08-29 09:00:00,8,-58.7,-58.15084424078473,0.0,4.086920648046889
2020-08-29 12:00:00,1,-56.3,-58.54043569744601,3.6037479111959896,3.7896772437773425
2020-08-29 12:00:00,2,-54.0,-58.31588039623621,3.6037479111959896,3.6655918931260247
2020-08-29 12:00:00,4,-52.0,-58.193582918492595,5.3,3.9542428135525514
2020-08-29 12:00:00,8,-61.05,-57.931973332133275,0.8249999999999997,4.165844989324397
2020-08-29 15:00:00,1,-54.0,-56.467595418594385,3.6037479111959896,3.659445591605948
2020-08-29 15:00:00,2,-51.7,-56.22893450925845,5.3,3.5126546638342724
2020-08-29 15:00:00,4,-54.0,-56.09732923947922,4.8,3.6832987118856892
2020-08-29 15:00:00,8,-63.4,-55.947712885959106,1.6500000000000001,3.820045061229515
2020-08-29 18:00:00,1,-51.7,-52.15375542371187,5.3,3.945149220178254
2020-08-29 18:00:00,2,-52.0,-52.133203763418635,5.3,3.8907561782990148
2020-08-29 18:00:00,4,-56.35,-52.37701699784767,3.3,3.7094411599068864
2020-08-29 18:00:00,8,-62.1,-52.59072315276395,2.4749999999999996,4.089412832338109
2020-08-29 21:00:00,1,-52.0,-52.75116516874845,5.3,4.771211749907378
2020-08-29 21:00:00,2,-54.0,-52.776228403598374,4.8,4.54521979588151
2020-08-29 21:00:00,4,-58.7,-52.919847419458385,0.0,4.426608139588489
2020-08-29 21:00:00,8,-59.75,-52.9672875912807,3.3,4.041020254675576
2020-08-30 00:00:00,1,-54.0,-51.32792340362238,4.8,5.580079434390771
2020-08-30 00:00:00,2,-56.35,-51.260784959897826,3.3,5.130934185031718
2020-08-30 00:00:00,4,-61.05,-51.46029879889699,0.8249999999999997,5.109261032844711
2020-08-30 00:00:00,8,-57.4,-51.69553723846916,3.2,4.741195272321292
2020-08-30 03:00:00,1,-56.35,-51.942113886897275,3.3,5.49779149744268
2020-08-30 03:00:00,2,-58.7,-51.70691881247843,0.0,5.45793553076022
2020-08-30 03:00:00,4,-63.4,-51.569297269372456,1.6500000000000001,5.432068001485397
2020-08-30 03:00:00,8,-56.6,-51.72450687207572,3.3,4.803043885591123
2020-08-30 06:00:00,1,-58.7,-57.01174478481374,0.0,4.274836409020092
2020-08-30 06:00:00,2,-61.05,-56.798499547889975,0.8249999999999997,4.114730470800024
2020-08-30 06:00:00,4,-62.1,-56.59837643524139,2.4749999999999996,3.7441320693137774
2020-08-30 06:00:00,8,-55.9,-56.51112808839292,2.6,3.6245398352782523
2020-08-30 09:00:00,1,-61.05,-60.16341461184675,0.8249999999999997,2.859121529703703
2020-08-30 09:00:00,2,-63.4,-60.006861274797664,1.6500000000000001,3.4833459313955877
2020-08-30 09:00:00,4,-59.75,-59.77829530482862,3.3,3.510230442752342
2020-08-30 09:00:00,8,-53.6,-59.61363056763734,1.3000000000000003,3.476182234562337
2020-08-30 12:00:00,1,-63.4,-59.099076139820994,1.6500000000000001,1.6799464518388008
2020-08-30 12:00:00,2,-62.1,-58.81855844598859,2.4749999999999996,2.1660632604901164
2020-08-30 12:00:00,4,-57.4,-58.29980277690123,3.2,3.103853867141012
2020-08-30 12:00:00,8,-51.9,-57.912266189062606,2.0,3.1405568261258927
2020-08-30 15:00:00,1,-62.1,-58.405454880529966,2.4749999999999996,1.8967922921325004
2020-08-30 15:00:00,2,-59.75,-57.94416132687528,3.3,1.9775866247509883
2020-08-30 15:00:00,4,-56.6,-57.222335335840896,3.3,2.882256880645912
2020-08-30 15:00:00,8,-54.0,-56.76945038898668,2.3,2.747509957332131
2020-08-30 18:00:00,1,-59.75,-58.752817774184095,3.3,3.054252628085382
2020-08-30 18:00:00,2,-57.4,-58.4249818983532,3.2,3.0061042034367453
2020-08-30 18:00:00,4,-55.9,-57.93684896233067,2.6,3.2324647863906693
2020-08-30 18:00:00,8,-52.8,-57.71220900225458,3.2,3.3006392501552804
2020-08-30 21:00:00,1,-57.4,-56.37211246593448,3.2,3.3851844560984627
2020-08-30 21:00:00,2,-56.6,-56.21386018755165,3.3,3.0979053634204927
2020-08-30 21:00:00,4,-53.6,-56.22470516844883,1.3000000000000003,3.102411396845112
2020-08-30 21:00:00,8,-51.7,-56.58240220779843,2.8,3.7656767332445633
2020-08-31 00:00:00,1,-56.6,-56.33833069628024,3.3,3.255793182973151
2020-08-31 00:00:00,2,-55.9,-56.17843459488938,2.6,2.9752240992146977
2020-08-31 00:00:00,4,-51.9,-56.03044945560998,2.0,3.1463561133778843
2020-08-31 00:00:00,8,-51.5,-56.0655774813635,4.3,3.8451424074492566
2020-08-31 03:00:00,1,-55.9,-55.32637967109136,2.6,3.1754183733757015
2020-08-31 03:00:00,2,-53.6,-55.00182495676763,1.3000000000000003,2.9644064517780913
2020-08-31 03:00:00,4,-54.0,-54.59264109681829,2.3,3.39966291910906
2020-08-31 03:00:00,8,-52.3,-54.55863345010378,3.3,3.6255694475731484
2020-08-31 06:00:00,1,-53.6,-53.85914389037677,1.3000000000000003,3.0626715614717295
2020-08-31 06:00:00,2,-51.9,-53.44177126649146,2.0,3.2040932357490455
2020-08-31 06:00:00,4,-52.8,-52.895026655707156,3.2,3.7037911157835026
2020-08-31 06:00:00,8,-54.2,-52.68192542891872,3.7,3.3269122792489894
2020-08-31 09:00:00,1,-51.9,-53.35745472823277,2.0,2.466825542067004
2020-08-31 09:00:00,2,-54.0,-52.94434677222123,2.3,2.8176295938637077
2020-08-31 09:00:00,4,-51.7,-52.268048585772874,2.8,3.576458920617543
2020-08-31 09:00:00,8,-55.9,-51.658805557637784,2.4,3.091209897574691
2020-08-31 12:00:00,1,-54.0,-53.26634535167436,2.3,2.585375773535389
2020-08-31 12:00:00,2,-52.8,-52.92105369572476,3.2,2.8264165429962684
2020-08-31 12:00:00,4,-51.5,-52.296032528994196,4.3,3.3202133209326896
2020-08-31 12:00:00,8,-58.5,-51.64192025669333,2.9,2.5925706893224802
2020-08-31 15:00:00,1,-52.8,-55.19404021080361,3.2,2.808269453008199
2020-08-31 15:00:00,2,-51.7,-54.98543518037886,2.8,2.8244913119692447
2020-08-31 15:00:00,4,-52.3,-54.52736586865314,3.3,3.0049764820469447
2020-08-31 15:00:00,8,-59.0,-54.02452336454986,2.2,2.5398466484400664
2020-08-31 18:00:00,1,-51.7,-54.860526967299016,2.8,3.20340788506896
2020-08-31 18:00:00,2,-51.5,-54.63884862654114,4.3,2.9144438086761224
2020-08-31 18:00:00,4,-54.2,-54.215773327384866,3.7,2.83634294395389
2020-08-31 18:00:00,8,-59.5,-53.949693572760104,4.0,2.3344049240258293
2020-08-31 21:00:00,1,-51.5,-53.41011704619722,4.3,3.2851750440116523
2020-08-31 21:00:00,2,-52.3,-53.265814477538875,3.3,3.0667909704142
2020-08-31 21:00:00,4,-55.9,-53.02866535940461,2.4,3.1083498763754998
2020-08-31 21:00:00,8,-57.666666666666664,-52.968216587244314,5.9,2.9050391454867848
2020-09-01 00:00:00,1,-52.3,-53.04875783541084,3.3,3.5194145737587856
2020-09-01 00:00:00,2,-54.2,-52.97191870145471,3.7,2.9750151375065825
2020-09-01 00:00:00,4,-58.5,-52.762391699950996,2.9,2.740383238030031
2020-09-01 00:00:00,8,-55.833333333333336,-52.87450813845945,7.6,3.0203010693508947
2020-09-01 03:00:00,1,-54.2,-53.37534350693064,3.7,3.4217585935761208
2020-09-01 03:00:00,2,-55.9,-53.16901246769205,2.4,3.0524454478932057
2020-09-01 03:00:00,4,-59.0,-52.91274075794634,2.2,3.0365566266532333
2020-09-01 03:00:00,8,-54.0,-52.8194847387517,5.7,3.4138229008023395
2020-09-01 06:00:00,1,-55.9,-53.42755407077455,2.4,3.578182294847808
2020-09-01 06:00:00,2,-58.5,-53.15729045696514,2.9,3.187682410139988
2020-09-01 06:00:00,4,-59.5,-52.904118342477176,4.0,2.953761028459171
2020-09-01 06:00:00,8,-51.8,-52.792988675105455,8.3,3.6693283700074453
2020-09-01 09:00:00,1,-58.5,-54.479570534874206,2.9,3.1955069037195174
2020-09-01 09:00:00,2,-59.0,-54.223952274494856,2.2,3.0614904132813336
2020-09-01 09:00:00,4,-57.666666666666664,-54.01465259105339,5.9,2.9640196140153012
2020-09-01 09:00:00,8,-52.0,-53.80984090827686,8.5,4.170385414252394
2020-09-01 12:00:00,1,-59.0,-56.294910064385604,2.2,3.3224387977822176
2020-09-01 12:00:00,2,-59.5,-56.074435320531045,4.0,3.0898196277156993
2020-09-01 12:00:00,4,-55.833333333333336,-55.81478261485979,7.6,3.272821082797063
2020-09-01 12:00:00,8,-50.0,-55.512346560419296,8.7,4.2192292937514875
2020-09-01 15:00:00,1,-59.5,-59.051507223478076,4.0,3.1076455703784367
2020-09-01 15:00:00,2,-57.666666666666664,-58.75948168783796,5.9,3.142258272440245
2020-09-01 15:00:00,4,-54.0,-58.27297816480367,5.7,3.476969446743607
2020-09-01 15:00:00,8,-48.6,-57.750371057675785,10.0,3.8148719659397847
2020-09-01 18:00:00,1,-57.666666666666664,-60.47838954501124,5.9,3.0928015576790386
2020-09-01 18:00:00,2,-55.833333333333336,-60.182634696248364,7.6,3.076313631118224
2020-09-01 18:00:00,4,-51.8,-59.498653740199714,8.3,3.8130083196978783
2020-09-01 18:00:00,8,-47.199999999999996,-58.92707454105145,8.9,3.52438817166885
2020-09-01 21:00:00,1,-55.833333333333336,-55.136200552852316,7.6,5.444047121973258
2020-09-01 21:00:00,2,-54.0,-54.72148900930989,5.7,4.766367826627101
2020-09-01 21:00:00,4,-52.0,-54.14469770600203,8.5,4.3046444580996654
2020-09-01 21:00:00,8,-45.8,-53.842582634752446,8.6,4.405465256395409
2020-09-02 00:00:00,1,-54.0,-50.71057059647231,5.7,7.65645626662114
2020-09-02 00:00:00,2,-51.8,-50.330753816487984,8.3,6.74341399908091
2020-09-02 00:00:00,4,-50.0,-49.88836152554697,8.7,6.025630158465094
2020-09-02 00:00:00,8,-49.1,-49.70886815748638,8.0,6.075924506284129
2020-09-02 03:00:00,1,-51.8,-51.89440663436434,8.3,6.137074625454367
2020-09-02 03:00:00,2,-52.0,-51.233454105792376,8.5,6.095192066120202
2020-09-02 03:00:00,4,-48.6,-50.55495967471777,10.0,6.470145831588172
2020-09-02 03:00:00,8,-48.4,-50.27171884739475,7.199999999999999,5.943609248879657
2020-09-02 06:00:00,1,-52.0,-48.938398622882914,8.5,7.784397777918633
2020-09-02 06:00:00,2,-50.0,-48.626919920771016,8.7,7.000287496973153
2020-09-02 06:00:00,4,-47.199999999999996,-48.43496692909529,8.9,6.616673044512151
2020-09-02 06:00:00,8,-46.4,-48.20949551087706,8.4,7.318091648255944
2020-09-02 09:00:00,1,-50.0,-51.33854592983898,8.7,7.55224990474878
2020-09-02 09:00:00,2,-48.6,-51.10867378163821,10.0,6.329534170525663
2020-09-02 09:00:00,4,-45.8,-50.94948224015266,8.6,5.748446798243736
2020-09-02 09:00:00,8,-47.9,-50.43853283903836,7.1,7.04695863326123
2020-09-02 12:00:00,1,-48.6,-49.81298955676246,10.0,7.097511903778557
2020-09-02 12:00:00,2,-47.199999999999996,-49.52321486621422,8.9,6.507840198973113
2020-09-02 12:00:00,4,-49.1,-49.20272269672099,8.0,6.801326304838652
2020-09-02 12:00:00,8,-51.1,-48.67714172175806,5.3,7.912102121143228
2020-09-02 15:00:00,1,-47.199999999999996,-48.10575129386909,8.9,7.999943459424205
2020-09-02 15:00:00,2,-45.8,-48.048555763802604,8.6,7.175144990734704
2020-09-02 15:00:00,4,-48.4,-48.12373679982483,7.199999999999999,7.191647367058952
2020-09-02 15:00:00,8,-52.45,-47.9737717238257,6.0,7.055091877228827
2020-09-02 18:00:00,1,-45.8,-47.805517090453165,8.6,7.967465936520499
2020-09-02 18:00:00,2,-49.1,-47.645821288337444,8.0,7.412370649407798
2020-09-02 18:00:00,4,-46.4,-47.61558654505557,8.4,7.184618063689673
2020-09-02 18:00:00,8,-53.8,-47.62431037103903,5.3,6.492962807853383
2020-09-02 21:00:00,1,-49.1,-46.34256432787193,8.0,7.8886723895961435
2020-09-02 21:00:00,2,-48.4,-46.20186561510151,7.199999999999999,7.435991480409303
2020-09-02 21:00:00,4,-47.9,-46.17588362891143,7.1,7.377302193276044
2020-09-02 21:00:00,8,-56.8,-46.331227244798775,4.4,6.66584638928158
2020-09-03 00:00:00,1,-48.4,-47.60218738814985,7.199999999999999,7.532676287192732
2020-09-03 00:00:00,2,-46.4,-47.277128683383815,8.4,6.956011075723314
2020-09-03 00:00:00,4,-51.1,-46.96592809465394,5.3,6.8940773634776855
2020-09-03 00:00:00,8,-55.9,-47.032658734818305,4.5,6.866775521891484
2020-09-03 03:00:00,1,-46.4,-47.020621685033646,8.4,6.754602701512864
2020-09-03 03:00:00,2,-47.9,-46.683691285460085,7.1,6.169805739040337
2020-09-03 03:00:00,4,-52.45,-46.60618339149157,6.0,6.631002944226185
2020-09-03 03:00:00,8,-56.3,-46.90967065687606,4.0,7.540925129267805
2020-09-03 06:00:00,1,-47.9,-45.644109227440914,7.1,7.629244642746123
2020-09-03 06:00:00,2,-51.1,-45.609907765960166,5.3,6.787177693669551
2020-09-03 06:00:00,4,-53.8,-45.9333557907637,5.3,6.739734694741344
2020-09-03 06:00:00,8,-56.1,-46.319207126787376,4.9,7.011800172698934
2020-09-03 09:00:00,1,-51.1,-48.18494732165651,5.3,6.795675220972143
2020-09-03 09:00:00,2,-52.45,-47.969707017492226,6.0,6.186685195538045
2020-09-03 09:00:00,4,-56.8,-47.93800065093886,4.4,6.5998379503877915
2020-09-03 09:00:00,8,-57.1,-47.77765927993636,2.9,7.526355928674461
2020-09-03 12:00:00,1,-52.45,-50.44416769715367,6.0,5.212228340832617
2020-09-03 12:00:00,2,-53.8,-50.10501617315406,5.3,4.878765124880474
2020-09-03 12:00:00,4,-55.9,-49.54845941964133,4.5,5.795321190982779
2020-09-03 12:00:00,8,-56.2,-48.82095263855355,2.5,8.459622533006725
2020-09-03 15:00:00,1,-53.8,-51.47022667209689,5.3,5.654002931156315
2020-09-03 15:00:00,2,-56.8,-50.927549109274274,4.4,5.5879040612707005
2020-09-03 15:00:00,4,-56.3,-50.13378289566939,4.0,6.734974697393338
2020-09-03 15:00:00,8,-59.3,-49.591751442109306,2.9,8.051212286492413
2020-09-03 18:00:00,1,-56.8,-50.912708590138635,4.4,5.701698880924864
2020-09-03 18:00:00,2,-55.9,-50.4285792979907,4.5,5.820101415549289
2020-09-03 18:00:00,4,-56.1,-49.706410168359966,4.9,7.08658702949964
2020-09-03 18:00:00,8,-60.7,-49.22857643373491,1.5,8.503818974016152
2020-09-03 21:00:00,1,-55.9,-51.69883596218794,4.5,5.028096125112317
2020-09-03 21:00:00,2,-56.3,-51.094203419886036,4.0,5.256687970153158
2020-09-03 21:00:00,4,-57.1,-50.15466877835923,2.9,6.7747464182225645
2020-09-03 21:00:00,8,-62.4,-49.7151916344226,0.0,7.978363297596717
2020-09-04 00:00:00,1,-56.3,-51.02316283286382,4.0,4.921778924735019
2020-09-04 00:00:00,2,-56.1,-50.56331604519648,4.9,5.02729568286628
2020-09-04 00:00:00,4,-56.2,-50.0036103421082,2.5,6.47995674107864
2020-09-04 00:00:00,8,-59.0,-49.91498385699167,1.1,7.543702469776171
2020-09-04 03:00:00,1,-56.1,-50.9722035991138,4.9,4.345007979387776
2020-09-04 03:00:00,2,-57.1,-50.2970626498332,2.9,4.834231593817793
2020-09-04 03:00:00,4,-59.3,-49.242173728412794,2.9,6.7622272711514455
2020-09-04 03:00:00,8,-61.1,-48.740567784133106,0.0,7.599288097020185
2020-09-04 06:00:00,1,-57.1,-51.28524137530482,2.9,4.524456925470705
2020-09-04 06:00:00,2,-56.2,-50.7520784783645,2.5,4.799282148283773
2020-09-04 06:00:00,4,-60.7,-49.93271664722527,1.5,6.193194520704329
2020-09-04 06:00:00,8,-61.9,-49.56488035769791,0.0,6.493581534993206
2020-09-04 09:00:00,1,-56.2,-53.3504372287182,2.5,3.9520684707367266
2020-09-04 09:00:00,2,-59.3,-52.8440568170832,2.9,4.483028440621436
2020-09-04 09:00:00,4,-62.4,-52.202585644584246,0.0,5.600015842317324
2020-09-04 09:00:00,8,-61.4,-51.705710532318676,0.2999999999999998,5.500043741012666
2020-09-04 12:00:00,1,-59.3,-54.390238499163495,2.9,3.282295222155238
2020-09-04 12:00:00,2,-60.7,-54.08050980389298,1.5,3.619116455156194
2020-09-04 12:00:00,4,-59.0,-53.79049185419808,1.1,4.952207460519704
2020-09-04 12:00:00,8,-61.1,-53.583349801032945,0.0,4.658474269031453
2020-09-04 15:00:00,1,-60.7,-56.63301848307734,1.5,2.7765557947205837
2020-09-04 15:00:00,2,-62.4,-56.34029370122671,0.0,2.9881164340875763
2020-09-04 15:00:00,4,-61.1,-55.844935941529826,0.0,3.9176650769640746
2020-09-04 15:00:00,8,-63.9,-55.66652908896172,3.6037479111959896,3.44908918805875
2020-09-04 18:00:00,1,-62.4,-58.46218136445215,0.0,3.072292117990018
2020-09-04 18:00:00,2,-59.0,-58.07757217213474,1.1,3.41850613044959
2020-09-04 18:00:00,4,-61.9,-57.7350784241691,0.0,3.7258167142299228
2020-09-04 18:00:00,8,-64.4,-57.8169655231531,3.6037479111959896,3.7370107086877846
2020-09-04 21:00:00,1,-59.0,-60.03984941261174,1.1,2.7761664509102606
2020-09-04 21:00:00,2,-61.1,-59.79627468652595,0.0,3.1590697457336034
2020-09-04 21:00:00,4,-61.4,-59.500599092871944,0.2999999999999998,2.870390692257512
2020-09-04 21:00:00,8,-63.5,-59.529145342084426,3.6037479111959896,2.7047660108087355
2020-09-05 00:00:00,1,-61.1,-56.9869851285527,0.0,2.741199303083029
2020-09-05 00:00:00,2,-61.9,-56.92095841785528,0.0,3.0784341738923326
2020-09-05 00:00:00,4,-61.1,-57.19803571946179,0.0,3.414200287566721
2020-09-05 00:00:00,8,-60.8,-57.94207187400511,3.6037479111959896,2.8768455775401565
2020-09-05 03:00:00,1,-61.9,-60.04988743240043,0.0,2.809092129761071
2020-09-05 03:00:00,2,-61.4,-60.03537654246759,0.2999999999999998,3.6249442453663625
2020-09-05 03:00:00,4,-63.9,-60.27116769636149,3.6037479111959896,3.528966920462043
2020-09-05 03:00:00,8,-61.6,-60.71510149917,3.6037479111959896,2.436759156810902
2020-09-05 06:00:00,1,-61.4,-61.0852178140793,0.2999999999999998,3.1258289180754923
2020-09-05 06:00:00,2,-61.1,-60.88902467407911,0.0,3.8575367320251734
2020-09-05 06:00:00,4,-64.4,-60.85957059361959,3.6037479111959896,4.12356338191074
2020-09-05 06:00:00,8,-64.2,-61.10696613645383,3.6037479111959896,3.1336306706066646
2020-09-05 09:00:00,1,-61.1,-61.47319895102858,0.0,3.4027324141056097
2020-09-05 09:00:00,2,-63.9,-61.324491149256495,3.6037479111959896,4.015143101111824
2020-09-05 09:00:00,4,-63.5,-61.22616870219612,3.6037479111959896,4.151987879471516
2020-09-05 09:00:00,8,-64.7,-61.24480085779013,3.6037479111959896,3.473280544775191
2020-09-05 12:00:00,1,-63.9,-61.70865723346523,3.6037479111959896,3.60872105673382
2020-09-05 12:00:00,2,-64.4,-61.60271260643467,3.6037479111959896,4.137523452993111
2020-09-05 12:00:00,4,-60.8,-61.470284524525184,3.6037479111959896,4.011503493631582
2020-09-05 12:00:00,8,-63.7,-61.376322549454564,3.6037479111959896,3.3924682299326507
2020-09-05 15:00:00,1,-64.4,-63.25795843715878,3.6037479111959896,3.4220405772437315
2020-09-05 15:00:00,2,-63.5,-63.03418523977331,3.6037479111959896,3.7064806646479775
2020-09-05 15:00:00,4,-61.6,-62.58375540004154,3.6037479111959896,3.7989995139890165
2020-09-05 15:00:00,8,-65.8,-62.22037504888507,3.6037479111959896,3.0848289140341874
2020-09-05 18:00:00,1,-63.5,-62.29148345306294,3.6037479111959896,3.1134838080075085
2020-09-05 18:00:00,2,-60.8,-61.9526181480815,3.6037479111959896,3.475660070232771
2020-09-05 18:00:00,4,-64.2,-61.54013925698095,3.6037479111959896,3.74037485089001
2020-09-05 18:00:00,8,-67.9,-61.38808400761066,3.6037479111959896,2.738558195584163
2020-09-05 21:00:00,1,-60.8,-60.878921088700345,3.6037479111959896,3.2003421358136697
2020-09-05 21:00:00,2,-61.6,-60.450237409840135,3.6037479111959896,3.270139265355828
2020-09-05 21:00:00,4,-64.7,-59.88857086330835,3.6037479111959896,3.164841999664336
2020-09-05 21:00:00,8,-68.5,-59.836506741290606,3.6037479111959896,2.7324706328856485
2020-09-06 00:00:00,1,-61.6,-58.90390971373114,3.6037479111959896,3.149475875955533
2020-09-06 00:00:00,2,-64.2,-58.71452026457682,3.6037479111959896,3.1103728432563056
2020-09-06 00:00:00,4,-63.7,-58.833143547523385,3.6037479111959896,2.9193524626309726
2020-09-06 00:00:00,8,-64.7,-59.39128756471645,3.6037479111959896,2.2201938872005655
2020-09-06 03:00:00,1,-64.2,-59.260188086632,3.6037479111959896,3.2439410177869035
2020-09-06 03:00:00,2,-64.7,-59.26204625868447,3.6037479111959896,3.08070230687008
2020-09-06 03:00:00,4,-65.8,-59.59230373834179,3.6037479111959896,2.892092743971388
2020-09-06 03:00:00,8,-64.45,-60.11491120572017,3.6037479111959896,2.413305751112657
2020-09-06 06:00:00,1,-64.7,-62.66807058736087,3.6037479111959896,3.3658338501127627
2020-09-06 06:00:00,2,-63.7,-62.769056006079225,3.6037479111959896,3.365855671388355
2020-09-06 06:00:00,4,-67.9,-63.13788910872586,3.6037479111959896,3.1746778096696517
2020-09-06 06:00:00,8,-64.2,-63.333568531520385,3.6037479111959896,3.486254426168189
2020-09-06 09:00:00,1,-63.7,-64.82762532182758,3.6037479111959896,3.302217500239319
2020-09-06 09:00:00,2,-65.8,-64.86595885648434,3.6037479111959896,3.361869029644968
2020-09-06 09:00:00,4,-68.5,-65.13971320752628,3.6037479111959896,3.4877615404934015
2020-09-06 09:00:00,8,-66.9,-65.18556877251567,3.6037479111959896,3.4125869128271016
2020-09-06 12:00:00,1,-65.8,-64.77272891041926,3.6037479111959896,3.339914267031472
2020-09-06 12:00:00,2,-67.9,-64.89118503713621,3.6037479111959896,3.4148501536801437
2020-09-06 12:00:00,4,-64.7,-65.38176695602279,3.6037479111959896,3.4527711850664105
2020-09-06 12:00:00,8,-68.7,-65.59865504595054,3.6037479111959896,3.4763278919101666
2020-09-06 15:00:00,1,-67.9,-66.36104308120287,3.6037479111959896,3.267413405462206
2020-09-06 15:00:00,2,-68.5,-66.44652043661861,3.6037479111959896,3.421840826593304
2020-09-06 15:00:00,4,-64.45,-66.6325638791767,3.6037479111959896,3.6269037779189923
2020-09-06 15:00:00,8,-70.0,-66.53697789487526,3.6037479111959896,3.2282994954502833
2020-09-06 18:00:00,1,-68.5,-68.79661453981923,3.6037479111959896,3.1818392403960907
2020-09-06 18:00:00,2,-64.7,-68.78357058990144,3.6037479111959896,3.4206481345882085
2020-09-06 18:00:00,4,-64.2,-68.76069756548198,3.6037479111959896,3.621458363240701
2020-09-06 18:00:00,8,-69.9,-68.56140122771907,3.6037479111959896,3.0543377803813403
2020-09-06 21:00:00,1,-64.7,-68.04175429890743,3.6037479111959896,3.2766243031891067
2020-09-06 21:00:00,2,-64.45,-67.91505852287212,3.6037479111959896,3.506162987641039
2020-09-06 21:00:00,4,-66.9,-67.77503203752511,3.6037479111959896,3.659688784856959
2020-09-06 21:00:00,8,-71.5,-67.6636973425905,3.6037479111959896,3.061734886216191
2020-09-07 00:00:00,1,-64.45,-64.23157935007059,3.6037479111959896,3.4984034180216637
2020-09-07 00:00:00,2,-64.2,-64.07430335052882,3.6037479111959896,3.553879518991454
2020-09-07 00:00:00,4,-68.7,-64.00662669256496,3.6037479111959896,3.8727182879991875
2020-09-07 00:00:00,8,-71.1,-64.02574158382208,3.6037479111959896,3.557330892975888
2020-09-07 03:00:00,1,-64.2,-64.42646478077445,3.6037479111959896,3.682988801784135
2020-09-07 03:00:00,2,-66.9,-64.36408884859192,3.6037479111959896,3.746694009704676
2020-09-07 03:00:00,4,-70.0,-64.23817841863539,3.6037479111959896,3.582144435977549
2020-09-07 03:00:00,8,-67.6,-64.1707135879625,3.6037479111959896,2.6510143837975155
2020-09-07 06:00:00,1,-66.9,-63.34294585190151,3.6037479111959896,3.5691283916678143
2020-09-07 06:00:00,2,-68.7,-63.24864091835979,3.6037479111959896,3.5134341779174023
2020-09-07 06:00:00,4,-69.9,-63.31201474441308,3.6037479111959896,3.6457031200976564
2020-09-07 06:00:00,8,-65.46666666666667,-63.296865490603345,3.6037479111959896,3.6215129297597217
2020-09-07 09:00:00,1,-68.7,-66.36037589728639,3.6037479111959896,3.4088686581104546
2020-09-07 09:00:00,2,-70.0,-66.37245581687995,3.6037479111959896,3.4041211510099934
2020-09-07 09:00:00,4,-71.5,-66.36573642464987,3.6037479111959896,3.3594438954552928
2020-09-07 09:00:00,8,-63.333333333333336,-66.07320869981993,3.6037479111959896,3.398796853075765
2020-09-07 12:00:00,1,-70.0,-68.02700852565195,3.6037479111959896,3.3565164053755936
2020-09-07 12:00:00,2,-69.9,-67.92444953277206,3.6037479111959896,3.4270655091381
2020-09-07 12:00:00,4,-71.1,-67.72086909612432,3.6037479111959896,3.4037881932691607
2020-09-07 12:00:00,8,-61.2,-67.36739563357642,3.6037479111959896,2.8564115325577633
2020-09-07 15:00:00,1,-69.9,-68.98616538119525,3.6037479111959896,3.2798331637545735
2020-09-07 15:00:00,2,-71.5,-68.8458679874761,3.6037479111959896,3.4089119140904773
2020-09-07 15:00:00,4,-67.6,-68.56243586714031,3.6037479111959896,3.454995235601651
2020-09-07 15:00:00,8,-62.9,-68.1598314421038,3.6037479111959896,2.864652696529756
2020-09-07 18:00:00,1,-71.5,-68.08683604583386,3.6037479111959896,3.3718512701404366
2020-09-07 18:00:00,2,-71.1,-67.90044820380268,3.6037479111959896,3.495195897125224
2020-09-07 18:00:00,4,-65.46666666666667,-67.53013086911724,3.6037479111959896,3.519459216062975
2020-09-07 18:00:00,8,-61.6,-67.11336427662691,3.6037479111959896,3.2396880951631064
2020-09-07 21:00:00,1,-71.1,-68.9736790990435,3.6037479111959896,3.335761106427548
2020-09-07 21:00:00,2,-67.6,-68.77895794256528,3.6037479111959896,3.48012913945628
2020-09-07 21:00:00,4,-63.333333333333336,-68.32321080552943,3.6037479111959896,3.254726939728146
2020-09-07 21:00:00,8,-59.9,-67.90692406669824,3.6037479111959896,3.000773627053645
2020-09-08 00:00:00,1,-67.6,-68.21107491349426,3.6037479111959896,3.311963199173771
2020-09-08 00:00:00,2,-65.46666666666667,-67.9037120732861,3.6037479111959896,3.0692390056127126
2020-09-08 00:00:00,4,-61.2,-67.43531437987284,3.6037479111959896,2.5950075272873354
2020-09-08 00:00:00,8,-59.7,-67.10044425287936,3.6037479111959896,2.7004482508700445
2020-09-08 03:00:00,1,-65.46666666666667,-65.77013284050057,3.6037479111959896,3.170360422972083
2020-09-08 03:00:00,2,-63.333333333333336,-65.57951133465383,3.6037479111959896,2.702110826787557
2020-09-08 03:00:00,4,-62.9,-65.47081799634752,3.6037479111959896,2.363917739377964
2020-09-08 03:00:00,8,-59.0,-65.36294170616353,3.6037479111959896,3.1578277592403348
2020-09-08 06:00:00,1,-63.333333333333336,-64.12417426753387,3.6037479111959896,3.1522976321574077
2020-09-08 06:00:00,2,-61.2,-64.091313658395,3.6037479111959896,2.6952397776539723
2020-09-08 06:00:00,4,-61.6,-64.38473912745812,3.6037479111959896,2.215505445507648
2020-09-08 06:00:00,8,-59.2,-64.46246605372751,3.6037479111959896,2.6819182154908856
2020-09-08 09:00:00,1,-61.2,-62.035939764536025,3.6037479111959896,3.132191879401823
2020-09-08 09:00:00,2,-62.9,-62.00671336238925,3.6037479111959896,2.4520234390135816
2020-09-08 09:00:00,4,-59.9,-62.358176627175844,3.6037479111959896,1.776968028754522
2020-09-08 09:00:00,8,-56.8,-62.329270127468504,3.6037479111959896,2.695589717865852
2020-09-08 12:00:00,1,-62.9,-62.344663631113754,3.6037479111959896,3.1980639253256307
2020-09-08 12:00:00,2,-61.6,-62.37431368784247,3.6037479111959896,2.3983739734294476
2020-09-08 12:00:00,4,-59.7,-62.70254583921771,3.6037479111959896,1.351653585188135
2020-09-08 12:00:00,8,-55.6,-62.53313444150619,3.6037479111959896,2.091433058320297
2020-09-08 15:00:00,1,-61.6,-63.695677198430005,3.6037479111959896,3.03390432192071
2020-09-08 15:00:00,2,-59.9,-63.83664465806959,3.6037479111959896,2.2816165790301253
2020-09-08 15:00:00,4,-59.0,-64.10756311721602,3.6037479111959896,0.9270984207040538
2020-09-08 15:00:00,8,-55.1,-63.90601593436126,3.6037479111959896,1.7221367751380687
2020-09-08 18:00:00,1,-59.9,-63.419151080080624,3.6037479111959896,2.8949779511639897
2020-09-08 18:00:00,2,-59.7,-63.54961075328622,3.6037479111959896,2.103030193179953
2020-09-08 18:00:00,4,-59.2,-63.82974081758614,3.6037479111959896,0.892473588305783
2020-09-08 18:00:00,8,-56.8,-63.71180921558971,3.6037479111959896,1.9050979734984252
2020-09-08 21:00:00,1,-59.7,-63.62035242246032,3.6037479111959896,3.2000028596338446
2020-09-08 21:00:00,2,-59.0,-63.84651047812174,3.6037479111959896,2.7067803931437373
2020-09-08 21:00:00,4,-56.8,-64.51401645853959,3.6037479111959896,1.996227032861915
2020-09-08 21:00:00,8,-58.1,-65.0060170438749,3.6037479111959896,2.754724974819645
2020-09-09 00:00:00,1,-59.0,-61.86323495680051,3.6037479111959896,3.5568312497490178
2020-09-09 00:00:00,2,-59.2,-62.03295833144058,3.6037479111959896,3.2259855871149403
2020-09-09 00:00:00,4,-55.6,-62.6949676098079,3.6037479111959896,3.0489128273145543
2020-09-09 00:00:00,8,-60.9,-63.260985261816565,3.6037479111959896,3.641538249053532
2020-09-09 03:00:00,1,-59.2,-60.80634070100049,3.6037479111959896,3.4319948379850964
2020-09-09 03:00:00,2,-56.8,-61.050685642644275,3.6037479111959896,3.282160135529183
2020-09-09 03:00:00,4,-55.1,-61.83149616770261,3.6037479111959896,3.3905216841715577
2020-09-09 03:00:00,8,-62.6,-62.46575607095207,3.6037479111959896,3.4838546190546444
2020-09-09 06:00:00,1,-56.8,-59.45411308951657,3.6037479111959896,3.719301523846008
2020-09-09 06:00:00,2,-55.6,-59.56551046803729,3.6037479111959896,3.772659648074404
2020-09-09 06:00:00,4,-56.8,-60.27624434633502,3.6037479111959896,4.000133049433332
2020-09-09 06:00:00,8,-61.7,-60.646029951290046,3.6037479111959896,4.223635671796554
2020-09-09 09:00:00,1,-55.6,-58.52091732563465,3.6037479111959896,3.7136555853749655
2020-09-09 09:00:00,2,-55.1,-58.72356111099575,3.6037479111959896,3.802479160988436
2020-09-09 09:00:00,4,-58.1,-59.61750758346299,3.6037479111959896,3.8921933432389677
2020-09-09 09:00:00,8,-59.5,-59.99019824840855,3.6037479111959896,4.043283322238098
2020-09-09 12:00:00,1,-55.1,-57.85348303506528,3.6037479111959896,3.619212991306371
2020-09-09 12:00:00,2,-56.8,-58.1400230364202,3.6037479111959896,3.689615771219044
2020-09-09 12:00:00,4,-60.9,-59.095683300660426,3.6037479111959896,3.7065533933465917
2020-09-09 12:00:00,8,-58.5,-59.41519811056111,3.6037479111959896,3.7634154252473313
2020-09-09 15:00:00,1,-56.8,-58.622954675797985,3.6037479111959896,3.629316845089895
2020-09-09 15:00:00,2,-58.1,-58.95066230245271,3.6037479111959896,3.599912519601369
2020-09-09 15:00:00,4,-62.6,-59.857634712312986,3.6037479111959896,3.4158311913090302
2020-09-09 15:00:00,8,-61.9,-60.25417107801413,3.6037479111959896,3.5644724086224637
2020-09-09 18:00:00,1,-58.1,-59.5993920270786,3.6037479111959896,3.608276033346131
2020-09-09 18:00:00,2,-60.9,-59.879053765735215,3.6037479111959896,3.5059810992443032
2020-09-09 18:00:00,4,-61.7,-60.59853812855303,3.6037479111959896,3.350462647658693
2020-09-09 18:00:00,8,-62.3,-61.06138580284252,3.6037479111959896,3.6011633839013233
2020-09-09 21:00:00,1,-60.9,-59.68969962112939,3.6037479111959896,3.569704189413596
2020-09-09 21:00:00,2,-62.6,-59.90726858449243,3.6037479111959896,3.3410014384393842
2020-09-09 21:00:00,4,-59.5,-60.535692429725195,3.6037479111959896,3.219316648048875
2020-09-09 21:00:00,8,-63.0,-61.192297950669655,3.6037479111959896,3.597013915718498
2020-09-10 00:00:00,1,-62.6,-61.633876435742785,3.6037479111959896,3.3564256011426465
2020-09-10 00:00:00,2,-61.7,-61.794913450450856,3.6037479111959896,3.2106761427365083
2020-09-10 00:00:00,4,-58.5,-62.083493550358156,3.6037479111959896,3.2758345249751244
2020-09-10 00:00:00,8,-63.7,-62.49285843618116,3.6037479111959896,3.482411495586781
2020-09-10 03:00:00,1,-61.7,-61.58247877714052,3.6037479111959896,3.376318753089177
2020-09-10 03:00:00,2,-59.5,-61.64244247200949,3.6037479111959896,3.3319742553247083
2020-09-10 03:00:00,4,-61.9,-61.93532468332638,3.6037479111959896,3.5059651898414814
2020-09-10 03:00:00,8,-63.5,-62.48702814217239,3.6037479111959896,3.469226199758295
2020-09-10 06:00:00,1,-59.5,-61.177314412087554,3.6037479111959896,3.405777555118954
2020-09-10 06:00:00,2,-58.5,-61.245965187389515,3.6037479111959896,3.3795097913910723
2020-09-10 06:00:00,4,-62.3,-61.76389228033871,3.6037479111959896,3.690278827407115
2020-09-10 06:00:00,8,-62.2,-62.26276068110798,3.6037479111959896,3.5017972128980213
2020-09-10 09:00:00,1,-58.5,-60.846582842779,3.6037479111959896,3.4866935243530675
2020-09-10 09:00:00,2,-61.9,-60.99748601106674,3.6037479111959896,3.461251969838676
2020-09-10 09:00:00,4,-63.0,-61.67110976538825,3.6037479111959896,3.6538569989672802
2020-09-10 09:00:00,8,-60.13333333333333,-62.04261880871067,3.6037479111959896,3.5989225241855562
2020-09-10 12:00:00,1,-61.9,-61.32362438656587,3.6037479111959896,3.510206928561661
2020-09-10 12:00:00,2,-62.3,-61.57811326164384,3.6037479111959896,3.476386130855226
2020-09-10 12:00:00,4,-63.7,-62.342100088592346,3.6037479111959896,3.7028397374937687
2020-09-10 12:00:00,8,-58.06666666666667,-62.601260692087635,3.6037479111959896,3.6350276175433214
2020-09-10 15:00:00,1,-62.3,-64.87791340890568,3.6037479111959896,3.485633906137977
2020-09-10 15:00:00,2,-63.0,-65.06235589826463,3.6037479111959896,3.4684881287697387
2020-09-10 15:00:00,4,-63.5,-65.43073508528772,3.6037479111959896,3.645146217683672
2020-09-10 15:00:00,8,-56.0,-65.42669163373345,3.6037479111959896,3.7092396230310896
2020-09-10 18:00:00,1,-63.0,-63.84170185451639,3.6037479111959896,3.5229015256201626
2020-09-10 18:00:00,2,-63.7,-63.90510666211224,3.6037479111959896,3.4157741120774565
2020-09-10 18:00:00,4,-62.2,-64.09181584758483,3.6037479111959896,3.6187570839409653
2020-09-10 18:00:00,8,-56.5,-64.18709489846464,6.6,3.5186029809342307
2020-09-10 21:00:00,1,-63.7,-64.02413991012195,3.6037479111959896,3.2976275942025883
2020-09-10 21:00:00,2,-63.5,-64.13686445146573,3.6037479111959896,3.3578369857851067
2020-09-10 21:00:00,4,-60.13333333333333,-64.35552569432916,3.6037479111959896,3.5981824603560093
2020-09-10 21:00:00,8,-56.1,-64.5516871322858,5.0,3.482290458822958
2020-09-11 00:00:00,1,-63.5,-64.16523417793572,3.6037479111959896,3.3104926824735665
2020-09-11 00:00:00,2,-62.2,-64.24974101851832,3.6037479111959896,3.3963287828270294
2020-09-11 00:00:00,4,-58.06666666666667,-64.43566918091805,3.6037479111959896,3.697420476354092
2020-09-11 00:00:00,8,-56.8,-64.66052024778413,2.9,3.466512830112218
2020-09-11 03:00:00,1,-62.2,-64.10537783771422,3.6037479111959896,3.419094531748257
2020-09-11 03:00:00,2,-60.13333333333333,-64.18950281277226,3.6037479111959896,3.477058738017006
2020-09-11 03:00:00,4,-56.0,-64.46916671293185,3.6037479111959896,3.753493583163413
2020-09-11 03:00:00,8,-56.7,-64.72372187410087,4.2,3.522768671775819
2020-09-11 06:00:00,1,-60.13333333333333,-64.23667905607579,3.6037479111959896,3.446773626798439
2020-09-11 06:00:00,2,-58.06666666666667,-64.40016145114295,3.6037479111959896,3.4846476364683636
2020-09-11 06:00:00,4,-56.5,-64.90834304770527,6.6,3.7414693004997996
2020-09-11 06:00:00,8,-58.4,-65.19265273824654,3.5,3.6510361158830293
2020-09-11 09:00:00,1,-58.06666666666667,-61.914124662205026,3.6037479111959896,3.6137086778460366
2020-09-11 09:00:00,2,-56.0,-62.22225915897317,3.6037479111959896,3.608293968915043
2020-09-11 09:00:00,4,-56.1,-63.085755818613094,5.0,3.704905707083836
2020-09-11 09:00:00,8,-58.6,-63.50457511842313,3.6037479111959896,3.7510704218196684
2020-09-11 12:00:00,1,-56.0,-59.77814544062276,3.6037479111959896,3.5804451491296883
2020-09-11 12:00:00,2,-56.5,-60.14138385308425,6.6,3.5803333034284925
2020-09-11 12:00:00,4,-56.8,-61.04432217790312,2.9,3.5557998912188724
2020-09-11 12:00:00,8,-58.0,-61.43072613818591,3.6037479111959896,3.5657144084457726
2020-09-11 15:00:00,1,-56.5,-60.43615810000013,6.6,3.45071040086193
2020-09-11 15:00:00,2,-56.1,-60.78856666208522,5.0,3.4606193261370213
2020-09-11 15:00:00,4,-56.7,-61.47541737357591,4.2,3.3255742364869865
2020-09-11 15:00:00,8,-60.8,-61.693786813538516,3.6037479111959896,3.1619347712455412
2020-09-11 18:00:00,1,-56.1,-59.0090279261265,5.0,5.451823120867018
2020-09-11 18:00:00,2,-56.8,-59.22051802263932,2.9,4.72637951930684
2020-09-11 18:00:00,4,-58.4,-59.68445293292229,3.5,3.6207582562062597
2020-09-11 18:00:00,8,-62.2,-59.86418983031741,3.6037479111959896,4.067257665902222
2020-09-11 21:00:00,1,-56.8,-58.673433695638366,2.9,5.095696703991895
2020-09-11 21:00:00,2,-56.7,-58.741366131453574,4.2,4.354156972408599
2020-09-11 21:00:00,4,-58.6,-59.15245805814892,3.6037479111959896,3.8392978780412723
2020-09-11 21:00:00,8,-63.7,-59.353086602241795,3.6037479111959896,4.777119517025447
2020-09-12 00:00:00,1,-56.7,-59.600988657271806,4.2,2.9185971292405273
2020-09-12 00:00:00,2,-58.4,-59.672107868964524,3.5,2.936742779584269
2020-09-12 00:00:00,4,-58.0,-59.92068575392289,3.6037479111959896,3.5595214784455362
2020-09-12 00:00:00,8,-61.3,-60.08615024721276,3.6037479111959896,4.2963244869307875
2020-09-12 03:00:00,1,-58.4,-58.602434807610926,3.5,3.7884678092419213
2020-09-12 03:00:00,2,-58.6,-58.49851767036542,3.6037479111959896,3.6141534546279845
2020-09-12 03:00:00,4,-60.8,-58.59687326047132,3.6037479111959896,4.395393078119598
2020-09-12 03:00:00,8,-59.3,-58.510191227400774,3.6037479111959896,4.834865783804096
2020-09-12 06:00:00,1,-58.6,-58.84850462862409,3.6037479111959896,3.5705059913237207
2020-09-12 06:00:00,2,-58.0,-58.81920689687934,3.6037479111959896,3.760785355021642
2020-09-12 06:00:00,4,-62.2,-59.12730608909899,3.6037479111959896,4.089291155732363
2020-09-12 06:00:00,8,-57.3,-59.21531672599457,3.6037479111959896,4.010188191917936
2020-09-12 09:00:00,1,-58.0,-58.03338384643556,3.6037479111959896,3.8207700821088446
2020-09-12 09:00:00,2,-60.8,-57.83230498922411,3.6037479111959896,3.7572308198571176
2020-09-12 09:00:00,4,-63.7,-58.05043666386012,3.6037479111959896,4.002361432231595
2020-09-12 09:00:00,8,-56.4,-57.887303711772965,3.6037479111959896,4.386152747664226
2020-09-12 12:00:00,1,-60.8,-57.89181332746759,3.6037479111959896,3.500351989948847
2020-09-12 12:00:00,2,-62.2,-57.96845806125043,3.6037479111959896,3.4678703347327207
2020-09-12 12:00:00,4,-61.3,-58.655339754283666,3.6037479111959896,3.535175093363098
2020-09-12 12:00:00,8,-55.5,-58.953782071738175,3.6037479111959896,3.325263459932828
2020-09-12 15:00:00,1,-62.2,-61.331695438652645,3.6037479111959896,3.4887774495071073
2020-09-12 15:00:00,2,-63.7,-61.268372047668635,3.6037479111959896,3.445086070385838
2020-09-12 15:00:00,4,-59.3,-61.26119873981504,3.6037479111959896,3.468990378019442
2020-09-12 15:00:00,8,-57.9,-61.11228415425891,3.6037479111959896,2.8463881422286024
2020-09-12 18:00:00,1,-63.7,-61.23477652752024,3.6037479111959896,3.6141896523517905
2020-09-12 18:00:00,2,-61.3,-60.985349892395995,3.6037479111959896,3.411182019914155
2020-09-12 18:00:00,4,-57.3,-60.610770073855406,3.6037479111959896,3.6533749313982407
2020-09-12 18:00:00,8,-60.3,-60.29744652895934,3.6037479111959896,3.3601491078950803
2020-09-12 21:00:00,1,-61.3,-60.54566992743076,3.6037479111959896,3.664182687945116
2020-09-12 21:00:00,2,-59.3,-60.11410280360971,3.6037479111959896,3.5018036646374147
2020-09-12 21:00:00,4,-56.4,-59.49809895443764,3.6037479111959896,3.556214108883963
2020-09-12 21:00:00,8,-60.4,-59.146546347528314,3.6037479111959896,3.729126723139429
2020-09-13 00:00:00,1,-59.3,-58.486544384918346,3.6037479111959896,3.47677180223951
2020-09-13 00:00:00,2,-57.3,-58.09594782937641,3.6037479111959896,3.355490445511676
2020-09-13 00:00:00,4,-55.5,-57.77942165758107,3.6037479111959896,3.699918525862942
2020-09-13 00:00:00,8,-58.8,-57.85191486466117,3.6037479111959896,3.528013775942
2020-09-13 03:00:00,1,-57.3,-54.641923544639994,3.6037479111959896,3.55081506941507
2020-09-13 03:00:00,2,-56.4,-54.37652034044458,3.6037479111959896,3.4468711493715807
2020-09-13 03:00:00,4,-57.9,-54.288591480411334,3.6037479111959896,3.80811368894518
2020-09-13 03:00:00,8,-63.7,-54.36396308894534,0.0,3.373692148673906
2020-09-13 06:00:00,1,-56.4,-55.941450651607006,3.6037479111959896,3.4428503160754174
2020-09-13 06:00:00,2,-55.5,-55.64171287337299,3.6037479111959896,3.3028202313310593
2020-09-13 06:00:00,4,-60.3,-55.50347575223393,3.6037479111959896,3.755727617898665
2020-09-13 06:00:00,8,-63.5,-55.23543533429091,1.8,3.532301436650216
2020-09-13 09:00:00,1,-55.5,-54.79320893870278,3.6037479111959896,3.5362403368550974
2020-09-13 09:00:00,2,-57.9,-54.546053322698114,3.6037479111959896,3.5458750432109185
2020-09-13 09:00:00,4,-60.4,-54.45256885965843,3.6037479111959896,4.127916599756014
2020-09-13 09:00:00,8,-63.3,-53.917165654953216,1.3000000000000003,3.993470162205458
2020-09-13 12:00:00,1,-57.9,-55.21250412941652,3.6037479111959896,3.5241060280407583
2020-09-13 12:00:00,2,-60.3,-54.95148553399401,3.6037479111959896,3.4872053778966405
2020-09-13 12:00:00,4,-58.8,-54.87757906422259,3.6037479111959896,3.8837735034098957
2020-09-13 12:00:00,8,-62.3,-54.320074491657884,0.3999999999999999,3.9589326682297163
2020-09-13 15:00:00,1,-60.3,-58.587328063359585,3.6037479111959896,3.811185570018902
2020-09-13 15:00:00,2,-60.4,-58.36620198661033,3.6037479111959896,3.6805052486938594
2020-09-13 15:00:00,4,-63.7,-57.89304250215604,0.0,3.844312159233626
2020-09-13 15:00:00,8,-65.0,-56.868814320227685,3.6037479111959896,4.705932730806141
2020-09-13 18:00:00,1,-60.4,-58.45867900914115,3.6037479111959896,4.0105334399557115
2020-09-13 18:00:00,2,-58.8,-57.94438792443655,3.6037479111959896,3.5630679689308793
2020-09-13 18:00:00,4,-63.5,-57.136969658078556,1.8,3.5971719733361014
2020-09-13 18:00:00,8,-66.65,-56.223398179653486,3.6037479111959896,5.287588922557873
2020-09-13 21:00:00,1,-58.8,-56.71301822971879,3.6037479111959896,3.870795243098735
2020-09-13 21:00:00,2,-63.7,-56.10690685913549,0.0,3.4962158451410708
2020-09-13 21:00:00,4,-63.3,-55.3891653882118,1.3000000000000003,3.900063852116814
2020-09-13 21:00:00,8,-68.3,-54.889593778476566,3.6037479111959896,5.298062921561511
2020-09-14 00:00:00,1,-63.7,-53.781271783157955,0.0,4.1926223738141415
2020-09-14 00:00:00,2,-63.5,-53.049834308920786,1.8,4.238153631715875
2020-09-14 00:00:00,4,-62.3,-52.23297711934705,0.3999999999999999,5.432040275002054
2020-09-14 00:00:00,8,-69.4,-51.729502735875776,3.6037479111959896,6.147657397584965
2020-09-14 03:00:00,1,-63.5,-61.05463759057286,1.8,1.3250205916924145
2020-09-14 03:00:00,2,-63.3,-60.532546001903114,1.3000000000000003,2.615897193039272
2020-09-14 03:00:00,4,-65.0,-59.797726496020225,3.6037479111959896,3.8235454497712813
2020-09-14 03:00:00,8,-71.1,-59.888483682688594,3.6037479111959896,2.9778463846969867
2020-09-14 06:00:00,1,-63.3,-62.003965371614484,1.3000000000000003,2.3082121417733337
2020-09-14 06:00:00,2,-62.3,-61.46664599452713,0.3999999999999999,2.6690897048498554
2020-09-14 06:00:00,4,-66.65,-60.62894975482788,3.6037479111959896,3.365203965729403
2020-09-14 06:00:00,8,-69.8,-60.25990482489028,3.6037479111959896,3.3982593858602006
2020-09-14 09:00:00,1,-62.3,-61.18108335276475,0.3999999999999999,2.4301316741694503
2020-09-14 09:00:00,2,-65.0,-60.686805984301934,3.6037479111959896,2.980819783434682
2020-09-14 09:00:00,4,-68.3,-60.098826741625786,3.6037479111959896,3.443406698617839
2020-09-14 09:00:00,8,-68.8,-59.70011662443868,3.6037479111959896,3.923489904572838
2020-09-14 12:00:00,1,-65.0,-62.6651684093743,3.6037479111959896,1.7799554506943693
2020-09-14 12:00:00,2,-66.65,-62.44067110849417,3.6037479111959896,2.6221905715564455
2020-09-14 12:00:00,4,-69.4,-62.05977537827775,3.6037479111959896,3.2451100089807565
2020-09-14 12:00:00,8,-67.8,-61.65406919648051,3.6037479111959896,4.261927065016086
2020-09-14 15:00:00,1,-66.65,-64.87050954073537,3.6037479111959896,3.897059980907522
2020-09-14 15:00:00,2,-68.3,-64.71966113052285,3.6037479111959896,3.7178355393594273
2020-09-14 15:00:00,4,-71.1,-64.54624014480356,3.6037479111959896,3.487925300035644
2020-09-14 15:00:00,8,-66.8,-64.12150192936303,3.6037479111959896,4.375306680582193
2020-09-14 18:00:00,1,-68.3,-67.54941435760597,3.6037479111959896,3.553054689437111
2020-09-14 18:00:00,2,-69.4,-67.32841653003288,3.6037479111959896,3.31185607897178
2020-09-14 18:00:00,4,-69.8,-66.71187806912644,3.6037479111959896,3.483419466561626
2020-09-14 18:00:00,8,-69.15,-65.99135690538442,3.6037479111959896,4.042106066419402
2020-09-14 21:00:00,1,-69.4,-66.69240580937841,3.6037479111959896,3.6113131230152735
2020-09-14 21:00:00,2,-71.1,-66.11678748168181,3.6037479111959896,3.3004273558383503
2020-09-14 21:00:00,4,-68.8,-65.17741126031012,3.6037479111959896,3.634558606748529
2020-09-14 21:00:00,8,-71.5,-64.46025555669107,3.6037479111959896,4.858273334164505
2020-09-15 00:00:00,1,-71.1,-66.40816384593019,3.6037479111959896,3.4424510547152836
2020-09-15 00:00:00,2,-69.8,-65.82281731387046,3.6037479111959896,3.2431451610746493
2020-09-15 00:00:00,4,-67.8,-64.91541980842625,3.6037479111959896,3.7962495000627903
2020-09-15 00:00:00,8,-72.8,-64.30259553012178,3.6037479111959896,4.600303573777023
2020-09-15 03:00:00,1,-69.8,-67.4280661399163,3.6037479111959896,3.5420916112633565
2020-09-15 03:00:00,2,-68.8,-66.82855744040275,3.6037479111959896,3.390757919141653
2020-09-15 03:00:00,4,-66.8,-65.90481609050786,3.6037479111959896,3.622985252680355
2020-09-15 03:00:00,8,-70.0,-65.21881268818109,3.6037479111959896,4.389866496827329
2020-09-15 06:00:00,1,-68.8,-66.65151449620816,3.6037479111959896,3.511587747422244
2020-09-15 06:00:00,2,-67.8,-66.008618668096,3.6037479111959896,3.414424418860434
2020-09-15 06:00:00,4,-69.15,-65.46310575375361,3.6037479111959896,3.8862790710613444
2020-09-15 06:00:00,8,-53.29175178959221,-65.0498465600812,3.6037479111959896,3.855488678008958
2020-09-15 09:00:00,1,-67.8,-66.30368976141963,3.6037479111959896,3.5795090004107326
2020-09-15 09:00:00,2,-66.8,-65.6430624039506,3.6037479111959896,3.545680744546879
2020-09-15 09:00:00,4,-71.5,-65.01421922714181,3.6037479111959896,3.9009016184750434
2020-09-15 09:00:00,8,-53.29175178959221,-64.08872489833895,0.8999999999999999,3.97828793972944
2020-09-15 12:00:00,1,-66.8,-65.85892161846503,3.6037479111959896,3.856162884775546
2020-09-15 12:00:00,2,-69.15,-65.2734713342628,3.6037479111959896,3.931666284550097
2020-09-15 12:00:00,4,-72.8,-64.57044033204609,3.6037479111959896,3.8188137654283816
2020-09-15 12:00:00,8,-53.29175178959221,-63.42320389814777,0.8000000000000003,4.0031776572450735
2020-09-15 15:00:00,1,-69.15,-65.11858667750589,3.6037479111959896,4.223891022044108
2020-09-15 15:00:00,2,-71.5,-64.11485891023787,3.6037479111959896,3.7141343737541486
2020-09-15 15:00:00,4,-70.0,-62.80941486901807,3.6037479111959896,3.4471905371316236
2020-09-15 15:00:00,8,-53.29175178959221,-61.309420430054644,2.1,5.467201294932043
2020-09-15 18:00:00,1,-71.5,-68.32990714172783,3.6037479111959896,3.630255936415196
2020-09-15 18:00:00,2,-72.8,-67.24050676327586,3.6037479111959896,3.202100341438634
2020-09-15 18:00:00,4,-53.29175178959221,-65.37371463696174,3.6037479111959896,3.092558204467547
2020-09-15 18:00:00,8,-53.29175178959221,-63.48092467343576,3.6037479111959896,5.617479474490997
2020-09-15 21:00:00,1,-72.8,-66.51977953625078,3.6037479111959896,3.7494725632466888
2020-09-15 21:00:00,2,-70.0,-65.33033903637896,3.6037479111959896,3.2873518662149297
2020-09-15 21:00:00,4,-53.29175178959221,-63.44735797332695,0.8999999999999999,3.29734019853871
2020-09-15 21:00:00,8,-53.29175178959221,-61.89630955473335,3.6037479111959896,6.285074541205121
2020-09-16 00:00:00,1,-70.0,-67.932369279651,3.6037479111959896,3.5233937773398147
2020-09-16 00:00:00,2,-53.29175178959221,-66.69664811920586,3.6037479111959896,3.2363434548095014
2020-09-16 00:00:00,4,-53.29175178959221,-64.8183567970959,0.8000000000000003,3.591241005283292
2020-09-16 00:00:00,8,-66.9,-63.39079216112547,3.6037479111959896,6.288052792077401
2020-09-16 03:00:00,1,-53.29175178959221,-61.745654238786074,3.6037479111959896,3.946182831485171
2020-09-16 03:00:00,2,-53.29175178959221,-60.61154533292034,0.8999999999999999,5.222340295947993
2020-09-16 03:00:00,4,-53.29175178959221,-59.506757935332026,2.1,8.185620466827972
2020-09-16 03:00:00,8,-69.4,-59.0164036947582,3.6037479111959896,6.516054063023045
2020-09-16 06:00:00,1,-53.29175178959221,-56.58413177042424,0.8999999999999999,4.68222936019653
2020-09-16 06:00:00,2,-53.29175178959221,-56.09558202457916,0.8000000000000003,5.198786328427471
2020-09-16 06:00:00,4,-53.29175178959221,-56.13031161328537,3.6037479111959896,5.512642868324196
2020-09-16 06:00:00,8,-69.0,-56.016141026455244,3.6037479111959896,6.598997624661869
2020-09-16 09:00:00,1,-53.29175178959221,-60.1190908319615,0.8000000000000003,2.767032227573834
2020-09-16 09:00:00,2,-53.29175178959221,-59.72211424015565,2.1,3.797247120261522
2020-09-16 09:00:00,4,-53.29175178959221,-59.608587781210325,3.6037479111959896,4.783666166303924
2020-09-16 09:00:00,8,-66.6,-59.070849072546956,3.6037479111959896,4.475882472741477
2020-09-16 12:00:00,1,-53.29175178959221,-57.08229912373052,2.1,2.94516053992709
2020-09-16 12:00:00,2,-53.29175178959221,-57.289770625973205,3.6037479111959896,3.9275050192818117
2020-09-16 12:00:00,4,-66.9,-57.83872357229099,3.6037479111959896,4.234575795641311
2020-09-16 12:00:00,8,-65.3,-57.61809968473156,3.6037479111959896,3.6099898399401367
2020-09-16 15:00:00,1,-53.29175178959221,-58.932466049957476,3.6037479111959896,3.2460584146715554
2020-09-16 15:00:00,2,-53.29175178959221,-59.23033917163011,3.6037479111959896,3.21124805477561
2020-09-16 15:00:00,4,-69.4,-59.509953357221406,3.6037479111959896,2.966532433208547
2020-09-16 15:00:00,8,-63.6,-59.41771121801323,3.6037479111959896,3.4569862237163327
2020-09-16 18:00:00,1,-53.29175178959221,-59.725698732579474,3.6037479111959896,3.6861741481589205
2020-09-16 18:00:00,2,-66.9,-60.101558881378786,3.6037479111959896,3.295400491088172
2020-09-16 18:00:00,4,-69.0,-60.691043971123435,3.6037479111959896,2.623014901234286
2020-09-16 18:00:00,8,-67.1,-60.90056349742939,3.6037479111959896,3.3990299554864443
2020-09-16 21:00:00,1,-66.9,-61.54435418777078,3.6037479111959896,3.685404638270862
2020-09-16 21:00:00,2,-69.4,-61.99190058254172,3.6037479111959896,3.2687267609900017
2020-09-16 21:00:00,4,-66.6,-62.620192576093366,3.6037479111959896,2.6861039547127374
2020-09-16 21:00:00,8,-66.8,-62.95723141106588,3.6037479111959896,3.5865921708884922
2020-09-17 00:00:00,1,-69.4,-63.34856575962128,3.6037479111959896,3.417350802546807
2020-09-17 00:00:00,2,-69.0,-63.360065675918115,3.6037479111959896,3.2266820017282827
2020-09-17 00:00:00,4,-65.3,-63.6137619999074,3.6037479111959896,3.278358621382268
2020-09-17 00:00:00,8,-65.6,-63.76047329343699,3.6037479111959896,3.38771307138919
2020-09-17 03:00:00,1,-69.0,-66.20220287401244,3.6037479111959896,3.467462862067905
2020-09-17 03:00:00,2,-66.6,-66.01332786256478,3.6037479111959896,3.4129416651834465
2020-09-17 03:00:00,4,-63.6,-65.91238855590976,3.6037479111959896,3.3713234672039216
2020-09-17 03:00:00,8,-65.0,-65.83772592034963,3.6037479111959896,3.3361496504354666
2020-09-17 06:00:00,1,-66.6,-67.52737711433457,3.6037479111959896,3.5282040289388785
2020-09-17 06:00:00,2,-65.3,-67.4524363653924,3.6037479111959896,3.501682454583071
2020-09-17 06:00:00,4,-67.1,-67.54891865292504,3.6037479111959896,3.435985612040905
2020-09-17 06:00:00,8,-63.6,-67.54507405964392,3.6037479111959896,3.118224716738136
2020-09-17 09:00:00,1,-65.3,-67.93499910826344,3.6037479111959896,3.5236065914295094
2020-09-17 09:00:00,2,-63.6,-68.04692749601358,3.6037479111959896,3.511422115009372
2020-09-17 09:00:00,4,-66.8,-68.55090496930092,3.6037479111959896,3.446457758168974
2020-09-17 09:00:00,8,-63.3,-68.66271519488875,3.6037479111959896,3.3078852199958337
2020-09-17 12:00:00,1,-63.6,-65.20143564531115,3.6037479111959896,3.622158923496505
2020-09-17 12:00:00,2,-67.1,-65.24750736059744,3.6037479111959896,3.561026686575019
2020-09-17 12:00:00,4,-65.6,-65.5021309693605,3.6037479111959896,3.296771059147942
2020-09-17 12:00:00,8,-63.4,-65.18705300455447,3.6037479111959896,3.2523445149868513
2020-09-17 15:00:00,1,-67.1,-64.08043409345031,3.6037479111959896,3.7665045154027816
2020-09-17 15:00:00,2,-66.8,-63.983440970715954,3.6037479111959896,3.3943175197214033
2020-09-17 15:00:00,4,-65.0,-63.85638782618974,3.6037479111959896,2.9768275963946262
2020-09-17 15:00:00,8,-65.6,-63.198051661867986,3.6037479111959896,3.701485605373403
2020-09-17 18:00:00,1,-66.8,-66.8040085306812,3.6037479111959896,3.3945264947595586
2020-09-17 18:00:00,2,-65.6,-66.480186565864,3.6037479111959896,3.162947880950833
2020-09-17 18:00:00,4,-63.6,-65.68318854506977,3.6037479111959896,3.0541878440906487
2020-09-17 18:00:00,8,-65.6,-64.84178893028339,3.6037479111959896,3.365790314201899
2020-09-17 21:00:00,1,-65.6,-64.69145351677554,3.6037479111959896,3.589329407554749
2020-09-17 21:00:00,2,-65.0,-64.25269435207515,3.6037479111959896,3.256822128766044
2020-09-17 21:00:00,4,-63.3,-63.474602277251016,3.6037479111959896,3.256841110743102
2020-09-17 21:00:00,8,-65.6,-63.01897402287846,3.6037479111959896,3.2189465261563313
2020-09-18 00:00:00,1,-65.0,-62.219204955277775,3.6037479111959896,3.4407568599427285
2020-09-18 00:00:00,2,-63.6,-61.85436558961713,3.6037479111959896,3.4056290451425504
2020-09-18 00:00:00,4,-63.4,-61.4171021849714,3.6037479111959896,3.6550047687373444
2020-09-18 00:00:00,8,-65.6,-61.26718610303956,3.6037479111959896,3.3751578132395252
2020-09-18 03:00:00,1,-63.6,-60.951435190309155,3.6037479111959896,3.6630387438965513
2020-09-18 03:00:00,2,-63.3,-60.669001684345105,3.6037479111959896,3.6848525013462017
2020-09-18 03:00:00,4,-65.6,-60.680345251927164,3.6037479111959896,3.816541873379335
2020-09-18 03:00:00,8,-65.6,-60.840279900120976,3.6037479111959896,3.2138768986376127
2020-09-18 06:00:00,1,-63.3,-61.35034488627041,3.6037479111959896,3.6221077628027216
2020-09-18 06:00:00,2,-63.4,-61.17326807852932,3.6037479111959896,3.454892367682442
2020-09-18 06:00:00,4,-65.6,-61.30282640499678,3.6037479111959896,3.546190585254402
2020-09-18 06:00:00,8,-65.4,-61.225934539374464,3.6037479111959896,3.6466727805373447
2020-09-18 09:00:00,1,-63.4,-62.10636369277367,3.6037479111959896,3.818137505835623
2020-09-18 09:00:00,2,-65.6,-62.05967450813919,3.6037479111959896,3.661929357976865
2020-09-18 09:00:00,4,-65.6,-62.28467832121509,3.6037479111959896,3.4998009527524925
2020-09-18 09:00:00,8,-60.7,-61.95903709139887,3.6037479111959896,3.5330678739640384
2020-09-18 12:00:00,1,-65.6,-63.1938547436029,3.6037479111959896,3.718828654004616
2020-09-18 12:00:00,2,-65.6,-63.042541610252016,3.6037479111959896,3.6083712564873607
2020-09-18 12:00:00,4,-65.6,-62.91205239650584,3.6037479111959896,3.613885140916464
2020-09-18 12:00:00,8,-60.6,-62.19884936131636,3.6037479111959896,3.3608431231012106
2020-09-18 15:00:00,1,-65.6,-65.96823314662053,3.6037479111959896,3.6064614616467368
2020-09-18 15:00:00,2,-65.6,-65.61292240654886,3.6037479111959896,3.5060646386054133
2020-09-18 15:00:00,4,-65.6,-65.0130923635939,3.6037479111959896,3.4725500319193534
2020-09-18 15:00:00,8,-60.5,-64.01075804523998,3.6037479111959896,3.06226158275938
2020-09-18 18:00:00,1,-65.6,-65.70550390172319,3.6037479111959896,3.4047856401773715
2020-09-18 18:00:00,2,-65.6,-65.10066493588774,3.6037479111959896,3.459593019692062
2020-09-18 18:00:00,4,-65.4,-64.05103693256898,3.6037479111959896,3.8031425970826485
2020-09-18 18:00:00,8,-62.425,-63.00875875984629,3.6037479111959896,2.701309371458474
2020-09-18 21:00:00,1,-65.6,-62.95261876372973,3.6037479111959896,3.8786996102783555
2020-09-18 21:00:00,2,-65.6,-62.44549053961437,3.6037479111959896,4.309194587296831
2020-09-18 21:00:00,4,-60.7,-61.81768704573375,3.6037479111959896,5.015190726800171
2020-09-18 21:00:00,8,-64.35,-61.354768762347256,3.6037479111959896,3.0814100253574
2020-09-19 00:00:00,1,-65.6,-63.683264407379205,3.6037479111959896,4.057823143423131
2020-09-19 00:00:00,2,-65.4,-63.230853189925725,3.6037479111959896,4.152164742443146
2020-09-19 00:00:00,4,-60.6,-62.576992777752075,3.6037479111959896,4.236945183603419
2020-09-19 00:00:00,8,-66.275,-62.0589244666089,3.6037479111959896,2.9227921994904267
2020-09-19 03:00:00,1,-65.4,-63.698594506937354,3.6037479111959896,3.8842979071861934
2020-09-19 03:00:00,2,-60.7,-63.269397831372466,3.6037479111959896,3.6721506460808833
2020-09-19 03:00:00,4,-60.5,-62.70938051160614,3.6037479111959896,3.4631250004287906
2020-09-19 03:00:00,8,-68.2,-62.08820922933583,3.6037479111959896,3.4259358015723285
2020-09-19 06:00:00,1,-60.7,-62.580009515396014,3.6037479111959896,3.8465677619737084
2020-09-19 06:00:00,2,-60.6,-62.137608218192625,3.6037479111959896,3.6416257607665825
2020-09-19 06:00:00,4,-62.425,-61.646405227452924,3.6037479111959896,3.2452622113782597
2020-09-19 06:00:00,8,-64.3,-61.00290994251731,3.6037479111959896,3.3041282548428277
2020-09-19 09:00:00,1,-60.6,-59.09610335273743,3.6037479111959896,3.4653117535119193
2020-09-19 09:00:00,2,-60.5,-58.73371296994083,3.6037479111959896,3.0556593738738984
2020-09-19 09:00:00,4,-64.35,-58.54382421360064,3.6037479111959896,2.8598038677947333
2020-09-19 09:00:00,8,-61.96666666666666,-57.91615545340509,3.6037479111959896,2.9132570085487375
2020-09-19 12:00:00,1,-60.5,-59.42571598400896,3.6037479111959896,3.4136401992731598
2020-09-19 12:00:00,2,-62.425,-59.32642446311742,3.6037479111959896,2.782955546957504
2020-09-19 12:00:00,4,-66.275,-59.02332338626342,3.6037479111959896,2.4129069163138057
2020-09-19 12:00:00,8,-59.63333333333333,-57.76724735235786,3.6037479111959896,2.7015370485428454
2020-09-19 15:00:00,1,-62.425,-60.39598872882158,3.6037479111959896,3.4751220364905038
2020-09-19 15:00:00,2,-64.35,-60.11556325911586,3.6037479111959896,3.18780142073772
2020-09-19 15:00:00,4,-68.2,-59.544495615670286,3.6037479111959896,3.1535302876226288
2020-09-19 15:00:00,8,-57.3,-58.56530090710204,3.6,3.3663440840564673
2020-09-19 18:00:00,1,-64.35,-63.00735378291635,3.6037479111959896,3.586896701902315
2020-09-19 18:00:00,2,-66.275,-62.72897237451845,3.6037479111959896,3.315140680824916
2020-09-19 18:00:00,4,-64.3,-61.99614505387212,3.6037479111959896,3.074420712108327
2020-09-19 18:00:00,8,-52.9,-61.00416649624337,4.9,3.317098863710989
2020-09-19 21:00:00,1,-66.275,-65.26398089522627,3.6037479111959896,3.9569617684854177
2020-09-19 21:00:00,2,-68.2,-64.7843693244091,3.6037479111959896,3.867310344063529
2020-09-19 21:00:00,4,-61.96666666666666,-63.764042655340035,3.6037479111959896,3.7916564081464834
2020-09-19 21:00:00,8,-51.8,-62.644693212248605,5.6,3.7175861343097445
2020-09-20 00:00:00,1,-68.2,-66.03620809199414,3.6037479111959896,3.3839320988340207
2020-09-20 00:00:00,2,-64.3,-65.33627884653816,3.6037479111959896,3.513795901884703
2020-09-20 00:00:00,4,-59.63333333333333,-63.85599731465331,3.6037479111959896,3.637319731263152
2020-09-20 00:00:00,8,-50.7,-62.82418946231316,5.3,3.1958245852344316
2020-09-20 03:00:00,1,-64.3,-62.49446299188526,3.6037479111959896,3.6966376164309045
2020-09-20 03:00:00,2,-61.96666666666666,-61.67087776406956,3.6037479111959896,3.8294068816700726
2020-09-20 03:00:00,4,-57.3,-60.61759754123394,3.6,3.797156156068094
2020-09-20 03:00:00,8,-49.6,-60.20670591381373,5.7,3.212360659899973
2020-09-20 06:00:00,1,-61.96666666666666,-59.704517444483855,3.6037479111959896,3.664359977478028
2020-09-20 06:00:00,2,-59.63333333333333,-59.079251555089,3.6037479111959896,3.555797705092301
2020-09-20 06:00:00,4,-52.9,-58.80183850002128,4.9,3.498549528590855
2020-09-20 06:00:00,8,-47.7,-58.533835187879234,5.4,3.4146189574651946
2020-09-20 09:00:00,1,-59.63333333333333,-57.291378423931754,3.6037479111959896,3.5545979081758494
2020-09-20 09:00:00,2,-57.3,-57.34807536731336,3.6,3.348151032090242
2020-09-20 09:00:00,4,-51.8,-57.96537431701445,5.6,3.690833463714288
2020-09-20 09:00:00,8,-45.25,-57.62034260431254,4.5,4.2321079253431755
2020-09-20 12:00:00,1,-57.3,-56.99705773238891,3.6,3.5655030140053454
2020-09-20 12:00:00,2,-52.9,-57.04022799018962,4.9,3.6642617284177024
2020-09-20 12:00:00,4,-50.7,-57.470573864833106,5.3,3.9062497638509543
2020-09-20 12:00:00,8,-42.8,-56.92035103552095,7.4,4.6045459390090855
2020-09-20 15:00:00,1,-52.9,-58.23690664300412,4.9,3.8103689717643014
2020-09-20 15:00:00,2,-51.8,-57.9996809716397,5.6,3.883845139045224
2020-09-20 15:00:00,4,-49.6,-57.55587145525192,5.7,3.8704947573355097
2020-09-20 15:00:00,8,-46.2,-56.52417744206814,6.7,4.406570529997735
2020-09-20 18:00:00,1,-51.8,-53.60882401415053,5.6,5.7245348391671325
2020-09-20 18:00:00,2,-50.7,-53.615537822497934,5.3,5.618352218874367
2020-09-20 18:00:00,4,-47.7,-53.83302383818453,5.4,5.262811577280019
2020-09-20 18:00:00,8,-47.6,-53.672965173757866,4.9,5.893225749752643
2020-09-20 21:00:00,1,-50.7,-49.726689569341715,5.3,6.705594862520927
2020-09-20 21:00:00,2,-49.6,-50.06632238800245,5.7,5.9639613407757075
2020-09-20 21:00:00,4,-45.25,-50.97841017476445,4.5,5.765760920688001
2020-09-20 21:00:00,8,-48.8,-51.50448865566077,4.6,6.524228043593093
2020-09-21 00:00:00,1,-49.6,-48.70239888395249,5.7,6.056699389295634
2020-09-21 00:00:00,2,-47.7,-48.68811999533833,5.4,5.680533549944309
2020-09-21 00:00:00,4,-42.8,-49.18014976096374,7.4,5.6141320348289785
2020-09-21 00:00:00,8,-50.9,-49.744517465705954,2.9,5.4303700743016226
2020-09-21 03:00:00,1,-47.7,-46.74776579872587,5.4,5.957302079318733
2020-09-21 03:00:00,2,-45.25,-46.741536347168804,4.5,5.61185974287873
2020-09-21 03:00:00,4,-46.2,-47.198423316770395,6.7,5.4051289502697015
2020-09-21 03:00:00,8,-53.7,-47.72830424163994,2.6,5.0196268574946705
2020-09-21 06:00:00,1,-45.25,-45.49249204267236,4.5,5.354123951354531
2020-09-21 06:00:00,2,-42.8,-45.55439460570466,7.4,5.130432548963857
2020-09-21 06:00:00,4,-47.6,-46.137181197747935,4.9,5.018927723553154
2020-09-21 06:00:00,8,-53.1,-46.561270962297726,2.6,4.397644201966218
2020-09-21 09:00:00,1,-42.8,-44.278148146592045,7.4,4.221562637285251
2020-09-21 09:00:00,2,-46.2,-44.836802278485834,6.7,4.25557674056774
2020-09-21 09:00:00,4,-48.8,-46.32545963437612,4.6,4.923063194115385
2020-09-21 09:00:00,8,-51.7,-47.113672586602775,0.8000000000000003,4.140573526121281
2020-09-21 12:00:00,1,-46.2,-42.83813829702629,6.7,6.388806140370399
2020-09-21 12:00:00,2,-47.6,-43.46982529124148,4.9,5.465708330444364
2020-09-21 12:00:00,4,-50.9,-44.64469798160227,2.9,4.847322119726411
2020-09-21 12:00:00,8,-49.6,-45.056651627481315,1.1999999999999997,4.9039013148369754
2020-09-21 15:00:00,1,-47.6,-48.556104760495955,4.9,6.077663170070353
2020-09-21 15:00:00,2,-48.8,-48.982830117666126,4.6,5.418594423545368
2020-09-21 15:00:00,4,-53.7,-49.913092001517924,2.6,4.6443299234751745
2020-09-21 15:00:00,8,-52.0,-50.18746003927786,1.9,4.305935979021829
2020-09-21 18:00:00,1,-48.8,-49.17015280973145,4.6,4.934477867386582
2020-09-21 18:00:00,2,-50.9,-49.32168317413074,2.9,4.271739574111362
2020-09-21 18:00:00,4,-53.1,-49.664351643586386,2.6,4.205146053098884
2020-09-21 18:00:00,8,-54.2,-49.86138578836682,1.5999999999999999,4.092562507525671
2020-09-21 21:00:00,1,-50.9,-49.28891334811655,2.9,4.255646483337379
2020-09-21 21:00:00,2,-53.7,-49.4705815484146,2.6,3.9769275824803625
2020-09-21 21:00:00,4,-51.7,-49.85529233137156,0.8000000000000003,4.437850108860558
2020-09-21 21:00:00,8,-55.6,-50.39983112837585,1.9,4.052693370763623
2020-09-22 00:00:00,1,-53.7,-50.402382602505675,2.6,4.087227238968467
2020-09-22 00:00:00,2,-53.1,-50.401517821192776,2.6,4.212306524062437
2020-09-22 00:00:00,4,-49.6,-50.526484034602284,1.1999999999999997,4.333112944792668
2020-09-22 00:00:00,8,-55.4,-50.96990231895265,3.8,3.303937208708565
2020-09-22 03:00:00,1,-53.1,-52.32693495153698,2.6,3.533062028741468
2020-09-22 03:00:00,2,-51.7,-52.336932330566725,0.8000000000000003,3.9863709027858993
2020-09-22 03:00:00,4,-52.0,-52.54605934144287,1.9,4.491930134738907
2020-09-22 03:00:00,8,-54.2,-53.09140739615255,2.4,3.2329748470438533
2020-09-22 06:00:00,1,-51.7,-52.51193974688708,0.8000000000000003,3.0679544163113843
2020-09-22 06:00:00,2,-49.6,-52.615788954398646,1.1999999999999997,3.1779646509695194
2020-09-22 06:00:00,4,-54.2,-53.02533862620985,1.5999999999999999,3.7972240726222437
2020-09-22 06:00:00,8,-55.2,-53.28900839508664,3.5,3.0831924649952094
2020-09-22 09:00:00,1,-49.6,-50.99576596285518,1.1999999999999997,2.2785320077582583
2020-09-22 09:00:00,2,-52.0,-50.62494535822842,1.9,2.9349750029905355
2020-09-22 09:00:00,4,-55.6,-50.15635727242863,1.9,3.8327167306190986
2020-09-22 09:00:00,8,-55.5,-49.952181341712894,2.9,3.0877590701219
2020-09-22 12:00:00,1,-52.0,-52.003630891837446,1.9,2.6476432699843344
2020-09-22 12:00:00,2,-54.2,-51.82401418301368,1.5999999999999999,3.3889526584752465
2020-09-22 12:00:00,4,-55.4,-51.580365695639074,3.8,4.206805163205978
2020-09-22 12:00:00,8,-55.800000000000004,-51.36422044223171,3.4,2.9428306088835847
2020-09-22 15:00:00,1,-54.2,-53.13808770961859,1.5999999999999999,2.4551071571628844
2020-09-22 15:00:00,2,-55.6,-52.99054590360442,1.9,2.8953342897951027
2020-09-22 15:00:00,4,-54.2,-52.606556972576534,2.4,3.802510313292076
2020-09-22 15:00:00,8,-56.1,-52.6044072678111,4.0,3.0228776594558284
2020-09-22 18:00:00,1,-55.6,-54.811418520466326,1.9,2.5632671022792617
2020-09-22 18:00:00,2,-55.4,-54.49891418519557,3.8,2.9677704206897957
2020-09-22 18:00:00,4,-55.2,-53.962015850874074,3.5,3.6989280772257667
2020-09-22 18:00:00,8,-56.400000000000006,-54.03940170998745,3.6,3.452171946445168
2020-09-22 21:00:00,1,-55.4,-54.40972012542438,3.8,1.948709705630285
2020-09-22 21:00:00,2,-54.2,-54.078727284444426,2.4,1.9915831668229869
2020-09-22 21:00:00,4,-55.5,-53.48326239673564,2.9,2.5849942144684666
2020-09-22 21:00:00,8,-56.7,-53.651507933783186,1.8,3.0864495269855636
2020-09-23 00:00:00,1,-54.2,-56.177488216839386,2.4,1.9195785559853935
2020-09-23 00:00:00,2,-55.2,-55.80074617482867,3.5,1.3387910562848497
2020-09-23 00:00:00,4,-55.800000000000004,-55.27374977567145,3.4,1.8994441169835816
2020-09-23 00:00:00,8,-54.9,-55.42419506558022,5.7,3.000364234863059
2020-09-23 03:00:00,1,-55.2,-53.029924029602334,3.5,2.4179802229235827
2020-09-23 03:00:00,2,-55.5,-52.76953539971705,2.9,2.2608036943089833
2020-09-23 03:00:00,4,-56.1,-52.5303125671561,4.0,2.3417634260646416
2020-09-23 03:00:00,8,-53.7,-52.60310514239743,5.5,3.1914117287898915
2020-09-23 06:00:00,1,-55.5,-54.26820760678608,2.9,2.708543370923046
2020-09-23 06:00:00,2,-55.800000000000004,-54.02617844538585,3.4,2.4786250802550613
2020-09-23 06:00:00,4,-56.400000000000006,-53.86676868216305,3.6,2.8534719921218423
2020-09-23 06:00:00,8,-50.4,-54.133562723456485,5.5,3.600396493366138
2020-09-23 09:00:00,1,-55.800000000000004,-55.09242579472123,3.4,3.080560795164712
2020-09-23 09:00:00,2,-56.1,-54.946964210158306,4.0,3.1647592201155104
2020-09-23 09:00:00,4,-56.7,-54.90204331507784,1.8,3.3617471397585805
2020-09-23 09:00:00,8,-48.45,-54.85117882720797,4.3,3.6763697770531065
2020-09-23 12:00:00,1,-56.1,-55.99473998555776,4.0,3.703836704520537
2020-09-23 12:00:00,2,-56.400000000000006,-55.916669740566775,3.6,3.816396869203469
2020-09-23 12:00:00,4,-54.9,-55.83497465509653,5.7,3.687284927067794
2020-09-23 12:00:00,8,-46.5,-55.65703612817174,4.9,3.4163391858060033
2020-09-23 15:00:00,1,-56.400000000000006,-57.69816355596109,3.6,4.191828863188939
2020-09-23 15:00:00,2,-56.7,-57.6378367285933,1.8,4.0336335995921395
2020-09-23 15:00:00,4,-53.7,-57.25225161768532,5.5,3.909864604116749
2020-09-23 15:00:00,8,-47.1,-56.73394554121553,6.8,3.7976921303191715
2020-09-23 18:00:00,1,-56.7,-58.00897903691196,1.8,4.119105923152131
2020-09-23 18:00:00,2,-54.9,-57.825097817824,5.7,3.9855573437804344
2020-09-23 18:00:00,4,-50.4,-57.167410104393,5.5,3.678335458086718
2020-09-23 18:00:00,8,-48.5,-56.575819710756406,4.3,3.803291253689493
2020-09-23 21:00:00,1,-54.9,-57.490648463408526,5.7,2.4840259859295637
2020-09-23 21:00:00,2,-53.7,-57.37317942304748,5.5,3.0607558214332347
2020-09-23 21:00:00,4,-48.45,-57.238970262691424,4.3,3.165502743090455
2020-09-23 21:00:00,8,-49.9,-57.33057079576825,5.5,3.7001138109499463
2020-09-24 00:00:00,1,-53.7,-53.53149282304974,5.5,4.856361059936428
2020-09-24 00:00:00,2,-50.4,-53.347041777741545,5.5,4.238350009866165
2020-09-24 00:00:00,4,-46.5,-53.008690550216265,4.9,3.485355881492267
2020-09-24 00:00:00,8,-51.3,-53.103723730133346,5.3,3.532055004199468
2020-09-24 03:00:00,1,-50.4,-53.570055837271724,5.5,4.232100620481218
2020-09-24 03:00:00,2,-48.45,-53.579862486180104,4.3,3.252188393557568
2020-09-24 03:00:00,4,-47.1,-53.799216040432036,6.8,2.9241441854743413
2020-09-24 03:00:00,8,-53.1,-53.89838903891077,5.0,3.4932619149268955
2020-09-24 06:00:00,1,-48.45,-50.60290577332881,4.3,4.755508322864679
2020-09-24 06:00:00,2,-46.5,-50.645139740093384,4.9,4.32525179360295
2020-09-24 06:00:00,4,-48.5,-51.379685905913306,4.3,4.245399521576188
2020-09-24 06:00:00,8,-54.8,-51.97506748569515,4.3,4.2228472799067385
2020-09-24 09:00:00,1,-46.5,-48.517504640473,4.9,4.4836035518701545
2020-09-24 09:00:00,2,-47.1,-48.862071990287035,6.8,4.098692673032245
2020-09-24 09:00:00,4,-49.9,-49.979718889539775,5.5,3.7936597265482286
2020-09-24 09:00:00,8,-53.2,-50.350177442419195,4.7,4.124215327510414
2020-09-24 12:00:00,1,-47.1,-50.051215823876355,6.8,5.11590365841168
2020-09-24 12:00:00,2,-48.5,-50.46072030676611,4.3,4.957714899874434
2020-09-24 12:00:00,4,-51.3,-51.497435041034095,5.3,4.369207547408899
2020-09-24 12:00:00,8,-52.8,-51.95088886845101,3.8,3.306151568304676
2020-09-24 15:00:00,1,-48.5,-50.40740359377775,4.3,6.674004373803545
2020-09-24 15:00:00,2,-49.9,-50.90320266033084,5.5,5.894106385519732
2020-09-24 15:00:00,4,-53.1,-51.66158173801377,5.0,4.6303573754753
2020-09-24 15:00:00,8,-53.7,-51.776228395872856,3.7,3.5318184959635515
2020-09-24 18:00:00,1,-49.9,-52.59190004609933,5.5,4.490311867874583
2020-09-24 18:00:00,2,-51.3,-52.616413628756725,5.3,3.7951991995457077
2020-09-24 18:00:00,4,-54.8,-52.849029332148056,4.3,3.2378310606210734
2020-09-24 18:00:00,8,-56.0,-52.94730665783395,3.4,3.090567176362745
2020-09-24 21:00:00,1,-51.3,-51.32346170124357,5.3,5.393218932709557
2020-09-24 21:00:00,2,-53.1,-51.34363744014542,5.0,4.534501697184136
2020-09-24 21:00:00,4,-53.2,-51.32796474236666,4.7,3.870165505345816
2020-09-24 21:00:00,8,-58.300000000000004,-51.46108243378593,4.6,3.8051270934678167
2020-09-25 00:00:00,1,-53.1,-50.99861410326752,5.0,5.051076580988928
2020-09-25 00:00:00,2,-54.8,-50.71377646562604,4.3,4.343028415117433
2020-09-25 00:00:00,4,-52.8,-50.583004455241415,3.8,4.0059238054596795
2020-09-25 00:00:00,8,-60.6,-50.418791111920186,4.2,4.828460326310026
2020-09-25 03:00:00,1,-54.8,-51.07518750745238,4.3,4.407742987002006
2020-09-25 03:00:00,2,-53.2,-50.592927374997004,4.7,3.8966769555361913
2020-09-25 03:00:00,4,-53.7,-50.168805728278414,3.7,3.5535864647255666
2020-09-25 03:00:00,8,-61.1,-49.856877073298435,2.2,4.405207240139842
2020-09-25 06:00:00,1,-53.2,-52.61427718571263,4.7,4.046161704450184
2020-09-25 06:00:00,2,-52.8,-52.138689748016944,3.8,3.5560647391199747
2020-09-25 06:00:00,4,-56.0,-51.60170036038288,3.4,2.9961298676550374
2020-09-25 06:00:00,8,-59.7,-50.843212306925246,4.4,4.562379076580338
2020-09-25 09:00:00,1,-52.8,-52.35395063149074,3.8,4.311104248837054
2020-09-25 09:00:00,2,-53.7,-52.07097526375112,3.7,3.561720501830548
2020-09-25 09:00:00,4,-58.300000000000004,-51.82620504639815,4.6,2.9108423517705564
2020-09-25 09:00:00,8,-57.5,-51.044307015158466,4.0,4.788218748228462
2020-09-25 12:00:00,1,-53.7,-53.52883867752888,3.7,2.7488164078991715
2020-09-25 12:00:00,2,-56.0,-53.18412128338374,3.4,2.2209980618578222
2020-09-25 12:00:00,4,-60.6,-52.327402556679296,4.2,2.4805762782001386
2020-09-25 12:00:00,8,-56.1,-50.778642088978536,3.3,4.749731403419922
2020-09-25 15:00:00,1,-56.0,-53.15298730983538,3.4,2.1423557309080046
2020-09-25 15:00:00,2,-58.300000000000004,-52.547467448048984,4.6,1.9098103026231454
2020-09-25 15:00:00,4,-61.1,-51.34596934159863,2.2,3.2517003807906577
2020-09-25 15:00:00,8,-56.5,-50.115670401414214,3.2,4.599029115306147
2020-09-25 18:00:00,1,-58.300000000000004,-56.46367805471331,4.6,2.2034317350554606
2020-09-25 18:00:00,2,-60.6,-55.66146036449908,4.2,2.138470504109459
2020-09-25 18:00:00,4,-59.7,-53.95230655966193,4.4,3.5159547751890283
2020-09-25 18:00:00,8,-57.6,-52.60406638078034,0.8000000000000003,4.579374984308085
2020-09-25 21:00:00,1,-60.6,-56.645553038795406,4.2,3.230525398861093
2020-09-25 21:00:00,2,-61.1,-55.899111851948426,2.2,3.2401222812282198
2020-09-25 21:00:00,4,-57.5,-54.684069069908084,4.0,4.935656349568965
2020-09-25 21:00:00,8,-58.699999999999996,-54.01940690689665,0.0,4.622218586211034
2020-09-26 00:00:00,1,-61.1,-56.101120155436604,2.2,3.34400024423345
2020-09-26 00:00:00,2,-59.7,-55.24057646910302,4.4,3.242236079002053
2020-09-26 00:00:00,4,-56.1,-54.15292979006001,3.3,3.890951996587622
2020-09-26 00:00:00,8,-59.8,-53.68387499974412,1.1,4.411219994653492
2020-09-26 03:00:00,1,-59.7,-54.37138605039188,4.4,2.3211625423007503
2020-09-26 03:00:00,2,-57.5,-53.438335017146265,4.0,2.4186138797082823
2020-09-26 03:00:00,4,-56.5,-52.56567691723425,3.2,2.623533813034075
2020-09-26 03:00:00,8,-59.7,-52.56856639639088,2.1999999999999997,3.28558091707166
2020-09-26 06:00:00,1,-57.5,-53.131753605292765,4.0,4.377152784491369
2020-09-26 06:00:00,2,-56.1,-52.573850753290344,3.3,4.272515595723994
2020-09-26 06:00:00,4,-57.6,-52.062737055434724,0.8000000000000003,3.874967145738996
2020-09-26 06:00:00,8,-57.55,-52.040450969134,3.3,2.9695564860985035
2020-09-26 09:00:00,1,-56.1,-54.41732897612626,3.3,3.808190656596536
2020-09-26 09:00:00,2,-56.5,-53.967588745904266,3.2,3.159571808362746
2020-09-26 09:00:00,4,-58.699999999999996,-53.37096448204041,0.0,2.584627158485138
2020-09-26 09:00:00,8,-55.4,-52.62986121683834,3.1,2.938697549980084
2020-09-26 12:00:00,1,-56.5,-54.53489924687635,3.2,2.6008010826220973
2020-09-26 12:00:00,2,-57.6,-54.066192368475875,0.8000000000000003,2.552911900592714
2020-09-26 12:00:00,4,-59.8,-53.332166404370525,1.1,2.7762511766449363
2020-09-26 12:00:00,8,-56.75,-52.42979799583453,3.5,2.7575587813777425
2020-09-26 15:00:00,1,-57.6,-56.43765499996681,0.8000000000000003,2.4361871381314795
2020-09-26 15:00:00,2,-58.699999999999996,-55.979400879737234,0.0,2.39032614835861
2020-09-26 15:00:00,4,-59.7,-55.034710963566404,2.1999999999999997,2.6552853286354856
2020-09-26 15:00:00,8,-58.1,-54.10119637799654,4.633333333333334,2.421791121418706
2020-09-26 18:00:00,1,-58.699999999999996,-56.59127049423033,0.0,2.518230975385835
2020-09-26 18:00:00,2,-59.8,-55.72397175086768,1.1,2.917406756662404
2020-09-26 18:00:00,4,-57.55,-54.34127919603567,3.3,3.0620114578875337
2020-09-26 18:00:00,8,-56.3,-53.60101144179381,5.7666666666666675,3.0963181822096084
2020-09-26 21:00:00,1,-59.8,-55.63701556717055,1.1,2.615869359915609
2020-09-26 21:00:00,2,-59.7,-54.89544983039571,2.1999999999999997,3.0938112815541525
2020-09-26 21:00:00,4,-55.4,-53.776256105580686,3.1,3.140635659982858
2020-09-26 21:00:00,8,-55.3,-53.576573669349926,6.9,2.6654949662844842
2020-09-27 00:00:00,1,-59.7,-52.92966622682096,2.1999999999999997,2.5573426992711865
2020-09-27 00:00:00,2,-57.55,-52.164842763129464,3.3,3.313197320943399
2020-09-27 00:00:00,4,-56.75,-51.3835752603184,3.5,4.357521101280784
2020-09-27 00:00:00,8,-56.7,-51.938614953965974,5.85,2.5210744328929415
2020-09-27 03:00:00,1,-57.55,-55.1620492463593,3.3,2.7826378121224296
2020-09-27 03:00:00,2,-55.4,-54.646226196425324,3.1,2.963370281103481
2020-09-27 03:00:00,4,-58.1,-54.33403491883459,4.633333333333334,3.3762436916335514
2020-09-27 03:00:00,8,-57.6,-54.85617694257361,4.8,3.1594353087524443
2020-09-27 06:00:00,1,-55.4,-54.66961870205838,3.1,3.1515738643018447
2020-09-27 06:00:00,2,-56.75,-54.42017459478513,3.5,3.042931851616428
2020-09-27 06:00:00,4,-56.3,-54.40432483388815,5.7666666666666675,2.79668143589595
2020-09-27 06:00:00,8,-56.0,-54.7357502456498,4.8,3.2573270173636812
2020-09-27 09:00:00,1,-56.75,-56.85578802258414,3.5,2.786970928267279
2020-09-27 09:00:00,2,-58.1,-56.865997161357896,4.633333333333334,2.560681820988203
2020-09-27 09:00:00,4,-55.3,-56.992522899159646,6.9,2.1974206334667796
2020-09-27 09:00:00,8,-53.7,-56.76786924956475,5.7,2.8093328169645493
2020-09-27 12:00:00,1,-58.1,-61.03320917063777,4.633333333333334,3.3248061595782357
2020-09-27 12:00:00,2,-56.3,-61.05730848774173,5.7666666666666675,3.199070476651208
2020-09-27 12:00:00,4,-56.7,-60.931284218628825,5.85,2.7996231624584427
2020-09-27 12:00:00,8,-52.2,-60.17739881555611,6.2,3.7196901478341675
2020-09-27 15:00:00,1,-56.3,-60.98507826352287,5.7666666666666675,4.64777387262729
2020-09-27 15:00:00,2,-55.3,-60.882269256799546,6.9,4.285574182856608
2020-09-27 15:00:00,4,-57.6,-60.6307488457992,4.8,3.773315819296779
2020-09-27 15:00:00,8,-53.1,-59.958499086865075,6.6,3.5933462751639915
2020-09-27 18:00:00,1,-55.3,-57.91369494252521,6.9,5.7093287825794725
2020-09-27 18:00:00,2,-56.7,-57.69795389017308,5.85,5.409364917082532
2020-09-27 18:00:00,4,-56.0,-57.527736251854066,4.8,4.533716291223296
2020-09-27 18:00:00,8,-55.3,-57.173398908619504,1.9,3.7592724221339395
2020-09-27 21:00:00,1,-56.7,-55.828176728258576,5.85,6.264377147951134
2020-09-27 21:00:00,2,-57.6,-55.59788155591421,4.8,5.7148243848586215
2020-09-27 21:00:00,4,-53.7,-55.443258080766086,5.7,4.829739263674364
2020-09-27 21:00:00,8,-56.3,-55.27463635213929,4.5,4.914832480894806
2020-09-28 00:00:00,1,-57.6,-55.80116298465122,4.8,5.614648387261075
2020-09-28 00:00:00,2,-56.0,-55.54007630188518,4.8,5.085264934555195
2020-09-28 00:00:00,4,-52.2,-55.49800390746755,6.2,4.336504320266753
2020-09-28 00:00:00,8,-58.1,-55.51446267182608,5.05,3.8021973639413864
2020-09-28 03:00:00,1,-56.0,-56.717661858597495,4.8,4.18866404507586
2020-09-28 03:00:00,2,-53.7,-56.517658709363694,5.7,3.7042946313870124
2020-09-28 03:00:00,4,-53.1,-56.46842975874048,6.6,3.570508337410773
2020-09-28 03:00:00,8,-58.2,-56.4543201878589,5.6,3.580030112083697
2020-09-28 06:00:00,1,-53.7,-55.43265572857719,5.7,4.076354511806297
2020-09-28 06:00:00,2,-52.2,-55.45658176519313,6.2,3.540471551508643
2020-09-28 06:00:00,4,-55.3,-55.91398083087316,1.9,3.313600607975634
2020-09-28 06:00:00,8,-58.2,-56.150191316343076,4.8,3.309834071853859
2020-09-28 09:00:00,1,-52.2,-53.47193657149045,6.2,4.380856722744983
2020-09-28 09:00:00,2,-53.1,-53.68521089864167,6.6,3.540878890873058
2020-09-28 09:00:00,4,-56.3,-54.286332709808576,4.5,2.8752800443143434
2020-09-28 09:00:00,8,-55.0,-54.49093553736071,6.0,3.1436973035858076
2020-09-28 12:00:00,1,-53.1,-53.637349548959556,6.6,4.82641613800543
2020-09-28 12:00:00,2,-55.3,-53.962389610762486,1.9,3.8859895692511355
2020-09-28 12:00:00,4,-58.1,-54.56223307304839,5.05,2.8260664961440676
2020-09-28 12:00:00,8,-54.4,-54.52804007745427,5.2,2.8519263473158114
2020-09-28 15:00:00,1,-55.3,-54.719138554956196,1.9,5.028316763935532
2020-09-28 15:00:00,2,-56.3,-55.05781202654912,4.5,3.9843717166965753
2020-09-28 15:00:00,4,-58.2,-55.56138457828024,5.6,2.665307172679998
2020-09-28 15:00:00,8,-54.2,-55.508036523498824,4.0,2.632787313569035
2020-09-28 18:00:00,1,-56.3,-58.63995561715129,4.5,2.2862199217472448
2020-09-28 18:00:00,2,-58.1,-58.76567007083862,5.05,2.921759601266555
2020-09-28 18:00:00,4,-58.2,-59.241181270523334,4.8,2.7187988105897203
2020-09-28 18:00:00,8,-57.666666666666664,-59.67422470087231,4.0,2.325947600124085
2020-09-28 21:00:00,1,-58.1,-57.517341944325956,5.05,4.9665003560425065
2020-09-28 21:00:00,2,-58.2,-57.569282860674456,5.6,4.697089049023049
2020-09-28 21:00:00,4,-55.0,-57.964434063222875,6.0,4.210680632415193
2020-09-28 21:00:00,8,-61.13333333333333,-58.20739348146344,0.0,3.7573793031734413
2020-09-29 00:00:00,1,-58.2,-57.10464690292849,5.6,5.558335899592202
2020-09-29 00:00:00,2,-58.2,-56.94268008169319,4.8,5.281312606491988
2020-09-29 00:00:00,4,-54.4,-57.055641307612085,5.2,4.620624633339794
2020-09-29 00:00:00,8,-64.6,-57.04496672519897,3.6037479111959896,4.343379101811557
2020-09-29 03:00:00,1,-58.2,-57.808369225844814,4.8,4.952303756729159
2020-09-29 03:00:00,2,-55.0,-57.51738733588831,6.0,4.444498439684677
2020-09-29 03:00:00,4,-54.2,-57.42594531302921,4.0,3.992284348501038
2020-09-29 03:00:00,8,-64.5,-57.43594334501298,3.6037479111959896,4.407740907515755
2020-09-29 06:00:00,1,-55.0,-58.564926967088375,6.0,3.8609162171035174
2020-09-29 06:00:00,2,-54.4,-58.256664221144064,5.2,3.4295510817294454
2020-09-29 06:00:00,4,-57.666666666666664,-58.15980583209479,4.0,3.588051083372253
2020-09-29 06:00:00,8,-53.29175178959221,-58.10755510032071,3.6037479111959896,4.2712586795858485
2020-09-29 09:00:00,1,-54.4,-55.53258020958819,5.2,4.816066801536513
2020-09-29 09:00:00,2,-54.2,-55.52411972671647,4.0,4.2048198936784855
2020-09-29 09:00:00,4,-61.13333333333333,-56.03418561349214,0.0,3.921980597456034
2020-09-29 09:00:00,8,-53.29175178959221,-56.31002149189337,3.6037479111959896,3.8503993486910186
2020-09-29 12:00:00,1,-54.2,-56.52242050040472,4.0,4.229834726950203
2020-09-29 12:00:00,2,-57.666666666666664,-56.401024729649734,4.0,3.55884954445078
2020-09-29 12:00:00,4,-64.6,-56.473783081094055,3.6037479111959896,3.457105607555187
2020-09-29 12:00:00,8,-53.29175178959221,-55.97906584677702,3.6037479111959896,3.63937415703852
2020-09-29 15:00:00,1,-57.666666666666664,-54.340799882752265,4.0,2.9852932382413737
2020-09-29 15:00:00,2,-61.13333333333333,-54.03354610838142,0.0,2.6930773252338884
2020-09-29 15:00:00,4,-64.5,-53.75654644075655,3.6037479111959896,3.593604604675501
2020-09-29 15:00:00,8,-53.29175178959221,-53.28625914343514,3.6037479111959896,3.9446744574711716
2020-09-29 18:00:00,1,-61.13333333333333,-59.01149492151528,0.0,2.621035123683302
2020-09-29 18:00:00,2,-64.6,-58.40050972198706,3.6037479111959896,1.9945013791947983
2020-09-29 18:00:00,4,-53.29175178959221,-57.174051682516186,3.6037479111959896,2.1780159341784815
2020-09-29 18:00:00,8,-53.29175178959221,-56.18286423497414,3.6037479111959896,3.8738096183796014
2020-09-29 21:00:00,1,-64.6,-57.82278861215197,3.6037479111959896,1.7675243885280236
2020-09-29 21:00:00,2,-64.5,-56.94336167562946,3.6037479111959896,2.231015213728231
2020-09-29 21:00:00,4,-53.29175178959221,-55.416363940323016,3.6037479111959896,3.0478567149000013
2020-09-29 21:00:00,8,-53.29175178959221,-54.67508370206536,3.6037479111959896,3.3520695040087185
2020-09-30 00:00:00,1,-64.5,-58.1714822711341,3.6037479111959896,3.45526332936751
2020-09-30 00:00:00,2,-53.29175178959221,-57.533436495434195,3.6037479111959896,3.403437559895197
2020-09-30 00:00:00,4,-53.29175178959221,-56.66594357705482,3.6037479111959896,3.8315207594241465
2020-09-30 00:00:00,8,-53.29175178959221,-56.31306200606997,3.6037479111959896,3.7883838833096495
2020-09-30 03:00:00,1,-53.29175178959221,-58.49876984571182,3.6037479111959896,3.5704312497890562
2020-09-30 03:00:00,2,-53.29175178959221,-57.85150778160198,3.6037479111959896,3.831529450610271
2020-09-30 03:00:00,4,-53.29175178959221,-57.16763093794634,3.6037479111959896,4.212082579389285
2020-09-30 03:00:00,8,-62.0,-57.13354943988038,3.6037479111959896,2.7439952523273314
2020-09-30 06:00:00,1,-53.29175178959221,-56.33655934459703,3.6037479111959896,3.848280272221318
2020-09-30 06:00:00,2,-53.29175178959221,-55.95151641068381,3.6037479111959896,3.9310873875699994
2020-09-30 06:00:00,4,-53.29175178959221,-55.81331279284077,3.6037479111959896,3.4732000579932567
2020-09-30 06:00:00,8,-59.9,-55.76150444867437,3.6037479111959896,3.356573031385805
2020-09-30 09:00:00,1,-53.29175178959221,-55.30859950791769,3.6037479111959896,3.541224865398018
2020-09-30 09:00:00,2,-53.29175178959221,-54.93975307600275,3.6037479111959896,3.4622740373308933
2020-09-30 09:00:00,4,-53.29175178959221,-54.72093818630325,3.6037479111959896,3.1735216686344248
2020-09-30 09:00:00,8,-57.8,-54.20269119091462,5.8,3.42490382986034
2020-09-30 12:00:00,1,-53.29175178959221,-53.14422241529551,3.6037479111959896,3.1974236568410572
2020-09-30 12:00:00,2,-53.29175178959221,-53.09091835610578,3.6037479111959896,2.8481229669632864
2020-09-30 12:00:00,4,-53.29175178959221,-53.27166377476125,3.6037479111959896,2.577399290838998
2020-09-30 12:00:00,8,-55.7,-52.85974777505891,5.9,3.5112918938479423
2020-09-30 15:00:00,1,-53.29175178959221,-53.99771100096912,3.6037479111959896,3.094077669074883
2020-09-30 15:00:00,2,-53.29175178959221,-53.929121918564405,3.6037479111959896,2.754827829408814
2020-09-30 15:00:00,4,-62.0,-54.0623342658012,3.6037479111959896,2.386897342132012
2020-09-30 15:00:00,8,-53.6,-53.75604704350806,2.9,3.716955996655623
2020-09-30 18:00:00,1,-53.29175178959221,-56.473680049452526,3.6037479111959896,3.4442434119029035
2020-09-30 18:00:00,2,-53.29175178959221,-56.29880293123303,3.6037479111959896,3.257416781853503
2020-09-30 18:00:00,4,-59.9,-56.20239197329837,3.6037479111959896,2.8274725487705004
2020-09-30 18:00:00,8,-56.05,-56.04421750902243,1.9,3.6255624759621927
2020-09-30 21:00:00,1,-53.29175178959221,-56.69579645481214,3.6037479111959896,3.134285228894192
2020-09-30 21:00:00,2,-62.0,-57.0003572666713,3.6037479111959896,2.9181892833345895
2020-09-30 21:00:00,4,-57.8,-57.56813474234735,5.8,2.8032767131605967
2020-09-30 21:00:00,8,-58.5,-57.951219354570526,0.8999999999999999,3.674536723253157
2020-10-01 00:00:00,1,-62.0,-58.44178902494026,3.6037479111959896,3.1937110807214797
2020-10-01 00:00:00,2,-59.9,-58.85128360094142,3.6037479111959896,2.943248798900616
2020-10-01 00:00:00,4,-55.7,-59.671677729873664,5.9,3.27188150159279
2020-10-01 00:00:00,8,-59.6,-60.38057793315257,3.7,3.651346825786988
2020-10-01 03:00:00,1,-59.9,-59.88811982968879,3.6037479111959896,3.587960878991109
2020-10-01 03:00:00,2,-57.8,-59.82243895946644,5.8,3.5974364379985517
2020-10-01 03:00:00,4,-53.6,-60.111163159571674,2.9,3.882047263221016
2020-10-01 03:00:00,8,-60.5,-60.353593009584806,3.9,3.2379008300507923
2020-10-01 06:00:00,1,-57.8,-57.08030513724149,5.8,3.944843055817959
2020-10-01 06:00:00,2,-55.7,-57.00810157155925,5.9,4.021807747904987
2020-10-01 06:00:00,4,-56.05,-57.71704500489754,1.9,4.330813032999397
2020-10-01 06:00:00,8,-53.29175178959221,-58.387721910171116,2.9,3.1375363723467555
2020-10-01 09:00:00,1,-55.7,-53.698350405003225,5.9,5.585166177680938
2020-10-01 09:00:00,2,-53.6,-53.95572551698337,2.9,5.4413585062115875
2020-10-01 09:00:00,4,-58.5,-55.045566751978434,0.8999999999999999,5.284773831376032
2020-10-01 09:00:00,8,-53.29175178959221,-55.64178384272048,1.6999999999999997,3.6263027530723804
2020-10-01 12:00:00,1,-53.6,-52.48390064030873,2.9,6.0589388360271546
2020-10-01 12:00:00,2,-56.05,-52.76501722807317,1.9,5.649339549938727
2020-10-01 12:00:00,4,-59.6,-53.6786684794672,3.7,5.632920353064506
2020-10-01 12:00:00,8,-53.29175178959221,-53.87959873334952,1.4,4.906319704026376
2020-10-01 15:00:00,1,-56.05,-58.12205950574465,1.9,3.019121947326589
2020-10-01 15:00:00,2,-58.5,-58.39074585282495,0.8999999999999999,3.1898024197124935
2020-10-01 15:00:00,4,-60.5,-59.029134947246455,3.9,2.793168970337882
2020-10-01 15:00:00,8,-53.29175178959221,-58.96210385816938,3.7,2.736082700503109
2020-10-01 18:00:00,1,-58.5,-57.018906924902,0.8999999999999999,1.4585846072505104
2020-10-01 18:00:00,2,-59.6,-57.04405961445292,3.7,1.7495486695350762
2020-10-01 18:00:00,4,-53.29175178959221,-57.175660561226216,2.9,2.7413250853411157
2020-10-01 18:00:00,8,-53.29175178959221,-57.25142196079567,3.8,2.9523900604981987
2020-10-01 21:00:00,1,-59.6,-57.24809252572219,3.7,1.7748591097753537
2020-10-01 21:00:00,2,-60.5,-57.211492876697186,3.9,2.359943787832722
2020-10-01 21:00:00,4,-53.29175178959221,-57.28341580724393,1.6999999999999997,3.5531403749346717
2020-10-01 21:00:00,8,-53.29175178959221,-57.76458005769394,3.1,3.265096724478529
2020-10-02 00:00:00,1,-60.5,-56.118881945835035,3.9,2.778418481199605
2020-10-02 00:00:00,2,-53.29175178959221,-55.9878444308357,2.9,2.51527511898087
2020-10-02 00:00:00,4,-53.29175178959221,-55.894144357874836,1.4,3.4158201540358535
2020-10-02 00:00:00,8,-59.2,-56.310346077589244,4.0,3.5111194964397354
2020-10-02 03:00:00,1,-53.29175178959221,-56.00926780726386,2.9,3.7152743854408925
2020-10-02 03:00:00,2,-53.29175178959221,-55.88577717988129,1.6999999999999997,3.247064726056412
2020-10-02 03:00:00,4,-53.29175178959221,-55.94886784904562,3.7,3.0332022020502185
2020-10-02 03:00:00,8,-58.0,-56.219432181955604,0.0,3.1667716296045825
2020-10-02 06:00:00,1,-53.29175178959221,-54.65993859113632,1.6999999999999997,3.6871965089120193
2020-10-02 06:00:00,2,-53.29175178959221,-54.482047977527344,1.4,3.528642234011073
2020-10-02 06:00:00,4,-53.29175178959221,-54.70758658246285,3.8,3.6276658896348124
2020-10-02 06:00:00,8,-55.833333333333336,-54.94855345521637,1.3000000000000003,3.400906478547057
2020-10-02 09:00:00,1,-53.29175178959221,-54.12037323233878,1.4,2.4593705305380955
2020-10-02 09:00:00,2,-53.29175178959221,-54.035446429741796,3.7,2.6468301375401517
2020-10-02 09:00:00,4,-53.29175178959221,-54.22525187815505,3.1,3.346709974778589
2020-10-02 09:00:00,8,-53.666666666666664,-54.39311599999117,0.6000000000000001,3.17224153156648
2020-10-02 12:00:00,1,-53.29175178959221,-53.57276942412424,3.7,2.402649717081842
2020-10-02 12:00:00,2,-53.29175178959221,-53.63088215195064,3.8,2.6069630802643546
2020-10-02 12:00:00,4,-59.2,-53.83190057714157,4.0,3.331102657324785
2020-10-02 12:00:00,8,-51.5,-53.72196464481586,1.5999999999999999,2.8972558950512273
2020-10-02 15:00:00,1,-53.29175178959221,-56.1297842065609,3.8,3.7891735548833116
2020-10-02 15:00:00,2,-53.29175178959221,-56.33337617122447,3.1,3.563568925166696
2020-10-02 15:00:00,4,-58.0,-56.516360726830726,0.0,3.350554624935166
2020-10-02 15:00:00,8,-51.7,-56.40081506386173,1.9,2.271008746424198
2020-10-02 18:00:00,1,-53.29175178959221,-54.664402094767595,3.1,3.963967770944657
2020-10-02 18:00:00,2,-59.2,-54.82909150911778,4.0,3.549233173565073
2020-10-02 18:00:00,4,-55.833333333333336,-54.91726425873605,1.3000000000000003,3.0251607220784527
2020-10-02 18:00:00,8,-53.29175178959221,-54.773162980041704,2.2,1.7064058348926685
2020-10-02 21:00:00,1,-59.2,-53.28601412806732,4.0,3.655843121617337
2020-10-02 21:00:00,2,-58.0,-53.2432118211158,0.0,3.5494889103837886
2020-10-02 21:00:00,4,-53.666666666666664,-52.92464253367018,0.6000000000000001,3.141930486754959
2020-10-02 21:00:00,8,-53.29175178959221,-52.83650189137727,1.3000000000000003,1.3190018120006535
2020-10-03 00:00:00,1,-58.0,-55.48862712746216,0.0,3.8194540872331153
2020-10-03 00:00:00,2,-55.833333333333336,-55.2654589707828,1.3000000000000003,3.6881294650863787
2020-10-03 00:00:00,4,-51.5,-55.00203984618781,1.5999999999999999,3.52137892845341
2020-10-03 00:00:00,8,-53.29175178959221,-55.141388340103504,3.6037479111959896,0.9037096390400614
2020-10-03 03:00:00,1,-55.833333333333336,-55.988287899194866,1.3000000000000003,3.401722130368813
2020-10-03 03:00:00,2,-53.666666666666664,-55.98755875219328,0.6000000000000001,4.177686543798751
2020-10-03 03:00:00,4,-51.7,-56.31312432940558,1.9,3.0080836077466078
2020-10-03 03:00:00,8,-53.29175178959221,-56.85443348072348,3.6037479111959896,1.076801382373969
2020-10-03 06:00:00,1,-53.666666666666664,-51.8497745250868,0.6000000000000001,3.00836988368712
2020-10-03 06:00:00,2,-51.5,-51.96735452260026,1.5999999999999999,3.299672422349107
2020-10-03 06:00:00,4,-53.29175178959221,-52.54718516927061,2.2,3.0694021119829915
2020-10-03 06:00:00,8,-53.29175178959221,-53.23092881030577,3.6037479111959896,1.1077473369939557
2020-10-03 09:00:00,1,-51.5,-53.43973648163389,1.5999999999999999,2.138524784032618
2020-10-03 09:00:00,2,-51.7,-53.59444128333123,1.9,2.3856388797092185
2020-10-03 09:00:00,4,-53.29175178959221,-54.14508281378102,1.3000000000000003,2.330928556216267
2020-10-03 09:00:00,8,-53.29175178959221,-54.287314212281814,3.6037479111959896,1.6066702618189863
2020-10-03 12:00:00,1,-51.7,-54.33543359138088,1.9,2.388615104415408
2020-10-03 12:00:00,2,-53.29175178959221,-54.598078717787665,2.2,2.086957150786233
2020-10-03 12:00:00,4,-53.29175178959221,-55.19798657484952,3.6037479111959896,1.632472953778916
2020-10-03 12:00:00,8,-57.7,-55.4368967775279,3.6037479111959896,1.810065878402858
2020-10-03 15:00:00,1,-53.29175178959221,-55.08793923505828,2.2,2.0811553841467885
2020-10-03 15:00:00,2,-53.29175178959221,-55.2932931848922,1.3000000000000003,1.6870911400349131
2020-10-03 15:00:00,4,-53.29175178959221,-55.74650722057347,3.6037479111959896,1.492720813700028
2020-10-03 15:00:00,8,-57.9,-55.92663751150897,3.3,1.9892675789025955
2020-10-03 18:00:00,1,-53.29175178959221,-55.61906284400984,1.3000000000000003,2.194912239846836
2020-10-03 18:00:00,2,-53.29175178959221,-55.76092408512716,3.6037479111959896,1.5845588179145247
2020-10-03 18:00:00,4,-53.29175178959221,-56.15612067923793,3.6037479111959896,1.3168794563410962
2020-10-03 18:00:00,8,-61.1,-56.54860891012836,2.1,2.197537617898421
2020-10-03 21:00:00,1,-53.29175178959221,-55.6846659001253,3.6037479111959896,1.8579875857300083
2020-10-03 21:00:00,2,-53.29175178959221,-55.946902682596175,3.6037479111959896,1.5602237100459844
2020-10-03 21:00:00,4,-53.29175178959221,-56.51736258345692,3.6037479111959896,1.6879643109795648
2020-10-03 21:00:00,8,-60.35,-57.12034806049635,0.0,2.087069976245373
2020-10-04 00:00:00,1,-53.29175178959221,-57.153720225337935,3.6037479111959896,3.6304146905273926
2020-10-04 00:00:00,2,-53.29175178959221,-57.3322066932654,3.6037479111959896,3.2145778454645786
2020-10-04 00:00:00,4,-57.7,-58.25913265753483,3.6037479111959896,3.124172473976411
2020-10-04 00:00:00,8,-59.6,-59.33630757519333,3.8,3.28387795113274
2020-10-04 03:00:00,1,-53.29175178959221,-58.15107119859648,3.6037479111959896,3.657147572678367
2020-10-04 03:00:00,2,-53.29175178959221,-58.493853867459,3.6037479111959896,3.432270063322392
2020-10-04 03:00:00,4,-57.9,-59.63790928948774,3.3,3.508477955714567
2020-10-04 03:00:00,8,-59.0,-60.77542688553581,3.1,3.2709178196760726
2020-10-04 06:00:00,1,-53.29175178959221,-58.245141248815564,3.6037479111959896,4.16022531103229
2020-10-04 06:00:00,2,-57.7,-58.698126705557854,3.6037479111959896,3.8505985794698834
2020-10-04 06:00:00,4,-61.1,-59.92368159703812,2.1,3.847677834390459
2020-10-04 06:00:00,8,-56.53333333333333,-60.80749278208304,5.9,2.9591372468994663
2020-10-04 09:00:00,1,-57.7,-58.19607224941206,3.6037479111959896,4.1465254956522175
2020-10-04 09:00:00,2,-57.9,-58.77008025739666,3.3,3.857165223808462
2020-10-04 09:00:00,4,-60.35,-60.08552124984873,0.0,3.8336493802025364
2020-10-04 09:00:00,8,-54.06666666666667,-60.83247399239841,5.0,3.246251380331588
2020-10-04 12:00:00,1,-57.9,-59.342472902162314,3.3,4.0995131103383855
2020-10-04 12:00:00,2,-61.1,-59.54855707974931,2.1,4.013394813036671
2020-10-04 12:00:00,4,-59.6,-60.19313743917543,3.8,4.124660390888224
2020-10-04 12:00:00,8,-51.6,-60.43230341970516,3.6,2.8311418822400953
2020-10-04 15:00:00,1,-61.1,-62.526657858109644,2.1,3.7140813601847955
2020-10-04 15:00:00,2,-60.35,-62.59083432226548,0.0,3.649341614519553
2020-10-04 15:00:00,4,-59.0,-62.674114870163585,3.1,3.2700245736910776
2020-10-04 15:00:00,8,-54.9,-62.25697794016453,3.6,2.7888999983458422
2020-10-04 18:00:00,1,-60.35,-61.374204997045794,0.0,3.5826502710080312
2020-10-04 18:00:00,2,-59.6,-61.28947912416232,3.8,3.892371512554524
2020-10-04 18:00:00,4,-56.53333333333333,-60.95444832544814,5.9,3.3766135735853737
2020-10-04 18:00:00,8,-57.9,-60.64397652346936,0.0,2.431934108867362
2020-10-04 21:00:00,1,-59.6,-60.606137972992535,3.8,2.836852471405471
2020-10-04 21:00:00,2,-59.0,-60.4184236886393,3.1,3.426990167751632
2020-10-04 21:00:00,4,-54.06666666666667,-60.25800918678634,5.0,2.7880131241200004
2020-10-04 21:00:00,8,-60.900000000000006,-60.46560497544975,0.6200000000000001,0.8892524107832931
2020-10-05 00:00:00,1,-59.0,-57.865052119457125,3.1,4.139146838592822
2020-10-05 00:00:00,2,-56.53333333333333,-57.5472495801585,5.9,4.256345350678093
2020-10-05 00:00:00,4,-51.6,-57.03881004424186,3.6,4.1281633654577625
2020-10-05 00:00:00,8,-63.900000000000006,-57.08619127007696,1.2399999999999998,2.9073734487834324
2020-10-05 03:00:00,1,-56.53333333333333,-58.290194175702396,5.9,3.530206827469061
2020-10-05 03:00:00,2,-54.06666666666667,-58.12655903442541,5.0,3.4401163381873934
2020-10-05 03:00:00,4,-54.9,-58.07910647899234,3.6,2.727744227238616
2020-10-05 03:00:00,8,-66.9,-58.1763370068028,1.8599999999999999,2.169531630275638
2020-10-05 06:00:00,1,-54.06666666666667,-53.88688876236344,5.0,6.523968267772236
2020-10-05 06:00:00,2,-51.6,-54.09375846615447,3.6,6.530294171587176
2020-10-05 06:00:00,4,-57.9,-54.76778588115546,0.0,5.360773081981055
2020-10-05 06:00:00,8,-63.800000000000004,-55.06845886967413,2.48,3.2185387335705533
2020-10-05 09:00:00,1,-51.6,-53.88702907993119,3.6,5.471733508555357
2020-10-05 09:00:00,2,-54.9,-54.23465387569508,3.6,5.003311848213626
2020-10-05 09:00:00,4,-60.900000000000006,-55.11411341488738,0.6200000000000001,4.126900904022948
2020-10-05 09:00:00,8,-60.7,-55.17766808668908,3.1,2.834206351811539
2020-10-05 12:00:00,1,-54.9,-55.60503396923911,3.6,3.89180885156323
2020-10-05 12:00:00,2,-57.9,-55.864061280051295,0.0,3.467149926047255
2020-10-05 12:00:00,4,-63.900000000000006,-56.324034155391836,1.2399999999999998,2.453628269197517
2020-10-05 12:00:00,8,-57.6,-55.965588155263426,1.1999999999999997,1.9951331164537278
2020-10-05 15:00:00,1,-57.9,-57.428433923447685,0.0,3.5304672164717603
2020-10-05 15:00:00,2,-60.900000000000006,-57.48817786551479,0.6200000000000001,2.9502084661405767
2020-10-05 15:00:00,4,-66.9,-57.444542164074726,1.8599999999999999,2.4338351858617813
2020-10-05 15:00:00,8,-54.5,-57.00153384478751,3.8,1.419772862586862
2020-10-05 18:00:00,1,-60.900000000000006,-59.83126365558846,0.6200000000000001,2.006481352805223
2020-10-05 18:00:00,2,-63.900000000000006,-59.638361043608285,1.2399999999999998,2.4025497951014883
2020-10-05 18:00:00,4,-63.800000000000004,-59.28164244460272,2.48,1.959017239093547
2020-10-05 18:00:00,8,-56.6,-59.31205695288153,3.9,0.8420932883883854
2020-10-05 21:00:00,1,-63.900000000000006,-59.547957622925864,1.2399999999999998,1.4765308935149868
2020-10-05 21:00:00,2,-66.9,-59.14929722030705,1.8599999999999999,1.9459539064666689
2020-10-05 21:00:00,4,-60.7,-58.4578626815198,3.1,3.0449652692486477
2020-10-05 21:00:00,8,-58.7,-58.24430907017244,3.7,2.027897928380991
2020-10-06 00:00:00,1,-66.9,-62.868125612665935,1.8599999999999999,2.2338635766900827
2020-10-06 00:00:00,2,-63.800000000000004,-62.3396381367105,2.48,2.7482419364923762
2020-10-06 00:00:00,4,-57.6,-61.460462655033396,1.1999999999999997,3.585539430557513
2020-10-06 00:00:00,8,-57.4,-61.32197876230536,3.3,2.615746510266337
2020-10-06 03:00:00,1,-63.800000000000004,-61.052429255039385,2.48,2.7563168482046336
2020-10-06 03:00:00,2,-60.7,-60.37051829833418,3.1,3.3545392938326235
2020-10-06 03:00:00,4,-54.5,-59.763955173630336,3.8,4.100038047316286
2020-10-06 03:00:00,8,-55.9,-59.95464872957604,3.9,2.2296538433961075
2020-10-06 06:00:00,1,-60.7,-59.57719699409045,3.1,3.8155569700388283
2020-10-06 06:00:00,2,-57.6,-59.09940684977527,1.1999999999999997,3.9305172084361066
2020-10-06 06:00:00,4,-56.6,-58.78006496011212,3.9,3.5960390299031033
2020-10-06 06:00:00,8,-53.833333333333336,-58.58017997304063,3.5,2.231889451076088
2020-10-06 09:00:00,1,-57.6,-57.77769245520575,1.1999999999999997,3.747487200408916
2020-10-06 09:00:00,2,-54.5,-57.68014922996576,3.8,3.5531806249906586
2020-10-06 09:00:00,4,-58.7,-57.7753425412278,3.7,2.7140296421741477
2020-10-06 09:00:00,8,-51.766666666666666,-57.453356052681904,3.4,2.263155539938361
2020-10-06 12:00:00,1,-54.5,-56.73483499968734,3.8,2.186707866785433
2020-10-06 12:00:00,2,-56.6,-56.84659983371281,3.9,2.2555496323558764
2020-10-06 12:00:00,4,-57.4,-57.22644255173277,3.3,2.0630630006431607
2020-10-06 12:00:00,8,-49.7,-56.7997521388606,3.3,2.4040226045685844
2020-10-06 15:00:00,1,-56.6,-58.44346491024234,3.9,3.754608707665349
2020-10-06 15:00:00,2,-58.7,-58.738356598819536,3.7,3.3137421730011623
2020-10-06 15:00:00,4,-55.9,-59.01169089778448,3.9,1.7504107498863906
2020-10-06 15:00:00,8,-50.3,-58.735783689785265,3.5,1.9332688270567766
2020-10-06 18:00:00,1,-58.7,-57.927204336082355,3.7,3.4172848188484677
2020-10-06 18:00:00,2,-57.4,-58.00902262722184,3.3,2.758760511150004
2020-10-06 18:00:00,4,-53.833333333333336,-58.06695631055229,3.5,2.2245812832685745
2020-10-06 18:00:00,8,-54.6,-57.792965635185716,3.7,2.688294453537125
2020-10-06 21:00:00,1,-57.4,-58.04384480030522,3.3,2.5158246365526566
2020-10-06 21:00:00,2,-55.9,-58.09193391836271,3.9,1.8944299957517088
2020-10-06 21:00:00,4,-51.766666666666666,-58.046098887651546,3.4,1.7529180771031283
2020-10-06 21:00:00,8,-56.2,-58.10671931917264,4.0,3.072560638317159
2020-10-07 00:00:00,1,-55.9,-58.185365604704906,3.9,2.3379886786381845
2020-10-07 00:00:00,2,-53.833333333333336,-58.24791733912893,3.5,1.8128083475264052
2020-10-07 00:00:00,4,-49.7,-58.31505974560892,3.3,1.7194372820637025
2020-10-07 00:00:00,8,-57.8,-58.57108148654252,4.2,2.6160908518613883
2020-10-07 03:00:00,1,-53.833333333333336,-57.43625784369499,3.5,2.8656929728567073
2020-10-07 03:00:00,2,-51.766666666666666,-57.658455305415956,3.4,2.351621897138074
2020-10-07 03:00:00,4,-50.3,-58.10520770809622,3.5,2.1995187817735724
2020-10-07 03:00:00,8,-59.4,-58.560855415995505,3.5,2.76799956192153
2020-10-07 06:00:00,1,-51.766666666666666,-54.37884143438294,3.4,2.9999189048844483
2020-10-07 06:00:00,2,-49.7,-54.68384553447603,3.3,2.5991366404989753
2020-10-07 06:00:00,4,-54.6,-55.580379866373065,3.7,2.899103012043449
2020-10-07 06:00:00,8,-56.5,-56.257523268029324,2.8,2.6006538123394196
2020-10-07 09:00:00,1,-49.7,-52.52735608140743,3.3,3.111053688382848
2020-10-07 09:00:00,2,-50.3,-52.890681156628595,3.5,3.0084305620295124
2020-10-07 09:00:00,4,-56.2,-53.75888806897313,4.0,3.4351986597954167
2020-10-07 09:00:00,8,-53.599999999999994,-54.020151724794765,3.5,2.845908047505493
2020-10-07 12:00:00,1,-50.3,-53.949929176583744,3.5,3.1725172767753382
2020-10-07 12:00:00,2,-54.6,-54.300720934447924,3.7,3.080685457699433
2020-10-07 12:00:00,4,-57.8,-54.91544931674296,4.2,2.7018728589122527
2020-10-07 12:00:00,8,-50.699999999999996,-55.08716992012651,3.2,1.7244018155465202
2020-10-07 15:00:00,1,-54.6,-55.47603565216591,3.7,3.366522533302865
2020-10-07 15:00:00,2,-56.2,-56.013128611817244,4.0,2.999969399076228
2020-10-07 15:00:00,4,-59.4,-56.836878113858596,3.5,1.9025034144994788
2020-10-07 15:00:00,8,-47.8,-57.25045360746549,3.9,0.9414937975749038
2020-10-07 18:00:00,1,-56.2,-57.310615079856134,4.0,3.4385206524109453
2020-10-07 18:00:00,2,-57.8,-57.87214184919591,4.2,3.0264466443837876
2020-10-07 18:00:00,4,-56.5,-58.62498865009195,2.8,2.030998282420299
2020-10-07 18:00:00,8,-50.699999999999996,-59.19826102656605,3.7,1.2496297241161218
2020-10-07 21:00:00,1,-57.8,-58.92042575791836,4.2,3.4681653951696387
2020-10-07 21:00:00,2,-59.4,-59.19592300085443,3.5,2.8090933028045972
2020-10-07 21:00:00,4,-53.599999999999994,-59.5776768477496,3.5,2.4173526446371545
2020-10-07 21:00:00,8,-53.6,-60.003435292591575,3.1,2.918397285279819
2020-10-08 00:00:00,1,-59.4,-58.013057072513746,3.5,3.5128150308813173
2020-10-08 00:00:00,2,-56.5,-58.15290127111036,2.8,2.9331428156431905
2020-10-08 00:00:00,4,-50.699999999999996,-58.45169231104389,3.2,2.9141839262149456
2020-10-08 00:00:00,8,-56.5,-58.92529202160289,3.3,2.906265562493253
2020-10-08 03:00:00,1,-56.5,-56.06217671669205,2.8,3.0222700229093427
2020-10-08 03:00:00,2,-53.599999999999994,-56.078047912493474,3.5,2.750896000790189
2020-10-08 03:00:00,4,-47.8,-56.53023325288668,3.9,2.8923564121639442
2020-10-08 03:00:00,8,-54.5,-57.28343670177263,3.2,2.989135222389937
2020-10-08 06:00:00,1,-53.599999999999994,-54.87125216490666,3.5,2.840055413433147
2020-10-08 06:00:00,2,-50.699999999999996,-54.891863356594165,3.2,2.7086595022321234
2020-10-08 06:00:00,4,-50.699999999999996,-55.58566257962965,3.7,3.2324037881273155
2020-10-08 06:00:00,8,-51.333333333333336,-56.357112355829614,3.7,3.142312712323885
2020-10-08 09:00:00,1,-50.699999999999996,-53.553847447007115,3.2,3.025505703515427
2020-10-08 09:00:00,2,-47.8,-54.00551357637461,3.9,2.625436382992982
2020-10-08 09:00:00,4,-53.6,-55.14914057050233,3.1,2.863465149920127
2020-10-08 09:00:00,8,-48.166666666666664,-55.82026382613904,3.3,3.0928454934911045
2020-10-08 12:00:00,1,-47.8,-53.00867150197135,3.9,2.7715779311976974
2020-10-08 12:00:00,2,-50.699999999999996,-53.70283975660751,3.7,2.477561662978551
2020-10-08 12:00:00,4,-56.5,-55.026451140220324,3.3,2.796170255519401
2020-10-08 12:00:00,8,-45.0,-55.4904209948013,3.2,3.153848582319386
2020-10-08 15:00:00,1,-50.699999999999996,-55.125328913418514,3.7,3.285403574218588
2020-10-08 15:00:00,2,-53.6,-55.710450108793715,3.1,3.0075809052755416
2020-10-08 15:00:00,4,-54.5,-56.64315701275411,3.2,2.3672344666276652
2020-10-08 15:00:00,8,-47.3,-56.98911348847632,3.6,2.3653731664728106
2020-10-08 18:00:00,1,-53.6,-55.327405664500716,3.1,3.260120060659249
2020-10-08 18:00:00,2,-56.5,-55.78051594803947,3.3,2.7623042756421534
2020-10-08 18:00:00,4,-51.333333333333336,-56.4043192204252,3.7,2.5812547649881106
2020-10-08 18:00:00,8,-50.4,-56.618645208833534,3.5,2.9740699843455607
2020-10-08 21:00:00,1,-56.5,-56.045659231502846,3.3,2.947741235684365
2020-10-08 21:00:00,2,-54.5,-56.097520172241495,3.2,2.676562312031655
2020-10-08 21:00:00,4,-48.166666666666664,-56.21105599769968,3.3,3.321169671327369
2020-10-08 21:00:00,8,-53.5,-56.556418780606364,5.9,4.130782558370756
2020-10-09 00:00:00,1,-54.5,-55.2820782267368,3.2,3.165301299524939
2020-10-09 00:00:00,2,-51.333333333333336,-55.32855828595901,3.7,2.9931894207763916
2020-10-09 00:00:00,4,-45.0,-55.69310080521189,3.2,3.420648734440012
2020-10-09 00:00:00,8,-56.6,-56.56716072986202,4.7,3.9530149835618356
2020-10-09 03:00:00,1,-51.333333333333336,-53.44466975191046,3.7,3.1611680806609574
2020-10-09 03:00:00,2,-48.166666666666664,-53.51494039356254,3.3,3.12659251609078
2020-10-09 03:00:00,4,-47.3,-54.11629051348056,3.6,3.8636240014628065
2020-10-09 03:00:00,8,-56.4,-55.05703784823567,4.0,3.86123947057518
2020-10-09 06:00:00,1,-48.166666666666664,-50.769835765631754,3.3,3.6180663145995924
2020-10-09 06:00:00,2,-45.0,-51.130084819486925,3.2,3.683791290191323
2020-10-09 06:00:00,4,-50.4,-52.07881458470708,3.5,4.396444338399566
2020-10-09 06:00:00,8,-52.3,-52.73612538605784,4.1,3.666929762597507
2020-10-09 09:00:00,1,-45.0,-48.58009528195047,3.2,3.6661305133900557
2020-10-09 09:00:00,2,-47.3,-49.242901074161914,3.6,3.715461299262734
2020-10-09 09:00:00,4,-53.5,-50.56828137776709,5.9,4.494794067187559
2020-10-09 09:00:00,8,-50.55,-51.0472960135143,5.2,3.8098241730266986
2020-10-09 12:00:00,1,-47.3,-49.87377480288496,3.6,3.562032937974695
2020-10-09 12:00:00,2,-50.4,-50.659712593111344,3.5,3.758040833071924
2020-10-09 12:00:00,4,-56.6,-51.85421362174706,4.7,3.8148015833282227
2020-10-09 12:00:00,8,-48.8,-51.84532597185106,4.3,3.272721080836469
2020-10-09 15:00:00,1,-50.4,-52.47266055468132,3.5,4.007586861258634
2020-10-09 15:00:00,2,-53.5,-53.0621548758449,5.9,3.82380759833927
2020-10-09 15:00:00,4,-56.4,-53.810706590216,4.0,3.6735313383060855
2020-10-09 15:00:00,8,-49.4,-53.63804915542057,4.8,4.503382132122296
2020-10-09 18:00:00,1,-53.5,-55.19842662082899,5.9,3.8332993066902556
2020-10-09 18:00:00,2,-56.6,-55.51662327416899,4.7,3.5502175437039765
2020-10-09 18:00:00,4,-52.3,-55.972361224817234,4.1,3.709564902668843
2020-10-09 18:00:00,8,-52.5,-56.02718234387212,4.2,4.974257053038247
2020-10-09 21:00:00,1,-56.6,-56.961283417247614,4.7,4.6305852658403115
2020-10-09 21:00:00,2,-56.4,-56.98269418490846,4.0,4.256889962795135
2020-10-09 21:00:00,4,-50.55,-57.04029787878562,5.2,5.058853433005253
2020-10-09 21:00:00,8,-53.05,-57.29708046876436,3.8,5.222697114460549
2020-10-10 00:00:00,1,-56.4,-54.42968196559491,4.0,4.434832827630958
2020-10-10 00:00:00,2,-52.3,-54.28109160548415,4.1,4.574778999773083
2020-10-10 00:00:00,4,-48.8,-54.53696798534307,4.3,5.317075291110512
2020-10-10 00:00:00,8,-53.6,-55.13759310114018,4.9,4.870220035994919
2020-10-10 03:00:00,1,-52.3,-53.07385612713704,4.1,4.891268809105114
2020-10-10 03:00:00,2,-50.55,-52.77806523080903,5.2,5.128427817577865
2020-10-10 03:00:00,4,-49.4,-53.04699724621116,4.8,6.009050574548768
2020-10-10 03:00:00,8,-54.2,-53.60327435527726,4.3,5.7862237052367815
2020-10-10 06:00:00,1,-50.55,-52.309415114377146,5.2,4.247169057735211
2020-10-10 06:00:00,2,-48.8,-52.41729210254646,4.3,4.4837107253923065
2020-10-10 06:00:00,4,-52.5,-53.19334000348451,4.2,5.157827380909577
2020-10-10 06:00:00,8,-51.9,-53.56434280479903,4.0,4.964147017448641
2020-10-10 09:00:00,1,-48.8,-49.78729090758658,4.3,5.242937873861948
2020-10-10 09:00:00,2,-49.4,-50.38632137456821,4.8,5.021253762224959
2020-10-10 09:00:00,4,-53.05,-51.61658302882642,3.8,5.467173141887418
2020-10-10 09:00:00,8,-49.6,-51.64614311299405,4.1,5.847983807040557
2020-10-10 12:00:00,1,-49.4,-52.199025761772354,4.8,4.784817668485207
2020-10-10 12:00:00,2,-52.5,-52.569551974197836,4.2,4.916104379997988
2020-10-10 12:00:00,4,-53.6,-53.250498157562156,4.9,5.265813182382498
2020-10-10 12:00:00,8,-47.3,-52.76183934587976,3.9,5.087920278536854
2020-10-10 15:00:00,1,-52.5,-51.70337142585557,4.2,5.267496606482678
2020-10-10 15:00:00,2,-53.05,-51.991622076685324,3.8,5.199130563382202
2020-10-10 15:00:00,4,-54.2,-52.300709255887114,4.3,5.109824093737207
2020-10-10 15:00:00,8,-48.1,-51.77743298346503,4.0,4.704348482204072
2020-10-10 18:00:00,1,-53.05,-52.63719326006624,3.8,4.637776342575863
2020-10-10 18:00:00,2,-53.6,-52.48355801957247,4.9,4.460692412201899
2020-10-10 18:00:00,4,-51.9,-52.16349740765642,4.0,4.826465939035127
2020-10-10 18:00:00,8,-51.233333333333334,-51.712726770956515,4.5,4.771142007137739
2020-10-10 21:00:00,1,-53.6,-52.10251127685173,4.9,4.630384248836078
2020-10-10 21:00:00,2,-54.2,-51.70341078322213,4.3,4.57612554710065
2020-10-10 21:00:00,4,-49.6,-51.36124828558651,4.1,4.9569566871953334
2020-10-10 21:00:00,8,-54.36666666666667,-51.535949961815014,4.3,4.8392288658790195
2020-10-11 00:00:00,1,-54.2,-49.81344689476568,4.3,4.713457591745009
2020-10-11 00:00:00,2,-51.9,-49.497784423531755,4.0,4.84387518464532
2020-10-11 00:00:00,4,-47.3,-49.38067275166161,3.9,5.4885711620474105
2020-10-11 00:00:00,8,-57.5,-49.81228346579255,3.1,4.775130035205294
2020-10-11 03:00:00,1,-51.9,-49.642990230243335,4.0,4.710024839826551
2020-10-11 03:00:00,2,-49.6,-49.30638837912108,4.1,5.04816871272821
2020-10-11 03:00:00,4,-48.1,-49.38927229122435,4.0,5.907539653418594
2020-10-11 03:00:00,8,-54.5,-49.8510203008783,3.9,4.768511083789486
2020-10-11 06:00:00,1,-49.6,-48.87308340691284,4.1,4.600897773643119
2020-10-11 06:00:00,2,-47.3,-48.70867768982736,3.9,4.880087464855277
2020-10-11 06:00:00,4,-51.233333333333334,-49.0824411807466,4.5,5.627569568340661
2020-10-11 06:00:00,8,-52.16,-49.60297864878153,3.7,4.221012213270739
2020-10-11 09:00:00,1,-47.3,-48.55743264381999,3.9,4.553768617178285
2020-10-11 09:00:00,2,-48.1,-48.82273912075755,4.0,4.671373055643725
2020-10-11 09:00:00,4,-54.36666666666667,-49.63679680373575,4.3,5.078538489696273
2020-10-11 09:00:00,8,-49.82,-49.87150864714706,2.8,4.199365774484029
2020-10-11 12:00:00,1,-48.1,-49.76904277902009,4.0,4.2371610236122095
2020-10-11 12:00:00,2,-51.233333333333334,-50.17862633689347,4.5,4.227497704325381
2020-10-11 12:00:00,4,-57.5,-50.78009029596786,3.1,4.050202679436891
2020-10-11 12:00:00,8,-47.48,-50.40426995484823,2.2,4.368841664469097
2020-10-11 15:00:00,1,-51.233333333333334,-51.2357568269555,4.5,4.216519296605547
2020-10-11 15:00:00,2,-54.36666666666667,-51.534453571322004,4.3,3.9896370825236604
2020-10-11 15:00:00,4,-54.5,-51.760327209217735,3.9,3.858475860008084
2020-10-11 15:00:00,8,-45.14,-51.14103400283974,1.5,4.925874446245686
2020-10-11 18:00:00,1,-54.36666666666667,-53.57020065797066,4.3,4.747883966506739
2020-10-11 18:00:00,2,-57.5,-53.533389541905166,3.1,4.510196981806952
2020-10-11 18:00:00,4,-52.16,-53.362594602168144,3.7,4.568482848607576
2020-10-11 18:00:00,8,-42.8,-52.97297657703286,2.1,5.469800972666376
2020-10-11 21:00:00,1,-57.5,-55.120012696865906,3.1,4.663648244103829
2020-10-11 21:00:00,2,-54.5,-54.80461735137392,3.9,4.288865476389858
2020-10-11 21:00:00,4,-49.82,-54.29217525233417,2.8,4.166812750233376
2020-10-11 21:00:00,8,-44.733333333333334,-54.14221125708652,3.0,5.31750067934918
2020-10-12 00:00:00,1,-54.5,-53.439617959221074,3.9,3.392572257565346
2020-10-12 00:00:00,2,-52.16,-53.16695075410998,3.7,3.2456294273220685
2020-10-12 00:00:00,4,-47.48,-53.10073896472083,2.2,3.358220784298761
2020-10-12 00:00:00,8,-46.666666666666664,-53.4816948567699,2.5,4.930247445870421
2020-10-12 03:00:00,1,-52.16,-51.19814730573078,3.7,3.20670685670529
2020-10-12 03:00:00,2,-49.82,-51.16424206021943,2.8,2.931663607756861
2020-10-12 03:00:00,4,-45.14,-51.56934392181154,1.5,3.6332609140178134
2020-10-12 03:00:00,8,-48.6,-52.16678127104229,1.3000000000000003,4.185836636936996
2020-10-12 06:00:00,1,-49.82,-49.76244857383698,2.8,3.533562345135362
2020-10-12 06:00:00,2,-47.48,-50.06925608790731,2.2,3.386551651658096
2020-10-12 06:00:00,4,-42.8,-50.972675167011566,2.1,4.168590497697081
2020-10-12 06:00:00,8,-46.45,-51.475973658178724,1.1999999999999997,3.946617097530525
2020-10-12 09:00:00,1,-47.48,-49.21024112454866,2.2,2.973656539822794
2020-10-12 09:00:00,2,-45.14,-49.702790191262395,1.5,3.099668607800603
2020-10-12 09:00:00,4,-44.733333333333334,-50.72285009484001,3.0,3.911018639005645
2020-10-12 09:00:00,8,-44.3,-51.050851685898536,3.5,3.8443879005212955
2020-10-12 12:00:00,1,-45.14,-49.136942397362056,1.5,2.658333428917725
2020-10-12 12:00:00,2,-42.8,-49.73039402518033,2.1,3.116853802097324
2020-10-12 12:00:00,4,-46.666666666666664,-50.73532520922642,2.5,4.012878273984014
2020-10-12 12:00:00,8,-45.5,-51.08479466764923,2.0,3.9374827942138575
2020-10-12 15:00:00,1,-42.8,-48.99644758637172,2.1,2.2169750557651278
2020-10-12 15:00:00,2,-44.733333333333334,-49.65162093147387,3.0,2.8894605942594485
2020-10-12 15:00:00,4,-48.6,-50.70943364591054,1.3000000000000003,3.7963030468337458
2020-10-12 15:00:00,8,-53.29175178959221,-51.19777516696959,0.0,3.991057691553848
2020-10-12 18:00:00,1,-44.733333333333334,-50.93101688053777,3.0,3.1694932772055426
2020-10-12 18:00:00,2,-46.666666666666664,-51.57732211933327,2.5,3.502503958292417
2020-10-12 18:00:00,4,-46.45,-52.48845461184553,1.1999999999999997,3.280727716083495
2020-10-12 18:00:00,8,-53.29175178959221,-53.0236575172756,3.6037479111959896,3.2843833462718997
2020-10-12 21:00:00,1,-46.666666666666664,-50.679295449761284,2.5,3.402287537348361
2020-10-12 21:00:00,2,-48.6,-51.2170309161702,1.3000000000000003,3.0254619809840024
2020-10-12 21:00:00,4,-44.3,-51.95939965129807,3.5,2.7112575270414876
2020-10-12 21:00:00,8,-53.29175178959221,-52.48339696508561,3.6037479111959896,4.018577585935491
2020-10-13 00:00:00,1,-48.6,-51.273883757953456,1.3000000000000003,3.044480109110312
2020-10-13 00:00:00,2,-46.45,-51.58629361753194,1.1999999999999997,2.7313904197586516
2020-10-13 00:00:00,4,-45.5,-52.13496484796274,2.0,2.8758395860762613
2020-10-13 00:00:00,8,-53.29175178959221,-52.67617402976832,3.6037479111959896,4.015376643413825
2020-10-13 03:00:00,1,-46.45,-50.69328739885629,1.1999999999999997,2.2961865261057133
2020-10-13 03:00:00,2,-44.3,-50.99310713407788,3.5,2.4627780087005835
2020-10-13 03:00:00,4,-53.29175178959221,-51.8163666053836,0.0,2.9116519117640007
2020-10-13 03:00:00,8,-53.29175178959221,-52.74478067438466,3.6037479111959896,3.4298941436406505
2020-10-13 06:00:00,1,-44.3,-48.570021237112286,3.5,2.3845521082025076
2020-10-13 06:00:00,2,-45.5,-49.007735675377575,2.0,2.795563152174518
2020-10-13 06:00:00,4,-53.29175178959221,-50.12785749552998,3.6037479111959896,3.785937381065745
2020-10-13 06:00:00,8,-59.4,-51.002093582672096,3.6037479111959896,3.29945332981054
2020-10-13 09:00:00,1,-45.5,-48.08563634723825,2.0,3.554704641806678
2020-10-13 09:00:00,2,-53.29175178959221,-48.52652819486818,0.0,3.7303712423403113
2020-10-13 09:00:00,4,-53.29175178959221,-49.393347444822176,3.6037479111959896,4.018298881457738
2020-10-13 09:00:00,8,-58.1,-49.93819299512284,3.6037479111959896,3.5891365352049966
2020-10-13 12:00:00,1,-53.29175178959221,-49.06916198725567,0.0,3.1820739024214575
2020-10-13 12:00:00,2,-53.29175178959221,-49.50954444068587,3.6037479111959896,3.86769926131257
2020-10-13 12:00:00,4,-53.29175178959221,-50.32598085768162,3.6037479111959896,4.5268912040678675
2020-10-13 12:00:00,8,-56.8,-50.5235027816321,3.6037479111959896,3.4723349317277865
2020-10-13 15:00:00,1,-53.29175178959221,-53.13537403270345,3.6037479111959896,2.0834604146754456
2020-10-13 15:00:00,2,-53.29175178959221,-53.34211742366472,3.6037479111959896,3.217769803539238
2020-10-13 15:00:00,4,-53.29175178959221,-53.52241883358528,3.6037479111959896,3.9232376468945804
2020-10-13 15:00:00,8,-56.9,-53.56163606270592,3.6037479111959896,3.092744238506744
2020-10-13 18:00:00,1,-53.29175178959221,-50.22019528124454,3.6037479111959896,3.7396479371449907
2020-10-13 18:00:00,2,-53.29175178959221,-50.464389097805736,3.6037479111959896,3.748870618627312
2020-10-13 18:00:00,4,-59.4,-50.807100797320764,3.6037479111959896,3.513745534328304
2020-10-13 18:00:00,8,-60.36666666666667,-51.30165898104432,3.6037479111959896,2.9628217766147396
2020-10-13 21:00:00,1,-53.29175178959221,-52.644180138288746,3.6037479111959896,3.8427718197835423
2020-10-13 21:00:00,2,-53.29175178959221,-52.79380043204865,3.6037479111959896,3.8287379269392714
2020-10-13 21:00:00,4,-58.1,-52.825401763067106,3.6037479111959896,3.3387445026952944
2020-10-13 21:00:00,8,-63.83333333333333,-53.044152077865405,3.6037479111959896,3.1766747829723245
2020-10-14 00:00:00,1,-53.29175178959221,-52.606925914114576,3.6037479111959896,3.8637951325172066
2020-10-14 00:00:00,2,-59.4,-52.715786926510596,3.6037479111959896,3.7351240681267597
2020-10-14 00:00:00,4,-56.8,-52.90103581408662,3.6037479111959896,3.7278141807440774
2020-10-14 00:00:00,8,-67.3,-53.471191933717584,3.6037479111959896,3.533567443875688
2020-10-14 03:00:00,1,-59.4,-52.224705542828566,3.6037479111959896,3.779743457977523
2020-10-14 03:00:00,2,-58.1,-52.390502344684286,3.6037479111959896,3.714607856777384
2020-10-14 03:00:00,4,-56.9,-52.84133618283038,3.6037479111959896,3.8013674889668776
2020-10-14 03:00:00,8,-64.2,-53.543215554277644,3.6037479111959896,3.6041722005554804
2020-10-14 06:00:00,1,-58.1,-54.56023764555737,3.6037479111959896,3.9616632202974422
2020-10-14 06:00:00,2,-56.8,-54.47371052019962,3.6037479111959896,4.032660293386493
2020-10-14 06:00:00,4,-60.36666666666667,-54.76713094575582,3.6037479111959896,4.031113315576455
2020-10-14 06:00:00,8,-61.099999999999994,-55.171241938361824,3.6037479111959896,2.776031390944286
2020-10-14 09:00:00,1,-56.8,-55.73112668594604,3.6037479111959896,3.8782638779285943
2020-10-14 09:00:00,2,-56.9,-55.623985306771566,3.6037479111959896,3.8009005376632756
2020-10-14 09:00:00,4,-63.83333333333333,-55.665974663450136,3.6037479111959896,3.7288779179415497
2020-10-14 09:00:00,8,-58.0,-55.629725177906124,3.6037479111959896,3.200868245835096
2020-10-14 12:00:00,1,-56.9,-57.92665243232423,3.6037479111959896,3.6860420474618407
2020-10-14 12:00:00,2,-60.36666666666667,-57.84424549187616,3.6037479111959896,3.657662558781356
2020-10-14 12:00:00,4,-67.3,-57.82744340879602,3.6037479111959896,3.602460196849394
2020-10-14 12:00:00,8,-54.9,-57.65427423817264,3.6037479111959896,3.4064735431710145
2020-10-14 15:00:00,1,-60.36666666666667,-57.48820668555438,3.6037479111959896,3.909835811230201
2020-10-14 15:00:00,2,-63.83333333333333,-57.56710658743503,3.6037479111959896,3.8243460253177197
2020-10-14 15:00:00,4,-64.2,-57.51246811538103,3.6037479111959896,3.3701389598434286
2020-10-14 15:00:00,8,-54.7,-57.1613506910695,3.6037479111959896,3.5224233837479226
2020-10-14 18:00:00,1,-63.83333333333333,-61.794035159744396,3.6037479111959896,3.6367492788634377
2020-10-14 18:00:00,2,-67.3,-61.70619239957942,3.6037479111959896,3.6717179529802575
2020-10-14 18:00:00,4,-61.099999999999994,-61.24677503050195,3.6037479111959896,3.7169959067955882
2020-10-14 18:00:00,8,-56.3,-60.747402279039875,3.6037479111959896,3.459134066412501
2020-10-14 21:00:00,1,-67.3,-61.74285653344301,3.6037479111959896,3.8784951274637036
2020-10-14 21:00:00,2,-64.2,-61.29965259813709,3.6037479111959896,3.901656418663886
2020-10-14 21:00:00,4,-58.0,-60.355683182955964,3.6037479111959896,3.829422877718155
2020-10-14 21:00:00,8,-57.9,-59.9266601481296,3.6037479111959896,3.1559260424039923
2020-10-15 00:00:00,1,-64.2,-60.26050788421867,3.6037479111959896,3.8883461337146974
2020-10-15 00:00:00,2,-61.099999999999994,-59.768085085303376,3.6037479111959896,4.028915032008667
2020-10-15 00:00:00,4,-54.9,-59.05699239751277,3.6037479111959896,4.002270468038167
2020-10-15 00:00:00,8,-57.7,-59.030047101499434,3.6037479111959896,3.04700881771132
2020-10-15 03:00:00,1,-61.099999999999994,-58.70204262843695,3.6037479111959896,3.8406987586121586
2020-10-15 03:00:00,2,-58.0,-58.39201933832427,3.6037479111959896,3.9299775284338905
2020-10-15 03:00:00,4,-54.7,-58.09961445891307,3.6037479111959896,4.136316977726585
2020-10-15 03:00:00,8,-57.5,-58.15271322035204,3.6037479111959896,3.2575387250600505
2020-10-15 06:00:00,1,-58.0,-56.876660936256165,3.6037479111959896,3.964873893748358
2020-10-15 06:00:00,2,-54.9,-56.78789485407287,3.6037479111959896,3.9955357585544036
2020-10-15 06:00:00,4,-56.3,-56.76232355344692,3.6037479111959896,4.1009740827299
2020-10-15 06:00:00,8,-53.3,-56.614518539414945,3.6037479111959896,3.411985101508126
2020-10-15 09:00:00,1,-54.9,-55.71587223899181,3.6037479111959896,3.8969782411018214
2020-10-15 09:00:00,2,-54.7,-55.711175653290354,3.6037479111959896,3.888676158846715
2020-10-15 09:00:00,4,-57.9,-55.76110817313003,3.6037479111959896,4.003597553507233
2020-10-15 09:00:00,8,-51.25,-55.45602715955629,3.6037479111959896,3.5327536315994617
2020-10-15 12:00:00,1,-54.7,-56.766948809550385,3.6037479111959896,3.7445960346884037
2020-10-15 12:00:00,2,-56.3,-56.721021554712536,3.6037479111959896,3.750718268821137
2020-10-15 12:00:00,4,-57.7,-56.5769898043637,3.6037479111959896,3.7194608978050683
2020-10-15 12:00:00,8,-49.2,-55.97146348058405,3.6037479111959896,3.388233929374829
2020-10-15 15:00:00,1,-56.3,-57.5516064496433,3.6037479111959896,3.69575992660267
2020-10-15 15:00:00,2,-57.9,-57.494761443308306,3.6037479111959896,3.6094810356432294
2020-10-15 15:00:00,4,-57.5,-57.29042628187385,3.6037479111959896,3.513057837561166
2020-10-15 15:00:00,8,-49.9,-56.59461902258003,3.6037479111959896,3.255241772535675
2020-10-15 18:00:00,1,-57.9,-57.54213294238004,3.6037479111959896,3.6771998186531163
2020-10-15 18:00:00,2,-57.7,-57.31365667478422,3.6037479111959896,3.645393296641363
2020-10-15 18:00:00,4,-53.3,-56.89146038683539,3.6037479111959896,3.571436854681789
2020-10-15 18:00:00,8,-52.75,-56.2631993748263,3.6037479111959896,3.3422204972637353
2020-10-15 21:00:00,1,-57.7,-56.71001302009069,3.6037479111959896,3.824227387961109
2020-10-15 21:00:00,2,-57.5,-56.40266711165579,3.6037479111959896,3.7336076694286393
2020-10-15 21:00:00,4,-51.25,-55.9502980435102,3.6037479111959896,3.664385464514639
2020-10-15 21:00:00,8,-55.599999999999994,-55.66154610411686,3.6037479111959896,3.555715065508896
2020-10-16 00:00:00,1,-57.5,-55.63372720065349,3.6037479111959896,3.798421803382485
2020-10-16 00:00:00,2,-53.3,-55.312118254626206,3.6037479111959896,3.736553901544675
2020-10-16 00:00:00,4,-49.2,-54.90891617401872,3.6037479111959896,3.8319225534918933
2020-10-16 00:00:00,8,-58.449999999999996,-54.813508513712236,3.6037479111959896,3.5356095460290127
2020-10-16 03:00:00,1,-53.3,-54.9723226027418,3.6037479111959896,3.7859151865490306
2020-10-16 03:00:00,2,-51.25,-54.74867153027409,3.6037479111959896,3.7590997981150513
2020-10-16 03:00:00,4,-49.9,-54.62983407840833,3.6037479111959896,3.9612721969020708
2020-10-16 03:00:00,8,-61.3,-54.76520864911526,3.6037479111959896,3.362622603470124
2020-10-16 06:00:00,1,-51.25,-53.813177007984486,3.6037479111959896,3.6036323206026633
2020-10-16 06:00:00,2,-49.2,-53.888529793430145,3.6037479111959896,3.5598507904204104
2020-10-16 06:00:00,4,-52.75,-54.3543973575554,3.6037479111959896,3.782662936703141
2020-10-16 06:00:00,8,-57.925,-54.736748499771046,3.6037479111959896,3.244466434646246
2020-10-16 09:00:00,1,-49.2,-51.73090068792107,3.6037479111959896,3.6449562246225744
2020-10-16 09:00:00,2,-49.9,-52.01009473137274,3.6037479111959896,3.494554575567485
2020-10-16 09:00:00,4,-55.599999999999994,-52.7741752234499,3.6037479111959896,3.8016618562417115
2020-10-16 09:00:00,8,-54.55,-53.16789740234785,3.6037479111959896,3.1972814253135255
2020-10-16 12:00:00,1,-49.9,-52.17614638793791,3.6037479111959896,3.555596688088067
2020-10-16 12:00:00,2,-52.75,-52.38113276968879,3.6037479111959896,3.4952651200233
2020-10-16 12:00:00,4,-58.449999999999996,-52.839751711091374,3.6037479111959896,3.515455885109422
2020-10-16 12:00:00,8,-51.175,-53.00734042142417,3.6037479111959896,3.149514799672533
2020-10-16 15:00:00,1,-52.75,-53.281362483615105,3.6037479111959896,3.509305911163306
2020-10-16 15:00:00,2,-55.599999999999994,-53.47219189902868,3.6037479111959896,3.528595272279911
2020-10-16 15:00:00,4,-61.3,-53.787080552199654,3.6037479111959896,3.5467951025715116
2020-10-16 15:00:00,8,-47.8,-53.85623540800654,3.6037479111959896,3.236195064803458
2020-10-16 18:00:00,1,-55.599999999999994,-56.74546058803315,3.6037479111959896,3.4570428497265437
2020-10-16 18:00:00,2,-58.449999999999996,-56.95347786977555,3.6037479111959896,3.4965764227249254
2020-10-16 18:00:00,4,-57.925,-57.36228941083845,3.6037479111959896,3.6349404724063734
2020-10-16 18:00:00,8,-50.6,-57.582861422326616,3.6037479111959896,3.3390355241300718
2020-10-16 21:00:00,1,-58.449999999999996,-57.26208033193651,3.6037479111959896,3.5849851341663617
2020-10-16 21:00:00,2,-61.3,-57.33995207890483,3.6037479111959896,3.504776343552946
2020-10-16 21:00:00,4,-54.55,-57.550563164210196,3.6037479111959896,3.487297721749216
2020-10-16 21:00:00,8,-53.266666666666666,-57.91191818708458,3.6037479111959896,3.274420794245612
2020-10-17 00:00:00,1,-61.3,-58.853726819797544,3.6037479111959896,3.6523931806122105
2020-10-17 00:00:00,2,-57.925,-58.80610098387643,3.6037479111959896,3.6167127690009897
2020-10-17 00:00:00,4,-51.175,-58.799488225792835,3.6037479111959896,3.6294961641214076
2020-10-17 00:00:00,8,-55.93333333333334,-59.14867758945589,3.6037479111959896,3.1217631492142575
2020-10-17 03:00:00,1,-57.925,-57.0725637143575,3.6037479111959896,3.8566833961801437
2020-10-17 03:00:00,2,-54.55,-56.93556225241581,3.6037479111959896,3.896268256507689
2020-10-17 03:00:00,4,-47.8,-57.19681086777928,3.6037479111959896,3.669720879702284
2020-10-17 03:00:00,8,-58.6,-57.84644338014528,3.6037479111959896,3.5311093444969237
2020-10-17 06:00:00,1,-54.55,-56.639134815979034,3.6037479111959896,3.788779238968043
2020-10-17 06:00:00,2,-51.175,-56.82778359011593,3.6037479111959896,3.7357089636248886
2020-10-17 06:00:00,4,-50.6,-57.682632436626804,3.6037479111959896,3.76314689159015
2020-10-17 06:00:00,8,-55.9,-58.26227692385394,3.6037479111959896,3.6504478478847635
2020-10-17 09:00:00,1,-51.175,-55.372558741025124,3.6037479111959896,3.5511469207625774
2020-10-17 09:00:00,2,-47.8,-55.87290254769608,3.6037479111959896,3.512468496494675
2020-10-17 09:00:00,4,-53.266666666666666,-57.228144014819975,3.6037479111959896,3.7084623350646515
2020-10-17 09:00:00,8,-53.5,-57.89310230373819,3.6037479111959896,3.6971405188525717
2020-10-17 12:00:00,1,-47.8,-53.90146828001556,3.6037479111959896,3.107723791053559
2020-10-17 12:00:00,2,-50.6,-54.63080225161326,3.6037479111959896,3.1412715828743694
2020-10-17 12:00:00,4,-55.93333333333334,-56.379026753682275,3.6037479111959896,3.5663417134663797
2020-10-17 12:00:00,8,-51.1,-57.29135716915256,3.6037479111959896,3.6250387920080587
2020-10-17 15:00:00,1,-50.6,-54.48247757624246,3.6037479111959896,3.246755735727622
2020-10-17 15:00:00,2,-53.266666666666666,-55.153271022551124,3.6037479111959896,3.389646167139854
2020-10-17 15:00:00,4,-58.6,-56.51203591963996,3.6037479111959896,3.59617056407348
2020-10-17 15:00:00,8,-51.6,-57.13442809083734,3.6037479111959896,3.417840454908646
2020-10-17 18:00:00,1,-53.266666666666666,-54.61965448017516,3.6037479111959896,3.5680557100134567
2020-10-17 18:00:00,2,-55.93333333333334,-55.19500964488527,3.6037479111959896,3.459181468034985
2020-10-17 18:00:00,4,-55.9,-56.2985179730916,3.6037479111959896,3.434390406145899
2020-10-17 18:00:00,8,-55.1,-56.82687251661443,3.6037479111959896,3.7717980742646118
2020-10-17 21:00:00,1,-55.93333333333334,-58.22131932459264,3.6037479111959896,3.531428778912107
2020-10-17 21:00:00,2,-58.6,-58.2827550029836,3.6037479111959896,3.5132692320015937
2020-10-17 21:00:00,4,-53.5,-58.426835747399736,3.6037479111959896,3.808050131314133
2020-10-17 21:00:00,8,-57.400000000000006,-58.50700084901832,3.6037479111959896,3.930434908768723
2020-10-18 00:00:00,1,-58.6,-55.5800309637688,3.6037479111959896,3.692404815502591
2020-10-18 00:00:00,2,-55.9,-55.50027654771435,3.6037479111959896,3.643674454624721
2020-10-18 00:00:00,4,-51.1,-55.40037638361175,3.6037479111959896,4.087478270283038
2020-10-18 00:00:00,8,-59.7,-55.44412016020028,3.6037479111959896,5.335310679283995
2020-10-18 03:00:00,1,-55.9,-54.94170923618982,3.6037479111959896,3.7631248037137564
2020-10-18 03:00:00,2,-53.5,-54.77632165638061,3.6037479111959896,3.6782832909749095
2020-10-18 03:00:00,4,-51.6,-54.723487318804864,3.6037479111959896,3.9425842805283398
2020-10-18 03:00:00,8,-58.2,-54.87860289612897,3.6037479111959896,5.1158483120853155
2020-10-18 06:00:00,1,-53.5,-53.40878952312367,3.6037479111959896,3.6277284275177943
2020-10-18 06:00:00,2,-51.1,-53.39991619318485,3.6037479111959896,3.568640938762587
2020-10-18 06:00:00,4,-55.1,-53.75026601375446,3.6037479111959896,4.019626580108647
2020-10-18 06:00:00,8,-54.85,-53.82639838127099,3.6037479111959896,5.201190001252636
2020-10-18 09:00:00,1,-51.1,-52.864643534252714,3.6037479111959896,3.4897142713930864
2020-10-18 09:00:00,2,-51.6,-53.24121738431364,3.6037479111959896,3.504089100007171
2020-10-18 09:00:00,4,-57.400000000000006,-54.17127410550862,3.6037479111959896,3.9768333390970776
2020-10-18 09:00:00,8,-51.5,-54.42080089027044,3.6037479111959896,4.722798324062178
2020-10-18 12:00:00,1,-51.6,-53.26602067591587,3.6037479111959896,3.504265996303901
2020-10-18 12:00:00,2,-55.1,-53.63554703560854,3.6037479111959896,3.6158655383143112
2020-10-18 12:00:00,4,-59.7,-54.33021842509208,3.6037479111959896,3.975780319251821
2020-10-18 12:00:00,8,-48.15,-54.194134701286025,3.6037479111959896,5.328650564704455
2020-10-18 15:00:00,1,-55.1,-54.16196145009132,3.6037479111959896,3.551501853074463
2020-10-18 15:00:00,2,-57.400000000000006,-54.54170491909994,3.6037479111959896,3.617136051093327
2020-10-18 15:00:00,4,-58.2,-55.098676681182745,3.6037479111959896,3.8166442214269813
2020-10-18 15:00:00,8,-44.8,-54.883986119273615,3.6037479111959896,5.432939466184919
2020-10-18 18:00:00,1,-57.400000000000006,-56.8376274348879,3.6037479111959896,3.4720008875886883
2020-10-18 18:00:00,2,-59.7,-57.06302428125369,3.6037479111959896,3.4851085625938545
2020-10-18 18:00:00,4,-54.85,-57.394025678182885,3.6037479111959896,3.7710026974338002
2020-10-18 18:00:00,8,-46.949999999999996,-57.49968858932647,3.6037479111959896,4.236928974274695
2020-10-18 21:00:00,1,-59.7,-60.248136882225275,3.6037479111959896,3.591127496659598
2020-10-18 21:00:00,2,-58.2,-60.32383199570367,3.6037479111959896,3.519241729794236
2020-10-18 21:00:00,4,-51.5,-60.41572325092985,3.6037479111959896,3.785995033489041
2020-10-18 21:00:00,8,-49.099999999999994,-60.47859344679133,3.6037479111959896,3.920420956107931
2020-10-19 00:00:00,1,-58.2,-57.571867297724566,3.6037479111959896,3.6142201781435475
2020-10-19 00:00:00,2,-54.85,-57.42568377116994,3.6037479111959896,3.6321200292134446
2020-10-19 00:00:00,4,-48.15,-57.26951734315234,3.6037479111959896,3.9406769917352484
2020-10-19 00:00:00,8,-51.25,-57.40312272367902,3.6037479111959896,4.2180304965880415
2020-10-19 03:00:00,1,-54.85,-55.75283934352157,3.6037479111959896,3.5876485828123825
2020-10-19 03:00:00,2,-51.5,-55.64345972802255,3.6037479111959896,3.5920448633520974
2020-10-19 03:00:00,4,-44.8,-55.76404925817005,3.6037479111959896,4.08763812412354
2020-10-19 03:00:00,8,-53.4,-55.99895455609709,3.6037479111959896,4.2445932674326805
2020-10-19 06:00:00,1,-51.5,-52.51625050430854,3.6037479111959896,3.8035765032169206
2020-10-19 06:00:00,2,-48.15,-52.61658582849327,3.6037479111959896,4.0593769995338445
2020-10-19 06:00:00,4,-46.949999999999996,-53.31564945955707,3.6037479111959896,4.437569111615913
2020-10-19 06:00:00,8,-51.375,-53.65747764473346,3.6037479111959896,4.316012102989501
2020-10-19 09:00:00,1,-48.15,-50.082759177080796,3.6037479111959896,3.557932604319563
2020-10-19 09:00:00,2,-44.8,-50.57953146034574,3.6037479111959896,3.752857713592062
2020-10-19 09:00:00,4,-49.099999999999994,-51.94643765836786,3.6037479111959896,4.381764658434133
2020-10-19 09:00:00,8,-49.349999999999994,-52.40607351937046,3.6037479111959896,4.717959199596326
2020-10-19 12:00:00,1,-44.8,-49.02362884645919,3.6037479111959896,3.3150206838042187
2020-10-19 12:00:00,2,-46.949999999999996,-49.72117593551792,3.6037479111959896,3.558269847668278
2020-10-19 12:00:00,4,-51.25,-51.223926741080135,3.6037479111959896,4.142402247658207
2020-10-19 12:00:00,8,-47.324999999999996,-51.74316469551749,3.6037479111959896,4.326825271532644
2020-10-19 15:00:00,1,-46.949999999999996,-51.53181743832588,3.6037479111959896,3.422638136279925
2020-10-19 15:00:00,2,-49.099999999999994,-52.1664182286061,3.6037479111959896,3.5570439105432516
2020-10-19 15:00:00,4,-53.4,-53.332597534150246,3.6037479111959896,3.9181383467066695
2020-10-19 15:00:00,8,-45.3,-53.51535630275885,3.6037479111959896,4.23528527369392
2020-10-19 18:00:00,1,-49.099999999999994,-51.927738451150496,3.6037479111959896,3.504521506511935
2020-10-19 18:00:00,2,-51.25,-52.529523010649655,3.6037479111959896,3.527250577827914
2020-10-19 18:00:00,4,-51.375,-53.542992829409194,3.6037479111959896,3.86432265552288
2020-10-19 18:00:00,8,-47.919999999999995,-53.49391041067476,3.6037479111959896,5.206648705980875
2020-10-19 21:00:00,1,-51.25,-53.45856443337185,3.6037479111959896,3.5540312148474342
2020-10-19 21:00:00,2,-53.4,-53.69740348657749,3.6037479111959896,3.5084605000270974
2020-10-19 21:00:00,4,-49.349999999999994,-54.109219877018,3.6037479111959896,4.165272970644975
2020-10-19 21:00:00,8,-50.54,-54.03331401700011,3.6037479111959896,5.301248374576618
2020-10-20 00:00:00,1,-53.4,-53.30434979750407,3.6037479111959896,3.735644526211197
2020-10-20 00:00:00,2,-51.375,-53.34209896082686,3.6037479111959896,3.704804492089595
2020-10-20 00:00:00,4,-47.324999999999996,-53.51512385112704,3.6037479111959896,4.465630978766663
2020-10-20 00:00:00,8,-53.16,-53.607678417576885,3.6037479111959896,4.909785194523243
2020-10-20 03:00:00,1,-51.375,-50.480532642981274,3.6037479111959896,3.897324768823444
2020-10-20 03:00:00,2,-49.349999999999994,-50.50330569788842,3.6037479111959896,4.023155841517202
2020-10-20 03:00:00,4,-45.3,-50.97552997205806,3.6037479111959896,4.512952354409286
2020-10-20 03:00:00,8,-55.78,-51.361888450715874,3.6037479111959896,4.959970129373395
2020-10-20 06:00:00,1,-49.349999999999994,-50.56421198817719,3.6037479111959896,3.931624614844843
2020-10-20 06:00:00,2,-47.324999999999996,-50.88066142661713,3.6037479111959896,3.9642896114320725
2020-10-20 06:00:00,4,-47.919999999999995,-51.9243242221168,3.6037479111959896,4.31363636992832
2020-10-20 06:00:00,8,-58.4,-52.303978799315814,3.6037479111959896,4.67858044834832
2020-10-20 09:00:00,1,-47.324999999999996,-51.3072887956527,3.6037479111959896,3.654258006562663
2020-10-20 09:00:00,2,-45.3,-51.8035615015439,3.6037479111959896,3.7450002948135634
2020-10-20 09:00:00,4,-50.54,-53.03363645598315,3.6037479111959896,4.029768367853697
2020-10-20 09:00:00,8,-56.46666666666667,-53.47328012571102,3.6037479111959896,4.299981983324802
2020-10-20 12:00:00,1,-45.3,-51.8873828304661,3.6037479111959896,3.253919939102395
2020-10-20 12:00:00,2,-47.919999999999995,-52.468101382027996,3.6037479111959896,3.402704274391025
2020-10-20 12:00:00,4,-53.16,-53.69163182333676,3.6037479111959896,3.883715597715838
2020-10-20 12:00:00,8,-54.53333333333333,-54.04221382535031,3.6037479111959896,3.8076137324623684
2020-10-20 15:00:00,1,-47.919999999999995,-52.63809784905882,3.6037479111959896,3.2359447533110504
2020-10-20 15:00:00,2,-50.54,-53.026638770245796,3.6037479111959896,3.344998104372903
2020-10-20 15:00:00,4,-55.78,-53.62600345962403,3.6037479111959896,3.880727109372785
2020-10-20 15:00:00,8,-52.6,-53.44523552531263,3.6037479111959896,3.8208220959251924
2020-10-20 18:00:00,1,-50.54,-54.313100582453195,3.6037479111959896,3.4327494648834183
2020-10-20 18:00:00,2,-53.16,-54.62638143766562,3.6037479111959896,3.476424361410143
2020-10-20 18:00:00,4,-58.4,-55.10306741421407,3.6037479111959896,3.5952136471520975
2020-10-20 18:00:00,8,-56.3,-55.10975942740653,3.6037479111959896,3.6123283455319157
2020-10-20 21:00:00,1,-53.16,-55.7372163603111,3.6037479111959896,3.3922532163863446
2020-10-20 21:00:00,2,-55.78,-55.84114862807739,3.6037479111959896,3.4436994796179055
2020-10-20 21:00:00,4,-56.46666666666667,-55.90858607971267,3.6037479111959896,3.6849957726168587
2020-10-20 21:00:00,8,-57.7,-55.89854517792001,3.6037479111959896,3.4930957359823807
2020-10-21 00:00:00,1,-55.78,-55.50112169537529,3.6037479111959896,3.4331815581322407
2020-10-21 00:00:00,2,-58.4,-55.393283231493264,3.6037479111959896,3.527573697999176
2020-10-21 00:00:00,4,-54.53333333333333,-55.26970344211321,3.6037479111959896,3.998588950911949
2020-10-21 00:00:00,8,-59.1,-55.42527761831727,3.6037479111959896,3.5650153278244168
2020-10-21 03:00:00,1,-58.4,-58.03415910550049,3.6037479111959896,3.491791718147653
2020-10-21 03:00:00,2,-56.46666666666667,-57.885069438203864,3.6037479111959896,3.7687480811166827
2020-10-21 03:00:00,4,-52.6,-57.80548866288794,3.6037479111959896,4.0824350362436554
2020-10-21 03:00:00,8,-55.7,-57.91143977442741,3.6037479111959896,3.509430866958909
2020-10-21 06:00:00,1,-56.46666666666667,-54.156238870980516,3.6037479111959896,3.665442789962838
2020-10-21 06:00:00,2,-54.53333333333333,-53.84700065675875,3.6037479111959896,3.9167678586271393
2020-10-21 06:00:00,4,-56.3,-53.85551643808143,3.6037479111959896,4.23422964116081
2020-10-21 06:00:00,8,-53.300000000000004,-54.05294352608914,3.6037479111959896,3.6551231461581732
2020-10-21 09:00:00,1,-54.53333333333333,-52.38534538136606,3.6037479111959896,3.802782965931639
2020-10-21 09:00:00,2,-52.6,-52.2192385389282,3.6037479111959896,3.832466445786771
2020-10-21 09:00:00,4,-57.7,-52.310342804432715,3.6037479111959896,4.176431120625093
2020-10-21 09:00:00,8,-50.900000000000006,-52.05035677699109,3.6037479111959896,3.7214283184089085
2020-10-21 12:00:00,1,-52.6,-51.72801796346122,3.6037479111959896,3.60107143994995
2020-10-21 12:00:00,2,-56.3,-51.73511805040174,3.6037479111959896,3.6145827618984328
2020-10-21 12:00:00,4,-59.1,-51.8233370922086,3.6037479111959896,4.086596461472421
2020-10-21 12:00:00,8,-48.5,-51.41318442861596,3.6037479111959896,3.7564520389261915
2020-10-21 15:00:00,1,-56.3,-55.55851464271296,3.6037479111959896,3.47198954372459
2020-10-21 15:00:00,2,-57.7,-55.48078483443961,3.6037479111959896,3.5758262302607484
2020-10-21 15:00:00,4,-55.7,-55.16068299635756,3.6037479111959896,4.0225784908217515
2020-10-21 15:00:00,8,-46.1,-54.50502061120864,3.6037479111959896,3.7711783473717837
2020-10-21 18:00:00,1,-57.7,-57.53578316715769,3.6037479111959896,3.395389748154399
2020-10-21 18:00:00,2,-59.1,-57.43390288621011,3.6037479111959896,3.4525134087515643
2020-10-21 18:00:00,4,-53.300000000000004,-57.02483880955031,3.6037479111959896,3.7758736140452163
2020-10-21 18:00:00,8,-47.666666666666664,-56.576089898627544,3.6037479111959896,3.642607118316431
2020-10-21 21:00:00,1,-59.1,-58.56348380360598,3.6037479111959896,3.440371288533745
2020-10-21 21:00:00,2,-55.7,-58.424754220040455,3.6037479111959896,3.467076877427679
2020-10-21 21:00:00,4,-50.900000000000006,-58.06247083164082,3.6037479111959896,3.742887136881653
2020-10-21 21:00:00,8,-49.233333333333334,-57.82324829178341,3.6037479111959896,3.526352199777493
2020-10-22 00:00:00,1,-55.7,-56.18516839713925,3.6037479111959896,3.49852717411366
2020-10-22 00:00:00,2,-53.300000000000004,-55.983046254494695,3.6037479111959896,3.63060477689877
2020-10-22 00:00:00,4,-48.5,-55.77878206240772,3.6037479111959896,3.8678507172278285
2020-10-22 00:00:00,8,-50.8,-55.98260422713751,3.6037479111959896,3.5096315440471213
2020-10-22 03:00:00,1,-53.300000000000004,-53.55769312103971,3.6037479111959896,3.5491329249987373
2020-10-22 03:00:00,2,-50.900000000000006,-53.49834788620779,3.6037479111959896,3.687872548559117
2020-10-22 03:00:00,4,-46.1,-53.73728789961461,3.6037479111959896,3.965759195029472
2020-10-22 03:00:00,8,-48.96666666666666,-54.20013413290213,3.6037479111959896,3.4610019915972696
2020-10-22 06:00:00,1,-50.900000000000006,-51.86249042189771,3.6037479111959896,3.8381568266114026
2020-10-22 06:00:00,2,-48.5,-52.039880062162275,3.6037479111959896,3.866745043724301
2020-10-22 06:00:00,4,-47.666666666666664,-52.67728441185609,3.6037479111959896,3.8898530414242893
2020-10-22 06:00:00,8,-47.13333333333333,-53.149707994612015,3.6037479111959896,3.5596997344063532
2020-10-22 09:00:00,1,-48.5,-51.29455267978277,3.6037479111959896,3.5814528201786318
2020-10-22 09:00:00,2,-46.1,-51.620545784269844,3.6037479111959896,3.6517228662173222
2020-10-22 09:00:00,4,-49.233333333333334,-52.535195852676516,3.6037479111959896,3.903760858749591
2020-10-22 09:00:00,8,-45.3,-53.01900677344962,3.6037479111959896,3.593411219119206
2020-10-22 12:00:00,1,-46.1,-50.412521672558185,3.6037479111959896,3.3174117197513984
2020-10-22 12:00:00,2,-47.666666666666664,-50.77959116890724,3.6037479111959896,3.39278688454049
2020-10-22 12:00:00,4,-50.8,-51.65625867670177,3.6037479111959896,3.7652543176048305
2020-10-22 12:00:00,8,-44.8,-51.89420710062149,3.6037479111959896,3.494841904581163
2020-10-22 15:00:00,1,-47.666666666666664,-52.10890662376168,3.6037479111959896,3.4532891371033148
2020-10-22 15:00:00,2,-49.233333333333334,-52.31452263331495,3.6037479111959896,3.579692341781836
2020-10-22 15:00:00,4,-48.96666666666666,-52.61137739438559,3.6037479111959896,3.7643577657698986
2020-10-22 15:00:00,8,-48.1,-52.3537894644256,3.6037479111959896,3.4325902775449193
2020-10-22 18:00:00,1,-49.233333333333334,-51.67761675772774,3.6037479111959896,3.535108109911753
2020-10-22 18:00:00,2,-50.8,-51.848043071145895,3.6037479111959896,3.588508323741665
2020-10-22 18:00:00,4,-47.13333333333333,-52.099100200009865,3.6037479111959896,3.7950081000912848
2020-10-22 18:00:00,8,-50.333333333333336,-51.91974147557172,3.6037479111959896,3.6725914971660307
2020-10-22 21:00:00,1,-50.8,-51.671035881812934,3.6037479111959896,3.501663385960753
2020-10-22 21:00:00,2,-48.96666666666666,-51.674755738360204,3.6037479111959896,3.5853279628018653
2020-10-22 21:00:00,4,-45.3,-51.66187282041362,3.6037479111959896,3.929509564047243
2020-10-22 21:00:00,8,-52.56666666666666,-51.55532414336581,3.6037479111959896,3.6232794666597288
2020-10-23 00:00:00,1,-48.96666666666666,-49.66918440397489,3.6037479111959896,3.7661378993107757
2020-10-23 00:00:00,2,-47.13333333333333,-49.542792679357234,3.6037479111959896,3.811358407318431
2020-10-23 00:00:00,4,-44.8,-49.57232169191968,3.6037479111959896,4.055280998141734
2020-10-23 00:00:00,8,-54.8,-49.85369173842291,3.6037479111959896,3.7537625167217965
2020-10-23 03:00:00,1,-47.13333333333333,-46.60590599861053,3.6037479111959896,3.707938011268594
2020-10-23 03:00:00,2,-45.3,-46.63933220102634,3.6037479111959896,3.824480045540569
2020-10-23 03:00:00,4,-48.1,-47.12937014166568,3.6037479111959896,3.995425652423437
2020-10-23 03:00:00,8,-53.8,-47.71627908012161,3.6037479111959896,3.794152018258001
2020-10-23 06:00:00,1,-45.3,-45.97042124367856,3.6037479111959896,3.721800439807463
2020-10-23 06:00:00,2,-44.8,-46.340531794579945,3.6037479111959896,3.8284378677373283
2020-10-23 06:00:00,4,-50.333333333333336,-47.529139395307666,3.6037479111959896,3.9436170653727722
2020-10-23 06:00:00,8,-51.625,-48.36848918477831,3.6037479111959896,3.6232689225980343
2020-10-23 09:00:00,1,-44.8,-47.89237672701768,3.6037479111959896,3.6535201621847877
2020-10-23 09:00:00,2,-48.1,-48.27382039823678,3.6037479111959896,3.707259298948463
2020-10-23 09:00:00,4,-52.56666666666666,-49.281111042898935,3.6037479111959896,3.9417336906715645
2020-10-23 09:00:00,8,-49.45,-49.661581317280934,3.6037479111959896,3.729178177094094
2020-10-23 12:00:00,1,-48.1,-48.57738403672617,3.6037479111959896,3.4667232714547804
2020-10-23 12:00:00,2,-50.333333333333336,-48.994527451234134,3.6037479111959896,3.531149987789093
2020-10-23 12:00:00,4,-54.8,-49.85329005912114,3.6037479111959896,3.798259883385772
2020-10-23 12:00:00,8,-47.275,-49.89093227307827,3.6037479111959896,4.288641638357026
2020-10-23 15:00:00,1,-50.333333333333336,-52.30261826829068,3.6037479111959896,3.4685178680891315
2020-10-23 15:00:00,2,-52.56666666666666,-52.65570804154589,3.6037479111959896,3.634818149293684
2020-10-23 15:00:00,4,-53.8,-53.259921770131875,3.6037479111959896,3.696768277483657
2020-10-23 15:00:00,8,-45.1,-53.31764866967828,3.6037479111959896,3.6857392889267833
2020-10-23 18:00:00,1,-52.56666666666666,-55.62584419932503,3.6037479111959896,3.633791542922823
2020-10-23 18:00:00,2,-54.8,-55.96155659197548,3.6037479111959896,3.6663906291269335
2020-10-23 18:00:00,4,-51.625,-56.4420687890298,3.6037479111959896,3.652478139622587
2020-10-23 18:00:00,8,-47.3,-56.49022311242686,3.6037479111959896,3.696727660851568
2020-10-23 21:00:00,1,-54.8,-56.36191665642903,3.6037479111959896,3.7217344561091235
2020-10-23 21:00:00,2,-53.8,-56.49026093872882,3.6037479111959896,3.743873213265686
2020-10-23 21:00:00,4,-49.45,-56.649307929703305,3.6037479111959896,3.797695382848948
2020-10-23 21:00:00,8,-49.5,-56.80585406174249,3.6037479111959896,3.701342547383387
2020-10-24 00:00:00,1,-53.8,-53.43486535456767,3.6037479111959896,3.729644675176334
2020-10-24 00:00:00,2,-51.625,-53.38619740402757,3.6037479111959896,3.785071221722169
2020-10-24 00:00:00,4,-47.275,-53.57365509996584,3.6037479111959896,3.7537837914657457
2020-10-24 00:00:00,8,-51.7,-54.07966546679566,3.6037479111959896,3.7516406676037617
2020-10-24 03:00:00,1,-51.625,-53.093435381282035,3.6037479111959896,3.6780323663006587
2020-10-24 03:00:00,2,-49.45,-53.14514848422385,3.6037479111959896,3.7688378456065044
2020-10-24 03:00:00,4,-45.1,-53.68229521126155,3.6037479111959896,3.9176639039205488
2020-10-24 03:00:00,8,-53.9,-54.309727016694104,3.6037479111959896,3.6924819031243077
2020-10-24 06:00:00,1,-49.45,-53.03311575892414,3.6037479111959896,3.712583010360928
2020-10-24 06:00:00,2,-47.275,-53.2845579505358,3.6037479111959896,3.8555236027139377
2020-10-24 06:00:00,4,-47.3,-54.126293949221754,3.6037479111959896,3.936491225853317
2020-10-24 06:00:00,8,-51.766666666666666,-54.62721793931468,3.6037479111959896,3.735022653181918
2020-10-24 09:00:00,1,-47.275,-51.58043990724101,3.6037479111959896,3.49236272374403
2020-10-24 09:00:00,2,-45.1,-52.07203449026862,3.6037479111959896,3.5895957084302186
2020-10-24 09:00:00,4,-49.5,-53.291661369793395,3.6037479111959896,4.005821830653155
2020-10-24 09:00:00,8,-49.63333333333333,-53.79936230213295,3.6037479111959896,4.03945994682547
2020-10-24 12:00:00,1,-45.1,-51.17799849555342,3.6037479111959896,3.3677385262180004
2020-10-24 12:00:00,2,-47.3,-51.80544327000379,3.6037479111959896,3.5403929042722386
2020-10-24 12:00:00,4,-51.7,-53.13232059454035,3.6037479111959896,3.9758800279515336
2020-10-24 12:00:00,8,-47.5,-53.600428736618376,3.6037479111959896,4.116280221258395
2020-10-24 15:00:00,1,-47.3,-52.907823338691536,3.6037479111959896,3.490373161943636
2020-10-24 15:00:00,2,-49.5,-53.282180657520236,3.6037479111959896,3.5954696172465144
2020-10-24 15:00:00,4,-53.9,-53.85921711128985,3.6037479111959896,3.909565931238973
2020-10-24 15:00:00,8,-49.0,-53.65896674015396,3.6037479111959896,3.9075134249893746
2020-10-24 18:00:00,1,-49.5,-52.901927479092706,3.6037479111959896,3.630206768562403
2020-10-24 18:00:00,2,-51.7,-53.11324298920945,3.6037479111959896,3.6415672685507614
2020-10-24 18:00:00,4,-51.766666666666666,-53.381992470188976,3.6037479111959896,3.751225476845746
2020-10-24 18:00:00,8,-51.4,-53.133179341657474,3.6037479111959896,3.869239254181611
2020-10-24 21:00:00,1,-51.7,-53.21823732046589,3.6037479111959896,3.682761231340084
2020-10-24 21:00:00,2,-53.9,-53.26796697424565,3.6037479111959896,3.6763956773209596
2020-10-24 21:00:00,4,-49.63333333333333,-53.27064489629917,3.6037479111959896,3.771867537103409
2020-10-24 21:00:00,8,-53.8,-53.14069308622871,3.6037479111959896,3.8377293322264037
2020-10-25 00:00:00,1,-53.9,-53.59010449781152,3.6037479111959896,3.5877900945177505
2020-10-25 00:00:00,2,-51.766666666666666,-53.50115315681124,3.6037479111959896,3.655724437605586
2020-10-25 00:00:00,4,-47.5,-53.348860502364836,3.6037479111959896,3.929828578566164
2020-10-25 00:00:00,8,-56.2,-53.340451265126006,3.6037479111959896,3.8137517626925823
2020-10-25 03:00:00,1,-51.766666666666666,-49.968304352610225,3.6037479111959896,3.744255292204171
2020-10-25 03:00:00,2,-49.63333333333333,-49.79244266978829,3.6037479111959896,3.87125880857216
2020-10-25 03:00:00,4,-49.0,-49.944828268862366,3.6037479111959896,4.153046497933602
2020-10-25 03:00:00,8,-58.6,-50.377085272381066,3.6037479111959896,4.024579916357807
2020-10-25 06:00:00,1,-49.63333333333333,-48.47284762888001,3.6037479111959896,3.856996225560473
2020-10-25 06:00:00,2,-47.5,-48.54740939430159,3.6037479111959896,3.9781178750782455
2020-10-25 06:00:00,4,-51.4,-49.22436078244409,3.6037479111959896,4.168887917551091
2020-10-25 06:00:00,8,-55.175,-49.63555411965374,3.6037479111959896,4.003328553298649
2020-10-25 09:00:00,1,-47.5,-46.92020402109519,3.6037479111959896,3.6586122908111416
2020-10-25 09:00:00,2,-49.0,-47.19320220634843,3.6037479111959896,3.781886755130028
2020-10-25 09:00:00,4,-53.8,-48.07191224438617,3.6037479111959896,4.255688126382553
2020-10-25 09:00:00,8,-51.75,-48.2690625699512,3.6037479111959896,4.084196947619758
2020-10-25 12:00:00,1,-49.0,-49.84763034372169,3.6037479111959896,3.579334690141776
2020-10-25 12:00:00,2,-51.4,-50.08826326426647,3.6037479111959896,3.6801372596077266
2020-10-25 12:00:00,4,-56.2,-50.46325755100139,3.6037479111959896,4.222767512946969
2020-10-25 12:00:00,8,-48.325,-49.95761770180554,3.6037479111959896,4.478349383276727
2020-10-25 15:00:00,1,-51.4,-52.36551503262615,3.6037479111959896,3.500295790499918
2020-10-25 15:00:00,2,-53.8,-52.516457805952676,3.6037479111959896,3.6140619039127935
2020-10-25 15:00:00,4,-58.6,-52.61181861117917,3.6037479111959896,3.8807520632077934
2020-10-25 15:00:00,8,-44.9,-52.05525528309491,3.6037479111959896,4.0765567551742175
2020-10-25 18:00:00,1,-53.8,-55.6872373681576,3.6037479111959896,3.51468762158011
2020-10-25 18:00:00,2,-56.2,-55.77849134025837,3.6037479111959896,3.5826701660928335
2020-10-25 18:00:00,4,-55.175,-55.73275537843329,3.6037479111959896,3.7031233874163876
2020-10-25 18:00:00,8,-47.5,-55.316749634988085,3.6037479111959896,3.830781528722104
2020-10-25 21:00:00,1,-56.2,-55.88181298343588,3.6037479111959896,3.5327426943015854
2020-10-25 21:00:00,2,-58.6,-55.713630760412805,3.6037479111959896,3.6102180802187007
2020-10-25 21:00:00,4,-51.75,-55.21393414375586,3.6037479111959896,3.727285111453756
2020-10-25 21:00:00,8,-46.5,-54.787655857449806,3.6037479111959896,3.670438322453835
2020-10-26 00:00:00,1,-58.6,-56.246890834924116,3.6037479111959896,3.491725414528352
2020-10-26 00:00:00,2,-55.175,-55.813081872273564,3.6037479111959896,3.6649829768956925
2020-10-26 00:00:00,4,-48.325,-54.96146447270156,3.6037479111959896,3.8986755817638326
2020-10-26 00:00:00,8,-44.7,-54.546630624116126,3.6037479111959896,3.6918492727526933
2020-10-26 03:00:00,1,-55.175,-52.258771369998,3.6037479111959896,3.609581690775787
2020-10-26 03:00:00,2,-51.75,-51.73630741741051,3.6037479111959896,3.8243191252968614
2020-10-26 03:00:00,4,-44.9,-51.22740838198768,3.6037479111959896,4.062300597241843
2020-10-26 03:00:00,8,-42.63333333333333,-51.269922893825125,3.6037479111959896,3.996483017861756
2020-10-26 06:00:00,1,-51.75,-47.31691618903781,3.6037479111959896,3.8384987687992416
2020-10-26 06:00:00,2,-48.325,-47.11031721349367,3.6037479111959896,3.9825862111495507
2020-10-26 06:00:00,4,-47.5,-47.335219075679525,3.6037479111959896,4.156408653959857
2020-10-26 06:00:00,8,-40.56666666666667,-47.43303104778869,3.6037479111959896,4.47669741807111
2020-10-26 09:00:00,1,-48.325,-44.75475018477519,3.6037479111959896,3.7883778314714585
2020-10-26 09:00:00,2,-44.9,-44.873671034630505,3.6037479111959896,3.740608579812572
2020-10-26 09:00:00,4,-46.5,-45.57747225240521,3.6037479111959896,4.146324638608465
2020-10-26 09:00:00,8,-38.5,-45.64501994069191,3.6037479111959896,4.654838793863632
2020-10-26 12:00:00,1,-44.9,-44.45592384029317,3.6037479111959896,3.445393967651342
2020-10-26 12:00:00,2,-47.5,-44.74269836472024,3.6037479111959896,3.423182415145965
2020-10-26 12:00:00,4,-44.7,-45.51243767157062,3.6037479111959896,4.106608903947526
2020-10-26 12:00:00,8,-41.4,-45.454845145458805,3.6037479111959896,4.626938913359795
2020-10-26 15:00:00,1,-47.5,-47.90337121187022,3.6037479111959896,3.41766437840938
2020-10-26 15:00:00,2,-46.5,-48.18242808994597,3.6037479111959896,3.492155088374902
2020-10-26 15:00:00,4,-42.63333333333333,-48.5745733623653,3.6037479111959896,4.0025478661719935
2020-10-26 15:00:00,8,-43.575,-48.21221432136175,3.6037479111959896,4.169412587928189
2020-10-26 18:00:00,1,-46.5,-49.74933923845437,3.6037479111959896,3.6008446759733235
2020-10-26 18:00:00,2,-44.7,-49.80424429587456,3.6037479111959896,3.623181304244664
2020-10-26 18:00:00,4,-40.56666666666667,-49.65633390857284,3.6037479111959896,3.8590661408424007
2020-10-26 18:00:00,8,-45.75,-49.09074387390157,3.6037479111959896,4.210587855336316
2020-10-26 21:00:00,1,-44.7,-47.424292811785435,3.6037479111959896,3.6845849874370855
2020-10-26 21:00:00,2,-42.63333333333333,-47.39895639448213,3.6037479111959896,3.6904214655008687
2020-10-26 21:00:00,4,-38.5,-47.43803816941671,3.6037479111959896,4.065456670848638
2020-10-26 21:00:00,8,-47.925,-47.36163300221295,3.6037479111959896,4.7215928618786975
2020-10-27 00:00:00,1,-42.63333333333333,-44.11895993742358,3.6037479111959896,3.8043098153811727
2020-10-27 00:00:00,2,-40.56666666666667,-44.18262340487474,3.6037479111959896,3.9159825859667
2020-10-27 00:00:00,4,-41.4,-44.58469537967985,3.6037479111959896,4.304201580848427
2020-10-27 00:00:00,8,-50.1,-45.08189005665002,3.6037479111959896,5.39527239872204
2020-10-27 03:00:00,1,-40.56666666666667,-37.63923227456264,3.6037479111959896,3.496506686620307
2020-10-27 03:00:00,2,-38.5,-37.93623431053871,3.6037479111959896,3.768373240389954
2020-10-27 03:00:00,4,-43.575,-38.949103073863235,3.6037479111959896,4.355949436236539
2020-10-27 03:00:00,8,-48.8,-39.91408590040937,3.6037479111959896,5.310982076475009
2020-10-27 06:00:00,1,-38.5,-37.27964464061603,3.6037479111959896,3.666720607603811
2020-10-27 06:00:00,2,-41.4,-37.758694220661226,3.6037479111959896,3.849839353707738
2020-10-27 06:00:00,4,-45.75,-39.25987964776066,3.6037479111959896,4.446081781844022
2020-10-27 06:00:00,8,-46.8,-40.30113759108191,3.6037479111959896,5.36886697567037
2020-10-27 09:00:00,1,-41.4,-41.04120018266695,3.6037479111959896,3.523877924395105
2020-10-27 09:00:00,2,-43.575,-41.49395363809055,3.6037479111959896,3.6938281638560126
2020-10-27 09:00:00,4,-47.925,-42.68668538648339,3.6037479111959896,4.4167885922320576
2020-10-27 09:00:00,8,-53.29175178959221,-43.07129818130575,3.6037479111959896,5.569304069841262
2020-10-27 12:00:00,1,-43.575,-44.61735857154756,3.6037479111959896,3.257689887714428
2020-10-27 12:00:00,2,-45.75,-45.02296676521019,3.6037479111959896,3.503826058326498
2020-10-27 12:00:00,4,-50.1,-45.77078410894753,3.6037479111959896,4.07612758120417
2020-10-27 12:00:00,8,-53.29175178959221,-45.704356079198845,3.6037479111959896,4.904623483087731
2020-10-27 15:00:00,1,-45.75,-48.21993520996753,3.6037479111959896,3.27860978599724
2020-10-27 15:00:00,2,-47.925,-48.72338851878485,3.6037479111959896,3.422099536010955
2020-10-27 15:00:00,4,-48.8,-49.52473512330251,3.6037479111959896,3.831165487196239
2020-10-27 15:00:00,8,-53.29175178959221,-49.637625379873924,3.6037479111959896,4.202600068765947
2020-10-27 18:00:00,1,-47.925,-49.099593787558234,3.6037479111959896,3.4490375074934043
2020-10-27 18:00:00,2,-50.1,-49.471593131804156,3.6037479111959896,3.590631985745149
2020-10-27 18:00:00,4,-46.8,-50.099362401887774,3.6037479111959896,3.808689360055581
2020-10-27 18:00:00,8,-53.29175178959221,-50.436254614908876,3.6037479111959896,3.614464990994427
2020-10-27 21:00:00,1,-50.1,-48.91480869997868,3.6037479111959896,3.4417726889761937
2020-10-27 21:00:00,2,-48.8,-49.09750577569004,3.6037479111959896,3.550931047428687
2020-10-27 21:00:00,4,-53.29175178959221,-49.452732217145915,3.6037479111959896,3.726391998769162
2020-10-27 21:00:00,8,-53.29175178959221,-49.901362965906365,3.6037479111959896,3.3598937309874466
2020-10-28 00:00:00,1,-48.8,-47.20881906530048,3.6037479111959896,3.355284922953899
2020-10-28 00:00:00,2,-46.8,-47.28505023151523,3.6037479111959896,3.5134780070891476
2020-10-28 00:00:00,4,-53.29175178959221,-47.71723698618743,3.6037479111959896,3.799628905160894
2020-10-28 00:00:00,8,-59.4,-48.42408952565357,3.6037479111959896,3.496207133959886
2020-10-28 03:00:00,1,-46.8,-47.26937861448795,3.6037479111959896,3.432188776738054
2020-10-28 03:00:00,2,-53.29175178959221,-47.43932606493582,3.6037479111959896,3.5668751016896834
2020-10-28 03:00:00,4,-53.29175178959221,-48.20725187079509,3.6037479111959896,3.8653147570850237
2020-10-28 03:00:00,8,-57.5,-48.904518865094076,3.6037479111959896,3.578376187362189
2020-10-28 06:00:00,1,-53.29175178959221,-47.485197120696476,3.6037479111959896,3.501990958365398
2020-10-28 06:00:00,2,-53.29175178959221,-47.78869267184235,3.6037479111959896,3.630033791297453
2020-10-28 06:00:00,4,-53.29175178959221,-48.78862447964606,3.6037479111959896,3.9496954036835596
2020-10-28 06:00:00,8,-54.675,-49.33979152550523,8.0,3.7472517919013053
2020-10-28 09:00:00,1,-53.29175178959221,-50.673690312311805,3.6037479111959896,3.1005762235687917
2020-10-28 09:00:00,2,-53.29175178959221,-50.85569768845076,3.6037479111959896,3.251017162916983
2020-10-28 09:00:00,4,-53.29175178959221,-51.39282820421619,3.6037479111959896,4.009681383794529
2020-10-28 09:00:00,8,-51.85,-51.343369413777246,9.8,3.700462151557018
2020-10-28 12:00:00,1,-53.29175178959221,-50.75654972738142,3.6037479111959896,3.1228371772026624
2020-10-28 12:00:00,2,-53.29175178959221,-50.99649330860429,3.6037479111959896,3.318203124230269
2020-10-28 12:00:00,4,-59.4,-51.42478611567759,3.6037479111959896,3.86777716206673
2020-10-28 12:00:00,8,-49.025000000000006,-51.1610286258053,11.6,3.662291348544967
2020-10-28 15:00:00,1,-53.29175178959221,-53.17854852344748,3.6037479111959896,3.2573889487298398
2020-10-28 15:00:00,2,-53.29175178959221,-53.26844934965826,3.6037479111959896,3.51260560928682
2020-10-28 15:00:00,4,-57.5,-53.35125175508707,3.6037479111959896,3.7190354295861594
2020-10-28 15:00:00,8,-46.2,-53.079707360705825,10.6,3.45284883254981
2020-10-28 18:00:00,1,-53.29175178959221,-55.088385585421406,3.6037479111959896,3.3904878391998237
2020-10-28 18:00:00,2,-59.4,-55.12890061694978,3.6037479111959896,3.5518195479194175
2020-10-28 18:00:00,4,-54.675,-55.11542004343222,8.0,3.558414885169244
2020-10-28 18:00:00,8,-50.3,-55.011628993859915,7.6,3.421892307208049
2020-10-28 21:00:00,1,-59.4,-55.08831281482145,3.6037479111959896,3.4763509995346253
2020-10-28 21:00:00,2,-57.5,-55.07411534281913,3.6037479111959896,3.4961957701007274
2020-10-28 21:00:00,4,-51.85,-54.90423724059152,9.8,3.569028742953282
2020-10-28 21:00:00,8,-51.5,-54.86254112781576,5.8,3.501078470467564
2020-10-29 00:00:00,1,-57.5,-55.442211372953274,3.6037479111959896,3.5354899489095173
2020-10-29 00:00:00,2,-54.675,-55.396934010008145,8.0,3.5525900508954606
2020-10-29 00:00:00,4,-49.025000000000006,-55.51115665303478,11.6,3.7666014514541604
2020-10-29 00:00:00,8,-52.7,-55.82713056082151,5.1,3.577194792566052
2020-10-29 03:00:00,1,-54.675,-54.39379074916803,8.0,3.6335432109413657
2020-10-29 03:00:00,2,-51.85,-54.2414330695073,9.8,3.6035256269619547
2020-10-29 03:00:00,4,-46.2,-54.30834617654732,10.6,3.877099978810047
2020-10-29 03:00:00,8,-52.4,-54.53067585019989,4.7,3.6549890326250436
2020-10-29 06:00:00,1,-51.85,-48.79673047603084,9.8,6.123711526886426
2020-10-29 06:00:00,2,-49.025000000000006,-48.74924874030768,11.6,5.351646376787226
2020-10-29 06:00:00,4,-50.3,-48.860733659698646,7.6,5.1378715644446835
2020-10-29 06:00:00,8,-48.6,-48.6600399102662,4.4,5.212845681648273
2020-10-29 09:00:00,1,-49.025000000000006,-46.14233277982439,11.6,8.380013827472096
2020-10-29 09:00:00,2,-46.2,-46.39369107810206,10.6,7.019775162430838
2020-10-29 09:00:00,4,-51.5,-46.81621303249823,5.8,5.874708511211949
2020-10-29 09:00:00,8,-46.6,-46.57711333805957,3.6,5.436415727354162
2020-10-29 12:00:00,1,-46.2,-45.90926728117458,10.6,8.663426262097335
2020-10-29 12:00:00,2,-50.3,-46.26875404498263,7.6,7.179943378598106
2020-10-29 12:00:00,4,-52.7,-46.79905141942423,5.1,5.542086687388935
2020-10-29 12:00:00,8,-44.6,-46.68701963978207,3.7,5.098373695958626
2020-10-29 15:00:00,1,-50.3,-47.51166292330116,7.6,7.592672984655916
2020-10-29 15:00:00,2,-51.5,-47.78697823973732,5.8,6.495805838799208
2020-10-29 15:00:00,4,-52.4,-48.108136872646035,4.7,5.767750829069437
2020-10-29 15:00:00,8,-42.6,-48.024275961200715,3.9,4.894331199190307
2020-10-29 18:00:00,1,-51.5,-50.72342703600752,5.8,6.230773503262435
2020-10-29 18:00:00,2,-52.7,-50.641788149614484,5.1,5.389916068701527
2020-10-29 18:00:00,4,-48.6,-50.396392177151945,4.4,4.921695745284991
2020-10-29 18:00:00,8,-45.525,-50.07820651145204,4.1,4.414038071764309
2020-10-29 21:00:00,1,-52.7,-50.942301367038674,5.1,4.464755195134159
2020-10-29 21:00:00,2,-52.4,-50.71616888916239,4.7,3.8275019389640335
2020-10-29 21:00:00,4,-46.6,-50.34519986133176,3.6,4.203027429850545
2020-10-29 21:00:00,8,-48.45,-50.203854138672575,3.7,3.6619872370108424
2020-10-30 00:00:00,1,-52.4,-50.38421264829657,4.7,4.66518226511492
2020-10-30 00:00:00,2,-48.6,-50.11880890372541,4.4,4.455068734897771
2020-10-30 00:00:00,4,-44.6,-49.71765214530248,3.7,4.481127363627017
2020-10-30 00:00:00,8,-51.375,-49.71522405696714,4.0,3.2607718462984416
2020-10-30 03:00:00,1,-48.6,-52.250021966229404,4.4,4.88444446843193
2020-10-30 03:00:00,2,-46.6,-52.09757255778642,3.6,4.8058630291051445
2020-10-30 03:00:00,4,-42.6,-51.940089234084866,3.9,4.53253919536508
2020-10-30 03:00:00,8,-54.3,-51.77610933308431,3.6,3.341027591977999
2020-10-30 06:00:00,1,-46.6,-52.236798566533864,3.6,4.590265307123145
2020-10-30 06:00:00,2,-44.6,-52.26422508966136,3.7,4.383310196599844
2020-10-30 06:00:00,4,-45.525,-52.263298773060804,4.1,4.019759160687169
2020-10-30 06:00:00,8,-51.3,-51.919831898445935,3.4,3.839396040456337
2020-10-30 09:00:00,1,-44.6,-49.45739349829887,3.7,4.013980801598085
2020-10-30 09:00:00,2,-42.6,-49.553348198981794,3.9,3.705903020691646
2020-10-30 09:00:00,4,-48.45,-49.78338020833966,3.7,3.370412278984994
2020-10-30 09:00:00,8,-48.3,-49.318512249275,3.4,3.7708155436712376
2020-10-30 12:00:00,1,-42.6,-49.03455920672365,3.9,3.8241374635108065
2020-10-30 12:00:00,2,-45.525,-49.007706855337986,4.1,3.4595231436220226
2020-10-30 12:00:00,4,-51.375,-48.85692653246899,4.0,3.398734775079166
2020-10-30 12:00:00,8,-45.3,-48.22637756956706,2.8,4.2933332259394
2020-10-30 15:00:00,1,-45.525,-48.916483504529275,4.1,3.7311675522739276
2020-10-30 15:00:00,2,-48.45,-49.0363907202395,3.7,3.3000664050133737
2020-10-30 15:00:00,4,-54.3,-49.01181407122986,3.6,3.3573962146801994
2020-10-30 15:00:00,8,-42.3,-48.42266869770185,2.2,4.354029110664261
2020-10-30 18:00:00,1,-48.45,-49.818133033202784,3.7,4.4518998644525105
2020-10-30 18:00:00,2,-51.375,-49.940698717439815,4.0,4.237155584955861
2020-10-30 18:00:00,4,-51.3,-49.852991411460906,3.4,4.550752189071249
2020-10-30 18:00:00,8,-53.29175178959221,-49.24276453922436,3.3,4.970769701275668
2020-10-30 21:00:00,1,-51.375,-50.460692747603254,4.0,4.62727632333401
2020-10-30 21:00:00,2,-54.3,-50.373077845876274,3.6,4.622213147554685
2020-10-30 21:00:00,4,-48.3,-50.20922403254892,3.4,5.123644892560941
2020-10-30 21:00:00,8,-53.29175178959221,-50.10033111546844,3.6,4.691550683975359
2020-10-31 00:00:00,1,-54.3,-50.87897383317397,3.6,4.490203734589547
2020-10-31 00:00:00,2,-51.3,-50.57031409118433,3.4,4.562609099751761
2020-10-31 00:00:00,4,-45.3,-50.21740171878217,2.8,4.955827686121686
2020-10-31 00:00:00,8,-53.29175178959221,-50.3565236151366,3.4,4.042789844154759
2020-10-31 03:00:00,1,-51.3,-50.50898468668935,3.4,4.5310475105612475
2020-10-31 03:00:00,2,-48.3,-50.18123130822178,3.4,4.684536736812239
2020-10-31 03:00:00,4,-42.3,-50.076228556110024,2.2,4.426811076118494
2020-10-31 03:00:00,8,-53.29175178959221,-50.49967113064581,3.7,3.400122432250304
2020-10-31 06:00:00,1,-48.3,-49.78070714966782,3.4,3.939314341719279
2020-10-31 06:00:00,2,-45.3,-49.85474799287383,2.8,4.028786956983688
2020-10-31 06:00:00,4,-53.29175178959221,-50.34146910720702,3.3,4.364852729958818
2020-10-31 06:00:00,8,-53.29175178959221,-50.6105203880386,3.4,3.530205461139954
2020-10-31 09:00:00,1,-45.3,-49.26154655902423,2.8,3.5767856532296634
2020-10-31 09:00:00,2,-42.3,-49.69286456962809,2.2,3.6802004173375713
2020-10-31 09:00:00,4,-53.29175178959221,-50.575224845804975,3.6,4.130666480381839
2020-10-31 09:00:00,8,-53.29175178959221,-50.743086806138116,2.3,3.3925267754686317
2020-10-31 12:00:00,1,-42.3,-49.34714784061021,2.2,3.31345989607267
2020-10-31 12:00:00,2,-53.29175178959221,-49.91713058969052,3.3,3.5758535301828087
2020-10-31 12:00:00,4,-53.29175178959221,-50.826709772131586,3.4,4.070342557095051
2020-10-31 12:00:00,8,-53.29175178959221,-50.91943284575039,1.3000000000000003,3.294088495224463
2020-10-31 15:00:00,1,-53.29175178959221,-52.10522337767095,3.3,3.245216969222267
2020-10-31 15:00:00,2,-53.29175178959221,-52.563866996232434,3.6,3.675507656711672
2020-10-31 15:00:00,4,-53.29175178959221,-53.07798347202531,3.7,3.808217823218196
2020-10-31 15:00:00,8,-42.3,-52.909683357027795,3.1,2.7590581976048156
2020-10-31 18:00:00,1,-53.29175178959221,-53.582628939792734,3.6,3.8834470240685364
2020-10-31 18:00:00,2,-53.29175178959221,-53.91199669079038,3.4,3.7440475168696223
2020-10-31 18:00:00,4,-53.29175178959221,-54.20328380297866,3.4,3.5138215155566948
2020-10-31 18:00:00,8,-45.63333333333333,-54.0980504905502,2.9,3.2857717499252814
2020-10-31 21:00:00,1,-53.29175178959221,-51.81922600362391,3.4,3.4236305311029502
2020-10-31 21:00:00,2,-53.29175178959221,-51.810881071098414,3.7,2.9541169405290018
2020-10-31 21:00:00,4,-53.29175178959221,-51.76038079647884,2.3,2.4537920687298795
2020-10-31 21:00:00,8,-48.96666666666666,-51.85037767447782,4.0,2.5947492444309663
2020-11-01 00:00:00,1,-53.29175178959221,-50.54986375134277,3.7,2.95989220704879
2020-11-01 00:00:00,2,-53.29175178959221,-50.27271728164125,3.4,2.535668907242256
2020-11-01 00:00:00,4,-53.29175178959221,-49.88523671275458,1.3000000000000003,2.487606861253264
2020-11-01 00:00:00,8,-52.3,-50.095625343379375,4.6,2.4284995440634543
2020-11-01 03:00:00,1,-53.29175178959221,-48.67367070824011,3.4,3.0392937104405933
2020-11-01 03:00:00,2,-53.29175178959221,-48.307925312584906,2.3,2.505372818735692
2020-11-01 03:00:00,4,-42.3,-47.820151546305745,3.1,2.528070997683812
2020-11-01 03:00:00,8,-50.3,-47.99087929932548,2.9,2.6256854947817834
2020-11-01 06:00:00,1,-53.29175178959221,-48.47153235432329,2.3,2.9794233284370986
2020-11-01 06:00:00,2,-53.29175178959221,-48.1834702946276,1.3000000000000003,2.6163181023844775
2020-11-01 06:00:00,4,-45.63333333333333,-47.98209134875393,2.9,3.0038923765482477
2020-11-01 06:00:00,8,-48.1,-48.1993641862102,3.4,3.033957855361625
2020-11-01 09:00:00,1,-53.29175178959221,-48.6924865915865,1.3000000000000003,2.524512516827427
2020-11-01 09:00:00,2,-42.3,-48.66048373887586,3.1,2.9110344109878645
2020-11-01 09:00:00,4,-48.96666666666666,-48.72500099999983,4.0,3.921424441524293
2020-11-01 09:00:00,8,-45.9,-48.71208313775524,2.9,3.3870075390284407
2020-11-01 12:00:00,1,-42.3,-50.43989008277773,3.1,2.540605394320769
2020-11-01 12:00:00,2,-45.63333333333333,-50.44513496973236,2.9,3.693149344895561
2020-11-01 12:00:00,4,-52.3,-50.42610383671529,4.6,4.702630506640034
2020-11-01 12:00:00,8,-44.8,-50.31755459860691,2.9,3.142182851073537
2020-11-01 15:00:00,1,-45.63333333333333,-47.70823432632095,2.9,3.8161428519599223
2020-11-01 15:00:00,2,-48.96666666666666,-47.79224582247312,4.0,3.9733305778081793
2020-11-01 15:00:00,4,-50.3,-47.73090488996231,2.9,3.639194141512414
2020-11-01 15:00:00,8,-45.7,-47.665104416575666,2.5,3.0222243275319878
2020-11-01 18:00:00,1,-48.96666666666666,-47.43087314732449,4.0,3.9779891602113433
2020-11-01 18:00:00,2,-52.3,-47.54003841377907,4.6,4.07471630320203
2020-11-01 18:00:00,4,-48.1,-47.48771347040305,3.4,3.785916679513518
2020-11-01 18:00:00,8,-49.1,-47.46729735435851,3.1,3.6204667748851
2020-11-01 21:00:00,1,-52.3,-49.22409563807987,4.6,3.8600877284531756
2020-11-01 21:00:00,2,-50.3,-48.911394966289414,2.9,3.617913085789004
2020-11-01 21:00:00,4,-45.9,-48.345379475783716,2.9,3.6202754021648555
2020-11-01 21:00:00,8,-50.45,-48.47739579137758,3.9,3.8783051210725663
2020-11-02 00:00:00,1,-50.3,-48.313692923007565,2.9,3.9411300531370994
2020-11-02 00:00:00,2,-48.1,-47.88634145047733,3.4,3.750951571182417
2020-11-02 00:00:00,4,-44.8,-47.61043928598505,2.9,3.89175057262805
2020-11-02 00:00:00,8,-51.8,-48.308057164266025,4.0,3.791309093952497
2020-11-02 03:00:00,1,-48.1,-46.173650796344305,3.4,3.7291903074305566
2020-11-02 03:00:00,2,-45.9,-45.92512190545324,2.9,3.8552529762404655
2020-11-02 03:00:00,4,-45.7,-46.25907123218186,2.5,4.117473206524372
2020-11-02 03:00:00,8,-48.5,-47.04712603444128,3.0,3.758467101093237
2020-11-02 06:00:00,1,-45.9,-46.15781850759632,2.9,3.9102713836194813
2020-11-02 06:00:00,2,-44.8,-46.103677901726215,2.9,4.068181331038653
2020-11-02 06:00:00,4,-49.1,-46.61932605004495,3.1,4.618248686997973
2020-11-02 06:00:00,8,-45.199999999999996,-47.10002737860907,3.0,3.9248871060526653
2020-11-02 09:00:00,1,-44.8,-47.454697953551374,2.9,3.5660152741151405
2020-11-02 09:00:00,2,-45.7,-47.60668367457616,2.5,3.6428551237119065
2020-11-02 09:00:00,4,-50.45,-48.13804018547265,3.9,4.074040896731836
2020-11-02 09:00:00,8,-41.9,-48.125862277744496,2.3,3.927772606506148
2020-11-02 12:00:00,1,-45.7,-48.90750786344991,2.5,3.61730964154012
2020-11-02 12:00:00,2,-49.1,-49.18733423658267,3.1,3.6742687361276185
2020-11-02 12:00:00,4,-51.8,-49.6204090087247,4.0,3.8885225967851254
2020-11-02 12:00:00,8,-42.5,-49.255548388284865,2.2,3.9220895038833943
2020-11-02 15:00:00,1,-49.1,-50.50069550292794,3.1,3.4777730348791005
2020-11-02 15:00:00,2,-50.45,-50.829854398701194,3.9,3.464160824522359
2020-11-02 15:00:00,4,-48.5,-51.10471075600691,3.0,3.278043205974166
2020-11-02 15:00:00,8,-45.9,-50.6978995058167,3.4,3.73790988654061
2020-11-02 18:00:00,1,-50.45,-50.592223085279564,3.9,3.5071293289007497
2020-11-02 18:00:00,2,-51.8,-50.64386085083664,4.0,3.18629480628901
2020-11-02 18:00:00,4,-45.199999999999996,-50.47701227514553,3.0,2.6522557837690215
2020-11-02 18:00:00,8,-49.3,-50.2589769675169,3.9,3.183201277230217
2020-11-02 21:00:00,1,-51.8,-50.466326885217576,4.0,3.658718377935027
2020-11-02 21:00:00,2,-48.5,-50.21841618417569,3.0,3.0890270768533825
2020-11-02 21:00:00,4,-41.9,-49.81950324595998,2.3,2.8271019203364336
2020-11-02 21:00:00,8,-52.7,-49.87569962127898,4.3,3.25092710516628
2020-11-03 00:00:00,1,-48.5,-48.36508301634943,3.0,3.2979372776934612
2020-11-03 00:00:00,2,-45.199999999999996,-48.19581535858536,3.0,2.7772655926941545
2020-11-03 00:00:00,4,-42.5,-48.08242939733303,2.2,2.6680985897106773
2020-11-03 00:00:00,8,-56.1,-48.4871733500585,5.1,2.67970094994604
2020-11-03 03:00:00,1,-45.199999999999996,-45.07883441195264,3.0,3.011059512531836
2020-11-03 03:00:00,2,-41.9,-45.11426937112778,2.3,2.7654580564820566
2020-11-03 03:00:00,4,-45.9,-45.49397339270722,3.4,2.9931520966641996
2020-11-03 03:00:00,8,-52.6,-46.13002229991413,5.4,2.553881367746821
2020-11-03 06:00:00,1,-41.9,-42.5961746111535,2.3,3.04995401008423
2020-11-03 06:00:00,2,-42.5,-43.17054286963296,2.2,2.8605806892097694
2020-11-03 06:00:00,4,-49.3,-44.52018676456776,3.9,3.265480283051462
2020-11-03 06:00:00,8,-50.75,-45.50167770979023,4.5,2.301296943547041
2020-11-03 09:00:00,1,-42.5,-44.41575302811263,2.2,2.8423483936055822
2020-11-03 09:00:00,2,-45.9,-45.098739692795476,3.4,2.9353123596445907
2020-11-03 09:00:00,4,-52.7,-46.426052380055076,4.3,2.867920795793287
2020-11-03 09:00:00,8,-48.9,-47.02568572623985,5.2,1.932335404331015
2020-11-03 12:00:00,1,-45.9,-46.54557664948928,3.4,3.0105792578482453
2020-11-03 12:00:00,2,-49.3,-47.165949976913474,3.9,3.0373263031667928
2020-11-03 12:00:00,4,-56.1,-48.12205695176732,5.1,2.650387658633652
2020-11-03 12:00:00,8,-47.4,-48.153204930053654,5.2,2.525823446287931
2020-11-03 15:00:00,1,-49.3,-49.795493991479724,3.9,3.649725233077666
2020-11-03 15:00:00,2,-52.7,-50.05691894946044,4.3,3.332660245846717
2020-11-03 15:00:00,4,-52.6,-50.07963148228445,5.4,2.427108954283501
2020-11-03 15:00:00,8,-48.3,-49.62538929169085,5.0,3.035649437446327
2020-11-03 18:00:00,1,-52.7,-52.812393883230115,4.3,3.7209444246243795
2020-11-03 18:00:00,2,-56.1,-52.74186185732836,5.1,3.143189029157993
2020-11-03 18:00:00,4,-50.75,-52.54688499054577,4.5,3.0005391249887587
2020-11-03 18:00:00,8,-50.93333333333333,-52.25812246879414,4.9,3.878776684570032
2020-11-03 21:00:00,1,-56.1,-53.6737298054332,5.1,4.205556565012835
2020-11-03 21:00:00,2,-52.6,-53.34502905822678,5.4,3.912864076412818
2020-11-03 21:00:00,4,-48.9,-52.8127527377543,5.2,4.202483350935106
2020-11-03 21:00:00,8,-53.56666666666667,-52.78610608940121,4.9,4.328378221200632
2020-11-04 00:00:00,1,-52.6,-52.400013880890405,5.4,5.058575101768621
2020-11-04 00:00:00,2,-50.75,-51.99366154479933,4.5,4.945235956204162
2020-11-04 00:00:00,4,-47.4,-51.75520417699299,5.2,4.866292579629436
2020-11-04 00:00:00,8,-56.2,-52.35931268991882,4.7,3.9848557837716254
2020-11-04 03:00:00,1,-50.75,-48.76884204422197,4.5,5.442221439685467
2020-11-04 03:00:00,2,-48.9,-48.52756103303694,5.2,5.266043952036165
2020-11-04 03:00:00,4,-48.3,-48.8151554875903,5.0,4.7145809408816675
2020-11-04 03:00:00,8,-52.7,-49.389752505134,4.5,3.640170240361455
2020-11-04 06:00:00,1,-48.9,-46.32188378796416,5.2,4.948688543222242
2020-11-04 06:00:00,2,-47.4,-46.49026631026237,5.2,4.77121420263475
2020-11-04 06:00:00,4,-50.93333333333333,-47.44610021524112,4.9,4.587933829794992
2020-11-04 06:00:00,8,-50.400000000000006,-47.964684044842436,4.3,3.7131192112226863
2020-11-04 09:00:00,1,-47.4,-48.063736719655886,5.2,5.098268015400962
2020-11-04 09:00:00,2,-48.3,-48.21721892123631,5.0,4.807225999042076
2020-11-04 09:00:00,4,-53.56666666666667,-48.78782940680391,4.9,4.10265750683008
2020-11-04 09:00:00,8,-48.1,-48.665821570458164,5.0,3.6649042896691677
2020-11-04 12:00:00,1,-48.3,-49.114829141236235,5.0,4.846752553774362
2020-11-04 12:00:00,2,-50.93333333333333,-49.32954780268396,4.9,4.379853397289102
2020-11-04 12:00:00,4,-56.2,-49.72329402830243,4.7,4.190042797780232
2020-11-04 12:00:00,8,-46.8,-48.960204945587115,4.0,4.556919305448893
2020-11-04 15:00:00,1,-50.93333333333333,-50.57024582371555,4.9,4.885061595966944
2020-11-04 15:00:00,2,-53.56666666666667,-50.572205766532825,4.9,4.400685903829225
2020-11-04 15:00:00,4,-52.7,-50.304752737021666,4.5,4.668621948654214
2020-11-04 15:00:00,8,-47.2,-49.24761855439207,4.2,5.946213192226811
2020-11-04 18:00:00,1,-53.56666666666667,-51.77733463507994,4.9,5.30246770000177
2020-11-04 18:00:00,2,-56.2,-51.3883965827537,4.7,5.352055022495568
2020-11-04 18:00:00,4,-50.400000000000006,-50.805402576488014,4.3,6.863664823741082
2020-11-04 18:00:00,8,-51.4,-50.13402012062026,4.3,7.64552904625517
2020-11-04 21:00:00,1,-56.2,-52.19235045519658,4.7,5.533556954709539
2020-11-04 21:00:00,2,-52.7,-51.649687887800816,4.5,5.795900461203999
2020-11-04 21:00:00,4,-48.1,-51.02721060742403,5.0,7.287600194682136
2020-11-04 21:00:00,8,-52.95,-50.84233581747126,5.3,6.891980388214419
2020-11-05 00:00:00,1,-52.7,-48.87165069069479,4.5,5.650536694177205
2020-11-05 00:00:00,2,-50.400000000000006,-48.302002073948465,4.3,6.125950333776023
2020-11-05 00:00:00,4,-46.8,-48.024529577549096,4.0,7.171549505687088
2020-11-05 00:00:00,8,-54.5,-48.47066090837623,5.3,5.551284415036249
2020-11-05 03:00:00,1,-50.400000000000006,-45.665895736367894,4.3,5.421174479460721
2020-11-05 03:00:00,2,-48.1,-45.30034811823437,5.0,5.835446957676227
2020-11-05 03:00:00,4,-47.2,-45.48482519164081,4.2,6.687952714450656
2020-11-05 03:00:00,8,-52.3,-45.86830319740437,5.4,5.476998981022763
2020-11-05 06:00:00,1,-48.1,-43.68512755849087,5.0,5.34188420192325
2020-11-05 06:00:00,2,-46.8,-43.790657176951356,4.0,5.3823017365337185
2020-11-05 06:00:00,4,-51.4,-44.66007059071882,4.3,6.1670684952924955
2020-11-05 06:00:00,8,-49.8,-44.73293053280268,5.6,6.395740107293108
2020-11-05 09:00:00,1,-46.8,-45.04324814756966,4.0,5.4532318395014645
2020-11-05 09:00:00,2,-47.2,-45.148233787782914,4.2,5.394585848338348
2020-11-05 09:00:00,4,-52.95,-45.69031279440832,5.3,5.877850561616592
2020-11-05 09:00:00,8,-47.3,-45.265692741130096,6.0,7.095908459918789
2020-11-05 12:00:00,1,-47.2,-46.80747623749696,4.2,3.9263395205584564
2020-11-05 12:00:00,2,-51.4,-46.931880460134494,4.3,3.852173337083424
2020-11-05 12:00:00,4,-54.5,-47.17886099439866,5.3,4.741474563320809
2020-11-05 12:00:00,8,-44.8,-46.094815019051744,5.2,7.176888773256314
2020-11-05 15:00:00,1,-51.4,-47.34004895406408,4.3,4.283576489731772
2020-11-05 15:00:00,2,-52.95,-47.36631769964807,5.3,4.259099123675619
2020-11-05 15:00:00,4,-52.3,-47.32943309248163,5.4,5.139846009979641
2020-11-05 15:00:00,8,-42.3,-46.371753263967236,5.2,6.868426527334217
2020-11-05 18:00:00,1,-52.95,-50.1519919370572,5.3,4.054882216663043
2020-11-05 18:00:00,2,-54.5,-49.86733028178246,5.3,4.019563235758241
2020-11-05 18:00:00,4,-49.8,-49.28523807256802,5.6,5.4488361254884525
2020-11-05 18:00:00,8,-45.1,-48.71264188627276,6.2,6.923344586171597
2020-11-05 21:00:00,1,-54.5,-51.79154597672631,5.3,5.442619421361753
2020-11-05 21:00:00,2,-52.3,-51.341145767597745,5.4,5.380637507691238
2020-11-05 21:00:00,4,-47.3,-50.80730433885036,6.0,6.206749358568615
2020-11-05 21:00:00,8,-47.25,-50.75132717595748,5.4,6.66666666662724
2020-11-06 00:00:00,1,-52.3,-48.46747773500367,5.4,5.752332558243885
2020-11-06 00:00:00,2,-49.8,-47.94694026696874,5.6,6.101506239499882
2020-11-06 00:00:00,4,-44.8,-47.674779664116045,5.2,6.989767855912319
2020-11-06 00:00:00,8,-49.4,-47.99058893742662,5.9,6.134502034361454
2020-11-06 03:00:00,1,-49.8,-46.7814362509772,5.6,6.203560173142289
2020-11-06 03:00:00,2,-47.3,-46.3529755671733,6.0,6.878018610886919
2020-11-06 03:00:00,4,-42.3,-46.30030478332222,5.2,7.6555310552000595
2020-11-06 03:00:00,8,-47.7,-46.594365734258275,4.4,6.438229450051194
2020-11-06 06:00:00,1,-47.3,-43.926777826433124,6.0,6.89245898997304
2020-11-06 06:00:00,2,-44.8,-43.78780327253109,5.2,7.330431639588541
2020-11-06 06:00:00,4,-45.1,-44.155802035031634,6.2,7.686663630381007
2020-11-06 06:00:00,8,-44.800000000000004,-44.22131646952536,5.1,6.913947441124858
2020-11-06 09:00:00,1,-44.8,-41.71717637271988,5.2,6.146411198799035
2020-11-06 09:00:00,2,-42.3,-41.763096062297336,5.2,5.87929447155682
2020-11-06 09:00:00,4,-47.25,-42.16336750512916,5.4,6.250007364757215
2020-11-06 09:00:00,8,-41.9,-41.74783152832925,5.7,7.452430299102505
2020-11-06 12:00:00,1,-42.3,-42.64559665604197,5.2,4.6912499582714124
2020-11-06 12:00:00,2,-45.1,-42.95182254568836,6.2,4.493684901213533
2020-11-06 12:00:00,4,-49.4,-43.445359239133744,5.9,5.315539457213972
2020-11-06 12:00:00,8,-39.0,-42.836156198803586,4.8,6.76975927699179
2020-11-06 15:00:00,1,-45.1,-43.93875399388416,6.2,4.997005459577346
2020-11-06 15:00:00,2,-47.25,-44.03208841259274,5.4,4.748284934112002
2020-11-06 15:00:00,4,-47.7,-43.97735411390711,4.4,4.921106024312357
2020-11-06 15:00:00,8,-41.2,-43.19434461982817,4.9,5.65371031011673
2020-11-06 18:00:00,1,-47.25,-45.09354127815469,5.4,6.090729381985886
2020-11-06 18:00:00,2,-49.4,-45.02041330970265,5.9,5.716326946975151
2020-11-06 18:00:00,4,-44.800000000000004,-44.750499949436865,5.1,6.291850893734059
2020-11-06 18:00:00,8,-43.300000000000004,-44.28344094686249,5.2,6.842699123440594
2020-11-06 21:00:00,1,-49.4,-47.298724980049506,5.9,5.7283276088077635
2020-11-06 21:00:00,2,-47.7,-46.95706845423392,4.4,5.521457757220739
2020-11-06 21:00:00,4,-41.9,-46.80871621970026,5.7,6.446995924242209
2020-11-06 21:00:00,8,-45.400000000000006,-46.955603675721825,5.0,6.638320816302868
2020-11-07 00:00:00,1,-47.7,-45.62252734079501,4.4,6.367623533657915
2020-11-07 00:00:00,2,-44.800000000000004,-45.20231171006691,5.1,6.127974153779394
2020-11-07 00:00:00,4,-39.0,-45.127092127241724,4.8,6.646604849683721
2020-11-07 00:00:00,8,-47.5,-45.60341461104086,4.5,6.42250746759272
2020-11-07 03:00:00,1,-44.800000000000004,-43.51234853915342,5.1,5.3995712833239935
2020-11-07 03:00:00,2,-41.9,-43.22418705032115,5.7,5.509187935219064
2020-11-07 03:00:00,4,-41.2,-43.60031090248269,4.9,6.351601891898699
2020-11-07 03:00:00,8,-49.6,-44.12281677922152,4.4,5.806040036162397
2020-11-07 06:00:00,1,-41.9,-41.17778699628907,5.7,5.518884952847185
2020-11-07 06:00:00,2,-39.0,-41.421351635361,4.8,5.501985661249855
2020-11-07 06:00:00,4,-43.300000000000004,-42.480839694724,5.2,5.918068465546995
2020-11-07 06:00:00,8,-47.4,-43.17929047214908,4.6,4.815377051943205
2020-11-07 09:00:00,1,-39.0,-39.33841857864546,4.8,5.745139881903526
2020-11-07 09:00:00,2,-41.2,-39.98873124394575,4.9,5.075427258344269
2020-11-07 09:00:00,4,-45.400000000000006,-41.420340051971436,5.0,5.058389121049585
2020-11-07 09:00:00,8,-45.2,-41.82406701754993,4.5,5.7626470233279825
2020-11-07 12:00:00,1,-41.2,-40.97766208238801,4.9,4.4696984538730264
2020-11-07 12:00:00,2,-43.300000000000004,-41.76173647692974,5.2,4.089469938229763
2020-11-07 12:00:00,4,-47.5,-43.00668005004323,4.5,4.354158252092446
2020-11-07 12:00:00,8,-43.0,-43.032803974928285,5.2,5.041797380136716
2020-11-07 15:00:00,1,-43.300000000000004,-44.59778544166098,5.2,4.94430434636385
2020-11-07 15:00:00,2,-45.400000000000006,-45.1012110111902,5.0,4.452228743201082
2020-11-07 15:00:00,4,-49.6,-45.74475456969212,4.4,4.501331545398468
2020-11-07 15:00:00,8,-43.0,-45.47886016394697,4.0,5.85451446027095
2020-11-07 18:00:00,1,-45.400000000000006,-46.522232777673025,5.0,5.332037461285077
2020-11-07 18:00:00,2,-47.5,-46.66336955504519,4.5,4.997736052413424
2020-11-07 18:00:00,4,-47.4,-46.761040669210864,4.6,5.491011092581561
2020-11-07 18:00:00,8,-45.3,-46.59699123986479,4.1,6.48834144292209
2020-11-07 21:00:00,1,-47.5,-46.330427488700195,4.5,5.413784518527346
2020-11-07 21:00:00,2,-49.6,-46.24428294936797,4.4,5.365350831021242
2020-11-07 21:00:00,4,-45.2,-46.28370227901623,4.5,6.40771560201007
2020-11-07 21:00:00,8,-45.2,-46.578418885852926,6.0,6.681730465027288
2020-11-08 00:00:00,1,-49.6,-45.74230630732907,4.4,5.223437731486758
2020-11-08 00:00:00,2,-47.4,-45.57986287468908,4.6,5.266048217648987
2020-11-08 00:00:00,4,-43.0,-45.606801686193506,5.2,6.413660160038729
2020-11-08 00:00:00,8,-45.6,-46.17384893411647,6.1,6.432846246669902
2020-11-08 03:00:00,1,-47.4,-44.33462893967674,4.6,4.990248408946427
2020-11-08 03:00:00,2,-45.2,-44.1317005564247,4.5,5.101268554100237
2020-11-08 03:00:00,4,-43.0,-44.39343695095821,4.0,5.911869676994147
2020-11-08 03:00:00,8,-44.6,-45.143182355344024,6.2,6.382217688086268
2020-11-08 06:00:00,1,-45.2,-42.94448280210614,4.5,4.828807227272771
2020-11-08 06:00:00,2,-43.0,-43.09042748258267,5.2,4.738224272990809
2020-11-08 06:00:00,4,-45.3,-43.83982704649342,4.1,5.350194682103599
2020-11-08 06:00:00,8,-42.1,-44.36735913813649,6.2,6.357715368195107
2020-11-08 09:00:00,1,-43.0,-42.302358630553954,5.2,4.617590609579867
2020-11-08 09:00:00,2,-43.0,-42.71621728104981,4.0,4.308026182624741
2020-11-08 09:00:00,4,-45.2,-43.75607673195002,6.0,5.092215430727588
2020-11-08 09:00:00,8,-40.6,-43.93810482249243,7.199999999999999,6.769333142270878
2020-11-08 12:00:00,1,-43.0,-43.7934073292291,4.0,4.532790759881255
2020-11-08 12:00:00,2,-45.3,-44.12796403829204,4.1,3.99316346464356
2020-11-08 12:00:00,4,-45.6,-44.567744152894846,6.1,4.523519770333725
2020-11-08 12:00:00,8,-39.5,-44.004238167336325,7.4,6.003488428709597
2020-11-08 15:00:00,1,-45.3,-46.435076654951246,4.1,3.7807031142221392
2020-11-08 15:00:00,2,-45.2,-46.54349404137851,6.0,3.520344150767987
2020-11-08 15:00:00,4,-44.6,-46.38174877419755,6.2,4.029923209599133
2020-11-08 15:00:00,8,-39.8,-45.56389297025206,7.699999999999999,4.59244738136221
2020-11-08 18:00:00,1,-45.2,-45.65558824920904,6.0,3.930717958839539
2020-11-08 18:00:00,2,-45.6,-45.46979698199735,6.1,3.80309234283159
2020-11-08 18:00:00,4,-42.1,-44.90162935503538,6.2,4.173843813167944
2020-11-08 18:00:00,8,-42.0,-44.40236035571583,7.6,3.886455694092253
2020-11-08 21:00:00,1,-45.6,-43.75184883214237,6.1,4.990579740422372
2020-11-08 21:00:00,2,-44.6,-43.46665868939168,6.2,4.301409204054863
2020-11-08 21:00:00,4,-40.6,-42.867836627321324,7.199999999999999,4.151739407524638
2020-11-08 21:00:00,8,-44.3,-42.742160360186446,6.2,3.757240617436568
2020-11-09 00:00:00,1,-44.6,-41.296404515227714,6.2,5.3388664941323665
2020-11-09 00:00:00,2,-42.1,-41.1031481372616,6.2,4.877929811249618
2020-11-09 00:00:00,4,-39.5,-41.15613594154816,7.4,4.457922429875651
2020-11-09 00:00:00,8,-46.6,-41.98583317925959,5.7,3.1920762046272295
2020-11-09 03:00:00,1,-42.1,-40.34749894776606,6.2,5.690358109395807
2020-11-09 03:00:00,2,-40.6,-40.1626169528034,7.199999999999999,5.329458898334213
2020-11-09 03:00:00,4,-39.8,-40.43813220826421,7.699999999999999,3.731934376158912
2020-11-09 03:00:00,8,-45.4,-41.42118159712743,4.4,2.7561023411998504
2020-11-09 06:00:00,1,-40.6,-39.68413512753809,7.199999999999999,5.814068772615857
2020-11-09 06:00:00,2,-39.5,-39.78189558382648,7.4,5.163495100666092
2020-11-09 06:00:00,4,-42.0,-40.65870566075435,7.6,3.354073248971746
2020-11-09 06:00:00,8,-43.8,-41.75552071489148,5.5,2.774302591387713
2020-11-09 09:00:00,1,-39.5,-40.8208580109945,7.4,6.442336168795519
2020-11-09 09:00:00,2,-39.8,-41.07536273709425,7.699999999999999,5.279249009649053
2020-11-09 09:00:00,4,-44.3,-41.95946500453902,6.2,3.313088414516039
2020-11-09 09:00:00,8,-41.1,-42.490145685507144,6.1,3.3455025664092584
2020-11-09 12:00:00,1,-39.8,-42.193984474186074,7.699999999999999,5.917862009886412
2020-11-09 12:00:00,2,-42.0,-42.38121962538115,7.6,4.6626978655671
2020-11-09 12:00:00,4,-46.6,-42.96575055032052,5.7,3.5413150964392424
2020-11-09 12:00:00,8,-39.5,-42.996748664401004,6.1,3.9166996354820687
2020-11-09 15:00:00,1,-42.0,-43.71166577144501,7.6,5.297225581764565
2020-11-09 15:00:00,2,-44.3,-43.766214180875295,6.2,4.041983856612053
2020-11-09 15:00:00,4,-45.4,-43.677361278322735,4.4,3.218282236939554
2020-11-09 15:00:00,8,-39.7,-43.123675721254024,4.3,4.271729443280909
2020-11-09 18:00:00,1,-44.3,-44.72652311750115,6.2,5.197572548298988
2020-11-09 18:00:00,2,-46.6,-44.53773168416829,5.7,4.043133225986926
2020-11-09 18:00:00,4,-43.8,-43.99757497418344,5.5,3.0758958676624752
2020-11-09 18:00:00,8,-43.8,-43.471957974171026,4.1,4.311834788352972
2020-11-09 21:00:00,1,-46.6,-45.28644028762991,5.7,4.621465812188282
2020-11-09 21:00:00,2,-45.4,-44.86964703660295,4.4,3.750117004033804
2020-11-09 21:00:00,4,-41.1,-44.15840016160054,6.1,3.80685783921024
2020-11-09 21:00:00,8,-45.4,-43.93347344213054,3.9,4.667644163555104
2020-11-10 00:00:00,1,-45.4,-42.042604334243144,4.4,4.618877544968248
2020-11-10 00:00:00,2,-43.8,-41.37751779614876,5.5,4.1221173391641015
2020-11-10 00:00:00,4,-39.5,-40.70987708204584,6.1,4.673384931931194
2020-11-10 00:00:00,8,-47.0,-40.97491193011027,3.5,4.321120600905059
2020-11-10 03:00:00,1,-43.8,-40.24435346708054,5.5,4.545110382912627
2020-11-10 03:00:00,2,-41.1,-39.69399878608728,6.1,4.364902530988514
2020-11-10 03:00:00,4,-39.7,-39.42887027289419,4.3,4.478088860973627
2020-11-10 03:00:00,8,-48.6,-39.721065126266886,3.5,3.878166968537296
2020-11-10 06:00:00,1,-41.1,-38.35563217264348,6.1,6.451923346893476
2020-11-10 06:00:00,2,-39.5,-38.215360716959964,6.1,6.189004835790617
2020-11-10 06:00:00,4,-43.8,-38.5001488201584,4.1,3.9031092064107993
2020-11-10 06:00:00,8,-45.8,-38.86454075470442,2.6,2.817836849326694
2020-11-10 09:00:00,1,-39.5,-38.91581016413052,6.1,6.6910390986079715
2020-11-10 09:00:00,2,-39.7,-38.97871278253653,4.3,5.89505847030159
2020-11-10 09:00:00,4,-45.4,-39.37629963868068,3.9,3.3420545382648816
2020-11-10 09:00:00,8,-43.0,-39.33730756611932,2.4,2.955579459205165
2020-11-10 12:00:00,1,-39.7,-39.52407583267306,4.3,5.350395059265909
2020-11-10 12:00:00,2,-43.8,-39.57004955982475,4.1,4.190596580964841
2020-11-10 12:00:00,4,-47.0,-39.49591288998711,3.5,3.305007024404308
2020-11-10 12:00:00,8,-40.2,-38.64062922112893,2.4,3.8452582988176127
2020-11-10 15:00:00,1,-43.8,-40.963841432403306,4.1,3.054484464142255
2020-11-10 15:00:00,2,-45.4,-40.77970299446202,3.9,2.4121363333575214
2020-11-10 15:00:00,4,-48.6,-39.851418165325995,3.5,2.6693748610670025
2020-11-10 15:00:00,8,-37.4,-38.3211879023292,2.8,3.928967537957975
2020-11-10 18:00:00,1,-45.4,-41.42061456284852,3.9,3.346698884185252
2020-11-10 18:00:00,2,-47.0,-40.965958984812076,3.5,2.990971622029943
2020-11-10 18:00:00,4,-45.8,-40.05429251100381,2.6,2.913912846520111
2020-11-10 18:00:00,8,-40.45,-39.2971987170239,3.5,2.743774986745238
2020-11-10 21:00:00,1,-47.0,-44.80047461858444,3.5,3.201920252597308
2020-11-10 21:00:00,2,-48.6,-44.237154522281266,3.5,2.496425269280386
2020-11-10 21:00:00,4,-43.0,-43.227136781373034,2.4,3.0397169658728505
2020-11-10 21:00:00,8,-43.5,-42.579818518186,3.7,3.917272294003414
2020-11-11 00:00:00,1,-48.6,-44.40040347502776,3.5,2.738910481883095
2020-11-11 00:00:00,2,-45.8,-43.68953630404693,2.6,2.444266102175918
2020-11-11 00:00:00,4,-40.2,-42.567069253173,2.4,3.213386273182849
2020-11-11 00:00:00,8,-46.55,-42.266771645669984,4.0,3.6002418782313828
2020-11-11 03:00:00,1,-45.8,-41.36031871702329,2.6,3.2624714797273446
2020-11-11 03:00:00,2,-43.0,-40.666362424772046,2.4,3.516006675700035
2020-11-11 03:00:00,4,-37.4,-40.04994068502594,2.8,3.8413936002807727
2020-11-11 03:00:00,8,-49.6,-40.30973172688722,3.4,2.957048536261042
2020-11-11 06:00:00,1,-43.0,-39.04752639106216,2.4,2.668987969984052
2020-11-11 06:00:00,2,-40.2,-38.8491811146057,2.4,3.1184873185274866
2020-11-11 06:00:00,4,-40.45,-39.17912733783546,3.5,4.096342853568958
2020-11-11 06:00:00,8,-46.825,-39.6278712052513,3.1,4.2332645462598455
2020-11-11 09:00:00,1,-40.2,-36.88661279172886,2.4,2.3112184390499175
2020-11-11 09:00:00,2,-37.4,-37.10375449800499,2.8,2.7795217819560003
2020-11-11 09:00:00,4,-43.5,-38.055176054922725,3.7,4.42406556774581
2020-11-11 09:00:00,8,-44.05,-38.58412465151158,3.4,5.355883836564544
2020-11-11 12:00:00,1,-37.4,-37.472292195245835,2.8,2.4146502722741334
2020-11-11 12:00:00,2,-40.45,-37.706826795413676,3.5,2.902294223635865
2020-11-11 12:00:00,4,-46.55,-38.4210983335709,4.0,4.606582555850921
2020-11-11 12:00:00,8,-41.275,-38.54009339502816,3.4,5.454251960807832
2020-11-11 15:00:00,1,-40.45,-41.29146043743629,3.5,2.96812116070408
2020-11-11 15:00:00,2,-43.5,-41.66733355525342,3.7,3.433832264038188
2020-11-11 15:00:00,4,-49.6,-42.05516194599287,3.4,4.342622275456624
2020-11-11 15:00:00,8,-38.5,-41.824276683337935,3.5,4.5477414129012015
2020-11-11 18:00:00,1,-43.5,-43.9509117275846,3.7,3.713304245508878
2020-11-11 18:00:00,2,-46.55,-43.94953485019325,4.0,3.6370374809947403
2020-11-11 18:00:00,4,-46.825,-43.651671095033485,3.1,3.9028944861253745
2020-11-11 18:00:00,8,-42.0,-43.30439177949417,3.0,4.361628939748475
2020-11-11 21:00:00,1,-46.55,-44.59293142649328,4.0,3.442654897688012
2020-11-11 21:00:00,2,-49.6,-44.231661422735684,3.4,3.088552794027743
2020-11-11 21:00:00,4,-44.05,-43.65832564217449,3.4,3.3938548606907033
2020-11-11 21:00:00,8,-42.833333333333336,-43.66260685905537,3.2,4.238443640067607
2020-11-12 00:00:00,1,-49.6,-44.46904488381685,3.4,3.5814831193597074
2020-11-12 00:00:00,2,-46.825,-43.761855870388516,3.1,3.4030925251380624
2020-11-12 00:00:00,4,-41.275,-42.80059731345821,3.4,4.01751595488435
2020-11-12 00:00:00,8,-43.666666666666664,-42.90140332743013,3.7,4.481786507448328
2020-11-12 03:00:00,1,-46.825,-41.96165028404082,3.1,3.03500074437643
2020-11-12 03:00:00,2,-44.05,-41.22309642152824,3.4,3.061722036057565
2020-11-12 03:00:00,4,-38.5,-40.692240658819614,3.5,3.569744419474523
2020-11-12 03:00:00,8,-44.5,-41.20003102334452,3.2,4.573525229524394
2020-11-12 06:00:00,1,-44.05,-41.83947349021299,3.4,2.970196594622596
2020-11-12 06:00:00,2,-41.275,-41.445228317659144,3.4,3.023485082721673
2020-11-12 06:00:00,4,-42.0,-41.439849777770924,3.0,3.7264477583267688
2020-11-12 06:00:00,8,-53.29175178959221,-41.591453993521654,3.1,4.612818028674037
2020-11-12 09:00:00,1,-41.275,-39.57680353610233,3.4,2.9490101488585725
2020-11-12 09:00:00,2,-38.5,-39.69229119874166,3.5,3.021336920104543
2020-11-12 09:00:00,4,-42.833333333333336,-40.27817378353774,3.2,4.23054969697932
2020-11-12 09:00:00,8,-53.29175178959221,-40.29359106371564,1.8,4.89895277740224
2020-11-12 12:00:00,1,-38.5,-38.913406572828826,3.5,2.8392114619363253
2020-11-12 12:00:00,2,-42.0,-39.13609901872972,3.0,3.004060175092631
2020-11-12 12:00:00,4,-43.666666666666664,-39.699840608111884,3.7,4.285381430477216
2020-11-12 12:00:00,8,-53.29175178959221,-39.5911025987442,1.3000000000000003,4.705531336639597
2020-11-12 15:00:00,1,-42.0,-41.44846480810494,3.0,3.257199288919744
2020-11-12 15:00:00,2,-42.833333333333336,-41.689914056271064,3.2,3.499225261647031
2020-11-12 15:00:00,4,-44.5,-41.80192314013205,3.2,4.025429759732338
2020-11-12 15:00:00,8,-53.29175178959221,-41.22675368455204,2.4,4.654408180249257
2020-11-12 18:00:00,1,-42.833333333333336,-43.35874493315623,3.2,3.261785195944454
2020-11-12 18:00:00,2,-43.666666666666664,-43.1257226645658,3.7,3.361437509587868
2020-11-12 18:00:00,4,-53.29175178959221,-42.38766018372821,3.1,3.8393270175088623
2020-11-12 18:00:00,8,-53.29175178959221,-41.62149816429175,3.0,5.1914251603806445
2020-11-12 21:00:00,1,-43.666666666666664,-43.03782658732759,3.7,3.031968426861632
2020-11-12 21:00:00,2,-44.5,-42.623773401564506,3.2,2.9649397067009944
2020-11-12 21:00:00,4,-53.29175178959221,-41.93637871182659,1.8,3.946243563147723
2020-11-12 21:00:00,8,-53.29175178959221,-41.72197490931137,3.6,5.446872877187154
2020-11-13 00:00:00,1,-44.5,-41.227171575126064,3.2,3.284678153438056
2020-11-13 00:00:00,2,-53.29175178959221,-40.667766681201,3.1,3.3641224729185595
2020-11-13 00:00:00,4,-53.29175178959221,-39.792805409812736,1.3000000000000003,4.296042636563577
2020-11-13 00:00:00,8,-53.29175178959221,-39.81812669659526,3.2,5.5543215313654715
2020-11-13 03:00:00,1,-53.29175178959221,-40.77831170705088,3.1,3.126042731918192
2020-11-13 03:00:00,2,-53.29175178959221,-40.284109270691005,1.8,3.4111770877993295
2020-11-13 03:00:00,4,-53.29175178959221,-39.70811340047578,2.4,4.218583693250887
2020-11-13 03:00:00,8,-40.7,-39.74209366815269,4.3,5.052074627748943
2020-11-13 06:00:00,1,-53.29175178959221,-44.30705536680038,1.8,3.0394102683109527
2020-11-13 06:00:00,2,-53.29175178959221,-43.67410893685517,1.3000000000000003,3.226135390105231
2020-11-13 06:00:00,4,-53.29175178959221,-42.77241419674455,3.0,4.0346237549684325
2020-11-13 06:00:00,8,-37.86666666666667,-42.14998708124917,5.5,3.8875977319450876
2020-11-13 09:00:00,1,-53.29175178959221,-45.048138187786854,1.3000000000000003,2.64930835194938
2020-11-13 09:00:00,2,-53.29175178959221,-44.671246281570276,2.4,3.1600146322938243
2020-11-13 09:00:00,4,-53.29175178959221,-43.950507526529364,3.6,3.938781086796376
2020-11-13 09:00:00,8,-35.03333333333334,-42.92565539074391,7.799999999999999,3.4697310683608724
2020-11-13 12:00:00,1,-53.29175178959221,-47.03595718834922,2.4,2.5134017684697936
2020-11-13 12:00:00,2,-53.29175178959221,-46.53459405290306,3.0,3.434312598702019
2020-11-13 12:00:00,4,-53.29175178959221,-45.367025441325495,3.2,4.376749150878093
2020-11-13 12:00:00,8,-32.2,-44.14705010950957,8.5,3.744414159621708
2020-11-13 15:00:00,1,-53.29175178959221,-47.122262399402146,3.0,3.076712999118679
2020-11-13 15:00:00,2,-53.29175178959221,-46.52669267879936,3.6,3.7659677546793406
2020-11-13 15:00:00,4,-40.7,-45.03146435388288,4.3,4.411037213144072
2020-11-13 15:00:00,8,-31.3,-43.95811313497679,7.4,3.4938093063572913
2020-11-13 18:00:00,1,-53.29175178959221,-47.82140269627438,3.6,3.346922615577763
2020-11-13 18:00:00,2,-53.29175178959221,-47.24374679177886,3.2,3.6341747815747945
2020-11-13 18:00:00,4,-37.86666666666667,-45.83022760210193,5.5,3.9392055685923197
2020-11-13 18:00:00,8,-35.5,-45.104718410008125,5.3,3.4384606672306366
2020-11-13 21:00:00,1,-53.29175178959221,-46.98739145888703,3.2,3.558906377076612
2020-11-13 21:00:00,2,-40.7,-46.36304384800357,4.3,3.53876030761484
2020-11-13 21:00:00,4,-35.03333333333334,-44.884093801947714,7.799999999999999,3.6702342595354454
2020-11-13 21:00:00,8,-37.96666666666667,-44.36759978546706,3.8,3.204749633582102
2020-11-14 00:00:00,1,-40.7,-46.840100522311225,4.3,3.1138798168378656
2020-11-14 00:00:00,2,-37.86666666666667,-46.20366038306689,5.5,3.142341291929792
2020-11-14 00:00:00,4,-32.2,-44.981034328109814,8.5,3.4440695215302086
2020-11-14 00:00:00,8,-40.43333333333333,-44.86914124490817,3.3,3.2591322780300875
2020-11-14 03:00:00,1,-37.86666666666667,-41.30209647304646,5.5,3.901252278509087
2020-11-14 03:00:00,2,-35.03333333333334,-40.86492745403038,7.799999999999999,3.81545422208998
2020-11-14 03:00:00,4,-31.3,-40.41452427283523,7.4,3.788157152658123
2020-11-14 03:00:00,8,-42.9,-40.87284215740239,2.8,3.902360351419827
2020-11-14 06:00:00,1,-35.03333333333334,-33.42390376818767,7.799999999999999,5.9378107880901485
2020-11-14 06:00:00,2,-32.2,-33.4250219857237,8.5,5.887543740193174
2020-11-14 06:00:00,4,-35.5,-34.05641141303014,5.3,4.1563951106391475
2020-11-14 06:00:00,8,-39.625,-34.96542860469923,2.9,4.073224298477235
2020-11-14 09:00:00,1,-32.2,-32.07325117186727,8.5,7.663018911947697
2020-11-14 09:00:00,2,-31.3,-32.4186737563561,7.4,6.5034129194252195
2020-11-14 09:00:00,4,-37.96666666666667,-33.263461166796105,3.8,4.492086042887549
2020-11-14 09:00:00,8,-36.35,-33.787712096932026,5.9,4.621108673754764
2020-11-14 12:00:00,1,-31.3,-34.88550631191418,7.4,7.11205167164343
2020-11-14 12:00:00,2,-35.5,-35.21501014753626,5.3,5.8027561541314245
2020-11-14 12:00:00,4,-40.43333333333333,-35.730989726310256,3.3,4.63667336174043
2020-11-14 12:00:00,8,-33.075,-35.720432945808966,6.8,4.702394831531622
2020-11-14 15:00:00,1,-35.5,-34.97256300549938,5.3,5.430850808866656
2020-11-14 15:00:00,2,-37.96666666666667,-35.20951992999464,3.8,4.625679277893475
2020-11-14 15:00:00,4,-42.9,-35.279055480511964,2.8,4.503437478448661
2020-11-14 15:00:00,8,-29.8,-34.97518418809996,7.199999999999999,4.4070070621499005
2020-11-14 18:00:00,1,-37.96666666666667,-38.44688074098684,3.8,4.492453951993442
2020-11-14 18:00:00,2,-40.43333333333333,-38.36139041655328,3.3,4.097521762312621
2020-11-14 18:00:00,4,-39.625,-37.89855066777467,2.9,4.342992424009248
2020-11-14 18:00:00,8,-30.8,-37.73314381456398,5.3,2.9461188631676998
2020-11-14 21:00:00,1,-40.43333333333333,-39.56601043127641,3.3,2.9965861282665043
2020-11-14 21:00:00,2,-42.9,-39.46198593938344,2.8,2.5013598368331293
2020-11-14 21:00:00,4,-36.35,-39.25571515204011,5.9,3.1961122474991113
2020-11-14 21:00:00,8,-32.0,-39.63111057770106,4.5,2.530777955580617
2020-11-15 00:00:00,1,-42.9,-40.14685671415439,2.8,2.8149051469543336
2020-11-15 00:00:00,2,-39.625,-39.98968518725613,2.9,2.6161566489391666
2020-11-15 00:00:00,4,-33.075,-39.897286699333186,6.8,2.9805515297083423
2020-11-15 00:00:00,8,-33.2,-40.66805920460283,5.1,2.0544860263017606
2020-11-15 03:00:00,1,-39.625,-40.561358772034055,2.9,2.4773855998093253
2020-11-15 03:00:00,2,-36.35,-40.48053225050691,5.9,2.4734781918241056
2020-11-15 03:00:00,4,-29.8,-40.63141452426595,7.199999999999999,2.045939124530755
2020-11-15 03:00:00,8,-34.4,-41.44239170526264,5.1,1.2630241749383035
2020-11-15 06:00:00,1,-36.35,-33.480545232993066,5.9,3.7625103555167954
2020-11-15 06:00:00,2,-33.075,-33.54702441831203,6.8,4.240156550216418
2020-11-15 06:00:00,4,-30.8,-34.580346763732564,5.3,2.881598589947166
2020-11-15 06:00:00,8,-31.133333333333333,-35.983044028543986,6.8,2.3922374628238012
2020-11-15 09:00:00,1,-33.075,-33.93098371873671,6.8,6.339982362571728
2020-11-15 09:00:00,2,-29.8,-34.34039831912801,7.199999999999999,5.837647587331068
2020-11-15 09:00:00,4,-32.0,-35.60457494566093,4.5,3.333000108548305
2020-11-15 09:00:00,8,-27.866666666666667,-36.61152551385594,8.4,3.2608430020523276
2020-11-15 12:00:00,1,-29.8,-32.31702979973314,7.199999999999999,5.477055926953936
2020-11-15 12:00:00,2,-30.8,-32.89866719269782,5.3,4.103264503534643
2020-11-15 12:00:00,4,-33.2,-34.24942930516866,5.1,2.7815996686018893
2020-11-15 12:00:00,8,-24.600000000000005,-35.10654881054863,7.699999999999999,3.882272967459457
2020-11-15 15:00:00,1,-30.8,-32.42069548213323,5.3,5.054018467511902
2020-11-15 15:00:00,2,-32.0,-32.74654061372955,4.5,3.9060462941193475
2020-11-15 15:00:00,4,-34.4,-33.12385833603105,5.1,3.4718462058037325
2020-11-15 15:00:00,8,-25.0,-33.04517242294435,5.0,3.890978603347599
2020-11-15 18:00:00,1,-32.0,-32.032075981307074,4.5,3.505187475313761
2020-11-15 18:00:00,2,-33.2,-32.146164431024374,5.1,2.9075124544412674
2020-11-15 18:00:00,4,-31.133333333333333,-32.02182325222344,6.8,3.030997306782556
2020-11-15 18:00:00,8,-28.4,-31.734572476642164,6.0,3.834271626472937
2020-11-15 21:00:00,1,-33.2,-30.329914008136736,5.1,2.823237488400395
2020-11-15 21:00:00,2,-34.4,-30.41967402143534,5.1,2.44197066927611
2020-11-15 21:00:00,4,-27.866666666666667,-30.587203470561732,8.4,2.818655207146584
2020-11-15 21:00:00,8,-28.4,-31.26853802647516,5.9,2.688870631189049
2020-11-16 00:00:00,1,-34.4,-29.270204034468904,5.1,3.32574795356916
2020-11-16 00:00:00,2,-31.133333333333333,-29.241326354801153,6.8,3.2038741965306388
2020-11-16 00:00:00,4,-24.600000000000005,-29.552850808725903,7.699999999999999,4.379960890732215
2020-11-16 00:00:00,8,-28.2,-30.80862495271677,5.8,3.496865677929393
2020-11-16 03:00:00,1,-31.133333333333333,-28.866018830260955,6.8,4.368517317934149
2020-11-16 03:00:00,2,-27.866666666666667,-29.041463703260344,8.4,4.108259696109617
2020-11-16 03:00:00,4,-25.0,-29.368847824970686,5.0,3.7351294268028674
2020-11-16 03:00:00,8,-26.699999999999996,-30.253755612521953,5.9,3.6675961313005345
2020-11-16 06:00:00,1,-27.866666666666667,-24.82183812898272,8.4,6.271989134031889
2020-11-16 06:00:00,2,-24.600000000000005,-24.9191374646377,7.699999999999999,5.944143943446887
2020-11-16 06:00:00,4,-28.4,-25.620017771400097,6.0,4.08721828118154
2020-11-16 06:00:00,8,-27.0,-26.570338402805547,7.199999999999999,3.9147738979135225
2020-11-16 09:00:00,1,-24.600000000000005,-23.66896161333691,7.699999999999999,7.837562669886195
2020-11-16 09:00:00,2,-25.0,-24.069966526176263,5.0,5.962316093910285
2020-11-16 09:00:00,4,-28.4,-25.16206734233769,5.9,4.063870449400638
2020-11-16 09:00:00,8,-28.8,-25.83456567411326,7.699999999999999,5.41315342111034
2020-11-16 12:00:00,1,-25.0,-24.164925674616647,5.0,6.130621393096691
2020-11-16 12:00:00,2,-28.4,-24.572141305987333,6.0,4.707593120597082
2020-11-16 12:00:00,4,-28.2,-25.431289742154334,5.8,4.60906684875842
2020-11-16 12:00:00,8,-26.9,-25.73283669837352,5.8,5.9671646027243455
2020-11-16 15:00:00,1,-28.4,-25.333140215331493,6.0,4.4062807882468045
2020-11-16 15:00:00,2,-28.4,-25.54917523208743,5.9,4.0216188345771355
2020-11-16 15:00:00,4,-26.699999999999996,-25.64959289602589,5.9,5.041823613655572
2020-11-16 15:00:00,8,-27.100000000000005,-25.39284380934318,5.5,7.178696113408971
2020-11-16 18:00:00,1,-28.4,-29.710198137865653,5.9,4.954319578708488
2020-11-16 18:00:00,2,-28.2,-29.6671006506649,5.8,4.672631944627801
2020-11-16 18:00:00,4,-27.0,-29.41880159958956,7.199999999999999,5.9069996268353355
2020-11-16 18:00:00,8,-30.0,-29.39657558505885,5.2,5.983016473093248
2020-11-16 21:00:00,1,-28.2,-28.541953336109238,5.8,5.323218946617635
2020-11-16 21:00:00,2,-26.699999999999996,-28.473435132989387,5.9,5.45746503366596
2020-11-16 21:00:00,4,-28.8,-28.35440260548067,7.699999999999999,7.309267801572474
2020-11-16 21:00:00,8,-32.25,-28.765958534813393,4.4,5.949729336875938
2020-11-17 00:00:00,1,-26.699999999999996,-27.767646773485055,5.9,6.361023137657883
2020-11-17 00:00:00,2,-27.0,-27.47371407172517,7.199999999999999,7.0128162416731215
2020-11-17 00:00:00,4,-26.9,-27.07878442323109,5.8,8.503203019524664
2020-11-17 00:00:00,8,-34.5,-27.366976173104934,5.2,5.964880793619478
2020-11-17 03:00:00,1,-27.0,-25.63178499356411,7.199999999999999,6.949268634816311
2020-11-17 03:00:00,2,-28.8,-25.414683635343398,7.699999999999999,8.026366371488445
2020-11-17 03:00:00,4,-27.100000000000005,-25.406974274753455,5.5,8.485751544347533
2020-11-17 03:00:00,8,-32.05,-25.956408155481867,5.3,5.561777822578227
2020-11-17 06:00:00,1,-28.8,-26.47802205199543,7.699999999999999,8.165758067283878
2020-11-17 06:00:00,2,-26.9,-26.426336192997287,5.8,8.387795584943165
2020-11-17 06:00:00,4,-30.0,-26.637393988916276,5.2,6.521014970734964
2020-11-17 06:00:00,8,-29.6,-26.99851773097296,5.3,6.082159339265321
2020-11-17 09:00:00,1,-26.9,-29.28108648141755,5.8,8.224887992221644
2020-11-17 09:00:00,2,-27.100000000000005,-29.265857972498946,5.5,7.84572662626611
2020-11-17 09:00:00,4,-32.25,-29.586372837773354,4.4,5.9905936944295055
2020-11-17 09:00:00,8,-31.4,-29.79516249657672,6.2,6.535692091332704
2020-11-17 12:00:00,1,-27.100000000000005,-29.697528848462515,5.5,5.7093496840823
2020-11-17 12:00:00,2,-30.0,-29.764611813610856,5.2,5.423592442088839
2020-11-17 12:00:00,4,-34.5,-30.12491562554124,5.2,6.1802321764610095
2020-11-17 12:00:00,8,-31.8,-30.09251325503181,5.2,7.493376769702895
2020-11-17 15:00:00,1,-30.0,-29.84511771219757,5.2,4.902674311308744
2020-11-17 15:00:00,2,-32.25,-29.79362206546071,4.4,4.5862738665653335
2020-11-17 15:00:00,4,-32.05,-29.676323063333243,5.3,5.833844366939024
2020-11-17 15:00:00,8,-34.1,-29.409757871166665,5.2,6.622490700559357
2020-11-17 18:00:00,1,-32.25,-31.664264549063862,4.4,4.621253491310069
2020-11-17 18:00:00,2,-34.5,-31.578288606963234,5.2,4.507631109054233
2020-11-17 18:00:00,4,-29.6,-31.276725799722275,5.3,5.153324386734093
2020-11-17 18:00:00,8,-36.6,-31.199580317751586,4.4,4.7550288679834924
2020-11-17 21:00:00,1,-34.5,-33.52982605968755,5.2,4.484407299966129
2020-11-17 21:00:00,2,-32.05,-33.35305546486708,5.3,4.410972482469499
2020-11-17 21:00:00,4,-31.4,-33.271251223496904,6.2,5.296430151613593
2020-11-17 21:00:00,8,-39.1,-33.76855253461355,3.3,4.465433320932527
2020-11-18 00:00:00,1,-32.05,-33.12445923385647,5.3,4.923798265844926
2020-11-18 00:00:00,2,-29.6,-32.8820812599146,5.3,4.962797057630817
2020-11-18 00:00:00,4,-31.8,-32.71624354711206,5.2,5.911417948596304
2020-11-18 00:00:00,8,-41.6,-33.43760049200214,2.6,4.5321390808823825
2020-11-18 03:00:00,1,-29.6,-29.456263328048763,5.3,6.295793173104098
2020-11-18 03:00:00,2,-31.4,-29.424509408430076,6.2,6.771464882278645
2020-11-18 03:00:00,4,-34.1,-29.993121584502703,5.2,5.993056659272895
2020-11-18 03:00:00,8,-38.4,-31.0076244440719,1.0,4.557545070849872
2020-11-18 06:00:00,1,-31.4,-28.63944000202154,6.2,6.830384299223647
2020-11-18 06:00:00,2,-31.8,-28.81098264166064,5.2,6.831684244731134
2020-11-18 06:00:00,4,-36.6,-29.600532123223218,4.4,5.211029277068369
2020-11-18 06:00:00,8,-35.2,-30.25921701002399,1.6999999999999997,4.31056486209572
2020-11-18 09:00:00,1,-31.8,-30.033596448100894,5.2,6.57843033259895
2020-11-18 09:00:00,2,-34.1,-30.209630690909872,5.2,6.05926067651457
2020-11-18 09:00:00,4,-39.1,-30.87175236743158,3.3,5.0225665045709125
2020-11-18 09:00:00,8,-32.0,-31.15339044030298,2.3,4.856073557632229
2020-11-18 12:00:00,1,-34.1,-31.581872378886075,5.2,4.955053903955786
2020-11-18 12:00:00,2,-36.6,-31.732354774595823,4.4,4.686895833983415
2020-11-18 12:00:00,4,-41.6,-32.26829511278886,2.6,5.248730256153183
2020-11-18 12:00:00,8,-32.9,-32.10470536307423,3.4,5.508847539315873
2020-11-18 15:00:00,1,-36.6,-33.55630447105955,4.4,4.665333481089458
2020-11-18 15:00:00,2,-39.1,-33.651328464589014,3.3,4.504515078887804
2020-11-18 15:00:00,4,-38.4,-33.80576064672437,1.0,4.985035296876411
2020-11-18 15:00:00,8,-33.6,-33.49939353888399,3.7,4.964822690519637
2020-11-18 18:00:00,1,-39.1,-36.70078838147164,3.3,4.97073312364572
2020-11-18 18:00:00,2,-41.6,-36.82497681406276,2.6,4.9353496520070665
2020-11-18 18:00:00,4,-35.2,-37.05796233710271,1.6999999999999997,5.11955843547752
2020-11-18 18:00:00,8,-35.1,-36.97266654793637,2.1,5.461227517455554
2020-11-18 21:00:00,1,-41.6,-38.38847981276456,2.6,4.159209455338744
2020-11-18 21:00:00,2,-38.4,-38.53976484657685,1.0,4.32234749779297
2020-11-18 21:00:00,4,-32.0,-38.916915412648734,2.3,4.819971863434681
2020-11-18 21:00:00,8,-37.9,-39.29687305057655,3.4,4.723757660385833
2020-11-19 00:00:00,1,-38.4,-36.01732258363064,1.0,3.4131834587802503
2020-11-19 00:00:00,2,-35.2,-36.10782471294865,1.6999999999999997,3.693593208569764
2020-11-19 00:00:00,4,-32.9,-36.55104666077932,3.4,4.6552537313508875
2020-11-19 00:00:00,8,-36.65,-37.47512376413541,3.8,4.800736722256055
2020-11-19 03:00:00,1,-35.2,-31.995352045861335,1.6999999999999997,2.0190722688120717
2020-11-19 03:00:00,2,-32.0,-32.4323474241389,2.3,2.776589599702197
2020-11-19 03:00:00,4,-33.6,-33.56028884153267,3.7,3.825144681338388
2020-11-19 03:00:00,8,-35.4,-34.71087848703712,3.3,4.637778475382274
2020-11-19 06:00:00,1,-32.0,-28.352154642392758,2.3,2.368256187538841
2020-11-19 06:00:00,2,-32.9,-28.461715463890695,3.4,3.117238133812581
2020-11-19 06:00:00,4,-35.1,-29.446418402525307,2.1,4.1716223353304365
2020-11-19 06:00:00,8,-33.166666666666664,-30.70837732701188,2.7,4.849074753394627
2020-11-19 09:00:00,1,-32.9,-29.813414227648163,3.4,3.0832178453915
2020-11-19 09:00:00,2,-33.6,-30.165489918276013,3.7,3.502560011110905
2020-11-19 09:00:00,4,-37.9,-31.320964560490733,3.4,4.095063862884458
2020-11-19 09:00:00,8,-30.933333333333334,-32.04083150933408,2.5,4.926747510550017
2020-11-19 12:00:00,1,-33.6,-34.20148861031505,3.7,3.8587741329846583
2020-11-19 12:00:00,2,-35.1,-34.54219047231928,2.1,4.023198817566382
2020-11-19 12:00:00,4,-36.65,-35.02231648084311,3.8,4.219775505473337
2020-11-19 12:00:00,8,-28.7,-34.741983955765065,3.4,4.429776796753109
2020-11-19 15:00:00,1,-35.1,-37.3935111760285,2.1,4.300188758906345
2020-11-19 15:00:00,2,-37.9,-37.56142537268339,3.4,4.444285692245183
2020-11-19 15:00:00,4,-35.4,-37.653514045180756,3.3,4.233600249988933
2020-11-19 15:00:00,8,-27.299999999999997,-37.18214212368195,4.1,4.176520111972591
2020-11-19 18:00:00,1,-37.9,-39.419974967675174,3.4,3.1378810338627683
2020-11-19 18:00:00,2,-36.65,-39.392185244501896,3.8,3.418142193695638
2020-11-19 18:00:00,4,-33.166666666666664,-38.966929709350744,2.7,3.6695309932815077
2020-11-19 18:00:00,8,-30.575,-38.4591840158872,4.6,4.111970672624387
2020-11-19 21:00:00,1,-36.65,-36.80987223131439,3.8,3.900847951733727
2020-11-19 21:00:00,2,-35.4,-36.438697500451184,3.3,4.14798001630434
2020-11-19 21:00:00,4,-30.933333333333334,-35.79491257411771,2.5,5.127294230970434
2020-11-19 21:00:00,8,-33.85,-36.044502762966616,6.0,4.615129670902569
2020-11-20 00:00:00,1,-35.4,-34.35258199086408,3.3,4.3814349265629975
2020-11-20 00:00:00,2,-33.166666666666664,-34.04959259166348,2.7,4.777636722580108
2020-11-20 00:00:00,4,-28.7,-33.88738908585306,3.4,5.522973329456375
2020-11-20 00:00:00,8,-37.125,-34.70429022598718,4.6,4.245570412689867
2020-11-20 03:00:00,1,-33.166666666666664,-33.52096966152198,2.7,4.2999187456147165
2020-11-20 03:00:00,2,-30.933333333333334,-33.22046310873194,2.5,5.101413371655543
2020-11-20 03:00:00,4,-27.299999999999997,-33.0104039271847,4.1,5.265125032393999
2020-11-20 03:00:00,8,-40.4,-33.24378572576899,4.2,4.478016772116936
2020-11-20 06:00:00,1,-30.933333333333334,-29.65121792684764,2.5,3.7769449760256073
2020-11-20 06:00:00,2,-28.7,-29.651305827968383,3.4,4.295274986216109
2020-11-20 06:00:00,4,-30.575,-30.13692061303186,4.6,4.1469346745621625
2020-11-20 06:00:00,8,-38.3,-30.71034573571578,4.0,4.1560822812588185
2020-11-20 09:00:00,1,-28.7,-29.50928643688382,3.4,3.134478567795346
2020-11-20 09:00:00,2,-27.299999999999997,-29.884498855293376,4.1,3.2994757775980155
2020-11-20 09:00:00,4,-33.85,-30.77894463494648,6.0,4.166165123566684
2020-11-20 09:00:00,8,-36.349999999999994,-31.044511212741313,4.3,5.051055359565139
2020-11-20 12:00:00,1,-27.299999999999997,-31.19921142124485,4.1,3.505206403970658
2020-11-20 12:00:00,2,-30.575,-31.519278134903654,4.6,3.7372903595983833
2020-11-20 12:00:00,4,-37.125,-31.891121490685308,4.6,4.55562010642365
2020-11-20 12:00:00,8,-34.4,-31.577399508741927,4.4,5.166066092154197
2020-11-20 15:00:00,1,-30.575,-30.858061407625026,4.6,3.949635791744373
2020-11-20 15:00:00,2,-33.85,-31.163308856927387,6.0,4.0923843648701945
2020-11-20 15:00:00,4,-40.4,-31.387298204609767,4.2,4.754440213414065
2020-11-20 15:00:00,8,-35.0,-31.074841422404326,4.9,5.150584050416957
2020-11-20 18:00:00,1,-33.85,-33.03639527988765,6.0,5.001674706012564
2020-11-20 18:00:00,2,-37.125,-33.28766279504062,4.6,4.853147667157338
2020-11-20 18:00:00,4,-38.3,-33.36645966527973,4.0,4.875728541752855
2020-11-20 18:00:00,8,-38.3,-33.23705048251715,5.5,4.9018955170477785
2020-11-20 21:00:00,1,-37.125,-35.05152559096612,4.6,6.069815295600543
2020-11-20 21:00:00,2,-40.4,-35.206924685429684,4.2,5.703270119407827
2020-11-20 21:00:00,4,-36.349999999999994,-35.41355716426985,4.3,6.616066474368871
2020-11-20 21:00:00,8,-40.349999999999994,-35.74246298407047,4.4,6.680190792079208
2020-11-21 00:00:00,1,-40.4,-36.562658254729556,4.2,4.3952923563368405
2020-11-21 00:00:00,2,-38.3,-36.26278718381244,4.0,4.3078726738833115
2020-11-21 00:00:00,4,-34.4,-36.355508456178775,4.4,4.719603913260146
2020-11-21 00:00:00,8,-42.4,-37.024075734554465,4.3,5.108945697416848
2020-11-21 03:00:00,1,-38.3,-37.30153057867959,4.0,3.9281717079058014
2020-11-21 03:00:00,2,-36.349999999999994,-37.06062098575475,4.3,3.73027579925342
2020-11-21 03:00:00,4,-35.0,-37.33194724846137,4.9,3.9559463393531544
2020-11-21 03:00:00,8,-41.0,-37.921367493116946,3.6,5.566958622631117
2020-11-21 06:00:00,1,-36.349999999999994,-37.292251966934046,4.3,4.297514219666987
2020-11-21 06:00:00,2,-34.4,-37.27649461028899,4.4,4.027932261474572
2020-11-21 06:00:00,4,-38.3,-38.0326503119803,5.5,3.9975336649598807
2020-11-21 06:00:00,8,-38.8,-38.58362030081878,3.8,5.0378045532547375
2020-11-21 09:00:00,1,-34.4,-34.37364511679739,4.4,4.179514145612313
2020-11-21 09:00:00,2,-35.0,-34.67221063992113,4.9,3.710533663330826
2020-11-21 09:00:00,4,-40.349999999999994,-35.845539296660974,4.4,4.546092966826162
2020-11-21 09:00:00,8,-37.233333333333334,-36.2143306102502,4.8,6.1146929549776345
2020-11-21 12:00:00,1,-35.0,-35.84518048716809,4.9,3.988524690679938
2020-11-21 12:00:00,2,-38.3,-36.10397723766357,5.5,3.823390474725444
2020-11-21 12:00:00,4,-42.4,-36.58782247229632,4.3,4.976513562221054
2020-11-21 12:00:00,8,-35.666666666666664,-36.30154293204917,3.9,6.692972274338876
2020-11-21 15:00:00,1,-38.3,-35.30062728014401,5.5,5.123159572462125
2020-11-21 15:00:00,2,-40.349999999999994,-35.407842150419434,4.4,5.171447909211322
2020-11-21 15:00:00,4,-41.0,-35.35170215430288,3.6,6.104214690361174
2020-11-21 15:00:00,8,-34.1,-34.83645892754036,3.8,7.2969077618596145
2020-11-21 18:00:00,1,-40.349999999999994,-38.104629801854735,4.4,5.9351390214991255
2020-11-21 18:00:00,2,-42.4,-37.83577629854482,4.3,6.072201266132497
2020-11-21 18:00:00,4,-38.8,-37.26490463136845,3.8,7.274285510819725
2020-11-21 18:00:00,8,-36.53333333333333,-36.86867808109289,3.9,7.188066385094931
2020-11-21 21:00:00,1,-42.4,-38.91031562358295,4.3,5.475571280411259
2020-11-21 21:00:00,2,-41.0,-38.537722946772,3.6,5.684932676447579
2020-11-21 21:00:00,4,-37.233333333333334,-38.22938166621981,4.8,6.674773250514701
2020-11-21 21:00:00,8,-38.96666666666667,-38.46231099018256,4.5,6.168247723957122
2020-11-22 00:00:00,1,-41.0,-36.8019553664394,3.6,5.124166683649386
2020-11-22 00:00:00,2,-38.8,-36.22012487920948,3.8,5.491825824630553
2020-11-22 00:00:00,4,-35.666666666666664,-35.79476847391977,3.9,6.728073362408717
2020-11-22 00:00:00,8,-41.4,-36.282181629453575,4.9,6.407670813075439
2020-11-22 03:00:00,1,-38.8,-36.59572780915546,3.8,4.398647314141458
2020-11-22 03:00:00,2,-37.233333333333334,-36.299143663753426,4.8,5.071952383499195
2020-11-22 03:00:00,4,-34.1,-36.314447104774956,3.8,5.722871463447216
2020-11-22 03:00:00,8,-38.8,-36.737091544339386,3.1,5.492338338011109
2020-11-22 06:00:00,1,-37.233333333333334,-35.738005964948094,4.8,4.794656197818696
2020-11-22 06:00:00,2,-35.666666666666664,-35.599421922582486,3.9,5.384022911307372
2020-11-22 06:00:00,4,-36.53333333333333,-35.819279917589846,3.9,5.4500078893306405
2020-11-22 06:00:00,8,-38.5,-35.87942157620328,5.1,5.5251155202155555
2020-11-22 09:00:00,1,-35.666666666666664,-32.015730695854415,3.9,5.532924577608686
2020-11-22 09:00:00,2,-34.1,-32.15204371910045,3.8,5.241350639330903
2020-11-22 09:00:00,4,-38.96666666666667,-32.849478590130026,4.5,4.680157765329554
2020-11-22 09:00:00,8,-36.1,-32.92933027381808,5.8,6.122083555752932
2020-11-22 12:00:00,1,-34.1,-33.241795702035404,3.8,4.05871918871654
2020-11-22 12:00:00,2,-36.53333333333333,-33.48728047624492,3.9,4.244399235369443
2020-11-22 12:00:00,4,-41.4,-34.25958981012562,4.9,4.775983371050323
2020-11-22 12:00:00,8,-34.4,-34.09352153700637,5.7,6.036369052024975
2020-11-22 15:00:00,1,-36.53333333333333,-35.46227311818839,3.9,3.9878830358711976
2020-11-22 15:00:00,2,-38.96666666666667,-35.754939179208364,4.5,4.391796633309098
2020-11-22 15:00:00,4,-38.8,-36.28442526953555,3.1,4.860883569290571
2020-11-22 15:00:00,8,-34.7,-36.089851095259235,4.4,4.4280537557738455
2020-11-22 18:00:00,1,-38.96666666666667,-37.203146168534104,4.5,4.485414197872749
2020-11-22 18:00:00,2,-41.4,-37.48548889137344,4.9,4.573313121926823
2020-11-22 18:00:00,4,-38.5,-37.712874680721335,5.1,4.321252834902539
2020-11-22 18:00:00,8,-36.5,-37.43724846810811,3.8,4.462925033952904
2020-11-22 21:00:00,1,-41.4,-38.794009471819315,4.9,4.386291113480137
2020-11-22 21:00:00,2,-38.8,-39.02734948134621,3.1,3.794384094255595
2020-11-22 21:00:00,4,-36.1,-39.29328783765173,5.8,3.3050181416577256
2020-11-22 21:00:00,8,-38.25,-39.615954118881426,4.1,4.404488804300307
2020-11-23 00:00:00,1,-38.8,-38.82544637100253,3.1,4.155477790601789
2020-11-23 00:00:00,2,-38.5,-38.75352740321122,5.1,3.5943816460361977
2020-11-23 00:00:00,4,-34.4,-38.668823865858435,5.7,3.382403396508917
2020-11-23 00:00:00,8,-40.0,-39.06355177407539,5.3,4.432701674144955
2020-11-23 03:00:00,1,-38.5,-37.65206439718945,5.1,2.814044986128789
2020-11-23 03:00:00,2,-36.1,-37.721305983302976,5.8,2.6647233169249946
2020-11-23 03:00:00,4,-34.7,-38.07918458890198,4.4,3.19324458263924
2020-11-23 03:00:00,8,-38.7,-38.493935219623104,4.6,3.563597238171802
2020-11-23 06:00:00,1,-36.1,-37.271446780355056,5.8,4.54906513920017
2020-11-23 06:00:00,2,-34.4,-37.575836833479656,5.7,4.108039110606563
2020-11-23 06:00:00,4,-36.5,-38.36857957542865,3.8,3.5849861205893268
2020-11-23 06:00:00,8,-37.5,-38.951796306562784,5.0,3.9435437501523953
2020-11-23 09:00:00,1,-34.4,-35.686974320848606,5.7,5.366380336675818
2020-11-23 09:00:00,2,-34.7,-36.0227191360436,4.4,4.681816342235046
2020-11-23 09:00:00,4,-38.25,-36.98133273384066,4.1,3.966249047341912
2020-11-23 09:00:00,8,-35.6,-37.39368409626603,5.5,4.82630704495751
2020-11-23 12:00:00,1,-34.7,-34.8329961997838,4.4,4.889054102927961
2020-11-23 12:00:00,2,-36.5,-35.19725844415168,3.8,4.242115053023452
2020-11-23 12:00:00,4,-40.0,-35.778852607056976,5.3,4.271180032349443
2020-11-23 12:00:00,8,-34.1,-35.53970535955298,6.0,5.153273306020551
2020-11-23 15:00:00,1,-36.5,-37.47079355318723,3.8,4.085193714695926
2020-11-23 15:00:00,2,-38.25,-37.62333081771965,4.1,3.8886223588049984
2020-11-23 15:00:00,4,-38.7,-37.43109971266189,4.6,4.081745233330187
2020-11-23 15:00:00,8,-34.4,-36.69547540717349,4.7,4.27681112115585
2020-11-23 18:00:00,1,-38.25,-39.42717709556836,4.1,4.129112410990484
2020-11-23 18:00:00,2,-40.0,-39.94098076135342,5.3,4.074769410081663
2020-11-23 18:00:00,4,-37.5,-40.18807225277,5.0,3.783726540600212
2020-11-23 18:00:00,8,-36.3,-40.168123021366796,4.5,3.8060068761123427
2020-11-23 21:00:00,1,-40.0,-39.28744745662911,5.3,4.056932750066711
2020-11-23 21:00:00,2,-38.7,-39.336837799474026,4.6,3.5854925221465117
2020-11-23 21:00:00,4,-35.6,-39.34529359908931,5.5,3.5158401901645986
2020-11-23 21:00:00,8,-37.33333333333333,-39.63702733182859,3.0,4.319170416043027
2020-11-24 00:00:00,1,-38.7,-37.56804101277095,4.6,4.911945407496595
2020-11-24 00:00:00,2,-37.5,-37.39651422415362,5.0,4.788563942946078
2020-11-24 00:00:00,4,-34.1,-37.15653695950948,6.0,5.153248992027466
2020-11-24 00:00:00,8,-38.36666666666667,-37.712272341893936,4.0,5.200411953473913
2020-11-24 03:00:00,1,-37.5,-35.410727036382255,5.0,5.049284703682751
2020-11-24 03:00:00,2,-35.6,-35.21557357931022,5.5,5.390321941761535
2020-11-24 03:00:00,4,-34.4,-35.24275664065016,4.7,5.4936391366411605
2020-11-24 03:00:00,8,-39.4,-35.70823054104716,3.3,5.4775191725063985
2020-11-24 06:00:00,1,-35.6,-34.54216165227969,5.5,5.447046487629007
2020-11-24 06:00:00,2,-34.1,-34.472587194708915,6.0,5.625223907849875
2020-11-24 06:00:00,4,-36.3,-34.62978754164676,4.5,5.3266318634364715
2020-11-24 06:00:00,8,-37.333333333333336,-34.77842689582482,4.3,5.571334501544507
2020-11-24 09:00:00,1,-34.1,-35.46600819531907,6.0,5.4735899032554665
2020-11-24 09:00:00,2,-34.4,-35.637875060403545,4.7,5.155902736404316
2020-11-24 09:00:00,4,-37.33333333333333,-36.01864542344775,3.0,4.980024481494475
2020-11-24 09:00:00,8,-35.266666666666666,-36.009379780720025,3.8,5.400326510074118
2020-11-24 12:00:00,1,-34.4,-36.711345161972936,4.7,5.229208465792923
2020-11-24 12:00:00,2,-36.3,-37.15370250861595,4.5,4.6546760607344755
2020-11-24 12:00:00,4,-38.36666666666667,-37.765246456661686,4.0,4.495887983595746
2020-11-24 12:00:00,8,-33.2,-37.78310911719869,3.4,4.5402756306999175
2020-11-24 15:00:00,1,-36.3,-39.01300574764298,4.5,4.320851174135193
2020-11-24 15:00:00,2,-37.33333333333333,-39.380095237894494,3.0,4.08670891369044
2020-11-24 15:00:00,4,-39.4,-39.639739297553874,3.3,4.0451979425532265
2020-11-24 15:00:00,8,-34.0,-39.40742095843039,4.8,3.737801779915654
2020-11-24 18:00:00,1,-37.33333333333333,-39.948192976260465,3.0,4.507346272758048
2020-11-24 18:00:00,2,-38.36666666666667,-40.091931482706485,4.0,4.236706735846672
2020-11-24 18:00:00,4,-37.333333333333336,-40.15125609319758,4.3,4.136241263098995
2020-11-24 18:00:00,8,-36.1,-40.16620072472624,4.8,3.914442753058139
2020-11-24 21:00:00,1,-38.36666666666667,-39.4675294739983,4.0,3.231629126178771
2020-11-24 21:00:00,2,-39.4,-39.76972488110823,3.3,2.9781786226156557
2020-11-24 21:00:00,4,-35.266666666666666,-40.36436587593528,3.8,2.8571950189928335
2020-11-24 21:00:00,8,-37.733333333333334,-40.898224686769034,4.2,3.5530256232847415
2020-11-25 00:00:00,1,-39.4,-39.28357548431038,3.3,4.078878261632399
2020-11-25 00:00:00,2,-37.333333333333336,-39.37954477513835,4.3,3.868061891722595
2020-11-25 00:00:00,4,-33.2,-39.636609441254556,3.4,3.8701632925591647
2020-11-25 00:00:00,8,-39.36666666666667,-40.397637170638305,6.1,3.2984405933463705
2020-11-25 03:00:00,1,-37.333333333333336,-38.56970166269948,4.3,3.3585944653120032
2020-11-25 03:00:00,2,-35.266666666666666,-38.76279592794291,3.8,3.4298917975535983
2020-11-25 03:00:00,4,-34.0,-39.23926611444493,4.8,3.3973116333413653
2020-11-25 03:00:00,8,-41.0,-39.78780513294412,5.6,3.458016875754354
2020-11-25 06:00:00,1,-35.266666666666666,-36.959165800391105,3.8,5.090048606054362
2020-11-25 06:00:00,2,-33.2,-37.258235674207654,3.4,4.9413469969943975
2020-11-25 06:00:00,4,-36.1,-38.46900156237305,4.8,3.8884378977105296
2020-11-25 06:00:00,8,-37.7,-39.49257264739879,5.3,3.4314585304830176
2020-11-25 09:00:00,1,-33.2,-36.359407807535106,3.4,4.220250214860259
2020-11-25 09:00:00,2,-34.0,-36.97647799817196,4.8,4.172625927387119
2020-11-25 09:00:00,4,-37.733333333333334,-38.381884346704716,4.2,4.364991948897294
2020-11-25 09:00:00,8,-36.06666666666667,-39.05104675889791,7.0,3.864002654580994
2020-11-25 12:00:00,1,-34.0,-38.4819359961404,4.8,3.2181304877634136
2020-11-25 12:00:00,2,-36.1,-39.09321479982193,4.8,3.2264874098033616
2020-11-25 12:00:00,4,-39.36666666666667,-39.99857761047119,6.1,3.5997410086408266
2020-11-25 12:00:00,8,-34.43333333333333,-40.22731650067776,7.6,3.647549110701492
2020-11-25 15:00:00,1,-36.1,-38.82062333737738,4.8,4.504892159061264
2020-11-25 15:00:00,2,-37.733333333333334,-39.34888313502007,4.2,4.191843152991893
2020-11-25 15:00:00,4,-41.0,-39.733199803935655,5.6,3.7593054806333095
2020-11-25 15:00:00,8,-32.8,-39.57554842337825,7.199999999999999,4.158304398938249
2020-11-25 18:00:00,1,-37.733333333333334,-39.00143306074618,4.2,4.915606369701027
2020-11-25 18:00:00,2,-39.36666666666667,-39.34828079619267,6.1,4.656829875288595
2020-11-25 18:00:00,4,-37.7,-39.703466169092124,5.3,4.283165924497659
2020-11-25 18:00:00,8,-36.0,-39.75294441305778,6.7,4.602356613228223
2020-11-25 21:00:00,1,-39.36666666666667,-39.33396155952308,6.1,4.72746042559592
2020-11-25 21:00:00,2,-41.0,-39.421172440320085,5.6,4.678045220579487
2020-11-25 21:00:00,4,-36.06666666666667,-39.53640216360509,7.0,5.005164937063798
2020-11-25 21:00:00,8,-36.1,-39.79471617843746,7.0,5.188132427203067
2020-11-26 00:00:00,1,-41.0,-38.728325719593,5.6,6.293346204308791
2020-11-26 00:00:00,2,-37.7,-38.720845478317784,5.3,5.8951098709360945
2020-11-26 00:00:00,4,-34.43333333333333,-38.62350291260343,7.6,5.870961596909155
2020-11-26 00:00:00,8,-36.2,-38.89517933879104,7.5,5.113733527888518
2020-11-26 03:00:00,1,-37.7,-36.93804215237466,5.3,6.0608818226675485
2020-11-26 03:00:00,2,-36.06666666666667,-36.85895708173966,7.0,6.36582237864385
2020-11-26 03:00:00,4,-32.8,-37.190746346501115,7.199999999999999,5.77280771306985
2020-11-26 03:00:00,8,-35.6,-37.821872070445316,6.6,4.6232977862549856
2020-11-26 06:00:00,1,-36.06666666666667,-36.388395003353295,7.0,6.228961044374392
2020-11-26 06:00:00,2,-34.43333333333333,-36.39949792360479,7.6,6.2065842793524055
2020-11-26 06:00:00,4,-36.0,-36.95448110295598,6.7,5.00369756625305
2020-11-26 06:00:00,8,-32.9,-37.407883729771314,8.4,4.284719727288212
2020-11-26 09:00:00,1,-34.43333333333333,-34.119881786216055,7.6,7.534071142585507
2020-11-26 09:00:00,2,-32.8,-34.40779686370985,7.199999999999999,6.652305414658965
2020-11-26 09:00:00,4,-36.1,-35.149607390695934,7.0,5.4690286834649635
2020-11-26 09:00:00,8,-30.9,-35.314427756101,8.5,5.375778121564481
2020-11-26 12:00:00,1,-32.8,-35.46203679386377,7.199999999999999,7.364462272120716
2020-11-26 12:00:00,2,-36.0,-35.72381930046062,6.7,6.469767045169584
2020-11-26 12:00:00,4,-36.2,-36.31058666047207,7.5,5.670791316820274
2020-11-26 12:00:00,8,-29.8,-36.25630123390303,8.7,5.572735542075874
2020-11-26 15:00:00,1,-36.0,-35.30841877784678,6.7,6.485725555859035
2020-11-26 15:00:00,2,-36.1,-35.562535153913075,7.0,5.751780374664085
2020-11-26 15:00:00,4,-35.6,-35.920152938153805,6.6,5.222692848847727
2020-11-26 15:00:00,8,-30.2,-35.86707218923958,7.5,4.915157094030556
2020-11-26 18:00:00,1,-36.1,-37.210392967488644,7.0,6.37404733328712
2020-11-26 18:00:00,2,-36.2,-37.364160847711496,7.5,5.592162635831487
2020-11-26 18:00:00,4,-32.9,-37.221485800726285,8.4,4.770690385380216
2020-11-26 18:00:00,8,-32.3,-36.904726186610276,6.5,4.114119741684242
2020-11-26 21:00:00,1,-36.2,-37.35114139482735,7.5,6.632715801054836
2020-11-26 21:00:00,2,-35.6,-37.52308751502069,6.6,5.7035047281130336
2020-11-26 21:00:00,4,-30.9,-37.59025549928582,8.5,4.842931311168145
2020-11-26 21:00:00,8,-34.699999999999996,-37.9050697607296,5.4,4.226715124333035
2020-11-27 00:00:00,1,-35.6,-35.26387020165274,6.6,7.352083037150157
2020-11-27 00:00:00,2,-32.9,-35.186805415792904,8.4,6.95511998920481
2020-11-27 00:00:00,4,-29.8,-34.99410454408985,8.7,5.954006680133141
2020-11-27 00:00:00,8,-37.1,-35.47999888353734,5.0,3.458894072371107
2020-11-27 03:00:00,1,-32.9,-34.53174608997237,8.4,7.121418530839133
2020-11-27 03:00:00,2,-30.9,-34.47729638917768,8.5,7.022842991172379
2020-11-27 03:00:00,4,-30.2,-34.57176991995101,7.5,5.363808385424828
2020-11-27 03:00:00,8,-39.5,-35.27431314299766,5.0,3.2064434017933747
2020-11-27 06:00:00,1,-30.9,-30.945703148013873,8.5,8.132964035908786
2020-11-27 06:00:00,2,-29.8,-31.225248886011148,8.7,6.985068003705104
2020-11-27 06:00:00,4,-32.3,-32.107348160704504,6.5,3.9261029923274795
2020-11-27 06:00:00,8,-36.5,-33.15091314819482,5.6,3.2737049444338497
2020-11-27 09:00:00,1,-29.8,-30.880438727363575,8.7,7.974537896017999
2020-11-27 09:00:00,2,-30.2,-31.21573106793702,7.5,6.269096195416049
2020-11-27 09:00:00,4,-34.699999999999996,-32.18102659191269,5.4,3.658684739578914
2020-11-27 09:00:00,8,-34.55,-32.959842049730504,5.8,3.6341862254141932
2020-11-27 12:00:00,1,-30.2,-30.90677447953961,7.5,7.3755234327292944
2020-11-27 12:00:00,2,-32.3,-31.26422510755073,6.5,5.53938143573726
2020-11-27 12:00:00,4,-37.1,-31.83827418409174,5.0,3.632446688510345
2020-11-27 12:00:00,8,-32.6,-32.16659639809069,8.3,3.940859373343467
2020-11-27 15:00:00,1,-32.3,-32.35301594216541,6.5,6.125490500713818
2020-11-27 15:00:00,2,-34.699999999999996,-32.58770617054703,5.4,4.930569606278798
2020-11-27 15:00:00,4,-39.5,-32.61898167750854,5.0,4.110068955788044
2020-11-27 15:00:00,8,-32.7,-32.48633168129423,8.5,3.927087149185742
2020-11-27 18:00:00,1,-34.699999999999996,-33.20517551873218,5.4,5.539499806493069
2020-11-27 18:00:00,2,-37.1,-33.268817371153645,5.0,4.722768038211142
2020-11-27 18:00:00,4,-36.5,-33.03235326933535,5.6,4.545903360336227
2020-11-27 18:00:00,8,-35.2,-32.910989200623916,7.699999999999999,3.670086062814983
2020-11-27 21:00:00,1,-37.1,-35.961799336361274,5.0,5.2880946109579146
2020-11-27 21:00:00,2,-39.5,-35.78309059387848,5.0,4.846959435996226
2020-11-27 21:00:00,4,-34.55,-35.41208878325281,5.8,5.23956366747947
2020-11-27 21:00:00,8,-36.333333333333336,-35.700230098057375,7.1,3.717763343862416
2020-11-28 00:00:00,1,-39.5,-36.47642437327461,5.0,5.22312698159268
2020-11-28 00:00:00,2,-36.5,-36.170773443418014,5.6,5.0813858928952405
2020-11-28 00:00:00,4,-32.6,-35.83278066513512,8.3,5.515945732332225
2020-11-28 00:00:00,8,-37.46666666666667,-36.499153297496136,5.6,3.763665150217976
2020-11-28 03:00:00,1,-36.5,-35.57821613745322,5.6,5.895413582569017
2020-11-28 03:00:00,2,-34.55,-35.14758710592078,5.8,6.009716863271556
2020-11-28 03:00:00,4,-32.7,-34.7834084396677,8.5,5.002383970784533
2020-11-28 03:00:00,8,-38.6,-35.27856409883698,7.0,4.030944130707905
2020-11-28 06:00:00,1,-34.55,-34.14508491083626,5.8,6.302608982551639
2020-11-28 06:00:00,2,-32.6,-33.9367851927059,8.3,5.725236319195702
2020-11-28 06:00:00,4,-35.2,-33.767484752146785,7.699999999999999,3.5682735561932772
2020-11-28 06:00:00,8,-36.1,-33.90292885119922,7.3,4.127642000930601
2020-11-28 09:00:00,1,-32.6,-32.47907911833176,8.3,5.984925121550426
2020-11-28 09:00:00,2,-32.7,-32.667046298532384,8.5,4.787259198624167
2020-11-28 09:00:00,4,-36.333333333333336,-33.05773363719903,7.1,3.4970842639264377
2020-11-28 09:00:00,8,-33.7,-33.028134015539585,8.3,4.637654559329796
2020-11-28 12:00:00,1,-32.7,-32.908160513738295,8.5,6.2140631783131175
2020-11-28 12:00:00,2,-35.2,-33.092660643176416,7.699999999999999,4.42806436648574
2020-11-28 12:00:00,4,-37.46666666666667,-33.1358258574702,5.6,3.025654733363394
2020-11-28 12:00:00,8,-31.9,-32.884549696305356,9.3,4.459171721230877
2020-11-28 15:00:00,1,-35.2,-34.08526603666622,7.699999999999999,6.012615133903424
2020-11-28 15:00:00,2,-36.333333333333336,-34.13322114153962,7.1,4.711366694980013
2020-11-28 15:00:00,4,-38.6,-34.04050995618715,7.0,3.8361398849087074
2020-11-28 15:00:00,8,-32.4,-33.63191096291621,9.3,4.332262861477415
2020-11-28 18:00:00,1,-36.333333333333336,-35.59039116317741,7.1,5.848068266174431
2020-11-28 18:00:00,2,-37.46666666666667,-35.55165270696443,5.6,4.710848529662468
2020-11-28 18:00:00,4,-36.1,-35.0557304347421,7.3,3.973122495882709
2020-11-28 18:00:00,8,-34.6,-34.69358069927606,9.6,3.810011593390063
2020-11-28 21:00:00,1,-37.46666666666667,-35.783002692757734,5.6,5.993382125531209
2020-11-28 21:00:00,2,-38.6,-35.541577221124264,7.0,5.291851869371802
2020-11-28 21:00:00,4,-33.7,-35.02938315455023,8.3,5.828851040569658
2020-11-28 21:00:00,8,-37.0,-35.15451688443984,8.6,4.552467711907914
2020-11-29 00:00:00,1,-38.6,-34.609168244323115,7.0,5.7916476452205226
2020-11-29 00:00:00,2,-36.1,-34.30491796839052,7.3,5.699645414912381
2020-11-29 00:00:00,4,-31.9,-34.00693749207042,9.3,6.662645260139353
2020-11-29 00:00:00,8,-39.4,-34.66348393193371,8.3,3.958297331859968
2020-11-29 03:00:00,1,-36.1,-32.79333283000555,7.3,6.496426272184159
2020-11-29 03:00:00,2,-33.7,-32.487344705685764,8.3,6.3880276660303945
2020-11-29 03:00:00,4,-32.4,-32.38148293626902,9.3,5.623637526441395
2020-11-29 03:00:00,8,-37.9,-33.13963586670381,10.0,3.941013068705457
2020-11-29 06:00:00,1,-33.7,-31.9336555461121,8.3,7.722165899336751
2020-11-29 06:00:00,2,-31.9,-31.882371726666214,9.3,7.223054647705632
2020-11-29 06:00:00,4,-34.6,-32.27935768498494,9.6,4.784214084270902
2020-11-29 06:00:00,8,-35.8,-32.88810897119455,10.6,4.161430186694008
2020-11-29 09:00:00,1,-31.9,-30.389879864508675,9.3,8.046352473804374
2020-11-29 09:00:00,2,-32.4,-30.574437634025973,9.3,6.475383790852876
2020-11-29 09:00:00,4,-37.0,-31.03078134588132,8.6,4.201588905246505
2020-11-29 09:00:00,8,-33.3,-31.226359898537286,11.1,4.6890577532018956
2020-11-29 12:00:00,1,-32.4,-29.999375533093424,9.3,7.849462876536849
2020-11-29 12:00:00,2,-34.6,-30.295129661355308,9.6,5.881103517954605
2020-11-29 12:00:00,4,-39.4,-30.822258272444145,8.3,4.159002946358002
2020-11-29 12:00:00,8,-31.8,-30.93260299901889,11.7,4.598246908554923
2020-11-29 15:00:00,1,-34.6,-31.5768548099937,9.6,7.319802585558826
2020-11-29 15:00:00,2,-37.0,-31.84196459016106,8.6,5.685693235213731
2020-11-29 15:00:00,4,-37.9,-32.04729296220984,10.0,4.602457175050501
2020-11-29 15:00:00,8,-32.4,-31.828381705502963,9.2,4.522780646272003
2020-11-29 18:00:00,1,-37.0,-32.630286338037166,8.6,7.4817128780025755
2020-11-29 18:00:00,2,-39.4,-32.674718193070866,8.3,6.10610350371873
2020-11-29 18:00:00,4,-35.8,-32.375530157092,10.6,5.521842515497279
2020-11-29 18:00:00,8,-34.2,-32.133928883217045,7.366666666666666,4.289486496296572
2020-11-29 21:00:00,1,-39.4,-34.29594340806264,8.3,8.187441883502942
2020-11-29 21:00:00,2,-37.9,-34.190407305093245,10.0,7.36672987189686
2020-11-29 21:00:00,4,-33.3,-33.851335216327755,11.1,6.9079683316323415
2020-11-29 21:00:00,8,-36.66666666666667,-34.05004938929096,5.533333333333333,3.603656381324987
2020-11-30 00:00:00,1,-37.9,-33.83656494603862,10.0,7.6998345630913185
2020-11-30 00:00:00,2,-35.8,-33.620875769757745,10.6,7.366723046916345
2020-11-30 00:00:00,4,-31.8,-33.30396340943191,11.7,6.768281028868346
2020-11-30 00:00:00,8,-39.13333333333333,-33.831400394944346,3.7,3.1677359780233028
2020-11-30 03:00:00,1,-35.8,-31.937222026011185,10.6,9.061095268964714
2020-11-30 03:00:00,2,-33.3,-32.06758947509009,11.1,8.381491862314899
2020-11-30 03:00:00,4,-32.4,-32.347682793839546,9.2,6.315079288355946
2020-11-30 03:00:00,8,-41.6,-32.909637540767214,3.4,3.4012177083225783
2020-11-30 06:00:00,1,-33.3,-30.5180886926224,11.1,9.45870370413002
2020-11-30 06:00:00,2,-31.8,-30.737998563701016,11.7,8.408453521278549
2020-11-30 06:00:00,4,-34.2,-31.227362835914967,7.366666666666666,5.739304736843749
2020-11-30 06:00:00,8,-39.8,-31.59973503942307,3.3,3.8269700170451375
2020-11-30 09:00:00,1,-31.8,-29.614661147631516,11.7,9.386492850912486
2020-11-30 09:00:00,2,-32.4,-29.87815988758587,9.2,7.692832133082817
2020-11-30 09:00:00,4,-36.66666666666667,-30.267796735809505,5.533333333333333,5.3229710078723596
2020-11-30 09:00:00,8,-36.8,-30.36008426658003,3.2,4.476442547704998
2020-11-30 12:00:00,1,-32.4,-29.549112849591268,9.2,8.919007705865813
2020-11-30 12:00:00,2,-34.2,-29.76407143786857,7.366666666666666,6.936707044897613
2020-11-30 12:00:00,4,-39.13333333333333,-29.964390887036856,3.7,5.337409467432711
2020-11-30 12:00:00,8,-53.29175178959221,-29.822610702280876,2.8,5.177670585195971
2020-11-30 15:00:00,1,-34.2,-33.13312686076273,7.366666666666666,7.2667119152543656
2020-11-30 15:00:00,2,-36.66666666666667,-33.15351992077561,5.533333333333333,6.158124358327447
2020-11-30 15:00:00,4,-41.6,-32.99723316909272,3.4,5.850472152280237
2020-11-30 15:00:00,8,-53.29175178959221,-32.71788052536069,1.8,4.909458235300441
2020-11-30 18:00:00,1,-36.66666666666667,-33.970024785365375,5.533333333333333,5.786389637575555
2020-11-30 18:00:00,2,-39.13333333333333,-33.83837052151884,3.7,4.96228454425026
2020-11-30 18:00:00,4,-39.8,-33.52200285994123,3.3,5.668051940266023
2020-11-30 18:00:00,8,-53.29175178959221,-33.67648980015181,2.3,3.1384889370100555
2020-11-30 21:00:00,1,-39.13333333333333,-36.10894293048469,3.7,4.68791755489459
2020-11-30 21:00:00,2,-41.6,-35.88966854127899,3.4,4.095941139481451
2020-11-30 21:00:00,4,-36.8,-35.68649014418352,3.2,4.975536203683228
2020-11-30 21:00:00,8,-53.29175178959221,-36.197839783597615,1.8,2.523349497491525
2020-12-01 00:00:00,1,-41.6,-36.09559637015122,3.4,3.8267062688723406
2020-12-01 00:00:00,2,-39.8,-35.887968158943266,3.3,3.527405059662269
2020-12-01 00:00:00,4,-53.29175178959221,-35.74544297616393,2.8,3.8678069413762435
2020-12-01 00:00:00,8,-53.29175178959221,-36.478379812960696,1.1,2.2312368123143305
2020-12-01 03:00:00,1,-39.8,-37.638111175022644,3.3,3.856262913396221
2020-12-01 03:00:00,2,-36.8,-37.412690912374686,3.2,3.7371674832890314
2020-12-01 03:00:00,4,-53.29175178959221,-37.419035644090116,1.8,2.696315618527826
2020-12-01 03:00:00,8,-53.29175178959221,-38.03585221837859,1.3000000000000003,3.0827241540275203
2020-12-01 06:00:00,1,-36.8,-38.37489260510053,3.2,4.0920246137488245
2020-12-01 06:00:00,2,-53.29175178959221,-38.24693739333519,2.8,3.5220926521237814
2020-12-01 06:00:00,4,-53.29175178959221,-38.307945094138255,2.3,1.8402184290379633
2020-12-01 06:00:00,8,-53.29175178959221,-38.272136194949454,0.20000000000000018,4.0866158166906015
2020-12-01 09:00:00,1,-53.29175178959221,-36.84734404678745,2.8,3.2325196261755114
2020-12-01 09:00:00,2,-53.29175178959221,-36.68460016523474,1.8,3.164514533900012
2020-12-01 09:00:00,4,-53.29175178959221,-36.86170507251443,1.8,2.652671361098199
2020-12-01 09:00:00,8,-53.29175178959221,-36.818300651892066,0.3999999999999999,4.308280199868288
2020-12-01 12:00:00,1,-53.29175178959221,-45.8708163048565,1.8,2.454087355777479
2020-12-01 12:00:00,2,-53.29175178959221,-45.27873236804194,2.3,2.417751052874724
2020-12-01 12:00:00,4,-53.29175178959221,-43.86187797928362,1.1,3.019589885053156
2020-12-01 12:00:00,8,-53.29175178959221,-42.14600054927308,2.3,5.381253462182726
2020-12-01 15:00:00,1,-53.29175178959221,-47.56601211420778,2.3,1.587495479061791
2020-12-01 15:00:00,2,-53.29175178959221,-46.75660562536868,1.8,1.6402662284046048
2020-12-01 15:00:00,4,-53.29175178959221,-43.93289776183976,1.3000000000000003,2.6717102840870157
2020-12-01 15:00:00,8,-53.29175178959221,-41.043917912400154,3.1,5.576228439135122
2020-12-01 18:00:00,1,-53.29175178959221,-48.712583165442105,1.8,2.072711923486715
2020-12-01 18:00:00,2,-53.29175178959221,-47.46868792126866,1.1,2.115064340073217
2020-12-01 18:00:00,4,-53.29175178959221,-43.90451290484898,0.20000000000000018,3.2274537310680125
2020-12-01 18:00:00,8,-37.2,-41.21599876627857,3.0,4.58455077226591
2020-12-01 21:00:00,1,-53.29175178959221,-45.18867550833558,1.1,2.3623083236602453
2020-12-01 21:00:00,2,-53.29175178959221,-44.01155845739182,1.3000000000000003,2.614877711574828
2020-12-01 21:00:00,4,-53.29175178959221,-41.307942618077,0.3999999999999999,3.7490949365415864
2020-12-01 21:00:00,8,-38.5,-40.0406548682705,3.2,4.433673753986914
2020-12-02 00:00:00,1,-53.29175178959221,-42.95481406579765,1.3000000000000003,2.2571250298113403
2020-12-02 00:00:00,2,-53.29175178959221,-41.99149775804073,0.20000000000000018,2.6479933701566956
2020-12-02 00:00:00,4,-53.29175178959221,-40.00603623671671,2.3,3.4834086825592103
2020-12-02 00:00:00,8,-39.800000000000004,-39.51237201459614,3.0,3.325358529778597
2020-12-02 03:00:00,1,-53.29175178959221,-41.63934497380698,0.20000000000000018,2.3420113648099172
2020-12-02 03:00:00,2,-53.29175178959221,-40.691734867124836,0.3999999999999999,2.9081219038732025
2020-12-02 03:00:00,4,-53.29175178959221,-38.93674936389359,3.1,3.734016968308945
2020-12-02 03:00:00,8,-41.1,-38.710373716933276,3.4,3.3487555760674317
2020-12-02 06:00:00,1,-53.29175178959221,-42.23561502137177,0.3999999999999999,2.5039872410508046
2020-12-02 06:00:00,2,-53.29175178959221,-41.71830611827175,2.3,3.4125763954254875
2020-12-02 06:00:00,4,-37.2,-40.55207727828456,3.0,3.883156882416404
2020-12-02 06:00:00,8,-38.4,-40.25954162794372,3.2,3.6392123303520876
2020-12-02 09:00:00,1,-53.29175178959221,-43.13989563953447,2.3,2.0062916396749677
2020-12-02 09:00:00,2,-53.29175178959221,-42.07334306796732,3.1,2.7581863596641707
2020-12-02 09:00:00,4,-38.5,-39.11514829095081,3.2,3.4275579741383932
2020-12-02 09:00:00,8,-53.29175178959221,-37.34474766904463,2.6,4.436265913578649
2020-12-02 12:00:00,1,-53.29175178959221,-44.36786565033226,3.1,2.9729345315325197
2020-12-02 12:00:00,2,-37.2,-43.36611277627705,3.0,3.296164435684502
2020-12-02 12:00:00,4,-39.800000000000004,-41.19511144258675,3.0,3.394992233029514
2020-12-02 12:00:00,8,-53.29175178959221,-40.21500457976552,2.5,4.1851568582136585
2020-12-02 15:00:00,1,-37.2,-45.64608844365966,3.0,3.19972980709308
2020-12-02 15:00:00,2,-38.5,-44.862620710951255,3.2,3.4146160781765396
2020-12-02 15:00:00,4,-41.1,-43.20370969169248,3.4,3.658864321878718
2020-12-02 15:00:00,8,-53.29175178959221,-42.55611331512341,1.5,3.5473075293068073
2020-12-02 18:00:00,1,-38.5,-43.8024784366896,3.2,4.095049519761345
2020-12-02 18:00:00,2,-39.800000000000004,-43.44693929780419,3.0,4.391653841919884
2020-12-02 18:00:00,4,-38.4,-42.604721193893496,3.2,4.039427261567222
2020-12-02 18:00:00,8,-53.29175178959221,-41.82661326804758,2.3,3.542754934052229
2020-12-02 21:00:00,1,-39.800000000000004,-39.141914902718696,3.0,4.014768660286298
2020-12-02 21:00:00,2,-41.1,-38.83562272698125,3.4,4.285742834523555
2020-12-02 21:00:00,4,-53.29175178959221,-38.17532968197144,2.6,5.308769929665549
2020-12-02 21:00:00,8,-53.29175178959221,-37.95070341141415,2.7,4.764421534136769
2020-12-03 00:00:00,1,-41.1,-39.02003783730258,3.4,3.808780084308288
2020-12-03 00:00:00,2,-38.4,-38.563983766845105,3.2,4.468803474982823
2020-12-03 00:00:00,4,-53.29175178959221,-38.07487455198151,2.5,5.927184933270049
2020-12-03 00:00:00,8,-53.29175178959221,-38.595958159766646,2.5,4.513733494757304
2020-12-03 03:00:00,1,-38.4,-37.87926862028794,3.2,4.5261445085433865
2020-12-03 03:00:00,2,-53.29175178959221,-37.39079776930123,2.6,5.3119457850518055
2020-12-03 03:00:00,4,-53.29175178959221,-37.16718884614142,1.5,5.586336448558637
2020-12-03 03:00:00,8,-39.6,-37.837792260314046,2.4,4.709108586192398
2020-12-03 06:00:00,1,-53.29175178959221,-36.17522469853246,2.6,4.828777901184619
2020-12-03 06:00:00,2,-53.29175178959221,-36.01020547485424,2.5,5.154473542828325
2020-12-03 06:00:00,4,-53.29175178959221,-36.277548808089705,2.3,4.144093829742909
2020-12-03 06:00:00,8,-35.5,-36.504150692360795,2.0,5.1610839630184895
2020-12-03 09:00:00,1,-53.29175178959221,-45.057032772504876,2.5,3.4770643033087345
2020-12-03 09:00:00,2,-53.29175178959221,-44.51075900911735,1.5,4.020930311347513
2020-12-03 09:00:00,4,-53.29175178959221,-43.00744234009034,2.7,4.673126649074826
2020-12-03 09:00:00,8,-34.0,-41.21297410312375,4.1,5.571454791826086
2020-12-03 12:00:00,1,-53.29175178959221,-45.18432800536364,1.5,3.14248661602662
2020-12-03 12:00:00,2,-53.29175178959221,-44.54752041061455,2.3,3.468314011786363
2020-12-03 12:00:00,4,-53.29175178959221,-42.530116198412536,2.5,3.91489594776039
2020-12-03 12:00:00,8,-32.5,-40.33628651136413,4.9,4.486095949442015
2020-12-03 15:00:00,1,-53.29175178959221,-47.36581551045824,2.3,2.4220084543919844
2020-12-03 15:00:00,2,-53.29175178959221,-46.293839007440525,2.7,3.066748847487583
2020-12-03 15:00:00,4,-39.6,-43.00268847456021,2.4,3.259606907436769
2020-12-03 15:00:00,8,-32.4,-40.23672047959551,4.5,3.414273469486697
2020-12-03 18:00:00,1,-53.29175178959221,-45.29177199495379,2.7,3.061958564288542
2020-12-03 18:00:00,2,-53.29175178959221,-44.19516660660467,2.5,3.438359198965635
2020-12-03 18:00:00,4,-35.5,-41.52169292619455,2.0,3.559865873360748
2020-12-03 18:00:00,8,-34.6,-39.8562440809551,3.8,3.435266149788284
2020-12-03 21:00:00,1,-53.29175178959221,-43.34386226471269,2.5,3.004168468338148
2020-12-03 21:00:00,2,-39.6,-42.23644503851192,2.4,3.121449839952486
2020-12-03 21:00:00,4,-34.0,-40.07927804432512,4.1,3.7919630123981007
2020-12-03 21:00:00,8,-37.1,-39.53559808450057,3.3,3.5379743551223575
2020-12-04 00:00:00,1,-39.6,-43.04588971390348,2.4,2.481468537762168
2020-12-04 00:00:00,2,-35.5,-42.14918588414861,2.0,2.6820429846659275
2020-12-04 00:00:00,4,-32.5,-40.78255185537535,4.9,3.6952153144856283
2020-12-04 00:00:00,8,-37.8,-41.11409038579239,3.8,3.609007266024132
2020-12-04 03:00:00,1,-35.5,-39.82053461090288,2.0,3.165563741353809
2020-12-04 03:00:00,2,-34.0,-39.47478491896472,4.1,3.6483588439854575
2020-12-04 03:00:00,4,-32.4,-39.320437755946145,4.5,3.892321684864748
2020-12-04 03:00:00,8,-37.2,-39.85797904733833,3.8,3.644511027944364
2020-12-04 06:00:00,1,-34.0,-36.08785818952168,4.1,3.16405728686558
2020-12-04 06:00:00,2,-32.5,-36.08730484476159,4.9,3.5150810510477135
2020-12-04 06:00:00,4,-34.6,-36.615430629220185,3.8,3.484545108465176
2020-12-04 06:00:00,8,-34.2,-37.17856555676901,3.5,3.9766845491898324
2020-12-04 09:00:00,1,-32.5,-33.25223576137636,4.9,4.81636560771469
2020-12-04 09:00:00,2,-32.4,-33.71055364594352,4.5,3.908699585274836
2020-12-04 09:00:00,4,-37.1,-34.68270978034325,3.3,3.614990094597828
2020-12-04 09:00:00,8,-32.0,-34.918656562450934,4.1,4.737927386338402
2020-12-04 12:00:00,1,-32.4,-34.11521726280864,4.5,4.6512947094505215
2020-12-04 12:00:00,2,-34.6,-34.208684974200324,3.8,3.8130743567163776
2020-12-04 12:00:00,4,-37.8,-34.176121211469194,3.8,3.4068225902702096
2020-12-04 12:00:00,8,-29.8,-33.408293393744515,4.4,5.145016252640796
2020-12-04 15:00:00,1,-34.6,-35.700104730885165,3.8,3.7973984562064205
2020-12-04 15:00:00,2,-37.1,-35.61989856071017,3.3,3.376305249758588
2020-12-04 15:00:00,4,-37.2,-35.1383387552168,3.8,3.5700835223638276
2020-12-04 15:00:00,8,-30.3,-34.08699956204747,3.7,4.984838545484999
2020-12-04 18:00:00,1,-37.1,-38.03643582418026,3.3,3.6790862992536604
2020-12-04 18:00:00,2,-37.8,-37.76386165375946,3.8,3.600201674830536
2020-12-04 18:00:00,4,-34.2,-36.99718087361041,3.5,4.248006077611196
2020-12-04 18:00:00,8,-33.1,-36.24086522069939,2.8,4.1057882000405845
2020-12-04 21:00:00,1,-37.8,-37.980764153707014,3.8,3.378911019321232
2020-12-04 21:00:00,2,-37.2,-37.5203899593152,3.8,3.50373316127726
2020-12-04 21:00:00,4,-32.0,-36.680929933193134,4.1,4.920454771874767
2020-12-04 21:00:00,8,-35.1,-36.45264639961206,3.2,4.104003894197166
2020-12-05 00:00:00,1,-37.2,-36.35609782598836,3.8,4.051715372383873
2020-12-05 00:00:00,2,-34.2,-35.876543895250364,3.5,4.458001450353177
2020-12-05 00:00:00,4,-29.8,-35.26185712188749,4.4,5.634644513767135
2020-12-05 00:00:00,8,-37.1,-35.51407281634291,3.4,4.254727830296013
2020-12-05 03:00:00,1,-34.2,-34.140525580573346,3.5,4.646275042921981
2020-12-05 03:00:00,2,-32.0,-33.837128377812576,4.1,5.28752024619144
2020-12-05 03:00:00,4,-30.3,-33.769809088339606,3.7,5.1814889485135325
2020-12-05 03:00:00,8,-39.1,-34.32856336987096,3.3,4.456234153640886
2020-12-05 06:00:00,1,-32.0,-33.95960345905014,4.1,4.690223545186132
2020-12-05 06:00:00,2,-29.8,-33.86768914779229,4.4,5.0323702691599035
2020-12-05 06:00:00,4,-33.1,-34.01177493571536,2.8,4.258616789505778
2020-12-05 06:00:00,8,-36.3,-34.133417117808825,4.1,4.341782216331502
2020-12-05 09:00:00,1,-29.8,-32.14730858659604,4.4,5.264810336808059
2020-12-05 09:00:00,2,-30.3,-32.37834011095189,3.7,4.889274101909253
2020-12-05 09:00:00,4,-35.1,-33.103829849518974,3.2,4.164689594771414
2020-12-05 09:00:00,8,-33.849999999999994,-33.22781365982901,5.4,4.284052425482379
2020-12-05 12:00:00,1,-30.3,-32.503397467736605,3.7,4.5428618717538605
2020-12-05 12:00:00,2,-33.1,-32.88064025793517,2.8,4.147889372031874
2020-12-05 12:00:00,4,-37.1,-33.5437619898306,3.4,3.782088092055224
2020-12-05 12:00:00,8,-31.4,-33.445038944219945,6.8,3.55548640866658
2020-12-05 15:00:00,1,-33.1,-34.27305597362337,2.8,3.6947161444751804
2020-12-05 15:00:00,2,-35.1,-34.62935380005095,3.2,3.4060438226693237
2020-12-05 15:00:00,4,-39.1,-34.94750542207909,3.3,3.039454684004461
2020-12-05 15:00:00,8,-31.7,-34.64565873744819,6.2,2.6102081452186474
2020-12-05 18:00:00,1,-35.1,-36.40965122355185,3.2,3.1017123162237556
2020-12-05 18:00:00,2,-37.1,-36.49125228364293,3.4,2.728107817411526
2020-12-05 18:00:00,4,-36.3,-36.28105476590566,4.1,2.16991500222801
2020-12-05 18:00:00,8,-34.2,-35.992384603374646,4.7,2.38167345938962
2020-12-05 21:00:00,1,-37.1,-37.70397649349837,3.4,3.0969856439759216
2020-12-05 21:00:00,2,-39.1,-37.82792860176485,3.3,2.4778506582472377
2020-12-05 21:00:00,4,-33.849999999999994,-37.69374970245036,5.4,2.111017233268078
2020-12-05 21:00:00,8,-36.650000000000006,-37.892236197100814,4.9,2.861423894224347
2020-12-06 00:00:00,1,-39.1,-37.91762521097637,3.3,2.897982008993843
2020-12-06 00:00:00,2,-36.3,-38.02655919661325,4.1,2.445353940085834
2020-12-06 00:00:00,4,-31.4,-37.885575885951894,6.8,2.3476898552388077
2020-12-06 00:00:00,8,-39.1,-38.146284846074074,4.2,3.749353979210239
2020-12-06 03:00:00,1,-36.3,-36.37667965726054,4.1,2.8056240265763512
2020-12-06 03:00:00,2,-33.849999999999994,-36.42739572192653,5.4,2.567356758572299
2020-12-06 03:00:00,4,-31.7,-36.38846128944435,6.2,2.3036787551064934
2020-12-06 03:00:00,8,-37.2,-36.58791037341706,2.8,4.040708758299254
2020-12-06 06:00:00,1,-33.849999999999994,-35.2862331113715,5.4,4.151882625475135
2020-12-06 06:00:00,2,-31.4,-35.47121021246481,6.8,3.5943284925014245
2020-12-06 06:00:00,4,-34.2,-35.9574547153933,4.7,2.6639468687510806
2020-12-06 06:00:00,8,-34.2,-36.26836242047085,3.8,3.7819373293020484
2020-12-06 09:00:00,1,-31.4,-31.909543259990322,6.8,5.337002741250139
2020-12-06 09:00:00,2,-31.7,-32.46086197130782,6.2,4.197232914752898
2020-12-06 09:00:00,4,-36.650000000000006,-33.84613608118598,4.9,3.9319798870727505
2020-12-06 09:00:00,8,-32.150000000000006,-34.55950699310607,4.8,4.999641608301306
2020-12-06 12:00:00,1,-31.7,-31.411760654212546,6.2,6.100675298122168
2020-12-06 12:00:00,2,-34.2,-31.955024164465048,4.7,4.933334469869661
2020-12-06 12:00:00,4,-39.1,-33.16435337365695,4.2,4.606888933491858
2020-12-06 12:00:00,8,-30.1,-33.62202857134129,5.6,5.456334646268145
2020-12-06 15:00:00,1,-34.2,-34.89688590454573,4.7,5.178281101031112
2020-12-06 15:00:00,2,-36.650000000000006,-35.51071384072887,4.9,4.47521618401869
2020-12-06 15:00:00,4,-37.2,-36.459324002784726,2.8,4.462778723433112
2020-12-06 15:00:00,8,-29.5,-36.54828858299069,4.4,4.958782262842805
2020-12-06 18:00:00,1,-36.650000000000006,-39.20529305177793,4.9,4.22012992457868
2020-12-06 18:00:00,2,-39.1,-39.5324365261577,4.2,3.6196107830295867
2020-12-06 18:00:00,4,-34.2,-39.882718169321166,3.8,3.7375183832637964
2020-12-06 18:00:00,8,-32.6,-39.92397982000013,3.7,3.952379780492488
2020-12-06 21:00:00,1,-39.1,-39.20945178349056,4.2,4.631305407924977
2020-12-06 21:00:00,2,-37.2,-39.34461344615502,2.8,4.156438033368168
2020-12-06 21:00:00,4,-32.150000000000006,-39.538263938162515,4.8,4.642190078803047
2020-12-06 21:00:00,8,-34.0,-40.07113494213937,2.8,4.171110301831323
2020-12-07 00:00:00,1,-37.2,-36.31098581802037,2.8,4.5311143740422315
2020-12-07 00:00:00,2,-34.2,-36.145293646417755,3.8,4.682657627723853
2020-12-07 00:00:00,4,-30.1,-36.0495059218392,5.6,5.140219464382202
2020-12-07 00:00:00,8,-35.4,-36.573779908006784,3.2,4.560208946057175
2020-12-07 03:00:00,1,-34.2,-35.566595897491105,3.8,3.4809392659764278
2020-12-07 03:00:00,2,-32.150000000000006,-35.416127911801155,4.8,3.7765970753098577
2020-12-07 03:00:00,4,-29.5,-35.41778218207354,4.4,4.208691790436963
2020-12-07 03:00:00,8,-36.8,-35.65123026674888,4.3,4.75733976372978
2020-12-07 06:00:00,1,-32.150000000000006,-32.35034576549753,4.8,5.276417495857848
2020-12-07 06:00:00,2,-30.1,-32.30297138442184,5.6,5.766749263178845
2020-12-07 06:00:00,4,-32.6,-32.72176834870119,3.7,5.039719386850507
2020-12-07 06:00:00,8,-33.3,-33.03489807883102,4.6,5.661167027890768
2020-12-07 09:00:00,1,-30.1,-31.08184325102237,5.6,6.200876462835365
2020-12-07 09:00:00,2,-29.5,-31.317546503795526,4.4,6.013052999059596
2020-12-07 09:00:00,4,-34.0,-32.21429068160582,2.8,4.830720781184693
2020-12-07 09:00:00,8,-30.95,-32.55048220741443,5.2,6.0156857352932995
2020-12-07 12:00:00,1,-29.5,-31.876365630415957,4.4,5.494704900004723
2020-12-07 12:00:00,2,-32.6,-32.244295224821485,3.7,4.962765278815294
2020-12-07 12:00:00,4,-35.4,-33.06936972818291,3.2,4.754513795235243
2020-12-07 12:00:00,8,-28.6,-33.12579071968546,6.5,5.836405227596677
2020-12-07 15:00:00,1,-32.6,-33.04130621463354,3.7,4.045132145475448
2020-12-07 15:00:00,2,-34.0,-33.40878621642148,2.8,3.7397416473266727
2020-12-07 15:00:00,4,-36.8,-33.944101159755455,4.3,4.403568071772691
2020-12-07 15:00:00,8,-29.1,-33.551776842840184,5.0,5.599808320253537
2020-12-07 18:00:00,1,-34.0,-35.85203245158028,2.8,3.999527039151735
2020-12-07 18:00:00,2,-35.4,-36.07408941560825,3.2,3.735192557872632
2020-12-07 18:00:00,4,-33.3,-36.39743873177619,4.6,3.9837348873623393
2020-12-07 18:00:00,8,-32.0,-36.249577518667024,5.1,4.159633617213727
2020-12-07 21:00:00,1,-35.4,-35.88436853599866,3.2,3.114932570082321
2020-12-07 21:00:00,2,-36.8,-36.24296331958144,4.3,2.709406304396925
2020-12-07 21:00:00,4,-30.95,-36.941852161608274,5.2,2.870126330902872
2020-12-07 21:00:00,8,-33.2,-37.44932982870364,6.9,3.696251018608836
2020-12-08 00:00:00,1,-36.8,-35.32201463152269,4.3,3.4130577031822433
2020-12-08 00:00:00,2,-33.3,-35.47320455920433,4.6,3.3519695287082043
2020-12-08 00:00:00,4,-28.6,-35.72434670718509,6.5,4.174356539829141
2020-12-08 00:00:00,8,-33.0,-36.23165433604689,6.4,4.363737378846201
2020-12-08 03:00:00,1,-33.3,-35.2247931099746,4.6,4.8554563234568935
2020-12-08 03:00:00,2,-30.95,-35.34274488599875,5.2,5.232624368540734
2020-12-08 03:00:00,4,-29.1,-35.64319956271753,5.0,4.3988530766399565
2020-12-08 03:00:00,8,-31.9,-36.065993866487815,8.3,4.812924004649626
2020-12-08 06:00:00,1,-30.95,-33.92911041616346,5.2,5.680331146615908
2020-12-08 06:00:00,2,-28.6,-34.07563149743176,6.5,5.920433108014838
2020-12-08 06:00:00,4,-32.0,-34.771861690806546,5.1,4.593416528595355
2020-12-08 06:00:00,8,-31.7,-35.19849626485201,9.4,4.806743451591593
2020-12-08 09:00:00,1,-28.6,-29.994042384767557,6.5,5.759050471877162
2020-12-08 09:00:00,2,-29.1,-30.555701726289442,5.0,4.962024981710045
2020-12-08 09:00:00,4,-33.2,-32.1835685194044,6.9,4.515650887720767
2020-12-08 09:00:00,8,-30.6,-33.076032921335795,10.1,5.966387194787547
2020-12-08 12:00:00,1,-29.1,-31.07554030836435,5.0,5.568407224745449
2020-12-08 12:00:00,2,-32.0,-31.557555470483216,5.1,4.665408982436406
2020-12-08 12:00:00,4,-33.0,-32.515071024771956,6.4,4.5430172467009005
2020-12-08 12:00:00,8,-29.8,-32.719405105454925,10.2,5.946521809314479
2020-12-08 15:00:00,1,-32.0,-32.93728892775047,5.1,4.153563756808423
2020-12-08 15:00:00,2,-33.2,-33.27656852080099,6.9,3.739399891759395
2020-12-08 15:00:00,4,-31.9,-33.694081552316675,8.3,4.142406193350068
2020-12-08 15:00:00,8,-30.4,-33.38329777340935,10.7,5.281897528650196
2020-12-08 18:00:00,1,-33.2,-36.26433770194231,6.9,4.873387466795852
2020-12-08 18:00:00,2,-33.0,-36.3415321779803,6.4,4.572135599507326
2020-12-08 18:00:00,4,-31.7,-36.187000566708356,9.4,4.610898929465445
2020-12-08 18:00:00,8,-32.7,-35.935254638898215,8.5,4.384194938019275
2020-12-08 21:00:00,1,-33.0,-35.119847817816776,6.4,6.238748706274981
2020-12-08 21:00:00,2,-31.9,-35.25456709287356,8.3,5.808434751200636
2020-12-08 21:00:00,4,-30.6,-35.169612821176344,10.1,6.150046567326535
2020-12-08 21:00:00,8,-35.1,-35.43271672658833,6.5,5.255942554312524
2020-12-09 00:00:00,1,-31.9,-33.291240802955535,8.3,6.782318307542795
2020-12-09 00:00:00,2,-31.7,-33.19862040072776,9.4,6.990405778309841
2020-12-09 00:00:00,4,-29.8,-33.20584702565459,10.2,7.042866204319859
2020-12-09 00:00:00,8,-37.5,-33.76524399406878,7.1,5.023125726411869
2020-12-09 03:00:00,1,-31.7,-30.48998771302156,9.4,8.993594078863886
2020-12-09 03:00:00,2,-30.6,-30.369751948860017,10.1,9.371623777737758
2020-12-09 03:00:00,4,-30.4,-30.46850237350828,10.7,8.057424298445008
2020-12-09 03:00:00,8,-37.1,-30.977098258139687,7.0,5.5410047146966495
2020-12-09 06:00:00,1,-30.6,-31.275784825429707,10.1,10.03228018535507
2020-12-09 06:00:00,2,-29.8,-31.459802219204718,10.2,9.656216080869548
2020-12-09 06:00:00,4,-32.7,-32.096634310987454,8.5,6.338582388443567
2020-12-09 06:00:00,8,-35.8,-32.594271375565306,7.199999999999999,5.032358645364964
2020-12-09 09:00:00,1,-29.8,-30.317378731917685,10.2,9.863194279022249
2020-12-09 09:00:00,2,-30.4,-30.551831194972696,10.7,8.74214217486833
2020-12-09 09:00:00,4,-35.1,-31.177971052068074,6.5,5.406620635073535
2020-12-09 09:00:00,8,-33.7,-31.52422653570101,9.1,4.969108884923445
2020-12-09 12:00:00,1,-30.4,-30.21073738043007,10.7,8.933559417446586
2020-12-09 12:00:00,2,-32.7,-30.39760795812435,8.5,7.233028077044615
2020-12-09 12:00:00,4,-37.5,-30.847279830814944,7.1,5.315302502421712
2020-12-09 12:00:00,8,-33.1,-30.987193918007563,9.2,5.319713785921524
2020-12-09 15:00:00,1,-32.7,-32.324633967178585,8.5,8.308877055563126
2020-12-09 15:00:00,2,-35.1,-32.553460758505906,6.5,6.5264401904025515
2020-12-09 15:00:00,4,-37.1,-32.877105480079635,7.0,5.3408407263866815
2020-12-09 15:00:00,8,-33.2,-33.0123723358886,8.7,5.1691735910949825
2020-12-09 18:00:00,1,-35.1,-37.10673449009845,6.5,7.21540469767076
2020-12-09 18:00:00,2,-37.5,-37.21355884883745,7.1,6.149133726182638
2020-12-09 18:00:00,4,-35.8,-37.411055375128036,7.199999999999999,5.278186765416068
2020-12-09 18:00:00,8,-34.6,-37.664946954885544,5.3,4.297993567907853
2020-12-09 21:00:00,1,-37.5,-37.469215656019756,7.1,6.42807729153497
2020-12-09 21:00:00,2,-37.1,-37.50757945171809,7.0,5.716297727527321
2020-12-09 21:00:00,4,-33.7,-37.7347188297275,9.1,5.70386175990623
2020-12-09 21:00:00,8,-37.4,-38.29653524046514,4.1,4.027973584598784
2020-12-10 00:00:00,1,-37.1,-35.94767751696287,7.0,7.038544072128025
2020-12-10 00:00:00,2,-35.8,-35.81120598349911,7.199999999999999,7.012587604825865
2020-12-10 00:00:00,4,-33.1,-35.87700501588378,9.2,7.1601526413494225
2020-12-10 00:00:00,8,-38.25,-36.47292129746262,4.7,5.0779893986857685
2020-12-10 03:00:00,1,-35.8,-33.955351062208855,7.199999999999999,7.572142590143908
2020-12-10 03:00:00,2,-33.7,-33.54819018891339,9.1,7.664633446400803
2020-12-10 03:00:00,4,-33.2,-33.335834050210934,8.7,5.254972660597135
2020-12-10 03:00:00,8,-39.1,-33.79842738765106,4.3,4.020554190936939
2020-12-10 06:00:00,1,-33.7,-33.17759906385186,9.1,7.056524483295076
2020-12-10 06:00:00,2,-33.1,-32.856571201872775,9.2,6.237771241096832
2020-12-10 06:00:00,4,-34.6,-32.6186905951087,5.3,3.2601898034288874
2020-12-10 06:00:00,8,-36.0,-32.698527868776964,5.1,4.119929453027567
2020-12-10 09:00:00,1,-33.1,-31.601843225318973,9.2,8.388783927434009
2020-12-10 09:00:00,2,-33.2,-31.610215446819456,8.7,7.122930477303871
2020-12-10 09:00:00,4,-37.4,-31.85089159742362,4.1,4.12829314672787
2020-12-10 09:00:00,8,-34.03333333333333,-32.000166433474604,6.0,4.884726105518498
2020-12-10 12:00:00,1,-33.2,-32.26811354653945,8.7,7.908536921946649
2020-12-10 12:00:00,2,-34.6,-32.16336134864687,5.3,6.445241904249826
2020-12-10 12:00:00,4,-38.25,-32.20663463808911,4.7,5.0136978689528116
2020-12-10 12:00:00,8,-32.06666666666667,-32.02244720608053,5.8,5.955618868499194
2020-12-10 15:00:00,1,-34.6,-34.04125783621447,5.3,6.770733756240963
2020-12-10 15:00:00,2,-37.4,-33.93414095407364,4.1,5.800234323831093
2020-12-10 15:00:00,4,-39.1,-33.45179724350347,4.3,5.7879625823036465
2020-12-10 15:00:00,8,-30.1,-32.774656003350174,4.8,6.874971470367564
2020-12-10 18:00:00,1,-37.4,-36.24472278299832,4.1,5.079362499453152
2020-12-10 18:00:00,2,-38.25,-36.125987101897366,4.7,4.54279170242294
2020-12-10 18:00:00,4,-36.0,-35.77657438292751,5.1,5.047159042173257
2020-12-10 18:00:00,8,-32.4,-35.36046200533582,3.4,5.868796371840737
2020-12-10 21:00:00,1,-38.25,-35.265092171331304,4.7,3.727248560483888
2020-12-10 21:00:00,2,-39.1,-35.211962428349764,4.3,3.549367273768163
2020-12-10 21:00:00,4,-34.03333333333333,-35.065082537588594,6.0,4.7213428969673314
2020-12-10 21:00:00,8,-33.833333333333336,-35.222780030209336,3.8,3.7733679930736073
2020-12-11 00:00:00,1,-39.1,-36.97544479975271,4.3,4.740741411117037
2020-12-11 00:00:00,2,-36.0,-36.65235054093513,5.1,4.948819710816517
2020-12-11 00:00:00,4,-32.06666666666667,-36.26971408032756,5.8,6.197824416861264
2020-12-11 00:00:00,8,-35.266666666666666,-36.56922057774388,3.8,5.851345323224889
2020-12-11 03:00:00,1,-36.0,-34.10429590880655,5.1,5.5126164215247
2020-12-11 03:00:00,2,-34.03333333333333,-33.72373593205134,6.0,6.308896282570541
2020-12-11 03:00:00,4,-30.1,-33.52011802935213,4.8,5.737608302624463
2020-12-11 03:00:00,8,-36.7,-33.8965913244937,3.3,5.446878422483822
2020-12-11 06:00:00,1,-34.03333333333333,-33.708988717793865,6.0,6.244889909054731
2020-12-11 06:00:00,2,-32.06666666666667,-33.485999425485204,5.8,6.505001646920752
2020-12-11 06:00:00,4,-32.4,-33.48975035363766,3.4,4.74505362575906
2020-12-11 06:00:00,8,-34.03333333333333,-33.614486366980955,3.3,5.562725855027904
2020-12-11 09:00:00,1,-32.06666666666667,-31.592678452729807,5.8,6.431234698145772
2020-12-11 09:00:00,2,-30.1,-31.637267376979267,4.8,5.804540886536126
2020-12-11 09:00:00,4,-33.833333333333336,-32.04178833464842,3.8,4.5425495222549745
2020-12-11 09:00:00,8,-31.366666666666667,-32.03464096483046,3.9,6.9801294904605
2020-12-11 12:00:00,1,-30.1,-30.956156176372648,4.8,4.929513120623124
2020-12-11 12:00:00,2,-32.4,-31.20642940015981,3.4,4.171324062353862
2020-12-11 12:00:00,4,-35.266666666666666,-31.69738021555311,3.8,4.279423595728648
2020-12-11 12:00:00,8,-28.7,-31.419716426140972,4.6,7.994974447047925
2020-12-11 15:00:00,1,-32.4,-33.28344065924089,3.4,3.1070701925289166
2020-12-11 15:00:00,2,-33.833333333333336,-33.466166915242326,3.8,2.4938921351060754
2020-12-11 15:00:00,4,-36.7,-33.257444983532,3.3,3.5296970600767588
2020-12-11 15:00:00,8,-28.6,-32.32280389466471,3.7,7.098750637742049
2020-12-11 18:00:00,1,-33.833333333333336,-33.065941584473855,3.8,3.300710352589006
2020-12-11 18:00:00,2,-35.266666666666666,-33.130125253639584,3.8,3.10055644178933
2020-12-11 18:00:00,4,-34.03333333333333,-32.878344741781945,3.3,3.954623092935628
2020-12-11 18:00:00,8,-30.3,-32.42122144785573,2.8,5.402729756338
2020-12-11 21:00:00,1,-35.266666666666666,-34.13925029382155,3.8,3.82520349347517
2020-12-11 21:00:00,2,-36.7,-34.15393842699787,3.3,3.8981070555549078
2020-12-11 21:00:00,4,-31.366666666666667,-34.213738568142176,3.9,5.1992395497898025
2020-12-11 21:00:00,8,-32.166666666666664,-34.78142129793807,3.7,5.081175704823439
2020-12-12 00:00:00,1,-36.7,-35.20488422662682,3.3,4.214925823615751
2020-12-12 00:00:00,2,-34.03333333333333,-35.14694441903795,3.3,4.639844418312261
2020-12-12 00:00:00,4,-28.7,-35.328148976949116,4.6,5.688122501715827
2020-12-12 00:00:00,8,-34.03333333333333,-36.288617144293696,3.5,4.16192622414504
2020-12-12 03:00:00,1,-34.03333333333333,-33.932208570419235,3.3,4.4022932400606924
2020-12-12 03:00:00,2,-31.366666666666667,-33.870862234151,3.9,5.163114927923337
2020-12-12 03:00:00,4,-28.6,-34.233212268892174,3.7,4.9254699595098455
2020-12-12 03:00:00,8,-35.9,-35.095297467093246,3.8,4.149539950913324
2020-12-12 06:00:00,1,-31.366666666666667,-32.17451470396765,3.9,4.997494832008343
2020-12-12 06:00:00,2,-28.7,-32.211404354641026,4.6,5.4018222472101325
2020-12-12 06:00:00,4,-30.3,-33.04608313619535,2.8,4.046386982127343
2020-12-12 06:00:00,8,-34.1,-33.9658199415894,5.0,3.9338602758449834
2020-12-12 09:00:00,1,-28.7,-30.84842254538463,4.6,4.545580560085926
2020-12-12 09:00:00,2,-28.6,-31.248451899883904,3.7,4.124349321073183
2020-12-12 09:00:00,4,-32.166666666666664,-32.56630440914856,3.7,3.7041326580701393
2020-12-12 09:00:00,8,-31.5,-33.390312571045214,5.4,4.911645854836173
2020-12-12 12:00:00,1,-28.6,-31.82922757366489,3.7,4.0156039739171545
2020-12-12 12:00:00,2,-30.3,-32.34926645501494,2.8,3.5342247481514693
2020-12-12 12:00:00,4,-34.03333333333333,-33.47920798315616,3.5,3.9538755442885822
2020-12-12 12:00:00,8,-30.2,-33.92818385189069,6.9,5.581619747180774
2020-12-12 15:00:00,1,-30.3,-33.21570203819191,2.8,3.046730326514207
2020-12-12 15:00:00,2,-32.166666666666664,-33.71098594653735,3.7,2.8381415929204223
2020-12-12 15:00:00,4,-35.9,-34.40523764419438,3.8,3.385394390899503
2020-12-12 15:00:00,8,-29.9,-34.472603045730686,5.9,4.874586957121382
2020-12-12 18:00:00,1,-32.166666666666664,-35.32108374424398,3.7,2.4679879215609835
2020-12-12 18:00:00,2,-34.03333333333333,-35.68405485083829,3.5,2.6410942746188066
2020-12-12 18:00:00,4,-34.1,-36.206915214064054,5.0,2.746552700494727
2020-12-12 18:00:00,8,-31.0,-36.72335303146751,3.6,3.6740319412958407
2020-12-12 21:00:00,1,-34.03333333333333,-38.39568770466566,3.5,3.1518247889760955
2020-12-12 21:00:00,2,-35.9,-38.89386370398382,3.8,2.660444267422663
2020-12-12 21:00:00,4,-31.5,-39.6148142863157,5.4,2.588848622214374
2020-12-12 21:00:00,8,-34.7,-40.630622693678255,4.8,3.1620217897471092
2020-12-13 00:00:00,1,-35.9,-37.9518000139205,3.8,2.7810577224928617
2020-12-13 00:00:00,2,-34.1,-38.236944044607846,5.0,2.5727914692284153
2020-12-13 00:00:00,4,-30.2,-38.80875380407282,6.9,3.1642617696802313
2020-12-13 00:00:00,8,-35.85,-40.02366545493304,5.4,3.27369913253638
2020-12-13 03:00:00,1,-34.1,-35.01125102664308,5.0,3.732580123289954
2020-12-13 03:00:00,2,-31.5,-35.173189388089284,5.4,3.8168618476611407
2020-12-13 03:00:00,4,-29.9,-35.713910970850065,5.9,3.590007893264199
2020-12-13 03:00:00,8,-37.0,-36.67372204129204,5.4,4.1784629919726655
2020-12-13 06:00:00,1,-31.5,-32.84484720976815,5.4,5.644333640011537
2020-12-13 06:00:00,2,-30.2,-32.73262197561024,6.9,5.588466482321274
2020-12-13 06:00:00,4,-31.0,-33.00478401946492,3.6,4.602137893930778
2020-12-13 06:00:00,8,-35.2,-33.489130722786506,6.4,5.024911951781057
2020-12-13 09:00:00,1,-30.2,-32.42340456585456,6.9,5.937009066160265
2020-12-13 09:00:00,2,-29.9,-32.460908083371166,5.9,5.569770514603341
2020-12-13 09:00:00,4,-34.7,-32.96262030154684,4.8,5.048667682788057
2020-12-13 09:00:00,8,-34.0,-33.23203579562873,8.3,5.8477137937489285
2020-12-13 12:00:00,1,-29.9,-32.689682998627234,5.9,6.551173919789303
2020-12-13 12:00:00,2,-31.0,-32.93103065615381,3.6,5.737851442555314
2020-12-13 12:00:00,4,-35.85,-33.49384424026121,5.4,5.366940731560301
2020-12-13 12:00:00,8,-33.3,-33.595738931228595,8.9,6.134271051427145
2020-12-13 15:00:00,1,-31.0,-33.807564781202615,3.6,5.4891674947199185
2020-12-13 15:00:00,2,-34.7,-33.755988438354905,4.8,5.004923290097436
2020-12-13 15:00:00,4,-37.0,-33.735591055336094,5.4,5.472767919664678
2020-12-13 15:00:00,8,-33.4,-33.34864167580409,9.4,6.054392545881528
2020-12-13 18:00:00,1,-34.7,-34.3381503560401,4.8,3.856637380881827
2020-12-13 18:00:00,2,-35.85,-34.231480184512904,5.4,3.8524994698437416
2020-12-13 18:00:00,4,-35.2,-33.95098914921712,6.4,4.844006992081518
2020-12-13 18:00:00,8,-34.8,-33.82118945491811,7.5,4.164919351342037
2020-12-13 21:00:00,1,-35.85,-35.514809168354404,5.4,4.741178423150646
2020-12-13 21:00:00,2,-37.0,-35.16191787060619,5.4,4.89904800720849
2020-12-13 21:00:00,4,-34.0,-34.60827482309587,8.3,5.871102362132279
2020-12-13 21:00:00,8,-37.3,-34.824887681645556,6.4,4.219943463978201
2020-12-14 00:00:00,1,-37.0,-36.51767161393377,5.4,5.753461665957853
2020-12-14 00:00:00,2,-35.2,-36.16194730629401,6.4,5.9937540869692825
2020-12-14 00:00:00,4,-33.3,-35.885949315170095,8.9,6.326502172931827
2020-12-14 00:00:00,8,-39.4,-36.4287776428248,4.5,4.0462715973005094
2020-12-14 03:00:00,1,-35.2,-34.46493835620211,6.4,6.310404176703098
2020-12-14 03:00:00,2,-34.0,-34.21712924579977,8.3,6.799328505073495
2020-12-14 03:00:00,4,-33.4,-34.26505264862963,9.4,5.1682798385684645
2020-12-14 03:00:00,8,-38.5,-34.8806083461861,4.1,3.1873512119644443
2020-12-14 06:00:00,1,-34.0,-34.706231255653464,8.3,7.198955214945504
2020-12-14 06:00:00,2,-33.3,-34.65409436303576,8.9,7.094111997078828
2020-12-14 06:00:00,4,-34.8,-35.0168882263866,7.5,4.461692218527203
2020-12-14 06:00:00,8,-36.4,-35.482339070751934,4.7,3.1737121282469243
2020-12-14 09:00:00,1,-33.3,-33.87335516757541,8.9,8.310285560916931
2020-12-14 09:00:00,2,-33.4,-34.05493150399727,9.4,7.353750465202253
2020-12-14 09:00:00,4,-37.3,-34.80207085630328,6.4,4.530755529363586
2020-12-14 09:00:00,8,-34.1,-35.31947702703691,6.5,3.7703151606271437
2020-12-14 12:00:00,1,-33.4,-35.029520049738274,9.4,7.800289318486779
2020-12-14 12:00:00,2,-34.8,-35.18865133932855,7.5,6.615531353240359
2020-12-14 12:00:00,4,-39.4,-35.89008499085105,4.5,4.978447057872921
2020-12-14 12:00:00,8,-33.2,-36.19856893059921,7.1,4.016800984855232
2020-12-14 15:00:00,1,-34.8,-35.05889775709288,7.5,7.266094254517748
2020-12-14 15:00:00,2,-37.3,-35.24435327084336,6.4,6.032301363637971
2020-12-14 15:00:00,4,-38.5,-35.662124241713364,4.1,4.941219135250059
2020-12-14 15:00:00,8,-33.3,-35.85652693675412,6.8,3.8379466118795214
2020-12-14 18:00:00,1,-37.3,-37.878954481856425,6.4,6.035464955387364
2020-12-14 18:00:00,2,-39.4,-37.86526208104789,4.5,5.214329794989347
2020-12-14 18:00:00,4,-36.4,-37.82551780545327,4.7,4.514529244829237
2020-12-14 18:00:00,8,-34.2,-37.89380400725443,5.3,3.155059803080176
2020-12-14 21:00:00,1,-39.4,-37.31496359913182,4.5,5.664040344687628
2020-12-14 21:00:00,2,-38.5,-37.11547849010962,4.1,5.153322467208324
2020-12-14 21:00:00,4,-34.1,-36.809764156165926,6.5,4.869553107430208
2020-12-14 21:00:00,8,-36.6,-37.11336598120778,5.2,2.504851774129492
2020-12-15 00:00:00,1,-38.5,-36.202561947084206,4.1,4.839282186039293
2020-12-15 00:00:00,2,-36.4,-35.91407623280656,4.7,4.624816557700237
2020-12-15 00:00:00,4,-33.2,-35.68038461879668,7.1,4.457113776324931
2020-12-15 00:00:00,8,-38.1,-36.12780132338947,4.8,2.732343251022753
2020-12-15 03:00:00,1,-36.4,-33.650097848898575,4.7,5.029134588553818
2020-12-15 03:00:00,2,-34.1,-33.33819441145324,6.5,5.140856533657159
2020-12-15 03:00:00,4,-33.3,-33.21742403555733,6.8,4.075650045848753
2020-12-15 03:00:00,8,-36.6,-33.61690148629848,3.5,2.441083848370428
2020-12-15 06:00:00,1,-34.1,-34.595459992492806,6.5,5.790106052746673
2020-12-15 06:00:00,2,-33.2,-34.45675634696291,7.1,5.439398670400546
2020-12-15 06:00:00,4,-34.2,-34.45836306416997,5.3,2.753845885337203
2020-12-15 06:00:00,8,-34.4,-34.457498462982315,4.5,2.79448080624111
2020-12-15 09:00:00,1,-33.2,-33.02003414341321,7.1,6.593479414634762
2020-12-15 09:00:00,2,-33.3,-33.231870080401094,6.8,5.145715599862954
2020-12-15 09:00:00,4,-36.6,-33.85811224863701,5.2,2.511406741352971
2020-12-15 09:00:00,8,-32.1,-34.08550380199283,5.8,3.4895232252588237
2020-12-15 12:00:00,1,-33.3,-33.17705724710759,6.8,5.989722656291265
2020-12-15 12:00:00,2,-34.2,-33.311750584128745,5.3,4.339115781756506
2020-12-15 12:00:00,4,-38.1,-33.78035145882111,4.8,2.7711571818129728
2020-12-15 12:00:00,8,-30.3,-33.75676513842182,5.8,3.898905684915496
2020-12-15 15:00:00,1,-34.2,-34.96439396527799,5.3,4.584692390611599
2020-12-15 15:00:00,2,-36.6,-34.96874146824993,5.2,3.2092126376373797
2020-12-15 15:00:00,4,-36.6,-34.8082268167594,3.5,2.4429913237840806
2020-12-15 15:00:00,8,-30.1,-34.19813251670496,6.7,4.610308462010567
2020-12-15 18:00:00,1,-36.6,-35.339750483885496,5.2,3.790267551271739
2020-12-15 18:00:00,2,-38.1,-35.213685866717164,4.8,3.0073208095337236
2020-12-15 18:00:00,4,-34.4,-34.63720870184082,4.5,3.0044493056223125
2020-12-15 18:00:00,8,-31.0,-33.8545688247696,3.8,4.507033070136597
2020-12-15 21:00:00,1,-38.1,-34.68184373815362,4.8,4.340225374291815
2020-12-15 21:00:00,2,-36.6,-34.449593126123176,3.5,3.9483736768906006
2020-12-15 21:00:00,4,-32.1,-34.036178304236984,5.8,4.8152079203948155
2020-12-15 21:00:00,8,-33.9,-34.0052716937822,4.0,5.02718307068778
2020-12-16 00:00:00,1,-36.6,-34.45263075829581,3.5,4.97998278512914
2020-12-16 00:00:00,2,-34.4,-34.04218151848328,4.5,5.06283037047947
2020-12-16 00:00:00,4,-30.3,-33.53142989489065,5.8,6.116349932278318
2020-12-16 00:00:00,8,-33.3,-33.64848536768359,4.2,6.46876505271771
2020-12-16 03:00:00,1,-34.4,-32.16009747916347,4.5,4.767129025235176
2020-12-16 03:00:00,2,-32.1,-31.65438792149686,5.8,5.442918440820572
2020-12-16 03:00:00,4,-30.1,-31.231335678372254,6.7,5.973206630005986
2020-12-16 03:00:00,8,-32.7,-31.358531482094435,4.0,6.406116637043764
2020-12-16 06:00:00,1,-32.1,-30.002682632636212,5.8,5.793247889870674
2020-12-16 06:00:00,2,-30.3,-29.584374168027885,5.8,6.153249189433248
2020-12-16 06:00:00,4,-31.0,-29.337726505220967,3.8,5.354897093678508
2020-12-16 06:00:00,8,-33.0,-29.40638880853876,5.4,6.702655642005968
2020-12-16 09:00:00,1,-30.3,-30.081024146249828,5.8,6.396680035078423
2020-12-16 09:00:00,2,-30.1,-29.930955318108175,6.7,5.907924838256415
2020-12-16 09:00:00,4,-33.9,-30.012511707137893,4.0,5.072903935079449
2020-12-16 09:00:00,8,-29.9,-29.95402143679289,6.5,7.86698644057067
2020-12-16 12:00:00,1,-30.1,-30.368870055648607,6.7,5.010666511200898
2020-12-16 12:00:00,2,-31.0,-30.42230240904582,3.8,4.181850581715371
2020-12-16 12:00:00,4,-33.3,-30.59146307241292,4.2,4.727808712882831
2020-12-16 12:00:00,8,-28.95,-30.200620105532504,6.7,9.042751854146514
2020-12-16 15:00:00,1,-31.0,-32.0140576925563,3.8,5.162113148752104
2020-12-16 15:00:00,2,-33.9,-32.066145591106704,4.0,4.303302336345402
2020-12-16 15:00:00,4,-32.7,-31.867170596785225,4.0,4.960561556591157
2020-12-16 15:00:00,8,-27.999999999999996,-31.19005817667152,7.0,9.12141700612493
2020-12-16 18:00:00,1,-33.9,-32.217083343441956,4.0,3.671488123094415
2020-12-16 18:00:00,2,-33.3,-32.07695166495044,4.2,3.5324172480383313
2020-12-16 18:00:00,4,-33.0,-31.55078564318386,5.4,4.839624714748895
2020-12-16 18:00:00,8,-29.4,-30.92151016578125,5.8,7.23444212769509
2020-12-16 21:00:00,1,-33.3,-30.967060238350985,4.2,3.6380663734674727
2020-12-16 21:00:00,2,-32.7,-30.66578851350987,4.0,3.4095951852843123
2020-12-16 21:00:00,4,-29.9,-30.20479612926889,6.5,4.960095431750039
2020-12-16 21:00:00,8,-32.0,-30.41889732136843,6.6,5.6408733748903765
2020-12-17 00:00:00,1,-32.7,-29.65066314108556,4.0,4.655700447653665
2020-12-17 00:00:00,2,-33.0,-29.13620381939986,5.4,5.087994286919314
2020-12-17 00:00:00,4,-28.95,-28.5789208008895,6.7,6.540625272561281
2020-12-17 00:00:00,8,-34.3,-29.00726296228059,6.4,5.945846562804766
2020-12-17 03:00:00,1,-33.0,-28.68473357623894,5.4,5.040416707906574
2020-12-17 03:00:00,2,-29.9,-28.252543939562777,6.5,5.84487588153849
2020-12-17 03:00:00,4,-27.999999999999996,-27.839460548131857,7.0,5.672093608414814
2020-12-17 03:00:00,8,-34.4,-28.045051182540895,6.3,5.638043354063658
2020-12-17 06:00:00,1,-29.9,-31.07597260895818,6.5,6.479799979807433
2020-12-17 06:00:00,2,-28.95,-30.780238654724005,6.7,6.809646595928491
2020-12-17 06:00:00,4,-29.4,-30.591376612294155,5.8,5.7480441243933456
2020-12-17 06:00:00,8,-32.7,-30.57661210601293,7.4,6.7958168393178315
2020-12-17 09:00:00,1,-28.95,-30.766273904541364,6.7,7.112443894742407
2020-12-17 09:00:00,2,-27.999999999999996,-30.600086028257824,7.0,6.862287457360877
2020-12-17 09:00:00,4,-32.0,-30.792974230218196,6.6,5.975807374143525
2020-12-17 09:00:00,8,-31.2,-30.971461058396162,7.5,7.256471031991446
2020-12-17 12:00:00,1,-27.999999999999996,-29.423115959515968,7.0,6.686035321487193
2020-12-17 12:00:00,2,-29.4,-29.61213074815564,5.8,5.824377052561363
2020-12-17 12:00:00,4,-34.3,-30.1598728925602,6.4,6.073373029974684
2020-12-17 12:00:00,8,-30.1,-30.160785046813178,8.4,8.269108747224157
2020-12-17 15:00:00,1,-29.4,-30.793675998182177,5.8,5.793267724970296
2020-12-17 15:00:00,2,-32.0,-30.84764296331376,6.6,5.088161605582255
2020-12-17 15:00:00,4,-34.4,-30.859640745794483,6.3,5.771992127898294
2020-12-17 15:00:00,8,-29.5,-30.583606729621078,8.1,7.763847335026361
2020-12-17 18:00:00,1,-32.0,-31.16305379957703,6.6,5.738869857616553
2020-12-17 18:00:00,2,-34.3,-30.967665459182346,6.4,5.462217352910886
2020-12-17 18:00:00,4,-32.7,-30.507105375535193,7.4,6.464677315950443
2020-12-17 18:00:00,8,-30.7,-30.142028965048937,6.7,6.972548216792061
2020-12-17 21:00:00,1,-34.3,-32.54104220344719,6.4,6.221953495630506
2020-12-17 21:00:00,2,-34.4,-32.17363136975426,6.3,6.179720302922377
2020-12-17 21:00:00,4,-31.2,-31.526370746646403,7.5,7.515682938832678
2020-12-17 21:00:00,8,-33.4,-31.482552758455938,6.0,6.467862662325228
2020-12-18 00:00:00,1,-34.4,-31.905857176926943,6.3,6.8712637997027315
2020-12-18 00:00:00,2,-32.7,-31.45934253957328,7.4,7.155407786926935
2020-12-18 00:00:00,4,-30.1,-30.902650331874487,8.4,8.009926273111397
2020-12-18 00:00:00,8,-35.4,-31.12557045608813,5.9,6.4392591689864105
2020-12-18 03:00:00,1,-32.7,-30.703852580796475,7.4,7.870724823647821
2020-12-18 03:00:00,2,-31.2,-30.33829775765305,7.5,8.277665993106256
2020-12-18 03:00:00,4,-29.5,-30.00428214483338,8.1,7.670770810129014
2020-12-18 03:00:00,8,-34.7,-30.17163290971432,5.7,6.352652725617386
2020-12-18 06:00:00,1,-31.2,-28.93629793779967,7.5,9.402645873546618
2020-12-18 06:00:00,2,-30.1,-28.914236197494617,8.4,9.434081733799204
2020-12-18 06:00:00,4,-30.7,-29.178688880759353,6.7,7.470915758827674
2020-12-18 06:00:00,8,-32.7,-29.45992779608245,6.1,6.227092492677741
2020-12-18 09:00:00,1,-30.1,-28.277363757656456,8.4,8.634112544223665
2020-12-18 09:00:00,2,-29.5,-28.21579550708339,8.1,7.702369190230117
2020-12-18 09:00:00,4,-33.4,-28.547932053321887,6.0,6.471683585010482
2020-12-18 09:00:00,8,-30.450000000000003,-28.68811848988862,6.0,7.098514536072354
2020-12-18 12:00:00,1,-29.5,-27.73949247681098,8.1,7.918001463675974
2020-12-18 12:00:00,2,-30.7,-27.838633412995666,6.7,6.499113181700701
2020-12-18 12:00:00,4,-35.4,-28.15281795657444,5.9,5.861044900220703
2020-12-18 12:00:00,8,-28.2,-28.140650135860145,6.3,7.059655443106383
2020-12-18 15:00:00,1,-30.7,-30.306167736517732,6.7,6.734482232393045
2020-12-18 15:00:00,2,-33.4,-30.45732452115385,6.0,5.724981875390872
2020-12-18 15:00:00,4,-34.7,-30.747794495157173,5.7,5.638534326099464
2020-12-18 15:00:00,8,-27.900000000000002,-30.7371310805094,6.2,6.172128578502525
2020-12-18 18:00:00,1,-33.4,-32.48417738333498,6.0,6.0203077400665155
2020-12-18 18:00:00,2,-35.4,-32.725509189839784,5.9,5.417214284516829
2020-12-18 18:00:00,4,-32.7,-33.00250435433347,6.1,5.512401861199756
2020-12-18 18:00:00,8,-29.2,-33.04059868266164,4.1,5.261528374302857
2020-12-18 21:00:00,1,-35.4,-32.98577864435824,5.9,5.977027979252523
2020-12-18 21:00:00,2,-34.7,-32.96029020134611,5.7,5.496007831441185
2020-12-18 21:00:00,4,-30.450000000000003,-32.91906025271069,6.0,5.805919106038895
2020-12-18 21:00:00,8,-32.3,-33.047841158610254,3.5,5.310693401127283
2020-12-19 00:00:00,1,-34.7,-31.589303626093987,5.7,6.271067335101068
2020-12-19 00:00:00,2,-32.7,-31.373022197999568,6.1,6.140778883628942
2020-12-19 00:00:00,4,-28.2,-31.241491860323265,6.3,6.5846702843155285
2020-12-19 00:00:00,8,-33.75,-31.641356940596886,3.7,6.321222410661466
2020-12-19 03:00:00,1,-32.7,-30.892903394485632,6.1,6.586593649136942
2020-12-19 03:00:00,2,-30.450000000000003,-30.826902621823844,6.0,6.545688981542208
2020-12-19 03:00:00,4,-27.900000000000002,-31.062699539725664,6.2,5.2776642278453805
2020-12-19 03:00:00,8,-35.2,-31.571949639255728,4.2,4.724180275976167
2020-12-19 06:00:00,1,-30.450000000000003,-30.289583244736487,6.0,6.8640817873944275
2020-12-19 06:00:00,2,-28.2,-30.221596771347045,6.3,6.526524862817068
2020-12-19 06:00:00,4,-29.2,-30.573807916160963,4.1,4.250267918810032
2020-12-19 06:00:00,8,-32.2,-31.05645135514286,4.2,4.020968381941949
2020-12-19 09:00:00,1,-28.2,-26.441239035468538,6.3,6.962694437892733
2020-12-19 09:00:00,2,-27.900000000000002,-26.583941461491353,6.2,5.835725715474141
2020-12-19 09:00:00,4,-32.3,-27.443559664303645,3.5,4.369486305206813
2020-12-19 09:00:00,8,-30.05,-27.956184590469533,4.3,5.556745679132182
2020-12-19 12:00:00,1,-27.900000000000002,-27.955723469836116,6.2,5.444398608469786
2020-12-19 12:00:00,2,-29.2,-28.096843675685516,4.1,4.4553935079940015
2020-12-19 12:00:00,4,-33.75,-28.470409028832588,3.7,4.710118470027993
2020-12-19 12:00:00,8,-27.900000000000002,-28.241304124123236,5.9,7.9527627956845475
2020-12-19 15:00:00,1,-29.2,-29.552023673589712,4.1,5.308654331558074
2020-12-19 15:00:00,2,-32.3,-29.57966353255713,3.5,4.782749592748809
2020-12-19 15:00:00,4,-35.2,-29.49594564055827,4.2,5.601503261508336
2020-12-19 15:00:00,8,-27.900000000000002,-28.96999000508069,6.0,8.776000903203782
2020-12-19 18:00:00,1,-32.3,-30.133208591932856,3.5,4.45821009214033
2020-12-19 18:00:00,2,-33.75,-30.160638064611277,3.7,4.540324471966729
2020-12-19 18:00:00,4,-32.2,-30.069303036149154,4.2,5.840366488943774
2020-12-19 18:00:00,8,-30.1,-29.78416765147368,4.7,7.737529357037541
2020-12-19 21:00:00,1,-33.75,-28.88570147629797,3.7,3.941331763303417
2020-12-19 21:00:00,2,-35.2,-28.604782463414303,4.2,4.069111287953998
2020-12-19 21:00:00,4,-30.05,-28.319092292976748,4.3,5.871681205792217
2020-12-19 21:00:00,8,-31.650000000000002,-28.647450532025186,4.5,6.078957143719888
2020-12-20 00:00:00,1,-35.2,-30.615438463346656,4.2,3.961828779395094
2020-12-20 00:00:00,2,-32.2,-30.32221329355867,4.2,4.293051962093953
2020-12-20 00:00:00,4,-27.900000000000002,-30.124585636087954,5.9,6.112014363406097
2020-12-20 00:00:00,8,-33.2,-30.762991302032226,4.9,6.025268647778434
2020-12-20 03:00:00,1,-32.2,-30.68599280226344,4.2,5.015055506873716
2020-12-20 03:00:00,2,-30.05,-30.50138747968082,4.3,5.6371787143446515
2020-12-20 03:00:00,4,-27.900000000000002,-30.498014094046976,6.0,5.4817547127579465
2020-12-20 03:00:00,8,-34.8,-31.049984138259184,4.8,5.719464731766973
2020-12-20 06:00:00,1,-30.05,-31.378081555949343,4.3,5.551398306898594
2020-12-20 06:00:00,2,-27.900000000000002,-31.375505044410126,5.9,5.894168236905651
2020-12-20 06:00:00,4,-30.1,-31.77646816819207,4.7,4.9855446110473505
2020-12-20 06:00:00,8,-33.6,-32.099010523251536,6.2,5.536658481792372
2020-12-20 09:00:00,1,-27.900000000000002,-28.65104439096188,5.9,5.127958920088413
2020-12-20 09:00:00,2,-27.900000000000002,-28.958290510009707,6.0,4.814014188646595
2020-12-20 09:00:00,4,-31.650000000000002,-29.899687016156552,4.5,4.8411024296707375
2020-12-20 09:00:00,8,-31.2,-30.26529227436926,7.699999999999999,7.176515105573111
2020-12-20 12:00:00,1,-27.900000000000002,-30.66006197164362,6.0,5.384361174404152
2020-12-20 12:00:00,2,-30.1,-30.9140601855476,4.7,4.604530902723888
2020-12-20 12:00:00,4,-33.2,-31.292916897963135,4.9,4.7491447750165845
2020-12-20 12:00:00,8,-31.366666666666667,-31.196629145697713,7.6,7.382672173257587
2020-12-20 15:00:00,1,-30.1,-30.56365461621391,4.7,4.969187798760651
2020-12-20 15:00:00,2,-31.650000000000002,-30.67806873237856,4.5,4.4169013643710375
2020-12-20 15:00:00,4,-34.8,-30.774170595388632,4.8,5.248297829653359
2020-12-20 15:00:00,8,-31.53333333333333,-30.48758988572779,7.9,7.572172449433662
2020-12-20 18:00:00,1,-31.650000000000002,-32.33622106409517,4.5,4.440066521282839
2020-12-20 18:00:00,2,-33.2,-32.23414624788037,4.9,4.308989997841859
2020-12-20 18:00:00,4,-33.6,-31.88342509911318,6.2,5.66479898392801
2020-12-20 18:00:00,8,-31.7,-31.596498548977273,4.4,6.501771511611335
2020-12-20 21:00:00,1,-33.2,-32.614412260231774,4.9,4.515143919636879
2020-12-20 21:00:00,2,-34.8,-32.438323259347584,4.8,4.638159821168555
2020-12-20 21:00:00,4,-31.2,-32.221328535273344,7.699999999999999,6.529770141052001
2020-12-20 21:00:00,8,-34.9,-32.60593196358284,4.0,5.389777223004172
2020-12-21 00:00:00,1,-34.8,-30.732106306607132,4.8,5.211281054865184
2020-12-21 00:00:00,2,-33.6,-30.455448336576637,6.2,5.652052692974123
2020-12-21 00:00:00,4,-31.366666666666667,-30.218007235416287,7.6,6.6198483666968055
2020-12-21 00:00:00,8,-35.95,-30.823112786617944,3.7,5.335725936692211
2020-12-21 03:00:00,1,-33.6,-31.062944510062163,6.2,5.9170193380734375
2020-12-21 03:00:00,2,-31.2,-30.77922418933049,7.699999999999999,6.5441444031393825
2020-12-21 03:00:00,4,-31.53333333333333,-30.71387907256934,7.9,6.111965308858643
2020-12-21 03:00:00,8,-37.0,-31.238435495124897,3.7,5.171347027468082
2020-12-21 06:00:00,1,-31.2,-31.659483304496117,7.699999999999999,7.23461147252412
2020-12-21 06:00:00,2,-31.366666666666667,-31.501210852085578,7.6,7.065558411410027
2020-12-21 06:00:00,4,-31.7,-31.6622514692986,4.4,5.360395468605992
2020-12-21 06:00:00,8,-35.0,-31.99042237808971,3.8,5.412004904858032
2020-12-21 09:00:00,1,-31.366666666666667,-31.763414131260426,7.6,7.872926306425226
2020-12-21 09:00:00,2,-31.53333333333333,-31.802803920368106,7.9,6.82123839877212
2020-12-21 09:00:00,4,-34.9,-32.36402952029418,4.0,5.342843005045301
2020-12-21 09:00:00,8,-33.0,-32.73789027884703,4.9,6.0981120913774625
2020-12-21 12:00:00,1,-31.53333333333333,-31.362089315981645,7.9,7.488763935997246
2020-12-21 12:00:00,2,-31.7,-31.75147398885888,4.4,6.320909314680336
2020-12-21 12:00:00,4,-35.95,-32.52845649215887,3.7,5.789100221243259
2020-12-21 12:00:00,8,-31.4,-32.76253429469922,4.4,6.964709939951101
2020-12-21 15:00:00,1,-31.7,-31.87479637926036,4.4,6.668877960314134
2020-12-21 15:00:00,2,-34.9,-32.19746410149203,4.0,5.392840572852251
2020-12-21 15:00:00,4,-37.0,-32.74392519513688,3.7,5.458403895048069
2020-12-21 15:00:00,8,-30.7,-32.74334879434511,3.7,7.477708320685336
2020-12-21 18:00:00,1,-34.9,-36.15543685935095,4.0,3.903833454147805
2020-12-21 18:00:00,2,-35.95,-36.36964036259103,3.7,3.477777627077904
2020-12-21 18:00:00,4,-35.0,-36.73531190689479,3.8,4.4719882348358455
2020-12-21 18:00:00,8,-31.8,-36.859055069874266,2.6,4.861129375229436
2020-12-21 21:00:00,1,-35.95,-33.91132845173731,3.7,3.4302480162143505
2020-12-21 21:00:00,2,-37.0,-33.95636840960633,3.7,3.4889748607355027
2020-12-21 21:00:00,4,-33.0,-34.141769165281595,4.9,5.380413136456803
2020-12-21 21:00:00,8,-35.1,-34.811192398833064,2.6,3.97108734534528
2020-12-22 00:00:00,1,-37.0,-33.903645029183,3.7,4.137991177439037
2020-12-22 00:00:00,2,-35.0,-33.75134697097917,3.8,4.427679075007598
2020-12-22 00:00:00,4,-31.4,-33.82781374101755,4.4,5.168231850424218
2020-12-22 00:00:00,8,-36.5,-34.43520616236056,2.4,4.071140493293556
2020-12-22 03:00:00,1,-35.0,-33.057193261456746,3.8,5.096924987203974
2020-12-22 03:00:00,2,-33.0,-32.95536197457646,4.9,5.759102938914872
2020-12-22 03:00:00,4,-30.7,-33.124437618826775,3.7,4.457957514541111
2020-12-22 03:00:00,8,-35.6,-33.67988191881139,2.5,3.5479622475548154
2020-12-22 06:00:00,1,-33.0,-36.71183654364792,4.9,4.931094916497821
2020-12-22 06:00:00,2,-31.4,-36.78603805857463,4.4,4.969447361300866
2020-12-22 06:00:00,4,-31.8,-37.056587621214334,2.6,3.265933077852511
2020-12-22 06:00:00,8,-32.7,-37.02745344319425,2.3,4.267239992426136
2020-12-22 09:00:00,1,-31.4,-35.57531684147061,4.4,5.234802390447618
2020-12-22 09:00:00,2,-30.7,-35.81428972773509,3.7,4.520282810043794
2020-12-22 09:00:00,4,-35.1,-36.28577548839027,2.6,3.585724044947443
2020-12-22 09:00:00,8,-31.3,-35.90611181486626,2.6,6.661373680957133
2020-12-22 12:00:00,1,-30.7,-35.705545954359486,3.7,3.674957346002501
2020-12-22 12:00:00,2,-31.8,-35.95143853212918,2.6,2.968667639026731
2020-12-22 12:00:00,4,-36.5,-36.179134136902654,2.4,3.511381505042303
2020-12-22 12:00:00,8,-29.7,-35.428880779319094,2.6,8.143991924737353
2020-12-22 15:00:00,1,-31.8,-35.83321728873488,2.6,2.9709404641785824
2020-12-22 15:00:00,2,-35.1,-35.9910920245991,2.6,2.5273830609759536
2020-12-22 15:00:00,4,-35.6,-35.83807346540556,2.5,3.35009265906655
2020-12-22 15:00:00,8,-29.5,-34.962653234886844,2.4,7.025694979905129
2020-12-22 18:00:00,1,-35.1,-34.25537055632985,2.6,2.8913593251668153
2020-12-22 18:00:00,2,-36.5,-34.2703713869357,2.4,3.077347935587225
2020-12-22 18:00:00,4,-32.7,-34.15422806839573,2.3,4.108129221677427
2020-12-22 18:00:00,8,-30.8,-33.929302069426726,2.3,5.013822211566572
2020-12-22 21:00:00,1,-36.5,-34.61226639857888,2.4,2.916871582213731
2020-12-22 21:00:00,2,-35.6,-34.44136932782657,2.5,3.0702529417804882
2020-12-22 21:00:00,4,-31.3,-34.17763570454957,2.6,4.174328066863555
2020-12-22 21:00:00,8,-32.6,-34.48176781831985,2.3,4.139072083728117
2020-12-23 00:00:00,1,-35.6,-33.825474994804935,2.5,3.068112190665636
2020-12-23 00:00:00,2,-32.7,-33.61259144937801,2.3,3.3443723922920845
2020-12-23 00:00:00,4,-29.7,-33.54324611112197,2.6,4.530342724682742
2020-12-23 00:00:00,8,-34.400000000000006,-34.2340999261115,2.8,4.386905201766016
2020-12-23 03:00:00,1,-32.7,-32.42013925536918,2.3,3.9609706447356396
2020-12-23 03:00:00,2,-31.3,-32.25691407915534,2.6,4.70625329160971
2020-12-23 03:00:00,4,-29.5,-32.36172103512314,2.4,4.232482659429584
2020-12-23 03:00:00,8,-36.2,-32.937667911271056,2.8,3.2121466594367125
2020-12-23 06:00:00,1,-31.3,-33.46408610838404,2.6,3.723359547953963
2020-12-23 06:00:00,2,-29.7,-33.6530735179861,2.6,4.220504711985249
2020-12-23 06:00:00,4,-30.8,-34.239327881292866,2.3,3.1503407289551815
2020-12-23 06:00:00,8,-35.0,-34.645312896973124,3.4,2.9181826716347152
2020-12-23 09:00:00,1,-29.7,-31.78231719522657,2.6,3.076682659947483
2020-12-23 09:00:00,2,-29.5,-32.37267120916482,2.4,3.071461123292143
2020-12-23 09:00:00,4,-32.6,-33.62988491413313,2.3,2.8059699677762104
2020-12-23 09:00:00,8,-33.3,-34.05740138139001,4.7,3.782579770583153
2020-12-23 12:00:00,1,-29.5,-32.012174302969186,2.4,2.28926322321506
2020-12-23 12:00:00,2,-30.8,-32.716530306505966,2.3,2.1319592594174046
2020-12-23 12:00:00,4,-34.400000000000006,-34.07590672880983,2.8,2.4440183767112833
2020-12-23 12:00:00,8,-31.1,-34.64313121997627,5.7,3.8059864811510375
2020-12-23 15:00:00,1,-30.8,-33.93912537992048,2.3,2.0258757079824283
2020-12-23 15:00:00,2,-32.6,-34.73976337171477,2.3,2.0069991982018074
2020-12-23 15:00:00,4,-36.2,-36.25511096626803,2.8,2.153992322686263
2020-12-23 15:00:00,8,-30.5,-37.105454880340716,5.4,2.8671293113341756
2020-12-23 18:00:00,1,-32.6,-37.07020941292588,2.3,2.0917534058432246
2020-12-23 18:00:00,2,-34.400000000000006,-37.83096911594145,2.8,2.099522046554867
2020-12-23 18:00:00,4,-35.0,-39.04385039501264,3.4,1.851171456361506
2020-12-23 18:00:00,8,-32.4,-39.97012358538539,4.2,2.4254076146094694
2020-12-23 21:00:00,1,-34.400000000000006,-37.112874599532795,2.8,2.158559514334717
2020-12-23 21:00:00,2,-36.2,-37.54889441947028,2.8,2.0079539489916787
2020-12-23 21:00:00,4,-33.3,-38.06513193759859,4.7,2.440643103925601
2020-12-23 21:00:00,8,-34.0,-38.739248514597065,4.1,3.1645716931118257
2020-12-24 00:00:00,1,-36.2,-38.10451019869044,2.8,2.3943995953229233
2020-12-24 00:00:00,2,-35.0,-38.40029314699191,3.4,2.1623111208116153
2020-12-24 00:00:00,4,-31.1,-38.806585096093784,5.7,2.7678915352768145
2020-12-24 00:00:00,8,-35.6,-39.54168487686168,4.0,3.12416053026051
2020-12-24 03:00:00,1,-35.0,-35.275669125860304,3.4,2.410421557003101
2020-12-24 03:00:00,2,-33.3,-35.32403059329191,4.7,2.7010981703036276
2020-12-24 03:00:00,4,-30.5,-35.54185677550828,5.4,3.1742296004023864
2020-12-24 03:00:00,8,-37.2,-36.13326272089151,3.9,3.389564573964594
2020-12-24 06:00:00,1,-33.3,-34.73956451344161,4.7,3.8432908648837323
2020-12-24 06:00:00,2,-31.1,-34.94431936670257,5.7,3.7770722912383023
2020-12-24 06:00:00,4,-32.4,-35.75958496959004,4.2,2.7088129043332323
2020-12-24 06:00:00,8,-35.2,-36.5458648176613,4.5,3.158380049460456
2020-12-24 09:00:00,1,-31.1,-34.51173633648603,5.7,5.047449530406431
2020-12-24 09:00:00,2,-30.5,-35.06894009988752,5.4,4.405325397615011
2020-12-24 09:00:00,4,-34.0,-36.781788543737306,4.1,2.983556973862362
2020-12-24 09:00:00,8,-32.7,-38.07257183081839,5.5,3.2544498081951208
2020-12-24 12:00:00,1,-30.5,-34.22017264198033,5.4,5.165366958212681
2020-12-24 12:00:00,2,-32.4,-34.86908753536056,4.2,4.2863189055351585
2020-12-24 12:00:00,4,-35.6,-36.5208288492707,4.0,3.7967413918713606
2020-12-24 12:00:00,8,-30.7,-37.44983417939644,5.6,4.518727354328273
2020-12-24 15:00:00,1,-32.4,-36.36951787742278,4.2,4.2693477916819385
2020-12-24 15:00:00,2,-34.0,-37.01791256908845,4.1,3.5744341475163073
2020-12-24 15:00:00,4,-37.2,-38.414945255118745,3.9,3.7552795152717198
2020-12-24 15:00:00,8,-30.4,-38.97943760653219,5.2,5.226968592500121
2020-12-24 18:00:00,1,-34.0,-38.99865624993183,4.1,3.7730662676166555
2020-12-24 18:00:00,2,-35.6,-39.47658328943505,4.0,3.5423972624171087
2020-12-24 18:00:00,4,-35.2,-40.3719786893926,4.5,3.9187396914742427
2020-12-24 18:00:00,8,-32.1,-40.89341894516764,3.0,3.9952002414458776
2020-12-24 21:00:00,1,-35.6,-37.84039326888691,4.0,4.2049471155809
2020-12-24 21:00:00,2,-37.2,-38.097084715490446,3.9,3.894535751199977
2020-12-24 21:00:00,4,-32.7,-38.73007941900197,5.5,4.071646128373437
2020-12-24 21:00:00,8,-35.0,-39.50740920377899,3.0,3.61952780686267
2020-12-25 00:00:00,1,-37.2,-37.894121027689906,3.9,4.438481526198526
2020-12-25 00:00:00,2,-35.2,-38.228728892323126,4.5,4.29462597322525
2020-12-25 00:00:00,4,-30.7,-38.9652725570744,5.6,4.262350000527381
2020-12-25 00:00:00,8,-36.9,-39.89144487730859,2.6,3.9948052990187257
2020-12-25 03:00:00,1,-35.2,-38.09116219735499,4.5,4.1788860341242815
2020-12-25 03:00:00,2,-32.7,-38.45651239821734,5.5,4.031039040593193
2020-12-25 03:00:00,4,-30.4,-39.33265889373368,5.2,3.1580614881628972
2020-12-25 03:00:00,8,-34.733333333333334,-40.119982027238045,1.9,4.171478850779138
2020-12-25 06:00:00,1,-32.7,-37.42943679637763,5.5,5.261226262274743
2020-12-25 06:00:00,2,-30.7,-37.785029972837265,5.6,4.944878497849683
2020-12-25 06:00:00,4,-32.1,-38.689265919938606,3.0,3.4236342235240493
2020-12-25 06:00:00,8,-32.56666666666666,-39.24659937351825,1.1,4.178172876980613
2020-12-25 09:00:00,1,-30.7,-34.81461621953619,5.6,5.993591780401408
2020-12-25 09:00:00,2,-30.4,-35.34324923669155,5.2,5.32183379549403
2020-12-25 09:00:00,4,-35.0,-36.627993284476844,3.0,3.8258964422780948
2020-12-25 09:00:00,8,-30.4,-37.27744134858948,2.0,4.250589865937767
2020-12-25 12:00:00,1,-30.4,-33.6549857276128,5.2,4.996249486344977
2020-12-25 12:00:00,2,-32.1,-34.5722252765765,3.0,4.139953519297611
2020-12-25 12:00:00,4,-36.9,-36.620399204045256,2.6,3.5087651647578846
2020-12-25 12:00:00,8,-53.29175178959221,-37.65681970372157,1.1,3.8381104647320443
2020-12-25 15:00:00,1,-32.1,-35.62890770508555,3.0,4.028366740800567
2020-12-25 15:00:00,2,-35.0,-36.69059041046322,3.0,3.3708606748728207
2020-12-25 15:00:00,4,-34.733333333333334,-38.69884858310181,1.9,2.947466743499273
2020-12-25 15:00:00,8,-53.29175178959221,-39.86197638682927,0.2999999999999998,2.879334829222561
2020-12-25 18:00:00,1,-35.0,-39.39558168616741,3.0,2.740807613185654
2020-12-25 18:00:00,2,-36.9,-40.389968158103784,2.6,2.5806076715230217
2020-12-25 18:00:00,4,-32.56666666666666,-42.15157794743446,1.1,2.410026454615468
2020-12-25 18:00:00,8,-53.29175178959221,-43.28458160478197,0.0,2.4368121570502144
2020-12-25 21:00:00,1,-36.9,-39.75117053962111,2.6,2.980040029410831
2020-12-25 21:00:00,2,-34.733333333333334,-40.36281679880739,1.9,2.5631027695452966
2020-12-25 21:00:00,4,-30.4,-41.398080173894215,2.0,2.5943878403846274
2020-12-25 21:00:00,8,-53.29175178959221,-42.25410667927279,0.0,2.4378863449991
2020-12-26 00:00:00,1,-34.733333333333334,-41.33856823314579,1.9,2.7203705289541253
2020-12-26 00:00:00,2,-32.56666666666666,-42.03869705737592,1.1,2.2164170069676974
2020-12-26 00:00:00,4,-53.29175178959221,-42.97941989509739,1.1,1.7106560915084519
2020-12-26 00:00:00,8,-53.29175178959221,-43.51925742314379,0.20000000000000018,2.536251589953733
2020-12-26 03:00:00,1,-32.56666666666666,-38.35244035325905,1.1,3.1135553103424365
2020-12-26 03:00:00,2,-30.4,-39.111486704921084,2.0,2.957981905666643
2020-12-26 03:00:00,4,-53.29175178959221,-40.56975837257214,0.2999999999999998,2.0754184548222376
2020-12-26 03:00:00,8,-53.29175178959221,-41.55458235537303,1.4,2.487957601267548
2020-12-26 06:00:00,1,-30.4,-35.971995866367706,2.0,2.0248781944240175
2020-12-26 06:00:00,2,-53.29175178959221,-36.95115815239142,1.1,2.047542568390523
2020-12-26 06:00:00,4,-53.29175178959221,-38.77558914351628,0.0,2.1574309398223512
2020-12-26 06:00:00,8,-53.29175178959221,-39.94435558798924,1.1,3.2172341492091228
2020-12-26 09:00:00,1,-53.29175178959221,-40.01460443448639,1.1,1.9872158191352411
2020-12-26 09:00:00,2,-53.29175178959221,-40.67769374383728,0.2999999999999998,1.8414257041068935
2020-12-26 09:00:00,4,-53.29175178959221,-41.45456817198881,0.0,2.304106702712855
2020-12-26 09:00:00,8,-53.29175178959221,-41.32147146516086,1.5,4.566417652159832
2020-12-26 12:00:00,1,-53.29175178959221,-52.169535971482524,0.2999999999999998,0.4716506217602605
2020-12-26 12:00:00,2,-53.29175178959221,-51.89751005728359,0.0,0.8009766198364003
2020-12-26 12:00:00,4,-53.29175178959221,-50.25869759325814,0.20000000000000018,2.209150642165839
2020-12-26 12:00:00,8,-53.29175178959221,-48.07103539468169,1.0,4.468504135603043
2020-12-26 15:00:00,1,-53.29175178959221,-51.97195631739025,0.0,0.34402881814377073
2020-12-26 15:00:00,2,-53.29175178959221,-51.36653928460448,0.0,0.793273776202537
2020-12-26 15:00:00,4,-53.29175178959221,-48.56972006769858,1.4,2.016291515813447
2020-12-26 15:00:00,8,-53.29175178959221,-45.9463003115449,1.5999999999999999,3.89613229009899
2020-12-26 18:00:00,1,-53.29175178959221,-51.12157714380038,0.0,1.115335009081627
2020-12-26 18:00:00,2,-53.29175178959221,-50.03125470420681,0.20000000000000018,1.7429614969347915
2020-12-26 18:00:00,4,-53.29175178959221,-45.79193009249465,1.1,2.1587394165554823
2020-12-26 18:00:00,8,-53.29175178959221,-42.565860252512266,0.8999999999999999,2.6219232242728303
2020-12-26 21:00:00,1,-53.29175178959221,-49.91709636589351,0.20000000000000018,1.3541628319306427
2020-12-26 21:00:00,2,-53.29175178959221,-49.15655443430207,1.4,1.6846915195419294
2020-12-26 21:00:00,4,-53.29175178959221,-46.407703381350025,1.5,1.8900589156527439
2020-12-26 21:00:00,8,-53.29175178959221,-44.78392831335565,2.0,2.553353391519785
2020-12-27 00:00:00,1,-53.29175178959221,-47.531095555494744,1.4,1.5918602673818434
2020-12-27 00:00:00,2,-53.29175178959221,-47.008894090424064,1.1,1.8988917201231401
2020-12-27 00:00:00,4,-53.29175178959221,-45.45943905976922,1.0,2.702263802327384
2020-12-27 00:00:00,8,-53.29175178959221,-45.065893493676384,2.5,3.222786137557762
2020-12-27 03:00:00,1,-53.29175178959221,-44.70921019921931,1.1,1.9298945140339792
2020-12-27 03:00:00,2,-53.29175178959221,-44.2422585512924,1.5,2.185583131324607
2020-12-27 03:00:00,4,-53.29175178959221,-43.22081222368533,1.5999999999999999,3.0719835542225105
2020-12-27 03:00:00,8,-37.2,-43.255283873037214,2.0,3.4874391668043834
2020-12-27 06:00:00,1,-53.29175178959221,-43.909477877169095,1.5,1.473011762936884
2020-12-27 06:00:00,2,-53.29175178959221,-43.456694881204925,1.0,2.4007520525776807
2020-12-27 06:00:00,4,-53.29175178959221,-42.61020276542324,0.8999999999999999,3.457450722292562
2020-12-27 06:00:00,8,-35.13333333333333,-42.536695813450606,1.4,2.4687336573225798
2020-12-27 09:00:00,1,-53.29175178959221,-45.05832463077943,1.0,1.719721798438926
2020-12-27 09:00:00,2,-53.29175178959221,-44.7328736132245,1.5999999999999999,2.342425769095569
2020-12-27 09:00:00,4,-53.29175178959221,-43.83316961734846,2.0,2.8021678671075323
2020-12-27 09:00:00,8,-33.06666666666667,-43.32116071952878,2.5,2.0624729597495657
2020-12-27 12:00:00,1,-53.29175178959221,-48.087960323180575,1.5999999999999999,1.0118102921382137
2020-12-27 12:00:00,2,-53.29175178959221,-47.8727618080737,0.8999999999999999,1.7806507455843459
2020-12-27 12:00:00,4,-53.29175178959221,-47.0146775518685,2.5,2.4326744059726098
2020-12-27 12:00:00,8,-31.0,-46.395467833542696,3.9,2.3078263170935887
2020-12-27 15:00:00,1,-53.29175178959221,-49.64737357813951,0.8999999999999999,1.44570544245722
2020-12-27 15:00:00,2,-53.29175178959221,-49.326150280266965,2.0,1.817997038963016
2020-12-27 15:00:00,4,-37.2,-48.26572556961734,2.0,2.0045643864030427
2020-12-27 15:00:00,8,-31.3,-47.71759399442784,5.0,1.7673224117609045
2020-12-27 18:00:00,1,-53.29175178959221,-50.65127498614605,2.0,0.897896035325036
2020-12-27 18:00:00,2,-53.29175178959221,-50.24841334225621,2.5,1.3555037273212203
2020-12-27 18:00:00,4,-35.13333333333333,-48.94720638723168,1.4,1.7810143890774164
2020-12-27 18:00:00,8,-33.75,-48.34223160695966,1.9,1.8778510516773064
2020-12-27 21:00:00,1,-53.29175178959221,-51.05995197364912,2.5,1.8653970618420428
2020-12-27 21:00:00,2,-37.2,-50.85952192757892,2.0,1.5111450618812028
2020-12-27 21:00:00,4,-33.06666666666667,-50.069365784183,2.5,1.264031499406205
2020-12-27 21:00:00,8,-36.2,-49.812586616583964,2.5,1.807267103190061
2020-12-28 00:00:00,1,-37.2,-50.532564342454485,2.0,1.761336903849155
2020-12-28 00:00:00,2,-35.13333333333333,-50.35559705086383,1.4,1.3320351786974576
2020-12-28 00:00:00,4,-31.0,-49.57604199878007,3.9,1.7066540935589054
2020-12-28 00:00:00,8,-36.7,-49.296517515561995,2.2,2.559892895896785
2020-12-28 03:00:00,1,-35.13333333333333,-38.804932266823386,1.4,2.058596157536343
2020-12-28 03:00:00,2,-33.06666666666667,-38.69833558639713,2.5,2.4760441712171453
2020-12-28 03:00:00,4,-31.3,-38.93451725182746,5.0,3.577426301620379
2020-12-28 03:00:00,8,-37.2,-39.55308896652687,2.2,4.353356690123042
2020-12-28 06:00:00,1,-33.06666666666667,-34.076552297696615,2.5,2.3484944564573462
2020-12-28 06:00:00,2,-31.0,-34.21496774283062,3.9,2.639194690588875
2020-12-28 06:00:00,4,-33.75,-35.24982763736321,1.9,3.3470678063741897
2020-12-28 06:00:00,8,-34.7,-36.36127822810441,2.1,4.584641629819017
2020-12-28 09:00:00,1,-31.0,-32.47668417304195,3.9,3.097143578290654
2020-12-28 09:00:00,2,-31.3,-32.9813259482418,5.0,2.9671794200333155
2020-12-28 09:00:00,4,-36.2,-34.386549289523174,2.5,3.3325183875603073
2020-12-28 09:00:00,8,-33.0,-35.33373141861742,4.5,4.76581169735544
2020-12-28 12:00:00,1,-31.3,-32.90711146429727,5.0,3.6657203480571456
2020-12-28 12:00:00,2,-33.75,-33.20971611596936,1.9,3.2307507831785727
2020-12-28 12:00:00,4,-36.7,-33.75088008633783,2.2,3.5209408766766765
2020-12-28 12:00:00,8,-32.1,-33.62467136897156,4.5,5.532579276250749
2020-12-28 15:00:00,1,-33.75,-35.69464333338313,1.9,4.113611067355225
2020-12-28 15:00:00,2,-36.2,-35.83663678643207,2.5,3.302459787047605
2020-12-28 15:00:00,4,-37.2,-35.814896389568425,2.2,3.41620051339917
2020-12-28 15:00:00,8,-32.3,-35.21426370851091,5.2,5.403949508324435
2020-12-28 18:00:00,1,-36.2,-37.19104319290888,2.5,2.3503404004060418
2020-12-28 18:00:00,2,-36.7,-37.0996000892983,2.2,2.5323370370670366
2020-12-28 18:00:00,4,-34.7,-37.02347195472509,2.1,3.195507810162242
2020-12-28 18:00:00,8,-33.2,-37.12677018162043,3.1,3.5907501432203173
2020-12-28 21:00:00,1,-36.7,-35.43887268704445,2.2,2.709610840531737
2020-12-28 21:00:00,2,-37.2,-35.20280918377644,2.2,2.713502145828554
2020-12-28 21:00:00,4,-33.0,-34.94078458884704,4.5,4.166283760923295
2020-12-28 21:00:00,8,-35.03333333333334,-35.404207943427316,3.2,4.048654261982526
2020-12-29 00:00:00,1,-37.2,-36.98639353279241,2.2,2.871631292426614
2020-12-29 00:00:00,2,-34.7,-36.67207497602955,2.1,3.2762714836885722
2020-12-29 00:00:00,4,-32.1,-36.51437316040286,4.5,4.782252755495373
2020-12-29 00:00:00,8,-36.86666666666667,-37.40252032040388,3.5,3.3995496670886376
2020-12-29 03:00:00,1,-34.7,-34.10020634518894,2.1,3.8101365758457457
2020-12-29 03:00:00,2,-33.0,-33.86534319656978,4.5,4.622100002174584
2020-12-29 03:00:00,4,-32.3,-34.025231012199264,5.2,4.796539145958622
2020-12-29 03:00:00,8,-38.7,-35.00769607475982,2.3,3.3449282016427837
2020-12-29 06:00:00,1,-33.0,-33.76292974488982,4.5,4.343375316080178
2020-12-29 06:00:00,2,-32.1,-33.676828435616976,4.5,4.967306023664251
2020-12-29 06:00:00,4,-33.2,-34.0566174763132,3.1,3.9176928034474177
2020-12-29 06:00:00,8,-34.7,-34.81015487740788,3.3,3.19688187069251
2020-12-29 09:00:00,1,-32.1,-34.2547221054391,4.5,5.946338387963135
2020-12-29 09:00:00,2,-32.3,-34.333579497761356,5.2,5.662757248350788
2020-12-29 09:00:00,4,-35.03333333333334,-34.67947328989746,3.2,3.8888057001761016
2020-12-29 09:00:00,8,-32.75,-34.88984228687028,2.2,3.8353627169126296
2020-12-29 12:00:00,1,-32.3,-33.253198350698625,5.2,4.671945287603789
2020-12-29 12:00:00,2,-33.2,-33.31327804622694,3.1,4.07794921115978
2020-12-29 12:00:00,4,-36.86666666666667,-33.44958674646703,3.5,3.51162387183083
2020-12-29 12:00:00,8,-30.8,-33.171473364437304,2.5,4.325193994549212
2020-12-29 15:00:00,1,-33.2,-37.44320557029107,3.1,3.9398445573930467
2020-12-29 15:00:00,2,-35.03333333333334,-37.33403670133154,3.2,3.314560504160972
2020-12-29 15:00:00,4,-38.7,-36.77531268084175,2.3,3.426277677109967
2020-12-29 15:00:00,8,-30.6,-36.11502539983985,2.7,4.274804097002966
2020-12-29 18:00:00,1,-35.03333333333334,-36.29388688853247,3.2,2.9571798638157976
2020-12-29 18:00:00,2,-36.86666666666667,-36.051034824939364,3.5,2.991860682382357
2020-12-29 18:00:00,4,-34.7,-35.41198070810435,3.3,3.6048467539031104
2020-12-29 18:00:00,8,-32.55,-35.20073558192804,1.5,3.4476608742654027
2020-12-29 21:00:00,1,-36.86666666666667,-36.542955434664826,3.5,2.8760867250191327
2020-12-29 21:00:00,2,-38.7,-36.177628289834146,2.3,2.897692160602592
2020-12-29 21:00:00,4,-32.75,-35.465630652800456,2.2,4.324453004281881
2020-12-29 21:00:00,8,-34.5,-35.72885992538466,2.0,3.139508285174099
2020-12-30 00:00:00,1,-38.7,-37.0554621986684,2.3,3.2575789817810574
2020-12-30 00:00:00,2,-34.7,-36.71143738609962,3.3,3.4633688068616446
2020-12-30 00:00:00,4,-30.8,-36.22897983637307,2.5,4.53022563361078
2020-12-30 00:00:00,8,-34.025,-36.79569421283879,2.5,3.1132865234144935
2020-12-30 03:00:00,1,-34.7,-34.942912948770655,3.3,3.2479633840376745
2020-12-30 03:00:00,2,-32.75,-34.59407518959058,2.2,3.7196651006888786
2020-12-30 03:00:00,4,-30.6,-34.34265348722582,2.7,3.850715750522086
2020-12-30 03:00:00,8,-33.55,-34.94123129946066,1.4,3.2316352846572824
2020-12-30 06:00:00,1,-32.75,-33.35882955979865,2.2,4.775419137114301
2020-12-30 06:00:00,2,-30.8,-33.30985998953173,2.5,4.842827976697533
2020-12-30 06:00:00,4,-32.55,-33.77241441991842,1.5,3.4322176362748023
2020-12-30 06:00:00,8,-33.075,-34.58682839063603,1.9,2.795004730135965
2020-12-30 09:00:00,1,-30.8,-30.191894838547064,2.5,3.1188894591762755
2020-12-30 09:00:00,2,-30.6,-30.523042857427672,2.7,2.7599023090621175
2020-12-30 09:00:00,4,-34.5,-31.443995868492365,2.0,2.7722334492481093
2020-12-30 09:00:00,8,-32.6,-31.987727704388178,3.8,4.531644056514397
2020-12-30 12:00:00,1,-30.6,-32.94446367660604,2.7,2.6405201231329727
2020-12-30 12:00:00,2,-32.55,-33.18052141586614,1.5,2.5394396023365324
2020-12-30 12:00:00,4,-34.025,-33.59440456339564,2.5,2.8521800979585565
2020-12-30 12:00:00,8,-30.8,-33.60948609011234,2.4,4.041935388586364
2020-12-30 15:00:00,1,-32.55,-36.4319089401261,1.5,2.3516511165859044
2020-12-30 15:00:00,2,-34.5,-36.896879930832284,2.0,2.4257256160453453
2020-12-30 15:00:00,4,-33.55,-37.31812083446875,1.4,2.737188720587678
2020-12-30 15:00:00,8,-30.4,-37.34485718519507,2.7,3.4693807549078706
2020-12-30 18:00:00,1,-34.5,-37.62095172345161,2.0,2.0416985721841416
2020-12-30 18:00:00,2,-34.025,-37.96742623938542,2.5,2.4163619560592586
2020-12-30 18:00:00,4,-33.075,-38.279325353824824,1.9,2.819101816809041
2020-12-30 18:00:00,8,-33.0,-38.64921759292633,2.0,2.720019202418078
2020-12-30 21:00:00,1,-34.025,-36.56170575242115,2.5,2.4278449857759274
2020-12-30 21:00:00,2,-33.55,-36.850737606449,1.4,2.695916517128173
2020-12-30 21:00:00,4,-32.6,-37.04934226326177,3.8,3.105600368990796
2020-12-30 21:00:00,8,-34.96666666666667,-37.699283150051365,2.1,2.8515830721239652
2020-12-31 00:00:00,1,-33.55,-36.84577479563185,1.4,3.0430297474306913
2020-12-31 00:00:00,2,-33.075,-37.48823976415217,1.9,2.844045840907914
2020-12-31 00:00:00,4,-30.8,-38.6563361427047,2.4,2.363631410117291
2020-12-31 00:00:00,8,-36.93333333333333,-39.87476672039868,2.4,2.535581568819727
2020-12-31 03:00:00,1,-33.075,-36.97150798234491,1.9,2.297734303718155
2020-12-31 03:00:00,2,-32.6,-37.618213819690695,3.8,2.5264202055217204
2020-12-31 03:00:00,4,-30.4,-38.97243721891612,2.7,2.3197273768668083
2020-12-31 03:00:00,8,-38.9,-40.24799055607662,2.3,2.7264055712947695
2020-12-31 06:00:00,1,-32.6,-37.94537314509225,3.8,2.62707672440366
2020-12-31 06:00:00,2,-30.8,-38.786127190991834,2.4,2.7151577368050703
2020-12-31 06:00:00,4,-33.0,-40.64127530081119,2.0,2.147649996261958
2020-12-31 06:00:00,8,-36.699999999999996,-42.233524848000606,1.3000000000000003,2.569776320805225
2020-12-31 09:00:00,1,-30.8,-36.509714401003365,2.4,3.5221674669736664
2020-12-31 09:00:00,2,-30.4,-37.16537174264536,2.7,3.088958720407911
2020-12-31 09:00:00,4,-34.96666666666667,-38.63215324748593,2.1,2.4073384786957215
2020-12-31 09:00:00,8,-34.5,-39.68488588956937,1.8,3.917765852066993
2020-12-31 12:00:00,1,-30.4,-38.7291874387767,2.7,1.7866874408499587
2020-12-31 12:00:00,2,-33.0,-39.47366814243067,2.0,2.040609028029097
2020-12-31 12:00:00,4,-36.93333333333333,-40.99918416745176,2.4,2.842785778880312
2020-12-31 12:00:00,8,-32.3,-41.948521315006246,3.3,4.043402492796311
2020-12-31 15:00:00,1,-33.0,-33.534680795356245,2.0,2.385383689422145
2020-12-31 15:00:00,2,-34.96666666666667,-33.668238622817604,2.1,2.1593790451981327
2020-12-31 15:00:00,4,-38.9,-33.93788179521224,2.3,2.91338769626157
2020-12-31 15:00:00,8,-32.4,-33.90839024870125,3.7,4.567094604914675
2020-12-31 18:00:00,1,-34.96666666666667,-36.55501229822671,2.1,2.5272505070575115
2020-12-31 18:00:00,2,-36.93333333333333,-36.719390276024086,2.4,2.9569926034129144
2020-12-31 18:00:00,4,-36.699999999999996,-37.11239186386969,1.3000000000000003,3.3084244201166073
2020-12-31 18:00:00,8,-33.9,-37.70385112632616,2.5,3.053146288079851
2020-12-31 21:00:00,1,-36.93333333333333,-36.889052408080026,2.4,2.437818735035872
2020-12-31 21:00:00,2,-38.9,-36.81427881536748,2.3,2.6301545773353325
2020-12-31 21:00:00,4,-34.5,-36.80750178305823,1.8,3.6053028612191165
2020-12-31 21:00:00,8,-34.4,-37.34718872639778,3.5,3.1795587104810794
2021-01-01 00:00:00,1,-38.9,-36.989320207812625,2.3,2.8520638066889985
2021-01-01 00:00:00,2,-36.699999999999996,-36.97270545498982,1.3000000000000003,3.1217605898465646
2021-01-01 00:00:00,4,-32.3,-37.14653352376829,3.3,4.134335920491754
2021-01-01 00:00:00,8,-34.9,-37.95985953799144,2.9,3.1619405564829313
2021-01-01 03:00:00,1,-36.699999999999996,-37.14055192455168,1.3000000000000003,2.845187425539386
2021-01-01 03:00:00,2,-34.5,-37.160571765051884,1.8,3.479584367378758
2021-01-01 03:00:00,4,-32.4,-37.54687125269116,3.7,3.3382125807763985
2021-01-01 03:00:00,8,-35.4,-38.532231288228395,1.9,3.843446106530371
2021-01-01 06:00:00,1,-34.5,-33.538407226475044,1.8,3.2820223295749544
2021-01-01 06:00:00,2,-32.3,-33.6108968310502,3.3,3.770920850987779
2021-01-01 06:00:00,4,-33.9,-34.315405580796806,2.5,3.2117342546570713
2021-01-01 06:00:00,8,-35.9,-35.203750158069,4.0,3.780787000164291
2021-01-01 09:00:00,1,-32.3,-33.46229782492756,3.3,3.2976064260989593
2021-01-01 09:00:00,2,-32.4,-33.97468930877278,3.7,3.232500830819015
2021-01-01 09:00:00,4,-34.4,-35.21317431101447,3.5,2.9303543312213263
2021-01-01 09:00:00,8,-33.8,-35.95470240161259,4.1,3.8573727458722495
2021-01-01 12:00:00,1,-32.4,-36.39331026110513,3.7,3.6206804887524995
2021-01-01 12:00:00,2,-33.9,-36.87423602572754,2.5,3.02937285477964
2021-01-01 12:00:00,4,-34.9,-37.67901978021664,2.9,2.685729860468253
2021-01-01 12:00:00,8,-31.7,-37.74202038675726,4.3,3.896812388743288
2021-01-01 15:00:00,1,-33.9,-37.08321157378626,2.5,3.4013176436329724
2021-01-01 15:00:00,2,-34.4,-37.57033652892418,3.5,2.7042510980209666
2021-01-01 15:00:00,4,-35.4,-38.26502485018097,1.9,2.5038182161427356
2021-01-01 15:00:00,8,-31.2,-38.21126538933443,3.0,3.526710777855337
2021-01-01 18:00:00,1,-34.4,-39.946816819370106,3.5,2.418027571225906
2021-01-01 18:00:00,2,-34.9,-40.312112262157235,2.9,2.4711794530743605
2021-01-01 18:00:00,4,-35.9,-40.95955301051252,4.0,2.3877021566311916
2021-01-01 18:00:00,8,-33.233333333333334,-41.43627321085798,1.8,2.620928270082112
2021-01-01 21:00:00,1,-34.9,-38.20779401556599,2.9,3.2370775934362377
2021-01-01 21:00:00,2,-35.4,-38.56967716566583,1.9,2.7027612261025826
2021-01-01 21:00:00,4,-33.8,-39.36470965976013,4.1,2.3354529850961807
2021-01-01 21:00:00,8,-35.266666666666666,-40.253859757138834,1.5999999999999999,2.333484937980457
2021-01-02 00:00:00,1,-35.4,-36.5894695375588,1.9,2.819990823841294
2021-01-02 00:00:00,2,-35.9,-36.998518123447326,4.0,2.7320816623164474
2021-01-02 00:00:00,4,-31.7,-38.0310738558148,4.3,2.711241424353085
2021-01-02 00:00:00,8,-37.3,-39.36458285158594,2.6,2.2885014914053814
2021-01-02 03:00:00,1,-35.9,-35.6151259621543,4.0,2.509900446825222
2021-01-02 03:00:00,2,-33.8,-35.933477883457584,4.1,2.5905342857612847
2021-01-02 03:00:00,4,-31.2,-37.01825985056549,3.0,2.3850253779451025
2021-01-02 03:00:00,8,-37.0,-38.47402345427136,2.5,2.4973196616488265
2021-01-02 06:00:00,1,-33.8,-35.314202959792205,4.1,4.70333347963309
2021-01-02 06:00:00,2,-31.7,-35.939612228884016,4.3,4.461284319301104
2021-01-02 06:00:00,4,-33.233333333333334,-37.71521774993989,1.8,2.448366209220369
2021-01-02 06:00:00,8,-34.93333333333334,-39.38912311529561,1.9,1.7136746524218993
2021-01-02 09:00:00,1,-31.7,-35.477833057562265,4.3,4.665141741793112
2021-01-02 09:00:00,2,-31.2,-36.239316143571514,3.0,3.5793110759757942
2021-01-02 09:00:00,4,-35.266666666666666,-38.3987527158759,1.5999999999999999,2.096849426841279
2021-01-02 09:00:00,8,-32.86666666666667,-40.139870736558116,4.0,2.8143373938877327
2021-01-02 12:00:00,1,-31.2,-35.331698164824445,3.0,3.3440024303600215
2021-01-02 12:00:00,2,-33.233333333333334,-36.030955903358006,1.8,2.409549239181014
2021-01-02 12:00:00,4,-37.3,-37.64821403990042,2.6,1.9011915252760903
2021-01-02 12:00:00,8,-30.8,-38.52020468570809,4.2,2.8084418370863657
2021-01-02 15:00:00,1,-33.233333333333334,-36.41600460127915,1.8,2.3230526353421532
2021-01-02 15:00:00,2,-35.266666666666666,-36.897444803608224,1.5999999999999999,1.9296362311776105
2021-01-02 15:00:00,4,-37.0,-37.8343280915555,2.5,1.7725117430394386
2021-01-02 15:00:00,8,-30.5,-38.19217499511096,3.3,2.7030329989595003
2021-01-02 18:00:00,1,-35.266666666666666,-39.66247110377936,1.5999999999999999,2.345488905663006
2021-01-02 18:00:00,2,-37.3,-40.2439643965461,2.6,2.54125088818105
2021-01-02 18:00:00,4,-34.93333333333334,-41.59409607065094,1.9,2.074099314057052
2021-01-02 18:00:00,8,-33.2,-43.1487477146941,2.9,1.1264373328539374
2021-01-02 21:00:00,1,-37.3,-40.59504147280221,2.6,2.4811029747433277
2021-01-02 21:00:00,2,-37.0,-41.003884715908654,2.5,2.530406847265108
2021-01-02 21:00:00,4,-32.86666666666667,-41.86670842762419,4.0,2.06808426677651
2021-01-02 21:00:00,8,-34.800000000000004,-43.108586989527424,2.7,1.708719716567931
2021-01-03 00:00:00,1,-37.0,-39.176477335195294,2.5,2.6729777042967355
2021-01-03 00:00:00,2,-34.93333333333334,-39.38916490435302,1.9,2.595970382741568
2021-01-03 00:00:00,4,-30.8,-39.789919082847945,4.2,2.165655894465621
2021-01-03 00:00:00,8,-36.4,-40.81228693122086,3.3,1.9002711126694356
2021-01-03 03:00:00,1,-34.93333333333334,-37.57011893762528,1.9,2.999725779263935
2021-01-03 03:00:00,2,-32.86666666666667,-37.71480706437575,4.0,3.10510353173736
2021-01-03 03:00:00,4,-30.5,-38.33697552001582,3.3,2.225932096208963
2021-01-03 03:00:00,8,-38.0,-39.38383463803111,2.3,1.7557600416457475
2021-01-03 06:00:00,1,-32.86666666666667,-36.42142565072576,4.0,2.9708295049250517
2021-01-03 06:00:00,2,-30.8,-36.68729627993825,4.2,2.866965938363095
2021-01-03 06:00:00,4,-33.2,-37.760966680782786,2.9,2.1093152537521234
2021-01-03 06:00:00,8,-35.1,-39.073537917792834,3.0,2.1348822706036406
2021-01-03 09:00:00,1,-30.8,-34.88246867974154,4.2,4.022513733487099
2021-01-03 09:00:00,2,-30.5,-35.15985003276571,3.3,3.3269150518973234
2021-01-03 09:00:00,4,-34.800000000000004,-35.931023857086615,2.7,2.7195700333879276
2021-01-03 09:00:00,8,-33.1,-36.65744736493637,3.1,2.6910866703702085
2021-01-03 12:00:00,1,-30.5,-34.74840650158738,3.3,3.3734391178533243
2021-01-03 12:00:00,2,-33.2,-35.145486125034765,2.9,2.8943552250121463
2021-01-03 12:00:00,4,-36.4,-36.02034148277754,3.3,2.9051106478217124
2021-01-03 12:00:00,8,-31.1,-36.61486575644425,3.1,3.3715124338519336
2021-01-03 15:00:00,1,-33.2,-37.26468127606164,2.9,2.6956417050221195
2021-01-03 15:00:00,2,-34.800000000000004,-37.51527296128625,2.7,2.5264234047313368
2021-01-03 15:00:00,4,-38.0,-37.891901884641584,2.3,2.7787523187230825
2021-01-03 15:00:00,8,-31.2,-38.02971354994622,2.5,3.353537088100108
2021-01-03 18:00:00,1,-34.800000000000004,-38.46117115761683,2.7,2.773210061303693
2021-01-03 18:00:00,2,-36.4,-38.719965026108355,3.3,2.6011624866684366
2021-01-03 18:00:00,4,-35.1,-39.30514440193847,3.0,2.2972792694703745
2021-01-03 18:00:00,8,-53.29175178959221,-40.02169128222122,1.5,2.3223488092265328
2021-01-03 21:00:00,1,-36.4,-38.55319066201918,3.3,2.9016223896164086
2021-01-03 21:00:00,2,-38.0,-38.74028459502028,2.3,2.573058070029787
2021-01-03 21:00:00,4,-33.1,-39.132961957420505,3.1,2.694474793314517
2021-01-03 21:00:00,8,-53.29175178959221,-39.66874954940373,2.3,3.0194300312126536
2021-01-04 00:00:00,1,-38.0,-38.424244040892,2.3,3.3496302666366513
2021-01-04 00:00:00,2,-35.1,-38.461346959858325,3.0,3.0703446524561597
2021-01-04 00:00:00,4,-31.1,-38.60646450519866,3.1,3.3493375389567452
2021-01-04 00:00:00,8,-53.29175178959221,-39.12873693961682,1.6999999999999997,3.2076708052228087
2021-01-04 03:00:00,1,-35.1,-36.92610633297905,3.0,2.8019722354394863
2021-01-04 03:00:00,2,-33.1,-36.92277761840658,3.1,3.0205421297954946
2021-01-04 03:00:00,4,-31.2,-37.31146916933171,2.5,2.790440151175365
2021-01-04 03:00:00,8,-53.29175178959221,-38.108582470284304,1.6999999999999997,2.9767853668276887
2021-01-04 06:00:00,1,-33.1,-35.904765919017464,3.1,3.787601356637464
2021-01-04 06:00:00,2,-31.1,-35.97029836603595,3.1,3.7602047517964152
2021-01-04 06:00:00,4,-53.29175178959221,-36.66258597799501,1.5,2.684352387447727
2021-01-04 06:00:00,8,-53.29175178959221,-37.59666939909626,1.1999999999999997,2.4287657183035436
2021-01-04 09:00:00,1,-31.1,-33.645293548299165,3.1,3.388029779811179
2021-01-04 09:00:00,2,-31.2,-34.00035931803433,2.5,2.886426943740643
2021-01-04 09:00:00,4,-53.29175178959221,-35.09136497269139,2.3,2.7267351965255853
2021-01-04 09:00:00,8,-53.29175178959221,-35.79685216278202,1.1999999999999997,3.0220334946783662
2021-01-04 12:00:00,1,-31.2,-35.53557112487401,2.5,2.574373798304715
2021-01-04 12:00:00,2,-53.29175178959221,-36.14901431352864,1.5,2.3853907276833017
2021-01-04 12:00:00,4,-53.29175178959221,-37.33085352795898,1.6999999999999997,2.509916336232984
2021-01-04 12:00:00,8,-53.29175178959221,-37.99421014317706,0.6000000000000001,2.613557397766116
2021-01-04 15:00:00,1,-53.29175178959221,-37.38996054715118,1.5,2.3523939730588457
2021-01-04 15:00:00,2,-53.29175178959221,-37.7356151329587,2.3,2.127126320090144
2021-01-04 15:00:00,4,-53.29175178959221,-38.01196616956758,1.6999999999999997,2.123835186517374
2021-01-04 15:00:00,8,-53.29175178959221,-37.73712674403512,1.8,3.4736913699450844
2021-01-04 18:00:00,1,-53.29175178959221,-49.5267745013539,2.3,0.8427585107079674
2021-01-04 18:00:00,2,-53.29175178959221,-49.25427814504,1.6999999999999997,1.0076415087273292
2021-01-04 18:00:00,4,-53.29175178959221,-47.89313649531133,1.1999999999999997,1.7601086206370766
2021-01-04 18:00:00,8,-53.29175178959221,-46.819602269153854,2.1,2.535596391824283
2021-01-04 21:00:00,1,-53.29175178959221,-49.807891832134985,1.6999999999999997,1.7398872697740178
2021-01-04 21:00:00,2,-53.29175178959221,-49.15521142045725,1.6999999999999997,1.130406698865396
2021-01-04 21:00:00,4,-53.29175178959221,-46.62463326033518,1.1999999999999997,1.856387234439536
2021-01-04 21:00:00,8,-53.29175178959221,-44.39883350337117,2.8,3.152315734351821
2021-01-05 00:00:00,1,-53.29175178959221,-47.1809248694837,1.6999999999999997,1.576353485090236
2021-01-05 00:00:00,2,-53.29175178959221,-46.25726997970757,1.1999999999999997,1.4483575872292627
2021-01-05 00:00:00,4,-53.29175178959221,-44.170454143158466,0.6000000000000001,2.7785935312857855
2021-01-05 00:00:00,8,-53.29175178959221,-43.24298852364774,2.8,3.2091063972180334
2021-01-05 03:00:00,1,-53.29175178959221,-44.95375976314418,1.1999999999999997,1.8773077192441114
2021-01-05 03:00:00,2,-53.29175178959221,-43.93815309605874,1.1999999999999997,2.161819935495169
2021-01-05 03:00:00,4,-53.29175178959221,-41.79255950926972,1.8,3.5740340796887495
2021-01-05 03:00:00,8,-41.0,-40.669515337103036,3.1,3.0534209402254238
2021-01-05 06:00:00,1,-53.29175178959221,-42.418873727604606,1.1999999999999997,2.351903534224643
2021-01-05 06:00:00,2,-53.29175178959221,-41.70122087830265,0.6000000000000001,2.848947083360486
2021-01-05 06:00:00,4,-53.29175178959221,-40.250673701762324,2.1,3.5620881243405793
2021-01-05 06:00:00,8,-37.9,-39.25149589824434,3.2,4.143817791273169
2021-01-05 09:00:00,1,-53.29175178959221,-41.15085466929355,0.6000000000000001,2.508254986679158
2021-01-05 09:00:00,2,-53.29175178959221,-40.72246207283318,1.8,2.852919275340439
2021-01-05 09:00:00,4,-53.29175178959221,-39.574655002151005,2.8,3.0278122803287326
2021-01-05 09:00:00,8,-35.849999999999994,-38.44750325384195,4.2,4.454324278820022
2021-01-05 12:00:00,1,-53.29175178959221,-43.398541084822114,1.8,1.7076893577907908
2021-01-05 12:00:00,2,-53.29175178959221,-42.92063782185154,2.1,2.2630400484712068
2021-01-05 12:00:00,4,-53.29175178959221,-41.09307121041945,2.8,2.6012159134690314
2021-01-05 12:00:00,8,-33.8,-39.422124942628486,4.3,3.6024021845150154
2021-01-05 15:00:00,1,-53.29175178959221,-45.09843275937386,2.1,2.688349426622368
2021-01-05 15:00:00,2,-53.29175178959221,-44.5009976617087,2.8,2.737199331299573
2021-01-05 15:00:00,4,-41.0,-42.62647311877297,3.1,3.174016053160488
2021-01-05 15:00:00,8,-33.6,-41.18856497059421,3.4,3.55299811674706
2021-01-05 18:00:00,1,-53.29175178959221,-45.77331162641945,2.8,2.8225503514949404
2021-01-05 18:00:00,2,-53.29175178959221,-45.174271252549204,2.8,2.9450709620578293
2021-01-05 18:00:00,4,-37.9,-43.86917809531141,3.2,3.442873803606018
2021-01-05 18:00:00,8,-35.5,-43.26593503916816,2.6,3.558364184361843
2021-01-05 21:00:00,1,-53.29175178959221,-46.41703819217276,2.8,3.257380577464677
2021-01-05 21:00:00,2,-41.0,-45.8338301070505,3.1,3.3704356332151946
2021-01-05 21:00:00,4,-35.849999999999994,-44.73272158751566,4.2,4.464167073766333
2021-01-05 21:00:00,8,-36.86666666666667,-44.465649162652326,2.5,3.955998139888861
2021-01-06 00:00:00,1,-41.0,-45.079881299890694,3.1,2.8377164712825556
2021-01-06 00:00:00,2,-37.9,-44.565300934038724,3.2,2.9584693052517106
2021-01-06 00:00:00,4,-33.8,-43.72244014324521,4.3,4.588140072174933
2021-01-06 00:00:00,8,-38.233333333333334,-43.8571024987238,2.7,3.9316801477917687
2021-01-06 03:00:00,1,-37.9,-39.61291216370285,3.2,3.2520912708856287
2021-01-06 03:00:00,2,-35.849999999999994,-39.371310889827896,4.2,3.760793486346084
2021-01-06 03:00:00,4,-33.6,-39.65487702334777,3.4,4.006839099330948
2021-01-06 03:00:00,8,-39.6,-40.6064880720258,2.3,3.3125799534676634
2021-01-06 06:00:00,1,-35.849999999999994,-36.33228815028227,4.2,3.8281253582779606
2021-01-06 06:00:00,2,-33.8,-36.23791116664157,4.3,4.118173886750537
2021-01-06 06:00:00,4,-35.5,-36.86258552472386,2.6,3.685198802457143
2021-01-06 06:00:00,8,-37.266666666666666,-37.73546959175878,1.3000000000000003,3.655840195673542
2021-01-06 09:00:00,1,-33.8,-35.73795841188277,4.3,4.850783024689494
2021-01-06 09:00:00,2,-33.6,-35.752800732270885,3.4,4.459591617493037
2021-01-06 09:00:00,4,-36.86666666666667,-36.05688096996991,2.5,4.140562755448905
2021-01-06 09:00:00,8,-34.93333333333334,-36.01420713735111,2.6,5.336932678559538
2021-01-06 12:00:00,1,-33.6,-36.80149136380203,3.4,3.9717053793230193
2021-01-06 12:00:00,2,-35.5,-36.93102014972891,2.6,3.7525360064050473
2021-01-06 12:00:00,4,-38.233333333333334,-37.2678644494342,2.7,4.158546365825574
2021-01-06 12:00:00,8,-32.6,-37.0162914418616,3.1,6.130439038148554
2021-01-06 15:00:00,1,-35.5,-39.26525890814987,2.6,3.43037229217791
2021-01-06 15:00:00,2,-36.86666666666667,-39.355972864758854,2.5,3.413280808062871
2021-01-06 15:00:00,4,-39.6,-39.338025185105074,2.3,4.176373268251195
2021-01-06 15:00:00,8,-32.0,-38.84045008361234,2.3,5.74087170971389
2021-01-06 18:00:00,1,-36.86666666666667,-39.4207790467797,2.5,3.2454153735386475
2021-01-06 18:00:00,2,-38.233333333333334,-39.30229121801921,2.7,3.5366546011753286
2021-01-06 18:00:00,4,-37.266666666666666,-39.08587289473674,1.3000000000000003,4.489359249891122
2021-01-06 18:00:00,8,-53.29175178959221,-39.07585216697179,1.4,4.281579223168217
2021-01-06 21:00:00,1,-38.233333333333334,-39.61275221248314,2.7,3.4877679522426743
2021-01-06 21:00:00,2,-39.6,-39.35957248770347,2.3,3.8298308569244934
2021-01-06 21:00:00,4,-34.93333333333334,-39.12367614066507,2.6,5.159451512991532
2021-01-06 21:00:00,8,-53.29175178959221,-39.50182676211068,1.6999999999999997,4.1071454114002055
2021-01-07 00:00:00,1,-39.6,-38.35353839676738,2.3,3.5070407907746146
2021-01-07 00:00:00,2,-37.266666666666666,-38.006546561122946,1.3000000000000003,3.8989563390677566
2021-01-07 00:00:00,4,-32.6,-37.787669888463576,3.1,5.245815882832912
2021-01-07 00:00:00,8,-53.29175178959221,-38.42756843245854,2.2,3.815124996760366
2021-01-07 03:00:00,1,-37.266666666666666,-36.21441562936698,1.3000000000000003,3.408069575528504
2021-01-07 03:00:00,2,-34.93333333333334,-35.872791526095924,2.6,4.060857113862898
2021-01-07 03:00:00,4,-32.0,-35.946774008721775,2.3,4.531956086092322
2021-01-07 03:00:00,8,-53.29175178959221,-36.890901213619635,1.4,3.584714448124273
2021-01-07 06:00:00,1,-34.93333333333334,-33.97146722834678,2.6,3.0890269168929017
2021-01-07 06:00:00,2,-32.6,-33.748564396156894,3.1,3.449968837402875
2021-01-07 06:00:00,4,-53.29175178959221,-34.015949518449766,1.4,3.2505726327407767
2021-01-07 06:00:00,8,-53.29175178959221,-34.86116058347173,0.8000000000000003,3.00273804839847
2021-01-07 09:00:00,1,-32.6,-33.59125597407059,3.1,3.531768241712493
2021-01-07 09:00:00,2,-32.0,-33.5257177630442,2.3,3.4610919027175324
2021-01-07 09:00:00,4,-53.29175178959221,-33.79796770801963,1.6999999999999997,3.5286024771665683
2021-01-07 09:00:00,8,-53.29175178959221,-34.188953334096,1.4,3.688647237167742
2021-01-07 12:00:00,1,-32.0,-33.8356066797223,2.3,3.1678535223166278
2021-01-07 12:00:00,2,-53.29175178959221,-33.95317226721596,1.4,3.1066065204151716
2021-01-07 12:00:00,4,-53.29175178959221,-34.23977026890056,2.2,3.4559620767378645
2021-01-07 12:00:00,8,-53.29175178959221,-34.31463464473781,1.5999999999999999,3.826498293587191
2021-01-07 15:00:00,1,-53.29175178959221,-35.661142919365375,1.4,2.843749434136949
2021-01-07 15:00:00,2,-53.29175178959221,-35.72892909347968,1.6999999999999997,2.953281413617504
2021-01-07 15:00:00,4,-53.29175178959221,-35.555304205980306,1.4,3.0676002104866824
2021-01-07 15:00:00,8,-32.2,-35.28622734736358,2.6,3.2658801309333585
2021-01-07 18:00:00,1,-53.29175178959221,-45.97669392529501,1.6999999999999997,1.9329947614329668
2021-01-07 18:00:00,2,-53.29175178959221,-45.4445974598821,2.2,2.195653923276251
2021-01-07 18:00:00,4,-53.29175178959221,-43.59367797037138,0.8000000000000003,2.676866236945218
2021-01-07 18:00:00,8,-34.175000000000004,-42.27541045253666,1.6999999999999997,2.942301459613023
2021-01-07 21:00:00,1,-53.29175178959221,-44.84941897131672,2.2,2.2389161950776737
2021-01-07 21:00:00,2,-53.29175178959221,-44.3011623892055,1.4,2.1268126909074105
2021-01-07 21:00:00,4,-53.29175178959221,-42.63364858812953,1.4,2.594697843796462
2021-01-07 21:00:00,8,-36.150000000000006,-41.772926577801,2.6,3.3730804464651993
2021-01-08 00:00:00,1,-53.29175178959221,-45.583770872057286,1.4,2.0617119744221313
2021-01-08 00:00:00,2,-53.29175178959221,-44.50447551998605,0.8000000000000003,2.0590274109926416
2021-01-08 00:00:00,4,-53.29175178959221,-42.03483373106907,1.5999999999999999,3.509654784971981
2021-01-08 00:00:00,8,-38.125,-40.857071831739525,2.5,3.7492514978621916
2021-01-08 03:00:00,1,-53.29175178959221,-42.981366688771594,0.8000000000000003,1.727256363646964
2021-01-08 03:00:00,2,-53.29175178959221,-41.79040088830454,1.4,2.1453090279452764
2021-01-08 03:00:00,4,-32.2,-39.246763647743904,2.6,3.7269972892285956
2021-01-08 03:00:00,8,-40.1,-38.05466882222596,2.0,3.697608496569259
2021-01-08 06:00:00,1,-53.29175178959221,-40.7505363938974,1.4,1.7097588198513562
2021-01-08 06:00:00,2,-53.29175178959221,-39.71477803463064,1.5999999999999999,2.2360437314033774
2021-01-08 06:00:00,4,-34.175000000000004,-37.36389282134332,1.6999999999999997,3.1720856500779178
2021-01-08 06:00:00,8,-36.7,-35.9144869183707,2.5,3.615209793653218
2021-01-08 09:00:00,1,-53.29175178959221,-39.427058933406045,1.5999999999999999,2.2949319027344597
2021-01-08 09:00:00,2,-32.2,-38.69758050135991,2.6,2.6084565779536373
2021-01-08 09:00:00,4,-36.150000000000006,-36.82309198347366,2.6,3.0330606370246898
2021-01-08 09:00:00,8,-34.8,-35.364710079171175,2.8,4.387949690385629
2021-01-08 12:00:00,1,-32.2,-39.48618180362003,2.6,2.3154971686312877
2021-01-08 12:00:00,2,-34.175000000000004,-38.81407398338088,1.6999999999999997,2.5156822717247245
2021-01-08 12:00:00,4,-38.125,-36.88360974360373,2.5,2.9900892800177243
2021-01-08 12:00:00,8,-32.9,-35.30758011469475,3.8,4.439945111277895
2021-01-08 15:00:00,1,-34.175000000000004,-34.747832982799565,1.6999999999999997,2.564996168436636
2021-01-08 15:00:00,2,-36.150000000000006,-34.55915682962507,2.6,2.5583898005786527
2021-01-08 15:00:00,4,-40.1,-33.82262757489359,2.0,3.1302503857259163
2021-01-08 15:00:00,8,-32.7,-33.055688855390216,3.2,4.167481971564978
2021-01-08 18:00:00,1,-36.150000000000006,-34.480847018055,2.6,2.5406810023080384
2021-01-08 18:00:00,2,-38.125,-34.29084514305942,2.5,2.5973985099143544
2021-01-08 18:00:00,4,-36.7,-33.72065795182328,2.5,3.225461663220085
2021-01-08 18:00:00,8,-34.300000000000004,-33.34840535147947,1.8,3.8015626407534815
2021-01-08 21:00:00,1,-38.125,-35.8162149063796,2.5,2.8293014835880683
2021-01-08 21:00:00,2,-40.1,-35.36861087152949,2.0,2.856041757246261
2021-01-08 21:00:00,4,-34.8,-34.60004237878739,2.8,4.227918240429464
2021-01-08 21:00:00,8,-35.900000000000006,-34.717754948482956,2.5,3.729109753998422
2021-01-09 00:00:00,1,-40.1,-35.63027953896997,2.0,2.5349532440510547
2021-01-09 00:00:00,2,-36.7,-35.14598759372361,2.5,2.609468594595643
2021-01-09 00:00:00,4,-32.9,-34.63048066359886,3.8,4.174085993335909
2021-01-09 00:00:00,8,-37.5,-35.07966547762041,2.8,3.8555575676560325
2021-01-09 03:00:00,1,-36.7,-33.698772013759715,2.5,2.2034458115777733
2021-01-09 03:00:00,2,-34.8,-33.30262327759104,2.8,2.5721595186888444
2021-01-09 03:00:00,4,-32.7,-33.28515977460235,3.2,3.4583811457593083
2021-01-09 03:00:00,8,-39.1,-34.14314388116997,2.0,3.7395423365675677
2021-01-09 06:00:00,1,-34.8,-32.51436349280005,2.8,3.1645822771636403
2021-01-09 06:00:00,2,-32.9,-32.252820192531786,3.8,3.4350282885533003
2021-01-09 06:00:00,4,-34.300000000000004,-32.5073270801345,1.8,3.216703533634153
2021-01-09 06:00:00,8,-36.650000000000006,-33.1446591996041,1.6999999999999997,3.751943419473799
2021-01-09 09:00:00,1,-32.9,-32.002914424249376,3.8,3.4639200173485203
2021-01-09 09:00:00,2,-32.7,-32.05422274072891,3.2,3.09600359326399
2021-01-09 09:00:00,4,-35.900000000000006,-32.47843066744102,2.5,3.09616685959475
2021-01-09 09:00:00,8,-34.2,-32.63301415478422,3.0,4.28506337572118
2021-01-09 12:00:00,1,-32.7,-32.81282958678722,3.2,3.2619325728674524
2021-01-09 12:00:00,2,-34.300000000000004,-32.94965560673792,1.8,2.943960783000758
2021-01-09 12:00:00,4,-37.5,-33.14907154766511,2.8,3.058743198663522
2021-01-09 12:00:00,8,-32.6,-33.07372731816871,2.1,3.7453373981968574
2021-01-09 15:00:00,1,-34.300000000000004,-34.46040208197087,1.8,2.989511289480351
2021-01-09 15:00:00,2,-35.900000000000006,-34.58260913684026,2.5,2.8207574077855577
2021-01-09 15:00:00,4,-39.1,-34.600679301662296,2.0,2.8413638368461176
2021-01-09 15:00:00,8,-53.29175178959221,-34.43303024937162,0.8000000000000003,2.8597348715073383
2021-01-09 18:00:00,1,-35.900000000000006,-35.99272179783783,2.5,2.490584578923941
2021-01-09 18:00:00,2,-37.5,-35.899916947356694,2.8,2.5708907121549576
2021-01-09 18:00:00,4,-36.650000000000006,-35.66625847639234,1.6999999999999997,2.194913519530683
2021-01-09 18:00:00,8,-53.29175178959221,-35.863852990817534,0.5,2.060991938977787
2021-01-09 21:00:00,1,-37.5,-36.772622330146156,2.8,2.821016810365292
2021-01-09 21:00:00,2,-39.1,-36.71497216395515,2.0,2.4344616977450038
2021-01-09 21:00:00,4,-34.2,-36.633990734715226,3.0,2.2072149070672413
2021-01-09 21:00:00,8,-53.29175178959221,-37.27808979948023,0.6999999999999997,2.249569989661757
2021-01-10 00:00:00,1,-39.1,-36.57256370233615,2.0,2.629894908154797
2021-01-10 00:00:00,2,-36.650000000000006,-36.44439954528379,1.6999999999999997,2.183259438739854
2021-01-10 00:00:00,4,-32.6,-36.419344843867464,2.1,2.7008642547605044
2021-01-10 00:00:00,8,-53.29175178959221,-37.20875166623408,0.3999999999999999,2.998972365399259
2021-01-10 03:00:00,1,-36.650000000000006,-34.3828415914301,1.6999999999999997,2.2557807219305053
2021-01-10 03:00:00,2,-34.2,-34.210437232607305,3.0,2.4356692927348957
2021-01-10 03:00:00,4,-53.29175178959221,-34.411164485335775,0.8000000000000003,2.52617322653933
2021-01-10 03:00:00,8,-53.29175178959221,-35.44887612278565,0.8999999999999999,2.9139356142285484
2021-01-10 06:00:00,1,-34.2,-33.29534333559097,3.0,2.804644801832914
2021-01-10 06:00:00,2,-32.6,-33.24448172972505,2.1,2.893121876384842
2021-01-10 06:00:00,4,-53.29175178959221,-33.82955014840276,0.5,2.518171256806328
2021-01-10 06:00:00,8,-53.29175178959221,-34.800554922220925,0.5,2.574889190973926
2021-01-10 09:00:00,1,-32.6,-33.37083742929323,2.1,2.916437076227656
2021-01-10 09:00:00,2,-53.29175178959221,-33.567260409109146,0.8000000000000003,2.703999640145113
2021-01-10 09:00:00,4,-53.29175178959221,-34.16412198798649,0.6999999999999997,2.573477806331466
2021-01-10 09:00:00,8,-53.29175178959221,-34.61737475059596,0.8999999999999999,3.4171251782886065
2021-01-10 12:00:00,1,-53.29175178959221,-34.3400769756866,0.8000000000000003,2.1866946433856844
2021-01-10 12:00:00,2,-53.29175178959221,-34.705149063166914,0.5,2.2618446104778576
2021-01-10 12:00:00,4,-53.29175178959221,-35.24398581533861,0.3999999999999999,2.978831048096772
2021-01-10 12:00:00,8,-53.29175178959221,-35.22633930509853,1.4,4.15361958301623
2021-01-10 15:00:00,1,-53.29175178959221,-48.137013831812794,0.5,0.958467524115977
2021-01-10 15:00:00,2,-53.29175178959221,-47.358642923105634,0.6999999999999997,1.4747374166040008
2021-01-10 15:00:00,4,-53.29175178959221,-43.936085258218256,0.8999999999999999,2.48158744171958
2021-01-10 15:00:00,8,-53.29175178959221,-40.45880770466505,1.5999999999999999,3.5787130508047618
2021-01-10 18:00:00,1,-53.29175178959221,-48.52870050535217,0.6999999999999997,1.1836370679897743
2021-01-10 18:00:00,2,-53.29175178959221,-47.74083087184711,0.3999999999999999,1.4254821720683908
2021-01-10 18:00:00,4,-53.29175178959221,-44.47471666760788,0.5,2.0772143844605955
2021-01-10 18:00:00,8,-53.29175178959221,-41.61195656968496,1.1,3.145372596361545
2021-01-10 21:00:00,1,-53.29175178959221,-49.36448813792966,0.3999999999999999,1.3400538909607858
2021-01-10 21:00:00,2,-53.29175178959221,-48.346500935574205,0.8999999999999999,1.4611514397661143
2021-01-10 21:00:00,4,-53.29175178959221,-45.0678395668496,0.8999999999999999,2.176913593184971
2021-01-10 21:00:00,8,-53.29175178959221,-42.81800245586674,1.1999999999999997,2.931073940104388
2021-01-11 00:00:00,1,-53.29175178959221,-47.678949923844506,0.8999999999999999,1.132164984470601
2021-01-11 00:00:00,2,-53.29175178959221,-46.74595734124169,0.5,1.387231568771469
2021-01-11 00:00:00,4,-53.29175178959221,-44.25955129554653,1.4,2.707359076843194
2021-01-11 00:00:00,8,-53.29175178959221,-42.95133836902327,0.8999999999999999,2.859327932044125
2021-01-11 03:00:00,1,-53.29175178959221,-45.09084300194821,0.5,1.3963537950718337
2021-01-11 03:00:00,2,-53.29175178959221,-44.30740264827742,0.8999999999999999,1.7250126513026223
2021-01-11 03:00:00,4,-53.29175178959221,-42.4919916090428,1.5999999999999999,3.176583898759137
2021-01-11 03:00:00,8,-53.29175178959221,-41.72943065355294,0.6999999999999997,3.0053959517478224
2021-01-11 06:00:00,1,-53.29175178959221,-42.93305637691026,0.8999999999999999,1.4854161650230928
2021-01-11 06:00:00,2,-53.29175178959221,-42.151677376571044,1.4,2.075706170407077
2021-01-11 06:00:00,4,-53.29175178959221,-40.47564869479863,1.1,3.181317449307646
2021-01-11 06:00:00,8,-53.29175178959221,-39.65410032328086,0.10000000000000009,3.1047664416841063
2021-01-11 09:00:00,1,-53.29175178959221,-39.94615251745759,1.4,2.110450866525645
2021-01-11 09:00:00,2,-53.29175178959221,-39.31493601038869,1.5999999999999999,2.5556652470289576
2021-01-11 09:00:00,4,-53.29175178959221,-37.89601738629484,1.1999999999999997,3.1199664730936556
2021-01-11 09:00:00,8,-53.29175178959221,-37.0406328472981,0.5,3.6102627891730905
2021-01-11 12:00:00,1,-53.29175178959221,-42.30214896476595,1.5999999999999999,2.4772718145873
2021-01-11 12:00:00,2,-53.29175178959221,-41.662908238174595,1.1,2.7699947489988332
2021-01-11 12:00:00,4,-53.29175178959221,-39.72080862791455,0.8999999999999999,2.9620664965444545
2021-01-11 12:00:00,8,-53.29175178959221,-38.2648476069375,0.6000000000000001,3.422029020098992
2021-01-11 15:00:00,1,-53.29175178959221,-45.47200531753083,1.1,2.4194677487549145
2021-01-11 15:00:00,2,-53.29175178959221,-45.03758933279644,1.1999999999999997,2.672850482394321
2021-01-11 15:00:00,4,-53.29175178959221,-43.599846179344325,0.6999999999999997,2.573992985720036
2021-01-11 15:00:00,8,-53.29175178959221,-42.61028778454003,0.8999999999999999,2.69711728713755
2021-01-11 18:00:00,1,-53.29175178959221,-47.96430866382679,1.1999999999999997,1.761574071922055
2021-01-11 18:00:00,2,-53.29175178959221,-47.29768709837383,0.8999999999999999,2.0876778260725
2021-01-11 18:00:00,4,-53.29175178959221,-44.989882080263506,0.10000000000000009,2.182062614422337
2021-01-11 18:00:00,8,-53.29175178959221,-43.522854884585435,1.4,2.127181666416509
2021-01-11 21:00:00,1,-53.29175178959221,-47.97233684610468,0.8999999999999999,1.670089047168574
2021-01-11 21:00:00,2,-53.29175178959221,-47.53209633136945,0.6999999999999997,1.741976353653564
2021-01-11 21:00:00,4,-53.29175178959221,-46.082001629450666,0.5,2.2509790282171647
2021-01-11 21:00:00,8,-53.29175178959221,-45.444954107872,1.5999999999999999,2.3446317307664364
2021-01-12 00:00:00,1,-53.29175178959221,-47.97472602738658,0.6999999999999997,1.289202240826564
2021-01-12 00:00:00,2,-53.29175178959221,-47.57612758785287,0.10000000000000009,1.4717715360089043
2021-01-12 00:00:00,4,-53.29175178959221,-46.371354106418934,0.6000000000000001,2.3703533760827495
2021-01-12 00:00:00,8,-53.29175178959221,-45.94655464839427,1.9,2.4940768361412653
2021-01-12 03:00:00,1,-53.29175178959221,-47.5686304148044,0.10000000000000009,1.1911957339102561
2021-01-12 03:00:00,2,-53.29175178959221,-47.227719607513166,0.5,1.4603260436850687
2021-01-12 03:00:00,4,-53.29175178959221,-46.33645952298608,0.8999999999999999,2.3556345591196752
2021-01-12 03:00:00,8,-53.29175178959221,-45.98871044080147,0.0,2.826303344296006
2021-01-12 06:00:00,1,-53.29175178959221,-47.8933976769201,0.5,0.968815047699445
2021-01-12 06:00:00,2,-53.29175178959221,-47.66110095282632,0.6000000000000001,1.3926324744459713
2021-01-12 06:00:00,4,-53.29175178959221,-46.999309986258886,1.4,2.006876988394459
2021-01-12 06:00:00,8,-53.29175178959221,-46.52195034128506,0.0,2.8995741489796325
2021-01-12 09:00:00,1,-53.29175178959221,-47.3053589929123,0.6000000000000001,1.2716023223232296
2021-01-12 09:00:00,2,-53.29175178959221,-47.008075241049255,0.8999999999999999,1.5516551602899074
2021-01-12 09:00:00,4,-53.29175178959221,-46.081211960365934,1.5999999999999999,1.8762189215713108
2021-01-12 09:00:00,8,-53.29175178959221,-45.1236755115485,1.3000000000000003,3.611332818149475
2021-01-12 12:00:00,1,-53.29175178959221,-48.13100161130413,0.8999999999999999,1.2162278429139022
2021-01-12 12:00:00,2,-53.29175178959221,-47.548000309965914,1.4,1.3159730136164334
2021-01-12 12:00:00,4,-53.29175178959221,-45.58900026824063,1.9,1.707019656577746
2021-01-12 12:00:00,8,-53.29175178959221,-43.84873532073024,1.1999999999999997,4.009053885488341
2021-01-12 15:00:00,1,-53.29175178959221,-49.31088682705036,1.4,1.2727169269536032
2021-01-12 15:00:00,2,-53.29175178959221,-48.48817772843816,1.5999999999999999,1.226885689830166
2021-01-12 15:00:00,4,-53.29175178959221,-45.76263091974792,0.0,1.5894969045978462
2021-01-12 15:00:00,8,-33.1,-43.59392149970591,2.0,3.9664507575082295
2021-01-12 18:00:00,1,-53.29175178959221,-49.61603070433545,1.5999999999999999,1.3497803413173788
2021-01-12 18:00:00,2,-53.29175178959221,-48.827379867632295,1.9,1.4124018836305456
2021-01-12 18:00:00,4,-53.29175178959221,-46.52196258980189,0.0,2.1859177686504885
2021-01-12 18:00:00,8,-34.875,-44.947477715014855,1.3000000000000003,4.121726129148169
2021-01-12 21:00:00,1,-53.29175178959221,-49.41008324181126,1.9,1.501691610745214
2021-01-12 21:00:00,2,-53.29175178959221,-48.71214510084036,0.0,1.7489847555200153
2021-01-12 21:00:00,4,-53.29175178959221,-46.991665470758015,1.3000000000000003,2.7259367804456383
2021-01-12 21:00:00,8,-36.650000000000006,-46.10491860443051,1.9,4.092981230744305
2021-01-13 00:00:00,1,-53.29175178959221,-48.69132730549405,0.0,1.7975683793168105
2021-01-13 00:00:00,2,-53.29175178959221,-47.988413744938676,0.0,2.085625533103543
2021-01-13 00:00:00,4,-53.29175178959221,-46.5208825588183,1.1999999999999997,3.282539108568333
2021-01-13 00:00:00,8,-38.425000000000004,-45.97598927532707,1.9,4.31715310109921
2021-01-13 03:00:00,1,-53.29175178959221,-49.146086635673015,0.0,1.0388137541075202
2021-01-13 03:00:00,2,-53.29175178959221,-48.558663259510425,1.3000000000000003,1.787045965607643
2021-01-13 03:00:00,4,-33.1,-47.4817282686815,2.0,3.193185290621015
2021-01-13 03:00:00,8,-40.2,-47.22809751028227,2.0,4.350436878146422
2021-01-13 06:00:00,1,-53.29175178959221,-49.09232429282251,1.3000000000000003,1.7616418951659238
2021-01-13 06:00:00,2,-53.29175178959221,-48.46057965852815,1.1999999999999997,2.6564627444146622
2021-01-13 06:00:00,4,-34.875,-47.605144324211636,1.3000000000000003,3.5750518682381047
2021-01-13 06:00:00,8,-38.400000000000006,-47.36413350089775,1.0,4.911858175714386
2021-01-13 09:00:00,1,-53.29175178959221,-50.105651114651245,1.1999999999999997,1.7017857496452227
2021-01-13 09:00:00,2,-33.1,-49.55724358758268,2.0,2.0197090181660666
2021-01-13 09:00:00,4,-36.650000000000006,-48.371341287946095,1.9,2.4679751247225177
2021-01-13 09:00:00,8,-36.6,-47.306419930619654,1.5,4.729762790116563
2021-01-13 12:00:00,1,-33.1,-48.66310528172694,2.0,1.7137736146393685
2021-01-13 12:00:00,2,-34.875,-47.92518762158828,1.3000000000000003,1.9505987322684821
2021-01-13 12:00:00,4,-38.425000000000004,-45.91997896938866,1.9,2.1125396304842297
2021-01-13 12:00:00,8,-34.8,-44.154049056123654,1.9,4.39596493683854
2021-01-13 15:00:00,1,-34.875,-42.07321049578522,1.3000000000000003,2.7522586508061586
2021-01-13 15:00:00,2,-36.650000000000006,-42.22196296861866,1.9,3.2032360608524764
2021-01-13 15:00:00,4,-40.2,-42.34879419884005,2.0,3.9067834186750594
2021-01-13 15:00:00,8,-33.0,-42.1220287608443,2.3,4.981985810270004
2021-01-13 18:00:00,1,-36.650000000000006,-39.81884719758497,1.9,1.988942432565243
2021-01-13 18:00:00,2,-38.425000000000004,-39.80371955880493,1.9,2.3919185016250406
2021-01-13 18:00:00,4,-38.400000000000006,-39.360040813346785,1.0,3.7790632127027837
2021-01-13 18:00:00,8,-53.29175178959221,-39.05002652949648,1.5,4.317936107652838
2021-01-13 21:00:00,1,-38.425000000000004,-38.714761567960636,1.9,2.1384532283775295
2021-01-13 21:00:00,2,-40.2,-38.61223860013023,2.0,2.4368809400569686
2021-01-13 21:00:00,4,-36.6,-38.246313439478094,1.5,4.276795764949691
2021-01-13 21:00:00,8,-53.29175178959221,-38.57735482421222,1.8,3.779387332627051
2021-01-14 00:00:00,1,-40.2,-37.862812377682864,2.0,2.0422681381361913
2021-01-14 00:00:00,2,-38.400000000000006,-37.65232089554179,1.0,2.588602602994868
2021-01-14 00:00:00,4,-34.8,-37.41007405278005,1.9,4.7267597986899155
2021-01-14 00:00:00,8,-53.29175178959221,-38.18204763319953,1.5,3.6205158627576526
2021-01-14 03:00:00,1,-38.400000000000006,-36.21785962409782,1.0,2.753320895039143
2021-01-14 03:00:00,2,-36.6,-36.04193633844126,1.5,3.6016870212003167
2021-01-14 03:00:00,4,-33.0,-36.25486311392757,2.3,4.804073497886019
2021-01-14 03:00:00,8,-53.29175178959221,-37.31115791290415,1.4,3.98247338569041
2021-01-14 06:00:00,1,-36.6,-35.64960481651609,1.5,3.0597169847506107
2021-01-14 06:00:00,2,-34.8,-35.63845002019333,1.9,3.6484276536522917
2021-01-14 06:00:00,4,-53.29175178959221,-36.23593987593371,1.5,3.6068438005210033
2021-01-14 06:00:00,8,-53.29175178959221,-37.12840139586114,1.0,3.468355414890816
2021-01-14 09:00:00,1,-34.8,-34.94332507533677,1.9,2.869095385603969
2021-01-14 09:00:00,2,-33.0,-35.11824254161169,2.3,2.9473750861437615
2021-01-14 09:00:00,4,-53.29175178959221,-35.79133600720477,1.8,3.1795569775758703
2021-01-14 09:00:00,8,-53.29175178959221,-36.375780472025376,1.1999999999999997,3.388210148583347
2021-01-14 12:00:00,1,-33.0,-35.23358322204912,2.3,2.536059637376746
2021-01-14 12:00:00,2,-53.29175178959221,-35.46738867521536,1.5,2.414190652492569
2021-01-14 12:00:00,4,-53.29175178959221,-35.97237773189226,1.5,2.892075734840261
2021-01-14 12:00:00,8,-53.29175178959221,-36.25699867886108,1.6999999999999997,3.511940200346677
2021-01-14 15:00:00,1,-53.29175178959221,-40.74665289356284,1.5,2.4631302416793552
2021-01-14 15:00:00,2,-53.29175178959221,-40.91998597816138,1.8,2.307354540315482
2021-01-14 15:00:00,4,-53.29175178959221,-40.92907149564167,1.4,2.430310296706369
2021-01-14 15:00:00,8,-53.29175178959221,-40.58070854661382,1.5,3.561390789954472
2021-01-14 18:00:00,1,-53.29175178959221,-50.580486664532856,1.8,1.9993118174144233
2021-01-14 18:00:00,2,-53.29175178959221,-49.696171308920384,1.5,1.9967023287706
2021-01-14 18:00:00,4,-53.29175178959221,-46.58552014360755,1.0,2.3082674880996983
2021-01-14 18:00:00,8,-53.29175178959221,-43.920196049892084,1.1,3.0934479046618835
2021-01-14 21:00:00,1,-53.29175178959221,-48.41627064891319,1.5,1.7553390256602217
2021-01-14 21:00:00,2,-53.29175178959221,-47.34363452723939,1.4,1.6977867376246516
2021-01-14 21:00:00,4,-53.29175178959221,-44.118604009934664,1.1999999999999997,2.63217199891947
2021-01-14 21:00:00,8,-53.29175178959221,-41.978402652552674,2.0,2.819739472605761
2021-01-15 00:00:00,1,-53.29175178959221,-44.819479993691125,1.4,1.6342288932970686
2021-01-15 00:00:00,2,-53.29175178959221,-43.546354024364966,1.0,1.9471647006661774
2021-01-15 00:00:00,4,-53.29175178959221,-40.55230927960324,1.6999999999999997,3.046323866932436
2021-01-15 00:00:00,8,-53.29175178959221,-39.283062487605704,2.6,2.849197101592012
2021-01-15 03:00:00,1,-53.29175178959221,-41.30576022057915,1.0,1.9047165210718229
2021-01-15 03:00:00,2,-53.29175178959221,-40.2508567090137,1.1999999999999997,2.3320134081972075
2021-01-15 03:00:00,4,-53.29175178959221,-38.09978371219792,1.5,3.2256320477922418
2021-01-15 03:00:00,8,-42.0,-37.50093499159094,2.1,2.991218281091372
2021-01-15 06:00:00,1,-53.29175178959221,-37.80299062150886,1.1999999999999997,2.2060010202984373
2021-01-15 06:00:00,2,-53.29175178959221,-36.9508656289896,1.6999999999999997,2.606188018414608
2021-01-15 06:00:00,4,-53.29175178959221,-35.39212081882387,1.1,2.8809115063618718
2021-01-15 06:00:00,8,-39.96666666666667,-34.97713818678406,1.9,3.167746482094877
2021-01-15 09:00:00,1,-53.29175178959221,-37.722392498795465,1.6999999999999997,2.0831445460459808
2021-01-15 09:00:00,2,-53.29175178959221,-36.97621573581171,1.5,2.3248879152587936
2021-01-15 09:00:00,4,-53.29175178959221,-35.23223156219241,2.0,2.5509072758470426
2021-01-15 09:00:00,8,-37.93333333333333,-34.25413273562952,3.3,3.3155630298144487
2021-01-15 12:00:00,1,-53.29175178959221,-39.20043255210131,1.5,2.014276653597003
2021-01-15 12:00:00,2,-53.29175178959221,-38.40525451680709,1.1,2.1538516641034597
2021-01-15 12:00:00,4,-53.29175178959221,-36.258139952428785,2.6,2.5649748403725265
2021-01-15 12:00:00,8,-35.9,-34.85701337977494,4.5,3.2510650444209093
2021-01-15 15:00:00,1,-53.29175178959221,-43.175491990931306,1.1,1.8094069478621884
2021-01-15 15:00:00,2,-53.29175178959221,-42.08200637186765,2.0,2.1250391557363675
2021-01-15 15:00:00,4,-42.0,-38.77103990026722,2.1,2.4021824191971985
2021-01-15 15:00:00,8,-35.8,-36.538677099787904,4.2,2.7412677128486607
2021-01-15 18:00:00,1,-53.29175178959221,-46.6941136925268,2.0,1.3321558955403185
2021-01-15 18:00:00,2,-53.29175178959221,-45.740184431914365,2.6,1.7762891564739098
2021-01-15 18:00:00,4,-39.96666666666667,-42.857155920649795,1.9,2.4485624274101783
2021-01-15 18:00:00,8,-37.7,-41.204345383270926,2.4,2.655700479403381
2021-01-15 21:00:00,1,-53.29175178959221,-45.73279065075792,2.6,2.1694643402333718
2021-01-15 21:00:00,2,-42.0,-45.19613773708605,2.1,2.0858836026792704
2021-01-15 21:00:00,4,-37.93333333333333,-43.651068035705094,3.3,2.430033351793904
2021-01-15 21:00:00,8,-39.800000000000004,-43.0877565854138,2.4,2.525782069843558
2021-01-16 00:00:00,1,-42.0,-44.67329754788799,2.1,2.2406757603667247
2021-01-16 00:00:00,2,-39.96666666666667,-44.31133298117631,1.9,1.9601484796139261
2021-01-16 00:00:00,4,-35.9,-43.38186508941517,4.5,2.5878783019377023
2021-01-16 00:00:00,8,-41.9,-43.337476464440854,2.5,2.8807314975007854
2021-01-16 03:00:00,1,-39.96666666666667,-40.109514588859476,1.9,2.3465594678409927
2021-01-16 03:00:00,2,-37.93333333333333,-39.996774916994916,3.3,2.746277835068513
2021-01-16 03:00:00,4,-35.8,-40.1767805612592,4.2,2.981930602333676
2021-01-16 03:00:00,8,-44.0,-40.777808797360066,2.0,3.3459034273742003
2021-01-16 06:00:00,1,-37.93333333333333,-37.43648473705902,3.3,2.7885665873836474
2021-01-16 06:00:00,2,-35.9,-37.43337649578939,4.5,3.0305871681097263
2021-01-16 06:00:00,4,-37.7,-38.057513360133356,2.4,3.2010779007052945
2021-01-16 06:00:00,8,-40.5,-38.62613274121588,2.1,3.4392065762827535
2021-01-16 09:00:00,1,-35.9,-35.62001095886457,4.5,3.6583915986677664
2021-01-16 09:00:00,2,-35.8,-35.66911021930963,4.2,3.426154800800615
2021-01-16 09:00:00,4,-39.800000000000004,-36.01838027908354,2.4,3.620787035762768
2021-01-16 09:00:00,8,-38.53333333333333,-36.03859465485096,2.8,4.793538180698065
2021-01-16 12:00:00,1,-35.8,-36.12052282239138,4.2,4.212032831679749
2021-01-16 12:00:00,2,-37.7,-36.15241363719811,2.4,3.7509926543659082
2021-01-16 12:00:00,4,-41.9,-36.23003464982201,2.5,3.9644076356068396
2021-01-16 12:00:00,8,-36.56666666666667,-35.874986172110596,3.0,5.840621359309885
2021-01-16 15:00:00,1,-37.7,-38.217532306942964,2.4,4.112429172682585
2021-01-16 15:00:00,2,-39.800000000000004,-38.22677201163506,2.4,3.857606661415373
2021-01-16 15:00:00,4,-44.0,-38.087311840065965,2.0,4.445182643981317
2021-01-16 15:00:00,8,-34.6,-37.512468771434285,2.8,6.013359483340853
2021-01-16 18:00:00,1,-39.800000000000004,-40.107711895383204,2.4,3.058742292220797
2021-01-16 18:00:00,2,-41.9,-39.92013378571703,2.5,3.3815958360214826
2021-01-16 18:00:00,4,-40.5,-39.444624747535286,2.1,4.463020903601077
2021-01-16 18:00:00,8,-36.9,-39.23368799578257,2.1,4.421396947044243
2021-01-16 21:00:00,1,-41.9,-40.23929987313869,2.5,3.255556388141373
2021-01-16 21:00:00,2,-44.0,-39.91030182921139,2.0,3.6095812108943446
2021-01-16 21:00:00,4,-38.53333333333333,-39.281921214038,2.8,5.130103243654004
2021-01-16 21:00:00,8,-39.13333333333333,-39.362127384213,2.6,3.6532170504036685
2021-01-17 00:00:00,1,-44.0,-40.758466948291186,2.0,3.3091462951064807
2021-01-17 00:00:00,2,-40.5,-40.422946929404986,2.1,3.794218535157943
2021-01-17 00:00:00,4,-36.56666666666667,-40.039100027134694,3.0,5.348407070410243
2021-01-17 00:00:00,8,-41.36666666666667,-40.44565135659286,2.5,3.7124380461751825
2021-01-17 03:00:00,1,-40.5,-38.91469338759646,2.1,3.0835725844178046
2021-01-17 03:00:00,2,-38.53333333333333,-38.53427318803325,2.8,3.80305149958882
2021-01-17 03:00:00,4,-34.6,-38.470720677734505,2.8,4.438563052723586
2021-01-17 03:00:00,8,-43.6,-39.31018502686251,2.6,3.1881687166617696
2021-01-17 06:00:00,1,-38.53333333333333,-37.26168110994047,2.8,3.741927893868279
2021-01-17 06:00:00,2,-36.56666666666667,-37.02802552098008,3.0,4.2471703907392175
2021-01-17 06:00:00,4,-36.9,-37.38812038762345,2.1,3.4784503475450244
2021-01-17 06:00:00,8,-40.3,-38.19260441370083,2.8,2.420145128071039
2021-01-17 09:00:00,1,-36.56666666666667,-35.62092311311754,3.0,3.9618907374213324
2021-01-17 09:00:00,2,-34.6,-35.68940961419385,2.8,3.7022953786474884
2021-01-17 09:00:00,4,-39.13333333333333,-36.24236530375998,2.6,3.274545403460173
2021-01-17 09:00:00,8,-38.099999999999994,-36.62334749409517,4.3,2.8276962801630114
2021-01-17 12:00:00,1,-34.6,-35.94188757100953,2.8,3.3376562115640165
2021-01-17 12:00:00,2,-36.9,-36.097858743258925,2.1,3.1335986251903396
2021-01-17 12:00:00,4,-41.36666666666667,-36.436105137890195,2.5,3.1727342898276545
2021-01-17 12:00:00,8,-35.9,-36.3963522162837,4.9,3.1119750607523877
2021-01-17 15:00:00,1,-36.9,-38.36911418716302,2.1,3.0578799985888416
2021-01-17 15:00:00,2,-39.13333333333333,-38.55729751766056,2.6,3.0476686013745535
2021-01-17 15:00:00,4,-43.6,-38.56028759676787,2.6,2.6099459166704184
2021-01-17 15:00:00,8,-35.7,-38.3306091732707,4.6,2.2430188614898174
2021-01-17 18:00:00,1,-39.13333333333333,-40.643802097782114,2.6,3.0762397826962444
2021-01-17 18:00:00,2,-41.36666666666667,-40.89910513897847,2.5,2.9131153368828886
2021-01-17 18:00:00,4,-40.3,-41.146633253994814,2.8,2.0337083328863996
2021-01-17 18:00:00,8,-37.8,-41.446378237238726,4.2,2.115927806748698
2021-01-17 21:00:00,1,-41.36666666666667,-43.30516992056305,2.5,3.0317312587887315
2021-01-17 21:00:00,2,-43.6,-43.64611819390576,2.6,2.4938625957372835
2021-01-17 21:00:00,4,-38.099999999999994,-44.0408050335663,4.3,1.8655860284900547
2021-01-17 21:00:00,8,-39.33333333333333,-44.505748645234874,4.1,2.54018565801909
2021-01-18 00:00:00,1,-43.6,-43.73311724741178,2.6,2.556837544072748
2021-01-18 00:00:00,2,-40.3,-43.87996327462644,2.8,2.1808624842548836
2021-01-18 00:00:00,4,-35.9,-43.912364924634886,4.9,2.1526332984411924
2021-01-18 00:00:00,8,-40.86666666666667,-44.17385706933288,3.9,3.1151690449931375
2021-01-18 03:00:00,1,-40.3,-42.95963998142676,2.8,2.394505702441869
2021-01-18 03:00:00,2,-38.099999999999994,-42.88293976906771,4.3,2.260890926091192
2021-01-18 03:00:00,4,-35.7,-42.83082593248167,4.6,2.40620681161406
2021-01-18 03:00:00,8,-42.4,-43.11630355512727,3.9,3.6852840613934217
2021-01-18 06:00:00,1,-38.099999999999994,-40.19565624618774,4.3,3.0016393864960182
2021-01-18 06:00:00,2,-35.9,-40.20767852570211,4.9,2.8171621893387435
2021-01-18 06:00:00,4,-37.8,-40.63015292703297,4.2,2.384478846302291
2021-01-18 06:00:00,8,-39.4,-41.04677181682041,5.0,3.34787840611076
2021-01-18 09:00:00,1,-35.9,-36.224893154759414,4.9,4.091279731109792
2021-01-18 09:00:00,2,-35.7,-36.54564578536042,4.6,3.2552674461928466
2021-01-18 09:00:00,4,-39.33333333333333,-37.5577263206022,4.1,3.0283076246176805
2021-01-18 09:00:00,8,-37.53333333333333,-38.16922559758658,6.2,3.501180065367947
2021-01-18 12:00:00,1,-35.7,-37.20130600900637,4.6,4.037688704421319
2021-01-18 12:00:00,2,-37.8,-37.57350961528288,4.2,3.324565632335238
2021-01-18 12:00:00,4,-40.86666666666667,-38.22254411182742,3.9,3.1630926185258974
2021-01-18 12:00:00,8,-35.666666666666664,-38.31892841122546,7.4,4.016688479317053
2021-01-18 15:00:00,1,-37.8,-38.5905817813814,4.2,3.8593966458558606
2021-01-18 15:00:00,2,-39.33333333333333,-38.93862122546487,4.1,3.518516229033464
2021-01-18 15:00:00,4,-42.4,-39.280310173825,3.9,3.4409146476270203
2021-01-18 15:00:00,8,-33.8,-39.15110417234151,6.8,3.6112377483037057
2021-01-18 18:00:00,1,-39.33333333333333,-40.174170906674455,4.1,3.9594967155451775
2021-01-18 18:00:00,2,-40.86666666666667,-40.15631401014538,3.9,3.68901042743945
2021-01-18 18:00:00,4,-39.4,-39.84165249491141,5.0,4.016176312517539
2021-01-18 18:00:00,8,-35.6,-39.619256895418275,6.8,3.496695519967918
2021-01-18 21:00:00,1,-40.86666666666667,-40.32572973086284,3.9,4.2472095277368584
2021-01-18 21:00:00,2,-42.4,-40.11420072729658,3.9,3.9816141579676705
2021-01-18 21:00:00,4,-37.53333333333333,-39.760163832974726,6.2,4.734263331564675
2021-01-18 21:00:00,8,-38.4,-40.02125609962343,7.4,3.4735880488045128
2021-01-19 00:00:00,1,-42.4,-39.544408370602795,3.9,4.149345598929124
2021-01-19 00:00:00,2,-39.4,-39.20522100167895,5.0,4.05340988707739
2021-01-19 00:00:00,4,-35.666666666666664,-38.85997133742766,7.4,4.528804864620112
2021-01-19 00:00:00,8,-39.3,-39.41016750820319,8.2,2.895160359432288
2021-01-19 03:00:00,1,-39.4,-37.76333857004093,5.0,4.4818687271354705
2021-01-19 03:00:00,2,-37.53333333333333,-37.346678611697065,6.2,4.938899068436205
2021-01-19 03:00:00,4,-33.8,-37.18772456535025,6.8,4.358716432633813
2021-01-19 03:00:00,8,-38.6,-37.8731630949011,9.7,2.788027680523755
2021-01-19 06:00:00,1,-37.53333333333333,-36.29465638358948,6.2,6.015427878998214
2021-01-19 06:00:00,2,-35.666666666666664,-35.98447350250758,7.4,6.054892688984901
2021-01-19 06:00:00,4,-35.6,-36.041349850635626,6.8,4.326623188125204
2021-01-19 06:00:00,8,-36.8,-36.52597610834122,9.7,3.433621089543422
2021-01-19 09:00:00,1,-35.666666666666664,-35.333995121979655,7.4,6.772151006101053
2021-01-19 09:00:00,2,-33.8,-35.28343324452547,6.8,5.843022259486714
2021-01-19 09:00:00,4,-38.4,-35.61362443809173,7.4,4.726881688576303
2021-01-19 09:00:00,8,-35.6,-35.78516851873282,11.8,4.644888612114529
2021-01-19 12:00:00,1,-33.8,-34.965990595471204,6.8,6.694059365766549
2021-01-19 12:00:00,2,-35.6,-35.04424708996803,6.8,5.541003221732162
2021-01-19 12:00:00,4,-39.3,-35.19934069201195,8.2,4.713046173388332
2021-01-19 12:00:00,8,-35.0,-35.02235971090249,11.4,5.0251113691804825
2021-01-19 15:00:00,1,-35.6,-35.9580080601534,6.8,5.536434963680502
2021-01-19 15:00:00,2,-38.4,-36.006493453755226,7.4,4.808927978558031
2021-01-19 15:00:00,4,-38.6,-35.87312439755318,9.7,4.403911346964536
2021-01-19 15:00:00,8,-34.4,-35.5496165711675,10.2,4.14839612683512
2021-01-19 18:00:00,1,-38.4,-37.95538810884927,7.4,5.559102856777587
2021-01-19 18:00:00,2,-39.3,-37.81514115019941,8.2,5.100218573504116
2021-01-19 18:00:00,4,-36.8,-37.202468897603765,9.7,5.3581102731769565
2021-01-19 18:00:00,8,-35.0,-36.86667508834148,7.7333333333333325,3.972192139066163
2021-01-19 21:00:00,1,-39.3,-38.8782158634892,8.2,6.369184108108823
2021-01-19 21:00:00,2,-38.6,-38.66894635102668,9.7,6.055969329661159
2021-01-19 21:00:00,4,-35.6,-38.19193002477446,11.8,6.272838204264097
2021-01-19 21:00:00,8,-38.0,-38.40254399208378,5.266666666666667,3.5942966337056603
2021-01-20 00:00:00,1,-38.6,-38.54008907202222,9.7,7.358563356149252
2021-01-20 00:00:00,2,-36.8,-38.38354293998304,9.7,7.356763267538392
2021-01-20 00:00:00,4,-35.0,-38.25421877633724,11.4,6.2884422425280455
2021-01-20 00:00:00,8,-39.3,-38.93258198616908,2.8,2.6668113344013356
2021-01-20 03:00:00,1,-36.8,-38.00760713857981,9.7,8.3372156543457
2021-01-20 03:00:00,2,-35.6,-37.920873229438,11.8,8.195405782641508
2021-01-20 03:00:00,4,-34.4,-37.988486483314766,10.2,5.804214140593965
2021-01-20 03:00:00,8,-40.6,-38.64260339384075,2.7,2.5787316550039314
2021-01-20 06:00:00,1,-35.6,-35.95778758685054,11.8,8.571346184355193
2021-01-20 06:00:00,2,-35.0,-35.970602417453605,11.4,8.126369398486062
2021-01-20 06:00:00,4,-35.0,-36.34492285563789,7.7333333333333325,5.165455363038416
2021-01-20 06:00:00,8,-37.7,-37.07644174648691,2.8,2.86196690673658
2021-01-20 09:00:00,1,-35.0,-33.925951739824555,11.4,8.765905050776809
2021-01-20 09:00:00,2,-34.4,-34.06818151719811,10.2,7.0994629950833135
2021-01-20 09:00:00,4,-38.0,-34.43859972202211,5.266666666666667,4.5436617807982955
2021-01-20 09:00:00,8,-35.400000000000006,-34.788170951209715,4.3,4.107854409571373
2021-01-20 12:00:00,1,-34.4,-35.44903463300338,10.2,7.790660550663809
2021-01-20 12:00:00,2,-35.0,-35.51238108001906,7.7333333333333325,6.39958960958427
2021-01-20 12:00:00,4,-39.3,-35.76239204144596,2.8,4.564706608216631
2021-01-20 12:00:00,8,-33.1,-36.10847748684533,3.9,3.8206425136253888
2021-01-20 15:00:00,1,-35.0,-36.730014783618415,7.7333333333333325,6.921080185605069
2021-01-20 15:00:00,2,-38.0,-36.73049751928152,5.266666666666667,5.776394666891822
2021-01-20 15:00:00,4,-40.6,-36.559473640355016,2.7,4.764009156017208
2021-01-20 15:00:00,8,-33.0,-36.72556929251188,3.8,3.8586132927211914
2021-01-20 18:00:00,1,-38.0,-37.48533902716758,5.266666666666667,6.100126313751984
2021-01-20 18:00:00,2,-39.3,-37.30934225041007,2.8,5.199039172627492
2021-01-20 18:00:00,4,-37.7,-36.835817471954,2.8,5.135570372967567
2021-01-20 18:00:00,8,-34.9,-36.97771581887229,2.0,3.1444519704742495
2021-01-20 21:00:00,1,-39.3,-37.96029039758329,2.8,4.910370649883054
2021-01-20 21:00:00,2,-40.6,-37.59777176561052,2.7,4.446983639034901
2021-01-20 21:00:00,4,-35.400000000000006,-37.04111125995527,4.3,5.137572331705225
2021-01-20 21:00:00,8,-37.0,-37.45362113259838,2.4,2.569077826705632
2021-01-21 00:00:00,1,-40.6,-38.03563750908365,2.7,3.853737350684669
2021-01-21 00:00:00,2,-37.7,-37.75575889962913,2.8,3.7560766783279007
2021-01-21 00:00:00,4,-33.1,-37.56252629819568,3.9,4.256420318823439
2021-01-21 00:00:00,8,-39.1,-38.3723722926385,2.9,2.4401157675404885
2021-01-21 03:00:00,1,-37.7,-38.500457194582,2.8,4.080534012569396
2021-01-21 03:00:00,2,-35.400000000000006,-38.42085768624034,4.3,4.261142938739092
2021-01-21 03:00:00,4,-33.0,-38.721155293743365,3.8,3.2857973969223737
2021-01-21 03:00:00,8,-41.2,-39.87529412712315,2.5,2.5642006316453436
2021-01-21 06:00:00,1,-35.400000000000006,-37.46861619919631,4.3,4.5264096163802705
2021-01-21 06:00:00,2,-33.1,-37.28657874214104,3.9,4.349520197950987
2021-01-21 06:00:00,4,-34.9,-37.38992308109972,2.0,2.463718789608463
2021-01-21 06:00:00,8,-37.9,-37.92118592686754,2.6,3.4199501736902183
2021-01-21 09:00:00,1,-33.1,-36.43344216623221,3.9,4.796150122069261
2021-01-21 09:00:00,2,-33.0,-36.39446306268867,3.8,3.99613582363813
2021-01-21 09:00:00,4,-37.0,-36.61452423897513,2.4,2.5367307249139577
2021-01-21 09:00:00,8,-35.8,-36.82581691821676,3.7,4.4567405885231715
2021-01-21 12:00:00,1,-33.0,-35.716212251011214,3.8,3.5227878070483376
2021-01-21 12:00:00,2,-34.9,-35.76957399531143,2.0,2.8875012916500093
2021-01-21 12:00:00,4,-39.1,-35.7677554508134,2.9,2.4663532320872945
2021-01-21 12:00:00,8,-33.7,-35.45869511027347,4.7,5.803291915101861
2021-01-21 15:00:00,1,-34.9,-37.27531875267378,2.0,3.0116764801063693
2021-01-21 15:00:00,2,-37.0,-37.24690363464143,2.4,2.464100455315706
2021-01-21 15:00:00,4,-41.2,-36.668718882419455,2.5,2.6642320249682276
2021-01-21 15:00:00,8,-33.1,-35.84004187410946,4.8,5.899910818167191
2021-01-21 18:00:00,1,-37.0,-39.48992840876654,2.4,2.3589782663704755
2021-01-21 18:00:00,2,-39.1,-39.16131655336972,2.9,2.4190455597258627
2021-01-21 18:00:00,4,-37.9,-38.050783880889426,2.6,3.1791813903668986
2021-01-21 18:00:00,8,-35.1,-37.35073070926322,3.3,3.8661752378315297
2021-01-21 21:00:00,1,-39.1,-38.26507672625223,2.9,2.565509001738154
2021-01-21 21:00:00,2,-41.2,-37.80870707636126,2.5,2.668786739699177
2021-01-21 21:00:00,4,-35.8,-36.94866089596107,3.7,4.441245909907947
2021-01-21 21:00:00,8,-36.55,-36.90917023671483,2.6,4.519509561079496
2021-01-22 00:00:00,1,-41.2,-38.598501528260336,2.5,3.485582652133913
2021-01-22 00:00:00,2,-37.9,-38.170681009585806,2.6,3.9077370497415647
2021-01-22 00:00:00,4,-33.7,-37.726042556809354,4.7,5.802039531177339
2021-01-22 00:00:00,8,-38.0,-38.22957187848109,2.9,4.746251409839461
2021-01-22 03:00:00,1,-37.9,-36.86541421160948,2.6,3.673612464929943
2021-01-22 03:00:00,2,-35.8,-36.40350535010958,3.7,4.480955352789972
2021-01-22 03:00:00,4,-33.1,-36.240337813974925,4.8,5.500006843461756
2021-01-22 03:00:00,8,-36.8,-36.98203594280662,2.4,4.201602075326093
2021-01-22 06:00:00,1,-35.8,-34.967286056250714,3.7,4.411406508574132
2021-01-22 06:00:00,2,-33.7,-34.662803778999425,4.7,4.961180177090659
2021-01-22 06:00:00,4,-35.1,-34.83812328482661,3.3,4.204878385894307
2021-01-22 06:00:00,8,-35.4,-35.39714703372812,3.1,4.213524676444063
2021-01-22 09:00:00,1,-33.7,-33.69930230248815,4.7,4.969269058684909
2021-01-22 09:00:00,2,-33.1,-33.67726938222268,4.8,4.66194349193954
2021-01-22 09:00:00,4,-36.55,-34.00567517433644,2.6,3.995322797834268
2021-01-22 09:00:00,8,-32.0,-34.12679427271137,2.6,5.598580037041458
2021-01-22 12:00:00,1,-33.1,-33.892177535430704,4.8,4.238860070519349
2021-01-22 12:00:00,2,-35.1,-33.987527195407516,3.3,3.6174561320154535
2021-01-22 12:00:00,4,-38.0,-34.219096213501686,2.9,3.508382072736354
2021-01-22 12:00:00,8,-31.0,-33.962923527610755,2.8,6.193206677700871
2021-01-22 15:00:00,1,-35.1,-35.001336933024604,3.3,3.8528530891466803
2021-01-22 15:00:00,2,-36.55,-35.04789570697994,2.6,3.3059656409057996
2021-01-22 15:00:00,4,-36.8,-34.88998206406228,2.4,3.5601418185202074
2021-01-22 15:00:00,8,-30.6,-34.31553959398089,2.2,6.089251560423724
2021-01-22 18:00:00,1,-36.55,-36.476107352839136,2.6,3.4462263753334637
2021-01-22 18:00:00,2,-38.0,-36.27805604078647,2.9,3.443549676627615
2021-01-22 18:00:00,4,-35.4,-35.723908642583346,3.1,4.143903263490089
2021-01-22 18:00:00,8,-53.29175178959221,-35.3899823718864,0.6999999999999997,4.548766652942955
2021-01-22 21:00:00,1,-38.0,-36.679516310251316,2.9,3.040116707114427
2021-01-22 21:00:00,2,-36.8,-36.31169479099425,2.4,3.205570204188643
2021-01-22 21:00:00,4,-32.0,-35.90950969753375,2.6,4.596309467211197
2021-01-22 21:00:00,8,-53.29175178959221,-36.38440342787028,0.6000000000000001,4.378164214611613
2021-01-23 00:00:00,1,-36.8,-35.86245810090145,2.4,3.2590064691119203
2021-01-23 00:00:00,2,-35.4,-35.576460997042275,3.1,3.604505084981093
2021-01-23 00:00:00,4,-31.0,-35.61306100631778,2.8,4.900712982533215
2021-01-23 00:00:00,8,-53.29175178959221,-36.67693547570616,1.0,4.492743053902449
2021-01-23 03:00:00,1,-35.4,-34.05986261277087,3.1,3.704232340109772
2021-01-23 03:00:00,2,-32.0,-33.83677677332959,2.6,4.349613401591147
2021-01-23 03:00:00,4,-30.6,-34.25418605270276,2.2,4.268038941707686
2021-01-23 03:00:00,8,-53.29175178959221,-35.46102376947223,1.6999999999999997,4.139304612947074
2021-01-23 06:00:00,1,-32.0,-34.27247380882368,2.6,4.6863464230519485
2021-01-23 06:00:00,2,-31.0,-34.12608385873551,2.8,5.12638757496513
2021-01-23 06:00:00,4,-53.29175178959221,-34.52119651448098,0.6999999999999997,3.793200253397105
2021-01-23 06:00:00,8,-53.29175178959221,-35.36476195524244,1.5999999999999999,3.743714479148549
2021-01-23 09:00:00,1,-31.0,-33.21990688196788,2.8,3.548137744197338
2021-01-23 09:00:00,2,-30.6,-33.33913826774976,2.2,3.6220357739213314
2021-01-23 09:00:00,4,-53.29175178959221,-33.941687481439914,0.6000000000000001,3.040903499399434
2021-01-23 09:00:00,8,-34.5,-34.530606257406646,2.1,3.5042382764855784
2021-01-23 12:00:00,1,-30.6,-33.55031998983898,2.2,3.0720148531565914
2021-01-23 12:00:00,2,-53.29175178959221,-33.75553308172941,0.6999999999999997,2.8871196792629266
2021-01-23 12:00:00,4,-53.29175178959221,-34.15231009476111,1.0,2.809442816455195
2021-01-23 12:00:00,8,-32.6,-34.24526769145207,2.9,3.277927634526771
2021-01-23 15:00:00,1,-53.29175178959221,-34.37528065404404,0.6999999999999997,2.338970196148513
2021-01-23 15:00:00,2,-53.29175178959221,-34.55500674392431,0.6000000000000001,2.3874012176466035
2021-01-23 15:00:00,4,-53.29175178959221,-34.87158911479686,1.6999999999999997,2.3349260752723504
2021-01-23 15:00:00,8,-32.8,-35.212424989985166,3.8,2.338856517566809
2021-01-23 18:00:00,1,-53.29175178959221,-43.96377122924902,0.6000000000000001,1.5529310050849503
2021-01-23 18:00:00,2,-53.29175178959221,-43.663729399597344,1.0,1.9172529438748707
2021-01-23 18:00:00,4,-53.29175178959221,-42.69645249789996,1.5999999999999999,1.956102972413596
2021-01-23 18:00:00,8,-34.6,-42.19478639178763,3.7,1.9150864391226061
2021-01-23 21:00:00,1,-53.29175178959221,-43.07963653925972,1.0,1.7953167755887482
2021-01-23 21:00:00,2,-53.29175178959221,-42.51341354446898,1.6999999999999997,1.8778091420313308
2021-01-23 21:00:00,4,-34.5,-41.25464499836487,2.1,2.415211200360219
2021-01-23 21:00:00,8,-36.5,-40.92992961232042,5.0,2.619630777301998
2021-01-24 00:00:00,1,-53.29175178959221,-45.497848967530885,1.6999999999999997,2.0072365795553484
2021-01-24 00:00:00,2,-53.29175178959221,-44.651215633555225,1.5999999999999999,2.219362305980928
2021-01-24 00:00:00,4,-32.6,-42.76200079594021,2.9,3.060471465018492
2021-01-24 00:00:00,8,-37.7,-42.19006062579609,4.1,3.380356382235827
2021-01-24 03:00:00,1,-53.29175178959221,-43.10853511345617,1.5999999999999999,2.3083570659689587
2021-01-24 03:00:00,2,-34.5,-42.304767985863556,2.1,2.701939455792435
2021-01-24 03:00:00,4,-32.8,-41.136761669934735,3.8,3.6323299706795047
2021-01-24 03:00:00,8,-37.5,-41.2498579897892,3.7,3.2934101028252933
2021-01-24 06:00:00,1,-34.5,-41.50417106262569,2.1,2.4202885593021772
2021-01-24 06:00:00,2,-32.6,-40.6720817616284,2.9,2.9838101379833444
2021-01-24 06:00:00,4,-34.6,-39.56548446555392,3.7,3.6710526973355755
2021-01-24 06:00:00,8,-34.9,-39.391405662431026,3.4,3.3100781448875143
2021-01-24 09:00:00,1,-32.6,-34.33819502710146,2.9,2.4275104550903666
2021-01-24 09:00:00,2,-32.8,-34.12463132874025,3.8,2.6831413799675774
2021-01-24 09:00:00,4,-36.5,-33.99483163444124,5.0,2.8580960230611483
2021-01-24 09:00:00,8,-32.65,-34.11218251263996,4.5,3.3276955257433385
2021-01-24 12:00:00,1,-32.8,-33.93130362117615,3.8,2.4510781792122396
2021-01-24 12:00:00,2,-34.6,-34.027259942986305,3.7,2.2147763456360576
2021-01-24 12:00:00,4,-37.7,-34.12669052056886,4.1,2.503378964662396
2021-01-24 12:00:00,8,-30.4,-33.86624382280693,4.3,4.05564565471785
2021-01-24 15:00:00,1,-34.6,-34.27308047065702,3.7,2.52371985932479
2021-01-24 15:00:00,2,-36.5,-34.3975167555886,5.0,2.1383705821291046
2021-01-24 15:00:00,4,-37.5,-34.32824634943549,3.7,2.633932097410124
2021-01-24 15:00:00,8,-30.8,-33.94336048473803,4.4,4.04120554223253
2021-01-24 18:00:00,1,-36.5,-34.8145312004194,5.0,2.7175239788777223
2021-01-24 18:00:00,2,-37.7,-34.90458229611785,4.1,2.4700427738976334
2021-01-24 18:00:00,4,-34.9,-34.940577084562,3.4,2.6485541916024604
2021-01-24 18:00:00,8,-34.1,-35.14757990091088,3.7,3.24995123959294
2021-01-24 21:00:00,1,-37.7,-35.6438393675964,4.1,3.571537469824227
2021-01-24 21:00:00,2,-37.5,-35.60725665034464,3.7,3.116209001399127
2021-01-24 21:00:00,4,-32.65,-35.309289143042356,4.5,3.643834461760684
2021-01-24 21:00:00,8,-36.25,-35.61612457652605,4.1,3.6010606092923942
2021-01-25 00:00:00,1,-37.5,-35.22237799065708,3.7,3.200987203112668
2021-01-25 00:00:00,2,-34.9,-35.0542101776538,3.4,3.0199696312346296
2021-01-25 00:00:00,4,-30.4,-35.06485918228178,4.3,3.5404151054539725
2021-01-25 00:00:00,8,-38.4,-35.85076004683245,4.0,3.3820425789843407
2021-01-25 03:00:00,1,-34.9,-34.39519674240172,3.4,3.4000220703786277
2021-01-25 03:00:00,2,-32.65,-34.08300078155456,4.5,3.4627529056903166
2021-01-25 03:00:00,4,-30.8,-34.29370120898265,4.4,3.320252804511373
2021-01-25 03:00:00,8,-38.3,-35.268301282739486,3.8,3.2419296480409567
2021-01-25 06:00:00,1,-32.65,-33.81887664674113,4.5,3.9301208796847877
2021-01-25 06:00:00,2,-30.4,-33.59955326346814,4.3,4.02839862625641
2021-01-25 06:00:00,4,-34.1,-34.05665782436863,3.7,3.11150504353957
2021-01-25 06:00:00,8,-35.6,-34.95754344186779,3.4,3.1058337513323164
2021-01-25 09:00:00,1,-30.4,-31.865830464944356,4.3,4.8252510925034375
2021-01-25 09:00:00,2,-30.8,-31.912433909961056,4.4,3.9128153684464078
2021-01-25 09:00:00,4,-36.25,-32.56948470051715,4.1,3.1233397197132478
2021-01-25 09:00:00,8,-33.766666666666666,-33.15236856019404,2.9,3.697954531079399
2021-01-25 12:00:00,1,-30.8,-33.150813719058235,4.4,3.4252474383031877
2021-01-25 12:00:00,2,-34.1,-33.35905579710942,3.7,2.7563607840167
2021-01-25 12:00:00,4,-38.4,-33.91990529551887,4.0,2.7819305735165516
2021-01-25 12:00:00,8,-31.933333333333334,-34.04724808144296,3.5,3.767718468821786
2021-01-25 15:00:00,1,-34.1,-34.83111136919471,3.7,3.220653331146791
2021-01-25 15:00:00,2,-36.25,-35.071505083410905,4.1,2.6264026509374725
2021-01-25 15:00:00,4,-38.3,-35.18002550147969,3.8,2.6044251472756197
2021-01-25 15:00:00,8,-30.1,-34.85943714510434,3.0,3.7617729776903226
2021-01-25 18:00:00,1,-36.25,-35.45160105752875,4.1,3.2698604808978335
2021-01-25 18:00:00,2,-38.4,-35.489349545381856,4.0,2.9537006700377404
2021-01-25 18:00:00,4,-35.6,-35.37401318795037,3.4,3.002446067200808
2021-01-25 18:00:00,8,-32.8,-35.24971235720486,2.3,3.6945497455850047
2021-01-25 21:00:00,1,-38.4,-38.200880088068686,4.0,3.8741893112409147
2021-01-25 21:00:00,2,-38.3,-38.44756521692707,3.8,3.416206511917201
2021-01-25 21:00:00,4,-33.766666666666666,-38.88678262025691,2.9,3.710507749732933
2021-01-25 21:00:00,8,-35.25,-39.40204890305108,3.0,4.074970533726217
2021-01-26 00:00:00,1,-38.3,-38.314271092827944,3.8,3.519741506321507
2021-01-26 00:00:00,2,-35.6,-38.300453324847204,3.4,3.373611808522413
2021-01-26 00:00:00,4,-31.933333333333334,-38.56010891252242,3.5,4.034639004534271
2021-01-26 00:00:00,8,-37.7,-39.24991079606697,3.1,4.775865106934835
2021-01-26 03:00:00,1,-35.6,-37.7539187401014,3.4,3.5329038011658542
2021-01-26 03:00:00,2,-33.766666666666666,-37.778376866698245,2.9,3.6087532287855253
2021-01-26 03:00:00,4,-30.1,-38.347133142968815,3.0,3.52638275889435
2021-01-26 03:00:00,8,-37.3,-39.139731784719864,3.0,4.833658188814203
2021-01-26 06:00:00,1,-33.766666666666666,-36.896770414681846,2.9,3.4245562623955923
2021-01-26 06:00:00,2,-31.933333333333334,-37.04223091849329,3.5,3.2468537915023665
2021-01-26 06:00:00,4,-32.8,-37.93861916881466,2.3,3.0150160817048284
2021-01-26 06:00:00,8,-34.3,-38.7680080321025,3.1,4.255995463786374
2021-01-26 09:00:00,1,-31.933333333333334,-32.51415022450709,3.5,2.8181952141238975
2021-01-26 09:00:00,2,-30.1,-33.05782153831977,3.0,2.286853471891624
2021-01-26 09:00:00,4,-35.25,-34.823099398189086,3.0,2.724353918167736
2021-01-26 09:00:00,8,-32.666666666666664,-35.95333344973213,2.2,4.261035072054858
2021-01-26 12:00:00,1,-30.1,-32.728066968353275,3.0,2.55869255244869
2021-01-26 12:00:00,2,-32.8,-33.326552556461436,2.3,1.8426241280292184
2021-01-26 12:00:00,4,-37.7,-34.734398521345355,3.1,2.344409065777131
2021-01-26 12:00:00,8,-31.03333333333333,-35.3485622109897,2.7,4.15586681449115
2021-01-26 15:00:00,1,-32.8,-35.67411770118815,2.3,2.196534559043341
2021-01-26 15:00:00,2,-35.25,-36.09410349210053,3.0,1.7698163022972533
2021-01-26 15:00:00,4,-37.3,-36.695729023521864,3.0,2.0909906076303413
2021-01-26 15:00:00,8,-29.4,-36.719721706479355,2.8,3.9573112554759358
2021-01-26 18:00:00,1,-35.25,-37.1498881763764,3.0,2.4408667286777916
2021-01-26 18:00:00,2,-37.7,-37.52547813730457,3.1,2.2887474039845666
2021-01-26 18:00:00,4,-34.3,-37.97118293154579,3.1,2.065420178288566
2021-01-26 18:00:00,8,-32.4,-38.13251751316261,3.0,3.31667523503761
2021-01-26 21:00:00,1,-37.7,-38.23684173346731,3.1,2.696987185946481
2021-01-26 21:00:00,2,-37.3,-38.75642381718988,3.0,2.2320814036530754
2021-01-26 21:00:00,4,-32.666666666666664,-39.51271353206526,2.2,2.0045256759666836
2021-01-26 21:00:00,8,-34.25,-40.176665281100846,3.3,3.278549267615329
2021-01-27 00:00:00,1,-37.3,-39.862510998563636,3.0,2.5178439776625643
2021-01-27 00:00:00,2,-34.3,-40.30096178884042,3.1,2.1249771977101286
2021-01-27 00:00:00,4,-31.03333333333333,-40.94880529724896,2.7,2.055162979056603
2021-01-27 00:00:00,8,-36.1,-41.70284560803446,2.7,3.09575672092192
2021-01-27 03:00:00,1,-34.3,-39.1650516305004,3.1,2.488332761915238
2021-01-27 03:00:00,2,-32.666666666666664,-39.49965229012372,2.2,2.3005700831221825
2021-01-27 03:00:00,4,-29.4,-40.29371498988587,2.8,2.129181598988076
2021-01-27 03:00:00,8,-37.0,-41.11278483799902,3.8,2.780424438949284
2021-01-27 06:00:00,1,-32.666666666666664,-35.91171875356821,2.2,3.0301631128750652
2021-01-27 06:00:00,2,-31.03333333333333,-36.36287629929959,2.7,2.8238268361319068
2021-01-27 06:00:00,4,-32.4,-37.66189347169113,3.0,2.3949022977939896
2021-01-27 06:00:00,8,-36.3,-38.724308206074355,3.7,2.4459489930744946
2021-01-27 09:00:00,1,-31.03333333333333,-31.63579467295629,2.7,2.6279236618294566
2021-01-27 09:00:00,2,-29.4,-32.29893513787746,2.8,2.3602385416787186
2021-01-27 09:00:00,4,-34.25,-34.17138319696083,3.3,2.6692697137109413
2021-01-27 09:00:00,8,-33.5,-35.475932375951395,4.6,3.1233709653271684
2021-01-27 12:00:00,1,-29.4,-32.41894610573021,2.8,2.5043615485759303
2021-01-27 12:00:00,2,-32.4,-33.147463389456064,3.0,2.3094220828502774
2021-01-27 12:00:00,4,-36.1,-34.76244041986504,2.7,2.508919249235855
2021-01-27 12:00:00,8,-31.7,-35.77937569077551,3.2,2.571304796519648
2021-01-27 15:00:00,1,-32.4,-36.44795161516308,3.0,2.4858033601521465
2021-01-27 15:00:00,2,-34.25,-37.315754709218524,3.3,2.456599481808641
2021-01-27 15:00:00,4,-37.0,-38.76155234323466,3.8,2.270936124365905
2021-01-27 15:00:00,8,-31.5,-39.50365683462456,2.4,2.087544525671814
2021-01-27 18:00:00,1,-34.25,-39.31694332614603,3.3,3.1096762686824824
2021-01-27 18:00:00,2,-36.1,-40.05554330072195,2.7,2.8712808723332914
2021-01-27 18:00:00,4,-36.3,-41.11843428625937,3.7,1.919242532335345
2021-01-27 18:00:00,8,-34.4,-41.827815063698424,2.5,1.9995039832720518
2021-01-27 21:00:00,1,-36.1,-41.45713531701516,2.7,3.013529835557343
2021-01-27 21:00:00,2,-37.0,-42.27230797527495,3.8,2.424137315111095
2021-01-27 21:00:00,4,-33.5,-43.62694061906253,4.6,1.6715839311820238
2021-01-27 21:00:00,8,-34.349999999999994,-44.73649052819286,2.6,2.354306140646602
2021-01-28 00:00:00,1,-37.0,-42.915473270757275,3.8,2.402249922520106
2021-01-28 00:00:00,2,-36.3,-43.61873267178771,3.7,1.9172373743880704
2021-01-28 00:00:00,4,-31.7,-44.81202352894857,3.2,1.4528706055948777
2021-01-28 00:00:00,8,-34.3,-45.7942039936182,2.7,2.5076990706881386
2021-01-28 03:00:00,1,-36.3,-38.8380853993641,3.7,3.1327828800583033
2021-01-28 03:00:00,2,-33.5,-39.32525934856932,4.6,2.870353901346923
2021-01-28 03:00:00,4,-31.5,-40.46142456425969,2.4,2.617406260215355
2021-01-28 03:00:00,8,-32.233333333333334,-41.7263512323229,2.7,3.0636982411578106
2021-01-28 06:00:00,1,-33.5,-38.75774665700699,4.6,3.6961430319542403
2021-01-28 06:00:00,2,-31.7,-39.253331734766135,3.2,3.604271416043711
2021-01-28 06:00:00,4,-34.4,-40.48155103890637,2.5,3.387941494955805
2021-01-28 06:00:00,8,-30.166666666666668,-41.42945006648539,3.1,3.493544878352451
2021-01-28 09:00:00,1,-31.7,-36.85388619577405,3.2,4.071145025507179
2021-01-28 09:00:00,2,-31.5,-37.38103642189258,2.4,3.684874329286814
2021-01-28 09:00:00,4,-34.349999999999994,-38.657085463734006,2.6,3.5455686389099026
2021-01-28 09:00:00,8,-28.1,-39.433935394851886,2.7,3.723713607148224
2021-01-28 12:00:00,1,-31.5,-38.04121850974998,2.4,2.8653646806298982
2021-01-28 12:00:00,2,-34.4,-38.760820314229115,2.5,2.9746128902174735
2021-01-28 12:00:00,4,-34.3,-40.030985744988534,2.7,3.48584062839936
2021-01-28 12:00:00,8,-53.29175178959221,-40.521906299340266,1.9,3.5152436908665905
2021-01-28 15:00:00,1,-34.4,-38.59706052628091,2.5,2.699654367003721
2021-01-28 15:00:00,2,-34.349999999999994,-39.22746286723144,2.6,2.9660619361142873
2021-01-28 15:00:00,4,-32.233333333333334,-40.18996861137493,2.7,3.303582789603222
2021-01-28 15:00:00,8,-53.29175178959221,-40.665663538812026,0.2999999999999998,2.9802181720663072
2021-01-28 18:00:00,1,-34.349999999999994,-40.49141037444962,2.6,2.938415059770951
2021-01-28 18:00:00,2,-34.3,-41.07202105350396,2.7,2.9929648895814767
2021-01-28 18:00:00,4,-30.166666666666668,-41.9325254725336,3.1,2.775792623266578
2021-01-28 18:00:00,8,-53.29175178959221,-42.713466408271074,1.1999999999999997,2.883940677987214
2021-01-28 21:00:00,1,-34.3,-39.083637900666645,2.7,2.9230897793049175
2021-01-28 21:00:00,2,-32.233333333333334,-39.56014987622608,2.7,2.720346748162643
2021-01-28 21:00:00,4,-28.1,-40.3391958943606,2.7,2.3582583375664523
2021-01-28 21:00:00,8,-53.29175178959221,-41.185942346991645,0.6999999999999997,2.737446043681162
2021-01-29 00:00:00,1,-32.233333333333334,-40.81124940979567,2.7,2.583663023347059
2021-01-29 00:00:00,2,-30.166666666666668,-41.592310669198426,3.1,2.3544849764641618
2021-01-29 00:00:00,4,-53.29175178959221,-42.78100833254986,1.9,2.0617048295206546
2021-01-29 00:00:00,8,-53.29175178959221,-43.9887452345545,1.9,2.7042596825667706
2021-01-29 03:00:00,1,-30.166666666666668,-35.739010343327756,3.1,2.8914528487279365
2021-01-29 03:00:00,2,-28.1,-36.29234645741646,2.7,2.6658690605289683
2021-01-29 03:00:00,4,-53.29175178959221,-37.67815950203492,0.2999999999999998,2.240908556186482
2021-01-29 03:00:00,8,-53.29175178959221,-39.21471576372141,1.9,2.3399140696256886
2021-01-29 06:00:00,1,-28.1,-33.476007517759854,2.7,3.3166038660030828
2021-01-29 06:00:00,2,-53.29175178959221,-34.24014204741125,1.9,2.9470410353396432
2021-01-29 06:00:00,4,-53.29175178959221,-36.273405927398855,1.1999999999999997,2.4622578172169476
2021-01-29 06:00:00,8,-53.29175178959221,-38.06669542474628,3.3,2.087245612853317
2021-01-29 09:00:00,1,-53.29175178959221,-36.97877927833311,1.9,2.2309595474809045
2021-01-29 09:00:00,2,-53.29175178959221,-38.10438627252021,0.2999999999999998,2.1574137707307433
2021-01-29 09:00:00,4,-53.29175178959221,-40.67711518154254,0.6999999999999997,2.317644371485533
2021-01-29 09:00:00,8,-53.29175178959221,-42.68295535285964,4.5,1.489804627494307
2021-01-29 12:00:00,1,-53.29175178959221,-51.4783411343683,0.2999999999999998,1.1424190911332683
2021-01-29 12:00:00,2,-53.29175178959221,-51.23320220063385,1.1999999999999997,1.3614066956248654
2021-01-29 12:00:00,4,-53.29175178959221,-49.72672109126001,1.9,2.35594850822337
2021-01-29 12:00:00,8,-25.400000000000002,-47.77302717907348,5.3,2.503626903407671
2021-01-29 15:00:00,1,-53.29175178959221,-50.93044660400441,1.1999999999999997,0.8641369090489786
2021-01-29 15:00:00,2,-53.29175178959221,-50.21561073344699,0.6999999999999997,1.55068366696971
2021-01-29 15:00:00,4,-53.29175178959221,-46.96265846116262,1.9,2.4673959611416185
2021-01-29 15:00:00,8,-25.2,-43.793384273197425,3.0,2.626343465559568
2021-01-29 18:00:00,1,-53.29175178959221,-51.068103541721506,0.6999999999999997,1.5875980670501586
2021-01-29 18:00:00,2,-53.29175178959221,-50.1321327682777,1.9,1.7521730878237762
2021-01-29 18:00:00,4,-53.29175178959221,-46.87022899169712,3.3,1.8474409646680763
2021-01-29 18:00:00,8,-26.5,-44.29915867595311,4.1,2.5239580938008954
2021-01-29 21:00:00,1,-53.29175178959221,-50.21012591966279,1.9,1.2734045437405004
2021-01-29 21:00:00,2,-53.29175178959221,-49.41976425335955,1.9,1.3880239063531445
2021-01-29 21:00:00,4,-53.29175178959221,-46.67384599968614,4.5,1.6594751360643758
2021-01-29 21:00:00,8,-28.3,-44.84795995681255,3.6,2.438232499479601
2021-01-30 00:00:00,1,-53.29175178959221,-46.0880862603088,1.9,1.7409425823861662
2021-01-30 00:00:00,2,-53.29175178959221,-45.41695039590478,3.3,1.568862855694264
2021-01-30 00:00:00,4,-25.400000000000002,-43.73632996132491,5.3,2.1337508168026202
2021-01-30 00:00:00,8,-29.2,-43.25644315912967,2.2,2.7584041725188913
2021-01-30 03:00:00,1,-53.29175178959221,-41.90743690757076,3.3,1.873969770570621
2021-01-30 03:00:00,2,-53.29175178959221,-41.196282256695035,4.5,2.007271664220809
2021-01-30 03:00:00,4,-25.2,-39.960618736329074,3.0,2.865114395797571
2021-01-30 03:00:00,8,-30.866666666666667,-39.98328281546153,2.7,3.4680895605716886
2021-01-30 06:00:00,1,-53.29175178959221,-37.119183306198735,4.5,3.289741702458503
2021-01-30 06:00:00,2,-25.400000000000002,-36.559110507856204,5.3,3.2926414393947794
2021-01-30 06:00:00,4,-26.5,-35.83045921094626,4.1,3.8809885914387703
2021-01-30 06:00:00,8,-32.53333333333333,-36.00625280642467,3.2,4.643594745105313
2021-01-30 09:00:00,1,-25.400000000000002,-37.17119771364819,5.3,4.37224807622838
2021-01-30 09:00:00,2,-25.2,-36.665319558749985,3.0,4.002853550650846
2021-01-30 09:00:00,4,-28.3,-35.79628152599817,3.6,4.259904044815119
2021-01-30 09:00:00,8,-34.2,-35.463652157082706,4.0,5.397884446733556
2021-01-30 12:00:00,1,-25.2,-33.7541958318925,3.0,4.4581552790155685
2021-01-30 12:00:00,2,-26.5,-33.72030346533634,4.1,4.136637111968872
2021-01-30 12:00:00,4,-29.2,-33.641487862071486,2.2,4.316634669180863
2021-01-30 12:00:00,8,-32.2,-33.40044569696455,4.9,5.817003087676071
2021-01-30 15:00:00,1,-26.5,-31.16380744361227,4.1,2.9533632067433646
2021-01-30 15:00:00,2,-28.3,-31.277761880145484,3.6,2.962100994688152
2021-01-30 15:00:00,4,-30.866666666666667,-31.258592230813143,2.7,3.6088607555537386
2021-01-30 15:00:00,8,-32.8,-31.111973161410244,4.5,4.973370232132566
2021-01-30 18:00:00,1,-28.3,-31.14289850489076,3.6,3.6066585262940904
2021-01-30 18:00:00,2,-29.2,-31.15000840865726,2.2,3.4579709937564385
2021-01-30 18:00:00,4,-32.53333333333333,-31.069019774407437,3.2,4.310468299285463
2021-01-30 18:00:00,8,-35.0,-31.485636502691914,3.3,4.357823799830661
2021-01-30 21:00:00,1,-29.2,-32.73174440540477,2.2,3.653723791876875
2021-01-30 21:00:00,2,-30.866666666666667,-32.58356040785221,2.7,4.020432620971514
2021-01-30 21:00:00,4,-34.2,-32.34666832844603,4.0,5.382530586661615
2021-01-30 21:00:00,8,-37.7,-32.89663393890485,4.1,4.478151778762751
2021-01-31 00:00:00,1,-30.866666666666667,-31.663121834494177,2.7,3.4164043963620188
2021-01-31 00:00:00,2,-32.53333333333333,-31.55774280074054,3.2,4.114053091483899
2021-01-31 00:00:00,4,-32.2,-31.602059375615887,4.9,5.514346980646562
2021-01-31 00:00:00,8,-37.7,-32.507217563984064,3.1,4.524572950139462
2021-01-31 03:00:00,1,-32.53333333333333,-33.15471883442249,3.2,4.197471202549163
2021-01-31 03:00:00,2,-34.2,-32.90245270489778,4.0,5.05982492632545
2021-01-31 03:00:00,4,-32.8,-33.08145541178438,4.5,6.179852110358575
2021-01-31 03:00:00,8,-39.0,-34.06425478680417,2.5,4.621750008642543
2021-01-31 06:00:00,1,-34.2,-34.14223604992293,4.0,4.767081783573174
2021-01-31 06:00:00,2,-32.2,-34.02873264700928,4.9,5.362640780555141
2021-01-31 06:00:00,4,-35.0,-34.469268567150294,3.3,5.6323048251343
2021-01-31 06:00:00,8,-37.2,-35.25355406848202,2.8,4.69935984800881
2021-01-31 09:00:00,1,-32.2,-35.493403083949985,4.9,4.894218160450525
2021-01-31 09:00:00,2,-32.8,-35.50014553221173,4.5,5.179704749310435
2021-01-31 09:00:00,4,-37.7,-35.91092332047557,4.1,5.458342043662151
2021-01-31 09:00:00,8,-35.3,-36.29477310474982,3.1,5.013572353295526
2021-01-31 12:00:00,1,-32.8,-35.49534987762419,4.5,4.996854456883449
2021-01-31 12:00:00,2,-35.0,-35.68304903145665,3.3,4.701752536880958
2021-01-31 12:00:00,4,-37.7,-36.168238720936195,3.1,4.886842169399143
2021-01-31 12:00:00,8,-33.3,-36.2590564296877,3.0,5.281310047124295
2021-01-31 15:00:00,1,-35.0,-37.046381004194046,3.3,4.569189873932813
2021-01-31 15:00:00,2,-37.7,-37.1760164242674,4.1,4.413546299926098
2021-01-31 15:00:00,4,-39.0,-37.28598649032749,2.5,4.816276563047032
2021-01-31 15:00:00,8,-33.7,-36.986808541362485,3.6,4.980224218814863
2021-01-31 18:00:00,1,-37.7,-37.830934531893945,4.1,3.4512589586708313
2021-01-31 18:00:00,2,-37.7,-37.75606295104679,3.1,3.4074587531024423
2021-01-31 18:00:00,4,-37.2,-37.564501911909474,2.8,3.955407965694865
2021-01-31 18:00:00,8,-36.8,-37.55567577478547,3.2,3.8035145851808023
2021-01-31 21:00:00,1,-37.7,-37.82565758264528,3.1,4.139901105580062
2021-01-31 21:00:00,2,-39.0,-37.58994712486222,2.5,4.113348625526355
2021-01-31 21:00:00,4,-35.3,-37.30173664196265,3.1,5.211760829667332
2021-01-31 21:00:00,8,-38.06666666666666,-37.761358633321194,3.2,4.043337388880616
2021-02-01 00:00:00,1,-39.0,-36.17517138145922,2.5,3.6755634229342986
2021-02-01 00:00:00,2,-37.2,-36.062717027986594,2.8,3.9878352343475116
2021-02-01 00:00:00,4,-33.3,-36.329766396818265,3.0,4.651522173254252
2021-02-01 00:00:00,8,-39.333333333333336,-37.32558522472219,2.2,3.767811392531104
2021-02-01 03:00:00,1,-37.2,-35.997288333110646,2.8,2.9085383343249447
2021-02-01 03:00:00,2,-35.3,-35.959603249344624,3.1,3.464574135744725
2021-02-01 03:00:00,4,-33.7,-36.407727485909305,3.6,3.9400405623022148
2021-02-01 03:00:00,8,-40.6,-37.48715613066364,2.0,3.1274604083395645
2021-02-01 06:00:00,1,-35.3,-36.76967404009625,3.1,3.257307528845101
2021-02-01 06:00:00,2,-33.3,-37.024943217746085,3.0,3.5531911024021525
2021-02-01 06:00:00,4,-36.8,-38.057893784655924,3.2,3.231780235512988
2021-02-01 06:00:00,8,-38.7,-39.1358064953279,2.0,2.28750973642428
2021-02-01 09:00:00,1,-33.3,-36.97872452025789,3.0,3.2112251537667724
2021-02-01 09:00:00,2,-33.7,-37.51608856840661,3.6,3.2967715123693044
2021-02-01 09:00:00,4,-38.06666666666666,-38.874940465989965,3.2,3.0203100271378207
2021-02-01 09:00:00,8,-36.8,-39.82635625889978,2.4,1.8691204086339959
2021-02-01 12:00:00,1,-33.7,-37.364718515477534,3.6,2.939767099075026
2021-02-01 12:00:00,2,-36.8,-38.05753353416107,3.2,3.0361974087334658
2021-02-01 12:00:00,4,-39.333333333333336,-39.498508134552054,2.2,2.9627296393777858
2021-02-01 12:00:00,8,-35.1,-40.36952466302163,2.9,1.8608863895634797
2021-02-01 15:00:00,1,-36.8,-37.83479785820079,3.2,3.245312092388196
2021-02-01 15:00:00,2,-38.06666666666666,-38.440994247900875,3.2,3.1613255617543277
2021-02-01 15:00:00,4,-40.6,-39.45616140938259,2.0,2.9470372496082637
2021-02-01 15:00:00,8,-34.8,-40.0978986719033,2.2,2.5702768904698803
2021-02-01 18:00:00,1,-38.06666666666666,-39.33385348437463,3.2,2.975510481795531
2021-02-01 18:00:00,2,-39.333333333333336,-39.74677548358385,2.2,2.9103075505630054
2021-02-01 18:00:00,4,-38.7,-40.528088918333005,2.0,2.9724785375218543
2021-02-01 18:00:00,8,-38.5,-41.18325487830001,2.9,3.1307012610011955
2021-02-01 21:00:00,1,-39.333333333333336,-41.09228658484165,2.2,3.428910773254752
2021-02-01 21:00:00,2,-40.6,-41.21510390404934,2.0,3.3274454008714915
2021-02-01 21:00:00,4,-36.8,-41.62000096323513,2.4,3.8721121177571094
2021-02-01 21:00:00,8,-38.2,-42.24278616772239,2.3,4.04325644887732
2021-02-02 00:00:00,1,-40.6,-39.62499784730432,2.0,2.558117867761254
2021-02-02 00:00:00,2,-38.7,-39.62270089014911,2.0,2.815081156803399
2021-02-02 00:00:00,4,-35.1,-40.044895737095956,2.9,3.7774767246539827
2021-02-02 00:00:00,8,-37.9,-40.9590645108415,1.5999999999999999,3.8179150807870386
2021-02-02 03:00:00,1,-38.7,-40.07210041346559,2.0,2.10221119551814
2021-02-02 03:00:00,2,-36.8,-40.177292116961894,2.4,2.5090762237877025
2021-02-02 03:00:00,4,-34.8,-40.799093117097215,2.2,3.00043051182228
2021-02-02 03:00:00,8,-37.599999999999994,-41.64723301864237,1.8,3.270216233007184
2021-02-02 06:00:00,1,-36.8,-37.672378202093455,2.4,2.884564523862423
2021-02-02 06:00:00,2,-35.1,-37.88966689057149,2.9,3.1414933414209503
2021-02-02 06:00:00,4,-38.5,-38.96912291436344,2.9,2.8394756633304845
2021-02-02 06:00:00,8,-37.3,-39.96649802440514,2.2,2.6443735711159952
2021-02-02 09:00:00,1,-35.1,-39.39610188788198,2.9,2.2093231862044864
2021-02-02 09:00:00,2,-34.8,-39.86851853581588,2.2,2.2931103794191694
2021-02-02 09:00:00,4,-38.2,-40.98847319973867,2.3,2.6898602533637397
2021-02-02 09:00:00,8,-36.36666666666667,-41.540539791083496,1.9,3.057629767076674
2021-02-02 12:00:00,1,-34.8,-39.26903577433795,2.2,2.46512761488323
2021-02-02 12:00:00,2,-38.5,-39.7723820887583,2.9,2.372506124233663
2021-02-02 12:00:00,4,-37.9,-40.69069014068975,1.5999999999999999,2.7841760454261824
2021-02-02 12:00:00,8,-35.43333333333333,-40.91023976127351,1.6999999999999997,3.963838682836633
2021-02-02 15:00:00,1,-38.5,-40.356902926683816,2.9,2.0002200730245354
2021-02-02 15:00:00,2,-38.2,-40.82722147573566,2.3,2.241393129803055
2021-02-02 15:00:00,4,-37.599999999999994,-41.525514463444,1.8,2.6408022934211446
2021-02-02 15:00:00,8,-34.5,-41.67718928829172,2.3,3.245964597849553
2021-02-02 18:00:00,1,-38.2,-41.4821813724196,2.3,3.074007587506522
2021-02-02 18:00:00,2,-37.9,-41.85576473809142,1.5999999999999999,2.9419147284905534
2021-02-02 18:00:00,4,-37.3,-42.29899821393792,2.2,2.295648525688546
2021-02-02 18:00:00,8,-36.775,-42.82826599246522,2.7,2.280016867581576
2021-02-02 21:00:00,1,-37.9,-40.60280703246934,1.5999999999999999,2.6633241959193974
2021-02-02 21:00:00,2,-37.599999999999994,-40.81630660624248,1.8,2.6119253743004407
2021-02-02 21:00:00,4,-36.36666666666667,-41.220043658834825,1.9,2.502258494814392
2021-02-02 21:00:00,8,-39.05,-41.9772167079236,3.2,3.0756334258336055
2021-02-03 00:00:00,1,-37.599999999999994,-40.53785675025056,1.8,2.049392458031079
2021-02-03 00:00:00,2,-37.3,-41.01708645554319,2.2,1.9756591009570732
2021-02-03 00:00:00,4,-35.43333333333333,-41.92639040660619,1.6999999999999997,2.0642989619583183
2021-02-03 00:00:00,8,-41.325,-43.097563324384794,3.2,2.560689392450962
2021-02-03 03:00:00,1,-37.3,-39.06564266794754,2.2,2.2309084667673615
2021-02-03 03:00:00,2,-36.36666666666667,-39.41560440867157,1.9,2.2700097399012993
2021-02-03 03:00:00,4,-34.5,-40.16562000092853,2.3,2.4906610400337748
2021-02-03 03:00:00,8,-43.6,-41.20983704181453,2.5,3.0441825826159814
2021-02-03 06:00:00,1,-36.36666666666667,-38.461322462824675,1.9,2.5220605359370545
2021-02-03 06:00:00,2,-35.43333333333333,-38.8177499794304,1.6999999999999997,2.8916606907126856
2021-02-03 06:00:00,4,-36.775,-39.65453406487667,2.7,3.021158084286983
2021-02-03 06:00:00,8,-40.2,-40.54931920049593,2.4,3.2740976207541896
2021-02-03 09:00:00,1,-35.43333333333333,-37.37498709558294,1.6999999999999997,2.686319688081207
2021-02-03 09:00:00,2,-34.5,-37.70762511051028,2.3,2.898934253736181
2021-02-03 09:00:00,4,-39.05,-38.76341699979604,3.2,3.0778478120897965
2021-02-03 09:00:00,8,-38.5,-39.606767731262565,2.6,3.371520431875975
2021-02-03 12:00:00,1,-34.5,-38.3802041383967,2.3,2.2755713525388686
2021-02-03 12:00:00,2,-36.775,-38.93347108439039,2.7,2.6358333876851843
2021-02-03 12:00:00,4,-41.325,-40.128112160405976,3.2,2.9353208375500746
2021-02-03 12:00:00,8,-36.8,-40.864977889099656,2.6,3.1965292911326966
2021-02-03 15:00:00,1,-36.775,-41.224525174990845,2.7,2.5439574195165724
2021-02-03 15:00:00,2,-39.05,-41.922395949119206,3.2,2.810044054582448
2021-02-03 15:00:00,4,-43.6,-43.00375049301905,2.5,2.8003671386547495
2021-02-03 15:00:00,8,-38.3,-43.61853093151059,1.9,3.0421694266446657
2021-02-03 18:00:00,1,-39.05,-42.94899097679878,3.2,3.1734815185537384
2021-02-03 18:00:00,2,-41.325,-43.49819862021642,3.2,2.9984106375107697
2021-02-03 18:00:00,4,-40.2,-44.318847085998044,2.4,2.4422179681794622
2021-02-03 18:00:00,8,-39.8,-44.972648417090525,2.3,3.0386274217178055
2021-02-03 21:00:00,1,-41.325,-44.84213470631071,3.2,3.281095198628105
2021-02-03 21:00:00,2,-43.6,-45.21954753474285,2.5,2.825472936119894
2021-02-03 21:00:00,4,-38.5,-45.62642741265233,2.6,2.5158219705446427
2021-02-03 21:00:00,8,-41.1,-46.15446097298425,2.9,3.7827173232666205
2021-02-04 00:00:00,1,-43.6,-44.79146619471004,2.5,3.2148610554958754
2021-02-04 00:00:00,2,-40.2,-45.050925806116055,2.4,2.9506714984123983
2021-02-04 00:00:00,4,-36.8,-45.28178873324031,2.6,3.211405909110102
2021-02-04 00:00:00,8,-42.4,-45.78518620323093,3.0,4.270189183811066
2021-02-04 03:00:00,1,-40.2,-43.30994828312684,2.4,2.771148064065566
2021-02-04 03:00:00,2,-38.5,-43.461280149503466,2.6,2.9447588258395836
2021-02-04 03:00:00,4,-38.3,-44.02927125372295,1.9,3.4893545735918763
2021-02-04 03:00:00,8,-43.7,-44.79785703848881,2.6,4.425250021786143
2021-02-04 06:00:00,1,-38.5,-41.51808681874103,2.6,3.3431349646725192
2021-02-04 06:00:00,2,-36.8,-41.70954482623682,2.6,3.6312493109961657
2021-02-04 06:00:00,4,-39.8,-42.50076731109752,2.3,4.1627484210164685
2021-02-04 06:00:00,8,-53.29175178959221,-43.00475775340267,1.9,4.79533720290572
2021-02-04 09:00:00,1,-36.8,-38.387374564246336,2.6,3.331283865889477
2021-02-04 09:00:00,2,-38.3,-38.95189861770332,1.9,3.3242706118884406
2021-02-04 09:00:00,4,-41.1,-40.26998889229458,2.9,3.8981147603180677
2021-02-04 09:00:00,8,-53.29175178959221,-40.67190235688196,1.1999999999999997,5.432305382838938
2021-02-04 12:00:00,1,-38.3,-41.69035067987083,1.9,2.8293711197173868
2021-02-04 12:00:00,2,-39.8,-42.1862282810318,2.3,3.0793284063002924
2021-02-04 12:00:00,4,-42.4,-42.94449000711604,3.0,3.854175909002925
2021-02-04 12:00:00,8,-53.29175178959221,-42.74442057179118,1.4,5.72565797502315
2021-02-04 15:00:00,1,-39.8,-42.47019141059701,2.3,2.4509174722491727
2021-02-04 15:00:00,2,-41.1,-42.990055210206556,2.9,2.90372597657955
2021-02-04 15:00:00,4,-43.7,-43.701528322519735,2.6,3.490218120247598
2021-02-04 15:00:00,8,-53.29175178959221,-43.65274752351212,1.3000000000000003,5.440039792007684
2021-02-04 18:00:00,1,-41.1,-44.12329807388265,2.9,3.103671778793675
2021-02-04 18:00:00,2,-42.4,-44.50287096428196,3.0,3.3507530025914667
2021-02-04 18:00:00,4,-53.29175178959221,-45.03370943496684,1.9,3.840017300303773
2021-02-04 18:00:00,8,-53.29175178959221,-45.238836787239485,1.5999999999999999,5.1959712372456295
2021-02-04 21:00:00,1,-42.4,-45.76392782152941,3.0,3.468007567495227
2021-02-04 21:00:00,2,-43.7,-45.95042950271696,2.6,3.48759405520496
2021-02-04 21:00:00,4,-53.29175178959221,-46.127826933398474,1.1999999999999997,4.2022041665759104
2021-02-04 21:00:00,8,-53.29175178959221,-46.31497202196984,1.3000000000000003,5.300514475890603
2021-02-05 00:00:00,1,-43.7,-44.79154905232386,2.6,3.3254214742278005
2021-02-05 00:00:00,2,-53.29175178959221,-44.90988917838146,1.9,3.445180926950966
2021-02-05 00:00:00,4,-53.29175178959221,-45.06364192808353,1.4,4.5579909340300855
2021-02-05 00:00:00,8,-53.29175178959221,-45.349019401091546,1.0,5.330315859950142
2021-02-05 03:00:00,1,-53.29175178959221,-42.775858191475386,1.9,3.10765404828392
2021-02-05 03:00:00,2,-53.29175178959221,-42.78793306756201,1.1999999999999997,3.5265715989069815
2021-02-05 03:00:00,4,-53.29175178959221,-43.101951175412154,1.3000000000000003,4.526422839780018
2021-02-05 03:00:00,8,-53.29175178959221,-43.52102553257255,0.0,5.671860919235376
2021-02-05 06:00:00,1,-53.29175178959221,-51.62764208858017,1.1999999999999997,1.7018426955763954
2021-02-05 06:00:00,2,-53.29175178959221,-51.26906396658276,1.4,1.9157204158282672
2021-02-05 06:00:00,4,-53.29175178959221,-50.302560973010955,1.5999999999999999,3.2665954742035983
2021-02-05 06:00:00,8,-53.29175178959221,-48.936996527956936,0.0,4.066317738116908
2021-02-05 09:00:00,1,-53.29175178959221,-52.540844715529815,1.4,0.8058545613789327
2021-02-05 09:00:00,2,-53.29175178959221,-52.27277509478105,1.3000000000000003,1.493392861000125
2021-02-05 09:00:00,4,-53.29175178959221,-51.10956197923328,1.3000000000000003,3.067676191715073
2021-02-05 09:00:00,8,-53.29175178959221,-49.45868355532095,0.2999999999999998,3.2951122689618093
2021-02-05 12:00:00,1,-53.29175178959221,-52.72658590792271,1.3000000000000003,1.4196506527795134
2021-02-05 12:00:00,2,-53.29175178959221,-52.32593320748906,1.5999999999999999,2.2727399453879835
2021-02-05 12:00:00,4,-53.29175178959221,-50.75305781933477,1.0,3.1734479801729254
2021-02-05 12:00:00,8,-53.29175178959221,-48.90514281895117,0.0,3.3641232727209633
2021-02-05 15:00:00,1,-53.29175178959221,-51.475708063501386,1.5999999999999999,1.6616068760721416
2021-02-05 15:00:00,2,-53.29175178959221,-50.95901392787084,1.3000000000000003,2.551962161897909
2021-02-05 15:00:00,4,-53.29175178959221,-48.88093218444429,0.0,3.0114567477258793
2021-02-05 15:00:00,8,-53.29175178959221,-47.02619512043958,0.8999999999999999,3.3097984806468754
2021-02-05 18:00:00,1,-53.29175178959221,-49.557112816653046,1.3000000000000003,2.0639970632108455
2021-02-05 18:00:00,2,-53.29175178959221,-49.03791025682681,1.0,2.472564390917325
2021-02-05 18:00:00,4,-53.29175178959221,-47.31434328000355,0.0,2.5432894245486564
2021-02-05 18:00:00,8,-53.29175178959221,-46.27892391645245,1.9,3.1106546403033555
2021-02-05 21:00:00,1,-53.29175178959221,-48.095074189702515,1.0,1.4240821979402294
2021-02-05 21:00:00,2,-53.29175178959221,-47.67003480484828,0.0,1.7601167253014385
2021-02-05 21:00:00,4,-53.29175178959221,-46.57604339408984,0.2999999999999998,2.473915843699637
2021-02-05 21:00:00,8,-53.29175178959221,-46.448963591027,2.5,3.1193679009744164
2021-02-06 00:00:00,1,-53.29175178959221,-48.2858956345739,0.0,1.1964516087488124
2021-02-06 00:00:00,2,-53.29175178959221,-48.09150050479353,0.0,1.5627080029534834
2021-02-06 00:00:00,4,-53.29175178959221,-47.50155969817289,0.0,2.6088888978131415
2021-02-06 00:00:00,8,-53.29175178959221,-47.64057135787589,2.7,3.280175825764576
2021-02-06 03:00:00,1,-53.29175178959221,-48.35412671804934,0.0,0.9570400367851142
2021-02-06 03:00:00,2,-53.29175178959221,-48.32243115901082,0.2999999999999998,1.7051824571353353
2021-02-06 03:00:00,4,-53.29175178959221,-48.1151862543294,0.8999999999999999,2.8745475852726554
2021-02-06 03:00:00,8,-45.2,-48.432390057305575,2.7,3.3745828219611678
2021-02-06 06:00:00,1,-53.29175178959221,-50.958483819267656,0.2999999999999998,0.7807211440707658
2021-02-06 06:00:00,2,-53.29175178959221,-51.05015892419693,0.0,1.7209257676579193
2021-02-06 06:00:00,4,-53.29175178959221,-50.97016890431885,1.9,2.861379051969556
2021-02-06 06:00:00,8,-44.38,-51.02041664334152,1.8,3.0789240795249326
2021-02-06 09:00:00,1,-53.29175178959221,-51.96415680411397,0.0,1.1724033633425477
2021-02-06 09:00:00,2,-53.29175178959221,-52.185834739590035,0.8999999999999999,1.958855465727275
2021-02-06 09:00:00,4,-53.29175178959221,-52.140165784356995,2.5,2.6115635436928195
2021-02-06 09:00:00,8,-43.56,-51.746491338649626,1.5999999999999999,3.5575461731229954
2021-02-06 12:00:00,1,-53.29175178959221,-52.98401838979417,0.8999999999999999,0.8799725700891576
2021-02-06 12:00:00,2,-53.29175178959221,-53.05181838852121,1.9,1.7252967411165636
2021-02-06 12:00:00,4,-53.29175178959221,-52.63314670135144,2.7,2.5384646965260775
2021-02-06 12:00:00,8,-42.74,-51.89625197249293,1.5,3.9816731034048534
2021-02-06 15:00:00,1,-53.29175178959221,-53.68134694189646,1.9,1.7175250078356257
2021-02-06 15:00:00,2,-53.29175178959221,-53.5781150911548,2.5,2.2974632240233204
2021-02-06 15:00:00,4,-45.2,-52.71185549034457,2.7,2.6868231370345166
2021-02-06 15:00:00,8,-41.92,-51.773570557784424,1.5,3.918898958792982
2021-02-06 18:00:00,1,-53.29175178959221,-53.84521570561936,2.5,2.2715583706363054
2021-02-06 18:00:00,2,-53.29175178959221,-53.59086687792126,2.7,2.5333879774260426
2021-02-06 18:00:00,4,-44.38,-52.501506667399454,1.8,2.7690286410148235
2021-02-06 18:00:00,8,-41.1,-51.55468586955155,2.5,4.027036002900521
2021-02-06 21:00:00,1,-53.29175178959221,-52.55909293415893,2.7,2.4806759868998514
2021-02-06 21:00:00,2,-45.2,-52.264361264348416,2.7,2.597548872766328
2021-02-06 21:00:00,4,-43.56,-51.27456084875854,1.5999999999999999,3.1467762229206855
2021-02-06 21:00:00,8,-42.9,-50.67584893327699,2.7,4.121697762822904
2021-02-07 00:00:00,1,-45.2,-50.67502359939327,2.7,2.751609104613697
2021-02-07 00:00:00,2,-44.38,-50.38718885775983,1.8,2.830750618904003
2021-02-07 00:00:00,4,-42.74,-49.68251979654302,1.5,3.658626220703013
2021-02-07 00:00:00,8,-44.7,-49.634263522255914,2.6,4.245827255901908
2021-02-07 03:00:00,1,-44.38,-44.53141361098949,1.8,2.8988322522695764
2021-02-07 03:00:00,2,-43.56,-44.43811809933435,1.5999999999999999,3.2983082527085696
2021-02-07 03:00:00,4,-41.92,-44.73674846754718,1.5,3.6107083590924227
2021-02-07 03:00:00,8,-46.5,-45.36307853690384,2.9,3.5196499889314166
2021-02-07 06:00:00,1,-43.56,-44.166459685671484,1.5999999999999999,2.5066124058217487
2021-02-07 06:00:00,2,-42.74,-44.15085939824219,1.5,2.919513542835161
2021-02-07 06:00:00,4,-41.1,-44.54919341391267,2.5,3.4714796030417667
2021-02-07 06:00:00,8,-44.233333333333334,-44.74920737066132,1.8,3.4543380512962303
2021-02-07 09:00:00,1,-42.74,-42.47452954705608,1.5,2.2119019624359915
2021-02-07 09:00:00,2,-41.92,-42.61752161447676,1.5,2.531180202869726
2021-02-07 09:00:00,4,-42.9,-43.056652557687826,2.7,3.456629191923136
2021-02-07 09:00:00,8,-41.96666666666667,-43.05412431971492,1.6999999999999997,3.9459465431949154
2021-02-07 12:00:00,1,-41.92,-42.810570488157836,1.5,2.3741203387658065
2021-02-07 12:00:00,2,-41.1,-42.96080431102614,2.5,2.7212329292264013
2021-02-07 12:00:00,4,-44.7,-43.106328939425666,2.6,3.2885652197821313
2021-02-07 12:00:00,8,-39.7,-42.79714827522045,2.1,4.117480244785528
2021-02-07 15:00:00,1,-41.1,-43.02324508829775,2.5,2.6283020216867627
2021-02-07 15:00:00,2,-42.9,-43.102868373172065,2.7,2.99362840565593
2021-02-07 15:00:00,4,-46.5,-42.9637072095137,2.9,3.1716123803353233
2021-02-07 15:00:00,8,-41.900000000000006,-42.655834975105805,1.5999999999999999,3.843310646663194
2021-02-07 18:00:00,1,-42.9,-44.07323478311334,2.7,3.3457407209051233
2021-02-07 18:00:00,2,-44.7,-44.27476611494633,2.6,3.5034570294972394
2021-02-07 18:00:00,4,-44.233333333333334,-44.36941977096708,1.8,3.4890986634826398
2021-02-07 18:00:00,8,-44.1,-44.38570957784353,2.2,4.434073921789773
2021-02-07 21:00:00,1,-44.7,-45.22589875096718,2.6,3.3618516606027584
2021-02-07 21:00:00,2,-46.5,-45.26959353348841,2.9,3.295281133909398
2021-02-07 21:00:00,4,-41.96666666666667,-45.14996443116021,1.6999999999999997,3.6198405029425986
2021-02-07 21:00:00,8,-45.733333333333334,-45.225442673840696,2.9,4.184021672001419
2021-02-08 00:00:00,1,-46.5,-45.8565121987077,2.9,2.959698601546834
2021-02-08 00:00:00,2,-44.233333333333334,-45.78643194944215,1.8,2.9369086052827216
2021-02-08 00:00:00,4,-39.7,-45.711380963848555,2.1,3.763902744852158
2021-02-08 00:00:00,8,-47.36666666666667,-46.125086147633596,2.9,4.1165765747092
2021-02-08 03:00:00,1,-44.233333333333334,-45.05805660441126,1.8,3.2777437066339052
2021-02-08 03:00:00,2,-41.96666666666667,-44.985361657054035,1.6999999999999997,3.417079389600971
2021-02-08 03:00:00,4,-41.900000000000006,-45.13952365131826,1.5999999999999999,3.850946893416875
2021-02-08 03:00:00,8,-49.0,-45.78606665544036,2.6,4.113298611216018
2021-02-08 06:00:00,1,-41.96666666666667,-43.898691977353074,1.6999999999999997,2.8947150294536774
2021-02-08 06:00:00,2,-39.7,-43.853724790084016,2.1,3.1469188810094995
2021-02-08 06:00:00,4,-44.1,-44.2601212118294,2.2,3.675627727047589
2021-02-08 06:00:00,8,-46.46666666666667,-44.787868012767404,2.7,3.893123806695834
2021-02-08 09:00:00,1,-39.7,-42.77869624487387,2.1,2.728004802861876
2021-02-08 09:00:00,2,-41.900000000000006,-42.99253517461315,1.5999999999999999,2.956089199937387
2021-02-08 09:00:00,4,-45.733333333333334,-43.64853547472625,2.9,3.5559668766308112
2021-02-08 09:00:00,8,-43.93333333333333,-44.02151794257264,2.4,3.5016539549574044
2021-02-08 12:00:00,1,-41.900000000000006,-44.75258724080407,1.5999999999999999,2.8457736807016016
2021-02-08 12:00:00,2,-44.1,-45.10280547988044,2.2,3.0536811426075623
2021-02-08 12:00:00,4,-47.36666666666667,-45.67828330988405,2.9,3.159128744490947
2021-02-08 12:00:00,8,-41.4,-45.72501140157197,2.7,3.744658832507167
2021-02-08 15:00:00,1,-44.1,-46.54599345931182,2.2,2.675952542678758
2021-02-08 15:00:00,2,-45.733333333333334,-46.750746151069826,2.9,2.86914028117892
2021-02-08 15:00:00,4,-49.0,-46.74213760524472,2.6,2.916858412134143
2021-02-08 15:00:00,8,-43.65,-46.348661927747884,1.9,3.766693575361074
2021-02-08 18:00:00,1,-45.733333333333334,-47.22774374429632,2.9,3.1652464330800165
2021-02-08 18:00:00,2,-47.36666666666667,-47.32451567322683,2.9,3.102272391187277
2021-02-08 18:00:00,4,-46.46666666666667,-47.1569959508638,2.7,2.851055415817891
2021-02-08 18:00:00,8,-45.9,-47.003333624035946,2.5,3.6434979115740527
2021-02-08 21:00:00,1,-47.36666666666667,-49.153551025926454,2.9,3.418557277813333
2021-02-08 21:00:00,2,-49.0,-49.049861927244194,2.6,3.1994858940199054
2021-02-08 21:00:00,4,-43.93333333333333,-48.546023150397374,2.4,3.269706012393519
2021-02-08 21:00:00,8,-47.06666666666666,-48.33853471638143,2.9,4.052380008181691
2021-02-09 00:00:00,1,-49.0,-49.286754006650376,2.6,3.1749248952923628
2021-02-09 00:00:00,2,-46.46666666666667,-49.0963457690966,2.7,3.0869386328157598
2021-02-09 00:00:00,4,-41.4,-48.53328181089527,2.7,3.4391210640757137
2021-02-09 00:00:00,8,-48.233333333333334,-48.37662111919872,2.9,4.212567153005858
2021-02-09 03:00:00,1,-46.46666666666667,-47.941996189177324,2.7,3.010187248029909
2021-02-09 03:00:00,2,-43.93333333333333,-47.79797596684432,2.4,3.0836452597962585
2021-02-09 03:00:00,4,-43.65,-47.65725239678976,1.9,3.471165507307631
2021-02-09 03:00:00,8,-49.4,-47.85180423553538,3.1,4.424903174143559
2021-02-09 06:00:00,1,-43.93333333333333,-46.47759846186122,2.4,3.3759377538839375
2021-02-09 06:00:00,2,-41.4,-46.36498271616689,2.7,3.4626493046189037
2021-02-09 06:00:00,4,-45.9,-46.50480962273976,2.5,3.901611336468374
2021-02-09 06:00:00,8,-47.0,-46.63788903754394,3.3,4.251807805038752
2021-02-09 09:00:00,1,-41.4,-43.59363113780705,2.7,3.144934811185613
2021-02-09 09:00:00,2,-43.65,-43.891316929222356,1.9,3.1915211417587743
2021-02-09 09:00:00,4,-47.06666666666666,-44.59781714370453,2.9,3.6074734716237224
2021-02-09 09:00:00,8,-44.6,-44.65443411147628,3.4,4.0850242632265745
2021-02-09 12:00:00,1,-43.65,-45.52912087198746,1.9,3.318931557599856
2021-02-09 12:00:00,2,-45.9,-45.859388438658634,2.5,3.538499918612141
2021-02-09 12:00:00,4,-48.233333333333334,-46.330555017375374,2.9,3.5694097888136618
2021-02-09 12:00:00,8,-42.6,-46.062928527250946,4.1,4.13103609573286
2021-02-09 15:00:00,1,-45.9,-46.7294949743782,2.5,2.619906869091898
2021-02-09 15:00:00,2,-47.06666666666666,-46.90678649141423,2.9,3.0058615967074975
2021-02-09 15:00:00,4,-49.4,-46.96863933987824,3.1,3.2247935349517682
2021-02-09 15:00:00,8,-43.1,-46.62941306390095,3.3,3.653119181249485
2021-02-09 18:00:00,1,-47.06666666666666,-47.410165228379114,2.9,3.528977757784619
2021-02-09 18:00:00,2,-48.233333333333334,-47.430995632492746,2.9,3.6261374405804703
2021-02-09 18:00:00,4,-47.0,-47.26753845496022,3.3,3.565031943719362
2021-02-09 18:00:00,8,-46.3,-47.14324987273154,3.2,3.758277028051899
2021-02-09 21:00:00,1,-48.233333333333334,-49.25456238268044,2.9,3.4667690201522956
2021-02-09 21:00:00,2,-49.4,-49.101183212741546,3.1,3.4270837446329137
2021-02-09 21:00:00,4,-44.6,-48.64877199528806,3.4,3.6806416083387408
2021-02-09 21:00:00,8,-48.45,-48.51432218760143,3.6,4.132714027856531
2021-02-10 00:00:00,1,-49.4,-49.150511592501346,3.1,3.268827722713481
2021-02-10 00:00:00,2,-47.0,-48.92994714627357,3.3,3.3542020171588085
2021-02-10 00:00:00,4,-42.6,-48.54158702580371,4.1,4.2569212084090555
2021-02-10 00:00:00,8,-50.6,-48.54582249087174,3.7,4.3204690285465075
2021-02-10 03:00:00,1,-47.0,-47.002769471761,3.3,3.4357228636211135
2021-02-10 03:00:00,2,-44.6,-46.78763616199369,3.4,3.6563257557130795
2021-02-10 03:00:00,4,-43.1,-46.76161382774818,3.3,4.1409776929361595
2021-02-10 03:00:00,8,-49.4,-47.06266904204189,3.4,4.288025097343775
2021-02-10 06:00:00,1,-44.6,-45.15415126241143,3.4,4.170154751239047
2021-02-10 06:00:00,2,-42.6,-44.94827747111344,4.1,4.311395270271832
2021-02-10 06:00:00,4,-46.3,-45.1582516335439,3.2,4.5275218749235915
2021-02-10 06:00:00,8,-46.7,-45.35920944658908,4.0,4.291062107032677
2021-02-10 09:00:00,1,-42.6,-45.29978828896536,4.1,4.004017556409714
2021-02-10 09:00:00,2,-43.1,-45.413832788122285,3.3,4.112814997362331
2021-02-10 09:00:00,4,-48.45,-45.873941838149875,3.6,4.172183476697163
2021-02-10 09:00:00,8,-44.7,-45.66201583853828,4.7,4.491009402211291
2021-02-10 12:00:00,1,-43.1,-45.79598002855784,3.3,4.431283731122781
2021-02-10 12:00:00,2,-46.3,-46.10328090568088,3.2,4.307292283938725
2021-02-10 12:00:00,4,-50.6,-46.521959707797926,3.7,4.091005932086784
2021-02-10 12:00:00,8,-42.9,-46.08027386807733,4.5,4.594224862225113
2021-02-10 15:00:00,1,-46.3,-46.73631127399139,3.2,3.788300197318099
2021-02-10 15:00:00,2,-48.45,-46.88904847754846,3.6,3.865034532982702
2021-02-10 15:00:00,4,-49.4,-46.9766902179373,3.4,3.996604721127582
2021-02-10 15:00:00,8,-43.7,-46.369758917227706,4.8,4.182103532555712
2021-02-10 18:00:00,1,-48.45,-48.05016176050867,3.6,3.8337833471052254
2021-02-10 18:00:00,2,-50.6,-48.014204438115996,3.7,3.855480040142994
2021-02-10 18:00:00,4,-46.7,-47.75209698557278,4.0,3.908090135842901
2021-02-10 18:00:00,8,-46.7,-47.3622108440067,4.6,3.9914266937230263
2021-02-10 21:00:00,1,-50.6,-49.805802739515315,3.7,3.8410660278761277
2021-02-10 21:00:00,2,-49.4,-49.59256434735095,3.4,3.6558252127085047
2021-02-10 21:00:00,4,-44.7,-49.100277903247964,4.7,3.921761958138829
2021-02-10 21:00:00,8,-48.8,-48.981315984836236,4.3,4.010596091144034
2021-02-11 00:00:00,1,-49.4,-48.52313067245118,3.4,3.783327372550359
2021-02-11 00:00:00,2,-46.7,-48.284751479002225,4.0,3.7115585567915383
2021-02-11 00:00:00,4,-42.9,-48.076888744722126,4.5,3.9796901799644133
2021-02-11 00:00:00,8,-50.9,-48.37465343099581,4.2,3.8499114159043484
2021-02-11 03:00:00,1,-46.7,-47.01333705977714,4.0,3.5225481595879846
2021-02-11 03:00:00,2,-44.7,-46.7590063346664,4.7,3.6147522000377443
2021-02-11 03:00:00,4,-43.7,-46.87977202730588,4.8,4.118005714965031
2021-02-11 03:00:00,8,-50.1,-47.341369632378225,3.8,4.083246089201587
2021-02-11 06:00:00,1,-44.7,-45.70431789264639,4.7,4.1838768544461145
2021-02-11 06:00:00,2,-42.9,-45.68442269881741,4.5,4.241603339445301
2021-02-11 06:00:00,4,-46.7,-46.14220525114921,4.6,4.458445500647941
2021-02-11 06:00:00,8,-47.2,-46.43380280920143,3.8,4.267526961528732
2021-02-11 09:00:00,1,-42.9,-45.351598794634725,4.5,5.034923878275759
2021-02-11 09:00:00,2,-43.7,-45.47265520942355,4.8,4.969935027486734
2021-02-11 09:00:00,4,-48.8,-45.94815920409837,4.3,4.998383252518833
2021-02-11 09:00:00,8,-44.8,-45.82152827315212,3.5,4.766172781480817
2021-02-11 12:00:00,1,-43.7,-46.58764021776979,4.8,4.822642563622499
2021-02-11 12:00:00,2,-46.7,-46.85153343201601,4.6,4.72643401251064
2021-02-11 12:00:00,4,-50.9,-47.26341790980005,4.2,4.828956310440897
2021-02-11 12:00:00,8,-42.4,-46.79240371704263,3.4,4.737901259459868
2021-02-11 15:00:00,1,-46.7,-47.51179153272782,4.6,5.059249708436411
2021-02-11 15:00:00,2,-48.8,-47.73913048951138,4.3,4.79418644720668
2021-02-11 15:00:00,4,-50.1,-47.84008024343075,3.8,4.581323516245148
2021-02-11 15:00:00,8,-43.4,-47.267549262475065,3.6,4.469446729396372
2021-02-11 18:00:00,1,-48.8,-49.06646227004721,4.3,4.686403902184725
2021-02-11 18:00:00,2,-50.9,-49.013852008279265,4.2,4.358918196120291
2021-02-11 18:00:00,4,-47.2,-48.69284576132987,3.8,4.247890799424683
2021-02-11 18:00:00,8,-46.6,-48.27723449217654,3.3,4.013021971815952
2021-02-11 21:00:00,1,-50.9,-50.07179567377081,4.2,4.27207554444125
2021-02-11 21:00:00,2,-50.1,-49.692208013101215,3.8,3.9687989507066286
2021-02-11 21:00:00,4,-44.8,-49.07185053669879,3.5,4.314604290797779
2021-02-11 21:00:00,8,-47.93333333333334,-48.968965877371545,3.0,3.9643121925199485
2021-02-12 00:00:00,1,-50.1,-47.923562171355485,3.8,4.219129211810653
2021-02-12 00:00:00,2,-47.2,-47.52217611349258,3.8,4.138329760456779
2021-02-12 00:00:00,4,-42.4,-47.19200689520649,3.4,4.5322896570149975
2021-02-12 00:00:00,8,-49.266666666666666,-47.582136566107096,3.2,3.7242885317763816
2021-02-12 03:00:00,1,-47.2,-46.44746566946939,3.8,3.9660328607520796
2021-02-12 03:00:00,2,-44.8,-46.09714656025446,3.5,4.051804150450729
2021-02-12 03:00:00,4,-43.4,-46.123990986129236,3.6,4.419884467377902
2021-02-12 03:00:00,8,-50.6,-46.610677156164414,2.8,3.7907503786530627
2021-02-12 06:00:00,1,-44.8,-45.69370779507185,3.5,4.00909064973885
2021-02-12 06:00:00,2,-42.4,-45.62843472840968,3.4,3.9835674887191583
2021-02-12 06:00:00,4,-46.6,-45.993686941137426,3.3,4.120606725703372
2021-02-12 06:00:00,8,-47.7,-46.24844456308456,2.7,3.751116623738546
2021-02-12 09:00:00,1,-42.4,-43.65630535739933,3.4,3.7593601204675506
2021-02-12 09:00:00,2,-43.4,-43.840430826322795,3.6,3.525740257628065
2021-02-12 09:00:00,4,-47.93333333333334,-44.428005147442725,3.0,3.672677282638892
2021-02-12 09:00:00,8,-44.8,-44.4100113557256,2.1,3.6972166200513232
2021-02-12 12:00:00,1,-43.4,-45.939557142782164,3.6,3.5730348465551693
2021-02-12 12:00:00,2,-46.6,-46.27521117485245,3.3,3.520536369945776
2021-02-12 12:00:00,4,-49.266666666666666,-46.67786747596023,3.2,3.579341515122291
2021-02-12 12:00:00,8,-41.9,-46.2410731174588,2.6,3.8327295807777246
2021-02-12 15:00:00,1,-46.6,-47.343295891774225,3.3,3.9688645878239264
2021-02-12 15:00:00,2,-47.93333333333334,-47.6556806238807,3.0,3.7406829081159945
2021-02-12 15:00:00,4,-50.6,-47.809929438514175,2.8,3.51579373497496
2021-02-12 15:00:00,8,-43.3,-47.18486240739249,2.9,4.277502630314447
2021-02-12 18:00:00,1,-47.93333333333334,-49.209294386248175,3.0,3.5816454925777825
2021-02-12 18:00:00,2,-49.266666666666666,-49.25494028544954,3.2,3.249792185554842
2021-02-12 18:00:00,4,-47.7,-49.004894739975136,2.7,3.2834423787434592
2021-02-12 18:00:00,8,-46.1,-48.53661953173012,2.9,4.150512244035926
2021-02-12 21:00:00,1,-49.266666666666666,-49.11102021275411,3.2,3.282698589167713
2021-02-12 21:00:00,2,-50.6,-48.94845141294191,2.8,2.9166552623234985
2021-02-12 21:00:00,4,-44.8,-48.73023255768614,2.1,3.11978267850119
2021-02-12 21:00:00,8,-48.233333333333334,-48.92816967033194,3.4,3.9173411036702483
2021-02-13 00:00:00,1,-50.6,-49.29460422518381,2.8,3.1676340032167785
2021-02-13 00:00:00,2,-47.7,-49.09893452915264,2.7,2.9143732127839193
2021-02-13 00:00:00,4,-41.9,-48.75030823701305,2.6,3.3749014365788867
2021-02-13 00:00:00,8,-50.36666666666667,-48.85495992501757,3.5,4.102218042069099
2021-02-13 03:00:00,1,-47.7,-47.766854647094604,2.7,2.789019702105658
2021-02-13 03:00:00,2,-44.8,-47.59626126750945,2.1,2.7888306288173252
2021-02-13 03:00:00,4,-43.3,-47.6204877530381,2.9,3.3454338100625844
2021-02-13 03:00:00,8,-52.5,-48.01539650700347,3.0,4.04233107749576
2021-02-13 06:00:00,1,-44.8,-45.35907543340499,2.1,3.023794499611745
2021-02-13 06:00:00,2,-41.9,-45.31927784073713,2.6,3.0297353252291845
2021-02-13 06:00:00,4,-46.1,-45.709110665229964,2.9,3.4854647079393866
2021-02-13 06:00:00,8,-48.96666666666667,-46.14811552076784,3.1,3.9837149722824767
2021-02-13 09:00:00,1,-41.9,-44.10269678908375,2.6,2.6057517528632435
2021-02-13 09:00:00,2,-43.3,-44.52130065909786,2.9,2.8198253180638027
2021-02-13 09:00:00,4,-48.233333333333334,-45.41627600697841,3.4,3.4881206251127685
2021-02-13 09:00:00,8,-45.43333333333333,-45.68936461510586,4.5,3.977834131845346
2021-02-13 12:00:00,1,-43.3,-45.772269061487336,2.9,2.9844179878104713
2021-02-13 12:00:00,2,-46.1,-46.239506027806165,2.9,3.146152670306358
2021-02-13 12:00:00,4,-50.36666666666667,-46.877347541475494,3.5,3.364530478784978
2021-02-13 12:00:00,8,-41.9,-46.80458126452029,4.3,3.566061436043898
2021-02-13 15:00:00,1,-46.1,-47.60315141847409,2.9,3.6586099447240894
2021-02-13 15:00:00,2,-48.233333333333334,-47.920067381304875,3.4,3.535472759822849
2021-02-13 15:00:00,4,-52.5,-48.17077074418289,3.0,3.1920543167014372
2021-02-13 15:00:00,8,-43.0,-47.85119757370204,4.6,3.5443705282435194
2021-02-13 18:00:00,1,-48.233333333333334,-49.504713121299346,3.4,3.612070155985828
2021-02-13 18:00:00,2,-50.36666666666667,-49.58695975027721,3.5,3.2757998135507855
2021-02-13 18:00:00,4,-48.96666666666667,-49.49088202405029,3.1,2.869221274502377
2021-02-13 18:00:00,8,-45.4,-49.26588973899023,4.3,3.583991066839872
2021-02-13 21:00:00,1,-50.36666666666667,-50.21118073311173,3.5,3.5578343086040976
2021-02-13 21:00:00,2,-52.5,-50.114436543469324,3.0,3.1541655706722165
2021-02-13 21:00:00,4,-45.43333333333333,-49.803047363605394,4.5,3.256845829577286
2021-02-13 21:00:00,8,-47.75,-49.84867561053252,3.8,3.9039951741939167
2021-02-14 00:00:00,1,-52.5,-50.374217678442,3.0,3.5913777015116852
2021-02-14 00:00:00,2,-48.96666666666667,-50.10646510064438,3.1,3.355842678490448
2021-02-14 00:00:00,4,-41.9,-49.60965841345717,4.3,3.6112998662904254
2021-02-14 00:00:00,8,-50.1,-49.67050147978409,3.2,4.022130068273845
2021-02-14 03:00:00,1,-48.96666666666667,-47.33859930607277,3.1,3.6715340050923313
2021-02-14 03:00:00,2,-45.43333333333333,-46.85976371482152,4.5,3.8572446708472707
2021-02-14 03:00:00,4,-43.0,-46.62233486217799,4.6,3.7830489480034464
2021-02-14 03:00:00,8,-47.5,-47.26894415239116,3.7,3.4570150166028806
2021-02-14 06:00:00,1,-45.43333333333333,-46.29633842537384,4.5,3.7191604520319625
2021-02-14 06:00:00,2,-41.9,-46.225449053496845,4.3,3.6964612466707574
2021-02-14 06:00:00,4,-45.4,-46.598460701633314,4.3,3.7243605806429523
2021-02-14 06:00:00,8,-45.8,-47.076125118525795,3.2,3.8730863037454006
2021-02-14 09:00:00,1,-41.9,-44.34656475907235,4.3,4.6542751997695335
2021-02-14 09:00:00,2,-43.0,-44.74310400677745,4.6,4.221290651147692
2021-02-14 09:00:00,4,-47.75,-45.62551669940133,3.8,3.970232569855923
2021-02-14 09:00:00,8,-44.1,-45.95422005842384,2.4,4.175251358758865
2021-02-14 12:00:00,1,-43.0,-45.82605950387644,4.6,3.990562907126583
2021-02-14 12:00:00,2,-45.4,-46.31707948736475,4.3,3.8859608830049077
2021-02-14 12:00:00,4,-50.1,-47.16561278245029,3.2,4.157662424208547
2021-02-14 12:00:00,8,-42.400000000000006,-47.21536553729303,2.0,4.015142407949741
2021-02-14 15:00:00,1,-45.4,-45.82929167131629,4.3,4.834920810209498
2021-02-14 15:00:00,2,-47.75,-46.05193800515384,3.8,4.658825328966699
2021-02-14 15:00:00,4,-47.5,-46.215424723226946,3.7,4.26539591468305
2021-02-14 15:00:00,8,-40.7,-45.98642717316506,2.0,4.149453785534321
2021-02-14 18:00:00,1,-47.75,-47.19321625611773,3.8,4.6016275133566324
2021-02-14 18:00:00,2,-50.1,-47.14493764629994,3.2,4.412699309180142
2021-02-14 18:00:00,4,-45.8,-46.9865949450429,3.2,4.359538949426204
2021-02-14 18:00:00,8,-43.0,-46.9340026957997,1.9,3.7167850522217836
2021-02-14 21:00:00,1,-50.1,-48.2013185451448,3.2,4.200314126854668
2021-02-14 21:00:00,2,-47.5,-47.90183042050372,3.7,3.973599737977244
2021-02-14 21:00:00,4,-44.1,-47.464288181974965,2.4,3.940155440587526
2021-02-14 21:00:00,8,-45.300000000000004,-47.64329665286949,1.8,3.126061074053326
2021-02-15 00:00:00,1,-47.5,-46.69960715232287,3.7,3.7896505303770454
2021-02-15 00:00:00,2,-45.8,-46.34801707936209,3.2,3.6407904338056856
2021-02-15 00:00:00,4,-42.400000000000006,-45.98732347639627,2.0,3.3989176632289064
2021-02-15 00:00:00,8,-47.6,-46.504968132957494,2.8,2.2520325279438644
2021-02-15 03:00:00,1,-45.8,-45.60289224782331,3.2,3.8806311864044516
2021-02-15 03:00:00,2,-44.1,-45.422401706392954,2.4,3.672970016983818
2021-02-15 03:00:00,4,-40.7,-45.49976405916155,2.0,3.194364519285641
2021-02-15 03:00:00,8,-44.9,-46.13576397230116,2.5,1.9581277521798515
2021-02-15 06:00:00,1,-44.1,-44.31598885857184,2.4,3.619347751346444
2021-02-15 06:00:00,2,-42.400000000000006,-44.34537809394229,2.0,3.3801572580972827
2021-02-15 06:00:00,4,-43.0,-44.86265745650173,1.9,3.080769970153468
2021-02-15 06:00:00,8,-45.7,-45.377347338504144,3.3,2.098600034343404
2021-02-15 09:00:00,1,-42.400000000000006,-45.115437303232106,2.0,2.9613640034328412
2021-02-15 09:00:00,2,-40.7,-45.32794546764339,2.0,2.8866721631577446
2021-02-15 09:00:00,4,-45.300000000000004,-45.98705184752315,1.8,2.630525579010521
2021-02-15 09:00:00,8,-42.8,-46.39699601614188,2.1,1.8109658160679674
2021-02-15 12:00:00,1,-40.7,-46.3869983444086,2.0,2.4694154088918463
2021-02-15 12:00:00,2,-43.0,-46.771528281617144,1.9,2.4417204910841033
2021-02-15 12:00:00,4,-47.6,-47.53706454594403,2.8,2.2340400664205906
2021-02-15 12:00:00,8,-42.9,-48.071705820852614,0.8000000000000003,1.702153232189833
2021-02-15 15:00:00,1,-43.0,-48.759946739002956,1.9,2.300007555431289
2021-02-15 15:00:00,2,-45.300000000000004,-49.09091391213514,1.8,2.1860055336343
2021-02-15 15:00:00,4,-44.9,-49.609732985309606,2.5,1.8743075004657983
2021-02-15 15:00:00,8,-43.0,-50.018712583228364,0.8000000000000003,1.8260731237187995
2021-02-15 18:00:00,1,-45.300000000000004,-47.68394047394976,1.8,2.6468290711369464
2021-02-15 18:00:00,2,-47.6,-47.97213186357311,2.8,2.316347945108624
2021-02-15 18:00:00,4,-45.7,-48.360279076000516,3.3,1.9137947049198014
2021-02-15 18:00:00,8,-43.1,-48.518245315490425,1.3000000000000003,3.079839586676842
2021-02-15 21:00:00,1,-47.6,-47.820169558830486,2.8,2.303243662598655
2021-02-15 21:00:00,2,-44.9,-47.96958741432793,2.5,1.9218476487260259
2021-02-15 21:00:00,4,-42.8,-48.18357836977605,2.1,2.0367725358570423
2021-02-15 21:00:00,8,-43.2,-48.61551439010383,2.6,3.050931421942218
2021-02-16 00:00:00,1,-44.9,-47.14964431901525,2.5,2.559168061638016
2021-02-16 00:00:00,2,-45.7,-47.34339027740388,3.3,2.23603647986158
2021-02-16 00:00:00,4,-42.9,-47.769954602602844,0.8000000000000003,2.4197806314554042
2021-02-16 00:00:00,8,-43.5,-48.66798955793621,3.0,2.3701605703831974
2021-02-16 03:00:00,1,-45.7,-45.70646714709871,3.3,2.745333641670376
2021-02-16 03:00:00,2,-42.8,-46.006269770421795,2.1,2.5794564892627
2021-02-16 03:00:00,4,-43.0,-46.83910334894146,0.8000000000000003,2.4045574057761354
2021-02-16 03:00:00,8,-43.8,-47.824706193312224,2.5,2.2500802635955814
2021-02-16 06:00:00,1,-42.8,-46.22215564347286,2.1,3.3607669685822987
2021-02-16 06:00:00,2,-42.9,-46.69637138237807,0.8000000000000003,3.122744933325388
2021-02-16 06:00:00,4,-43.1,-47.754779410757486,1.3000000000000003,2.7760793257683725
2021-02-16 06:00:00,8,-41.9,-48.680087850305,2.1,2.537350838377948
2021-02-16 09:00:00,1,-42.9,-46.66076710547034,0.8000000000000003,2.588199609223515
2021-02-16 09:00:00,2,-43.0,-47.19817150167449,0.8000000000000003,2.6575399182925232
2021-02-16 09:00:00,4,-43.2,-48.35805633044725,2.6,2.7912924739373492
2021-02-16 09:00:00,8,-42.9,-49.05100212006042,2.1,2.852653580981792
2021-02-16 12:00:00,1,-43.0,-46.28204728824286,0.8000000000000003,1.5601015002386358
2021-02-16 12:00:00,2,-43.1,-46.83750815975023,1.3000000000000003,2.0496985157510537
2021-02-16 12:00:00,4,-43.5,-47.960362119655635,3.0,2.600392436913755
2021-02-16 12:00:00,8,-53.29175178959221,-48.46608932959649,1.5999999999999999,2.8036376906456533
2021-02-16 15:00:00,1,-43.1,-46.23422547605255,1.3000000000000003,2.152377574952517
2021-02-16 15:00:00,2,-43.2,-46.65755943506414,2.6,2.4688267543224187
2021-02-16 15:00:00,4,-43.8,-47.11952233413827,2.5,2.3783020256554774
2021-02-16 15:00:00,8,-53.29175178959221,-47.45392485598941,1.9,2.961856041871852
2021-02-16 18:00:00,1,-43.2,-46.55730712610281,2.6,2.4041001320816235
2021-02-16 18:00:00,2,-43.5,-46.967984404478585,3.0,2.398166238085019
2021-02-16 18:00:00,4,-41.9,-47.39557796534136,2.1,2.245974824535103
2021-02-16 18:00:00,8,-53.29175178959221,-48.021229322765706,3.0,3.2750491723344446
2021-02-16 21:00:00,1,-43.5,-47.07906836506878,3.0,2.8525748804252276
2021-02-16 21:00:00,2,-43.8,-47.603474923418474,2.5,2.6950546500574997
2021-02-16 21:00:00,4,-42.9,-48.32862566626989,2.1,2.494511822008783
2021-02-16 21:00:00,8,-53.29175178959221,-49.400665213124206,3.3,2.675805805597683
2021-02-17 00:00:00,1,-43.8,-46.63462660906252,2.5,2.885072771630157
2021-02-17 00:00:00,2,-41.9,-47.31089712376974,2.1,2.4910009027353626
2021-02-17 00:00:00,4,-53.29175178959221,-48.576858071003684,1.5999999999999999,2.4514802132207074
2021-02-17 00:00:00,8,-53.29175178959221,-50.122591714046656,2.9,2.5808025033886643
2021-02-17 03:00:00,1,-41.9,-46.85791274777894,2.1,2.5817414714110942
2021-02-17 03:00:00,2,-42.9,-47.474794887657474,2.1,2.643021798412722
2021-02-17 03:00:00,4,-53.29175178959221,-48.926211708892396,1.9,2.4299487860197093
2021-02-17 03:00:00,8,-52.0,-50.57975139327285,3.3,1.5631019322975899
2021-02-17 06:00:00,1,-42.9,-47.48089104653145,2.1,2.757652998100947
2021-02-17 06:00:00,2,-53.29175178959221,-48.22462242915611,1.5999999999999999,2.836570194476979
2021-02-17 06:00:00,4,-53.29175178959221,-49.92081937463261,3.0,2.3975921932395066
2021-02-17 06:00:00,8,-49.233333333333334,-51.47257901776568,1.8,1.9524335856238406
2021-02-17 09:00:00,1,-53.29175178959221,-48.247048742961965,1.5999999999999999,2.533658203998313
2021-02-17 09:00:00,2,-53.29175178959221,-48.87653748865753,1.9,2.609629514839351
2021-02-17 09:00:00,4,-53.29175178959221,-50.284864027701595,3.3,2.2029396966164496
2021-02-17 09:00:00,8,-46.46666666666667,-51.37241677142808,1.6999999999999997,2.255182149811266
2021-02-17 12:00:00,1,-53.29175178959221,-53.750594832393645,1.9,1.9091414545326648
2021-02-17 12:00:00,2,-53.29175178959221,-54.19334485207605,3.0,1.9055131242663208
2021-02-17 12:00:00,4,-53.29175178959221,-55.054161968535226,2.9,1.573217193262903
2021-02-17 12:00:00,8,-43.7,-55.57145069760754,2.0,2.7216915359249203
2021-02-17 15:00:00,1,-53.29175178959221,-54.369962520561444,3.0,2.2308102510321364
2021-02-17 15:00:00,2,-53.29175178959221,-54.75058518090277,3.3,1.9981567961025617
2021-02-17 15:00:00,4,-52.0,-55.17426047725823,3.3,1.414622988226931
2021-02-17 15:00:00,8,-44.0,-55.32197146591104,3.0,3.3059530306878946
2021-02-17 18:00:00,1,-53.29175178959221,-54.04902382057984,3.3,3.3124553442531024
2021-02-17 18:00:00,2,-53.29175178959221,-53.97607858919132,2.9,2.862655643246843
2021-02-17 18:00:00,4,-49.233333333333334,-53.51794857525722,1.8,2.461173178516648
2021-02-17 18:00:00,8,-47.1,-53.2882266515128,3.3,4.1598561755627115
2021-02-17 21:00:00,1,-53.29175178959221,-52.723212612351496,2.9,3.2901348320002053
2021-02-17 21:00:00,2,-52.0,-52.50781890902338,3.3,2.940375908665038
2021-02-17 21:00:00,4,-46.46666666666667,-51.89277033158538,1.6999999999999997,3.24738707308535
2021-02-17 21:00:00,8,-49.45,-51.77743964809919,3.7,4.449565134594581
2021-02-18 00:00:00,1,-52.0,-50.45540372996301,3.3,3.107869088490306
2021-02-18 00:00:00,2,-49.233333333333334,-50.18938053466594,1.8,3.0077022086401657
2021-02-18 00:00:00,4,-43.7,-49.86677855814958,2.0,3.7948766658962083
2021-02-18 00:00:00,8,-51.8,-50.36063029065272,3.2,4.5972560066963855
2021-02-18 03:00:00,1,-49.233333333333334,-48.42940322045271,1.8,3.491860794415288
2021-02-18 03:00:00,2,-46.46666666666667,-48.32551166099235,1.6999999999999997,3.564651064484483
2021-02-18 03:00:00,4,-44.0,-48.699874248484534,3.0,4.0158384493219605
2021-02-18 03:00:00,8,-51.5,-49.631330542852034,3.6,4.372420780227508
2021-02-18 06:00:00,1,-46.46666666666667,-48.83372459934772,1.6999999999999997,2.1047641647920727
2021-02-18 06:00:00,2,-43.7,-48.97159678673549,2.0,2.3458825150861506
2021-02-18 06:00:00,4,-47.1,-49.86909532908201,3.3,3.6507507263901813
2021-02-18 06:00:00,8,-47.8,-50.46800223014391,2.8,4.422281955064475
2021-02-18 09:00:00,1,-43.7,-46.64028722508821,2.0,2.4484165434516676
2021-02-18 09:00:00,2,-44.0,-47.111958874998734,3.0,2.7378937730669852
2021-02-18 09:00:00,4,-49.45,-48.34866964355325,3.7,3.539929518754355
2021-02-18 09:00:00,8,-45.349999999999994,-48.874942299466305,2.6,4.091145844187344
2021-02-18 12:00:00,1,-44.0,-49.469063813079764,3.0,2.374412000042507
2021-02-18 12:00:00,2,-47.1,-50.01917496473851,3.3,2.7452308404013674
2021-02-18 12:00:00,4,-51.8,-51.16247223960082,3.2,3.473877357329141
2021-02-18 12:00:00,8,-42.9,-51.39954102187473,2.2,4.255365219491932
2021-02-18 15:00:00,1,-47.1,-48.39331116437496,3.3,3.5719598454738395
2021-02-18 15:00:00,2,-49.45,-48.79468317246857,3.7,3.635411695987817
2021-02-18 15:00:00,4,-51.5,-49.472666678278834,3.6,3.6997433691364408
2021-02-18 15:00:00,8,-43.3,-49.524905521786586,2.0,4.454843243939971
2021-02-18 18:00:00,1,-49.45,-49.395837856493124,3.7,3.823121607817261
2021-02-18 18:00:00,2,-51.8,-49.570596992675554,3.2,3.7243363066399873
2021-02-18 18:00:00,4,-47.8,-49.84990622622295,2.8,3.5897801095395074
2021-02-18 18:00:00,8,-45.4,-49.93032710569288,1.8,4.079283814771445
2021-02-18 21:00:00,1,-51.8,-51.59611981002967,3.2,4.0814988941897195
2021-02-18 21:00:00,2,-51.5,-51.581491388372875,3.6,3.6450439296212056
2021-02-18 21:00:00,4,-45.349999999999994,-51.43175867394292,2.6,3.352007412682079
2021-02-18 21:00:00,8,-47.5,-51.46661191863149,3.1,4.027203801444904
2021-02-19 00:00:00,1,-51.5,-50.06610857933374,3.6,3.376460718015908
2021-02-19 00:00:00,2,-47.8,-49.83740805580487,2.8,3.0663861637573975
2021-02-19 00:00:00,4,-42.9,-49.61823633799021,2.2,2.780338700131563
2021-02-19 00:00:00,8,-47.8,-49.88202219758897,2.2,3.4917084387223243
2021-02-19 03:00:00,1,-47.8,-48.62286061819496,2.8,3.543061178392764
2021-02-19 03:00:00,2,-45.349999999999994,-48.38847948473793,2.6,3.2631009508794624
2021-02-19 03:00:00,4,-43.3,-48.32220492170005,2.0,3.0331053193189996
2021-02-19 03:00:00,8,-53.29175178959221,-48.6805082626325,0.20000000000000018,2.9833216186749114
2021-02-19 06:00:00,1,-45.349999999999994,-48.19910156359945,2.6,3.097250111970882
2021-02-19 06:00:00,2,-42.9,-48.30345460394373,2.2,3.263904299074235
2021-02-19 06:00:00,4,-45.4,-48.78994371695822,1.8,3.596966380795614
2021-02-19 06:00:00,8,-53.29175178959221,-49.089146523207376,1.1,2.271858029937047
2021-02-19 09:00:00,1,-42.9,-44.41273412896573,2.2,3.0942722343397238
2021-02-19 09:00:00,2,-43.3,-44.92721578618211,2.0,3.0992936604335544
2021-02-19 09:00:00,4,-47.5,-46.283295195957045,3.1,3.561689382852008
2021-02-19 09:00:00,8,-53.29175178959221,-47.00520332410426,1.3000000000000003,2.442625654124919
2021-02-19 12:00:00,1,-43.3,-47.1650515121793,2.0,2.6737203474890356
2021-02-19 12:00:00,2,-45.4,-47.67595083847482,1.8,3.0495790627171813
2021-02-19 12:00:00,4,-47.8,-48.65002602726066,2.2,3.320600825197483
2021-02-19 12:00:00,8,-53.29175178959221,-48.91519524875966,1.6999999999999997,2.184154684230859
2021-02-19 15:00:00,1,-45.4,-47.86959664722588,1.8,2.694039114284916
2021-02-19 15:00:00,2,-47.5,-48.22622014010081,3.1,2.9220688581961456
2021-02-19 15:00:00,4,-53.29175178959221,-48.803818044266656,0.20000000000000018,2.9378065167817407
2021-02-19 15:00:00,8,-53.29175178959221,-48.91643811296692,1.3000000000000003,2.6771021253342715
2021-02-19 18:00:00,1,-47.5,-50.66760496095268,3.1,2.7523727559491453
2021-02-19 18:00:00,2,-47.8,-50.762237542319475,2.2,2.729316585444944
2021-02-19 18:00:00,4,-53.29175178959221,-50.60920979673831,1.1,2.8501853907626957
2021-02-19 18:00:00,8,-53.29175178959221,-50.4149162575975,1.3000000000000003,3.5441301276359027
2021-02-19 21:00:00,1,-47.8,-49.685410986889494,2.2,3.180240435390266
2021-02-19 21:00:00,2,-53.29175178959221,-49.672871747915,0.20000000000000018,2.8966154132860127
2021-02-19 21:00:00,4,-53.29175178959221,-49.55430016091445,1.3000000000000003,2.8477808648149665
2021-02-19 21:00:00,8,-53.29175178959221,-49.731133799571516,0.0,3.28058873708574
2021-02-20 00:00:00,1,-53.29175178959221,-48.145216015079704,0.20000000000000018,2.323374902390851
2021-02-20 00:00:00,2,-53.29175178959221,-48.03754002417086,1.1,2.1677052015056026
2021-02-20 00:00:00,4,-53.29175178959221,-48.00906438405537,1.6999999999999997,2.855897579532879
2021-02-20 00:00:00,8,-53.29175178959221,-48.31622584423691,0.0,3.8134992117534434
2021-02-20 03:00:00,1,-53.29175178959221,-50.75880183335002,1.1,0.7180061848367987
2021-02-20 03:00:00,2,-53.29175178959221,-50.61507485491983,1.3000000000000003,1.2401376691840946
2021-02-20 03:00:00,4,-53.29175178959221,-50.34923610787614,1.3000000000000003,3.1991415790849342
2021-02-20 03:00:00,8,-53.29175178959221,-50.3749882542505,1.3000000000000003,3.521794559102748
2021-02-20 06:00:00,1,-53.29175178959221,-50.032976341321735,1.3000000000000003,1.7099721004924533
2021-02-20 06:00:00,2,-53.29175178959221,-50.06211087959232,1.6999999999999997,2.0084035445831114
2021-02-20 06:00:00,4,-53.29175178959221,-50.11143547672192,1.3000000000000003,3.3461919694215245
2021-02-20 06:00:00,8,-53.29175178959221,-50.24559330138246,1.9,3.5741577895421694
2021-02-20 09:00:00,1,-53.29175178959221,-51.77804342792857,1.6999999999999997,2.195446827773746
2021-02-20 09:00:00,2,-53.29175178959221,-51.75360979836538,1.3000000000000003,2.684547112673049
2021-02-20 09:00:00,4,-53.29175178959221,-51.495998181935356,0.0,3.549380730443612
2021-02-20 09:00:00,8,-53.29175178959221,-50.97304856664949,1.4,3.7852421794860485
2021-02-20 12:00:00,1,-53.29175178959221,-52.094114918568096,1.3000000000000003,2.495783721111966
2021-02-20 12:00:00,2,-53.29175178959221,-52.008751897653156,1.3000000000000003,2.8378934408945056
2021-02-20 12:00:00,4,-53.29175178959221,-51.36057407678539,0.0,3.2916354745909646
2021-02-20 12:00:00,8,-53.29175178959221,-50.234276212211775,1.6999999999999997,4.181809418551639
2021-02-20 15:00:00,1,-53.29175178959221,-53.034471021285796,1.3000000000000003,2.109383823478236
2021-02-20 15:00:00,2,-53.29175178959221,-52.833228047458284,0.0,2.5758345574155888
2021-02-20 15:00:00,4,-53.29175178959221,-51.91801902789319,1.3000000000000003,3.2662897364045858
2021-02-20 15:00:00,8,-45.5,-50.87971648956912,2.4,4.228386711357634
2021-02-20 18:00:00,1,-53.29175178959221,-52.69146112442365,0.0,2.1824887491432494
2021-02-20 18:00:00,2,-53.29175178959221,-52.473898442928615,0.0,2.560705601779685
2021-02-20 18:00:00,4,-53.29175178959221,-51.594844973590995,1.9,3.1903431127977546
2021-02-20 18:00:00,8,-48.7,-51.006980380634836,3.0,4.184059849236175
2021-02-20 21:00:00,1,-53.29175178959221,-54.08611341027786,0.0,1.8348641251835407
2021-02-20 21:00:00,2,-53.29175178959221,-54.093888336457866,1.3000000000000003,2.742294605815383
2021-02-20 21:00:00,4,-53.29175178959221,-53.793658005734756,1.4,3.378587112677606
2021-02-20 21:00:00,8,-49.150000000000006,-53.94609719206995,3.7,3.7282741204466037
2021-02-21 00:00:00,1,-53.29175178959221,-52.840255026064,1.3000000000000003,1.9695183247386048
2021-02-21 00:00:00,2,-53.29175178959221,-53.06185424680694,1.9,2.7142098109957145
2021-02-21 00:00:00,4,-53.29175178959221,-53.14558880039119,1.6999999999999997,3.657409821221656
2021-02-21 00:00:00,8,-49.6,-53.57598177778688,3.2,3.985108441351085
2021-02-21 03:00:00,1,-53.29175178959221,-52.358300656216144,1.9,2.3844297917548385
2021-02-21 03:00:00,2,-53.29175178959221,-52.628859202602555,1.4,2.795930421438487
2021-02-21 03:00:00,4,-45.5,-52.91570503411196,2.4,3.7474527955754993
2021-02-21 03:00:00,8,-48.1,-53.424207163552076,3.2,4.066731929121918
2021-02-21 06:00:00,1,-53.29175178959221,-53.521537841000104,1.4,2.290987383917689
2021-02-21 06:00:00,2,-53.29175178959221,-53.80982730882068,1.6999999999999997,2.851196341001496
2021-02-21 06:00:00,4,-48.7,-54.022823612652495,3.0,4.107359011962265
2021-02-21 06:00:00,8,-46.1,-54.11006070167299,3.5,4.476966471599853
2021-02-21 09:00:00,1,-53.29175178959221,-54.47323679079888,1.6999999999999997,1.6822119188085343
2021-02-21 09:00:00,2,-45.5,-54.560229900171734,2.4,2.6719460658357486
2021-02-21 09:00:00,4,-49.150000000000006,-54.52153737589685,3.7,4.286694332783649
2021-02-21 09:00:00,8,-44.8,-54.20150938916625,2.7,4.9684856788901595
2021-02-21 12:00:00,1,-45.5,-55.88379976491502,2.4,2.525677135768138
2021-02-21 12:00:00,2,-48.7,-55.78692588509446,3.0,3.3648763666646775
2021-02-21 12:00:00,4,-49.6,-55.30516686107744,3.2,4.741284530269591
2021-02-21 12:00:00,8,-43.6,-54.62169025572159,2.2,5.707661141246734
2021-02-21 15:00:00,1,-48.7,-50.46347081929434,3.0,3.507164533536571
2021-02-21 15:00:00,2,-49.150000000000006,-50.56720801141767,3.7,3.9231373516731045
2021-02-21 15:00:00,4,-48.1,-50.72209212779883,3.2,4.177087491798069
2021-02-21 15:00:00,8,-44.5,-50.46160958511267,2.6,4.793436659112903
2021-02-21 18:00:00,1,-49.150000000000006,-49.54429060091485,3.7,3.6757108131873366
2021-02-21 18:00:00,2,-49.6,-49.63557429368145,3.2,3.7931329366947586
2021-02-21 18:00:00,4,-46.1,-49.62258239996017,3.5,3.8048212223684037
2021-02-21 18:00:00,8,-48.2,-49.48367052964424,3.4,4.163256988705165
2021-02-21 21:00:00,1,-49.6,-50.80040644250008,3.2,4.109550577189858
2021-02-21 21:00:00,2,-48.1,-50.65803724818501,3.2,3.8801502118986977
2021-02-21 21:00:00,4,-44.8,-50.46407748112769,2.7,4.329361764877052
2021-02-21 21:00:00,8,-49.3,-50.58422318266552,3.0,4.688525191441077
2021-02-22 00:00:00,1,-48.1,-49.67994472600578,3.2,3.3420375824539144
2021-02-22 00:00:00,2,-46.1,-49.710344644139546,3.5,3.2819077978706854
2021-02-22 00:00:00,4,-43.6,-49.996885906371205,2.2,3.2317402987129427
2021-02-22 00:00:00,8,-47.6,-50.67773772662152,2.2,3.4091615457508415
2021-02-22 03:00:00,1,-46.1,-48.725649090640076,3.5,3.0809893292928363
2021-02-22 03:00:00,2,-44.8,-48.84084422987758,2.7,2.931825647723935
2021-02-22 03:00:00,4,-44.5,-49.44212392082385,2.6,3.0809333964447085
2021-02-22 03:00:00,8,-45.733333333333334,-50.34280491604194,2.1,3.1079426169913247
2021-02-22 06:00:00,1,-44.8,-47.540432888070946,2.7,3.2074902898202
2021-02-22 06:00:00,2,-43.6,-47.742570521486776,2.2,3.0620107114052897
2021-02-22 06:00:00,4,-48.2,-48.55886968304398,3.4,3.2752548281926224
2021-02-22 06:00:00,8,-43.86666666666667,-49.42804353023236,2.1,3.194818673750777
2021-02-22 09:00:00,1,-43.6,-47.73683245160469,2.2,3.3247686755055628
2021-02-22 09:00:00,2,-44.5,-47.91425185756639,2.6,3.4199543593227997
2021-02-22 09:00:00,4,-49.3,-48.652801397073034,3.0,3.4017351004978
2021-02-22 09:00:00,8,-42.0,-49.13296307039586,2.7,3.426366455176824
2021-02-22 12:00:00,1,-44.5,-47.790728807639276,2.6,3.2671862615794374
2021-02-22 12:00:00,2,-48.2,-47.88896263307792,3.4,3.346058669020839
2021-02-22 12:00:00,4,-47.6,-48.13838098244078,2.2,3.228893242095017
2021-02-22 12:00:00,8,-40.9,-48.19366034012512,2.4,3.3540453092077622
2021-02-22 15:00:00,1,-48.2,-48.23631760122116,3.4,3.502738200421522
2021-02-22 15:00:00,2,-49.3,-48.3220125479358,3.0,3.247191494737464
2021-02-22 15:00:00,4,-45.733333333333334,-48.45736514336254,2.1,2.7083837836833453
2021-02-22 15:00:00,8,-43.5,-48.593125542349455,3.2,3.1004842996124786
2021-02-22 18:00:00,1,-49.3,-48.72698742122847,3.0,3.5006888800515
2021-02-22 18:00:00,2,-47.6,-48.68682129230437,2.2,2.9411338547433368
2021-02-22 18:00:00,4,-43.86666666666667,-48.70806166148115,2.1,2.5697639505280416
2021-02-22 18:00:00,8,-44.475,-49.11733360267648,3.0,3.010284237401448
2021-02-22 21:00:00,1,-47.6,-48.88354111852805,2.2,3.2657657591895703
2021-02-22 21:00:00,2,-45.733333333333334,-48.765467938087134,2.1,2.8059183005409047
2021-02-22 21:00:00,4,-42.0,-48.711643271901025,2.7,2.408967516232421
2021-02-22 21:00:00,8,-45.45,-49.297855485899895,4.0,3.0501641981560312
2021-02-23 00:00:00,1,-45.733333333333334,-48.71415818060562,2.1,2.419661620857672
2021-02-23 00:00:00,2,-43.86666666666667,-48.72427761700616,2.1,2.3382947363581588
2021-02-23 00:00:00,4,-40.9,-48.90278822171678,2.4,2.4842662465717593
2021-02-23 00:00:00,8,-46.425,-49.720737510665685,3.8,2.606723352823762
2021-02-23 03:00:00,1,-43.86666666666667,-46.16553795520012,2.1,2.453041214232897
2021-02-23 03:00:00,2,-42.0,-46.31832451307498,2.7,2.4241199327388454
2021-02-23 03:00:00,4,-43.5,-46.88860032593285,3.2,2.889524311850976
2021-02-23 03:00:00,8,-47.4,-47.81753648796358,2.8,2.7314547238719427
2021-02-23 06:00:00,1,-42.0,-44.92056412104507,2.7,2.4136485997432207
2021-02-23 06:00:00,2,-40.9,-45.27192435419013,2.4,2.3363084537476215
2021-02-23 06:00:00,4,-44.475,-46.20665046217421,3.0,2.7108120904225563
2021-02-23 06:00:00,8,-46.25,-47.133010112665715,3.2,2.5198733429626032
2021-02-23 09:00:00,1,-40.9,-46.226129926932124,2.4,2.3490112354507247
2021-02-23 09:00:00,2,-43.5,-46.66957126731416,3.2,2.219205864630683
2021-02-23 09:00:00,4,-45.45,-47.63779238555856,4.0,2.272291522840077
2021-02-23 09:00:00,8,-45.1,-48.31819677469427,2.9,2.2753173352953215
2021-02-23 12:00:00,1,-43.5,-46.81447986736748,3.2,2.156910215137113
2021-02-23 12:00:00,2,-44.475,-47.325988737500296,3.0,2.136877617641425
2021-02-23 12:00:00,4,-46.425,-48.26938067113816,3.8,2.255840440510012
2021-02-23 12:00:00,8,-43.7,-48.67713271549569,3.0,2.4773524346696347
2021-02-23 15:00:00,1,-44.475,-48.973260423520735,3.0,3.1880349896998017
2021-02-23 15:00:00,2,-45.45,-49.44819234040972,4.0,2.9070939978234347
2021-02-23 15:00:00,4,-47.4,-50.047103024101816,2.8,2.346334883325918
2021-02-23 15:00:00,8,-44.6,-50.25067733649114,3.1,2.7426190589906523
2021-02-23 18:00:00,1,-45.45,-49.962306722246595,4.0,3.3483327205363764
2021-02-23 18:00:00,2,-46.425,-50.26620305206799,3.8,3.028796037285793
2021-02-23 18:00:00,4,-46.25,-50.63142248200071,3.2,2.5834270283176846
2021-02-23 18:00:00,8,-47.7,-50.8182817118044,3.3,3.5548701542491896
2021-02-23 21:00:00,1,-46.425,-50.20844463060329,3.8,3.9185518978697567
2021-02-23 21:00:00,2,-47.4,-50.400139863049944,2.8,3.393476634133798
2021-02-23 21:00:00,4,-45.1,-50.48429185689511,2.9,2.834169027699347
2021-02-23 21:00:00,8,-49.75,-50.686040059526,3.7,3.4266256977960774
2021-02-24 00:00:00,1,-47.4,-49.17698099761097,2.8,3.7442688088648004
2021-02-24 00:00:00,2,-46.25,-49.14685865248349,3.2,3.2816586061016433
2021-02-24 00:00:00,4,-43.7,-48.95848006621774,3.0,3.0350966673447637
2021-02-24 00:00:00,8,-51.8,-49.1341652262972,3.8,3.6488356261936103
2021-02-24 03:00:00,1,-46.25,-47.653112398102856,3.2,3.0865035403079215
2021-02-24 03:00:00,2,-45.1,-47.617746246772235,2.9,2.981286334837082
2021-02-24 03:00:00,4,-44.6,-47.837420153776726,3.1,2.913875149166797
2021-02-24 03:00:00,8,-49.8,-48.44210817465484,3.4,3.5373534618510236
2021-02-24 06:00:00,1,-45.1,-46.429564101878945,2.9,3.49733350901564
2021-02-24 06:00:00,2,-43.7,-46.40552314535515,3.0,3.2625140558753234
2021-02-24 06:00:00,4,-47.7,-46.77019175228122,3.3,3.2809187622177576
2021-02-24 06:00:00,8,-47.699999999999996,-47.279957730519925,2.6,3.311772926181832
2021-02-24 09:00:00,1,-43.7,-46.93040811636202,3.0,3.148962936013694
2021-02-24 09:00:00,2,-44.6,-47.091158011425684,3.1,3.2615846055015023
2021-02-24 09:00:00,4,-49.75,-47.60673230839297,3.7,3.5001770731630675
2021-02-24 09:00:00,8,-45.599999999999994,-47.73878356828484,2.7,3.560831128222193
2021-02-24 12:00:00,1,-44.6,-48.212568447598194,3.1,3.3688077820520608
2021-02-24 12:00:00,2,-47.7,-48.44901922014818,3.3,3.4348153544932454
2021-02-24 12:00:00,4,-51.8,-48.79458194207951,3.8,3.474199544397598
2021-02-24 12:00:00,8,-43.5,-48.65177288191022,2.3,3.7021530937997964
2021-02-24 15:00:00,1,-47.7,-49.31799853206934,3.3,3.7545930048781484
2021-02-24 15:00:00,2,-49.75,-49.450506589588684,3.7,3.730198138439981
2021-02-24 15:00:00,4,-49.8,-49.41969724676751,3.4,3.3993844012518677
2021-02-24 15:00:00,8,-41.4,-49.16648041618687,3.3,3.5719937037756138
2021-02-24 18:00:00,1,-49.75,-50.58957128138692,3.7,3.797413679112179
2021-02-24 18:00:00,2,-51.8,-50.66313839519219,3.8,3.6087920858523255
2021-02-24 18:00:00,4,-47.699999999999996,-50.6617541326657,2.6,3.1346251982361
2021-02-24 18:00:00,8,-42.75,-50.80414998551739,3.4,3.367548559816983
2021-02-24 21:00:00,1,-51.8,-51.63184296960069,3.8,3.8558488290315305
2021-02-24 21:00:00,2,-49.8,-51.51809774854237,3.4,3.4700174376116655
2021-02-24 21:00:00,4,-45.599999999999994,-51.19466701576259,2.7,3.3422605673641814
2021-02-24 21:00:00,8,-44.099999999999994,-51.31068487706772,4.1,4.337936606412041
2021-02-25 00:00:00,1,-49.8,-49.95526886857907,3.4,3.4771090122631247
2021-02-25 00:00:00,2,-47.699999999999996,-49.80314373061277,2.6,3.148742323850559
2021-02-25 00:00:00,4,-43.5,-49.584613078553716,2.3,3.310795860904886
2021-02-25 00:00:00,8,-45.449999999999996,-49.92896391782034,3.7,4.226298373960331
2021-02-25 03:00:00,1,-47.699999999999996,-46.99485873114443,2.6,4.049302315210499
2021-02-25 03:00:00,2,-45.599999999999994,-46.75195515173056,2.7,3.8601454208665924
2021-02-25 03:00:00,4,-41.4,-46.64987709326131,3.3,3.4821980083300628
2021-02-25 03:00:00,8,-46.8,-47.12112328733741,3.7,3.97785242066032
2021-02-25 06:00:00,1,-45.599999999999994,-45.84732725209082,2.7,2.790902650245584
2021-02-25 06:00:00,2,-43.5,-45.90132303726199,2.3,2.7967046301656695
2021-02-25 06:00:00,4,-42.75,-46.43532810979666,3.4,3.389155941586292
2021-02-25 06:00:00,8,-46.15,-46.96777041568464,3.1,3.5301301397485467
2021-02-25 09:00:00,1,-43.5,-45.854427068843464,2.3,2.784138134792227
2021-02-25 09:00:00,2,-41.4,-46.21935577662683,3.3,2.8615164047024226
2021-02-25 09:00:00,4,-44.099999999999994,-47.11351263538306,4.1,3.3210929702768146
2021-02-25 09:00:00,8,-45.5,-47.60580070061327,2.5,3.3654187793251076
2021-02-25 12:00:00,1,-41.4,-46.69953762397736,3.3,2.531584902886208
2021-02-25 12:00:00,2,-42.75,-47.18838673798367,3.4,2.749369551241857
2021-02-25 12:00:00,4,-45.449999999999996,-48.00311953038924,3.7,3.046389664010215
2021-02-25 12:00:00,8,-44.5,-48.185574157517564,2.6,3.303384518587242
2021-02-25 15:00:00,1,-42.75,-48.132796739519996,3.4,3.611990235730597
2021-02-25 15:00:00,2,-44.099999999999994,-48.44340903919177,4.1,3.651773360409102
2021-02-25 15:00:00,4,-46.8,-48.6960588354935,3.7,3.3159424827350406
2021-02-25 15:00:00,8,-46.8,-48.571152423666135,2.8,3.018359895595949
2021-02-25 18:00:00,1,-44.099999999999994,-48.44062070036158,4.1,4.023371601545752
2021-02-25 18:00:00,2,-45.449999999999996,-48.7342075616464,3.7,3.732884168173878
2021-02-25 18:00:00,4,-46.15,-48.989458726771495,3.1,3.112562435637969
2021-02-25 18:00:00,8,-48.666666666666664,-48.973070211259454,3.2,2.9574307884900484
2021-02-25 21:00:00,1,-45.449999999999996,-47.92348759950305,3.7,3.984920247845397
2021-02-25 21:00:00,2,-46.8,-48.0424055673544,3.7,3.4149480761544875
2021-02-25 21:00:00,4,-45.5,-48.056373559791496,2.5,3.189780585106861
2021-02-25 21:00:00,8,-50.53333333333333,-48.34521880406301,3.4,3.531159971989104
2021-02-26 00:00:00,1,-46.8,-47.220291602559705,3.7,3.7577059291452413
2021-02-26 00:00:00,2,-46.15,-47.2602826497433,3.1,3.2953797495458255
2021-02-26 00:00:00,4,-44.5,-47.22743140711728,2.6,3.323010043319316
2021-02-26 00:00:00,8,-52.4,-47.58655035517008,3.2,3.645326493145559
2021-02-26 03:00:00,1,-46.15,-45.54332194649473,3.1,3.4376408564363796
2021-02-26 03:00:00,2,-45.5,-45.526964412525246,2.5,3.1311899935902696
2021-02-26 03:00:00,4,-46.8,-45.7113845663535,2.8,3.093902938909664
2021-02-26 03:00:00,8,-52.0,-46.31584671017134,3.4,3.608119765286407
2021-02-26 06:00:00,1,-45.5,-45.53588925828483,2.5,3.3922588683233337
2021-02-26 06:00:00,2,-44.5,-45.58820483514799,2.6,3.248862815161261
2021-02-26 06:00:00,4,-48.666666666666664,-46.01381557728707,3.2,3.4531673671872882
2021-02-26 06:00:00,8,-53.2,-46.43329125349874,2.8,3.2697994026542396
2021-02-26 09:00:00,1,-44.5,-46.21470278123525,2.6,3.1277526028178677
2021-02-26 09:00:00,2,-46.8,-46.35475016111097,2.8,3.4118491350994264
2021-02-26 09:00:00,4,-50.53333333333333,-46.75726596452575,3.4,3.573866067863725
2021-02-26 09:00:00,8,-50.4,-46.9880168537461,2.6,3.0545824132766786
2021-02-26 12:00:00,1,-46.8,-46.88271779560233,2.8,3.262069605679357
2021-02-26 12:00:00,2,-48.666666666666664,-47.282675100002635,3.2,3.5784683841677594
2021-02-26 12:00:00,4,-52.4,-47.86673589804622,3.2,3.746616628822078
2021-02-26 12:00:00,8,-48.3,-47.824337296805496,3.1,2.9572486468225514
2021-02-26 15:00:00,1,-48.666666666666664,-49.728910513642504,3.2,3.6846143468503367
2021-02-26 15:00:00,2,-50.53333333333333,-50.06958895936456,3.4,3.891474934059512
2021-02-26 15:00:00,4,-52.0,-50.37890597838207,3.4,3.3701377867999023
2021-02-26 15:00:00,8,-49.4,-50.27376200807633,3.0,3.003034721770236
2021-02-26 18:00:00,1,-50.53333333333333,-51.93444604517686,3.4,3.516813856281327
2021-02-26 18:00:00,2,-52.4,-51.96672885755331,3.2,3.2922980309025327
2021-02-26 18:00:00,4,-53.2,-51.82345291274269,2.8,2.9333827030442645
2021-02-26 18:00:00,8,-52.1,-51.708155192176775,3.7,3.3068816545992314
2021-02-26 21:00:00,1,-52.4,-51.901215008466636,3.2,3.365274015089963
2021-02-26 21:00:00,2,-52.0,-51.80075623094045,3.4,2.9462887945184937
2021-02-26 21:00:00,4,-50.4,-51.4059789684057,2.6,2.7749912212576553
2021-02-26 21:00:00,8,-53.13333333333333,-51.36147587383664,3.2,3.610870758970578
2021-02-27 00:00:00,1,-52.0,-49.63962350924365,3.4,2.988619083238482
2021-02-27 00:00:00,2,-53.2,-49.474266910976986,2.8,2.669656498153571
2021-02-27 00:00:00,4,-48.3,-49.34949271108123,3.1,2.6255130573834564
2021-02-27 00:00:00,8,-54.16666666666667,-49.87318831507933,0.0,3.410197223213969
2021-02-27 03:00:00,1,-53.2,-48.457391081398164,2.8,3.0500517459380125
2021-02-27 03:00:00,2,-50.4,-48.27126009796983,2.6,2.8380794216135423
2021-02-27 03:00:00,4,-49.4,-48.32524831788061,3.0,3.1070355877448987
2021-02-27 03:00:00,8,-55.2,-48.88670231662042,3.5,3.4174252508205902
2021-02-27 06:00:00,1,-50.4,-50.13145099421618,2.6,2.8724224569647636
2021-02-27 06:00:00,2,-48.3,-49.9884205601178,3.1,2.9859544615489346
2021-02-27 06:00:00,4,-52.1,-50.037872685922586,3.7,3.452452957019853
2021-02-27 06:00:00,8,-53.25,-50.30966601339578,3.3,3.4153849948778148
2021-02-27 09:00:00,1,-48.3,-50.63904141971644,3.1,2.889542174104668
2021-02-27 09:00:00,2,-49.4,-50.68358153002385,3.0,3.060356933314223
2021-02-27 09:00:00,4,-53.13333333333333,-51.06369191416148,3.2,3.6319719857884434
2021-02-27 09:00:00,8,-51.3,-51.126491140675476,2.9,3.372802168548728
2021-02-27 12:00:00,1,-49.4,-50.92977996046368,3.0,3.1418964151725435
2021-02-27 12:00:00,2,-52.1,-51.23499525740937,3.7,3.121103738792146
2021-02-27 12:00:00,4,-54.16666666666667,-51.68296359557241,0.0,2.997025539707325
2021-02-27 12:00:00,8,-51.3,-51.408726598929974,2.4,3.153237213361681
2021-02-27 15:00:00,1,-52.1,-52.59888143050179,3.7,3.1453374317158445
2021-02-27 15:00:00,2,-53.13333333333333,-52.81716123563815,3.2,3.064071162358769
2021-02-27 15:00:00,4,-55.2,-52.963011868219866,3.5,2.624148061280435
2021-02-27 15:00:00,8,-53.3,-52.683951747889665,2.6,2.895410217703333
2021-02-27 18:00:00,1,-53.13333333333333,-52.675985753853446,3.2,3.3917685894496117
2021-02-27 18:00:00,2,-54.16666666666667,-52.81814039648317,0.0,2.984489170224437
2021-02-27 18:00:00,4,-53.25,-52.841275885903805,3.3,2.315893550702767
2021-02-27 18:00:00,8,-55.93333333333333,-52.95963668133355,3.3,2.9564148261561822
2021-02-27 21:00:00,1,-54.16666666666667,-53.72824939482389,0.0,2.8404863469684836
2021-02-27 21:00:00,2,-55.2,-53.532326532757466,3.5,2.416539512192972
2021-02-27 21:00:00,4,-51.3,-53.06800426312989,2.9,2.549482774445155
2021-02-27 21:00:00,8,-58.56666666666667,-53.07796627006418,2.8,3.468709780675999
2021-02-28 00:00:00,1,-55.2,-55.29869225905862,3.5,0.633754999587409
2021-02-28 00:00:00,2,-53.25,-55.22307748144058,3.3,1.421213786598114
2021-02-28 00:00:00,4,-51.3,-54.97268735636784,2.4,2.930912166738116
2021-02-28 00:00:00,8,-61.2,-55.21960989030233,2.8499999999999996,1.8652863691893133
2021-02-28 03:00:00,1,-53.25,-53.50550633372847,3.3,4.140361151922908
2021-02-28 03:00:00,2,-51.3,-53.742306639321086,2.9,3.9379202061486676
2021-02-28 03:00:00,4,-53.3,-54.453504430193576,2.6,3.3588931781799
2021-02-28 03:00:00,8,-58.6,-55.41151280715927,2.9,2.254315164005206
2021-02-28 06:00:00,1,-51.3,-53.90589395734488,2.9,3.0296153015484073
2021-02-28 06:00:00,2,-51.3,-54.36368677681579,2.4,2.5400119409369166
2021-02-28 06:00:00,4,-55.93333333333333,-55.23804534912615,3.3,2.0484966793384713
2021-02-28 06:00:00,8,-56.2,-55.88305224513819,2.8,2.141039576071794
2021-02-28 09:00:00,1,-51.3,-54.30634408442215,2.4,2.9760564802367395
2021-02-28 09:00:00,2,-53.3,-54.68475138434535,2.6,3.0880460925446567
2021-02-28 09:00:00,4,-58.56666666666667,-55.68838368523223,2.8,2.8294994080230067
2021-02-28 09:00:00,8,-53.8,-56.02725439397109,3.0,2.6649712556702703
2021-02-28 12:00:00,1,-53.3,-55.51555873395669,2.6,2.446590754523556
2021-02-28 12:00:00,2,-55.93333333333333,-55.97356049871461,3.3,2.538223689401638
2021-02-28 12:00:00,4,-61.2,-56.848462689021716,2.8499999999999996,2.308975153266858
2021-02-28 12:00:00,8,-51.4,-56.94197831372921,3.4,2.5432158427274776
2021-02-28 15:00:00,1,-55.93333333333333,-56.82227427929808,3.3,2.8430485939503036
2021-02-28 15:00:00,2,-58.56666666666667,-57.24187676368393,2.8,2.8588481572419773
2021-02-28 15:00:00,4,-58.6,-57.84737282642201,2.9,2.079968690659724
2021-02-28 15:00:00,8,-52.9,-58.05317600862301,3.1,1.6238762509782143
2021-02-28 18:00:00,1,-58.56666666666667,-59.189720928334964,2.8,3.0688819204993556
2021-02-28 18:00:00,2,-61.2,-59.24943965286744,2.8499999999999996,2.7132119775163415
2021-02-28 18:00:00,4,-56.2,-59.0085444699624,2.8,1.9386364609512678
2021-02-28 18:00:00,8,-55.3,-58.81241113154435,3.1,1.1406230548545895
2021-02-28 21:00:00,1,-61.2,-60.094997278865456,2.8499999999999996,2.4961782902979954
2021-02-28 21:00:00,2,-58.6,-59.84995201025966,2.9,2.3534201728634843
2021-02-28 21:00:00,4,-53.8,-59.20752883079675,3.0,1.749866884251593
2021-02-28 21:00:00,8,-57.4,-58.967147365097375,2.9,0.3742278639586356
2021-03-01 00:00:00,1,-58.6,-59.56433172841811,2.9,2.7405470908825538
2021-03-01 00:00:00,2,-56.2,-59.444572935911765,2.8,2.703019615599272
2021-03-01 00:00:00,4,-51.4,-59.383712217310595,3.4,2.0611232132123822
2021-03-01 00:00:00,8,-58.5,-59.89094995757639,0.8000000000000003,0.1118278380942841
2021-03-01 03:00:00,1,-56.2,-56.365872927363554,2.8,2.755392169985157
2021-03-01 03:00:00,2,-53.8,-56.14353136544465,3.0,2.249491289105192
2021-03-01 03:00:00,4,-52.9,-56.23682903860275,3.1,1.5526475551129324
2021-03-01 03:00:00,8,-56.3,-56.63235526191632,3.6,2.041205147420963
2021-03-01 06:00:00,1,-53.8,-53.563364544580246,3.0,3.123979401676058
2021-03-01 06:00:00,2,-51.4,-53.57451204583049,3.4,2.3176521562289327
2021-03-01 06:00:00,4,-55.3,-54.14197277125893,3.1,1.4118708148342138
2021-03-01 06:00:00,8,-54.14,-54.40462510267561,3.5,2.9503034293460253
2021-03-01 09:00:00,1,-51.4,-52.04182888224552,3.4,3.431283227126076
2021-03-01 09:00:00,2,-52.9,-52.29248484966781,3.1,2.7417643901416158
2021-03-01 09:00:00,4,-57.4,-53.1721014355602,2.9,1.808050163063849
2021-03-01 09:00:00,8,-51.98,-53.39748702409803,2.6,2.875759979076972
2021-03-01 12:00:00,1,-52.9,-53.28645147216808,3.1,3.40944318283741
2021-03-01 12:00:00,2,-55.3,-53.752003231703284,3.1,2.6876947616945204
2021-03-01 12:00:00,4,-58.5,-54.74504975192404,0.8000000000000003,1.5497733851935078
2021-03-01 12:00:00,8,-49.82,-54.79912839470903,2.9,3.3178808038614114
2021-03-01 15:00:00,1,-55.3,-55.84154778562569,3.1,2.7195859761158494
2021-03-01 15:00:00,2,-57.4,-56.146569357867776,2.9,1.9824471839212712
2021-03-01 15:00:00,4,-56.3,-56.57110114977476,3.6,1.1974324864172181
2021-03-01 15:00:00,8,-47.66,-56.279615269375945,2.3,3.4254174629642624
2021-03-01 18:00:00,1,-57.4,-56.68171714497213,2.9,1.7827869644855747
2021-03-01 18:00:00,2,-58.5,-56.80006411578914,0.8000000000000003,1.0881513249705934
2021-03-01 18:00:00,4,-54.14,-56.99647772909219,3.5,1.3382412187921013
2021-03-01 18:00:00,8,-45.5,-56.967002754103966,1.5,3.19471819190874
2021-03-01 21:00:00,1,-58.5,-56.87161274607173,0.8000000000000003,1.5938646788468742
2021-03-01 21:00:00,2,-56.3,-56.984777513520214,3.6,1.10216300996811
2021-03-01 21:00:00,4,-51.98,-57.22200642713909,2.6,1.6983805109294658
2021-03-01 21:00:00,8,-47.0,-57.480634940653474,0.0,3.0026596144427065
2021-03-02 00:00:00,1,-56.3,-58.555053221525334,3.6,-0.16861892921650057
2021-03-02 00:00:00,2,-54.14,-58.63675875425992,3.5,0.3510442582713784
2021-03-02 00:00:00,4,-49.82,-58.936762397359146,2.9,2.264891111155289
2021-03-02 00:00:00,8,-46.9,-59.45481413697956,1.5999999999999999,2.2626470788899855
2021-03-02 03:00:00,1,-54.14,-56.18128129429974,3.5,3.9536631700902096
2021-03-02 03:00:00,2,-51.98,-56.54638904657905,2.6,3.6073529214063624
2021-03-02 03:00:00,4,-47.66,-57.257842705365505,2.3,2.7816800754035826
2021-03-02 03:00:00,8,-46.5,-57.917703089530995,2.9,2.6723363694089564
2021-03-02 06:00:00,1,-51.98,-53.79015159760569,2.6,3.568543582814946
2021-03-02 06:00:00,2,-49.82,-54.274462636128284,2.9,3.1851483162027923
2021-03-02 06:00:00,4,-45.5,-55.242023235090365,1.5,3.143618496388922
2021-03-02 06:00:00,8,-47.766666666666666,-55.643964078715356,2.4,3.032339588497301
2021-03-02 09:00:00,1,-49.82,-50.72657958808802,2.9,3.001816409428129
2021-03-02 09:00:00,2,-47.66,-51.13933299006565,2.3,3.144113227496027
2021-03-02 09:00:00,4,-47.0,-52.197705803959195,0.0,3.686551828184183
2021-03-02 09:00:00,8,-49.03333333333333,-52.56216618609925,2.8,2.878246778032004
2021-03-02 12:00:00,1,-47.66,-49.31711051459951,2.3,3.371661770290822
2021-03-02 12:00:00,2,-45.5,-49.85571994870895,1.5,3.3168205324743574
2021-03-02 12:00:00,4,-46.9,-50.82635906827484,1.5999999999999999,3.452535083396716
2021-03-02 12:00:00,8,-50.3,-51.04473319149388,2.8,3.243570362692757
2021-03-02 15:00:00,1,-45.5,-48.04603292958712,1.5,2.6337961310014246
2021-03-02 15:00:00,2,-47.0,-48.647498149538244,0.0,2.5478557630745455
2021-03-02 15:00:00,4,-46.5,-49.642465705522824,2.9,2.6497114523610534
2021-03-02 15:00:00,8,-50.8,-50.04296014341096,3.0,3.367922947322349
2021-03-02 18:00:00,1,-47.0,-50.08383830743814,0.0,2.243416736525784
2021-03-02 18:00:00,2,-46.9,-50.72508490878486,1.5999999999999999,2.7291236731050716
2021-03-02 18:00:00,4,-47.766666666666666,-51.72223162001283,2.4,2.926674813601119
2021-03-02 18:00:00,8,-50.1,-52.27830379157866,2.4,2.663245495362833
2021-03-02 21:00:00,1,-46.9,-50.839619708865285,1.5999999999999999,1.397686799078691
2021-03-02 21:00:00,2,-46.5,-51.593031292474635,2.9,2.394970654239461
2021-03-02 21:00:00,4,-49.03333333333333,-53.00729223792048,2.8,3.3524397325415833
2021-03-02 21:00:00,8,-49.8,-54.42456947069714,2.1,2.8846093127970533
2021-03-03 00:00:00,1,-46.5,-51.460796755143505,2.9,3.024085361086041
2021-03-03 00:00:00,2,-47.766666666666666,-52.14509581237912,2.4,3.3551806020603223
2021-03-03 00:00:00,4,-50.3,-53.33010261934812,2.8,3.62842349579709
2021-03-03 00:00:00,8,-48.8,-54.76820016922455,1.6999999999999997,3.191644871190691
2021-03-03 03:00:00,1,-47.766666666666666,-50.68295019103161,2.4,4.189918935047915
2021-03-03 03:00:00,2,-49.03333333333333,-51.25025636899776,2.8,4.38559165961766
2021-03-03 03:00:00,4,-50.8,-52.42374362601796,3.0,4.158618774603226
2021-03-03 03:00:00,8,-47.1,-53.544387809387906,1.6999999999999997,3.138277762515289
2021-03-03 06:00:00,1,-49.03333333333333,-51.19011047744101,2.8,3.2364753422259396
2021-03-03 06:00:00,2,-50.3,-51.43823768903031,2.8,3.341609634847553
2021-03-03 06:00:00,4,-50.1,-51.839870608544814,2.4,3.2348499571202187
2021-03-03 06:00:00,8,-48.0,-52.014989815096854,3.1,2.823713210870362
2021-03-03 09:00:00,1,-50.3,-53.76692066431958,2.8,3.3638606576015726
2021-03-03 09:00:00,2,-50.8,-53.89366768598779,3.0,3.266841360122703
2021-03-03 09:00:00,4,-49.8,-53.97509204321115,2.1,2.7207166301144654
2021-03-03 09:00:00,8,-47.25,-53.749607205661995,2.4,2.7118829725215052
2021-03-03 12:00:00,1,-50.8,-54.51043913890179,3.0,3.3127580428029795
2021-03-03 12:00:00,2,-50.1,-54.62469330384672,2.4,3.1827001743639594
2021-03-03 12:00:00,4,-48.8,-54.6538350471272,1.6999999999999997,2.47042113375494
2021-03-03 12:00:00,8,-46.5,-54.36061852335109,3.0,2.856493965525547
2021-03-03 15:00:00,1,-50.1,-55.25076525372381,2.4,3.205035216360531
2021-03-03 15:00:00,2,-49.8,-55.37313153931194,2.1,2.8188314302762905
2021-03-03 15:00:00,4,-47.1,-55.30884285712696,1.6999999999999997,2.083189868182214
2021-03-03 15:00:00,8,-50.15,-54.96085060585832,4.6,3.2255723558728144
2021-03-03 18:00:00,1,-49.8,-54.412615278526296,2.1,2.0641107417925504
2021-03-03 18:00:00,2,-48.8,-54.556983682962574,1.6999999999999997,1.7844115231288113
2021-03-03 18:00:00,4,-48.0,-54.64941441330481,3.1,1.7801053869850605
2021-03-03 18:00:00,8,-53.8,-54.67057120436678,4.0,3.1314447039959
2021-03-03 21:00:00,1,-48.8,-53.4669000894471,1.6999999999999997,1.9324148513698238
2021-03-03 21:00:00,2,-47.1,-53.691137019282074,1.6999999999999997,1.6779136740485041
2021-03-03 21:00:00,4,-47.25,-53.944152469836084,2.4,1.8085490264833752
2021-03-03 21:00:00,8,-57.45,-54.32784455445621,1.9,3.0636984011182915
2021-03-04 00:00:00,1,-47.1,-52.03479967458986,1.6999999999999997,1.4840253619624981
2021-03-04 00:00:00,2,-48.0,-52.33457273485672,3.1,1.2912083585367236
2021-03-04 00:00:00,4,-46.5,-52.83356247249579,3.0,1.810476656917611
2021-03-04 00:00:00,8,-61.1,-53.569674692248164,0.0,2.906332745895199
2021-03-04 03:00:00,1,-48.0,-49.91696397383665,3.1,1.4609995839496532
2021-03-04 03:00:00,2,-47.25,-50.26344875690957,2.4,1.2866294364530093
2021-03-04 03:00:00,4,-50.15,-50.93793441054002,4.6,1.9310542275199447
2021-03-04 03:00:00,8,-59.3,-51.76184890730801,3.2,2.8434112776804894
2021-03-04 06:00:00,1,-47.25,-50.09046583579203,2.4,2.6477474575775104
2021-03-04 06:00:00,2,-46.5,-50.42909625745082,3.0,2.3013762839455296
2021-03-04 06:00:00,4,-53.8,-51.015539572142146,4.0,2.427312637295749
2021-03-04 06:00:00,8,-57.5,-51.66090987084087,2.4,3.1514723693767626
2021-03-04 09:00:00,1,-46.5,-50.35439165270804,3.0,2.4077294221108527
2021-03-04 09:00:00,2,-50.15,-50.55741820421993,4.6,2.1084072114226524
2021-03-04 09:00:00,4,-57.45,-51.20935091599559,1.9,2.439244409481286
2021-03-04 09:00:00,8,-55.666666666666664,-51.656223011902775,2.7,3.3815800532540417
2021-03-04 12:00:00,1,-50.15,-51.08437335469549,4.6,3.152188059228044
2021-03-04 12:00:00,2,-53.8,-51.43498111461942,4.0,2.9692589062840127
2021-03-04 12:00:00,4,-61.1,-52.24513080022942,0.0,2.601911421639649
2021-03-04 12:00:00,8,-53.833333333333336,-52.59846979928011,2.6,3.29164813812903
2021-03-04 15:00:00,1,-53.8,-55.31050127028004,4.0,4.06610451079597
2021-03-04 15:00:00,2,-57.45,-55.502823518712994,1.9,3.3401182966247616
2021-03-04 15:00:00,4,-59.3,-55.65597627121587,3.2,3.140158391228243
2021-03-04 15:00:00,8,-52.0,-55.54377985709756,3.3,4.308849392579216
2021-03-04 18:00:00,1,-57.45,-59.49155392344707,1.9,3.165977772398339
2021-03-04 18:00:00,2,-61.1,-59.106224230139944,0.0,2.749210657164239
2021-03-04 18:00:00,4,-57.5,-58.42925663072518,2.4,3.372368115784015
2021-03-04 18:00:00,8,-50.1,-57.86818161550595,2.0,4.982629384604515
2021-03-04 21:00:00,1,-61.1,-60.868756260737456,0.0,1.3452227472977745
2021-03-04 21:00:00,2,-59.3,-60.380472740008074,3.2,1.8166832302138578
2021-03-04 21:00:00,4,-55.666666666666664,-59.74927496596491,2.7,3.5641883121435027
2021-03-04 21:00:00,8,-51.7,-59.644981727202776,2.8,4.109228256821
2021-03-05 00:00:00,1,-59.3,-59.06460160846514,3.2,0.9686273607352796
2021-03-05 00:00:00,2,-57.5,-58.61074218402233,2.4,2.2788555544908027
2021-03-05 00:00:00,4,-53.833333333333336,-58.001345328925936,2.6,4.8257125251704505
2021-03-05 00:00:00,8,-52.900000000000006,-58.00663740869539,3.2,4.847096895369413
2021-03-05 03:00:00,1,-57.5,-55.31057151912653,2.4,4.212188739828391
2021-03-05 03:00:00,2,-55.666666666666664,-55.04385141924717,2.7,4.565045724435976
2021-03-05 03:00:00,4,-52.0,-54.97892653468827,3.3,5.439777670099776
2021-03-05 03:00:00,8,-54.1,-55.52497261976305,3.3,4.739879117485082
2021-03-05 06:00:00,1,-55.666666666666664,-56.184091248159625,2.7,3.3509471679551055
2021-03-05 06:00:00,2,-53.833333333333336,-56.13327791586003,2.6,3.831812873922209
2021-03-05 06:00:00,4,-50.1,-56.427330581034695,2.0,4.19005031592283
2021-03-05 06:00:00,8,-50.3,-56.65474879292713,3.6,4.410676395619496
2021-03-05 09:00:00,1,-53.833333333333336,-52.90394470173866,2.6,3.4976698925767704
2021-03-05 09:00:00,2,-52.0,-52.65661524235457,3.3,3.8259217693542253
2021-03-05 09:00:00,4,-51.7,-52.61912124896042,2.8,4.365841232410143
2021-03-05 09:00:00,8,-48.0,-52.58971913463478,3.6,5.0107837089131815
2021-03-05 12:00:00,1,-52.0,-52.58956075951098,3.3,3.7065136431671073
2021-03-05 12:00:00,2,-50.1,-52.46759167260909,2.0,4.099806637820695
2021-03-05 12:00:00,4,-52.900000000000006,-52.4039886596941,3.2,4.322693172392029
2021-03-05 12:00:00,8,-45.699999999999996,-52.18485098555121,5.1,4.886093447708571
2021-03-05 15:00:00,1,-50.1,-54.59956132869925,2.0,4.11852046779232
2021-03-05 15:00:00,2,-51.7,-54.55113105342313,2.8,4.263167078663424
2021-03-05 15:00:00,4,-54.1,-54.382647841111606,3.3,3.800186580717203
2021-03-05 15:00:00,8,-43.4,-54.19220898226576,4.6,4.4614284436943255
2021-03-05 18:00:00,1,-51.7,-52.29826639728149,2.8,3.1985018971221235
2021-03-05 18:00:00,2,-52.900000000000006,-52.20520817812419,3.2,3.4954263868480497
2021-03-05 18:00:00,4,-50.3,-52.158425350876705,3.6,2.982410803697106
2021-03-05 18:00:00,8,-45.0,-52.393561299183084,5.6,3.4238582081873212
2021-03-05 21:00:00,1,-52.900000000000006,-51.30458079268286,3.2,3.2868461511548084
2021-03-05 21:00:00,2,-54.1,-51.079809070988276,3.3,3.157106764033106
2021-03-05 21:00:00,4,-48.0,-50.573726563996864,3.6,3.0663364160478612
2021-03-05 21:00:00,8,-46.3,-50.59633318317539,5.5,3.0684499738809734
2021-03-06 00:00:00,1,-54.1,-52.5157870420469,3.3,3.10378743022131
2021-03-06 00:00:00,2,-50.3,-52.22347067167916,3.6,2.8697130463405864
2021-03-06 00:00:00,4,-45.699999999999996,-51.79040605409796,5.1,2.9845076723200528
2021-03-06 00:00:00,8,-46.9,-51.83540485334794,4.8,2.9140233258921997
2021-03-06 03:00:00,1,-50.3,-50.94950151355414,3.6,3.186137591796441
2021-03-06 03:00:00,2,-48.0,-50.57704897418568,3.6,3.1843910099664168
2021-03-06 03:00:00,4,-43.4,-50.200496604060504,4.6,3.1949397371746797
2021-03-06 03:00:00,8,-48.0,-50.33118485620508,5.0,2.7204871934648054
2021-03-06 06:00:00,1,-48.0,-49.142048227625665,3.6,3.472635557456433
2021-03-06 06:00:00,2,-45.699999999999996,-48.97048577420935,5.1,3.406784279735053
2021-03-06 06:00:00,4,-45.0,-49.152654722695246,5.6,2.960189200341518
2021-03-06 06:00:00,8,-43.7,-49.40234614193321,4.9,2.173043935873225
2021-03-06 09:00:00,1,-45.699999999999996,-45.93574136954064,5.1,3.6733081534452174
2021-03-06 09:00:00,2,-43.4,-46.16432391103245,4.6,3.058044384642967
2021-03-06 09:00:00,4,-46.3,-46.98351048030594,5.5,2.3776490669727584
2021-03-06 09:00:00,8,-41.35,-47.32946731627864,4.4,2.5969076445188692
2021-03-06 12:00:00,1,-43.4,-46.722182970084084,4.6,3.933392924640179
2021-03-06 12:00:00,2,-45.0,-47.097690793899424,5.6,3.0841549472083205
2021-03-06 12:00:00,4,-46.9,-47.82578514354432,4.8,2.566382066042485
2021-03-06 12:00:00,8,-39.0,-48.02949815237417,3.8,3.4628914714568295
2021-03-06 15:00:00,1,-45.0,-46.68279570272987,5.6,3.9514134325677572
2021-03-06 15:00:00,2,-46.3,-47.06502940328419,5.5,3.3894707971327116
2021-03-06 15:00:00,4,-48.0,-47.91671380944825,5.0,2.8548968134446913
2021-03-06 15:00:00,8,-42.8,-48.29251739891986,4.4,3.296165662048188
2021-03-06 18:00:00,1,-46.3,-48.08465106213482,5.5,5.390028467599384
2021-03-06 18:00:00,2,-46.9,-48.26667446942079,4.8,4.728655223747346
2021-03-06 18:00:00,4,-43.7,-48.71746239814445,4.9,4.038319535237524
2021-03-06 18:00:00,8,-45.574999999999996,-48.964673492725325,5.3,4.576570983719582
2021-03-06 21:00:00,1,-46.9,-48.51041419023322,4.8,5.310603183416099
2021-03-06 21:00:00,2,-48.0,-48.38891538783671,5.0,4.731332215714076
2021-03-06 21:00:00,4,-41.35,-48.6123088812006,4.4,4.66809439898846
2021-03-06 21:00:00,8,-48.349999999999994,-49.023449801963245,4.8,5.256551790463818
2021-03-07 00:00:00,1,-48.0,-46.50319281851884,5.0,4.567429028959915
2021-03-07 00:00:00,2,-43.7,-46.253304342260186,4.9,4.484566300684067
2021-03-07 00:00:00,4,-39.0,-46.464521368897906,3.8,5.098666210357891
2021-03-07 00:00:00,8,-51.125,-47.279539479695394,4.6,5.273435512574348
2021-03-07 03:00:00,1,-43.7,-45.998450893681415,4.9,4.967869297837389
2021-03-07 03:00:00,2,-41.35,-45.674434393597,4.4,5.027282459466531
2021-03-07 03:00:00,4,-42.8,-45.763818305378976,4.4,5.453843528380131
2021-03-07 03:00:00,8,-53.9,-46.522232777673025,3.6,5.502785890215251
2021-03-07 06:00:00,1,-41.35,-44.29290184535843,4.4,5.275319847038441
2021-03-07 06:00:00,2,-39.0,-44.27461913274443,3.8,5.476576258792108
2021-03-07 06:00:00,4,-45.574999999999996,-44.88355558770839,5.3,5.760141402356374
2021-03-07 06:00:00,8,-51.1,-45.65481010814015,3.9,5.432018733657303
2021-03-07 09:00:00,1,-39.0,-41.08704854264643,3.8,4.90475539716425
2021-03-07 09:00:00,2,-42.8,-41.46923036712949,4.4,4.853252814513398
2021-03-07 09:00:00,4,-48.349999999999994,-42.621163026478776,4.8,5.529250605285147
2021-03-07 09:00:00,8,-49.1,-43.34267415858065,3.7,5.680878211460322
2021-03-07 12:00:00,1,-42.8,-44.50832011326717,4.4,4.251541524158343
2021-03-07 12:00:00,2,-45.574999999999996,-44.87908559956821,5.3,4.404123454562107
2021-03-07 12:00:00,4,-51.125,-45.73646376480348,4.6,5.324627558611761
2021-03-07 12:00:00,8,-48.5,-46.125697852973865,3.0,5.19330608235448
2021-03-07 15:00:00,1,-45.574999999999996,-48.86250537163235,5.3,4.828601518094432
2021-03-07 15:00:00,2,-48.349999999999994,-49.10850926680496,4.8,4.5228625460381835
2021-03-07 15:00:00,4,-53.9,-49.705162620896274,3.6,5.014942788054896
2021-03-07 15:00:00,8,-51.9,-50.06110199808147,3.0,5.175318419645631
2021-03-07 18:00:00,1,-48.349999999999994,-50.944565361273604,4.8,5.1944414818473605
2021-03-07 18:00:00,2,-51.125,-51.09419747575287,4.6,4.765163644127466
2021-03-07 18:00:00,4,-51.1,-51.441177603256214,3.9,5.282447259502625
2021-03-07 18:00:00,8,-51.8,-51.920989653473775,3.5,4.926492213622624
2021-03-07 21:00:00,1,-51.125,-51.152897862199,4.6,5.232656787198181
2021-03-07 21:00:00,2,-53.9,-50.96987998342197,3.6,5.155732645093042
2021-03-07 21:00:00,4,-49.1,-50.88844824106347,3.7,5.439950427419064
2021-03-07 21:00:00,8,-51.7,-51.314661322029956,3.1,4.408967377842385
2021-03-08 00:00:00,1,-53.9,-51.84764702075811,3.6,4.7829888936281195
2021-03-08 00:00:00,2,-51.1,-51.609164030135325,3.9,4.706788839299505
2021-03-08 00:00:00,4,-48.5,-51.365669820035144,3.0,5.044211397072974
2021-03-08 00:00:00,8,-52.9,-51.80746220383959,3.1,4.1437639379112925
2021-03-08 03:00:00,1,-51.1,-52.41464653549051,3.9,3.819851962269082
2021-03-08 03:00:00,2,-49.1,-52.35450647548865,3.7,3.7589330659738738
2021-03-08 03:00:00,4,-51.9,-52.72595155183258,3.0,4.208320735441614
2021-03-08 03:00:00,8,-48.7,-53.56566852662011,3.1,3.8356902093370344
2021-03-08 06:00:00,1,-49.1,-50.79999719793793,3.7,4.544662706846965
2021-03-08 06:00:00,2,-48.5,-50.7589992506212,3.0,4.630043106450643
2021-03-08 06:00:00,4,-51.8,-51.436309898569704,3.5,4.6435309741936255
2021-03-08 06:00:00,8,-50.9,-52.3226389643858,3.8,3.290612580636263
2021-03-08 09:00:00,1,-48.5,-51.21579525697284,3.0,4.140389304967533
2021-03-08 09:00:00,2,-51.9,-51.48866312160957,3.0,4.296063751347046
2021-03-08 09:00:00,4,-51.7,-52.394243883808215,3.1,4.1670593559746445
2021-03-08 09:00:00,8,-48.5,-52.93364073543679,3.1,3.22770590876603
2021-03-08 12:00:00,1,-51.9,-53.167905733140536,3.0,3.2737472539810275
2021-03-08 12:00:00,2,-51.8,-53.49204323235991,3.5,3.345511310915543
2021-03-08 12:00:00,4,-52.9,-54.10923140503383,3.1,3.1012713584982876
2021-03-08 12:00:00,8,-47.2,-54.22132082475517,2.6,3.3960853762953773
2021-03-08 15:00:00,1,-51.8,-55.431448529168925,3.5,3.4765737445041713
2021-03-08 15:00:00,2,-51.7,-55.605208690729114,3.1,3.308717094476353
2021-03-08 15:00:00,4,-48.7,-55.69164395221068,3.1,3.0878841592179036
2021-03-08 15:00:00,8,-48.3,-55.698418462766476,3.2,3.4547200235943953
2021-03-08 18:00:00,1,-51.7,-53.63358709279127,3.1,3.61401076321407
2021-03-08 18:00:00,2,-52.9,-53.87735896596036,3.1,3.184719995355309
2021-03-08 18:00:00,4,-50.9,-54.14341233223637,3.8,2.74053658681098
2021-03-08 18:00:00,8,-49.6,-54.601462910936355,1.5,3.0549922320285465
2021-03-08 21:00:00,1,-52.9,-51.92681805616745,3.1,3.1839972139227113
2021-03-08 21:00:00,2,-48.7,-52.089728733699275,3.1,3.0440874061298917
2021-03-08 21:00:00,4,-48.5,-52.21525081362235,3.1,2.9499625535613916
2021-03-08 21:00:00,8,-51.5,-52.77242089360257,2.3,2.0003315121595087
2021-03-09 00:00:00,1,-48.7,-50.74977557707613,3.1,2.9033783824547217
2021-03-09 00:00:00,2,-50.9,-50.63258627122435,3.8,2.759395021057268
2021-03-09 00:00:00,4,-47.2,-50.53164102043617,2.6,2.8497209188465464
2021-03-09 00:00:00,8,-49.7,-51.21985374898528,2.4,1.8756574602836225
2021-03-09 03:00:00,1,-50.9,-47.51699463062504,3.8,2.5350294918802465
2021-03-09 03:00:00,2,-48.5,-47.6201656890957,3.1,2.3121520750563205
2021-03-09 03:00:00,4,-48.3,-48.05076049683113,3.2,2.6008189981959493
2021-03-09 03:00:00,8,-49.3,-48.89697449923078,1.1,2.2616878492066514
2021-03-09 06:00:00,1,-48.5,-48.48090967470442,3.1,3.619877540458929
2021-03-09 06:00:00,2,-47.2,-48.40387803189011,2.6,3.381532278390436
2021-03-09 06:00:00,4,-49.6,-48.569509681409585,1.5,3.0723524230912878
2021-03-09 06:00:00,8,-53.29175178959221,-49.09102595003905,1.5,2.255193560325565
2021-03-09 09:00:00,1,-47.2,-48.30534447803975,2.6,3.238213632771042
2021-03-09 09:00:00,2,-48.3,-48.376577889139334,3.2,3.203916479417736
2021-03-09 09:00:00,4,-51.5,-48.7983018886894,2.3,3.2476626050135673
2021-03-09 09:00:00,8,-53.29175178959221,-49.177635572760124,0.6000000000000001,2.5027539457436605
2021-03-09 12:00:00,1,-48.3,-49.30560699579774,3.2,3.1649258189562874
2021-03-09 12:00:00,2,-49.6,-49.60533486714314,1.5,3.299169719878041
2021-03-09 12:00:00,4,-49.7,-50.0906605511845,2.4,3.2618459276070064
2021-03-09 12:00:00,8,-53.29175178959221,-50.176199509434866,0.0,2.8457294782887343
2021-03-09 15:00:00,1,-49.6,-50.07731471135202,1.5,3.654802885280506
2021-03-09 15:00:00,2,-51.5,-50.27851227110152,2.3,3.494877295837545
2021-03-09 15:00:00,4,-49.3,-50.44261735914905,1.1,3.16824275948663
2021-03-09 15:00:00,8,-53.29175178959221,-50.51372252107247,0.3999999999999999,3.332660459127358
2021-03-09 18:00:00,1,-51.5,-51.78819177443132,2.3,2.5217815648584994
2021-03-09 18:00:00,2,-49.7,-52.014660456081934,2.4,2.9171703350717477
2021-03-09 18:00:00,4,-53.29175178959221,-52.35364354045953,1.5,3.0852121793462386
2021-03-09 18:00:00,8,-53.29175178959221,-52.77859630758542,1.5,2.980102307358031
2021-03-09 21:00:00,1,-49.7,-51.74951609186707,2.4,2.747210724592672
2021-03-09 21:00:00,2,-49.3,-51.856792024601376,1.1,2.5643481152086625
2021-03-09 21:00:00,4,-53.29175178959221,-51.94387357547072,0.6000000000000001,2.4690225459509456
2021-03-09 21:00:00,8,-53.29175178959221,-52.51344726011412,3.6,2.5856662617685635
2021-03-10 00:00:00,1,-49.3,-51.29779898705455,1.1,2.066074523295452
2021-03-10 00:00:00,2,-53.29175178959221,-51.484730266957214,1.5,1.8267404788447925
2021-03-10 00:00:00,4,-53.29175178959221,-51.87979419882325,0.0,2.1760315710937137
2021-03-10 00:00:00,8,-53.29175178959221,-52.62048957040251,3.0,2.7161561568062065
2021-03-10 03:00:00,1,-53.29175178959221,-50.60463407507788,1.5,1.565050250954012
2021-03-10 03:00:00,2,-53.29175178959221,-50.84280054060962,0.6000000000000001,1.9798980536988784
2021-03-10 03:00:00,4,-53.29175178959221,-51.33264961992703,0.3999999999999999,2.6894053257562796
2021-03-10 03:00:00,8,-53.29175178959221,-52.08106646551912,0.8000000000000003,2.74259527819917
2021-03-10 06:00:00,1,-53.29175178959221,-52.70234222043294,0.6000000000000001,2.2841566448252713
2021-03-10 06:00:00,2,-53.29175178959221,-52.91115910066432,0.0,2.48528690107973
2021-03-10 06:00:00,4,-53.29175178959221,-53.23968929177708,1.5,2.9816549371050582
2021-03-10 06:00:00,8,-57.5,-53.73764238610155,2.6,3.0145930395532123
2021-03-10 09:00:00,1,-53.29175178959221,-53.23957423677529,0.0,1.5440632225894144
2021-03-10 09:00:00,2,-53.29175178959221,-53.593117542887875,0.3999999999999999,2.3983486996734777
2021-03-10 09:00:00,4,-53.29175178959221,-54.056181547599536,3.6,3.213650634537489
2021-03-10 09:00:00,8,-57.5,-54.39923665589879,3.2,3.286111052765187
2021-03-10 12:00:00,1,-53.29175178959221,-53.59418217316281,0.3999999999999999,1.553516460444762
2021-03-10 12:00:00,2,-53.29175178959221,-53.916002856418444,1.5,2.6297461449076316
2021-03-10 12:00:00,4,-53.29175178959221,-54.36272166574007,3.0,3.415192602409505
2021-03-10 12:00:00,8,-57.4,-54.83045001373389,3.1,3.2309234605176207
2021-03-10 15:00:00,1,-53.29175178959221,-54.84395670541232,1.5,2.0982177287942374
2021-03-10 15:00:00,2,-53.29175178959221,-55.16358859672383,3.6,2.830136157377002
2021-03-10 15:00:00,4,-53.29175178959221,-55.485367761109934,0.8000000000000003,3.0351353244609625
2021-03-10 15:00:00,8,-60.7,-55.94073303262125,3.1,3.007601166936446
2021-03-10 18:00:00,1,-53.29175178959221,-54.87240208448624,3.6,2.9400422311020415
2021-03-10 18:00:00,2,-53.29175178959221,-55.26121828208259,3.0,3.1674256013703466
2021-03-10 18:00:00,4,-57.5,-55.61896881863068,2.6,2.923437799991028
2021-03-10 18:00:00,8,-63.1,-56.15253150355767,0.3999999999999999,2.627700570278869
2021-03-10 21:00:00,1,-53.29175178959221,-55.31367507713973,3.0,3.2140447771622362
2021-03-10 21:00:00,2,-53.29175178959221,-55.681813436707024,0.8000000000000003,2.9694469664892997
2021-03-10 21:00:00,4,-57.5,-55.90404872472995,3.2,2.898850061203108
2021-03-10 21:00:00,8,-65.5,-56.371876862110845,1.0750000000000002,2.749032941070045
2021-03-11 00:00:00,1,-53.29175178959221,-55.83703816993107,0.8000000000000003,2.9117267199488657
2021-03-11 00:00:00,2,-57.5,-56.28792012403389,2.6,3.1477563807669275
2021-03-11 00:00:00,4,-57.4,-56.723109206330236,3.1,3.5904510504462785
2021-03-11 00:00:00,8,-65.5,-57.344152599674864,1.75,3.3075507959505934
2021-03-11 03:00:00,1,-57.5,-56.605454997214835,2.6,1.9284078413252117
2021-03-11 03:00:00,2,-57.5,-56.97852068292554,3.2,2.900444174034828
2021-03-11 03:00:00,4,-60.7,-57.78930188765302,3.1,3.4773142415600202
2021-03-11 03:00:00,8,-66.6,-58.81063365560273,2.4250000000000003,3.730684978163365
2021-03-11 06:00:00,1,-57.5,-57.453651458087684,3.2,3.3449254023343693
2021-03-11 06:00:00,2,-57.4,-57.57729627268206,3.1,3.855363082371432
2021-03-11 06:00:00,4,-63.1,-58.11390631654504,0.3999999999999999,3.9303350667686097
2021-03-11 06:00:00,8,-61.7,-58.70785418941998,3.1,2.0564796670944157
2021-03-11 09:00:00,1,-57.4,-58.99929972176338,3.1,3.8906132002892395
2021-03-11 09:00:00,2,-60.7,-58.99903601840114,3.1,3.9457881823189007
2021-03-11 09:00:00,4,-65.5,-59.36251075518726,1.0750000000000002,3.527359277639653
2021-03-11 09:00:00,8,-59.63333333333333,-59.60709346215766,3.0,2.801196160506694
2021-03-11 12:00:00,1,-60.7,-58.83080336030879,3.1,3.619376757513633
2021-03-11 12:00:00,2,-63.1,-58.870706866622136,0.3999999999999999,3.768367321852164
2021-03-11 12:00:00,4,-65.5,-59.09709548260027,1.75,3.942513817936537
2021-03-11 12:00:00,8,-57.56666666666667,-59.152148963224334,3.3,3.782006872121086
2021-03-11 15:00:00,1,-63.1,-60.77510842409835,0.3999999999999999,3.415899001222859
2021-03-11 15:00:00,2,-65.5,-60.56219533813085,1.0750000000000002,3.5395035239988633
2021-03-11 15:00:00,4,-66.6,-60.057507450867654,2.4250000000000003,3.811545107859631
2021-03-11 15:00:00,8,-55.5,-59.573534687559736,3.5,4.149747472977111
2021-03-11 18:00:00,1,-65.5,-64.68572409290533,1.0750000000000002,1.1287938706574199
2021-03-11 18:00:00,2,-65.5,-64.0280860940426,1.75,2.2402590099940207
2021-03-11 18:00:00,4,-61.7,-62.38553837276123,3.1,3.715595212845263
2021-03-11 18:00:00,8,-57.53333333333333,-61.223108734492804,3.0,3.3810111538039953
2021-03-11 21:00:00,1,-65.5,-64.16209855762848,1.75,2.56439620999323
2021-03-11 21:00:00,2,-66.6,-63.55306267352793,2.4250000000000003,3.523258537418299
2021-03-11 21:00:00,4,-59.63333333333333,-62.40067177554919,3.0,4.587378233724934
2021-03-11 21:00:00,8,-59.56666666666667,-61.850404275175684,0.0,3.0274489567566234
2021-03-12 00:00:00,1,-66.6,-63.54769494115456,2.4250000000000003,3.0633904771927076
2021-03-12 00:00:00,2,-61.7,-62.91666000033507,3.1,3.9346590918261324
2021-03-12 00:00:00,4,-57.56666666666667,-62.16590661506464,3.3,4.541516284189179
2021-03-12 00:00:00,8,-61.6,-62.35274981372132,0.0,1.402922198975702
2021-03-12 03:00:00,1,-61.7,-64.51530543481019,3.1,3.571542575229573
2021-03-12 03:00:00,2,-59.63333333333333,-63.92726350854793,3.0,4.077515238375308
2021-03-12 03:00:00,4,-55.5,-63.21494524857382,3.5,3.8013362433529565
2021-03-12 03:00:00,8,-62.7,-63.05877593855226,2.1,2.574342339410153
2021-03-12 06:00:00,1,-59.63333333333333,-60.38294910190972,3.0,3.423923258782856
2021-03-12 06:00:00,2,-57.56666666666667,-59.97420456743887,3.3,3.6303515394625676
2021-03-12 06:00:00,4,-57.53333333333333,-59.51443271187446,3.0,3.4713684571676753
2021-03-12 06:00:00,8,-59.66666666666667,-59.112001927576465,4.2,2.367178800380339
2021-03-12 09:00:00,1,-57.56666666666667,-58.79449371293214,3.3,3.4607486275256867
2021-03-12 09:00:00,2,-55.5,-58.6589660357649,3.5,3.0663001050187146
2021-03-12 09:00:00,4,-59.56666666666667,-58.38606043488883,0.0,2.2470863365961806
2021-03-12 09:00:00,8,-56.63333333333333,-57.519110053754716,4.1,1.9922056263740289
2021-03-12 12:00:00,1,-55.5,-56.796755575244376,3.5,3.4128470885491597
2021-03-12 12:00:00,2,-57.53333333333333,-56.52902929573287,3.0,3.1979323045099934
2021-03-12 12:00:00,4,-61.6,-56.071014742082376,0.0,2.4333224592005838
2021-03-12 12:00:00,8,-53.6,-55.15591904381357,3.8,2.3726182032105596
2021-03-12 15:00:00,1,-57.53333333333333,-57.28498577890051,3.0,3.824245250214801
2021-03-12 15:00:00,2,-59.56666666666667,-57.111752123438556,0.0,3.4687359342146133
2021-03-12 15:00:00,4,-62.7,-56.720836746208676,2.1,2.3049430827469175
2021-03-12 15:00:00,8,-54.5,-55.88498354804111,3.5,2.4032295205046648
2021-03-12 18:00:00,1,-59.56666666666667,-59.69602994282502,0.0,2.2582176665356806
2021-03-12 18:00:00,2,-61.6,-59.33703095818701,0.0,1.653592429421635
2021-03-12 18:00:00,4,-59.66666666666667,-58.6533482895481,4.2,1.4067627434799377
2021-03-12 18:00:00,8,-57.03333333333333,-57.99977391626737,4.0,1.9201368180634653
2021-03-12 21:00:00,1,-61.6,-60.664788915058246,0.0,0.027646822175814822
2021-03-12 21:00:00,2,-62.7,-60.35412473931522,2.1,0.6662561966422755
2021-03-12 21:00:00,4,-56.63333333333333,-59.88840442757973,4.1,1.9548099585269447
2021-03-12 21:00:00,8,-59.56666666666667,-60.05522706523521,3.4,1.1608047355184041
2021-03-13 00:00:00,1,-62.7,-61.19122080169003,2.1,0.7846627835988818
2021-03-13 00:00:00,2,-59.66666666666667,-60.92053218235932,4.2,1.8894481865369623
2021-03-13 00:00:00,4,-53.6,-60.74518529749453,3.8,3.430785603400276
2021-03-13 00:00:00,8,-62.1,-61.29649824480411,3.6,1.2014965490333238
2021-03-13 03:00:00,1,-59.66666666666667,-62.66634282598754,4.2,3.4266157535861863
2021-03-13 03:00:00,2,-56.63333333333333,-62.84329282555444,4.1,3.793316278065862
2021-03-13 03:00:00,4,-54.5,-63.480935480950606,3.5,3.3264601509499436
2021-03-13 03:00:00,8,-61.3,-64.4283460088586,3.7,1.0751699987502175
2021-03-13 06:00:00,1,-56.63333333333333,-60.03177331701803,4.1,4.404268218797252
2021-03-13 06:00:00,2,-53.6,-60.340751520445124,3.8,4.160546671638263
2021-03-13 06:00:00,4,-57.03333333333333,-61.07536640404694,4.0,3.0265373952965744
2021-03-13 06:00:00,8,-58.449999999999996,-61.799408656125685,3.4,1.1363988184770197
2021-03-13 09:00:00,1,-53.6,-59.761854913245315,3.8,3.7728528536751575
2021-03-13 09:00:00,2,-54.5,-60.33122217435517,3.5,3.0210596019509564
2021-03-13 09:00:00,4,-59.56666666666667,-61.457363059775645,3.4,2.2231126327739794
2021-03-13 09:00:00,8,-55.599999999999994,-61.715723186671354,3.2,1.9634729916070275
2021-03-13 12:00:00,1,-54.5,-60.59060397165429,3.5,3.5102914010255755
2021-03-13 12:00:00,2,-57.03333333333333,-61.11756614701451,4.0,2.7799105925647205
2021-03-13 12:00:00,4,-62.1,-62.13111938627926,3.6,1.8670737676020277
2021-03-13 12:00:00,8,-52.75,-62.17676168297568,3.4,2.201562436876565
2021-03-13 15:00:00,1,-57.03333333333333,-61.90429919020829,4.0,3.064169378093994
2021-03-13 15:00:00,2,-59.56666666666667,-62.36295426923864,3.4,2.4368453221899053
2021-03-13 15:00:00,4,-61.3,-63.20552253663033,3.7,2.03661470818263
2021-03-13 15:00:00,8,-49.9,-63.29713279647053,2.8,2.3061604886462996
2021-03-13 18:00:00,1,-59.56666666666667,-63.66570651876086,3.4,3.0501347654275595
2021-03-13 18:00:00,2,-62.1,-63.89666022900982,3.6,2.350752565244962
2021-03-13 18:00:00,4,-58.449999999999996,-64.20896930851237,3.4,2.0318103484612764
2021-03-13 18:00:00,8,-51.85,-64.29315552615455,4.0,1.6899160421262445
2021-03-13 21:00:00,1,-62.1,-64.49345984480205,3.6,2.0984745186861185
2021-03-13 21:00:00,2,-61.3,-64.61711150415583,3.7,1.7832981981822844
2021-03-13 21:00:00,4,-55.599999999999994,-64.72004731905334,3.2,1.9281510514333307
2021-03-13 21:00:00,8,-53.8,-64.88946592177476,3.6,0.7920448531485351
2021-03-14 00:00:00,1,-61.3,-62.97619787911912,3.7,2.6123269817476267
2021-03-14 00:00:00,2,-58.449999999999996,-62.95395745456862,3.4,2.521400538993179
2021-03-14 00:00:00,4,-52.75,-63.02941408221942,3.4,2.724591512801918
2021-03-14 00:00:00,8,-55.75,-63.46138180459075,2.3,1.0090858452288392
2021-03-14 03:00:00,1,-58.449999999999996,-59.29559278476557,3.4,3.1752162899682617
2021-03-14 03:00:00,2,-55.599999999999994,-59.12520078520704,3.2,3.0008225216406164
2021-03-14 03:00:00,4,-49.9,-59.16418853476246,2.8,3.105472027365016
2021-03-14 03:00:00,8,-57.7,-59.57494759000056,3.2,1.4602089526131063
2021-03-14 06:00:00,1,-55.599999999999994,-55.57876504352987,3.2,3.322522990315291
2021-03-14 06:00:00,2,-52.75,-55.38824368732071,3.4,3.0066571868189502
2021-03-14 06:00:00,4,-51.85,-55.38400263837,4.0,2.991608851265381
2021-03-14 06:00:00,8,-55.8,-55.45852801849159,3.9,1.721731115358702
2021-03-14 09:00:00,1,-52.75,-53.2136887076552,3.4,3.3042034629288946
2021-03-14 09:00:00,2,-49.9,-53.36478249348603,2.8,2.865974609943276
2021-03-14 09:00:00,4,-53.8,-53.764478346089696,3.6,2.2745589093355805
2021-03-14 09:00:00,8,-54.8,-53.9036757149228,3.7,1.4803125725622799
2021-03-14 12:00:00,1,-49.9,-52.67309024050103,2.8,3.361769760836577
2021-03-14 12:00:00,2,-51.85,-53.10165787367059,4.0,2.8467922557233214
2021-03-14 12:00:00,4,-55.75,-53.668374501701905,2.3,2.113408855737021
2021-03-14 12:00:00,8,-54.6,-53.72341537355865,4.5,1.5389419278353902
2021-03-14 15:00:00,1,-51.85,-55.328716255801005,4.0,2.1960330296158013
2021-03-14 15:00:00,2,-53.8,-55.70921589059833,3.6,1.7926671901843987
2021-03-14 15:00:00,4,-57.7,-56.34618235581565,3.2,1.469486873781472
2021-03-14 15:00:00,8,-56.9,-56.447839281456424,4.1,1.2137836467669292
2021-03-14 18:00:00,1,-53.8,-56.665198579031454,3.6,2.3684125222487653
2021-03-14 18:00:00,2,-55.75,-57.08791434819386,2.3,1.464666304731395
2021-03-14 18:00:00,4,-55.8,-57.63633556478123,3.9,1.7124271739521224
2021-03-14 18:00:00,8,-58.733333333333334,-57.8431917591787,1.5,1.5375042030337545
2021-03-14 21:00:00,1,-55.75,-57.68206828435186,2.3,1.7261635136419824
2021-03-14 21:00:00,2,-57.7,-57.89212206214168,3.2,1.0729593449052457
2021-03-14 21:00:00,4,-54.8,-58.240532564234854,3.7,1.792697369395114
2021-03-14 21:00:00,8,-60.56666666666666,-58.66506939964877,0.0,1.4235163643993989
2021-03-15 00:00:00,1,-57.7,-57.394310276073824,3.2,1.1883367069163495
2021-03-15 00:00:00,2,-55.8,-57.39953030574431,3.9,1.0056987353675755
2021-03-15 00:00:00,4,-54.6,-57.497705050101786,4.5,2.2202823986666207
2021-03-15 00:00:00,8,-62.4,-58.010082844428204,0.6666666666666665,1.6569641830767394
2021-03-15 03:00:00,1,-55.8,-56.54284670346312,3.9,2.9334756400836226
2021-03-15 03:00:00,2,-54.8,-56.599701436561475,3.7,2.5180873308740557
2021-03-15 03:00:00,4,-56.9,-56.91136494717724,4.1,2.3570756964115684
2021-03-15 03:00:00,8,-62.6,-57.52235699146486,1.3333333333333335,1.4309110175068769
2021-03-15 06:00:00,1,-54.8,-55.07502929832458,3.7,3.7157477351637276
2021-03-15 06:00:00,2,-54.6,-55.09871432735946,4.5,3.0603394443016527
2021-03-15 06:00:00,4,-58.733333333333334,-55.627624557270615,1.5,2.7081277402737083
2021-03-15 06:00:00,8,-60.4,-56.13484284400968,2.0,2.041492009883239
2021-03-15 09:00:00,1,-54.6,-55.020568069514056,4.5,3.454052975059324
2021-03-15 09:00:00,2,-56.9,-55.103127035670965,4.1,2.7955979169190166
2021-03-15 09:00:00,4,-60.56666666666666,-55.613212015722866,0.0,2.586835679523699
2021-03-15 09:00:00,8,-58.5,-55.80448593521578,3.8,2.625331875478844
2021-03-15 12:00:00,1,-56.9,-57.93099705329221,4.1,3.9674263298206878
2021-03-15 12:00:00,2,-58.733333333333334,-58.249295657522254,1.5,3.0434732645238527
2021-03-15 12:00:00,4,-62.4,-58.808952006292735,0.6666666666666665,2.211960827892934
2021-03-15 12:00:00,8,-57.2,-58.80239616778732,3.3,2.934648736929817
2021-03-15 15:00:00,1,-58.733333333333334,-60.327526004277935,1.5,3.1252961430340314
2021-03-15 15:00:00,2,-60.56666666666666,-60.45644452586652,0.0,2.1898652733962347
2021-03-15 15:00:00,4,-62.6,-60.590944048121436,1.3333333333333335,1.6667812777057989
2021-03-15 15:00:00,8,-58.5,-60.545266446876525,3.5,2.269091566741376
2021-03-15 18:00:00,1,-60.56666666666666,-61.743169230872546,0.0,0.15774673356121172
2021-03-15 18:00:00,2,-62.4,-61.62100324455956,0.6666666666666665,0.41881418197998865
2021-03-15 18:00:00,4,-60.4,-61.452653144805886,2.0,2.5003819450936993
2021-03-15 18:00:00,8,-60.13333333333333,-61.75786673056173,0.3999999999999999,2.1329199820652267
2021-03-15 21:00:00,1,-62.4,-62.27086199423633,0.6666666666666665,0.23814926964200422
2021-03-15 21:00:00,2,-62.6,-62.23030931653125,1.3333333333333335,1.1684233332990344
2021-03-15 21:00:00,4,-58.5,-62.09377293797841,3.8,3.621614831251026
2021-03-15 21:00:00,8,-61.766666666666666,-62.423566414998355,0.3500000000000001,2.6551303802497284
2021-03-16 00:00:00,1,-62.6,-62.13010420038475,1.3333333333333335,2.243920931961338
2021-03-16 00:00:00,2,-60.4,-62.37160172211719,2.0,2.784255492464991
2021-03-16 00:00:00,4,-57.2,-62.84809856715584,3.3,3.0664268470396867
2021-03-16 00:00:00,8,-63.4,-63.762872561732735,0.30000000000000027,1.7209067856808615
2021-03-16 03:00:00,1,-60.4,-61.996814399291566,2.0,3.1273686976638926
2021-03-16 03:00:00,2,-58.5,-62.29042791911301,3.8,3.67728613732758
2021-03-16 03:00:00,4,-58.5,-63.22234695524115,3.5,3.6549892525707044
2021-03-16 03:00:00,8,-64.4,-64.41201081041979,0.25,1.6218385677331726
2021-03-16 06:00:00,1,-58.5,-61.24287351764265,3.8,3.2510123907626385
2021-03-16 06:00:00,2,-57.2,-61.53038367358022,3.3,3.8138749056027357
2021-03-16 06:00:00,4,-60.13333333333333,-62.368942352964154,0.3999999999999999,3.8598516801036413
2021-03-16 06:00:00,8,-62.4,-63.17789492617974,0.20000000000000018,2.370941817371536
2021-03-16 09:00:00,1,-57.2,-62.50224584357615,3.3,4.132335081477462
2021-03-16 09:00:00,2,-58.5,-63.01784427732659,3.5,3.92792848799471
2021-03-16 09:00:00,4,-61.766666666666666,-63.96032081445701,0.3500000000000001,2.8139076867160826
2021-03-16 09:00:00,8,-60.099999999999994,-64.30516627765309,3.3,2.442706487487895
2021-03-16 12:00:00,1,-58.5,-62.74878975424055,3.5,3.0823695749616964
2021-03-16 12:00:00,2,-60.13333333333333,-63.16104529003428,0.3999999999999999,2.6402060673889576
2021-03-16 12:00:00,4,-63.4,-63.865803333123324,0.30000000000000027,1.6398443592965146
2021-03-16 12:00:00,8,-57.8,-63.837125952730716,3.2,2.4715036396488284
2021-03-16 15:00:00,1,-60.13333333333333,-62.8746987431951,0.3999999999999999,2.2761332403878387
2021-03-16 15:00:00,2,-61.766666666666666,-63.17546323533946,0.3500000000000001,1.3011124716673503
2021-03-16 15:00:00,4,-64.4,-63.41844715061367,0.25,0.4928782306880155
2021-03-16 15:00:00,8,-59.3,-63.165353885952776,3.3,1.8608619689300743
2021-03-16 18:00:00,1,-61.766666666666666,-62.461389834954396,0.3500000000000001,-0.09877890360540187
2021-03-16 18:00:00,2,-63.4,-62.25521703574567,0.30000000000000027,0.3104482077643116
2021-03-16 18:00:00,4,-62.4,-61.77679501206251,0.20000000000000018,1.9025379659633364
2021-03-16 18:00:00,8,-61.3,-61.59448304413016,2.8,1.7718942955834625
2021-03-16 21:00:00,1,-63.4,-63.98506714144974,0.30000000000000027,0.7473331261102172
2021-03-16 21:00:00,2,-64.4,-63.67736278377245,0.25,0.7552739909395454
2021-03-16 21:00:00,4,-60.099999999999994,-62.92569940575203,3.3,1.164522003812086
2021-03-16 21:00:00,8,-63.3,-62.506895236462775,0.8999999999999999,0.8325944084758432
2021-03-17 00:00:00,1,-64.4,-62.57564327939834,0.25,0.5535456957674505
2021-03-17 00:00:00,2,-62.4,-62.348346111672186,0.20000000000000018,0.7800426983514361
2021-03-17 00:00:00,4,-57.8,-61.932923974028654,3.2,1.0506868741167557
2021-03-17 00:00:00,8,-65.3,-61.948070345834424,1.4250000000000003,0.4498392637178221
2021-03-17 03:00:00,1,-62.4,-63.00922636498861,0.20000000000000018,0.7137267087731849
2021-03-17 03:00:00,2,-60.099999999999994,-62.81527830607237,3.3,1.1650726944273986
2021-03-17 03:00:00,4,-59.3,-62.552698925380895,3.3,1.4465110034386437
2021-03-17 03:00:00,8,-64.9,-62.69728402048983,1.9500000000000002,0.13609533599959667
2021-03-17 06:00:00,1,-60.099999999999994,-61.7948053753024,3.3,1.7298822749001517
2021-03-17 06:00:00,2,-57.8,-61.79037861722159,3.2,2.55044019124304
2021-03-17 06:00:00,4,-61.3,-62.04237023586922,2.8,2.673256142173688
2021-03-17 06:00:00,8,-63.3,-62.43999888107077,2.475,1.3872351945423675
2021-03-17 09:00:00,1,-57.8,-61.26566152294533,3.2,4.102287038356494
2021-03-17 09:00:00,2,-59.3,-61.51051009478093,3.3,3.960016987009054
2021-03-17 09:00:00,4,-63.3,-61.89807982566508,0.8999999999999999,3.0667330113999816
2021-03-17 09:00:00,8,-62.199999999999996,-61.97762817843646,3.0,3.6218425683205773
2021-03-17 12:00:00,1,-59.3,-61.74249051894023,3.3,3.8778601909951576
2021-03-17 12:00:00,2,-61.3,-61.93230218167453,2.8,3.9927733743509934
2021-03-17 12:00:00,4,-65.3,-62.45777003798207,1.4250000000000003,3.7133155893729763
2021-03-17 12:00:00,8,-61.1,-62.363627217163035,3.1,3.6750915861710114
2021-03-17 15:00:00,1,-61.3,-63.17136862821491,2.8,3.190133404607396
2021-03-17 15:00:00,2,-63.3,-63.37003308660982,0.8999999999999999,2.977207982418023
2021-03-17 15:00:00,4,-64.9,-63.77121019918572,1.9500000000000002,2.952943417121525
2021-03-17 15:00:00,8,-60.0,-63.498562537663965,3.5,3.7284537294064872
2021-03-17 18:00:00,1,-63.3,-63.436732024730645,0.8999999999999999,2.301880479381083
2021-03-17 18:00:00,2,-65.3,-63.408136781450864,1.4250000000000003,2.384799833667142
2021-03-17 18:00:00,4,-63.3,-63.5136483873866,2.475,2.885654814499711
2021-03-17 18:00:00,8,-62.166666666666664,-63.34266557701652,3.9,2.883865336600746
2021-03-17 21:00:00,1,-65.3,-63.68903345880385,1.4250000000000003,1.2150245135368318
2021-03-17 21:00:00,2,-64.9,-63.47878262399334,1.9500000000000002,2.1534295817147284
2021-03-17 21:00:00,4,-62.199999999999996,-63.26913773051518,3.0,2.9179777089386207
2021-03-17 21:00:00,8,-64.33333333333333,-63.30288527637241,3.05,1.5727132111079904
2021-03-18 00:00:00,1,-64.9,-63.31655173914531,1.9500000000000002,1.6112639002669362
2021-03-18 00:00:00,2,-63.3,-62.92453075314671,2.475,2.2002512941354206
2021-03-18 00:00:00,4,-61.1,-62.56133340924163,3.1,3.0607517157808934
2021-03-18 00:00:00,8,-66.5,-62.56487106910112,2.2,1.9920665673960336
2021-03-18 03:00:00,1,-63.3,-62.98878575191042,2.475,2.3124593058198206
2021-03-18 03:00:00,2,-62.199999999999996,-62.630718375052105,3.0,2.538366374150532
2021-03-18 03:00:00,4,-60.0,-62.2589902994288,3.5,2.801649115268224
2021-03-18 03:00:00,8,-68.9,-62.24645574371075,1.35,1.4646313267062552
2021-03-18 06:00:00,1,-62.199999999999996,-61.96034984420213,3.0,3.0367110418373877
2021-03-18 06:00:00,2,-61.1,-61.81840034171356,3.1,3.137091655549988
2021-03-18 06:00:00,4,-62.166666666666664,-62.029254956353455,3.9,3.1075407962634976
2021-03-18 06:00:00,8,-64.6,-62.28098287163884,0.5,1.3956962508553312
2021-03-18 09:00:00,1,-61.1,-61.078606496997686,3.1,3.2518376268832037
2021-03-18 09:00:00,2,-60.0,-60.90136973803688,3.5,3.080143298309764
2021-03-18 09:00:00,4,-64.33333333333333,-60.78876119735245,3.05,2.554216431633985
2021-03-18 09:00:00,8,-53.29175178959221,-60.5086534685832,2.5,1.0220835940585795
2021-03-18 12:00:00,1,-60.0,-60.78732956188588,3.5,3.0397287496282708
2021-03-18 12:00:00,2,-62.166666666666664,-60.739068244091854,3.9,2.790236041601835
2021-03-18 12:00:00,4,-66.5,-60.804531523015314,2.2,2.357830603240732
2021-03-18 12:00:00,8,-53.29175178959221,-60.57516147394175,2.3,1.285713396099497
2021-03-18 15:00:00,1,-62.166666666666664,-61.743921433905804,3.9,2.670298792804235
2021-03-18 15:00:00,2,-64.33333333333333,-61.721256634272365,3.05,2.1066967006810535
2021-03-18 15:00:00,4,-68.9,-61.75542567320858,1.35,1.6903526275985703
2021-03-18 15:00:00,8,-53.29175178959221,-61.62158252735529,1.9,1.992322290884709
2021-03-18 18:00:00,1,-64.33333333333333,-62.83202851308125,3.05,2.566717983052213
2021-03-18 18:00:00,2,-66.5,-62.656135488466255,2.2,2.007806038867078
2021-03-18 18:00:00,4,-64.6,-62.29017574376661,0.5,2.140610348781586
2021-03-18 18:00:00,8,-53.29175178959221,-62.047142113924096,0.0,1.6082129206960418
2021-03-18 21:00:00,1,-66.5,-64.45130909590178,2.2,2.1150127261580716
2021-03-18 21:00:00,2,-68.9,-63.941887517136166,1.35,1.7844550323795951
2021-03-18 21:00:00,4,-53.29175178959221,-62.971522548196866,2.5,1.8959847049849863
2021-03-18 21:00:00,8,-53.29175178959221,-62.448403525115786,0.75,1.2943399581899526
2021-03-19 00:00:00,1,-68.9,-61.44062221927963,1.35,0.9216335308372221
2021-03-19 00:00:00,2,-64.6,-60.733474994908704,0.5,0.7904746810687784
2021-03-19 00:00:00,4,-53.29175178959221,-59.51076824384077,2.3,1.6331234597342623
2021-03-19 00:00:00,8,-53.9,-58.97842032358245,1.5,1.5533430632835503
2021-03-19 03:00:00,1,-64.6,-62.238111621748864,0.5,0.3695032711970523
2021-03-19 03:00:00,2,-53.29175178959221,-61.42896235176309,2.5,0.5851248806108544
2021-03-19 03:00:00,4,-53.29175178959221,-60.05297549964235,1.9,1.8201113965985323
2021-03-19 03:00:00,8,-54.6,-59.35809264311833,2.25,1.8230277960848944
2021-03-19 06:00:00,1,-53.29175178959221,-59.95726342766771,2.5,1.2806789065663997
2021-03-19 06:00:00,2,-53.29175178959221,-59.50537889643771,2.3,2.1588083062025567
2021-03-19 06:00:00,4,-53.29175178959221,-59.00107215419807,0.0,2.981031517791131
2021-03-19 06:00:00,8,-53.650000000000006,-58.817828578486015,3.0,1.7090319594264973
2021-03-19 09:00:00,1,-53.29175178959221,-58.14450022957029,2.3,3.6637123308162765
2021-03-19 09:00:00,2,-53.29175178959221,-58.149227436563805,1.9,3.7708370850159882
2021-03-19 09:00:00,4,-53.29175178959221,-58.10608419755021,0.75,3.1538382115482126
2021-03-19 09:00:00,8,-52.7,-58.088422917039836,3.8,2.569345280629568
2021-03-19 12:00:00,1,-53.29175178959221,-57.753361497033595,1.9,3.4314143680602704
2021-03-19 12:00:00,2,-53.29175178959221,-57.7433724713122,0.0,3.6970357180775526
2021-03-19 12:00:00,4,-53.9,-57.69825433908579,1.5,3.2860646375656684
2021-03-19 12:00:00,8,-53.5,-57.49354956064361,3.6,2.5006241252616648
2021-03-19 15:00:00,1,-53.29175178959221,-56.77977264641582,0.0,2.6698547425094707
2021-03-19 15:00:00,2,-53.29175178959221,-56.9106530921994,0.75,3.036503679734081
2021-03-19 15:00:00,4,-54.6,-57.18814071911955,2.25,2.784925087037715
2021-03-19 15:00:00,8,-56.93333333333333,-57.2738000010352,3.9,2.2053392104691127
2021-03-19 18:00:00,1,-53.29175178959221,-56.96679669082091,0.75,0.2561196566189241
2021-03-19 18:00:00,2,-53.9,-57.04902530727403,1.5,1.280090678558254
2021-03-19 18:00:00,4,-53.650000000000006,-57.39063644152727,3.0,2.5185166648045847
2021-03-19 18:00:00,8,-60.36666666666667,-58.068583201787064,0.0,2.7928003147497455
2021-03-19 21:00:00,1,-53.9,-55.03291097196885,1.5,0.6473431092317061
2021-03-19 21:00:00,2,-54.6,-55.28432510907322,2.25,0.8090859763721951
2021-03-19 21:00:00,4,-52.7,-56.001608521492706,3.8,1.5133766172290017
2021-03-19 21:00:00,8,-63.8,-57.095978555521235,0.0,2.7884898596730125
2021-03-20 00:00:00,1,-54.6,-56.4028620071735,2.25,1.3144022016947532
2021-03-20 00:00:00,2,-53.650000000000006,-56.64564994617852,3.0,1.2547081494612855
2021-03-20 00:00:00,4,-53.5,-57.26778057551663,3.6,1.7781461910159424
2021-03-20 00:00:00,8,-60.9,-58.09516536530158,2.5,1.9251635228531627
2021-03-20 03:00:00,1,-53.650000000000006,-57.10092335381365,3.0,3.0109908361654023
2021-03-20 03:00:00,2,-52.7,-57.44877654839128,3.8,3.20941480102506
2021-03-20 03:00:00,4,-56.93333333333333,-58.447215117893805,3.9,3.2144107134221986
2021-03-20 03:00:00,8,-57.35,-59.42816712837597,5.0,2.6181227765291206
2021-03-20 06:00:00,1,-52.7,-57.80580172056797,3.8,3.6219382580132096
2021-03-20 06:00:00,2,-53.5,-58.202668435972896,3.6,3.608618835321554
2021-03-20 06:00:00,4,-60.36666666666667,-59.07840784843005,0.0,3.419095531501262
2021-03-20 06:00:00,8,-53.8,-59.60614888536014,7.5,2.7142213814704936
2021-03-20 09:00:00,1,-53.5,-56.299079243362584,3.6,3.8079349597679406
2021-03-20 09:00:00,2,-56.93333333333333,-56.59617890722276,3.9,3.739687260763193
2021-03-20 09:00:00,4,-63.8,-57.402165177863694,0.0,3.4812158776378905
2021-03-20 09:00:00,8,-50.25,-57.86969466758435,10.0,2.0513629578741757
2021-03-20 12:00:00,1,-56.93333333333333,-57.9612660203711,3.9,3.784953744079045
2021-03-20 12:00:00,2,-60.36666666666667,-58.25137970663501,0.0,3.758836423183377
2021-03-20 12:00:00,4,-60.9,-58.921940250998745,2.5,3.3204533682942445
2021-03-20 12:00:00,8,-46.7,-59.04631745484916,11.8,2.4111245299961572
2021-03-20 15:00:00,1,-60.36666666666667,-62.786587236160955,0.0,3.7900482054624107
2021-03-20 15:00:00,2,-63.8,-62.9337358737913,0.0,3.516350963974926
2021-03-20 15:00:00,4,-57.35,-63.02951062935204,5.0,3.148303685552063
2021-03-20 15:00:00,8,-46.7,-62.70606404555049,10.7,3.0748601235491475
2021-03-20 18:00:00,1,-63.8,-66.924156393722,0.0,1.441032890172064
2021-03-20 18:00:00,2,-60.9,-67.00838728242555,2.5,2.66180446471126
2021-03-20 18:00:00,4,-53.8,-67.00258148545042,7.5,3.3448373440896764
2021-03-20 18:00:00,8,-49.5,-66.87769416689929,8.8,2.268877859538997
2021-03-20 21:00:00,1,-60.9,-64.46008335695453,2.5,2.3919320449457504
2021-03-20 21:00:00,2,-57.35,-64.53224801558332,5.0,3.61733501527139
2021-03-20 21:00:00,4,-50.25,-64.82618576085014,10.0,4.517573506059937
2021-03-20 21:00:00,8,-51.0,-65.28098327758156,8.7,2.1345595769936607
2021-03-21 00:00:00,1,-57.35,-63.062828036118404,5.0,3.721370466035011
2021-03-21 00:00:00,2,-53.8,-63.493845417684305,7.5,4.092926844180825
2021-03-21 00:00:00,4,-46.7,-64.24033343709561,11.8,4.413529237474811
2021-03-21 00:00:00,8,-51.4,-65.1785338008521,9.2,2.655138804835052
2021-03-21 03:00:00,1,-53.8,-59.48479562416355,7.5,6.8386612943433445
2021-03-21 03:00:00,2,-50.25,-60.14618887418466,10.0,6.466407235230381
2021-03-21 03:00:00,4,-46.7,-61.53846265117789,10.7,4.851318998940571
2021-03-21 03:00:00,8,-53.0,-62.60720482525278,8.6,3.301714397867051
2021-03-21 06:00:00,1,-50.25,-57.475362314410745,10.0,8.595043796387495
2021-03-21 06:00:00,2,-46.7,-58.16126772860292,11.8,7.7257959358482236
2021-03-21 06:00:00,4,-49.5,-59.61701764278998,8.8,5.559672102808675
2021-03-21 06:00:00,8,-53.9,-60.48285809214945,7.6,3.8488715394785995
2021-03-21 09:00:00,1,-46.7,-55.858689945172976,11.8,8.639496174166238
2021-03-21 09:00:00,2,-46.7,-56.49769182568624,10.7,7.445737552584878
2021-03-21 09:00:00,4,-51.0,-57.73427686681804,8.7,5.492029294362159
2021-03-21 09:00:00,8,-53.8,-58.39475039732578,7.4,4.545293804263971
2021-03-21 12:00:00,1,-46.7,-56.46396085135177,10.7,8.774477226303784
2021-03-21 12:00:00,2,-49.5,-57.00107344465508,8.8,7.452931082047801
2021-03-21 12:00:00,4,-51.4,-58.120977313258095,9.2,5.593989811083766
2021-03-21 12:00:00,8,-52.1,-58.71769335093552,8.4,4.998002653214796
2021-03-21 15:00:00,1,-49.5,-56.528707592040966,8.8,7.952802039322508
2021-03-21 15:00:00,2,-51.0,-56.846757263179065,8.7,6.898967888578042
2021-03-21 15:00:00,4,-53.0,-57.58205842397358,8.6,5.555511850623435
2021-03-21 15:00:00,8,-53.7,-58.02640291234622,6.9,5.177992532323707
2021-03-21 18:00:00,1,-51.0,-58.468227088256846,8.7,6.366034806162382
2021-03-21 18:00:00,2,-51.4,-58.68003924871206,9.2,5.623382016233361
2021-03-21 18:00:00,4,-53.9,-59.234479890818,7.6,4.800849121153913
2021-03-21 18:00:00,8,-55.5,-59.79181190339566,6.3,4.308437174420135
2021-03-21 21:00:00,1,-51.4,-58.01964821556765,9.2,6.523530615896705
2021-03-21 21:00:00,2,-53.0,-58.40313450709259,8.6,5.83935873791459
2021-03-21 21:00:00,4,-53.8,-59.36722787516692,7.4,4.819707928641323
2021-03-21 21:00:00,8,-56.2,-60.37767287316205,5.6,3.5511880106110887
2021-03-22 00:00:00,1,-53.0,-57.14776060140151,8.6,7.170114126972505
2021-03-22 00:00:00,2,-53.9,-57.62013149752256,7.6,6.423603730087958
2021-03-22 00:00:00,4,-52.1,-58.61718490387236,8.4,4.684633886144259
2021-03-22 00:00:00,8,-59.0,-59.6398452756471,2.4,3.117042128903413
2021-03-22 03:00:00,1,-53.9,-56.48406823272222,7.6,7.600989223413576
2021-03-22 03:00:00,2,-53.8,-56.71283017896047,7.4,6.8451725390353975
2021-03-22 03:00:00,4,-53.7,-57.26222731413841,6.9,4.93254309205087
2021-03-22 03:00:00,8,-57.0,-57.89927555621806,5.1,2.9259799452724247
2021-03-22 06:00:00,1,-53.8,-56.21649938267697,7.4,6.826266703166626
2021-03-22 06:00:00,2,-52.1,-56.26129328945801,8.4,5.891490711737317
2021-03-22 06:00:00,4,-55.5,-56.57865127964598,6.3,4.54273518305305
2021-03-22 06:00:00,8,-58.2,-56.924937024320485,3.0,2.8295149241896462
2021-03-22 09:00:00,1,-52.1,-55.67425321982195,8.4,6.099108325252027
2021-03-22 09:00:00,2,-53.7,-55.83808073486319,6.9,4.768171221087897
2021-03-22 09:00:00,4,-56.2,-56.43446894459029,5.6,3.2917291581125667
2021-03-22 09:00:00,8,-56.2,-56.71451254877146,4.0,3.86613442124884
2021-03-22 12:00:00,1,-53.7,-55.9018875820113,6.9,5.869400809177606
2021-03-22 12:00:00,2,-55.5,-56.325079242077415,6.3,4.048545382215246
2021-03-22 12:00:00,4,-59.0,-57.097433247019474,2.4,2.455674483668203
2021-03-22 12:00:00,8,-54.0,-57.27618810156561,4.0,4.603954938352605
2021-03-22 15:00:00,1,-55.5,-58.576479479957456,6.3,5.275396201507954
2021-03-22 15:00:00,2,-56.2,-58.82731541501758,5.6,3.8360440419206143
2021-03-22 15:00:00,4,-57.0,-59.390513026152504,5.1,2.5839238655711205
2021-03-22 15:00:00,8,-56.5,-59.29958219874561,3.8,4.499643002562902
2021-03-22 18:00:00,1,-56.2,-59.78326387965369,5.6,5.051261815225722
2021-03-22 18:00:00,2,-59.0,-59.798864887583974,2.4,3.8222548886120027
2021-03-22 18:00:00,4,-58.2,-59.778317640359305,3.0,2.9154962953197767
2021-03-22 18:00:00,8,-56.9,-59.560877646673426,2.2,4.1806203789775225
2021-03-22 21:00:00,1,-59.0,-59.181662845266004,2.4,4.42409468055332
2021-03-22 21:00:00,2,-57.0,-58.99473246598958,5.1,3.574340597295106
2021-03-22 21:00:00,4,-56.2,-58.78096846835322,4.0,3.3814163603619996
2021-03-22 21:00:00,8,-57.300000000000004,-58.78194907020022,2.8,4.511853319265712
2021-03-23 00:00:00,1,-57.0,-56.28775621005873,5.1,2.9457879582530375
2021-03-23 00:00:00,2,-58.2,-55.90213903685671,3.0,3.5461135109627255
2021-03-23 00:00:00,4,-54.0,-55.533992931903775,4.0,5.903634058318823
2021-03-23 00:00:00,8,-57.7,-55.810984493892505,2.9,5.249518967963961
2021-03-23 03:00:00,1,-58.2,-55.468801822229175,3.0,5.92988144041544
2021-03-23 03:00:00,2,-56.2,-55.41089515768584,4.0,5.786638322803075
2021-03-23 03:00:00,4,-56.5,-55.767870435168994,3.8,5.592258825400622
2021-03-23 03:00:00,8,-53.9,-56.54750330135964,3.3,4.590157493759071
2021-03-23 06:00:00,1,-56.2,-55.9420320959057,4.0,3.2874492554876706
2021-03-23 06:00:00,2,-54.0,-55.71711222119511,4.0,3.794047057522501
2021-03-23 06:00:00,4,-56.9,-55.62130324183735,2.2,4.789428476024765
2021-03-23 06:00:00,8,-53.7,-55.602977659414464,3.8,4.712837904842301
2021-03-23 09:00:00,1,-54.0,-57.16406265679478,4.0,4.772311638173516
2021-03-23 09:00:00,2,-56.5,-57.18378204838228,3.8,4.792447890060777
2021-03-23 09:00:00,4,-57.300000000000004,-57.55908777167,2.8,4.631023237636805
2021-03-23 09:00:00,8,-52.8,-57.81980285605059,2.3,3.874507445977191
2021-03-23 12:00:00,1,-56.5,-56.69136069046897,3.8,4.248970799271039
2021-03-23 12:00:00,2,-56.9,-56.89646714821291,2.2,4.237651302485931
2021-03-23 12:00:00,4,-57.7,-57.40943143034496,2.9,4.130198542655272
2021-03-23 12:00:00,8,-51.9,-57.44873908233981,3.2,4.227362910960207
2021-03-23 15:00:00,1,-56.9,-58.21380089676497,2.2,3.044348088393473
2021-03-23 15:00:00,2,-57.300000000000004,-58.081414243662394,2.8,2.8852053255485988
2021-03-23 15:00:00,4,-53.9,-57.60239852716371,3.3,3.6189876669740717
2021-03-23 15:00:00,8,-53.55,-57.00391185830406,3.6,4.161845177501423
2021-03-23 18:00:00,1,-57.300000000000004,-57.91355156282826,2.8,2.7107260850040342
2021-03-23 18:00:00,2,-57.7,-57.657104726310735,2.9,2.744139056799591
2021-03-23 18:00:00,4,-53.7,-57.284206917330636,3.8,3.56053112234041
2021-03-23 18:00:00,8,-55.2,-57.177778113634986,3.9,3.598619042495825
2021-03-23 21:00:00,1,-57.7,-55.23991126656426,2.9,3.0065831784364896
2021-03-23 21:00:00,2,-53.9,-55.1068232057482,3.3,2.954240003458915
2021-03-23 21:00:00,4,-52.8,-54.69335452641303,2.3,3.74183871590022
2021-03-23 21:00:00,8,-55.6,-54.95427747532916,4.0,3.8155968801787936
2021-03-24 00:00:00,1,-53.9,-54.48979516441924,3.3,2.990471638887051
2021-03-24 00:00:00,2,-53.7,-54.305116170610425,3.8,3.1379762370089384
2021-03-24 00:00:00,4,-51.9,-54.134693910010334,3.2,3.850471970749312
2021-03-24 00:00:00,8,-59.8,-54.61956838030688,0.0,4.581005301528632
2021-03-24 03:00:00,1,-53.7,-51.319178863235464,3.8,3.395669119134156
2021-03-24 03:00:00,2,-52.8,-51.33667812108577,2.3,3.5882601717157487
2021-03-24 03:00:00,4,-53.55,-51.85652724048765,3.6,4.2167941620317615
2021-03-24 03:00:00,8,-56.0,-52.79592363588705,2.6,4.627940799171348
2021-03-24 06:00:00,1,-52.8,-52.08252692102527,2.3,3.5158020262598826
2021-03-24 06:00:00,2,-51.9,-52.17455889910101,3.2,3.5275442119505445
2021-03-24 06:00:00,4,-55.2,-52.85464135938825,3.9,4.03646015460844
2021-03-24 06:00:00,8,-54.05,-53.55218795310255,5.2,4.510133104254943
2021-03-24 09:00:00,1,-51.9,-51.48319541972388,3.2,3.173626389429203
2021-03-24 09:00:00,2,-53.55,-51.49651730289845,3.6,3.4628820471185007
2021-03-24 09:00:00,4,-55.6,-52.027807662797805,4.0,4.016205318684728
2021-03-24 09:00:00,8,-52.1,-52.63709603746394,7.799999999999999,4.389747859470719
2021-03-24 12:00:00,1,-53.55,-53.61495187506805,3.6,3.876041333687881
2021-03-24 12:00:00,2,-55.2,-53.69085404251837,3.9,4.085185716671885
2021-03-24 12:00:00,4,-59.8,-54.21847340484382,0.0,4.456295631785682
2021-03-24 12:00:00,8,-50.150000000000006,-54.71931273607046,6.7,4.63444564544417
2021-03-24 15:00:00,1,-55.2,-55.74037647765199,3.9,3.984163848051746
2021-03-24 15:00:00,2,-55.6,-55.79019804033925,4.0,3.7066641126594013
2021-03-24 15:00:00,4,-56.0,-55.9102792570385,2.6,3.456973293577466
2021-03-24 15:00:00,8,-48.2,-55.97158020174438,7.3,4.037335884920784
2021-03-24 18:00:00,1,-55.6,-56.66691769439291,4.0,3.8050115220204224
2021-03-24 18:00:00,2,-59.8,-56.59762062970318,0.0,3.365126278255883
2021-03-24 18:00:00,4,-54.05,-56.49917497697356,5.2,3.0662956794454117
2021-03-24 18:00:00,8,-48.7,-56.621116166977764,6.6,3.8195412123750034
2021-03-24 21:00:00,1,-59.8,-54.98908685951997,0.0,3.1760884478298683
2021-03-24 21:00:00,2,-56.0,-54.86159420939003,2.6,2.4143565848313426
2021-03-24 21:00:00,4,-52.1,-54.639263274860724,7.799999999999999,2.004036943377609
2021-03-24 21:00:00,8,-45.9,-54.865976836785215,7.199999999999999,2.713554026344501
2021-03-25 00:00:00,1,-56.0,-58.14626978000103,2.6,0.2835119291969508
2021-03-25 00:00:00,2,-54.05,-58.00967432036703,5.2,1.1727064351335468
2021-03-25 00:00:00,4,-50.150000000000006,-57.803080748580314,6.7,2.5531467225785622
2021-03-25 00:00:00,8,-46.8,-58.10307358416469,6.3,2.3918859763272735
2021-03-25 03:00:00,1,-54.05,-55.2053045232768,5.2,4.599318963697398
2021-03-25 03:00:00,2,-52.1,-55.19593332715408,7.799999999999999,4.495699976710619
2021-03-25 03:00:00,4,-48.2,-55.42847484145913,7.3,3.8797202381262457
2021-03-25 03:00:00,8,-45.1,-56.00896339559571,5.2,3.4888960935287376
2021-03-25 06:00:00,1,-52.1,-54.11096853292003,7.799999999999999,6.139006948062706
2021-03-25 06:00:00,2,-50.150000000000006,-54.45704263042881,6.7,5.324655605016066
2021-03-25 06:00:00,4,-48.7,-55.13659880977438,6.6,3.40767022085809
2021-03-25 06:00:00,8,-43.0,-55.65843678209574,7.199999999999999,3.63283252652013
2021-03-25 09:00:00,1,-50.150000000000006,-52.4066836035835,6.7,6.280012751749963
2021-03-25 09:00:00,2,-48.2,-52.72566103232414,7.3,4.689974646677973
2021-03-25 09:00:00,4,-45.9,-53.517674154442766,7.199999999999999,3.1793296737326213
2021-03-25 09:00:00,8,-43.1,-53.99796263593978,6.7,4.381388058142116
2021-03-25 12:00:00,1,-48.2,-50.687614354188526,7.3,5.685384618126063
2021-03-25 12:00:00,2,-48.7,-50.64363443340062,6.6,4.613527933287928
2021-03-25 12:00:00,4,-46.8,-50.94652836622008,6.3,3.997117741049661
2021-03-25 12:00:00,8,-45.5,-51.29356127042092,5.6,5.234169160224201
2021-03-25 15:00:00,1,-48.7,-51.7892877464993,6.6,6.0325135778758625
2021-03-25 15:00:00,2,-45.9,-51.84401961349408,7.199999999999999,4.81471908116542
2021-03-25 15:00:00,4,-45.1,-52.23674596996162,5.2,3.8233730390330347
2021-03-25 15:00:00,8,-45.5,-52.837386666592636,6.5,5.093111316060516
2021-03-25 18:00:00,1,-45.9,-52.26017310467349,7.199999999999999,5.392811566685061
2021-03-25 18:00:00,2,-46.8,-52.34188455902559,6.3,4.318485465264144
2021-03-25 18:00:00,4,-43.0,-52.673745671245115,7.199999999999999,3.6240953517571857
2021-03-25 18:00:00,8,-45.9,-53.353574650277906,5.6,4.201032669334524
2021-03-25 21:00:00,1,-46.8,-51.48892961691314,6.3,5.4644480551361205
2021-03-25 21:00:00,2,-45.1,-51.86216543092004,5.2,4.248403792686682
2021-03-25 21:00:00,4,-43.1,-52.55172306462908,6.7,3.320902377363914
2021-03-25 21:00:00,8,-45.8,-53.686637400538686,4.7,2.915711975368086
2021-03-26 00:00:00,1,-45.1,-48.6758920127914,5.2,5.346083164544849
2021-03-26 00:00:00,2,-43.0,-48.86723942338527,7.199999999999999,4.43263278449788
2021-03-26 00:00:00,4,-45.5,-49.451136307453694,5.6,3.7863677280793184
2021-03-26 00:00:00,8,-44.8,-50.4830742102225,5.2,2.631814114003709
2021-03-26 03:00:00,1,-43.0,-46.58495491058112,7.199999999999999,5.099532236401066
2021-03-26 03:00:00,2,-43.1,-46.62876317200823,6.7,4.317179547898706
2021-03-26 03:00:00,4,-45.5,-46.94506814999973,6.5,3.556383780298976
2021-03-26 03:00:00,8,-46.3,-47.97573076601674,4.6,2.4011953563902013
2021-03-26 06:00:00,1,-43.1,-43.0687454462992,6.7,6.285447569046401
2021-03-26 06:00:00,2,-45.5,-43.35690549412949,5.6,5.016898251612794
2021-03-26 06:00:00,4,-45.9,-44.236220032497606,5.6,3.617717354145657
2021-03-26 06:00:00,8,-46.7,-45.380663804559795,4.7,2.861505420749406
2021-03-26 09:00:00,1,-45.5,-44.15095306337086,5.6,5.82583247965621
2021-03-26 09:00:00,2,-45.5,-44.286776145943875,6.5,4.755496592429418
2021-03-26 09:00:00,4,-45.8,-44.89227869319087,4.7,3.8832009515288703
2021-03-26 09:00:00,8,-46.0,-45.45651454625197,3.3,3.398683880986184
2021-03-26 12:00:00,1,-45.5,-48.08892219200184,6.5,4.619472491316587
2021-03-26 12:00:00,2,-45.9,-48.165008897768146,5.6,3.736588346368212
2021-03-26 12:00:00,4,-44.8,-48.43423381933825,5.2,3.260044266051419
2021-03-26 12:00:00,8,-46.5,-48.69557465882841,3.1,3.8277925338375285
2021-03-26 15:00:00,1,-45.9,-47.88114735884248,5.6,5.124034449651905
2021-03-26 15:00:00,2,-45.8,-48.15931838095138,4.7,3.942898816153798
2021-03-26 15:00:00,4,-46.3,-48.61323688647535,4.6,2.9335738558188478
2021-03-26 15:00:00,8,-48.9,-49.04640352249356,3.4,3.662428841243254
2021-03-26 18:00:00,1,-45.8,-47.04693654268098,4.7,4.267801187113022
2021-03-26 18:00:00,2,-44.8,-47.36008536608704,5.2,3.3959802022792362
2021-03-26 18:00:00,4,-46.7,-47.86271226026916,4.7,2.7718575954383358
2021-03-26 18:00:00,8,-48.8,-48.442700066217895,3.6,3.3732476851479
2021-03-26 21:00:00,1,-44.8,-46.79662513234137,5.2,3.717738416687488
2021-03-26 21:00:00,2,-46.3,-47.25041646944065,4.6,2.9178471811862696
2021-03-26 21:00:00,4,-46.0,-47.98759741731733,3.3,2.5472033375934293
2021-03-26 21:00:00,8,-45.9,-48.94888875704266,3.3,2.9732524796482354
2021-03-27 00:00:00,1,-46.3,-46.74639180333848,4.6,4.139240682074904
2021-03-27 00:00:00,2,-46.7,-47.30237251630994,4.7,3.319668922096289
2021-03-27 00:00:00,4,-46.5,-48.27668438967089,3.1,2.76226284587762
2021-03-27 00:00:00,8,-45.5,-49.609443163786494,3.2,3.1222987502242128
2021-03-27 03:00:00,1,-46.7,-46.33482974974735,4.7,4.15928245063816
2021-03-27 03:00:00,2,-46.0,-46.70543168232372,3.3,3.7273085323341566
2021-03-27 03:00:00,4,-48.9,-47.6952995323031,3.4,3.515137430452184
2021-03-27 03:00:00,8,-49.6,-48.94347275110298,4.1,3.3585972113002573
2021-03-27 06:00:00,1,-46.0,-48.99418917601946,3.3,4.438930268667394
2021-03-27 06:00:00,2,-46.5,-49.18114369207905,3.1,3.7250782300101237
2021-03-27 06:00:00,4,-48.8,-49.682978035172475,3.6,3.2863617641587966
2021-03-27 06:00:00,8,-51.25,-50.13996299290867,3.5,3.721191216986209
2021-03-27 09:00:00,1,-46.5,-47.31387171210578,3.1,3.299639577130378
2021-03-27 09:00:00,2,-48.9,-47.56791459707112,3.4,2.956879937914255
2021-03-27 09:00:00,4,-45.9,-48.23940602871357,3.3,3.1583496303090195
2021-03-27 09:00:00,8,-52.9,-48.69726171189583,3.4,4.001678854199843
2021-03-27 12:00:00,1,-48.9,-48.33873897841202,3.4,2.9887444389352864
2021-03-27 12:00:00,2,-48.8,-48.593781918751084,3.6,2.3466591765407054
2021-03-27 12:00:00,4,-45.5,-49.28592507026171,3.2,2.5195878668244944
2021-03-27 12:00:00,8,-49.3,-49.69101486346224,2.7,3.5499484635151526
2021-03-27 15:00:00,1,-48.8,-52.050590174280444,3.6,3.0616314984254194
2021-03-27 15:00:00,2,-45.9,-52.124768948394674,3.3,2.598731620561532
2021-03-27 15:00:00,4,-49.6,-52.327830714392434,4.1,2.199958459815194
2021-03-27 15:00:00,8,-47.75,-52.612887204209535,1.1999999999999997,3.1630271147090006
2021-03-27 18:00:00,1,-45.9,-50.12603570877749,3.3,3.094416465373266
2021-03-27 18:00:00,2,-45.5,-50.06960463026109,3.2,2.2949561100872238
2021-03-27 18:00:00,4,-51.25,-50.14615425791328,3.5,1.5118098576395025
2021-03-27 18:00:00,8,-46.2,-50.40758443952617,1.0,3.2129221478477414
2021-03-27 21:00:00,1,-45.5,-45.31253755397835,3.2,2.876498569937091
2021-03-27 21:00:00,2,-49.6,-45.52602127672971,4.1,2.661161956779955
2021-03-27 21:00:00,4,-52.9,-46.29365888219309,3.4,2.9080132373865633
2021-03-27 21:00:00,8,-49.3,-47.67164224255633,0.0,2.736312670354372
2021-03-28 00:00:00,1,-49.6,-45.068002400073276,4.1,2.9998811008908137
2021-03-28 00:00:00,2,-51.25,-45.25830112147662,3.5,2.972646016145276
2021-03-28 00:00:00,4,-49.3,-45.82285039246825,2.7,3.4332907711505225
2021-03-28 00:00:00,8,-47.7,-47.00780325192564,2.9,3.4876299130127446
2021-03-28 03:00:00,1,-51.25,-46.91212972675395,3.5,3.7640409906977093
2021-03-28 03:00:00,2,-52.9,-46.585216092189896,3.4,3.4615337935458053
2021-03-28 03:00:00,4,-47.75,-46.19188379439001,1.1999999999999997,3.575574992330556
2021-03-28 03:00:00,8,-47.7,-46.53106215705148,3.1,3.3822983024730164
2021-03-28 06:00:00,1,-52.9,-51.358167333291874,3.4,2.663567869051851
2021-03-28 06:00:00,2,-49.3,-50.95529542226293,2.7,1.9001854804920353
2021-03-28 06:00:00,4,-46.2,-50.256153864513955,1.0,1.892011286641347
2021-03-28 06:00:00,8,-47.7,-49.635996327136176,2.6,5.311986734934896
2021-03-28 09:00:00,1,-49.3,-50.7701443201806,2.7,3.0321893856058084
2021-03-28 09:00:00,2,-47.75,-50.40235630421955,1.1999999999999997,2.3671007396656973
2021-03-28 09:00:00,4,-49.3,-49.79619936194866,0.0,2.1460492184102034
2021-03-28 09:00:00,8,-47.7,-49.2867172610999,2.2,4.6852760741546025
2021-03-28 12:00:00,1,-47.75,-50.445489996595036,1.1999999999999997,2.3493644281923816
2021-03-28 12:00:00,2,-46.2,-50.22573161084951,1.0,2.0137615808487532
2021-03-28 12:00:00,4,-47.7,-49.96003119999583,2.9,2.6408048527888375
2021-03-28 12:00:00,8,-47.7,-49.62449424933638,0.5,4.847503088350382
2021-03-28 15:00:00,1,-46.2,-48.426195910297004,1.0,1.8237040023574929
2021-03-28 15:00:00,2,-49.3,-48.36837678662391,0.0,2.0837110194287347
2021-03-28 15:00:00,4,-47.7,-48.628181518004006,3.1,2.9619635886351254
2021-03-28 15:00:00,8,-47.7,-48.743722857967064,1.1999999999999997,4.664200107762667
2021-03-28 18:00:00,1,-49.3,-51.63875923872621,0.0,2.702146231373979
2021-03-28 18:00:00,2,-47.7,-52.085768590071936,2.9,2.8361299832337545
2021-03-28 18:00:00,4,-47.7,-52.82852117210207,2.6,3.394744294284239
2021-03-28 18:00:00,8,-47.0,-53.48602092483739,1.9,4.864640401143177
2021-03-28 21:00:00,1,-47.7,-52.9249035351537,2.9,2.083705474132066
2021-03-28 21:00:00,2,-47.7,-53.301952645679975,3.1,2.4710874224777273
2021-03-28 21:00:00,4,-47.7,-53.84772998388559,2.2,2.9158563130419486
2021-03-28 21:00:00,8,-46.7,-54.77469908815178,2.5999999999999996,4.257343983959871
2021-03-29 00:00:00,1,-47.7,-51.65346142167182,3.1,3.698084139058986
2021-03-29 00:00:00,2,-47.7,-52.20489282384725,2.6,3.2587962010598788
2021-03-29 00:00:00,4,-47.7,-53.111228468442214,0.5,2.5119974220884895
2021-03-29 00:00:00,8,-49.233333333333334,-54.51559270235597,3.3,2.555890471385956
2021-03-29 03:00:00,1,-47.7,-49.94423511642258,2.6,2.8299796093864367
2021-03-29 03:00:00,2,-47.7,-50.29786276618228,2.2,2.6616893998053883
2021-03-29 03:00:00,4,-47.7,-50.8533656068723,1.1999999999999997,2.6771067108680553
2021-03-29 03:00:00,8,-51.766666666666666,-51.77186152943682,3.1,3.570913510643677
2021-03-29 06:00:00,1,-47.7,-48.38708171281789,2.2,3.1434691999401543
2021-03-29 06:00:00,2,-47.7,-48.42572073989429,0.5,3.4032091896487424
2021-03-29 06:00:00,4,-47.0,-48.895550068774114,1.9,3.3949411256558912
2021-03-29 06:00:00,8,-54.3,-49.799184037298545,2.5,3.608453516164624
2021-03-29 09:00:00,1,-47.7,-47.88619879128137,0.5,3.063604291035407
2021-03-29 09:00:00,2,-47.7,-48.029110883092194,1.1999999999999997,3.4578965588126955
2021-03-29 09:00:00,4,-46.7,-48.5770039724541,2.5999999999999996,3.5949163605984884
2021-03-29 09:00:00,8,-53.166666666666664,-49.30975888275096,0.6000000000000001,3.820578076211697
2021-03-29 12:00:00,1,-47.7,-49.26360683160432,1.1999999999999997,2.1826702509688234
2021-03-29 12:00:00,2,-47.0,-49.542548429521716,1.9,3.154910080070126
2021-03-29 12:00:00,4,-49.233333333333334,-50.15399583043484,3.3,3.450087941310888
2021-03-29 12:00:00,8,-52.03333333333333,-50.95210882651067,0.8999999999999999,3.5739896173401005
2021-03-29 15:00:00,1,-47.0,-50.24689308516791,1.9,3.1689711128759765
2021-03-29 15:00:00,2,-46.7,-50.51844846718925,2.5999999999999996,3.439148337337694
2021-03-29 15:00:00,4,-51.766666666666666,-50.99000069406073,3.1,3.476266527070711
2021-03-29 15:00:00,8,-50.9,-51.68071455173301,0.0,3.01018751463071
2021-03-29 18:00:00,1,-46.7,-50.4200228083621,2.5999999999999996,3.538553205447315
2021-03-29 18:00:00,2,-49.233333333333334,-50.90298002552502,3.3,3.6237608943868453
2021-03-29 18:00:00,4,-54.3,-51.705718908142686,2.5,2.9866839879818077
2021-03-29 18:00:00,8,-54.63333333333333,-52.63444945720347,3.0,2.760038702032099
2021-03-29 21:00:00,1,-49.233333333333334,-49.47388288394947,3.3,3.676955865589821
2021-03-29 21:00:00,2,-51.766666666666666,-50.12772456309738,3.1,3.306856754084383
2021-03-29 21:00:00,4,-53.166666666666664,-51.33564609348063,0.6000000000000001,1.9661215106081715
2021-03-29 21:00:00,8,-58.36666666666667,-52.55207998280686,0.0,1.8291951257431793
2021-03-30 00:00:00,1,-51.766666666666666,-50.630271661794886,3.1,2.987812615814333
2021-03-30 00:00:00,2,-54.3,-51.12718543344169,2.5,2.415592012944898
2021-03-30 00:00:00,4,-52.03333333333333,-51.71323184215031,0.8999999999999999,1.5656952116126899
2021-03-30 00:00:00,8,-62.1,-52.64925305066339,0.7250000000000001,2.220950606915178
2021-03-30 03:00:00,1,-54.3,-53.7071714986203,2.5,2.315185032413042
2021-03-30 03:00:00,2,-53.166666666666664,-53.911351662279344,0.6000000000000001,1.80077782640404
2021-03-30 03:00:00,4,-50.9,-54.1128764195408,0.0,1.7024801914126348
2021-03-30 03:00:00,8,-61.0,-54.7185879120748,1.4499999999999997,2.8501490797335487
2021-03-30 06:00:00,1,-53.166666666666664,-53.908684998053786,0.6000000000000001,1.5069835300121155
2021-03-30 06:00:00,2,-52.03333333333333,-53.96078523518364,0.8999999999999999,1.2857750342047742
2021-03-30 06:00:00,4,-54.63333333333333,-54.253365466523206,3.0,1.370943539491523
2021-03-30 06:00:00,8,-62.2,-54.90436909227264,2.175,2.98313275866722
2021-03-30 09:00:00,1,-52.03333333333333,-53.79796272896043,0.8999999999999999,1.110819857909601
2021-03-30 09:00:00,2,-50.9,-53.94415589221579,0.0,1.681253862168726
2021-03-30 09:00:00,4,-58.36666666666667,-54.37921753589958,0.0,2.5670212681238533
2021-03-30 09:00:00,8,-60.0,-54.73358441967472,2.9,3.277314026122335
2021-03-30 12:00:00,1,-50.9,-52.75126054506696,0.0,2.1261260338833985
2021-03-30 12:00:00,2,-54.63333333333333,-53.191314044764056,3.0,2.6268580051062145
2021-03-30 12:00:00,4,-62.1,-53.91598394326746,0.7250000000000001,3.4406831848112693
2021-03-30 12:00:00,8,-59.0,-54.428638500036556,1.6999999999999997,3.6719670314439585
2021-03-30 15:00:00,1,-54.63333333333333,-56.08961195337839,3.0,2.4451657199200656
2021-03-30 15:00:00,2,-58.36666666666667,-56.67392492676838,0.0,3.2905762962671963
2021-03-30 15:00:00,4,-61.0,-57.65846755393278,1.4499999999999997,3.6521065247655558
2021-03-30 15:00:00,8,-61.3,-58.429570048655705,0.0,3.5778996250996977
2021-03-30 18:00:00,1,-58.36666666666667,-58.408986055880554,0.0,3.4972989442217424
2021-03-30 18:00:00,2,-62.1,-58.83389358905367,0.7250000000000001,3.394325224484563
2021-03-30 18:00:00,4,-62.2,-59.179054631683236,2.175,3.6531142624646997
2021-03-30 18:00:00,8,-63.4,-59.48979013702425,0.10000000000000009,3.691477577915421
2021-03-30 21:00:00,1,-62.1,-63.73046442721539,0.7250000000000001,1.8279591644280213
2021-03-30 21:00:00,2,-61.0,-63.86273616041011,1.4499999999999997,2.995757959537124
2021-03-30 21:00:00,4,-60.0,-63.98816673670749,2.9,3.5676205708504782
2021-03-30 21:00:00,8,-63.0,-64.07643603345838,0.20000000000000018,2.7848879762061642
2021-03-31 00:00:00,1,-61.0,-64.17473038098015,1.4499999999999997,2.6252491225900987
2021-03-31 00:00:00,2,-62.2,-64.21385142321867,2.175,3.1815152404421836
2021-03-31 00:00:00,4,-59.0,-64.15410387864661,1.6999999999999997,3.728155016538591
2021-03-31 00:00:00,8,-61.8,-64.12841585686033,0.30000000000000027,3.7911360966924867
2021-03-31 03:00:00,1,-62.2,-63.461156287780966,2.175,2.9841858851527974
2021-03-31 03:00:00,2,-60.0,-63.61963048046863,2.9,3.284791432118559
2021-03-31 03:00:00,4,-61.3,-64.09108742108423,0.0,3.6299694471940422
2021-03-31 03:00:00,8,-61.4,-64.68253227352089,0.3999999999999999,3.5572497663520304
2021-03-31 06:00:00,1,-60.0,-63.896717148588,2.9,3.4146067871386117
2021-03-31 06:00:00,2,-59.0,-64.06382222263146,1.6999999999999997,3.5372191816923926
2021-03-31 06:00:00,4,-63.4,-64.50313401159094,0.10000000000000009,3.431649736577761
2021-03-31 06:00:00,8,-60.5,-64.79191873377931,1.9,3.6812142735251068
2021-03-31 09:00:00,1,-59.0,-63.02730373482055,1.6999999999999997,3.5423938699219115
2021-03-31 09:00:00,2,-61.3,-63.287718010037935,0.0,3.5169176639683615
2021-03-31 09:00:00,4,-63.0,-63.790719204484205,0.20000000000000018,3.25171826970443
2021-03-31 09:00:00,8,-58.7,-63.914367981834026,1.9,3.7729714777017276
2021-03-31 12:00:00,1,-61.3,-62.28109526979324,0.0,2.9191849306873907
2021-03-31 12:00:00,2,-63.4,-62.48458564381726,0.10000000000000009,3.269020795013834
2021-03-31 12:00:00,4,-61.8,-62.9273608810343,0.30000000000000027,3.1941551843364038
2021-03-31 12:00:00,8,-56.9,-62.86360663045845,2.2,3.5662891197932893
2021-03-31 15:00:00,1,-63.4,-64.16081030185887,0.10000000000000009,2.0182042166028062
2021-03-31 15:00:00,2,-63.0,-64.09855973684854,0.20000000000000018,3.0814555074541143
2021-03-31 15:00:00,4,-61.4,-64.10252681529792,0.3999999999999999,3.4826348070830293
2021-03-31 15:00:00,8,-56.8,-63.958945378067654,2.2,3.4812216695403
2021-03-31 18:00:00,1,-63.0,-64.23302611605794,0.20000000000000018,1.1045959022411047
2021-03-31 18:00:00,2,-61.8,-63.878982737227176,0.30000000000000027,2.1074006334369946
2021-03-31 18:00:00,4,-60.5,-63.389673223088444,1.9,3.5530448785276203
2021-03-31 18:00:00,8,-60.7,-63.0886695246155,3.6037479111959896,3.4372751601171383
2021-03-31 21:00:00,1,-61.8,-60.86228327984586,0.30000000000000027,0.55092895558183
2021-03-31 21:00:00,2,-61.4,-60.580196334857874,0.3999999999999999,1.5595975180837232
2021-03-31 21:00:00,4,-58.7,-60.22096823090513,1.9,3.313361307096323
2021-03-31 21:00:00,8,-61.3,-60.363236194831146,3.6037479111959896,2.9057505430651642
2021-04-01 00:00:00,1,-61.4,-60.22572858094417,0.3999999999999999,0.8618006329064007
2021-04-01 00:00:00,2,-60.5,-60.25326540827006,1.9,1.9066277288966942
2021-04-01 00:00:00,4,-56.9,-60.41138727597375,2.2,3.3422182844770836
2021-04-01 00:00:00,8,-60.4,-60.84364031673701,3.6037479111959896,2.48355090330152
2021-04-01 03:00:00,1,-60.5,-60.26402969305639,1.9,2.258006198780033
2021-04-01 03:00:00,2,-58.7,-60.52702336181696,1.9,3.3331692667567756
2021-04-01 03:00:00,4,-56.8,-61.11047209426978,2.2,3.5471164098573245
2021-04-01 03:00:00,8,-61.7,-61.73799819526937,3.6037479111959896,2.055935694819298
2021-04-01 06:00:00,1,-58.7,-60.27127072800302,1.9,2.877534900572182
2021-04-01 06:00:00,2,-56.9,-60.38774619749924,2.2,3.4730423302941458
2021-04-01 06:00:00,4,-60.7,-60.6586207060853,3.6037479111959896,3.3930039242528864
2021-04-01 06:00:00,8,-61.3,-61.09251216609917,3.6037479111959896,1.9443429977844624
2021-04-01 09:00:00,1,-56.9,-57.1722151254934,2.2,2.8426585569778977
2021-04-01 09:00:00,2,-56.8,-57.16654766470831,2.2,3.351258157789905
2021-04-01 09:00:00,4,-61.3,-57.33804491278506,3.6037479111959896,3.335660198024229
2021-04-01 09:00:00,8,-58.5,-57.55899302578985,2.1,1.703438034771802
2021-04-01 12:00:00,1,-56.8,-57.408871240825455,2.2,2.4418846105374277
2021-04-01 12:00:00,2,-60.7,-57.58469906010088,3.6037479111959896,2.629293350106582
2021-04-01 12:00:00,4,-60.4,-58.13209248202642,3.6037479111959896,2.2943550852406123
2021-04-01 12:00:00,8,-57.4,-58.54408791696287,3.3,1.1608235042148207
2021-04-01 15:00:00,1,-60.7,-57.57726925389495,3.6037479111959896,2.2044415122507353
2021-04-01 15:00:00,2,-61.3,-57.83005846713819,3.6037479111959896,2.292817545098943
2021-04-01 15:00:00,4,-61.7,-58.53351240343584,3.6037479111959896,1.9248375233932458
2021-04-01 15:00:00,8,-56.0,-59.11269072652263,4.1,0.7015692856693669
2021-04-01 18:00:00,1,-61.3,-62.422389836882154,3.6037479111959896,2.609302982177831
2021-04-01 18:00:00,2,-60.4,-62.271336804388554,3.6037479111959896,2.477684512627823
2021-04-01 18:00:00,4,-61.3,-62.19427057752673,3.6037479111959896,1.9092872318508547
2021-04-01 18:00:00,8,-56.1,-62.34066196861688,3.4,1.6550310073458352
2021-04-01 21:00:00,1,-60.4,-63.80661849982423,3.6037479111959896,3.0967210160204806
2021-04-01 21:00:00,2,-61.7,-63.566401308350514,3.6037479111959896,2.6072302142673287
2021-04-01 21:00:00,4,-58.5,-63.313602728594404,2.1,2.3739531267431864
2021-04-01 21:00:00,8,-56.3,-63.121605065857324,3.8,2.522571769633764
2021-04-02 00:00:00,1,-61.7,-62.40866285202611,3.6037479111959896,3.0963207948974616
2021-04-02 00:00:00,2,-61.3,-62.300238260588955,3.6037479111959896,2.818360346660267
2021-04-02 00:00:00,4,-57.4,-62.23695161515543,3.3,3.191649136803513
2021-04-02 00:00:00,8,-58.5,-62.07475819635886,3.4,3.276758510032517
2021-04-02 03:00:00,1,-61.3,-62.92120203857423,3.6037479111959896,3.1076986772580697
2021-04-02 03:00:00,2,-58.5,-62.839718420144465,2.1,2.9323173129218243
2021-04-02 03:00:00,4,-56.0,-62.758200938168194,4.1,3.4259975863080463
2021-04-02 03:00:00,8,-57.2,-62.55631656085025,2.7,3.719683082912931
2021-04-02 06:00:00,1,-58.5,-62.60105967231151,2.1,2.9947989431344313
2021-04-02 06:00:00,2,-57.4,-62.53748050347615,3.3,2.720792931263818
2021-04-02 06:00:00,4,-56.1,-62.65392210942585,3.4,3.377696239439743
2021-04-02 06:00:00,8,-58.6,-62.56667232157541,2.8,3.9333569335319942
2021-04-02 09:00:00,1,-57.4,-61.272617239500036,3.3,2.252302541235493
2021-04-02 09:00:00,2,-56.0,-61.30253676359891,4.1,2.454483204647355
2021-04-02 09:00:00,4,-56.3,-61.58753020957941,3.8,3.6709390854040707
2021-04-02 09:00:00,8,-55.5,-61.53647334794529,2.7,3.209450418892123
2021-04-02 12:00:00,1,-56.0,-60.54810594127699,4.1,2.7071378514982163
2021-04-02 12:00:00,2,-56.1,-60.73195834032535,3.4,2.5967519496508684
2021-04-02 12:00:00,4,-58.5,-61.15073801258095,3.4,2.8260833453147143
2021-04-02 12:00:00,8,-55.7,-60.97324907827374,2.7,2.8543247414451085
2021-04-02 15:00:00,1,-56.1,-59.28160930155719,3.4,3.355033784999007
2021-04-02 15:00:00,2,-56.3,-59.2663591776089,3.8,3.00550829732552
2021-04-02 15:00:00,4,-57.2,-59.17032864419681,2.7,3.1351388313400226
2021-04-02 15:00:00,8,-54.6,-58.732097606721894,2.3,3.1621566630925226
2021-04-02 18:00:00,1,-56.3,-57.654488226966585,3.8,2.594759055340457
2021-04-02 18:00:00,2,-58.5,-57.452809192430706,3.4,2.1987772049844776
2021-04-02 18:00:00,4,-58.6,-57.268138304258024,2.8,2.6942256815257153
2021-04-02 18:00:00,8,-54.4,-57.11003877208502,1.8,3.1193927481691044
2021-04-02 21:00:00,1,-58.5,-56.94526091623835,3.4,2.3768119404564523
2021-04-02 21:00:00,2,-57.2,-56.94999028473483,2.7,1.4821327095534027
2021-04-02 21:00:00,4,-55.5,-56.92553359913997,2.7,1.4603682732520058
2021-04-02 21:00:00,8,-52.0,-57.09502100970591,1.1999999999999997,3.0889953513580193
2021-04-03 00:00:00,1,-57.2,-58.485076724402305,2.7,1.8753603603505742
2021-04-03 00:00:00,2,-58.6,-58.4399726419452,2.8,1.1992005829319132
2021-04-03 00:00:00,4,-55.7,-58.344204731143854,2.7,1.5747673169623968
2021-04-03 00:00:00,8,-49.65,-58.479137634744085,0.5,2.61159660219219
2021-04-03 03:00:00,1,-58.6,-57.52651428217551,2.8,1.8530219858439851
2021-04-03 03:00:00,2,-55.5,-57.55203658873416,2.7,1.4500994502251028
2021-04-03 03:00:00,4,-54.6,-57.866723681753264,2.3,2.1969443777952096
2021-04-03 03:00:00,8,-47.3,-58.2652987050048,0.0,2.269998969228924
2021-04-03 06:00:00,1,-55.5,-58.32026500500911,2.7,2.4399624187595395
2021-04-03 06:00:00,2,-55.7,-58.451582794893454,2.7,2.3006850413877338
2021-04-03 06:00:00,4,-54.4,-58.93932017587263,1.8,2.645870374655215
2021-04-03 06:00:00,8,-47.6,-59.239959300844774,0.0,2.023580381722941
2021-04-03 09:00:00,1,-55.7,-56.292900947375784,2.7,2.2472324338353324
2021-04-03 09:00:00,2,-54.6,-56.5191436619035,2.3,2.231581260549702
2021-04-03 09:00:00,4,-52.0,-57.37005569100658,1.1999999999999997,2.803703487723432
2021-04-03 09:00:00,8,-50.333333333333336,-57.933830783684755,0.6999999999999997,1.9813173297250593
2021-04-03 12:00:00,1,-54.6,-56.91372891092449,2.3,2.2767799072916453
2021-04-03 12:00:00,2,-54.4,-57.14879596132373,1.8,2.110567104475043
2021-04-03 12:00:00,4,-49.65,-57.78093795191392,0.5,2.0773144130812704
2021-04-03 12:00:00,8,-53.06666666666666,-57.89415423518317,3.6037479111959896,2.0205801629446283
2021-04-03 15:00:00,1,-54.4,-56.17159199699006,1.8,2.162974210324786
2021-04-03 15:00:00,2,-52.0,-56.369274412535994,1.1999999999999997,2.4425873702498424
2021-04-03 15:00:00,4,-47.3,-56.91291762681007,0.0,2.555823607904972
2021-04-03 15:00:00,8,-55.8,-57.299873490850985,3.6037479111959896,1.4305021585178936
2021-04-03 18:00:00,1,-52.0,-54.957774607007984,1.1999999999999997,1.5366886178621995
2021-04-03 18:00:00,2,-49.65,-55.21191944286337,0.5,1.664102259572978
2021-04-03 18:00:00,4,-47.6,-55.89537569406626,0.0,2.217973955647706
2021-04-03 18:00:00,8,-54.5,-56.59441440029895,3.6037479111959896,2.465448602248081
2021-04-03 21:00:00,1,-49.65,-54.274562425515356,0.5,1.4994291297044557
2021-04-03 21:00:00,2,-47.3,-54.87029533959232,0.0,1.7990760601687261
2021-04-03 21:00:00,4,-50.333333333333336,-56.028442139852636,0.6999999999999997,2.462599492803985
2021-04-03 21:00:00,8,-54.4,-57.29662583263985,3.6037479111959896,2.343797376898465
2021-04-04 00:00:00,1,-47.3,-50.230111356240734,0.0,1.0416774732755312
2021-04-04 00:00:00,2,-47.6,-50.92035886964742,0.0,1.649340893122005
2021-04-04 00:00:00,4,-53.06666666666666,-52.499474044044845,3.6037479111959896,3.327823707408638
2021-04-04 00:00:00,8,-52.2,-54.06378328335414,3.6037479111959896,3.8093001958116837
2021-04-04 03:00:00,1,-47.6,-51.53972998019493,0.0,1.854062795372539
2021-04-04 03:00:00,2,-50.333333333333336,-52.46771519349751,0.6999999999999997,2.835713339501371
2021-04-04 03:00:00,4,-55.8,-54.357169124862835,3.6037479111959896,4.019540228109083
2021-04-04 03:00:00,8,-52.9,-56.029026466155294,3.6037479111959896,3.413198575045688
2021-04-04 06:00:00,1,-50.333333333333336,-52.88221862483219,0.6999999999999997,2.2617402096040404
2021-04-04 06:00:00,2,-53.06666666666666,-53.69660436091728,3.6037479111959896,3.289525755809392
2021-04-04 06:00:00,4,-54.5,-55.29257250377724,3.6037479111959896,4.1377103401548725
2021-04-04 06:00:00,8,-54.8,-56.623340713783506,3.6037479111959896,3.3740460345776464
2021-04-04 09:00:00,1,-53.06666666666666,-56.66867823856128,3.6037479111959896,2.67650302001343
2021-04-04 09:00:00,2,-55.8,-57.24621345914102,3.6037479111959896,3.0597748904446687
2021-04-04 09:00:00,4,-54.4,-58.1455784593014,3.6037479111959896,3.4906670626670677
2021-04-04 09:00:00,8,-55.8,-58.68833869961258,3.6037479111959896,4.051765706615171
2021-04-04 12:00:00,1,-55.8,-58.49371625176997,3.6037479111959896,3.3824986929653673
2021-04-04 12:00:00,2,-54.5,-58.79800183225106,3.6037479111959896,3.4918804628894096
2021-04-04 12:00:00,4,-52.2,-59.35801627001342,3.6037479111959896,3.675356247451553
2021-04-04 12:00:00,8,-52.0,-59.639583013286845,3.6037479111959896,3.9940600964587327
2021-04-04 15:00:00,1,-54.5,-58.196014609332885,3.6037479111959896,3.839142076532951
2021-04-04 15:00:00,2,-54.4,-58.38543864253471,3.6037479111959896,3.8489798860442765
2021-04-04 15:00:00,4,-52.9,-58.924675993256685,3.6037479111959896,3.7863296441548426
2021-04-04 15:00:00,8,-50.4,-59.41357698333425,3.6037479111959896,3.2311920608250024
2021-04-04 18:00:00,1,-54.4,-57.075679881138015,3.6037479111959896,3.6946932034762225
2021-04-04 18:00:00,2,-52.2,-57.38436772266626,3.6037479111959896,3.619004282869017
2021-04-04 18:00:00,4,-54.8,-58.29673380293554,3.6037479111959896,3.6671183293443166
2021-04-04 18:00:00,8,-48.8,-59.269720314725916,3.6037479111959896,2.6757280648040034
2021-04-04 21:00:00,1,-52.2,-56.36488079750072,3.6037479111959896,3.7802358163374956
2021-04-04 21:00:00,2,-52.9,-56.69753430319933,3.6037479111959896,3.7914177604391357
2021-04-04 21:00:00,4,-55.8,-57.60667073778222,3.6037479111959896,3.372919339600931
2021-04-04 21:00:00,8,-52.5,-58.743087408318004,3.6037479111959896,1.6574429981160026
2021-04-05 00:00:00,1,-52.9,-55.99046129043034,3.6037479111959896,3.8123288075753425
2021-04-05 00:00:00,2,-54.8,-56.42699987108042,3.6037479111959896,3.6312393401261946
2021-04-05 00:00:00,4,-52.0,-57.55800125617751,3.6037479111959896,2.9756488476114424
2021-04-05 00:00:00,8,-53.1,-58.91014420879514,3.6037479111959896,1.402792737626556
2021-04-05 03:00:00,1,-54.8,-55.41372456507245,3.6037479111959896,3.8669970614618374
2021-04-05 03:00:00,2,-55.8,-55.86194624939599,3.6037479111959896,3.3879816183764113
2021-04-05 03:00:00,4,-50.4,-57.12833553446832,3.6037479111959896,2.4960305934540354
2021-04-05 03:00:00,8,-53.7,-58.479297585963806,3.6037479111959896,1.5131257991950715
2021-04-05 06:00:00,1,-55.8,-57.8082373741637,3.6037479111959896,3.590626047212299
2021-04-05 06:00:00,2,-52.0,-58.20079369239766,3.6037479111959896,3.1019620678544806
2021-04-05 06:00:00,4,-48.8,-59.28324123629889,3.6037479111959896,1.9687093512669236
2021-04-05 06:00:00,8,-53.7,-60.23843677740075,3.6037479111959896,1.2409406707978254
2021-04-05 09:00:00,1,-52.0,-59.438179210129036,3.6037479111959896,3.644073616009554
2021-04-05 09:00:00,2,-50.4,-59.792807635763445,3.6037479111959896,3.3075740435404732
2021-04-05 09:00:00,4,-52.5,-60.90996243284021,3.6037479111959896,2.322609971371556
2021-04-05 09:00:00,8,-54.9,-61.789541395071545,3.6037479111959896,1.2055667967880215
2021-04-05 12:00:00,1,-50.4,-58.4501086498685,3.6037479111959896,3.2784742461498233
2021-04-05 12:00:00,2,-48.8,-58.971406966948564,3.6037479111959896,2.932026184846727
2021-04-05 12:00:00,4,-53.1,-60.50446735783296,3.6037479111959896,3.063278024974689
2021-04-05 12:00:00,8,-54.9,-61.42970158577853,3.6037479111959896,2.0944092830264864
2021-04-05 15:00:00,1,-48.8,-55.96540911076748,3.6037479111959896,3.356558048420768
2021-04-05 15:00:00,2,-52.5,-56.75112120405884,3.6037479111959896,3.005193548419421
2021-04-05 15:00:00,4,-53.7,-58.56642560914698,3.6037479111959896,2.908929224419915
2021-04-05 15:00:00,8,-54.5,-59.522045525331784,3.6037479111959896,2.4743228898031706
2021-04-05 18:00:00,1,-52.5,-56.21392827489518,3.6037479111959896,3.3269277154353887
2021-04-05 18:00:00,2,-53.1,-57.048277787497206,3.6037479111959896,3.0773371649148493
2021-04-05 18:00:00,4,-53.7,-58.975859663065,3.6037479111959896,3.086214118477953
2021-04-05 18:00:00,8,-56.7,-60.549896386236426,3.6037479111959896,2.9174606633444413
2021-04-05 21:00:00,1,-53.1,-56.37477579784296,3.6037479111959896,3.3829666573520143
2021-04-05 21:00:00,2,-53.7,-57.01701092654756,3.6037479111959896,3.104466995664006
2021-04-05 21:00:00,4,-54.9,-58.434854202914266,3.6037479111959896,3.0381145884162875
2021-04-05 21:00:00,8,-56.7,-59.79640942021103,3.6037479111959896,3.3303733708326333
2021-04-06 00:00:00,1,-53.7,-56.836520385117204,3.6037479111959896,3.1850453283132225
2021-04-06 00:00:00,2,-53.7,-57.154170898707,3.6037479111959896,2.6743993264099686
2021-04-06 00:00:00,4,-54.9,-57.98516755995339,3.6037479111959896,2.7062094941876804
2021-04-06 00:00:00,8,-56.8,-59.05038108043115,3.6037479111959896,3.553736407681278
2021-04-06 03:00:00,1,-53.7,-56.5101352380291,3.6037479111959896,3.3092534153084716
2021-04-06 03:00:00,2,-54.9,-57.01084668033006,3.6037479111959896,2.9392428552592094
2021-04-06 03:00:00,4,-54.5,-58.206605253380694,3.6037479111959896,2.991687871742908
2021-04-06 03:00:00,8,-55.7,-59.340964893590844,3.6037479111959896,3.3438972563438805
2021-04-06 06:00:00,1,-54.9,-57.19365579394532,3.6037479111959896,3.3124799781671492
2021-04-06 06:00:00,2,-54.9,-57.689877794579374,3.6037479111959896,3.092017591362526
2021-04-06 06:00:00,4,-56.7,-58.95669577774058,3.6037479111959896,3.243378703376651
2021-04-06 06:00:00,8,-56.4,-59.989888432982966,3.6037479111959896,3.3718409126993034
2021-04-06 09:00:00,1,-54.9,-58.69895456119503,3.6037479111959896,3.368320862348436
2021-04-06 09:00:00,2,-54.5,-59.201184099081324,3.6037479111959896,3.260432170217414
2021-04-06 09:00:00,4,-56.7,-60.38752212169144,3.6037479111959896,3.3624733870015966
2021-04-06 09:00:00,8,-56.8,-61.27118704503545,3.6037479111959896,3.390243139654285
2021-04-06 12:00:00,1,-54.5,-59.22247634432936,3.6037479111959896,3.3846422167285533
2021-04-06 12:00:00,2,-56.7,-59.75058915977014,3.6037479111959896,3.252166852212817
2021-04-06 12:00:00,4,-56.8,-60.90325889163191,3.6037479111959896,3.4240946697680976
2021-04-06 12:00:00,8,-56.0,-61.725523441133454,3.6037479111959896,3.491013943634752
2021-04-06 15:00:00,1,-56.7,-60.50445222731217,3.6037479111959896,3.4093444605606624
2021-04-06 15:00:00,2,-56.7,-61.09558654382228,3.6037479111959896,3.262275181557295
2021-04-06 15:00:00,4,-55.7,-62.23446516623992,3.6037479111959896,3.381059301908723
2021-04-06 15:00:00,8,-54.6,-63.051285610263186,3.6037479111959896,3.4494382484879855
2021-04-06 18:00:00,1,-56.7,-61.29711139114636,3.6037479111959896,3.3874205969800455
2021-04-06 18:00:00,2,-56.8,-61.8154909587171,3.6037479111959896,3.165959190322483
2021-04-06 18:00:00,4,-56.4,-62.76317527700118,3.6037479111959896,3.1546673400404774
2021-04-06 18:00:00,8,-55.2,-63.56783006181312,3.6037479111959896,3.1869517639837492
2021-04-06 21:00:00,1,-56.8,-60.74538271476571,3.6037479111959896,3.5191615429382037
2021-04-06 21:00:00,2,-55.7,-61.1347284805895,3.6037479111959896,3.1240898277279863
2021-04-06 21:00:00,4,-56.8,-61.852057824947074,3.6037479111959896,2.9997509996997445
2021-04-06 21:00:00,8,-52.5,-62.65369010810716,3.6037479111959896,2.984767448140909
2021-04-07 00:00:00,1,-55.7,-61.06645380680418,3.6037479111959896,3.42518961258937
2021-04-07 00:00:00,2,-56.4,-61.49292842962993,3.6037479111959896,3.1086834472981755
2021-04-07 00:00:00,4,-56.0,-62.25902704497928,3.6037479111959896,2.986884258503798
2021-04-07 00:00:00,8,-56.825,-63.07633598867357,3.6037479111959896,2.8801319656186615
2021-04-07 03:00:00,1,-56.4,-60.44343299849327,3.6037479111959896,3.3283905007123535
2021-04-07 03:00:00,2,-56.8,-60.87124559165692,3.6037479111959896,3.0127992960414254
2021-04-07 03:00:00,4,-54.6,-61.68186396316072,3.6037479111959896,3.1602845122850525
2021-04-07 03:00:00,8,-61.15,-62.373612640379484,3.6037479111959896,3.084848482533008
2021-04-07 06:00:00,1,-56.8,-60.307367827587704,3.6037479111959896,3.125319710544873
2021-04-07 06:00:00,2,-56.0,-60.78460822964773,3.6037479111959896,3.1164980499879738
2021-04-07 06:00:00,4,-55.2,-61.863621145331,3.6037479111959896,3.4461875849168644
2021-04-07 06:00:00,8,-65.475,-62.588589961682516,3.6037479111959896,3.0207001707505476
2021-04-07 09:00:00,1,-56.0,-61.28346438190018,3.6037479111959896,3.281973701588784
2021-04-07 09:00:00,2,-54.6,-61.7928160720698,3.6037479111959896,3.305025686460404
2021-04-07 09:00:00,4,-52.5,-62.990530084806515,3.6037479111959896,3.628131607909708
2021-04-07 09:00:00,8,-69.8,-63.7585668478182,3.6037479111959896,3.3963453387367943
2021-04-07 12:00:00,1,-54.6,-60.55646519375965,3.6037479111959896,3.257858219460414
2021-04-07 12:00:00,2,-55.2,-61.15099162892933,3.6037479111959896,3.1247624615498464
2021-04-07 12:00:00,4,-56.825,-62.54223436900628,3.6037479111959896,3.305353045584408
2021-04-07 12:00:00,8,-68.6,-63.503325049205976,3.6037479111959896,2.9793100230965157
2021-04-07 15:00:00,1,-55.2,-59.94923056213339,3.6037479111959896,3.16269463684961
2021-04-07 15:00:00,2,-52.5,-60.669149387047995,3.6037479111959896,2.9273125227179992
2021-04-07 15:00:00,4,-61.15,-62.36466401808723,3.6037479111959896,2.8171696008410216
2021-04-07 15:00:00,8,-68.9,-63.66364084242335,3.6037479111959896,2.8159809878281874
2021-04-07 18:00:00,1,-52.5,-60.6576328992284,3.6037479111959896,3.2110906803225605
2021-04-07 18:00:00,2,-56.825,-61.314879666053706,3.6037479111959896,2.940251779331919
2021-04-07 18:00:00,4,-65.475,-62.72308444043051,3.6037479111959896,2.6344039808285515
2021-04-07 18:00:00,8,-67.5,-63.77436887552462,3.6037479111959896,2.6367442026629897
2021-04-07 21:00:00,1,-56.825,-59.41178221536887,3.6037479111959896,3.10878928781632
2021-04-07 21:00:00,2,-61.15,-60.124112003358825,3.6037479111959896,2.613051602725754
2021-04-07 21:00:00,4,-69.8,-61.6155223935308,3.6037479111959896,2.237024182510501
2021-04-07 21:00:00,8,-66.0,-62.771358006741366,3.6037479111959896,2.7904845668688734
2021-04-08 00:00:00,1,-61.15,-63.709757228771,3.6037479111959896,3.116510633545799
2021-04-08 00:00:00,2,-65.475,-64.13207167888214,3.6037479111959896,2.956577879206301
2021-04-08 00:00:00,4,-68.6,-64.69359340471499,3.6037479111959896,2.985261032864568
2021-04-08 00:00:00,8,-65.7,-64.91114723755724,3.6037479111959896,3.3350341660224485
2021-04-08 03:00:00,1,-65.475,-68.29710417266813,3.6037479111959896,3.2809780009158223
2021-04-08 03:00:00,2,-69.8,-68.44145798695936,3.6037479111959896,3.3418994299186435
2021-04-08 03:00:00,4,-68.9,-68.5081907886267,3.6037479111959896,3.657571747883389
2021-04-08 03:00:00,8,-64.7,-68.41541619918712,3.6037479111959896,3.5017025562834942
2021-04-08 06:00:00,1,-69.8,-70.55117134496159,3.6037479111959896,3.2922085063534325
2021-04-08 06:00:00,2,-68.6,-70.56043554668734,3.6037479111959896,3.443017061546635
2021-04-08 06:00:00,4,-67.5,-70.4346663349248,3.6037479111959896,3.668405697958999
2021-04-08 06:00:00,8,-64.8,-70.10076600226347,3.6037479111959896,3.5698604508083003
2021-04-08 09:00:00,1,-68.6,-70.9339029116998,3.6037479111959896,3.427541458218748
2021-04-08 09:00:00,2,-68.9,-70.87349178571623,3.6037479111959896,3.55439971047509
2021-04-08 09:00:00,4,-66.0,-70.7801667335205,3.6037479111959896,3.678374568424279
2021-04-08 09:00:00,8,-64.6,-70.49901860132212,3.6037479111959896,3.668104199112728
2021-04-08 12:00:00,1,-68.9,-70.2862733920852,3.6037479111959896,3.4388192986286414
2021-04-08 12:00:00,2,-67.5,-70.20944204854604,3.6037479111959896,3.4575048422552404
2021-04-08 12:00:00,4,-65.7,-70.10654153819702,3.6037479111959896,3.630401167201743
2021-04-08 12:00:00,8,-64.6,-69.74016102091939,3.6037479111959896,3.6812862290813966
2021-04-08 15:00:00,1,-67.5,-70.19501761873195,3.6037479111959896,3.435557477813983
2021-04-08 15:00:00,2,-66.0,-70.06636208000461,3.6037479111959896,3.5068970196274547
2021-04-08 15:00:00,4,-64.7,-69.74419870846575,3.6037479111959896,3.6593575466912953
2021-04-08 15:00:00,8,-64.8,-69.20717473678417,3.6037479111959896,3.7155852286452515
2021-04-08 18:00:00,1,-66.0,-69.09652884079573,3.6037479111959896,3.354548891461473
2021-04-08 18:00:00,2,-65.7,-69.01520589408668,3.6037479111959896,3.47057235384968
2021-04-08 18:00:00,4,-64.8,-68.79486660441819,3.6037479111959896,3.6882128311569673
2021-04-08 18:00:00,8,-65.5,-68.41844806735185,3.6037479111959896,3.6956257597493796
2021-04-08 21:00:00,1,-65.7,-66.43566536870759,3.6037479111959896,3.4099107739829355
2021-04-08 21:00:00,2,-64.7,-66.4046117760509,3.6037479111959896,3.496553001844525
2021-04-08 21:00:00,4,-64.6,-66.32216772980185,3.6037479111959896,3.6570721246515787
2021-04-08 21:00:00,8,-65.0,-66.15989073289047,3.6037479111959896,3.7072979294045814
2021-04-09 00:00:00,1,-64.7,-66.41601586571609,3.6037479111959896,3.50904032344498
2021-04-09 00:00:00,2,-64.8,-66.45689709187248,3.6037479111959896,3.557010185541878
2021-04-09 00:00:00,4,-64.6,-66.52778430224652,3.6037479111959896,3.6781930665987055
2021-04-09 00:00:00,8,-65.7,-66.47757979328323,3.6037479111959896,3.660379300927571
2021-04-09 03:00:00,1,-64.8,-65.38813186176593,3.6037479111959896,3.545509233586337
2021-04-09 03:00:00,2,-64.6,-65.49069950065768,3.6037479111959896,3.6037434398166748
2021-04-09 03:00:00,4,-64.8,-65.72529029990272,3.6037479111959896,3.6769551990878178
2021-04-09 03:00:00,8,-65.1,-65.81997853997098,3.6037479111959896,3.6727745852663727
2021-04-09 06:00:00,1,-64.6,-64.12683003418196,3.6037479111959896,3.5501950092712407
2021-04-09 06:00:00,2,-64.6,-64.10268532551565,3.6037479111959896,3.572520620264464
2021-04-09 06:00:00,4,-65.5,-64.08676729714989,3.6037479111959896,3.6122652744473314
2021-04-09 06:00:00,8,-65.7,-64.00709357720629,3.6037479111959896,3.7201932235463553
2021-04-09 09:00:00,1,-64.6,-66.13424810266655,3.6037479111959896,3.527196851101418
2021-04-09 09:00:00,2,-64.8,-66.21093534600777,3.6037479111959896,3.5361485661942456
2021-04-09 09:00:00,4,-65.0,-66.37333050508146,3.6037479111959896,3.623763007198196
2021-04-09 09:00:00,8,-64.5,-66.27554266975545,3.6037479111959896,3.73005803971886
2021-04-09 12:00:00,1,-64.8,-66.01095597330664,3.6037479111959896,3.5473580434936474
2021-04-09 12:00:00,2,-65.5,-66.04827216056592,3.6037479111959896,3.522703541200044
2021-04-09 12:00:00,4,-65.7,-66.1011670202248,3.6037479111959896,3.6127168428846943
2021-04-09 12:00:00,8,-64.5,-65.90008960401533,3.6037479111959896,3.7392439702807128
2021-04-09 15:00:00,1,-65.5,-66.22071110343622,3.6037479111959896,3.5592071827607996
2021-04-09 15:00:00,2,-65.0,-66.2446692023462,3.6037479111959896,3.5108734772202297
2021-04-09 15:00:00,4,-65.1,-66.2683736849078,3.6037479111959896,3.6225245398355055
2021-04-09 15:00:00,8,-65.3,-66.09924472358425,3.6037479111959896,3.729574612485733
2021-04-09 18:00:00,1,-65.0,-67.08618121528697,3.6037479111959896,3.570637278888356
2021-04-09 18:00:00,2,-65.7,-67.08779369650195,3.6037479111959896,3.523357326345247
2021-04-09 18:00:00,4,-65.7,-67.05907308604996,3.6037479111959896,3.6448785638091348
2021-04-09 18:00:00,8,-66.9,-66.89813622097945,3.6037479111959896,3.70912891704832
2021-04-09 21:00:00,1,-65.7,-66.8031540165074,3.6037479111959896,3.5861771063492935
2021-04-09 21:00:00,2,-65.1,-66.80065676007705,3.6037479111959896,3.546736723661031
2021-04-09 21:00:00,4,-64.5,-66.73612292743032,3.6037479111959896,3.689476718906069
2021-04-09 21:00:00,8,-66.0,-66.58793748887578,3.6037479111959896,3.693717804454285
2021-04-10 00:00:00,1,-65.1,-67.18415061686238,3.6037479111959896,3.56856760354715
2021-04-10 00:00:00,2,-65.7,-67.20102907304744,3.6037479111959896,3.5490371686559046
2021-04-10 00:00:00,4,-64.5,-67.16449823186693,3.6037479111959896,3.692822958864482
2021-04-10 00:00:00,8,-66.5,-67.0452077650039,3.6037479111959896,3.7030940479981966
2021-04-10 03:00:00,1,-65.7,-66.62059491673557,3.6037479111959896,3.5114678170517473
2021-04-10 03:00:00,2,-64.5,-66.68014000052952,3.6037479111959896,3.503928952905787
2021-04-10 03:00:00,4,-65.3,-66.75132117530735,3.6037479111959896,3.72752101317285
2021-04-10 03:00:00,8,-63.0,-66.67258194514741,3.6037479111959896,3.7508209234597047
2021-04-10 06:00:00,1,-64.5,-66.7875897541276,3.6037479111959896,3.4886453221499476
2021-04-10 06:00:00,2,-64.5,-66.84761325057872,3.6037479111959896,3.505452389865064
2021-04-10 06:00:00,4,-66.9,-66.92156979516892,3.6037479111959896,3.719140683582541
2021-04-10 06:00:00,8,-62.45,-66.79852551814948,3.6037479111959896,3.7530278582234975
2021-04-10 09:00:00,1,-64.5,-65.41797213075593,3.6037479111959896,3.437133128540208
2021-04-10 09:00:00,2,-65.3,-65.46574134637399,3.6037479111959896,3.423435072725425
2021-04-10 09:00:00,4,-66.0,-65.58330116985974,3.6037479111959896,3.6938008239438322
2021-04-10 09:00:00,8,-61.9,-65.53879870572904,3.6037479111959896,3.743379082010384
2021-04-10 12:00:00,1,-65.3,-65.91438578465325,3.6037479111959896,3.4546901643046417
2021-04-10 12:00:00,2,-66.9,-65.98088514399991,3.6037479111959896,3.4136335209230855
2021-04-10 12:00:00,4,-66.5,-66.1348605285078,3.6037479111959896,3.648675812343228
2021-04-10 12:00:00,8,-61.1,-66.11701515999455,3.6037479111959896,3.6479799375965083
2021-04-10 15:00:00,1,-66.9,-66.68854968808147,3.6037479111959896,3.444040048811617
2021-04-10 15:00:00,2,-66.0,-66.74131341656022,3.6037479111959896,3.4193656514332114
2021-04-10 15:00:00,4,-63.0,-66.8206809235832,3.6037479111959896,3.620617570963376
2021-04-10 15:00:00,8,-60.5,-66.78836069018658,3.6037479111959896,3.62774701625867
2021-04-10 18:00:00,1,-66.0,-67.73089270589323,3.6037479111959896,3.4776636352402575
2021-04-10 18:00:00,2,-66.5,-67.6988462628727,3.6037479111959896,3.468111821738603
2021-04-10 18:00:00,4,-62.45,-67.57145015987538,3.6037479111959896,3.638129764473019
2021-04-10 18:00:00,8,-61.4,-67.38252327235647,3.6037479111959896,3.643067164659277
2021-04-10 21:00:00,1,-66.5,-66.33375194471448,3.6037479111959896,3.560670714520008
2021-04-10 21:00:00,2,-63.0,-66.324538178058,3.6037479111959896,3.5624789677804096
2021-04-10 21:00:00,4,-61.9,-66.25073149767366,3.6037479111959896,3.703987773864634
2021-04-10 21:00:00,8,-63.5,-66.19378309944663,3.6037479111959896,3.6658156511786157
2021-04-11 00:00:00,1,-63.0,-64.62261685221823,3.6037479111959896,3.566281368374989
2021-04-11 00:00:00,2,-62.45,-64.52442049283106,3.6037479111959896,3.545725800082311
2021-04-11 00:00:00,4,-61.1,-64.28325944506082,3.6037479111959896,3.656179825099429
2021-04-11 00:00:00,8,-61.9,-64.15990751411876,3.6037479111959896,3.7660864853462312
2021-04-11 03:00:00,1,-62.45,-63.48612092657358,3.6037479111959896,3.4653190183837568
2021-04-11 03:00:00,2,-61.9,-63.543155784919364,3.6037479111959896,3.474742696875252
2021-04-11 03:00:00,4,-60.5,-63.63635546994287,3.6037479111959896,3.74847165052806
2021-04-11 03:00:00,8,-62.9,-63.72409447796532,3.6037479111959896,3.659341983869515
2021-04-11 06:00:00,1,-61.9,-60.98274960432411,3.6037479111959896,3.5508826460531977
2021-04-11 06:00:00,2,-61.1,-60.88685092259314,3.6037479111959896,3.5239436881477832
2021-04-11 06:00:00,4,-61.4,-60.78956167395202,3.6037479111959896,3.799248439157257
2021-04-11 06:00:00,8,-61.5,-60.61751828612507,3.6037479111959896,4.051450157906668
2021-04-11 09:00:00,1,-61.1,-62.1135413236332,3.6037479111959896,3.7389348333214825
2021-04-11 09:00:00,2,-60.5,-62.17220163221178,3.6037479111959896,3.667440529742814
2021-04-11 09:00:00,4,-63.5,-62.461855999094745,3.6037479111959896,3.6433232280639745
2021-04-11 09:00:00,8,-59.1,-62.53509276319623,3.6037479111959896,3.651163524406005
2021-04-11 12:00:00,1,-60.5,-61.53991301967018,3.6037479111959896,3.851070702829032
2021-04-11 12:00:00,2,-61.4,-61.621730230058176,3.6037479111959896,3.7744915155007868
2021-04-11 12:00:00,4,-61.9,-61.93027541239046,3.6037479111959896,3.691406542131896
2021-04-11 12:00:00,8,-57.3,-61.937273638503555,3.6037479111959896,3.6656570237018
2021-04-11 15:00:00,1,-61.4,-61.35148832134109,3.6037479111959896,3.831182389687046
2021-04-11 15:00:00,2,-63.5,-61.4685668501657,3.6037479111959896,3.7655497246227903
2021-04-11 15:00:00,4,-62.9,-61.76565534626054,3.6037479111959896,3.726118639637476
2021-04-11 15:00:00,8,-55.5,-61.77496493954864,3.6037479111959896,3.637590117795903
2021-04-11 18:00:00,1,-63.5,-61.4778202443766,3.6037479111959896,3.790120760870504
2021-04-11 18:00:00,2,-61.9,-61.60483592285136,3.6037479111959896,3.72380411812029
2021-04-11 18:00:00,4,-61.5,-61.913479093318244,3.6037479111959896,3.710917741775322
2021-04-11 18:00:00,8,-53.1,-62.08349643236211,3.6037479111959896,3.476726660058818
2021-04-11 21:00:00,1,-61.9,-61.853479373399786,3.6037479111959896,3.653499127381559
2021-04-11 21:00:00,2,-62.9,-61.92774213091063,3.6037479111959896,3.5055390484555495
2021-04-11 21:00:00,4,-59.1,-62.07538359121793,3.6037479111959896,3.4248432714883084
2021-04-11 21:00:00,8,-57.1,-62.27500631592916,3.6037479111959896,3.1089991559671595
2021-04-12 00:00:00,1,-62.9,-60.33400114667249,3.6037479111959896,3.5362535735848857
2021-04-12 00:00:00,2,-61.5,-60.408221394624945,3.6037479111959896,3.316304553283383
2021-04-12 00:00:00,4,-57.3,-60.65120314839619,3.6037479111959896,3.2297028020884615
2021-04-12 00:00:00,8,-61.099999999999994,-61.05803475273936,3.6037479111959896,3.1725348191080682
2021-04-12 03:00:00,1,-61.5,-60.48362182319855,3.6037479111959896,3.512906714896909
2021-04-12 03:00:00,2,-59.1,-60.54298606124408,3.6037479111959896,3.3751501751265662
2021-04-12 03:00:00,4,-55.5,-60.70919915506226,3.6037479111959896,3.3314013835227216
2021-04-12 03:00:00,8,-65.1,-60.99379920750238,3.6037479111959896,3.398548301148647
2021-04-12 06:00:00,1,-59.1,-60.07657983256638,3.6037479111959896,3.473388118198544
2021-04-12 06:00:00,2,-57.3,-60.19764201136313,3.6037479111959896,3.3738983510637266
2021-04-12 06:00:00,4,-53.1,-60.63427858014781,3.6037479111959896,3.5046081117822605
2021-04-12 06:00:00,8,-69.1,-61.04091636972474,3.6037479111959896,3.5868488808001326
2021-04-12 09:00:00,1,-57.3,-58.64370654530374,3.6037479111959896,3.4940126761135977
2021-04-12 09:00:00,2,-55.5,-58.8635645403111,3.6037479111959896,3.4859328122914546
2021-04-12 09:00:00,4,-57.1,-59.55130867302903,3.6037479111959896,3.6016054546851373
2021-04-12 09:00:00,8,-69.8,-59.99723033806816,3.6037479111959896,3.6433187558355313
2021-04-12 12:00:00,1,-55.5,-57.24023113942342,3.6037479111959896,3.667957015475311
2021-04-12 12:00:00,2,-53.1,-57.571193269048685,3.6037479111959896,3.657767106285614
2021-04-12 12:00:00,4,-61.099999999999994,-58.411097123780415,3.6037479111959896,3.587244509307784
2021-04-12 12:00:00,8,-67.9,-58.9377040921527,3.6037479111959896,3.5080861258517717
2021-04-12 15:00:00,1,-53.1,-57.952341174611504,3.6037479111959896,3.624007933354416
2021-04-12 15:00:00,2,-57.1,-58.30485817209556,3.6037479111959896,3.6051015842791014
2021-04-12 15:00:00,4,-65.1,-59.12946471006417,3.6037479111959896,3.4446995125538895
2021-04-12 15:00:00,8,-69.0,-59.69970017486663,3.6037479111959896,3.208704336549485
2021-04-12 18:00:00,1,-57.1,-57.767952002325806,3.6037479111959896,3.7566058009383823
2021-04-12 18:00:00,2,-61.099999999999994,-58.25017034572377,3.6037479111959896,3.7136633167982054
2021-04-12 18:00:00,4,-69.1,-59.2106774201218,3.6037479111959896,3.347966384375212
2021-04-12 18:00:00,8,-68.6,-59.78886361334575,3.6037479111959896,3.115137426138095
2021-04-12 21:00:00,1,-61.099999999999994,-60.993838114555814,3.6037479111959896,3.6662496839482683
2021-04-12 21:00:00,2,-65.1,-61.41286059564495,3.6037479111959896,3.4905578296537256
2021-04-12 21:00:00,4,-69.8,-62.13526947198002,3.6037479111959896,3.3651950079424764
2021-04-12 21:00:00,8,-69.3,-62.67090287675144,3.6037479111959896,3.3419568823913393
2021-04-13 00:00:00,1,-65.1,-65.51589974327393,3.6037479111959896,3.4870992241225545
2021-04-13 00:00:00,2,-69.1,-65.6988421495723,3.6037479111959896,3.3211286681241186
2021-04-13 00:00:00,4,-67.9,-65.80441715959513,3.6037479111959896,3.32490618819891
2021-04-13 00:00:00,8,-64.9,-65.90715051371453,3.6037479111959896,3.271036883593965
2021-04-13 03:00:00,1,-69.1,-69.11536850067478,3.6037479111959896,3.3615389378627496
2021-04-13 03:00:00,2,-69.8,-69.15527416849109,3.6037479111959896,3.3264929695085925
2021-04-13 03:00:00,4,-69.0,-68.8966186361896,3.6037479111959896,3.4295644384295945
2021-04-13 03:00:00,8,-64.45,-68.56345609654174,3.6037479111959896,3.4577709898352493
2021-04-13 06:00:00,1,-69.8,-69.81696498542095,3.6037479111959896,3.264421238028094
2021-04-13 06:00:00,2,-67.9,-69.79990352198452,3.6037479111959896,3.318199018577928
2021-04-13 06:00:00,4,-68.6,-69.57165889545688,3.6037479111959896,3.479891684787519
2021-04-13 06:00:00,8,-64.0,-69.20403911647693,3.6037479111959896,3.6694264257821896
2021-04-13 09:00:00,1,-67.9,-70.65775361536805,3.6037479111959896,3.226326862800776
2021-04-13 09:00:00,2,-69.0,-70.7363588323439,3.6037479111959896,3.3182663619403545
2021-04-13 09:00:00,4,-69.3,-70.87187209949134,3.6037479111959896,3.5412461001518474
2021-04-13 09:00:00,8,-61.8,-70.67084079534521,3.6037479111959896,3.7322338621691324
2021-04-13 12:00:00,1,-69.0,-69.29212324447346,3.6037479111959896,3.3828545783751176
2021-04-13 12:00:00,2,-68.6,-69.37767409099015,3.6037479111959896,3.341580708660604
2021-04-13 12:00:00,4,-64.9,-69.61715132794744,3.6037479111959896,3.515039348017359
2021-04-13 12:00:00,8,-59.6,-69.45022277664647,3.6037479111959896,3.680377240319081
2021-04-13 15:00:00,1,-68.6,-69.86361021949506,3.6037479111959896,3.36686362236814
2021-04-13 15:00:00,2,-69.3,-69.82420746136955,3.6037479111959896,3.3806799822885316
2021-04-13 15:00:00,4,-64.45,-69.7082947031463,3.6037479111959896,3.6116314510371312
2021-04-13 15:00:00,8,-57.400000000000006,-69.2281384335809,3.6037479111959896,3.667474161433907
2021-04-13 18:00:00,1,-69.3,-68.15236849285233,3.6037479111959896,3.2763596752336657
2021-04-13 18:00:00,2,-64.9,-68.14792156074381,3.6037479111959896,3.321965288098902
2021-04-13 18:00:00,4,-64.0,-68.14484213951378,3.6037479111959896,3.670280634744844
2021-04-13 18:00:00,8,-55.2,-67.955275447116,3.6037479111959896,3.5620297321000587
2021-04-13 21:00:00,1,-64.9,-66.45370383148607,3.6037479111959896,3.376312088069143
2021-04-13 21:00:00,2,-64.45,-66.44029098506155,3.6037479111959896,3.4201296226896214
2021-04-13 21:00:00,4,-61.8,-66.48413923429358,3.6037479111959896,3.7392268545092646
2021-04-13 21:00:00,8,-52.6,-66.5442463088595,3.6037479111959896,3.3352391020584626
2021-04-14 00:00:00,1,-64.45,-63.306631881518925,3.6037479111959896,3.2661231109037283
2021-04-14 00:00:00,2,-64.0,-63.42496912557257,3.6037479111959896,3.324371360331279
2021-04-14 00:00:00,4,-59.6,-63.825548942827986,3.6037479111959896,3.7873751191974203
2021-04-14 00:00:00,8,-56.4,-64.25283484976815,3.6037479111959896,3.034497668664242
2021-04-14 03:00:00,1,-64.0,-62.31122085717517,3.6037479111959896,3.3380055119339733
2021-04-14 03:00:00,2,-61.8,-62.4420069173291,3.6037479111959896,3.327246969895031
2021-04-14 03:00:00,4,-57.400000000000006,-62.65183553855964,3.6037479111959896,3.5406901908258477
2021-04-14 03:00:00,8,-57.55,-62.83643509713434,3.6037479111959896,3.3542111349062154
2021-04-14 06:00:00,1,-61.8,-62.11395345019932,3.6037479111959896,3.489293735289003
2021-04-14 06:00:00,2,-59.6,-62.12311678178651,3.6037479111959896,3.4761889262424517
2021-04-14 06:00:00,4,-55.2,-62.42409814472877,3.6037479111959896,3.635440802130307
2021-04-14 06:00:00,8,-58.7,-62.751914567032934,3.6037479111959896,3.6185457428206984
2021-04-14 09:00:00,1,-59.6,-59.553876538556366,3.6037479111959896,3.4393072047552313
2021-04-14 09:00:00,2,-57.400000000000006,-59.62970710622083,3.6037479111959896,3.4747435499978168
2021-04-14 09:00:00,4,-52.6,-59.98150468346665,3.6037479111959896,3.6921428135650434
2021-04-14 09:00:00,8,-55.9,-60.18767820317637,3.6037479111959896,3.633891818149239
2021-04-14 12:00:00,1,-57.400000000000006,-57.98832443503982,3.6037479111959896,3.5797683963254467
2021-04-14 12:00:00,2,-55.2,-58.14532340195104,3.6037479111959896,3.6062588716977744
2021-04-14 12:00:00,4,-56.4,-58.595577079190825,3.6037479111959896,3.660015330848519
2021-04-14 12:00:00,8,-59.0,-58.76736540966741,3.6037479111959896,3.5069781995714724
2021-04-14 15:00:00,1,-55.2,-56.758945124306145,3.6037479111959896,3.7298870952850205
2021-04-14 15:00:00,2,-52.6,-56.95546465125468,3.6037479111959896,3.7328226900290815
2021-04-14 15:00:00,4,-57.55,-57.31175815467632,3.6037479111959896,3.718335949063601
2021-04-14 15:00:00,8,-60.833333333333336,-57.255411014525215,3.6037479111959896,3.2344926054060608
2021-04-14 18:00:00,1,-52.6,-57.09968409211134,3.6037479111959896,3.715294673761877
2021-04-14 18:00:00,2,-56.4,-57.27724255476406,3.6037479111959896,3.6966938025497935
2021-04-14 18:00:00,4,-58.7,-57.59460378720648,3.6037479111959896,3.7506069363264842
2021-04-14 18:00:00,8,-62.666666666666664,-57.59550945695055,3.6037479111959896,3.1337430161843622
2021-04-14 21:00:00,1,-56.4,-54.75127578110141,3.6037479111959896,3.4883367317223604
2021-04-14 21:00:00,2,-57.55,-55.26717034075862,3.6037479111959896,3.3340079395577296
2021-04-14 21:00:00,4,-55.9,-56.56026517513995,3.6037479111959896,3.367891355127387
2021-04-14 21:00:00,8,-64.5,-57.6476297780455,3.6037479111959896,3.6002907328282343
2021-04-15 00:00:00,1,-57.55,-59.10320749249601,3.6037479111959896,3.454869613304045
2021-04-15 00:00:00,2,-58.7,-59.33075251256263,3.6037479111959896,3.2315015043751543
2021-04-15 00:00:00,4,-59.0,-60.08693343178857,3.6037479111959896,2.958359572361866
2021-04-15 00:00:00,8,-67.3,-60.73401032714406,3.6037479111959896,3.6577673728864153
2021-04-15 03:00:00,1,-58.7,-62.722186696197326,3.6037479111959896,3.252079167209246
2021-04-15 03:00:00,2,-55.9,-63.024227916095455,3.6037479111959896,3.120327343938392
2021-04-15 03:00:00,4,-60.833333333333336,-63.83447378858757,3.6037479111959896,3.394454685833709
2021-04-15 03:00:00,8,-67.2,-64.38383057571009,3.6037479111959896,3.769999145367238
2021-04-15 06:00:00,1,-55.9,-60.55195413706305,3.6037479111959896,3.331549400287643
2021-04-15 06:00:00,2,-59.0,-60.86666176436036,3.6037479111959896,3.3060185078447115
2021-04-15 06:00:00,4,-62.666666666666664,-61.923061756481445,3.6037479111959896,3.5458995038344443
2021-04-15 06:00:00,8,-67.5,-62.73208205679006,3.6037479111959896,3.7919466431088966
2021-04-15 09:00:00,1,-59.0,-59.61924615235117,3.6037479111959896,3.356673966449204
2021-04-15 09:00:00,2,-60.833333333333336,-60.07065515292796,3.6037479111959896,3.3530409173486757
2021-04-15 09:00:00,4,-64.5,-61.36508705702096,3.6037479111959896,3.6900498506438373
2021-04-15 09:00:00,8,-68.0,-62.33658609451807,3.6037479111959896,3.7455695008545313
2021-04-15 12:00:00,1,-60.833333333333336,-62.905756658857726,3.6037479111959896,3.2938057117544486
2021-04-15 12:00:00,2,-62.666666666666664,-63.2196119334842,3.6037479111959896,3.40792095891178
2021-04-15 12:00:00,4,-67.3,-63.90084706026104,3.6037479111959896,3.6119814645642316
2021-04-15 12:00:00,8,-66.9,-64.22148296970173,3.6037479111959896,3.766630151030428
2021-04-15 15:00:00,1,-62.666666666666664,-64.73254224721697,3.6037479111959896,3.4806663067459436
2021-04-15 15:00:00,2,-64.5,-64.83677712539892,3.6037479111959896,3.4727926453136213
2021-04-15 15:00:00,4,-67.2,-64.91213576491513,3.6037479111959896,3.5638927584951023
2021-04-15 15:00:00,8,-66.9,-64.6812786017988,3.6037479111959896,3.7599948036653354
2021-04-15 18:00:00,1,-64.5,-65.1434871917104,3.6037479111959896,3.4625633391905013
2021-04-15 18:00:00,2,-67.3,-65.1436428199242,3.6037479111959896,3.4691127211271917
2021-04-15 18:00:00,4,-67.5,-65.09489228195814,3.6037479111959896,3.7060448256578957
2021-04-15 18:00:00,8,-67.5,-65.01311253762161,3.6037479111959896,3.6822318487938213
2021-04-15 21:00:00,1,-67.3,-63.92659128112453,3.6037479111959896,3.5849160312386465
2021-04-15 21:00:00,2,-67.2,-63.833549385817776,3.6037479111959896,3.5615382668527706
2021-04-15 21:00:00,4,-68.0,-63.732521457541026,3.6037479111959896,3.7057718530973713
2021-04-15 21:00:00,8,-65.5,-63.7900051880034,3.6037479111959896,3.778167260719655
2021-04-16 00:00:00,1,-67.2,-67.17160525362948,3.6037479111959896,3.497097287375585
2021-04-16 00:00:00,2,-67.5,-67.10081603139005,3.6037479111959896,3.562404746117308
2021-04-16 00:00:00,4,-66.9,-66.97936694356183,3.6037479111959896,3.6888323580991944
2021-04-16 00:00:00,8,-63.9,-66.85506467181433,3.6037479111959896,3.807179653037575
2021-04-16 03:00:00,1,-67.5,-66.4501791406444,3.6037479111959896,3.433351116241913
2021-04-16 03:00:00,2,-68.0,-66.24713187472904,3.6037479111959896,3.5270785270007488
2021-04-16 03:00:00,4,-66.9,-66.07449551458755,3.6037479111959896,3.763392324287892
2021-04-16 03:00:00,8,-62.300000000000004,-66.01929505176159,3.6037479111959896,3.7536895080923407
2021-04-16 06:00:00,1,-68.0,-67.2923122254383,3.6037479111959896,3.525778521508082
2021-04-16 06:00:00,2,-66.9,-67.2556416070658,3.6037479111959896,3.5752949748438554
2021-04-16 06:00:00,4,-67.5,-67.34720431384066,3.6037479111959896,3.7190112488934752
2021-04-16 06:00:00,8,-60.7,-67.30801194200417,3.6037479111959896,3.7976609780155313
2021-04-16 09:00:00,1,-66.9,-68.07233668391684,3.6037479111959896,3.480602975725578
2021-04-16 09:00:00,2,-66.9,-68.07795226863068,3.6037479111959896,3.5352436964143106
2021-04-16 09:00:00,4,-65.5,-68.18739636896828,3.6037479111959896,3.690425977719432
2021-04-16 09:00:00,8,-59.2,-68.01932222109367,3.6037479111959896,3.763761766348393
2021-04-16 12:00:00,1,-66.9,-66.4295353462871,3.6037479111959896,3.3905887209430623
2021-04-16 12:00:00,2,-67.5,-66.44564863042106,3.6037479111959896,3.4188405544948304
2021-04-16 12:00:00,4,-63.9,-66.68098298668748,3.6037479111959896,3.6666128808849967
2021-04-16 12:00:00,8,-56.4,-66.69565238683806,3.6037479111959896,3.755268971210026
2021-04-16 15:00:00,1,-67.5,-66.68337360897135,3.6037479111959896,3.460187632789401
2021-04-16 15:00:00,2,-65.5,-66.6664043696616,3.6037479111959896,3.4833195645763317
2021-04-16 15:00:00,4,-62.300000000000004,-66.77901435134801,3.6037479111959896,3.6640671231627415
2021-04-16 15:00:00,8,-57.3,-66.7037479359585,3.6037479111959896,3.687463302998972
2021-04-16 18:00:00,1,-65.5,-67.16784567946515,3.6037479111959896,3.498969198242334
2021-04-16 18:00:00,2,-63.9,-67.09942258247594,3.6037479111959896,3.497743894294211
2021-04-16 18:00:00,4,-60.7,-67.10129156204326,3.6037479111959896,3.580168544133245
2021-04-16 18:00:00,8,-58.2,-67.02568218818264,3.6037479111959896,3.5988510351806684
2021-04-16 21:00:00,1,-63.9,-65.24055596704868,3.6037479111959896,3.511994620235257
2021-04-16 21:00:00,2,-62.300000000000004,-65.20892309159626,3.6037479111959896,3.474985410244821
2021-04-16 21:00:00,4,-59.2,-65.30982925520576,3.6037479111959896,3.658435514484772
2021-04-16 21:00:00,8,-57.1,-65.48464296933815,3.6037479111959896,3.4569710141406143
2021-04-17 00:00:00,1,-62.300000000000004,-61.55750405133406,3.6037479111959896,3.2227651827347743
2021-04-17 00:00:00,2,-60.7,-61.56602109353347,3.6037479111959896,3.2118336434358223
2021-04-17 00:00:00,4,-56.4,-61.820671360833146,3.6037479111959896,3.6599212074355947
2021-04-17 00:00:00,8,-57.0,-62.24909133633112,3.6037479111959896,3.3561608398868046
2021-04-17 03:00:00,1,-60.7,-62.55094450547094,3.6037479111959896,3.13590424224076
2021-04-17 03:00:00,2,-59.2,-62.65983598154943,3.6037479111959896,3.2337813144680014
2021-04-17 03:00:00,4,-57.3,-63.17168997165632,3.6037479111959896,3.830407327837299
2021-04-17 03:00:00,8,-54.7,-63.67210528805051,3.6037479111959896,3.4700218631849684
2021-04-17 06:00:00,1,-59.2,-62.437431015543424,3.6037479111959896,3.393924590130302
2021-04-17 06:00:00,2,-56.4,-62.56087156810722,3.6037479111959896,3.482664073186
2021-04-17 06:00:00,4,-58.2,-63.293316302728016,3.6037479111959896,3.929144054348563
2021-04-17 06:00:00,8,-57.3,-63.86809020326468,3.6037479111959896,3.7396727443495585
2021-04-17 09:00:00,1,-56.4,-60.0396066037782,3.6037479111959896,3.5074226297723787
2021-04-17 09:00:00,2,-57.3,-60.20036910760919,3.6037479111959896,3.590514868013107
2021-04-17 09:00:00,4,-57.1,-60.90657607818855,3.6037479111959896,3.8004127914971666
2021-04-17 09:00:00,8,-57.4,-61.39217645323224,3.6037479111959896,3.7701648377652903
2021-04-17 12:00:00,1,-57.3,-60.50361356416015,3.6037479111959896,3.6350528313141113
2021-04-17 12:00:00,2,-58.2,-60.85201974324738,3.6037479111959896,3.6600749094626055
2021-04-17 12:00:00,4,-57.0,-61.81362414065275,3.6037479111959896,3.793927113821964
2021-04-17 12:00:00,8,-57.4,-62.325151743811304,3.6037479111959896,3.8713813383004703
2021-04-17 15:00:00,1,-58.2,-60.71346380042038,3.6037479111959896,3.649588880097805
2021-04-17 15:00:00,2,-57.1,-61.113554397503776,3.6037479111959896,3.6569472288411564
2021-04-17 15:00:00,4,-54.7,-62.046503750047215,3.6037479111959896,3.7823794334109624
2021-04-17 15:00:00,8,-57.3,-62.469388116441216,3.6037479111959896,3.8502478927757595
2021-04-17 18:00:00,1,-57.1,-60.29313649203887,3.6037479111959896,3.5103972015536
2021-04-17 18:00:00,2,-57.0,-60.55088347259233,3.6037479111959896,3.474303685335634
2021-04-17 18:00:00,4,-57.3,-61.34602043933015,3.6037479111959896,3.704659274633088
2021-04-17 18:00:00,8,-58.9,-61.94010808939709,3.6037479111959896,3.592919407290876
2021-04-17 21:00:00,1,-57.0,-59.13129622358002,3.6037479111959896,3.546530621246511
2021-04-17 21:00:00,2,-54.7,-59.41797059836953,3.6037479111959896,3.5508542130777316
2021-04-17 21:00:00,4,-57.4,-60.1615895828398,3.6037479111959896,3.789471881180046
2021-04-17 21:00:00,8,-60.2,-60.75245227047679,3.6037479111959896,3.665084538470975
2021-04-18 00:00:00,1,-54.7,-58.74152031866537,3.6037479111959896,3.5833460324494104
2021-04-18 00:00:00,2,-57.3,-59.0374884357212,3.6037479111959896,3.57593351042322
2021-04-18 00:00:00,4,-57.4,-59.72422170555056,3.6037479111959896,3.8019180729418696
2021-04-18 00:00:00,8,-61.5,-60.276327924449824,3.6037479111959896,3.8879493250819364
2021-04-18 03:00:00,1,-57.3,-59.17092593951728,3.6037479111959896,3.43084074977604
2021-04-18 03:00:00,2,-57.4,-59.58420746872037,3.6037479111959896,3.4621740353702988
2021-04-18 03:00:00,4,-57.3,-60.5386623348048,3.6037479111959896,3.857659101793003
2021-04-18 03:00:00,8,-62.7,-61.22997727042775,3.6037479111959896,3.9790636947412708
2021-04-18 06:00:00,1,-57.4,-60.28211282689624,3.6037479111959896,3.303570925867561
2021-04-18 06:00:00,2,-57.4,-60.59285409624517,3.6037479111959896,3.435001735113484
2021-04-18 06:00:00,4,-58.9,-61.36952894562255,3.6037479111959896,3.8108613834444345
2021-04-18 06:00:00,8,-63.2,-61.89558328973572,3.6037479111959896,3.8346686483863395
2021-04-18 09:00:00,1,-57.4,-60.861881240293606,3.6037479111959896,3.3624708409639434
2021-04-18 09:00:00,2,-57.3,-61.158147644759175,3.6037479111959896,3.433873240581359
2021-04-18 09:00:00,4,-60.2,-62.00352226350581,3.6037479111959896,3.6941896878727123
2021-04-18 09:00:00,8,-63.7,-62.558755456700425,3.6037479111959896,3.6936119372760605
2021-04-18 12:00:00,1,-57.3,-60.082774700075944,3.6037479111959896,3.503647215843918
2021-04-18 12:00:00,2,-58.9,-60.39790237945026,3.6037479111959896,3.551112682554661
2021-04-18 12:00:00,4,-61.5,-61.26265415181426,3.6037479111959896,3.6820344309004054
2021-04-18 12:00:00,8,-63.9,-61.86909262984689,3.6037479111959896,3.497446667725782
2021-04-18 15:00:00,1,-58.9,-60.1485535584329,3.6037479111959896,3.549044586823203
2021-04-18 15:00:00,2,-60.2,-60.425266286538616,3.6037479111959896,3.607540635030608
2021-04-18 15:00:00,4,-62.7,-61.21408734160059,3.6037479111959896,3.7771671478034303
2021-04-18 15:00:00,8,-63.7,-61.82418596466097,3.6037479111959896,3.2495682408816897
2021-04-18 18:00:00,1,-60.2,-61.34077086911909,3.6037479111959896,3.650873336098732
2021-04-18 18:00:00,2,-61.5,-61.583082556969906,3.6037479111959896,3.670913271781478
2021-04-18 18:00:00,4,-63.2,-62.17307127690636,3.6037479111959896,3.8035807421696624
2021-04-18 18:00:00,8,-63.3,-62.672794912350426,3.6037479111959896,3.0626634568073676
2021-04-18 21:00:00,1,-61.5,-62.48994256867579,3.6037479111959896,3.749373454398779
2021-04-18 21:00:00,2,-62.7,-62.654526609756225,3.6037479111959896,3.6830707482054565
2021-04-18 21:00:00,4,-63.7,-62.969639879110744,3.6037479111959896,3.6680560376779603
2021-04-18 21:00:00,8,-61.1,-63.28439650047535,3.6037479111959896,3.318321228385277
2021-04-19 00:00:00,1,-62.7,-63.426938254777454,3.6037479111959896,3.619147880725656
2021-04-19 00:00:00,2,-63.2,-63.5464873814958,3.6037479111959896,3.547022053168699
2021-04-19 00:00:00,4,-63.9,-63.72232997104152,3.6037479111959896,3.5528393426398033
2021-04-19 00:00:00,8,-59.3,-63.89864809124044,3.6037479111959896,3.519420525621676
2021-04-19 03:00:00,1,-63.2,-63.672175897147504,3.6037479111959896,3.499445693854625
2021-04-19 03:00:00,2,-63.7,-63.71238273437752,3.6037479111959896,3.4466825559646903
2021-04-19 03:00:00,4,-63.7,-63.79844369559493,3.6037479111959896,3.507425442410833
2021-04-19 03:00:00,8,-58.6,-63.89831233777923,3.6037479111959896,3.6046109188342172
2021-04-19 06:00:00,1,-63.7,-63.596173129746504,3.6037479111959896,3.3927222738362772
2021-04-19 06:00:00,2,-63.9,-63.61861385357214,3.6037479111959896,3.4125187296721506
2021-04-19 06:00:00,4,-63.3,-63.782154609219475,3.6037479111959896,3.597098848068795
2021-04-19 06:00:00,8,-56.4,-63.90019284536238,3.6037479111959896,3.5672689310584893
2021-04-19 09:00:00,1,-63.9,-63.65627083779956,3.6037479111959896,3.34434426590754
2021-04-19 09:00:00,2,-63.7,-63.697763769296216,3.6037479111959896,3.414347157948196
2021-04-19 09:00:00,4,-61.1,-63.92972185792484,3.6037479111959896,3.6731826111278516
2021-04-19 09:00:00,8,-54.4,-64.03601016392749,3.6037479111959896,3.5953619105227603
2021-04-19 12:00:00,1,-63.7,-64.01817704393108,3.6037479111959896,3.4253586374974394
2021-04-19 12:00:00,2,-63.3,-64.06681590424371,3.6037479111959896,3.471924726404757
2021-04-19 12:00:00,4,-59.3,-64.33485307993229,3.6037479111959896,3.7733858419972592
2021-04-19 12:00:00,8,-52.4,-64.42288172935261,3.6037479111959896,3.5715339840187488
2021-04-19 15:00:00,1,-63.3,-64.30757779446566,3.6037479111959896,3.4348762327862383
2021-04-19 15:00:00,2,-61.1,-64.4605754591305,3.6037479111959896,3.4638296796669756
2021-04-19 15:00:00,4,-58.6,-64.92358308463972,3.6037479111959896,3.809171027723419
2021-04-19 15:00:00,8,-53.8,-65.19521483976595,3.6037479111959896,3.4677069484316
2021-04-19 18:00:00,1,-61.1,-62.93497801749756,3.6037479111959896,3.462852920980951
2021-04-19 18:00:00,2,-59.3,-63.11898028075179,3.6037479111959896,3.4612496504117036
2021-04-19 18:00:00,4,-56.4,-63.64369593402608,3.6037479111959896,3.7969380232924124
2021-04-19 18:00:00,8,-52.3,-64.12084195045645,3.6037479111959896,3.444813457736396
2021-04-19 21:00:00,1,-59.3,-62.417769264035115,3.6037479111959896,3.393576542784112
2021-04-19 21:00:00,2,-58.6,-62.76399016362055,3.6037479111959896,3.3837593548447717
2021-04-19 21:00:00,4,-54.4,-63.537770760522235,3.6037479111959896,3.7563741648321107
2021-04-19 21:00:00,8,-53.3,-64.23352830524777,3.6037479111959896,3.441055359529984
2021-04-20 00:00:00,1,-58.6,-61.41972480857396,3.6037479111959896,3.377355750226272
2021-04-20 00:00:00,2,-56.4,-61.81066648408997,3.6037479111959896,3.3405275555149467
2021-04-20 00:00:00,4,-52.4,-62.64587555437272,3.6037479111959896,3.8104562568666704
2021-04-20 00:00:00,8,-54.5,-63.31523970684304,3.6037479111959896,3.6869535622667495
2021-04-20 03:00:00,1,-56.4,-61.460713389377815,3.6037479111959896,3.38066024049919
2021-04-20 03:00:00,2,-54.4,-61.793553144582276,3.6037479111959896,3.354948232801847
2021-04-20 03:00:00,4,-53.8,-62.61806493667074,3.6037479111959896,3.8095919104085443
2021-04-20 03:00:00,8,-55.8,-63.25693172324843,3.6037479111959896,3.7909262152116074
2021-04-20 06:00:00,1,-54.4,-61.150528346792946,3.6037479111959896,3.3455704696333677
2021-04-20 06:00:00,2,-52.4,-61.530755452090915,3.6037479111959896,3.351337818109355
2021-04-20 06:00:00,4,-52.3,-62.51441294378945,3.6037479111959896,3.803495696514025
2021-04-20 06:00:00,8,-56.4,-63.181818054068735,3.6037479111959896,3.9027733160611513
2021-04-20 09:00:00,1,-52.4,-57.22568782694604,3.6037479111959896,3.2889327289868215
2021-04-20 09:00:00,2,-53.8,-57.71441517628509,3.6037479111959896,3.414472140403879
2021-04-20 09:00:00,4,-53.3,-59.03597826564676,3.6037479111959896,3.9655592710885235
2021-04-20 09:00:00,8,-56.4,-59.89791504064396,3.6037479111959896,3.871316767586378
2021-04-20 12:00:00,1,-53.8,-58.158738049628035,3.6037479111959896,3.368557070658451
2021-04-20 12:00:00,2,-52.3,-58.709033649540146,3.6037479111959896,3.560810366684786
2021-04-20 12:00:00,4,-54.5,-60.121855394259036,3.6037479111959896,3.9258361515853872
2021-04-20 12:00:00,8,-55.5,-61.01228582189646,3.6037479111959896,3.67831450992875
2021-04-20 15:00:00,1,-52.3,-58.18097198966963,3.6037479111959896,3.4473404334321947
2021-04-20 15:00:00,2,-53.3,-58.66254332317883,3.6037479111959896,3.59660413695675
2021-04-20 15:00:00,4,-55.8,-59.83891825810318,3.6037479111959896,3.8829678357881514
2021-04-20 15:00:00,8,-57.5,-60.60023923138974,3.6037479111959896,3.6623278995148345
2021-04-20 18:00:00,1,-53.3,-57.67376811295035,3.6037479111959896,3.4403593048277235
2021-04-20 18:00:00,2,-54.5,-58.16764055985695,3.6037479111959896,3.506678593590891
2021-04-20 18:00:00,4,-56.4,-59.41587970449738,3.6037479111959896,3.833098263025941
2021-04-20 18:00:00,8,-59.9,-60.4588207381306,3.6037479111959896,3.543562337911692
2021-04-20 21:00:00,1,-54.5,-57.86542101596386,3.6037479111959896,3.5254225027979302
2021-04-20 21:00:00,2,-55.8,-58.40830230044131,3.6037479111959896,3.532366247305029
2021-04-20 21:00:00,4,-56.4,-59.54012721816965,3.6037479111959896,3.7719692719692124
2021-04-20 21:00:00,8,-62.300000000000004,-60.43981392202193,3.6037479111959896,3.6982287300036094
2021-04-21 00:00:00,1,-55.8,-59.25987466870147,3.6037479111959896,3.6019195370892327
2021-04-21 00:00:00,2,-56.4,-59.713844329795705,3.6037479111959896,3.533373198531809
2021-04-21 00:00:00,4,-55.5,-60.5668922840828,3.6037479111959896,3.681736884411015
2021-04-21 00:00:00,8,-64.7,-61.26560604436912,3.6037479111959896,3.7927362746924382
2021-04-21 03:00:00,1,-56.4,-60.033970845036656,3.6037479111959896,3.4866438566237723
2021-04-21 03:00:00,2,-56.4,-60.435897278641846,3.6037479111959896,3.4892751598781677
2021-04-21 03:00:00,4,-57.5,-61.22015251893201,3.6037479111959896,3.723717899421126
2021-04-21 03:00:00,8,-63.3,-61.8889719726541,3.6037479111959896,3.75762401604902
2021-04-21 06:00:00,1,-56.4,-60.615993706030835,3.6037479111959896,3.323813498154409
2021-04-21 06:00:00,2,-55.5,-61.07275386745823,3.6037479111959896,3.3994854696156676
2021-04-21 06:00:00,4,-59.9,-62.08875753058901,3.6037479111959896,3.7335293954333566
2021-04-21 06:00:00,8,-62.0,-62.88873770497968,3.6037479111959896,3.6680260517528263
2021-04-21 09:00:00,1,-55.5,-60.98411855620457,3.6037479111959896,3.3199743932945007
2021-04-21 09:00:00,2,-57.5,-61.45503151857293,3.6037479111959896,3.390359804164965
2021-04-21 09:00:00,4,-62.300000000000004,-62.57325842112239,3.6037479111959896,3.694259737233273
2021-04-21 09:00:00,8,-61.2,-63.38459657311492,3.6037479111959896,3.5541638487461165
2021-04-21 12:00:00,1,-57.5,-61.145111620352274,3.6037479111959896,3.384813401103114
2021-04-21 12:00:00,2,-59.9,-61.64022621096514,3.6037479111959896,3.4292107924665753
2021-04-21 12:00:00,4,-64.7,-62.83713398309436,3.6037479111959896,3.7185515491316705
2021-04-21 12:00:00,8,-59.3,-63.71071549508732,3.6037479111959896,3.385461094420006
2021-04-21 15:00:00,1,-59.9,-62.65149258008854,3.6037479111959896,3.422942141173729
2021-04-21 15:00:00,2,-62.300000000000004,-63.101993749418284,3.6037479111959896,3.474669354994795
2021-04-21 15:00:00,4,-63.3,-64.04882067152461,3.6037479111959896,3.7204723545853913
2021-04-21 15:00:00,8,-59.9,-64.69859079957965,3.6037479111959896,3.3652675366904896
2021-04-21 18:00:00,1,-62.300000000000004,-68.35964798158126,3.6037479111959896,3.4227429637150246
2021-04-21 18:00:00,2,-64.7,-68.68726554561226,3.6037479111959896,3.4333570481097437
2021-04-21 18:00:00,4,-62.0,-69.21973451003687,3.6037479111959896,3.570950441519687
2021-04-21 18:00:00,8,-60.0,-69.32304570595002,3.6037479111959896,3.4863361259837693
2021-04-21 21:00:00,1,-64.7,-69.82726526756991,3.6037479111959896,3.3826222357767226
2021-04-21 21:00:00,2,-63.3,-70.09750789678799,3.6037479111959896,3.449907385918159
2021-04-21 21:00:00,4,-61.2,-70.45561562170172,3.6037479111959896,3.5792982724723084
2021-04-21 21:00:00,8,-59.6,-70.43046149114882,3.6037479111959896,3.455392750726536
2021-04-22 00:00:00,1,-63.3,-67.28889128673913,3.6037479111959896,3.413640465873961
2021-04-22 00:00:00,2,-62.0,-67.40326073184242,3.6037479111959896,3.4000091802298815
2021-04-22 00:00:00,4,-59.3,-67.60221843414014,3.6037479111959896,3.619000437152457
2021-04-22 00:00:00,8,-59.9,-67.65434235774003,3.6037479111959896,3.6520287639768156
2021-04-22 03:00:00,1,-62.0,-64.66420272834256,3.6037479111959896,3.3909600958593726
2021-04-22 03:00:00,2,-61.2,-64.66712363935487,3.6037479111959896,3.3680745898581694
2021-04-22 03:00:00,4,-59.9,-64.84467669825015,3.6037479111959896,3.6826545243693354
2021-04-22 03:00:00,8,-58.5,-64.99561877359135,3.6037479111959896,3.7397195861103594
2021-04-22 06:00:00,1,-61.2,-63.57351337361999,3.6037479111959896,3.373292247471849
2021-04-22 06:00:00,2,-59.3,-63.68391501977292,3.6037479111959896,3.3611213476975217
2021-04-22 06:00:00,4,-60.0,-64.06965179613923,3.6037479111959896,3.751451540995269
2021-04-22 06:00:00,8,-56.8,-64.27959713853011,3.6037479111959896,3.7168010482698657
2021-04-22 09:00:00,1,-59.3,-62.44085483624655,3.6037479111959896,3.313751717309851
2021-04-22 09:00:00,2,-59.9,-62.61252500456083,3.6037479111959896,3.3106072674979963
2021-04-22 09:00:00,4,-59.6,-63.09519438157835,3.6037479111959896,3.7490017062413465
2021-04-22 09:00:00,8,-58.4,-63.29992834031062,3.6037479111959896,3.6364216731336927
2021-04-22 12:00:00,1,-59.9,-61.85870444657719,3.6037479111959896,3.254828141392347
2021-04-22 12:00:00,2,-60.0,-62.143271355971784,3.6037479111959896,3.28136249259156
2021-04-22 12:00:00,4,-59.9,-62.83919749792891,3.6037479111959896,3.730457914260837
2021-04-22 12:00:00,8,-58.3,-63.160156912313965,3.6037479111959896,3.611947519617197
2021-04-22 15:00:00,1,-60.0,-62.05906568480288,3.6037479111959896,3.279055915778255
2021-04-22 15:00:00,2,-59.6,-62.3507475414709,3.6037479111959896,3.3242103334472506
2021-04-22 15:00:00,4,-58.5,-62.96348319815363,3.6037479111959896,3.689620216787407
2021-04-22 15:00:00,8,-60.2,-63.22471884449929,3.6037479111959896,3.5539226150109955
2021-04-22 18:00:00,1,-59.6,-63.19688517076564,3.6037479111959896,3.3507541489749126
2021-04-22 18:00:00,2,-59.9,-63.45693343148025,3.6037479111959896,3.3846733423721136
2021-04-22 18:00:00,4,-56.8,-64.09826000843682,3.6037479111959896,3.656612024988572
2021-04-22 18:00:00,8,-60.2,-64.52617851524596,3.6037479111959896,3.581823742290143
2021-04-22 21:00:00,1,-59.9,-62.21666951229497,3.6037479111959896,3.4043377508310675
2021-04-22 21:00:00,2,-58.5,-62.523079129693734,3.6037479111959896,3.391191492024923
2021-04-22 21:00:00,4,-58.4,-63.31521953281533,3.6037479111959896,3.6572713687604836
2021-04-22 21:00:00,8,-61.7,-64.01765179870957,3.6037479111959896,3.520885830276214
2021-04-23 00:00:00,1,-58.5,-62.671040492440476,3.6037479111959896,3.453507629790079
2021-04-23 00:00:00,2,-56.8,-62.94349578019796,3.6037479111959896,3.4167515239354445
2021-04-23 00:00:00,4,-58.3,-63.6711326117144,3.6037479111959896,3.6839368342338115
2021-04-23 00:00:00,8,-63.3,-64.30641706737123,3.6037479111959896,3.5941117460499092
2021-04-23 03:00:00,1,-56.8,-62.51437619823898,3.6037479111959896,3.333108908335345
2021-04-23 03:00:00,2,-58.4,-62.864587232305446,3.6037479111959896,3.3266082476951055
2021-04-23 03:00:00,4,-60.2,-63.7955386356044,3.6037479111959896,3.7437256763822067
2021-04-23 03:00:00,8,-64.3,-64.53400892000218,3.6037479111959896,3.6288088739204922
2021-04-23 06:00:00,1,-58.4,-61.925025121678416,3.6037479111959896,3.2362448391730743
2021-04-23 06:00:00,2,-58.3,-62.419221073529386,3.6037479111959896,3.3085980305584606
2021-04-23 06:00:00,4,-60.2,-63.68290271588237,3.6037479111959896,3.7905183826357094
2021-04-23 06:00:00,8,-64.8,-64.55215978093506,3.6037479111959896,3.6414208247305684
2021-04-23 09:00:00,1,-58.3,-63.219244477979444,3.6037479111959896,3.256574589921971
2021-04-23 09:00:00,2,-60.2,-63.68829566579038,3.6037479111959896,3.400162902251952
2021-04-23 09:00:00,4,-61.7,-64.82083820250448,3.6037479111959896,3.748970500617546
2021-04-23 09:00:00,8,-65.9,-65.47903747163818,3.6037479111959896,3.613203429337317
2021-04-23 12:00:00,1,-60.2,-65.48675115523406,3.6037479111959896,3.3163019139354493
2021-04-23 12:00:00,2,-60.2,-65.87827715705272,3.6037479111959896,3.363465168642778
2021-04-23 12:00:00,4,-63.3,-66.74846222738017,3.6037479111959896,3.6686669667443432
2021-04-23 12:00:00,8,-65.6,-67.15388237028449,3.6037479111959896,3.6034206329013543
2021-04-23 15:00:00,1,-60.2,-66.49821638263062,3.6037479111959896,3.3281740208616397
2021-04-23 15:00:00,2,-61.7,-66.84099184648323,3.6037479111959896,3.363892396426976
2021-04-23 15:00:00,4,-64.3,-67.51242383679403,3.6037479111959896,3.617085736857088
2021-04-23 15:00:00,8,-65.6,-67.7905545108475,3.6037479111959896,3.543025960426903
2021-04-23 18:00:00,1,-61.7,-64.41876694820034,3.6037479111959896,3.4209750804809707
2021-04-23 18:00:00,2,-63.3,-64.67565437107308,3.6037479111959896,3.3758785818360733
2021-04-23 18:00:00,4,-64.8,-65.23766675807992,3.6037479111959896,3.605938077618504
2021-04-23 18:00:00,8,-65.0,-65.5784694902227,3.6037479111959896,3.655521587720843
2021-04-23 21:00:00,1,-63.3,-64.95553153952562,3.6037479111959896,3.4241567477646973
2021-04-23 21:00:00,2,-64.3,-65.11049401038942,3.6037479111959896,3.402096584524379
2021-04-23 21:00:00,4,-65.9,-65.42478662911665,3.6037479111959896,3.606042465162281
2021-04-23 21:00:00,8,-63.3,-65.61612863595309,3.6037479111959896,3.6601929269723525
2021-04-24 00:00:00,1,-64.3,-65.23841463810724,3.6037479111959896,3.4136661661912133
2021-04-24 00:00:00,2,-64.8,-65.23807744364406,3.6037479111959896,3.422783447046713
2021-04-24 00:00:00,4,-65.6,-65.24690069876411,3.6037479111959896,3.6093978628582213
2021-04-24 00:00:00,8,-63.0,-65.21525053128794,3.6037479111959896,3.66917952678004
2021-04-24 03:00:00,1,-64.8,-64.92160314791998,3.6037479111959896,3.400678601512085
2021-04-24 03:00:00,2,-65.9,-64.88017866401734,3.6037479111959896,3.4407442630548637
2021-04-24 03:00:00,4,-65.6,-64.85617877604996,3.6037479111959896,3.6370239310090104
2021-04-24 03:00:00,8,-60.8,-64.78115156698902,3.6037479111959896,3.6652816231133887
2021-04-24 06:00:00,1,-65.9,-64.81385366591019,3.6037479111959896,3.36782973035215
2021-04-24 06:00:00,2,-65.6,-64.79666539429955,3.6037479111959896,3.4346810676695942
2021-04-24 06:00:00,4,-65.0,-64.86740129946574,3.6037479111959896,3.6741959474438244
2021-04-24 06:00:00,8,-60.3,-64.80810983202018,3.6037479111959896,3.653707842483933
2021-04-24 09:00:00,1,-65.6,-65.54510308938904,3.6037479111959896,3.295093766866194
2021-04-24 09:00:00,2,-65.6,-65.53474372615892,3.6037479111959896,3.412718440332458
2021-04-24 09:00:00,4,-63.3,-65.59619669657364,3.6037479111959896,3.686295731454386
2021-04-24 09:00:00,8,-60.7,-65.46034767596498,3.6037479111959896,3.6156433931965686
2021-04-24 12:00:00,1,-65.6,-65.56282741373602,3.6037479111959896,3.3429523431235797
2021-04-24 12:00:00,2,-65.0,-65.4993714505699,3.6037479111959896,3.372517758813825
2021-04-24 12:00:00,4,-63.0,-65.41953994090954,3.6037479111959896,3.7457027079449365
2021-04-24 12:00:00,8,-61.2,-65.13742777838692,3.6037479111959896,3.5199847528926784
2021-04-24 15:00:00,1,-65.0,-65.18707029657823,3.6037479111959896,3.2887993752659757
2021-04-24 15:00:00,2,-63.3,-65.13030346460062,3.6037479111959896,3.3421170561528033
2021-04-24 15:00:00,4,-60.8,-65.03832430825369,3.6037479111959896,3.7466523399994216
2021-04-24 15:00:00,8,-58.4,-64.80510101988713,3.6037479111959896,3.4449876813600917
2021-04-24 18:00:00,1,-63.3,-64.87465098042425,3.6037479111959896,3.3110730724181523
2021-04-24 18:00:00,2,-63.0,-64.87810362116696,3.6037479111959896,3.364460496074618
2021-04-24 18:00:00,4,-60.3,-64.91134033182249,3.6037479111959896,3.7306762336570802
2021-04-24 18:00:00,8,-56.5,-64.83851209178216,3.6037479111959896,3.467899607500711
2021-04-24 21:00:00,1,-63.0,-63.790674533422845,3.6037479111959896,3.3470033956205785
2021-04-24 21:00:00,2,-60.8,-63.891299701646346,3.6037479111959896,3.3945836673014123
2021-04-24 21:00:00,4,-60.7,-64.11754926093346,3.6037479111959896,3.7665754178859063
2021-04-24 21:00:00,8,-58.3,-64.26116240020727,3.6037479111959896,3.4985272607589204
2021-04-25 00:00:00,1,-60.8,-64.36485185914003,3.6037479111959896,3.4307371087145064
2021-04-25 00:00:00,2,-60.3,-64.51554968464569,3.6037479111959896,3.452609944901741
2021-04-25 00:00:00,4,-61.2,-64.79670718335696,3.6037479111959896,3.7223322550860383
2021-04-25 00:00:00,8,-57.8,-64.89991606812957,3.6037479111959896,3.570859244050558
2021-04-25 03:00:00,1,-60.3,-64.30829253144745,3.6037479111959896,3.397509677746664
2021-04-25 03:00:00,2,-60.7,-64.50038169781024,3.6037479111959896,3.3778187425079733
2021-04-25 03:00:00,4,-58.4,-64.96840977421577,3.6037479111959896,3.7215014869988448
2021-04-25 03:00:00,8,-57.1,-65.18892630712773,3.6037479111959896,3.765693968986372
2021-04-25 06:00:00,1,-60.7,-63.15187979694413,3.6037479111959896,3.369216294460002
2021-04-25 06:00:00,2,-61.2,-63.23831613917718,3.6037479111959896,3.32517446858533
2021-04-25 06:00:00,4,-56.5,-63.56129799984037,3.6037479111959896,3.7311534624215748
2021-04-25 06:00:00,8,-58.1,-63.52318854099141,3.6037479111959896,4.098605547890356
2021-04-25 09:00:00,1,-61.2,-64.33861553610056,3.6037479111959896,3.313771978970755
2021-04-25 09:00:00,2,-58.4,-64.45962727982803,3.6037479111959896,3.3002912561292503
2021-04-25 09:00:00,4,-58.3,-64.76267359860681,3.6037479111959896,3.7889517030264503
2021-04-25 09:00:00,8,-58.0,-64.67216282327692,3.6037479111959896,3.981875959954617
2021-04-25 12:00:00,1,-58.4,-64.88077523883682,3.6037479111959896,3.2602352855256016
2021-04-25 12:00:00,2,-56.5,-65.03348542360678,3.6037479111959896,3.2573856695399828
2021-04-25 12:00:00,4,-57.8,-65.3503070008079,3.6037479111959896,3.767399107721823
2021-04-25 12:00:00,8,-58.1,-65.23701830718919,3.6037479111959896,3.797205623846789
2021-04-25 15:00:00,1,-56.5,-61.26151359874755,3.6037479111959896,3.407943500009536
2021-04-25 15:00:00,2,-58.3,-61.55482594915529,3.6037479111959896,3.619191303331179
2021-04-25 15:00:00,4,-57.1,-62.3726586970691,3.6037479111959896,4.256030868372796
2021-04-25 15:00:00,8,-57.9,-62.78969475692959,3.6037479111959896,3.881100003913663
2021-04-25 18:00:00,1,-58.3,-57.50031506493703,3.6037479111959896,3.921819837172807
2021-04-25 18:00:00,2,-57.8,-57.878580966540994,3.6037479111959896,4.230083945379325
2021-04-25 18:00:00,4,-58.1,-58.79653993574293,3.6037479111959896,4.634037959498713
2021-04-25 18:00:00,8,-59.9,-59.277796410319624,3.6037479111959896,3.9082078667567868
2021-04-25 21:00:00,1,-57.8,-60.76150680641452,3.6037479111959896,3.5860147664563184
2021-04-25 21:00:00,2,-57.1,-60.98442404862421,3.6037479111959896,3.5705788599877555
2021-04-25 21:00:00,4,-58.0,-61.36395298846315,3.6037479111959896,3.8097373411456923
2021-04-25 21:00:00,8,-61.0,-61.50534554368666,3.6037479111959896,3.824142395625632
2021-04-26 00:00:00,1,-57.1,-60.135802852417925,3.6037479111959896,3.5358869308328
2021-04-26 00:00:00,2,-58.1,-60.30878505303447,3.6037479111959896,3.386695002908993
2021-04-26 00:00:00,4,-58.1,-60.8198875606091,3.6037479111959896,3.6410302745516194
2021-04-26 00:00:00,8,-61.1,-61.27851598110283,3.6037479111959896,4.053877398242674
2021-04-26 03:00:00,1,-58.1,-60.54366909618233,3.6037479111959896,3.445862691850273
2021-04-26 03:00:00,2,-58.0,-60.84685375115113,3.6037479111959896,3.33298936453601
2021-04-26 03:00:00,4,-57.9,-61.56902342115761,3.6037479111959896,3.723222101910816
2021-04-26 03:00:00,8,-61.0,-62.12395688594051,3.6037479111959896,4.185572008981554
2021-04-26 06:00:00,1,-58.0,-62.32931119602492,3.6037479111959896,3.3782323070011007
2021-04-26 06:00:00,2,-58.1,-62.60998595907307,3.6037479111959896,3.3269763700816393
2021-04-26 06:00:00,4,-59.9,-63.218459852401644,3.6037479111959896,3.7295785581775935
2021-04-26 06:00:00,8,-62.9,-63.50904438606233,3.6037479111959896,4.287350810596946
2021-04-26 09:00:00,1,-58.1,-63.35279870293586,3.6037479111959896,3.3823143385112187
2021-04-26 09:00:00,2,-57.9,-63.63676975801195,3.6037479111959896,3.35139716344774
2021-04-26 09:00:00,4,-61.0,-64.26582620311369,3.6037479111959896,3.7875618064085805
2021-04-26 09:00:00,8,-61.3,-64.48623105837224,3.6037479111959896,4.475226208208822
2021-04-26 12:00:00,1,-57.9,-64.50235370901908,3.6037479111959896,3.427090049741866
2021-04-26 12:00:00,2,-59.9,-64.90968173854417,3.6037479111959896,3.467385521175427
2021-04-26 12:00:00,4,-61.1,-65.66760410866225,3.6037479111959896,3.8184771819166503
2021-04-26 12:00:00,8,-61.3,-65.91379065083574,3.6037479111959896,4.042573844185489
2021-04-26 15:00:00,1,-59.9,-65.22974845220297,3.6037479111959896,3.587096132631781
2021-04-26 15:00:00,2,-61.0,-65.70786570396749,3.6037479111959896,3.65990857722263
2021-04-26 15:00:00,4,-61.0,-66.5219640952516,3.6037479111959896,3.9733617167817794
2021-04-26 15:00:00,8,-61.6,-66.80681127953119,3.6037479111959896,3.934194406629342
2021-04-26 18:00:00,1,-61.0,-63.628380244487715,3.6037479111959896,3.6446984416427086
2021-04-26 18:00:00,2,-61.1,-63.779068703480526,3.6037479111959896,3.6553041681023046
2021-04-26 18:00:00,4,-62.9,-63.940344924517184,3.6037479111959896,3.6593680707579295
2021-04-26 18:00:00,8,-64.8,-63.89816391457535,3.6037479111959896,3.6504580320353757
2021-04-26 21:00:00,1,-61.1,-63.321276064134864,3.6037479111959896,3.593652852755529
2021-04-26 21:00:00,2,-61.0,-63.25974744111623,3.6037479111959896,3.5237759162634803
2021-04-26 21:00:00,4,-61.3,-63.096775160749786,3.6037479111959896,3.388704773050131
2021-04-26 21:00:00,8,-65.6,-62.97132008741875,3.6037479111959896,3.664475495605262
2021-04-27 00:00:00,1,-61.0,-61.710462088444466,3.6037479111959896,3.507838313741877
2021-04-27 00:00:00,2,-62.9,-61.5724702978924,3.6037479111959896,3.4600983348509815
2021-04-27 00:00:00,4,-61.3,-61.35808522840291,3.6037479111959896,3.4097994014981627
2021-04-27 00:00:00,8,-64.0,-61.347176122917645,3.6037479111959896,3.605255626222134
2021-04-27 03:00:00,1,-62.9,-61.08236318915806,3.6037479111959896,3.425425407668143
2021-04-27 03:00:00,2,-61.3,-60.93896908218512,3.6037479111959896,3.421397389480383
2021-04-27 03:00:00,4,-61.6,-60.773101828841995,3.6037479111959896,3.526033218583672
2021-04-27 03:00:00,8,-64.2,-60.75808802921833,3.6037479111959896,3.563227889421582
2021-04-27 06:00:00,1,-61.3,-62.90184217698061,3.6037479111959896,3.2643200896840536
2021-04-27 06:00:00,2,-61.3,-62.731399021851814,3.6037479111959896,3.3922700788870315
2021-04-27 06:00:00,4,-64.8,-62.46150943811869,3.6037479111959896,3.624181123900007
2021-04-27 06:00:00,8,-62.06,-62.21044078123889,3.6037479111959896,3.5114890718006366
2021-04-27 09:00:00,1,-61.3,-62.24371856045082,3.6037479111959896,3.407835819945862
2021-04-27 09:00:00,2,-61.6,-62.074401548368954,3.6037479111959896,3.408331417505571
2021-04-27 09:00:00,4,-65.6,-62.00514339073266,3.6037479111959896,3.7310138169218168
2021-04-27 09:00:00,8,-59.92,-61.89676491135885,3.6037479111959896,3.5461763954267487
2021-04-27 12:00:00,1,-61.6,-61.89192674721292,3.6037479111959896,3.3258665376056102
2021-04-27 12:00:00,2,-64.8,-61.79125906943103,3.6037479111959896,3.3584277731609458
2021-04-27 12:00:00,4,-64.0,-61.84425191722451,3.6037479111959896,3.6813204073041326
2021-04-27 12:00:00,8,-57.78,-61.83526006487288,3.6037479111959896,3.245526119511537
2021-04-27 15:00:00,1,-64.8,-61.48076421142058,3.6037479111959896,3.2746518838202405
2021-04-27 15:00:00,2,-65.6,-61.365474686553426,3.6037479111959896,3.2999484074986865
2021-04-27 15:00:00,4,-64.2,-61.29905890532156,3.6037479111959896,3.4482590198233596
2021-04-27 15:00:00,8,-55.64,-61.34442525013892,3.6037479111959896,2.9697987729067896
2021-04-27 18:00:00,1,-65.6,-64.1876936347871,3.6037479111959896,3.3195382877036175
2021-04-27 18:00:00,2,-64.0,-63.97813376042572,3.6037479111959896,3.413761409327503
2021-04-27 18:00:00,4,-62.06,-63.47767521397215,3.6037479111959896,3.4074660046442395
2021-04-27 18:00:00,8,-53.5,-63.15158655304131,3.6037479111959896,2.940936036948719
2021-04-27 21:00:00,1,-64.0,-64.75039626174208,3.6037479111959896,3.4262584951823083
2021-04-27 21:00:00,2,-64.2,-64.3447282664973,3.6037479111959896,3.367385213505983
2021-04-27 21:00:00,4,-59.92,-63.570930377571855,3.6037479111959896,3.2274047298407202
2021-04-27 21:00:00,8,-54.7,-63.1419275167732,3.6037479111959896,3.1124446514039232
2021-04-28 00:00:00,1,-64.2,-62.37315224024706,3.6037479111959896,3.4901463646419093
2021-04-28 00:00:00,2,-62.06,-62.15365233423159,3.6037479111959896,3.3878970792622964
2021-04-28 00:00:00,4,-57.78,-61.89734563515656,3.6037479111959896,3.4495663101829246
2021-04-28 00:00:00,8,-52.5,-62.00457635645376,3.6037479111959896,3.434226300022615
2021-04-28 03:00:00,1,-62.06,-64.76220383196153,3.6037479111959896,3.505888368820566
2021-04-28 03:00:00,2,-59.92,-64.68979924650316,3.6037479111959896,3.5297181548651673
2021-04-28 03:00:00,4,-55.64,-64.72241632630752,3.6037479111959896,3.7756891262906676
2021-04-28 03:00:00,8,-54.4,-64.84317229218364,3.6037479111959896,3.739378763645886
2021-04-28 06:00:00,1,-59.92,-60.71115099224339,3.6037479111959896,3.257012988279746
2021-04-28 06:00:00,2,-57.78,-60.68853302517428,3.6037479111959896,3.270047394719675
2021-04-28 06:00:00,4,-53.5,-60.94025517645176,3.6037479111959896,3.7169958001552676
2021-04-28 06:00:00,8,-52.1,-61.27962050912006,3.6037479111959896,3.551305108348071
2021-04-28 09:00:00,1,-57.78,-58.10966112471365,3.6037479111959896,3.2296860328980554
2021-04-28 09:00:00,2,-55.64,-58.21737025866801,3.6037479111959896,3.274958661362379
2021-04-28 09:00:00,4,-54.7,-58.8316009549044,3.6037479111959896,3.684254382448325
2021-04-28 09:00:00,8,-50.2,-59.29161345779937,3.6037479111959896,3.5134196348436872
2021-04-28 12:00:00,1,-55.64,-56.71260322114871,3.6037479111959896,3.2643906322560965
2021-04-28 12:00:00,2,-53.5,-56.927947637706005,3.6037479111959896,3.355866672562571
2021-04-28 12:00:00,4,-52.5,-57.803105966114956,3.6037479111959896,3.6383996844543676
2021-04-28 12:00:00,8,-50.3,-58.42419655227441,3.6037479111959896,3.273386783037493
2021-04-28 15:00:00,1,-53.5,-54.807598784469356,3.6037479111959896,3.312686380507571
2021-04-28 15:00:00,2,-54.7,-55.09916860323347,3.6037479111959896,3.451101011026059
2021-04-28 15:00:00,4,-54.4,-56.12292395638733,3.6037479111959896,3.4438237555814646
2021-04-28 15:00:00,8,-51.0,-56.98738716810496,3.6037479111959896,2.917523261212603
2021-04-28 18:00:00,1,-54.7,-54.62272615601955,3.6037479111959896,3.6588263046044425
2021-04-28 18:00:00,2,-52.5,-55.00217512024863,3.6037479111959896,3.834860094421804
2021-04-28 18:00:00,4,-52.1,-56.18054782429221,3.6037479111959896,3.7263031007319447
2021-04-28 18:00:00,8,-55.56666666666667,-57.117464255285014,3.6037479111959896,3.1072515343940097
2021-04-28 21:00:00,1,-52.5,-57.4961210286759,3.6037479111959896,3.531089662692762
2021-04-28 21:00:00,2,-54.4,-57.916018918467536,3.6037479111959896,3.6209897923372307
2021-04-28 21:00:00,4,-50.2,-59.068730799637194,3.6037479111959896,3.494473255658047
2021-04-28 21:00:00,8,-60.13333333333333,-60.02511156486713,3.6037479111959896,3.337368096077974
2021-04-29 00:00:00,1,-54.4,-57.122518929978355,3.6037479111959896,3.5546101651476922
2021-04-29 00:00:00,2,-52.1,-57.62119135447843,3.6037479111959896,3.5363615535744612
2021-04-29 00:00:00,4,-50.3,-59.039089388920345,3.6037479111959896,3.467883638112709
2021-04-29 00:00:00,8,-64.7,-60.32937192781358,3.6037479111959896,3.374910567656334
2021-04-29 03:00:00,1,-52.1,-58.84408867805813,3.6037479111959896,3.443438330802922
2021-04-29 03:00:00,2,-50.2,-59.32626379139671,3.6037479111959896,3.515264605699458
2021-04-29 03:00:00,4,-51.0,-60.449275541018864,3.6037479111959896,3.3941773410200424
2021-04-29 03:00:00,8,-64.7,-61.35842746637303,3.6037479111959896,3.631960748564665
2021-04-29 06:00:00,1,-50.2,-57.73155373332742,3.6037479111959896,3.3536681490540623
2021-04-29 06:00:00,2,-50.3,-58.328940557426264,3.6037479111959896,3.368011298827924
2021-04-29 06:00:00,4,-55.56666666666667,-59.89190029838182,3.6037479111959896,3.557599793209171
2021-04-29 06:00:00,8,-65.6,-61.1513720534519,3.6037479111959896,3.5566854124456473
2021-04-29 09:00:00,1,-50.3,-56.817370909812574,3.6037479111959896,3.252061624876516
2021-04-29 09:00:00,2,-51.0,-57.609203659011555,3.6037479111959896,3.3471929221302736
2021-04-29 09:00:00,4,-60.13333333333333,-59.56552199605312,3.6037479111959896,3.6397933668036164
2021-04-29 09:00:00,8,-66.3,-60.945104148112534,3.6037479111959896,3.3157828688352593
2021-04-29 12:00:00,1,-51.0,-57.6498640516146,3.6037479111959896,3.2527631049050845
2021-04-29 12:00:00,2,-55.56666666666667,-58.41838643229336,3.6037479111959896,3.371957177308781
2021-04-29 12:00:00,4,-64.7,-60.20533480043031,3.6037479111959896,3.7603261884614403
2021-04-29 12:00:00,8,-66.1,-61.34908184803544,3.6037479111959896,3.2561533606558037
2021-04-29 15:00:00,1,-55.56666666666667,-59.63618513061935,3.6037479111959896,3.333590815943904
2021-04-29 15:00:00,2,-60.13333333333333,-60.339875391241634,3.6037479111959896,3.4313766573769167
2021-04-29 15:00:00,4,-64.7,-61.8935111288893,3.6037479111959896,3.7268513919400448
2021-04-29 15:00:00,8,-68.0,-62.936058768982136,3.6037479111959896,3.3819963903955035
2021-04-29 18:00:00,1,-60.13333333333333,-67.24461361891723,3.6037479111959896,3.3292972633579776
2021-04-29 18:00:00,2,-64.7,-67.69220036174359,3.6037479111959896,3.3945760958386537
2021-04-29 18:00:00,4,-65.6,-68.39659815433777,3.6037479111959896,3.6826815643556143
2021-04-29 18:00:00,8,-69.3,-68.68425529247725,3.6037479111959896,3.7000590378153047
2021-04-29 21:00:00,1,-64.7,-71.14451687900913,3.6037479111959896,3.3089253896824644
2021-04-29 21:00:00,2,-64.7,-71.4269273289415,3.6037479111959896,3.424947125830483
2021-04-29 21:00:00,4,-66.3,-71.61965702068414,3.6037479111959896,3.7253136118576546
2021-04-29 21:00:00,8,-70.2,-71.42144431640978,3.6037479111959896,3.8136199285963044
2021-04-30 00:00:00,1,-64.7,-70.47426218731553,3.6037479111959896,3.2362357214256674
2021-04-30 00:00:00,2,-65.6,-70.4640166632418,3.6037479111959896,3.4183654718667866
2021-04-30 00:00:00,4,-66.1,-70.31039720622283,3.6037479111959896,3.7496644358434357
2021-04-30 00:00:00,8,-71.5,-69.98131846618467,3.6037479111959896,4.4709307360971255
2021-04-30 03:00:00,1,-65.6,-67.90075801922826,3.6037479111959896,3.5286303502803515
2021-04-30 03:00:00,2,-66.3,-67.74211234730505,3.6037479111959896,3.584450312963751
2021-04-30 03:00:00,4,-68.0,-67.67594874141959,3.6037479111959896,3.692689431853115
2021-04-30 03:00:00,8,-71.2,-67.62005227463756,3.6037479111959896,4.15908793869348
2021-04-30 06:00:00,1,-66.3,-66.75457639877888,3.6037479111959896,3.6038055378083342
2021-04-30 06:00:00,2,-66.1,-66.71242564987861,3.6037479111959896,3.5767313666414844
2021-04-30 06:00:00,4,-69.3,-66.75922651216649,3.6037479111959896,3.6469011441187793
2021-04-30 06:00:00,8,-70.2,-66.75938214038028,3.6037479111959896,3.8980727706918517
2021-04-30 09:00:00,1,-66.1,-68.03068452170146,3.6037479111959896,3.530878114956874
2021-04-30 09:00:00,2,-68.0,-68.00532288686352,3.6037479111959896,3.509409492239659
2021-04-30 09:00:00,4,-70.2,-68.08274504121427,3.6037479111959896,3.6674369239669757
2021-04-30 09:00:00,8,-71.5,-67.99477331137213,3.6037479111959896,3.824314726383639
2021-04-30 12:00:00,1,-68.0,-69.44975733300711,3.6037479111959896,3.5574516031537287
2021-04-30 12:00:00,2,-69.3,-69.53305012942205,3.6037479111959896,3.5075664409096583
2021-04-30 12:00:00,4,-71.5,-69.81251949431442,3.6037479111959896,3.6091538298146864
2021-04-30 12:00:00,8,-70.6,-69.75512726747773,3.6037479111959896,3.659308872049985
2021-04-30 15:00:00,1,-69.3,-70.19153903995362,3.6037479111959896,3.429666879787521
2021-04-30 15:00:00,2,-70.2,-70.2442105443057,3.6037479111959896,3.468670723658598
2021-04-30 15:00:00,4,-71.2,-70.4312756572672,3.6037479111959896,3.651365574488344
2021-04-30 15:00:00,8,-70.8,-70.38887993803043,3.6037479111959896,3.533808411010008
2021-04-30 18:00:00,1,-70.2,-72.13363504770871,3.6037479111959896,3.396563938063879
2021-04-30 18:00:00,2,-71.5,-72.15776606685623,3.6037479111959896,3.454295795069213
2021-04-30 18:00:00,4,-70.2,-72.27517746713809,3.6037479111959896,3.580339401921824
2021-04-30 18:00:00,8,-69.8,-72.14473508595626,3.6037479111959896,3.5100921235915705
2021-04-30 21:00:00,1,-71.5,-72.73354722777651,3.6037479111959896,3.436039625363263
2021-04-30 21:00:00,2,-71.2,-72.75678050269084,3.6037479111959896,3.46054710397993
2021-04-30 21:00:00,4,-71.5,-72.86414091416619,3.6037479111959896,3.491727214083761
2021-04-30 21:00:00,8,-71.6,-72.7280008111577,3.6037479111959896,3.5729143363279294
2021-05-01 00:00:00,1,-71.2,-73.37976744745522,3.6037479111959896,3.4249956738364125
2021-05-01 00:00:00,2,-70.2,-73.43806894654092,3.6037479111959896,3.4540295141888033
2021-05-01 00:00:00,4,-70.6,-73.56295482409008,3.6037479111959896,3.4524309624537404
2021-05-01 00:00:00,8,-70.6,-73.386648231907,3.6037479111959896,3.6452028236988228
2021-05-01 03:00:00,1,-70.2,-73.09113042796974,3.6037479111959896,3.334515974044823
2021-05-01 03:00:00,2,-71.5,-73.17512787435261,3.6037479111959896,3.3788076448605002
2021-05-01 03:00:00,4,-70.8,-73.40240702955403,3.6037479111959896,3.452672169528781
2021-05-01 03:00:00,8,-71.5,-73.28733725748873,3.6037479111959896,3.6576604126449053
2021-05-01 06:00:00,1,-71.5,-72.2894390637285,3.6037479111959896,3.167414110875807
2021-05-01 06:00:00,2,-70.6,-72.4292983928459,3.6037479111959896,3.2477318679017637
2021-05-01 06:00:00,4,-69.8,-72.86623324904032,3.6037479111959896,3.491335310905745
2021-05-01 06:00:00,8,-71.6,-72.95901648449177,3.6037479111959896,3.6019680784301427
2021-05-01 09:00:00,1,-70.6,-72.84842966958448,3.6037479111959896,3.050818543162917
2021-05-01 09:00:00,2,-70.8,-72.97177511601762,3.6037479111959896,3.233570059992995
2021-05-01 09:00:00,4,-71.6,-73.27940742359594,3.6037479111959896,3.508586355600405
2021-05-01 09:00:00,8,-67.3,-73.17446933644801,3.6037479111959896,3.5205819320227305
2021-05-01 12:00:00,1,-70.8,-71.90694238031293,3.6037479111959896,3.1774963133417504
2021-05-01 12:00:00,2,-69.8,-71.99378580560517,3.6037479111959896,3.3030220747977777
2021-05-01 12:00:00,4,-70.6,-72.31528055222559,3.6037479111959896,3.521340297997291
2021-05-01 12:00:00,8,-64.75,-72.28763925225618,3.6037479111959896,3.4671937685490404
2021-05-01 15:00:00,1,-69.8,-71.63803700093176,3.6037479111959896,3.2617224914359717
2021-05-01 15:00:00,2,-71.6,-71.70038627457768,3.6037479111959896,3.3977485920548127
2021-05-01 15:00:00,4,-71.5,-71.94221666776735,3.6037479111959896,3.5609621625160672
2021-05-01 15:00:00,8,-62.2,-71.85579977906103,3.6037479111959896,3.2318367815429587
2021-05-01 18:00:00,1,-71.6,-71.6570380530325,3.6037479111959896,3.285861860996145
2021-05-01 18:00:00,2,-70.6,-71.82548397941781,3.6037479111959896,3.315519653864065
2021-05-01 18:00:00,4,-71.6,-72.2364116318875,3.6037479111959896,3.5774969974878825
2021-05-01 18:00:00,8,-59.65,-72.30888250343693,3.6037479111959896,3.339544358419569
2021-05-01 21:00:00,1,-70.6,-71.94202213250014,3.6037479111959896,3.275888858218444
2021-05-01 21:00:00,2,-71.5,-71.95986173700547,3.6037479111959896,3.314151165290546
2021-05-01 21:00:00,4,-67.3,-71.96808553530207,3.6037479111959896,3.4203521543785262
2021-05-01 21:00:00,8,-57.1,-71.71390719615064,3.6037479111959896,3.2395355728446416
2021-05-02 00:00:00,1,-71.5,-71.54907242072579,3.6037479111959896,3.2690238875831303
2021-05-02 00:00:00,2,-71.6,-71.55791440887157,3.6037479111959896,3.2693577517666874
2021-05-02 00:00:00,4,-64.75,-71.65570224419757,3.6037479111959896,3.4429402538557596
2021-05-02 00:00:00,8,-58.6,-71.51259921962448,3.6037479111959896,3.4370119318159045
2021-05-02 03:00:00,1,-71.6,-72.15285801411429,3.6037479111959896,3.2400534449013056
2021-05-02 03:00:00,2,-67.3,-72.2144579667309,3.6037479111959896,3.3036710078083957
2021-05-02 03:00:00,4,-62.2,-72.34558482385297,3.6037479111959896,3.521907464542129
2021-05-02 03:00:00,8,-60.65,-72.17848335231447,3.6037479111959896,3.549847848372715
2021-05-02 06:00:00,1,-67.3,-71.31724114027136,3.6037479111959896,3.2166035050134787
2021-05-02 06:00:00,2,-64.75,-71.37550949631154,3.6037479111959896,3.3192921885038715
2021-05-02 06:00:00,4,-59.65,-71.53545639302217,3.6037479111959896,3.6068092223970654
2021-05-02 06:00:00,8,-62.7,-71.41225648778894,3.6037479111959896,3.617244557619485
2021-05-02 09:00:00,1,-64.75,-68.44165396322856,3.6037479111959896,3.258785083806462
2021-05-02 09:00:00,2,-62.2,-68.58089798450075,3.6037479111959896,3.2946152450878126
2021-05-02 09:00:00,4,-57.1,-69.03322418283744,3.6037479111959896,3.749421842444228
2021-05-02 09:00:00,8,-64.75,-69.23177552257698,3.6037479111959896,3.5411711786616418
2021-05-02 12:00:00,1,-62.2,-61.83209274252209,3.6037479111959896,3.292247963272035
2021-05-02 12:00:00,2,-59.65,-62.05569013766607,3.6037479111959896,3.312497813760761
2021-05-02 12:00:00,4,-58.6,-62.68132564406865,3.6037479111959896,3.557998494707622
2021-05-02 12:00:00,8,-66.8,-62.92124526863361,3.6037479111959896,3.6298682255347816
2021-05-02 15:00:00,1,-59.65,-62.08455412781501,3.6037479111959896,3.410936520566212
2021-05-02 15:00:00,2,-57.1,-62.35873573594387,3.6037479111959896,3.4287021447976387
2021-05-02 15:00:00,4,-60.65,-63.12947365716599,3.6037479111959896,3.60416622203251
2021-05-02 15:00:00,8,-66.9,-63.585479454057165,3.6037479111959896,3.518599595104053
2021-05-02 18:00:00,1,-57.1,-61.80428644782605,3.6037479111959896,3.530526828410947
2021-05-02 18:00:00,2,-58.6,-62.14465471787203,3.6037479111959896,3.509985376630701
2021-05-02 18:00:00,4,-62.7,-63.07752625630858,3.6037479111959896,3.622308099974912
2021-05-02 18:00:00,8,-64.6,-63.76287112073076,3.6037479111959896,3.48379743318275
2021-05-02 21:00:00,1,-58.6,-61.44464261480224,3.6037479111959896,4.030002496677461
2021-05-02 21:00:00,2,-60.65,-61.87064819148368,3.6037479111959896,4.007566466297329
2021-05-02 21:00:00,4,-64.75,-62.88553796008436,3.6037479111959896,3.8715233032272005
2021-05-02 21:00:00,8,-62.4,-63.59496701108972,3.6037479111959896,3.524739318249356
2021-05-03 00:00:00,1,-60.65,-63.11527978766862,3.6037479111959896,3.823694666239809
2021-05-03 00:00:00,2,-62.7,-63.51039604591904,3.6037479111959896,3.8554273065044824
2021-05-03 00:00:00,4,-66.8,-64.49272133128758,3.6037479111959896,3.7455654751824308
2021-05-03 00:00:00,8,-59.7,-65.23765523006409,3.6037479111959896,3.5249604502840537
2021-05-03 03:00:00,1,-62.7,-68.01854552102677,3.6037479111959896,3.529547457037069
2021-05-03 03:00:00,2,-64.75,-68.30819844690774,3.6037479111959896,3.57333440588061
2021-05-03 03:00:00,4,-66.9,-68.88999435009016,3.6037479111959896,3.716306930344604
2021-05-03 03:00:00,8,-57.55,-69.16430204589221,3.6037479111959896,3.7027557449112964
2021-05-03 06:00:00,1,-64.75,-69.94209151030067,3.6037479111959896,3.4093477664105993
2021-05-03 06:00:00,2,-66.8,-70.1867275343443,3.6037479111959896,3.502647056272553
2021-05-03 06:00:00,4,-64.6,-70.58472795805655,3.6037479111959896,3.6811634327522853
2021-05-03 06:00:00,8,-55.4,-70.6206103483463,3.6037479111959896,3.6758684875662877
2021-05-03 09:00:00,1,-66.8,-71.23243673278,3.6037479111959896,3.3340660585324287
2021-05-03 09:00:00,2,-66.9,-71.47100181548431,3.6037479111959896,3.4546205415053635
2021-05-03 09:00:00,4,-62.4,-71.77682710658043,3.6037479111959896,3.6510149811045007
2021-05-03 09:00:00,8,-58.2,-71.67703483750103,3.6037479111959896,3.680150602977835
2021-05-03 12:00:00,1,-66.9,-71.40075873299509,3.6037479111959896,3.4634544257090054
2021-05-03 12:00:00,2,-64.6,-71.61709924217067,3.6037479111959896,3.5346156249164
2021-05-03 12:00:00,4,-59.7,-71.92801415225811,3.6037479111959896,3.619476879444588
2021-05-03 12:00:00,8,-59.775000000000006,-71.84006691944963,3.6037479111959896,3.680426081585892
2021-05-03 15:00:00,1,-64.6,-70.82277572105023,3.6037479111959896,3.555930085720222
2021-05-03 15:00:00,2,-62.4,-71.01095328753985,3.6037479111959896,3.571786148386726
2021-05-03 15:00:00,4,-57.55,-71.26916499123169,3.6037479111959896,3.6141752625735366
2021-05-03 15:00:00,8,-61.35,-71.16360295022666,3.6037479111959896,3.6400791162075463
2021-05-03 18:00:00,1,-62.4,-67.60356144798497,3.6037479111959896,3.628524790771571
2021-05-03 18:00:00,2,-59.7,-67.87393809038714,3.6037479111959896,3.65344869317496
2021-05-03 18:00:00,4,-55.4,-68.40434786298314,3.6037479111959896,3.651996165363828
2021-05-03 18:00:00,8,-62.925,-68.63037334646245,3.6037479111959896,3.6075265984984157
2021-05-03 21:00:00,1,-59.7,-64.29175415172955,3.6037479111959896,3.6282887557520764
2021-05-03 21:00:00,2,-57.55,-64.69045922540973,3.6037479111959896,3.605703195647476
2021-05-03 21:00:00,4,-58.2,-65.44028748740936,3.6037479111959896,3.5348024854180813
2021-05-03 21:00:00,8,-64.5,-65.8870975301688,3.6037479111959896,3.6685486959638345
2021-05-04 00:00:00,1,-57.55,-61.734547716029624,3.6037479111959896,3.6462083086211954
2021-05-04 00:00:00,2,-55.4,-62.2648746310118,3.6037479111959896,3.5864342494872363
2021-05-04 00:00:00,4,-59.775000000000006,-63.27808058879951,3.6037479111959896,3.511079912885752
2021-05-04 00:00:00,8,-66.4,-63.954613726117486,3.6037479111959896,3.841982921352204
2021-05-04 03:00:00,1,-55.4,-58.35253624433842,3.6037479111959896,3.4834449402681966
2021-05-04 03:00:00,2,-58.2,-59.03823055174061,3.6037479111959896,3.393880267747074
2021-05-04 03:00:00,4,-61.35,-60.58197885430643,3.6037479111959896,3.4905369481459583
2021-05-04 03:00:00,8,-68.2,-61.772850269143824,3.6037479111959896,3.9422613469776384
2021-05-04 06:00:00,1,-58.2,-59.61144600863652,3.6037479111959896,3.4540880730548245
2021-05-04 06:00:00,2,-59.775000000000006,-60.17851703309215,3.6037479111959896,3.5042200543208044
2021-05-04 06:00:00,4,-62.925,-61.51498944943398,3.6037479111959896,3.702684722457811
2021-05-04 06:00:00,8,-67.8,-62.51781875196783,3.6037479111959896,3.9358329618146506
2021-05-04 09:00:00,1,-59.775000000000006,-63.789969162953916,3.6037479111959896,3.381133030360342
2021-05-04 09:00:00,2,-61.35,-64.13642494586199,3.6037479111959896,3.5915177935677858
2021-05-04 09:00:00,4,-64.5,-64.99340539455095,3.6037479111959896,3.856498401884072
2021-05-04 09:00:00,8,-67.3,-65.52416965363388,3.6037479111959896,3.849324227639328
2021-05-04 12:00:00,1,-61.35,-66.99130132195546,3.6037479111959896,3.3133927126707245
2021-05-04 12:00:00,2,-62.925,-67.21487566106777,3.6037479111959896,3.452746604472524
2021-05-04 12:00:00,4,-66.4,-67.72600338617703,3.6037479111959896,3.795489834409323
2021-05-04 12:00:00,8,-69.1,-67.88011566587295,3.6037479111959896,3.770734563677821
2021-05-04 15:00:00,1,-62.925,-66.80509504617369,3.6037479111959896,3.493149489368957
2021-05-04 15:00:00,2,-64.5,-67.0073540840063,3.6037479111959896,3.5529761155159267
2021-05-04 15:00:00,4,-68.2,-67.47767983806803,3.6037479111959896,3.803098954531464
2021-05-04 15:00:00,8,-70.7,-67.66543230897372,3.6037479111959896,3.6561634224851245
2021-05-04 18:00:00,1,-64.5,-67.90249010360753,3.6037479111959896,3.5875134295361275
2021-05-04 18:00:00,2,-66.4,-68.0809005586806,3.6037479111959896,3.6199015278660327
2021-05-04 18:00:00,4,-67.8,-68.43404114977125,3.6037479111959896,3.78889914267846
2021-05-04 18:00:00,8,-71.30000000000001,-68.56050204248392,3.6037479111959896,3.5702308259716053
2021-05-04 21:00:00,1,-66.4,-66.36261233235847,3.6037479111959896,3.7054895894989195
2021-05-04 21:00:00,2,-68.2,-66.53250934773706,3.6037479111959896,3.7134204434681557
2021-05-04 21:00:00,4,-67.3,-66.89295149585747,3.6037479111959896,3.782296520561736
2021-05-04 21:00:00,8,-71.9,-67.12987239530325,3.6037479111959896,3.6097690444889508
2021-05-05 00:00:00,1,-68.2,-67.08892920606175,3.6037479111959896,3.6632234849218617
2021-05-05 00:00:00,2,-67.8,-67.10581198525273,3.6037479111959896,3.630524423417237
2021-05-05 00:00:00,4,-69.1,-67.12284030564363,3.6037479111959896,3.6724493789438397
2021-05-05 00:00:00,8,-71.8,-67.08668844798373,3.6037479111959896,3.7980366318747034
2021-05-05 03:00:00,1,-67.8,-67.18923447184581,3.6037479111959896,3.618327909970918
2021-05-05 03:00:00,2,-67.3,-67.15785521274177,3.6037479111959896,3.5925700136106387
2021-05-05 03:00:00,4,-70.7,-67.11685150141713,3.6037479111959896,3.648364189331525
2021-05-05 03:00:00,8,-71.7,-67.01343943536541,3.6037479111959896,3.9001774773783584
2021-05-05 06:00:00,1,-67.3,-65.6431113980179,3.6037479111959896,3.5679769294766515
2021-05-05 06:00:00,2,-69.1,-65.66960566041166,3.6037479111959896,3.5445805363597795
2021-05-05 06:00:00,4,-71.30000000000001,-65.84054163821743,3.6037479111959896,3.6617629257615887
2021-05-05 06:00:00,8,-73.0,-65.89563978990286,3.6037479111959896,3.8789452562567392
2021-05-05 09:00:00,1,-69.1,-65.12535362280128,3.6037479111959896,3.4958626057442737
2021-05-05 09:00:00,2,-70.7,-65.23674451681309,3.6037479111959896,3.5061652270877706
2021-05-05 09:00:00,4,-71.9,-65.54049620606081,3.6037479111959896,3.7109624240696317
2021-05-05 09:00:00,8,-72.8,-65.6866599188382,3.6037479111959896,3.766398008382634
2021-05-05 12:00:00,1,-70.7,-67.23059555166135,3.6037479111959896,3.4123034361950033
2021-05-05 12:00:00,2,-71.30000000000001,-67.24573039545129,3.6037479111959896,3.489292968811699
2021-05-05 12:00:00,4,-71.8,-67.27601017004501,3.6037479111959896,3.7580857686369953
2021-05-05 12:00:00,8,-72.0,-67.1980894290094,3.6037479111959896,3.8112492609503494
2021-05-05 15:00:00,1,-71.30000000000001,-68.38573876342079,3.6037479111959896,3.461373459823861
2021-05-05 15:00:00,2,-71.9,-68.31753613973444,3.6037479111959896,3.531528374306479
2021-05-05 15:00:00,4,-71.7,-68.15441903866906,3.6037479111959896,3.7315073883154355
2021-05-05 15:00:00,8,-74.0,-67.93604671670249,3.6037479111959896,3.88588748780429
2021-05-05 18:00:00,1,-71.9,-69.43735174696621,3.6037479111959896,3.512431992179947
2021-05-05 18:00:00,2,-71.8,-69.33536050886622,3.6037479111959896,3.544265094291597
2021-05-05 18:00:00,4,-73.0,-69.13873002476527,3.6037479111959896,3.6913648524315814
2021-05-05 18:00:00,8,-73.1,-68.8675622722764,3.6037479111959896,3.7646206074999706
2021-05-05 21:00:00,1,-71.8,-69.24520422002327,3.6037479111959896,3.5328648241286937
2021-05-05 21:00:00,2,-71.7,-69.11424307812884,3.6037479111959896,3.5463462068071823
2021-05-05 21:00:00,4,-72.8,-68.89689674957162,3.6037479111959896,3.693244281440929
2021-05-05 21:00:00,8,-72.8,-68.68081417975037,3.6037479111959896,3.7540424608932765
2021-05-06 00:00:00,1,-71.7,-69.2220444362099,3.6037479111959896,3.49026316245299
2021-05-06 00:00:00,2,-73.0,-69.11153111240355,3.6037479111959896,3.5200870676152247
2021-05-06 00:00:00,4,-72.0,-68.95151360659592,3.6037479111959896,3.714820137665476
2021-05-06 00:00:00,8,-71.5,-68.77427180412819,3.6037479111959896,3.7365963843823735
2021-05-06 03:00:00,1,-73.0,-68.89227689722557,3.6037479111959896,3.435580072231899
2021-05-06 03:00:00,2,-72.8,-68.82058272574307,3.6037479111959896,3.484430036894284
2021-05-06 03:00:00,4,-74.0,-68.74953268214536,3.6037479111959896,3.7296692824303004
2021-05-06 03:00:00,8,-72.0,-68.62357758112746,3.6037479111959896,3.7313114500564675
2021-05-06 06:00:00,1,-72.8,-69.26953121543998,3.6037479111959896,3.3506021331979703
2021-05-06 06:00:00,2,-72.0,-69.19152401428559,3.6037479111959896,3.434171086996651
2021-05-06 06:00:00,4,-73.1,-69.09951747890106,3.6037479111959896,3.720837970924392
2021-05-06 06:00:00,8,-72.1,-68.90923316751751,3.6037479111959896,3.7204370299792093
2021-05-06 09:00:00,1,-72.0,-68.949757025183,3.6037479111959896,3.3338813574972384
2021-05-06 09:00:00,2,-74.0,-68.89367466914562,3.6037479111959896,3.3947141417336035
2021-05-06 09:00:00,4,-72.8,-68.8725279650975,3.6037479111959896,3.6997297191754104
2021-05-06 09:00:00,8,-71.8,-68.71805831691069,3.6037479111959896,3.7142408007940557
2021-05-06 12:00:00,1,-74.0,-70.32751775074041,3.6037479111959896,3.3882331429024655
2021-05-06 12:00:00,2,-73.1,-70.40383897957888,3.6037479111959896,3.415272262728955
2021-05-06 12:00:00,4,-71.5,-70.65632702340841,3.6037479111959896,3.6718246266259063
2021-05-06 12:00:00,8,-70.5,-70.67523585138248,3.6037479111959896,3.666851961818647
2021-05-06 15:00:00,1,-73.1,-72.2040496094335,3.6037479111959896,3.411951176556151
2021-05-06 15:00:00,2,-72.8,-72.25396015399298,3.6037479111959896,3.465647417250886
2021-05-06 15:00:00,4,-72.0,-72.36660327872491,3.6037479111959896,3.624743924856722
2021-05-06 15:00:00,8,-70.9,-72.22812298850184,3.6037479111959896,3.6240426781038546
2021-05-06 18:00:00,1,-72.8,-71.74806038406508,3.6037479111959896,3.441825422614705
2021-05-06 18:00:00,2,-71.5,-71.79933988050503,3.6037479111959896,3.4748669861688515
2021-05-06 18:00:00,4,-72.1,-72.01080836198815,3.6037479111959896,3.6137609582631853
2021-05-06 18:00:00,8,-71.5,-71.99614760784945,3.6037479111959896,3.6863226514703045
2021-05-06 21:00:00,1,-71.5,-71.40316232429677,3.6037479111959896,3.4575778108945756
2021-05-06 21:00:00,2,-72.0,-71.48865120772835,3.6037479111959896,3.4869570659102433
2021-05-06 21:00:00,4,-71.8,-71.77725940717426,3.6037479111959896,3.6284590070238325
2021-05-06 21:00:00,8,-69.7,-71.8606703657515,3.6037479111959896,3.705995317889081
2021-05-07 00:00:00,1,-72.0,-71.39392550160863,3.6037479111959896,3.441947285841012
2021-05-07 00:00:00,2,-72.1,-71.53050655122283,3.6037479111959896,3.530606175474455
2021-05-07 00:00:00,4,-70.5,-71.95233970667284,3.6037479111959896,3.6404261571357117
2021-05-07 00:00:00,8,-69.5,-72.19098836749195,3.6037479111959896,3.680219039403547
2021-05-07 03:00:00,1,-72.1,-72.31664806310407,3.6037479111959896,3.2696065169744473
2021-05-07 03:00:00,2,-71.8,-72.44618261303886,3.6037479111959896,3.34070705783451
2021-05-07 03:00:00,4,-70.9,-72.78981259106529,3.6037479111959896,3.6407000627990405
2021-05-07 03:00:00,8,-70.0,-72.84318874538529,3.6037479111959896,3.6627075857111278
2021-05-07 06:00:00,1,-71.8,-72.39705885556015,3.6037479111959896,3.2451307505231033
2021-05-07 06:00:00,2,-70.5,-72.55462809900472,3.6037479111959896,3.337547625057618
2021-05-07 06:00:00,4,-71.5,-72.96819854910468,3.6037479111959896,3.657727016190108
2021-05-07 06:00:00,8,-71.8,-73.05114838704851,3.6037479111959896,3.6865544542020765
2021-05-07 09:00:00,1,-70.5,-71.06797373586585,3.6037479111959896,3.2854173841400987
2021-05-07 09:00:00,2,-70.9,-71.23821659171949,3.6037479111959896,3.3174368868670476
2021-05-07 09:00:00,4,-69.7,-71.71517671889453,3.6037479111959896,3.6093555133209234
2021-05-07 09:00:00,8,-70.0,-71.86089804406424,3.6037479111959896,3.664691315618992
2021-05-07 12:00:00,1,-70.9,-69.97918146024918,3.6037479111959896,3.3681881484695135
2021-05-07 12:00:00,2,-71.5,-70.1272631466612,3.6037479111959896,3.3561014678883394
2021-05-07 12:00:00,4,-69.5,-70.58422360736375,3.6037479111959896,3.605386920451789
2021-05-07 12:00:00,8,-70.3,-70.74969530566351,3.6037479111959896,3.645273799497168
2021-05-07 15:00:00,1,-71.5,-70.55039464489468,3.6037479111959896,3.428972371369909
2021-05-07 15:00:00,2,-69.7,-70.64214035892094,3.6037479111959896,3.4254766750022467
2021-05-07 15:00:00,4,-70.0,-70.94239761836855,3.6037479111959896,3.5980479602517175
2021-05-07 15:00:00,8,-67.9,-70.9931093600286,3.6037479111959896,3.5757933054783426
2021-05-07 18:00:00,1,-69.7,-70.60418580778477,3.6037479111959896,3.404779081797658
2021-05-07 18:00:00,2,-69.5,-70.66447588960209,3.6037479111959896,3.406140092218699
2021-05-07 18:00:00,4,-71.8,-70.93383662560876,3.6037479111959896,3.579274851591908
2021-05-07 18:00:00,8,-68.0,-71.03922142337031,3.6037479111959896,3.529392848567334
2021-05-07 21:00:00,1,-69.5,-68.79713185952984,3.6037479111959896,3.4432618943925744
2021-05-07 21:00:00,2,-70.0,-68.89077249115905,3.6037479111959896,3.4104863251229762
2021-05-07 21:00:00,4,-70.0,-69.25463990098457,3.6037479111959896,3.583347192162896
2021-05-07 21:00:00,8,-70.05,-69.50697808060825,3.6037479111959896,3.54029407535517
2021-05-08 00:00:00,1,-70.0,-69.6291260543965,3.6037479111959896,3.3954954553721426
2021-05-08 00:00:00,2,-71.8,-69.74353728855718,3.6037479111959896,3.4110014511913858
2021-05-08 00:00:00,4,-70.3,-70.06825123359965,3.6037479111959896,3.5983118550549547
2021-05-08 00:00:00,8,-72.1,-70.19974554622647,3.6037479111959896,3.5463172939502736
2021-05-08 03:00:00,1,-71.8,-70.06805958033638,3.6037479111959896,3.335206950001817
2021-05-08 03:00:00,2,-70.0,-70.21309354756191,3.6037479111959896,3.4062392943768893
2021-05-08 03:00:00,4,-67.9,-70.59802120131678,3.6037479111959896,3.6121911327644702
2021-05-08 03:00:00,8,-72.5,-70.74769807692002,3.6037479111959896,3.5890894201783743
2021-05-08 06:00:00,1,-70.0,-71.06123416960806,3.6037479111959896,3.268527370250656
2021-05-08 06:00:00,2,-70.3,-71.19143878546329,3.6037479111959896,3.4028470657802394
2021-05-08 06:00:00,4,-68.0,-71.51072447604923,3.6037479111959896,3.637401531054033
2021-05-08 06:00:00,8,-73.6,-71.53029472393186,3.6037479111959896,3.593651932982764
2021-05-08 09:00:00,1,-70.3,-69.50394477144155,3.6037479111959896,3.3045335147209927
2021-05-08 09:00:00,2,-67.9,-69.68739441043667,3.6037479111959896,3.3928899524103
2021-05-08 09:00:00,4,-70.05,-70.22297449813485,3.6037479111959896,3.650052285610749
2021-05-08 09:00:00,8,-74.0,-70.44237281351077,3.6037479111959896,3.599192790747946
2021-05-08 12:00:00,1,-67.9,-70.3734367198169,3.6037479111959896,3.3330380458423403
2021-05-08 12:00:00,2,-68.0,-70.56743737530539,3.6037479111959896,3.4136541558251117
2021-05-08 12:00:00,4,-72.1,-71.07841955921472,3.6037479111959896,3.627947080165039
2021-05-08 12:00:00,8,-72.8,-71.2432528936376,3.6037479111959896,3.5832437048133876
2021-05-08 15:00:00,1,-68.0,-68.50685786179572,3.6037479111959896,3.3825170084404212
2021-05-08 15:00:00,2,-70.05,-68.71984660036715,3.6037479111959896,3.414805151464872
2021-05-08 15:00:00,4,-72.5,-69.34157699140547,3.6037479111959896,3.6283940230784983
2021-05-08 15:00:00,8,-70.5,-69.71349383828809,3.6037479111959896,3.6145642331427372
2021-05-08 18:00:00,1,-70.05,-68.43078736730169,3.6037479111959896,3.4270940354238464
2021-05-08 18:00:00,2,-72.1,-68.56893622706951,3.6037479111959896,3.458535654253743
2021-05-08 18:00:00,4,-73.6,-68.9760192862581,3.6037479111959896,3.6227360475812733
2021-05-08 18:00:00,8,-69.9,-69.1615497321115,3.6037479111959896,3.5960733347612197
2021-05-08 21:00:00,1,-72.1,-71.3707066367141,3.6037479111959896,3.303960696239166
2021-05-08 21:00:00,2,-72.5,-71.44743278710878,3.6037479111959896,3.3948657576093435
2021-05-08 21:00:00,4,-74.0,-71.60820393695164,3.6037479111959896,3.642125284023092
2021-05-08 21:00:00,8,-69.9,-71.55457848928918,3.6037479111959896,3.5302055544502347
2021-05-09 00:00:00,1,-72.5,-71.78907130039963,3.6037479111959896,3.2877674168840274
2021-05-09 00:00:00,2,-73.6,-71.78739397409558,3.6037479111959896,3.415864623049522
2021-05-09 00:00:00,4,-72.8,-71.81143853312432,3.6037479111959896,3.6196089801416678
2021-05-09 00:00:00,8,-70.2,-71.65003046040654,3.6037479111959896,3.6068030172634136
2021-05-09 03:00:00,1,-73.6,-71.03929779647521,3.6037479111959896,3.2537055920580924
2021-05-09 03:00:00,2,-74.0,-71.01625041081624,3.6037479111959896,3.3844467050308675
2021-05-09 03:00:00,4,-70.5,-71.04799568442304,3.6037479111959896,3.6441610077522437
2021-05-09 03:00:00,8,-67.0,-70.9110673533318,3.6037479111959896,3.635082970534706
2021-05-09 06:00:00,1,-74.0,-70.62175306291599,3.6037479111959896,3.242683728407636
2021-05-09 06:00:00,2,-72.8,-70.60345954278714,3.6037479111959896,3.3757289921264237
2021-05-09 06:00:00,4,-69.9,-70.64577024290712,3.6037479111959896,3.6408903357909796
2021-05-09 06:00:00,8,-67.0,-70.49515095200933,3.6037479111959896,3.610507282103008
2021-05-09 09:00:00,1,-72.8,-70.7071972752862,3.6037479111959896,3.2350905643434564
2021-05-09 09:00:00,2,-70.5,-70.66587654352608,3.6037479111959896,3.3586330024578412
2021-05-09 09:00:00,4,-69.9,-70.65940500363648,3.6037479111959896,3.6362741695753136
2021-05-09 09:00:00,8,-67.7,-70.45315439032086,3.6037479111959896,3.6200827231006847
2021-05-09 12:00:00,1,-70.5,-71.21144565694567,3.6037479111959896,3.3378193179342954
2021-05-09 12:00:00,2,-69.9,-71.24906589562262,3.6037479111959896,3.2961513989053146
2021-05-09 12:00:00,4,-70.2,-71.44588226897892,3.6037479111959896,3.6220903937605122
2021-05-09 12:00:00,8,-66.9,-71.3523194514566,3.6037479111959896,3.737364048059882
2021-05-09 15:00:00,1,-69.9,-70.6081413582183,3.6037479111959896,3.586611092463806
2021-05-09 15:00:00,2,-69.9,-70.68614279536477,3.6037479111959896,3.5415569500212265
2021-05-09 15:00:00,4,-67.0,-70.99958234092018,3.6037479111959896,3.871092956213627
2021-05-09 15:00:00,8,-66.5,-71.04812969760714,3.6037479111959896,3.6455740719797527
2021-05-09 18:00:00,1,-69.9,-71.56637020848686,3.6037479111959896,3.88728127679386
2021-05-09 18:00:00,2,-70.2,-71.67635324356476,3.6037479111959896,3.873098460741943
2021-05-09 18:00:00,4,-67.0,-72.0631599639008,3.6037479111959896,4.0001770918857185
2021-05-09 18:00:00,8,-64.1,-72.19402599966459,3.6037479111959896,3.575405787883509
2021-05-09 21:00:00,1,-70.2,-72.5453062571998,3.6037479111959896,3.647555075894423
2021-05-09 21:00:00,2,-67.0,-72.73779818361582,3.6037479111959896,3.574950046727041
2021-05-09 21:00:00,4,-67.7,-73.21944300822598,3.6037479111959896,3.685588572828748
2021-05-09 21:00:00,8,-63.8,-73.4189756703135,3.6037479111959896,3.5775996458779944
2021-05-10 00:00:00,1,-67.0,-73.13309672861664,3.6037479111959896,3.462978729899118
2021-05-10 00:00:00,2,-67.0,-73.33444361219625,3.6037479111959896,3.417074137565184
2021-05-10 00:00:00,4,-66.9,-73.80221014674254,3.6037479111959896,3.5746989954174095
2021-05-10 00:00:00,8,-65.1,-73.95393900916449,3.6037479111959896,3.649548483411377
2021-05-10 03:00:00,1,-67.0,-71.64898429296947,3.6037479111959896,3.3739388610554952
2021-05-10 03:00:00,2,-67.7,-71.95161632367918,3.6037479111959896,3.3057514005018174
2021-05-10 03:00:00,4,-66.5,-72.7025094861416,3.6037479111959896,3.551966185025192
2021-05-10 03:00:00,8,-66.1,-73.10980004961522,3.6037479111959896,3.645262182367248
2021-05-10 06:00:00,1,-67.7,-72.20490700561126,3.6037479111959896,3.292901721757158
2021-05-10 06:00:00,2,-66.9,-72.3945961831773,3.6037479111959896,3.258672818209004
2021-05-10 06:00:00,4,-64.1,-72.87345843296518,3.6037479111959896,3.46947399187313
2021-05-10 06:00:00,8,-67.4,-72.88545909744985,3.6037479111959896,3.8477794359558617
2021-05-10 09:00:00,1,-66.9,-72.46238812129951,3.6037479111959896,3.271668994094017
2021-05-10 09:00:00,2,-66.5,-72.68567281901396,3.6037479111959896,3.2911145899452454
2021-05-10 09:00:00,4,-63.8,-73.2119670899567,3.6037479111959896,3.577567260129084
2021-05-10 09:00:00,8,-69.0,-73.30161182309695,3.6037479111959896,3.6784162514595735
2021-05-10 12:00:00,1,-66.5,-72.07683795468954,3.6037479111959896,3.384350768732494
2021-05-10 12:00:00,2,-64.1,-72.30157374139726,3.6037479111959896,3.346026037082751
2021-05-10 12:00:00,4,-65.1,-72.87633323191413,3.6037479111959896,3.6477553730764933
2021-05-10 12:00:00,8,-68.2,-73.03472672849094,3.6037479111959896,3.643576825411259
2021-05-10 15:00:00,1,-64.1,-69.95316705151455,3.6037479111959896,3.464809917493458
2021-05-10 15:00:00,2,-63.8,-70.175541035978,3.6037479111959896,3.4040632186558555
2021-05-10 15:00:00,4,-66.1,-70.69324261211742,3.6037479111959896,3.6720035690837864
2021-05-10 15:00:00,8,-65.6,-70.85108132293215,3.6037479111959896,3.624475637805282
2021-05-10 18:00:00,1,-63.8,-67.37769159271944,3.6037479111959896,3.657748130973576
2021-05-10 18:00:00,2,-65.1,-67.63244200965669,3.6037479111959896,3.5579625902446974
2021-05-10 18:00:00,4,-67.4,-68.23780117720672,3.6037479111959896,3.7295600560819784
2021-05-10 18:00:00,8,-69.1,-68.5504438486675,3.6037479111959896,3.710463000788423
2021-05-10 21:00:00,1,-65.1,-68.9487137397499,3.6037479111959896,3.8333347112766774
2021-05-10 21:00:00,2,-66.1,-69.23446010926465,3.6037479111959896,3.698391169871885
2021-05-10 21:00:00,4,-69.0,-69.81720995575745,3.6037479111959896,3.6867231458591445
2021-05-10 21:00:00,8,-68.94999999999999,-70.06132289608256,3.6037479111959896,3.711959137825639
2021-05-11 00:00:00,1,-66.1,-68.62468282964568,3.6037479111959896,3.5226835661350013
2021-05-11 00:00:00,2,-67.4,-68.76354066238738,3.6037479111959896,3.4520242762612883
2021-05-11 00:00:00,4,-68.2,-69.06674621188489,3.6037479111959896,3.5585108214676175
2021-05-11 00:00:00,8,-68.8,-69.17080672882736,3.6037479111959896,3.7511243018416254
2021-05-11 03:00:00,1,-67.4,-68.46036537393144,3.6037479111959896,3.4152373513540155
2021-05-11 03:00:00,2,-69.0,-68.54568421912946,3.6037479111959896,3.4165804728612845
2021-05-11 03:00:00,4,-65.6,-68.74923007172968,3.6037479111959896,3.615030084718034
2021-05-11 03:00:00,8,-69.5,-68.75799712777253,3.6037479111959896,3.770608981370335
2021-05-11 06:00:00,1,-69.0,-68.29128540667519,3.6037479111959896,3.333048656554235
2021-05-11 06:00:00,2,-68.2,-68.3531231246184,3.6037479111959896,3.384132009444929
2021-05-11 06:00:00,4,-69.1,-68.54075166935387,3.6037479111959896,3.6657632974462464
2021-05-11 06:00:00,8,-69.1,-68.52301869899502,3.6037479111959896,3.757820914070873
2021-05-11 09:00:00,1,-68.2,-69.21431490159225,3.6037479111959896,3.289645619529689
2021-05-11 09:00:00,2,-65.6,-69.23170779548394,3.6037479111959896,3.3738629464773044
2021-05-11 09:00:00,4,-68.94999999999999,-69.3280776848622,3.6037479111959896,3.6773017401394803
2021-05-11 09:00:00,8,-66.9,-69.22459645071547,3.6037479111959896,3.722449946009804
2021-05-11 12:00:00,1,-65.6,-68.39577101920158,3.6037479111959896,3.348774851305371
2021-05-11 12:00:00,2,-69.1,-68.41097359008455,3.6037479111959896,3.366819673226034
2021-05-11 12:00:00,4,-68.8,-68.56812638395708,3.6037479111959896,3.6492462847380027
2021-05-11 12:00:00,8,-66.5,-68.56729492581495,3.6037479111959896,3.6584460318863865
2021-05-11 15:00:00,1,-69.1,-67.79411234473471,3.6037479111959896,3.488704307577251
2021-05-11 15:00:00,2,-68.94999999999999,-67.91573147079652,3.6037479111959896,3.4121507672460982
2021-05-11 15:00:00,4,-69.5,-68.31090464862511,3.6037479111959896,3.7677428361350316
2021-05-11 15:00:00,8,-64.2,-68.52407927645189,3.6037479111959896,3.6545634710958543
2021-05-11 18:00:00,1,-68.94999999999999,-72.28368658382661,3.6037479111959896,3.4516569403471187
2021-05-11 18:00:00,2,-68.8,-72.32745845995373,3.6037479111959896,3.4980801045648207
2021-05-11 18:00:00,4,-69.1,-72.33169644677524,3.6037479111959896,3.702506073260812
2021-05-11 18:00:00,8,-63.1,-72.08579810499762,3.6037479111959896,3.598101180436691
2021-05-11 21:00:00,1,-68.8,-72.03859952616342,3.6037479111959896,3.457020161998347
2021-05-11 21:00:00,2,-69.5,-72.05813518999854,3.6037479111959896,3.4653578887805967
2021-05-11 21:00:00,4,-66.9,-72.0249907034697,3.6037479111959896,3.613925404302491
2021-05-11 21:00:00,8,-63.2,-71.76893041573315,3.6037479111959896,3.617735276384529
2021-05-12 00:00:00,1,-69.5,-70.49923907462497,3.6037479111959896,3.487045450740918
2021-05-12 00:00:00,2,-69.1,-70.61223668584384,3.6037479111959896,3.450774824945581
2021-05-12 00:00:00,4,-66.5,-70.87969097623173,3.6037479111959896,3.6595489394065996
2021-05-12 00:00:00,8,-63.5,-70.98870853998342,3.6037479111959896,3.7523089691625993
2021-05-12 03:00:00,1,-69.1,-70.99784305153102,3.6037479111959896,3.3748301075344798
2021-05-12 03:00:00,2,-66.9,-71.12164529559163,3.6037479111959896,3.3945288008564902
2021-05-12 03:00:00,4,-64.2,-71.36980456947498,3.6037479111959896,3.669302209803811
2021-05-12 03:00:00,8,-61.8,-71.38858082526693,3.6037479111959896,3.7583777631646975
2021-05-12 06:00:00,1,-66.9,-70.82576147715162,3.6037479111959896,3.339219132101976
2021-05-12 06:00:00,2,-66.5,-70.98673580827358,3.6037479111959896,3.357486512371624
2021-05-12 06:00:00,4,-63.1,-71.37229462089543,3.6037479111959896,3.6723219570908245
2021-05-12 06:00:00,8,-63.2,-71.47525997633352,3.6037479111959896,3.7626409099292273
2021-05-12 09:00:00,1,-66.5,-67.06829982172424,3.6037479111959896,3.3773516712340106
2021-05-12 09:00:00,2,-64.2,-67.19153575200696,3.6037479111959896,3.3093793042068795
2021-05-12 09:00:00,4,-63.2,-67.61923090350928,3.6037479111959896,3.562247338339158
2021-05-12 09:00:00,8,-63.6,-67.83050484972519,3.6037479111959896,3.8085173492185365
2021-05-12 12:00:00,1,-64.2,-67.67462734260445,3.6037479111959896,3.471416605272403
2021-05-12 12:00:00,2,-63.1,-67.80143839879813,3.6037479111959896,3.420876211573782
2021-05-12 12:00:00,4,-63.5,-68.1541711863286,3.6037479111959896,3.53963311864841
2021-05-12 12:00:00,8,-64.4,-68.2302935568939,3.6037479111959896,3.7266757286720216
2021-05-12 15:00:00,1,-63.1,-65.5144039832193,3.6037479111959896,3.5446738133151596
2021-05-12 15:00:00,2,-63.2,-65.66571063206128,3.6037479111959896,3.4815100116370234
2021-05-12 15:00:00,4,-61.8,-66.16703666170646,3.6037479111959896,3.6380971458649713
2021-05-12 15:00:00,8,-67.6,-66.49593815850115,3.6037479111959896,3.718192811093345
2021-05-12 18:00:00,1,-63.2,-65.01665019748111,3.6037479111959896,3.797011685093831
2021-05-12 18:00:00,2,-63.5,-65.18915542644247,3.6037479111959896,3.7469862841632193
2021-05-12 18:00:00,4,-63.2,-65.66206777905728,3.6037479111959896,3.742228419621625
2021-05-12 18:00:00,8,-67.7,-65.93594173326352,3.6037479111959896,3.7305573430297083
2021-05-12 21:00:00,1,-63.5,-66.53598360350946,3.6037479111959896,3.739029823187011
2021-05-12 21:00:00,2,-61.8,-66.67327506709952,3.6037479111959896,3.6471842275146953
2021-05-12 21:00:00,4,-63.6,-67.11309048625083,3.6037479111959896,3.6263690566916815
2021-05-12 21:00:00,8,-70.8,-67.46317327114112,3.6037479111959896,3.6327736344031067
2021-05-13 00:00:00,1,-61.8,-66.94064289736865,3.6037479111959896,3.5824504670374435
2021-05-13 00:00:00,2,-63.2,-67.0702855224519,3.6037479111959896,3.5336191644311543
2021-05-13 00:00:00,4,-64.4,-67.47605438783523,3.6037479111959896,3.6398890231711487
2021-05-13 00:00:00,8,-73.0,-67.81510342056905,3.6037479111959896,3.6549027072855593
2021-05-13 03:00:00,1,-63.2,-67.25697597489875,3.6037479111959896,3.5521722407845715
2021-05-13 03:00:00,2,-63.6,-67.56951201221305,3.6037479111959896,3.509916700264268
2021-05-13 03:00:00,4,-67.6,-68.40608427036835,3.6037479111959896,3.72839983605449
2021-05-13 03:00:00,8,-75.2,-69.02184170820195,3.6037479111959896,3.7369092137627025
2021-05-13 06:00:00,1,-63.6,-68.75972056613992,3.6037479111959896,3.410429739102885
2021-05-13 06:00:00,2,-64.4,-69.00792883409056,3.6037479111959896,3.4580169557345948
2021-05-13 06:00:00,4,-67.7,-69.64756367472329,3.6037479111959896,3.7225128238088074
2021-05-13 06:00:00,8,-74.6,-69.99214039105019,3.6037479111959896,3.750784425809997
2021-05-13 09:00:00,1,-64.4,-69.09298541692831,3.6037479111959896,3.3884721238608146
2021-05-13 09:00:00,2,-67.6,-69.36919235333924,3.6037479111959896,3.410488111348345
2021-05-13 09:00:00,4,-70.8,-70.04311583607247,3.6037479111959896,3.6946220743824165
2021-05-13 09:00:00,8,-75.0,-70.39149679762507,3.6037479111959896,3.729227338281867
2021-05-13 12:00:00,1,-67.6,-69.82410370922705,3.6037479111959896,3.4115943580435957
2021-05-13 12:00:00,2,-67.7,-70.11427107281467,3.6037479111959896,3.4061542220611716
2021-05-13 12:00:00,4,-73.0,-70.74598040256055,3.6037479111959896,3.6799119352754275
2021-05-13 12:00:00,8,-72.2,-71.03146883272098,3.6037479111959896,3.733586168074009
2021-05-13 15:00:00,1,-67.7,-71.88464143367929,3.6037479111959896,3.4187994046611387
2021-05-13 15:00:00,2,-70.8,-72.13074439773798,3.6037479111959896,3.4511703805545757
2021-05-13 15:00:00,4,-75.2,-72.53298136726974,3.6037479111959896,3.6518477353676646
2021-05-13 15:00:00,8,-72.5,-72.57739881228365,3.6037479111959896,3.712947893547725
2021-05-13 18:00:00,1,-70.8,-71.38440624253252,3.6037479111959896,3.6502687787915025
2021-05-13 18:00:00,2,-73.0,-71.57534188681078,3.6037479111959896,3.616902962012688
2021-05-13 18:00:00,4,-74.6,-71.96533610352532,3.6037479111959896,3.6769479875361406
2021-05-13 18:00:00,8,-72.9,-72.07733365937045,3.6037479111959896,3.6944148455795105
2021-05-13 21:00:00,1,-73.0,-71.53832542796322,3.6037479111959896,3.5566515874689735
2021-05-13 21:00:00,2,-75.2,-71.51859811086484,3.6037479111959896,3.517924588535061
2021-05-13 21:00:00,4,-75.0,-71.39568784702948,3.6037479111959896,3.577719462526587
2021-05-13 21:00:00,8,-72.8,-71.17162644924812,3.6037479111959896,3.729091985055011
2021-05-14 00:00:00,1,-75.2,-75.79732349932476,3.6037479111959896,3.359879561154854
2021-05-14 00:00:00,2,-74.6,-75.69515934098723,3.6037479111959896,3.4098052400557126
2021-05-14 00:00:00,4,-72.2,-75.26108055071604,3.6037479111959896,3.522888448850855
2021-05-14 00:00:00,8,-74.0,-74.51342243769744,3.6037479111959896,3.7629596311872664
2021-05-14 03:00:00,1,-74.6,-74.4779867580213,3.6037479111959896,3.3538486911167507
2021-05-14 03:00:00,2,-75.0,-74.23847205501256,3.6037479111959896,3.398852026111609
2021-05-14 03:00:00,4,-72.5,-73.7036326423318,3.6037479111959896,3.555978940317073
2021-05-14 03:00:00,8,-72.5,-72.99404724261167,3.6037479111959896,4.0853383722907495
2021-05-14 06:00:00,1,-75.0,-74.36140681588157,3.6037479111959896,3.382744978785674
2021-05-14 06:00:00,2,-72.2,-74.29349815659901,3.6037479111959896,3.4177775371195223
2021-05-14 06:00:00,4,-72.9,-74.27891377556523,3.6037479111959896,3.6705793476127404
2021-05-14 06:00:00,8,-71.4,-74.01352444101386,3.6037479111959896,3.824944330836157
2021-05-14 09:00:00,1,-72.2,-72.99845670866873,3.6037479111959896,3.345636693272428
2021-05-14 09:00:00,2,-72.5,-72.81531256209325,3.6037479111959896,3.356429786775228
2021-05-14 09:00:00,4,-72.8,-72.56737664351672,3.6037479111959896,3.7049664520764285
2021-05-14 09:00:00,8,-73.2,-72.15314765551216,3.6037479111959896,3.801170897535946
2021-05-14 12:00:00,1,-72.5,-71.36088476722232,3.6037479111959896,3.4068945324964597
2021-05-14 12:00:00,2,-72.9,-71.25950739596556,3.6037479111959896,3.5023370528607183
2021-05-14 12:00:00,4,-74.0,-71.2913276016753,3.6037479111959896,4.080697118939675
2021-05-14 12:00:00,8,-72.6,-71.1454434432819,3.6037479111959896,3.6944499835651317
2021-05-14 15:00:00,1,-72.9,-72.97647566447452,3.6037479111959896,3.4714996114319097
2021-05-14 15:00:00,2,-72.8,-72.83502402816985,3.6037479111959896,3.579225230517753
2021-05-14 15:00:00,4,-72.5,-72.63662399363817,3.6037479111959896,3.9533216811237333
2021-05-14 15:00:00,8,-71.7,-72.17682043603021,3.6037479111959896,3.685705230674408
2021-05-14 18:00:00,1,-72.8,-73.61477469627232,3.6037479111959896,3.4681521184497304
2021-05-14 18:00:00,2,-74.0,-73.54489186427794,3.6037479111959896,3.4687237238979107
2021-05-14 18:00:00,4,-71.4,-73.42267616339667,3.6037479111959896,3.6560979519933277
2021-05-14 18:00:00,8,-71.4,-73.08887093686599,3.6037479111959896,3.5355151360202273
2021-05-14 21:00:00,1,-74.0,-74.62598918932446,3.6037479111959896,3.492008064697966
2021-05-14 21:00:00,2,-72.5,-74.70098469634183,3.6037479111959896,3.4474629498304648
2021-05-14 21:00:00,4,-73.2,-74.86342452647689,3.6037479111959896,3.586384908343922
2021-05-14 21:00:00,8,-70.0,-74.71892084797979,3.6037479111959896,3.625603025944081
2021-05-15 00:00:00,1,-72.5,-74.85461712237861,3.6037479111959896,3.3888116933015215
2021-05-15 00:00:00,2,-71.4,-74.92951896426734,3.6037479111959896,3.3766601487453736
2021-05-15 00:00:00,4,-72.6,-75.00267287075502,3.6037479111959896,3.5286839637015075
2021-05-15 00:00:00,8,-71.9,-74.75382767992947,3.6037479111959896,3.686199561880311
2021-05-15 03:00:00,1,-71.4,-72.02622708316804,3.6037479111959896,3.4202620299776227
2021-05-15 03:00:00,2,-73.2,-71.99632196908897,3.6037479111959896,3.3005110151698207
2021-05-15 03:00:00,4,-71.7,-72.01079683397232,3.6037479111959896,3.4283715331438582
2021-05-15 03:00:00,8,-72.0,-71.79756024306045,3.6037479111959896,3.8822545453440824
2021-05-15 06:00:00,1,-73.2,-71.13206662190687,3.6037479111959896,3.3426933137849675
2021-05-15 06:00:00,2,-72.6,-71.15257496207809,3.6037479111959896,3.289278057004838
2021-05-15 06:00:00,4,-71.4,-71.30038862212194,3.6037479111959896,3.527334963646568
2021-05-15 06:00:00,8,-67.5,-71.15837787704926,3.6037479111959896,3.828912177223048
2021-05-15 09:00:00,1,-72.6,-72.4276657376032,3.6037479111959896,3.2427668545375035
2021-05-15 09:00:00,2,-71.7,-72.42203141986364,3.6037479111959896,3.315017991136125
2021-05-15 09:00:00,4,-70.0,-72.39292029787522,3.6037479111959896,3.599426219744607
2021-05-15 09:00:00,8,-66.45,-72.02363616160903,3.6037479111959896,3.6554153539665166
2021-05-15 12:00:00,1,-71.7,-71.41811704283928,3.6037479111959896,3.354104681206228
2021-05-15 12:00:00,2,-71.4,-71.42792017930533,3.6037479111959896,3.357059204607186
2021-05-15 12:00:00,4,-71.9,-71.49636489132423,3.6037479111959896,3.5860787706437076
2021-05-15 12:00:00,8,-65.4,-71.25845834652453,3.6037479111959896,3.6660996743423566
2021-05-15 15:00:00,1,-71.4,-71.852929303118,3.6037479111959896,3.511469389996475
2021-05-15 15:00:00,2,-70.0,-71.97379622614653,3.6037479111959896,3.460737990153712
2021-05-15 15:00:00,4,-72.0,-72.30222507429197,3.6037479111959896,3.655511123639389
2021-05-15 15:00:00,8,-63.0,-72.3149779418099,3.6037479111959896,3.652482198619788
2021-05-15 18:00:00,1,-70.0,-71.35979392872389,3.6037479111959896,3.611036977905213
2021-05-15 18:00:00,2,-71.9,-71.45756879503207,3.6037479111959896,3.566080691286777
2021-05-15 18:00:00,4,-67.5,-71.72824660684795,3.6037479111959896,3.6886745570848625
2021-05-15 18:00:00,8,-61.4,-71.74056573277008,3.6037479111959896,3.584197095939172
2021-05-15 21:00:00,1,-71.9,-69.11856464306516,3.6037479111959896,3.653869595855145
2021-05-15 21:00:00,2,-72.0,-69.21014464186378,3.6037479111959896,3.572499985362438
2021-05-15 21:00:00,4,-66.45,-69.54202324874795,3.6037479111959896,3.609775116322202
2021-05-15 21:00:00,8,-59.8,-69.71833560493896,3.6037479111959896,3.5959219188360807
2021-05-16 00:00:00,1,-72.0,-70.64709452372622,3.6037479111959896,3.549891470928839
2021-05-16 00:00:00,2,-67.5,-70.64054372872774,3.6037479111959896,3.5181880701070565
2021-05-16 00:00:00,4,-65.4,-70.67067940312353,3.6037479111959896,3.5892195680245838
2021-05-16 00:00:00,8,-55.7,-70.54233800282769,3.6037479111959896,3.6548160620251138
2021-05-16 03:00:00,1,-67.5,-70.59166926459146,3.6037479111959896,3.4241535885452006
2021-05-16 03:00:00,2,-66.45,-70.59075422833452,3.6037479111959896,3.4234727434186585
2021-05-16 03:00:00,4,-63.0,-70.66980327392002,3.6037479111959896,3.6243212292861475
2021-05-16 03:00:00,8,-55.0,-70.55683160073679,3.6037479111959896,3.6920884803217238
2021-05-16 06:00:00,1,-66.45,-65.35267744906406,3.6037479111959896,3.3499967894183764
2021-05-16 06:00:00,2,-65.4,-65.54181904587792,3.6037479111959896,3.304140758420412
2021-05-16 06:00:00,4,-61.4,-66.21636648246825,3.6037479111959896,3.668091962135945
2021-05-16 06:00:00,8,-56.8,-66.70260089838287,3.6037479111959896,3.7145537368147057
2021-05-16 09:00:00,1,-65.4,-63.81374425461251,3.6037479111959896,3.2648847501813583
2021-05-16 09:00:00,2,-63.0,-63.80463640160153,3.6037479111959896,3.318101922566069
2021-05-16 09:00:00,4,-59.8,-64.09956987923613,3.6037479111959896,3.756546668880638
2021-05-16 09:00:00,8,-54.4,-64.04043115800037,3.6037479111959896,4.107595486873081
2021-05-16 12:00:00,1,-63.0,-65.94109763834591,3.6037479111959896,3.558454402073027
2021-05-16 12:00:00,2,-61.4,-66.11537097673603,3.6037479111959896,3.4769790776975564
2021-05-16 12:00:00,4,-55.7,-66.66489564058915,3.6037479111959896,3.6339795564729704
2021-05-16 12:00:00,8,-53.6,-66.93232831594734,3.6037479111959896,3.708574107450626
2021-05-16 15:00:00,1,-61.4,-64.67225937040955,3.6037479111959896,3.9989055393635775
2021-05-16 15:00:00,2,-59.8,-64.95857493570617,3.6037479111959896,4.0621017130440205
2021-05-16 15:00:00,4,-55.0,-65.8091335590738,3.6037479111959896,4.057789551722158
2021-05-16 15:00:00,8,-53.2,-66.30112045489031,3.6037479111959896,3.6986368425103486
2021-05-16 18:00:00,1,-59.8,-60.354711227120845,3.6037479111959896,4.671512434542683
2021-05-16 18:00:00,2,-55.7,-60.58066538100218,3.6037479111959896,5.302105762753828
2021-05-16 18:00:00,4,-56.8,-61.48198618109913,3.6037479111959896,5.440598374006718
2021-05-16 18:00:00,8,-54.9,-62.02276828594306,3.6037479111959896,4.066727023667172
2021-05-16 21:00:00,1,-55.7,-59.234332908616096,3.6037479111959896,5.634750727526401
2021-05-16 21:00:00,2,-55.0,-59.4829641106477,3.6037479111959896,6.088732222062652
2021-05-16 21:00:00,4,-54.4,-60.47233373419269,3.6037479111959896,5.922540107468237
2021-05-16 21:00:00,8,-53.8,-61.28227267326319,3.6037479111959896,4.862742096797092
2021-05-17 00:00:00,1,-55.0,-53.417235776100846,3.6037479111959896,5.505714873259438
2021-05-17 00:00:00,2,-56.8,-53.72736579042263,3.6037479111959896,6.012318460531658
2021-05-17 00:00:00,4,-53.6,-55.092311415189116,3.6037479111959896,6.038369411157825
2021-05-17 00:00:00,8,-50.6,-56.32060673218376,3.6037479111959896,5.15301075755136
2021-05-17 03:00:00,1,-56.8,-53.123205221300296,3.6037479111959896,4.731028504081154
2021-05-17 03:00:00,2,-54.4,-53.282132744204425,3.6037479111959896,4.933701312572348
2021-05-17 03:00:00,4,-53.2,-54.26074627866184,3.6037479111959896,5.009892729034998
2021-05-17 03:00:00,8,-51.6,-54.8848629689781,3.6037479111959896,7.095218710325481
2021-05-17 06:00:00,1,-54.4,-56.246724038945,3.6037479111959896,2.9315109521379963
2021-05-17 06:00:00,2,-53.6,-56.00485437845137,3.6037479111959896,2.7961636438195265
2021-05-17 06:00:00,4,-54.9,-55.5962434969141,3.6037479111959896,3.966385173711092
2021-05-17 06:00:00,8,-53.2,-55.103712262599856,3.6037479111959896,7.0493384186545915
2021-05-17 09:00:00,1,-53.6,-52.76559031906352,3.6037479111959896,3.3505151146964027
2021-05-17 09:00:00,2,-53.2,-52.49391693248946,3.6037479111959896,3.552809743285831
2021-05-17 09:00:00,4,-53.8,-52.44987016271911,3.6037479111959896,5.030255698243746
2021-05-17 09:00:00,8,-54.4,-52.30850417596959,3.6037479111959896,7.109912253532585
2021-05-17 12:00:00,1,-53.2,-51.97332517920809,3.6037479111959896,3.6460581190597425
2021-05-17 12:00:00,2,-54.9,-51.52490918477388,3.6037479111959896,4.291056401775528
2021-05-17 12:00:00,4,-50.6,-51.09351173893591,3.6037479111959896,6.061830708239791
2021-05-17 12:00:00,8,-56.55,-50.47721977943057,3.6037479111959896,7.720633691211109
2021-05-17 15:00:00,1,-54.9,-50.739273554650055,3.6037479111959896,3.6469488190070845
2021-05-17 15:00:00,2,-53.8,-50.24556376084189,3.6037479111959896,4.105407174175264
2021-05-17 15:00:00,4,-51.6,-49.5642787393715,3.6037479111959896,5.743865103511688
2021-05-17 15:00:00,8,-58.7,-48.88824058623346,3.6037479111959896,7.186296582335108
2021-05-17 18:00:00,1,-53.8,-52.21095730319333,3.6037479111959896,3.360526974540904
2021-05-17 18:00:00,2,-50.6,-51.6358018523513,3.6037479111959896,3.553670557283339
2021-05-17 18:00:00,4,-53.2,-50.55213711209057,3.6037479111959896,4.8142831355350175
2021-05-17 18:00:00,8,-60.7,-49.626310632331446,3.6037479111959896,6.613572370551882
2021-05-17 21:00:00,1,-50.6,-51.22273710388349,3.6037479111959896,3.467442933658002
2021-05-17 21:00:00,2,-51.6,-50.59071903946353,3.6037479111959896,3.5115709848968577
2021-05-17 21:00:00,4,-54.4,-49.5091294321158,3.6037479111959896,4.680165656713275
2021-05-17 21:00:00,8,-59.2,-48.506679833603535,3.6037479111959896,7.959364258087785
2021-05-18 00:00:00,1,-51.6,-47.435922058009915,3.6037479111959896,3.373876476467974
2021-05-18 00:00:00,2,-53.2,-47.05489339536089,3.6037479111959896,3.4231963317077967
2021-05-18 00:00:00,4,-56.55,-46.60515343532677,3.6037479111959896,4.6292976906100085
2021-05-18 00:00:00,8,-61.0,-46.23748502253002,3.6037479111959896,7.3949238664047705
2021-05-18 03:00:00,1,-53.2,-48.883556609299326,3.6037479111959896,3.009227485144972
2021-05-18 03:00:00,2,-54.4,-48.4089006442894,3.6037479111959896,2.763095866741585
2021-05-18 03:00:00,4,-58.7,-47.72547303300085,3.6037479111959896,3.5593312587737578
2021-05-18 03:00:00,8,-57.2,-47.10609615844543,3.6037479111959896,7.616474677641072
2021-05-18 06:00:00,1,-54.4,-49.88817455554014,3.6037479111959896,2.880371959660056
2021-05-18 06:00:00,2,-56.55,-49.244781581745066,3.6037479111959896,2.726406904298776
2021-05-18 06:00:00,4,-60.7,-48.121840801470405,3.6037479111959896,3.92570063839805
2021-05-18 06:00:00,8,-55.95,-47.33186190131796,3.6037479111959896,5.903843499908381
2021-05-18 09:00:00,1,-56.55,-50.34129726772097,3.6037479111959896,3.1588041846753576
2021-05-18 09:00:00,2,-58.7,-49.7745230896731,3.6037479111959896,3.073807690225654
2021-05-18 09:00:00,4,-59.2,-48.88639286144534,3.6037479111959896,4.286916304610871
2021-05-18 09:00:00,8,-54.7,-48.1601440750856,3.6037479111959896,5.8100140943479595
2021-05-18 12:00:00,1,-58.7,-53.94483667558844,3.6037479111959896,3.492576004385127
2021-05-18 12:00:00,2,-60.7,-53.38422629344496,3.6037479111959896,3.397103418115494
2021-05-18 12:00:00,4,-61.0,-52.304537457770714,3.6037479111959896,3.9913721471990655
2021-05-18 12:00:00,8,-53.5,-51.34287830229013,3.6037479111959896,4.053224332919634
2021-05-18 15:00:00,1,-60.7,-55.01050699369369,3.6037479111959896,3.705708255476204
2021-05-18 15:00:00,2,-59.2,-54.33609573179042,3.6037479111959896,3.652042947139449
2021-05-18 15:00:00,4,-57.2,-53.0936365361521,3.6037479111959896,3.9757987147071154
2021-05-18 15:00:00,8,-55.2,-52.13111313973435,3.6037479111959896,4.189823065399741
2021-05-18 18:00:00,1,-59.2,-55.52772367266702,3.6037479111959896,3.920479794904794
2021-05-18 18:00:00,2,-61.0,-54.733314231803575,3.6037479111959896,3.825764314920935
2021-05-18 18:00:00,4,-55.95,-53.28088321536301,3.6037479111959896,3.8530334979089687
2021-05-18 18:00:00,8,-54.3,-52.3065946682216,3.6037479111959896,3.8459415433513673
2021-05-18 21:00:00,1,-61.0,-52.14579807568753,3.6037479111959896,4.40476537597165
2021-05-18 21:00:00,2,-57.2,-51.67300438057946,3.6037479111959896,4.437499688767236
2021-05-18 21:00:00,4,-54.7,-51.16576267755822,3.6037479111959896,4.309852398114135
2021-05-18 21:00:00,8,-52.5,-51.23902456913173,3.6037479111959896,3.374129147377474
2021-05-19 00:00:00,1,-57.2,-55.14649110823791,3.6037479111959896,3.960732196978893
2021-05-19 00:00:00,2,-55.95,-54.70989921051459,3.6037479111959896,3.7672033160932963
2021-05-19 00:00:00,4,-53.5,-54.12801234408222,3.6037479111959896,3.6905724215396254
2021-05-19 00:00:00,8,-52.1,-54.067519981612044,3.6037479111959896,3.235562821003006
2021-05-19 03:00:00,1,-55.95,-50.86226829722646,3.6037479111959896,3.903460266346045
2021-05-19 03:00:00,2,-54.7,-50.656438636614084,3.6037479111959896,3.7928385827499644
2021-05-19 03:00:00,4,-55.2,-50.95442379619062,3.6037479111959896,4.0181182860748885
2021-05-19 03:00:00,8,-51.2,-51.78997978769992,3.6037479111959896,3.3065301681027033
2021-05-19 06:00:00,1,-54.7,-47.99130151290545,3.6037479111959896,3.4653807497993143
2021-05-19 06:00:00,2,-53.5,-47.82270067880736,3.6037479111959896,3.4051992313305792
2021-05-19 06:00:00,4,-54.3,-48.2137868147718,3.6037479111959896,3.7362583345662346
2021-05-19 06:00:00,8,-51.9,-48.863206058844845,3.6037479111959896,3.4295848067308192
2021-05-19 09:00:00,1,-53.5,-52.024294590034586,3.6037479111959896,3.454687338336147
2021-05-19 09:00:00,2,-55.2,-52.13902153872271,3.6037479111959896,3.2290943390794915
2021-05-19 09:00:00,4,-52.5,-52.74589303785015,3.6037479111959896,3.7411100159298316
2021-05-19 09:00:00,8,-53.5,-53.381226037261165,3.6037479111959896,3.337591027668081
2021-05-19 12:00:00,1,-55.2,-53.21406823155153,3.6037479111959896,3.6193091742104855
2021-05-19 12:00:00,2,-54.3,-53.4492778060528,3.6037479111959896,3.444943785538146
2021-05-19 12:00:00,4,-52.1,-54.233114705455804,3.6037479111959896,3.772352777221985
2021-05-19 12:00:00,8,-56.8,-54.89708915027256,3.6037479111959896,3.315217088614589
2021-05-19 15:00:00,1,-54.3,-56.281829368917336,3.6037479111959896,3.8438449413292224
2021-05-19 15:00:00,2,-52.5,-56.36450865873953,3.6037479111959896,3.681195078267408
2021-05-19 15:00:00,4,-51.2,-56.71121841824648,3.6037479111959896,3.7606812207486264
2021-05-19 15:00:00,8,-57.8,-57.07829998298711,3.6037479111959896,3.2973528087566146
2021-05-19 18:00:00,1,-52.5,-55.18289910399966,3.6037479111959896,3.9792370652424025
2021-05-19 18:00:00,2,-52.1,-55.31487993491978,3.6037479111959896,3.8463061999274832
2021-05-19 18:00:00,4,-51.9,-55.884434166036456,3.6037479111959896,3.745993929330315
2021-05-19 18:00:00,8,-60.3,-56.6108302948486,3.6037479111959896,3.4494482726781173
2021-05-19 21:00:00,1,-52.1,-52.9694652604908,3.6037479111959896,3.977412555998137
2021-05-19 21:00:00,2,-51.2,-53.274396905203105,3.6037479111959896,3.8960623340487097
2021-05-19 21:00:00,4,-53.5,-54.149618727761776,3.6037479111959896,3.585362740876404
2021-05-19 21:00:00,8,-61.0,-55.218920010604684,3.6037479111959896,3.2210570447403075
2021-05-20 00:00:00,1,-51.2,-52.931094439907824,3.6037479111959896,3.906774434228053
2021-05-20 00:00:00,2,-51.9,-53.32704967652945,3.6037479111959896,3.7592047855106316
2021-05-20 00:00:00,4,-56.8,-54.41425874128384,3.6037479111959896,3.4795092059478314
2021-05-20 00:00:00,8,-60.6,-55.59535656019576,3.6037479111959896,3.4739949216175257
2021-05-20 03:00:00,1,-51.9,-53.209666781067995,3.6037479111959896,3.5987186878778474
2021-05-20 03:00:00,2,-53.5,-53.6754092031776,3.6037479111959896,3.485876399561884
2021-05-20 03:00:00,4,-57.8,-54.886247771880335,3.6037479111959896,3.5495819140733467
2021-05-20 03:00:00,8,-63.2,-56.05014975392124,3.6037479111959896,3.4800242853611008
2021-05-20 06:00:00,1,-53.5,-54.72691672339065,3.6037479111959896,3.495555175030172
2021-05-20 06:00:00,2,-56.8,-55.1979424441639,3.6037479111959896,3.3881280355365244
2021-05-20 06:00:00,4,-60.3,-56.39389213010206,3.6037479111959896,3.64699266817389
2021-05-20 06:00:00,8,-64.6,-57.305634256514246,3.6037479111959896,3.681152448799269
2021-05-20 09:00:00,1,-56.8,-56.242502983896756,3.6037479111959896,3.4455368390207965
2021-05-20 09:00:00,2,-57.8,-56.57562445498819,3.6037479111959896,3.3330083198529876
2021-05-20 09:00:00,4,-61.0,-57.402202283664664,3.6037479111959896,3.672755596624295
2021-05-20 09:00:00,8,-65.2,-57.90121730638534,3.6037479111959896,3.620566836830875
2021-05-20 12:00:00,1,-57.8,-58.944963860125064,3.6037479111959896,3.5129999451971483
2021-05-20 12:00:00,2,-60.3,-59.030199847709255,3.6037479111959896,3.392189965346219
2021-05-20 12:00:00,4,-60.6,-59.249394261305085,3.6037479111959896,3.6695095452470374
2021-05-20 12:00:00,8,-66.2,-59.29064438396821,3.6037479111959896,3.5880158724879756
2021-05-20 15:00:00,1,-60.3,-59.310494186234834,3.6037479111959896,3.60191317866012
2021-05-20 15:00:00,2,-61.0,-59.310203824335986,3.6037479111959896,3.3884623796015245
2021-05-20 15:00:00,4,-63.2,-59.47201105460206,3.6037479111959896,3.548278709371063
2021-05-20 15:00:00,8,-65.7,-59.51833710673772,3.6037479111959896,3.5101088061367163
2021-05-20 18:00:00,1,-61.0,-61.03572660109583,3.6037479111959896,3.6342208102031512
2021-05-20 18:00:00,2,-60.6,-60.9878226517927,3.6037479111959896,3.436958211754428
2021-05-20 18:00:00,4,-64.6,-61.009446327496,3.6037479111959896,3.5042861646545247
2021-05-20 18:00:00,8,-65.0,-61.1576764371119,3.6037479111959896,3.1805541978734
2021-05-20 21:00:00,1,-60.6,-60.87786627525141,3.6037479111959896,3.803833386419082
2021-05-20 21:00:00,2,-63.2,-60.7224354787443,3.6037479111959896,3.570177039259929
2021-05-20 21:00:00,4,-65.2,-60.66513475553331,3.6037479111959896,3.5539788477850247
2021-05-20 21:00:00,8,-64.9,-60.881530022784105,3.6037479111959896,3.427275697209901
2021-05-21 00:00:00,1,-63.2,-60.05341428474509,3.6037479111959896,3.7752597123798983
2021-05-21 00:00:00,2,-64.6,-60.03710214233796,3.6037479111959896,3.5788460175378822
2021-05-21 00:00:00,4,-66.2,-60.30732892053426,3.6037479111959896,3.6304179630522295
2021-05-21 00:00:00,8,-65.3,-60.8687533787335,3.6037479111959896,3.328197561712401
2021-05-21 03:00:00,1,-64.6,-61.40946487448043,3.6037479111959896,3.4832790479195435
2021-05-21 03:00:00,2,-65.2,-61.332959917889596,3.6037479111959896,3.305121076227135
2021-05-21 03:00:00,4,-65.7,-61.332103242212824,3.6037479111959896,3.585193735963395
2021-05-21 03:00:00,8,-63.4,-61.49190387722255,3.6037479111959896,3.622844040900889
2021-05-21 06:00:00,1,-65.2,-62.25865886897354,3.6037479111959896,3.3921467093661968
2021-05-21 06:00:00,2,-66.2,-62.12104678244305,3.6037479111959896,3.2552220973965333
2021-05-21 06:00:00,4,-65.0,-62.01857064717698,3.6037479111959896,3.6626835516488843
2021-05-21 06:00:00,8,-64.1,-61.976257785554026,3.6037479111959896,3.847906497897795
2021-05-21 09:00:00,1,-66.2,-61.91534014737467,3.6037479111959896,3.4671859038254
2021-05-21 09:00:00,2,-65.7,-61.80932995475405,3.6037479111959896,3.3245330803773907
2021-05-21 09:00:00,4,-64.9,-61.72333600012868,3.6037479111959896,3.688678356146282
2021-05-21 09:00:00,8,-63.2,-61.681830820115195,3.6037479111959896,3.644695815624815
2021-05-21 12:00:00,1,-65.7,-62.329812664713764,3.6037479111959896,3.4684931541948445
2021-05-21 12:00:00,2,-65.0,-62.215181677751204,3.6037479111959896,3.3366537925508597
2021-05-21 12:00:00,4,-65.3,-62.04843613370163,3.6037479111959896,3.758822226690704
2021-05-21 12:00:00,8,-60.6,-61.88884228247595,3.6037479111959896,3.6342324939832715
2021-05-21 15:00:00,1,-65.0,-61.77043154732135,3.6037479111959896,3.568251934868286
2021-05-21 15:00:00,2,-64.9,-61.60916469279756,3.6037479111959896,3.467987212524042
2021-05-21 15:00:00,4,-63.4,-61.4208293365912,3.6037479111959896,3.94200501030712
2021-05-21 15:00:00,8,-58.63333333333333,-61.320470753733886,3.6037479111959896,3.6587684455655247
2021-05-21 18:00:00,1,-64.9,-60.9900778198905,3.6037479111959896,3.6327474408743723
2021-05-21 18:00:00,2,-65.3,-60.87955008606437,3.6037479111959896,3.6487661033696326
2021-05-21 18:00:00,4,-64.1,-60.80701004641993,3.6037479111959896,4.095123741424446
2021-05-21 18:00:00,8,-56.66666666666667,-60.884122385345094,3.6037479111959896,3.6442956611519963
2021-05-21 21:00:00,1,-65.3,-60.868485352365326,3.6037479111959896,3.7062090784116206
2021-05-21 21:00:00,2,-63.4,-60.75603892440358,3.6037479111959896,3.5881888293413016
2021-05-21 21:00:00,4,-63.2,-60.674976078551815,3.6037479111959896,3.743140354322796
2021-05-21 21:00:00,8,-54.7,-60.78383729358874,3.6037479111959896,3.7838751438868963
2021-05-22 00:00:00,1,-63.4,-61.21147552551288,3.6037479111959896,3.5232338301890316
2021-05-22 00:00:00,2,-64.1,-61.17623077859902,3.6037479111959896,3.245788934581529
2021-05-22 00:00:00,4,-60.6,-61.21838152749929,3.6037479111959896,3.3005265046763803
2021-05-22 00:00:00,8,-57.9,-61.35963790803575,3.6037479111959896,3.9338960803326075
2021-05-22 03:00:00,1,-64.1,-59.536434650597364,3.6037479111959896,3.206487604206242
2021-05-22 03:00:00,2,-63.2,-59.69671730076921,3.6037479111959896,2.941159555060589
2021-05-22 03:00:00,4,-58.63333333333333,-60.235647718069565,3.6037479111959896,3.2453129455107605
2021-05-22 03:00:00,8,-59.1,-60.731043304068415,3.6037479111959896,3.874069634141179
2021-05-22 06:00:00,1,-63.2,-60.766984054938334,3.6037479111959896,3.108190982297882
2021-05-22 06:00:00,2,-60.6,-60.857338481553455,3.6037479111959896,2.9064986782339726
2021-05-22 06:00:00,4,-56.66666666666667,-61.22285439764344,3.6037479111959896,3.237631243320446
2021-05-22 06:00:00,8,-58.6,-61.39845561935759,3.6037479111959896,3.7498190776382714
2021-05-22 09:00:00,1,-60.6,-59.89680186661485,3.6037479111959896,3.17965215406196
2021-05-22 09:00:00,2,-58.63333333333333,-60.04095466112996,3.6037479111959896,2.9998749690723825
2021-05-22 09:00:00,4,-54.7,-60.6006484759519,3.6037479111959896,3.4107481004498426
2021-05-22 09:00:00,8,-61.2,-60.94398881258046,3.6037479111959896,3.5937017740025805
2021-05-22 12:00:00,1,-58.63333333333333,-58.42552515609945,3.6037479111959896,3.3122026066934023
2021-05-22 12:00:00,2,-56.66666666666667,-58.62082703637536,3.6037479111959896,3.1282099831527006
2021-05-22 12:00:00,4,-57.9,-59.3716632792596,3.6037479111959896,3.5182777346215777
2021-05-22 12:00:00,8,-62.3,-59.92556930963117,3.6037479111959896,3.448899701539175
2021-05-22 15:00:00,1,-56.66666666666667,-56.48211207253515,3.6037479111959896,3.416777450863378
2021-05-22 15:00:00,2,-54.7,-56.659828324904616,3.6037479111959896,3.303360924416321
2021-05-22 15:00:00,4,-59.1,-57.41229398077709,3.6037479111959896,3.4671848507522345
2021-05-22 15:00:00,8,-65.8,-57.94496612648079,3.6037479111959896,3.040464727800537
2021-05-22 18:00:00,1,-54.7,-55.61801811757475,3.6037479111959896,3.5469400800872974
2021-05-22 18:00:00,2,-57.9,-55.81316436963689,3.6037479111959896,3.4856576802644392
2021-05-22 18:00:00,4,-58.6,-56.60488976418841,3.6037479111959896,3.4307392148608375
2021-05-22 18:00:00,8,-65.6,-57.3573683890787,3.6037479111959896,2.8009606986789226
2021-05-22 21:00:00,1,-57.9,-54.71753670113081,3.6037479111959896,3.845442653271761
2021-05-22 21:00:00,2,-59.1,-54.94926368906698,3.6037479111959896,3.7567817574672873
2021-05-22 21:00:00,4,-61.2,-55.80252905452772,3.6037479111959896,3.4986196046114957
2021-05-22 21:00:00,8,-68.3,-56.71286116050303,3.6037479111959896,3.3243335563376446
2021-05-23 00:00:00,1,-59.1,-58.404827324167925,3.6037479111959896,3.677925999245932
2021-05-23 00:00:00,2,-58.6,-58.47642711002078,3.6037479111959896,3.2676109833161022
2021-05-23 00:00:00,4,-62.3,-58.82869805641685,3.6037479111959896,3.007469572780889
2021-05-23 00:00:00,8,-69.7,-59.263797076089475,3.6037479111959896,3.8241086439641783
2021-05-23 03:00:00,1,-58.6,-58.775124484825646,3.6037479111959896,3.574024082158698
2021-05-23 03:00:00,2,-61.2,-58.84791021530758,3.6037479111959896,3.1880105424063157
2021-05-23 03:00:00,4,-65.8,-59.290065821673466,3.6037479111959896,3.157224788207873
2021-05-23 03:00:00,8,-68.4,-59.70021821507823,3.6037479111959896,4.180279236592088
2021-05-23 06:00:00,1,-61.2,-57.585664891677595,3.6037479111959896,3.5028058237147897
2021-05-23 06:00:00,2,-62.3,-57.842823943423454,3.6037479111959896,3.208298756750359
2021-05-23 06:00:00,4,-65.6,-58.63438974700574,3.6037479111959896,3.407890913001465
2021-05-23 06:00:00,8,-66.5,-59.26113194292852,3.6037479111959896,3.9186707751670884
2021-05-23 09:00:00,1,-62.3,-59.82183806164102,3.6037479111959896,3.3423583565381243
2021-05-23 09:00:00,2,-65.8,-59.992135675569884,3.6037479111959896,3.189202247988446
2021-05-23 09:00:00,4,-68.3,-60.42220992134025,3.6037479111959896,3.5946972847224714
2021-05-23 09:00:00,8,-66.2,-60.65340355841878,3.6037479111959896,3.8858873278438093
2021-05-23 12:00:00,1,-65.8,-61.363378749174345,3.6037479111959896,3.5400824876291614
2021-05-23 12:00:00,2,-65.6,-61.493093424356566,3.6037479111959896,3.375219917896205
2021-05-23 12:00:00,4,-69.7,-61.84497313871522,3.6037479111959896,3.7028580263087427
2021-05-23 12:00:00,8,-65.3,-61.94374013488624,3.6037479111959896,4.1436842242716825
2021-05-23 15:00:00,1,-65.6,-64.0288361355729,3.6037479111959896,3.5884388142477275
2021-05-23 15:00:00,2,-68.3,-64.02556362007762,3.6037479111959896,3.520135722261475
2021-05-23 15:00:00,4,-68.4,-63.98660829306674,3.6037479111959896,3.7720717266571793
2021-05-23 15:00:00,8,-62.63333333333333,-63.84977218610218,3.6037479111959896,3.980928007485181
2021-05-23 18:00:00,1,-68.3,-62.970240776936166,3.6037479111959896,3.788036635765863
2021-05-23 18:00:00,2,-69.7,-62.67001810153607,3.6037479111959896,3.694126010271305
2021-05-23 18:00:00,4,-66.5,-62.1093595358889,3.6037479111959896,3.9333410174641523
2021-05-23 18:00:00,8,-59.96666666666666,-61.62513459723458,3.6037479111959896,4.822330107483292
2021-05-23 21:00:00,1,-69.7,-64.03279168600643,3.6037479111959896,3.762807935331286
2021-05-23 21:00:00,2,-68.4,-63.66669576661974,3.6037479111959896,3.678985544145802
2021-05-23 21:00:00,4,-66.2,-62.93832114208984,3.6037479111959896,3.856838984407824
2021-05-23 21:00:00,8,-57.3,-62.49570441509053,3.6037479111959896,4.2434356334329655
2021-05-24 00:00:00,1,-68.4,-64.29171524467611,3.6037479111959896,3.6374327500078736
2021-05-24 00:00:00,2,-66.5,-63.71686425053354,3.6037479111959896,3.5189309265799977
2021-05-24 00:00:00,4,-65.3,-62.61418647984311,3.6037479111959896,3.879461795309396
2021-05-24 00:00:00,8,-55.0,-61.81323723162127,3.6037479111959896,5.296590005454095
2021-05-24 03:00:00,1,-66.5,-61.506442866693995,3.6037479111959896,3.625617589012856
2021-05-24 03:00:00,2,-66.2,-61.106642631509445,3.6037479111959896,3.651402278753673
2021-05-24 03:00:00,4,-62.63333333333333,-60.62963567177009,3.6037479111959896,4.5361690185959125
2021-05-24 03:00:00,8,-57.1,-60.471674475787104,3.6037479111959896,5.127911038584487
2021-05-24 06:00:00,1,-66.2,-59.21062626455153,3.6037479111959896,3.7067763116066583
2021-05-24 06:00:00,2,-65.3,-58.86276406371152,3.6037479111959896,3.8609873995174837
2021-05-24 06:00:00,4,-59.96666666666666,-58.61439584454117,3.6037479111959896,4.995849265221958
2021-05-24 06:00:00,8,-58.3,-58.62000566524709,3.6037479111959896,5.055151734198372
2021-05-24 09:00:00,1,-65.3,-59.28439331738144,3.6037479111959896,3.628019742213453
2021-05-24 09:00:00,2,-62.63333333333333,-58.97669472371208,3.6037479111959896,3.8046146334074207
2021-05-24 09:00:00,4,-57.3,-58.68405243922477,3.6037479111959896,5.018973792171631
2021-05-24 09:00:00,8,-56.1,-58.45274063998392,3.6037479111959896,4.998874331194959
2021-05-24 12:00:00,1,-62.63333333333333,-59.45686252129332,3.6037479111959896,3.5544531172806244
2021-05-24 12:00:00,2,-59.96666666666666,-59.22931245771977,3.6037479111959896,3.825941524473607
2021-05-24 12:00:00,4,-55.0,-59.00580512519951,3.6037479111959896,5.231480864383492
2021-05-24 12:00:00,8,-53.4,-58.806536166474224,3.6037479111959896,4.4473706900783325
2021-05-24 15:00:00,1,-59.96666666666666,-57.02512989195016,3.6037479111959896,3.4971807600864944
2021-05-24 15:00:00,2,-57.3,-56.793274834963064,3.6037479111959896,4.0484561775871075
2021-05-24 15:00:00,4,-57.1,-56.753557938406054,3.6037479111959896,5.574998876239197
2021-05-24 15:00:00,8,-51.5,-56.69516061268872,3.6037479111959896,4.368588287067474
2021-05-24 18:00:00,1,-57.3,-53.5961437371073,3.6037479111959896,4.0095148116138315
2021-05-24 18:00:00,2,-55.0,-53.340823043636696,3.6037479111959896,4.647547901788048
2021-05-24 18:00:00,4,-58.3,-53.42346036427624,3.6037479111959896,5.390218927211884
2021-05-24 18:00:00,8,-52.1,-53.5834229318834,3.6037479111959896,4.170359127413379
2021-05-24 21:00:00,1,-55.0,-52.016304774434396,3.6037479111959896,4.457658868323415
2021-05-24 21:00:00,2,-57.1,-51.80861419485952,3.6037479111959896,4.689485700808257
2021-05-24 21:00:00,4,-56.1,-52.03471857319721,3.6037479111959896,4.763850048658949
2021-05-24 21:00:00,8,-51.9,-52.512767287305074,3.6037479111959896,4.695860979091612
2021-05-25 00:00:00,1,-57.1,-50.401459640737855,3.6037479111959896,3.9903308577890693
2021-05-25 00:00:00,2,-58.3,-50.22548087650509,3.6037479111959896,3.783120050437172
2021-05-25 00:00:00,4,-53.4,-50.48678370956804,3.6037479111959896,3.6206875403436958
2021-05-25 00:00:00,8,-52.1,-51.027656417411414,3.6037479111959896,4.64321510556416
2021-05-25 03:00:00,1,-58.3,-53.50640714009086,3.6037479111959896,3.3989470559672577
2021-05-25 03:00:00,2,-56.1,-53.18785681082753,3.6037479111959896,2.980232195268459
2021-05-25 03:00:00,4,-51.5,-52.90688249949291,3.6037479111959896,3.19163111458934
2021-05-25 03:00:00,8,-52.3,-52.91534955693616,3.6037479111959896,4.9298015826902075
2021-05-25 06:00:00,1,-56.1,-53.941269114937874,3.6037479111959896,3.2194911649334528
2021-05-25 06:00:00,2,-53.4,-53.3496472894456,3.6037479111959896,2.778712381923037
2021-05-25 06:00:00,4,-52.1,-52.41205899127989,3.6037479111959896,3.4107918496413476
2021-05-25 06:00:00,8,-55.8,-51.78785376940452,3.6037479111959896,5.421820506522604
2021-05-25 09:00:00,1,-53.4,-51.398448021873335,3.6037479111959896,3.3859622106163036
2021-05-25 09:00:00,2,-51.5,-51.063279427344874,3.6037479111959896,3.1020820382150975
2021-05-25 09:00:00,4,-51.9,-50.638688374231485,3.6037479111959896,3.955874330476704
2021-05-25 09:00:00,8,-57.9,-50.2551734427922,3.6037479111959896,5.449729771374649
2021-05-25 12:00:00,1,-51.5,-50.26006024075494,3.6037479111959896,3.400022710220551
2021-05-25 12:00:00,2,-52.1,-50.02423954632046,3.6037479111959896,3.3202592029306057
2021-05-25 12:00:00,4,-52.1,-49.76320762162964,3.6037479111959896,4.358468440568377
2021-05-25 12:00:00,8,-60.0,-49.318296459228584,3.6037479111959896,6.205175134156677
2021-05-25 15:00:00,1,-52.1,-50.39537969313615,3.6037479111959896,3.5408192589388117
2021-05-25 15:00:00,2,-51.9,-50.12864158073204,3.6037479111959896,3.540626873135522
2021-05-25 15:00:00,4,-52.3,-49.76729610449577,3.6037479111959896,4.50790261531035
2021-05-25 15:00:00,8,-60.3,-49.25017597265506,3.6037479111959896,6.4704039011639
2021-05-25 18:00:00,1,-51.9,-51.386222200829366,3.6037479111959896,3.667169136792038
2021-05-25 18:00:00,2,-52.1,-50.956817480603696,3.6037479111959896,3.645100342350776
2021-05-25 18:00:00,4,-55.8,-50.21703750553187,3.6037479111959896,4.318627083609832
2021-05-25 18:00:00,8,-58.2,-49.67988312317116,3.6037479111959896,5.883881285024255
2021-05-25 21:00:00,1,-52.1,-49.71338137568595,3.6037479111959896,3.6543713918834864
2021-05-25 21:00:00,2,-52.3,-49.396202069743424,3.6037479111959896,3.615895437594185
2021-05-25 21:00:00,4,-57.9,-48.93191519472697,3.6037479111959896,4.232203421750227
2021-05-25 21:00:00,8,-60.3,-48.80579365798045,3.6037479111959896,5.466979483065303
2021-05-26 00:00:00,1,-52.3,-49.34503064845193,3.6037479111959896,3.795930472213829
2021-05-26 00:00:00,2,-55.8,-48.833285093743996,3.6037479111959896,3.779514034657903
2021-05-26 00:00:00,4,-60.0,-48.01026437845374,3.6037479111959896,4.235537584692338
2021-05-26 00:00:00,8,-61.55,-47.81662541446209,3.6037479111959896,4.6785867401272325
2021-05-26 03:00:00,1,-55.8,-48.26855605775543,3.6037479111959896,3.6665700847913567
2021-05-26 03:00:00,2,-57.9,-47.705426894214526,3.6037479111959896,3.684780459144651
2021-05-26 03:00:00,4,-60.3,-46.91312329761877,3.6037479111959896,4.362968822056007
2021-05-26 03:00:00,8,-62.8,-46.758115074942125,3.6037479111959896,4.830340928362899
2021-05-26 06:00:00,1,-57.9,-51.928935473482284,3.6037479111959896,3.3611973155958723
2021-05-26 06:00:00,2,-60.0,-51.331191145798606,3.6037479111959896,3.338244572872563
2021-05-26 06:00:00,4,-58.2,-50.32830951688038,3.6037479111959896,4.1111057129844175
2021-05-26 06:00:00,8,-63.3,-49.74335061435311,3.6037479111959896,4.532388405951825
2021-05-26 09:00:00,1,-60.0,-54.3741581779498,3.6037479111959896,3.343844122804167
2021-05-26 09:00:00,2,-60.3,-53.700598458153756,3.6037479111959896,3.2365200245202495
2021-05-26 09:00:00,4,-60.3,-52.49432318246938,3.6037479111959896,4.000004734467632
2021-05-26 09:00:00,8,-62.2,-51.359669848043296,3.6037479111959896,4.998768437356654
2021-05-26 12:00:00,1,-60.3,-54.329082735407034,3.6037479111959896,3.563530901227401
2021-05-26 12:00:00,2,-58.2,-53.666217051550824,3.6037479111959896,3.488763979501618
2021-05-26 12:00:00,4,-61.55,-52.53155209904629,3.6037479111959896,4.035728815290117
2021-05-26 12:00:00,8,-65.0,-51.6254224051561,3.6037479111959896,4.340691499132932
2021-05-26 15:00:00,1,-58.2,-55.066301869836174,3.6037479111959896,3.7909458770207083
2021-05-26 15:00:00,2,-60.3,-54.465357932351104,3.6037479111959896,3.738905027351889
2021-05-26 15:00:00,4,-62.8,-53.591603049807496,3.6037479111959896,4.00735673144689
2021-05-26 15:00:00,8,-66.0,-53.032389268769954,3.6037479111959896,4.016154744512708
2021-05-26 18:00:00,1,-60.3,-52.808393661735224,3.6037479111959896,3.920688436691947
2021-05-26 18:00:00,2,-61.55,-52.37144437300535,3.6037479111959896,3.905382858025135
2021-05-26 18:00:00,4,-63.3,-51.836196143559896,3.6037479111959896,4.033026389606936
2021-05-26 18:00:00,8,-67.5,-51.77572656693352,3.6037479111959896,3.5260339450708558
2021-05-26 21:00:00,1,-61.55,-54.74789483020717,3.6037479111959896,3.8209490512268056
2021-05-26 21:00:00,2,-62.8,-54.13120380321616,3.6037479111959896,3.6865657247509547
2021-05-26 21:00:00,4,-62.2,-53.267039689471886,3.6037479111959896,3.6372875992015667
2021-05-26 21:00:00,8,-68.9,-52.98721457721585,3.6037479111959896,3.6536377398032123
2021-05-27 00:00:00,1,-62.8,-55.98887762925495,3.6037479111959896,3.423512906829385
2021-05-27 00:00:00,2,-63.3,-55.128611155677156,3.6037479111959896,3.189024958455534
2021-05-27 00:00:00,4,-65.0,-53.788041430332065,3.6037479111959896,3.3111583580145107
2021-05-27 00:00:00,8,-71.0,-53.093285111794366,3.6037479111959896,3.4146405254700256
2021-05-27 03:00:00,1,-63.3,-55.376557881768534,3.6037479111959896,3.47758824053363
2021-05-27 03:00:00,2,-62.2,-54.68339522135746,3.6037479111959896,3.2217939826754587
2021-05-27 03:00:00,4,-66.0,-53.64710486217242,3.6037479111959896,3.393289080470033
2021-05-27 03:00:00,8,-72.0,-53.157469681586335,3.6037479111959896,3.6898797859926424
2021-05-27 06:00:00,1,-62.2,-55.14790797343418,3.6037479111959896,3.263353395178281
2021-05-27 06:00:00,2,-65.0,-54.55327652524525,3.6037479111959896,2.9992821022102927
2021-05-27 06:00:00,4,-67.5,-53.69392824011623,3.6037479111959896,3.411816663121819
2021-05-27 06:00:00,8,-72.3,-53.162104844578415,3.6037479111959896,3.9526224672019765
2021-05-27 09:00:00,1,-65.0,-53.69258621696026,3.6037479111959896,3.205408670763092
2021-05-27 09:00:00,2,-66.0,-53.22521766914818,3.6037479111959896,2.963730458786134
2021-05-27 09:00:00,4,-68.9,-52.617456351298436,3.6037479111959896,3.5797644772936668
2021-05-27 09:00:00,8,-70.1,-52.21871525256877,3.6037479111959896,4.037046356450495
2021-05-27 12:00:00,1,-66.0,-58.93259934264057,3.6037479111959896,3.2858901206810907
2021-05-27 12:00:00,2,-67.5,-58.54252587081717,3.6037479111959896,3.1666345967926777
2021-05-27 12:00:00,4,-71.0,-57.89453465970574,3.6037479111959896,3.608032120272956
2021-05-27 12:00:00,8,-67.7,-57.294928332308075,3.6037479111959896,4.01801759095221
2021-05-27 15:00:00,1,-67.5,-60.90595284483245,3.6037479111959896,3.4083470003224114
2021-05-27 15:00:00,2,-68.9,-60.47512423452586,3.6037479111959896,3.3424029321921136
2021-05-27 15:00:00,4,-72.0,-59.82701630225409,3.6037479111959896,3.689408309140437
2021-05-27 15:00:00,8,-67.4,-59.24141111033905,3.6037479111959896,4.146842164084087
2021-05-27 18:00:00,1,-68.9,-62.00904130108702,3.6037479111959896,3.539104915810693
2021-05-27 18:00:00,2,-71.0,-61.62248603559639,3.6037479111959896,3.4570478884816898
2021-05-27 18:00:00,4,-72.3,-61.0547471067233,3.6037479111959896,3.6429207941543043
2021-05-27 18:00:00,8,-69.2,-60.67614761316109,3.6037479111959896,3.7184131566556786
2021-05-27 21:00:00,1,-71.0,-62.97458251590018,3.6037479111959896,3.5714523308583086
2021-05-27 21:00:00,2,-72.0,-62.581921004521725,3.6037479111959896,3.4947551126902767
2021-05-27 21:00:00,4,-70.1,-62.051639481101894,3.6037479111959896,3.5680485784420197
2021-05-27 21:00:00,8,-68.4,-61.74349705882287,3.6037479111959896,3.6000895825235997
2021-05-28 00:00:00,1,-72.0,-64.3378287490198,3.6037479111959896,3.4875811450611534
2021-05-28 00:00:00,2,-72.3,-63.93891833255755,3.6037479111959896,3.4607583584549366
2021-05-28 00:00:00,4,-67.7,-63.38263825142487,3.6037479111959896,3.577820337604806
2021-05-28 00:00:00,8,-67.0,-63.02802351530927,3.6037479111959896,3.5451782420264144
2021-05-28 03:00:00,1,-72.3,-64.54757811514146,3.6037479111959896,3.4259113409488027
2021-05-28 03:00:00,2,-70.1,-64.17408337109138,3.6037479111959896,3.4300891354667735
2021-05-28 03:00:00,4,-67.4,-63.76646209766349,3.6037479111959896,3.633436743911338
2021-05-28 03:00:00,8,-65.9,-63.51741300505786,3.6037479111959896,3.6113441486835334
2021-05-28 06:00:00,1,-70.1,-64.11569541188692,3.6037479111959896,3.4039852779115747
2021-05-28 06:00:00,2,-67.7,-63.8136462664779,3.6037479111959896,3.3713140828557133
2021-05-28 06:00:00,4,-69.2,-63.541036071007625,3.6037479111959896,3.6840089630806228
2021-05-28 06:00:00,8,-62.3,-63.3523332592965,3.6037479111959896,3.5899507007272846
2021-05-28 09:00:00,1,-67.7,-62.80029404698928,3.6037479111959896,3.455548698865298
2021-05-28 09:00:00,2,-67.4,-62.585065270840836,3.6037479111959896,3.3670163979573657
2021-05-28 09:00:00,4,-68.4,-62.499528834343934,3.6037479111959896,3.723076724493828
2021-05-28 09:00:00,8,-63.0,-62.44581548556073,3.6037479111959896,3.5163459518798605
2021-05-28 12:00:00,1,-67.4,-62.049535618211934,3.6037479111959896,3.457667615374518
2021-05-28 12:00:00,2,-69.2,-61.89568127787032,3.6037479111959896,3.403911682760356
2021-05-28 12:00:00,4,-67.0,-61.96699430432927,3.6037479111959896,3.753561633017963
2021-05-28 12:00:00,8,-66.2,-61.93587586658351,3.6037479111959896,3.625818119470628
2021-05-28 15:00:00,1,-69.2,-62.851974862480496,3.6037479111959896,3.4937469284347906
2021-05-28 15:00:00,2,-68.4,-62.66633994398358,3.6037479111959896,3.437136461050225
2021-05-28 15:00:00,4,-65.9,-62.57607774149514,3.6037479111959896,3.6684711151306355
2021-05-28 15:00:00,8,-65.8,-62.432627435445,3.6037479111959896,3.5093748541305407
2021-05-28 18:00:00,1,-68.4,-63.98346186524466,3.6037479111959896,3.5496170187338674
2021-05-28 18:00:00,2,-67.0,-63.75749762434947,3.6037479111959896,3.4443540912255926
2021-05-28 18:00:00,4,-62.3,-63.45340585863461,3.6037479111959896,3.5317824915253264
2021-05-28 18:00:00,8,-64.9,-63.255909332344025,3.6037479111959896,3.2986912247597395
2021-05-28 21:00:00,1,-67.0,-64.4862274558673,3.6037479111959896,3.498487477254336
2021-05-28 21:00:00,2,-65.9,-64.32654642402187,3.6037479111959896,3.288374333608349
2021-05-28 21:00:00,4,-63.0,-64.35953600283791,3.6037479111959896,3.421490486480222
2021-05-28 21:00:00,8,-63.8,-64.564702262164,3.6037479111959896,3.456769743865619
2021-05-29 00:00:00,1,-65.9,-63.340952946163966,3.6037479111959896,3.5252267911496435
2021-05-29 00:00:00,2,-62.3,-63.39539976495469,3.6037479111959896,3.3001101542048787
2021-05-29 00:00:00,4,-66.2,-63.87496954671447,3.6037479111959896,3.41208115777686
2021-05-29 00:00:00,8,-64.6,-64.44509909787143,3.6037479111959896,3.4504088486954982
2021-05-29 03:00:00,1,-62.3,-63.59586547582389,3.6037479111959896,3.5271943050637646
2021-05-29 03:00:00,2,-63.0,-63.79827437786235,3.6037479111959896,3.375774340922737
2021-05-29 03:00:00,4,-65.8,-64.5856054368776,3.6037479111959896,3.5403701565588612
2021-05-29 03:00:00,8,-64.9,-65.30972550306323,3.6037479111959896,3.600741514793233
2021-05-29 06:00:00,1,-63.0,-61.10934883322682,3.6037479111959896,3.492297206597093
2021-05-29 06:00:00,2,-66.2,-61.55757466043105,3.6037479111959896,3.3545776576879405
2021-05-29 06:00:00,4,-64.9,-62.891322142029786,3.6037479111959896,3.6172980444052603
2021-05-29 06:00:00,8,-64.3,-63.972415864571346,3.6037479111959896,3.637706928937024
2021-05-29 09:00:00,1,-66.2,-64.93419318221424,3.6037479111959896,3.6204822177365195
2021-05-29 09:00:00,2,-65.8,-65.182953353923,3.6037479111959896,3.5528343105496774
2021-05-29 09:00:00,4,-63.8,-66.029142859289,3.6037479111959896,3.6810258600737575
2021-05-29 09:00:00,8,-64.0,-66.53038098781344,3.6037479111959896,3.727660138801045
2021-05-29 12:00:00,1,-65.8,-67.48969058956656,3.6037479111959896,3.505489427381394
2021-05-29 12:00:00,2,-64.9,-67.52671425342403,3.6037479111959896,3.4460452200889318
2021-05-29 12:00:00,4,-64.6,-67.70559879814832,3.6037479111959896,3.702947524197763
2021-05-29 12:00:00,8,-63.4,-67.69848889438181,3.6037479111959896,3.6679521100205656
2021-05-29 15:00:00,1,-64.9,-66.53123550198724,3.6037479111959896,3.664607136415959
2021-05-29 15:00:00,2,-63.8,-66.51272150855554,3.6037479111959896,3.5417267347415797
2021-05-29 15:00:00,4,-64.9,-66.70301590695294,3.6037479111959896,3.7164318461500865
2021-05-29 15:00:00,8,-65.2,-66.75919481012295,3.6037479111959896,3.699649152413236
2021-05-29 18:00:00,1,-63.8,-66.15349844810973,3.6037479111959896,3.695756287501731
2021-05-29 18:00:00,2,-64.6,-66.2957901885684,3.6037479111959896,3.5747225296031506
2021-05-29 18:00:00,4,-64.3,-66.76994756689345,3.6037479111959896,3.6917163455931297
2021-05-29 18:00:00,8,-66.0,-67.12620072225967,3.6037479111959896,3.5421678524275286
2021-05-29 21:00:00,1,-64.6,-64.52605819158069,3.6037479111959896,3.7583951188768667
2021-05-29 21:00:00,2,-64.9,-64.71366223928248,3.6037479111959896,3.611443564122365
2021-05-29 21:00:00,4,-64.0,-65.28440709828467,3.6037479111959896,3.6423804809751847
2021-05-29 21:00:00,8,-67.9,-65.7474557923503,3.6037479111959896,3.5673626145800914
2021-05-30 00:00:00,1,-64.9,-65.14341225960749,3.6037479111959896,3.627185454995681
2021-05-30 00:00:00,2,-64.3,-65.28191992886818,3.6037479111959896,3.4544419189684445
2021-05-30 00:00:00,4,-63.4,-65.68552729128237,3.6037479111959896,3.5449712598292495
2021-05-30 00:00:00,8,-67.4,-65.94093912812818,3.6037479111959896,3.6775309035233192
2021-05-30 03:00:00,1,-64.3,-64.55534223380663,3.6037479111959896,3.4816937329142688
2021-05-30 03:00:00,2,-64.0,-64.7122111502892,3.6037479111959896,3.333682926520778
2021-05-30 03:00:00,4,-65.2,-65.1764875780413,3.6037479111959896,3.5656832228170323
2021-05-30 03:00:00,8,-67.2,-65.44658322505748,3.6037479111959896,3.770838764601037
2021-05-30 06:00:00,1,-64.0,-63.325697778708744,3.6037479111959896,3.4138496675227974
2021-05-30 06:00:00,2,-63.4,-63.53017668009065,3.6037479111959896,3.2811436399937146
2021-05-30 06:00:00,4,-66.0,-64.14031709220843,3.6037479111959896,3.616237419772144
2021-05-30 06:00:00,8,-67.7,-64.50980152774976,3.6037479111959896,3.800220439018977
2021-05-30 09:00:00,1,-63.4,-63.4476980497941,3.6037479111959896,3.408511599657178
2021-05-30 09:00:00,2,-65.2,-63.68575734080362,3.6037479111959896,3.307234180838885
2021-05-30 09:00:00,4,-67.9,-64.33794474967914,3.6037479111959896,3.6390974187416765
2021-05-30 09:00:00,8,-63.9,-64.65991070394684,3.6037479111959896,3.7902954243855227
2021-05-30 12:00:00,1,-65.2,-63.24137826838347,3.6037479111959896,3.4299254025846113
2021-05-30 12:00:00,2,-66.0,-63.45691902146046,3.6037479111959896,3.3466482300329914
2021-05-30 12:00:00,4,-67.4,-64.07642450544255,3.6037479111959896,3.6432908493966476
2021-05-30 12:00:00,8,-60.1,-64.38115319403231,3.6037479111959896,3.7049270351479455
2021-05-30 15:00:00,1,-66.0,-64.66445778569292,3.6037479111959896,3.4757106777298916
2021-05-30 15:00:00,2,-67.9,-64.73284918063858,3.6037479111959896,3.4147861161676545
2021-05-30 15:00:00,4,-67.2,-64.98148830818107,3.6037479111959896,3.6214386081213195
2021-05-30 15:00:00,8,-56.3,-65.0093515224553,3.6037479111959896,3.590648441679614
2021-05-30 18:00:00,1,-67.9,-63.63288986018234,3.6037479111959896,3.4890482492711006
2021-05-30 18:00:00,2,-67.4,-63.51476156141571,3.6037479111959896,3.42456745962925
2021-05-30 18:00:00,4,-67.7,-63.36014565152797,3.6037479111959896,3.5097133971581624
2021-05-30 18:00:00,8,-60.0,-63.121647575415714,3.6037479111959896,3.457163166668203
2021-05-30 21:00:00,1,-67.4,-63.545930434230755,3.6037479111959896,3.564190511600114
2021-05-30 21:00:00,2,-67.2,-63.35155727973058,3.6037479111959896,3.4538559837271907
2021-05-30 21:00:00,4,-63.9,-62.9893124381339,3.6037479111959896,3.425090637041861
2021-05-30 21:00:00,8,-60.0,-62.66103057219037,3.6037479111959896,3.405066264180895
2021-05-31 00:00:00,1,-67.2,-62.59738727876693,3.6037479111959896,3.5849740502380447
2021-05-31 00:00:00,2,-67.7,-62.429823245593035,3.6037479111959896,3.3728964385920928
2021-05-31 00:00:00,4,-60.1,-62.30496186507753,3.6037479111959896,3.400589943415589
2021-05-31 00:00:00,8,-57.7,-62.240373274355576,3.6037479111959896,3.577895492787276
2021-05-31 03:00:00,1,-67.7,-59.98677298670344,3.6037479111959896,3.484587271381913
2021-05-31 03:00:00,2,-63.9,-59.74132928105034,3.6037479111959896,3.287348800305714
2021-05-31 03:00:00,4,-56.3,-59.45914290692576,3.6037479111959896,3.2966553010799866
2021-05-31 03:00:00,8,-58.8,-59.30993723896979,3.6037479111959896,3.4429178593884444
2021-05-31 06:00:00,1,-63.9,-59.26525681109464,3.6037479111959896,3.302296307436204
2021-05-31 06:00:00,2,-60.1,-58.99409626361566,3.6037479111959896,3.147099369752028
2021-05-31 06:00:00,4,-60.0,-58.62814012142096,3.6037479111959896,3.3688590360561244
2021-05-31 06:00:00,8,-58.9,-58.37096593915432,3.6037479111959896,3.426858973497277
2021-05-31 09:00:00,1,-60.1,-55.01915660807521,3.6037479111959896,3.2379636678596757
2021-05-31 09:00:00,2,-56.3,-54.82095957469737,3.6037479111959896,3.069054837779125
2021-05-31 09:00:00,4,-60.0,-54.76516397805389,3.6037479111959896,3.5261163847036596
2021-05-31 09:00:00,8,-59.2,-54.7399320333941,3.6037479111959896,3.4836971779513943
2021-05-31 12:00:00,1,-56.3,-51.84374559796144,3.6037479111959896,3.325524168856489
2021-05-31 12:00:00,2,-60.0,-51.628168324490524,3.6037479111959896,3.150741616580204
2021-05-31 12:00:00,4,-57.7,-51.71759177376431,3.6037479111959896,3.5898815778045092
2021-05-31 12:00:00,8,-63.36666666666667,-51.65000049516773,3.6037479111959896,3.9859188278070135
2021-05-31 15:00:00,1,-60.0,-51.371854510468225,3.6037479111959896,3.6503172201571115
2021-05-31 15:00:00,2,-60.0,-51.13516264027456,3.6037479111959896,3.590747050651021
2021-05-31 15:00:00,4,-58.8,-51.09411704982989,3.6037479111959896,3.8867572729187643
2021-05-31 15:00:00,8,-67.53333333333333,-51.031557750145474,3.6037479111959896,4.0861799243803585
2021-05-31 18:00:00,1,-60.0,-55.362578721566095,3.6037479111959896,3.569984506826198
2021-05-31 18:00:00,2,-57.7,-54.729142170822634,3.6037479111959896,3.45643174736964
2021-05-31 18:00:00,4,-58.9,-53.70460372315558,3.6037479111959896,3.584273989858744
2021-05-31 18:00:00,8,-71.7,-53.02839048827704,3.6037479111959896,4.010574096577921
2021-05-31 21:00:00,1,-57.7,-54.155485947446266,3.6037479111959896,3.7109045850257742
2021-05-31 21:00:00,2,-58.8,-53.49732927793358,3.6037479111959896,3.5882989621323484
2021-05-31 21:00:00,4,-59.2,-52.59219630710004,3.6037479111959896,3.7408523595853462
2021-05-31 21:00:00,8,-71.0,-52.23006521459711,3.6037479111959896,4.442038887331545
2021-06-01 00:00:00,1,-58.8,-52.19903021987223,3.6037479111959896,3.735888545924692
2021-06-01 00:00:00,2,-58.9,-51.88959760547717,3.6037479111959896,3.6869852211119127
2021-06-01 00:00:00,4,-63.36666666666667,-51.668654896229796,3.6037479111959896,3.9803898471075323
2021-06-01 00:00:00,8,-71.6,-51.97320138813179,3.6037479111959896,3.7089425230980413
2021-06-01 03:00:00,1,-58.9,-54.26581194099528,3.6037479111959896,3.5869638853042605
2021-06-01 03:00:00,2,-59.2,-53.96492613449678,3.6037479111959896,3.4945715313784524
2021-06-01 03:00:00,4,-67.53333333333333,-53.676460233996345,3.6037479111959896,3.8787381074340734
2021-06-01 03:00:00,8,-69.1,-53.70705135508026,3.6037479111959896,4.320732216857621
2021-06-01 06:00:00,1,-59.2,-55.796061117143054,3.6037479111959896,3.51680079284206
2021-06-01 06:00:00,2,-63.36666666666667,-55.649146642334365,3.6037479111959896,3.487081941725606
2021-06-01 06:00:00,4,-71.7,-55.6198150470431,3.6037479111959896,3.96823743609878
2021-06-01 06:00:00,8,-66.69999999999999,-55.71447770932622,3.6037479111959896,4.177917899974181
2021-06-01 09:00:00,1,-63.36666666666667,-56.74505854848089,3.6037479111959896,3.4961830865676022
2021-06-01 09:00:00,2,-67.53333333333333,-56.7519858052465,3.6037479111959896,3.5322924522032095
2021-06-01 09:00:00,4,-71.0,-56.90863929193315,3.6037479111959896,4.001108355144989
2021-06-01 09:00:00,8,-64.3,-57.02509314639968,3.6037479111959896,4.0164685869760826
2021-06-01 12:00:00,1,-67.53333333333333,-61.46967858319283,3.6037479111959896,3.4207190370713336
2021-06-01 12:00:00,2,-71.7,-61.38492028776482,3.6037479111959896,3.4631502208646006
2021-06-01 12:00:00,4,-71.6,-61.09042127222702,3.6037479111959896,3.7935531928680004
2021-06-01 12:00:00,8,-61.9,-60.65226588735602,3.6037479111959896,3.7906318612668133
2021-06-01 15:00:00,1,-71.7,-64.88470052822879,3.6037479111959896,3.5489400993041254
2021-06-01 15:00:00,2,-71.0,-64.635802740831,3.6037479111959896,3.5093567052809878
2021-06-01 15:00:00,4,-69.1,-63.97617543873568,3.6037479111959896,3.6541480737222174
2021-06-01 15:00:00,8,-59.5,-63.19520424195664,3.6037479111959896,3.918640755916854
2021-06-01 18:00:00,1,-71.0,-65.29986904952395,3.6037479111959896,3.633529081098893
2021-06-01 18:00:00,2,-71.6,-64.89918259812205,3.6037479111959896,3.6319156530391137
2021-06-01 18:00:00,4,-66.69999999999999,-64.13810875667495,3.6037479111959896,3.6882972236406415
2021-06-01 18:00:00,8,-57.6,-63.49720655480132,3.6037479111959896,3.8023845710241093
2021-06-01 21:00:00,1,-71.6,-64.1077670189961,3.6037479111959896,3.7105760795183245
2021-06-01 21:00:00,2,-69.1,-63.64988359652574,3.6037479111959896,3.7649811717537855
2021-06-01 21:00:00,4,-64.3,-63.12123328734663,3.6037479111959896,3.9191202907782805
2021-06-01 21:00:00,8,-58.6,-62.92083530357046,3.6037479111959896,3.6316942544036146
2021-06-02 00:00:00,1,-69.1,-63.74988985439908,3.6037479111959896,3.6961550823104625
2021-06-02 00:00:00,2,-66.69999999999999,-63.39296807411441,3.6037479111959896,3.699814178309285
2021-06-02 00:00:00,4,-61.9,-62.99503609799619,3.6037479111959896,3.928934452798525
2021-06-02 00:00:00,8,-61.2,-62.902425782782274,3.6037479111959896,3.3152356440303645
2021-06-02 03:00:00,1,-66.69999999999999,-62.63697664664876,3.6037479111959896,3.6562954765270637
2021-06-02 03:00:00,2,-64.3,-62.405481840156526,3.6037479111959896,3.6952633292899555
2021-06-02 03:00:00,4,-59.5,-62.35237083020073,3.6037479111959896,4.0460902021152565
2021-06-02 03:00:00,8,-62.0,-62.521847073001325,3.6037479111959896,3.4395526107928935
2021-06-02 06:00:00,1,-64.3,-60.891648018182664,3.6037479111959896,3.4878138075805105
2021-06-02 06:00:00,2,-61.9,-60.72971181823942,3.6037479111959896,3.593002600070944
2021-06-02 06:00:00,4,-57.6,-60.915200475035434,3.6037479111959896,4.093059291458946
2021-06-02 06:00:00,8,-62.3,-61.14976245424088,3.6037479111959896,3.465279694765554
2021-06-02 09:00:00,1,-61.9,-59.53775749041448,3.6037479111959896,3.4747884655678276
2021-06-02 09:00:00,2,-59.5,-59.49428318119611,3.6037479111959896,3.5801022805040645
2021-06-02 09:00:00,4,-58.6,-59.89313523707819,3.6037479111959896,4.071565348330621
2021-06-02 09:00:00,8,-62.4,-60.2112753310905,3.6037479111959896,3.670723492001022
2021-06-02 12:00:00,1,-59.5,-58.31547151192454,3.6037479111959896,3.4057257545832478
2021-06-02 12:00:00,2,-57.6,-58.34327564511762,3.6037479111959896,3.529275277613929
2021-06-02 12:00:00,4,-61.2,-58.78689314799164,3.6037479111959896,4.028693700023369
2021-06-02 12:00:00,8,-62.0,-59.031665346722335,3.6037479111959896,3.863026522406853
2021-06-02 15:00:00,1,-57.6,-59.927570861380595,3.6037479111959896,3.718738729554313
2021-06-02 15:00:00,2,-58.6,-60.012085627474086,3.6037479111959896,3.8133246682087854
2021-06-02 15:00:00,4,-62.0,-60.51431228335642,3.6037479111959896,4.1312127454238485
2021-06-02 15:00:00,8,-62.5,-60.876924580457846,3.6037479111959896,3.9336541934255234
2021-06-02 18:00:00,1,-58.6,-58.604760584805724,3.6037479111959896,3.772671191889103
2021-06-02 18:00:00,2,-61.2,-58.67420967520428,3.6037479111959896,3.9052115936703338
2021-06-02 18:00:00,4,-62.3,-59.171175232859724,3.6037479111959896,4.2058296175536
2021-06-02 18:00:00,8,-63.5,-59.653273252592406,3.6037479111959896,3.7903231108787447
2021-06-02 21:00:00,1,-61.2,-59.282383840121135,3.6037479111959896,3.856928775557726
2021-06-02 21:00:00,2,-62.0,-59.28710816511069,3.6037479111959896,3.8599716504642587
2021-06-02 21:00:00,4,-62.4,-59.601398622334955,3.6037479111959896,3.924173442367474
2021-06-02 21:00:00,8,-63.3,-60.0481243664786,3.6037479111959896,3.670931867187374
2021-06-03 00:00:00,1,-62.0,-61.23580107992761,3.6037479111959896,3.699964301220537
2021-06-03 00:00:00,2,-62.3,-61.22990522032878,3.6037479111959896,3.6141058663849397
2021-06-03 00:00:00,4,-62.0,-61.488752405893536,3.6037479111959896,3.700217212070758
2021-06-03 00:00:00,8,-63.2,-61.880910287080184,3.6037479111959896,3.7702891670490097
2021-06-03 03:00:00,1,-62.3,-61.28760798309203,3.6037479111959896,3.531644805541458
2021-06-03 03:00:00,2,-62.4,-61.36575712294139,3.6037479111959896,3.4739882166073714
2021-06-03 03:00:00,4,-62.5,-61.85935794097486,3.6037479111959896,3.686112416743363
2021-06-03 03:00:00,8,-61.4,-62.33559324415424,3.6037479111959896,4.136316977726585
2021-06-03 06:00:00,1,-62.4,-61.361337569870486,3.6037479111959896,3.50640626753731
2021-06-03 06:00:00,2,-62.0,-61.56465430315598,3.6037479111959896,3.45585431669395
2021-06-03 06:00:00,4,-63.5,-62.23157595727117,3.6037479111959896,3.7601159337394385
2021-06-03 06:00:00,8,-59.7,-62.75943947936951,3.6037479111959896,4.002715798016777
2021-06-03 09:00:00,1,-62.0,-61.5592944962935,3.6037479111959896,3.51732374364399
2021-06-03 09:00:00,2,-62.5,-61.789738812342726,3.6037479111959896,3.4911928727625923
2021-06-03 09:00:00,4,-63.3,-62.448577886355295,3.6037479111959896,3.8134195247739133
2021-06-03 09:00:00,8,-60.5,-62.89446280584395,3.6037479111959896,3.9071515943817534
2021-06-03 12:00:00,1,-62.5,-62.28625910038652,3.6037479111959896,3.55455143299115
2021-06-03 12:00:00,2,-63.5,-62.5603124593392,3.6037479111959896,3.5357197921253998
2021-06-03 12:00:00,4,-63.2,-63.258761795762304,3.6037479111959896,3.796960177819006
2021-06-03 12:00:00,8,-58.8,-63.646546235941386,3.6037479111959896,3.854401799861927
2021-06-03 15:00:00,1,-63.5,-64.02233865764767,3.6037479111959896,3.6402210877992967
2021-06-03 15:00:00,2,-63.3,-64.31254708979172,3.6037479111959896,3.6190833300066236
2021-06-03 15:00:00,4,-61.4,-64.99268777556519,3.6037479111959896,3.704516616544274
2021-06-03 15:00:00,8,-57.75,-65.3506009652117,3.6037479111959896,3.680700507120784
2021-06-03 18:00:00,1,-63.3,-63.72471338831549,3.6037479111959896,3.694828636683319
2021-06-03 18:00:00,2,-63.2,-63.92662226266709,3.6037479111959896,3.665150268898553
2021-06-03 18:00:00,4,-59.7,-64.4361490345772,3.6037479111959896,3.7148015422595804
2021-06-03 18:00:00,8,-56.7,-64.74101389785403,3.6037479111959896,3.6315068207102104
2021-06-03 21:00:00,1,-63.2,-62.92764547892524,3.6037479111959896,3.6858709097424205
2021-06-03 21:00:00,2,-61.4,-63.11936286677733,3.6037479111959896,3.666894611281846
2021-06-03 21:00:00,4,-60.5,-63.6813802972911,3.6037479111959896,3.7227430469308316
2021-06-03 21:00:00,8,-55.5,-64.08205450017617,3.6037479111959896,3.638054736342493
2021-06-04 00:00:00,1,-61.4,-63.11613934534935,3.6037479111959896,3.6583817011130155
2021-06-04 00:00:00,2,-59.7,-63.337944854531905,3.6037479111959896,3.621511130204312
2021-06-04 00:00:00,4,-58.8,-63.96320353891686,3.6037479111959896,3.6616839319441423
2021-06-04 00:00:00,8,-55.8,-64.41782669440877,3.6037479111959896,3.6502314480142903
2021-06-04 03:00:00,1,-59.7,-62.144037248523844,3.6037479111959896,3.6570930061593465
2021-06-04 03:00:00,2,-60.5,-62.42866756200553,3.6037479111959896,3.606806469743791
2021-06-04 03:00:00,4,-57.75,-63.2331804081225,3.6037479111959896,3.6614678519946304
2021-06-04 03:00:00,8,-60.93333333333333,-63.80939819264255,3.6037479111959896,3.7573624140126745
2021-06-04 06:00:00,1,-60.5,-61.53761390101201,3.6037479111959896,3.6566046001562538
2021-06-04 06:00:00,2,-58.8,-61.8952201572369,3.6037479111959896,3.606001255343409
2021-06-04 06:00:00,4,-56.7,-62.85880665286497,3.6037479111959896,3.659295935246098
2021-06-04 06:00:00,8,-66.06666666666666,-63.482496806595314,3.6037479111959896,3.865500257922618
2021-06-04 09:00:00,1,-58.8,-62.75623541146825,3.6037479111959896,3.6264594143682864
2021-06-04 09:00:00,2,-57.75,-63.05971258983888,3.6037479111959896,3.5887364540473987
2021-06-04 09:00:00,4,-55.5,-63.83383758621366,3.6037479111959896,3.651103225969755
2021-06-04 09:00:00,8,-71.2,-64.25012576604682,3.6037479111959896,3.80631743938586
2021-06-04 12:00:00,1,-57.75,-62.36146139118795,3.6037479111959896,3.6705676238425
2021-06-04 12:00:00,2,-56.7,-62.697172342836424,3.6037479111959896,3.601807997978959
2021-06-04 12:00:00,4,-55.8,-63.53450689103883,3.6037479111959896,3.7447464908506576
2021-06-04 12:00:00,8,-72.0,-63.997613225183635,3.6037479111959896,3.8295228530186693
2021-06-04 15:00:00,1,-56.7,-61.652635399510984,3.6037479111959896,3.659068444782288
2021-06-04 15:00:00,2,-55.5,-62.01507693787785,3.6037479111959896,3.613220858364707
2021-06-04 15:00:00,4,-60.93333333333333,-62.90931593374691,3.6037479111959896,3.7916152449827516
2021-06-04 15:00:00,8,-72.6,-63.40151105434945,3.6037479111959896,3.8371800812554184
2021-06-04 18:00:00,1,-55.5,-62.03013468806189,3.6037479111959896,3.7500974888551433
2021-06-04 18:00:00,2,-55.8,-62.400961416947055,3.6037479111959896,3.7091182530162654
2021-06-04 18:00:00,4,-66.06666666666666,-63.300144490607536,3.6037479111959896,3.8374439627286154
2021-06-04 18:00:00,8,-72.5,-63.86521252231176,3.6037479111959896,3.818408292269576
2021-06-04 21:00:00,1,-55.8,-61.70113520313261,3.6037479111959896,3.741986825975422
2021-06-04 21:00:00,2,-60.93333333333333,-62.0978574580891,3.6037479111959896,3.715375907026055
2021-06-04 21:00:00,4,-71.2,-63.09448612910546,3.6037479111959896,3.823414335497167
2021-06-04 21:00:00,8,-72.3,-63.80286468966782,3.6037479111959896,3.7669283706868417
2021-06-05 00:00:00,1,-60.93333333333333,-61.75262508586155,3.6037479111959896,3.6974279944966906
2021-06-05 00:00:00,2,-66.06666666666666,-62.1862730165409,3.6037479111959896,3.6683246579804023
2021-06-05 00:00:00,4,-72.0,-63.307247909865126,3.6037479111959896,3.7679922411847144
2021-06-05 00:00:00,8,-71.8,-64.14015714098872,3.6037479111959896,3.7124494566894812
2021-06-05 03:00:00,1,-66.06666666666666,-65.55366120014486,3.6037479111959896,3.5032474746023414
2021-06-05 03:00:00,2,-71.2,-65.82605812732218,3.6037479111959896,3.575527584043052
2021-06-05 03:00:00,4,-72.6,-66.52923683224178,3.6037479111959896,3.7230134201335425
2021-06-05 03:00:00,8,-71.5,-67.00398934438432,3.6037479111959896,3.614565379526183
2021-06-05 06:00:00,1,-71.2,-67.37871470412483,3.6037479111959896,3.4858717140528004
2021-06-05 06:00:00,2,-72.0,-67.57507860285959,3.6037479111959896,3.524831255535709
2021-06-05 06:00:00,4,-72.5,-68.11230431481829,3.6037479111959896,3.6205848323849676
2021-06-05 06:00:00,8,-71.1,-68.30453686087802,3.6037479111959896,3.7601310899949967
2021-06-05 09:00:00,1,-72.0,-70.73120004525754,3.6037479111959896,3.5827967281582644
2021-06-05 09:00:00,2,-72.6,-70.80881529387352,3.6037479111959896,3.58193077543031
2021-06-05 09:00:00,4,-72.3,-71.02271906870189,3.6037479111959896,3.767136265991751
2021-06-05 09:00:00,8,-72.4,-70.89996011007437,3.6037479111959896,3.8482576644733615
2021-06-05 12:00:00,1,-72.6,-69.73969413627805,3.6037479111959896,3.594216706785409
2021-06-05 12:00:00,2,-72.5,-69.7675487045404,3.6037479111959896,3.5479868148186617
2021-06-05 12:00:00,4,-71.8,-69.96297451098656,3.6037479111959896,3.752776826908926
2021-06-05 12:00:00,8,-74.0,-69.87229513842507,3.6037479111959896,3.8211036263714404
2021-06-05 15:00:00,1,-72.5,-69.41509547139394,3.6037479111959896,3.7220122274840723
2021-06-05 15:00:00,2,-72.3,-69.49343122099964,3.6037479111959896,3.676082314739028
2021-06-05 15:00:00,4,-71.5,-69.71659055154187,3.6037479111959896,3.8596648462620404
2021-06-05 15:00:00,8,-75.1,-69.69042916060535,3.6037479111959896,3.692222713825214
2021-06-05 18:00:00,1,-72.3,-69.1528777821993,3.6037479111959896,3.8198046672869186
2021-06-05 18:00:00,2,-71.8,-69.24145761487675,3.6037479111959896,3.8071670161595903
2021-06-05 18:00:00,4,-71.1,-69.50361045898232,3.6037479111959896,3.9448160758168602
2021-06-05 18:00:00,8,-74.0,-69.53188147681674,3.6037479111959896,3.6040649070629684
2021-06-05 21:00:00,1,-71.8,-68.76680741387474,3.6037479111959896,3.8708250224082486
2021-06-05 21:00:00,2,-71.5,-68.8715898728089,3.6037479111959896,3.882609657611509
2021-06-05 21:00:00,4,-72.4,-69.1982347605038,3.6037479111959896,3.9618275530314078
2021-06-05 21:00:00,8,-74.7,-69.31811747918039,3.6037479111959896,3.552469760613882
2021-06-06 00:00:00,1,-71.5,-68.3921267251956,3.6037479111959896,3.757296257023814
2021-06-06 00:00:00,2,-71.1,-68.5115454412348,3.6037479111959896,3.77139534709406
2021-06-06 00:00:00,4,-74.0,-68.90689298030293,3.6037479111959896,3.876079724203279
2021-06-06 00:00:00,8,-74.0,-69.10412003922335,3.6037479111959896,3.5825842544011555
2021-06-06 03:00:00,1,-71.1,-67.60392746248775,3.6037479111959896,3.558018263157044
2021-06-06 03:00:00,2,-72.4,-67.70858023124376,3.6037479111959896,3.5568541440928354
2021-06-06 03:00:00,4,-75.1,-68.10807353300667,3.6037479111959896,3.7865100129270104
2021-06-06 03:00:00,8,-73.5,-68.31387743570868,3.6037479111959896,3.656820593460505
2021-06-06 06:00:00,1,-72.4,-66.82978949709516,3.6037479111959896,3.4970513387274687
2021-06-06 06:00:00,2,-74.0,-66.95284674313243,3.6037479111959896,3.4800582369731554
2021-06-06 06:00:00,4,-74.0,-67.3887066118502,3.6037479111959896,3.764654292511224
2021-06-06 06:00:00,8,-73.7,-67.60159303928107,3.6037479111959896,3.7238823387954123
2021-06-06 09:00:00,1,-74.0,-67.974678538769,3.6037479111959896,3.535679368778892
2021-06-06 09:00:00,2,-75.1,-68.07080489881272,3.6037479111959896,3.4831481935812105
2021-06-06 09:00:00,4,-74.7,-68.37333605938386,3.6037479111959896,3.712311744045533
2021-06-06 09:00:00,8,-73.0,-68.4149060844864,3.6037479111959896,3.7631473981316725
2021-06-06 12:00:00,1,-75.1,-68.38773166915834,3.6037479111959896,3.581308855745891
2021-06-06 12:00:00,2,-74.0,-68.45026539105763,3.6037479111959896,3.5155751956330556
2021-06-06 12:00:00,4,-74.0,-68.66155807029926,3.6037479111959896,3.712202597677451
2021-06-06 12:00:00,8,-72.1,-68.61480187907274,3.6037479111959896,3.745410060245271
2021-06-06 15:00:00,1,-74.0,-68.1545429648393,3.6037479111959896,3.6168648047729914
2021-06-06 15:00:00,2,-74.7,-68.17220388509917,3.6037479111959896,3.5392597442260896
2021-06-06 15:00:00,4,-73.5,-68.30222693470499,3.6037479111959896,3.725090307026426
2021-06-06 15:00:00,8,-71.7,-68.22598496097541,3.6037479111959896,3.6921412939404754
2021-06-06 18:00:00,1,-74.7,-66.79804134148439,3.6037479111959896,3.6575381828424964
2021-06-06 18:00:00,2,-74.0,-66.84712330990571,3.6037479111959896,3.578092550353046
2021-06-06 18:00:00,4,-73.7,-67.09041487910252,3.6037479111959896,3.7493422221148984
2021-06-06 18:00:00,8,-70.0,-67.17531871573047,3.6037479111959896,3.6471430510209237
2021-06-06 21:00:00,1,-74.0,-66.84278012993971,3.6037479111959896,3.7068185944937557
2021-06-06 21:00:00,2,-73.5,-66.8834927588645,3.6037479111959896,3.6035176022778335
2021-06-06 21:00:00,4,-73.0,-67.0785727248356,3.6037479111959896,3.706903360218552
2021-06-06 21:00:00,8,-66.85,-67.13627620809983,3.6037479111959896,3.6380701858589326
2021-06-07 00:00:00,1,-73.5,-66.32723285175953,3.6037479111959896,3.6781519034349737
2021-06-07 00:00:00,2,-73.7,-66.3897752196707,3.6037479111959896,3.5710775367867207
2021-06-07 00:00:00,4,-72.1,-66.6509380954164,3.6037479111959896,3.6829990392549075
2021-06-07 00:00:00,8,-63.7,-66.77404865852691,3.6037479111959896,3.685155206561099
2021-06-07 03:00:00,1,-73.7,-66.08657111117518,3.6037479111959896,3.640402069753308
2021-06-07 03:00:00,2,-73.0,-66.17903732619115,3.6037479111959896,3.5408682801611637
2021-06-07 03:00:00,4,-71.7,-66.5043680200808,3.6037479111959896,3.6751936876129165
2021-06-07 03:00:00,8,-60.55,-66.65294685217572,3.6037479111959896,3.7302897291452917
2021-06-07 06:00:00,1,-73.0,-66.39048707464853,3.6037479111959896,3.588955033379423
2021-06-07 06:00:00,2,-72.1,-66.46632556782389,3.6037479111959896,3.5071288823444076
2021-06-07 06:00:00,4,-70.0,-66.72553588588745,3.6037479111959896,3.678948799890353
2021-06-07 06:00:00,8,-57.4,-66.77483256360371,3.6037479111959896,3.769136838405242
2021-06-07 09:00:00,1,-72.1,-65.90866932980086,3.6037479111959896,3.569412354846375
2021-06-07 09:00:00,2,-71.7,-65.98600790603679,3.6037479111959896,3.4886779474230156
2021-06-07 09:00:00,4,-66.85,-66.24104940537387,3.6037479111959896,3.690475178897325
2021-06-07 09:00:00,8,-59.2,-66.27642456296687,3.6037479111959896,3.792741433417945
2021-06-07 12:00:00,1,-71.7,-67.08030336821288,3.6037479111959896,3.5367780040212633
2021-06-07 12:00:00,2,-70.0,-67.1990073472703,3.6037479111959896,3.467081836202585
2021-06-07 12:00:00,4,-63.7,-67.52425302204315,3.6037479111959896,3.7059607131050627
2021-06-07 12:00:00,8,-60.0,-67.58797268857151,3.6037479111959896,3.719612287070127
2021-06-07 15:00:00,1,-70.0,-67.5475482600426,3.6037479111959896,3.5901596024502194
2021-06-07 15:00:00,2,-66.85,-67.64793998594544,3.6037479111959896,3.519835703049652
2021-06-07 15:00:00,4,-60.55,-67.94355721901927,3.6037479111959896,3.7312716065667026
2021-06-07 15:00:00,8,-59.6,-68.00427816042844,3.6037479111959896,3.7094546232473555
2021-06-07 18:00:00,1,-66.85,-67.32946990247984,3.6037479111959896,3.613361763553252
2021-06-07 18:00:00,2,-63.7,-67.47050364821048,3.6037479111959896,3.5509698111852064
2021-06-07 18:00:00,4,-57.4,-67.88267056238247,3.6037479111959896,3.745522232532448
2021-06-07 18:00:00,8,-61.4,-68.09226574129235,3.6037479111959896,3.672313779111242
2021-06-07 21:00:00,1,-63.7,-64.85451297776174,3.6037479111959896,3.603554079932481
2021-06-07 21:00:00,2,-60.55,-65.1415274290184,3.6037479111959896,3.5618773030918747
2021-06-07 21:00:00,4,-59.2,-65.98022948809927,3.6037479111959896,3.7725546473487834
2021-06-07 21:00:00,8,-61.6,-66.58691149546642,3.6037479111959896,3.6251046690660775
2021-06-08 00:00:00,1,-60.55,-62.86959399368297,3.6037479111959896,3.647707851483649
2021-06-08 00:00:00,2,-57.4,-63.280743560457495,3.6037479111959896,3.6077783629651905
2021-06-08 00:00:00,4,-60.0,-64.50530416057197,3.6037479111959896,3.7311289484778887
2021-06-08 00:00:00,8,-62.7,-65.43956842742162,3.6037479111959896,3.6662308352716115
2021-06-08 03:00:00,1,-57.4,-61.15424469089789,3.6037479111959896,3.655509977255943
2021-06-08 03:00:00,2,-59.2,-61.63905035334992,3.6037479111959896,3.616480559702995
2021-06-08 03:00:00,4,-59.6,-63.10296138224747,3.6037479111959896,3.759419025914614
2021-06-08 03:00:00,8,-62.7,-64.21554748254846,3.6037479111959896,3.7292212064634356
2021-06-08 06:00:00,1,-59.2,-55.75843691571067,3.6037479111959896,3.82602571700668
2021-06-08 06:00:00,2,-60.0,-56.17275272408449,3.6037479111959896,3.687181452631762
2021-06-08 06:00:00,4,-61.4,-57.63150208389173,3.6037479111959896,3.613939320864323
2021-06-08 06:00:00,8,-59.7,-58.69908064886823,3.6037479111959896,3.706448672551813
2021-06-08 09:00:00,1,-60.0,-59.577171776555815,3.6037479111959896,3.6807982229795067
2021-06-08 09:00:00,2,-59.6,-59.77685790535414,3.6037479111959896,3.5895052774383935
2021-06-08 09:00:00,4,-61.6,-60.56587277518235,3.6037479111959896,3.793927153812084
2021-06-08 09:00:00,8,-59.6,-60.95314854166269,3.6037479111959896,3.8664921995242802
2021-06-08 12:00:00,1,-59.6,-58.904904005096945,3.6037479111959896,3.7250015822797296
2021-06-08 12:00:00,2,-61.4,-58.82015723768477,3.6037479111959896,3.519808763038673
2021-06-08 12:00:00,4,-62.7,-58.867004932536986,3.6037479111959896,3.797045116834323
2021-06-08 12:00:00,8,-60.9,-58.72732572866701,3.6037479111959896,3.9906228656468112
2021-06-08 15:00:00,1,-61.4,-57.522322407417356,3.6037479111959896,3.812026215665786
2021-06-08 15:00:00,2,-61.6,-57.42485051177534,3.6037479111959896,3.65626361106628
2021-06-08 15:00:00,4,-62.7,-57.407164734231316,3.6037479111959896,3.785736057470589
2021-06-08 15:00:00,8,-60.1,-57.36127098268949,3.6037479111959896,3.6009359734177533
2021-06-08 18:00:00,1,-61.6,-58.01030403823204,3.6037479111959896,3.6756831933443146
2021-06-08 18:00:00,2,-62.7,-57.765538324010265,3.6037479111959896,3.515942518217185
2021-06-08 18:00:00,4,-59.7,-57.34620098398862,3.6037479111959896,3.639966130787925
2021-06-08 18:00:00,8,-60.5,-57.111128890082455,3.6037479111959896,3.6360526776295345
2021-06-08 21:00:00,1,-62.7,-57.394976018988324,3.6037479111959896,3.6685674046750707
2021-06-08 21:00:00,2,-62.7,-57.13112387329851,3.6037479111959896,3.488620095049118
2021-06-08 21:00:00,4,-59.6,-56.71010020071044,3.6037479111959896,3.6908329838328453
2021-06-08 21:00:00,8,-58.1,-56.49267641829684,3.6037479111959896,4.074242180336871
2021-06-09 00:00:00,1,-62.7,-57.74028764632473,3.6037479111959896,3.5197973858494747
2021-06-09 00:00:00,2,-59.7,-57.551202608838565,3.6037479111959896,3.334155023219846
2021-06-09 00:00:00,4,-60.9,-57.21506692185666,3.6037479111959896,3.6144002336597736
2021-06-09 00:00:00,8,-59.53333333333333,-57.075418699529244,3.6037479111959896,3.9961627769791486
2021-06-09 03:00:00,1,-59.7,-56.85880764223204,3.6037479111959896,3.3788864120672653
2021-06-09 03:00:00,2,-59.6,-56.68161555433259,3.6037479111959896,3.184835913383745
2021-06-09 03:00:00,4,-60.1,-56.437573943605464,3.6037479111959896,3.5992657560547716
2021-06-09 03:00:00,8,-60.96666666666667,-56.31828311649193,3.6037479111959896,4.096058763755016
2021-06-09 06:00:00,1,-59.6,-53.98418287438625,3.6037479111959896,3.3020508214183013
2021-06-09 06:00:00,2,-60.9,-53.888095691583835,3.6037479111959896,3.191486430334436
2021-06-09 06:00:00,4,-60.5,-53.94034065935,3.6037479111959896,3.7757673069756694
2021-06-09 06:00:00,8,-62.4,-54.08029122190523,3.6037479111959896,3.8554840924751743
2021-06-09 09:00:00,1,-60.9,-54.262890849857726,3.6037479111959896,3.355143837809813
2021-06-09 09:00:00,2,-60.1,-54.15541840047848,3.6037479111959896,3.3037925777738213
2021-06-09 09:00:00,4,-58.1,-54.13097396340044,3.6037479111959896,3.849311830702064
2021-06-09 09:00:00,8,-59.4,-53.937837188598614,3.6037479111959896,4.132587019234758
2021-06-09 12:00:00,1,-60.1,-56.557244834991074,3.6037479111959896,3.401994516407574
2021-06-09 12:00:00,2,-60.5,-56.42013097489498,3.6037479111959896,3.3755056073149543
2021-06-09 12:00:00,4,-59.53333333333333,-56.24096939754015,3.6037479111959896,3.8493050857017894
2021-06-09 12:00:00,8,-61.0,-56.05955157133602,3.6037479111959896,3.616643259507052
2021-06-09 15:00:00,1,-60.5,-55.81845680965684,3.6037479111959896,3.5779125881471003
2021-06-09 15:00:00,2,-58.1,-55.69807406329339,3.6037479111959896,3.5743333724133888
2021-06-09 15:00:00,4,-60.96666666666667,-55.63675330481029,3.6037479111959896,3.9397281594831677
2021-06-09 15:00:00,8,-61.0,-55.59291081958618,3.6037479111959896,3.667719040934987
2021-06-09 18:00:00,1,-58.1,-56.97617184969907,3.6037479111959896,3.7605740472264753
2021-06-09 18:00:00,2,-59.53333333333333,-56.89302315348208,3.6037479111959896,3.752461758081865
2021-06-09 18:00:00,4,-62.4,-56.88145154733677,3.6037479111959896,3.973139798274718
2021-06-09 18:00:00,8,-62.1,-56.9675258378225,3.6037479111959896,3.539480323064124
2021-06-09 21:00:00,1,-59.53333333333333,-56.223780405428535,3.6037479111959896,3.8384632042523386
2021-06-09 21:00:00,2,-60.96666666666667,-56.24951922253459,3.6037479111959896,3.8128359356197112
2021-06-09 21:00:00,4,-59.4,-56.549999477038504,3.6037479111959896,3.9830000289134393
2021-06-09 21:00:00,8,-65.1,-56.971599910668836,3.6037479111959896,3.575817826087049
2021-06-10 00:00:00,1,-60.96666666666667,-57.91369782452917,3.6037479111959896,3.7435637163953737
2021-06-10 00:00:00,2,-62.4,-57.871298502787454,3.6037479111959896,3.6026208638223403
2021-06-10 00:00:00,4,-61.0,-57.95777987633237,3.6037479111959896,3.727019737016071
2021-06-10 00:00:00,8,-64.2,-58.06883393613148,3.6037479111959896,3.652308408222394
2021-06-10 03:00:00,1,-62.4,-58.973175796878316,3.6037479111959896,3.500389753952361
2021-06-10 03:00:00,2,-59.4,-58.8893145251825,3.6037479111959896,3.357873909996097
2021-06-10 03:00:00,4,-61.0,-58.870045446713576,3.6037479111959896,3.65616058985161
2021-06-10 03:00:00,8,-62.7,-58.8731327934545,3.6037479111959896,3.667983448944767
2021-06-10 06:00:00,1,-59.4,-58.00597598878683,3.6037479111959896,3.526819197736235
2021-06-10 06:00:00,2,-61.0,-57.946282842039494,3.6037479111959896,3.427206114400743
2021-06-10 06:00:00,4,-62.1,-57.97610185625031,3.6037479111959896,3.7539764505348567
2021-06-10 06:00:00,8,-62.8,-57.985734233981795,3.6037479111959896,3.786678131392355
2021-06-10 09:00:00,1,-61.0,-55.11697794669723,3.6037479111959896,3.5196854001828584
2021-06-10 09:00:00,2,-61.0,-55.14399133005409,3.6037479111959896,3.4148053380854333
2021-06-10 09:00:00,4,-65.1,-55.479042843171726,3.6037479111959896,3.8394860982070402
2021-06-10 09:00:00,8,-63.2,-55.72890754289772,3.6037479111959896,3.82268595544774
2021-06-10 12:00:00,1,-61.0,-56.590138947425984,3.6037479111959896,3.547681670206432
2021-06-10 12:00:00,2,-62.1,-56.574599902580815,3.6037479111959896,3.4660489447178313
2021-06-10 12:00:00,4,-64.2,-56.68448891227957,3.6037479111959896,3.8231319519283544
2021-06-10 12:00:00,8,-64.4,-56.65222379720868,3.6037479111959896,3.9005886824543934
2021-06-10 15:00:00,1,-62.1,-58.21296727711987,3.6037479111959896,3.605950061324526
2021-06-10 15:00:00,2,-65.1,-58.30986313222061,3.6037479111959896,3.489288223317435
2021-06-10 15:00:00,4,-62.7,-58.65617913793668,3.6037479111959896,3.8227155747967725
2021-06-10 15:00:00,8,-62.9,-58.870854569325026,3.6037479111959896,3.6460279998342076
2021-06-10 18:00:00,1,-65.1,-59.89503231618411,3.6037479111959896,3.662590587949446
2021-06-10 18:00:00,2,-64.2,-60.03755966046642,3.6037479111959896,3.558944667616709
2021-06-10 18:00:00,4,-62.8,-60.460597493571235,3.6037479111959896,3.816349840822107
2021-06-10 18:00:00,8,-62.2,-60.82822015455514,3.6037479111959896,3.530059837117225
2021-06-10 21:00:00,1,-64.2,-61.879117680617775,3.6037479111959896,3.7349783707888102
2021-06-10 21:00:00,2,-62.7,-61.91251218099005,3.6037479111959896,3.625956751887341
2021-06-10 21:00:00,4,-63.2,-62.10104279296463,3.6037479111959896,3.8205318476327395
2021-06-10 21:00:00,8,-63.9,-62.3051246983012,3.6037479111959896,3.6766394304336534
2021-06-11 00:00:00,1,-62.7,-61.338945119611154,3.6037479111959896,3.825339726484671
2021-06-11 00:00:00,2,-62.8,-61.4405825917252,3.6037479111959896,3.6944862945942782
2021-06-11 00:00:00,4,-64.4,-61.93048868068342,3.6037479111959896,3.8684803483404275
2021-06-11 00:00:00,8,-65.0,-62.376913975914356,3.6037479111959896,3.758462408919133
2021-06-11 03:00:00,1,-62.8,-60.844959554049176,3.6037479111959896,3.6990890241295546
2021-06-11 03:00:00,2,-63.2,-61.004790450100465,3.6037479111959896,3.5942771918422203
2021-06-11 03:00:00,4,-62.9,-61.5620475305752,3.6037479111959896,3.8050657486234214
2021-06-11 03:00:00,8,-66.8,-62.078135184497654,3.6037479111959896,3.704939778666251
2021-06-11 06:00:00,1,-63.2,-62.64700457942361,3.6037479111959896,3.620465221935432
2021-06-11 06:00:00,2,-64.4,-62.84936664889773,3.6037479111959896,3.5511805857787704
2021-06-11 06:00:00,4,-62.2,-63.45393758836502,3.6037479111959896,3.7531604388020194
2021-06-11 06:00:00,8,-67.1,-63.90603610838897,3.6037479111959896,3.7791500445837904
2021-06-11 09:00:00,1,-64.4,-62.73066339034131,3.6037479111959896,3.5974935039000853
2021-06-11 09:00:00,2,-62.9,-62.881755329888364,3.6037479111959896,3.5262381612847062
2021-06-11 09:00:00,4,-63.9,-63.345062683809296,3.6037479111959896,3.7817421775154445
2021-06-11 09:00:00,8,-68.5,-63.66954174552911,3.6037479111959896,3.797003887020391
2021-06-11 12:00:00,1,-62.9,-63.93485830948051,3.6037479111959896,3.6191293786300407
2021-06-11 12:00:00,2,-62.2,-64.08290469134404,3.6037479111959896,3.527470870070087
2021-06-11 12:00:00,4,-65.0,-64.5137282581437,3.6037479111959896,3.792718918980269
2021-06-11 12:00:00,8,-68.8,-64.77173606005545,3.6037479111959896,3.780117725512528
2021-06-11 15:00:00,1,-62.2,-62.41963752310144,3.6037479111959896,3.7269396234752588
2021-06-11 15:00:00,2,-63.9,-62.590748582647706,3.6037479111959896,3.6067486173698935
2021-06-11 15:00:00,4,-66.8,-63.11845647653227,3.6037479111959896,3.8095937499540735
2021-06-11 15:00:00,8,-68.2,-63.47898940777739,3.6037479111959896,3.774436729036105
2021-06-11 18:00:00,1,-63.9,-61.9280238467976,3.6037479111959896,3.7512328083677837
2021-06-11 18:00:00,2,-65.0,-62.12655429200843,3.6037479111959896,3.6318758228793886
2021-06-11 18:00:00,4,-67.1,-62.70507335668963,3.6037479111959896,3.7995020831596817
2021-06-11 18:00:00,8,-67.0,-63.139983605102955,3.6037479111959896,3.7500954226989327
2021-06-11 21:00:00,1,-65.0,-61.965059759171886,3.6037479111959896,3.6966683155131825
2021-06-11 21:00:00,2,-66.8,-62.00166913496026,3.6037479111959896,3.5795305684155636
2021-06-11 21:00:00,4,-68.5,-62.13579399670053,3.6037479111959896,3.7549895335800683
2021-06-11 21:00:00,8,-64.6,-62.241031812260175,3.6037479111959896,3.7278581298861835
2021-06-12 00:00:00,1,-66.8,-62.1899504535924,3.6037479111959896,3.6449756664860145
2021-06-12 00:00:00,2,-67.1,-62.18872127890395,3.6037479111959896,3.5246980884354238
2021-06-12 00:00:00,4,-68.8,-62.26505907926517,3.6037479111959896,3.701638420952749
2021-06-12 00:00:00,8,-66.1,-62.304704646224195,3.6037479111959896,3.773841982638366
2021-06-12 03:00:00,1,-67.1,-62.33049714065399,3.6037479111959896,3.560031152527558
2021-06-12 03:00:00,2,-68.5,-62.296957819582786,3.6037479111959896,3.465003389695013
2021-06-12 03:00:00,4,-68.2,-62.31306894221379,3.6037479111959896,3.7147676173076056
2021-06-12 03:00:00,8,-68.0,-62.294772540080984,3.6037479111959896,3.772421920139821
2021-06-12 06:00:00,1,-68.5,-61.751637279004655,3.6037479111959896,3.5363342669824407
2021-06-12 06:00:00,2,-68.8,-61.70583935409446,3.6037479111959896,3.4390947772366984
2021-06-12 06:00:00,4,-67.0,-61.75832785119515,3.6037479111959896,3.7298563828727027
2021-06-12 06:00:00,8,-68.5,-61.75254366924972,3.6037479111959896,3.8023896630994156
2021-06-12 09:00:00,1,-68.8,-62.938589888959,3.6037479111959896,3.522015544507005
2021-06-12 09:00:00,2,-68.2,-62.90852266215724,3.6037479111959896,3.425968126919495
2021-06-12 09:00:00,4,-64.6,-62.97078547568439,3.6037479111959896,3.781806814879737
2021-06-12 09:00:00,8,-70.3,-62.958853979294716,3.6037479111959896,3.7096382845394205
2021-06-12 12:00:00,1,-68.2,-62.829255304771834,3.6037479111959896,3.6377807307038634
2021-06-12 12:00:00,2,-67.0,-62.7458508307035,3.6037479111959896,3.4938113325233817
2021-06-12 12:00:00,4,-66.1,-62.69692304949398,3.6037479111959896,3.810678628595094
2021-06-12 12:00:00,8,-70.2,-62.57525781136884,3.6037479111959896,3.7120867462992155
2021-06-12 15:00:00,1,-67.0,-62.04947581662979,3.6037479111959896,3.670417334305747
2021-06-12 15:00:00,2,-64.6,-61.94391953963268,3.6037479111959896,3.500777398182575
2021-06-12 15:00:00,4,-68.0,-61.851103881636696,3.6037479111959896,3.7839937945735467
2021-06-12 15:00:00,8,-68.66666666666667,-61.75240533305969,3.6037479111959896,3.547700005676546
2021-06-12 18:00:00,1,-64.6,-61.19149747407008,3.6037479111959896,3.646330191842562
2021-06-12 18:00:00,2,-66.1,-61.10288233684413,3.6037479111959896,3.467743006189986
2021-06-12 18:00:00,4,-68.5,-61.07414155236442,3.6037479111959896,3.6837263129110087
2021-06-12 18:00:00,8,-67.13333333333333,-61.07186188723297,3.6037479111959896,3.4323101334228383
2021-06-12 21:00:00,1,-66.1,-59.83049488103243,3.6037479111959896,3.598227095995179
2021-06-12 21:00:00,2,-68.0,-59.85153783293803,3.6037479111959896,3.392351818692732
2021-06-12 21:00:00,4,-70.3,-60.095584487172076,3.6037479111959896,3.5235156805562418
2021-06-12 21:00:00,8,-65.6,-60.33999067139999,3.6037479111959896,3.4365955546843225
2021-06-13 00:00:00,1,-68.0,-61.12502837576498,3.6037479111959896,3.5469930003463697
2021-06-13 00:00:00,2,-68.5,-61.10772842650095,3.6037479111959896,3.3338802111137924
2021-06-13 00:00:00,4,-70.2,-61.219702926314426,3.6037479111959896,3.436236536715156
2021-06-13 00:00:00,8,-64.8,-61.2948814405832,3.6037479111959896,3.594512920270793
2021-06-13 03:00:00,1,-68.5,-61.791836190723785,3.6037479111959896,3.3860782086249803
2021-06-13 03:00:00,2,-70.3,-61.73484528293837,3.6037479111959896,3.2272240011574707
2021-06-13 03:00:00,4,-68.66666666666667,-61.719167901903184,3.6037479111959896,3.523441325592739
2021-06-13 03:00:00,8,-63.5,-61.68098711345624,3.6037479111959896,3.6776396499901987
2021-06-13 06:00:00,1,-70.3,-61.48725664583889,3.6037479111959896,3.4075900140069972
2021-06-13 06:00:00,2,-70.2,-61.42078034252389,3.6037479111959896,3.2386892752607683
2021-06-13 06:00:00,4,-67.13333333333333,-61.44293214545266,3.6037479111959896,3.5759423948949256
2021-06-13 06:00:00,8,-64.4,-61.42333884153837,3.6037479111959896,3.686996551645971
2021-06-13 09:00:00,1,-70.2,-62.13345020698099,3.6037479111959896,3.456351753799189
2021-06-13 09:00:00,2,-68.66666666666667,-62.01468282383648,3.6037479111959896,3.327508691901737
2021-06-13 09:00:00,4,-65.6,-61.893574532976395,3.6037479111959896,3.6575930426223984
2021-06-13 09:00:00,8,-64.3,-61.76761654995454,3.6037479111959896,3.6336172459839067
2021-06-13 12:00:00,1,-68.66666666666667,-61.445237748619746,3.6037479111959896,3.5895418617333616
2021-06-13 12:00:00,2,-67.13333333333333,-61.26261884726577,3.6037479111959896,3.389879869402336
2021-06-13 12:00:00,4,-64.8,-61.045094554964095,3.6037479111959896,3.641061360205059
2021-06-13 12:00:00,8,-64.3,-60.807853032577896,3.6037479111959896,3.5987894104054314
2021-06-13 15:00:00,1,-67.13333333333333,-60.660759153022774,3.6037479111959896,3.501979294580338
2021-06-13 15:00:00,2,-65.6,-60.52237468943132,3.6037479111959896,3.307572070694543
2021-06-13 15:00:00,4,-63.5,-60.38555515398952,3.6037479111959896,3.619910125741877
2021-06-13 15:00:00,8,-63.5,-60.268574613299506,3.6037479111959896,3.2867433232257195
2021-06-13 18:00:00,1,-65.6,-60.23797349526436,3.6037479111959896,3.539435954025756
2021-06-13 18:00:00,2,-64.8,-60.08988244233947,3.6037479111959896,3.3011836756517607
2021-06-13 18:00:00,4,-64.4,-59.969959375607466,3.6037479111959896,3.442768256348755
2021-06-13 18:00:00,8,-63.7,-59.8692059582078,3.6037479111959896,3.2469155895681245
2021-06-13 21:00:00,1,-64.8,-59.262795579713774,3.6037479111959896,3.6400909999382676
2021-06-13 21:00:00,2,-63.5,-59.183000815603904,3.6037479111959896,3.3633407727088582
2021-06-13 21:00:00,4,-64.3,-59.23316425601078,3.6037479111959896,3.3834544435082434
2021-06-13 21:00:00,8,-64.4,-59.34615033921382,3.6037479111959896,3.404581010732279
2021-06-14 00:00:00,1,-63.5,-58.802271521116104,3.6037479111959896,3.5226580257782296
2021-06-14 00:00:00,2,-64.4,-58.78120767468181,3.6037479111959896,3.1954620348046463
2021-06-14 00:00:00,4,-64.3,-58.928833283967336,3.6037479111959896,3.1771822042775746
2021-06-14 00:00:00,8,-63.6,-59.100579825386525,3.6037479111959896,3.4234163840092484
2021-06-14 03:00:00,1,-64.4,-58.282924320716184,3.6037479111959896,3.4366271068891647
2021-06-14 03:00:00,2,-64.3,-58.32624084021781,3.6037479111959896,3.1209454312362914
2021-06-14 03:00:00,4,-63.5,-58.614838232148855,3.6037479111959896,3.207454938553938
2021-06-14 03:00:00,8,-63.7,-58.87428055153112,3.6037479111959896,3.416393145808201
2021-06-14 06:00:00,1,-64.3,-58.91936013695457,3.6037479111959896,3.390180768396804
2021-06-14 06:00:00,2,-64.3,-58.9073032733927,3.6037479111959896,3.1114994982429014
2021-06-14 06:00:00,4,-63.7,-59.048607206994475,3.6037479111959896,3.297419112375916
2021-06-14 06:00:00,8,-64.1,-59.1000495366581,3.6037479111959896,3.522973561156693
2021-06-14 09:00:00,1,-64.3,-58.38064154694519,3.6037479111959896,3.4365102290978435
2021-06-14 09:00:00,2,-63.5,-58.33837839989053,3.6037479111959896,3.1372103995469187
2021-06-14 09:00:00,4,-64.4,-58.42420808029025,3.6037479111959896,3.370717963463847
2021-06-14 09:00:00,8,-62.9,-58.40232502423065,3.6037479111959896,3.5290695151154305
2021-06-14 12:00:00,1,-63.5,-57.720666963372835,3.6037479111959896,3.451611911471767
2021-06-14 12:00:00,2,-63.7,-57.636059612902166,3.6037479111959896,3.158975582330559
2021-06-14 12:00:00,4,-63.6,-57.60448401727844,3.6037479111959896,3.3799960979128536
2021-06-14 12:00:00,8,-63.7,-57.513364418612234,3.6037479111959896,3.4370065198196365
2021-06-14 15:00:00,1,-63.7,-56.87935380870522,3.6037479111959896,3.4469061140666803
2021-06-14 15:00:00,2,-64.4,-56.79262530332084,3.6037479111959896,3.1492884822522487
2021-06-14 15:00:00,4,-63.7,-56.75294479206381,3.6037479111959896,3.2882325286420997
2021-06-14 15:00:00,8,-63.8,-56.70171573069314,3.6037479111959896,3.3350152906857113
2021-06-14 18:00:00,1,-64.4,-56.67545923362597,3.6037479111959896,3.3774113364933576
2021-06-14 18:00:00,2,-63.6,-56.53713601261864,3.6037479111959896,3.0574548769509744
2021-06-14 18:00:00,4,-64.1,-56.39847307539466,3.6037479111959896,3.0836652548563612
2021-06-14 18:00:00,8,-64.0,-56.29264661052642,3.6037479111959896,3.366386420263725
2021-06-14 21:00:00,1,-63.6,-56.90465348045805,3.6037479111959896,3.3700672042377393
2021-06-14 21:00:00,2,-63.7,-56.77790943085642,3.6037479111959896,3.0461483369648135
2021-06-14 21:00:00,4,-62.9,-56.63485359909815,3.6037479111959896,3.0363285763277403
2021-06-14 21:00:00,8,-65.5,-56.57110114977476,3.6037479111959896,3.4281591456154454
2021-06-15 00:00:00,1,-63.7,-55.73264081877593,3.6037479111959896,3.3300845355244277
2021-06-15 00:00:00,2,-64.1,-55.550340198734155,3.6037479111959896,3.030398361422195
2021-06-15 00:00:00,4,-63.7,-55.269227551209504,3.6037479111959896,3.0601801769829136
2021-06-15 00:00:00,8,-64.4,-55.122905328214365,3.6037479111959896,3.5807958345741207
2021-06-15 03:00:00,1,-64.1,-55.706901281168875,3.6037479111959896,3.2707040058333727
2021-06-15 03:00:00,2,-62.9,-55.54979982299187,3.6037479111959896,2.986638079323811
2021-06-15 03:00:00,4,-63.8,-55.332626234546936,3.6037479111959896,3.0591474721187213
2021-06-15 03:00:00,8,-66.1,-55.18316118623466,3.6037479111959896,3.5766445651696315
2021-06-15 06:00:00,1,-62.9,-56.011225408452916,3.6037479111959896,3.2443290819133797
2021-06-15 06:00:00,2,-63.7,-55.844958637311,3.6037479111959896,3.015209953807586
2021-06-15 06:00:00,4,-64.0,-55.60655782883236,3.6037479111959896,3.213174965387682
2021-06-15 06:00:00,8,-65.7,-55.41211802799063,3.6037479111959896,3.558715712514746
2021-06-15 09:00:00,1,-63.7,-54.80080752226556,3.6037479111959896,3.2710447216575256
2021-06-15 09:00:00,2,-63.8,-54.62458252681955,3.6037479111959896,3.0509908206007634
2021-06-15 09:00:00,4,-65.5,-54.43977636458605,3.6037479111959896,3.3494110141376034
2021-06-15 09:00:00,8,-67.1,-54.279004494242194,3.6037479111959896,3.605962291636289
2021-06-15 12:00:00,1,-63.8,-55.33599259529613,3.6037479111959896,3.3618643774609835
2021-06-15 12:00:00,2,-64.0,-55.077167565136804,3.6037479111959896,3.184048747857616
2021-06-15 12:00:00,4,-64.4,-54.69169701388619,3.6037479111959896,3.5024671873768876
2021-06-15 12:00:00,8,-67.1,-54.358099471765804,3.6037479111959896,3.6500907494413664
2021-06-15 15:00:00,1,-64.0,-55.51669928702341,3.6037479111959896,3.496218024602622
2021-06-15 15:00:00,2,-65.5,-55.22725332505172,3.6037479111959896,3.3488386755372193
2021-06-15 15:00:00,4,-66.1,-54.7889945482887,3.6037479111959896,3.6310135625725333
2021-06-15 15:00:00,8,-68.4,-54.49550207263353,3.6037479111959896,3.606084488113597
2021-06-15 18:00:00,1,-65.5,-55.840810352862725,3.6037479111959896,3.560920146229771
2021-06-15 18:00:00,2,-64.4,-55.533047814730516,3.6037479111959896,3.4390273538940317
2021-06-15 18:00:00,4,-65.7,-55.046797727919355,3.6037479111959896,3.6309022634029806
2021-06-15 18:00:00,8,-68.9,-54.79787112048197,3.6037479111959896,3.491663176571272
2021-06-15 21:00:00,1,-64.4,-56.979299904745915,3.6037479111959896,3.5822451844203873
2021-06-15 21:00:00,2,-66.1,-56.656384690424275,3.6037479111959896,3.44318531331238
2021-06-15 21:00:00,4,-67.1,-56.11178248933289,3.6037479111959896,3.566586119751037
2021-06-15 21:00:00,8,-66.8,-55.817779898977,3.6037479111959896,3.5065859364823746
2021-06-16 00:00:00,1,-66.1,-56.3911855681342,3.6037479111959896,3.597971299191283
2021-06-16 00:00:00,2,-65.7,-56.139866537160465,3.6037479111959896,3.419766805659035
2021-06-16 00:00:00,4,-67.1,-55.8487765720555,3.6037479111959896,3.5423821661467314
2021-06-16 00:00:00,8,-67.3,-55.75279683396318,3.6037479111959896,3.6626684687085467
2021-06-16 03:00:00,1,-65.7,-57.89964373222381,3.6037479111959896,3.5236300789601103
2021-06-16 03:00:00,2,-67.1,-57.68486995245036,3.6037479111959896,3.3698508176973063
2021-06-16 03:00:00,4,-68.4,-57.40324664984925,3.6037479111959896,3.5520645007357174
2021-06-16 03:00:00,8,-69.7,-57.23674823763914,3.6037479111959896,3.6555844321947464
2021-06-16 06:00:00,1,-67.1,-57.13659355656193,3.6037479111959896,3.5184377084324403
2021-06-16 06:00:00,2,-67.1,-56.942316228693386,3.6037479111959896,3.354777954870011
2021-06-16 06:00:00,4,-68.9,-56.75981621000271,3.6037479111959896,3.6148786721254047
2021-06-16 06:00:00,8,-69.7,-56.63165817720876,3.6037479111959896,3.7599464156198867
2021-06-16 09:00:00,1,-67.1,-57.70975641688559,3.6037479111959896,3.4749336163741344
2021-06-16 09:00:00,2,-68.4,-57.50362828873823,3.6037479111959896,3.3442056068307466
2021-06-16 09:00:00,4,-66.8,-57.202237320983315,3.6037479111959896,3.695674774306712
2021-06-16 09:00:00,8,-69.1,-56.94583407477567,3.6037479111959896,3.670938412237047
2021-06-16 12:00:00,1,-68.4,-58.47287504014149,3.6037479111959896,3.5440748879498587
2021-06-16 12:00:00,2,-68.9,-58.2997278447983,3.6037479111959896,3.3623690661080197
2021-06-16 12:00:00,4,-67.3,-58.13911952817911,3.6037479111959896,3.6867321503012107
2021-06-16 12:00:00,8,-68.9,-57.942718883893875,3.6037479111959896,3.6448737316696103
2021-06-16 15:00:00,1,-68.9,-59.45860181068249,3.6037479111959896,3.589065766022273
2021-06-16 15:00:00,2,-66.8,-59.25302342479028,3.6037479111959896,3.4435024349656116
2021-06-16 15:00:00,4,-69.7,-58.99479731107865,3.6037479111959896,3.738659861254948
2021-06-16 15:00:00,8,-67.8,-58.81039949278107,3.6037479111959896,3.5025610975091706
2021-06-16 18:00:00,1,-66.8,-59.82725262657872,3.6037479111959896,3.6269809188608693
2021-06-16 18:00:00,2,-67.3,-59.55924427092974,3.6037479111959896,3.4846739099773387
2021-06-16 18:00:00,4,-69.7,-59.22960714262456,3.6037479111959896,3.7135060623155165
2021-06-16 18:00:00,8,-69.9,-59.03262361303865,3.6037479111959896,3.531305569351753
2021-06-16 21:00:00,1,-67.3,-58.429031834416385,3.6037479111959896,3.6474801077490775
2021-06-16 21:00:00,2,-69.7,-58.26899883783748,3.6037479111959896,3.4969484508131994
2021-06-16 21:00:00,4,-69.1,-58.22465956718096,3.6037479111959896,3.6848398578031967
2021-06-16 21:00:00,8,-71.0,-58.34430163852697,3.6037479111959896,3.387861754656115
2021-06-17 00:00:00,1,-69.7,-58.46775588060957,3.6037479111959896,3.6078347556997006
2021-06-17 00:00:00,2,-69.7,-58.31200950466897,3.6037479111959896,3.436333752697376
2021-06-17 00:00:00,4,-68.9,-58.26561356393731,3.6037479111959896,3.5290309313144523
2021-06-17 00:00:00,8,-70.5,-58.34888690682551,3.6037479111959896,3.4254151168772102
2021-06-17 03:00:00,1,-69.7,-59.70540654270516,3.6037479111959896,3.4172504006850106
2021-06-17 03:00:00,2,-69.1,-59.463959456042005,3.6037479111959896,3.264944495420946
2021-06-17 03:00:00,4,-67.8,-59.05943849837285,3.6037479111959896,3.4826724777762634
2021-06-17 03:00:00,8,-70.6,-58.781226407707535,3.6037479111959896,3.59136695083437
2021-06-17 06:00:00,1,-69.1,-58.86546666292394,3.6037479111959896,3.4083268186417475
2021-06-17 06:00:00,2,-68.9,-58.62763721173014,3.6037479111959896,3.2129530202205405
2021-06-17 06:00:00,4,-69.9,-58.31752133724028,3.6037479111959896,3.43734352989265
2021-06-17 06:00:00,8,-69.6,-58.03499704815153,3.6037479111959896,3.766286675887981
2021-06-17 09:00:00,1,-68.9,-58.73097650718189,3.6037479111959896,3.4441543938953254
2021-06-17 09:00:00,2,-67.8,-58.558199649347415,3.6037479111959896,3.2820396319669634
2021-06-17 09:00:00,4,-71.0,-58.3688937783079,3.6037479111959896,3.56727300338573
2021-06-17 09:00:00,8,-66.2,-58.208501611985625,3.6037479111959896,3.6142582554030036
2021-06-17 12:00:00,1,-67.8,-58.767324341111,3.6037479111959896,3.533739488037833
2021-06-17 12:00:00,2,-69.9,-58.5262094054041,3.6037479111959896,3.5011008249447593
2021-06-17 12:00:00,4,-70.5,-58.22737153290624,3.6037479111959896,3.7777227971936487
2021-06-17 12:00:00,8,-65.1,-58.01542175676198,3.6037479111959896,3.4686933447365944
2021-06-17 15:00:00,1,-69.9,-57.60619160462406,3.6037479111959896,3.4180607604808593
2021-06-17 15:00:00,2,-71.0,-57.34632454990836,3.6037479111959896,3.2768747746419953
2021-06-17 15:00:00,4,-70.6,-56.984828308839994,3.6037479111959896,3.5510360948094473
2021-06-17 15:00:00,8,-64.0,-56.728168204029515,3.6037479111959896,3.4407621386385956
2021-06-17 18:00:00,1,-71.0,-59.535178096871306,3.6037479111959896,3.4687929068058665
2021-06-17 18:00:00,2,-70.5,-59.193006412848064,3.6037479111959896,3.3473807690549195
2021-06-17 18:00:00,4,-69.6,-58.58488124199852,3.6037479111959896,3.493794410037515
2021-06-17 18:00:00,8,-65.6,-58.11771128227172,3.6037479111959896,3.4219857907790496
2021-06-17 21:00:00,1,-70.5,-60.84834446769885,3.6037479111959896,3.45052972549884
2021-06-17 21:00:00,2,-70.6,-60.455445190993785,3.6037479111959896,3.3042682469236277
2021-06-17 21:00:00,4,-66.2,-59.770841001589034,3.6037479111959896,3.3931473021638636
2021-06-17 21:00:00,8,-68.6,-59.26459250918212,3.6037479111959896,3.559035618480097
2021-06-18 00:00:00,1,-70.6,-59.89739123642443,3.6037479111959896,3.434060474324162
2021-06-18 00:00:00,2,-69.6,-59.58802035995794,3.6037479111959896,3.2589555216987782
2021-06-18 00:00:00,4,-65.1,-59.11497255315706,3.6037479111959896,3.3214543476630736
2021-06-18 00:00:00,8,-69.2,-58.82057296675583,3.6037479111959896,3.4863734434309412
2021-06-18 03:00:00,1,-69.6,-59.52529786679935,3.6037479111959896,3.3806298480078336
2021-06-18 03:00:00,2,-66.2,-59.26922605104697,3.6037479111959896,3.2111678079343973
2021-06-18 03:00:00,4,-64.0,-58.893860886427596,3.6037479111959896,3.355194411981833
2021-06-18 03:00:00,8,-70.4,-58.6411033752279,3.6037479111959896,3.5127164619000304
2021-06-18 06:00:00,1,-66.2,-58.37540782775591,3.6037479111959896,3.377941578827205
2021-06-18 06:00:00,2,-65.1,-58.14349657169162,3.6037479111959896,3.2101892763530437
2021-06-18 06:00:00,4,-65.6,-57.857526126369066,3.6037479111959896,3.467382455266211
2021-06-18 06:00:00,8,-71.5,-57.65204284660749,3.6037479111959896,3.55225163450322
2021-06-18 09:00:00,1,-65.1,-56.028220225547805,3.6037479111959896,3.404618588115232
2021-06-18 09:00:00,2,-64.0,-55.92882423201276,3.6037479111959896,3.1680342509998773
2021-06-18 09:00:00,4,-68.6,-56.04225522457694,3.6037479111959896,3.4662315396066905
2021-06-18 09:00:00,8,-71.0,-56.09263445503024,3.6037479111959896,3.448863457160229
2021-06-18 12:00:00,1,-64.0,-54.983741822927776,3.6037479111959896,3.4358160272711524
2021-06-18 12:00:00,2,-65.6,-54.75098325769959,3.6037479111959896,3.264329234091541
2021-06-18 12:00:00,4,-69.2,-54.708670215951386,3.6037479111959896,3.5795452914448194
2021-06-18 12:00:00,8,-70.8,-54.61228555630285,3.6037479111959896,3.185837585914658
2021-06-18 15:00:00,1,-65.6,-55.49265472799466,3.6037479111959896,3.5330214254394194
2021-06-18 15:00:00,2,-68.6,-55.260014324928775,3.6037479111959896,3.437143872552503
2021-06-18 15:00:00,4,-70.4,-55.071420128741856,3.6037479111959896,3.798118624951165
2021-06-18 15:00:00,8,-70.2,-54.99107706337881,3.6037479111959896,3.0348630717226017
2021-06-18 18:00:00,1,-68.6,-56.80094096549362,3.6037479111959896,3.5954154772887756
2021-06-18 18:00:00,2,-69.2,-56.49345095686078,3.6037479111959896,3.4917821538439036
2021-06-18 18:00:00,4,-71.5,-56.1068430947979,3.6037479111959896,3.678122337406102
2021-06-18 18:00:00,8,-68.6,-55.93622377717712,3.6037479111959896,2.9717428259503897
2021-06-18 21:00:00,1,-69.2,-58.55711385435592,3.6037479111959896,3.515609540481292
2021-06-18 21:00:00,2,-70.4,-58.16844968246839,3.6037479111959896,3.3456943590257646
2021-06-18 21:00:00,4,-71.0,-57.56290786791747,3.6037479111959896,3.41772658970638
2021-06-18 21:00:00,8,-69.2,-57.20969378572587,3.6037479111959896,3.195472618856461
2021-06-19 00:00:00,1,-70.4,-57.743799007898104,3.6037479111959896,3.4605559151364154
2021-06-19 00:00:00,2,-71.5,-57.359192337334164,3.6037479111959896,3.2341666059461436
2021-06-19 00:00:00,4,-70.8,-56.90689567953804,3.6037479111959896,3.19313575619212
2021-06-19 00:00:00,8,-68.8,-56.69478667267506,3.6037479111959896,3.290751719594499
2021-06-19 03:00:00,1,-71.5,-57.83171706041651,3.6037479111959896,3.2964536442338295
2021-06-19 03:00:00,2,-71.0,-57.56218304392181,3.6037479111959896,3.0714031109577644
2021-06-19 03:00:00,4,-70.2,-57.23281286123333,3.6037479111959896,3.197860029032742
2021-06-19 03:00:00,8,-69.3,-57.088201828088756,3.6037479111959896,3.202983696533898
2021-06-19 06:00:00,1,-71.0,-57.95448898806185,3.6037479111959896,3.2361226293657253
2021-06-19 06:00:00,2,-70.8,-57.67103237069241,3.6037479111959896,3.003282927116313
2021-06-19 06:00:00,4,-68.6,-57.305094961523444,3.6037479111959896,3.2092159434873166
2021-06-19 06:00:00,8,-70.3,-57.036924132901284,3.6037479111959896,3.341037162946768
2021-06-19 09:00:00,1,-70.8,-57.260993456193525,3.6037479111959896,3.2946086600480187
2021-06-19 09:00:00,2,-70.2,-56.970393792012054,3.6037479111959896,3.0610808611302667
2021-06-19 09:00:00,4,-69.2,-56.64714462548169,3.6037479111959896,3.3732657340221524
2021-06-19 09:00:00,8,-68.7,-56.392771390812555,3.6037479111959896,3.342075039866507
2021-06-19 12:00:00,1,-70.2,-58.10993347408776,3.6037479111959896,3.4594587728585315
2021-06-19 12:00:00,2,-68.6,-57.81981690581989,3.6037479111959896,3.2880523864806133
2021-06-19 12:00:00,4,-68.8,-57.46204565486835,3.6037479111959896,3.6408936549709563
2021-06-19 12:00:00,8,-69.2,-57.221636449880876,3.6037479111959896,3.2620039419019795
2021-06-19 15:00:00,1,-68.6,-58.65442183602277,3.6037479111959896,3.5652054208608144
2021-06-19 15:00:00,2,-69.2,-58.38048591873142,3.6037479111959896,3.4473275699435284
2021-06-19 15:00:00,4,-69.3,-58.045552387650844,3.6037479111959896,3.7583678722749663
2021-06-19 15:00:00,8,-68.7,-57.87824845533424,3.6037479111959896,3.171729924628648
2021-06-19 18:00:00,1,-69.2,-57.9292678509169,3.6037479111959896,3.5970367567421557
2021-06-19 18:00:00,2,-68.8,-57.70826425933589,3.6037479111959896,3.5017097278450513
2021-06-19 18:00:00,4,-70.3,-57.53081387183163,3.6037479111959896,3.7102259793459633
2021-06-19 18:00:00,8,-67.6,-57.53853115793246,3.6037479111959896,3.0936469488201874
2021-06-19 21:00:00,1,-68.8,-59.30117594693486,3.6037479111959896,3.5235021105754516
2021-06-19 21:00:00,2,-69.3,-59.0846034364406,3.6037479111959896,3.3509059781312933
2021-06-19 21:00:00,4,-68.7,-58.882270187006064,3.6037479111959896,3.340477834465491
2021-06-19 21:00:00,8,-71.6,-58.85590201228549,3.6037479111959896,3.2082109917665473
2021-06-20 00:00:00,1,-69.3,-59.087308917656976,3.6037479111959896,3.4144158476446695
2021-06-20 00:00:00,2,-70.3,-58.91081787722052,3.6037479111959896,3.1661435181165514
2021-06-20 00:00:00,4,-69.2,-58.804546142740634,3.6037479111959896,3.178343624008669
2021-06-20 00:00:00,8,-71.2,-58.87358742957902,3.6037479111959896,3.3002251924506703
2021-06-20 03:00:00,1,-70.3,-58.3927243485427,3.6037479111959896,3.2682607161291246
2021-06-20 03:00:00,2,-68.7,-58.143597081579685,3.6037479111959896,3.005552819659349
2021-06-20 03:00:00,4,-68.7,-57.80563276308588,3.6037479111959896,3.088520162089655
2021-06-20 03:00:00,8,-71.5,-57.589210837298474,3.6037479111959896,3.597672886249288
2021-06-20 06:00:00,1,-68.7,-58.66304479186767,3.6037479111959896,3.2210691217566096
2021-06-20 06:00:00,2,-69.2,-58.394987802401886,3.6037479111959896,2.9840401611547676
2021-06-20 06:00:00,4,-67.6,-58.004672602496434,3.6037479111959896,3.202169177765548
2021-06-20 06:00:00,8,-70.0,-57.67031006845022,3.6037479111959896,3.645006625504074
2021-06-20 09:00:00,1,-69.2,-57.04549413192344,3.6037479111959896,3.314481883584647
2021-06-20 09:00:00,2,-68.7,-56.82778971437434,3.6037479111959896,3.1016950938119874
2021-06-20 09:00:00,4,-71.6,-56.65356500980103,3.6037479111959896,3.361814083219805
2021-06-20 09:00:00,8,-69.0,-56.48860378645248,3.6037479111959896,3.669558486489149
2021-06-20 12:00:00,1,-68.7,-59.10666013323873,3.6037479111959896,3.513920011222761
2021-06-20 12:00:00,2,-67.6,-58.89512536566454,3.6037479111959896,3.356711850423079
2021-06-20 12:00:00,4,-71.2,-58.67147969695426,3.6037479111959896,3.5753031994785776
2021-06-20 12:00:00,8,-68.0,-58.440474110634035,3.6037479111959896,3.6725868316520067
2021-06-20 15:00:00,1,-67.6,-59.21030780311408,3.6037479111959896,3.590461581177933
2021-06-20 15:00:00,2,-71.6,-59.02010779034632,3.6037479111959896,3.469526065674658
2021-06-20 15:00:00,4,-71.5,-58.82751931679767,3.6037479111959896,3.671748818688036
2021-06-20 15:00:00,8,-70.2,-58.69219626191151,3.6037479111959896,3.612415064107582
2021-06-20 18:00:00,1,-71.6,-58.77636230552598,3.6037479111959896,3.6279470268448786
2021-06-20 18:00:00,2,-71.2,-58.60752010359633,3.6037479111959896,3.529631056383359
2021-06-20 18:00:00,4,-70.0,-58.47116601179389,3.6037479111959896,3.6663844039982214
2021-06-20 18:00:00,8,-68.5,-58.44604358328453,3.6037479111959896,3.525219859528808
2021-06-20 21:00:00,1,-71.2,-60.8917993233905,3.6037479111959896,3.6318135982523483
2021-06-20 21:00:00,2,-71.5,-60.64116368760551,3.6037479111959896,3.5069198939762125
2021-06-20 21:00:00,4,-69.0,-60.21798175430276,3.6037479111959896,3.5550242695074425
2021-06-20 21:00:00,8,-66.9,-59.92579266493798,3.6037479111959896,3.5812262365741097
2021-06-21 00:00:00,1,-71.5,-60.4084555574466,3.6037479111959896,3.7267842751882996
2021-06-21 00:00:00,2,-70.0,-60.18895204892618,3.6037479111959896,3.5266431812221497
2021-06-21 00:00:00,4,-68.0,-60.03184896962195,3.6037479111959896,3.5204954533877855
2021-06-21 00:00:00,8,-67.5,-59.98586083245046,3.6037479111959896,3.5921351743735617
2021-06-21 03:00:00,1,-70.0,-59.59992159530604,3.6037479111959896,3.6002047207446917
2021-06-21 03:00:00,2,-69.0,-59.40553835379201,3.6037479111959896,3.4373643780753174
2021-06-21 03:00:00,4,-70.2,-59.14681653539946,3.6037479111959896,3.498254468153937
2021-06-21 03:00:00,8,-67.4,-59.02930642648201,3.6037479111959896,3.5568976466785993
2021-06-21 06:00:00,1,-69.0,-58.65702212409465,3.6037479111959896,3.5739658965337986
2021-06-21 06:00:00,2,-68.0,-58.49471126363676,3.6037479111959896,3.4043073983298315
2021-06-21 06:00:00,4,-68.5,-58.35861150868369,3.6037479111959896,3.565746320561697
2021-06-21 06:00:00,8,-67.4,-58.30120703333018,3.6037479111959896,3.602128338836867
2021-06-21 09:00:00,1,-68.0,-58.65202256772702,3.6037479111959896,3.5156497972022995
2021-06-21 09:00:00,2,-70.2,-58.53870217206476,3.6037479111959896,3.3287945075667515
2021-06-21 09:00:00,4,-66.9,-58.54083413449332,3.6037479111959896,3.573743951366657
2021-06-21 09:00:00,8,-64.9,-58.49804213971221,3.6037479111959896,3.4735572964020744
2021-06-21 12:00:00,1,-70.2,-57.51494952078961,3.6037479111959896,3.524402368161523
2021-06-21 12:00:00,2,-68.5,-57.28846687943232,3.6037479111959896,3.378109444021789
2021-06-21 12:00:00,4,-67.5,-57.01761866913238,3.6037479111959896,3.6576475291611787
2021-06-21 12:00:00,8,-67.5,-56.79390383232708,3.6037479111959896,3.6478879803150956
2021-06-21 15:00:00,1,-68.5,-59.034641015809854,3.6037479111959896,3.5274308732848616
2021-06-21 15:00:00,2,-66.9,-58.68226991977622,3.6037479111959896,3.400229152551093
2021-06-21 15:00:00,4,-67.4,-58.11304171535738,3.6037479111959896,3.594760185849045
2021-06-21 15:00:00,8,-69.3,-57.6712989560586,3.6037479111959896,3.540014744365533
2021-06-21 18:00:00,1,-66.9,-57.44134818318732,3.6037479111959896,3.573764546278563
2021-06-21 18:00:00,2,-67.5,-57.04520449052558,3.6037479111959896,3.4539559057075446
2021-06-21 18:00:00,4,-67.4,-56.529269582812944,3.6037479111959896,3.55572554958541
2021-06-21 18:00:00,8,-71.6,-56.22314096080016,3.6037479111959896,3.5958470040108956
2021-06-21 21:00:00,1,-67.5,-56.14752113967519,3.6037479111959896,3.5957186690501355
2021-06-21 21:00:00,2,-67.4,-55.80734272164,3.6037479111959896,3.450357034829752
2021-06-21 21:00:00,4,-64.9,-55.40499767695978,3.6037479111959896,3.38318749612583
2021-06-21 21:00:00,8,-70.3,-55.24347216258068,3.6037479111959896,3.5178246398946267
2021-06-22 00:00:00,1,-67.4,-56.77164431450036,3.6037479111959896,3.5261399122243806
2021-06-22 00:00:00,2,-67.4,-56.41661096730973,3.6037479111959896,3.324672379296107
2021-06-22 00:00:00,4,-67.5,-55.9134663931665,3.6037479111959896,3.2439430172929136
2021-06-22 00:00:00,8,-70.7,-55.644541920509106,3.6037479111959896,3.615400213275598
2021-06-22 03:00:00,1,-67.4,-56.54324189825598,3.6037479111959896,3.460141777451565
2021-06-22 03:00:00,2,-64.9,-56.25673540019707,3.6037479111959896,3.278097245956604
2021-06-22 03:00:00,4,-69.3,-55.915497485456505,3.6037479111959896,3.3597870106866576
2021-06-22 03:00:00,8,-70.2,-55.76535408546242,3.6037479111959896,3.6558455876747495
2021-06-22 06:00:00,1,-64.9,-56.65859951046666,3.6037479111959896,3.452593269021615
2021-06-22 06:00:00,2,-67.5,-56.45134740077534,3.6037479111959896,3.2985707478576
2021-06-22 06:00:00,4,-71.6,-56.24661380229357,3.6037479111959896,3.490354166636538
2021-06-22 06:00:00,8,-70.5,-56.13436046859707,3.6037479111959896,3.6717737458629642
2021-06-22 09:00:00,1,-67.5,-55.35805577660316,3.6037479111959896,3.531729584596294
2021-06-22 09:00:00,2,-69.3,-55.23491297107337,3.6037479111959896,3.3923741331798065
2021-06-22 09:00:00,4,-70.3,-55.273873341591184,3.6037479111959896,3.6441549492490326
2021-06-22 09:00:00,8,-67.16666666666667,-55.35434681763336,3.6037479111959896,3.6559569934846228
2021-06-22 12:00:00,1,-69.3,-57.72270850292719,3.6037479111959896,3.5310084027685043
2021-06-22 12:00:00,2,-71.6,-57.47933803887199,3.6037479111959896,3.393697752838455
2021-06-22 12:00:00,4,-70.7,-57.15701075335796,3.6037479111959896,3.6047472351564687
2021-06-22 12:00:00,8,-63.833333333333336,-56.80096978553321,3.6037479111959896,3.8023978477440177
2021-06-22 15:00:00,1,-71.6,-58.67836408391098,3.6037479111959896,3.5515682233439647
2021-06-22 15:00:00,2,-70.3,-58.3482298099229,3.6037479111959896,3.4167656004577567
2021-06-22 15:00:00,4,-70.2,-57.85374673842752,3.6037479111959896,3.6353467653626432
2021-06-22 15:00:00,8,-60.5,-57.41261640496999,3.6037479111959896,3.79812150423982
2021-06-22 18:00:00,1,-70.3,-59.42632336634329,3.6037479111959896,3.5054014224568615
2021-06-22 18:00:00,2,-70.7,-59.054323661846865,3.6037479111959896,3.408392682369726
2021-06-22 18:00:00,4,-70.5,-58.44541026291457,3.6037479111959896,3.63649112930747
2021-06-22 18:00:00,8,-61.4,-57.98724584505822,3.6037479111959896,3.6249198014053867
2021-06-22 21:00:00,1,-70.7,-58.127312678460655,3.6037479111959896,3.5457518069904848
2021-06-22 21:00:00,2,-70.2,-57.709520092560965,3.6037479111959896,3.46733947921703
2021-06-22 21:00:00,4,-67.16666666666667,-57.19271049664682,3.6037479111959896,3.67898712375555
2021-06-22 21:00:00,8,-62.3,-56.93324872373783,3.6037479111959896,3.6130232271906504
2021-06-23 00:00:00,1,-70.2,-58.54604335664896,3.6037479111959896,3.513692734039592
2021-06-23 00:00:00,2,-70.5,-58.17749196988931,3.6037479111959896,3.4205230721522852
2021-06-23 00:00:00,4,-63.833333333333336,-57.706896027956425,3.6037479111959896,3.6014875004930804
2021-06-23 00:00:00,8,-63.2,-57.50324354120972,3.6037479111959896,3.482470441023964
2021-06-23 03:00:00,1,-70.5,-58.181513806413896,3.6037479111959896,3.4363764621457555
2021-06-23 03:00:00,2,-67.16666666666667,-57.869769239436785,3.6037479111959896,3.350043897779979
2021-06-23 03:00:00,4,-60.5,-57.540718238686736,3.6037479111959896,3.6360149702786906
2021-06-23 03:00:00,8,-64.1,-57.436076637696075,3.6037479111959896,3.53981194113593
2021-06-23 06:00:00,1,-67.16666666666667,-57.970905603112485,3.6037479111959896,3.394452726317819
2021-06-23 06:00:00,2,-63.833333333333336,-57.67106947649338,3.6037479111959896,3.300258917452044
2021-06-23 06:00:00,4,-61.4,-57.345264332701994,3.6037479111959896,3.6515211427209646
2021-06-23 06:00:00,8,-65.0,-57.14611137463606,3.6037479111959896,3.6477953965217993
2021-06-23 09:00:00,1,-63.833333333333336,-55.30449949703572,3.6037479111959896,3.311265504876582
2021-06-23 09:00:00,2,-60.5,-55.0257625213994,3.6037479111959896,3.2195272360218783
2021-06-23 09:00:00,4,-62.3,-54.877316081361336,3.6037479111959896,3.722488443165522
2021-06-23 09:00:00,8,-67.2,-54.82693036639913,3.6037479111959896,3.5386263607072115
2021-06-23 12:00:00,1,-60.5,-53.7106176548541,3.6037479111959896,3.403576738843553
2021-06-23 12:00:00,2,-61.4,-53.4987862209974,3.6037479111959896,3.302153729327631
2021-06-23 12:00:00,4,-63.2,-53.537519633703454,3.6037479111959896,3.6966056243347403
2021-06-23 12:00:00,8,-64.9,-53.467750280614965,3.6037479111959896,3.927442261453169
2021-06-23 15:00:00,1,-61.4,-53.56104813389832,3.6037479111959896,3.6250700576170396
2021-06-23 15:00:00,2,-62.3,-53.35329842821098,3.6037479111959896,3.6144201887297562
2021-06-23 15:00:00,4,-64.1,-53.32228662461169,3.6037479111959896,3.9959524022867865
2021-06-23 15:00:00,8,-64.6,-53.266377098749224,3.6037479111959896,4.063129565773627
2021-06-23 18:00:00,1,-62.3,-55.07601710518148,3.6037479111959896,3.9512357164735628
2021-06-23 18:00:00,2,-63.2,-54.81310773503671,3.6037479111959896,4.1128892190254325
2021-06-23 18:00:00,4,-65.0,-54.7604565848376,3.6037479111959896,4.318855507176448
2021-06-23 18:00:00,8,-64.2,-54.83379890233408,3.6037479111959896,3.1604436996235514
2021-06-23 21:00:00,1,-63.2,-55.53088379000791,3.6037479111959896,3.808997044040444
2021-06-23 21:00:00,2,-64.1,-55.218724394585976,3.6037479111959896,3.9065957050508135
2021-06-23 21:00:00,4,-67.2,-54.98660383298417,3.6037479111959896,4.180159052950829
2021-06-23 21:00:00,8,-61.8,-55.11136722536508,3.6037479111959896,3.0496257711775816
2021-06-24 00:00:00,1,-64.1,-56.22717180358712,3.6037479111959896,3.732379372886521
2021-06-24 00:00:00,2,-65.0,-55.93987203393854,3.6037479111959896,3.735462224583219
2021-06-24 00:00:00,4,-64.9,-55.75144229210252,3.6037479111959896,3.9491775582869755
2021-06-24 00:00:00,8,-59.733333333333334,-55.91856069541428,3.6037479111959896,3.094517453756825
2021-06-24 03:00:00,1,-65.0,-56.36933277311616,3.6037479111959896,3.586323816770288
2021-06-24 03:00:00,2,-67.2,-56.095380644552534,3.6037479111959896,3.53136138889454
2021-06-24 03:00:00,4,-64.6,-55.94793299901146,3.6037479111959896,3.7956297598399225
2021-06-24 03:00:00,8,-57.666666666666664,-56.0887426689343,3.6037479111959896,3.304801875087653
2021-06-24 06:00:00,1,-67.2,-56.07606257201632,3.6037479111959896,3.7338098061562395
2021-06-24 06:00:00,2,-64.9,-55.924157547102375,3.6037479111959896,3.632459625314232
2021-06-24 06:00:00,4,-64.2,-55.99580236426709,3.6037479111959896,3.882341057304127
2021-06-24 06:00:00,8,-55.6,-56.18236636879025,3.6037479111959896,3.6337705681047754
2021-06-24 09:00:00,1,-64.9,-57.780628496738835,3.6037479111959896,3.6686740316655793
2021-06-24 09:00:00,2,-64.6,-57.68079876160798,3.6037479111959896,3.5274058328045927
2021-06-24 09:00:00,4,-61.8,-57.734462395822895,3.6037479111959896,3.7802535319607466
2021-06-24 09:00:00,8,-56.86666666666667,-57.75132860349112,3.6037479111959896,3.705786702762008
2021-06-24 12:00:00,1,-64.6,-55.56919751088745,3.6037479111959896,3.7172620277155173
2021-06-24 12:00:00,2,-64.2,-55.41962798993167,3.6037479111959896,3.611355945768994
2021-06-24 12:00:00,4,-59.733333333333334,-55.56010640952449,3.6037479111959896,3.868105320993138
2021-06-24 12:00:00,8,-58.13333333333333,-55.688435201053,3.6037479111959896,3.644375321471446
2021-06-24 15:00:00,1,-64.2,-55.52205441062946,3.6037479111959896,3.5945046889710506
2021-06-24 15:00:00,2,-61.8,-55.19865159726303,3.6037479111959896,3.5407887264820346
2021-06-24 15:00:00,4,-57.666666666666664,-54.86975154147033,3.6037479111959896,3.795373609789965
2021-06-24 15:00:00,8,-59.4,-54.65959509228947,3.6037479111959896,3.6660457543302796
2021-06-24 18:00:00,1,-61.8,-55.87720826161061,3.6037479111959896,3.574029187564044
2021-06-24 18:00:00,2,-59.733333333333334,-55.56744056922403,3.6037479111959896,3.5293556310954624
2021-06-24 18:00:00,4,-55.6,-55.183464517151336,3.6037479111959896,3.7308006962412
2021-06-24 18:00:00,8,-61.1,-55.04822540063048,3.6037479111959896,3.49882069493095
2021-06-24 21:00:00,1,-59.733333333333334,-54.038101565951514,3.6037479111959896,3.599116962815016
2021-06-24 21:00:00,2,-57.666666666666664,-53.7532702326937,3.6037479111959896,3.539429782217204
2021-06-24 21:00:00,4,-56.86666666666667,-53.51172921071401,3.6037479111959896,3.6069479947791994
2021-06-24 21:00:00,8,-58.0,-53.57697030514477,3.6037479111959896,3.547124741132367
2021-06-25 00:00:00,1,-57.666666666666664,-52.741224956969106,3.6037479111959896,3.6684153089178886
2021-06-25 00:00:00,2,-55.6,-52.51975607935834,3.6037479111959896,3.459739543492496
2021-06-25 00:00:00,4,-58.13333333333333,-52.64352047460135,3.6037479111959896,3.3062667931710283
2021-06-25 00:00:00,8,-56.25,-53.00963719845413,3.6037479111959896,3.429766695127555
2021-06-25 03:00:00,1,-55.6,-51.85820848451584,3.6037479111959896,3.6161332921641485
2021-06-25 03:00:00,2,-56.86666666666667,-51.68515905215069,3.6037479111959896,3.3267028109993517
2021-06-25 03:00:00,4,-59.4,-52.00424768571596,3.6037479111959896,3.230974834492045
2021-06-25 03:00:00,8,-54.5,-52.553283579710175,3.6037479111959896,3.49122356517985
2021-06-25 06:00:00,1,-56.86666666666667,-51.07337796921671,3.6037479111959896,3.7684733489908693
2021-06-25 06:00:00,2,-58.13333333333333,-50.98593490697577,3.6037479111959896,3.5523359136815533
2021-06-25 06:00:00,4,-61.1,-51.522951943835324,3.6037479111959896,3.581422820923457
2021-06-25 06:00:00,8,-58.0,-52.226370125271366,3.6037479111959896,3.448020518746453
2021-06-25 09:00:00,1,-58.13333333333333,-53.0652273172216,3.6037479111959896,3.593870419004508
2021-06-25 09:00:00,2,-59.4,-52.91637566292379,3.6037479111959896,3.3504904008021157
2021-06-25 09:00:00,4,-58.0,-53.17375966858803,3.6037479111959896,3.5764158712531415
2021-06-25 09:00:00,8,-59.65,-53.48161271965707,3.6037479111959896,3.3854305019780484
2021-06-25 12:00:00,1,-59.4,-53.95916203651644,3.6037479111959896,3.549803572644627
2021-06-25 12:00:00,2,-61.1,-53.79990384868935,3.6037479111959896,3.314514702143296
2021-06-25 12:00:00,4,-56.25,-53.904728276806146,3.6037479111959896,3.6147796199301654
2021-06-25 12:00:00,8,-61.3,-54.03751237626717,3.6037479111959896,3.3631216801702912
2021-06-25 15:00:00,1,-61.1,-54.380644307984454,3.6037479111959896,3.7224027843280414
2021-06-25 15:00:00,2,-58.0,-54.22210436958149,3.6037479111959896,3.501393939195827
2021-06-25 15:00:00,4,-54.5,-54.269001058501,3.6037479111959896,3.6775156206323807
2021-06-25 15:00:00,8,-63.8,-54.40598450791796,3.6037479111959896,3.521088513535456
2021-06-25 18:00:00,1,-58.0,-55.45239637494388,3.6037479111959896,3.751680044542124
2021-06-25 18:00:00,2,-56.25,-55.28014638345813,3.6037479111959896,3.5173842953510017
2021-06-25 18:00:00,4,-58.0,-55.26810897342297,3.6037479111959896,3.5760341455607176
2021-06-25 18:00:00,8,-63.8,-55.41421612687268,3.6037479111959896,3.5019368184076596
2021-06-25 21:00:00,1,-56.25,-53.26099572188836,3.6037479111959896,3.786188399050276
2021-06-25 21:00:00,2,-54.5,-53.18628233603976,3.6037479111959896,3.5861212734764663
2021-06-25 21:00:00,4,-59.65,-53.53493546684122,3.6037479111959896,3.5277060986221573
2021-06-25 21:00:00,8,-64.4,-54.06770388948967,3.6037479111959896,3.4009864987775886
2021-06-26 00:00:00,1,-54.5,-51.918630418014274,3.6037479111959896,3.7150226209741177
2021-06-26 00:00:00,2,-58.0,-51.87475366396183,3.6037479111959896,3.4188805446150363
2021-06-26 00:00:00,4,-61.3,-52.39438366100022,3.6037479111959896,3.2377148493317556
2021-06-26 00:00:00,8,-65.5,-53.03384765283575,3.6037479111959896,3.4120419141388982
2021-06-26 03:00:00,1,-58.0,-51.56253833965057,3.6037479111959896,3.6469346691695517
2021-06-26 03:00:00,2,-59.65,-51.61804240358108,3.6037479111959896,3.3527559210920095
2021-06-26 03:00:00,4,-63.8,-52.31224114441537,3.6037479111959896,3.2313151504149955
2021-06-26 03:00:00,8,-67.9,-53.10977485769546,3.6037479111959896,3.513199922458257
2021-06-26 06:00:00,1,-59.65,-54.45587451819924,3.6037479111959896,3.410821828901462
2021-06-26 06:00:00,2,-61.3,-54.43071840626861,3.6037479111959896,3.0834245676528833
2021-06-26 06:00:00,4,-63.8,-54.73306241670767,3.6037479111959896,3.2096874803247024
2021-06-26 06:00:00,8,-69.0,-55.001111480662566,3.6037479111959896,3.7594118143629367
2021-06-26 09:00:00,1,-61.3,-55.33370140214884,3.6037479111959896,3.3763727130913748
2021-06-26 09:00:00,2,-63.8,-55.2342176876183,3.6037479111959896,3.0340937684501643
2021-06-26 09:00:00,4,-64.4,-55.39931724715687,3.6037479111959896,3.244246755585916
2021-06-26 09:00:00,8,-68.5,-55.41699870169496,3.6037479111959896,3.9349754136769595
2021-06-26 12:00:00,1,-63.8,-55.54202057380592,3.6037479111959896,3.5410944776110873
2021-06-26 12:00:00,2,-63.8,-55.4634412948657,3.6037479111959896,3.2742698182117955
2021-06-26 12:00:00,4,-65.5,-55.61518654868517,3.6037479111959896,3.5235817842249415
2021-06-26 12:00:00,8,-68.0,-55.723830172423206,3.6037479111959896,3.782874897670271
2021-06-26 15:00:00,1,-63.8,-56.73846992718045,3.6037479111959896,3.613866198929527
2021-06-26 15:00:00,2,-64.4,-56.54028099943874,3.6037479111959896,3.3875279704527976
2021-06-26 15:00:00,4,-67.9,-56.384054049338005,3.6037479111959896,3.6331627649327887
2021-06-26 15:00:00,8,-69.6,-56.30094281917248,3.6037479111959896,3.652893283725463
2021-06-26 18:00:00,1,-64.4,-55.92135047524645,3.6037479111959896,3.6423633585387165
2021-06-26 18:00:00,2,-65.5,-55.59950376389256,3.6037479111959896,3.467657107411784
2021-06-26 18:00:00,4,-69.0,-55.31338273386315,3.6037479111959896,3.67784014045785
2021-06-26 18:00:00,8,-68.2,-55.236808969427805,3.6037479111959896,3.4488629906088266
2021-06-26 21:00:00,1,-65.5,-56.04466241838358,3.6037479111959896,3.6383669058858388
2021-06-26 21:00:00,2,-67.9,-55.74830415004182,3.6037479111959896,3.4515587646020136
2021-06-26 21:00:00,4,-68.5,-55.44909594003524,3.6037479111959896,3.653421719838881
2021-06-26 21:00:00,8,-66.8,-55.47719115562816,3.6037479111959896,3.241805465387678
2021-06-27 00:00:00,1,-67.9,-56.46063609953474,3.6037479111959896,3.6120504008664462
2021-06-27 00:00:00,2,-69.0,-56.148715370065645,3.6037479111959896,3.3658573776334837
2021-06-27 00:00:00,4,-68.0,-55.863319884532885,3.6037479111959896,3.5502063864604394
2021-06-27 00:00:00,8,-71.3,-55.89732464924344,3.6037479111959896,3.3447310503501697
2021-06-27 03:00:00,1,-69.0,-57.35708271043627,3.6037479111959896,3.4910908246408474
2021-06-27 03:00:00,2,-68.5,-57.02976487481699,3.6037479111959896,3.182350554073041
2021-06-27 03:00:00,4,-69.6,-56.72705034674397,3.6037479111959896,3.4235841025733915
2021-06-27 03:00:00,8,-71.6,-56.66207412648956,3.6037479111959896,3.53400718856751
2021-06-27 06:00:00,1,-68.5,-57.360139796135634,3.6037479111959896,3.4366600854082945
2021-06-27 06:00:00,2,-68.0,-57.03606493547105,3.6037479111959896,3.1019331150074514
2021-06-27 06:00:00,4,-68.2,-56.77445570936222,3.6037479111959896,3.3681147132787754
2021-06-27 06:00:00,8,-71.2,-56.64686687235015,3.6037479111959896,3.6977219085501623
2021-06-27 09:00:00,1,-68.0,-56.69638438361975,3.6037479111959896,3.415065580457692
2021-06-27 09:00:00,2,-69.6,-56.39581190498915,3.6037479111959896,3.101663368316624
2021-06-27 09:00:00,4,-66.8,-56.19614955272348,3.6037479111959896,3.437323294891826
2021-06-27 09:00:00,8,-70.9,-56.12818973787066,3.6037479111959896,3.558119084915102
2021-06-27 12:00:00,1,-69.6,-56.47538115228924,3.6037479111959896,3.4049397087804842
2021-06-27 12:00:00,2,-68.2,-56.16291788557489,3.6037479111959896,3.1340046848709084
2021-06-27 12:00:00,4,-71.3,-55.89105701113391,3.6037479111959896,3.4757002403085178
2021-06-27 12:00:00,8,-72.0,-55.77530348362938,3.6037479111959896,3.4285021941966103
2021-06-27 15:00:00,1,-68.2,-57.02226590051604,3.6037479111959896,3.3544386253700256
2021-06-27 15:00:00,2,-66.8,-56.612872554903944,3.6037479111959896,3.0957538949534253
2021-06-27 15:00:00,4,-71.6,-56.03722108416181,3.6037479111959896,3.3988418952811568
2021-06-27 15:00:00,8,-72.0,-55.692132091631215,3.6037479111959896,3.372559015287837
2021-06-27 18:00:00,1,-66.8,-56.665723464002454,3.6037479111959896,3.3274706213073015
2021-06-27 18:00:00,2,-71.3,-56.23247216911795,3.6037479111959896,3.0318251022708145
2021-06-27 18:00:00,4,-71.2,-55.688798693802305,3.6037479111959896,3.22709557955145
2021-06-27 18:00:00,8,-69.0,-55.39630807477333,3.6037479111959896,3.454367510684782
2021-06-27 21:00:00,1,-71.3,-55.461809360124,3.6037479111959896,3.4136982116075383
2021-06-27 21:00:00,2,-71.6,-55.088568232422304,3.6037479111959896,3.1940593946684714
2021-06-27 21:00:00,4,-70.9,-54.699939184958026,3.6037479111959896,3.3149962098506527
2021-06-27 21:00:00,8,-67.225,-54.62154759652563,3.6037479111959896,3.2348768838011575
2021-06-28 00:00:00,1,-71.6,-58.712334264574025,3.6037479111959896,3.2858302421411025
2021-06-28 00:00:00,2,-71.2,-58.35222714941383,3.6037479111959896,2.986612219046078
2021-06-28 00:00:00,4,-72.0,-57.73063653556751,3.6037479111959896,3.0208821524575638
2021-06-28 00:00:00,8,-65.45,-57.31771741836225,3.6037479111959896,3.3832137563047655
2021-06-28 03:00:00,1,-71.2,-58.39007434590253,3.6037479111959896,3.252672034071336
2021-06-28 03:00:00,2,-70.9,-57.98055239086377,3.6037479111959896,2.916771073711614
2021-06-28 03:00:00,4,-72.0,-57.47414142548367,3.6037479111959896,3.0044384283096166
2021-06-28 03:00:00,8,-63.675,-57.113714407884046,3.6037479111959896,3.6078377882838164
2021-06-28 06:00:00,1,-70.9,-57.81677891339676,3.6037479111959896,3.3224148037100942
2021-06-28 06:00:00,2,-72.0,-57.546123437111575,3.6037479111959896,3.0086248606935517
2021-06-28 06:00:00,4,-69.0,-57.30629891867726,3.6037479111959896,3.204406145109615
2021-06-28 06:00:00,8,-61.9,-57.20464235328698,3.6037479111959896,3.3276908868893944
2021-06-28 09:00:00,1,-72.0,-57.5725233138757,3.6037479111959896,3.4180558017059535
2021-06-28 09:00:00,2,-72.0,-57.29976577595302,3.6037479111959896,3.1180797392223503
2021-06-28 09:00:00,4,-67.225,-57.063295549876315,3.6037479111959896,3.3555150527656425
2021-06-28 09:00:00,8,-62.65,-56.92131938885113,3.6037479111959896,3.3829487417781623
2021-06-28 12:00:00,1,-72.0,-58.1209211141809,3.6037479111959896,3.418595721648891
2021-06-28 12:00:00,2,-69.0,-57.822086123687,3.6037479111959896,3.133979517755259
2021-06-28 12:00:00,4,-65.45,-57.44857660936663,3.6037479111959896,3.3756375480515532
2021-06-28 12:00:00,8,-63.4,-57.16022094551763,3.6037479111959896,3.3866937898753466
2021-06-28 15:00:00,1,-69.0,-57.95992444752825,3.6037479111959896,3.4438241288225866
2021-06-28 15:00:00,2,-67.225,-57.61853594808083,3.6037479111959896,3.1795567909553095
2021-06-28 15:00:00,4,-63.675,-57.19084764133791,3.6037479111959896,3.4032498462709517
2021-06-28 15:00:00,8,-63.1,-56.905328589885414,3.6037479111959896,3.3250886497873684
2021-06-28 18:00:00,1,-67.225,-56.58690497873365,3.6037479111959896,3.455164700401043
2021-06-28 18:00:00,2,-65.45,-56.32183950937716,3.6037479111959896,3.2393356755637734
2021-06-28 18:00:00,4,-61.9,-56.11878179619747,3.6037479111959896,3.449459469911775
2021-06-28 18:00:00,8,-64.3,-56.12896968019203,3.6037479111959896,3.166764004821663
2021-06-28 21:00:00,1,-65.45,-55.68818842946401,3.6037479111959896,3.470058354169656
2021-06-28 21:00:00,2,-63.675,-55.406791904549415,3.6037479111959896,3.1738239672831
2021-06-28 21:00:00,4,-62.65,-55.26714458284824,3.6037479111959896,3.1421731468043674
2021-06-28 21:00:00,8,-65.7,-55.2989918073451,3.6037479111959896,3.140323790365414
2021-06-29 00:00:00,1,-63.675,-55.265597847348566,3.6037479111959896,3.373992874377853
2021-06-29 00:00:00,2,-61.9,-55.06466074870685,3.6037479111959896,3.0357006781203504
2021-06-29 00:00:00,4,-63.4,-55.07030515346027,3.6037479111959896,2.935369412216084
2021-06-29 00:00:00,8,-63.3,-55.25573076641968,3.6037479111959896,3.1839109685634677
2021-06-29 03:00:00,1,-61.9,-53.710831463522794,3.6037479111959896,3.290716821549599
2021-06-29 03:00:00,2,-62.65,-53.4296882847687,3.6037479111959896,2.923263869628213
2021-06-29 03:00:00,4,-63.1,-53.308012959629714,3.6037479111959896,2.852760701183783
2021-06-29 03:00:00,8,-66.9,-53.37548382449839,3.6037479111959896,3.4269492178685415
2021-06-29 06:00:00,1,-62.65,-52.58033618533967,3.6037479111959896,3.3888103602975144
2021-06-29 06:00:00,2,-63.4,-52.2794913348193,3.6037479111959896,3.088051264600203
2021-06-29 06:00:00,4,-64.3,-52.127539274700126,3.6037479111959896,3.116152855270358
2021-06-29 06:00:00,8,-68.55000000000001,-52.14413682556181,3.6037479111959896,3.6138136252514963
2021-06-29 09:00:00,1,-63.4,-53.02141500297643,3.6037479111959896,3.1383514776368684
2021-06-29 09:00:00,2,-63.1,-52.53270492314548,3.6037479111959896,2.785990157239194
2021-06-29 09:00:00,4,-65.7,-51.93297428681144,3.6037479111959896,3.0045895909639944
2021-06-29 09:00:00,8,-70.2,-51.52446400522486,3.6037479111959896,3.543478128716069
2021-06-29 12:00:00,1,-63.1,-53.250822878351954,3.6037479111959896,3.307423947289301
2021-06-29 12:00:00,2,-64.3,-52.758873245946006,3.6037479111959896,3.0289164875278525
2021-06-29 12:00:00,4,-63.3,-52.08455418565377,3.6037479111959896,3.2831240307265417
2021-06-29 12:00:00,8,-69.2,-51.648992154032626,3.6037479111959896,3.652910799398113
2021-06-29 15:00:00,1,-64.3,-52.90857320009658,3.6037479111959896,3.4146364864678844
2021-06-29 15:00:00,2,-65.7,-52.415362330708135,3.6037479111959896,3.1885110587508105
2021-06-29 15:00:00,4,-66.9,-51.742182202355394,3.6037479111959896,3.3683116246306684
2021-06-29 15:00:00,8,-72.1,-51.35924664377446,3.6037479111959896,3.586537537719271
2021-06-29 18:00:00,1,-65.7,-53.81806398607247,3.6037479111959896,3.4797987077580403
2021-06-29 18:00:00,2,-63.3,-53.41760098004001,3.6037479111959896,3.3255248886786526
2021-06-29 18:00:00,4,-68.55000000000001,-52.88210329964252,3.6037479111959896,3.4973886420613636
2021-06-29 18:00:00,8,-73.5,-52.68006905811872,3.6037479111959896,3.207826233490008
2021-06-29 21:00:00,1,-63.3,-54.66373346984914,3.6037479111959896,3.516564157970763
2021-06-29 21:00:00,2,-66.9,-54.272205126402255,3.6037479111959896,3.351050902326919
2021-06-29 21:00:00,4,-70.2,-53.769367395618026,3.6037479111959896,3.459438871108709
2021-06-29 21:00:00,8,-74.2,-53.61214858584232,3.6037479111959896,3.4471233137395574
2021-06-30 00:00:00,1,-66.9,-52.363347855711716,3.6037479111959896,3.5532799937743498
2021-06-30 00:00:00,2,-68.55000000000001,-52.08103922157545,3.6037479111959896,3.41644546621547
2021-06-30 00:00:00,4,-69.2,-51.98925568124723,3.6037479111959896,3.5418568092725686
2021-06-30 00:00:00,8,-71.0,-52.28534547290769,3.6037479111959896,3.309178233882485
2021-06-30 03:00:00,1,-68.55000000000001,-55.42951470451253,3.6037479111959896,3.3868027762829476
2021-06-30 03:00:00,2,-70.2,-55.181512860095445,3.6037479111959896,3.1887414551633557
2021-06-30 03:00:00,4,-72.1,-54.96068813288514,3.6037479111959896,3.2694161906623482
2021-06-30 03:00:00,8,-70.6,-54.94133907880636,3.6037479111959896,3.5005874517766182
2021-06-30 06:00:00,1,-70.2,-56.86919330374827,3.6037479111959896,3.2154676789593157
2021-06-30 06:00:00,2,-69.2,-56.57769085182669,3.6037479111959896,2.9873074072957344
2021-06-30 06:00:00,4,-73.5,-56.313266628351045,3.6037479111959896,3.2527589725926633
2021-06-30 06:00:00,8,-69.9,-56.12033375532931,3.6037479111959896,3.568716606735036
2021-06-30 09:00:00,1,-69.2,-58.622388362020075,3.6037479111959896,3.3922611610902256
2021-06-30 09:00:00,2,-72.1,-58.392563316571504,3.6037479111959896,3.0842022421904836
2021-06-30 09:00:00,4,-74.2,-58.14858871243642,3.6037479111959896,3.2858161922788702
2021-06-30 09:00:00,8,-68.5,-57.90214315015712,3.6037479111959896,3.7122148479842743
2021-06-30 12:00:00,1,-72.1,-57.71341872341631,3.6037479111959896,3.54182785642554
2021-06-30 12:00:00,2,-73.5,-57.36371276054363,3.6037479111959896,3.304485633217066
2021-06-30 12:00:00,4,-71.0,-56.96753304283239,3.6037479111959896,3.5396947700837273
2021-06-30 12:00:00,8,-65.7,-56.71069281277448,3.6037479111959896,3.678128622519994
2021-06-30 15:00:00,1,-73.5,-60.0992741727404,3.6037479111959896,3.6231123679424493
2021-06-30 15:00:00,2,-74.2,-59.72757851966164,3.6037479111959896,3.4205380551173223
2021-06-30 15:00:00,4,-70.6,-59.158386340292296,3.6037479111959896,3.599513684802517
2021-06-30 15:00:00,8,-65.4,-58.751201690464164,3.6037479111959896,3.6316802312014627
2021-06-30 18:00:00,1,-74.2,-60.77776707275039,3.6037479111959896,3.7407147535817185
2021-06-30 18:00:00,2,-71.0,-60.34696223897647,3.6037479111959896,3.5723858002392106
2021-06-30 18:00:00,4,-69.9,-59.73466464689548,3.6037479111959896,3.7018245616322663
2021-06-30 18:00:00,8,-64.3,-59.3200235323248,3.6037479111959896,3.8066126731132988
2021-06-30 21:00:00,1,-71.0,-60.48613637165265,3.6037479111959896,3.7627363796761983
2021-06-30 21:00:00,2,-70.6,-60.08673097101047,3.6037479111959896,3.6231655747973828
2021-06-30 21:00:00,4,-68.5,-59.526227313076085,3.6037479111959896,3.7560908614905335
2021-06-30 21:00:00,8,-63.4,-59.22377973061975,3.6037479111959896,3.6297183159041704
2021-07-01 00:00:00,1,-70.6,-58.40112178757782,3.6037479111959896,3.7369736378463543
2021-07-01 00:00:00,2,-69.9,-58.08849028388238,3.6037479111959896,3.6450454492457736
2021-07-01 00:00:00,4,-65.7,-57.8354517772967,3.6037479111959896,3.886609176173603
2021-07-01 00:00:00,8,-61.7,-57.864584874565296,3.6037479111959896,3.5848246608955603
2021-07-01 03:00:00,1,-69.9,-58.397279355799675,3.6037479111959896,3.6739236013951833
2021-07-01 03:00:00,2,-68.5,-58.140086440507304,3.6037479111959896,3.4646917600182903
2021-07-01 03:00:00,4,-65.4,-57.93725748639184,3.6037479111959896,3.551225554668942
2021-07-01 03:00:00,8,-61.9,-57.8350587440068,3.6037479111959896,3.8643600862753926
2021-07-01 06:00:00,1,-68.5,-58.38678597938548,3.6037479111959896,3.522301500526556
2021-07-01 06:00:00,2,-65.7,-58.21505312748509,3.6037479111959896,3.3204824544416742
2021-07-01 06:00:00,4,-64.3,-58.09262668006433,3.6037479111959896,3.602584089574301
2021-07-01 06:00:00,8,-63.1,-58.01550317337382,3.6037479111959896,3.7810046130684105
2021-07-01 09:00:00,1,-65.7,-57.60545128985713,3.6037479111959896,3.4973749787702935
2021-07-01 09:00:00,2,-65.4,-57.46097787240159,3.6037479111959896,3.3339141493958073
2021-07-01 09:00:00,4,-63.4,-57.40788631597252,3.6037479111959896,3.6782183403546753
2021-07-01 09:00:00,8,-66.2,-57.33777832741886,3.6037479111959896,3.79715530294553
2021-07-01 12:00:00,1,-65.4,-56.29817897737593,3.6037479111959896,3.5178768736566353
2021-07-01 12:00:00,2,-64.3,-56.17625688064797,3.6037479111959896,3.4012165885992123
2021-07-01 12:00:00,4,-61.7,-56.216972751827214,3.6037479111959896,3.774768753674133
2021-07-01 12:00:00,8,-67.2,-56.224391030017316,3.6037479111959896,3.7944149799584337
2021-07-01 15:00:00,1,-64.3,-57.671682983086114,3.6037479111959896,3.6158498488571507
2021-07-01 15:00:00,2,-63.4,-57.56616669389394,3.6037479111959896,3.4376689961509643
2021-07-01 15:00:00,4,-61.9,-57.65688641451085,3.6037479111959896,3.5380725708575826
2021-07-01 15:00:00,8,-67.1,-57.691697780079394,3.6037479111959896,3.5030830552231156
2021-07-01 18:00:00,1,-63.4,-56.9679249953708,3.6037479111959896,3.553412960924034
2021-07-01 18:00:00,2,-61.7,-56.780396960523404,3.6037479111959896,3.387400855190704
2021-07-01 18:00:00,4,-63.1,-56.65582522140576,3.6037479111959896,3.463675624393903
2021-07-01 18:00:00,8,-68.3,-56.71001554184416,3.6037479111959896,3.3785976567393
2021-07-01 21:00:00,1,-61.7,-56.74687493147596,3.6037479111959896,3.6192969505637427
2021-07-01 21:00:00,2,-61.9,-56.60776024013143,3.6037479111959896,3.399527832483005
2021-07-01 21:00:00,4,-66.2,-56.55300360591512,3.6037479111959896,3.3385902741317013
2021-07-01 21:00:00,8,-68.3,-56.66101751178814,3.6037479111959896,3.4153971385443174
2021-07-02 00:00:00,1,-61.9,-56.146718861823146,3.6037479111959896,3.6788672067150934
2021-07-02 00:00:00,2,-63.1,-56.120988690728964,3.6037479111959896,3.4298076583406854
2021-07-02 00:00:00,4,-67.2,-56.30075368766268,3.6037479111959896,3.397280521027845
2021-07-02 00:00:00,8,-67.7,-56.58004869131553,3.6037479111959896,3.5669462907686698
2021-07-02 03:00:00,1,-63.1,-57.62900879021682,3.6037479111959896,3.655710114477533
2021-07-02 03:00:00,2,-66.2,-57.739790140391335,3.6037479111959896,3.426770621991703
2021-07-02 03:00:00,4,-67.1,-58.16422106215976,3.6037479111959896,3.4801737217752895
2021-07-02 03:00:00,8,-65.9,-58.50394232231698,3.6037479111959896,3.5935199122659247
2021-07-02 06:00:00,1,-66.2,-57.33010499187841,3.6037479111959896,3.5892710019841885
2021-07-02 06:00:00,2,-67.2,-57.42524354506523,3.6037479111959896,3.452421991336774
2021-07-02 06:00:00,4,-68.3,-57.81039239262394,3.6037479111959896,3.6318246555205853
2021-07-02 06:00:00,8,-62.66666666666667,-58.120070202512046,3.6037479111959896,3.5166070140495833
2021-07-02 09:00:00,1,-67.2,-58.44467246990111,3.6037479111959896,3.5225470531946588
2021-07-02 09:00:00,2,-67.1,-58.491978403382774,3.6037479111959896,3.3773162799776286
2021-07-02 09:00:00,4,-68.3,-58.700360979126955,3.6037479111959896,3.613708937781818
2021-07-02 09:00:00,8,-59.43333333333334,-58.765705375387114,3.6037479111959896,3.686809957745091
2021-07-02 12:00:00,1,-67.1,-57.685478055285685,3.6037479111959896,3.5776890033850304
2021-07-02 12:00:00,2,-68.3,-57.679554816649244,3.6037479111959896,3.3950753324993017
2021-07-02 12:00:00,4,-67.7,-57.82354729969414,3.6037479111959896,3.63877149259698
2021-07-02 12:00:00,8,-56.2,-57.7819059449936,3.6037479111959896,3.8334522822300823
2021-07-02 15:00:00,1,-68.3,-57.13069193295518,3.6037479111959896,3.5239511596352417
2021-07-02 15:00:00,2,-68.3,-57.02636194864257,3.6037479111959896,3.4066633762716307
2021-07-02 15:00:00,4,-65.9,-56.951945003919924,3.6037479111959896,3.764505262663257
2021-07-02 15:00:00,8,-58.7,-56.87321225826889,3.6037479111959896,3.4759416006790196
2021-07-02 18:00:00,1,-68.3,-57.428730049354456,3.6037479111959896,3.478000565333031
2021-07-02 18:00:00,2,-67.7,-57.23954450198023,3.6037479111959896,3.357296266039765
2021-07-02 18:00:00,4,-62.66666666666667,-56.96318337835749,3.6037479111959896,3.6816320569759156
2021-07-02 18:00:00,8,-53.29175178959221,-56.815460141187856,3.6037479111959896,3.326397073200339
2021-07-02 21:00:00,1,-67.7,-56.72503906823118,3.6037479111959896,3.419191334499235
2021-07-02 21:00:00,2,-65.9,-56.38544965975508,3.6037479111959896,3.232756101086328
2021-07-02 21:00:00,4,-59.43333333333334,-55.86849128038656,3.6037479111959896,3.4528849836184756
2021-07-02 21:00:00,8,-53.29175178959221,-55.56941816431555,3.6037479111959896,3.6032401041687057
2021-07-03 00:00:00,1,-65.9,-55.86427959185118,3.6037479111959896,3.3995311250029023
2021-07-03 00:00:00,2,-62.66666666666667,-55.5567746328228,3.6037479111959896,3.2186375091674617
2021-07-03 00:00:00,4,-56.2,-55.137406851634346,3.6037479111959896,3.433619143357572
2021-07-03 00:00:00,8,-53.29175178959221,-54.980556307927,3.6037479111959896,3.5330161734036323
2021-07-03 03:00:00,1,-62.66666666666667,-54.399918069709805,3.6037479111959896,3.4087656169007245
2021-07-03 03:00:00,2,-59.43333333333334,-54.123964029146265,3.6037479111959896,3.2104834436772767
2021-07-03 03:00:00,4,-58.7,-53.88419147684583,3.6037479111959896,3.4341555308398912
2021-07-03 03:00:00,8,-53.29175178959221,-53.84942685377899,3.6037479111959896,3.6801160515139775
2021-07-03 06:00:00,1,-59.43333333333334,-51.87411858737071,3.6037479111959896,3.3999074853541984
2021-07-03 06:00:00,2,-56.2,-51.60292323068767,3.6037479111959896,3.1203496317653867
2021-07-03 06:00:00,4,-53.29175178959221,-51.52897875448903,3.6037479111959896,3.383187042904468
2021-07-03 06:00:00,8,-53.29175178959221,-51.55494353871799,3.6037479111959896,3.8253341545279227
2021-07-03 09:00:00,1,-56.2,-50.048174769324014,3.6037479111959896,3.4536822533149767
2021-07-03 09:00:00,2,-58.7,-49.76260546292748,3.6037479111959896,3.1574213529787243
2021-07-03 09:00:00,4,-53.29175178959221,-49.70732376361492,3.6037479111959896,3.416742059606996
2021-07-03 09:00:00,8,-53.29175178959221,-49.66489634233461,3.6037479111959896,3.9691618743775354
2021-07-03 12:00:00,1,-58.7,-49.25501269579901,3.6037479111959896,3.5341027316297016
2021-07-03 12:00:00,2,-53.29175178959221,-48.91111216965095,3.6037479111959896,3.3258182562004817
2021-07-03 12:00:00,4,-53.29175178959221,-48.655342243813266,3.6037479111959896,3.6669483113482624
2021-07-03 12:00:00,8,-53.29175178959221,-48.44948430353704,3.6037479111959896,4.027528627861296
2021-07-03 15:00:00,1,-53.29175178959221,-51.73118870819171,3.6037479111959896,3.52009976447839
2021-07-03 15:00:00,2,-53.29175178959221,-51.27278391319266,3.6037479111959896,3.4385716264841677
2021-07-03 15:00:00,4,-53.29175178959221,-50.72216742015225,3.6037479111959896,3.777806843096281
2021-07-03 15:00:00,8,-47.3,-50.37216803325151,3.6037479111959896,3.34123383435794
2021-07-03 18:00:00,1,-53.29175178959221,-50.27365033042293,3.6037479111959896,3.608411239942546
2021-07-03 18:00:00,2,-53.29175178959221,-49.81346274578746,3.6037479111959896,3.5340689333131077
2021-07-03 18:00:00,4,-53.29175178959221,-49.34130349683214,3.6037479111959896,3.776969316678773
2021-07-03 18:00:00,8,-48.6,-49.12529405786134,3.6037479111959896,3.164288483080529
2021-07-03 21:00:00,1,-53.29175178959221,-50.206211798036165,3.6037479111959896,3.616377991709687
2021-07-03 21:00:00,2,-53.29175178959221,-49.74291777338354,3.6037479111959896,3.4850512300915195
2021-07-03 21:00:00,4,-53.29175178959221,-49.2620318164408,3.6037479111959896,3.5503913074412905
2021-07-03 21:00:00,8,-50.03333333333333,-49.15045359217167,3.6037479111959896,3.0387560832645475
2021-07-04 00:00:00,1,-53.29175178959221,-49.79467316072719,3.6037479111959896,3.5426543655649314
2021-07-04 00:00:00,2,-53.29175178959221,-49.40589677081052,3.6037479111959896,3.3419076145632456
2021-07-04 00:00:00,4,-53.29175178959221,-49.12175639800184,3.6037479111959896,3.290683123208306
2021-07-04 00:00:00,8,-51.46666666666667,-49.200760052025004,3.6037479111959896,3.0870321030567203
2021-07-04 03:00:00,1,-53.29175178959221,-49.638970735346966,3.6037479111959896,3.3824566233589106
2021-07-04 03:00:00,2,-53.29175178959221,-49.307699330671866,3.6037479111959896,3.1218721889420187
2021-07-04 03:00:00,4,-47.3,-49.182101958395364,3.6037479111959896,3.142785475524957
2021-07-04 03:00:00,8,-52.9,-49.371187356132026,3.6037479111959896,3.22973364780118
2021-07-04 06:00:00,1,-53.29175178959221,-49.2437775636159,3.6037479111959896,3.2295449477539697
2021-07-04 06:00:00,2,-53.29175178959221,-48.97787307085689,3.6037479111959896,2.8990403075349667
2021-07-04 06:00:00,4,-48.6,-48.9758826868728,3.6037479111959896,2.9937048667657633
2021-07-04 06:00:00,8,-54.4,-49.18130292279777,3.6037479111959896,3.374396294710488
2021-07-04 09:00:00,1,-53.29175178959221,-49.21007324781805,3.6037479111959896,3.159932492586922
2021-07-04 09:00:00,2,-47.3,-49.02874080098121,3.6037479111959896,2.7834501980843687
2021-07-04 09:00:00,4,-50.03333333333333,-49.08975066328725,3.6037479111959896,2.8647915955472705
2021-07-04 09:00:00,8,-56.96666666666667,-49.205147903052364,3.6037479111959896,3.4064283143450615
2021-07-04 12:00:00,1,-47.3,-49.268023862921765,3.6037479111959896,3.1181744358269974
2021-07-04 12:00:00,2,-48.6,-49.087085169875806,3.6037479111959896,2.767256812088909
2021-07-04 12:00:00,4,-51.46666666666667,-49.10644142896448,3.6037479111959896,2.832298663117246
2021-07-04 12:00:00,8,-59.53333333333333,-49.17342640597822,3.6037479111959896,3.240215244927658
2021-07-04 15:00:00,1,-48.6,-48.192408109405,3.6037479111959896,3.349840774629414
2021-07-04 15:00:00,2,-50.03333333333333,-47.99839808740364,3.6037479111959896,3.123568996402427
2021-07-04 15:00:00,4,-52.9,-47.982205548160806,3.6037479111959896,3.170646538952115
2021-07-04 15:00:00,8,-62.1,-48.08252702521714,3.6037479111959896,3.269528749520687
2021-07-04 18:00:00,1,-50.03333333333333,-48.33037720417589,3.6037479111959896,3.3946517438160426
2021-07-04 18:00:00,2,-51.46666666666667,-48.11123898965725,3.6037479111959896,3.131918240339296
2021-07-04 18:00:00,4,-54.4,-48.00050411179657,3.6037479111959896,3.042927052802003
2021-07-04 18:00:00,8,-59.8,-48.103318882527816,3.6037479111959896,3.2786354329943324
2021-07-04 21:00:00,1,-51.46666666666667,-49.6323907600584,3.6037479111959896,3.3351012161239932
2021-07-04 21:00:00,2,-52.9,-49.4270463568626,3.6037479111959896,2.9726292736149498
2021-07-04 21:00:00,4,-56.96666666666667,-49.31922410425284,3.6037479111959896,2.7636068338374935
2021-07-04 21:00:00,8,-58.5,-49.465435009845066,3.6037479111959896,3.303270733365217
2021-07-05 00:00:00,1,-52.9,-49.80364123654617,3.6037479111959896,3.3126587073443887
2021-07-05 00:00:00,2,-54.4,-49.47376652303963,3.6037479111959896,2.9148714896816825
2021-07-05 00:00:00,4,-59.53333333333333,-49.151138428362394,3.6037479111959896,2.7327629340042723
2021-07-05 00:00:00,8,-56.6,-49.188646629135434,3.6037479111959896,3.3644096686318368
2021-07-05 03:00:00,1,-54.4,-49.578552944729225,3.6037479111959896,3.363719012595804
2021-07-05 03:00:00,2,-56.96666666666667,-49.29074846413735,3.6037479111959896,3.017721066755703
2021-07-05 03:00:00,4,-62.1,-49.13892989934218,3.6037479111959896,2.9513631675314764
2021-07-05 03:00:00,8,-58.7,-49.33055470281709,3.6037479111959896,3.566239165468132
2021-07-05 06:00:00,1,-56.96666666666667,-49.83449651130544,3.6037479111959896,3.3781972223356402
2021-07-05 06:00:00,2,-59.53333333333333,-49.55088930922914,3.6037479111959896,3.032534580323424
2021-07-05 06:00:00,4,-59.8,-49.43899586577701,3.6037479111959896,3.082210574243758
2021-07-05 06:00:00,8,-60.5,-49.59384413723393,3.6037479111959896,3.5922943717095905
2021-07-05 09:00:00,1,-59.53333333333333,-51.64567334634875,3.6037479111959896,3.344938572413957
2021-07-05 09:00:00,2,-62.1,-51.3707439482552,3.6037479111959896,2.9991613320472714
2021-07-05 09:00:00,4,-58.5,-51.250680563955456,3.6037479111959896,3.1943198903114913
2021-07-05 09:00:00,8,-62.1,-51.292399462575005,3.6037479111959896,3.3962578136937043
2021-07-05 12:00:00,1,-62.1,-52.801342478799384,3.6037479111959896,3.4381608079792945
2021-07-05 12:00:00,2,-59.8,-52.461082081260955,3.6037479111959896,3.1215668243841277
2021-07-05 12:00:00,4,-56.6,-52.19545621974406,3.6037479111959896,3.2830310670271032
2021-07-05 12:00:00,8,-64.7,-52.071114410504755,3.6037479111959896,3.336309584256209
2021-07-05 15:00:00,1,-59.8,-53.778623401645014,3.6037479111959896,3.5798532553605233
2021-07-05 15:00:00,2,-58.5,-53.385509865958134,3.6037479111959896,3.33013937530927
2021-07-05 15:00:00,4,-58.7,-53.01700909439302,3.6037479111959896,3.489564148481834
2021-07-05 15:00:00,8,-66.9,-52.898229192543816,3.6037479111959896,3.3475736014145516
2021-07-05 18:00:00,1,-58.5,-52.58940891392739,3.6037479111959896,3.6911863631950634
2021-07-05 18:00:00,2,-56.6,-52.22073141697889,3.6037479111959896,3.57864342758892
2021-07-05 18:00:00,4,-60.5,-52.060172252036594,3.6037479111959896,3.788612813417787
2021-07-05 18:00:00,8,-66.5,-52.22333897760764,3.6037479111959896,3.1491218034312314
2021-07-05 21:00:00,1,-56.6,-52.33069141854079,3.6037479111959896,3.7125822772087242
2021-07-05 21:00:00,2,-58.7,-52.01465604301337,3.6037479111959896,3.5671066644807348
2021-07-05 21:00:00,4,-62.1,-51.95008852694537,3.6037479111959896,3.6505128384951178
2021-07-05 21:00:00,8,-66.6,-52.22189275199603,3.6037479111959896,3.138436549952586
2021-07-06 00:00:00,1,-58.7,-51.900018976823716,3.6037479111959896,3.6425473930719034
2021-07-06 00:00:00,2,-60.5,-51.681454236061576,3.6037479111959896,3.3952864270138274
2021-07-06 00:00:00,4,-64.7,-51.79787080460189,3.6037479111959896,3.3869733341456247
2021-07-06 00:00:00,8,-66.2,-52.21998360449854,3.6037479111959896,3.2276365658975927
2021-07-06 03:00:00,1,-60.5,-53.344668177293556,3.6037479111959896,3.4972488899212846
2021-07-06 03:00:00,2,-62.1,-53.14886653951865,3.6037479111959896,3.1537134690332507
2021-07-06 03:00:00,4,-66.9,-53.19214811472227,3.6037479111959896,3.122007782109596
2021-07-06 03:00:00,8,-64.3,-53.431669392302545,3.6037479111959896,3.4367118192938007
2021-07-06 06:00:00,1,-62.1,-53.85550698150594,3.6037479111959896,3.4190645124980223
2021-07-06 06:00:00,2,-64.7,-53.676259394345465,3.6037479111959896,3.0559770020686523
2021-07-06 06:00:00,4,-66.5,-53.71048553298511,3.6037479111959896,3.096340896597885
2021-07-06 06:00:00,8,-64.6,-53.839101894471135,3.6037479111959896,3.6054618352769743
2021-07-06 09:00:00,1,-64.7,-54.43434720950331,3.6037479111959896,3.396141535754186
2021-07-06 09:00:00,2,-66.9,-54.2713686247532,3.6037479111959896,3.0504504207763836
2021-07-06 09:00:00,4,-66.6,-54.308332487028515,3.6037479111959896,3.1403977987478746
2021-07-06 09:00:00,8,-65.1,-54.39135815770151,3.6037479111959896,3.534518215648599
2021-07-06 12:00:00,1,-66.9,-55.339353372162655,3.6037479111959896,3.3838028241054356
2021-07-06 12:00:00,2,-66.5,-55.09347592491374,3.6037479111959896,3.066957489274736
2021-07-06 12:00:00,4,-66.2,-54.88406933713793,3.6037479111959896,3.1812274981972637
2021-07-06 12:00:00,8,-65.1,-54.76320061285692,3.6037479111959896,3.4076578639109463
2021-07-06 15:00:00,1,-66.5,-56.13064160273866,3.6037479111959896,3.4632812951485947
2021-07-06 15:00:00,2,-66.6,-55.77832490452975,3.6037479111959896,3.174892876536118
2021-07-06 15:00:00,4,-64.3,-55.39035277384285,3.6037479111959896,3.2761862247522933
2021-07-06 15:00:00,8,-63.9,-55.16511299669282,3.6037479111959896,3.273132285912504
2021-07-06 18:00:00,1,-66.6,-55.607966408267245,3.6037479111959896,3.5374260105940967
2021-07-06 18:00:00,2,-66.2,-55.20281375135536,3.6037479111959896,3.2850531807853454
2021-07-06 18:00:00,4,-64.6,-54.79934670650891,3.6037479111959896,3.3713678295772698
2021-07-06 18:00:00,8,-62.233333333333334,-54.68758979799433,3.6037479111959896,3.009668282909959
2021-07-06 21:00:00,1,-66.2,-55.694755075484274,3.6037479111959896,3.5117900307802845
2021-07-06 21:00:00,2,-64.3,-55.33385991236658,3.6037479111959896,3.2450121931467333
2021-07-06 21:00:00,4,-65.1,-54.94437923273246,3.6037479111959896,3.2973317739533865
2021-07-06 21:00:00,8,-60.56666666666666,-54.91090619775231,3.6037479111959896,2.8749868900731554
2021-07-07 00:00:00,1,-64.3,-55.490494666027494,3.6037479111959896,3.4693005014016376
2021-07-07 00:00:00,2,-64.6,-55.16979283074626,3.6037479111959896,3.15361418689482
2021-07-07 00:00:00,4,-65.1,-54.85721122174435,3.6037479111959896,3.161013878757444
2021-07-07 00:00:00,8,-58.9,-54.882438843398205,3.6037479111959896,2.9724797638855405
2021-07-07 03:00:00,1,-64.6,-54.392521766799895,3.6037479111959896,3.4441757486195153
2021-07-07 03:00:00,2,-65.1,-54.151337482872734,3.6037479111959896,3.0925145352562824
2021-07-07 03:00:00,4,-63.9,-54.051948964535455,3.6037479111959896,3.0851001536895026
2021-07-07 03:00:00,8,-57.0,-54.21870072290608,3.6037479111959896,3.1275376692518018
2021-07-07 06:00:00,1,-65.1,-54.767723557819856,3.6037479111959896,3.393696566464889
2021-07-07 06:00:00,2,-65.1,-54.56403414539743,3.6037479111959896,3.0177474069148786
2021-07-07 06:00:00,4,-62.233333333333334,-54.468559298373656,3.6037479111959896,3.005773031921282
2021-07-07 06:00:00,8,-56.3,-54.484524519554235,3.6037479111959896,3.326140736529821
2021-07-07 09:00:00,1,-65.1,-55.09780325385797,3.6037479111959896,3.337802308803168
2021-07-07 09:00:00,2,-63.9,-54.91860763283137,3.6037479111959896,2.983066854949121
2021-07-07 09:00:00,4,-60.56666666666666,-54.8019531188392,3.6037479111959896,3.0731184738339485
2021-07-07 09:00:00,8,-55.6,-54.75154795035027,3.6037479111959896,3.3670531355477946
2021-07-07 12:00:00,1,-63.9,-55.12773646747564,3.6037479111959896,3.3404651709274256
2021-07-07 12:00:00,2,-62.233333333333334,-54.9199434416663,3.6037479111959896,3.0061686675105173
2021-07-07 12:00:00,4,-58.9,-54.75588140355291,3.6037479111959896,3.1185419183716077
2021-07-07 12:00:00,8,-54.4,-54.65789002669731,3.6037479111959896,3.328358162035147
2021-07-07 15:00:00,1,-62.233333333333334,-54.56988191155519,3.6037479111959896,3.299301314033598
2021-07-07 15:00:00,2,-60.56666666666666,-54.31375551785285,3.6037479111959896,2.976555023735304
2021-07-07 15:00:00,4,-57.0,-54.077647253460846,3.6037479111959896,3.0974284145868394
2021-07-07 15:00:00,8,-52.2,-54.00339485315173,3.6037479111959896,3.1583563753092943
2021-07-07 18:00:00,1,-60.56666666666666,-53.62672558174097,3.6037479111959896,3.1856889026477333
2021-07-07 18:00:00,2,-58.9,-53.34709113205934,3.6037479111959896,2.7992785009424295
2021-07-07 18:00:00,4,-56.3,-53.108105456902294,3.6037479111959896,2.79923584481421
2021-07-07 18:00:00,8,-51.4,-53.03191112630065,3.6037479111959896,3.038833930698548
2021-07-07 21:00:00,1,-58.9,-52.57255423427501,3.6037479111959896,3.192842601950932
2021-07-07 21:00:00,2,-57.0,-52.27942180647379,3.6037479111959896,2.7792485694547553
2021-07-07 21:00:00,4,-55.6,-52.05339684085457,3.6037479111959896,2.6285212741858106
2021-07-07 21:00:00,8,-53.9,-52.05716334984092,3.6037479111959896,2.983488137535448
2021-07-08 00:00:00,1,-57.0,-52.02818115249835,3.6037479111959896,3.2816128840642085
2021-07-08 00:00:00,2,-56.3,-51.80128291716393,3.6037479111959896,2.9034712661739195
2021-07-08 00:00:00,4,-54.4,-51.73425741196952,3.6037479111959896,2.7348923279249857
2021-07-08 00:00:00,8,-54.5,-51.88919097273111,3.6037479111959896,3.168462278586479
2021-07-08 03:00:00,1,-56.3,-51.28267936384802,3.6037479111959896,3.30285926168838
2021-07-08 03:00:00,2,-55.6,-51.10761158305412,3.6037479111959896,2.9186498628790387
2021-07-08 03:00:00,4,-52.2,-51.212918926959276,3.6037479111959896,2.782032308382355
2021-07-08 03:00:00,8,-54.4,-51.49614183182018,3.6037479111959896,3.225701897202201
2021-07-08 06:00:00,1,-55.6,-51.3585050681308,3.6037479111959896,3.3066971401846024
2021-07-08 06:00:00,2,-54.4,-51.19119600224464,3.6037479111959896,2.9374156800069304
2021-07-08 06:00:00,4,-51.4,-51.31596407788198,3.6037479111959896,2.9092785781100323
2021-07-08 06:00:00,8,-57.5,-51.54497558765054,3.6037479111959896,3.321909248610454
2021-07-08 09:00:00,1,-54.4,-51.34678665990884,3.6037479111959896,3.3249759309685487
2021-07-08 09:00:00,2,-52.2,-51.19414050966436,3.6037479111959896,2.9950385639347035
2021-07-08 09:00:00,4,-53.9,-51.26731441005449,3.6037479111959896,3.1118276838293895
2021-07-08 09:00:00,8,-58.1,-51.40854980599963,3.6037479111959896,3.328156345228509
2021-07-08 12:00:00,1,-52.2,-50.47037754178175,3.6037479111959896,3.330125005526076
2021-07-08 12:00:00,2,-51.4,-50.27899068375869,3.6037479111959896,3.0178327191713175
2021-07-08 12:00:00,4,-54.5,-50.26899175114868,3.6037479111959896,3.206291599297074
2021-07-08 12:00:00,8,-59.3,-50.33398256154814,3.6037479111959896,3.2770598489183076
2021-07-08 15:00:00,1,-51.4,-49.49086329102456,3.6037479111959896,3.413569336780155
2021-07-08 15:00:00,2,-53.9,-49.30303516751495,3.6037479111959896,3.139212358284577
2021-07-08 15:00:00,4,-54.4,-49.31549659238256,3.6037479111959896,3.315217008634349
2021-07-08 15:00:00,8,-59.8,-49.433417026613654,3.6037479111959896,3.342446574743298
2021-07-08 18:00:00,1,-53.9,-49.31263656370388,3.6037479111959896,3.447581973758237
2021-07-08 18:00:00,2,-54.5,-49.09347457265259,3.6037479111959896,3.1739379124656057
2021-07-08 18:00:00,4,-57.5,-49.05760082837472,3.6037479111959896,3.275036082235097
2021-07-08 18:00:00,8,-59.0,-49.16641413009582,3.6037479111959896,3.427819482864458
2021-07-08 21:00:00,1,-54.5,-50.731006526294074,3.6037479111959896,3.320447609716935
2021-07-08 21:00:00,2,-54.4,-50.44252747665058,3.6037479111959896,3.0028261866234036
2021-07-08 21:00:00,4,-58.1,-50.14743855092745,3.6037479111959896,3.1101990195338116
2021-07-08 21:00:00,8,-59.2,-50.11248200440948,3.6037479111959896,3.449480131473881
2021-07-09 00:00:00,1,-54.4,-50.03565948700743,3.6037479111959896,3.258923929503816
2021-07-09 00:00:00,2,-57.5,-49.71911998594377,3.6037479111959896,2.883475726189622
2021-07-09 00:00:00,4,-59.3,-49.460436534228926,3.6037479111959896,2.9386660910855222
2021-07-09 00:00:00,8,-61.9,-49.4443762069177,3.6037479111959896,3.744961970948366
2021-07-09 03:00:00,1,-57.5,-49.38596158917662,3.6037479111959896,3.2202525768221695
2021-07-09 03:00:00,2,-58.1,-49.18045129062793,3.6037479111959896,2.864025971365892
2021-07-09 03:00:00,4,-59.8,-49.122455644212366,3.6037479111959896,2.9217592813455933
2021-07-09 03:00:00,8,-62.3,-49.27775566978983,3.6037479111959896,3.564572130652217
2021-07-09 06:00:00,1,-58.1,-51.11765203453366,3.6037479111959896,3.1286943968087924
2021-07-09 06:00:00,2,-59.3,-50.872938556633635,3.6037479111959896,2.8088546950873696
2021-07-09 06:00:00,4,-59.0,-50.594669726515384,3.6037479111959896,2.9906230681422303
2021-07-09 06:00:00,8,-62.7,-50.456969378613664,3.6037479111959896,3.6075306541631065
2021-07-09 09:00:00,1,-59.3,-50.40668723566873,3.6037479111959896,3.2406591619220215
2021-07-09 09:00:00,2,-59.8,-50.07963256303593,3.6037479111959896,2.886514548763974
2021-07-09 09:00:00,4,-59.2,-49.77766591499024,3.6037479111959896,3.1199789500111597
2021-07-09 09:00:00,8,-64.0,-49.525005671424154,3.6037479111959896,3.965081495792386
2021-07-09 12:00:00,1,-59.8,-51.02822633369428,3.6037479111959896,3.2763784439300823
2021-07-09 12:00:00,2,-59.0,-50.66670451484078,3.6037479111959896,2.994873804639456
2021-07-09 12:00:00,4,-61.9,-50.21993139775706,3.6037479111959896,3.3661098219323025
2021-07-09 12:00:00,8,-65.8,-49.924453401499484,3.6037479111959896,3.6082197839095516
2021-07-09 15:00:00,1,-59.0,-51.42755374010433,3.6037479111959896,3.3230167349994306
2021-07-09 15:00:00,2,-59.2,-50.99424714676886,3.6037479111959896,3.071854412794326
2021-07-09 15:00:00,4,-62.3,-50.46621376656219,3.6037479111959896,3.4617784797613043
2021-07-09 15:00:00,8,-61.5,-50.1632449016398,3.6037479111959896,3.5390202300661375
2021-07-09 18:00:00,1,-59.2,-51.18839748633797,3.6037479111959896,3.4114992082175863
2021-07-09 18:00:00,2,-61.9,-50.76234039383576,3.6037479111959896,3.194728722640394
2021-07-09 18:00:00,4,-62.7,-50.281949961448696,3.6037479111959896,3.5254143848035286
2021-07-09 18:00:00,8,-59.8,-50.12473970762224,3.6037479111959896,3.3431549863927024
2021-07-09 21:00:00,1,-61.9,-51.4023030624188,3.6037479111959896,3.411893350842334
2021-07-09 21:00:00,2,-62.3,-51.02953206161289,3.6037479111959896,3.189499081320693
2021-07-09 21:00:00,4,-64.0,-50.65197765473627,3.6037479111959896,3.418164401542392
2021-07-09 21:00:00,8,-58.1,-50.605825063213885,1.3000000000000003,3.315486168803413
2021-07-10 00:00:00,1,-62.3,-53.03963449162858,3.6037479111959896,3.3638598044790085
2021-07-10 00:00:00,2,-62.7,-52.70568009887738,3.6037479111959896,3.1035879061815637
2021-07-10 00:00:00,4,-65.8,-52.30015456018766,3.6037479111959896,3.2784988800638697
2021-07-10 00:00:00,8,-56.4,-52.18789195004092,0.5,3.356971226342733
