timestamp,air_temperature_c,relative_humidity,air_pressure_pa,wind_speed_ms,wind_direction_deg,solar_radiation_wm2,snow_surface_temperature_c,snow_mass_flux_kg_m2_s,snow_number_flux_m2_s,turbulence_intensity,friction_velocity_ms,ri_bulk,snow_density_kg_m3,snow_grain_temp_c,visibility_m,precip_rate_mm_h,wind_snow_coupling,threshold_exceedance,net_radiation_est,sensible_heat_flux_est,latent_heat_flux_est,size_bin_1_50_100_um_number_flux_m2_s,size_bin_1_50_100_um_mass_flux_kg_m2_s,size_bin_2_100_200_um_number_flux_m2_s,size_bin_2_100_200_um_mass_flux_kg_m2_s,size_bin_3_200_400_um_number_flux_m2_s,size_bin_3_200_400_um_mass_flux_kg_m2_s,size_bin_4_400_800_um_number_flux_m2_s,size_bin_4_400_800_um_mass_flux_kg_m2_s,velocity_bin_1_0_2_ms_number_flux_m2_s,velocity_bin_1_0_2_ms_mass_flux_kg_m2_s,velocity_bin_2_2_4_ms_number_flux_m2_s,velocity_bin_2_2_4_ms_mass_flux_kg_m2_s,velocity_bin_3_4_6_ms_number_flux_m2_s,velocity_bin_3_4_6_ms_mass_flux_kg_m2_s,velocity_bin_4_6_8_ms_number_flux_m2_s,velocity_bin_4_6_8_ms_mass_flux_kg_m2_s,wind_dir_sin,wind_dir_cos,stability_neutral,stability_unstable
2026-02-03 12:32:23+00:00,-9.729966035065733,,,8.49830843342451,,,-11.717840079224668,,1359.7013592212695,0.5269712916297756,,,,,,,,1,,,,,7.027228304228787e-07,,,,,,,,,27.238043437210575,3.577801510768983e-07,,,505.1396883853732,,,,,True
2026-02-03 12:32:24+00:00,-9.724863267030331,,,8.50059652176729,,,-11.706742459517724,,,0.5590462652704994,,-0.5105414125169428,,,,,,1,,,,,1.0692134263891871e-05,,,,,,,,,,1.587152997300972e-05,,,576.333023821709,,,,,True
2026-02-03 12:32:25+00:00,-9.754530157579104,,,8.483152442813518,,,-11.69879862303049,,,0.6074268775893152,,-0.4716715880162045,,,,,,1,,,,,,2.581027012144478,,,,,,,,,1.6257967319532213e-08,,,14.951349038817153,,,,,
2026-02-03 12:32:26+00:00,-9.749512189972092,,,8.513639544480043,,7.171025398252646,-11.67660956917878,,,0.5436944005865147,,-0.4699885173085537,,,,,,,,,,,,19.14035368767817,,,,,,,,,9.091257255436244e-08,,2.104538863531284e-08,12.696745571535756,1.2331389393240585e-07,,,,
2026-02-03 12:32:27+00:00,,,,8.477974325718868,,39.3095804409223,,,,,,-0.201846310215945,,,,,,,7.51670630864561,,,,,27.382571967691877,,,,0.8800626952448252,,,,,,,1.067631407266712e-07,,4.569259816179419e-08,0.29561713948505036,,,
2026-02-03 12:32:28+00:00,,59.39565333476133,,8.47758644013193,,0.0,,,,,,-0.7948881255579965,,-12.365609975887573,,0.2174386036558513,,,-20.0,,,,,11.999525044585017,6.450873195587266e-08,,,14.54348451509582,,,,,,,6.89360340170786e-08,,2.325394888529992e-08,0.328139049286625,,,
2026-02-03 12:32:29+00:00,,59.04772984105004,,8.521691481403082,,0.0,,,,,,,307.55960381532134,-12.245662984566732,1987.5450573183805,0.068000484561457,,,-20.0,,,,,28.20165799066052,9.319291035525264e-09,,,10.932400214884598,,,,,,,1.803733600108757e-08,,2.355349905830545e-08,0.46800490383394827,,,
2026-02-03 12:32:30+00:00,,59.11352769653681,69236.77677342591,8.517904356972172,,0.0033757236565672,,3.801017821918436e-05,,,,,309.25378029529867,-11.927878726131482,174.43647527983293,0.3061524764905729,,,-19.9976369934404,,,,,,2.7912223147928164e-06,,,2889.0769872463325,,,,,,,8.047167615285556e-06,,8.136580270882334e-06,0.048620506718778704,,,
2026-02-03 12:32:31+00:00,,59.40108717821947,69238.27606878142,8.581337434809006,,,,5.556292200448156e-07,,,,,319.72023812112855,-11.096987891365462,1751.7966918278182,0.2479267298913087,,,-20.0,,,,,,1.4684795063720282e-08,24.487164605292325,,52.71177794718935,,,,,,,,,,-0.1966665299329643,,False,
2026-02-03 12:32:32+00:00,,59.644832257539655,69233.17571920283,8.5593859059676,,,,1.3626269442169824e-05,,,,,312.55426547195816,-11.790067123281316,385.4648410677429,0.5168176838090902,,,,,,,,,5.095719745698678e-06,836.7119683862728,,,,,,,,2211.46451955426,,,,,,False,
2026-02-03 12:32:33+00:00,,,69230.64763304438,8.513168404937884,,,,1.1101744120402672e-05,,,0.6893416977748874,,322.5554818399084,,426.6042929071841,,1.3040672511498e-06,,,,10.168009797978549,,,,,321.67638655536445,,,1.3828821196721453e-07,,,,,671.4364247645871,,,,,,False,
2026-02-03 12:32:34+00:00,,,69227.81276824228,8.491108882922722,,,,5.082766598401745e-06,,,0.7309118055687973,,,,,,5.985986834563129e-07,,,1.766796345817952,10.13218648878422,,,,,80.23774291416444,,,1.0384408707915774e-06,,7.669588596145416e-07,,,109.28625777288006,,,,,,False,
2026-02-03 12:32:35+00:00,,,,8.48994541161416,165.21809511662698,,,,,,0.6456741095394446,,,,,,3.901677295910662e-08,,,1.744004032226666,10.087177083722858,,,,,3.6700515475735616,7.006645659720517e-08,,1.451237801674483e-07,51.27176315042373,2.441707255372372e-08,,,8.542143648228318,,,,,,False,
2026-02-03 12:32:36+00:00,,,,8.524108275894324,143.24122210604548,,,,,,0.7228445289659633,,,,,,9.55209705821343e-09,,,1.76446415360208,10.072807582548371,4.642945479442343,,,,,3.742948663905348e-10,,9.55900770752776e-09,1.732001713548098,2.2466097278119025e-08,,,7.513445416828775,,,,,,,
2026-02-03 12:32:37+00:00,,,,8.547305800188761,136.77596629463255,,,,,,0.6331904194780779,,,,,,5.354363922355551e-07,,,1.8002531366865595,10.033857840227654,327.3001844823114,,,,,1.4445487508532996e-06,,1.8257189235477693e-06,169.35134201432237,9.558032330356664e-07,,,,,,,,,,
2026-02-03 12:32:38+00:00,,,,8.51401876333839,139.05408700868188,,,,,,,,,,,,,,,1.787840231105508,,3055.901908210794,,,,,2.667523766262801e-05,,,4384.605413341124,3.638637093922199e-05,,,,,,,,-0.7553285612100455,,
2026-02-03 12:32:39+00:00,,,,8.47579800418319,141.87740034774103,,,,68.83450213598991,,,,,,,,,,,,,41.9279212663017,,,,,1.0548498116041678e-07,,,0.7988433615501197,,13.646585714629056,,,,,,,-0.7866915781439668,,
2026-02-03 12:32:40+00:00,,,,8.543486559044686,,,,,94.13294261478526,,,,,,,,,,,,,21.22175816836468,4.4277290906146754e-08,,,,,,,,,21.15529604238645,,,,,,,-0.7636532501300191,,True
2026-02-03 12:32:41+00:00,,,,8.572324636522268,,,,,72.56518741790354,,,,,,,,,1,,,,,3.234220096873127e-08,,,,,,,,,5.966525169482631,,,,,,,-0.9256582311149666,,False
2026-02-03 12:32:42+00:00,-9.782350446819889,,,8.538189544752859,,,-11.806728654953234,,3085.2347428827047,0.5199014312813315,,,,,,,,1,,,,,8.787280025636086e-08,,,,,,,,,437.6874778269571,4.8745391715361655e-06,,,1163.169626439953,,,-0.9966401995545242,,True
2026-02-03 12:32:43+00:00,-9.752107497166952,,,8.565165302254695,,,-11.796337280592208,,3869.146484903137,0.5824393189832625,,,,,,,,1,,,,,5.988552357187115e-06,,,,,,,,,708.0319524010412,1.1684362135625411e-06,,,136.86603151082872,,,,,True
2026-02-03 12:32:44+00:00,-9.75152602759649,,,8.525130793989703,,,-11.81011453504756,,,0.6312555222165894,,-0.62206336317369,,,,,,1,,,,,6.939459397942492e-08,,,,,,,,,,8.70043721769372e-08,,,22.091433263015457,,,,,True
2026-02-03 12:32:45+00:00,-9.770339854132713,,,8.512932253956697,,,-11.82471216096838,,,0.6708996234010585,,-0.0221405289509695,,,,,,1,,,,,,53977.49082516294,,,,,,,,,7.074113057916604e-05,,,24244.006930494044,,,,,
2026-02-03 12:32:46+00:00,-9.7691658494757,,,8.440757043420831,,28.971307098249127,-11.855587586907708,,,0.5706387293445306,,-0.1727673808892055,,,,,,,,,,,,343.1254265594761,,,,,,,,,1.9138971650169726e-06,,3.438643450130163e-06,1748.5209960476986,7.287669349459914e-06,,,,
2026-02-03 12:32:47+00:00,,,,8.46097829497525,,0.0,,,,,,-0.0950211121159847,,,,,,,-20.0,,,,,673.8125592978339,,,,173.33005711162954,,,,,,,1.5719967291105673e-06,,1.5194245004172124e-06,-0.28562281749080703,,,
2026-02-03 12:32:48+00:00,,59.15398319289141,,8.478327856696875,,0.0,,,,,,-0.3769733171254101,,-12.52408240090248,,0.3546937726714974,,,-20.0,,,,,32.1007834692661,2.65586422175632e-08,,,33.41298968210761,,,,,,,8.002765282859591e-08,,7.576764900375875e-08,-0.04618131042516395,,,
2026-02-03 12:32:49+00:00,,59.13883772107707,,8.532480591248275,,0.0,,,,,,,326.98871560230293,-11.825998992556547,1821.466359819956,0.2660872434280492,,,-20.0,,,,,44.410812191406045,7.918610657773027e-09,,,13.115672076071125,,,,,,,6.606195076497168e-08,,1.7322356230940373e-07,-0.40959468773269814,,,
2026-02-03 12:32:50+00:00,,59.05990577602319,69237.75728686411,8.570680361639779,,0.0,,2.7881247487194224e-05,,,,,331.1525485149696,-11.478290702623683,218.6716969984989,0.5984525875944108,,,-20.0,,,,,,1.3070100074873935e-05,,,1302.1732959901726,,,,,,,2.4651102607695407e-06,,1.6371282167445513e-05,-0.6215715575842381,,,
2026-02-03 12:32:51+00:00,,59.05006495113531,69242.54220892332,8.531066072709173,,,,5.9489142717547184e-05,,,,,314.7554706034744,-11.110897202995622,118.30675662585983,0.0140282754144851,,,11.702568021018934,,,,,,3.91369155824886e-05,2832.3293826157424,,2116.214865528216,,,,,,,,,,-0.6932920773737028,,False,
2026-02-03 12:32:52+00:00,,59.29574830370459,69245.35110789156,8.50165570009112,,,,1.0209171167510866e-06,,,,,310.1468425074764,-11.625531271549251,1531.2264449188144,0.2578559466679781,,,,,,,,,2.9044811173835525e-08,199.7441830028525,,,,,,,,32.5827059477135,,,,,,False,
2026-02-03 12:32:53+00:00,,,69246.96071549901,8.501989905764418,,,,2.8398309284943523e-05,,,0.7110650545557353,,320.0531965828332,,87.55162081555845,,3.3401956012308646e-06,,,,10.072435464481982,,,,,1652.6892352703037,,,3.755706735128893e-06,,,,,3596.8989032025534,,,,,,False,
2026-02-03 12:32:54+00:00,,,69246.99034341786,8.472390127658187,,,,2.770599042374765e-06,,,0.688752122474568,,,,,,3.270150454155931e-07,,,1.6283923695408344,9.9997508869601,,,,,213.7183845944253,,,1.4899358275436943e-06,,8.733648722679124e-07,,,385.56946063471867,,,,,,False,
2026-02-03 12:32:55+00:00,,,,8.520876043735456,254.8763684938177,,,,,,0.6546431736396993,,,,,,2.7864391727722144e-06,,,1.6071104522547577,10.068893031814357,,,,,1390.7442441498815,6.579711775535197e-06,,3.868096665968898e-06,1001.1044998426868,1.4190628663304962e-06,,,2524.1150668673204,,,,,,False,
2026-02-03 12:32:56+00:00,,,,8.519252138578308,275.75214499698984,,,,,,0.7054135113785917,,,,,,3.176974968139335e-06,,,1.5826436759420408,10.095255525727609,2186.251169484532,,,,,1.4517990157014186e-06,,1.7745405594832653e-05,547.9955515325712,6.070162620748466e-06,,,2374.36921747472,,,,,,,
2026-02-03 12:32:57+00:00,,,,8.550107778845103,256.8447130709425,,,,,,0.6856130711122653,,,,,,5.020641474635773e-08,,,1.539925848253184,10.099970924512997,1.3293883787498175,,,,,1.1160539492004287e-07,,4.981931597958269e-08,6.008627590762504,4.134727230440159e-08,,,,,,,,,,
2026-02-03 12:32:58+00:00,,,,8.559817140120277,261.7883720564635,,,,,,,,,,,,,,,1.506637797896357,,29.72735791413177,,,,,1.4254156111715302e-07,,,63.00405462585214,4.4339447294702176e-08,,,,,,,,-0.14282980179482951,,
2026-02-03 12:32:59+00:00,,,,8.594859136642828,243.61131474694105,,,,19751.657615692573,,,,,,,,,,,,,16155.634003422272,,,,,2.441636035343082e-05,,,13503.009910410026,,3942.343837174697,,,,,,,-0.4444582857265796,,
2026-02-03 12:33:00+00:00,,,,8.618578649713747,,,,,12895.575548050365,,,,,,,,,,,,,174.80065610686154,6.051411331301692e-06,,,,,,,,,1561.5150533471765,,,,,,,-0.44610755368407246,,False
2026-02-03 12:33:01+00:00,,,,8.629003275066518,,,,,1788.3710364638362,,,,,,,,,1,,,,,1.096955317693984e-06,,,,,,,,,296.8591172757242,,,,,,,0.02469627105020045,,True
2026-02-03 12:33:02+00:00,-9.976691415127808,,,8.640898527918441,,,-11.810175459881668,,122.72162705511924,0.5133947755516451,,,,,,,,1,,,,,1.8577808221845458e-07,,,,,,,,,42.25588691103164,2.034731480986213e-07,,,15.201238145047848,,,0.18646316963494508,,True
2026-02-03 12:33:03+00:00,-9.984752646896736,,,8.594074746945504,,,-11.841778437919588,,6303.782115887391,0.5584806018581803,,,,,,,,1,,,,,1.3364059073308151e-05,,,,,,,,,4828.06934507549,7.479123705718478e-07,,,946.398341421789,,,,,False
2026-02-03 12:33:04+00:00,-9.96527328060934,,,8.579445828043882,,,-11.844170359025345,,,0.5319612309559082,,-0.6372158644395642,,,,,,1,,,,,2.969405896014868e-08,,,,,,,,,,2.403245386372639e-06,,,625.9915222189886,,,,,True
2026-02-03 12:33:05+00:00,-9.957756815512738,,,8.637197838893107,,,-11.84028761182089,,,0.6450868824115572,,-0.4710672959963996,,,,,,1,,,,,,51.811168125152605,,,,,,,,,2.1003408934936394e-06,,,346.4497118641936,,,,,
2026-02-03 12:33:06+00:00,-10.001339494639987,,,8.637268791180286,,43.38060643719864,-11.824398257331058,,,0.4611580470074624,,-0.7159438559853606,,,,,,,,,,,,513.4510868819588,,,,,,,,,3.226492528670792e-06,,3.9496348510494084e-07,90.31299928578883,6.231676050567543e-08,,,,
2026-02-03 12:33:07+00:00,,,,8.673356960956122,,18.00082693687328,,,,,,-0.5248983501266182,,,,,,,-7.399421144188704,,,,,158.63572274520627,,,,14.252009565598929,,,,,,,1.7450039326031522e-07,,2.285159268205305e-07,-0.8530705140167938,,,
2026-02-03 12:33:08+00:00,,59.28545701319009,,8.696670262239612,,0.0,,,,,,-0.2945491462553016,,-11.83918836412293,,0.0271399519638031,,,-20.0,,,,,102.05493014802504,1.951149336329133e-07,,,9.7374966931931,,,,,,,2.9039280209401377e-07,,6.355336157942171e-08,-0.8404644962317185,,,
2026-02-03 12:33:09+00:00,,59.181032101963226,,8.72922799993784,,0.0,,,,,,,316.8085007212742,-12.211084024063712,452.14445583871816,1.035001718284332,,,-20.0,,,,,1260.4397318286408,8.532789326146035e-07,,,314.2149219298658,,,,,,,3.693162365663903e-06,,1.8549151326841253e-06,-0.7419182812921523,,,
2026-02-03 12:33:10+00:00,,59.23305501639447,69239.94183287422,8.773535876890222,,0.0,,1.856452533174514e-06,,,,,323.9899934923269,-12.166572470963338,1262.4239081555893,0.3096920683876993,,,-20.0,,,,,,4.0393629556859846e-07,,,168.8492479568449,,,,,,,9.274326544738956e-07,,2.089700867459483e-07,-0.8763497165869651,,,
2026-02-03 12:33:11+00:00,,59.19884678457146,69237.14544354519,8.804890669942697,,,,1.4193340748103209e-05,,,,,340.8806027560145,-12.324201670610732,351.00656625272035,0.3570059227854422,,,-1.9523644644485607,,,,,,5.994043810734827e-07,1039.5748036803384,,768.3373092987904,,,,,,,,,,-0.9845365662686627,,False,
2026-02-03 12:33:12+00:00,,59.312425130119664,69236.52795980716,8.815272952106781,,,,9.595307902763449e-07,,,,,333.6037469322909,-10.952701645444153,1624.2311986087327,0.1117379869512878,,,,,,,,,1.908641892548295e-07,67.38926356990221,,,,,,,,2.9010000379130765,,,,,,False,
2026-02-03 12:33:13+00:00,,,69236.16856200567,8.854365507417251,,,,2.2676124836149943e-05,,,0.709320343615191,,297.91571134137433,,103.93538622859742,,2.561010703381771e-06,,,,10.52186953492603,,,,,1156.1972757669964,,,5.771435745081057e-06,,,,,2780.4974651225743,,,,,,False,
2026-02-03 12:33:14+00:00,,,69236.54356149293,8.824638743710382,,,,0.00011762631005,,,0.6945808053713853,,,,,,1.332930598817473e-05,,,1.5843514942501542,10.451638216606366,,,,,4362.619306064845,,,5.112243312875896e-05,,1.323201171673116e-05,,,4536.937728019959,,,,,,False,
2026-02-03 12:33:15+00:00,,,,8.754814248733672,256.3448083192612,,,,,,0.6835716558346016,,,,,,1.5231364496757468e-06,,,1.5317949723246689,10.383398976550628,,,,,590.8464322673333,3.908225724742623e-07,,6.746071903162041e-07,39.16273729209613,2.297280749582228e-06,,,380.69010994532783,,,,,,False,
2026-02-03 12:33:16+00:00,,,,8.760428795595848,256.0078114180128,,,,,,0.7012747078443592,,,,,,8.899838727066009e-08,,,1.509557517841364,10.407189560414192,18.63965657376928,,,,,4.463534732089064e-08,,2.1245938487818939e-07,39.185498771529694,9.450654163377925e-08,,,73.21978504463053,,,,,,,
2026-02-03 12:33:17+00:00,,,,8.802771769965197,290.2970724956912,,,,,,0.6499153419646113,,,,,,3.389814912728783e-07,,,1.5507505947986946,10.474739427070784,236.49480756048013,,,,,1.1003496005198762e-06,,8.749787471218034e-08,48.94155499481507,1.824311391260937e-06,,,,,,,,,,
2026-02-03 12:33:18+00:00,,,,8.832606026686404,291.4321828911836,,,,,,,,,,,,,,,1.5674670312608627,,230.527220018206,,,,,1.3225537851309134e-06,,,1189.021322476667,5.19113004622628e-07,,,,,,,,0.3653996983941083,,
2026-02-03 12:33:19+00:00,,,,8.835959163003675,319.4863243212495,,,,2285.4466247900546,,,,,,,,,,,,,361.7259081194076,,,,,4.825993832073471e-07,,,1304.7941040939563,,169.72502385872065,,,,,,,0.7602509300298861,,
2026-02-03 12:33:20+00:00,,,,8.808583434442552,,,,,7212.263912252612,,,,,,,,,,,,,1022.9804383763932,9.317604539007154e-06,,,,,,,,,1172.7829642299646,,,,,,,0.670325905274448,,True
2026-02-03 12:33:21+00:00,,,,8.797528967968919,,,,,2531.187457868054,,,,,,,,,1,,,,,6.16140640560861e-07,,,,,,,,,34.709338554666,,,,,,,0.5964819464644351,,True
2026-02-03 12:33:22+00:00,-10.00917255375696,,,8.831924257687703,,,-11.872439582381334,,426.3038927990903,0.554365045062457,,,,,,,,1,,,,,8.040697038680157e-07,,,,,,,,,4.715059593890639,1.0229707873844623e-06,,,43.871052977183865,,,0.6759235707081055,,False
2026-02-03 12:33:23+00:00,-10.009182563728617,,,8.84184465454266,,,-11.854402638514228,,548.6724494094889,0.705963755154938,,,,,,,,1,,,,,1.197712347992073e-07,,,,,,,,,262.4919607994277,3.3939435393885494e-08,,,127.88245606881526,,,,,True
2026-02-03 12:33:24+00:00,-10.01614309151076,,,8.887801698456013,,,-11.84754981871074,,,0.620225225855224,,-0.1423256806082381,,,,,,1,,,,,8.28533897314789e-08,,,,,,,,,,1.78134020280415e-07,,,102.85715663892604,,,,,False
2026-02-03 12:33:25+00:00,-10.008543228598448,,,8.945257656790362,,,-11.827828770933792,,,0.6212795976335871,,-0.1467079404501442,,,,,,1,,,,,,1127.525442742688,,,,,,,,,2.1535641308007603e-05,,,1462.557224574241,,,,,
2026-02-03 12:33:26+00:00,-10.01337041469366,,,8.966588797975955,,0.0,-11.838381226022332,,,0.5634515795689824,,-0.7730747419482631,,,,,,,,,,,,86.60100264344234,,,,,,,,,2.094910486195725e-07,,2.0140380384286697e-07,4.702637955018239,3.931083183219515e-07,,,,
2026-02-03 12:33:27+00:00,,,,8.930157931474529,,4.098894684126269,,,,,,-0.6335755123904196,,,,,,,-17.130773721111613,,,,,179.07067758437117,,,,105.9457674774887,,,,,,,2.168442541659827e-07,,2.962440189033653e-07,-0.19909799917496254,,,
2026-02-03 12:33:28+00:00,,59.11402394775704,,8.896508386712672,,0.0,,,,,,-0.0735273120928325,,-11.420564791222224,,0.0674914233085632,,,-20.0,,,,,234.64812482735144,1.5920648342792266e-06,,,633.4013357384089,,,,,,,1.720857080850406e-06,,6.808588903358549e-08,-0.191604715265078,,,
2026-02-03 12:33:29+00:00,,59.24824921949792,,8.874123381631751,,14.351843356250171,,,,,,,325.34449901413547,-12.749819394054688,989.0535208539512,0.850988785568748,,,-9.95370965062488,,,,,306.19254712995206,7.796263369349062e-07,,,292.441537817664,,,,,,,3.599548617575123e-06,,2.963670279044433e-07,0.16392451921180518,,,
2026-02-03 12:33:30+00:00,,58.97681753901299,69239.83959741684,8.948089912256274,,0.0,,3.48924890822065e-05,,,,,343.8630416680912,-11.675221823267464,176.70508444633637,0.3480740258501461,,,-20.0,,,,,,1.4013617349183607e-05,,,115.30333753111412,,,,,,,1.318384896781577e-05,,2.322550298558154e-06,-0.19739983817341045,,,
2026-02-03 12:33:31+00:00,,59.030157587135,69244.5101496489,8.984332259586987,,,,1.3843994315872386e-06,,,,,332.5555563746658,-12.804099102611556,1465.0226564191012,0.376802476568668,,,-20.0,,,,,,2.513907204016579e-07,12.707099349942066,,83.90375781493084,,,,,,,,,,-0.18038749763007828,,True,
2026-02-03 12:33:32+00:00,,59.253918253595245,69244.06807014234,8.991806650494642,,,,1.0002116154869906e-05,,,,,341.9103832930048,-11.98673783402208,489.2229995920277,0.2545043858773498,,,,,,,,,7.041944072705269e-07,1323.5909698453663,,,,,,,,958.2884332680768,,,,,,False,
2026-02-03 12:33:33+00:00,,,69241.84622624554,9.008034177154064,,,,2.5043107658902857e-06,,,0.7079659046883627,,344.5204647910991,,1166.2731198736692,,2.780085773033202e-07,,,,10.66550481000554,,,,,160.31406891066257,,,1.1671564502417314e-06,,,,,369.1456568988134,,,,,,False,
2026-02-03 12:33:34+00:00,,,69239.09581456597,9.013079218439628,,,,2.7849692582035773e-06,,,0.7461076472922372,,,,,,3.089919871674799e-07,,,1.6268375005600035,10.697211693813328,,,,,198.0109421623382,,,1.0368748437596853e-07,,2.3726843577868466e-07,,,89.18857626258259,,,,,,False,
2026-02-03 12:33:35+00:00,,,,9.011824978265263,330.76902739375566,,,,,,0.7627081258904487,,,,,,4.841229499235156e-06,,,1.6712671122700176,10.689297243341525,,,,,4836.092611036818,3.040537457238754e-05,,9.628397219607548e-06,1903.91091926482,7.538972685835778e-06,,,3445.3656204253903,,,,,,False,
2026-02-03 12:33:36+00:00,,,,9.032710231913006,327.83708113160134,,,,,,0.7392941794920238,,,,,,3.987403486823642e-07,,,1.6776002626313464,10.701953975452469,348.12259234905326,,,,,1.0967527791690715e-06,,4.1023305730426187e-07,38.453308201585045,1.4199174890889285e-06,,,802.0254563579874,,,,,,,
2026-02-03 12:33:37+00:00,,,,8.96201358220821,331.1770764064474,,,,,,0.7043458362735501,,,,,,3.653059781522381e-06,,,1.6413069986495947,10.60012136294139,4166.1698955470365,,,,,8.436743052983137e-06,,1.0685950988351549e-05,519.8811173466764,5.1947353503672025e-06,,,,,,,,,,
2026-02-03 12:33:38+00:00,,,,8.997573840955553,329.3155129320586,,,,,,,,,,,,,,,1.6223031799077845,,137.2525307297928,,,,,1.1355913209115602e-06,,,427.06308327031087,2.736307060091066e-07,,,,,,,,0.8599904704627128,,
2026-02-03 12:33:39+00:00,,,,9.016061933344174,331.01539330075093,,,,9873.24090810914,,,,,,,,,,,,,1299.615690776749,,,,,3.852415428091137e-06,,,954.0394888137148,,3329.7570309507105,,,,,,,0.8747499263582741,,
2026-02-03 12:33:40+00:00,,,,8.990900765942063,,,,,697.707090456208,,,,,,,,,,,,,553.4888333269284,3.580998638744313e-07,,,,,,,,,199.91859000272248,,,,,,,0.9499614573153677,,True
2026-02-03 12:33:41+00:00,,,,8.943966216484716,,,,,12270.20468341816,,,,,,,,,1,,,,,2.7488809672712088e-05,,,,,,,,,3749.5196778062536,,,,,,,0.948151041589929,,False
2026-02-03 12:33:42+00:00,-9.93433143042661,,,8.915519058767606,,,-11.749609276806172,,465.4352451282332,0.5790699162693649,,,,,,,,1,,,,,7.750075198562036e-07,,,,,,,,,2.003214051403812,5.822869390451389e-07,,,163.68201595957083,,,0.8381780391776019,,True
2026-02-03 12:33:43+00:00,-9.967950106520576,,,8.925267856178158,,,-11.763369921481134,,1917.4151672244775,0.614119826622474,,,,,,,,1,,,,,6.933878380550976e-07,,,,,,,,,12.930342314322564,3.181184642432476e-06,,,1186.342200786864,,,,,True
2026-02-03 12:33:44+00:00,-9.968192383888551,,,8.940977917619149,,,-11.75921738885514,,,0.6074364257616637,,-0.2924847262455912,,,,,,1,,,,,6.903600153739076e-08,,,,,,,,,,1.0394725828081889e-07,,,69.89464109231422,,,,,True
2026-02-03 12:33:45+00:00,-9.949400938620284,,,8.938088799974874,,,-11.742061170959566,,,0.5322291970318249,,-0.3991240805167644,,,,,,1,,,,,,330.6709065600912,,,,,,,,,5.947348710681743e-06,,,945.5967662830147,,,,,
2026-02-03 12:33:46+00:00,-9.954382642014089,,,8.929441024861989,,78.88783807775256,-11.69256227548464,,,0.6382527976374117,,-0.098284367544852,,,,,,,,,,,,1577.966589719612,,,,,,,,,3.592638460286867e-06,,8.513503157718269e-06,532.1970701330013,1.2687111579989237e-06,,,,
2026-02-03 12:33:47+00:00,,,,8.943110884001968,,34.5235007218142,,,,,,-0.7292425509173559,,,,,,,4.166450505269939,,,,,132.0561775811626,,,,156.21554674319736,,,,,,,5.568728029685175e-07,,8.98903447834036e-07,-0.30196558615001384,,,
2026-02-03 12:33:48+00:00,,59.31692217751166,,9.024904248067738,,18.65315088681666,,,,,,-0.4190244500847199,,-10.907734812157107,,0.1069112532218673,,,-6.942794379228339,,,,,4417.699214860681,4.642738151845655e-06,,,508.3958363985947,,,,,,,5.919353580706832e-06,,1.4977981935867416e-05,-0.09677848898784921,,,
2026-02-03 12:33:49+00:00,,59.176531336877936,,9.03715541292568,,0.0,,,,,,,330.3538162536652,-11.825291572248162,243.5118254318061,0.3282028833803929,,,-20.0,,,,,1072.9755767746376,1.30292886445056e-06,,,1653.6127466728,,,,,,,3.231751837157428e-06,,2.413661159324677e-06,-0.2304438526614049,,,
2026-02-03 12:33:50+00:00,,59.25152180385822,69254.06740017445,9.05718633577618,,0.0,,4.357679897443307e-05,,,,,336.30331148320204,-11.434577827093582,177.31646174538918,0.4069319380319965,,,-20.0,,,,,,2.8238501042122173e-05,,,394.6623787479267,,,,,,,1.946366721293972e-07,,2.298830691206542e-06,-0.34724879582758017,,,
2026-02-03 12:33:51+00:00,,59.18937667415609,69247.97291103122,9.057558539699446,,,,2.5148696365813905e-06,,,,,348.02670118885527,-11.290152468900107,1066.538127130608,0.3834730600078003,,,-18.204169533411697,,,,,,7.743995251253073e-07,175.3892855456846,,82.30231207747673,,,,,,,,,,-0.3540508145345802,,False,
2026-02-03 12:33:52+00:00,,58.95092454617913,69243.01975382752,9.061808978283937,,,,4.214725050052573e-06,,,,,334.48502675392456,-10.73712896504964,849.7838786207798,0.4364199788681397,,,,,,,,,2.214985006531445e-06,372.601352700835,,,,,,,,323.6706267834109,,,,,,False,
2026-02-03 12:33:53+00:00,,,69244.69600653758,9.087548132334682,,,,1.335063781697591e-05,,,0.6663304389054702,,333.1169854768207,,399.98482462380247,,1.4691132990506643e-06,,,,10.713702244105315,,,,,923.0274203404518,,,3.190071946472815e-06,,,,,155.48315625981178,,,,,,False,
2026-02-03 12:33:54+00:00,,,69247.956644737,9.075120549411526,,,,4.116950582567261e-06,,,0.6785703205075924,,,,,,4.5365244022397293e-07,,,1.5014116000625528,10.683607889164794,,,,,152.8101271081406,,,9.418159658315856e-07,,5.685120201833626e-07,,,469.0632024396891,,,,,,False,
2026-02-03 12:33:55+00:00,,,,9.122915594325583,1.692264275299863,,,,,,0.7325185175389612,,,,,,1.81500613181252e-06,,,1.514416563019509,10.762228478042369,,,,,985.7993616257968,1.724749685134257e-06,,8.752322635107353e-06,369.5159230893052,1.1227074149042969e-06,,,1573.6835264495282,,,,,,False,
2026-02-03 12:33:56+00:00,,,,9.124045522269864,357.94504594002,,,,,,0.7414653412191462,,,,,,2.29964366423852e-06,,,1.539863415309637,10.736645802135294,397.6834323812859,,,,,5.244372778753124e-06,,7.535097682699037e-06,1886.50181155038,3.7356518600478416e-06,,,1914.5196946246665,,,,,,,
2026-02-03 12:33:57+00:00,,,,9.127860315123026,342.8723884256036,,,,,,0.7517492789381024,,,,,,3.907188882486859e-06,,,1.5110675551749098,10.782830948225202,503.17547677530433,,,,,7.521622406920279e-06,,1.1600389315492944e-05,1177.544898191822,8.365773186593415e-06,,,,,,,,,,
2026-02-03 12:33:58+00:00,,,,9.163082313890833,11.886054859000922,,,,,,,,,,,,,,,1.4559223178871907,,884.5018310545028,,,,,3.545851755898046e-06,,,517.6425448682202,1.069223030304513e-05,,,,,,,,0.9785591438719855,,
2026-02-03 12:33:59+00:00,,,,9.113256120860564,353.2159819190217,,,,3734.944945202217,,,,,,,,,,,,,2936.14256878604,,,,,2.2810350027882946e-06,,,1587.2884994731075,,1413.2042151197368,,,,,,,0.9929984967372779,,
2026-02-03 12:34:00+00:00,,,,9.135336262772022,,,,,5494.570725283694,,,,,,,,,,,,,541.8685878054806,6.99429108763649e-07,,,,,,,,,1342.1790596399958,,,,,,,0.9658025337079316,,True
2026-02-03 12:34:01+00:00,,,,9.106243879873787,,,,,2497.8563861586163,,,,,,,,,1,,,,,2.521077286696311e-07,,,,,,,,,412.01637054076224,,,,,,,0.9036684157544086,,True
2026-02-03 12:34:02+00:00,-9.982297207554987,,,9.099342450209049,,,-11.662844601605247,,4648.44234914704,0.5950255423615087,,,,,,,,1,,,,,2.320099153053029e-06,,,,,,,,,1923.546558458404,5.30390816229344e-06,,,697.6511708106821,,,0.9599905177489068,,True
2026-02-03 12:34:03+00:00,-9.981595261182903,,,9.080867051819729,,,-11.633813255656325,,726.9619740531743,0.6401534380393092,,,,,,,,1,,,,,7.490732306428053e-07,,,,,,,,,175.30071019175165,6.201154208904154e-07,,,49.47166928954034,,,,,True
2026-02-03 12:34:04+00:00,-9.96101295890257,,,9.089149475519273,,,-11.630098330029217,,,0.5955661875115291,,-0.1905493192546852,,,,,,1,,,,,1.0151957807961563e-06,,,,,,,,,,3.320627627294352e-07,,,304.5364270976164,,,,,False
2026-02-03 12:34:05+00:00,-9.921119456250915,,,9.048644600218914,,,-11.658167644560308,,,0.6305751260200653,,-0.6686140305941431,,,,,,1,,,,,,3417.292880427938,,,,,,,,,1.0858866795741264e-05,,,1505.591080021336,,,,,
2026-02-03 12:34:06+00:00,-9.927129918555622,,,9.13817998301661,,0.0,-11.68464041107472,,,0.5320759753146865,,0.0170617554532349,,,,,,,,,,,,7.6662437328651984,,,,,,,,,1.130588928917151e-06,,1.648013049240673e-06,496.7918016066209,2.1511702169037699e-07,,,,
2026-02-03 12:34:07+00:00,,,,9.163644802835288,,4.607235326111602,,,,,,-0.47659610365061,,,,,,,-16.77493527172188,,,,,398.8914336880777,,,,162.39922296765738,,,,,,,1.4440455193696472e-06,,1.595399386743379e-07,-0.5703248603176152,,,
2026-02-03 12:34:08+00:00,,59.45958769391866,,9.153877996632987,,29.773343549987047,,,,,,-0.3778127510392585,,-11.392097722373991,,0.709263856681336,,,0.8413404849909298,,,,,249.4890576022427,1.063616776566181e-06,,,174.32621918210816,,,,,,,1.0045566524826724e-06,,1.2773778606335794e-06,-0.6301778290683803,,,
2026-02-03 12:34:09+00:00,,59.52139383311268,,9.141713790628565,,0.0,,,,,,,320.59124171214864,-11.90809938801234,616.9993929114081,0.0582617920874132,,,-20.0,,,,,751.2297650133238,6.372415316380808e-07,,,506.81956090759206,,,,,,,6.363879230408033e-07,,1.210028612285073e-06,-0.6293340398497302,,,
2026-02-03 12:34:10+00:00,,59.5080330986885,69251.54988779844,9.173160264852836,,0.0,,4.062493867200294e-06,,,,,332.5232175547689,-12.77881583684566,890.4294987110876,0.101271369265232,,,-20.0,,,,,,4.415539306575761e-07,,,134.83083911072407,,,,,,,1.03439255210182e-06,,9.776907947243568e-07,-0.5066279751025404,,,
2026-02-03 12:34:11+00:00,,59.64427895829857,69253.41128875795,9.193075948449724,,,,6.474375381463222e-06,,,,,309.6753761420373,-11.052327441813649,753.1756122042614,0.2778872124407258,,,-18.274910306694675,,,,,,1.000351095188467e-06,132.34132614466748,,533.9148513524103,,,,,,,,,,-0.7838546740746812,,False,
2026-02-03 12:34:12+00:00,,59.54750172840378,69250.03673593483,9.205556600705451,,,,2.2007330024917213e-05,,,,,348.31141119198,-12.623628045666964,267.7977816628362,0.3198869224174424,,,,,,,,,1.4670986643121824e-05,1066.2845839149488,,,,,,,,457.29388578631256,,,,,,False,
2026-02-03 12:34:13+00:00,,,69252.08347488761,9.223688999515955,,,,1.991125799388482e-06,,,0.705767910085941,,335.2659304683605,,1369.8744163727126,,2.1587087330166626e-07,,,,10.987671009633951,,,,,107.43594618086205,,,7.811467239217e-07,,,,,38.276499416186304,,,,,,False,
2026-02-03 12:34:14+00:00,,,69252.25903461098,9.264546746736444,,,,9.410668737169832e-05,,,0.7371714464785776,,,,,,1.0157721682914344e-05,,,1.6713689316779603,11.045939700928022,,,,,303.8201251135344,,,4.474118996478949e-05,,7.162602484024779e-06,,,6150.623233496245,,,,,,False,
2026-02-03 12:34:15+00:00,,,,9.263169702430094,318.7292559766254,,,,,,0.7330222513829834,,,,,,4.758145535879157e-06,,,1.6504019839776671,11.025818866873314,,,,,4367.329702381555,1.2787914969722835e-05,,5.885476810308182e-06,2976.6877433601585,1.3515997375499491e-05,,,7623.306890346313,,,,,,False,
2026-02-03 12:34:16+00:00,,,,9.29209700522073,313.1643167230549,,,,,,0.7229656857968062,,,,,,3.1943456100097925e-07,,,1.7258450589681775,11.112112821084732,56.97087648531642,,,,,9.077337790690324e-07,,2.129416712249603e-07,47.4877700670155,8.442007157094404e-08,,,347.0300162449008,,,,,,,
2026-02-03 12:34:17+00:00,,,,9.256880873953875,349.4496941545236,,,,,,0.7440445223678527,,,,,,3.069209278134122e-06,,,1.7410885620673635,11.073519541287276,5439.3022797724025,,,,,2.2350145257165584e-06,,1.7155961660066856e-05,3648.476747425722,5.570856470958755e-06,,,,,,,,,,
2026-02-03 12:34:18+00:00,,,,9.28750314531042,345.0983627492806,,,,,,,,,,,,,,,1.7345536329126994,,3321.052934491845,,,,,4.778778100849028e-06,,,2529.170199161526,1.150862371629532e-05,,,,,,,,0.9663687312503177,,
2026-02-03 12:34:19+00:00,,,,9.270041235115931,332.9295324346573,,,,5252.857044661809,,,,,,,,,,,,,2427.337104411373,,,,,4.273909024009194e-07,,,2683.649613157969,,633.4013774088916,,,,,,,0.8904474916029188,,
2026-02-03 12:34:20+00:00,,,,9.3007933357332,,,,,1427.9573942449174,,,,,,,,,,,,,627.5796299714225,2.4149935965213164e-06,,,,,,,,,469.34243023376825,,,,,,,0.8467002273757123,,True
2026-02-03 12:34:21+00:00,,,,9.366002549725293,,,,,6761.327694108615,,,,,,,,,1,,,,,1.1575666579417522e-06,,,,,,,,,2250.995453527282,,,,,,,0.9303950327999423,,True
2026-02-03 12:34:22+00:00,-9.866832449276393,,,9.41232726805867,,,-11.732139944697714,,1736.2698610983423,0.6610722378222135,,,,,,,,1,,,,,3.165880040576767e-06,,,,,,,,,540.1650610521575,5.862148099066402e-06,,,770.4951768484881,,,0.8617373070363953,,True
2026-02-03 12:34:23+00:00,-9.836748178990517,,,9.381799730536455,,,-11.729926720978463,,2116.2875229753167,0.6370076190775247,,,,,,,,1,,,,,4.7612762738894365e-06,,,,,,,,,714.9442663174639,7.926102158682723e-07,,,145.74660153119922,,,,,False
2026-02-03 12:34:24+00:00,-9.817486339903793,,,9.428704990426896,,,-11.72751337423037,,,0.6965153431529044,,-0.5594739989957968,,,,,,1,,,,,2.246334270247271e-06,,,,,,,,,,3.396445000966656e-06,,,460.1480232693924,,,,,True
2026-02-03 12:34:25+00:00,-9.886740140599418,,,9.5286225275735,,,-11.743892673046853,,,0.6298038546820681,,-0.1158165217742521,,,,,,1,,,,,,717.477790182566,,,,,,,,,1.4443827968349906e-06,,,781.5787494834466,,,,,
2026-02-03 12:34:26+00:00,-9.883532359382146,,,9.496283521232252,,0.0,-11.745286007787191,,,0.5436758095482863,,-0.3670455025210786,,,,,,,,,,,,4328.521907583181,,,,,,,,,2.761477567521916e-05,,2.2837928446599064e-06,1484.302047351814,6.165716915781454e-05,,,,
2026-02-03 12:34:27+00:00,,,,9.509095849819166,,10.612707203119324,,,,,,-0.5819189121849966,,,,,,,-12.571104957816472,,,,,4226.602394585798,,,,961.650818279482,,,,,,,4.374776613393991e-06,,3.8012142294209673e-06,-0.09688866647579625,,,
2026-02-03 12:34:28+00:00,,60.29601061968472,,9.494371673503531,,0.0,,,,,,-0.5232301244437493,,-12.399024422289797,,0.2018269711648511,,,-20.0,,,,,1204.6944367868484,3.4659712412627595e-06,,,144.4005609447187,,,,,,,2.445886107051457e-06,,2.4852995614875845e-06,-0.09765763016626898,,,
2026-02-03 12:34:29+00:00,,60.15977946807556,,9.51795420430979,,8.000212328730212,,,,,,,324.79192456483497,-12.44898970792904,267.6198098189242,0.1500875084999137,,,-14.399851369888852,,,,,999.9748606926648,3.186085030416877e-06,,,1565.3991160665032,,,,,,,2.8812875691410568e-06,,3.0876643757017085e-06,-0.14692191238904675,,,
2026-02-03 12:34:30+00:00,,60.15953445727216,69238.29197610593,9.5150792512193,,79.0790147245272,,9.084560009031108e-06,,,,,333.57842636118187,-11.063891902334849,507.5690335295519,1.162272766150972,,,35.355310307169034,,,,,,1.5629330506044583e-06,,,1202.9519028125587,,,,,,,2.721319151513505e-06,,3.0513562225801133e-06,-0.1329901401030006,,,
2026-02-03 12:34:31+00:00,,60.16614547799786,69235.94824021477,9.547771300517349,,,,1.1008245389235438e-05,,,,,335.6650410346706,-11.89624431465086,385.0510122612615,0.0082068869033021,,,-20.0,,,,,,5.5125414269570256e-06,24.548786213684043,,1391.1244686703874,,,,,,,,,,-0.0013101676210041126,,True,
2026-02-03 12:34:32+00:00,,60.42883866398196,69236.75186283563,9.563513592899795,,,,6.917316813574979e-06,,,,,347.41671233881414,-11.161590315107318,665.7740065054014,0.0197840364366511,,,,,,,,,3.094929829071605e-06,86.07500986159181,,,,,,,,135.35563771934102,,,,,,False,
2026-02-03 12:34:33+00:00,,,69232.52215886429,9.59345520890744,,,,1.0752804349923968e-05,,,0.8033559420640483,,347.23211850023154,,439.86503900321225,,1.1208479234822593e-06,,,,11.550577105362496,,,,,190.9691135483717,,,7.42112951932461e-06,,,,,157.20050047443016,,,,,,False,
2026-02-03 12:34:34+00:00,,,69233.4191371305,9.56859561821265,,,,1.3355888828170224e-05,,,0.769262731113637,,,,,,1.3958045005840695e-06,,,1.820332960084461,11.505888535383168,,,,,2208.09949021544,,,3.770992332318792e-06,,2.086665688823543e-06,,,449.0162026376916,,,,,,False,
2026-02-03 12:34:35+00:00,,,,9.59679688596851,6.101169233039978,,,,,,0.7468439535023175,,,,,,2.5056059612463457e-06,,,1.8560729083403211,11.53221470395599,,,,,887.4662748533884,3.1038454410078425e-06,,5.91755233337818e-06,768.7327226745032,1.2933136207276557e-05,,,1750.5147476807397,,,,,,False,
2026-02-03 12:34:36+00:00,,,,9.63356437210468,348.44624081415714,,,,,,0.7369609342234438,,,,,,5.519273926750897e-07,,,1.8932090610352532,11.55263715652654,3.9686409993782186,,,,,9.90232916512845e-07,,1.3815158312787663e-06,706.6449740283076,2.6223284778936263e-06,,,138.35224404279333,,,,,,,
2026-02-03 12:34:37+00:00,,,,9.631278119055008,11.411673294978243,,,,,,0.7829648144332053,,,,,,7.508488909880077e-07,,,1.9287141024274208,11.589371121166916,443.6998796820416,,,,,3.290826668760398e-06,,1.0156656422312768e-06,34.94898795158132,1.6371532039367585e-06,,,,,,,,,,
2026-02-03 12:34:38+00:00,,,,9.653151931862872,9.155734037979588,,,,,,,,,,,,,,,1.927847575870048,,4604.002125698972,,,,,9.769935939674737e-06,,,488.1313195924344,7.4892119972803616e-06,,,,,,,,0.9872594925472566,,
2026-02-03 12:34:39+00:00,,,,9.624709354579537,9.18152300311182,,,,6922.8357851907385,,,,,,,,,,,,,1283.015825384566,,,,,1.5894080975907675e-05,,,553.6971770365536,,885.37000076785,,,,,,,0.9871877729368133,,
2026-02-03 12:34:40+00:00,,,,9.646872829279292,,,,,6391.06439556734,,,,,,,,,,,,,1964.2507584313744,9.68387954573448e-06,,,,,,,,,3867.016712413188,,,,,,,0.9872402538768191,,True
2026-02-03 12:34:41+00:00,,,,9.660786190856514,,,,,38249.57069422359,,,,,,,,,1,,,,,4.1711767542326416e-05,,,,,,,,,9411.69074523261,,,,,,,0.9317417125915296,,True
2026-02-03 12:34:42+00:00,-9.898523797084955,,,9.69347732285254,,,-11.76771213149954,,16830.24012645854,0.6294250319083937,,,,,,,,1,,,,,6.647854160411109e-06,,,,,,,,,382.9064821757874,1.5556218490549436e-05,,,1082.4478304697466,,,0.8889558358910152,,True
2026-02-03 12:34:43+00:00,-9.91701301708043,,,9.715732091253765,,,-11.768405074668983,,15609.76911068557,0.6852008247178212,,,,,,,,1,,,,,2.403769394580077e-05,,,,,,,,,7724.019639858219,1.7366725413041288e-07,,,1429.1370177243805,,,,,False
2026-02-03 12:34:44+00:00,-9.890360601722463,,,9.74445448231911,,,-11.78571502391738,,,0.6466264258309073,,-0.4710050863208826,,,,,,1,,,,,3.091831206680446e-07,,,,,,,,,,6.955021714013664e-06,,,777.052891960085,,,,,True
2026-02-03 12:34:45+00:00,-9.892324340952577,,,9.746720382069023,,,-11.79591998310124,,,0.6247968923945626,,-0.2491659932232512,,,,,,1,,,,,,12865.27778922696,,,,,,,,,2.8873087753660817e-05,,,10610.307329791034,,,,,
2026-02-03 12:34:46+00:00,-9.891926939927464,,,9.764778947722776,,0.0,-11.813658658619632,,,0.6846002716705782,,-0.8215719519850904,,,,,,,,,,,,167.2336066857176,,,,,,,,,8.54431267336846e-06,,1.8168672463774988e-06,301.6131680754325,7.231905362876902e-07,,,,
2026-02-03 12:34:47+00:00,,,,9.705391265489927,,0.0,,,,,,-0.1306682384365565,,,,,,,-20.0,,,,,87.52227056935314,,,,1486.556577987242,,,,,,,2.845983901788023e-07,,2.2560299314458044e-06,0.8863710200072394,,,
2026-02-03 12:34:48+00:00,,59.91666513017377,,9.734130871369429,,0.6602070480123967,,,,,,-0.9522564762540472,,-11.45040756699095,,0.1797024519235026,,,-19.537855066391323,,,,,190.88227493587743,1.0187556477410418e-06,,,334.12658775443435,,,,,,,1.915065925877838e-06,,2.1686639759408595e-05,0.9966747495178241,,,
2026-02-03 12:34:49+00:00,,60.05792275793955,,9.758546883352851,,57.02165489484075,,,,,,,344.7364313219678,-11.744920381728052,457.5841576600764,0.2918280517543473,,,19.915158426388523,,,,,135.86336605964237,5.374057986649592e-07,,,781.1358649367262,,,,,,,4.248742642089281e-06,,1.1543890477282407e-07,0.9986205435024814,,,
2026-02-03 12:34:50+00:00,,60.46702956342292,69238.60621634827,9.736748401825343,,6.56589440305699,,1.2934474221324014e-05,,,,,353.38075254936564,-11.991876397674444,331.616588533079,0.3913289045802869,,,-15.403873917860109,,,,,,3.988694417431039e-06,,,1258.9488123109768,,,,,,,4.972511714961699e-06,,1.4656082244947689e-06,0.9739380325932011,,,
2026-02-03 12:34:51+00:00,,60.74551751661736,69237.58332329577,9.709922883700024,,,,2.022066314573494e-05,,,,,348.8938213441587,-11.36247384937311,248.4298978088668,0.2076600912825162,,,-7.087901041924603,,,,,,1.9882140392706166e-07,3447.5424308283677,,74.28888061922822,,,,,,,,,,0.9858690631905294,,False,
2026-02-03 12:34:52+00:00,,60.82086175411405,69229.9735247648,9.743892682922237,,,,0.0001051380968952,,,,,324.9990953624312,-12.625840904606076,19.161728745427247,0.1379238913920469,,,,,,,,,1.38037929186326e-05,17048.42245466023,,,,,,,,13096.551737883776,,,,,,False,
2026-02-03 12:34:53+00:00,,,69228.96764060686,9.744424342288156,,,,1.734919787553476e-05,,,0.7910408002379034,,334.9516376473365,,398.9646041935496,,1.7804230671938156e-06,,,,11.837597569161776,,,,,2730.357871317485,,,7.1413294918513664e-06,,,,,2407.985066754692,,,,,,False,
2026-02-03 12:34:54+00:00,,,69230.28392128836,9.77578428943003,,,,2.471146485552003e-05,,,0.7748216595133615,,,,,,2.52782427720291e-06,,,2.057638822507475,11.9582451787593,,,,,1180.4478406260057,,,6.093942445890345e-06,,1.0902599067374209e-05,,,163.1196375564219,,,,,,False,
2026-02-03 12:34:55+00:00,,,,9.720123763969896,30.190521799458573,,,,,,0.8111230754612725,,,,,,1.2720756606051918e-06,,,2.095078680088016,11.90294982032504,,,,,195.7498811984065,7.314953234335925e-06,,3.7910281049364073e-06,85.33875503829367,1.533393128431556e-06,,,762.732233077772,,,,,,False,
2026-02-03 12:34:56+00:00,,,,9.78462437403586,36.62243545856126,,,,,,0.8165682603817446,,,,,,2.7538016883553536e-06,,,2.097072243031653,11.959142267559582,331.0027472671576,,,,,5.254415642183536e-06,,1.6992139848960517e-06,2265.308703020298,4.585666643608213e-07,,,476.9115343376704,,,,,,,
2026-02-03 12:34:57+00:00,,,,9.73526448772433,38.37728014214736,,,,,,0.8077814223852297,,,,,,2.127863722345343e-06,,,2.100328564600637,11.83918016416236,1146.973983041,,,,,2.5999871536740468e-06,,4.413227038302548e-06,3619.992322203968,9.379076725845044e-06,,,,,,,,,,
2026-02-03 12:34:58+00:00,,,,9.783083176364222,52.76732576627383,,,,,,,,,,,,,,,2.091566492234741,,2424.2917245703206,,,,,5.410857823061536e-05,,,2202.636054328864,2.7303683127013388e-05,,,,,,,,0.6050532559998943,,
2026-02-03 12:34:59+00:00,,,,9.80373872095905,72.85501970952637,,,,5231.123388791247,,,,,,,,,,,,,177.66905507581046,,,,,6.432332385176329e-06,,,4787.367470099065,,139.15700644131624,,,,,,,0.2947905838345441,,
2026-02-03 12:35:00+00:00,,,,9.762012459116663,,,,,3189.728525589451,,,,,,,,,,,,,781.0943963387916,3.191925574857408e-07,,,,,,,,,66.74311808367231,,,,,,,0.138752782979895,,True
2026-02-03 12:35:01+00:00,,,,9.809442070830874,,,,,9055.149752961684,,,,,,,,,1,,,,,6.447907175318132e-06,,,,,,,,,1488.195033866217,,,,,,,0.13798420108163906,,True
2026-02-03 12:35:02+00:00,-9.789781555157177,,,9.834806695247698,,,-11.943245355401716,,3366.87785543324,0.5927714345529203,,,,,,,,1,,,,,2.89882921579628e-06,,,,,,,,,1852.8018163809163,2.799215504139801e-06,,,233.98249001873023,,,-0.021445812866126106,,True
2026-02-03 12:35:03+00:00,-9.791615669903596,,,9.81466386123786,,,-11.928889234574047,,9206.010875431157,0.6206832691217739,,,,,,,,1,,,,,3.3768185113120394e-08,,,,,,,,,3696.8062423579418,1.071189747130655e-05,,,4307.594121197039,,,,,False
2026-02-03 12:35:04+00:00,-9.81188576626804,,,9.827447549873776,,,-11.96484107025065,,,0.680240130630582,,-0.1008457301767536,,,,,,1,,,,,1.2723963392611191e-06,,,,,,,,,,4.552882127791063e-07,,,1468.6727525630115,,,,,False
2026-02-03 12:35:05+00:00,-9.822952655260764,,,9.863722706805042,,,-11.932181345633904,,,0.5706008646519822,,-0.3745025920266753,,,,,,1,,,,,,572.8882340258252,,,,,,,,,1.551279254202027e-05,,,422.2613114403827,,,,,
2026-02-03 12:35:06+00:00,-9.864001537685896,,,9.825185691881284,,83.7511540329087,-11.9379280748219,,,0.6448879386236152,,-0.1520766559051226,,,,,,,,,,,,647.4216309126328,,,,,,,,,4.53894997911793e-06,,1.791354028041283e-06,121.73022533557346,7.490744645182741e-07,,,,
2026-02-03 12:35:07+00:00,,,,9.816547039043565,,0.0,,,,,,-0.4405612975242186,,,,,,,-20.0,,,,,54.30044947268348,,,,259.7411880770314,,,,,,,3.380942651480525e-06,,3.8903279435006245e-06,0.962670629985611,,,
2026-02-03 12:35:08+00:00,,60.232111421778725,,9.811386919876076,,0.0,,,,,,-0.5101754346851535,,-12.212692915005324,,0.1879352483115231,,,-20.0,,,,,1202.5937934672638,1.7832697769399106e-07,,,799.1882818034778,,,,,,,4.678767484828468e-06,,9.338395597991496e-07,0.962085240068735,,,
2026-02-03 12:35:09+00:00,,60.2016025766756,,9.826620246167945,,0.0,,,,,,,356.28208336770024,-13.066877853789093,172.38046295380946,2.3856999608508582,,,-20.0,,,,,3327.6395538577453,1.7541719165433645e-06,,,617.4764878256575,,,,,,,1.1210326493967564e-05,,1.1674860739420557e-05,0.8711748043007002,,,
2026-02-03 12:35:10+00:00,,60.14766382782469,69224.69469557446,9.86250382014344,,0.0,,3.800484661347272e-05,,,,,366.7343419438803,-12.037659010363864,134.65251994955028,0.7231801684791963,,,-20.0,,,,,,2.045741777433895e-05,,,815.5046683256198,,,,,,,3.014439160606212e-06,,1.8488934856195884e-05,0.5796413388156337,,,
2026-02-03 12:35:11+00:00,,60.01888703433701,69226.79326124181,9.853004342528,,,,3.131743398175397e-05,,,,,367.7640729396662,-12.29595461223648,270.19674819065693,0.1736437331913746,,,-20.0,,,,,,4.046309146963073e-07,1000.8917325948254,,4246.059756982798,,,,,,,,,,0.7138811615828589,,False,
2026-02-03 12:35:12+00:00,,60.10509914212776,69223.0345950741,9.819606966667743,,,,1.2919951558616746e-05,,,,,346.29197038219195,-11.055315557614644,397.5120597033031,0.1158570287568487,,,,,,,,,7.402238464335573e-06,1786.932348910859,,,,,,,,872.4723354349517,,,,,,False,
2026-02-03 12:35:13+00:00,,,69222.78960935723,9.813857451032543,,,,1.6263106280963732e-05,,,0.7049309686160214,,329.84108620316334,,327.08212587583023,,1.6571573779332453e-06,,,,11.796615822022943,,,,,3004.98052444939,,,2.1168812397191613e-06,,,,,1458.6906426632477,,,,,,False,
2026-02-03 12:35:14+00:00,,,69220.68632991074,9.825538172951529,,,,4.281945960288674e-05,,,0.7747812018285153,,,,,,4.35797600591114e-06,,,2.1410026984204693,11.815309607675138,,,,,4284.470362291957,,,2.058390260213943e-07,,7.318940904206032e-06,,,5419.863708687178,,,,,,False,
2026-02-03 12:35:15+00:00,,,,9.862157092945765,160.5718218306806,,,,,,0.7297914407098461,,,,,,7.811252482261732e-06,,,2.1424271389010894,11.858468135811885,,,,,10065.227279518347,5.793312357441664e-05,,5.814232857304686e-07,11942.781418920047,2.827731342982694e-05,,,593.5734643319017,,,,,,False,
2026-02-03 12:35:16+00:00,,,,9.908340077995785,132.42236292063984,,,,,,0.8398090561481859,,,,,,1.3816550299402145e-06,,,2.1682785161779523,11.90461977740112,1525.3088297373668,,,,,6.591779103633509e-06,,1.853340674793008e-06,1038.736871031403,5.9388355564568985e-06,,,58.97937111050175,,,,,,,
2026-02-03 12:35:17+00:00,,,,9.929517550654282,146.4631597712757,,,,,,0.7732056677844628,,,,,,1.998518912263863e-06,,,2.141085452683518,11.91853866949516,172.66198952227873,,,,,1.3122390637265617e-05,,5.906902578412457e-06,832.373357955664,6.460721830818133e-06,,,,,,,,,,
2026-02-03 12:35:18+00:00,,,,9.93716781887823,155.1010955424522,,,,,,,,,,,,,,,2.1244791765598654,,3062.801002847743,,,,,9.187693930482048e-06,,,3956.0712457840223,7.110684989837493e-06,,,,,,,,-0.9070520646768705,,
2026-02-03 12:35:19+00:00,,,,9.927784183337971,148.2971155111573,,,,5770.831863029647,,,,,,,,,,,,,701.4386267223368,,,,,6.245858607886648e-06,,,2944.0734810672475,,583.8635999746988,,,,,,,-0.8507846540916917,,
2026-02-03 12:35:20+00:00,,,,9.94856441050127,,,,,7878.494538153905,,,,,,,,,,,,,1052.484633045547,1.3011429745880926e-05,,,,,,,,,152.45530472583633,,,,,,,-0.6438129628656474,,True
2026-02-03 12:35:21+00:00,,,,9.957198553547313,,,,,6559.094084003474,,,,,,,,,1,,,,,5.646955520170609e-06,,,,,,,,,1198.883338732934,,,,,,,-0.2946233275482653,,True
2026-02-03 12:35:22+00:00,-9.851208804073138,,,9.954311206530807,,,-11.929905933454604,,6102.351878586162,0.7344692584522542,,,,,,,,1,,,,,3.864976538077641e-06,,,,,,,,,1833.657095892636,8.60603571839822e-06,,,1783.893594042546,,,-0.39076120296781747,,True
2026-02-03 12:35:23+00:00,-9.866827438070946,,,9.939979704018445,,,-11.91773871407154,,12247.652510674949,0.7430440263052231,,,,,,,,1,,,,,2.6059392870587195e-06,,,,,,,,,701.2041218977682,1.533223341983688e-05,,,3228.4821773238878,,,,,True
2026-02-03 12:35:24+00:00,-9.900955786452396,,,9.946990426187911,,,-11.921599519268584,,,0.6480690059670072,,-0.5966170643233247,,,,,,1,,,,,4.1798919827662645e-06,,,,,,,,,,1.506973443479971e-05,,,3930.8906364436593,,,,,True
2026-02-03 12:35:25+00:00,-9.91565857885392,,,9.893442028972014,,,-11.919193255619168,,,0.6346152925565198,,-0.7334086464613657,,,,,,1,,,,,,658.9473417414347,,,,,,,,,8.978445794658988e-06,,,136.76511369441403,,,,,
2026-02-03 12:35:26+00:00,-9.90459227773228,,,9.920820577786282,,0.0,-11.932847436900383,,,0.7624312957106437,,-0.6080081752135419,,,,,,,,,,,,510.93357156461536,,,,,,,,,5.372478393655387e-06,,5.152538001210864e-07,460.13828260065856,5.876218460694765e-07,,,,
2026-02-03 12:35:27+00:00,,,,9.89967392785674,,0.0,,,,,,-0.2093816730479434,,,,,,,-20.0,,,,,7391.074072591038,,,,969.5173866478624,,,,,,,1.1225178555322373e-06,,1.334985908777628e-05,0.7269926139922657,,,
2026-02-03 12:35:28+00:00,,60.17895014512506,,9.958286823891576,,21.287046393806158,,,,,,-0.7019847203123973,,-11.974604439746477,,0.4844070101424494,,,-5.099067524335693,,,,,1516.3626143291178,3.673282049094142e-06,,,502.17700395169743,,,,,,,4.507973724705014e-06,,1.1948212386983185e-06,0.8022813638706356,,,
2026-02-03 12:35:29+00:00,,60.20179853760023,,9.975678260585903,,6.075259331571657,,,,,,,354.5796243085127,-12.057782252835148,258.4912676103005,0.2411703815021741,,,-15.74731846789984,,,,,6081.771221031007,1.52496843994019e-05,,,685.5050629108339,,,,,,,2.3240084276552823e-05,,9.74943591626943e-07,0.8912747764706747,,,
2026-02-03 12:35:30+00:00,,60.44861010037861,69191.12233965739,9.9087872120035,,20.89310171418389,,4.044544031538788e-05,,,,,326.5349755253393,-11.99560037947786,172.80838157978252,0.436634444757209,,,-5.374828800071276,,,,,,2.273535777413841e-06,,,704.6785424315726,,,,,,,1.4891601187235318e-06,,1.825415125863916e-05,0.5254811879433614,,,
2026-02-03 12:35:31+00:00,,60.65360167085373,69192.27052859313,9.938828750824188,,,,3.419389309676545e-05,,,,,346.912804376916,-12.049037076240714,198.5712664248848,0.344865659458021,,,-20.0,,,,,,2.9513061986179794e-06,2689.056430668175,,2024.0995859346856,,,,,,,,,,0.6192581833542793,,False,
2026-02-03 12:35:32+00:00,,60.59873075758632,69190.95702162666,9.94373154924696,,,,4.955679458076629e-05,,,,,344.47667249004513,-11.175407077503706,154.36753489366146,0.0245951356350336,,,,,,,,,6.602251017867913e-06,1104.5185913297216,,,,,,,,1086.8550928520217,,,,,,False,
2026-02-03 12:35:33+00:00,,,69189.43103701409,9.940225376262772,,,,3.136168608344613e-05,,,0.8085498322083519,,351.32715016528977,,222.29733963393053,,3.15502766751524e-06,,,,12.097929169332804,,,,,1992.1473299535603,,,4.924269412564911e-06,,,,,2228.476752554519,,,,,,False,
2026-02-03 12:35:34+00:00,,,69185.81560790451,9.941152061098537,,,,2.4722771170344167e-05,,,0.7667160648990122,,,,,,2.4869120820602565e-06,,,2.156922512070988,12.105316952812569,,,,,1873.4423424212648,,,1.3939005230743347e-05,,4.443688890053992e-06,,,2255.847074134741,,,,,,False,
2026-02-03 12:35:35+00:00,,,,9.973915503387806,125.72190454697234,,,,,,0.794876833530547,,,,,,7.79012158315397e-06,,,2.124616630664979,12.13025932426146,,,,,652.0582627440335,1.3464399992050609e-05,,1.767213714039146e-05,9499.117256498364,1.2383000118013927e-05,,,7519.356413688531,,,,,,False,
2026-02-03 12:35:36+00:00,,,,9.91598380806929,132.24977991884376,,,,,,0.8248154838573211,,,,,,1.7026351949699984e-06,,,2.1415347510706786,12.110164015383102,1231.5546713391004,,,,,4.60965750041362e-06,,6.370427825239454e-06,535.0888251536137,8.697952758314927e-06,,,1433.2580081804972,,,,,,,
2026-02-03 12:35:37+00:00,,,,9.821381927248268,118.71374141752143,,,,,,0.8273421922699892,,,,,,2.659932832855161e-06,,,2.102627311453195,12.021744254462837,4472.469912591925,,,,,5.145973575773999e-06,,5.845508721303798e-06,761.644624047147,3.128591316523639e-06,,,,,,,,,,
2026-02-03 12:35:38+00:00,,,,9.77152788750951,126.77156015763283,,,,,,,,,,,,,,,2.100865346989412,,7973.233479715296,,,,,2.4804579383898248e-05,,,16764.850245654263,1.7389004336768312e-06,,,,,,,,-0.5986260665973416,,
2026-02-03 12:35:39+00:00,,,,9.771562942961442,133.64054714839116,,,,6735.803269671877,,,,,,,,,,,,,1364.7422499394256,,,,,7.531368572311437e-06,,,2448.917056930997,,546.8113241260344,,,,,,,-0.6901318538498954,,
2026-02-03 12:35:40+00:00,,,,9.690734016207855,,,,,16871.715572153036,,,,,,,,,,,,,4571.4805867841205,3.403474046046334e-05,,,,,,,,,7243.089684121193,,,,,,,-0.8347187716049447,,True
2026-02-03 12:35:41+00:00,,,,9.704090060626124,,,,,2516.1501030639374,,,,,,,,,1,,,,,5.741068694481402e-06,,,,,,,,,502.9725837532454,,,,,,,-0.7546851335431849,,True
2026-02-03 12:35:42+00:00,-9.776805840634136,,,9.714667912605718,,,-12.050616477843349,,8927.262738698078,0.6752899439901638,,,,,,,,1,,,,,4.652879951517439e-06,,,,,,,,,266.3608010103447,3.1890424968588684e-06,,,3718.0308563906847,,,-0.776018111665778,,True
2026-02-03 12:35:43+00:00,-9.782702394547336,,,9.731499114262803,,,-12.03819306421357,,6571.422297436411,0.6700860285627198,,,,,,,,1,,,,,7.38563658904773e-06,,,,,,,,,830.7489254597976,3.021806450049084e-06,,,3566.566886353048,,,,,True
2026-02-03 12:35:44+00:00,-9.79429148989504,,,9.695276771335244,,,-12.026446775935106,,,0.6920691705193496,,-0.5248228604728438,,,,,,1,,,,,2.018423529404985e-06,,,,,,,,,,7.351141262644311e-07,,,831.9521160913358,,,,,True
2026-02-03 12:35:45+00:00,-9.798726704425048,,,9.664235054451938,,,-12.021029055562138,,,0.623745736594202,,-0.2341798476935267,,,,,,1,,,,,,6958.502734560845,,,,,,,,,8.10557634606275e-06,,,566.6610118319558,,,,,
2026-02-03 12:35:46+00:00,-9.818427896066424,,,9.640935734671082,,9.230911798211094,-12.006269677146184,,,0.6254069640865211,,-0.2578770415220139,,,,,,,,,,,,897.7829263381658,,,,,,,,,8.00309508841338e-06,,1.7763063961899178e-05,1400.508845745356,2.614852600609137e-05,,,,
2026-02-03 12:35:47+00:00,,,,9.664489489043971,,0.0,,,,,,-0.521511431780761,,,,,,,-20.0,,,,,140.6474388757077,,,,1560.864258830805,,,,,,,2.201668073065727e-06,,2.7499914870783345e-07,0.9172594862104808,,,
2026-02-03 12:35:48+00:00,,60.36679701059078,,9.647984004930516,,60.27074368474243,,,,,,-0.3565365017854812,,-13.012591364086331,,0.5352747833270162,,,22.189520579319694,,,,,65.59048298548238,2.2688664528756405e-06,,,687.3302030550631,,,,,,,1.2984721837187449e-06,,4.169778190321322e-07,0.9193850247667272,,,
2026-02-03 12:35:49+00:00,,60.42597067890052,,9.7412723530908,,42.35257868531179,,,,,,,341.47891848499995,-12.192067469086757,252.89169619647384,0.1736432022021292,,,9.646805079718252,,,,,361.87857236567015,1.285457094194313e-05,,,386.4067494271428,,,,,,,8.658301180452474e-06,,2.885105594307097e-06,0.9841320456043582,,,
2026-02-03 12:35:50+00:00,,59.97942206113501,69196.57269510918,9.70493968362125,,15.085299372441089,,2.465402885570688e-05,,,,,333.47772258485395,-12.033997903747313,271.86083125221296,0.8241475415195851,,,-9.44029043929124,,,,,,7.72228357070355e-06,,,2841.2419727591227,,,,,,,6.587658747306641e-06,,2.902629697365903e-06,0.9466511120281476,,,
2026-02-03 12:35:51+00:00,,60.32795094209572,69200.70815840644,9.726165875891644,,,,5.319405404957552e-05,,,,,334.1121028439068,-12.566405511014564,99.9205530665572,0.2783549485451907,,,-3.852953444362505,,,,,,3.351197090063573e-06,825.8910027531566,,9289.865773501968,,,,,,,,,,0.8960804865646207,,False,
2026-02-03 12:35:52+00:00,,60.23298971404044,69199.51267145474,9.7255284633479,,,,1.7024895385588872e-05,,,,,355.332542572951,-12.304771630122987,290.3218743935548,0.5088764681699379,,,,,,,,,1.1778549305608211e-06,453.03612326909285,,,,,,,,860.8676426685198,,,,,,False,
2026-02-03 12:35:53+00:00,,,69194.23265900317,9.788823481700032,,,,4.539515244124289e-05,,,0.8158108595467224,,351.0626368495465,,146.84097142976697,,4.6374472403254615e-06,,,,11.821422857946908,,,,,944.7073055586447,,,3.065745778594048e-05,,,,,6138.73996581156,,,,,,False,
2026-02-03 12:35:54+00:00,,,69194.548867943,9.758185926027751,,,,4.08986941802759e-05,,,0.8004164826927328,,,,,,4.191218991963239e-06,,,2.15737245950712,11.799610361331728,,,,,2623.5805369434606,,,1.559078919790184e-05,,9.885168083464955e-06,,,108.43097595438236,,,,,,True,
2026-02-03 12:35:55+00:00,,,,9.764822567383854,100.88289105662577,,,,,,0.7306246494462075,,,,,,8.547225390344567e-07,,,2.194699079324507,11.782810459262302,,,,,502.9022163065304,1.3868991328165711e-06,,1.982969841704845e-06,424.03574363512513,6.977424731370001e-07,,,373.4309945314132,,,,,,False,
2026-02-03 12:35:56+00:00,,,,9.74514309759861,105.25707896789996,,,,,,0.8097013548214106,,,,,,1.4974628154578158e-06,,,2.2408339361299787,11.72847463403992,737.9302573774853,,,,,2.590223390444138e-06,,7.4082117078564035e-06,2024.4235119192565,5.795920307413072e-06,,,534.1933681395545,,,,,,,
2026-02-03 12:35:57+00:00,,,,9.835775497937558,96.4626463691569,,,,,,0.7809590001704786,,,,,,1.514134892028806e-06,,,2.285396175760967,11.87738541922994,407.89303896758906,,,,,2.0112555823267512e-08,,4.371853354690798e-06,1010.7518575633516,2.222306593342141e-06,,,,,,,,,,
2026-02-03 12:35:58+00:00,,,,9.79441327042047,80.23465013832012,,,,,,,,,,,,,,,2.2554495130321373,,2119.495906750909,,,,,1.4182971513038698e-05,,,1691.5537667183585,1.860218253395033e-05,,,,,,,,0.1696135337814684,,
2026-02-03 12:35:59+00:00,,,,9.806753573668418,68.01128383752722,,,,33873.80669449741,,,,,,,,,,,,,11532.797017130686,,,,,2.2399453298723112e-05,,,3176.770655675832,,9012.09570377149,,,,,,,0.37442398645555636,,
2026-02-03 12:36:00+00:00,,,,9.826879243692504,,,,,8728.556525973054,,,,,,,,,,,,,280.87817286610016,7.835576281859979e-06,,,,,,,,,699.600340468194,,,,,,,0.4801115364369574,,True
2026-02-03 12:36:01+00:00,,,,9.822776779384265,,,,,2325.68923679782,,,,,,,,,1,,,,,5.585894059471073e-06,,,,,,,,,346.870522630526,,,,,,,0.43391894747142523,,True
2026-02-03 12:36:02+00:00,-9.780787795798568,,,9.778918939830971,,,-12.012497670437686,,2394.811800359713,0.6619162246586529,,,,,,,,1,,,,,4.939324209706832e-06,,,,,,,,,29.83027384252014,5.82467170717311e-06,,,1390.2556687153708,,,0.4973124642621814,,True
2026-02-03 12:36:03+00:00,-9.767287377938633,,,9.72708724255274,,,-12.007317300209264,,2358.628143255985,0.6109947799710946,,,,,,,,1,,,,,2.621862373287911e-07,,,,,,,,,903.1866169107768,3.734798056042309e-06,,,1010.2317134968524,,,,,True
2026-02-03 12:36:04+00:00,-9.730842204572763,,,9.725445969784056,,,-11.98883512891838,,,0.6835263411201017,,-0.3819705649015468,,,,,,1,,,,,1.0921786018564722e-06,,,,,,,,,,5.522367972235322e-06,,,583.2363038838207,,,,,True
2026-02-03 12:36:05+00:00,-9.775118551000714,,,9.725973182297512,,,-11.996465678906958,,,0.7091331016606888,,-0.4874435474829985,,,,,,1,,,,,,1038.9459442850025,,,,,,,,,2.102831783723748e-06,,,4354.767590049585,,,,,
2026-02-03 12:36:06+00:00,-9.759440257761362,,,9.759886142426376,,0.0,-12.001376096607167,,,0.6523930568070262,,-0.3980149927549356,,,,,,,,,,,,3943.3539700282295,,,,,,,,,2.5242430200089774e-06,,2.21488566782982e-06,30.8889484178801,6.9634195099466496e-06,,,,
2026-02-03 12:36:07+00:00,,,,9.7779399140834,,42.62627557920172,,,,,,-0.3681959736335674,,,,,,,9.8383929054412,,,,,1213.62028160728,,,,420.11099459267655,,,,,,,4.453140689492038e-06,,2.6287771363037018e-06,0.9354927949560395,,,
2026-02-03 12:36:08+00:00,,60.02499197842568,,9.852907995891115,,0.0,,,,,,-0.05703185833364,,-12.576995014659806,,0.8840548120659008,,,-20.0,,,,,2677.5425322646333,8.069682048037575e-08,,,1487.084282384752,,,,,,,2.401826390479154e-06,,7.482739853152044e-07,0.9650472915525588,,,
2026-02-03 12:36:09+00:00,,60.05926608168884,,9.876133624985847,,99.01672558391768,,,,,,,344.9175509577197,-11.530520553345056,199.1098243102996,1.280365215823942,,,49.31170790874238,,,,,3195.893888299722,3.3690038533112814e-06,,,10725.62074043966,,,,,,,1.7982137552502942e-05,,1.812082200945909e-05,0.9937358771024432,,,
2026-02-03 12:36:10+00:00,,60.136190920382425,69182.36899542954,9.840075499708307,,0.0,,9.591651911333228e-05,,,,,328.74243430237794,-11.854695356233371,17.721980046514133,0.3585591337409251,,,-20.0,,,,,,1.9184939559780893e-05,,,7433.336246840829,,,,,,,7.295876985041946e-06,,3.277116752600571e-05,0.9658890647907457,,,
2026-02-03 12:36:11+00:00,,60.082393579951,69178.06522892206,9.799037914454706,,,,1.4190450779653766e-05,,,,,310.6886587588568,-11.956314352577088,381.3256653424551,0.1219297353606803,,,-20.0,,,,,,4.375233894890305e-06,2388.2105791731183,,373.810060393107,,,,,,,,,,0.993275540562642,,False,
2026-02-03 12:36:12+00:00,,60.06359226873766,69177.05386151797,9.73109549783388,,,,1.131014646566595e-05,,,,,346.0142091732736,-12.559093297672971,377.1500193219157,0.2046904108262762,,,,,,,,,1.5622046698129851e-06,1101.866367452337,,,,,,,,739.0699839890433,,,,,,False,
2026-02-03 12:36:13+00:00,,,69177.62348486026,9.68087937800554,,,,9.429660852522725e-06,,,0.773682267350284,,334.14508855781776,,514.2914556496721,,9.740500304080256e-07,,,,11.651875388673504,,,,,297.66431156125174,,,4.03640075259844e-06,,,,,1259.491052484707,,,,,,True,
2026-02-03 12:36:14+00:00,,,69182.27794705008,9.658902016023944,,,,7.047571848528724e-05,,,0.8413971797422882,,,,,,7.296452367812541e-06,,,2.0393535216355465,11.627691786740346,,,,,4394.551805152286,,,2.331763264020664e-05,,1.729133380868933e-06,,,1997.3682543127277,,,,,,False,
2026-02-03 12:36:15+00:00,,,,9.73083296308114,113.95061640240311,,,,,,0.8149071525132792,,,,,,5.923169202321025e-06,,,2.010741510867125,11.699538010055898,,,,,1042.608003162932,2.2131633246042783e-05,,6.523532757177347e-06,157.0559393695865,3.0422857459426133e-05,,,3956.258631910143,,,,,,False,
2026-02-03 12:36:16+00:00,,,,9.672808256423853,132.1892373037241,,,,,,0.8152435935243924,,,,,,4.187681266072269e-06,,,1.9716054124278195,11.641354524966498,3703.0929522259407,,,,,5.811919196157266e-06,,7.52967791088137e-07,1552.752023327956,1.6010186643458268e-05,,,1522.5053056726622,,,,,,,
2026-02-03 12:36:17+00:00,,,,9.697503291607864,112.1004877445853,,,,,,0.7410866317040588,,,,,,2.968541777478756e-06,,,2.0211265539749297,11.634732634771655,3832.720280713123,,,,,1.395701390842943e-06,,3.093991507383465e-06,2737.971149838526,1.1608061775231248e-05,,,,,,,,,,
2026-02-03 12:36:18+00:00,,,,9.677894993904856,105.94519436470792,,,,,,,,,,,,,,,2.035679783065734,,534.4619599601757,,,,,6.869768001191294e-07,,,903.3654078524672,4.469669882119163e-06,,,,,,,,-0.27471774576354535,,
2026-02-03 12:36:19+00:00,,,,9.714141729948546,81.99556163504441,,,,8105.634497056105,,,,,,,,,,,,,1566.239889523504,,,,,1.100908808236987e-06,,,497.184465973166,,5830.771495489907,,,,,,,0.13924981074918213,,
2026-02-03 12:36:20+00:00,,,,9.681654770148608,,,,,9261.103851063095,,,,,,,,,,,,,6305.279612886084,7.100538618485145e-07,,,,,,,,,1656.4386411330422,,,,,,,-0.22527944191219212,,False
2026-02-03 12:36:21+00:00,,,,9.688780964362202,,,,,20648.600436027955,,,,,,,,,1,,,,,1.990325791257717e-05,,,,,,,,,11809.958717677026,,,,,,,-0.2993408362685519,,True
2026-02-03 12:36:22+00:00,-9.814883871821474,,,9.648933709485448,,,-11.986800173776484,,30790.599875868516,0.6668724153800145,,,,,,,,1,,,,,4.488740091299931e-05,,,,,,,,,4545.650836288,3.644166226099437e-05,,,16066.829209445204,,,-0.40226584495350404,,False
2026-02-03 12:36:23+00:00,-9.79340262461794,,,9.664202179594248,,,-11.965894500535205,,7236.873568254188,0.6784465664875324,,,,,,,,1,,,,,1.7666954356652573e-05,,,,,,,,,3603.0720616446106,1.4596193413044253e-06,,,1699.8871051063084,,,,,True
2026-02-03 12:36:24+00:00,-9.804721524089397,,,9.71718986930056,,,-11.96662703865655,,,0.5944820428949135,,-0.3500213315444198,,,,,,1,,,,,1.1312577315132046e-05,,,,,,,,,,1.5087580981856784e-05,,,926.6608155340672,,,,,True
2026-02-03 12:36:25+00:00,-9.830108043810148,,,9.702514400314396,,,-11.96950193604797,,,0.6611628508137021,,-0.8137270596891097,,,,,,1,,,,,,512.3038328783425,,,,,,,,,1.5846891457448873e-06,,,372.0816868058499,,,,,
2026-02-03 12:36:26+00:00,-9.772721501607492,,,9.69975089271406,,0.0,-11.965651671316769,,,0.5516009248565537,,-0.2372264622852839,,,,,,,,,,,,1466.915713572153,,,,,,,,,9.57748521370558e-06,,4.527435999958723e-06,80.49749242318538,1.0908680576312604e-05,,,,
2026-02-03 12:36:27+00:00,,,,9.674974595751117,,0.0,,,,,,-0.1889079640781668,,,,,,,-20.0,,,,,1585.930255079389,,,,140.09361890045344,,,,,,,2.5362678177616078e-06,,9.546742693572324e-07,0.41884858524238966,,,
2026-02-03 12:36:28+00:00,,59.75786819645543,,9.793298542094414,,0.0,,,,,,-0.7120833235397979,,-11.237016109806143,,0.2137746917515527,,,-20.0,,,,,563.3672324199707,3.3336925535958453e-06,,,136.9040181246932,,,,,,,3.786469980141896e-06,,8.11731581345078e-07,0.175769911388779,,,
2026-02-03 12:36:29+00:00,,59.493484568189885,,9.767575260142536,,0.0,,,,,,,349.2045819099799,-11.978175508939731,270.46256486952734,0.6302272713348775,,,-20.0,,,,,1101.677815964823,2.785051952087008e-07,,,2938.60235301904,,,,,,,4.756733113332538e-06,,7.806833104478846e-06,0.13442841033919745,,,
2026-02-03 12:36:30+00:00,,59.36283272866865,69172.43229287042,9.698652581546522,,67.09677440057067,,8.212895747423838e-06,,,,,332.7999730048298,-11.8571738819452,566.7721766906407,0.0041837758386195,,,26.96774208039946,,,,,,1.625555676288997e-06,,,56.97731571299488,,,,,,,9.84031242080088e-07,,2.094266316694941e-06,0.10182845831261203,,,
2026-02-03 12:36:31+00:00,,59.25422923320434,69176.8678738498,9.63938524298402,,,,2.9434123810797616e-05,,,,,341.0456343894173,-10.982368207144896,216.014581246819,0.16814539861996,,,62.85453653800678,,,,,,9.48605753805569e-06,3890.888768246236,,3122.658625512643,,,,,,,,,,-0.05699181036344314,,False,
2026-02-03 12:36:32+00:00,,59.21958761070961,69171.03715246418,9.66295596746678,,,,8.421230696664628e-06,,,,,333.24278131773985,-12.07981820773645,556.6959613608616,0.0509221330346329,,,,,,,,,3.216938978242067e-06,92.21643049641015,,,,,,,,1273.7696651399524,,,,,,False,
2026-02-03 12:36:33+00:00,,,69174.35061469353,9.629644457461064,,,,7.945283320484382e-06,,,0.7273802134978249,,347.19589946138314,,695.1474251076592,,8.250858435721749e-07,,,,11.412560305151883,,,,,48.72845774874293,,,4.5771837007536324e-07,,,,,1675.2131170886853,,,,,,False,
2026-02-03 12:36:34+00:00,,,69182.82792142857,9.58129476791483,,,,9.6179957974482e-06,,,0.7481529403477349,,,,,,1.0038304874677555e-06,,,2.156077240998123,11.380129259913852,,,,,177.24849617665615,,,8.01222909489465e-07,,5.203249820599741e-06,,,543.2249105506066,,,,,,False,
2026-02-03 12:36:35+00:00,,,,9.604163154708216,159.15313090761134,,,,,,0.7572456395717444,,,,,,1.7543105187567563e-06,,,2.194479309972047,11.395179774697391,,,,,1043.937288932707,4.2444339953255714e-07,,3.285464659675763e-06,1023.3392045212923,4.622666653688147e-06,,,1459.4927879412064,,,,,,False,
2026-02-03 12:36:36+00:00,,,,9.586604037640726,154.164386335507,,,,,,0.7544771797477516,,,,,,1.972796581948359e-06,,,2.1745876548198773,11.353511191180765,1669.6594324157093,,,,,1.809427330587236e-05,,7.505586210491446e-08,2099.570329779792,5.408123438656745e-06,,,760.9557237410376,,,,,,,
2026-02-03 12:36:37+00:00,,,,9.561816845865376,145.68991064562434,,,,,,0.7624618246783001,,,,,,1.18051777725958e-06,,,2.161915982252996,11.323768160542988,357.2289615219258,,,,,6.557229130533286e-08,,3.801780904439478e-06,394.391889386772,3.934594380814457e-06,,,,,,,,,,
2026-02-03 12:36:38+00:00,,,,9.605565482117438,168.1304927470989,,,,,,,,,,,,,,,2.104343052756501,,1024.738760683295,,,,,5.820236569883775e-07,,,165.16192603524948,1.992810907771528e-06,,,,,,,,-0.9786185881495216,,
2026-02-03 12:36:39+00:00,,,,9.595026273570529,161.8603612414022,,,,3389.03767569678,,,,,,,,,,,,,233.83610342348544,,,,,7.667480323773785e-06,,,255.30506536342344,,60.88658075016996,,,,,,,-0.9503005698795829,,
2026-02-03 12:36:40+00:00,,,,9.575076746505053,,,,,2261.603725063448,,,,,,,,,,,,,303.29977523240734,7.37594893394949e-07,,,,,,,,,70.57941180612602,,,,,,,-0.9997604556680131,,True
2026-02-03 12:36:41+00:00,,,,9.610234247086586,,,,,5953.379364874786,,,,,,,,,1,,,,,1.4908145258318742e-05,,,,,,,,,3591.717116565573,,,,,,,-0.936568617740779,,True
2026-02-03 12:36:42+00:00,-9.808627194680884,,,9.632651594202729,,,-11.985614267713569,,6320.590488302133,0.6210704157295724,,,,,,,,1,,,,,9.911328340195853e-06,,,,,,,,,3447.043091526284,2.551472247300876e-07,,,1349.9931577272,,,-0.9998969100051994,,True
2026-02-03 12:36:43+00:00,-9.850511144270705,,,9.65277476415896,,,-11.983669113951564,,4334.201547581644,0.6189692272704497,,,,,,,,1,,,,,2.6624539590602358e-06,,,,,,,,,404.0129288019787,7.8023826884767e-06,,,497.7210318031008,,,,,True
2026-02-03 12:36:44+00:00,-9.842334948320552,,,9.63157726816209,,,-11.988796717774198,,,0.54887555514507,,-0.6020223547231958,,,,,,1,,,,,5.829526237359198e-06,,,,,,,,,,1.6883510727443645e-06,,,1648.9705096062632,,,,,True
2026-02-03 12:36:45+00:00,-9.80755377945541,,,9.603581916981586,,,-12.00584126807764,,,0.6340273150116771,,-0.046253065312463,,,,,,1,,,,,,1547.662218951349,,,,,,,,,1.0817040160491136e-06,,,836.2203939955602,,,,,
2026-02-03 12:36:46+00:00,-9.786591139801978,,,9.590089585879548,,22.77476346968374,-11.993410900336585,,,0.5526128067051203,,-0.4882665455046552,,,,,,,,,,,,2505.90130903425,,,,,,,,,9.134997918718704e-07,,9.756588879694988e-06,282.3427251796862,3.476950040778376e-06,,,,
2026-02-03 12:36:47+00:00,,,,9.629110098424032,,0.2887382690070557,,,,,,-0.2345531860796003,,,,,,,-19.797883211695066,,,,,554.322711787404,,,,814.8190205264899,,,,,,,2.307758138505636e-06,,3.4976604984964698e-06,-0.45916354781447083,,,
2026-02-03 12:36:48+00:00,,59.42279956637134,,9.661660884048755,,44.98976795606942,,,,,,-0.7609357356561218,,-12.38670632611509,,0.0104320983940378,,,11.492837569248591,,,,,854.8135954701595,3.375159307843241e-06,,,974.8482265541186,,,,,,,6.52955247747642e-07,,2.455765344953873e-06,-0.1679026761045346,,,
2026-02-03 12:36:49+00:00,,59.67695073407737,,9.625364639922186,,0.0,,,,,,,341.4834779979559,-12.086714456585248,734.1528181195213,0.0124727452161373,,,-20.0,,,,,89.78942619119908,3.149130851670996e-07,,,469.1595286802065,,,,,,,5.570195174959352e-07,,2.8545427733204194e-06,-0.18720693363150798,,,
2026-02-03 12:36:50+00:00,,59.70169767427838,69196.15401340427,9.688438408260426,,0.0,,6.90043879311092e-05,,,,,326.2014296315802,-12.494349857567633,28.28340706183268,0.2662759755766755,,,-20.0,,,,,,2.5945428436780366e-05,,,1906.5667544773476,,,,,,,9.23913754758182e-06,,4.248955831828867e-05,-0.4866168901457494,,,
2026-02-03 12:36:51+00:00,,59.83894696746161,69193.88763719753,9.661345429734544,,,,1.3294299821935432e-05,,,,,351.22759512415803,-12.854002303997188,333.8914344078236,0.0536293469967679,,,44.5130551485379,,,,,,8.194084319504119e-06,2580.2332059562677,,238.7235319336246,,,,,,,,,,-0.32028261658431023,,False,
2026-02-03 12:36:52+00:00,,59.96575127729211,69197.28809367708,9.677392838654152,,,,4.631025469832834e-05,,,,,336.36825396692984,-12.058249033984213,47.2227353730606,0.7518598454342315,,,,,,,,,7.074377539460563e-06,2122.0283565533496,,,,,,,,11420.51779116004,,,,,,False,
2026-02-03 12:36:53+00:00,,,69200.25054524068,9.633406524843169,,,,1.0498519663068475e-05,,,0.7703989084116653,,351.3760064653827,,479.2441977986698,,1.089803449692931e-06,,,,11.516216194379624,,,,,2078.371744713596,,,5.310470109710379e-07,,,,,395.28991390174576,,,,,,False,
2026-02-03 12:36:54+00:00,,,69199.24832229494,9.598282307973612,,,,4.1691908649696736e-05,,,0.7300641836063098,,,,,,4.343684350173977e-06,,,2.1924778580236213,11.488364913705103,,,,,156.19372313567737,,,4.166391150080374e-06,,3.866342672272239e-06,,,3463.604884288073,,,,,,False,
2026-02-03 12:36:55+00:00,,,,9.618638981174218,183.08542161351312,,,,,,0.7854110662597615,,,,,,8.298011770243792e-07,,,2.201037661787592,11.52670339661002,,,,,442.8670886852623,9.820094989203464e-07,,3.3387555098082464e-06,352.5509180183356,4.299883088895833e-06,,,289.03335476206155,,,,,,False,
2026-02-03 12:36:56+00:00,,,,9.58853959805175,180.1929963029373,,,,,,0.7491628174262405,,,,,,8.044959644026789e-07,,,2.202485423500956,11.530564843617803,638.8003825202045,,,,,2.203177422646557e-06,,5.409540387783858e-08,155.02391241987385,2.808239920765717e-07,,,389.7915226410432,,,,,,,
2026-02-03 12:36:57+00:00,,,,9.603149194650562,179.20278347315008,,,,,,0.8160155250117088,,,,,,7.018113152760719e-07,,,2.2030553142726927,11.575202972303831,609.9920480832837,,,,,2.696903713076147e-06,,2.379535587540586e-06,757.718899515479,5.83637639884339e-07,,,,,,,,,,
2026-02-03 12:36:58+00:00,,,,9.580255608089187,205.446493540488,,,,,,,,,,,,,,,2.201214561891703,,1304.1341720528385,,,,,6.412378070569899e-05,,,6181.905408903179,2.5058083437153257e-05,,,,,,,,-0.9029869294857115,,
2026-02-03 12:36:59+00:00,,,,9.560118236926424,207.0510952334461,,,,7670.444107150493,,,,,,,,,,,,,3315.327001194546,,,,,8.035709318858493e-06,,,964.2384918404656,,379.7995947769768,,,,,,,-0.8906013102727821,,
2026-02-03 12:37:00+00:00,,,,9.58599899733352,,,,,13870.466560792598,,,,,,,,,,,,,9045.49999857218,2.35904833101218e-05,,,,,,,,,2786.940658576118,,,,,,,-0.7823062541921383,,True
2026-02-03 12:37:01+00:00,,,,9.626879844288496,,,,,3231.8094377711827,,,,,,,,,1,,,,,2.635019934173858e-06,,,,,,,,,985.2637834994208,,,,,,,-0.5714777521166237,,True
2026-02-03 12:37:02+00:00,-9.768508210345743,,,9.651031821843452,,,-12.098377150505817,,21785.502744526857,0.5825093593263634,,,,,,,,1,,,,,3.468521201418131e-05,,,,,,,,,659.5544730798437,9.047307054763826e-06,,,12889.576619976056,,,-0.6616367620779422,,True
2026-02-03 12:37:03+00:00,-9.76431592224209,,,9.629623537110591,,,-12.123628660853882,,2220.6629053475367,0.5149301920461199,,,,,,,,1,,,,,3.78175840734421e-07,,,,,,,,,32.595370616231314,5.323073777616491e-06,,,332.8789558573744,,,,,True
2026-02-03 12:37:04+00:00,-9.75384147399214,,,9.66927707430166,,,-12.113737662738972,,,0.628532101518315,,-0.2249325630218593,,,,,,1,,,,,2.989445553359372e-06,,,,,,,,,,5.267244672410986e-06,,,617.2048992663093,,,,,True
2026-02-03 12:37:05+00:00,-9.772395252911204,,,9.733925680376384,,,-12.13014617711223,,,0.6993972457854585,,-0.3925332196169452,,,,,,1,,,,,,478.17901419141367,,,,,,,,,4.170950194432013e-09,,,522.6644879570973,,,,,
2026-02-03 12:37:06+00:00,-9.820940384420098,,,9.749577778670892,,0.0,-12.128446095913766,,,0.7367921229580211,,-0.2899279992500343,,,,,,,,,,,,480.0233275064723,,,,,,,,,3.934757945919706e-06,,6.714203357941295e-07,333.3297991502069,2.222557787547624e-06,,,,
2026-02-03 12:37:07+00:00,,,,9.778180575570632,,18.342867527238457,,,,,,-0.4026235457754494,,,,,,,-7.15999273093308,,,,,364.7809826308054,,,,462.7068844769568,,,,,,,4.662229872854341e-06,,1.1983871850738937e-06,-0.9918832538033077,,,
2026-02-03 12:37:08+00:00,,60.4737461242759,,9.81769939348785,,66.41515275891888,,,,,,-0.7134652503514566,,-11.79003490185374,,0.408387107986459,,,26.490606931243214,,,,,2192.356470855376,5.597591481621344e-06,,,2894.256530709813,,,,,,,3.3202707314809e-06,,1.746503464469718e-05,-0.9468505205159947,,,
2026-02-03 12:37:09+00:00,,60.30737047021975,,9.771785010652934,,2.8837920335902134,,,,,,,341.84363329653723,-12.459540267010569,481.1633695721741,0.1190272450673615,,,-17.981345576486852,,,,,1477.814003129197,2.8488535114658376e-06,,,112.36476638361026,,,,,,,4.7573228829931215e-06,,2.3952584369055267e-06,-0.9181516430803037,,,
2026-02-03 12:37:10+00:00,,60.22699234760983,69192.24534976606,9.755604180187682,,0.0,,1.6377659881034522e-05,,,,,333.8262420875821,-12.836720290670655,353.57091892711094,0.1293519141645075,,,-20.0,,,,,,2.631557728848232e-06,,,2817.554279478882,,,,,,,3.523824706800856e-06,,3.2012712105315665e-07,-0.6085005336542774,,,
2026-02-03 12:37:11+00:00,,60.19437470640004,69188.02608022159,9.686389367773732,,,,1.1951793664222772e-05,,,,,359.2888297393299,-11.727564758867686,390.2421558752341,0.1197869153846591,,,0.1724314286028239,,,,,,5.234635308232808e-06,241.83350595124665,,792.3686061579511,,,,,,,,,,-0.5177515797988389,,False,
2026-02-03 12:37:12+00:00,,60.1359624280723,69181.53690868035,9.688585025795652,,,,6.365718107861562e-05,,,,,353.42392680564404,-11.700171369093407,113.25275913767965,0.6707958359845733,,,,,,,,,7.557167523911482e-06,2363.2548636326446,,,,,,,,410.5860275221338,,,,,,False,
2026-02-03 12:37:13+00:00,,,69184.86264405164,9.700889935013542,,,,6.234563440386784e-05,,,0.7179496413539949,,359.9689372882448,,103.9910908781948,,6.426795358108638e-06,,,,11.66926658203792,,,,,5787.617116941487,,,8.871935530580452e-06,,,,,943.2583054875922,,,,,,False,
2026-02-03 12:37:14+00:00,,,69181.66066117155,9.693758898595055,,,,1.5541206598297107e-05,,,0.7754212979502213,,,,,,1.6032177776310838e-06,,,2.100839076331153,11.719388523866268,,,,,968.2217038609418,,,6.240020057640375e-06,,7.674674842288453e-06,,,465.24475334923136,,,,,,False,
2026-02-03 12:37:15+00:00,,,,9.734176090030614,180.97149062087385,,,,,,0.7650343177606774,,,,,,1.6171546846654057e-06,,,2.117604925135298,11.829953338592771,,,,,268.25358567435234,2.9226596470249102e-06,,2.5471257864706656e-06,1506.3576231117647,5.876244090946966e-06,,,1009.3049257442996,,,,,,True,
2026-02-03 12:37:16+00:00,,,,9.68024564113786,186.13006949881165,,,,,,0.7835262783767417,,,,,,1.4056343961340076e-05,,,2.0964983995215363,11.76291703706568,18376.09294414424,,,,,6.982339606677168e-05,,4.575585375589406e-05,524.2322891777173,7.240450141874314e-06,,,22697.33198748935,,,,,,,
2026-02-03 12:37:17+00:00,,,,9.688232731914251,188.8089247329096,,,,,,0.802498190075358,,,,,,4.688569628565391e-06,,,2.069043615490735,11.831307593930166,1635.1982085934314,,,,,1.3304115062644897e-06,,2.389017135447946e-05,2505.5382898343414,6.477144851641134e-06,,,,,,,,,,
2026-02-03 12:37:18+00:00,,,,9.639308293649618,184.63626199079465,,,,,,,,,,,,,,,2.028534039536751,,5860.66614083451,,,,,5.104504180542341e-05,,,11266.879769975036,5.125856392642073e-05,,,,,,,,-0.996727921641102,,
2026-02-03 12:37:19+00:00,,,,9.627533459923423,197.74094629231035,,,,3849.81726369768,,,,,,,,,,,,,1998.08904696908,,,,,5.101845992459432e-06,,,920.7247482440624,,815.8220362170273,,,,,,,-0.9524439614973049,,
2026-02-03 12:37:20+00:00,,,,9.629298755095991,,,,,2471.0434195642306,,,,,,,,,,,,,2285.2989309164686,1.138140366696632e-06,,,,,,,,,751.0089260939715,,,,,,,-0.9309274216580462,,True
2026-02-03 12:37:21+00:00,,,,9.617999032897512,,,,,14762.68317059799,,,,,,,,,1,,,,,2.0282566617443564e-06,,,,,,,,,7889.054102060843,,,,,,,-0.9617993114127104,,True
2026-02-03 12:37:22+00:00,-9.98633920295454,,,9.666610760759314,,,-12.068109337084683,,4032.327644167397,0.5843948195669868,,,,,,,,1,,,,,1.608262612755019e-06,,,,,,,,,379.439954079079,6.503675762337653e-06,,,947.868457025137,,,-0.9750806513752109,,True
2026-02-03 12:37:23+00:00,-9.989866842039884,,,9.60852865979071,,,-12.109376515996518,,2147.5952483309984,0.5682474033625424,,,,,,,,1,,,,,3.470413831974852e-06,,,,,,,,,85.38715161260616,5.372078688947639e-07,,,390.705993885089,,,,,False
2026-02-03 12:37:24+00:00,-9.974175102231548,,,9.589331114119766,,,-12.097788693746786,,,0.6557774881036045,,-0.4292147342175498,,,,,,1,,,,,5.575427528565116e-07,,,,,,,,,,7.244859257680489e-07,,,156.89371541619596,,,,,True
2026-02-03 12:37:25+00:00,-9.989423820240807,,,9.597180384511134,,,-12.112063359790383,,,0.5833475156608279,,-0.6552962804298612,,,,,,1,,,,,,115.75969092496436,,,,,,,,,5.391692072501004e-06,,,749.3503322882963,,,,,
2026-02-03 12:37:26+00:00,-9.972743554894857,,,9.609049203603162,,0.0,-12.142079365860528,,,0.6929139368661641,,-0.4688252564530334,,,,,,,,,,,,636.0444394076565,,,,,,,,,1.4572802911865188e-06,,4.230142838133029e-07,869.2045334844429,8.059465260517975e-06,,,,
2026-02-03 12:37:27+00:00,,,,9.57483297404032,,0.0,,,,,,-0.4929299756915323,,,,,,,-20.0,,,,,1967.25164799776,,,,38133.2455176685,,,,,,,0.0001743782479815,,4.119374755464875e-06,0.2594729882335255,,,
2026-02-03 12:37:28+00:00,,60.655171138841446,,9.603361057064738,,15.118623020940875,,,,,,-0.4147240920217008,,-12.134913378946363,,0.2049398351034275,,,-9.416963885341389,,,,,1298.044209066292,1.5377517213705467e-05,,,2329.0601060695994,,,,,,,1.0476202024084572e-06,,1.7274080773916755e-05,0.37759160794130237,,,
2026-02-03 12:37:29+00:00,,60.7778803070149,,9.623382134844912,,40.37940213923673,,,,,,,353.94483309795,-12.335470535294077,470.0004520280926,0.1799378212883667,,,8.26558149746571,,,,,323.4422143447474,1.5690402465868907e-06,,,791.2030292933722,,,,,,,4.216871558083651e-06,,2.668711657284985e-06,0.3129330584078773,,,
2026-02-03 12:37:30+00:00,,60.650959866507534,69181.39399592993,9.65206701100773,,17.543577021585534,,4.919199234125706e-05,,,,,330.93548856875606,-12.7181183270895,175.70903248887106,0.6240567065141523,,,-7.719496084890126,,,,,,1.843007314913413e-05,,,8224.367928184274,,,,,,,8.497035502251726e-06,,2.9524285961869297e-05,0.18337851803878205,,,
2026-02-03 12:37:31+00:00,,60.48296566071609,69184.94693211639,9.603139346248645,,,,5.969075945422227e-05,,,,,340.7959303933857,-13.003047218688655,141.56477004817248,0.1485085456284901,,,-18.13060459875922,,,,,,1.6606915109924696e-05,1516.0897224231458,,2628.691440146007,,,,,,,,,,-0.0758567753325108,,False,
2026-02-03 12:37:32+00:00,,60.417099080848885,69180.61132609098,9.58819161097174,,,,0.0001083744447617,,,,,340.39729337834336,-12.119521043827262,62.01548304204908,0.1581087477193516,,,,,,,,,6.095111548486e-05,10558.513741357936,,,,,,,,10178.799056264774,,,,,,False,
2026-02-03 12:37:33+00:00,,,69182.92311940237,9.647299824684524,,,,1.0100148476467344e-05,,,0.7468605760749542,,343.6579526810854,,469.2411559853388,,1.0469404558801123e-06,,,,11.674249439989197,,,,,186.21788619415403,,,8.416745103580839e-07,,,,,266.9667358987523,,,,,,False,
2026-02-03 12:37:34+00:00,,,69183.46322810464,9.704539169719473,,,,1.5524561587118187e-05,,,0.7851267113909424,,,,,,1.599721667934383e-06,,,2.016997445169958,11.755113299062875,,,,,277.279505051089,,,4.6882784004476e-07,,8.877879938219098e-06,,,116.83926565078733,,,,,,False,
2026-02-03 12:37:35+00:00,,,,9.699101494014052,206.1009935594988,,,,,,0.7953631597139912,,,,,,7.74621412501495e-06,,,1.9801198121465111,11.791215312001157,,,,,4031.648185035546,5.768957494565038e-06,,1.0819184892064066e-05,4659.443899522604,5.684994416810679e-05,,,1905.5498494493247,,,,,,False,
2026-02-03 12:37:36+00:00,,,,9.662369077147508,224.44018996600664,,,,,,0.76730943829446,,,,,,6.453722551832615e-06,,,1.9779077744711169,11.760521169621144,7999.190275894575,,,,,8.665204598462134e-06,,4.296896790185684e-06,1997.5836283634249,4.020704724299284e-05,,,5164.035239765649,,,,,,,
2026-02-03 12:37:37+00:00,,,,9.636706541851089,224.54278988643227,,,,,,0.7770909246153395,,,,,,3.850608420153773e-06,,,1.947386244897068,11.733454996469778,4928.545383140859,,,,,2.277646139677332e-06,,2.290910789940601e-06,267.6618889928033,1.7329524520818218e-05,,,,,,,,,,
2026-02-03 12:37:38+00:00,,,,9.679390867427587,214.36796821713463,,,,,,,,,,,,,,,1.92739521049322,,1474.7032389371595,,,,,1.2815859639732984e-05,,,1820.0361760636088,5.963794028041557e-06,,,,,,,,-0.825429219814022,,
2026-02-03 12:37:39+00:00,,,,9.704140457041404,206.1330046009012,,,,9929.588986696992,,,,,,,,,,,,,3727.3240614122033,,,,,5.446638258102228e-06,,,2116.318160924008,,4163.716862914046,,,,,,,-0.8977740046832444,,
2026-02-03 12:37:40+00:00,,,,9.704404078628002,,,,,3475.833053094347,,,,,,,,,,,,,310.2996354635855,3.030996455395219e-06,,,,,,,,,14.245732338847564,,,,,,,-0.8825926610330129,,True
2026-02-03 12:37:41+00:00,,,,9.676099505012706,,,,,2671.691878189604,,,,,,,,,1,,,,,5.450693060439956e-06,,,,,,,,,429.5090318644722,,,,,,,-0.9828931184576732,,True
2026-02-03 12:37:42+00:00,-10.103140677086545,,,9.696671541158691,,,-12.0826369497469,,1606.3918147415852,0.6319851210170041,,,,,,,,1,,,,,3.3569419002444397e-06,,,,,,,,,132.0303664760051,3.94831620801172e-07,,,693.8948614509051,,,-0.9685050239116725,,True
2026-02-03 12:37:43+00:00,-10.06901074891404,,,9.663467562082571,,,-12.079533815897824,,2864.691495642111,0.6123196879964251,,,,,,,,1,,,,,1.769537035001798e-06,,,,,,,,,1270.8711115081005,6.960135603620118e-06,,,17.719752329931318,,,,,True
2026-02-03 12:37:44+00:00,-10.06239328911672,,,9.600070095846547,,,-12.092141052270888,,,0.6501508977880451,,-0.3826379482254566,,,,,,1,,,,,9.762802874398914e-06,,,,,,,,,,3.004643125212641e-07,,,13840.817288634482,,,,,True
2026-02-03 12:37:45+00:00,-10.074615541672484,,,9.646382354218,,,-12.122457599754458,,,0.6708557210835461,,-0.4377368192535503,,,,,,1,,,,,,77.10670946666124,,,,,,,,,2.034219076016903e-06,,,583.5108319359335,,,,,
2026-02-03 12:37:46+00:00,-10.064611237316914,,,9.675503505439703,,52.20978133640276,-12.13589853513554,,,0.6121837092874352,,-0.764794097768672,,,,,,,,,,,,440.9223038922928,,,,,,,,,1.9608354172378278e-06,,6.539633550418077e-06,2318.178537366725,2.0630081922002748e-08,,,,
2026-02-03 12:37:47+00:00,,,,9.659977387166782,,0.0,,,,,,-0.3018353583786805,,,,,,,-20.0,,,,,322.3883722668772,,,,888.2920374246025,,,,,,,7.407264927337776e-07,,6.346956668179868e-07,-0.9110266843126797,,,
2026-02-03 12:37:48+00:00,,60.42834853516131,,9.696787811553593,,13.4055979712982,,,,,,-0.6416237168795449,,-11.995195774046364,,0.2901597657684247,,,-10.61608142009126,,,,,7848.291349037696,2.53452892893538e-05,,,4654.893931238751,,,,,,,3.23951902717554e-06,,5.055424015815057e-06,-0.9193808591918172,,,
2026-02-03 12:37:49+00:00,,60.36662128433875,,9.75858333473253,,0.0,,,,,,,343.3130730064087,-12.640050153847822,375.6467758469565,0.7225661068075365,,,-20.0,,,,,1941.165829256022,4.443901579352393e-06,,,1690.2240211019675,,,,,,,1.0537401209076454e-06,,4.603202091630348e-06,-0.7894698732462924,,,
2026-02-03 12:37:50+00:00,,60.29694738465405,69193.59212961204,9.791479110686016,,31.828649015434177,,2.364572292625974e-05,,,,,349.6975777579656,-11.94245284763694,229.9102287962387,0.0315266597490958,,,2.280054310803923,,,,,,1.4070133292933862e-06,,,1260.5021566565408,,,,,,,2.8667995149364377e-06,,5.943212011183778e-06,-0.8094339631554343,,,
2026-02-03 12:37:51+00:00,,60.39749745132792,69192.24667722004,9.797160422784492,,,,1.5776622448276867e-05,,,,,328.2452433544786,-12.65236559151286,273.746928104524,0.0899951466703219,,,-20.0,,,,,,3.23008064878503e-07,376.6673038691054,,1862.6965327473208,,,,,,,,,,-0.7397002176216096,,True,
2026-02-03 12:37:52+00:00,,60.291486462838265,69192.62065977624,9.718409236288387,,,,1.1079622322884286e-05,,,,,352.914316676412,-12.8129649900052,491.47472330081087,0.3286472934076729,,,,,,,,,5.832730946488184e-06,256.08036466713713,,,,,,,,1419.12571308347,,,,,,False,
2026-02-03 12:37:53+00:00,,,69191.5047933214,9.716422968009432,,,,3.735188653117906e-05,,,0.8578451356446446,,339.6674493932805,,164.9150161034138,,3.844201374740195e-06,,,,11.691737286215664,,,,,153.96105589936712,,,1.964434492406887e-06,,,,,3102.170434613519,,,,,,False,
2026-02-03 12:37:54+00:00,,,69186.14821635709,9.699503782891544,,,,9.686660456986696e-06,,,0.7776830758747141,,,,,,9.98675878045689e-07,,,1.9844488766372597,11.671111141368964,,,,,147.7839453445727,,,9.062455089188592e-07,,2.8534528887874303e-06,,,667.7794171806893,,,,,,False,
2026-02-03 12:37:55+00:00,,,,9.762009979262332,219.03068533492095,,,,,,0.7863978229723819,,,,,,2.2972589476593998e-06,,,2.0252668628713484,11.760501310975096,,,,,2158.801806355503,7.4491242914409074e-06,,1.4725676442392157e-06,636.6984865785564,9.239521833225472e-07,,,3665.646304347257,,,,,,False,
2026-02-03 12:37:56+00:00,,,,9.770913751144576,215.7821602824677,,,,,,0.7456271913226582,,,,,,3.5673220395852715e-06,,,1.991086824231636,11.785039943689354,1093.3805646331475,,,,,1.3925599805353734e-05,,9.489686148796731e-06,3293.8617272245438,5.471807395145764e-06,,,2382.377891973785,,,,,,,
2026-02-03 12:37:57+00:00,,,,9.79979806722457,211.7273952420126,,,,,,0.7530439647553812,,,,,,1.6932803494635889e-06,,,1.9531817378054257,11.82921890426922,884.4055725661809,,,,,5.150708428615506e-07,,6.739752374689525e-06,2162.9409478613657,5.263551257440603e-06,,,,,,,,,,
2026-02-03 12:37:58+00:00,,,,9.82678908949965,209.10219978853996,,,,,,,,,,,,,,,1.9691596476494817,,717.1201701844318,,,,,1.99051530484728e-06,,,412.0348705491597,1.1442212393665762e-06,,,,,,,,-0.8737535502483305,,
2026-02-03 12:37:59+00:00,,,,9.784301642849064,206.1344977212493,,,,14690.815060141038,,,,,,,,,,,,,5394.4458215294535,,,,,3.471992261847824e-05,,,8943.721083604298,,3739.987327456038,,,,,,,-0.897762526143659,,
2026-02-03 12:38:00+00:00,,,,9.752228343168948,,,,,25477.39455412849,,,,,,,,,,,,,11000.7954728866,1.7195166562610994e-05,,,,,,,,,10128.724835530722,,,,,,,-0.9643129564955988,,True
2026-02-03 12:38:01+00:00,,,,9.739710701904444,,,,,5120.804480250497,,,,,,,,,1,,,,,3.811106632565353e-06,,,,,,,,,901.1051549652508,,,,,,,-0.9973353068526601,,True
2026-02-03 12:38:02+00:00,-10.098081423049331,,,9.756539193036852,,,-12.236688005191189,,2739.8378858735823,0.6165330229701979,,,,,,,,1,,,,,5.903713915006638e-06,,,,,,,,,1058.022849282272,4.9876074235304085e-06,,,502.4233583178628,,,-0.9986156944898652,,True
2026-02-03 12:38:03+00:00,-10.144231263672868,,,9.728585328158378,,,-12.22591337970571,,5907.680691620879,0.6095521279797714,,,,,,,,1,,,,,6.190662075633146e-06,,,,,,,,,1036.7471264409833,7.034333857194924e-06,,,2687.7153192799083,,,,,True
2026-02-03 12:38:04+00:00,-10.145776882854754,,,9.728292274351515,,,-12.250398424801272,,,0.5789811954223251,,-0.6330885193346358,,,,,,1,,,,,4.789657233853405e-06,,,,,,,,,,1.100475316878643e-09,,,2295.4769776085486,,,,,True
2026-02-03 12:38:05+00:00,-10.189477496922123,,,9.732805460241686,,,-12.22466913907701,,,0.5909223452031221,,-0.5227592964618198,,,,,,1,,,,,,1481.2271065325003,,,,,,,,,8.824137375193689e-07,,,1705.10227167941,,,,,
2026-02-03 12:38:06+00:00,-10.196373759493742,,,9.724549670738744,,2.3160763930775543,-12.226087665311562,,,0.6527269918106917,,-0.3788805571878755,,,,,,,,,,,,2965.5013342907464,,,,,,,,,8.639836057597168e-06,,8.749718806015442e-06,1985.6313769367987,3.72293644301281e-06,,,,
2026-02-03 12:38:07+00:00,,,,9.780900956243102,,0.0,,,,,,-0.5510438399881558,,,,,,,-20.0,,,,,5092.0221337390285,,,,354.974432427127,,,,,,,1.150526603910426e-05,,2.243694185523904e-07,-0.5179474408212089,,,
2026-02-03 12:38:08+00:00,,60.9735728991413,,9.750274242256886,,0.0,,,,,,-0.6708137642426923,,-11.762815946314022,,0.6823168340807647,,,-20.0,,,,,6353.831168139344,1.276099876015032e-05,,,308.38767825097153,,,,,,,8.960891343818918e-06,,1.0683184070933328e-05,-0.6158040029756446,,,
2026-02-03 12:38:09+00:00,,60.83420242810972,,9.757917793733748,,0.0,,,,,,,354.3465465425254,-12.462875128771143,249.20903826587417,0.0780277904037152,,,-20.0,,,,,407.7928786063491,7.21879608472249e-06,,,2087.919689626988,,,,,,,3.405971228507489e-06,,3.826146658878434e-06,-0.578890110894484,,,
2026-02-03 12:38:10+00:00,,60.761568881371694,69193.64178965062,9.770809930210666,,21.068267779555736,,2.0437051324099323e-05,,,,,361.68420742927685,-12.11699177414586,234.98289048484816,0.2791047490559274,,,-5.2522125543109865,,,,,,6.7695493844158726e-06,,,696.6594860579116,,,,,,,1.0059267574126548e-05,,1.8880613197229163e-06,-0.7845828342895611,,,
2026-02-03 12:38:11+00:00,,60.778099707848,69195.98548054646,9.772237112352334,,,,1.470838891915545e-05,,,,,352.5497663836831,-12.35409084743015,322.74121578819256,0.379447471780889,,,-20.0,,,,,,9.175105150849118e-07,487.9055961376917,,1686.2000213143117,,,,,,,,,,-0.8577525325419835,,False,
2026-02-03 12:38:12+00:00,,60.82796049113646,69199.35271290038,9.767975848253776,,,,1.565013037211398e-05,,,,,337.51055057501065,-12.480974638553908,315.7081949411232,0.0536418093299578,,,,,,,,,7.989864641784634e-06,652.1932514514609,,,,,,,,1138.5101129752156,,,,,,True,
2026-02-03 12:38:13+00:00,,,69205.97096948508,9.805426477539406,,,,6.273404717963555e-05,,,0.8053886729149451,,341.9898134638512,,85.64441038881296,,6.397890731559303e-06,,,,11.87733527437202,,,,,1275.227348126569,,,2.147754934469972e-05,,,,,2077.8974927987742,,,,,,False,
2026-02-03 12:38:14+00:00,,,69210.02237220344,9.787918188888993,,,,1.5886606294066564e-05,,,0.7626139036869312,,,,,,1.623083273427914e-06,,,1.9918945496968703,11.885679432775538,,,,,736.9759040037354,,,4.373268333283265e-06,,1.1711761964661624e-05,,,2627.469561222764,,,,,,False,
2026-02-03 12:38:15+00:00,,,,9.74498031088664,276.65884207026977,,,,,,0.8086011898344256,,,,,,9.463287993735972e-07,,,1.992629034296104,11.856041038785282,,,,,1285.7077906875495,3.0580902252462943e-06,,1.7761588519374183e-06,1046.980084677774,2.746730295775616e-06,,,138.14978089071505,,,,,,False,
2026-02-03 12:38:16+00:00,,,,9.81541701835148,279.3002622243982,,,,,,0.805403616932767,,,,,,5.997985045531561e-06,,,2.003701936196033,11.93845005272414,7040.724484924157,,,,,3.161880405337343e-05,,4.67442638976209e-06,4723.325070334006,2.0819170304150577e-06,,,2491.510458558253,,,,,,,
2026-02-03 12:38:17+00:00,,,,9.89655856855182,258.84694482768623,,,,,,0.7945822574075696,,,,,,7.337093847209483e-07,,,2.0284257194811013,12.043261329923386,382.2212000840065,,,,,2.615937819116085e-07,,3.2007547480246657e-06,948.6271008676114,4.681050274537772e-06,,,,,,,,,,
2026-02-03 12:38:18+00:00,,,,9.822960175147404,246.9304803899496,,,,,,,,,,,,,,,1.955467373737252,,2384.323935926057,,,,,7.543422294382295e-06,,,777.7090159571563,4.107704804580153e-06,,,,,,,,-0.3918477315612075,,
2026-02-03 12:38:19+00:00,,,,9.75850882324232,250.1564424358953,,,,14313.269808610296,,,,,,,,,,,,,6267.282688483936,,,,,7.144089404081696e-06,,,8005.375443446384,,439.0837705951421,,,,,,,-0.3394531014055372,,
2026-02-03 12:38:20+00:00,,,,9.771386537223316,,,,,4399.370052950076,,,,,,,,,,,,,236.02202318551417,8.673616050438905e-07,,,,,,,,,28.965450377601112,,,,,,,-0.07973197733700647,,True
2026-02-03 12:38:21+00:00,,,,9.751895622382326,,,,,5611.399604484092,,,,,,,,,1,,,,,2.5189069793580694e-06,,,,,,,,,503.8866233927351,,,,,,,-0.06663084914999139,,True
2026-02-03 12:38:22+00:00,-10.258307607206069,,,9.742515675645818,,,-12.249300887925251,,2584.1714801985427,0.5887023375837058,,,,,,,,1,,,,,6.990456424676938e-07,,,,,,,,,77.13050205095864,3.373363169031625e-06,,,1589.5592111377855,,,-0.16316987235412206,,True
2026-02-03 12:38:23+00:00,-10.273040883319927,,,9.71340600363108,,,-12.230772046568944,,18160.218849432986,0.5964137265438205,,,,,,,,1,,,,,8.893456377150063e-06,,,,,,,,,4571.384483793749,2.038257231915311e-06,,,6280.422843329246,,,,,True
2026-02-03 12:38:24+00:00,-10.2525244529357,,,9.65059064580778,,,-12.231309252386644,,,0.5956517750293485,,-0.4725056480839823,,,,,,1,,,,,1.5035007610974065e-06,,,,,,,,,,1.7039015238776657e-06,,,3478.262449536096,,,,,True
2026-02-03 12:38:25+00:00,-10.207417037901472,,,9.68756641635244,,,-12.229762067812867,,,0.715702937171728,,-0.1950993765379319,,,,,,1,,,,,,4955.145247347201,,,,,,,,,1.1173025062635957e-05,,,13467.29972089796,,,,,
2026-02-03 12:38:26+00:00,-10.20068766599537,,,9.634721727432416,,0.0,-12.245478195492876,,,0.6067579767889623,,-0.6109102901252584,,,,,,,,,,,,120.30562235994,,,,,,,,,3.4022497829482968e-06,,2.527722858953206e-06,1345.282815512779,2.9492225766947887e-06,,,,
2026-02-03 12:38:27+00:00,,,,9.601077868976,,3.122328570496803,,,,,,-0.4817048439066176,,,,,,,-17.81437000065224,,,,,14.192880862861792,,,,2534.191630884679,,,,,,,7.803421167167236e-06,,1.2044455736963702e-06,-0.933749027913963,,,
2026-02-03 12:38:28+00:00,,59.525151005573065,,9.64095637295682,,39.612415232931845,,,,,,-0.0884613428905321,,-12.610113136996652,,0.3030028410493937,,,7.728690663052291,,,,,1191.127566089532,3.7221309759701417e-06,,,297.1364987642597,,,,,,,1.8785418974137664e-06,,5.081312341183861e-06,-0.8789807948135705,,,
2026-02-03 12:38:29+00:00,,59.49541523731346,,9.62260395581152,,0.0,,,,,,,336.17353698782324,-11.4771038174531,10.0,0.319658116133984,,,-20.0,,,,,10253.72390618593,4.256652670949957e-06,,,4365.194879234256,,,,,,,6.278880261797587e-06,,3.198940079463339e-05,-0.8485290209441273,,,
2026-02-03 12:38:30+00:00,,59.5728840153188,69224.50266708857,9.601982573456032,,37.36201176448675,,3.150936393968641e-05,,,,,345.2491656747651,-11.925031073822796,185.8401587248073,0.2578738222174108,,,6.153408235140724,,,,,,2.6890509601070592e-05,,,260.87952540360544,,,,,,,1.679113027772444e-05,,9.637039018918075e-06,-0.9180918263183345,,,
2026-02-03 12:38:31+00:00,,59.7176845764532,69213.31899621243,9.6417403390433,,,,1.389008755049013e-05,,,,,341.2647836531451,-12.634980642236473,402.25952762937857,0.4375294753586078,,,-20.0,,,,,,5.435565002461284e-06,290.6974549302776,,1620.2354349663383,,,,,,,,,,-0.9449516132040845,,False,
2026-02-03 12:38:32+00:00,,59.80391365755304,69213.18979881467,9.654562377873315,,,,5.369865509866245e-05,,,,,341.80914619243606,-11.423663252619416,161.50888803654644,0.0380877390871907,,,,,,,,,2.3146883790250417e-05,7360.843969695072,,,,,,,,395.5167529715732,,,,,,False,
2026-02-03 12:38:33+00:00,,,69211.74092311911,9.64527082230947,,,,9.80593757639484e-06,,,0.7869524331969936,,335.9070298185701,,456.9532355293125,,1.016657567946537e-06,,,,11.53141515634295,,,,,563.4734434053047,,,1.1754478636202486e-06,,,,,1107.070566175484,,,,,,True,
2026-02-03 12:38:34+00:00,,,69212.59337340468,9.662393546987008,,,,1.885007591605436e-05,,,0.7759360093956371,,,,,,1.950870229450788e-06,,,1.9199921136846607,11.56110668989392,,,,,1676.5776515882585,,,4.1830018710219513e-07,,3.919568577824349e-06,,,144.95331633981388,,,,,,False,
2026-02-03 12:38:35+00:00,,,,9.623748389807767,270.08695340680816,,,,,,0.7632233946792165,,,,,,1.196123031826796e-06,,,1.927263372783392,11.469828407335196,,,,,1650.15996271046,6.637819416631142e-06,,9.67290715009598e-07,2378.141238676614,4.711848835875782e-06,,,1.6318665775460384,,,,,,False,
2026-02-03 12:38:36+00:00,,,,9.634625153073928,263.078075737773,,,,,,0.7425418004561252,,,,,,1.3820521533205086e-06,,,1.8429021977236524,11.453495891358292,1737.7033493420445,,,,,2.2398876935462427e-06,,7.355513904829978e-06,496.2082847339461,3.2908777788359624e-06,,,68.15579281667598,,,,,,,
2026-02-03 12:38:37+00:00,,,,9.621896481364704,256.8217350775937,,,,,,0.7522409381845003,,,,,,1.0433834476098409e-06,,,1.867495237159352,11.457481475040264,29.628157854631567,,,,,1.0798378686817249e-06,,1.9899277519051896e-06,99.47815924069556,5.562269480136623e-06,,,,,,,,,,
2026-02-03 12:38:38+00:00,,,,9.62731540398736,235.1054790426856,,,,,,,,,,,,,,,1.876555193333944,,211.2366796167909,,,,,1.041018939542934e-05,,,3256.587480321381,6.817268836909305e-07,,,,,,,,-0.572067441891661,,
2026-02-03 12:38:39+00:00,,,,9.6020551604765,254.20126483847,,,,9934.975614514067,,,,,,,,,,,,,4487.590921267321,,,,,2.0009866914949485e-05,,,2230.259916780049,,4518.216111382527,,,,,,,-0.27225900543872683,,
2026-02-03 12:38:40+00:00,,,,9.526515738422798,,,,,1880.926324868491,,,,,,,,,,,,,268.2489732611437,2.5647805217233707e-06,,,,,,,,,829.5955597171567,,,,,,,0.2323930302730426,,True
2026-02-03 12:38:41+00:00,,,,9.572614901905093,,,,,4421.498767575263,,,,,,,,,1,,,,,7.785765021244608e-06,,,,,,,,,1899.5791726874672,,,,,,,0.1660653214134811,,True
2026-02-03 12:38:42+00:00,-10.373321165418297,,,9.583556545360926,,,-12.181267100649237,,5962.443931476228,0.5395389603206242,,,,,,,,1,,,,,5.131256521959925e-06,,,,,,,,,468.5431791424077,1.100698139400615e-05,,,1580.97523529662,,,-0.020950521305566346,,True
2026-02-03 12:38:43+00:00,-10.375342316597376,,,9.507883532496,,,-12.17139409554636,,2792.475567136785,0.6353826433575896,,,,,,,,1,,,,,8.442639334598236e-08,,,,,,,,,1131.686352498402,5.749860063957819e-06,,,104.95192488182812,,,,,True
2026-02-03 12:38:44+00:00,-10.412944401021385,,,9.51937669288676,,,-12.136950208548312,,,0.6569919526266327,,0.0275090732954874,,,,,,1,,,,,1.0380846767930765e-06,,,,,,,,,,4.632718013157899e-07,,,114.61518185037492,,,,,False
2026-02-03 12:38:45+00:00,-10.412365465924331,,,9.59474092029922,,,-12.137979765991954,,,0.5794498842202124,,-0.4798782992701902,,,,,,1,,,,,,555.70677621025,,,,,,,,,1.7443051130481534e-05,,,4045.650960298503,,,,,
2026-02-03 12:38:46+00:00,-10.433037217393505,,,9.6461258378313,,0.0,-12.107070753386765,,,0.6390454907828703,,-0.5362936414623513,,,,,,,,,,,,706.9183964879732,,,,,,,,,1.9485703814834456e-06,,1.158707824732217e-06,672.2171438983086,4.0413085607602725e-06,,,,
2026-02-03 12:38:47+00:00,,,,9.665684503858005,,33.188024629206225,,,,,,-0.9422965705969852,,,,,,,3.2316172404443577,,,,,527.7134058392953,,,,1617.720242246006,,,,,,,4.56283639652853e-06,,1.7057422638524537e-06,-0.9779994114146441,,,
2026-02-03 12:38:48+00:00,,60.18002694960708,,9.648347778939952,,0.0,,,,,,-0.2087763211853472,,-12.57918563893807,,0.720853770345227,,,-20.0,,,,,6205.61705361302,3.965222598222668e-07,,,3239.8993070683296,,,,,,,1.0405600336393056e-05,,5.021653293597134e-06,-0.9994954295781344,,,
2026-02-03 12:38:49+00:00,,60.2779951273905,,9.64526834249561,,0.0,,,,,,,346.13489084038054,-12.398783786141044,112.91115272382773,0.3499934367249817,,,-20.0,,,,,33.169077260060625,1.6138206571748663e-05,,,4161.917975089481,,,,,,,6.24904889680339e-06,,1.2438619654677523e-05,-0.9613264934236243,,,
2026-02-03 12:38:50+00:00,,60.44426484162189,69228.28507148456,9.6727384421143,,26.642727612442265,,3.357541956434377e-05,,,,,328.9241868787892,-11.427242880524329,125.64561349293987,0.6132419248690455,,,-1.3500906712904168,,,,,,5.609370686961179e-07,,,1364.9630842512686,,,,,,,7.000913814274327e-06,,5.983899214943237e-06,-0.9901782711064157,,,
2026-02-03 12:38:51+00:00,,60.24638661987167,69229.43037202278,9.72471866767937,,,,2.8752882122176582e-05,,,,,336.33751045195373,-12.178962569864034,169.29679400840175,0.1689380098815792,,,-20.0,,,,,,7.646886168406086e-07,784.0068527348354,,1102.5067703552277,,,,,,,,,,-0.8728558500850002,,False,
2026-02-03 12:38:52+00:00,,60.07526992924771,69226.16360978835,9.729389403034684,,,,1.4866736320801992e-05,,,,,358.73368973888483,-12.69676905716937,355.88602276378833,0.300469634007572,,,,,,,,,2.72286211139848e-06,1595.1671268653874,,,,,,,,29.938527185346818,,,,,,False,
2026-02-03 12:38:53+00:00,,,69222.63928780652,9.77845838783483,,,,1.7271865026371582e-05,,,0.7990194176084957,,349.77858799574864,,318.3977916299082,,1.7663177917553075e-06,,,,11.670834123377688,,,,,861.6961154882379,,,2.958804889135487e-06,,,,,672.536474635963,,,,,,False,
2026-02-03 12:38:54+00:00,,,69219.71829006766,9.761480780289192,,,,8.650242185894022e-06,,,0.7843993143417415,,,,,,8.861608582338213e-07,,,1.594912594851328,11.610941313325135,,,,,363.1396665267112,,,2.112471155496747e-06,,8.306196467156775e-07,,,377.2894901830232,,,,,,False,
2026-02-03 12:38:55+00:00,,,,9.819664896265174,306.9091922554898,,,,,,0.7838054530213461,,,,,,1.5414993479033158e-06,,,1.6696338656160807,11.695876577498757,,,,,1824.73880662054,1.5999521191107874e-07,,4.079968915447196e-06,1166.019543387756,4.372353649411768e-06,,,12.636306189253236,,,,,,False,
2026-02-03 12:38:56+00:00,,,,9.796471108785315,300.5284227000258,,,,,,0.7793730563625361,,,,,,1.980497162187565e-06,,,1.6575027228639925,11.627831940970088,2061.250091763329,,,,,2.705158184805917e-06,,1.687533714172736e-06,888.0871968822224,4.507966172377388e-06,,,1068.9493011060963,,,,,,,
2026-02-03 12:38:57+00:00,,,,9.797069118837507,299.8520894853988,,,,,,0.837281234644023,,,,,,1.7772393363783858e-06,,,1.6546165736140803,11.653559617431371,1341.1553635665036,,,,,4.832820780357767e-07,,9.175615549419744e-06,1574.388980727816,1.5018233699074803e-06,,,,,,,,,,
2026-02-03 12:38:58+00:00,,,,9.759200126322442,300.03547803518467,,,,,,,,,,,,,,,1.6721708849040051,,745.0322281165891,,,,,1.6700311974999238e-06,,,105.52954648943953,4.817756783950164e-06,,,,,,,,0.5005361544247869,,
2026-02-03 12:38:59+00:00,,,,9.75152076237066,297.33028984318406,,,,3276.9237002040745,,,,,,,,,,,,,455.0976561432197,,,,,2.328777445665888e-07,,,443.1220075622538,,991.7974557998684,,,,,,,0.45911926452990687,,
2026-02-03 12:39:00+00:00,,,,9.728012245170188,,,,,5497.149594122251,,,,,,,,,,,,,660.5962505215889,2.793140557376019e-06,,,,,,,,,939.0461904447408,,,,,,,0.54977227554818,,True
2026-02-03 12:39:01+00:00,,,,9.744982646466456,,,,,8740.698273331702,,,,,,,,,1,,,,,1.166218896461777e-05,,,,,,,,,5196.490309646241,,,,,,,0.28398732315045416,,True
2026-02-03 12:39:02+00:00,-10.455760445231574,,,9.78468757685685,,,-12.192214386590818,,12040.986649504624,0.6326646735640191,,,,,,,,1,,,,,1.3373312353044395e-05,,,,,,,,,649.7412732896206,4.602918251657383e-06,,,4290.555074484889,,,0.1680279532058709,,True
2026-02-03 12:39:03+00:00,-10.470384109793,,,9.703524876171697,,,-12.206753805795987,,4928.110008995721,0.6546305683703151,,,,,,,,1,,,,,5.407862143376063e-06,,,,,,,,,1414.280998081087,1.9070593884135545e-06,,,1218.4900572746983,,,,,True
2026-02-03 12:39:04+00:00,-10.506744082238386,,,9.64360468238712,,,-12.209136044919358,,,0.5986070460927355,,-0.6069106345764911,,,,,,1,,,,,3.857060430809291e-06,,,,,,,,,,4.050000478805562e-06,,,3535.154058573404,,,,,True
2026-02-03 12:39:05+00:00,-10.48506685641067,,,9.627170512027975,,,-12.205014383113571,,,0.5790507441771398,,-0.5075482406948372,,,,,,1,,,,,,423.4235813728742,,,,,,,,,3.02345308319706e-06,,,185.7240890513412,,,,,
2026-02-03 12:39:06+00:00,-10.44699979889828,,,9.627322284105336,,0.5922807292104998,-12.201336847883836,,,0.595139242504367,,-0.2329235210996537,,,,,,,,,,,,877.7331496691809,,,,,,,,,8.425256243370943e-07,,2.472676330923386e-06,812.2271384883531,1.422225081450129e-06,,,,
2026-02-03 12:39:07+00:00,,,,9.616381978181083,,6.824027088693418,,,,,,-0.7399011531236007,,,,,,,-15.223181037914609,,,,,116.11476339508567,,,,633.9871656200004,,,,,,,1.4416836677091208e-06,,3.5923778984720373e-06,-0.8877678615686274,,,
2026-02-03 12:39:08+00:00,,59.23289571387356,,9.66778094913029,,0.0,,,,,,-0.3846400975938229,,-12.503757231369482,,0.6879359540304684,,,-20.0,,,,,6424.523331195414,8.210388180355856e-06,,,239.4901693992612,,,,,,,1.8540174985371043e-06,,9.150527495606336e-07,-0.9247537919723436,,,
2026-02-03 12:39:09+00:00,,59.21917842640456,,9.681585341557977,,19.062983370649995,,,,,,,344.31825227578264,-12.903920673418806,198.8290379477568,0.0884629590400105,,,-6.655911640545003,,,,,694.4824294913878,6.3279946197561e-06,,,839.1822471981745,,,,,,,2.575465056730032e-06,,5.988149795084245e-06,-0.9821780850697731,,,
2026-02-03 12:39:10+00:00,,59.034660103240384,69216.8459979229,9.712884380569742,,0.0,,1.0196501429710625e-05,,,,,338.7315480341824,-13.28800870263682,434.43983163744525,0.1613095573843627,,,-20.0,,,,,,7.147753975505446e-06,,,224.8056212083885,,,,,,,5.988216292200482e-06,,2.358271230823537e-06,-0.999996159576402,,,
2026-02-03 12:39:11+00:00,,59.092650991392,69217.28845332678,9.716653007332926,,,,4.05790993167864e-05,,,,,354.5234429468246,-11.748609321957645,183.37675299285604,0.3999155559634368,,,-20.0,,,,,,3.726620636564698e-07,100.61039882805208,,3319.8322605214644,,,,,,,,,,-0.9995044505281855,,False,
2026-02-03 12:39:12+00:00,,58.933296744901696,69223.79946332677,9.704497720230307,,,,1.7148472228115646e-05,,,,,338.34226221877725,-12.051242940945972,405.0346732919937,0.0826557846622984,,,,,,,,,7.899717681442734e-06,660.0886072640958,,,,,,,,2019.0317864669537,,,,,,False,
2026-02-03 12:39:13+00:00,,,69221.96390010684,9.736303944120657,,,,6.745920078152257e-06,,,0.7601940490478746,,343.009088569026,,649.10896448696,,6.928625191724662e-07,,,,11.49090260233922,,,,,275.4170866814515,,,2.43229785134272e-06,,,,,1375.2605907389593,,,,,,False,
2026-02-03 12:39:14+00:00,,,69223.27414565082,9.75513167406156,,,,0.000230790299285,,,0.8121030175850106,,,,,,2.365834793380223e-05,,,1.686129626950568,11.503354308746603,,,,,11957.633568165982,,,3.1736126150164834e-05,,5.510901415655665e-05,,,2570.962574603716,,,,,,False,
2026-02-03 12:39:15+00:00,,,,9.803370038084342,267.36896714643257,,,,,,0.7560944120838641,,,,,,4.367504755178129e-06,,,1.6995447507882415,11.571654583238107,,,,,164.99283989512656,1.4617710770672347e-07,,1.2318463759751192e-05,4729.043495315756,4.490311000068261e-06,,,4099.791864756058,,,,,,False,
2026-02-03 12:39:16+00:00,,,,9.825166845023734,265.35291412984543,,,,,,0.8422148268263024,,,,,,1.950035215465395e-06,,,1.7060204856479595,11.583708107171804,1410.5795367184253,,,,,1.1043062435586175e-05,,1.8061115929802304e-06,1653.631428069754,7.30279392063769e-07,,,1100.9845200483203,,,,,,,
2026-02-03 12:39:17+00:00,,,,9.770773243919525,259.7200813502391,,,,,,0.7686585257749697,,,,,,2.1592106126786766e-06,,,1.6884349615043035,11.486769266910782,6.257900800830321,,,,,4.29930801815334e-06,,4.456741705705437e-06,3721.754344253814,4.718745910864306e-06,,,,,,,,,,
2026-02-03 12:39:18+00:00,,,,9.730215926498586,249.23710958628897,,,,,,,,,,,,,,,1.7048166356703087,,2151.3880487273354,,,,,2.448894344601949e-06,,,2379.329755069772,3.957889022765775e-06,,,,,,,,-0.3545014158997514,,
2026-02-03 12:39:19+00:00,,,,9.720854624276932,264.2714124161839,,,,2549.581137791695,,,,,,,,,,,,,317.125182579834,,,,,4.188135072619536e-07,,,62.11455747266269,,706.2640753328102,,,,,,,-0.09981621781224274,,
2026-02-03 12:39:20+00:00,,,,9.701186621353497,,,,,13565.283510994275,,,,,,,,,,,,,9296.191343720868,1.3921477815940071e-05,,,,,,,,,1482.0331778039074,,,,,,,-0.34194360042220506,,True
2026-02-03 12:39:21+00:00,,,,9.728149763726334,,,,,2576.827575938137,,,,,,,,,1,,,,,7.005364945122931e-07,,,,,,,,,224.11343278027783,,,,,,,-0.5120721244653974,,True
2026-02-03 12:39:22+00:00,-10.543059637731975,,,9.659463593943102,,,-12.227878783613113,,8321.717263313849,0.6840583602831607,,,,,,,,1,,,,,1.0519194995087154e-05,,,,,,,,,455.1342817048306,7.417221917107807e-06,,,6615.408844464596,,,-0.4588325501946573,,True
2026-02-03 12:39:23+00:00,-10.541040691204005,,,9.677686703291192,,,-12.203770533078591,,10839.988798629513,0.6724002080222885,,,,,,,,1,,,,,1.3686253341829694e-06,,,,,,,,,5944.826290545053,4.151036993597494e-06,,,1727.5487150648414,,,,,False
2026-02-03 12:39:24+00:00,-10.546463763471266,,,9.65415633596375,,,-12.213965167285256,,,0.7727420391653519,,-0.4061624692452361,,,,,,1,,,,,5.411736081326195e-07,,,,,,,,,,5.877628445101585e-06,,,268.2232341787117,,,,,True
2026-02-03 12:39:25+00:00,-10.515195677503485,,,9.653694180685823,,,-12.202714266035876,,,0.6686250493216843,,-0.3540628929332816,,,,,,1,,,,,,1137.2523929212675,,,,,,,,,7.724972328132573e-07,,,1267.3354996934968,,,,,
2026-02-03 12:39:26+00:00,-10.488743221276426,,,9.650066996576305,,0.0,-12.188119210167478,,,0.6090952630674967,,-0.3926199550517391,,,,,,,,,,,,953.952577458733,,,,,,,,,3.843717883301745e-06,,3.8860007602725e-06,1236.3514948627292,5.615000660583678e-06,,,,
2026-02-03 12:39:27+00:00,,,,9.597165018159115,,18.76122646224698,,,,,,-0.2741912242566885,,,,,,,-6.867141476427115,,,,,563.6668241020299,,,,300.7915574467644,,,,,,,3.801268186566037e-06,,2.298779982889902e-06,-0.9216620889601227,,,
2026-02-03 12:39:28+00:00,,58.00344919750902,,9.57696043891632,,94.10398732578284,,,,,,-0.5070535581952126,,-12.501171221712896,,0.0649742572025794,,,45.87279112804799,,,,,5685.193082773594,1.864798793892004e-05,,,741.092452351886,,,,,,,1.3516570659332987e-05,,2.772246578598837e-05,-0.9848743781331403,,,
2026-02-03 12:39:29+00:00,,57.87646348252618,,9.595436420352891,,5.610609891300317,,,,,,,328.4597314430529,-12.262109017406406,479.41728062584,0.7846706291706528,,,-16.07257307608978,,,,,399.2697959671689,7.803752640124671e-07,,,643.6877320227759,,,,,,,1.884747744003562e-06,,1.373089000331756e-06,-0.9737510151230679,,,
2026-02-03 12:39:30+00:00,,57.86048036204946,69227.40927621153,9.59707952413208,,42.506765583987935,,1.2328082224871856e-05,,,,,340.33353188928504,-12.443226018046836,415.9027272817111,0.3238352149274816,,,9.754735908791552,,,,,,3.839930993121491e-06,,,1392.327233623565,,,,,,,4.173354968877381e-06,,6.882451048023935e-07,-0.9944158353710106,,,
2026-02-03 12:39:31+00:00,,58.17330998464226,69226.03347849484,9.618808091900911,,,,7.886795433927098e-06,,,,,354.50026614866266,-11.37795223646355,514.719684610736,0.1671802909021152,,,-5.617941237253648,,,,,,5.840299695295272e-06,94.3472789559645,,420.0382982007658,,,,,,,,,,-0.997214686132221,,False,
2026-02-03 12:39:32+00:00,,58.13143629822361,69225.70777238865,9.642918099849089,,,,0.0001882746529721,,,,,343.5911527235963,-12.144541216770076,10.0,0.0082131979349719,,,,,,,,,3.79747304439896e-05,7107.564248777619,,,,,,,,14440.72500603765,,,,,,False,
2026-02-03 12:39:33+00:00,,,69225.534452604,9.608399386947454,,,,1.8307905016532323e-05,,,0.7549432503149086,,339.16845640911924,,445.3723757893159,,1.9054063303616133e-06,,,,11.169579508803126,,,,,1378.5528740491814,,,9.1319891984454e-06,,,,,469.9146848763372,,,,,,False,
2026-02-03 12:39:34+00:00,,,69230.56813630478,9.64473852685042,,,,6.91067130651725e-05,,,0.7904208174303006,,,,,,7.165224113933541e-06,,,1.7462054361279056,11.204881045264118,,,,,5047.438221834522,,,2.4678646941507465e-05,,2.3777495870167528e-05,,,888.5683547605914,,,,,,False,
2026-02-03 12:39:35+00:00,,,,9.606109929911764,291.55149517736965,,,,,,0.6901467298489072,,,,,,4.386360785818577e-06,,,1.7455180483310988,11.176415149726935,,,,,4527.85462753412,5.517099850005724e-06,,1.0431013956019118e-05,6205.327741340017,4.533067869279508e-06,,,395.93345788308136,,,,,,False,
2026-02-03 12:39:36+00:00,,,,9.643622707330673,291.81528794423343,,,,,,0.7822462709735558,,,,,,8.867454196202956e-06,,,1.7556083418184398,11.272481399492865,12127.28557016162,,,,,3.2804812231307765e-05,,5.224697132893357e-06,11147.444450471048,3.8888357111035016e-05,,,7136.632047121314,,,,,,,
2026-02-03 12:39:37+00:00,,,,9.62197536493667,319.4400088253944,,,,,,0.7801342002233222,,,,,,5.343921793740608e-06,,,1.760811255910241,11.255169138018609,6692.693447569613,,,,,1.882007544780742e-05,,1.7406899243876996e-05,9023.205182546935,1.903230612359244e-05,,,,,,,,,,
2026-02-03 12:39:38+00:00,,,,9.589616181355478,320.95173542348834,,,,,,,,,,,,,,,1.7970444165155572,,6653.121760751642,,,,,4.5686071512562323e-08,,,2056.783144163123,6.592074867581424e-06,,,,,,,,0.7766155615391067,,
2026-02-03 12:39:39+00:00,,,,9.579352768178468,325.9719032989232,,,,5587.4753853257125,,,,,,,,,,,,,1631.2853698092372,,,,,5.150875309242207e-07,,,655.7179200285465,,2057.415950079378,,,,,,,0.8287632559016863,,
2026-02-03 12:39:40+00:00,,,,9.611898166193054,,,,,11978.359692002829,,,,,,,,,,,,,5961.952609828896,2.057514769406104e-05,,,,,,,,,1494.9443297539046,,,,,,,0.9991045004085862,,True
2026-02-03 12:39:41+00:00,,,,9.62122450674552,,,,,2506.419539217742,,,,,,,,,1,,,,,1.9241284344109384e-06,,,,,,,,,1247.5803949856972,,,,,,,0.9882841557583513,,True
2026-02-03 12:39:42+00:00,-10.320259458997771,,,9.605335246801838,,,-12.241599206338105,,5931.246067189024,0.7744309401291334,,,,,,,,1,,,,,5.018678308802016e-07,,,,,,,,,592.0275659519485,6.7428662237100654e-06,,,1290.9061425387513,,,0.9997466171515207,,True
2026-02-03 12:39:43+00:00,-10.318865211151214,,,9.603907879476656,,,-12.259490912640365,,3159.368747923017,0.6289980270463648,,,,,,,,1,,,,,2.7523673677564576e-06,,,,,,,,,460.17132387797,1.1003249107348532e-05,,,1964.4501779068112,,,,,False
2026-02-03 12:39:44+00:00,-10.332649551441389,,,9.601953130060842,,,-12.283128902485428,,,0.5309122244028452,,-0.5769539587153266,,,,,,1,,,,,7.097947022952871e-07,,,,,,,,,,3.6455542013603126e-06,,,290.8265775822713,,,,,True
2026-02-03 12:39:45+00:00,-10.321977481726597,,,9.611406224347842,,,-12.288741616629215,,,0.6126058889660042,,-1.1253714062457492,,,,,,1,,,,,,1585.794727912656,,,,,,,,,7.404070785375257e-06,,,1233.292698060494,,,,,
2026-02-03 12:39:46+00:00,-10.347368359750886,,,9.601389703563584,,45.5449433138532,-12.29334033027058,,,0.6434110153426661,,-0.6557881664457604,,,,,,,,,,,,5048.38375047884,,,,,,,,,3.045898690851252e-06,,1.5596741304275066e-05,1575.5322516189638,6.883882177318381e-07,,,,
2026-02-03 12:39:47+00:00,,,,9.654878802532346,,49.45427672309214,,,,,,-0.5875467666447542,,,,,,,14.617993706164498,,,,,608.0204851562689,,,,1571.4180197378737,,,,,,,8.298043030614178e-06,,6.12900871372936e-08,-0.521300887082451,,,
2026-02-03 12:39:48+00:00,,59.51510672486325,,9.657435918736144,,39.60617356442691,,,,,,-0.3500994467805216,,-12.0970090992306,,0.0675836654102397,,,7.724321495098835,,,,,1376.4310247094304,1.5958617128519946e-05,,,1517.6241740704168,,,,,,,7.603860558805174e-06,,5.337201603873577e-06,-0.4962728798783456,,,
2026-02-03 12:39:49+00:00,,59.47378597726351,,9.674323544620108,,0.0,,,,,,,348.58383112917454,-12.294363857067204,313.1665837730523,0.7323323416107796,,,-20.0,,,,,498.8839602663674,6.6671472519963535e-06,,,1631.4798721160068,,,,,,,6.923194609660724e-07,,4.167442215567463e-06,-0.3562930672142119,,,
2026-02-03 12:39:50+00:00,,59.5525144655997,69230.66059192744,9.698518864182368,,59.81178676756088,,9.808591785632012e-06,,,,,323.7447734822591,-12.002967740393782,544.2611060795944,0.2733591961509159,,,21.86825073729261,,,,,,6.464855562706316e-08,,,205.3936107306401,,,,,,,6.237781364366835e-06,,1.5770724235348843e-08,-0.3711692518396104,,,
2026-02-03 12:39:51+00:00,,59.70927653646256,69226.14521249288,9.701536601891055,,,,1.9037022600953956e-05,,,,,351.8218338923879,-11.640531125272467,294.6042499513269,0.4662261395437899,,,-13.049956473815104,,,,,,4.706492425665062e-06,4474.286767866063,,63.95574175308917,,,,,,,,,,-0.29697736629270843,,True,
2026-02-03 12:39:52+00:00,,59.68824864843224,69226.28243294332,9.77348948798457,,,,3.26859880340997e-05,,,,,361.15922468318513,-11.995494229907097,315.38516316730875,0.2321440466842456,,,,,,,,,7.735591404598777e-06,997.289728414846,,,,,,,,1417.6296314764415,,,,,,False,
2026-02-03 12:39:53+00:00,,,69223.91295332619,9.819336059936356,,,,1.86342914362742e-05,,,0.74323259657608,,348.7756317795057,,362.7838517995348,,1.8977139923241387e-06,,,,11.71330134350248,,,,,434.70333045411286,,,1.2886358513292169e-06,,,,,2199.7278123072283,,,,,,False,
2026-02-03 12:39:54+00:00,,,69223.32198767278,9.82294692802497,,,,5.831232110821717e-05,,,0.794456585383121,,,,,,5.9363367770878925e-06,,,1.781121115774017,11.722234114522887,,,,,2575.4750965215267,,,3.700415066823458e-06,,3.9773325130232646e-05,,,9400.303998042384,,,,,,True,
2026-02-03 12:39:55+00:00,,,,9.751353218466042,353.8699517995761,,,,,,0.7801821125449118,,,,,,3.681697176789144e-06,,,1.7398915141505356,11.625963818432597,,,,,1713.8500466198232,8.085526285702169e-06,,7.556616313543023e-06,3048.2622304209053,2.0328514228471063e-05,,,5983.874802191384,,,,,,False,
2026-02-03 12:39:56+00:00,,,,9.7352202158274,16.353413191949073,,,,,,0.7356869390771853,,,,,,1.197044988717961e-06,,,1.7419854899174847,11.639703055810896,0.7886791259443867,,,,,1.3747272105376143e-06,,4.716252897492322e-06,809.0439757310172,4.398305229421646e-06,,,387.6867692006976,,,,,,,
2026-02-03 12:39:57+00:00,,,,9.739818979036082,14.791403669588265,,,,,,0.7722627498716137,,,,,,1.1448513342090832e-06,,,1.6959525241893998,11.629504937669376,627.7358139422231,,,,,4.71621639835292e-08,,7.530970168438983e-06,1196.104515755079,3.6096705386499152e-06,,,,,,,,,,
2026-02-03 12:39:58+00:00,,,,9.73247153447015,25.689590347648185,,,,,,,,,,,,,,,1.6478518300301666,,140.63616639589853,,,,,1.0085807383143267e-06,,,605.411655197483,2.6583583134124984e-06,,,,,,,,0.9011557948066415,,
2026-02-03 12:39:59+00:00,,,,9.729732398248968,7.431209058701317,,,,16120.023547350076,,,,,,,,,,,,,7599.925438736782,,,,,1.2559517944005128e-05,,,416.9160523965049,,3734.4489753606495,,,,,,,0.9916008602041871,,
2026-02-03 12:40:00+00:00,,,,9.76746506137635,,,,,2087.4031391068675,,,,,,,,,,,,,885.5288777398347,1.4624962031682911e-06,,,,,,,,,815.6904631388893,,,,,,,0.9592286359148318,,True
2026-02-03 12:40:01+00:00,,,,9.804571332891603,,,,,3754.0631521913338,,,,,,,,,1,,,,,6.426888292225212e-06,,,,,,,,,569.9370928668937,,,,,,,0.9999521855076748,,True
2026-02-03 12:40:02+00:00,-10.51159785614501,,,9.820261762590158,,,-12.10942213502723,,9634.764168201007,0.6976368215316896,,,,,,,,1,,,,,3.5124626603656445e-06,,,,,,,,,2712.9262349538376,2.2988890703134282e-07,,,4602.700590751325,,,0.9908212843402336,,True
2026-02-03 12:40:03+00:00,-10.501978708505824,,,9.80570530362048,,,-12.096025396557543,,6082.856419590301,0.6704525943999224,,,,,,,,1,,,,,8.352987050136088e-07,,,,,,,,,301.2808764283316,3.877052064537531e-07,,,289.9457964892035,,,,,True
2026-02-03 12:40:04+00:00,-10.533486229886408,,,9.754164934375533,,,-12.090002083230615,,,0.54517119934674,,-0.1824081714024946,,,,,,1,,,,,2.3049190611141247e-06,,,,,,,,,,1.3862176882003828e-05,,,3221.875202261923,,,,,False
2026-02-03 12:40:05+00:00,-10.506951708023148,,,9.769809725200584,,,-12.111958647491493,,,0.5676100346491042,,-0.4966747171861998,,,,,,1,,,,,,976.0632303188604,,,,,,,,,3.426720970116704e-07,,,1168.3014157449657,,,,,
2026-02-03 12:40:06+00:00,-10.53464774160654,,,9.79177899952697,,0.0,-12.118962796408898,,,0.6215391963880847,,-0.7296096677182646,,,,,,,,,,,,710.6849429213428,,,,,,,,,4.59912433663909e-06,,4.690167943459063e-06,907.9912048803308,1.5227964598544627e-06,,,,
2026-02-03 12:40:07+00:00,,,,9.78371345728481,,0.0,,,,,,-0.7638875555878064,,,,,,,-20.0,,,,,3570.8950086126915,,,,1886.9774385798432,,,,,,,4.559318957503424e-06,,5.745409156385691e-06,0.08422976051037641,,,
2026-02-03 12:40:08+00:00,,61.31556745538776,,9.751940646465252,,20.300274291081102,,,,,,-0.3590084187938629,,-12.07006522784857,,0.7042027433321957,,,-5.78980799624323,,,,,797.3971939549916,3.290853821045426e-06,,,1939.379425599308,,,,,,,4.784437794416658e-06,,1.0551388538128831e-05,-0.1068995306928171,,,
2026-02-03 12:40:09+00:00,,61.36130199305075,,9.767754948765974,,0.0,,,,,,,348.911632908081,-12.195484362799307,396.7070886877413,0.1132805298586417,,,-20.0,,,,,735.7271255507355,3.4066603734679104e-06,,,1677.388373033657,,,,,,,5.711092826849468e-07,,2.150581231722389e-09,0.20876072722237218,,,
2026-02-03 12:40:10+00:00,,61.52961917270516,69240.66347265721,9.800614097668364,,36.83785772286173,,5.62970333402488e-05,,,,,355.6915332472603,-12.890242316047791,106.42151425929436,0.007057909293694,,,5.786500406003206,,,,,,8.592792061015185e-06,,,6747.46266418821,,,,,,,5.854994513371265e-06,,3.110908318417483e-05,0.345660430500956,,,
2026-02-03 12:40:11+00:00,,61.29647255966498,69241.96920892803,9.846728866273894,,,,1.5573045978386153e-05,,,,,342.2543294350792,-12.00992414040721,356.89129623132214,0.1765847039689548,,,-20.0,,,,,,4.4979106180636655e-06,1155.7685148477574,,997.2077648155748,,,,,,,,,,0.4002505513794751,,False,
2026-02-03 12:40:12+00:00,,61.279914330436206,69243.83108161863,9.84465484064356,,,,7.694554058840744e-05,,,,,350.4509539253156,-11.694687339317507,53.30533810742547,0.2061698726147846,,,,,,,,,2.2450932118760328e-05,1311.2836400272895,,,,,,,,5783.143951999565,,,,,,False,
2026-02-03 12:40:13+00:00,,,69244.24418906853,9.851177952489731,,,,3.915947651108401e-05,,,0.7641002641572745,,349.7934938005981,,72.80399033685228,,3.975105992394245e-06,,,,12.127104364190034,,,,,2779.053965710385,,,1.5086929359900054e-05,,,,,2304.944042949921,,,,,,False,
2026-02-03 12:40:14+00:00,,,69246.04828308722,9.874560642621864,,,,1.8315397548118675e-05,,,0.7572518417696219,,,,,,1.8548063261734775e-06,,,1.5292515832670524,12.15126837157703,,,,,849.0849624686076,,,4.213823478289485e-07,,4.443268721487914e-06,,,886.9175734697981,,,,,,False,
2026-02-03 12:40:15+00:00,,,,9.906433938157058,5.194493372060851,,,,,,0.7878496109747704,,,,,,3.1744658596520474e-06,,,1.501553764371443,12.12587835089308,,,,,867.5593964108622,1.2440016514377849e-05,,4.256522467913168e-06,3619.395973713746,1.1128139657401248e-05,,,2983.0456906339077,,,,,,False,
2026-02-03 12:40:16+00:00,,,,9.942195338590322,6.933273017213721,,,,,,0.7964691803942068,,,,,,2.6501303346605e-06,,,1.4759298063321074,12.14377722836257,4960.016794514332,,,,,1.2620409015523885e-06,,3.2039676919600013e-06,6153.354733278619,2.0027651400063408e-06,,,506.451352172312,,,,,,,
2026-02-03 12:40:17+00:00,,,,9.97725796076244,13.168724188437436,,,,,,0.800885966656384,,,,,,1.3154987666579266e-06,,,1.4364635079488473,12.152396680618493,307.15365502252075,,,,,2.457925023866262e-06,,1.3187874907604688e-06,321.20900955720043,5.3107364554166695e-06,,,,,,,,,,
2026-02-03 12:40:18+00:00,,,,9.979159082349383,17.97524998232082,,,,,,,,,,,,,,,1.401345102911009,,1150.4799669334488,,,,,3.774758241652901e-06,,,558.8479380595471,1.499233371079568e-05,,,,,,,,0.951189913412894,,
2026-02-03 12:40:19+00:00,,,,10.01492895927644,28.3952437902836,,,,7710.842134659131,,,,,,,,,,,,,112.30686728346504,,,,,5.565075411365015e-07,,,720.7384034732971,,52.20570634328062,,,,,,,0.8796880521240705,,
2026-02-03 12:40:20+00:00,,,,10.045653154331893,,,,,5163.541488398622,,,,,,,,,,,,,1191.2287036945224,5.50599612716911e-06,,,,,,,,,498.092143107037,,,,,,,0.7628325666689885,,True
2026-02-03 12:40:21+00:00,,,,10.04087384082345,,,,,7099.45346356494,,,,,,,,,1,,,,,3.2442870111582867e-06,,,,,,,,,1727.6695407626555,,,,,,,0.5559144527893068,,True
2026-02-03 12:40:22+00:00,-10.519258006947528,,,10.082465832606918,,,-11.971032995251727,,13133.9379641571,0.6842251166279714,,,,,,,,1,,,,,1.798935595529304e-05,,,,,,,,,3126.2860074258324,1.7185490089088465e-05,,,5788.767964058796,,,0.80448551432367,,True
2026-02-03 12:40:23+00:00,-10.501883136360068,,,10.11497593277222,,,-11.960883850480696,,19794.82494957904,0.7486781274594224,,,,,,,,1,,,,,3.772985088458306e-05,,,,,,,,,8211.04489230127,2.830945978725728e-06,,,7268.194223176043,,,,,True
2026-02-03 12:40:24+00:00,-10.500603120101436,,,10.08222274331271,,,-11.971559158635518,,,0.6932318449786521,,-0.800771803077426,,,,,,1,,,,,7.992648124321802e-06,,,,,,,,,,1.6552241587749837e-06,,,2324.712809826738,,,,,True
2026-02-03 12:40:25+00:00,-10.517538185254848,,,10.034114283207431,,,-11.997961757884992,,,0.6529928479545004,,-0.5351956107505177,,,,,,1,,,,,,1623.9845837124892,,,,,,,,,8.370171270308235e-06,,,974.4445571586002,,,,,
2026-02-03 12:40:26+00:00,-10.511199639802676,,,10.069952062516917,,0.3728721426900419,-12.012517121581745,,,0.6656568196704125,,-0.2888622328362633,,,,,,,,,,,,329.6226078663264,,,,,,,,,2.0047867076388136e-06,,7.617639098562074e-06,1959.8363178101763,1.0615824884225224e-06,,,,
2026-02-03 12:40:27+00:00,,,,10.04857189049168,,24.78828675217487,,,,,,-0.4650734278256055,,,,,,,-2.6481992734775943,,,,,1598.456799674317,,,,4799.987410400848,,,,,,,7.841263827416545e-08,,1.0999052452439186e-05,0.7221105812970563,,,
2026-02-03 12:40:28+00:00,,60.516490521004016,,10.03528917263637,,0.0,,,,,,-0.7027992821571101,,-12.78499846748085,,0.1544190392218955,,,-20.0,,,,,1849.040777455249,1.214167855682181e-05,,,7854.486430230521,,,,,,,6.304153790740126e-06,,1.2865459344760114e-05,0.8854201944756418,,,
2026-02-03 12:40:29+00:00,,60.73573856101012,,10.055117613031465,,0.0,,,,,,,333.62938893054843,-11.770001449835014,45.31662934077575,1.044410462401936,,,-20.0,,,,,2187.0314368070644,8.926083522574662e-06,,,98.7383461524354,,,,,,,2.292632540859616e-05,,1.4502077160072788e-05,0.7615470025664013,,,
2026-02-03 12:40:30+00:00,,61.05003830631348,69214.40219807424,10.05772769269185,,0.0,,2.1406216760867225e-05,,,,,355.3229307780446,-12.490552103873082,192.7994488593476,0.047463622443879,,,-20.0,,,,,,4.0563905409075406e-06,,,2259.478385882281,,,,,,,2.0789208242093724e-06,,5.567582859433666e-06,0.9505097673082098,,,
2026-02-03 12:40:31+00:00,,61.01044067060932,69221.22593562152,9.991762689116191,,,,5.773414679109226e-05,,,,,354.10988454049254,-12.033502978670468,29.521125205161624,0.2234146711112218,,,-20.0,,,,,,2.108016003427324e-06,6795.815911725202,,1678.4608400052684,,,,,,,,,,0.9913321373159107,,False,
2026-02-03 12:40:32+00:00,,60.89689642589465,69223.762110431,10.04334633994552,,,,1.4639676197244862e-05,,,,,349.1943533562811,-12.123088048258186,423.9359422800656,0.7908900917463874,,,,,,,,,8.811386638251479e-06,25.22987261941194,,,,,,,,663.4926288691746,,,,,,False,
2026-02-03 12:40:33+00:00,,,69226.77043918635,10.041168938353898,,,,2.7386607758210232e-05,,,0.8044379703935366,,357.33847716368126,,262.7816949215773,,2.7274322268996563e-06,,,,12.175072812448262,,,,,2018.5486652365232,,,1.5068732123016948e-07,,,,,3400.8050755498266,,,,,,False,
2026-02-03 12:40:34+00:00,,,69220.52965780381,10.026842807793754,,,,1.375051966370912e-05,,,0.7962854724958779,,,,,,1.3713708220319354e-06,,,1.5242071133871058,12.143413443900789,,,,,328.0972005518892,,,6.552075241601413e-06,,3.038205129622784e-06,,,1222.9529012722685,,,,,,False,
2026-02-03 12:40:35+00:00,,,,10.004416156410928,117.95834707452336,,,,,,0.7762557999815297,,,,,,1.0310233865904508e-05,,,1.4887478001181005,12.169883672203992,,,,,5400.15855254623,1.1891638818742927e-06,,6.815021783131366e-05,11768.68289757604,6.954228729117062e-05,,,3520.148646957951,,,,,,False,
2026-02-03 12:40:36+00:00,,,,9.9634120390542,105.78835549476716,,,,,,0.786292288665061,,,,,,7.45140996827696e-06,,,1.4550123050802382,12.115100602677025,1710.7322152315176,,,,,2.826197484650034e-05,,3.7293270791456265e-05,12245.15245515845,5.287312062315047e-05,,,1200.223880863609,,,,,,,
2026-02-03 12:40:37+00:00,,,,9.889584664293515,110.17566905597026,,,,,,0.8184557752450413,,,,,,8.397659115822323e-06,,,1.4738905368886832,12.06626942483679,9999.980919104242,,,,,3.305473283363668e-06,,6.67229089306334e-05,309.9058005933319,8.489196221418784e-06,,,,,,,,,,
2026-02-03 12:40:38+00:00,,,,9.888487790848872,96.65969873365933,,,,,,,,,,,,,,,1.5067294847290904,,8791.696198921882,,,,,2.188778277692941e-06,,,331.0099713052959,1.3928326117851409e-05,,,,,,,,-0.11597212220011759,,
2026-02-03 12:40:39+00:00,,,,9.913798708143045,101.57025964430126,,,,5345.5038471894295,,,,,,,,,,,,,840.0688809159531,,,,,4.115124834475071e-07,,,2559.3066186251203,,1241.211437325639,,,,,,,-0.20056942876938336,,
2026-02-03 12:40:40+00:00,,,,9.91195388048495,,,,,7384.63205811831,,,,,,,,,,,,,1531.1089175030356,7.256923228052132e-06,,,,,,,,,1899.2089809116308,,,,,,,-0.15739007702273888,,False
2026-02-03 12:40:41+00:00,,,,9.87329498317465,,,,,6073.485302563827,,,,,,,,,1,,,,,1.1151153807474456e-05,,,,,,,,,416.0318177042248,,,,,,,-0.03308825324793979,,True
2026-02-03 12:40:42+00:00,-10.48937843753774,,,9.860091582045415,,,-11.95974860046958,,6003.858842696903,0.6092198010512938,,,,,,,,1,,,,,9.128732333765546e-06,,,,,,,,,1845.3659823451223,2.814169347640973e-06,,,3227.8368287404223,,,0.0867939907710603,,False
2026-02-03 12:40:43+00:00,-10.46914155128257,,,9.838827092742102,,,-11.96109518182322,,5648.158979242995,0.5755849641620344,,,,,,,,1,,,,,1.2593804166804135e-05,,,,,,,,,235.71749306471327,9.902908361712176e-06,,,2120.2638298737243,,,,,True
2026-02-03 12:40:44+00:00,-10.45733091837336,,,9.832718355227236,,,-11.992194321245371,,,0.6719199622628786,,-0.3156739487833453,,,,,,1,,,,,5.0655487089509415e-05,,,,,,,,,,4.584738936565522e-05,,,10568.50084015362,,,,,True
2026-02-03 12:40:45+00:00,-10.510312615516124,,,9.850233320902165,,,-11.979581158899418,,,0.7010740193063613,,-0.5033080228014057,,,,,,1,,,,,,801.0819647141551,,,,,,,,,1.3531675400507383e-06,,,466.35402953099725,,,,,
2026-02-03 12:40:46+00:00,-10.521162116915296,,,9.86153084471254,,83.27517453608165,-11.966032424896271,,,0.4638275141895419,,-0.711138438914337,,,,,,,,,,,,1948.8385780982355,,,,,,,,,5.9416579612631245e-06,,8.036909580910772e-07,778.7329104621509,2.3149368747629377e-07,,,,
2026-02-03 12:40:47+00:00,,,,9.854563646451185,,65.51519545795118,,,,,,-0.2905813170422461,,,,,,,25.860636820565823,,,,,1354.6649742367422,,,,1098.5891050916937,,,,,,,1.1271312087085144e-05,,9.488240657408596e-07,0.9999692412467118,,,
2026-02-03 12:40:48+00:00,,61.09207584024569,,9.899679749043074,,14.168352239581145,,,,,,-0.8580342450912279,,-11.583175718534982,,0.23232759144685,,,-10.0821534322932,,,,,1659.467727868131,9.83971556273448e-06,,,835.5256057363335,,,,,,,1.2068643438575848e-06,,1.1650236980276608e-05,0.9986874623699892,,,
2026-02-03 12:40:49+00:00,,60.88809986205868,,9.899005591590823,,47.25605210074957,,,,,,,347.3907279531041,-12.274468746750074,279.12894542348613,0.0981610641881028,,,13.079236470524698,,,,,1963.940466364477,8.727999074606275e-06,,,114.59403047415712,,,,,,,6.989633886470132e-06,,8.109650107356086e-07,0.987239507540412,,,
2026-02-03 12:40:50+00:00,,60.84232197643565,69226.85037328367,9.857710577091195,,0.0,,6.226413847269526e-05,,,,,313.3832366070608,-12.017425123752814,37.986621730993576,0.4206742493743493,,,-20.0,,,,,,1.1024667150318768e-07,,,1586.6210485872643,,,,,,,2.6652014457760456e-06,,8.480156622467603e-06,0.9994734663127357,,,
2026-02-03 12:40:51+00:00,,60.90566887274962,69222.286053635,9.85856840129012,,,,2.6842338562187594e-05,,,,,361.509499358542,-11.30431281768518,82.43434354240401,1.5696020982719057,,,-20.0,,,,,,1.402870619934448e-05,965.1708995418816,,866.7576554963687,,,,,,,,,,0.999966327605983,,False,
2026-02-03 12:40:52+00:00,,61.02842303222594,69220.07213929504,9.931380497381088,,,,2.4912230397301536e-05,,,,,333.47158952899696,-12.085970151587178,300.17120178360005,0.4014927913002836,,,,,,,,,2.32881754961794e-06,2208.249037002073,,,,,,,,1496.91381007002,,,,,,False,
2026-02-03 12:40:53+00:00,,,69215.17908068825,9.98504777777419,,,,1.332618475900574e-05,,,0.8095917158504459,,363.02757257388856,,407.203814005572,,1.334614020442508e-06,,,,12.189956693287645,,,,,562.5992726684223,,,4.823510982058834e-06,,,,,1102.240220138034,,,,,,False,
2026-02-03 12:40:54+00:00,,,69210.20148598812,10.06202154316722,,,,0.0001524195417612,,,0.8378891970960092,,,,,,1.5148003918237149e-05,,,1.327910953137944,12.281732383438351,,,,,3767.207102746133,,,6.131693492503898e-05,,1.4022234850594684e-05,,,34766.745318523164,,,,,,False,
2026-02-03 12:40:55+00:00,,,,10.036350420524167,76.37754334921658,,,,,,0.7534597311758313,,,,,,9.708216340517428e-06,,,1.3500131449059354,12.27985450626946,,,,,3770.669733332434,1.1894990096427655e-05,,6.791856328014351e-06,510.2794991407739,8.018699432026584e-06,,,2709.41550387859,,,,,,False,
2026-02-03 12:40:56+00:00,,,,10.047978076676712,59.34029078792561,,,,,,0.8318860406194464,,,,,,3.6737814749663945e-06,,,1.343706073098299,12.267324843413531,557.2980204010285,,,,,1.1161852315134264e-06,,1.0204730320553344e-05,2594.0302807087687,9.74299611768218e-06,,,2640.260848941743,,,,,,,
2026-02-03 12:40:57+00:00,,,,10.0432685797078,47.49710074816209,,,,,,0.8212597576984483,,,,,,8.967101429820171e-06,,,1.350947608259058,12.261928935115042,3126.8174519093677,,,,,1.7841039480811668e-06,,6.159116425843024e-05,2556.815055563708,6.859823637276182e-06,,,,,,,,,,
2026-02-03 12:40:58+00:00,,,,10.05627384153616,55.212421469582665,,,,,,,,,,,,,,,1.2955064409567552,,17040.908793031806,,,,,1.7834957490432185e-05,,,1544.928340906837,4.093430565055701e-05,,,,,,,,0.5705355327859865,,
2026-02-03 12:40:59+00:00,,,,10.101912087602996,69.8740815552721,,,,5539.073953643938,,,,,,,,,,,,,1749.535607120223,,,,,8.822279316984368e-06,,,2244.0707209545635,,4.773107845847865,,,,,,,0.34408447014885446,,
2026-02-03 12:41:00+00:00,,,,10.13155623323623,,,,,13842.192179306716,,,,,,,,,,,,,6421.3277870587945,4.2060646372744723e-07,,,,,,,,,2513.01545277318,,,,,,,0.5396692020429213,,True
2026-02-03 12:41:01+00:00,,,,10.128611622668972,,,,,8818.239614724242,,,,,,,,,1,,,,,1.830719739407235e-06,,,,,,,,,509.6110864455565,,,,,,,0.5604347238268181,,True
2026-02-03 12:41:02+00:00,-10.572200575645002,,,10.114782820092744,,,-11.91330650373293,,12926.290079979704,0.699854830756122,,,,,,,,1,,,,,1.7108900418568962e-05,,,,,,,,,1345.8578353237376,1.852558362405791e-06,,,6408.021357092853,,,0.6660437117511395,,True
2026-02-03 12:41:03+00:00,-10.559071728429307,,,10.11705044337392,,,-11.892572917407293,,25222.71898692922,0.6318108606756752,,,,,,,,1,,,,,5.982543551485558e-06,,,,,,,,,4093.952938806799,1.0376950813069824e-05,,,12410.790983886527,,,,,True
2026-02-03 12:41:04+00:00,-10.527915408952826,,,10.128367067161449,,,-11.9065779345167,,,0.7238569955614231,,-0.9747234862913972,,,,,,1,,,,,4.076258464211358e-06,,,,,,,,,,2.5239443003523645e-05,,,6980.394711910436,,,,,True
2026-02-03 12:41:05+00:00,-10.525667295995722,,,10.136379910371188,,,-11.906442599129193,,,0.6479251657847409,,-0.6982826009250822,,,,,,1,,,,,,8285.958377860163,,,,,,,,,6.011446997633388e-06,,,154.5472389222228,,,,,
2026-02-03 12:41:06+00:00,-10.532058447797768,,,10.182720716845274,,32.0142588224804,-11.913155802804928,,,0.5975386680667879,,-0.6508225511099024,,,,,,,,,,,,3566.329649988969,,,,,,,,,1.2815753781936094e-05,,5.671120453908109e-06,849.2044714026007,4.561012882069781e-07,,,,
2026-02-03 12:41:07+00:00,,,,10.229647703607688,,89.45336056094564,,,,,,-0.8010046896709919,,,,,,,42.61735239266194,,,,,3112.358818708104,,,,527.995658413194,,,,,,,9.279832692653544e-07,,7.11631627488454e-07,0.4748199688133057,,,
2026-02-03 12:41:08+00:00,,61.63217232185768,,10.202767471856593,,0.0,,,,,,-0.367493926206712,,-11.93301083305424,,1.1667860282983538,,,-20.0,,,,,1768.5063102743504,5.741468083821351e-06,,,2323.693168923534,,,,,,,1.3072666746817824e-05,,3.7695260431630414e-05,0.27985218182057775,,,
2026-02-03 12:41:09+00:00,,61.36946864491214,,10.192832083422308,,25.963404123738133,,,,,,,351.1155197160999,-12.728608374489362,156.2848709179405,0.1612453924409876,,,-1.8256171133833088,,,,,572.1164691910908,2.2406992777408464e-05,,,2686.137018572973,,,,,,,1.5353148007682455e-05,,9.806751333351426e-06,0.3651380349393102,,,
2026-02-03 12:41:10+00:00,,61.218258965474384,69191.24570706076,10.211580813899928,,58.683685725672575,,1.695323787728006e-05,,,,,362.10011873917983,-11.692889466441208,355.3829383613874,0.1478444534545297,,,21.0785800079708,,,,,,6.499005350662301e-06,,,392.5828296441844,,,,,,,1.911655692986169e-06,,7.978931529710453e-06,0.16196712997055332,,,
2026-02-03 12:41:11+00:00,,61.52110177899237,69193.19461116359,10.250390257451588,,,,8.741102068185423e-05,,,,,351.58312405886613,-11.7923846212964,153.1762804762525,0.4102146238012933,,,-8.042444789133059,,,,,,4.66508822587001e-05,4593.309474713717,,7742.440806142582,,,,,,,,,,0.2674349323632714,,False,
2026-02-03 12:41:12+00:00,,61.57447815792024,69193.12545311614,10.193971691730386,,,,3.216342696843581e-05,,,,,334.073302242218,-10.80110847575032,201.52957384316545,0.400389114198131,,,,,,,,,1.321386454799326e-05,1467.0726544072877,,,,,,,,542.0490343298178,,,,,,False,
2026-02-03 12:41:13+00:00,,,69189.9977574193,10.181127458882736,,,,2.8567996253665487e-05,,,0.8388906197590229,,371.2708370236907,,241.04330957260024,,2.805975700534104e-06,,,,12.563823294711115,,,,,1095.7680739294167,,,1.0641851156575932e-05,,,,,125.92517545352544,,,,,,False,
2026-02-03 12:41:14+00:00,,,69188.52441054142,10.185855687997108,,,,9.595990355098866e-05,,,0.8488308553593414,,,,,,9.420897614332656e-06,,,1.301410174127822,12.583084985764792,,,,,6894.483948028254,,,9.742709793451446e-06,,5.258630585886505e-05,,,9991.396941617404,,,,,,False,
2026-02-03 12:41:15+00:00,,,,10.14637175694122,74.72937682541551,,,,,,0.8246025768555167,,,,,,1.2649863656987754e-05,,,1.290336575937418,12.518867062419782,,,,,9703.260480994995,2.731117053341391e-05,,1.9595093509724887e-05,9085.663357975098,9.114842219046863e-06,,,19694.951735455128,,,,,,False,
2026-02-03 12:41:16+00:00,,,,10.254929513515185,67.88922763748997,,,,,,0.7965306760791824,,,,,,4.422140203505632e-06,,,1.2715559724699808,12.669726767939595,8029.314115789835,,,,,1.540427868394491e-05,,1.6328969572241413e-05,2328.444511787683,1.2703412270488153e-05,,,2764.014342683937,,,,,,,
2026-02-03 12:41:17+00:00,,,,10.280221545920458,79.7604512385335,,,,,,0.799148010914676,,,,,,2.618672426118141e-06,,,1.3333843335058098,12.687803216214158,606.1215903921029,,,,,1.3319408094600612e-05,,1.883099923739422e-07,811.0203974062243,9.56262778492664e-06,,,,,,,,,,
2026-02-03 12:41:18+00:00,,,,10.31042893105145,66.55285684900649,,,,,,,,,,,,,,,1.3246434501243043,,4013.621043965441,,,,,6.834382834536475e-07,,,3232.7021508234798,3.3417231287691328e-06,,,,,,,,0.39790288756105785,,
2026-02-03 12:41:19+00:00,,,,10.32191940048372,48.12918122307201,,,,10346.513530392898,,,,,,,,,,,,,1533.778917506694,,,,,1.1652164280458933e-05,,,372.4079701227479,,2947.439352054753,,,,,,,0.6674533847318419,,
2026-02-03 12:41:20+00:00,,,,10.267747951622006,,,,,13268.77613177825,,,,,,,,,,,,,5943.618635466358,6.790446689164303e-06,,,,,,,,,2044.6796637440216,,,,,,,0.7096477333246552,,True
2026-02-03 12:41:21+00:00,,,,10.225556239376566,,,,,6608.297469270616,,,,,,,,,1,,,,,8.872138946559628e-07,,,,,,,,,680.8440146622426,,,,,,,0.8606428218255271,,True
2026-02-03 12:41:22+00:00,-10.523943472613873,,,10.230679847828116,,,-11.84626471342034,,15483.711886842266,0.7016963560437751,,,,,,,,1,,,,,1.8291225005008977e-06,,,,,,,,,3799.912262714106,1.973592690853961e-05,,,53.21134042150322,,,0.9144905156403148,,True
2026-02-03 12:41:23+00:00,-10.497142595309429,,,10.289998577811597,,,-11.837770171510725,,26219.15533774615,0.6553883265301853,,,,,,,,1,,,,,1.0936065823506366e-05,,,,,,,,,19449.046488985743,7.466894381084808e-05,,,5027.2883067870125,,,,,True
2026-02-03 12:41:24+00:00,-10.490076913521024,,,10.288031869955368,,,-11.839514591563592,,,0.68022367474173,,-0.8359471975407599,,,,,,1,,,,,2.212484230435273e-06,,,,,,,,,,7.302323366031441e-06,,,2982.693007298284,,,,,True
2026-02-03 12:41:25+00:00,-10.501977351510522,,,10.324947168402876,,,-11.798619527919676,,,0.5972211430418938,,-0.6347643263725745,,,,,,1,,,,,,2096.6479878517466,,,,,,,,,1.925750194312943e-05,,,1685.4852360062505,,,,,
2026-02-03 12:41:26+00:00,-10.442969223076892,,,10.27479398353189,,0.3322797080521431,-11.78889090326902,,,0.6960713719865159,,-0.9809704887209848,,,,,,,,,,,,5189.614629663828,,,,,,,,,3.4794860859687184e-05,,3.900290690241389e-05,12135.993032210064,1.1680423677181912e-05,,,,
2026-02-03 12:41:27+00:00,,,,10.298024979353135,,0.0,,,,,,-1.0585885396090935,,,,,,,-20.0,,,,,3520.901324215845,,,,4914.858454413482,,,,,,,2.394413339932753e-06,,4.715295954534396e-06,0.6399597715682271,,,
2026-02-03 12:41:28+00:00,,62.83905764585201,,10.265911373093235,,0.0,,,,,,-0.9186425266553616,,-12.497598459764848,,0.4075202631646493,,,-20.0,,,,,2315.2564423216218,8.562740950248765e-06,,,872.2237211333935,,,,,,,7.436199706124488e-06,,1.0322723371685276e-05,0.44256290534442516,,,
2026-02-03 12:41:29+00:00,,62.87677022423504,,10.304136489985328,,3.845398949829965,,,,,,,365.57163584633815,-11.909107735497145,139.26944897843765,0.824775808053766,,,-17.308220735119026,,,,,816.4454402496841,9.43221264954798e-06,,,152.80557891095106,,,,,,,1.270115287255655e-05,,4.7286496464613685e-06,0.17647237119187695,,,
2026-02-03 12:41:30+00:00,,63.02777508345584,69188.7728059464,10.305700481958151,,30.61376687658004,,5.4280332272524886e-05,,,,,339.94624210052046,-10.757673445376692,163.51949024823062,0.1013252759613855,,,1.4296368136060238,,,,,,3.105280305031531e-05,,,1767.0848145726573,,,,,,,6.844782318947857e-06,,7.17419251325717e-06,0.118606082589281,,,
2026-02-03 12:41:31+00:00,,63.13846112196343,69187.48511242749,10.317874071693158,,,,3.700146567355647e-05,,,,,353.4239595634682,-12.61894303221067,170.76525967591277,0.5199180361915434,,,-20.0,,,,,,5.53094462569594e-06,590.1121780747848,,2131.439937751942,,,,,,,,,,0.10728085487243573,,False,
2026-02-03 12:41:32+00:00,,63.160571882310535,69187.36102781497,10.29624317087616,,,,2.68958347001651e-05,,,,,352.6540080770792,-11.450313294618685,256.6885494247782,0.1560350921588965,,,,,,,,,1.0258102855368046e-05,3233.189856488013,,,,,,,,18.94178237648233,,,,,,False,
2026-02-03 12:41:33+00:00,,,69188.35837881593,10.336417718055571,,,,3.542784814197399e-05,,,0.7931515324819105,,350.8823494845234,,256.4066230619095,,3.427478369037747e-06,,,,13.09970614358938,,,,,2167.0448594098493,,,5.972620704160305e-06,,,,,3638.81876659388,,,,,,False,
2026-02-03 12:41:34+00:00,,,69187.79262149468,10.318425061538507,,,,3.681587431253412e-05,,,0.7780075320173042,,,,,,3.56797419111602e-06,,,1.4191796971010504,13.063260898682028,,,,,3554.7808843899224,,,4.3253373424687845e-06,,7.728540361312763e-06,,,679.4419608891997,,,,,,False,
2026-02-03 12:41:35+00:00,,,,10.285783004491392,13.649783870959908,,,,,,0.8267563679409986,,,,,,3.949617462253047e-06,,,1.4357115834009522,13.046552481631116,,,,,8012.097177495825,4.295486434138604e-06,,1.215158818231841e-05,4137.466292367065,3.865139196537973e-06,,,460.26954725998354,,,,,,False,
2026-02-03 12:41:36+00:00,,,,10.253385600158463,10.944791067951614,,,,,,0.7894754718301129,,,,,,3.039399253031768e-06,,,1.4100322681383104,12.971996246934976,375.28438702528615,,,,,8.760456691696978e-06,,1.3746437830622293e-05,2210.334729706606,8.60393302783366e-06,,,1502.771015398391,,,,,,,
2026-02-03 12:41:37+00:00,,,,10.18783103643247,17.947967638326173,,,,,,0.8084206108662795,,,,,,2.3002010321607096e-06,,,1.387018418008203,12.880924318220234,3660.8742310271305,,,,,2.6469831700316277e-06,,4.026120281167861e-06,3141.967343166996,1.8924437721913744e-06,,,,,,,,,,
2026-02-03 12:41:38+00:00,,,,10.185734099531771,18.15331197969073,,,,,,,,,,,,,,,1.387608505182803,,1912.705362585662,,,,,3.358793439458754e-06,,,1711.4558404170928,7.078667355620957e-07,,,,,,,,0.9502262452379333,,
2026-02-03 12:41:39+00:00,,,,10.174771053024257,359.8909298855269,,,,16391.528653797646,,,,,,,,,,,,,4857.302941245762,,,,,4.814509975071784e-05,,,5768.138312434655,,3206.37061868248,,,,,,,0.9999981880919844,,
2026-02-03 12:41:40+00:00,,,,10.191830612100578,,,,,15678.723993247617,,,,,,,,,,,,,4274.042355150998,4.704106451799688e-06,,,,,,,,,1924.9213399118375,,,,,,,0.9992951800810683,,True
2026-02-03 12:41:41+00:00,,,,10.189857970896734,,,,,5892.505504969694,,,,,,,,,1,,,,,1.714983678223889e-06,,,,,,,,,2456.9841958550937,,,,,,,0.9941347266902424,,True
2026-02-03 12:41:42+00:00,-10.56364856719535,,,10.208214657768156,,,-11.84108758783972,,7173.349861560888,0.7269787925091702,,,,,,,,1,,,,,1.3241351491494187e-05,,,,,,,,,1013.9170203087964,1.2095916751411788e-06,,,4195.559365566648,,,0.9984205738858541,,True
2026-02-03 12:41:43+00:00,-10.563097358748536,,,10.147795077334472,,,-11.836930155199752,,3474.265836692164,0.6167346162234126,,,,,,,,1,,,,,1.2637226243532871e-05,,,,,,,,,2113.879578547304,8.582028971395944e-06,,,35.59724154367049,,,,,True
2026-02-03 12:41:44+00:00,-10.58480511064166,,,10.177432117018736,,,-11.84226587373428,,,0.7034144282018439,,-0.4129753508484973,,,,,,1,,,,,1.4632306442572637e-05,,,,,,,,,,4.211672867219355e-06,,,1486.6030816561552,,,,,True
2026-02-03 12:41:45+00:00,-10.663170605978811,,,10.159097139385054,,,-11.849197945009765,,,0.5888883841751683,,-0.5071305467247529,,,,,,1,,,,,,624.4613154016206,,,,,,,,,9.398770487016e-06,,,7087.503525156466,,,,,
2026-02-03 12:41:46+00:00,-10.647666364752576,,,10.167533161552145,,8.514040557895852,-11.849758471326236,,,0.6839042138371069,,-0.8028537142505328,,,,,,,,,,,,3142.6551024113737,,,,,,,,,2.7210853841172023e-05,,1.984185338108025e-06,207.2420282318256,1.2678317295924244e-08,,,,
2026-02-03 12:41:47+00:00,,,,10.154455393887597,,11.698618027231404,,,,,,-0.6737240955116525,,,,,,,-11.81096738093802,,,,,3719.41382090708,,,,1330.8625330517689,,,,,,,1.2221075053115953e-05,,1.2053800332524544e-06,-0.8687942537624636,,,
2026-02-03 12:41:48+00:00,,63.97793877065051,,10.145550172957124,,0.0,,,,,,-0.706537248077862,,-11.288010753482196,,0.1456133143713116,,,-20.0,,,,,5003.58053932742,7.868471225951363e-06,,,119.46886714333834,,,,,,,1.2282650091367537e-05,,6.4256632842819344e-06,-0.7724591153075605,,,
2026-02-03 12:41:49+00:00,,64.05949998870942,,10.197362363729376,,8.602766902300838,,,,,,,359.8534240967713,-11.521979845154272,199.79645177165128,0.0892880338878028,,,-13.978063168389417,,,,,2638.652746083716,4.843749735403125e-06,,,318.8956852004611,,,,,,,1.119957860396584e-06,,5.061946096632322e-06,-0.980101058564464,,,
2026-02-03 12:41:50+00:00,,64.06322240383824,69182.69731327385,10.166045714923984,,65.25920457770879,,3.862667170224776e-05,,,,,351.74668619562715,-11.112419083565827,165.69218234625572,0.142223127400099,,,25.681443204396142,,,,,,1.968060262258207e-05,,,5956.815923156772,,,,,,,5.026344651178689e-07,,2.8047844620373685e-06,-0.9792070085505679,,,
2026-02-03 12:41:51+00:00,,63.98532859226128,69183.36834351817,10.188958166935548,,,,2.098044130451134e-05,,,,,338.3697703131911,-11.68312183528226,236.5891006494068,0.162399636790928,,,18.20278041069281,,,,,,3.3599708050151906e-06,3887.11094263265,,686.5893686273062,,,,,,,,,,-0.9853832339968095,,False,
2026-02-03 12:41:52+00:00,,64.09240101454857,69181.128627527,10.173198800318875,,,,2.287486338051649e-05,,,,,349.74745374590094,-11.89960500870906,244.91362408979583,0.3577471868830799,,,,,,,,,1.1131962994778198e-06,600.0222874251632,,,,,,,,4444.238042628751,,,,,,False,
2026-02-03 12:41:53+00:00,,,69186.12339144193,10.134243642525345,,,,6.871801624559714e-05,,,0.8583951197097588,,361.7133572147011,,115.595019469853,,6.780774043880532e-06,,,,13.013641895794528,,,,,7580.247162338194,,,1.4975432157813935e-05,,,,,2750.9388480708803,,,,,,False,
2026-02-03 12:41:54+00:00,,,69184.20195839916,10.124407974650834,,,,5.286283317941074e-05,,,0.785461762225446,,,,,,5.22132586041248e-06,,,1.303714472371847,13.04941213231534,,,,,1074.299241491428,,,1.6159639840022136e-06,,1.0706355477348658e-05,,,5288.414437005585,,,,,,False,
2026-02-03 12:41:55+00:00,,,,10.058700917268366,237.64904543264143,,,,,,0.8504160164143393,,,,,,1.9447978434163416e-06,,,1.251249145117867,12.972291981831864,,,,,1763.8277467490498,5.1517064145641705e-06,,2.889154368762407e-07,215.65843833311308,4.129143199178242e-07,,,1337.302623545422,,,,,,False,
2026-02-03 12:41:56+00:00,,,,10.02069564692218,250.35154833420643,,,,,,0.7895354712119621,,,,,,8.390831190804416e-06,,,1.2027396114578062,12.982609334478369,828.2340344488023,,,,,5.497515726577199e-06,,2.9326667066101768e-05,25042.36345267984,1.490692169927812e-05,,,646.4006758070065,,,,,,,
2026-02-03 12:41:57+00:00,,,,10.020790626352808,258.5941582805531,,,,,,0.7831830490471217,,,,,,2.897601097575484e-06,,,1.2259392394918796,12.960848137919657,209.74241474656327,,,,,1.0053257770454145e-06,,2.06509997944732e-05,1102.0437830823116,1.9884564684297875e-05,,,,,,,,,,
2026-02-03 12:41:58+00:00,,,,9.997766938392529,259.683497399262,,,,,,,,,,,,,,,1.2058650886867914,,545.63868631506,,,,,5.684305919668816e-06,,,2022.56946727381,1.392601522792287e-06,,,,,,,,-0.1790855909064876,,
2026-02-03 12:41:59+00:00,,,,9.972100781978098,267.9798529645601,,,,14632.313192722951,,,,,,,,,,,,,1879.855511243594,,,,,1.8018056327342096e-06,,,6143.93361116299,,3712.161198975828,,,,,,,-0.03525091243584874,,
2026-02-03 12:42:00+00:00,,,,9.921217174705465,,,,,13571.959096564766,,,,,,,,,,,,,1738.7020753241864,8.701333471855734e-06,,,,,,,,,211.68610180313016,,,,,,,-0.11940614312893383,,True
2026-02-03 12:42:01+00:00,,,,9.958749486556115,,,,,6086.032639953018,,,,,,,,,1,,,,,1.185645230508941e-06,,,,,,,,,243.3312084170504,,,,,,,-0.21443338718226143,,True
2026-02-03 12:42:02+00:00,-10.63725326545711,,,9.982538975882818,,,-11.827061160526524,,7565.39620714122,0.6073516220996656,,,,,,,,1,,,,,5.385142092269908e-06,,,,,,,,,990.5705373777902,2.3832181760011937e-05,,,2520.633129153952,,,-0.19810022056950483,,True
2026-02-03 12:42:03+00:00,-10.66616842532352,,,9.945581684773202,,,-11.819015563587936,,8572.425764599955,0.7005027472420255,,,,,,,,1,,,,,1.4602286402598625e-05,,,,,,,,,3077.4001770524264,3.825803858325375e-06,,,157.5437786444801,,,,,True
2026-02-03 12:42:04+00:00,-10.659245782984131,,,9.961748021383684,,,-11.810174857832104,,,0.5975202372270474,,-0.7376108153289207,,,,,,1,,,,,2.174545438136753e-06,,,,,,,,,,1.1020228159019307e-05,,,115.79428060754292,,,,,True
2026-02-03 12:42:05+00:00,-10.648627309398714,,,9.98421095273081,,,-11.813103403603654,,,0.6379793727692998,,-0.5913311726219382,,,,,,1,,,,,,2570.222476064399,,,,,,,,,5.096447886122867e-07,,,2187.5132662677224,,,,,
2026-02-03 12:42:06+00:00,-10.657673930726796,,,10.0015567939605,,40.29819850532151,-11.800570718183796,,,0.6466948560170627,,-0.525051176918591,,,,,,,,,,,,2598.7474690387044,,,,,,,,,6.33824668174031e-06,,6.36132300000226e-06,1898.241044505678,8.534996937770245e-06,,,,
2026-02-03 12:42:07+00:00,,,,10.064568417701537,,55.31248013542868,,,,,,-1.0023622042230065,,,,,,,18.71873609480007,,,,,670.2751866194606,,,,2790.916627878668,,,,,,,4.793485766202785e-08,,8.295142833008002e-06,-0.9918354862435173,,,
2026-02-03 12:42:08+00:00,,64.08022709575201,,10.09711742534867,,14.217834513806968,,,,,,-0.788949109719983,,-11.838265618691326,,0.0897737711985461,,,-10.047515840335125,,,,,2294.767859326436,1.326088232531997e-06,,,2413.187928333305,,,,,,,7.480142989836893e-06,,1.57292252032873e-07,-0.9827442517856279,,,
2026-02-03 12:42:09+00:00,,64.28951617290674,,10.052301241383072,,0.0,,,,,,,337.67600831278696,-11.894363261568015,197.82535878350845,0.0091339539713778,,,-20.0,,,,,2535.8396827241545,2.849031806220614e-06,,,1385.2595475387334,,,,,,,2.2346662612174727e-07,,2.381895356564155e-06,-0.9985845042108468,,,
2026-02-03 12:42:10+00:00,,64.11105900796045,69184.76215979207,10.067553468984949,,17.869068582955826,,2.831162567861952e-05,,,,,364.5639946851743,-11.275724116570908,201.64267393694809,0.3450309513854566,,,-7.491651991930922,,,,,,1.078799531672601e-05,,,1294.272367544379,,,,,,,3.972280068207469e-07,,1.406280913200828e-05,-0.9949527173532597,,,
2026-02-03 12:42:11+00:00,,64.04223487056045,69185.54132657667,10.13528848814676,,,,5.88155711540456e-05,,,,,356.1899092550283,-12.336391644556429,120.12407476556643,0.1363512183009824,,,-20.0,,,,,,2.227302837334433e-06,4060.291453349543,,2283.421037364353,,,,,,,,,,-0.9998191228815072,,False,
2026-02-03 12:42:12+00:00,,63.74835016145081,69181.68759152264,10.144019355578614,,,,1.562103612298623e-05,,,,,352.84107271547254,-11.544798026599166,326.91779106325043,0.1037709902652123,,,,,,,,,6.859170890125496e-06,1325.194015808417,,,,,,,,179.5269167178484,,,,,,False,
2026-02-03 12:42:13+00:00,,,69180.2787135645,10.068465857880398,,,,0.0001037763992585,,,0.8071217632827071,,360.6704718953851,,117.19751677518852,,1.0307071675401662e-05,,,,12.845252488140996,,,,,3515.884264646736,,,5.466995753254741e-06,,,,,11381.667728706849,,,,,,False,
2026-02-03 12:42:14+00:00,,,69178.2535644577,10.107047827573348,,,,4.307978753785497e-05,,,0.7401192231951654,,,,,,4.262351210046486e-06,,,1.0632207734877572,12.885409481431454,,,,,2934.978697422422,,,2.6197566715124024e-05,,1.6025644413138644e-05,,,4685.466418021408,,,,,,False,
2026-02-03 12:42:15+00:00,,,,10.108721284207444,272.0811680282603,,,,,,0.8162657020763965,,,,,,2.70445897243851e-06,,,1.0384822491188055,12.91201126073007,,,,,715.5390315289754,3.5207266413807256e-06,,5.243292572194867e-06,994.0276463843016,1.839893018482472e-05,,,126.09151376675564,,,,,,False,
2026-02-03 12:42:16+00:00,,,,10.15100872815579,251.49757300700333,,,,,,0.8247179669117007,,,,,,6.279807852815128e-06,,,1.0929829332763807,13.020318194544144,1118.597645431042,,,,,9.16991370566788e-06,,9.391616007646445e-06,2770.463092246609,1.4289498759900656e-05,,,3970.1094426979657,,,,,,,
2026-02-03 12:42:17+00:00,,,,10.19667750963972,260.03182655509005,,,,,,0.8148661728846237,,,,,,5.438530294804352e-06,,,1.1151044809670103,13.116044493779285,1695.650676633834,,,,,2.1627135405355824e-05,,4.2401320002645634e-06,1598.348511190956,3.818092611621431e-05,,,,,,,,,,
2026-02-03 12:42:18+00:00,,,,10.196213572570915,266.1074458243147,,,,,,,,,,,,,,,1.099605289601329,,274.07720723946034,,,,,1.4837782768014056e-05,,,3599.733119955757,3.351770850373759e-05,,,,,,,,-0.06788563687904754,,
2026-02-03 12:42:19+00:00,,,,10.213019199532436,271.4200963462927,,,,8343.859926625912,,,,,,,,,,,,,3689.04955725621,,,,,1.9344494254840472e-06,,,4630.293257737188,,990.7958003002656,,,,,,,0.02478281935133713,,
2026-02-03 12:42:20+00:00,,,,10.172356476994088,,,,,19259.7327740976,,,,,,,,,,,,,1270.8683295837304,2.1582027088316597e-05,,,,,,,,,1364.7396673574888,,,,,,,-0.5320174224260763,,True
2026-02-03 12:42:21+00:00,,,,10.15985313248891,,,,,18990.47882602902,,,,,,,,,1,,,,,1.064078182706392e-05,,,,,,,,,10928.408794453218,,,,,,,-0.28216726350556987,,True
2026-02-03 12:42:22+00:00,-10.765929226705172,,,10.110583451438414,,,-11.746095474880612,,10721.392915164311,0.6595459278339112,,,,,,,,1,,,,,1.1480746644840685e-05,,,,,,,,,6663.259662874994,8.44763918452641e-06,,,2715.556231832012,,,-0.4898485844928016,,True
2026-02-03 12:42:23+00:00,-10.778571987278296,,,10.09962749841236,,,-11.748586352650571,,8992.996910962256,0.6438832617149579,,,,,,,,1,,,,,4.221522871281164e-06,,,,,,,,,2085.6587068581503,1.132320119440491e-05,,,824.8709621229383,,,,,True
2026-02-03 12:42:24+00:00,-10.756535825328084,,,10.021216524037094,,,-11.73890106062992,,,0.6252369157243132,,-0.831098394311557,,,,,,1,,,,,5.914891567019665e-06,,,,,,,,,,8.041241300519523e-08,,,167.36952708985828,,,,,True
2026-02-03 12:42:25+00:00,-10.749547864841896,,,10.065844641730466,,,-11.744378285692262,,,0.6899375286346083,,-1.017946374840699,,,,,,1,,,,,,2748.6971753362304,,,,,,,,,2.664225111233534e-06,,,2025.2212647189049,,,,,
2026-02-03 12:42:26+00:00,-10.718448766236722,,,10.07943976609777,,39.32162082431371,-11.74112975086913,,,0.5604543346839326,,-0.7930849269670237,,,,,,,,,,,,1407.5099083650305,,,,,,,,,3.5250084939388944e-06,,5.172648420813983e-06,1425.4536207856588,1.273387482413534e-05,,,,
2026-02-03 12:42:27+00:00,,,,10.117428240943276,,0.0,,,,,,-0.4909248457668904,,,,,,,-20.0,,,,,1185.0784490173023,,,,339.2746099373759,,,,,,,1.791842186884038e-05,,8.893958574992468e-06,-0.5316617054159062,,,
2026-02-03 12:42:28+00:00,,64.06830700601937,,10.175176263021267,,1.8511787202955328,,,,,,-0.7531300232040299,,-12.064252298600062,,0.2007843675764285,,,-18.704174895793127,,,,,2759.266689229267,1.5123947642696264e-05,,,2972.5777242175177,,,,,,,1.1685028851857654e-05,,1.263305312316962e-05,-0.34948005104399904,,,
2026-02-03 12:42:29+00:00,,63.86333902179052,,10.193292238006942,,3.338504110049467,,,,,,,353.27589280977014,-11.813425865348512,311.340355621174,0.1979220235156375,,,-17.663047122965374,,,,,603.2635662809693,6.577932457283509e-06,,,1325.051659457491,,,,,,,1.125517749628378e-05,,3.768312654808624e-06,-0.05896323138564049,,,
2026-02-03 12:42:30+00:00,,63.52697610021654,69190.7747437685,10.156036914339646,,19.19538192327732,,2.5483359185314964e-05,,,,,350.5214977992463,-12.311383510086456,267.0382751955737,0.1809995252367849,,,-6.563232653705876,,,,,,9.437859615655792e-07,,,3547.587614235916,,,,,,,7.203389333986375e-06,,1.0214910117611872e-05,-0.16763786699830197,,,
2026-02-03 12:42:31+00:00,,63.792613431970686,69195.22770937115,10.156437758561676,,,,7.2861005286366e-05,,,,,354.834537877962,-12.33984267096825,48.99272898471426,0.130214448376584,,,7.496720703224994,,,,,,1.7079835381823084e-05,190.84772300080647,,7199.633982614872,,,,,,,,,,0.15871900647641357,,False,
2026-02-03 12:42:32+00:00,,63.853342480253325,69193.33984700339,10.198532033558031,,,,3.102321424610943e-05,,,,,368.3468297945548,-11.68944258955156,140.08696650697502,0.073167824981653,,,,,,,,,1.5162509033768062e-05,2731.2617966531543,,,,,,,,4129.930411128558,,,,,,False,
2026-02-03 12:42:33+00:00,,,69195.43719292298,10.22956974717202,,,,0.0001038198368746,,,0.8454069028360447,,347.55037206811335,,111.5711206507952,,1.0148993500271958e-05,,,,13.019078333200452,,,,,4885.0096162764585,,,4.771287389393905e-07,,,,,3995.29154791692,,,,,,False,
2026-02-03 12:42:34+00:00,,,69192.32302258318,10.195969339240584,,,,7.72356359844762e-05,,,0.8522322447933436,,,,,,7.575114578583939e-06,,,1.0575394108193903,12.924953628295183,,,,,3585.875116656354,,,3.799660300219423e-05,,6.087210312584296e-06,,,9454.671325519634,,,,,,False,
2026-02-03 12:42:35+00:00,,,,10.174449635932804,179.42140176624576,,,,,,0.8426741358330172,,,,,,9.487547008062504e-06,,,1.0289319098075302,12.88696901997459,,,,,10230.368817120296,4.320554286487393e-05,,3.9086661579056896e-05,6439.208808090599,5.1467596230308784e-05,,,3539.2338526621834,,,,,,False,
2026-02-03 12:42:36+00:00,,,,10.207964718808286,202.022055191252,,,,,,0.8110563290577946,,,,,,8.054569909964518e-06,,,0.955679479396029,12.952529078525645,10531.008421825083,,,,,8.47392246177466e-06,,2.1436009649829576e-05,1360.4057811561463,3.731075400692745e-05,,,4552.454429576389,,,,,,,
2026-02-03 12:42:37+00:00,,,,10.175133959705269,206.12747747155436,,,,,,0.8294159358810499,,,,,,1.6534196337989402e-06,,,0.9753007791972174,12.890532309858148,1204.938733498093,,,,,2.3987112252868887e-06,,9.26104392323207e-06,1675.026315617219,3.330093107489134e-06,,,,,,,,,,
2026-02-03 12:42:38+00:00,,,,10.163718017426,200.20697764038465,,,,,,,,,,,,,,,0.9875803393043436,,4711.717853284793,,,,,5.009527634818149e-06,,,877.1581850224524,1.581463910560671e-05,,,,,,,,-0.9384509644191701,,
2026-02-03 12:42:39+00:00,,,,10.08353662067826,195.4230560951065,,,,20219.98899090485,,,,,,,,,,,,,7.294572935324895,,,,,4.921103028931081e-07,,,55.737185350646456,,7348.419667056665,,,,,,,-0.9639884651302234,,
2026-02-03 12:42:40+00:00,,,,10.084232346784114,,,,,6928.936375661827,,,,,,,,,,,,,1090.013246756948,1.430039275214592e-05,,,,,,,,,12.953064456997147,,,,,,,-0.9136928102266774,,True
2026-02-03 12:42:41+00:00,,,,10.11969420367179,,,,,10851.990944750594,,,,,,,,,1,,,,,2.6896739962830065e-05,,,,,,,,,1535.5071845316145,,,,,,,-0.8603979603044714,,True
2026-02-03 12:42:42+00:00,-10.729415654299167,,,10.116272419207936,,,-11.763227848531882,,10878.551940680369,0.7104841027166484,,,,,,,,1,,,,,1.6267717407044586e-05,,,,,,,,,2336.835514797757,7.165165918580898e-06,,,4398.287932359022,,,-0.6775844520634006,,True
2026-02-03 12:42:43+00:00,-10.774711147048857,,,10.155671824953542,,,-11.75706751382599,,17751.10067490115,0.67973505506238,,,,,,,,1,,,,,1.292766811877025e-05,,,,,,,,,2785.1840309914146,9.410480085192955e-06,,,7456.966393666331,,,,,True
2026-02-03 12:42:44+00:00,-10.802583867459155,,,10.149708370903902,,,-11.77220053982492,,,0.5873886161712389,,-0.9374822258359043,,,,,,1,,,,,2.4649374557130036e-05,,,,,,,,,,1.9117806853283432e-05,,,7209.794059790746,,,,,True
2026-02-03 12:42:45+00:00,-10.793029447207896,,,10.169102094004618,,,-11.762329878584191,,,0.641014065311367,,-0.8895263627540404,,,,,,1,,,,,,18205.02068834811,,,,,,,,,1.1891440179602278e-05,,,15875.485965078062,,,,,
2026-02-03 12:42:46+00:00,-10.767490450910932,,,10.185194600756994,,80.00172206464103,-11.765862685070816,,,0.6205277583503588,,-0.6637396448916788,,,,,,,,,,,,5169.94239646008,,,,,,,,,4.188157822132286e-07,,9.418558171749776e-06,1144.6863541669643,8.039106092770876e-06,,,,
2026-02-03 12:42:47+00:00,,,,10.100169797309912,,0.0,,,,,,-0.8327113703673135,,,,,,,-20.0,,,,,1438.404705049456,,,,2832.0905589186327,,,,,,,3.3667069221143374e-06,,1.1731307416082384e-05,-0.979935866322405,,,
2026-02-03 12:42:48+00:00,,63.337663100473954,,10.097871561896063,,12.747618118922317,,,,,,-0.310060712578085,,-11.840315335559724,,0.1911238838805189,,,-11.07666731675438,,,,,1263.9895558934702,1.266314837704885e-06,,,9212.12685159622,,,,,,,5.590764074935743e-05,,1.2900271465974112e-05,-0.9190228019825959,,,
2026-02-03 12:42:49+00:00,,63.03344174111461,,10.098628413231804,,0.0,,,,,,,362.26458705991416,-11.352588211683576,286.6639858046645,0.3352524346091517,,,-20.0,,,,,1092.1983408501387,1.3507558632380547e-06,,,1845.4663758267704,,,,,,,7.32302415192829e-06,,1.2660826070476652e-05,-0.6715716055722948,,,
2026-02-03 12:42:50+00:00,,63.1766937410136,69203.43501866607,10.00949190393627,,8.690339491007473,,0.0001553289213817,,,,,338.33540699779314,-11.768323681604734,23.327481985759345,0.7995232430930851,,,-13.916762356294768,,,,,,4.084280313133072e-07,,,6934.7153910417255,,,,,,,3.067830118487617e-05,,2.0675684297977157e-05,-0.6843942021772427,,,
2026-02-03 12:42:51+00:00,,63.31044369010501,69205.90870682032,9.982261823281666,,,,1.566942339409136e-05,,,,,356.1176174059284,-12.500453874206668,423.2250216298437,0.2576228793685241,,,-20.0,,,,,,2.7173530985358584e-06,454.4447727293279,,44.27291023147511,,,,,,,,,,-0.41684491807461616,,False,
2026-02-03 12:42:52+00:00,,63.524709112504524,69209.57732814789,10.023626650686662,,,,5.9573503658557474e-05,,,,,347.43069318781266,-11.30843439915034,88.6531645987235,0.7124851074365386,,,,,,,,,4.74651191579215e-05,1091.2962863361863,,,,,,,,694.216530684983,,,,,,False,
2026-02-03 12:42:53+00:00,,,69209.94338350643,9.99225657821172,,,,2.0137535049871857e-05,,,0.8135155093440151,,345.9354155561995,,253.62184281353623,,2.015314047657872e-06,,,,12.681425762366043,,,,,695.14374717327,,,8.112489306445662e-06,,,,,2881.800575026179,,,,,,False,
2026-02-03 12:42:54+00:00,,,69216.7087562911,10.004430875180322,,,,2.1178559110720856e-05,,,0.8085424548412588,,,,,,2.11691793116009e-06,,,0.9263343319953622,12.712772162838087,,,,,1445.9022035286334,,,4.2632546768475766e-06,,8.096734235148778e-06,,,2112.916506980941,,,,,,False,
2026-02-03 12:42:55+00:00,,,,10.036372290320555,240.72028673079984,,,,,,0.8519487025861786,,,,,,6.966203233147858e-06,,,0.9410078256536968,12.743893087201688,,,,,7817.1202359696,4.982684762407471e-05,,1.730489174344815e-05,8774.409014460462,3.2493336448648634e-05,,,4162.05873996474,,,,,,False,
2026-02-03 12:42:56+00:00,,,,9.99854190744766,233.934484496378,,,,,,0.7960675829311092,,,,,,1.6099219279691146e-06,,,0.9099962294428856,12.722442390241168,1955.1438888852017,,,,,1.924479910680544e-06,,4.124269599950982e-06,688.8599371572911,5.199526702080132e-06,,,296.3419472725428,,,,,,,
2026-02-03 12:42:57+00:00,,,,9.940644885604458,239.87183333883775,,,,,,0.8242315078048411,,,,,,3.602398097852732e-06,,,0.889286838265021,12.662154736280284,306.11076860419223,,,,,9.929672499047051e-06,,1.7622703285307363e-05,1896.4475131330908,7.046650939716435e-07,,,,,,,,,,
2026-02-03 12:42:58+00:00,,,,9.89514538376062,214.43200974965296,,,,,,,,,,,,,,,0.9005846536188575,,1321.2645126633545,,,,,8.3100016034699e-07,,,192.1081421438688,8.813527853053232e-07,,,,,,,,-0.8247977362914046,,
2026-02-03 12:42:59+00:00,,,,9.875002559688877,210.35157743773277,,,,3940.625690059284,,,,,,,,,,,,,821.1542486950531,,,,,1.4912577744427324e-05,,,884.0221883214602,,1756.1558540989352,,,,,,,-0.8629410270371067,,
2026-02-03 12:43:00+00:00,,,,9.854196694260128,,,,,4941.272314885486,,,,,,,,,,,,,383.9180356324467,5.345762167321118e-06,,,,,,,,,370.3213877891608,,,,,,,-0.9300747597541998,,True
2026-02-03 12:43:01+00:00,,,,9.91551042058554,,,,,7334.360118849514,,,,,,,,,1,,,,,1.267265596381145e-05,,,,,,,,,3334.53856680451,,,,,,,-0.9999933837001842,,True
2026-02-03 12:43:02+00:00,-10.811790176575077,,,9.919962751425702,,,-11.742547049951297,,10877.647682647725,0.6765082861240942,,,,,,,,1,,,,,1.0592104889222865e-05,,,,,,,,,4202.733244220379,1.861719180456889e-05,,,92.22593493386296,,,-0.9999833558549384,,True
2026-02-03 12:43:03+00:00,-10.775070625403584,,,9.92665964372217,,,-11.785753043934148,,16178.477144773897,0.6638668565828146,,,,,,,,1,,,,,2.023494471402203e-05,,,,,,,,,3843.715032896897,2.348463582494903e-05,,,10913.492317141105,,,,,False
2026-02-03 12:43:04+00:00,-10.762167955179056,,,9.879404719999094,,,-11.774587739664105,,,0.5741028105568858,,-0.6622837111519245,,,,,,1,,,,,9.832034115363478e-06,,,,,,,,,,2.613068737649364e-07,,,2763.938152707223,,,,,True
2026-02-03 12:43:05+00:00,-10.810926876115,,,9.846753658510496,,,-11.779641064820904,,,0.6188327427932765,,-0.5913187363510845,,,,,,1,,,,,,2338.605323072467,,,,,,,,,1.2243444951170263e-06,,,2788.1672362910763,,,,,
2026-02-03 12:43:06+00:00,-10.79921515172934,,,9.754175623924482,,0.0,-11.791443236916368,,,0.543639115169266,,-0.5779639964078127,,,,,,,,,,,,789.1007733497858,,,,,,,,,7.708872923792695e-05,,1.4390441123275556e-05,4001.239678004378,2.9243632531129285e-06,,,,
2026-02-03 12:43:07+00:00,,,,9.816331894257004,,14.2389129212474,,,,,,-1.185595937729066,,,,,,,-10.032760955126822,,,,,3839.508748019451,,,,5584.700895139273,,,,,,,1.0909859134190776e-05,,1.5359365979200483e-06,0.603289602668275,,,
2026-02-03 12:43:08+00:00,,63.66008051469944,,9.818414361041016,,0.0,,,,,,-0.3619857283978866,,-12.33048704703528,,0.9439330481480782,,,-20.0,,,,,2229.5528616030774,5.364050215036481e-07,,,751.545625695019,,,,,,,3.063799794371948e-06,,9.876171439742709e-06,0.6484697925016478,,,
2026-02-03 12:43:09+00:00,,64.0353605585844,,9.802023212727994,,0.0,,,,,,,356.854657230794,-11.420624204809831,638.3156192732324,0.2793771701061108,,,-20.0,,,,,22.624467235297097,1.451899200308143e-07,,,408.07066297674544,,,,,,,3.934695987808661e-06,,1.823030242059341e-07,0.4579150870625802,,,
2026-02-03 12:43:10+00:00,,64.15540316118415,69216.09953265557,9.80946215878025,,5.63771666324709,,3.6829558991811216e-05,,,,,338.26853660800754,-11.9320546871075,161.62954891500132,0.5603774144113552,,,-16.053598335727038,,,,,,7.901716454011486e-06,,,1293.4923192862109,,,,,,,4.47340364324138e-06,,7.115048856829935e-06,0.5856886128009475,,,
2026-02-03 12:43:11+00:00,,64.05870796863019,69212.83171626278,9.789939931631094,,,,0.0001334582405511,,,,,332.4701562036744,-11.484568764037872,10.7916149367935,0.0649906945970665,,,-16.58815144730049,,,,,,3.228373885634976e-05,13381.671341625432,,9009.083814984377,,,,,,,,,,0.5483261234481658,,False,
2026-02-03 12:43:12+00:00,,64.00779469764865,69213.08153000589,9.818917708216931,,,,2.597291991961473e-05,,,,,351.3067692499794,-12.677567391739778,226.9202767123937,0.6986465109098697,,,,,,,,,2.242451027736192e-05,1408.6509473633253,,,,,,,,2393.252682387705,,,,,,False,
2026-02-03 12:43:13+00:00,,,69217.09512544883,9.770847734765043,,,,3.10119312431002e-05,,,0.7783900687902323,,329.17270956289417,,204.0066633861121,,3.17392431904947e-06,,,,12.505505524778346,,,,,3671.6040807401096,,,2.182394693819713e-06,,,,,1313.3666579508022,,,,,,False,
2026-02-03 12:43:14+00:00,,,69210.77265265949,9.790864323020678,,,,2.2850461647013497e-05,,,0.7985009587318167,,,,,,2.33385540776891e-06,,,1.1356746739299242,12.543060874848916,,,,,860.4654352741566,,,3.441967180360778e-06,,1.8205555908865856e-06,,,706.738338732429,,,,,,False,
2026-02-03 12:43:15+00:00,,,,9.721700876180895,123.88767348514688,,,,,,0.7816323213361849,,,,,,2.8687226075746925e-06,,,1.116973374757529,12.498509866623047,,,,,102.91526276578271,8.292872226198583e-06,,3.503049791602509e-06,481.8584283338284,9.536613035429424e-07,,,4761.832334968857,,,,,,False,
2026-02-03 12:43:16+00:00,,,,9.705723923517764,138.76091811563012,,,,,,0.7914594008115752,,,,,,3.154026439442952e-06,,,1.1256508597464232,12.49055305763184,117.6028130191554,,,,,3.842012925069408e-06,,3.057271286851781e-07,1502.5043850899033,3.3898651833824125e-06,,,3577.537261261225,,,,,,,
2026-02-03 12:43:17+00:00,,,,9.669872558670615,126.41776498497532,,,,,,0.7305965219868511,,,,,,3.691518905804823e-06,,,1.0716299765944717,12.440634119436684,7940.080225393483,,,,,1.0072314637552715e-06,,2.470746903716968e-06,3489.914848018847,3.145792113032377e-05,,,,,,,,,,
2026-02-03 12:43:18+00:00,,,,9.674959297770434,129.9125615201569,,,,,,,,,,,,,,,1.052640475270931,,2583.262760017872,,,,,1.9669601817713794e-05,,,430.77783083579214,1.3847156053324873e-05,,,,,,,,-0.6416178093520793,,
2026-02-03 12:43:19+00:00,,,,9.62044362161099,122.82697934034422,,,,5534.703035508174,,,,,,,,,,,,,1683.8409922774724,,,,,1.9971630135558346e-05,,,3763.382102502564,,811.6918731775227,,,,,,,-0.5421039548018916,,
2026-02-03 12:43:20+00:00,,,,9.603121403925666,,,,,4097.023632565234,,,,,,,,,,,,,2174.0064672194862,1.0969622077669623e-06,,,,,,,,,1666.5951699199306,,,,,,,-0.6400331765185402,,True
2026-02-03 12:43:21+00:00,,,,9.662446929240913,,,,,8395.40690569138,,,,,,,,,1,,,,,6.557104808874037e-07,,,,,,,,,1503.4909424699676,,,,,,,-0.5321512844631527,,False
2026-02-03 12:43:22+00:00,-10.677912859901156,,,9.673427605672876,,,-11.74543407662442,,19348.485624995115,0.7188345947363372,,,,,,,,1,,,,,5.7528019196728e-05,,,,,,,,,9271.502588035257,7.239124770643494e-06,,,222.56627124808617,,,-0.4948016907030765,,True
2026-02-03 12:43:23+00:00,-10.704643111521287,,,9.66612508383839,,,-11.77613915996126,,7753.103820930467,0.6329549263685954,,,,,,,,1,,,,,1.1203130059751749e-05,,,,,,,,,1717.5274911359966,2.425769357956103e-05,,,1760.3501844076989,,,,,True
2026-02-03 12:43:24+00:00,-10.692543434233055,,,9.628683193678738,,,-11.78296497526008,,,0.6118442334805275,,-0.71185299858992,,,,,,1,,,,,2.4583312661157333e-07,,,,,,,,,,7.639437850663245e-06,,,248.0961492505063,,,,,True
2026-02-03 12:43:25+00:00,-10.70456853973438,,,9.622355344425635,,,-11.779020590922563,,,0.5357265383809505,,-0.4976432752849464,,,,,,1,,,,,,1211.8701539854678,,,,,,,,,2.386820655342788e-06,,,672.1846360716638,,,,,
2026-02-03 12:43:26+00:00,-10.704302156439583,,,9.65946544541323,,0.0,-11.788275379998472,,,0.6209216781965875,,-0.619098753400432,,,,,,,,,,,,2098.5310223089077,,,,,,,,,3.6323276289326224e-06,,1.5059529941660554e-05,2480.041070128084,2.656744817834961e-05,,,,
2026-02-03 12:43:27+00:00,,,,9.670918166254706,,0.0,,,,,,-0.3884875099420568,,,,,,,-20.0,,,,,308.40835131753784,,,,704.0685779372216,,,,,,,3.391342350167564e-06,,8.481125228966325e-08,0.5247708056944546,,,
2026-02-03 12:43:28+00:00,,64.52470792108583,,9.672099410930665,,0.0,,,,,,-0.8014128177585816,,-11.683108453129451,,0.3131569016239436,,,-20.0,,,,,1540.3562180300837,3.1917018982262634e-06,,,1110.6063140298097,,,,,,,1.4700498029935772e-06,,6.220027179153337e-06,0.4919220493498545,,,
2026-02-03 12:43:29+00:00,,64.4533830542393,,9.66532035400617,,0.0,,,,,,,335.0451646443238,-11.776660145284124,260.66706459930515,0.2722049151226656,,,-20.0,,,,,2170.514072902415,3.710323786077248e-06,,,4785.484084955679,,,,,,,2.2577438933945466e-05,,1.6225377966118416e-06,0.31890283641534467,,,
2026-02-03 12:43:30+00:00,,64.4077362898426,69189.27465699357,9.65050946907149,,38.83275847955834,,6.655387019467048e-05,,,,,337.01191154049013,-12.740999984794604,143.63765190716435,0.1662339429423018,,,7.1829309356908375,,,,,,4.4653464541595975e-06,,,1052.9789620361364,,,,,,,2.445233837606612e-06,,5.008764658521428e-06,0.0979038802876781,,,
2026-02-03 12:43:31+00:00,,64.54781963633522,69189.08570472206,9.624681423548791,,,,7.933491905635384e-06,,,,,327.786887006762,-12.230696172217185,617.2277369288742,0.0108208824171044,,,-3.0546317016550724,,,,,,2.0975846395351405e-06,815.2107456520908,,53.58286311901114,,,,,,,,,,0.15040732831562276,,False,
2026-02-03 12:43:32+00:00,,64.49066953422893,69189.64423384657,9.617673649384493,,,,3.538203298621934e-05,,,,,337.27544845907926,-11.72532926709793,181.27731944301215,0.2831930414849492,,,,,,,,,7.27874357381425e-06,2959.68559945257,,,,,,,,2484.8175013373398,,,,,,False,
2026-02-03 12:43:33+00:00,,,69194.58633706022,9.656500875801305,,,,1.6713369994821176e-05,,,0.7394410915087403,,333.9731805642885,,346.0404489853794,,1.7307894660584583e-06,,,,12.434175117090836,,,,,365.4308371878831,,,2.0264108754490197e-06,,,,,511.6912765087994,,,,,,False,
2026-02-03 12:43:34+00:00,,,69199.25377032088,9.647113874670136,,,,3.089777607953877e-05,,,0.7945426818140582,,,,,,3.2027999753030032e-06,,,1.1235574818199845,12.409901183927133,,,,,924.44336568708,,,1.2170018140619666e-06,,3.2251600467295607e-06,,,4897.338850727054,,,,,,False,
2026-02-03 12:43:35+00:00,,,,9.677322052962891,184.3145380587951,,,,,,0.8463202667971047,,,,,,2.33490230966918e-06,,,1.1374447823752152,12.492992113647986,,,,,1532.1188684546282,3.811383922496365e-07,,7.240495151601962e-06,241.6438479048481,1.9851656340106444e-06,,,343.85496981691006,,,,,,False,
2026-02-03 12:43:36+00:00,,,,9.704486402640516,188.38779532383057,,,,,,0.8013026947965133,,,,,,9.172376198665992e-07,,,1.1470488731885475,12.507341285819669,326.04527330277773,,,,,3.165430153568188e-06,,3.709206826511033e-06,307.2835845324686,2.4085282943753726e-06,,,335.336835126448,,,,,,,
2026-02-03 12:43:37+00:00,,,,9.72479520181685,188.98448631011823,,,,,,0.8078636239512448,,,,,,7.004623925596253e-07,,,1.1575106918346698,12.52604706639723,1508.9393559705463,,,,,7.04468761707627e-08,,2.5764336174364675e-06,565.5213652945182,3.672934444511991e-06,,,,,,,,,,
2026-02-03 12:43:38+00:00,,,,9.770811357331135,197.32061255554265,,,,,,,,,,,,,,,1.1049509354776568,,1027.9688024223265,,,,,2.1674363657660137e-06,,,1118.5919527708652,1.429590390695538e-06,,,,,,,,-0.954653755038998,,
2026-02-03 12:43:39+00:00,,,,9.747794250835264,232.4021094893292,,,,23187.496030758142,,,,,,,,,,,,,3778.091043995864,,,,,6.041107643945135e-06,,,9049.65176069547,,3030.0216536295184,,,,,,,-0.610115993336595,,
2026-02-03 12:43:40+00:00,,,,9.75239238392809,,,,,10012.007361125136,,,,,,,,,,,,,852.0358488148233,3.1355053583257826e-05,,,,,,,,,2073.2653295378263,,,,,,,-0.5387646396900782,,True
2026-02-03 12:43:41+00:00,,,,9.827494614064042,,,,,8738.0476527054,,,,,,,,,1,,,,,1.4239703509891791e-05,,,,,,,,,1339.8259073323643,,,,,,,-0.24166642860348472,,True
2026-02-03 12:43:42+00:00,-10.782009746624574,,,9.828252723218188,,,-11.85247274201546,,9826.246585405888,0.6342963832380919,,,,,,,,1,,,,,6.890999579710394e-06,,,,,,,,,3860.082960584836,1.4514296568008668e-05,,,2395.869818373997,,,-0.5680547602422741,,True
2026-02-03 12:43:43+00:00,-10.8003859736323,,,9.860544736642424,,,-11.86378418428788,,5400.888548068719,0.7049135859088088,,,,,,,,1,,,,,4.126065569699471e-06,,,,,,,,,144.71775399449947,3.1015643609188965e-06,,,1727.1689258658066,,,,,True
2026-02-03 12:43:44+00:00,-10.833174045099668,,,9.848985101268962,,,-11.861352057594315,,,0.7273299383370178,,-0.2529108003203414,,,,,,1,,,,,7.260091706272051e-06,,,,,,,,,,2.414804270463601e-06,,,430.70939181261264,,,,,True
2026-02-03 12:43:45+00:00,-10.807975148130488,,,9.856155388226192,,,-11.846853678114597,,,0.6295455686686297,,-0.372023832016908,,,,,,1,,,,,,1713.584349917008,,,,,,,,,2.3635496678330325e-06,,,4538.033536753575,,,,,
2026-02-03 12:43:46+00:00,-10.834465447721588,,,9.817881277393486,,0.0,-11.862089472869451,,,0.6591375352500453,,-0.7132757023931826,,,,,,,,,,,,1361.834117648676,,,,,,,,,1.1110802395592116e-06,,1.5293024668029498e-05,1427.2217378216344,6.7960155496231175e-06,,,,
2026-02-03 12:43:47+00:00,,,,9.786096360060592,,0.0,,,,,,-0.7933250371949073,,,,,,,-20.0,,,,,2726.748462728639,,,,6292.318939248863,,,,,,,1.2682538667156648e-05,,3.0467264186596117e-05,-0.9955584582171104,,,
2026-02-03 12:43:48+00:00,,65.05343418087793,,9.76161241636415,,0.0,,,,,,-0.9877092553645084,,-11.9550550384561,,0.2993068459335761,,,-20.0,,,,,302.4447312456612,1.9099266919193514e-06,,,515.187219465982,,,,,,,9.635055216186204e-06,,2.7101220180514694e-07,-0.9991818113442029,,,
2026-02-03 12:43:49+00:00,,65.19705314704402,,9.74886981999432,,0.0,,,,,,,369.955606131222,-11.782446312633828,343.8913272057,0.1522389647627015,,,-20.0,,,,,1586.173248965774,7.938379223485995e-06,,,1436.539043275263,,,,,,,1.210667272333042e-06,,9.074345163199112e-06,-0.9807783708090152,,,
2026-02-03 12:43:50+00:00,,65.4591951846599,69215.4662815208,9.68394309344728,,0.0,,4.292651029146849e-05,,,,,341.0907100373129,-11.97341187595653,121.09340165098232,0.4859306386202173,,,-20.0,,,,,,8.685206560937131e-06,,,3156.2981672600204,,,,,,,1.8445602287499764e-05,,8.121081893015024e-06,-0.9302592470920122,,,
2026-02-03 12:43:51+00:00,,65.12570576105723,69213.59462009187,9.702656168243797,,,,5.987585687748245e-05,,,,,367.58663200269433,-11.854725383133983,123.04936327561906,0.1689726672197447,,,-20.0,,,,,,2.342242247391949e-05,12442.36829818858,,3613.283576973189,,,,,,,,,,-0.9627103197257119,,False,
2026-02-03 12:43:52+00:00,,65.19541599786916,69208.72024442024,9.677707876695194,,,,8.190650507325045e-06,,,,,347.64743025996586,-11.00596410716122,671.4509253529163,0.075641351527282,,,,,,,,,3.1128120752069284e-06,813.832090464661,,,,,,,,215.13486572263292,,,,,,False,
2026-02-03 12:43:53+00:00,,,69211.20564341324,9.650180738009336,,,,6.014335965936645e-05,,,0.7786480449484776,,331.763811288002,,10.0,,6.232355775729541e-06,,,,12.536462362072932,,,,,2250.570845185238,,,1.3975967033013258e-05,,,,,4497.174003913618,,,,,,False,
2026-02-03 12:43:54+00:00,,,69211.03917963078,9.697047738579949,,,,1.5584496876849292e-05,,,0.7538698564382027,,,,,,1.607138306110011e-06,,,1.079308857629052,12.586908932217687,,,,,2865.903863067215,,,5.282346259003768e-06,,2.4420123128554845e-06,,,465.29081287749455,,,,,,False,
2026-02-03 12:43:55+00:00,,,,9.703784582918136,255.96391522783156,,,,,,0.7417531219340914,,,,,,1.9401203039525605e-06,,,1.1232338562114712,12.614128429401688,,,,,2099.33459643842,7.243161570170144e-07,,1.2171998027702628e-05,2295.3013346315765,4.817368046803845e-06,,,71.79223227285082,,,,,,False,
2026-02-03 12:43:56+00:00,,,,9.715569204827649,250.86230823484468,,,,,,0.8093015752539257,,,,,,1.3731816711004752e-06,,,1.1102136031310077,12.63915372297392,245.25763441113196,,,,,9.215679805164032e-06,,1.1725599969587048e-09,2422.6020489271577,6.59746309188852e-06,,,599.1219849660998,,,,,,,
2026-02-03 12:43:57+00:00,,,,9.722047257629256,254.9639589360408,,,,,,0.7504022728694741,,,,,,2.360917171779932e-06,,,1.132591373560017,12.552327369410577,1200.5870698016713,,,,,4.950358327741265e-07,,4.704408799425035e-06,663.4792962239861,1.804323271573353e-06,,,,,,,,,,
2026-02-03 12:43:58+00:00,,,,9.721189352644062,228.5337283874753,,,,,,,,,,,,,,,1.1492737701767914,,357.3038971973754,,,,,3.434298791490801e-06,,,1766.3242650599802,3.938479717685775e-06,,,,,,,,-0.6621790446087005,,
2026-02-03 12:43:59+00:00,,,,9.73459202140639,242.7973726149588,,,,6692.096206632894,,,,,,,,,,,,,144.15980879754068,,,,,1.0616376353473883e-06,,,2700.841385446012,,390.43331958990336,,,,,,,-0.4571387121175144,,
2026-02-03 12:44:00+00:00,,,,9.745673353012316,,,,,13505.318713129647,,,,,,,,,,,,,2928.919993832863,4.553935952569056e-05,,,,,,,,,2406.980059915917,,,,,,,-0.4342960978325272,,True
2026-02-03 12:44:01+00:00,,,,9.801593728445134,,,,,19068.64307943426,,,,,,,,,1,,,,,1.6496447615722303e-08,,,,,,,,,1593.652150775108,,,,,,,-0.6178796820103127,,True
2026-02-03 12:44:02+00:00,-10.698946162838176,,,9.819876767911168,,,-11.90232308252465,,6308.463842623431,0.6339570432419486,,,,,,,,1,,,,,7.590798190668296e-06,,,,,,,,,1574.4527485476915,6.450842393124537e-06,,,52.12401213531285,,,-0.4369583784030692,,True
2026-02-03 12:44:03+00:00,-10.70266592741496,,,9.842328799736269,,,-11.893503148153393,,4983.896534232681,0.6431833674190797,,,,,,,,1,,,,,8.502805928983385e-07,,,,,,,,,1675.1827016014147,2.0149981132380654e-06,,,281.3415821623236,,,,,True
2026-02-03 12:44:04+00:00,-10.696942618383636,,,9.85449802186021,,,-11.914499816409002,,,0.6234102472973052,,-0.5369839801866397,,,,,,1,,,,,3.556292927396536e-06,,,,,,,,,,1.065929305435591e-05,,,2762.280789083584,,,,,True
2026-02-03 12:44:05+00:00,-10.6738496831087,,,9.895156318347096,,,-11.915041017225708,,,0.6678824486459544,,-0.3133870882257085,,,,,,1,,,,,,106.60288927278532,,,,,,,,,4.2339671809296775e-06,,,392.02959823946907,,,,,
2026-02-03 12:44:06+00:00,-10.6606279770173,,,9.850036678233948,,0.0,-11.93105507627958,,,0.5878453016830925,,-0.7424745760693202,,,,,,,,,,,,253.2708498730705,,,,,,,,,3.732132377077177e-06,,4.61016587487274e-06,229.20960935172545,1.991563965364861e-06,,,,
2026-02-03 12:44:07+00:00,,,,9.905401547112309,,19.49022276827841,,,,,,-0.9378855610223968,,,,,,,-6.356844062205111,,,,,593.8411510775769,,,,2204.5794874347025,,,,,,,9.8349010700171e-07,,2.2228623586545248e-06,-0.7762142469480685,,,
2026-02-03 12:44:08+00:00,,65.02137614422904,,9.889016127444862,,8.397785144294271,,,,,,-0.5764598390595113,,-12.182742134048292,,0.0824977960518548,,,-14.12155039899401,,,,,3016.321468125918,1.4874896694134538e-06,,,235.62981656805945,,,,,,,2.9660337846843187e-05,,5.862153101675555e-06,-0.8035460335163859,,,
2026-02-03 12:44:09+00:00,,64.77017757577279,,9.919132130094662,,0.0,,,,,,,363.6767804849375,-11.850244259419052,304.1628970515918,0.1365191625367187,,,-20.0,,,,,2451.8053670090217,3.185038388619992e-06,,,142.73463826948512,,,,,,,6.55400759873396e-06,,2.0359100925612762e-07,-0.7837648554721106,,,
2026-02-03 12:44:10+00:00,,64.88437988406379,69223.95154089616,9.96171744347516,,0.0,,3.894184520982046e-05,,,,,358.5057978800921,-12.024358395610175,71.59296437851486,0.2904027131724858,,,-20.0,,,,,,1.8830220594981156e-06,,,2744.2656067994258,,,,,,,9.066162370654304e-06,,7.413345064935091e-06,-0.6680815374878245,,,
2026-02-03 12:44:11+00:00,,65.12440926132885,69222.40535357526,9.932246778437143,,,,2.749498622137486e-05,,,,,347.76814113986075,-11.494081416956003,242.24296278604584,0.0547018022079924,,,-20.0,,,,,,7.003204220143487e-06,3585.985341460642,,891.6496650630783,,,,,,,,,,-0.7318471070958131,,False,
2026-02-03 12:44:12+00:00,,65.09965045117065,69219.54581159896,9.924057819905942,,,,0.00010111100573,,,,,341.5361012203691,-12.336235057308729,35.085230708601124,0.0944934781792591,,,,,,,,,1.1880055185724522e-05,15313.137293878592,,,,,,,,10351.661469267288,,,,,,False,
2026-02-03 12:44:13+00:00,,,69212.39843478403,9.973474684861042,,,,2.086691077760728e-05,,,0.8608448000046347,,359.46877016404767,,315.1973441245862,,2.092240812450412e-06,,,,12.956479647967138,,,,,879.851089775294,,,1.973134186397052e-06,,,,,1437.8707901160756,,,,,,False,
2026-02-03 12:44:14+00:00,,,69211.22313195573,10.005715543400434,,,,1.3453847979267037e-05,,,0.7941066049876562,,,,,,1.3446162766580863e-06,,,1.266170286171294,12.996292343056352,,,,,1682.3772032133704,,,3.557358832221733e-06,,2.6732561886336927e-06,,,510.5235600221432,,,,,,False,
2026-02-03 12:44:15+00:00,,,,9.97613024420566,233.4573290045545,,,,,,0.7866605397891475,,,,,,1.407493813045328e-05,,,1.279883143901441,12.94253988772424,,,,,11299.32232108524,5.816496509459419e-06,,1.1317906591769414e-06,17136.786058466325,1.60255773173352e-05,,,179.1193599840217,,,,,,False,
2026-02-03 12:44:16+00:00,,,,9.959151021748836,223.7521558754257,,,,,,0.8176319009782816,,,,,,6.366021720008222e-06,,,1.3360171555329314,12.925062754920791,3682.35655560598,,,,,1.944504759396481e-05,,1.2241246938012097e-06,4755.026517694655,1.177726851138002e-06,,,2739.419051479756,,,,,,,
2026-02-03 12:44:17+00:00,,,,10.011855869021565,217.4282794926015,,,,,,0.7681797869322988,,,,,,2.8562857196980797e-06,,,1.4019367568335437,12.956165477647469,5.394169042468909,,,,,9.301317484522368e-06,,1.040949486567763e-05,1416.4524106812833,5.1256320059215e-06,,,,,,,,,,
2026-02-03 12:44:18+00:00,,,,10.006547642156637,207.19292403370315,,,,,,,,,,,,,,,1.3962677483746893,,300.5570911141299,,,,,1.910813376450632e-06,,,1059.6270488389598,1.1825684232022395e-06,,,,,,,,-0.8894728176040638,,
2026-02-03 12:44:19+00:00,,,,10.009180496960523,189.02867289716897,,,,4804.152387617468,,,,,,,,,,,,,2554.94644873721,,,,,4.2145423240030666e-07,,,326.8828204779545,,154.7561128293827,,,,,,,-0.987609931411557,,
2026-02-03 12:44:20+00:00,,,,9.996714803106627,,,,,14199.12460793696,,,,,,,,,,,,,1288.2496308633956,6.227374893894538e-06,,,,,,,,,2868.547854396523,,,,,,,-0.9793506393663629,,True
2026-02-03 12:44:21+00:00,,,,9.930369215597532,,,,,18939.02830589175,,,,,,,,,1,,,,,5.916072150982429e-06,,,,,,,,,1222.2605631495435,,,,,,,-0.9949760821073185,,True
2026-02-03 12:44:22+00:00,-10.549899367339677,,,9.956480173399084,,,-11.990066761313578,,13109.755325346649,0.7243378197729958,,,,,,,,1,,,,,1.285654988770208e-05,,,,,,,,,4952.519257244137,2.6244438680558152e-05,,,1582.5800166724614,,,-0.9422709277951621,,True
2026-02-03 12:44:23+00:00,-10.514258726270617,,,9.966306010399038,,,-11.97500221154834,,12192.752292239476,0.6372462030584565,,,,,,,,1,,,,,1.5456226368823872e-05,,,,,,,,,1183.4517204238966,4.339064496138206e-06,,,2847.40562522281,,,,,False
2026-02-03 12:44:24+00:00,-10.48707961941017,,,10.007746675768832,,,-11.98334750678148,,,0.6285869221257164,,-0.4481023708384706,,,,,,1,,,,,1.1851038303604031e-05,,,,,,,,,,4.797020074564108e-06,,,1882.8943264185548,,,,,True
2026-02-03 12:44:25+00:00,-10.469185822178098,,,10.055111113916531,,,-11.972925441616791,,,0.7310185409629711,,-0.9623551878890482,,,,,,1,,,,,,2158.738247894902,,,,,,,,,3.823348522305911e-06,,,239.28501603057003,,,,,
2026-02-03 12:44:26+00:00,-10.477449542635329,,,10.078815110575146,,0.0,-11.995308622274976,,,0.6336109967525492,,-0.570820505694206,,,,,,,,,,,,20174.55968749637,,,,,,,,,3.430038862851354e-05,,2.267019038626112e-05,12030.367200406536,3.892454994192487e-05,,,,
2026-02-03 12:44:27+00:00,,,,10.046077261340416,,10.044388804909753,,,,,,-0.0336147825210224,,,,,,,-12.968927836563177,,,,,69.5063961615462,,,,4232.1069729186,,,,,,,2.149309369057319e-06,,4.920663816880153e-06,-0.047058629749564,,,
2026-02-03 12:44:28+00:00,,64.52022048832136,,10.075432461173138,,0.0,,,,,,-0.2709917315762826,,-11.883840165879828,,0.1943426278497231,,,-20.0,,,,,3317.186836325867,3.297950121685182e-06,,,3120.22932543447,,,,,,,1.1640933245625867e-06,,5.767038151731418e-06,-0.08228604857592212,,,
2026-02-03 12:44:29+00:00,,64.5203288694244,,10.07622548625494,,0.0,,,,,,,374.90365378046687,-12.509851512122918,299.07526685509686,0.1593627729154369,,,-20.0,,,,,3822.01588736244,3.232838717735195e-07,,,583.4411283335052,,,,,,,3.443525652442426e-06,,6.154413977307683e-06,-0.058611208287903796,,,
2026-02-03 12:44:30+00:00,,64.47368889967468,69214.79727484057,10.107764092505432,,71.51256517467924,,3.79598348452231e-05,,,,,345.09654268820987,-11.975414759776822,142.11259960728552,0.211519584469268,,,30.05879562227546,,,,,,1.2204871191823604e-05,,,3882.772902284551,,,,,,,3.054104809252682e-06,,2.0561941044948307e-05,-0.13970235974103098,,,
2026-02-03 12:44:31+00:00,,64.76505430261578,69213.88733537638,10.096136504825548,,,,6.403917713260284e-05,,,,,347.95951889744293,-11.227392751915207,10.0,0.2116269429191148,,,-20.0,,,,,,9.992530547098869e-06,676.6787241503276,,10986.613714267274,,,,,,,,,,-0.08354162734118438,,False,
2026-02-03 12:44:32+00:00,,65.00026757395273,69214.33298561697,10.10673296240751,,,,8.383307245720444e-05,,,,,354.6836100048885,-12.205872024720447,83.00644916107345,0.4348263630543228,,,,,,,,,7.986799347923995e-07,3727.4634520851455,,,,,,,,235.2148890406853,,,,,,False,
2026-02-03 12:44:33+00:00,,,69211.70562392726,10.075384712618678,,,,1.291499838314926e-05,,,0.7960946043194375,,354.50540381829654,,513.78137699224,,1.2818367488215288e-06,,,,13.116083881421568,,,,,54.71910227595512,,,4.162363829819701e-06,,,,,1501.0818961762047,,,,,,False,
2026-02-03 12:44:34+00:00,,,69207.33667558979,10.059668309474874,,,,2.039100041169308e-05,,,0.8036174417591427,,,,,,2.0270052435513667e-06,,,1.5263769059287826,13.102787982475364,,,,,103.38132706929052,,,7.67445339612512e-06,,8.829261350882833e-06,,,2952.162062015967,,,,,,False,
2026-02-03 12:44:35+00:00,,,,10.040752079950266,177.11774305434923,,,,,,0.8311735353686336,,,,,,2.578524777937677e-06,,,1.4387139796929662,13.091629904247409,,,,,201.40171034867456,6.42818316330384e-06,,1.2167019156730364e-05,4501.845016467413,1.3839755687845937e-05,,,625.9620533028994,,,,,,False,
2026-02-03 12:44:36+00:00,,,,10.047227617021198,183.375862298324,,,,,,0.8456690539170356,,,,,,2.615490210447437e-06,,,1.4090753814706918,13.129844309643524,491.5812385333541,,,,,1.431475626563988e-05,,3.034414291183587e-07,264.2627490849311,7.263505991880251e-06,,,3738.68468479926,,,,,,,
2026-02-03 12:44:37+00:00,,,,10.01654020614721,202.48795319391783,,,,,,0.8092867859303022,,,,,,2.279569130425033e-06,,,1.353168176669909,13.05556787696119,178.6232399450088,,,,,1.5523415586944835e-05,,3.386349062801677e-06,486.6495317360621,1.2144747696579194e-05,,,,,,,,,,
2026-02-03 12:44:38+00:00,,,,10.002365889823269,193.56690644682035,,,,,,,,,,,,,,,1.3638576632761796,,2240.8214033845084,,,,,9.42597227447323e-08,,,2512.6638168388045,6.712479866643048e-07,,,,,,,,-0.972096654519516,,
2026-02-03 12:44:39+00:00,,,,9.982833799326077,170.59950243397444,,,,29411.558128961613,,,,,,,,,,,,,7290.938786059989,,,,,7.057615470508771e-05,,,6510.133529052243,,5051.580964990018,,,,,,,-0.9865707432200994,,
2026-02-03 12:44:40+00:00,,,,9.992574800346343,,,,,13482.89626061825,,,,,,,,,,,,,643.7606430824254,2.0418807776712286e-06,,,,,,,,,1150.8220971257283,,,,,,,-0.9976658599619757,,True
2026-02-03 12:44:41+00:00,,,,9.983083730139644,,,,,9696.564909698272,,,,,,,,,1,,,,,2.1015665078869403e-05,,,,,,,,,3212.011318784723,,,,,,,-0.9903154905179219,,True
2026-02-03 12:44:42+00:00,-10.699342747141223,,,9.974967925391333,,,-12.04350950374602,,10140.075810149472,0.5897918870630927,,,,,,,,1,,,,,1.7598879671322577e-05,,,,,,,,,214.6871635813208,3.929880455722943e-06,,,3665.023200583519,,,-0.8349173923520042,,True
2026-02-03 12:44:43+00:00,-10.686177795891464,,,9.97489455947637,,,-12.03703538301652,,39804.07945349366,0.6873969685883682,,,,,,,,1,,,,,4.460875952871549e-05,,,,,,,,,5046.446533383548,4.12769305754708e-05,,,10059.79960217903,,,,,True
2026-02-03 12:44:44+00:00,-10.696750049755437,,,9.955995296322389,,,-12.039763643262855,,,0.6522730182776707,,-0.4013678599996726,,,,,,1,,,,,8.681085730102029e-06,,,,,,,,,,1.7009025678464417e-06,,,328.2483537131869,,,,,True
2026-02-03 12:44:45+00:00,-10.700531800260372,,,9.869601240847748,,,-12.04291142176875,,,0.6929606335529455,,-0.2090973804995671,,,,,,1,,,,,,5945.5359679821,,,,,,,,,5.336600360159429e-05,,,2617.4015841707865,,,,,
2026-02-03 12:44:46+00:00,-10.718597473171338,,,9.890670700638736,,64.1864959023384,-12.032989703689774,,,0.6153394265169864,,-0.762119714663825,,,,,,,,,,,,3277.964318115066,,,,,,,,,3.07729508523294e-06,,7.381185967820027e-06,1678.0268285019322,2.196693054526634e-06,,,,
2026-02-03 12:44:47+00:00,,,,9.824709817259247,,24.70918043073568,,,,,,-0.5864139387692806,,,,,,,-2.7035736984850267,,,,,1320.9590529229306,,,,349.9070547382459,,,,,,,1.1844536872372436e-06,,8.850563225394007e-06,-0.9927478837867338,,,
2026-02-03 12:44:48+00:00,,65.24767561598956,,9.840174717399425,,84.5145415067091,,,,,,-0.7653389756632953,,-11.674009695389454,,0.2746899787531713,,,39.16017905469637,,,,,931.0787450113334,5.893971123703109e-06,,,454.43460607894906,,,,,,,2.573341072648316e-07,,1.2367568686332754e-05,-0.9539510794852553,,,
2026-02-03 12:44:49+00:00,,65.46055529567533,,9.784507364944856,,2.023397075656991,,,,,,,348.68922853534696,-12.305926223079672,393.22658455229066,0.0664788056145806,,,-18.583622047040105,,,,,7.856320076751899,3.631844345091992e-06,,,2867.305034709521,,,,,,,1.483250986496535e-05,,2.0069836677003977e-06,-0.8930559382990956,,,
2026-02-03 12:44:50+00:00,,65.34228080399824,69183.16871425614,9.727076289774788,,31.48736402451804,,1.6998091517916813e-05,,,,,352.43289593000605,-12.052949886451785,296.61689604648643,0.037523538967998,,,2.0411548171626244,,,,,,4.381895393122263e-06,,,2566.858303785204,,,,,,,8.290153928455557e-06,,2.686535412049288e-06,-0.8748430872525689,,,
2026-02-03 12:44:51+00:00,,65.60149660154397,69186.2546756842,9.826788127496492,,,,1.3743666060351278e-05,,,,,350.83608827822263,-11.838102446848012,338.307216740723,0.0788309892316345,,,6.326751188286018,,,,,,4.6174767839280495e-06,702.9493866933249,,386.3453109573565,,,,,,,,,,-0.885250659763712,,False,
2026-02-03 12:44:52+00:00,,65.61507243461827,69190.54239026674,9.827794988504602,,,,8.638662466504461e-06,,,,,335.1459233399392,-12.246865126010391,582.9766860602574,0.1033200288348631,,,,,,,,,9.410927955914227e-07,159.60375917492567,,,,,,,,203.47988508961893,,,,,,False,
2026-02-03 12:44:53+00:00,,,69192.09544369335,9.89444871450172,,,,1.081546658677231e-05,,,0.7911205996084958,,339.4089933762036,,390.89984013015794,,1.0930843040219824e-06,,,,12.963368223283798,,,,,540.4348494808403,,,1.941487999070665e-07,,,,,71.09000066710598,,,,,,False,
2026-02-03 12:44:54+00:00,,,69190.49396218319,9.934013113779644,,,,1.952640604941258e-05,,,0.8547095628090176,,,,,,1.965611060280076e-06,,,1.26115632983153,12.992618732859407,,,,,2377.510593109289,,,2.9680129291316272e-06,,9.3005728372821e-07,,,1164.370099343602,,,,,,False,
2026-02-03 12:44:55+00:00,,,,9.900394167303563,222.39557963547105,,,,,,0.804869817511437,,,,,,6.727814811169161e-06,,,1.2968407986785253,12.919030262341067,,,,,9692.562880506515,4.040774813393004e-05,,1.6749905756672578e-05,13038.199088141844,1.3319166575633875e-05,,,711.7636396427031,,,,,,False,
2026-02-03 12:44:56+00:00,,,,9.875781121578886,223.9147650745776,,,,,,0.8735016238373586,,,,,,2.4924112609990256e-06,,,1.3372316520808454,12.888137469632476,764.7366293796798,,,,,3.233097362098956e-06,,4.413833726653479e-06,896.7021410561747,1.029584393869909e-05,,,307.4529344786639,,,,,,,
2026-02-03 12:44:57+00:00,,,,9.914483456867838,237.5855753103552,,,,,,0.8233745839658348,,,,,,1.7981816504184075e-06,,,1.35266410470028,13.031295395618551,502.43720516728456,,,,,5.903499265493822e-06,,2.8131201373045162e-08,133.66317667499004,3.614807588160774e-07,,,,,,,,,,
2026-02-03 12:44:58+00:00,,,,9.831704204044293,236.06646464390903,,,,,,,,,,,,,,,1.3505051359571585,,229.5985615844345,,,,,3.915304619073183e-05,,,5929.703624707976,1.553128593143275e-05,,,,,,,,-0.5582308215816859,,
2026-02-03 12:44:59+00:00,,,,9.828802069097202,220.06165382951747,,,,8922.72118434895,,,,,,,,,,,,,4278.093928837302,,,,,5.109341482201054e-07,,,342.77271088101134,,5323.379554338943,,,,,,,-0.7653523202196598,,
2026-02-03 12:45:00+00:00,,,,9.800640451363954,,,,,16972.610536247932,,,,,,,,,,,,,3887.045795865233,6.212858038710245e-07,,,,,,,,,2357.837656045981,,,,,,,-0.8977540611062946,,True
2026-02-03 12:45:01+00:00,,,,9.826312633789302,,,,,4226.948776929398,,,,,,,,,1,,,,,9.883849095599478e-06,,,,,,,,,2588.7893955622035,,,,,,,-0.772012715250853,,True
2026-02-03 12:45:02+00:00,-10.690533272999426,,,9.909000808402368,,,-12.09705287910272,,24252.002244777515,0.5543744236294257,,,,,,,,1,,,,,2.073170406809636e-05,,,,,,,,,5045.163477957764,4.211541301826693e-05,,,13085.291694092044,,,-0.6993069337771599,,True
2026-02-03 12:45:03+00:00,-10.732256066713637,,,9.961320308715878,,,-12.099010719987884,,4684.155975344061,0.6282171946554209,,,,,,,,1,,,,,1.0203027719447626e-05,,,,,,,,,484.1811528752178,1.1261513923264543e-06,,,590.3409985961765,,,,,True
2026-02-03 12:45:04+00:00,-10.750843805496029,,,9.929301922014258,,,-12.080370025459075,,,0.684758352425572,,-0.8471098840891345,,,,,,1,,,,,2.009645049594154e-06,,,,,,,,,,7.385856397521578e-06,,,125.807065848022,,,,,True
2026-02-03 12:45:05+00:00,-10.729825028173565,,,9.915326793399508,,,-12.121541879428433,,,0.6006698028341119,,-0.5837181623856093,,,,,,1,,,,,,3421.9552675177038,,,,,,,,,8.396248167003366e-06,,,9842.200534130428,,,,,
2026-02-03 12:45:06+00:00,-10.710525500837797,,,9.876381614532097,,0.0,-12.125349410723407,,,0.6197290190702736,,-0.4935512158550534,,,,,,,,,,,,419.8983749996777,,,,,,,,,3.146771564366577e-06,,4.609359096790863e-06,520.4361403301906,4.477309484983765e-06,,,,
2026-02-03 12:45:07+00:00,,,,9.853917241133196,,13.558330688842982,,,,,,-0.5630456722444761,,,,,,,-10.509168517809911,,,,,1658.6464396191298,,,,1369.1060297075412,,,,,,,7.339986200260375e-07,,1.3276862490069694e-06,-0.8625365941973094,,,
2026-02-03 12:45:08+00:00,,66.88301080345109,,9.783760237904346,,0.0,,,,,,-0.2801492910670077,,-11.545515197294216,,0.1864757214631504,,,-20.0,,,,,1190.98168627953,4.206413395878816e-06,,,4818.30689322759,,,,,,,1.1377272824181778e-05,,8.266355352991788e-06,-0.9737465061495068,,,
2026-02-03 12:45:09+00:00,,67.04403295372707,,9.722196425019884,,47.32336703962892,,,,,,,357.1456586099257,-12.511309038791651,609.86543911979,0.4303516574549508,,,13.12635692774024,,,,,911.5425861127746,2.3555813217308173e-06,,,282.06530560606086,,,,,,,2.5546717841733013e-06,,1.3172126070142352e-06,-0.9955033885571909,,,
2026-02-03 12:45:10+00:00,,67.29360581438719,69185.21383299316,9.679951175082229,,0.0,,6.043544731693624e-06,,,,,345.2660603290675,-12.082491656861118,676.4868535572832,0.0174239515896707,,,-20.0,,,,,,1.7087929421931844e-06,,,994.0505196414704,,,,,,,4.7242134826560244e-07,,2.865784346874448e-06,-0.976156550308721,,,
2026-02-03 12:45:11+00:00,,67.29314983492252,69183.24943152636,9.623110803739106,,,,7.10588869013513e-05,,,,,344.1610495380661,-11.716921399875634,37.55767477356176,0.8537821072251265,,,-20.0,,,,,,1.4784760562138516e-05,2577.483639196085,,5641.695089917413,,,,,,,,,,-0.996158804760215,,False,
2026-02-03 12:45:12+00:00,,67.10955751416678,69183.13630462285,9.624606735001748,,,,1.5672985829671424e-05,,,,,339.22665508406965,-12.22975885251223,482.8640234264469,0.167573190074362,,,,,,,,,9.255967812361834e-06,1855.4319410678468,,,,,,,,780.6377860869519,,,,,,False,
2026-02-03 12:45:13+00:00,,,69187.98465127371,9.644771625290396,,,,2.0258885586512957e-05,,,0.7776403893790466,,344.6380228750544,,257.3336134558254,,2.100504436350817e-06,,,,12.906475815394971,,,,,865.6481819205487,,,7.62123597038576e-06,,,,,1593.3361120685415,,,,,,False,
2026-02-03 12:45:14+00:00,,,69186.72908507571,9.656002768373536,,,,2.1113201760724917e-05,,,0.7634072731303305,,,,,,2.186536423733983e-06,,,1.2521654278380954,12.900690557748808,,,,,2868.9678605465933,,,7.862794471899361e-07,,8.11468206044505e-06,,,1297.5754420979245,,,,,,False,
2026-02-03 12:45:15+00:00,,,,9.694533126537674,257.3296608410786,,,,,,0.7969887209661928,,,,,,8.63867711277051e-06,,,1.273620349243486,13.016152434056211,,,,,7535.867136599058,1.933740956652588e-05,,2.412764167309782e-05,4600.997333906555,3.0028591875729744e-05,,,2033.377765917431,,,,,,False,
2026-02-03 12:45:16+00:00,,,,9.67437381910871,269.2506829419819,,,,,,0.7873492237440798,,,,,,4.105114058702595e-06,,,1.2719897476072892,13.016892409041198,643.868441985748,,,,,4.19609202035528e-06,,8.463867111783492e-06,1277.9385290257103,9.806924362226698e-06,,,2996.996523303107,,,,,,,
2026-02-03 12:45:17+00:00,,,,9.66178324064462,257.93429108030506,,,,,,0.780329436018613,,,,,,2.0441501876451457e-06,,,1.2649851589719885,13.01501018043044,653.417728568897,,,,,2.6468520306818787e-06,,1.545593363326532e-05,20.94010374563418,2.541069752616225e-06,,,,,,,,,,
2026-02-03 12:45:18+00:00,,,,9.748617944346895,259.3438266737335,,,,,,,,,,,,,,,1.25662598479613,,18535.19200536296,,,,,1.848777588369707e-05,,,3242.957066793173,1.3844177380609084e-05,,,,,,,,-0.18491494120049315,,
2026-02-03 12:45:19+00:00,,,,9.652062414192244,245.8350222231664,,,,2400.786102337716,,,,,,,,,,,,,374.8786053242157,,,,,4.1277025935597036e-08,,,390.0049929098841,,886.4950975454582,,,,,,,-0.40936542104273865,,
2026-02-03 12:45:20+00:00,,,,9.634250391560206,,,,,3865.877964870217,,,,,,,,,,,,,1571.7241663925784,2.139749584993337e-06,,,,,,,,,661.8524286685148,,,,,,,-0.2534726305299809,,True
2026-02-03 12:45:21+00:00,,,,9.646202205071658,,,,,3783.275877861508,,,,,,,,,1,,,,,4.575142545620615e-06,,,,,,,,,870.0286829425137,,,,,,,-0.3970570741265348,,True
2026-02-03 12:45:22+00:00,-10.727334741942776,,,9.590459636459208,,,-12.142414727708356,,1891.7929097779613,0.4931484057265568,,,,,,,,1,,,,,3.811141006739561e-06,,,,,,,,,145.81133194210213,1.474473028783281e-06,,,649.4150214688608,,,-0.5177044695747246,,True
2026-02-03 12:45:23+00:00,-10.737144610618106,,,9.607134431875362,,,-12.143236646102906,,5555.2109496302,0.7063112273528656,,,,,,,,1,,,,,2.343632673467369e-06,,,,,,,,,517.9868828739251,1.2644816778071073e-06,,,1715.3389203434947,,,,,True
2026-02-03 12:45:24+00:00,-10.708439052427623,,,9.728227811444254,,,-12.159383538415383,,,0.6387192162496966,,-0.3471072571122501,,,,,,1,,,,,2.7027045183421336e-05,,,,,,,,,,3.4685603870855587e-05,,,899.2139713785668,,,,,True
2026-02-03 12:45:25+00:00,-10.698158509660445,,,9.71675378232409,,,-12.14025812263465,,,0.7013486963254169,,-0.5139808305322323,,,,,,1,,,,,,1897.4391671614744,,,,,,,,,9.654103457874286e-06,,,440.10754725736257,,,,,
2026-02-03 12:45:26+00:00,-10.693546279581083,,,9.674504766489804,,0.0,-12.123686309053593,,,0.6605363262885064,,-0.9319222322148724,,,,,,,,,,,,2511.442649667486,,,,,,,,,2.3272186039549973e-05,,5.871723667507015e-06,2367.268616156965,2.167775189770747e-05,,,,
2026-02-03 12:45:27+00:00,,,,9.678835009050886,,0.0,,,,,,-0.7457532934349481,,,,,,,-20.0,,,,,1558.3933056755138,,,,821.0218457994912,,,,,,,1.1484839671057839e-07,,1.0581535286892598e-05,-0.5961212106152877,,,
2026-02-03 12:45:28+00:00,,67.34677807333298,,9.675076298164845,,32.11245957873162,,,,,,-0.6241537750654278,,-11.059112808803023,,0.2650815806535828,,,2.478721705112129,,,,,527.4510764922816,7.107637224207565e-06,,,1082.4967853071432,,,,,,,1.943089231103631e-06,,8.614989529401783e-06,-0.6672003331932714,,,
2026-02-03 12:45:29+00:00,,67.24498094251757,,9.658434610896649,,26.72091613197149,,,,,,,337.50134765617304,-12.016386172641583,459.1989184690352,0.2368324900912466,,,-1.2953587076199575,,,,,490.7598278933989,3.83677836789952e-07,,,12.163436407108444,,,,,,,1.7096313696239148e-06,,3.7478249125855794e-06,-0.6558828886865459,,,
2026-02-03 12:45:30+00:00,,67.44554885694055,69181.01226064828,9.679177956664144,,0.0,,1.3378540024867046e-05,,,,,318.78143266495374,-11.568485419655278,426.20310214135606,0.4471681631777204,,,-20.0,,,,,,3.4767997639539382e-06,,,35.23511703625164,,,,,,,4.6950417730142765e-06,,1.1130302858349169e-07,-0.715244111683354,,,
2026-02-03 12:45:31+00:00,,67.31363672329205,69181.34484502612,9.615334508307992,,,,1.5630210309770387e-05,,,,,332.55848039725305,-11.580351948605232,427.0510539577342,0.3500192749070556,,,-20.0,,,,,,7.526073362915453e-06,808.761719634829,,463.1178531975195,,,,,,,,,,-0.7298034100923275,,False,
2026-02-03 12:45:32+00:00,,67.38707442132907,69185.54376501871,9.589999522400056,,,,2.39725674711854e-05,,,,,324.76734343919225,-13.2138362865881,281.01899335169315,0.0354372265403891,,,,,,,,,1.6970250949077728e-06,2391.9119656726352,,,,,,,,2091.004391413184,,,,,,False,
2026-02-03 12:45:33+00:00,,,69191.56629459886,9.588317735129982,,,,7.511464360355608e-06,,,0.7170784302470229,,340.31688444299186,,567.2879784578245,,7.833975226785474e-07,,,,12.949743547845772,,,,,720.5109500917171,,,1.0598645721562867e-06,,,,,994.2416537539742,,,,,,False,
2026-02-03 12:45:34+00:00,,,69188.95384029763,9.58283509347524,,,,8.768926921835434e-05,,,0.7675889366681451,,,,,,9.15066035917285e-06,,,1.4987655912753206,12.913717015583575,,,,,6696.987987136337,,,2.3720105762119084e-05,,4.61201987187152e-06,,,3727.6994158251177,,,,,,False,
2026-02-03 12:45:35+00:00,,,,9.608941842318725,235.38295390751856,,,,,,0.7697515543255917,,,,,,8.959174864167482e-07,,,1.4655020576297424,12.95892604251856,,,,,44.03957658932298,5.573365945290198e-07,,6.107297434422612e-07,96.02551401268344,2.535490829180992e-06,,,1415.936189891374,,,,,,False,
2026-02-03 12:45:36+00:00,,,,9.516674988206772,229.8371608171852,,,,,,0.7666741965481225,,,,,,2.5787704102426743e-06,,,1.482093040467929,12.848758340426604,682.0170046090765,,,,,1.2084880074623342e-05,,5.699550021509549e-06,4183.063163881602,1.092022594414369e-06,,,1819.471458500127,,,,,,,
2026-02-03 12:45:37+00:00,,,,9.530048244162128,220.3618515545495,,,,,,0.7717189261394342,,,,,,1.0783550700592855e-06,,,1.4482038885277144,12.900558829829562,1079.681237474995,,,,,2.2923569977338647e-07,,5.366911227613709e-06,1036.7401981538508,8.15709110799589e-07,,,,,,,,,,
2026-02-03 12:45:38+00:00,,,,9.605020347261126,227.254140362434,,,,,,,,,,,,,,,1.479412391339828,,197.12012133686832,,,,,6.815605557219566e-06,,,1508.361471479598,3.913773681752727e-05,,,,,,,,-0.6787476794449588,,
2026-02-03 12:45:39+00:00,,,,9.575975831095446,215.11700902002764,,,,1074.328817490156,,,,,,,,,,,,,283.92082040863846,,,,,2.995920774223286e-07,,,314.97538224316474,,88.35216870477025,,,,,,,-0.8179789833613303,,
2026-02-03 12:45:40+00:00,,,,9.507128085492154,,,,,24505.71223663532,,,,,,,,,,,,,10653.103971253193,7.039044748239053e-05,,,,,,,,,5854.383508423483,,,,,,,-0.6705953559542036,,True
2026-02-03 12:45:41+00:00,,,,9.50226802302299,,,,,2074.535218884882,,,,,,,,,1,,,,,4.499285124557403e-06,,,,,,,,,176.7746805109549,,,,,,,-0.665408020107805,,False
2026-02-03 12:45:42+00:00,-10.561946470036531,,,9.468871192622466,,,-12.18462060171908,,16915.21769100719,0.622672733340138,,,,,,,,1,,,,,2.835018554308101e-05,,,,,,,,,6099.313039747105,8.982976789618479e-06,,,8063.199367082459,,,-0.6516434715871137,,True
2026-02-03 12:45:43+00:00,-10.561452295722155,,,9.505255607338778,,,-12.171238155362282,,11754.227107674573,0.6678855793278725,,,,,,,,1,,,,,5.835477171087263e-06,,,,,,,,,1383.615846237762,6.422452794647208e-06,,,2191.257838200256,,,,,True
2026-02-03 12:45:44+00:00,-10.550755922154831,,,9.504127355962137,,,-12.19227966620711,,,0.63723434799806,,-0.3145122843450842,,,,,,1,,,,,3.3482055442470958e-06,,,,,,,,,,6.136558352704662e-07,,,379.59857129410113,,,,,True
2026-02-03 12:45:45+00:00,-10.561327454030655,,,9.496452645670502,,,-12.1604269307426,,,0.6954471011289176,,-0.4505968860991358,,,,,,1,,,,,,1673.028489861251,,,,,,,,,8.526101720802529e-07,,,376.5266542393319,,,,,
2026-02-03 12:45:46+00:00,-10.587776182520184,,,9.521102033849145,,0.0,-12.156360091390814,,,0.6308008290670635,,-0.752994485027266,,,,,,,,,,,,4552.443866795312,,,,,,,,,1.671158642618932e-05,,1.7203217664202722e-06,377.146211264924,1.1474107996966234e-05,,,,
2026-02-03 12:45:47+00:00,,,,9.52343881040781,,35.3030264792197,,,,,,-0.652203618553546,,,,,,,4.71211853545379,,,,,874.2656437467942,,,,874.119637193637,,,,,,,1.3822252805641052e-06,,4.55005527134773e-06,-0.9518925396129894,,,
2026-02-03 12:45:48+00:00,,69.20438122380195,,9.52314354336752,,0.0,,,,,,-0.4116213740192628,,-12.419922692941514,,0.2596863961962648,,,-20.0,,,,,177.38553398065173,5.22264007336606e-08,,,2834.647367223021,,,,,,,5.782449161174428e-07,,1.894805271127899e-06,-0.9924385043747133,,,
2026-02-03 12:45:49+00:00,,69.1585259788558,,9.518373591150354,,0.0,,,,,,,349.261400468986,-12.063758793439876,268.9755128591595,1.4044758988196733,,,-20.0,,,,,1301.4222619904172,7.763075967704961e-06,,,856.8006721258841,,,,,,,7.986492880256222e-06,,1.2219058478627251e-06,-0.8729218433915886,,,
2026-02-03 12:45:50+00:00,,69.00456338433642,69197.37305542517,9.511645268272945,,17.227878039708834,,2.8673739075284745e-05,,,,,344.4751074171237,-12.069701570781216,199.520637373632,0.3194012491144485,,,-7.940485372203817,,,,,,5.460519493364957e-06,,,7251.172790246802,,,,,,,1.5549718691382354e-06,,8.585635413874979e-06,-0.9106275197181066,,,
2026-02-03 12:45:51+00:00,,69.09987739055971,69192.41255912167,9.490071911112182,,,,3.344259526282599e-05,,,,,328.6861071333436,-12.156492657700886,194.37583621856865,0.0780582599405687,,,-20.0,,,,,,1.309940656656168e-05,5318.461007663624,,658.3512850294749,,,,,,,,,,-0.913678610959681,,False,
2026-02-03 12:45:52+00:00,,68.9429077493027,69191.1402897133,9.568526106516046,,,,0.0001197172886156,,,,,355.53576879656924,-11.986791567639235,17.548297421575406,0.4569868624996159,,,,,,,,,2.981975262579363e-05,8579.553762479329,,,,,,,,7386.554832722987,,,,,,False,
2026-02-03 12:45:53+00:00,,,69195.14530685941,9.568803329521078,,,,3.0681758735238605e-05,,,0.8122837978323261,,346.3726662900315,,123.03881361892826,,3.206436340956152e-06,,,,13.19113579236602,,,,,3450.88072414776,,,5.389932097773822e-06,,,,,1397.538499105165,,,,,,False,
2026-02-03 12:45:54+00:00,,,69198.80544366567,9.5938105447804,,,,0.0002262884434587,,,0.780026937244802,,,,,,2.3586920171343345e-05,,,1.5828056971661069,13.192836165927318,,,,,16331.835534907315,,,2.983876409286873e-05,,0.0001026176100149,,,7397.196260962809,,,,,,False,
2026-02-03 12:45:55+00:00,,,,9.595275115385167,245.65015506328388,,,,,,0.7704435019812764,,,,,,1.2003472229103251e-06,,,1.570956059576757,13.17889713007806,,,,,734.6117463453703,3.379821344201581e-06,,4.744342765367988e-06,171.51575000640022,6.754087703113423e-06,,,388.5930359028486,,,,,,False,
2026-02-03 12:45:56+00:00,,,,9.6135808942475,234.0504386984128,,,,,,0.7976451907896956,,,,,,9.186804969239006e-07,,,1.5715010748607976,13.187476411881644,140.69014690023803,,,,,3.416077772486508e-06,,3.943812584997757e-06,779.7525541807364,5.045068839994201e-06,,,500.31019211882574,,,,,,,
2026-02-03 12:45:57+00:00,,,,9.606873016822895,242.6696491251582,,,,,,0.7761157502394883,,,,,,9.33587851974785e-07,,,1.5452314300741108,13.107392372126126,651.0808188697047,,,,,2.1666082286261597e-06,,2.382459880029119e-06,680.4455234840344,1.5049840068601338e-06,,,,,,,,,,
2026-02-03 12:45:58+00:00,,,,9.625680929759776,254.68668787832937,,,,,,,,,,,,,,,1.5834786757825536,,4288.272678138361,,,,,1.5745346912270556e-05,,,6802.764538371337,1.1762159780059768e-05,,,,,,,,-0.26409714845280574,,
2026-02-03 12:45:59+00:00,,,,9.64179479527408,250.9187561174996,,,,18573.07485771787,,,,,,,,,,,,,9726.95220762061,,,,,1.9281300322672496e-05,,,4339.281225836133,,8238.866898810398,,,,,,,-0.3269085467509167,,
2026-02-03 12:46:00+00:00,,,,9.619782059231678,,,,,4424.22379133145,,,,,,,,,,,,,1432.460908795123,9.071146719539876e-07,,,,,,,,,2086.7304021305963,,,,,,,-0.5220710452873281,,True
2026-02-03 12:46:01+00:00,,,,9.588322262007743,,,,,4355.416757595304,,,,,,,,,1,,,,,4.832114735816298e-06,,,,,,,,,294.5541667474359,,,,,,,-0.7009675885865552,,True
2026-02-03 12:46:02+00:00,-10.501263555762131,,,9.585628199063278,,,-12.176404312952908,,3437.9182578382715,0.6799507520768507,,,,,,,,1,,,,,1.0952724853839668e-06,,,,,,,,,772.3950525911556,3.512690388263939e-06,,,671.2275557871025,,,-0.7420483167844797,,True
2026-02-03 12:46:03+00:00,-10.463985740819105,,,9.594975588065394,,,-12.151864167849636,,17015.087558099367,0.6795763300734765,,,,,,,,1,,,,,3.091555543783227e-05,,,,,,,,,9217.456597446591,2.8938585621495328e-05,,,2375.882046444171,,,,,True
2026-02-03 12:46:04+00:00,-10.489517851287282,,,9.591478561411376,,,-12.17901905484642,,,0.5582119813637878,,-0.3894486071490131,,,,,,1,,,,,3.916077718647828e-06,,,,,,,,,,3.3914996711508848e-06,,,1387.4292477728252,,,,,True
2026-02-03 12:46:05+00:00,-10.503704448597402,,,9.60085625070588,,,-12.161144402679223,,,0.5621656323755351,,-0.7846994241304457,,,,,,1,,,,,,6704.399396113171,,,,,,,,,1.964823266575633e-05,,,484.80901462619,,,,,
2026-02-03 12:46:06+00:00,-10.545093156345732,,,9.657043668239128,,15.94970093061726,-12.135676737813458,,,0.7001245570446475,,-0.2462087508371391,,,,,,,,,,,,3.1135192096969324,,,,,,,,,1.004300288916901e-05,,1.8700571909116152e-06,1068.2195540078174,1.5792581278800892e-06,,,,
2026-02-03 12:46:07+00:00,,,,9.654742615662212,,0.0,,,,,,-0.7033876282152286,,,,,,,-20.0,,,,,3252.5288701107515,,,,5788.927432320685,,,,,,,2.664788082895039e-05,,1.2522744832342733e-05,-0.4345789256783452,,,
2026-02-03 12:46:08+00:00,,68.36861258800276,,9.668449103448076,,0.0,,,,,,-0.4489628972710824,,-12.69302041910912,,0.1947658319249485,,,-20.0,,,,,558.2329716569551,6.012610571911049e-06,,,574.9452885760697,,,,,,,2.8882328335715958e-06,,8.093928380649728e-07,-0.30553228686753275,,,
2026-02-03 12:46:09+00:00,,68.50142764280001,,9.749127485803124,,0.0,,,,,,,354.6865605003189,-12.588319046679777,232.8648768040483,0.0035434282459716,,,-20.0,,,,,6155.330498600296,2.573414979930237e-06,,,189.91099859555703,,,,,,,6.7325139875093865e-06,,6.972461813970355e-08,-0.19710796662286253,,,
2026-02-03 12:46:10+00:00,,68.33264400414497,69200.79680041633,9.80096815994505,,0.0,,3.6263505414025215e-05,,,,,357.3450557775507,-12.604973827326162,157.99019129301303,0.478737997961887,,,-20.0,,,,,,1.653978810857954e-05,,,2295.067668686404,,,,,,,6.771731663253893e-07,,6.501587683043583e-06,-0.2669337660436377,,,
2026-02-03 12:46:11+00:00,,68.27440806893067,69204.96602628518,9.775180811975074,,,,1.9184522779759235e-05,,,,,359.839074739497,-13.036027464455234,273.0040619858108,0.2838380161249774,,,-13.39021336356207,,,,,,8.39752947116377e-06,2790.396016877998,,119.6351895029909,,,,,,,,,,-0.13871070797878324,,False,
2026-02-03 12:46:12+00:00,,68.182691722355,69209.780635101,9.70782937548955,,,,1.3004605383816955e-05,,,,,333.32852477928134,-12.026410360964103,375.3965874150553,0.2226253119666403,,,,,,,,,2.352102404557304e-06,475.3044931639336,,,,,,,,868.711703294667,,,,,,False,
2026-02-03 12:46:13+00:00,,,69206.88104695799,9.747223283197812,,,,1.424821904286215e-05,,,0.7935636047500624,,343.82988103640866,,403.44495680354856,,1.4617720994883863e-06,,,,13.30055717824738,,,,,1511.8590103896215,,,2.093972482117973e-06,,,,,184.12312192044357,,,,,,True,
2026-02-03 12:46:14+00:00,,,69208.24120940786,9.792289306481369,,,,6.713807799050463e-05,,,0.75711249096572,,,,,,6.856218795135777e-06,,,1.5454194411367854,13.351843647338328,,,,,1815.1676241332325,,,3.054220436442273e-05,,2.3685568599791496e-05,,,1630.8165162887535,,,,,,False,
2026-02-03 12:46:15+00:00,,,,9.798808240710803,192.38746755276892,,,,,,0.7860685418886595,,,,,,3.132048172495837e-06,,,1.5630964029259335,13.381557791254872,,,,,4283.135386605831,3.126399213017148e-06,,1.780624609757328e-05,230.4974385812672,7.555391254970421e-06,,,2447.360238648976,,,,,,False,
2026-02-03 12:46:16+00:00,,,,9.807151512876496,221.74069246832784,,,,,,0.7631758065359167,,,,,,4.87859138584558e-06,,,1.600041342955498,13.39311903684572,4163.164068256148,,,,,2.019335777010735e-06,,1.3866028261210238e-05,5151.772700497496,8.465483027423043e-06,,,1815.9938787187664,,,,,,,
2026-02-03 12:46:17+00:00,,,,9.787230180789331,218.6084066826954,,,,,,0.8029693775435074,,,,,,2.611766025825902e-06,,,1.624995782036642,13.38128196471823,876.6899379914242,,,,,3.191959505803379e-06,,7.784689208076559e-06,3120.8541631014696,8.375046538541248e-06,,,,,,,,,,
2026-02-03 12:46:18+00:00,,,,9.716853781979808,223.2340237488643,,,,,,,,,,,,,,,1.6324020504543535,,3791.587850139803,,,,,4.783492164489711e-06,,,5561.859844251185,3.129248628410632e-06,,,,,,,,-0.7285619967452703,,
2026-02-03 12:46:19+00:00,,,,9.771645154446077,246.4548165944981,,,,16199.290010024906,,,,,,,,,,,,,1314.9635829786168,,,,,1.0682699069394731e-06,,,3837.702837357031,,3404.3298115315183,,,,,,,-0.399472137696369,,
2026-02-03 12:46:20+00:00,,,,9.772299814197655,,,,,5500.35902981261,,,,,,,,,,,,,92.31658479159474,9.086227744991764e-06,,,,,,,,,1482.418849250437,,,,,,,-0.36545137487474144,,True
2026-02-03 12:46:21+00:00,,,,9.821946445499169,,,,,3865.3208622338407,,,,,,,,,1,,,,,1.3173108190709664e-06,,,,,,,,,381.64979176277154,,,,,,,-0.20783523817581775,,True
2026-02-03 12:46:22+00:00,-10.556961443936128,,,9.811277864597434,,,-12.155813592388736,,10232.83915254323,0.5962723447963777,,,,,,,,1,,,,,1.209304427173744e-05,,,,,,,,,4370.123404224484,3.557281016032723e-06,,,2158.910635753993,,,-0.2766925290984138,,True
2026-02-03 12:46:23+00:00,-10.554668525821052,,,9.817277806434335,,,-12.1784528667157,,35177.12836491153,0.610337978030994,,,,,,,,1,,,,,2.4765304114334597e-05,,,,,,,,,8127.479614631719,4.5484955857669525e-05,,,11256.957000840992,,,,,True
2026-02-03 12:46:24+00:00,-10.541809792756482,,,9.840748858318712,,,-12.181871362178349,,,0.5326946183037911,,-0.8092365878766978,,,,,,1,,,,,1.249956873481453e-06,,,,,,,,,,1.4914406494341693e-07,,,1467.038064996782,,,,,True
2026-02-03 12:46:25+00:00,-10.5432955968452,,,9.860600873692086,,,-12.184353298057536,,,0.6631910092112172,,-0.5943779869016108,,,,,,1,,,,,,1763.033713039742,,,,,,,,,5.525878790867952e-06,,,420.94380155525,,,,,
2026-02-03 12:46:26+00:00,-10.590950995718613,,,9.839327712045428,,0.0,-12.182068780475944,,,0.7257655216759412,,-0.4312616262706287,,,,,,,,,,,,2888.843809128523,,,,,,,,,4.8452265191442005e-06,,3.051429322306147e-06,5956.388781304568,2.1814309053514224e-05,,,,
2026-02-03 12:46:27+00:00,,,,9.756719589393006,,55.497709265184085,,,,,,-0.6857955467914238,,,,,,,18.848396485628854,,,,,821.2645958444776,,,,3773.519770641005,,,,,,,5.274115218004879e-06,,3.628796951701131e-07,-0.9740571865223269,,,
2026-02-03 12:46:28+00:00,,68.68472561279627,,9.73032083202044,,0.0,,,,,,-0.2968394763486541,,-11.9139880852676,,0.0286773354584525,,,-20.0,,,,,669.1708245642538,1.6879189517763747e-06,,,448.2696987847636,,,,,,,3.409730666386228e-07,,7.96447708165608e-07,-0.9873613790371796,,,
2026-02-03 12:46:29+00:00,,68.70157838475774,,9.729741769838878,,39.316248534755694,,,,,,,341.6159401131174,-11.5284374794567,70.87709291768694,0.9508920002807888,,,7.521373974328984,,,,,516.418577337289,6.905937100800787e-06,,,849.066136327716,,,,,,,4.847308746019971e-06,,1.568928480639989e-05,-0.9749817008674754,,,
2026-02-03 12:46:30+00:00,,68.36040771003458,69189.60765312842,9.74727303241236,,0.0,,2.660301385929721e-05,,,,,343.1112633728116,-12.158005200805846,231.3351478364592,0.2380494100776147,,,-20.0,,,,,,1.7651785230471778e-05,,,1889.329066817188,,,,,,,1.97951588269822e-06,,1.3398231847104475e-05,-0.9697518223859993,,,
2026-02-03 12:46:31+00:00,,68.52442069156544,69190.67150855377,9.83304513985076,,,,2.4598339465291076e-05,,,,,354.77173680196955,-12.927970083865052,282.1226585045166,0.2525143397014762,,,-20.0,,,,,,4.214815361999542e-06,2762.6471817280294,,28.051150090000124,,,,,,,,,,-0.9999936587975019,,False,
2026-02-03 12:46:32+00:00,,68.56308968845134,69191.62013177412,9.798581049357768,,,,3.4140924754708344e-05,,,,,348.46574723350165,-12.25818237279321,176.3892097687331,0.5748981717353493,,,,,,,,,2.8493379956128638e-06,821.1974036519911,,,,,,,,2806.285752136044,,,,,,False,
2026-02-03 12:46:33+00:00,,,69188.12549990122,9.786220135027785,,,,5.420476479291511e-05,,,0.8076906423198398,,351.9816037149153,,78.54744996832183,,5.538886724906197e-06,,,,13.417651404964802,,,,,680.079286994304,,,1.0533992641849728e-05,,,,,5495.107822162692,,,,,,False,
2026-02-03 12:46:34+00:00,,,69190.07961642864,9.764048959368244,,,,1.9205768624289707e-05,,,0.7993500534937593,,,,,,1.966988152580132e-06,,,1.7200633461249877,13.378686270877449,,,,,666.9968834170149,,,5.880405422812408e-06,,1.0819279592774266e-06,,,863.3893942208185,,,,,,False,
2026-02-03 12:46:35+00:00,,,,9.805949488729368,281.12586175082646,,,,,,0.7741000240903192,,,,,,1.243568677830937e-06,,,1.6974515668124068,13.420035492654074,,,,,365.9867111067728,1.0613485615818866e-06,,2.248477350584242e-06,552.4272748944805,3.2078533156134496e-06,,,1353.6671007071488,,,,,,False,
2026-02-03 12:46:36+00:00,,,,9.813618641122272,283.1867131740837,,,,,,0.8224408905042618,,,,,,1.2817277619572738e-06,,,1.679540789689022,13.423165931065482,927.2361680369352,,,,,2.765066714474056e-06,,1.552748968591508e-06,667.2127887161467,4.840194427529937e-06,,,1061.3392224532076,,,,,,,
2026-02-03 12:46:37+00:00,,,,9.784249060387836,276.5741401113526,,,,,,0.8133176269587776,,,,,,1.941379043611114e-06,,,1.6543687947783152,13.449188317486362,398.6531373214782,,,,,1.23473149505748e-05,,1.1204494644521406e-06,744.3832275758703,7.114910722003081e-06,,,,,,,,,,
2026-02-03 12:46:38+00:00,,,,9.773044471737348,256.8170548939551,,,,,,,,,,,,,,,1.6554810480006965,,622.4867938809022,,,,,6.742154551409967e-06,,,2262.436498310916,6.540999711570741e-06,,,,,,,,-0.22806106055631095,,
2026-02-03 12:46:39+00:00,,,,9.760727290285685,252.8565234102925,,,,5971.678466155057,,,,,,,,,,,,,1825.347819974184,,,,,7.072808504572533e-07,,,1596.1077270560447,,1573.8028870064984,,,,,,,-0.29476550546116354,,
2026-02-03 12:46:40+00:00,,,,9.772893280099058,,,,,8691.229146847081,,,,,,,,,,,,,871.8079214654628,7.404256951446874e-06,,,,,,,,,298.273393744328,,,,,,,-0.20382422380426876,,True
2026-02-03 12:46:41+00:00,,,,9.716785595351176,,,,,6695.638206822283,,,,,,,,,1,,,,,1.859114293287526e-06,,,,,,,,,4431.823107518038,,,,,,,-0.230567432139235,,False
2026-02-03 12:46:42+00:00,-10.543089096833356,,,9.654172540734685,,,-12.234195080592592,,3318.847688153168,0.6282950270598135,,,,,,,,1,,,,,3.0743570657052555e-06,,,,,,,,,212.02157489556768,2.0742124306279614e-06,,,931.9439535140726,,,-0.32693954256330965,,True
2026-02-03 12:46:43+00:00,-10.52625363715058,,,9.703937894914086,,,-12.248228929074394,,2919.576845821297,0.6373382677029014,,,,,,,,1,,,,,5.649245119420555e-06,,,,,,,,,661.5227515616458,8.51744057196149e-06,,,100.4024671800828,,,,,True
2026-02-03 12:46:44+00:00,-10.54595896212878,,,9.697016395010577,,,-12.22987950272038,,,0.662356961473057,,-0.5070257805783046,,,,,,1,,,,,1.261817702645154e-05,,,,,,,,,,4.1291647636337376e-05,,,3079.1889118978384,,,,,True
2026-02-03 12:46:45+00:00,-10.523429244986398,,,9.685922887204336,,,-12.209715063656986,,,0.7306497922079594,,-0.730850866237366,,,,,,1,,,,,,3179.18141272706,,,,,,,,,1.3089095494035363e-06,,,187.10273137245093,,,,,
2026-02-03 12:46:46+00:00,-10.489847913897972,,,9.65285519864532,,0.0,-12.202158704077602,,,0.6606633878876313,,-1.1991393294870702,,,,,,,,,,,,5587.875566973994,,,,,,,,,2.420462266666252e-05,,2.3261898221456926e-06,3893.0707404694185,4.492864484956214e-07,,,,
2026-02-03 12:46:47+00:00,,,,9.65270193921594,,6.727454587632944,,,,,,-0.7328212255936639,,,,,,,-15.29078178865694,,,,,2599.1069509390745,,,,1363.045758458237,,,,,,,3.3671760408160536e-06,,1.3426103747933352e-05,-0.46019471785621285,,,
2026-02-03 12:46:48+00:00,,68.16497461451742,,9.649610678328846,,0.0,,,,,,-0.4811191956239369,,-12.487220426650222,,0.3103436710742273,,,-20.0,,,,,257.46932548464974,1.3398696285444537e-07,,,641.9857912612893,,,,,,,1.4885068349336493e-06,,5.185446280701507e-06,-0.6154168568059096,,,
2026-02-03 12:46:49+00:00,,68.27434870013123,,9.614483519654836,,13.158820976595484,,,,,,,334.1571684730526,-11.80770342994623,510.5151379066912,0.1794746480297548,,,-10.788825316383162,,,,,641.4169233481218,4.138401590601478e-06,,,1773.287501615736,,,,,,,2.708282776318525e-06,,1.997244338101375e-06,-0.551737351305414,,,
2026-02-03 12:46:50+00:00,,68.34118862530636,69199.92896380447,9.620718504439685,,0.0,,8.698502193508594e-06,,,,,338.7663945771953,-11.744443330905394,530.9753476260108,0.2424107800588582,,,-20.0,,,,,,2.314003534423903e-06,,,548.8765918293601,,,,,,,3.633279899602607e-06,,4.00450143688046e-07,-0.785924403444253,,,
2026-02-03 12:46:51+00:00,,68.24399937247547,69201.55220080569,9.568259290934678,,,,8.747393399701979e-05,,,,,343.7271986865343,-12.415205725411642,46.75149819003704,0.1564214810067728,,,-20.0,,,,,,2.388173544956535e-06,1513.0937237208127,,265.0942501381352,,,,,,,,,,-0.8341159672123941,,False,
2026-02-03 12:46:52+00:00,,68.094031401803,69200.87218718139,9.569033533503216,,,,8.499713709356993e-06,,,,,350.76791768690083,-11.664031444412066,550.8408261845733,0.9183445605113212,,,,,,,,,3.0461826347642093e-06,670.2485433539363,,,,,,,,1494.2793840787458,,,,,,False,
2026-02-03 12:46:53+00:00,,,69199.36952652635,9.548569820106891,,,,1.0447754933325578e-05,,,0.7722828173390309,,341.59134932075085,,464.16238935335394,,1.0941696118014683e-06,,,,13.032969043843485,,,,,695.6203496652073,,,7.102483950322456e-06,,,,,1244.845517049363,,,,,,False,
2026-02-03 12:46:54+00:00,,,69197.03865339987,9.582154250563072,,,,2.5269644947329285e-05,,,0.7682646580245625,,,,,,2.637156978123617e-06,,,1.5682579077973868,13.088640384071343,,,,,1766.6878889277966,,,1.273946627312433e-05,,6.307032264358782e-06,,,1683.2741467688788,,,,,,False,
2026-02-03 12:46:55+00:00,,,,9.578778216411015,238.9769865549553,,,,,,0.7800781659077549,,,,,,8.891315129816417e-07,,,1.5958098779270111,13.068839029525783,,,,,67.00408551931855,2.478742174174688e-06,,5.543847593018525e-06,496.1660448801848,2.6870653672878264e-06,,,75.59524035086875,,,,,,False,
2026-02-03 12:46:56+00:00,,,,9.604323415550027,238.9658393312413,,,,,,0.7590448597209681,,,,,,5.956285664181247e-07,,,1.595082024861408,13.093501700323005,140.64666246603628,,,,,3.834181784279572e-06,,1.5120550989037082e-06,9.118040254542349,2.589620192994652e-06,,,51.26597688410208,,,,,,,
2026-02-03 12:46:57+00:00,,,,9.657797523242266,247.66963740545484,,,,,,0.8145881598898862,,,,,,1.3120564885838651e-06,,,1.5881002697370097,13.133380738118166,418.6200843213784,,,,,8.37819961236486e-07,,3.7855011856876527e-06,12.14995835072988,4.030412996062335e-06,,,,,,,,,,
2026-02-03 12:46:58+00:00,,,,9.595337153982584,233.2683314140312,,,,,,,,,,,,,,,1.522897884513201,,58.017016329589865,,,,,8.858558122590047e-07,,,183.73384388913297,5.356204048337051e-06,,,,,,,,-0.5980682139772514,,
2026-02-03 12:46:59+00:00,,,,9.5640714413472,235.2135706533448,,,,12352.617942238694,,,,,,,,,,,,,6707.093705028786,,,,,9.765478591228069e-06,,,713.8714918281393,,8591.42552507717,,,,,,,-0.5705190603671662,,
2026-02-03 12:47:00+00:00,,,,9.539784809189236,,,,,4309.7494051401545,,,,,,,,,,,,,443.04989468428846,1.122463848722956e-06,,,,,,,,,178.69030614845917,,,,,,,-0.17313781978665582,,True
2026-02-03 12:47:01+00:00,,,,9.593163549661158,,,,,24966.546896238477,,,,,,,,,1,,,,,4.942774018625232e-05,,,,,,,,,15296.43042002889,,,,,,,-0.08723811228129187,,True
2026-02-03 12:47:02+00:00,-10.68220440411218,,,9.580121293737312,,,-12.18783771106584,,14083.925634445712,0.5946601643716962,,,,,,,,1,,,,,4.361137070700391e-05,,,,,,,,,1161.8319568010504,4.588101990965079e-05,,,2827.7467180994354,,,0.14482400275588028,,True
2026-02-03 12:47:03+00:00,-10.674167151857109,,,9.626430029403826,,,-12.174424980196532,,6441.944057409256,0.6396777347000951,,,,,,,,1,,,,,1.628212697160698e-05,,,,,,,,,2580.1062765006723,2.3039119687639533e-07,,,997.6430686118916,,,,,True
2026-02-03 12:47:04+00:00,-10.650260719985834,,,9.616261739111897,,,-12.164522590826651,,,0.6259655388102775,,-0.6071615079601902,,,,,,1,,,,,3.696520559180404e-06,,,,,,,,,,4.871744790198855e-06,,,12.6198086190866,,,,,True
2026-02-03 12:47:05+00:00,-10.678519609202628,,,9.655623972580676,,,-12.174959861261607,,,0.6752465032385806,,-0.9023948255865432,,,,,,1,,,,,,478.9078747938877,,,,,,,,,9.238902343776688e-06,,,885.9724104850776,,,,,
2026-02-03 12:47:06+00:00,-10.665691428226069,,,9.634281983506702,,42.17505639640783,-12.14063001723522,,,0.6996347363894492,,-0.7684568566166723,,,,,,,,,,,,617.7674818836745,,,,,,,,,4.401028255580734e-08,,1.1817595199731412e-05,2773.1168484493105,9.793987248893415e-07,,,,
2026-02-03 12:47:07+00:00,,,,9.638560916639532,,0.0,,,,,,-0.4376716327437468,,,,,,,-20.0,,,,,537.4965181730993,,,,4137.8005286306,,,,,,,1.815677088410838e-06,,5.44989924144549e-06,-0.9622472791500799,,,
2026-02-03 12:47:08+00:00,,67.93951414350339,,9.588358019029371,,0.0,,,,,,-0.5501156974536315,,-12.264807615831826,,0.0173734499614336,,,-20.0,,,,,4302.679190009867,1.5099039957446484e-06,,,997.2927196708172,,,,,,,1.924697752403284e-05,,1.1980806842202956e-05,-0.9545287385066548,,,
2026-02-03 12:47:09+00:00,,68.10265210323233,,9.703530228435632,,0.0,,,,,,,368.453741590606,-12.410309359443014,173.2987842602992,0.1569183207246343,,,-20.0,,,,,1388.853117474796,4.408935124022761e-06,,,1470.684766903775,,,,,,,8.102418922373128e-06,,3.060287831355278e-07,-0.9988864012178187,,,
2026-02-03 12:47:10+00:00,,67.97463428288734,69193.86636881433,9.666306454779509,,46.99653889596782,,8.12147570631605e-06,,,,,335.28439099352454,-11.511954991808818,543.7083608491046,0.2351934222875387,,,12.897577227177472,,,,,,5.39414840652631e-06,,,313.3549431390536,,,,,,,2.3956187053692686e-06,,8.354518813281426e-07,-0.997285916083448,,,
2026-02-03 12:47:11+00:00,,68.32013966220563,69192.0750823287,9.607451172626565,,,,2.1050897373015336e-05,,,,,361.21657243011214,-12.707948995078263,265.7599780091559,0.0506907655070588,,,-6.160747040738148,,,,,,5.122292362600388e-06,1775.1606805436002,,1150.5962815609969,,,,,,,,,,-0.9992292642258334,,False,
2026-02-03 12:47:12+00:00,,68.5619832600694,69195.08674928671,9.608379329485048,,,,1.16634996793129e-05,,,,,347.7905774706466,-12.435982942808131,463.0376126032899,0.0435407016487684,,,,,,,,,9.814033744753136e-07,1162.9561019060395,,,,,,,,72.77718658873798,,,,,,False,
2026-02-03 12:47:13+00:00,,,69190.62826311987,9.640471863347845,,,,3.089009128269897e-05,,,0.7694931517222456,,341.864851879261,,208.64414544190703,,3.204209474449083e-06,,,,13.193624506197825,,,,,811.3435139378147,,,2.376076484363762e-05,,,,,2146.0084460996627,,,,,,False,
2026-02-03 12:47:14+00:00,,,69193.82022548738,9.601636018495086,,,,8.54806842533959e-05,,,0.7672337659747778,,,,,,8.9027207539152e-06,,,1.3777228457351445,13.15604339579512,,,,,4792.315905999049,,,4.927236522575416e-05,,1.2129745416915444e-05,,,4864.598423389367,,,,,,False,
2026-02-03 12:47:15+00:00,,,,9.633785019189686,239.95457733626128,,,,,,0.733621918948329,,,,,,2.456290590078134e-06,,,1.3658046054546908,13.195801492824543,,,,,1687.955912996064,3.60957789096676e-07,,4.117059112520115e-06,314.10836550515324,1.3834248802743171e-06,,,3549.642307441878,,,,,,False,
2026-02-03 12:47:16+00:00,,,,9.63373347426826,229.16424803095148,,,,,,0.776930609517965,,,,,,1.7482357956251082e-06,,,1.3920913931953691,13.24835862409795,1457.4560782486933,,,,,9.024328646785005e-06,,7.012296842816902e-07,456.72895715282425,8.74333330959742e-06,,,1034.7015561463486,,,,,,,
2026-02-03 12:47:17+00:00,,,,9.633101400286442,212.69979707403485,,,,,,0.7668130756457445,,,,,,1.06489145433565e-05,,,1.3760514871690137,13.23279491948178,5146.17496162453,,,,,3.469270399325005e-06,,4.233615201158996e-05,9105.319534163553,1.624670613319739e-05,,,,,,,,,,
2026-02-03 12:47:18+00:00,,,,9.652520613667154,211.56518470871248,,,,,,,,,,,,,,,1.4313435706923312,,709.6113678528467,,,,,1.2934581449082823e-06,,,741.2722450124825,1.815491661733453e-06,,,,,,,,-0.8520451724451794,,
2026-02-03 12:47:19+00:00,,,,9.66486873189113,222.9693575938432,,,,4450.609093670539,,,,,,,,,,,,,869.7206177324133,,,,,4.665703409861179e-06,,,425.0418174642996,,1814.8027693861568,,,,,,,-0.7317183371517698,,
2026-02-03 12:47:20+00:00,,,,9.707333862491645,,,,,4599.774287100135,,,,,,,,,,,,,951.6880007439712,7.919440176999156e-07,,,,,,,,,2157.2110661061542,,,,,,,-0.695583772858612,,True
2026-02-03 12:47:21+00:00,,,,9.660032135147029,,,,,4235.913392487128,,,,,,,,,1,,,,,2.515585321625288e-06,,,,,,,,,608.0334429641126,,,,,,,-0.5636280377685745,,True
2026-02-03 12:47:22+00:00,-10.55552110647504,,,9.669459660030489,,,-12.035777939464046,,23047.113090018964,0.7508381552619607,,,,,,,,1,,,,,2.170520309739193e-05,,,,,,,,,733.574076422277,1.2327383037388495e-05,,,1703.9331628393677,,,-0.6348292041914173,,True
2026-02-03 12:47:23+00:00,-10.56274506633091,,,9.702620201985514,,,-12.03701906230923,,20567.755781110794,0.632640883874725,,,,,,,,1,,,,,1.988111598940076e-05,,,,,,,,,7253.312302052369,2.2311783490923775e-05,,,6439.316701766163,,,,,True
2026-02-03 12:47:24+00:00,-10.58129842625142,,,9.731068762832898,,,-12.05069085518145,,,0.6820433572947797,,-0.572603328344526,,,,,,1,,,,,1.51064867521336e-06,,,,,,,,,,2.146714449403145e-06,,,1420.5884230390504,,,,,True
2026-02-03 12:47:25+00:00,-10.571155663830142,,,9.74200279062664,,,-12.03114748108406,,,0.6108272702570212,,-0.4247569625828322,,,,,,1,,,,,,608.979113958358,,,,,,,,,2.205071878026338e-06,,,79.17350356786537,,,,,
2026-02-03 12:47:26+00:00,-10.576139727009489,,,9.719530189654352,,0.0,-12.011092703801143,,,0.6295689597809496,,-0.8626862394903354,,,,,,,,,,,,1617.8739652092477,,,,,,,,,6.085229381535973e-07,,2.687333582109701e-06,1330.53399226415,2.85045958201514e-06,,,,
2026-02-03 12:47:27+00:00,,,,9.7479701346303,,55.20264068795258,,,,,,-0.6596888962173031,,,,,,,18.641848481566804,,,,,1804.5845729411717,,,,1962.2055719999792,,,,,,,6.603171422344869e-06,,1.2313915276259628e-05,-0.9930405526250058,,,
2026-02-03 12:47:28+00:00,,68.64026057992227,,9.764699991933451,,19.437210069034705,,,,,,-0.6649632701081197,,-12.237629048554068,,0.1443103668155372,,,-6.393952951675708,,,,,1800.9748190654798,2.765635522870348e-07,,,785.7807419136456,,,,,,,5.740469389816974e-06,,2.337802253815722e-06,-0.9989976008709713,,,
2026-02-03 12:47:29+00:00,,68.60912950512412,,9.76260041579574,,0.0,,,,,,,346.5505823467774,-12.804532057110537,320.73378088110866,0.0542859788159923,,,-20.0,,,,,131.42032660061076,1.0039753419369283e-05,,,784.212530115092,,,,,,,3.6812915002961787e-07,,1.3820485688935508e-05,-0.9940355420862954,,,
2026-02-03 12:47:30+00:00,,68.5459649813074,69185.2934739856,9.740449053981434,,64.00184807448619,,1.2744540084703018e-05,,,,,337.0420501089962,-12.684617170357768,333.6051580808561,0.0467934802355499,,,24.80129365214033,,,,,,1.6125555908650632e-06,,,2086.4669904448783,,,,,,,2.1617529106979097e-06,,2.535283779053088e-07,-0.9642625746342446,,,
2026-02-03 12:47:31+00:00,,68.3068611214144,69189.50765990347,9.780652327942509,,,,3.732421308783524e-05,,,,,342.35029785681206,-11.584196209951266,131.95309486724148,0.0249032829554574,,,-20.0,,,,,,4.403264239049992e-06,4381.682427420717,,3255.279170390542,,,,,,,,,,-0.8231641440457161,,False,
2026-02-03 12:47:32+00:00,,67.9868634243654,69190.2996427445,9.727116152086843,,,,1.4980873577823515e-05,,,,,360.1836113911289,-10.977027978388286,384.6092529940103,1.3937311986764174,,,,,,,,,5.228154884817444e-06,155.38168098762384,,,,,,,,820.6465907742222,,,,,,False,
2026-02-03 12:47:33+00:00,,,69191.09665986699,9.628546663294582,,,,1.029762227339198e-05,,,0.7433800777653343,,346.7128479041653,,535.4898069151494,,1.0694887435762255e-06,,,,13.090551842322618,,,,,284.3809450433702,,,1.2029152104490313e-06,,,,,364.3476735935353,,,,,,False,
2026-02-03 12:47:34+00:00,,,69186.63287187903,9.657517636969809,,,,4.602127949354375e-05,,,0.7814860628568704,,,,,,4.765332171630765e-06,,,1.4904143477892011,13.153947547145751,,,,,5876.737496839874,,,1.2390620426818778e-05,,2.08311710765045e-05,,,1338.3274634875302,,,,,,False,
2026-02-03 12:47:35+00:00,,,,9.644404984234866,333.1952595986313,,,,,,0.7700333925651817,,,,,,1.2950301452129111e-06,,,1.5346810571747591,13.094023549890592,,,,,335.3663155138765,1.053631476388958e-06,,2.364666981311663e-06,1176.103345443042,1.0738244863568455e-06,,,164.66219870372862,,,,,,False,
2026-02-03 12:47:36+00:00,,,,9.64782175668529,333.8932285743658,,,,,,0.7949724816834537,,,,,,9.362446297892054e-06,,,1.5538252783635098,13.142133839063291,1567.2463707084437,,,,,5.657141552563467e-05,,8.041467114548542e-06,4258.943410709863,6.294089231972991e-05,,,2717.140117645881,,,,,,,
2026-02-03 12:47:37+00:00,,,,9.63275922129184,327.3717495681438,,,,,,0.7558098758143577,,,,,,2.697632403177591e-06,,,1.5467795386983614,13.124917277140389,343.28309258790387,,,,,1.9717672538249688e-05,,8.224413257279503e-07,38.10888422397549,8.187069108452537e-06,,,,,,,,,,
2026-02-03 12:47:38+00:00,,,,9.631644572185603,316.8751012285658,,,,,,,,,,,,,,,1.5600330238039026,,787.3101613957366,,,,,1.7906096999481826e-06,,,2145.727949716309,6.901060487547069e-07,,,,,,,,0.7298652804482784,,
2026-02-03 12:47:39+00:00,,,,9.629461286431816,301.6433486354913,,,,2169.638541256914,,,,,,,,,,,,,583.8735971343388,,,,,3.0565452051754266e-07,,,425.9623704753507,,1099.0648297029998,,,,,,,0.5246301524526592,,
2026-02-03 12:47:40+00:00,,,,9.633981564282283,,,,,10743.501266757585,,,,,,,,,,,,,6400.978888846362,2.4318421892191887e-05,,,,,,,,,4748.4977231610255,,,,,,,0.33799639442884083,,True
2026-02-03 12:47:41+00:00,,,,9.559261332957668,,,,,5331.819193193459,,,,,,,,,1,,,,,1.1944397759466742e-06,,,,,,,,,332.05818840958614,,,,,,,0.5434324398161549,,True
2026-02-03 12:47:42+00:00,-10.395504784698945,,,9.599029378314468,,,-12.060581643527255,,17448.828574994714,0.5585181923598361,,,,,,,,1,,,,,1.4729321768182312e-06,,,,,,,,,1305.945896264283,1.6505551309529809e-06,,,12471.320256505882,,,0.5818554538151807,,True
2026-02-03 12:47:43+00:00,-10.366583396198816,,,9.600017585191788,,,-12.085977808869409,,5262.575440913846,0.5179515131219256,,,,,,,,1,,,,,2.4420429900883256e-06,,,,,,,,,1106.3997961772186,1.2210853880943215e-06,,,789.8303432691616,,,,,True
2026-02-03 12:47:44+00:00,-10.39555878980378,,,9.643510900637413,,,-12.092976520839164,,,0.5962137901461789,,-0.5137386735548887,,,,,,1,,,,,1.1555313300083177e-05,,,,,,,,,,2.5865208752821494e-06,,,910.6446486093243,,,,,True
2026-02-03 12:47:45+00:00,-10.40199252070918,,,9.581558853284807,,,-12.112952817351816,,,0.5845828320198841,,-0.3546448578940008,,,,,,1,,,,,,3309.3261527958416,,,,,,,,,2.3541957146130485e-05,,,15595.554272174117,,,,,
2026-02-03 12:47:46+00:00,-10.40803304850488,,,9.681340525641492,,0.0,-12.118500507792012,,,0.6905050874805069,,-0.3547638472566035,,,,,,,,,,,,144.5712414176881,,,,,,,,,5.571274961697663e-07,,1.676198081449388e-07,1424.4765787585618,1.216710195695221e-06,,,,
2026-02-03 12:47:47+00:00,,,,9.648622892781358,,19.602560669908275,,,,,,-0.4745047169115485,,,,,,,-6.278207531064208,,,,,1121.8900343828748,,,,1070.3401437105456,,,,,,,1.056406154578044e-06,,2.3831835394812524e-06,-0.5821351658385114,,,
2026-02-03 12:47:48+00:00,,68.7786979818836,,9.684614807961331,,0.0,,,,,,-0.7386942834335813,,-12.393259902576188,,0.0183887224299704,,,-20.0,,,,,1055.6190483442856,1.5484853128205382e-05,,,2469.9802268909684,,,,,,,5.253266286041837e-06,,1.022037080251857e-05,-0.2561567631547167,,,
2026-02-03 12:47:49+00:00,,68.7004751132254,,9.733727893066806,,5.542234321838863,,,,,,,335.34995461846154,-12.1270490656382,363.6184589834639,0.9277954055951002,,,-16.120435974712798,,,,,87.3596503637735,7.168935418896154e-06,,,737.9067807343744,,,,,,,9.104792409580558e-06,,8.205144100601438e-07,-0.47135385645776084,,,
2026-02-03 12:47:50+00:00,,68.4258760189934,69179.01281504447,9.708900105431402,,1.0503307963945665,,3.148019770097223e-05,,,,,338.6725892707214,-13.03135854790708,173.08230286962657,0.3307117570795014,,,-19.264768442523803,,,,,,1.2594027957829487e-05,,,4654.203037809643,,,,,,,9.780770949799592e-07,,2.3595903846934744e-06,-0.45833995530672295,,,
2026-02-03 12:47:51+00:00,,68.35902718573458,69176.576211105,9.729925039513294,,,,5.596150607926626e-05,,,,,331.3896259936663,-11.911708918083567,71.30831230992752,0.5633833987170539,,,-20.0,,,,,,3.871357367198593e-05,9328.54395893284,,1854.498519141512,,,,,,,,,,-0.3467144399863831,,False,
2026-02-03 12:47:52+00:00,,68.25305831904326,69177.60955395307,9.78483843477558,,,,1.2159720200191166e-05,,,,,345.2001455517789,-11.330393181738296,422.8094294785657,0.043793753531646,,,,,,,,,4.195074108301878e-07,23.111129783320347,,,,,,,,2033.8964184769875,,,,,,False,
2026-02-03 12:47:53+00:00,,,69173.63355196577,9.760099693834992,,,,2.5061812355048734e-05,,,0.7561240397162781,,345.34770927304646,,224.19602149554032,,2.5677824142389795e-06,,,,13.354353712670264,,,,,986.4490019928036,,,8.139818543834568e-06,,,,,2906.3089925039085,,,,,,False,
2026-02-03 12:47:54+00:00,,,69177.51232618882,9.744861039100972,,,,6.286597100059387e-05,,,0.7739731635570288,,,,,,6.451192146131789e-06,,,1.6088878979972163,13.369192657126296,,,,,4667.3589493563895,,,1.4591266971590092e-06,,2.130363871823068e-05,,,7379.2438232389695,,,,,,False,
2026-02-03 12:47:55+00:00,,,,9.695568568990508,309.2424334117555,,,,,,0.7668288433333874,,,,,,1.1264714133723784e-06,,,1.571044484359369,13.342022256727857,,,,,2107.0942131888187,9.23765249486134e-07,,4.911804386357515e-06,270.3382156757537,1.7520880723535417e-06,,,588.6058257181872,,,,,,False,
2026-02-03 12:47:56+00:00,,,,9.749587006181166,299.59193275954226,,,,,,0.7794424212496428,,,,,,2.9748846832079484e-06,,,1.5747102496736542,13.36398950202649,1442.8385673568,,,,,9.960881350498267e-06,,9.042859930462378e-06,3575.0605376468884,3.876763088793119e-07,,,501.72687654640737,,,,,,,
2026-02-03 12:47:57+00:00,,,,9.721763364745224,286.742305432446,,,,,,0.8649363712777732,,,,,,3.981403734945402e-06,,,1.582080458335515,13.2979400794131,6531.977840601376,,,,,6.603442150124499e-06,,3.952501966177105e-06,1813.7833005851935,1.762546946625414e-06,,,,,,,,,,
2026-02-03 12:47:58+00:00,,,,9.717653482314194,277.2673243178221,,,,,,,,,,,,,,,1.592078807113872,,989.6070268982912,,,,,1.5454478983177243e-06,,,2065.704065949646,3.968575079007208e-06,,,,,,,,0.1264989123145426,,
2026-02-03 12:47:59+00:00,,,,9.720581861449883,275.64731070076857,,,,3054.6183477748914,,,,,,,,,,,,,824.2349218743718,,,,,5.375578758273253e-06,,,901.4705614686012,,1302.5522555596565,,,,,,,0.09840465303124739,,
2026-02-03 12:48:00+00:00,,,,9.733945132284186,,,,,6250.257856397515,,,,,,,,,,,,,254.89012953008785,4.455513569318095e-06,,,,,,,,,552.815450042964,,,,,,,0.18042371990308242,,True
2026-02-03 12:48:01+00:00,,,,9.67352173695475,,,,,14116.961400945402,,,,,,,,,1,,,,,1.2176027026986528e-05,,,,,,,,,7392.503391843218,,,,,,,-0.023736704995381584,,True
2026-02-03 12:48:02+00:00,-10.462420916961202,,,9.660441644512304,,,-12.050880124781555,,2816.282781622522,0.63413719682278,,,,,,,,1,,,,,3.928011266682972e-06,,,,,,,,,344.00728407033995,1.8804093670760477e-06,,,709.8546374983581,,,0.027376059922724995,,False
2026-02-03 12:48:03+00:00,-10.49620089703846,,,9.586597146784584,,,-12.039108167248871,,5880.368707739379,0.6288727926457033,,,,,,,,1,,,,,1.9452169935501006e-06,,,,,,,,,2524.029704599719,8.540419192339335e-06,,,2058.510749503235,,,,,True
2026-02-03 12:48:04+00:00,-10.482458490033176,,,9.608876611698172,,,-12.038378470713262,,,0.6403475654027679,,-0.4860377009273054,,,,,,1,,,,,1.6535998669266207e-05,,,,,,,,,,1.887269057229585e-05,,,2973.521325060101,,,,,True
2026-02-03 12:48:05+00:00,-10.50028475836316,,,9.581004652316462,,,-12.056021039306946,,,0.557296059853334,,-0.7132192502534028,,,,,,1,,,,,,3609.291137370087,,,,,,,,,6.304417691278788e-07,,,7726.481852078489,,,,,
2026-02-03 12:48:06+00:00,-10.48062739422429,,,9.633036317792342,,0.0,-12.05161939082764,,,0.5092603696011104,,-0.6360152644794073,,,,,,,,,,,,544.6778102182612,,,,,,,,,1.842947706083876e-06,,4.030498421199691e-06,513.409677990567,1.0073766080713023e-06,,,,
2026-02-03 12:48:07+00:00,,,,9.662592753131047,,0.0,,,,,,-0.6453688827156357,,,,,,,-20.0,,,,,2495.376254863321,,,,8951.391365711745,,,,,,,3.2118140646179544e-05,,1.4118940585581584e-05,-0.971089221755275,,,
2026-02-03 12:48:08+00:00,,68.64568656131479,,9.661208619801508,,0.0,,,,,,-0.4406425301282436,,-12.24428733665336,,0.1456218465742512,,,-20.0,,,,,7964.845794327296,2.7403684271942226e-07,,,8369.564729568641,,,,,,,3.181869927849668e-05,,2.0232004080439336e-06,-0.9979938665628518,,,
2026-02-03 12:48:09+00:00,,68.63633183518567,,9.575355211198838,,0.9910870042154686,,,,,,,340.9625467619487,-12.01954068181468,473.9774074009591,0.2918724730736413,,,-19.30623909704917,,,,,340.17990157536053,1.2783777903832225e-06,,,698.0228396516077,,,,,,,3.148424550524612e-07,,4.4180466745514165e-07,-0.9959783010072359,,,
2026-02-03 12:48:10+00:00,,68.58416081907069,69180.77641423966,9.59941847200165,,41.91252905281403,,0.0001245094847374,,,,,340.3427655801515,-11.369722029343231,28.725760083492624,0.3970430980011992,,,9.33877033696982,,,,,,9.632508287250089e-06,,,13395.188927448657,,,,,,,1.452012186956744e-05,,5.846274167305689e-05,-0.9466928944178004,,,
2026-02-03 12:48:11+00:00,,68.47004963315895,69183.02008950379,9.576137838068966,,,,1.1083701856378748e-05,,,,,360.8806273594996,-11.837765954516788,416.2665077848404,0.0180305076454316,,,-20.0,,,,,,3.097445281022653e-06,867.066838842486,,198.5021170969553,,,,,,,,,,-0.9939589368132657,,False,
2026-02-03 12:48:12+00:00,,68.5701443828663,69177.60912852158,9.58934185300559,,,,1.4014746436349864e-05,,,,,325.4411143660898,-12.325774876864678,411.5842551811725,0.1294246210583882,,,,,,,,,6.18923583004543e-06,1454.1335807953749,,,,,,,,1862.5994956831528,,,,,,False,
2026-02-03 12:48:13+00:00,,,69181.27277615016,9.585967331665422,,,,2.8785653917316715e-05,,,0.7324153409810755,,355.18146728502313,,298.9293046367895,,3.0028950570516523e-06,,,,13.08216443616984,,,,,3930.830224755475,,,1.2133144259088318e-05,,,,,2000.3168217553743,,,,,,False,
2026-02-03 12:48:14+00:00,,,69184.25066331793,9.57292085111651,,,,3.0350677784385954e-05,,,0.7766297234670444,,,,,,3.170472027964808e-06,,,1.4408138633724603,13.10261623534018,,,,,232.3983255085747,,,1.2711669165584856e-05,,3.1232098737129537e-07,,,1134.4047862109603,,,,,,False,
2026-02-03 12:48:15+00:00,,,,9.56680007660472,270.35554034218944,,,,,,0.816463510942557,,,,,,1.726716363247997e-06,,,1.4428193508347946,13.138031389452111,,,,,2812.62920628414,1.2794779066351494e-06,,7.746423012305246e-06,1915.845821381629,7.558622322774768e-06,,,1123.5048000733648,,,,,,False,
2026-02-03 12:48:16+00:00,,,,9.595881371278098,283.13194877729785,,,,,,0.7891538166732086,,,,,,6.024473418303955e-06,,,1.4352649624139806,13.190073686322648,999.4743498153776,,,,,8.76295782588948e-06,,3.7586241837117568e-06,4882.794740097185,1.8678655414477556e-05,,,4842.137645291719,,,,,,,
2026-02-03 12:48:17+00:00,,,,9.681117514056195,285.6243469852251,,,,,,0.7879340417303553,,,,,,3.002272722693983e-06,,,1.4409191098440708,13.295608156572426,360.7541390919392,,,,,1.620756817020012e-05,,2.988661847900988e-06,3279.977101991544,1.4318138871825412e-06,,,,,,,,,,
2026-02-03 12:48:18+00:00,,,,9.702991513494982,296.9250679021588,,,,,,,,,,,,,,,1.3962789081303295,,913.3249075242647,,,,,5.76441972443847e-06,,,842.3645005850854,3.37364380198861e-07,,,,,,,,0.4528248429590241,,
2026-02-03 12:48:19+00:00,,,,9.716510306628436,284.64197517650285,,,,8405.800065790727,,,,,,,,,,,,,404.8606112395345,,,,,9.7196699481173e-06,,,1590.809114344628,,1065.474112020596,,,,,,,0.25277823914543146,,
2026-02-03 12:48:20+00:00,,,,9.721140816643876,,,,,16024.39162254686,,,,,,,,,,,,,557.1420912938235,2.550391958182548e-06,,,,,,,,,2326.5160894467263,,,,,,,0.22241624054709477,,True
2026-02-03 12:48:21+00:00,,,,9.70870172328778,,,,,3990.3711623332415,,,,,,,,,1,,,,,8.10797400123695e-06,,,,,,,,,1033.4502524312436,,,,,,,-0.2067558023085676,,True
2026-02-03 12:48:22+00:00,-10.566945658141048,,,9.702991563658117,,,-11.99081231269382,,2486.265907064739,0.6738811616949172,,,,,,,,1,,,,,1.989099097276178e-06,,,,,,,,,9.753352897389911,7.792646317551368e-07,,,1214.650636828773,,,-0.2926921940027647,,True
2026-02-03 12:48:23+00:00,-10.554643276930047,,,9.683328038989362,,,-11.98354147405231,,4308.206166539196,0.6300644732522325,,,,,,,,1,,,,,6.721686375200825e-06,,,,,,,,,2235.040760636966,4.711428753256563e-07,,,1065.6341572938009,,,,,True
2026-02-03 12:48:24+00:00,-10.543013802459113,,,9.631030508949555,,,-11.9900891027614,,,0.6606430252555004,,-0.2574349817063956,,,,,,1,,,,,3.0326252443533868e-05,,,,,,,,,,2.13365372690727e-07,,,1592.311101879892,,,,,True
2026-02-03 12:48:25+00:00,-10.562728532135251,,,9.74788977973494,,,-12.0057692435073,,,0.6884418908627907,,-0.5068239250683353,,,,,,1,,,,,,5477.682063642164,,,,,,,,,3.0793257542369776e-05,,,410.9944647576568,,,,,
2026-02-03 12:48:26+00:00,-10.566639218785951,,,9.724448280318358,,27.037866759783256,-12.024045172754716,,,0.681596535762081,,-0.1920405103141307,,,,,,,,,,,,1725.3595740997268,,,,,,,,,3.0600057312618417e-06,,4.789321297307133e-06,796.2960695676941,4.908404748802696e-07,,,,
2026-02-03 12:48:27+00:00,,,,9.754736543920052,,6.916254135590022,,,,,,-0.4726691861443625,,,,,,,-15.158622105086984,,,,,6950.794888272637,,,,635.0269513054112,,,,,,,2.26410567539195e-06,,2.3184138478263917e-05,-0.9017798275938743,,,
2026-02-03 12:48:28+00:00,,68.20880161673698,,9.68534584547653,,14.066639424419078,,,,,,-0.7489724066404146,,-11.391977457213912,,0.0952455577690124,,,-10.153352402906648,,,,,118.79900980295196,3.528161109932845e-06,,,1980.379606665392,,,,,,,3.699161811499968e-06,,1.2498913174183188e-05,-0.8615786428435723,,,
2026-02-03 12:48:29+00:00,,68.33286654288541,,9.711210084500856,,4.013498630774825,,,,,,,363.8245363527678,-12.223403344479976,480.478015803785,0.2840256480635234,,,-17.190550958457624,,,,,172.5514702603293,1.6097124440926864e-06,,,11.030575328728965,,,,,,,1.6724603414244322e-06,,5.9052396698692e-07,-0.7726808741875127,,,
2026-02-03 12:48:30+00:00,,68.42242351713338,69193.62614446008,9.729898214132996,,0.0,,1.2331909528910645e-05,,,,,357.2512092974783,-12.388087124525864,410.6702148463212,0.2202784568597507,,,-20.0,,,,,,7.101664005149753e-06,,,415.985433989065,,,,,,,3.52552621337146e-06,,5.24148075123064e-06,-0.8425959463096353,,,
2026-02-03 12:48:31+00:00,,68.48862117063166,69196.45809953383,9.80266873299455,,,,1.7958712882698253e-05,,,,,338.6531020014768,-12.483824223961737,280.3414575927432,0.0302047733025642,,,-6.238914823010271,,,,,,1.3488403227229605e-05,588.4911522605694,,2274.027491407515,,,,,,,,,,-0.7340535219901532,,False,
2026-02-03 12:48:32+00:00,,68.50805985844993,69189.9143489341,9.790781115670116,,,,2.660258565322665e-05,,,,,341.1912458868418,-12.105069396954368,268.2035324170199,0.0694333832908168,,,,,,,,,1.4009930980585838e-05,670.4314794677596,,,,,,,,176.5647726660066,,,,,,False,
2026-02-03 12:48:33+00:00,,,69187.45921334706,9.853887259983296,,,,2.2481344059953254e-05,,,0.7875723359322053,,341.2124889731606,,265.33924496731333,,2.281469583201966e-06,,,,13.50770459503602,,,,,1342.0264871240402,,,4.703413568153453e-07,,,,,63.38228439638167,,,,,,False,
2026-02-03 12:48:34+00:00,,,69185.01263376263,9.813434851561263,,,,3.137449694061424e-05,,,0.7726595105873849,,,,,,3.19709636994459e-06,,,1.4026806275893806,13.416801120382903,,,,,2053.896462987896,,,3.494212742579289e-07,,2.2467348408839756e-05,,,3045.428096621689,,,,,,False,
2026-02-03 12:48:35+00:00,,,,9.822026935408076,240.27075171701887,,,,,,0.7579985807953201,,,,,,1.935973643942206e-06,,,1.402195450264273,13.489635439395016,,,,,2837.233478986588,4.270199240336684e-06,,9.653743797040112e-06,2618.620036796988,7.388485185129929e-07,,,1217.994312089831,,,,,,False,
2026-02-03 12:48:36+00:00,,,,9.78606420481814,252.05970559977533,,,,,,0.76656315823326,,,,,,4.3155353219664656e-06,,,1.3781046971410986,13.510606404053636,4465.228497060492,,,,,3.4767719253948685e-05,,4.113713533786641e-06,1197.249304960843,1.6873737234998354e-06,,,48.65978657274447,,,,,,,
2026-02-03 12:48:37+00:00,,,,9.795919150918149,253.501281299932,,,,,,0.7395768836335381,,,,,,1.2321919287929598e-06,,,1.406587555085561,13.542299493075232,498.5595205369616,,,,,5.578360586113828e-06,,6.232594060838321e-06,520.7423169544033,4.076701079424893e-06,,,,,,,,,,
2026-02-03 12:48:38+00:00,,,,9.785138620917476,233.9799633884771,,,,,,,,,,,,,,,1.413821841858509,,4.03767816181608,,,,,3.342037149171555e-06,,,729.4996779497427,2.716397897092651e-07,,,,,,,,-0.5880681335057636,,
2026-02-03 12:48:39+00:00,,,,9.840510112773158,223.70201824304115,,,,16876.996374947495,,,,,,,,,,,,,3182.0907240054275,,,,,5.422472405825012e-06,,,3973.83247197528,,2765.953258322113,,,,,,,-0.7229428091376667,,
2026-02-03 12:48:40+00:00,,,,9.884527400357143,,,,,26367.001642362557,,,,,,,,,,,,,737.3155471140179,4.438215334030804e-06,,,,,,,,,14802.580726912032,,,,,,,-0.6535616326008632,,True
2026-02-03 12:48:41+00:00,,,,9.943915711275888,,,,,15794.392367898285,,,,,,,,,1,,,,,7.811401362795591e-06,,,,,,,,,3053.426139207438,,,,,,,-0.8295469996688132,,True
2026-02-03 12:48:42+00:00,-10.639703389425817,,,10.008680586003388,,,-12.033977618332372,,4615.5535989401305,0.5909304551007782,,,,,,,,1,,,,,5.087491861151698e-06,,,,,,,,,782.180602310354,5.015166631633841e-06,,,1585.6937813017068,,,-0.7793037697695341,,True
2026-02-03 12:48:43+00:00,-10.617273458275188,,,9.986154816986708,,,-12.041350978221631,,14343.6810591863,0.6513839931468135,,,,,,,,1,,,,,1.8988778655374684e-05,,,,,,,,,2450.9905743647305,5.3236298659643965e-06,,,999.5011756180762,,,,,True
2026-02-03 12:48:44+00:00,-10.634430514646535,,,9.965779376350236,,,-12.022536563581742,,,0.6728940163875887,,-0.4580061769576989,,,,,,1,,,,,4.375119183240321e-06,,,,,,,,,,3.3805200907724274e-05,,,4416.663690880726,,,,,True
2026-02-03 12:48:45+00:00,-10.609141028311932,,,9.977354455435044,,,-12.017114623342875,,,0.5540001134894947,,-0.3261444816366939,,,,,,1,,,,,,1389.4258294142428,,,,,,,,,2.390448783456803e-06,,,592.5229872161532,,,,,
2026-02-03 12:48:46+00:00,-10.606772062763424,,,9.94637198275509,,23.822457200355185,-12.00977118919388,,,0.68990634570654,,-0.4843493011199148,,,,,,,,,,,,464.9648409981125,,,,,,,,,1.5774148660222463e-05,,5.7468417712283726e-06,3230.5388691303256,4.50736456173469e-07,,,,
2026-02-03 12:48:47+00:00,,,,9.916411615833118,,0.0,,,,,,-0.618034633128074,,,,,,,-20.0,,,,,3100.6634703417394,,,,1582.299918506706,,,,,,,6.8931725325300624e-06,,1.664356980919527e-05,-0.3334546612756629,,,
2026-02-03 12:48:48+00:00,,68.73444296749064,,9.990341089407847,,0.0,,,,,,-0.4172290603210357,,-12.07535324878641,,0.510813447973269,,,-20.0,,,,,7.980828665673983,1.174117763977118e-06,,,1513.9873687033598,,,,,,,1.3521293434116384e-05,,2.8723601059966997e-06,-0.4294490905918801,,,
2026-02-03 12:48:49+00:00,,68.57283154326409,,9.952359847644091,,55.93417906290736,,,,,,,346.3197314885196,-10.987963639048024,189.17673712894253,0.3675819619289416,,,19.153925344035144,,,,,322.9309133374851,5.275888190256036e-06,,,761.1574897136185,,,,,,,4.34488078156235e-06,,1.0886024655675986e-05,-0.7158428151627821,,,
2026-02-03 12:48:50+00:00,,68.66532353840412,69172.7719817818,9.87978993684563,,0.0,,7.318594944302321e-05,,,,,352.9680907715079,-12.02582704689364,161.29410909197162,0.1903622625320996,,,-20.0,,,,,,1.725524686020888e-06,,,2195.153846016912,,,,,,,8.639990107403642e-06,,3.674782505187061e-05,-0.6160474283782601,,,
2026-02-03 12:48:51+00:00,,68.43741431313869,69171.24650881896,9.898563380822289,,,,1.6221287324882707e-05,,,,,342.5447595363439,-11.860008574265468,300.0726668285621,0.3827352954071847,,,-2.113476332606073,,,,,,1.9149548425723285e-06,516.932053029689,,1602.550692634832,,,,,,,,,,-0.5950573445648513,,False,
2026-02-03 12:48:52+00:00,,68.54123465659535,69174.14009221767,9.955443752751126,,,,0.0001694080406738,,,,,345.4323774004342,-11.807067279920252,11.549813692197382,0.3303215721798077,,,,,,,,,1.496161410122761e-05,12772.310529704166,,,,,,,,3638.6909854603305,,,,,,False,
2026-02-03 12:48:53+00:00,,,69171.71555182489,9.959617746727378,,,,4.377823167597737e-05,,,0.8359821500730557,,343.8038203498972,,178.63132936046154,,4.39557348376773e-06,,,,13.65570014412392,,,,,2920.333005055547,,,6.497008404471561e-06,,,,,951.4905258760134,,,,,,False,
2026-02-03 12:48:54+00:00,,,69170.71234871165,9.912484922545511,,,,1.383670688425786e-05,,,0.812046072996337,,,,,,1.3958868025904256e-06,,,1.4199490228143203,13.61624196513916,,,,,177.84647470481053,,,3.0204919689539203e-06,,9.581661702421206e-07,,,211.7855947328029,,,,,,False,
2026-02-03 12:48:55+00:00,,,,9.854049361906153,205.9444274116444,,,,,,0.789490778128966,,,,,,4.038604237671664e-06,,,1.4192045713185548,13.574354567238732,,,,,2520.323233536414,5.7255675650249975e-06,,1.9174623385884173e-05,2285.791041430576,2.6946095587009894e-06,,,1536.0107364496162,,,,,,False,
2026-02-03 12:48:56+00:00,,,,9.865245618147254,205.5487237802192,,,,,,0.7441829038107652,,,,,,2.3945836599474737e-06,,,1.4298489269938592,13.587592723514792,2982.730621052379,,,,,7.1123858370005e-06,,8.954875809034198e-06,2963.393835532294,1.0800660630404934e-05,,,464.18830947319134,,,,,,,
2026-02-03 12:48:57+00:00,,,,9.877958810484404,196.93513358703703,,,,,,0.7516026580414581,,,,,,1.8226425855648945e-06,,,1.4396625159986394,13.576610064594268,1953.9013621350944,,,,,1.6288287340928507e-06,,1.0051517425690733e-05,818.1415808695064,2.4529508104281414e-06,,,,,,,,,,
2026-02-03 12:48:58+00:00,,,,9.855883095663232,195.30464589469835,,,,,,,,,,,,,,,1.4495504365428702,,9.895884161826595,,,,,3.3565322759755154e-06,,,910.0545624263953,1.1799275929276008e-05,,,,,,,,-0.9645360188347211,,
2026-02-03 12:48:59+00:00,,,,9.837475955046632,211.218794931753,,,,31961.133483576014,,,,,,,,,,,,,3069.1769596080085,,,,,3.087668942674011e-05,,,13712.111946054702,,8304.434848359439,,,,,,,-0.8551942839595993,,
2026-02-03 12:49:00+00:00,,,,9.87676215148992,,,,,3721.030472910325,,,,,,,,,,,,,2018.671151080065,5.388774758495049e-06,,,,,,,,,1779.9279002943897,,,,,,,-0.8931375430167175,,True
2026-02-03 12:49:01+00:00,,,,9.833253693715864,,,,,10688.71132417702,,,,,,,,,1,,,,,5.225692840361975e-06,,,,,,,,,5837.52234154877,,,,,,,-0.8490338705887961,,True
2026-02-03 12:49:02+00:00,-10.630013665635982,,,9.891951615239808,,,-12.041593294259895,,2892.604651190148,0.6169586158921705,,,,,,,,1,,,,,4.431972276813482e-06,,,,,,,,,2492.5972488438574,7.1014800482335525e-06,,,8.177637705417155,,,-0.9192432138656219,,True
2026-02-03 12:49:03+00:00,-10.646420738005055,,,9.851066264043876,,,-12.04909122713263,,12548.739412509867,0.5806108272987702,,,,,,,,1,,,,,5.872241143924005e-06,,,,,,,,,4552.837779506808,2.5032314092286776e-06,,,768.415157367118,,,,,True
2026-02-03 12:49:04+00:00,-10.63396493765432,,,9.881115389239335,,,-12.053067381939307,,,0.6479772110139158,,-0.9382743732799976,,,,,,1,,,,,8.380574915450399e-07,,,,,,,,,,8.503898894973125e-07,,,132.98218204462782,,,,,True
2026-02-03 12:49:05+00:00,-10.633749966573593,,,9.929424137918144,,,-12.03738137071876,,,0.697129260551687,,-0.2771075035223442,,,,,,1,,,,,,116.74623513597469,,,,,,,,,4.386286475020161e-06,,,3919.756773359733,,,,,
2026-02-03 12:49:06+00:00,-10.59001992427808,,,9.932377944322935,,29.797836723240245,-12.052464783768214,,,0.6181007308530079,,-0.6351521403033674,,,,,,,,,,,,13318.760262847336,,,,,,,,,1.7465875794098365e-05,,4.790530943507754e-05,8193.40583183601,5.101384374609791e-06,,,,
2026-02-03 12:49:07+00:00,,,,9.938370818060385,,3.6675606880753793,,,,,,-0.958130743848042,,,,,,,-17.432707518347236,,,,,498.61988446675406,,,,2513.5864786706443,,,,,,,3.6732078838990223e-06,,2.807120923242205e-06,-0.47951985377820794,,,
2026-02-03 12:49:08+00:00,,69.07144326596894,,9.914982885852178,,0.0,,,,,,-0.6387758732984743,,-12.198440358032878,,0.1389301109311295,,,-20.0,,,,,293.16739151508364,3.872361390990865e-06,,,769.5938061353652,,,,,,,4.137508054593223e-06,,8.847750246467118e-06,-0.4945108938510668,,,
2026-02-03 12:49:09+00:00,,69.146501184458,,9.92690756807654,,0.0,,,,,,,345.04482937175555,-13.42911529722736,32.66523704786624,1.5308917577125607,,,-20.0,,,,,2595.7254039776763,8.826608360972965e-06,,,3588.754147925577,,,,,,,9.322525015620129e-06,,2.731719219636466e-05,-0.5748608654421611,,,
2026-02-03 12:49:10+00:00,,69.0651690612841,69179.309130628,9.93984463595626,,0.0,,1.6741812950300754e-05,,,,,358.37679640157853,-11.41195408596619,311.22007517003334,0.1919197663702765,,,-20.0,,,,,,3.797868647726225e-06,,,669.2372722697164,,,,,,,4.0071259295711446e-08,,7.105533426586921e-06,-0.5503269027437324,,,
2026-02-03 12:49:11+00:00,,69.0759567347116,69186.75089700213,9.976962301662024,,,,1.938405824086371e-05,,,,,347.9231120072923,-11.893611542485075,395.0772008420087,0.8535748112012191,,,-20.0,,,,,,2.956126972848299e-06,1548.9097117870624,,2146.4307524596256,,,,,,,,,,-0.8111090995273543,,False,
2026-02-03 12:49:12+00:00,,69.15026475218322,69185.7090410991,9.94291911827158,,,,0.0001003292320695,,,,,348.2044874723293,-12.527888585075644,86.59782017285714,0.5643935584748558,,,,,,,,,2.744742274729606e-05,7499.342712560998,,,,,,,,1488.4877170279422,,,,,,False,
2026-02-03 12:49:13+00:00,,,69192.96247169284,9.917786756780623,,,,2.563782045971224e-05,,,0.8281369950854145,,332.7599898157578,,176.129279390021,,2.5850344525893438e-06,,,,13.736125982998203,,,,,5060.2565496959705,,,8.884876253724963e-06,,,,,4280.130802165119,,,,,,False,
2026-02-03 12:49:14+00:00,,,69190.69551565018,9.935786599385574,,,,1.5232151025551315e-05,,,0.7940230880823463,,,,,,1.533059398285916e-06,,,1.455492977011047,13.786667023963687,,,,,2384.431326670691,,,1.8092470403892768e-06,,5.749624108915962e-06,,,568.4096400871085,,,,,,False,
2026-02-03 12:49:15+00:00,,,,9.892770869463268,247.2248380542603,,,,,,0.7629275562285478,,,,,,5.374541298669865e-06,,,1.4429173922697955,13.744056686030554,,,,,1476.307060158565,1.3539873071596158e-05,,1.727740095689189e-06,3309.836930101364,4.861670843635502e-05,,,5439.088139703226,,,,,,True,
2026-02-03 12:49:16+00:00,,,,9.800163248433854,234.663239568948,,,,,,0.7477967701589825,,,,,,4.381912951228776e-06,,,1.4561399875546903,13.598337280342449,1243.4875308501285,,,,,3.404704321926281e-06,,3.144592771526802e-05,2538.3836120296364,1.2461773066154457e-05,,,1571.8606590167635,,,,,,,
2026-02-03 12:49:17+00:00,,,,9.797113010508676,218.8891931404529,,,,,,0.8068300895397948,,,,,,6.183992093951811e-06,,,1.4748634622110064,13.625047409174629,3397.401984392653,,,,,4.081942263481545e-06,,3.278270455883112e-05,5408.334278904295,4.13326365404818e-05,,,,,,,,,,
2026-02-03 12:49:18+00:00,,,,9.783153401958437,231.2108730497587,,,,,,,,,,,,,,,1.4270935313108897,,701.2153097538067,,,,,4.515112433442027e-06,,,2944.212533737068,3.930091060150615e-06,,,,,,,,-0.6264559047131341,,
2026-02-03 12:49:19+00:00,,,,9.779975675336688,217.3300696713521,,,,2754.1967474373178,,,,,,,,,,,,,99.90583536715698,,,,,2.1950597881252484e-06,,,749.473333361821,,26.848354031248306,,,,,,,-0.7951553396576907,,
2026-02-03 12:49:20+00:00,,,,9.726015080467889,,,,,3373.738080218532,,,,,,,,,,,,,1116.1393298075589,6.880324052116762e-06,,,,,,,,,689.7947726371547,,,,,,,-0.9076608182599002,,True
2026-02-03 12:49:21+00:00,,,,9.773442423421656,,,,,2829.8245928242377,,,,,,,,,1,,,,,4.675257997685874e-06,,,,,,,,,136.48823235656576,,,,,,,-0.6788590681459733,,True
2026-02-03 12:49:22+00:00,-10.668816783379572,,,9.74468100009418,,,-12.016765342406783,,19857.65415824542,0.6390343860349388,,,,,,,,1,,,,,2.0260714995416435e-05,,,,,,,,,4941.174332125506,1.1943099086173036e-05,,,317.3331057148799,,,-0.4031337979815699,,True
2026-02-03 12:49:23+00:00,-10.71222202079188,,,9.74908662587888,,,-12.044111326118347,,4360.961407851454,0.5880124259700976,,,,,,,,1,,,,,2.472989343496521e-06,,,,,,,,,1467.2446841524888,4.475192944337161e-06,,,1653.7476705860556,,,,,True
2026-02-03 12:49:24+00:00,-10.700676396701054,,,9.803437309810665,,,-12.054091572044504,,,0.6926829902927732,,-0.598286509240121,,,,,,1,,,,,6.400795591530884e-07,,,,,,,,,,4.665548105052404e-06,,,1214.0077716101828,,,,,True
2026-02-03 12:49:25+00:00,-10.70752640998238,,,9.772645186817982,,,-12.012925889563338,,,0.5540668394421846,,-0.557028712068252,,,,,,1,,,,,,8634.582939847003,,,,,,,,,2.4695794970902337e-06,,,3199.1536339731547,,,,,
2026-02-03 12:49:26+00:00,-10.750766939776256,,,9.766455012479843,,0.0,-12.026496217471829,,,0.6401284753081696,,-0.5229942799434407,,,,,,,,,,,,2999.6246817488577,,,,,,,,,8.677379743513072e-06,,1.2497328299814236e-07,3516.7585064414834,1.3076142440399827e-05,,,,
2026-02-03 12:49:27+00:00,,,,9.682048894507776,,0.0,,,,,,-0.7363758756264586,,,,,,,-20.0,,,,,4242.171361872121,,,,1732.857494521571,,,,,,,9.230620224283564e-06,,1.6002862938720633e-05,-0.9097052743131744,,,
2026-02-03 12:49:28+00:00,,69.53950029595798,,9.63104022815111,,53.24147825558576,,,,,,-1.0396903084917777,,-12.148043329598732,,0.3945008216708795,,,17.269034778910033,,,,,898.0260520335087,3.61460668603416e-08,,,1667.0781097002766,,,,,,,3.2133922707660136e-07,,9.862344713345836e-06,-0.9468782878676278,,,
2026-02-03 12:49:29+00:00,,69.5993891473939,,9.602458271147473,,0.0,,,,,,,336.349962737227,-12.252873668258486,175.1991128191528,0.3395156094320958,,,-20.0,,,,,3397.0674200941794,3.561951296112084e-06,,,3498.3759604485176,,,,,,,4.2529222226496766e-07,,1.84607402284049e-05,-0.9491419359361126,,,
2026-02-03 12:49:30+00:00,,69.54720727890215,69192.30268459328,9.62369368444801,,38.653872457447946,,3.59835534824464e-05,,,,,347.5697571867412,-11.530018590926188,170.90884107936566,0.0345535925751624,,,7.05771072021356,,,,,,5.113997127150201e-06,,,3210.06847471968,,,,,,,4.726600914375843e-06,,4.073124256104145e-06,-0.9110602483924334,,,
2026-02-03 12:49:31+00:00,,69.22387150948585,69190.0641636002,9.599112132722269,,,,1.31886606355462e-05,,,,,341.4961713177025,-11.679936386996784,482.7394578360204,0.1582459464936368,,,-20.0,,,,,,4.855820269961343e-06,723.8676058172911,,122.13905676023928,,,,,,,,,,-0.9214196288583286,,False,
2026-02-03 12:49:32+00:00,,69.26530220341091,69186.55882467468,9.574306816883803,,,,1.0070710498719134e-05,,,,,360.37289248995415,-12.115004581587732,479.6139663958983,0.0526214093088386,,,,,,,,,7.488197081826315e-07,441.89753126814793,,,,,,,,933.4421669715964,,,,,,False,
2026-02-03 12:49:33+00:00,,,69186.89753670346,9.635931245716757,,,,2.431343661754378e-05,,,0.735464947263152,,342.56619235840645,,173.01671332779063,,2.523205697254356e-06,,,,13.361135725962674,,,,,938.389141266992,,,4.936724097818194e-06,,,,,223.91589684115584,,,,,,False,
2026-02-03 12:49:34+00:00,,,69187.90842197949,9.62675855361439,,,,1.8041633088120677e-05,,,0.7551594629633824,,,,,,1.874112972465368e-06,,,1.237710181968513,13.310854436836284,,,,,376.5852742144274,,,5.615961615389941e-06,,5.704064167542357e-06,,,1386.4854997239931,,,,,,False,
2026-02-03 12:49:35+00:00,,,,9.63395037280122,273.6502803957828,,,,,,0.7873949950998795,,,,,,1.090212362526216e-06,,,1.2552122325029371,13.381810741138263,,,,,585.6149629460607,6.722512813391686e-06,,1.7079227714864505e-07,1759.5131503094112,2.524861813628184e-06,,,907.1965583537204,,,,,,False,
2026-02-03 12:49:36+00:00,,,,9.647228379619005,270.2209432850352,,,,,,0.7805593111360944,,,,,,1.1876210794928656e-06,,,1.260412305569978,13.432405511019072,131.2321817072313,,,,,3.1644764752972648e-06,,5.497320109384103e-08,2285.433378281169,2.2041375366581187e-07,,,159.3053945990899,,,,,,,
2026-02-03 12:49:37+00:00,,,,9.68014266243032,267.2469715367829,,,,,,0.7786693656965737,,,,,,4.3078485693041415e-06,,,1.2529913242946291,13.489113296581284,3894.050971599222,,,,,1.1892135583928866e-05,,7.321581438024149e-08,5420.049258189802,1.579775285211511e-05,,,,,,,,,,
2026-02-03 12:49:38+00:00,,,,9.681436319098308,281.8580404641877,,,,,,,,,,,,,,,1.2893714742259776,,345.4725936878856,,,,,1.7255042162778593e-06,,,569.17970753445,1.4859146483899363e-06,,,,,,,,0.2054875366724957,,
2026-02-03 12:49:39+00:00,,,,9.629540670505898,299.2503168385532,,,,16613.920523530025,,,,,,,,,,,,,1038.076100691873,,,,,1.0013282385783436e-05,,,1189.2373960759317,,2456.114713758164,,,,,,,0.4886260662841708,,
2026-02-03 12:49:40+00:00,,,,9.601922747905263,,,,,1270.573746718497,,,,,,,,,,,,,587.0768842124913,1.3395370792961746e-06,,,,,,,,,226.65179931237296,,,,,,,0.5869725343011006,,True
2026-02-03 12:49:41+00:00,,,,9.617466549524808,,,,,3607.341237988964,,,,,,,,,1,,,,,6.92821224906022e-06,,,,,,,,,712.1031329759603,,,,,,,0.5430317302161859,,True
2026-02-03 12:49:42+00:00,-10.783842749094402,,,9.654484266443276,,,-12.066970466018526,,10828.620125916948,0.6911127190087788,,,,,,,,1,,,,,1.0794056125628156e-05,,,,,,,,,1283.3127899911271,1.0722343443725702e-05,,,717.6539748931946,,,0.4645656727005032,,True
2026-02-03 12:49:43+00:00,-10.792746031922764,,,9.630984708145414,,,-12.051341688513894,,8003.023177248921,0.6018856611709431,,,,,,,,1,,,,,7.077103719697496e-06,,,,,,,,,3815.276689101559,3.3808114324897886e-06,,,2233.482164132941,,,,,True
2026-02-03 12:49:44+00:00,-10.786522922809768,,,9.644819412987465,,,-12.074797280313687,,,0.661799449180825,,-0.8074166066837327,,,,,,1,,,,,7.644532193989766e-06,,,,,,,,,,4.1529869315294346e-06,,,3135.869009874953,,,,,True
2026-02-03 12:49:45+00:00,-10.803779207679291,,,9.642303307882823,,,-12.08027030787436,,,0.6006124377989461,,-0.4527528137988885,,,,,,1,,,,,,4590.9834201026015,,,,,,,,,1.9635942151647508e-05,,,7410.960924291192,,,,,
2026-02-03 12:49:46+00:00,-10.8318572317285,,,9.640230872226892,,0.0,-12.066823480383327,,,0.6176297765222137,,-0.4013938849967194,,,,,,,,,,,,928.420814244874,,,,,,,,,1.7245057992038994e-06,,8.35759840358437e-06,841.7215666017552,1.799816996363702e-06,,,,
2026-02-03 12:49:47+00:00,,,,9.64479601233132,,0.0,,,,,,-0.1308116611856313,,,,,,,-20.0,,,,,19065.26386725245,,,,1987.539169549065,,,,,,,2.8346148829003967e-05,,4.031648886697019e-05,-0.9953947184035461,,,
2026-02-03 12:49:48+00:00,,69.87926173132138,,9.60873180175152,,40.00468789209003,,,,,,-0.6507862384644136,,-12.21317424505558,,0.0036311563547843,,,8.00328152446302,,,,,4556.519575376286,4.768914093440219e-07,,,1475.9469270119696,,,,,,,8.793053978904908e-06,,2.1651279716736205e-06,-0.9789695813059209,,,
2026-02-03 12:49:49+00:00,,70.0090198094259,,9.627731456539884,,70.95021953267236,,,,,,,325.63741944832304,-12.092884520359789,95.0632419979217,0.0379812045795675,,,29.66515367287065,,,,,6869.14550554868,6.480258652193629e-06,,,528.9704997462162,,,,,,,1.455616213876386e-05,,1.337348799916873e-05,-0.9440274065633091,,,
2026-02-03 12:49:50+00:00,,70.09856200895697,69205.19486394491,9.63147639689252,,0.0,,1.0654002235694596e-05,,,,,356.8154459373196,-12.001370064490445,428.09774700760033,0.2081461535596521,,,-20.0,,,,,,2.0262414959471853e-06,,,420.298180197398,,,,,,,1.3525802353803895e-06,,5.707521849218546e-06,-0.9785064416134506,,,
2026-02-03 12:49:51+00:00,,70.35429824161662,69206.21410667097,9.606282655421865,,,,3.793081900132619e-05,,,,,347.8473996392812,-12.461943100100884,129.53968789243714,0.0477875197019383,,,-2.8270290208114623,,,,,,8.444487129760172e-06,2779.76041637045,,1680.3699816743035,,,,,,,,,,-0.9762510508711846,,False,
2026-02-03 12:49:52+00:00,,70.20590127445476,69206.04555727927,9.554865035796029,,,,9.908528350306318e-06,,,,,332.0039728784535,-12.878405826105102,517.0322233924023,0.2029179855466953,,,,,,,,,4.031891695704124e-07,1522.2063119882887,,,,,,,,36.30411879811837,,,,,,False,
2026-02-03 12:49:53+00:00,,,69202.90525545552,9.55835629063582,,,,1.0288264710260544e-05,,,0.7543370459652037,,321.6812147685733,,526.7343259339077,,1.0763633827230111e-06,,,,13.42025683153616,,,,,86.60242903675243,,,2.923437350163554e-06,,,,,679.7779901466969,,,,,,False,
2026-02-03 12:49:54+00:00,,,69206.02883121793,9.585967462439358,,,,3.1625792763671464e-05,,,0.7572931863818266,,,,,,3.2991758930531143e-06,,,1.2317780725585317,13.468120292864068,,,,,3669.8549154819034,,,7.609732394242061e-06,,5.871114731996129e-06,,,2495.320995986769,,,,,,False,
2026-02-03 12:49:55+00:00,,,,9.545458105529846,262.1959985479178,,,,,,0.7168009046357665,,,,,,1.0461626466025808e-06,,,1.2369804264977824,13.363383025666202,,,,,1426.313611994765,6.011988321423966e-06,,2.443376126811981e-06,94.54595090606892,3.0505922400402907e-06,,,167.7623187134578,,,,,,False,
2026-02-03 12:49:56+00:00,,,,9.52491611135535,258.7719597079435,,,,,,0.7186917872847962,,,,,,3.141551142762698e-06,,,1.2698235275219076,13.310377990220765,526.2530657532162,,,,,1.1949097523955103e-05,,5.158591423318316e-06,4223.60360037618,2.4143387021449497e-06,,,435.7887628808189,,,,,,,
2026-02-03 12:49:57+00:00,,,,9.516493104238156,257.04974893967886,,,,,,0.7452877012228175,,,,,,6.485340419419155e-07,,,1.2381593596972191,13.360770809644965,445.1656186936313,,,,,4.072852413796127e-07,,2.0856580838136203e-06,416.67967595994327,3.5623841254434e-06,,,,,,,,,,
2026-02-03 12:49:58+00:00,,,,9.506017722136988,255.2896465161179,,,,,,,,,,,,,,,1.2000030095766845,,2657.326049983863,,,,,4.665697177934708e-06,,,827.819194298824,6.919832556234387e-07,,,,,,,,-0.2539327280285582,,
2026-02-03 12:49:59+00:00,,,,9.42421643649257,245.6835343347908,,,,1773.8783372734576,,,,,,,,,,,,,575.9501172018943,,,,,3.432028318479705e-07,,,674.3697171994612,,180.36967925211252,,,,,,,-0.4117762607473153,,
2026-02-03 12:50:00+00:00,,,,9.516336044758896,,,,,5914.598018163721,,,,,,,,,,,,,3808.141573119497,1.2735856526639412e-05,,,,,,,,,664.698716743496,,,,,,,-0.4296598843591388,,True
2026-02-03 12:50:01+00:00,,,,9.491187392181295,,,,,9228.65033367255,,,,,,,,,1,,,,,3.172580761857318e-05,,,,,,,,,4766.745817406192,,,,,,,-0.4029728243985564,,True
2026-02-03 12:50:02+00:00,-10.859377559366989,,,9.495044570668403,,,-12.085386731749692,,9954.89507495447,0.5838952153397067,,,,,,,,1,,,,,3.203213047253408e-06,,,,,,,,,3.104045758345665,1.2569437018533942e-06,,,5754.507336079047,,,-0.03327998135693792,,True
2026-02-03 12:50:03+00:00,-10.861490080263476,,,9.497743846479327,,,-12.100001384271744,,779.3051914656824,0.5917766200026157,,,,,,,,1,,,,,1.7317792941759674e-07,,,,,,,,,217.39244693178583,1.093250570287105e-06,,,31.882600868601248,,,,,True
2026-02-03 12:50:04+00:00,-10.8590255532769,,,9.527178464916885,,,-12.0805658378396,,,0.5769182741207948,,-0.591075376336581,,,,,,1,,,,,4.679083273637564e-06,,,,,,,,,,9.378756880655853e-06,,,1093.9323930170435,,,,,True
2026-02-03 12:50:05+00:00,-10.875178894937632,,,9.4845717084254,,,-12.075594216837512,,,0.6004312279793151,,-0.6016631757341828,,,,,,1,,,,,,397.24277285705176,,,,,,,,,9.516306295518844e-06,,,1594.336114201828,,,,,
2026-02-03 12:50:06+00:00,-10.802781075045171,,,9.408040132055138,,0.0,-12.083889689534368,,,0.6367706333211471,,-1.0046931201807914,,,,,,,,,,,,122.59999455674313,,,,,,,,,4.734669867453096e-06,,3.712621278277517e-06,3970.9543606473576,1.2853106552058132e-05,,,,
2026-02-03 12:50:07+00:00,,,,9.403375370636615,,0.0,,,,,,-0.5432314167987559,,,,,,,-20.0,,,,,274.7578043266243,,,,1596.126020554087,,,,,,,7.810215275685775e-06,,5.411160168553582e-07,-0.9711695399590115,,,
2026-02-03 12:50:08+00:00,,69.50506838338599,,9.418521160849878,,0.0,,,,,,-0.7269948674656941,,-11.627323009611764,,0.8170414199446298,,,-20.0,,,,,127.08363114725296,4.963641518735373e-08,,,146.06753437178784,,,,,,,2.215673488337286e-06,,5.956866791474922e-06,-0.9674346274337089,,,
2026-02-03 12:50:09+00:00,,69.27422360011336,,9.441097402603829,,59.93888229686007,,,,,,,350.64602577146,-12.454887244411331,178.87417322940382,0.2899220067806974,,,21.95721760780205,,,,,2635.041443284629,6.607174902770507e-06,,,15.543352286223053,,,,,,,1.3639850516279634e-05,,3.1833802857027937e-06,-0.9710601579719866,,,
2026-02-03 12:50:10+00:00,,69.34688214940304,69202.20891265236,9.476821194870633,,22.50868243158777,,3.720241333061374e-05,,,,,351.198799489529,-11.562754477044486,84.87090178040735,0.8227059269405043,,,-4.243922297888561,,,,,,2.108436076277585e-05,,,3504.398792423933,,,,,,,5.583235711760157e-06,,2.2366348026442628e-05,-0.8874944415247588,,,
2026-02-03 12:50:11+00:00,,69.5066744892296,69202.4727120054,9.539184792833428,,,,3.9168788221451225e-05,,,,,349.78796932413934,-12.163895987009717,132.79326072004136,0.1047517722059595,,,-2.9385144019815463,,,,,,8.402837132788795e-07,4148.242128321999,,3664.1107321705776,,,,,,,,,,-0.9527211811576599,,False,
2026-02-03 12:50:12+00:00,,69.54089643190225,69202.37400437011,9.5635554170423,,,,3.8459980179631415e-05,,,,,347.3311852122252,-11.591528703396532,172.31711395223618,0.0739631846639893,,,,,,,,,8.698772773929834e-06,6371.240822899459,,,,,,,,416.8024801501546,,,,,,False,
2026-02-03 12:50:13+00:00,,,69203.57568142613,9.632598829791949,,,,1.6824184239154467e-05,,,0.7573661944886648,,319.4121389895983,,300.7911956775516,,1.7465882817750285e-06,,,,13.4095319398071,,,,,533.368298985833,,,2.390179597698082e-06,,,,,2171.462593391813,,,,,,False,
2026-02-03 12:50:14+00:00,,,69203.97836964905,9.608983767706796,,,,1.5406300885264418e-05,,,0.758263081730705,,,,,,1.6033226049398523e-06,,,1.1169078856774235,13.388237558210784,,,,,1453.2698179371744,,,1.6975183374467664e-06,,1.3664115846900672e-06,,,134.85446123667697,,,,,,False,
2026-02-03 12:50:15+00:00,,,,9.605605396739836,286.0882888261388,,,,,,0.7383485142602473,,,,,,7.901171784754093e-07,,,1.0990719194721807,13.371840869032006,,,,,86.0701696310318,6.805025815064537e-07,,2.351935312210452e-06,1122.045023849165,1.2777433344186614e-06,,,350.6072399197387,,,,,,False,
2026-02-03 12:50:16+00:00,,,,9.631699807607218,279.71444444784345,,,,,,0.7987245581593048,,,,,,1.2406078563987231e-06,,,1.0694807667630553,13.433332020967049,123.61427413352662,,,,,3.96697700397879e-06,,2.8245589247163893e-07,1607.1339099889642,1.6650678163932188e-06,,,295.1394608503747,,,,,,,
2026-02-03 12:50:17+00:00,,,,9.633623364175255,290.42571734945403,,,,,,0.7836216504947329,,,,,,4.691378272525295e-06,,,1.071764480792808,13.465417980648237,3459.266657506603,,,,,3.147381251449317e-06,,1.041100513751648e-05,4969.319855209737,1.6795248469115615e-06,,,,,,,,,,
2026-02-03 12:50:18+00:00,,,,9.628648294033516,283.21993481670177,,,,,,,,,,,,,,,1.1050228190947,,1041.4917347758844,,,,,1.0062107690772017e-05,,,1689.9223987826654,1.1419858962284913e-05,,,,,,,,0.22868959182522486,,
2026-02-03 12:50:19+00:00,,,,9.606553169844494,293.79685854164893,,,,1713.6407717695818,,,,,,,,,,,,,125.21984287361092,,,,,1.0961098798638109e-06,,,196.69696243728268,,1140.3532176244078,,,,,,,0.4034951296129508,,
2026-02-03 12:50:20+00:00,,,,9.586521483959125,,,,,2136.173117173257,,,,,,,,,,,,,89.07360158897353,2.997276860072245e-07,,,,,,,,,1317.7653887956549,,,,,,,0.10208648988448184,,True
2026-02-03 12:50:21+00:00,,,,9.557448998550496,,,,,2110.040988045784,,,,,,,,,1,,,,,1.9981836168849606e-06,,,,,,,,,599.9738292196942,,,,,,,0.2872685510910807,,True
2026-02-03 12:50:22+00:00,-10.92755192961244,,,9.588179982552148,,,-12.035590762963851,,10357.585657607571,0.7350204110211438,,,,,,,,1,,,,,4.501119868940654e-06,,,,,,,,,2628.93875229651,1.110663908100882e-06,,,1936.407369848616,,,0.22754988325247041,,True
2026-02-03 12:50:23+00:00,-10.891685138971336,,,9.570523279061858,,,-12.040055482037811,,2092.289622987298,0.7227988988821429,,,,,,,,1,,,,,3.3614099642397975e-07,,,,,,,,,597.8807966944184,1.8800073199478688e-06,,,1049.279445972299,,,,,True
2026-02-03 12:50:24+00:00,-10.843782209752405,,,9.443123327323809,,,-12.010291836050488,,,0.5838731177666372,,-0.5084163186655493,,,,,,1,,,,,1.1763381255673505e-06,,,,,,,,,,5.0502051961735055e-06,,,628.9504879196381,,,,,True
2026-02-03 12:50:25+00:00,-10.851976861366431,,,9.44142347630376,,,-12.025816279993276,,,0.623708324263246,,-0.5039836379880027,,,,,,1,,,,,,67.40377591595917,,,,,,,,,1.041196164514448e-06,,,1914.083961506007,,,,,
2026-02-03 12:50:26+00:00,-10.85474562703585,,,9.47843953308849,,4.921158326895917,-12.020179447304354,,,0.6401548131713957,,-0.7429615828107966,,,,,,,,,,,,1268.046575425457,,,,,,,,,2.3202546633069148e-06,,1.0475594776624352e-06,1358.4139455249465,1.5799354787536063e-06,,,,
2026-02-03 12:50:27+00:00,,,,9.475004151455764,,58.28277845410375,,,,,,-0.4643311717123393,,,,,,,20.79794491787262,,,,,2747.966895454969,,,,45.70309853582775,,,,,,,9.024321039934571e-06,,1.7264142035038105e-05,-0.643564421902296,,,
2026-02-03 12:50:28+00:00,,69.542684911554,,9.541727712598815,,0.0,,,,,,-0.4266071627372201,,-11.79990934375305,,0.0094599791983385,,,-20.0,,,,,24863.24985473212,8.479576332768714e-05,,,569.5225512290546,,,,,,,1.352893271946809e-05,,3.877508920506261e-05,-0.4718255201797946,,,
2026-02-03 12:50:29+00:00,,69.55309459866719,,9.556494075466407,,0.0,,,,,,,319.4531503110464,-11.525059569639431,557.7744176066657,1.2500084317425442,,,-20.0,,,,,948.411550738565,8.585160418196768e-07,,,370.6570650865295,,,,,,,9.244895668466018e-07,,1.377681927709118e-07,-0.11560535727806368,,,
2026-02-03 12:50:30+00:00,,69.6588810787611,69200.38642645827,9.605652408161085,,82.9713772252501,,4.002448336917313e-05,,,,,330.86763852492845,-12.191200003890009,139.97025251056587,0.3029218276541923,,,38.07996405767506,,,,,,9.772956789720194e-07,,,943.143164985956,,,,,,,2.785758187697417e-05,,4.108679382940877e-07,-0.09846255179474898,,,
2026-02-03 12:50:31+00:00,,69.7053921045596,69197.01220736305,9.661437015468575,,,,4.244406426205027e-05,,,,,337.14549850601026,-12.299725693678187,230.8051397786862,0.0575548812220356,,,-20.0,,,,,,2.1801835403720332e-05,113.67401645726858,,1759.07203411726,,,,,,,,,,-0.33273160732587775,,False,
2026-02-03 12:50:32+00:00,,69.73760665207641,69189.9658205196,9.711995518114172,,,,1.5357358637156853e-05,,,,,348.3462305832189,-12.22865369714938,420.7270104509759,0.2362887449014174,,,,,,,,,7.916090962311127e-06,877.9769418437348,,,,,,,,1214.8304094538785,,,,,,False,
2026-02-03 12:50:33+00:00,,,69189.00567129056,9.666618643891098,,,,1.5211709546377532e-05,,,0.7445585764269487,,346.6617107741181,,294.7161874455888,,1.5736329430964671e-06,,,,13.464964590636498,,,,,313.9916941582542,,,5.5144044068320025e-06,,,,,555.1254906460666,,,,,,False,
2026-02-03 12:50:34+00:00,,,69187.64503921864,9.627965193027324,,,,4.600349907374768e-05,,,0.8401607927693298,,,,,,4.778112316719208e-06,,,1.181904782914725,13.455302128266291,,,,,1401.4004196233732,,,1.309166332561381e-05,,1.1524177313896296e-05,,,988.1326039643892,,,,,,False,
2026-02-03 12:50:35+00:00,,,,9.67787182691155,354.8353254004205,,,,,,0.7610090481608464,,,,,,2.9898261984834683e-06,,,1.1386269105232485,13.477235099412704,,,,,521.8819276161023,2.392653701612488e-05,,3.0275885774601998e-06,1218.1126614650543,1.7976434525262563e-06,,,1828.256636387839,,,,,,False,
2026-02-03 12:50:36+00:00,,,,9.730866194970297,11.761038658753534,,,,,,0.8272071892399694,,,,,,1.6037415281141632e-06,,,1.099820228333797,13.53553638451267,2073.3257420689006,,,,,4.641489344933186e-06,,7.407858469896705e-07,620.9022494836582,3.353541921526829e-06,,,20.4002501767446,,,,,,,
2026-02-03 12:50:37+00:00,,,,9.764792436119324,14.584259274111584,,,,,,0.6756777286244549,,,,,,2.660811320577758e-06,,,1.123470562056391,13.611303378288197,761.0699552563533,,,,,7.003174229870305e-06,,1.0990004454698912e-05,1768.0279822895643,8.752609672557517e-06,,,,,,,,,,
2026-02-03 12:50:38+00:00,,,,9.71973400655666,2.0103818385179704,,,,,,,,,,,,,,,1.0978718885823875,,4959.426404113288,,,,,2.8583787749849277e-06,,,4957.187893850577,9.03608485511206e-06,,,,,,,,0.9993844869195697,,
2026-02-03 12:50:39+00:00,,,,9.72910774334844,12.988299258479127,,,,23943.91972357412,,,,,,,,,,,,,2372.4760388214686,,,,,2.0306055176792705e-05,,,10176.340578786416,,8405.07542171202,,,,,,,0.9744159831761695,,
2026-02-03 12:50:40+00:00,,,,9.711457438875485,,,,,3223.8935380492094,,,,,,,,,,,,,59.29133166573573,5.131163645926634e-06,,,,,,,,,14.78609138180921,,,,,,,0.9932998735676117,,True
2026-02-03 12:50:41+00:00,,,,9.679298911852763,,,,,4598.256783697891,,,,,,,,,1,,,,,2.806162966048552e-07,,,,,,,,,779.2843657206624,,,,,,,0.969790899713922,,True
2026-02-03 12:50:42+00:00,-10.90408143540064,,,9.715256761541076,,,-12.0716897727221,,4478.659025291411,0.657772589620234,,,,,,,,1,,,,,2.295883648080071e-06,,,,,,,,,2578.8398386259955,5.402758581826931e-06,,,89.36054170900961,,,0.9756142204975362,,True
2026-02-03 12:50:43+00:00,-10.90518490328146,,,9.735645446173129,,,-12.079850344348872,,5619.136042815705,0.6854866577998349,,,,,,,,1,,,,,1.8757495659839143e-06,,,,,,,,,817.9899673602802,4.376424248787539e-06,,,2784.475331049149,,,,,True
2026-02-03 12:50:44+00:00,-10.898104738668597,,,9.744450338639885,,,-12.069738651619902,,,0.7270453405102215,,-0.971620616169319,,,,,,1,,,,,7.198355420279515e-07,,,,,,,,,,2.4415282401743505e-06,,,29.887925094117183,,,,,True
2026-02-03 12:50:45+00:00,-10.903094693519364,,,9.738799557602237,,,-12.083484124861313,,,0.7274563243464374,,-0.8942616680055862,,,,,,1,,,,,,312.66077864069337,,,,,,,,,3.903134701957242e-06,,,1846.8398390810676,,,,,
2026-02-03 12:50:46+00:00,-10.900377144911626,,,9.730768535304817,,0.0,-12.07332416930266,,,0.5905095956988171,,-0.7845995882577136,,,,,,,,,,,,1448.555356711566,,,,,,,,,1.6983997534184097e-06,,1.6243995136387688e-06,1788.1849480263156,1.1955309687600986e-05,,,,
2026-02-03 12:50:47+00:00,,,,9.694950010605565,,15.44154237556974,,,,,,-0.8275839963100831,,,,,,,-9.190920337101185,,,,,5393.817759339572,,,,2536.770451482368,,,,,,,6.332987344463063e-06,,8.587042715910996e-06,-0.19260151980327767,,,
2026-02-03 12:50:48+00:00,,70.37682943659361,,9.69129737997394,,0.0,,,,,,-0.7043970810404543,,-12.126464289096893,,0.5243232619588852,,,-20.0,,,,,275.3259588058982,5.605285119653004e-07,,,864.6678021394727,,,,,,,2.944830826367039e-06,,5.030095199991919e-06,-0.4638366269881755,,,
2026-02-03 12:50:49+00:00,,70.54366319160417,,9.626211268608106,,0.0,,,,,,,348.43628553961486,-12.084046066436857,82.79683521022507,0.1019428582893937,,,-20.0,,,,,957.5439087696012,9.191943651635105e-06,,,5958.922327291578,,,,,,,1.5719013284213014e-05,,4.447430080855262e-06,-0.3996415684727695,,,
2026-02-03 12:50:50+00:00,,70.30206170592082,69182.85122311115,9.555190151728024,,0.0,,1.121445597402141e-05,,,,,338.66845442598566,-12.395334430392,422.13375838097227,0.3133718273379834,,,-20.0,,,,,,2.1459573960605124e-06,,,193.15749657745584,,,,,,,3.22518102035132e-07,,4.0098276333989406e-06,-0.26667409676527626,,,
2026-02-03 12:50:51+00:00,,70.23565567373696,69184.41275280106,9.525817935677509,,,,3.7407317664874246e-05,,,,,336.65050012417856,-12.205243925568295,196.55248317849333,0.8880854734313669,,,-20.0,,,,,,8.480768924822305e-07,1436.1789665944048,,3670.451275405267,,,,,,,,,,-0.052868009346773534,,False,
2026-02-03 12:50:52+00:00,,70.37507891162764,69183.27872438618,9.534800654926688,,,,6.869062263340894e-06,,,,,336.5663702734337,-12.155564370946369,629.8739222434083,0.2173290870580094,,,,,,,,,1.7764957463261797e-08,171.14101170719036,,,,,,,,1030.3161730888266,,,,,,False,
2026-02-03 12:50:53+00:00,,,69181.59826317894,9.552282732578355,,,,6.3835895995763e-05,,,0.7697229780844341,,347.3502465148688,,150.19557079943763,,6.682789630801935e-06,,,,13.447349037868795,,,,,461.4466685743054,,,6.8941424049858674e-06,,,,,621.1683719070165,,,,,,False,
2026-02-03 12:50:54+00:00,,,69182.5255919142,9.57366047678079,,,,4.926024386887795e-05,,,0.65212510452359,,,,,,5.145392819011068e-06,,,1.207610522409997,13.492925068420355,,,,,8373.320716653056,,,1.1669741605219649e-05,,3.592504572572085e-07,,,2877.165623313039,,,,,,False,
2026-02-03 12:50:55+00:00,,,,9.548209400793114,26.86609754481592,,,,,,0.790954560361269,,,,,,1.9249201731513e-06,,,1.2154930960004378,13.34643285845533,,,,,1092.182576661119,3.079838581134754e-06,,6.440824249106738e-06,397.6063711363682,6.57793948955505e-06,,,22.53533146895607,,,,,,False,
2026-02-03 12:50:56+00:00,,,,9.52089127095068,18.250370393328566,,,,,,0.7515674207105547,,,,,,1.2547447603648446e-06,,,1.2195343247837769,13.258673412833344,1922.7470787786067,,,,,4.59443263027106e-07,,1.929259461869651e-06,1825.649833992173,3.271666709793513e-06,,,1234.1079075669377,,,,,,,
2026-02-03 12:50:57+00:00,,,,9.58325636070727,18.373599777606824,,,,,,0.7516719960954392,,,,,,2.527063615371449e-06,,,1.2468511343343187,13.362631109927554,2615.822995143737,,,,,3.797339093508437e-06,,2.1484054963355763e-06,2098.605339364962,2.3382000855202465e-06,,,,,,,,,,
2026-02-03 12:50:58+00:00,,,,9.557048911295135,23.021424066465507,,,,,,,,,,,,,,,1.1992380479295612,,970.80729092436,,,,,4.761270641509599e-06,,,1381.327859503655,5.850381850351399e-06,,,,,,,,0.9203586867264087,,
2026-02-03 12:50:59+00:00,,,,9.541293096860697,21.71292376255016,,,,1972.7262311753864,,,,,,,,,,,,,263.2312221664598,,,,,3.417205007038179e-06,,,1305.8103321258693,,447.4221339518849,,,,,,,0.9290491470033535,,
2026-02-03 12:51:00+00:00,,,,9.546234137943586,,,,,3622.668903158496,,,,,,,,,,,,,990.9895917378932,1.843094275350367e-06,,,,,,,,,181.10377112727684,,,,,,,0.9447562317110837,,True
2026-02-03 12:51:01+00:00,,,,9.579203267882008,,,,,3155.9171331060047,,,,,,,,,1,,,,,2.7026441462511864e-07,,,,,,,,,1535.1531074437496,,,,,,,0.963734910383923,,True
2026-02-03 12:51:02+00:00,-10.892250391877743,,,9.631892112099225,,,-12.191882687394614,,13326.0854470227,0.6188454334080553,,,,,,,,1,,,,,7.46871819583296e-06,,,,,,,,,3267.871888522609,9.973855146905975e-06,,,3920.258528203045,,,0.9985806228987911,,True
2026-02-03 12:51:03+00:00,-10.89006148201711,,,9.63911681239102,,,-12.161183468791942,,4073.106680648959,0.6840575898116324,,,,,,,,1,,,,,2.220523733143104e-07,,,,,,,,,2235.2298586009774,2.40250895251878e-06,,,574.0934274316323,,,,,True
2026-02-03 12:51:04+00:00,-10.91669696777105,,,9.671379256427931,,,-12.162668812096992,,,0.5432667819996645,,-0.5106600285699798,,,,,,1,,,,,2.565143076202112e-06,,,,,,,,,,2.869493847106064e-06,,,862.0639811162391,,,,,True
2026-02-03 12:51:05+00:00,-10.918835021229432,,,9.691872354779646,,,-12.15197591169454,,,0.6017599384493529,,-0.5456893715316026,,,,,,1,,,,,,3002.9516085004425,,,,,,,,,1.4776373229814214e-05,,,1761.0222691950944,,,,,
2026-02-03 12:51:06+00:00,-10.938810282765148,,,9.701181782919278,,0.0,-12.164502853809806,,,0.6112979651581953,,-0.6191516798265643,,,,,,,,,,,,1085.823444178223,,,,,,,,,4.210826173724629e-06,,2.508588775650572e-06,279.7549006609252,5.1357603698870025e-06,,,,
2026-02-03 12:51:07+00:00,,,,9.741495694442731,,0.0,,,,,,-0.6316858059171657,,,,,,,-20.0,,,,,722.2131623442157,,,,20.50626250847361,,,,,,,1.4553733258144497e-06,,4.7687766577463244e-06,-0.7125557300328853,,,
2026-02-03 12:51:08+00:00,,69.00721807114317,,9.7607046343556,,17.368084056842644,,,,,,-0.8802724633339414,,-11.85715229723024,,0.0287238685556446,,,-7.84234116021015,,,,,715.6453848862498,4.548471579563679e-06,,,2490.758419555686,,,,,,,9.091479347268172e-07,,8.290706945820189e-06,-0.5731352445581649,,,
2026-02-03 12:51:09+00:00,,68.82192535801573,,9.77827880991932,,36.88112236268235,,,,,,,344.2053537615792,-11.906037946187803,334.57164973845704,0.0355796065357985,,,5.816785653877641,,,,,347.1369370968337,5.089917783409849e-07,,,2896.356465885033,,,,,,,2.700845971477535e-06,,8.86851647582408e-06,-0.19578969601622034,,,
2026-02-03 12:51:10+00:00,,68.54201614269961,69180.26425387342,9.769882063882491,,0.0,,1.9830317520605808e-05,,,,,355.9943207592825,-12.06429983513451,290.93025684335885,1.2128890048635736,,,-20.0,,,,,,6.375176900278246e-06,,,104.3285974939179,,,,,,,1.1109400015462164e-06,,4.445639355493832e-07,-0.10641594966976457,,,
2026-02-03 12:51:11+00:00,,68.71171761062226,69179.05699946545,9.790122430814066,,,,6.280071003335472e-05,,,,,340.32747342532537,-12.41457607587384,82.47422876613598,0.0831331117899411,,,0.975697526654738,,,,,,6.20043151960878e-06,924.1083912818524,,1161.9894393721418,,,,,,,,,,-0.15382878269770725,,False,
2026-02-03 12:51:12+00:00,,68.60261560918181,69177.74328533356,9.82478636962468,,,,3.544693822114442e-05,,,,,343.73398251488885,-12.472202170036752,218.6793723089177,0.2176654049323834,,,,,,,,,1.311604376090755e-05,706.6930174108031,,,,,,,,846.852156736057,,,,,,False,
2026-02-03 12:51:13+00:00,,,69177.36288959043,9.898506553771224,,,,2.882470797964001e-05,,,0.7578511507522049,,346.4673197801669,,209.94408760993215,,2.912025952910857e-06,,,,13.57518188978991,,,,,810.3625167451983,,,1.967371926022978e-06,,,,,49.40268337971476,,,,,,False,
2026-02-03 12:51:14+00:00,,,69179.10257113838,9.929222658146347,,,,1.650883064894275e-05,,,0.742303384204841,,,,,,1.6626508657652288e-06,,,1.1832836901912056,13.650532188462773,,,,,3867.9867370935312,,,1.0934676213484835e-06,,3.135020494907902e-06,,,1680.2046443217175,,,,,,False,
2026-02-03 12:51:15+00:00,,,,9.954082832899598,351.8939653987519,,,,,,0.755114687461363,,,,,,1.9951586551068947e-06,,,1.1754921531347136,13.6711984857683,,,,,499.6079221318199,3.2764164508724688e-06,,2.4670091796986787e-06,798.137206176369,5.216742914575925e-06,,,341.6155540991712,,,,,,False,
2026-02-03 12:51:16+00:00,,,,9.979270126987108,4.256130678283967,,,,,,0.820445955335178,,,,,,8.079071918148115e-06,,,1.147556751876272,13.724691654412077,17158.05530531402,,,,,1.804558493192252e-05,,4.904752598562e-07,7924.084612663105,2.637721080604176e-05,,,8946.29992159593,,,,,,,
2026-02-03 12:51:17+00:00,,,,9.98386960816625,357.7530873005985,,,,,,0.7404586636570544,,,,,,7.100205637470065e-06,,,1.0929979210335814,13.74958617935712,1235.5090301984058,,,,,5.432844287855364e-06,,5.8236421637028185e-05,10637.555773125709,4.2645020570857305e-06,,,,,,,,,,
2026-02-03 12:51:18+00:00,,,,9.97721188823748,352.1225474224788,,,,,,,,,,,,,,,1.0788075409290352,,1225.135312473555,,,,,1.0015800910932473e-06,,,6492.741787845119,7.120135311327178e-06,,,,,,,,0.9905634746470208,,
2026-02-03 12:51:19+00:00,,,,10.037707642711505,355.75077600370787,,,,11238.46680421137,,,,,,,,,,,,,5566.371592066529,,,,,1.3979960045283918e-05,,,287.7808357898359,,5327.906080328407,,,,,,,0.9972511887200505,,
2026-02-03 12:51:20+00:00,,,,9.996160605709024,,,,,6211.002234761145,,,,,,,,,,,,,1291.078668269761,2.8445330065087107e-06,,,,,,,,,1277.8102676208498,,,,,,,0.94144935873175,,True
2026-02-03 12:51:21+00:00,,,,10.031843582767438,,,,,6671.25152275877,,,,,,,,,1,,,,,1.6269883943425258e-05,,,,,,,,,193.96899811331835,,,,,,,0.8693613394936188,,True
2026-02-03 12:51:22+00:00,-11.072941132490609,,,9.988989007117535,,,-12.170961163035908,,5901.5127146539535,0.5782464697821641,,,,,,,,1,,,,,1.2218299472583464e-05,,,,,,,,,80.39739373665044,4.013701856751247e-07,,,1135.7657412820165,,,0.7515202896614838,,True
2026-02-03 12:51:23+00:00,-11.080450687590051,,,9.963160824434835,,,-12.18391392038976,,2405.4927490846508,0.7280387621528845,,,,,,,,1,,,,,6.6491849883487e-07,,,,,,,,,405.4160967418251,5.088401581482245e-06,,,1020.1416687623076,,,,,True
2026-02-03 12:51:24+00:00,-11.113242460367724,,,9.955884873776414,,,-12.164403494548154,,,0.5880378294377753,,-0.5132941369211019,,,,,,1,,,,,5.296352808148749e-06,,,,,,,,,,8.816057761713943e-06,,,655.2241585503655,,,,,True
2026-02-03 12:51:25+00:00,-11.137129272361506,,,9.956778105694934,,,-12.13575000899241,,,0.6273662408770034,,-0.7838313492632089,,,,,,1,,,,,,3305.9203794951945,,,,,,,,,1.7346067661532728e-05,,,7057.841481440112,,,,,
2026-02-03 12:51:26+00:00,-11.141683951882332,,,9.9850080719102,,38.010440544672086,-12.1318868588495,,,0.5664288452130151,,-0.495320107247302,,,,,,,,,,,,1139.6640733063282,,,,,,,,,8.379458704779219e-06,,1.0691345390087148e-06,808.6816316469016,3.6097988387216233e-06,,,,
2026-02-03 12:51:27+00:00,,,,10.008410496105553,,5.8758979766447,,,,,,-0.6748661141604033,,,,,,,-15.886871416348711,,,,,610.7144344758224,,,,1195.2676845792892,,,,,,,6.835935298942238e-07,,1.0895789657903658e-07,-0.43625288863250855,,,
2026-02-03 12:51:28+00:00,,68.71042919657935,,9.995839399769595,,26.513260540745147,,,,,,-0.5562770280463554,,-12.49341742942966,,0.2807792802384999,,,-1.4407176214783988,,,,,337.6607771740397,3.2303860473184424e-06,,,1596.791564272066,,,,,,,5.286600373629376e-09,,1.150371431204163e-05,-0.19483649030771513,,,
2026-02-03 12:51:29+00:00,,68.66822586694299,,9.998792421635914,,0.0,,,,,,,356.23270746097654,-12.25287780581315,126.1263022582323,0.4633483367087728,,,-20.0,,,,,2655.4568951504634,6.195161474459576e-06,,,3042.418828362278,,,,,,,2.0395470067271752e-05,,1.506108049946777e-06,-0.3441775759021915,,,
2026-02-03 12:51:30+00:00,,68.66233366677305,69175.53556116657,9.9517268527995,,0.0,,1.6659308403740602e-05,,,,,337.9843280963257,-11.37552140403342,381.0984865770844,0.3531330233044119,,,-20.0,,,,,,6.568216630757243e-06,,,2982.3168971195178,,,,,,,1.0484363478506167e-05,,3.669909956960368e-06,-0.23728214054167926,,,
2026-02-03 12:51:31+00:00,,68.43665925078231,69177.2633597631,9.970435975794713,,,,4.345535556115575e-05,,,,,353.9263316489857,-12.633611665738076,94.26858309542214,0.0521504792378006,,,-11.15604195862431,,,,,,1.6554943070465925e-05,5550.665804216148,,1654.1239544990713,,,,,,,,,,-0.1887182430324296,,False,
2026-02-03 12:51:32+00:00,,68.39878310781212,69174.78942483467,9.96154563221145,,,,2.2221184906974517e-05,,,,,346.83131875913176,-10.982871470213508,273.9827649302336,0.0588941915061045,,,,,,,,,1.2531480972422908e-06,0.2611151145166516,,,,,,,,528.2319250517845,,,,,,False,
2026-02-03 12:51:33+00:00,,,69176.82482505447,9.936559586507162,,,,2.6061787415400868e-05,,,0.8235038547634058,,350.2447534420885,,316.1210025033878,,2.6228180074308745e-06,,,,13.572895057720102,,,,,2757.533490203208,,,1.2947267119022528e-06,,,,,2896.2360862653013,,,,,,False,
2026-02-03 12:51:34+00:00,,,69179.8809321069,9.950027553252694,,,,0.0001037232964919,,,0.803174033937776,,,,,,1.042442304173053e-05,,,1.0394443289670785,13.59502417191467,,,,,5828.482223383173,,,1.0381654259392615e-05,,1.3709586321552262e-05,,,12412.403757411648,,,,,,False,
2026-02-03 12:51:35+00:00,,,,9.967283588638264,359.42541875323684,,,,,,0.7667822524084306,,,,,,2.5939363997545825e-06,,,1.0705267912029517,13.639516500357177,,,,,2023.88550480774,7.042182071729887e-06,,6.224486281701572e-06,3162.604113807206,4.238371021828596e-06,,,763.3581706088377,,,,,,False,
2026-02-03 12:51:36+00:00,,,,9.99871084056586,333.451040151322,,,,,,0.861968481998366,,,,,,3.0184256539272486e-06,,,1.066099426451161,13.675621704286828,6050.554983254818,,,,,9.31517708298855e-06,,1.5063911271402528e-05,504.3620760788358,5.56389654681706e-07,,,1768.7483919240535,,,,,,,
2026-02-03 12:51:37+00:00,,,,10.076481702262118,328.9916244964133,,,,,,0.8294636706046726,,,,,,1.312976197241673e-06,,,1.0829546222412152,13.797395801618087,5.8647286074292575,,,,,2.8162456128111693e-06,,2.3476617121400404e-06,295.66540729625285,2.275234892470154e-06,,,,,,,,,,
2026-02-03 12:51:38+00:00,,,,10.145408406389212,318.642541246645,,,,,,,,,,,,,,,1.082688699922192,,5505.801613526412,,,,,2.434513889739292e-06,,,1716.7217398302166,6.8733371076778685e-06,,,,,,,,0.7506018768458651,,
2026-02-03 12:51:39+00:00,,,,10.170565869079743,318.27666776207394,,,,20339.43694356029,,,,,,,,,,,,,3950.583362941864,,,,,2.230410964036373e-05,,,2646.66777599559,,11050.813117938593,,,,,,,0.7463672223702241,,
2026-02-03 12:51:40+00:00,,,,10.174892891698676,,,,,10681.389100795885,,,,,,,,,,,,,455.8640245189388,9.022394856430345e-06,,,,,,,,,3052.901388523771,,,,,,,0.8914955820109285,,True
2026-02-03 12:51:41+00:00,,,,10.199354417350994,,,,,15982.890259841726,,,,,,,,,1,,,,,1.5864930048755897e-05,,,,,,,,,4933.379329423861,,,,,,,0.9786718062924539,,True
2026-02-03 12:51:42+00:00,-11.14320668888268,,,10.210449101554758,,,-12.187291861091458,,5710.995729249506,0.6210566053283655,,,,,,,,1,,,,,1.1845684235871782e-06,,,,,,,,,584.1022854482068,3.2100394034435053e-06,,,386.8922223998589,,,0.9834021840451569,,True
2026-02-03 12:51:43+00:00,-11.1239393091814,,,10.147280754986364,,,-12.192377987898128,,5318.436251903319,0.7163823295674554,,,,,,,,1,,,,,5.70219536202814e-06,,,,,,,,,1764.7629436831248,1.09476137437605e-06,,,685.6807156108231,,,,,True
2026-02-03 12:51:44+00:00,-11.122050987579897,,,10.173076995778931,,,-12.191221647806865,,,0.6614276055352686,,-0.6431584453709854,,,,,,1,,,,,1.625566080341142e-05,,,,,,,,,,4.244601081432156e-06,,,6113.537585341773,,,,,True
2026-02-03 12:51:45+00:00,-11.160580577172276,,,10.21387261807668,,,-12.18089274229946,,,0.6160548099860169,,-0.7374266764648467,,,,,,1,,,,,,7790.956479467402,,,,,,,,,4.221976328850271e-05,,,12346.727546253134,,,,,
2026-02-03 12:51:46+00:00,-11.162424421444909,,,10.198670171285825,,11.718695035479389,-12.187659951941225,,,0.7187777568309253,,-0.8466083657261935,,,,,,,,,,,,2632.845284157254,,,,,,,,,5.112549637294971e-06,,1.073060942054886e-05,1292.0397761582058,1.0093028584959785e-06,,,,
2026-02-03 12:51:47+00:00,,,,10.214260432236372,,22.66008965736198,,,,,,-0.8124028019110057,,,,,,,-4.137937239846616,,,,,3583.834431036358,,,,15854.870370790451,,,,,,,4.608460440401827e-05,,6.342671593305855e-06,-0.08113439038625826,,,
2026-02-03 12:51:48+00:00,,68.81135532123251,,10.255282311697858,,1.5530838636633726,,,,,,-0.9101532962443594,,-12.653467293842056,,0.925894683231629,,,-18.91284129543564,,,,,2952.6690314112725,1.2993836742344763e-05,,,2831.235530644357,,,,,,,9.91327078364635e-06,,6.982248664919017e-06,-0.023858025661533958,,,
2026-02-03 12:51:49+00:00,,68.94159189218058,,10.336272571766951,,0.0,,,,,,,351.322094399825,-11.17847122645151,160.82913149055136,0.4902652805835323,,,-20.0,,,,,3383.156246568464,3.287184670205434e-06,,,2590.311890012363,,,,,,,2.774024638736074e-06,,1.0670983727350333e-05,-0.04511655365529807,,,
2026-02-03 12:51:50+00:00,,68.93733865131607,69156.804335484,10.375257015459349,,5.745125920466375,,5.513388668046134e-05,,,,,347.1678433134837,-12.341337533740573,63.99337621898748,0.0696839104486892,,,-15.97841185567354,,,,,,7.74602583732375e-06,,,433.5924512493783,,,,,,,5.402792068234176e-06,,2.1841186845549645e-05,-0.13303041947869249,,,
2026-02-03 12:51:51+00:00,,69.05037553933691,69161.58419127094,10.39507761293481,,,,3.533236057159764e-05,,,,,367.7175871081189,-11.724852128489385,187.0528599717284,0.120385308889809,,,-20.0,,,,,,1.514311388724006e-06,2104.4626448276613,,1643.8123946411,,,,,,,,,,-0.1771576219348136,,False,
2026-02-03 12:51:52+00:00,,69.0587707453558,69162.24101397602,10.397195966789726,,,,4.1482178987363336e-05,,,,,363.223778722528,-12.69945538788853,94.79437937798286,0.1414741638281149,,,,,,,,,1.5529595449447748e-05,3257.93274535958,,,,,,,,4761.296671741317,,,,,,False,
2026-02-03 12:51:53+00:00,,,69163.21297633389,10.423522933128115,,,,7.458680528060496e-05,,,0.8359492754156632,,348.2746904598429,,10.0,,7.155623464265869e-06,,,,14.335463710285204,,,,,6678.122557380976,,,3.066089574010484e-05,,,,,1728.4644903364224,,,,,,False,
2026-02-03 12:51:54+00:00,,,69163.09075813995,10.37811862746505,,,,3.840909515568485e-05,,,0.8088850131453631,,,,,,3.700968984304877e-06,,,1.0067456271646504,14.30450871253533,,,,,3816.8285879113273,,,1.257645397838498e-05,,6.582988679090792e-06,,,330.07082961651423,,,,,,False,
2026-02-03 12:51:55+00:00,,,,10.39934851765832,26.714007431177752,,,,,,0.8424225566885178,,,,,,1.6026036574275433e-05,,,1.067582457348116,14.360718663609758,,,,,19326.32582348349,1.1357962084050432e-05,,2.450613693931699e-06,16955.623999824318,4.8309768560960304e-05,,,18493.24178905291,,,,,,False,
2026-02-03 12:51:56+00:00,,,,10.389771613448818,25.42766320425021,,,,,,0.8063579246758047,,,,,,3.912866143623048e-06,,,1.0796757179294316,14.320552437319495,1494.4248848925893,,,,,2.280651112545993e-05,,2.6824123968783486e-06,588.6045810687287,3.7687048488954407e-06,,,5113.468111083689,,,,,,,
2026-02-03 12:51:57+00:00,,,,10.347480735276571,4.49097128130196,,,,,,0.8748842019146635,,,,,,7.597802585790919e-06,,,1.0621775796860091,14.228686467528943,4979.0572032027085,,,,,4.341967172626365e-05,,6.593606932196524e-06,2491.863534542632,3.3152639281111795e-05,,,,,,,,,,
2026-02-03 12:51:58+00:00,,,,10.325214327845504,356.09940960305846,,,,,,,,,,,,,,,1.0667310325368498,,169.70996004735,,,,,9.736758292101278e-06,,,1092.401164735125,1.219351933021216e-05,,,,,,,,0.997683577927882,,
2026-02-03 12:51:59+00:00,,,,10.25553506070174,353.49701815863443,,,,47849.88136677103,,,,,,,,,,,,,33371.449806699326,,,,,4.950526787669562e-05,,,5202.606594452188,,12360.465165027956,,,,,,,0.9935659629019122,,
2026-02-03 12:52:00+00:00,,,,10.23955197303854,,,,,15096.755378877404,,,,,,,,,,,,,7625.829829056095,1.3408052053313649e-06,,,,,,,,,269.87858747501,,,,,,,0.9999999436874887,,True
2026-02-03 12:52:01+00:00,,,,10.2108384421591,,,,,6179.719008253781,,,,,,,,,1,,,,,7.98337162433685e-06,,,,,,,,,936.6731015362662,,,,,,,0.9976387510895358,,False
2026-02-03 12:52:02+00:00,-11.170265697798092,,,10.258545280162624,,,-12.19680055084256,,7297.639385588488,0.6370792889550834,,,,,,,,1,,,,,6.005126662869347e-06,,,,,,,,,841.0160865232683,8.50977426033411e-06,,,3533.7032564658057,,,0.9588420851935467,,True
2026-02-03 12:52:03+00:00,-11.163199420301186,,,10.277926165344068,,,-12.203060948219669,,14022.48959862368,0.6411919590650467,,,,,,,,1,,,,,1.6453724875527936e-05,,,,,,,,,278.7501374747905,1.3590640887761343e-05,,,9347.618750920454,,,,,True
2026-02-03 12:52:04+00:00,-11.135248962019173,,,10.293326909252116,,,-12.196006963944106,,,0.6212532801066241,,-0.6612927913700867,,,,,,1,,,,,9.750045048159056e-06,,,,,,,,,,5.1579777749989285e-06,,,3045.408949735632,,,,,True
2026-02-03 12:52:05+00:00,-11.095493747874574,,,10.299117639948204,,,-12.19033472275808,,,0.6677740376608943,,-0.3286405778914655,,,,,,1,,,,,,8752.070517179342,,,,,,,,,2.4956942305127663e-06,,,2243.7064510955943,,,,,
2026-02-03 12:52:06+00:00,-11.115152324812888,,,10.30912752644936,,3.246145545445607,-12.205253344797963,,,0.6685247282652202,,-0.9427205932627104,,,,,,,,,,,,1589.7112515779868,,,,,,,,,5.91378063902642e-06,,1.3002482483399842e-05,1988.4146508634235,7.511896216483238e-06,,,,
2026-02-03 12:52:07+00:00,,,,10.30502678567681,,0.0,,,,,,-0.3754263774298501,,,,,,,-20.0,,,,,3132.761160951433,,,,3192.781168471676,,,,,,,1.218317831431283e-05,,1.657620225876942e-05,0.40300808722442194,,,
2026-02-03 12:52:08+00:00,,68.78227646116643,,10.315891370053714,,0.0,,,,,,-1.10025091342706,,-12.4391659827714,,0.1035769883812168,,,-20.0,,,,,3957.0602109995393,2.1518054184929248e-05,,,6486.927878516409,,,,,,,2.813987751995218e-06,,4.940163401673046e-06,0.43578455649729303,,,
2026-02-03 12:52:09+00:00,,68.92077483226251,,10.28174231347342,,20.038067002998424,,,,,,,365.740650935832,-13.188058097196796,71.37878303813554,0.0389645397738027,,,-5.973353097901104,,,,,2743.94453951068,2.8988906650236493e-05,,,8254.475925968933,,,,,,,1.5573552991550068e-05,,3.217361850978333e-05,0.3854149406669178,,,
2026-02-03 12:52:10+00:00,,68.94089841993026,69169.03791080478,10.32543747155117,,2.5150804568736005,,2.7588125980956974e-05,,,,,362.6502833584611,-11.346634427631066,237.01249769333108,0.1165824529202118,,,-18.23944368018848,,,,,,4.3072555233701414e-07,,,429.0703849826611,,,,,,,4.151661391669066e-06,,5.775306903327422e-06,0.3559061271315823,,,
2026-02-03 12:52:11+00:00,,69.08273289667302,69170.19342756449,10.379388444180364,,,,7.567582568266305e-05,,,,,345.5895207828253,-11.63476938712854,47.65152192089152,0.1137471835261767,,,-20.0,,,,,,1.892693055296236e-05,867.8524224497534,,7429.106823747319,,,,,,,,,,0.34856977597477473,,False,
2026-02-03 12:52:12+00:00,,68.61445642065271,69165.00743723637,10.399659521898291,,,,3.29284690632455e-05,,,,,349.9924179436028,-12.76326918805165,259.54725018683564,0.2106567075741852,,,,,,,,,3.1122920240192917e-06,645.8509013575193,,,,,,,,6436.463794145838,,,,,,False,
2026-02-03 12:52:13+00:00,,,69170.74332186884,10.479630516203866,,,,0.0001016322462409,,,0.8341904349921941,,374.8981159131553,,53.34008366846649,,9.698075336128387e-06,,,,14.362620216788986,,,,,5931.289653994239,,,1.3916230398390232e-05,,,,,6563.901691401893,,,,,,False,
2026-02-03 12:52:14+00:00,,,69168.188980685,10.545030948452284,,,,3.899258174585558e-05,,,0.8115433168651304,,,,,,3.697720939508348e-06,,,0.9779760914835344,14.442103127209034,,,,,1473.7418622739106,,,1.2898864065536527e-05,,8.732083625775868e-07,,,4098.31424085797,,,,,,False,
2026-02-03 12:52:15+00:00,,,,10.58013384169064,358.9125624054486,,,,,,0.8088971406516745,,,,,,6.6546733115130126e-06,,,0.9321688695690916,14.413919716602804,,,,,3487.656601353636,1.422538475824726e-05,,4.552408692927696e-05,12461.9759290922,2.1074563706581297e-05,,,1418.0714768692137,,,,,,False,
2026-02-03 12:52:16+00:00,,,,10.605055889102069,359.30993852414633,,,,,,0.8541847843800485,,,,,,6.591519801795354e-06,,,0.923609881126808,14.39447956852389,813.0188256805578,,,,,1.627610916569755e-05,,3.664681714245583e-05,7581.410739373477,1.052677108672728e-05,,,3714.300777569644,,,,,,,
2026-02-03 12:52:17+00:00,,,,10.574211713927774,1.3348087309248058,,,,,,0.8635365633646308,,,,,,5.308913456921414e-06,,,0.9912484972676542,14.377315371190228,6067.31389831148,,,,,6.478686970242196e-07,,3.1358057278528464e-06,3284.1997261331726,1.5268200822329988e-05,,,,,,,,,,
2026-02-03 12:52:18+00:00,,,,10.595539859284502,15.215017481015153,,,,,,,,,,,,,,,1.0135044327708471,,9212.3277792008,,,,,4.167645400374823e-06,,,4021.183091404534,8.059044915839132e-06,,,,,,,,0.9649477403646712,,
2026-02-03 12:52:19+00:00,,,,10.555243081280132,18.05715878384804,,,,16102.542709455663,,,,,,,,,,,,,4604.832227680623,,,,,1.964222254830128e-05,,,3868.7618380480953,,21.860612618660102,,,,,,,0.9507477649624633,,
2026-02-03 12:52:20+00:00,,,,10.515387451285225,,,,,12631.75553483285,,,,,,,,,,,,,1963.539912718513,2.2061596102169658e-05,,,,,,,,,1846.960914096936,,,,,,,0.8890488823760316,,True
2026-02-03 12:52:21+00:00,,,,10.54329982993628,,,,,10942.803408656964,,,,,,,,,1,,,,,3.4435854600506256e-06,,,,,,,,,1968.0286203234168,,,,,,,0.820496845288942,,True
2026-02-03 12:52:22+00:00,-11.258652650054588,,,10.486808271409377,,,-12.280686419917432,,10267.214748959326,0.6775990873632226,,,,,,,,1,,,,,9.618802094615295e-06,,,,,,,,,580.6143222865417,1.1407195192907836e-06,,,5847.081785948838,,,0.9611432043476599,,True
2026-02-03 12:52:23+00:00,-11.252005632809388,,,10.513308297268374,,,-12.244655040495925,,10359.169425828162,0.7224352267772017,,,,,,,,1,,,,,4.750182621633423e-06,,,,,,,,,1701.4846802023606,3.8029944301238673e-06,,,984.2821171353244,,,,,True
2026-02-03 12:52:24+00:00,-11.22926480953045,,,10.4763993609833,,,-12.201928495355606,,,0.6973077016147393,,-0.5364279953701487,,,,,,1,,,,,2.1146961672929647e-05,,,,,,,,,,5.534945098568193e-06,,,1068.3640057403773,,,,,True
2026-02-03 12:52:25+00:00,-11.229797796092916,,,10.466240692980076,,,-12.19976678432147,,,0.6653115769521015,,-0.5335743288785029,,,,,,1,,,,,,7172.818696552436,,,,,,,,,6.242674677409662e-06,,,1211.6857088785105,,,,,
2026-02-03 12:52:26+00:00,-11.236729127103333,,,10.468401266491782,,72.24346327844063,-12.160556649846454,,,0.6676600640878433,,-0.5028495181869672,,,,,,,,,,,,6944.404489410785,,,,,,,,,7.067627980562078e-05,,8.898080836503595e-06,5134.18541077183,4.647002087900984e-06,,,,
2026-02-03 12:52:27+00:00,,,,10.513875247600213,,48.08324626265609,,,,,,-0.5943632815957252,,,,,,,13.658272383859265,,,,,4220.454585101476,,,,5565.94236951914,,,,,,,3.198640599743996e-06,,1.1644396955148963e-05,0.3816599867541494,,,
2026-02-03 12:52:28+00:00,,68.3777098595579,,10.519326426199118,,43.10186651339207,,,,,,-0.7740922142108357,,-12.61034342411498,,1.4349860025286991,,,10.171306559374448,,,,,7842.800447197235,3.5102665608227745e-05,,,2830.2008559345954,,,,,,,3.162242284261459e-05,,1.7934623049103736e-05,0.1553253623542399,,,
2026-02-03 12:52:29+00:00,,68.3628821383,,10.566289078834387,,18.25799726358832,,,,,,,369.78351876189566,-12.71920284453552,318.0599256870561,0.1845117196311167,,,-7.219401915488175,,,,,969.783225168686,3.895307080122262e-06,,,1193.5346870989829,,,,,,,4.022008437754782e-06,,2.1338932781536526e-06,0.11009669254363129,,,
2026-02-03 12:52:30+00:00,,68.62451047220793,69185.66271255666,10.536936046835784,,0.0,,5.560043750881723e-05,,,,,364.8330690949067,-13.2788365114679,128.71431840189538,0.3205514501637133,,,-20.0,,,,,,3.260274396996248e-05,,,11267.789915888276,,,,,,,9.90914513090656e-06,,2.4905234721099856e-05,0.16129201960595882,,,
2026-02-03 12:52:31+00:00,,68.5325123245199,69184.5605354914,10.56126566353872,,,,4.4423956549062816e-05,,,,,356.5599109887333,-12.576830380014185,54.0723279653009,0.4779828367143317,,,-8.742135572375025,,,,,,1.9502379054384805e-05,2698.796416972357,,1454.4146038201684,,,,,,,,,,-0.4010875384244991,,False,
2026-02-03 12:52:32+00:00,,68.52092379013672,69186.65434215647,10.510283371215102,,,,3.876171776712306e-05,,,,,362.5955270874058,-12.21816360861034,231.24620764957763,0.4152734048522009,,,,,,,,,3.201203461734661e-07,384.41412178089047,,,,,,,,9.13308788038258,,,,,,False,
2026-02-03 12:52:33+00:00,,,69183.85683988672,10.48220248839328,,,,7.116627326750636e-05,,,0.877091221201347,,352.8474167720733,,63.227274495907054,,6.789248094215625e-06,,,,14.372023877911865,,,,,2227.100068359973,,,1.39114455701106e-05,,,,,1869.5008905796908,,,,,,False,
2026-02-03 12:52:34+00:00,,,69184.6019993089,10.412925198015277,,,,4.7865306120204e-05,,,0.819724491009814,,,,,,4.596720442141198e-06,,,0.8409024826070408,14.285545913251433,,,,,1573.0134308116733,,,2.58753895339178e-05,,9.589238080071333e-06,,,1281.5888801243748,,,,,,False,
2026-02-03 12:52:35+00:00,,,,10.433157780630715,298.7496214987957,,,,,,0.8107576538500195,,,,,,1.3983675672329874e-05,,,0.7870567218523653,14.266457625958685,,,,,6480.767004725111,1.1601465432776466e-05,,3.456445521897138e-06,9748.471110637627,7.201432491957263e-06,,,10858.133865085863,,,,,,False,
2026-02-03 12:52:36+00:00,,,,10.43834749755734,293.1237598658311,,,,,,0.8376563825444902,,,,,,3.324254608931077e-06,,,0.7857744024370005,14.261527715561396,1976.6390724300156,,,,,4.036711516445512e-06,,6.725727089357336e-06,3929.310571976499,3.62812355576392e-06,,,398.7633994359233,,,,,,,
2026-02-03 12:52:37+00:00,,,,10.423703396550003,307.7281266801194,,,,,,0.8132834389230377,,,,,,4.54468640815472e-06,,,0.7321130969184468,14.260352231506085,5900.510512277571,,,,,1.4589471379122698e-05,,2.8464558617217185e-05,2368.3583725033864,6.764248055970807e-06,,,,,,,,,,
2026-02-03 12:52:38+00:00,,,,10.46245061185265,301.5828555312235,,,,,,,,,,,,,,,0.7769456888480992,,759.7514203948641,,,,,2.090596521391772e-06,,,2303.3048026060114,8.858255256196699e-06,,,,,,,,0.5237310224553852,,
2026-02-03 12:52:39+00:00,,,,10.430311496153768,307.70117696284825,,,,5900.404530763953,,,,,,,,,,,,,2762.3016512092936,,,,,1.011249952204484e-06,,,1068.6529948153814,,2535.276578560077,,,,,,,0.6115432932732028,,
2026-02-03 12:52:40+00:00,,,,10.42751372445041,,,,,8832.996700008227,,,,,,,,,,,,,1620.238251681806,1.5134472163959948e-05,,,,,,,,,2796.001768421256,,,,,,,0.6841439814435879,,True
2026-02-03 12:52:41+00:00,,,,10.3571278030796,,,,,12396.2623917125,,,,,,,,,1,,,,,1.727334369291729e-06,,,,,,,,,4369.823668406704,,,,,,,0.6496546889528503,,True
2026-02-03 12:52:42+00:00,-11.426733091821582,,,10.376530041004845,,,-12.149063348905376,,15334.654446949233,0.6003779941815353,,,,,,,,1,,,,,5.3074443341471104e-06,,,,,,,,,1869.7268246742055,3.590977310867058e-05,,,1382.2588845520131,,,0.9190401151595397,,True
2026-02-03 12:52:43+00:00,-11.44815094848556,,,10.365701846036307,,,-12.151823643913284,,11346.171409726783,0.6362377921743848,,,,,,,,1,,,,,7.434258452653913e-06,,,,,,,,,453.7837828335172,2.838512531819215e-06,,,452.88617759149935,,,,,True
2026-02-03 12:52:44+00:00,-11.443641814969071,,,10.377100677750043,,,-12.134635085231384,,,0.7060757284672484,,-0.5066159697961091,,,,,,1,,,,,1.0724984698083114e-05,,,,,,,,,,1.8600949424564168e-06,,,982.649786352482,,,,,True
2026-02-03 12:52:45+00:00,-11.462436602600096,,,10.392444671860307,,,-12.136327949095564,,,0.6903813654638213,,-0.7207676538856979,,,,,,1,,,,,,3023.826336668146,,,,,,,,,8.044290043982121e-06,,,3435.7983690203846,,,,,
2026-02-03 12:52:46+00:00,-11.45383841273736,,,10.386829569751129,,34.26319263963589,-12.155143641776103,,,0.6620127630259508,,-0.6807180732177204,,,,,,,,,,,,1997.161456885313,,,,,,,,,7.096920456717079e-06,,6.684023776393241e-06,158.2685398278309,1.388490906380888e-05,,,,
2026-02-03 12:52:47+00:00,,,,10.329622232361755,,2.113377963894494,,,,,,-0.4392910784593773,,,,,,,-18.520635425273856,,,,,4171.989204859727,,,,3858.888181704168,,,,,,,4.827517613397207e-06,,2.791782165820139e-05,-0.21429451145307438,,,
2026-02-03 12:52:48+00:00,,68.30575834414029,,10.361609912191987,,52.13060869803793,,,,,,-0.9842355896553812,,-11.273265749622878,,0.1077379251832519,,,16.491426088626547,,,,,84.91295913030721,5.808696229591135e-06,,,3031.629928124009,,,,,,,7.0508281587093445e-06,,5.733115958211529e-07,-0.2532673110858015,,,
2026-02-03 12:52:49+00:00,,68.40254119918364,,10.288637779637185,,24.613663762156087,,,,,,,349.9845879807973,-11.843640424124558,66.9362807444143,0.141580065675785,,,-2.770435366490741,,,,,10631.422743981224,1.2622034916651038e-05,,,1679.803495898164,,,,,,,1.746218642932113e-06,,2.5192218450193754e-05,-0.2631596201858965,,,
2026-02-03 12:52:50+00:00,,68.32600548648279,69202.65588371649,10.29652167160427,,48.25861609872981,,8.126002224977297e-05,,,,,345.96143963918945,-12.624902603241132,117.70003469455506,0.3401920749780072,,,13.781031269110862,,,,,,1.1678457207149444e-06,,,1141.2093782992724,,,,,,,3.175527801117209e-05,,2.756097691300996e-06,-0.23711224471282133,,,
2026-02-03 12:52:51+00:00,,68.34242360098521,69203.88698874353,10.239539226867512,,,,2.5689874517402068e-05,,,,,362.9389721070058,-12.105432732535498,149.355466851916,0.2229139918527101,,,-20.0,,,,,,9.099029877328534e-06,1094.0627953937612,,830.9736845350444,,,,,,,,,,0.00834390293031564,,False,
2026-02-03 12:52:52+00:00,,68.4709253985788,69208.78937377298,10.226265566744484,,,,3.678471638776344e-05,,,,,371.26711901900507,-12.954854099276035,198.0743709410073,0.2006532715707958,,,,,,,,,4.686401311235578e-06,591.3249734100419,,,,,,,,1247.8823685339414,,,,,,False,
2026-02-03 12:52:53+00:00,,,69207.37116980908,10.27485902046399,,,,2.4476766154016315e-05,,,0.835234557239309,,355.07554816964534,,229.51433671346004,,2.3821997075840166e-06,,,,14.06635657257472,,,,,331.1606046639121,,,1.5178372506379191e-05,,,,,3405.1997740206925,,,,,,False,
2026-02-03 12:52:54+00:00,,,69210.65763546134,10.274240670985552,,,,3.381705428103512e-05,,,0.8138714003849856,,,,,,3.291440736494956e-06,,,0.6796210941569789,14.048247867709986,,,,,1528.6913896889437,,,4.930154974826733e-06,,1.3285059345783676e-05,,,2207.0930450044552,,,,,,False,
2026-02-03 12:52:55+00:00,,,,10.274740552671297,354.8174937750923,,,,,,0.8096344468846216,,,,,,1.0487463320029845e-06,,,0.6566285569602908,14.117524386841898,,,,,126.43088892975584,4.843609943297668e-07,,2.703880865191844e-06,1402.669354897978,1.5922697476111235e-06,,,700.4558572072015,,,,,,False,
2026-02-03 12:52:56+00:00,,,,10.222765583492338,351.7641863727898,,,,,,0.801896691506348,,,,,,3.540145659615228e-06,,,0.6404018789565128,13.99648262485517,3400.6388540356743,,,,,9.07191429419607e-06,,7.032933441832087e-06,969.2685889711288,1.4037538074780408e-05,,,4961.636982052391,,,,,,,
2026-02-03 12:52:57+00:00,,,,10.2376986561647,6.482686078921688,,,,,,0.8461683654843491,,,,,,1.257663209028378e-05,,,0.6472606745459368,14.011342338196192,3321.130569296531,,,,,5.997065076372132e-05,,8.646927298592467e-06,1985.8799249916824,4.885111691794025e-05,,,,,,,,,,
2026-02-03 12:52:58+00:00,,,,10.213738398129989,16.337736240828562,,,,,,,,,,,,,,,0.6437218961344751,,3519.7489458727478,,,,,5.5997323671993246e-05,,,16680.64974699862,3.7238115670891714e-05,,,,,,,,0.9596202306443312,,
2026-02-03 12:52:59+00:00,,,,10.231408682682828,14.956971656682322,,,,10808.23186213206,,,,,,,,,,,,,7095.218053832733,,,,,1.8234972496668445e-05,,,6061.896215806153,,137.23919871707747,,,,,,,0.9661199234365742,,
2026-02-03 12:53:00+00:00,,,,10.253369997328324,,,,,13675.128735317803,,,,,,,,,,,,,945.691641346728,3.085270322995461e-05,,,,,,,,,179.57932017494733,,,,,,,0.9830993021255628,,True
2026-02-03 12:53:01+00:00,,,,10.21640923907387,,,,,8145.5888323066365,,,,,,,,,1,,,,,1.723271728393755e-05,,,,,,,,,2822.4732836857384,,,,,,,0.868309224046119,,True
2026-02-03 12:53:02+00:00,-11.590824659728492,,,10.21451934509413,,,-12.190180276815408,,18211.868466327865,0.67393859349194,,,,,,,,1,,,,,3.3104836183687464e-05,,,,,,,,,5734.898518162595,5.245458151594602e-06,,,1674.9402990453111,,,0.8279341184788443,,True
2026-02-03 12:53:03+00:00,-11.602267302324456,,,10.254051859314549,,,-12.17240213706038,,20305.78087373487,0.7269050212250298,,,,,,,,1,,,,,5.997095690395401e-07,,,,,,,,,3292.199017577029,1.6801902780963477e-05,,,1140.620644324748,,,,,True
2026-02-03 12:53:04+00:00,-11.604275927532411,,,10.223083262714646,,,-12.19135667749048,,,0.6545258786948921,,-0.7775306432322477,,,,,,1,,,,,3.6693272106604816e-06,,,,,,,,,,1.20431214885783e-05,,,1638.9566012404275,,,,,True
2026-02-03 12:53:05+00:00,-11.608513452250229,,,10.266924684923666,,,-12.19975733534174,,,0.6497170265951003,,-0.9090964673925264,,,,,,1,,,,,,4628.365782306716,,,,,,,,,1.635633377695652e-06,,,96.73090877350448,,,,,
2026-02-03 12:53:06+00:00,-11.593764919599174,,,10.23856645728287,,10.822210371640896,-12.214596017635362,,,0.6285877490884855,,-0.3856908519896055,,,,,,,,,,,,3646.420895906604,,,,,,,,,2.930491396901496e-05,,3.2792039932345263e-06,651.4750762104941,1.031197920236362e-05,,,,
2026-02-03 12:53:07+00:00,,,,10.285528052758636,,0.0,,,,,,-0.8596118078527948,,,,,,,-20.0,,,,,1465.3845699266612,,,,2455.518514301396,,,,,,,7.853134485477646e-06,,3.404491508608138e-06,0.31177521368595695,,,
2026-02-03 12:53:08+00:00,,67.95372058224191,,10.285750550192953,,0.0,,,,,,-0.7430093518246922,,-12.552237903049786,,0.0987324915821611,,,-20.0,,,,,1422.23292086218,7.883837296113032e-06,,,856.1469948873648,,,,,,,1.5252914183518431e-06,,5.402061949804349e-08,0.2755796921853221,,,
2026-02-03 12:53:09+00:00,,68.00319402201536,,10.344213167046,,45.27230903090753,,,,,,,365.5498432197441,-12.418594905293537,102.06250842010144,0.0091380226050841,,,11.690616321635268,,,,,2638.9892765274885,3.749237841436244e-07,,,1601.2443541834689,,,,,,,2.0257869207093047e-06,,1.5635638828815629e-06,0.5465733417171244,,,
2026-02-03 12:53:10+00:00,,68.16976846821849,69205.9837388265,10.380930970026071,,17.163196517810373,,3.1771472647956585e-05,,,,,373.21481198855406,-12.27006363230082,166.37082642583016,0.0712347268973861,,,-7.98576243753274,,,,,,7.604319917191637e-06,,,1101.0627022638664,,,,,,,9.203559160590036e-06,,1.6624587408888453e-06,0.7755522089053614,,,
2026-02-03 12:53:11+00:00,,68.17148506492809,69211.8288198103,10.358392106621414,,,,5.43577362058219e-05,,,,,377.4455045804871,-12.234597952594,120.6971216172371,0.1330151080594696,,,49.35494377322704,,,,,,4.031685377542865e-06,1580.811556745185,,4199.438022811931,,,,,,,,,,0.6545769090420286,,False,
2026-02-03 12:53:12+00:00,,67.87783997857792,69207.78789749283,10.31895891908361,,,,5.115057250843775e-05,,,,,365.7260408952199,-12.736160029332297,88.83193866981904,0.0756075711620389,,,,,,,,,3.303361401605085e-05,1518.3754235085491,,,,,,,,2170.06010728422,,,,,,False,
2026-02-03 12:53:13+00:00,,,69206.77317046619,10.300978019819675,,,,2.482365091024203e-05,,,0.8607309685138694,,348.7652830334748,,238.8765801899688,,2.409834373248821e-06,,,,13.964887565284393,,,,,272.78378979647385,,,2.225183384980436e-06,,,,,186.35436432021123,,,,,,False,
2026-02-03 12:53:14+00:00,,,69204.13646784637,10.2915842058509,,,,5.815854245650828e-05,,,0.8736277743019872,,,,,,5.651077744031322e-06,,,0.56238143733665,13.949693600028242,,,,,6625.265867230467,,,2.09406049643284e-06,,3.311308788300982e-06,,,5936.773207011826,,,,,,False,
2026-02-03 12:53:15+00:00,,,,10.337145499074586,38.623015132161775,,,,,,0.7836964995859965,,,,,,3.650453252552165e-06,,,0.573205286549955,13.962817768876818,,,,,363.6656378334619,1.313894616841526e-05,,9.895433637308517e-06,2072.446009641342,5.909011425977976e-06,,,554.1295674543982,,,,,,False,
2026-02-03 12:53:16+00:00,,,,10.335169235177265,25.38877327732484,,,,,,0.7913069900267331,,,,,,6.253076011078016e-06,,,0.5651292873522011,13.932266152882113,6727.008179014839,,,,,1.2951731472917774e-05,,3.3172597722667274e-05,1429.2927304259724,5.611584843083112e-06,,,5818.312337895436,,,,,,,
2026-02-03 12:53:17+00:00,,,,10.35199841232506,37.195104742249086,,,,,,0.7670833281660524,,,,,,4.543323554289273e-06,,,0.5622363774295558,13.917264935976885,2056.930085209868,,,,,2.4539229217825123e-06,,3.596761631811924e-05,3069.347129686364,4.493666381072899e-06,,,,,,,,,,
2026-02-03 12:53:18+00:00,,,,10.366623677725896,28.54085103578989,,,,,,,,,,,,,,,0.5616669054864186,,665.6521897735599,,,,,3.825117269689308e-05,,,2926.38931093906,3.7830673900434434e-05,,,,,,,,0.8784766822428528,,
2026-02-03 12:53:19+00:00,,,,10.343190756886113,36.36647852206182,,,,14309.468869540213,,,,,,,,,,,,,1001.3325484110836,,,,,8.191455340503909e-06,,,2334.742611606753,,4423.557757702371,,,,,,,0.8052408453292288,,
2026-02-03 12:53:20+00:00,,,,10.30581317801258,,,,,9801.957380452292,,,,,,,,,,,,,3582.096638751929,3.2673713462333826e-05,,,,,,,,,2336.6009016448197,,,,,,,0.8975962503811065,,True
2026-02-03 12:53:21+00:00,,,,10.283872371556193,,,,,9217.848486504052,,,,,,,,,1,,,,,9.479504760168716e-06,,,,,,,,,457.41008953598174,,,,,,,0.9888937483541628,,True
2026-02-03 12:53:22+00:00,-11.655985290425942,,,10.341341319981591,,,-12.211272531908392,,14220.919486160708,0.6423509518509402,,,,,,,,1,,,,,9.216347365320648e-07,,,,,,,,,3584.7526861892547,2.027785777985848e-05,,,4972.234276935172,,,0.925942563031073,,True
2026-02-03 12:53:23+00:00,-11.70016127967946,,,10.315836278825874,,,-12.219561763657412,,9995.452022720165,0.5804462963898782,,,,,,,,1,,,,,6.692203767836889e-06,,,,,,,,,4237.087577742241,1.9744725562135265e-05,,,2772.7761864444283,,,,,True
2026-02-03 12:53:24+00:00,-11.743745588694454,,,10.284890537184548,,,-12.232438780253036,,,0.6766142020874599,,-0.827317946420711,,,,,,1,,,,,1.8280354469630912e-05,,,,,,,,,,1.5157687148925495e-05,,,3143.934807402692,,,,,True
2026-02-03 12:53:25+00:00,-11.716424298030656,,,10.257521337973412,,,-12.218800897263916,,,0.6709592112522198,,-1.1396810425805328,,,,,,1,,,,,,3834.5889688092334,,,,,,,,,7.644941110774738e-06,,,3794.4803265788623,,,,,
2026-02-03 12:53:26+00:00,-11.717409723091048,,,10.26589091115966,,0.0,-12.213880379524712,,,0.7120328108306001,,-1.1786688745519365,,,,,,,,,,,,3256.588184109125,,,,,,,,,4.428407901025175e-06,,4.195108025906572e-05,6879.396099791123,3.1157645027642315e-05,,,,
2026-02-03 12:53:27+00:00,,,,10.284640721970243,,0.680052615023477,,,,,,-0.7498593966900435,,,,,,,-19.523963169483565,,,,,11546.358599562387,,,,1210.003398848421,,,,,,,3.419561029904561e-05,,5.305915153189462e-06,0.5998462716175336,,,
2026-02-03 12:53:28+00:00,,66.46157048937314,,10.273493719984838,,38.42214518426503,,,,,,-0.6587317381720332,,-12.546865664368609,,0.4915414130924455,,,6.895501628985517,,,,,941.4649603523156,1.391537081856992e-05,,,8343.240850522507,,,,,,,2.0082808563098276e-05,,7.5750565315047e-06,0.8091338419597371,,,
2026-02-03 12:53:29+00:00,,66.73675377581861,,10.237953382343624,,0.0,,,,,,,363.45566079977766,-12.519506510643826,53.91017072721976,0.3325434286214591,,,-20.0,,,,,4099.769681713434,1.13657133271807e-05,,,8207.34733540187,,,,,,,6.12478680454328e-06,,1.2428061919565456e-05,0.7616227177188118,,,
2026-02-03 12:53:30+00:00,,66.95549938119531,69208.32943286617,10.233574373747537,,0.0,,5.61315980595828e-05,,,,,343.0651356019089,-11.751695519998156,25.07485362646797,0.7721874278527036,,,-20.0,,,,,,5.975732279863539e-06,,,9326.78298694373,,,,,,,1.617911061678355e-06,,1.4305543425922116e-05,0.6335788636106583,,,
2026-02-03 12:53:31+00:00,,66.91590312970139,69203.25584119908,10.218462690031163,,,,3.12906116397834e-05,,,,,367.5112566364641,-12.19040179161611,196.5139449429697,0.2735423872122959,,,-20.0,,,,,,9.93714000964732e-06,1116.9725896483462,,1454.6186171859704,,,,,,,,,,0.678472026104653,,False,
2026-02-03 12:53:32+00:00,,66.99865504884566,69209.499839806,10.211747289418366,,,,1.8409872355508667e-05,,,,,360.03872818199983,-11.730041671731025,204.9996315053048,0.6270061842504909,,,,,,,,,1.138591948476627e-05,307.8745783599149,,,,,,,,159.1603562739459,,,,,,False,
2026-02-03 12:53:33+00:00,,,69207.03278761069,10.225860831392271,,,,1.4030715090522312e-05,,,0.880191471491791,,350.12037349843337,,394.6729846417843,,1.3720815608451815e-06,,,,13.6726241852128,,,,,194.84349452834437,,,1.656126750765691e-07,,,,,685.0994378096382,,,,,,False,
2026-02-03 12:53:34+00:00,,,69208.30354537898,10.23509401467718,,,,4.78384463545335e-05,,,0.8926750744587304,,,,,,4.67396257288237e-06,,,0.4689732435885945,13.655339776541142,,,,,2474.360153643945,,,9.091022738121271e-06,,4.575957615797782e-06,,,153.99448243027643,,,,,,False,
2026-02-03 12:53:35+00:00,,,,10.254887186342945,36.85276130842743,,,,,,0.8428987598624492,,,,,,4.746271393754283e-06,,,0.4755317863483198,13.642926114180773,,,,,585.689474168228,6.418937361067259e-06,,8.5850378643933e-06,340.8104707318283,1.4905596001119971e-05,,,1999.458831077824,,,,,,False,
2026-02-03 12:53:36+00:00,,,,10.247359188263,36.562537217193615,,,,,,0.7389872035994502,,,,,,2.916807831577094e-06,,,0.4784282587225739,13.64073326948436,3739.309159537527,,,,,1.0748591808468507e-05,,3.612771412205622e-08,1572.1485187960802,9.942380474431208e-06,,,1022.4453359092304,,,,,,,
2026-02-03 12:53:37+00:00,,,,10.203645567346266,21.243769014846027,,,,,,0.8157290621317875,,,,,,4.105282078758467e-06,,,0.4530530856642428,13.593178637092487,5990.719768290921,,,,,7.178190005437042e-07,,3.441914023892729e-07,340.53271868750244,1.4974818988598278e-06,,,,,,,,,,
2026-02-03 12:53:38+00:00,,,,10.147444297728336,21.457166395930184,,,,,,,,,,,,,,,0.4234188737379832,,4165.290856980175,,,,,1.6543137434776732e-06,,,3321.322032616756,1.0477033161584625e-05,,,,,,,,0.9306912996644637,,
2026-02-03 12:53:39+00:00,,,,10.119629702747766,24.42589885048481,,,,7450.635236189968,,,,,,,,,,,,,1019.3221949357184,,,,,5.068007771060565e-06,,,2323.427629233162,,209.705502009278,,,,,,,0.9104968362235166,,
2026-02-03 12:53:40+00:00,,,,10.059670722622446,,,,,5441.101253912818,,,,,,,,,,,,,936.1617835058432,7.693851881233971e-06,,,,,,,,,1225.83593234289,,,,,,,0.7741684025730896,,True
2026-02-03 12:53:41+00:00,,,,10.004645026159976,,,,,2969.83006902904,,,,,,,,,1,,,,,3.1060688809079727e-06,,,,,,,,,994.0563623439645,,,,,,,0.9183708023381789,,True
2026-02-03 12:53:42+00:00,-11.737685896721809,,,9.961006303043176,,,-12.143474080227108,,7615.221846131304,0.6920577788753759,,,,,,,,1,,,,,7.366763244444086e-06,,,,,,,,,1126.5369903716792,2.5331522379190083e-06,,,1058.1181026328925,,,0.8165368691372855,,True
2026-02-03 12:53:43+00:00,-11.799954178647749,,,9.98786961687517,,,-12.15621592750917,,2513.1440233443086,0.6258521255917688,,,,,,,,1,,,,,2.8721536492596928e-06,,,,,,,,,484.58559923451367,2.5712305982412505e-06,,,582.0889571409527,,,,,True
2026-02-03 12:53:44+00:00,-11.83740775300821,,,9.90943612671584,,,-12.151223346645128,,,0.7167840939839671,,-1.1659839202094646,,,,,,1,,,,,3.631284958931976e-05,,,,,,,,,,5.1216023823292745e-06,,,8393.264489889354,,,,,True
2026-02-03 12:53:45+00:00,-11.863618522451295,,,9.887826764270663,,,-12.186611293298082,,,0.6666431093853842,,-0.6650519488357907,,,,,,1,,,,,,13539.646868119427,,,,,,,,,6.757023766122215e-06,,,1884.5325552405773,,,,,
2026-02-03 12:53:46+00:00,-11.862876793888688,,,9.869516717611154,,0.0,-12.203939928615792,,,0.6784886277621116,,-0.8868893904354628,,,,,,,,,,,,2049.601557609531,,,,,,,,,5.150339255400501e-06,,1.91692720368403e-06,4866.851052543563,2.4410779535929888e-05,,,,
2026-02-03 12:53:47+00:00,,,,9.861546731960626,,9.3637842518446,,,,,,-1.042781218038146,,,,,,,-13.44535102370878,,,,,1109.984174450119,,,,3902.05006003352,,,,,,,8.18198732722503e-06,,8.39763893255903e-06,0.8891416051865458,,,
2026-02-03 12:53:48+00:00,,65.68985695091007,,9.882091662640022,,0.0,,,,,,-0.8373456325916502,,-11.632252002398069,,0.9412341364325092,,,-20.0,,,,,6140.96049419753,8.694077591543842e-06,,,1765.0040207680809,,,,,,,1.2901254510452348e-05,,2.729705632894715e-05,0.6824070228127309,,,
2026-02-03 12:53:49+00:00,,65.52243867213735,,9.967775109774308,,55.35620244109601,,,,,,,366.88372625015455,-11.985169103731227,195.8474938955567,0.1775078021182982,,,18.749341708767204,,,,,3361.767450779034,3.0342457072711628e-06,,,2458.619288725036,,,,,,,5.943514503728727e-07,,1.1063009018666413e-05,0.3582239246713042,,,
2026-02-03 12:53:50+00:00,,65.40997727252247,69201.06805964364,9.961669846113669,,70.36077502156937,,5.972971496864506e-05,,,,,344.4342917293466,-12.57580922965002,180.6918095661145,0.8901047664034705,,,29.252542515098558,,,,,,1.6374480589730246e-05,,,284.991738102604,,,,,,,3.301247042491392e-05,,1.3167073437746704e-05,0.28048434986710835,,,
2026-02-03 12:53:51+00:00,,65.30511136906009,69200.19211660892,9.972170457926746,,,,1.7964469095690463e-05,,,,,336.2816580425505,-12.828729232178985,361.7346859842854,0.3083991579208138,,,-7.185658487419559,,,,,,6.2533873377956505e-06,427.6507832176831,,2225.1643124838406,,,,,,,,,,0.28195240376541997,,False,
2026-02-03 12:53:52+00:00,,65.09987551960803,69203.34679509533,9.98929110702026,,,,4.990025892887513e-05,,,,,360.6894927679113,-12.7223755198897,159.42412596771766,0.2994123806494997,,,,,,,,,4.432912598838346e-06,3813.571962155481,,,,,,,,4468.32196023964,,,,,,False,
2026-02-03 12:53:53+00:00,,,69198.54014611665,10.006264459177132,,,,2.790576686121306e-05,,,0.7715928256639158,,358.12855613827566,,180.3283102479328,,2.788829635181149e-06,,,,12.985861566342942,,,,,5189.180262250521,,,7.022873895103711e-06,,,,,2923.4065908213256,,,,,,False,
2026-02-03 12:53:54+00:00,,,69192.74198805964,10.017203862681274,,,,2.8340993896691063e-05,,,0.7627395300305121,,,,,,2.829232017756412e-06,,,0.2143495960410739,12.981655710456025,,,,,940.9896710770366,,,5.800339348523411e-06,,1.0223641711890769e-05,,,992.763689265322,,,,,,False,
2026-02-03 12:53:55+00:00,,,,9.997040485816251,6.417650247035489,,,,,,0.8387876610595503,,,,,,4.2227898283139904e-06,,,0.2141143637057134,12.95886746780819,,,,,196.98182385599412,9.354248502828416e-06,,4.305566272127411e-06,3310.1263957002943,1.0834686006580048e-05,,,4088.1015046127695,,,,,,False,
2026-02-03 12:53:56+00:00,,,,9.988910476528986,3.763358463686123,,,,,,0.7762301338743368,,,,,,3.2125410723101234e-06,,,0.1941465536638679,13.00408758289486,608.4299958721008,,,,,6.868598769030244e-06,,6.99912904161373e-06,723.0106862523769,4.133645788231111e-06,,,2129.8447170510863,,,,,,,
2026-02-03 12:53:57+00:00,,,,9.974021657630487,18.852537262667145,,,,,,0.7895808561983655,,,,,,2.3699437181991594e-06,,,0.1388395277208465,13.047517488110412,1385.855809143755,,,,,9.86924054623373e-06,,1.4688812325478598e-06,64.26423608295931,7.602363607477116e-06,,,,,,,,,,
2026-02-03 12:53:58+00:00,,,,9.956162475522044,27.889089839363123,,,,,,,,,,,,,,,0.147959402494151,,1012.6497796209484,,,,,9.57025949102406e-07,,,819.8315523429676,1.874320914905084e-06,,,,,,,,0.8838547164305541,,
2026-02-03 12:53:59+00:00,,,,10.014009198096495,35.43884331397937,,,,7172.412577588685,,,,,,,,,,,,,2794.283158527412,,,,,2.824496820353674e-06,,,6056.694379158544,,678.0893548855117,,,,,,,0.8147348884054708,,
2026-02-03 12:54:00+00:00,,,,9.994032329514416,,,,,7262.660029313216,,,,,,,,,,,,,175.92732855896054,5.911522499968765e-07,,,,,,,,,306.8737053815495,,,,,,,0.7553435982593013,,True
2026-02-03 12:54:01+00:00,,,,10.059552160843474,,,,,6728.393870653211,,,,,,,,,1,,,,,4.766535671652212e-07,,,,,,,,,1978.535870012531,,,,,,,0.6824781580280205,,True
2026-02-03 12:54:02+00:00,-12.169396075155966,,,10.02044605077104,,,-12.24769620644973,,5541.472852019201,0.5750249621053543,,,,,,,,1,,,,,2.427686317289236e-06,,,,,,,,,213.68301953332997,2.3132189234101133e-06,,,1713.7615002572052,,,0.7456626932089788,,True
2026-02-03 12:54:03+00:00,-12.174652739053284,,,10.056718945384072,,,-12.27808490872452,,7176.866870651664,0.6413244848819227,,,,,,,,1,,,,,9.2642720913992e-06,,,,,,,,,2975.105805261745,9.991969785295029e-06,,,979.9735335847092,,,,,True
2026-02-03 12:54:04+00:00,-12.178315643743336,,,10.02459480178096,,,-12.300891534681549,,,0.5832138336095164,,-0.7595994521418132,,,,,,1,,,,,2.012210390436785e-06,,,,,,,,,,8.354206094778238e-06,,,804.7710234670295,,,,,True
2026-02-03 12:54:05+00:00,-12.18757406174098,,,9.972328191261386,,,-12.282887562785652,,,0.6942526338104074,,-0.9497722986714864,,,,,,1,,,,,,4393.518166905435,,,,,,,,,5.242309138766397e-07,,,1708.5279147811762,,,,,
2026-02-03 12:54:06+00:00,-12.171018523673627,,,9.927722759532903,,0.0,-12.27950911444344,,,0.6834989063580357,,-0.8488802483848231,,,,,,,,,,,,382.4125913869423,,,,,,,,,1.0640166712877505e-05,,4.685190141703227e-06,810.912706737044,8.504746092524134e-07,,,,
2026-02-03 12:54:07+00:00,,,,9.910638127673794,,35.08202258544658,,,,,,-0.9491685282816916,,,,,,,4.557415809812603,,,,,2503.763732882887,,,,1340.8770941490882,,,,,,,7.204557945100955e-06,,7.542195638086526e-07,0.8831920292534445,,,
2026-02-03 12:54:08+00:00,,65.65280382189151,,9.952311365753095,,0.0,,,,,,-0.87293758231941,,-12.089767849324083,,0.0563283915303778,,,-20.0,,,,,1256.9969862936175,5.035938732811456e-06,,,5750.145255665253,,,,,,,2.462612575087911e-05,,1.4917636636729331e-05,0.9716973180165066,,,
2026-02-03 12:54:09+00:00,,65.86628064942781,,9.93509878547157,,76.60301607133924,,,,,,,354.77383954806555,-12.503442580216555,268.00856810022503,0.0376387820931871,,,33.62211124993747,,,,,436.8598579741401,9.16900149123161e-06,,,3417.5330630315693,,,,,,,7.007756755166496e-06,,7.0140413348138575e-06,0.8849832560456413,,,
2026-02-03 12:54:10+00:00,,65.58228202678534,69196.85062009592,9.913857096263648,,0.0,,2.8073761265580725e-05,,,,,340.4110736736662,-11.29494415596395,206.9710623555969,0.2544868194390799,,,-20.0,,,,,,3.214350192276521e-06,,,2287.8541590725195,,,,,,,4.686951164937081e-06,,1.709330488984899e-05,0.8776853505466403,,,
2026-02-03 12:54:11+00:00,,65.67236545757942,69196.01202096143,9.97660939533116,,,,3.454973858816885e-05,,,,,343.03143966050953,-12.905176045762314,156.6028228057616,0.0313176645553351,,,-3.197645687104849,,,,,,1.924826484277393e-06,3089.4558907673163,,627.4604830363161,,,,,,,,,,0.9946575148513672,,False,
2026-02-03 12:54:12+00:00,,65.68295775341599,69193.1377977231,9.995144422369073,,,,1.6353805019882814e-05,,,,,335.8340451492118,-11.839370397937031,309.18645157306605,0.2536364759213341,,,,,,,,,3.81512062118475e-06,419.932160670134,,,,,,,,1279.099203566031,,,,,,False,
2026-02-03 12:54:13+00:00,,,69193.42308584503,9.997654382748946,,,,2.598816831501669e-05,,,0.8156604757238464,,371.2476978796641,,269.0904354023285,,2.5994265574792764e-06,,,,13.13032083220724,,,,,648.0412052066001,,,3.065766272012624e-06,,,,,4475.3292141203065,,,,,,False,
2026-02-03 12:54:14+00:00,,,69195.74552607113,10.017571448379648,,,,1.973738266700527e-05,,,0.808695577617349,,,,,,1.9702762060357265e-06,,,0.1627976054965952,13.122401148871557,,,,,2666.202149365194,,,2.1289404953411875e-06,,1.2270908375623316e-05,,,1166.774372141095,,,,,,False,
2026-02-03 12:54:15+00:00,,,,9.99199999038914,61.93458243611628,,,,,,0.7846402782645048,,,,,,2.367729775488567e-06,,,0.1584325605118285,13.115445968696369,,,,,708.1233197319201,2.987757178344676e-06,,6.738898835551332e-06,4111.541896369001,3.750783602730997e-06,,,1243.1030598297186,,,,,,False,
2026-02-03 12:54:16+00:00,,,,10.001292241587867,66.67328529572029,,,,,,0.8021728507767182,,,,,,4.903444099587972e-06,,,0.1687837473239751,13.091248207815656,597.3806462907078,,,,,1.4964244674659173e-05,,1.1598801781275562e-06,3949.912662315196,4.754049783837306e-06,,,2349.461409837809,,,,,,,
2026-02-03 12:54:17+00:00,,,,9.983464622052,47.326450789183625,,,,,,0.8426498498564549,,,,,,1.3315897257273589e-05,,,0.194679792517062,13.05245624277232,1896.6054449406013,,,,,7.752903649602225e-05,,5.24403702082739e-06,15771.5941497554,5.9187850102177404e-06,,,,,,,,,,
2026-02-03 12:54:18+00:00,,,,10.058702474348369,59.95527878702124,,,,,,,,,,,,,,,0.2050263136450354,,5890.953607591268,,,,,3.6033808614680408e-06,,,3002.103891818487,4.833303885761232e-06,,,,,,,,0.5006758085208989,,
2026-02-03 12:54:19+00:00,,,,10.0463910847196,62.11052488918984,,,,9306.48636561846,,,,,,,,,,,,,2971.731423946868,,,,,5.0258026969791005e-06,,,2985.031374150199,,4855.668240177974,,,,,,,0.4677674639497601,,
2026-02-03 12:54:20+00:00,,,,10.073922799659522,,,,,3638.425661873069,,,,,,,,,,,,,37.46904548205988,5.964705827798832e-06,,,,,,,,,132.86066741766817,,,,,,,0.6872407313902049,,True
2026-02-03 12:54:21+00:00,,,,10.133176893257447,,,,,10557.440295452632,,,,,,,,,1,,,,,1.3407347260522792e-06,,,,,,,,,5897.371880207245,,,,,,,0.6673713929341999,,True
2026-02-03 12:54:22+00:00,-12.048965133030856,,,10.103840211871823,,,-12.223775765864884,,7987.134071805417,0.6250918266891383,,,,,,,,1,,,,,6.143281758494865e-06,,,,,,,,,70.14023812990645,9.06090005422861e-06,,,581.34471651033,,,0.7153678744111701,,True
2026-02-03 12:54:23+00:00,-12.048118430082392,,,10.11645859816036,,,-12.239493325342854,,5958.167425350486,0.6323898236472837,,,,,,,,1,,,,,8.04267500169023e-06,,,,,,,,,2009.4835478277028,3.833084213787463e-06,,,328.2905971056558,,,,,True
2026-02-03 12:54:24+00:00,-12.101975875047115,,,10.143145359402745,,,-12.220157087908428,,,0.7304449455232034,,-0.2673909105294348,,,,,,1,,,,,3.559203160719502e-07,,,,,,,,,,4.333132980574414e-06,,,1657.264132241514,,,,,True
2026-02-03 12:54:25+00:00,-12.092491686284196,,,10.13156426594016,,,-12.231466317953394,,,0.6304718445934085,,-0.9438417253884788,,,,,,1,,,,,,13882.993569924563,,,,,,,,,3.555660482593703e-05,,,2370.677699720924,,,,,
2026-02-03 12:54:26+00:00,-12.116496861981464,,,10.16415908634274,,14.268865004326743,-12.25844742841841,,,0.6724326090855651,,-0.936635791604995,,,,,,,,,,,,3803.934570286413,,,,,,,,,1.346639240219672e-05,,6.778447046234139e-06,5262.660171815567,6.923232422041607e-07,,,,
2026-02-03 12:54:27+00:00,,,,10.124401049380682,,14.522991219968825,,,,,,-0.5774798961918304,,,,,,,-9.833906146021825,,,,,4981.454076034392,,,,1706.601015425549,,,,,,,1.5986192530741742e-05,,1.0326537272728696e-05,0.6698293611695474,,,
2026-02-03 12:54:28+00:00,,65.85277775739137,,10.084297864017518,,0.0,,,,,,-0.9507921424492332,,-11.181780677120242,,0.1713454259686264,,,-20.0,,,,,1921.962450501268,5.268247962580641e-06,,,1879.452644923244,,,,,,,1.7274513909377938e-05,,6.200154556851415e-06,0.5484961992020417,,,
2026-02-03 12:54:29+00:00,,65.59984527085804,,10.053361289632065,,17.42116724618162,,,,,,,352.40835071177435,-12.476696909732295,33.504853592636394,0.8302502108282104,,,-7.805182927672865,,,,,2271.073380730802,7.3293168472528835e-06,,,14212.508280685104,,,,,,,5.021888530388794e-05,,2.157527185072311e-05,0.49847651020461814,,,
2026-02-03 12:54:30+00:00,,65.64803017630554,69192.44939763143,10.05678463243971,,0.0,,1.658219484470975e-05,,,,,379.7722227300242,-12.761193764017811,259.8849685734252,0.825781151883909,,,-20.0,,,,,,4.285297825222702e-07,,,1867.84498195674,,,,,,,3.816166693859611e-06,,1.4815171405589374e-06,0.43557060015896065,,,
2026-02-03 12:54:31+00:00,,65.6826188731765,69190.25513708332,10.099243218086489,,,,7.826822073334319e-05,,,,,369.0820516559642,-11.870029826813962,95.58266436926714,0.2683937477837783,,,-20.0,,,,,,2.958905492538661e-05,3325.345035423226,,4783.240255830183,,,,,,,,,,0.6709294675043144,,False,
2026-02-03 12:54:32+00:00,,65.73472440960643,69187.6917206664,10.014255420991631,,,,3.087423340244088e-05,,,,,339.1738614426878,-12.504588465988496,217.4481905064836,0.1291869464240259,,,,,,,,,1.6695392761307952e-05,567.8561713627987,,,,,,,,4434.7551233060585,,,,,,False,
2026-02-03 12:54:33+00:00,,,69190.22853227482,9.916160210551793,,,,6.418735686543492e-05,,,0.7853885757224711,,343.01299991187864,,31.47254635083408,,6.473005226068565e-06,,,,13.043621764502229,,,,,342.57951446686087,,,1.1697364023359933e-05,,,,,447.9844431423442,,,,,,False,
2026-02-03 12:54:34+00:00,,,69194.3058574594,9.884555926545248,,,,1.9611156064837142e-05,,,0.8020362886660265,,,,,,1.9840199408625776e-06,,,0.1206793051533662,13.001494720784772,,,,,1033.2345492522556,,,3.940191268637381e-07,,3.444656436425967e-06,,,1018.9115832599542,,,,,,False,
2026-02-03 12:54:35+00:00,,,,9.938739825046008,59.15193051165799,,,,,,0.7851695252895744,,,,,,3.6458579513311384e-06,,,0.0969570434780282,13.076442934759958,,,,,273.59086960978743,4.804606447746604e-07,,2.0639536287796445e-05,848.6731447183594,3.0577965814642515e-06,,,1703.9175858062358,,,,,,False,
2026-02-03 12:54:36+00:00,,,,9.902901564838931,68.2098377284351,,,,,,0.7719570793340335,,,,,,1.527367584215551e-05,,,0.119493136292176,13.00952890545905,2174.940685527697,,,,,4.513797122496413e-05,,5.310145773845397e-05,15455.477833622344,3.829648639900733e-07,,,4296.941302927661,,,,,,,
2026-02-03 12:54:37+00:00,,,,9.892544356126804,69.40065161754573,,,,,,0.8152014142095759,,,,,,5.837597146606206e-06,,,0.1590941482666451,12.978590548928512,1394.873691576038,,,,,2.774142419290518e-05,,5.792101557306319e-06,5764.815574076128,1.595224722981948e-05,,,,,,,,,,
2026-02-03 12:54:38+00:00,,,,9.889621939066773,78.86534485454204,,,,,,,,,,,,,,,0.2058387031259503,,2846.1568797771183,,,,,2.0538571646624217e-06,,,4850.182302019575,1.8412614156319763e-05,,,,,,,,0.19311546260001147,,
2026-02-03 12:54:39+00:00,,,,9.919405100169524,103.106934887582,,,,10526.617768519713,,,,,,,,,,,,,2125.8624851545046,,,,,1.854433442475214e-06,,,2594.3068522065964,,4830.372521889074,,,,,,,-0.2267691925369234,,
2026-02-03 12:54:40+00:00,,,,9.917257446346154,,,,,11618.629274843655,,,,,,,,,,,,,3878.744556530256,1.8737717079960025e-06,,,,,,,,,974.1563228375466,,,,,,,-0.23550921560336335,,True
2026-02-03 12:54:41+00:00,,,,9.977909080477326,,,,,10027.00901892628,,,,,,,,,1,,,,,6.688383233513616e-06,,,,,,,,,3451.761771669764,,,,,,,-0.3431588928756327,,True
2026-02-03 12:54:42+00:00,-12.001819335706172,,,10.009437048576729,,,-12.249258245921048,,5111.491405867118,0.6681358446345796,,,,,,,,1,,,,,9.821182473809205e-06,,,,,,,,,1341.9300760189046,1.1308481190142435e-05,,,1981.5602243398769,,,-0.1545343238182105,,True
2026-02-03 12:54:43+00:00,-12.00567072291772,,,10.00489463405547,,,-12.24590878715466,,5403.145609406402,0.6083022769244686,,,,,,,,1,,,,,8.639508877910923e-06,,,,,,,,,2546.1158017920843,1.1896192538038196e-05,,,2372.1571472575934,,,,,True
2026-02-03 12:54:44+00:00,-11.988415710157613,,,10.011543196186318,,,-12.254502228262238,,,0.6726686794129595,,-0.73240433248471,,,,,,1,,,,,2.3754194708862064e-06,,,,,,,,,,8.580444221980675e-07,,,784.575260625306,,,,,True
2026-02-03 12:54:45+00:00,-11.98255379918787,,,9.978093723308252,,,-12.265590188638605,,,0.5809457987706449,,-1.1608156858105332,,,,,,1,,,,,,109.91884482366852,,,,,,,,,5.302646555009597e-06,,,69.33907104413618,,,,,
2026-02-03 12:54:46+00:00,-11.923631000222594,,,9.98352486864413,,0.0,-12.263505821254368,,,0.7358688308672452,,-0.836755643553223,,,,,,,,,,,,2171.896166087367,,,,,,,,,2.1357486313554645e-05,,7.431632657894172e-06,597.0205823033943,3.374344824457742e-06,,,,
2026-02-03 12:54:47+00:00,,,,9.972924654633346,,8.378144681334488,,,,,,-0.7323846518122088,,,,,,,-14.135298723065858,,,,,1150.266320416148,,,,1279.52132779288,,,,,,,3.3749182739683283e-06,,5.6553129799218646e-06,0.9994917132090475,,,
2026-02-03 12:54:48+00:00,,65.45834596558575,,9.992735180421503,,38.13956461557668,,,,,,-0.8101941063757983,,-12.168801610908057,,0.0017676285646627,,,6.697695230903676,,,,,962.009161492784,3.7250382778696256e-06,,,1694.1330987187184,,,,,,,2.007905311542867e-06,,1.8745875163678576e-06,0.9893834441120648,,,
2026-02-03 12:54:49+00:00,,65.53637207950791,,9.977450206070303,,0.0,,,,,,,341.76176647269773,-12.014547348689474,135.0162408907967,0.0077515383253866,,,-20.0,,,,,5010.429893472358,2.057230189141162e-06,,,3995.446740118041,,,,,,,2.484008456641404e-05,,1.3184016122173632e-05,0.9712891294351716,,,
2026-02-03 12:54:50+00:00,,65.38746817888236,69192.36061986248,9.952940596742156,,50.53022519599125,,1.9599785442266304e-05,,,,,360.5131967488591,-12.2637288266659,306.73541076615754,0.1249255118575727,,,15.371157637193877,,,,,,7.271017958643881e-06,,,698.2503351179639,,,,,,,7.095912984846647e-07,,3.404387862399576e-06,0.9264279874057572,,,
2026-02-03 12:54:51+00:00,,65.39166282255906,69188.741998076,9.918107130669137,,,,2.2668056322791185e-05,,,,,357.30782983754045,-12.451202176707152,330.783547108294,0.0318537354811587,,,-20.0,,,,,,3.327484915214453e-06,1300.5790022665617,,877.7504587941278,,,,,,,,,,0.9408983135999602,,False,
2026-02-03 12:54:52+00:00,,64.96045583952342,69181.7801158143,9.905950870477062,,,,9.956316900514465e-05,,,,,335.2877779645751,-13.204693049557669,89.7739879132414,0.0181174947712489,,,,,,,,,1.783358138999698e-05,4930.403626665098,,,,,,,,6009.320855733874,,,,,,False,
2026-02-03 12:54:53+00:00,,,69186.01681826577,9.86760082721068,,,,5.014378598159308e-05,,,0.8053190287830377,,347.64676814421955,,148.5391900016978,,5.081659347560724e-06,,,,12.815988097072408,,,,,643.1294300164152,,,1.121235224103263e-05,,,,,3816.6970833924097,,,,,,False,
2026-02-03 12:54:54+00:00,,,69184.73532767242,9.883048255231357,,,,2.3171078375431063e-05,,,0.8076373863021412,,,,,,2.3445274956707824e-06,,,0.3366882784320471,12.82103633788608,,,,,632.2368089200354,,,5.573113621122272e-06,,4.642530773692464e-06,,,769.8285904593492,,,,,,False,
2026-02-03 12:54:55+00:00,,,,9.899383570888832,107.5030857100882,,,,,,0.7586228599714333,,,,,,4.036051751463335e-06,,,0.3678636425084214,12.868569000894832,,,,,566.9296660646907,3.065209123642844e-06,,1.8081250774396923e-05,5982.851541349754,1.0133561590487746e-05,,,833.3437619105545,,,,,,False,
2026-02-03 12:54:56+00:00,,,,9.888248742225423,111.64654454191276,,,,,,0.7602320453741538,,,,,,4.450255991853772e-06,,,0.3644061965182286,12.858527687963866,6140.037784384938,,,,,2.5053979874850357e-05,,1.8378771892893752e-05,48.20256203538936,1.5380078919343284e-05,,,5127.669499695594,,,,,,,
2026-02-03 12:54:57+00:00,,,,9.968248495402207,105.9786914099741,,,,,,0.7753578335149722,,,,,,2.304210197827784e-06,,,0.3870185029406374,13.000183247559416,142.39204837731964,,,,,3.318937155888366e-06,,2.657933410243893e-06,2144.5737557732764,7.1757361622694304e-06,,,,,,,,,,
2026-02-03 12:54:58+00:00,,,,9.929087189149572,90.40362312399782,,,,,,,,,,,,,,,0.3524117243341508,,4640.121029772338,,,,,5.622266302485592e-06,,,1848.3012975330223,1.7300373935347685e-06,,,,,,,,-0.007044494185928096,,
2026-02-03 12:54:59+00:00,,,,9.90141483253512,73.58660887994614,,,,6830.775047166532,,,,,,,,,,,,,2823.790959753837,,,,,2.1323331112301925e-06,,,4214.128122898545,,147.53603880119795,,,,,,,0.28256565916220944,,
2026-02-03 12:55:00+00:00,,,,9.937888260185204,,,,,18427.13812660889,,,,,,,,,,,,,3866.6794032036,2.018003364194552e-05,,,,,,,,,3055.461115410403,,,,,,,0.3208234083556539,,True
2026-02-03 12:55:01+00:00,,,,9.932625215840526,,,,,6229.083705260219,,,,,,,,,1,,,,,3.6355872884045616e-06,,,,,,,,,2398.8050885152743,,,,,,,0.01362540134105189,,True
2026-02-03 12:55:02+00:00,-11.887649279387144,,,9.931671145602207,,,-12.29634523628576,,25978.080471137542,0.5541464357056269,,,,,,,,1,,,,,1.8453597497838652e-05,,,,,,,,,9658.36625593559,1.1547926545037036e-05,,,7555.754706891925,,,-0.15713780760341825,,True
2026-02-03 12:55:03+00:00,-11.87538590346504,,,9.907380102368348,,,-12.283488969876824,,11654.064429297534,0.6985754083980605,,,,,,,,1,,,,,6.045913145926171e-07,,,,,,,,,4531.822805405152,3.8028191529840416e-06,,,4079.0568974569023,,,,,True
2026-02-03 12:55:04+00:00,-11.865392596663517,,,9.886977438644582,,,-12.316736070673212,,,0.6312846516788164,,-0.6050906296277025,,,,,,1,,,,,1.491271942861036e-05,,,,,,,,,,8.993391448414534e-06,,,462.6141465076536,,,,,True
2026-02-03 12:55:05+00:00,-11.854935680132227,,,9.8848507498979,,,-12.285739134112818,,,0.7167166823605996,,-0.7141219764374716,,,,,,1,,,,,,1027.63457231672,,,,,,,,,3.9531046512356864e-06,,,875.893056780992,,,,,
2026-02-03 12:55:06+00:00,-11.869878704823009,,,9.865069765729332,,0.0,-12.295280063373044,,,0.6363388180027875,,-0.3721101497558097,,,,,,,,,,,,734.1420052309702,,,,,,,,,6.185236298023796e-06,,5.740221972099156e-07,587.5912387222744,4.843693612652199e-06,,,,
2026-02-03 12:55:07+00:00,,,,9.88089614914174,,0.0,,,,,,-0.6523561045574258,,,,,,,-20.0,,,,,1574.2109685754735,,,,1419.1048063082712,,,,,,,4.367706708093482e-07,,4.608359456584172e-06,0.9992747612029828,,,
2026-02-03 12:55:08+00:00,,65.63812806306883,,9.851312052651616,,33.227870824960746,,,,,,-1.041440327971843,,-11.646565709366914,,0.3173979245165597,,,3.259509577472521,,,,,1919.8113262888369,2.200056178215803e-06,,,8086.753070260607,,,,,,,2.690382338868587e-07,,1.3039512940480806e-06,0.9991089817548359,,,
2026-02-03 12:55:09+00:00,,65.56661025555256,,9.761969159683556,,30.69563037936808,,,,,,,350.97602523171776,-13.359407625287414,375.7653484791489,0.4771509596682048,,,1.4869412655576504,,,,,1422.9691069117248,3.355638921695609e-06,,,360.2235716650886,,,,,,,5.764076482291532e-06,,6.596834628400267e-06,0.9999124471677096,,,
2026-02-03 12:55:10+00:00,,65.60383059747352,69201.68735179797,9.710460161584685,,0.0,,1.2506472375820572e-05,,,,,333.7140683952047,-12.354175315229678,505.7837584968984,0.0288647823368514,,,-20.0,,,,,,3.888655468555519e-06,,,1054.539255892911,,,,,,,1.7218050711531413e-06,,5.990226895084344e-06,0.9770770006357751,,,
2026-02-03 12:55:11+00:00,,65.46183192934963,69202.82852841217,9.681702720875904,,,,2.1255891002859983e-05,,,,,352.05522757557094,-12.214150368053652,276.3346704833017,0.2188455247274303,,,-19.531928302965653,,,,,,8.226319330103283e-06,1937.832046027768,,344.08430927736305,,,,,,,,,,0.9923912710463549,,False,
2026-02-03 12:55:12+00:00,,65.24230589334553,69204.04995373254,9.666724792235556,,,,0.0001695662913766,,,,,349.761070012224,-12.12718042285911,113.04708763439726,0.2097326854403784,,,,,,,,,7.253272203097962e-06,11793.761503437334,,,,,,,,13645.22831141016,,,,,,False,
2026-02-03 12:55:13+00:00,,,69204.40609695313,9.664349192882629,,,,1.7877146708060585e-05,,,0.7411561501777524,,328.17637787090024,,304.06562698736826,,1.8498034737017084e-06,,,,12.597652998167003,,,,,839.5614055731953,,,4.718473410727951e-06,,,,,1523.6994552402095,,,,,,False,
2026-02-03 12:55:14+00:00,,,69202.10380520929,9.631767894623414,,,,1.7014532237472994e-05,,,0.7260965068096388,,,,,,1.7665014796474429e-06,,,0.4634187230634338,12.530534857699244,,,,,2157.312468136727,,,1.0531735796517492e-05,,2.872275285990052e-06,,,2646.67898521018,,,,,,False,
2026-02-03 12:55:15+00:00,,,,9.648138525610351,77.40492296479677,,,,,,0.7854109669017961,,,,,,8.151118783210177e-07,,,0.4161460899599828,12.57389319540022,,,,,10.10600545973236,5.392799318831457e-06,,1.326691067706796e-06,514.7965607305492,1.8157828578332223e-06,,,833.775579301365,,,,,,False,
2026-02-03 12:55:16+00:00,,,,9.6659812829335,88.07103680698178,,,,,,0.7017873685292466,,,,,,1.085144260161544e-05,,,0.4404281229796273,12.588639823993496,3964.7824491899783,,,,,1.6325743241377105e-05,,6.27125371368941e-05,4116.312004431892,6.568076808682069e-05,,,1779.390833027962,,,,,,,
2026-02-03 12:55:17+00:00,,,,9.662229108271482,70.81230199512784,,,,,,0.7672691795500617,,,,,,2.78057644639798e-06,,,0.4618606472355666,12.613160121935524,312.10956001021793,,,,,6.161276201588689e-06,,4.669510740297003e-06,1888.473628715237,1.6773112735907957e-05,,,,,,,,,,
2026-02-03 12:55:18+00:00,,,,9.662094474171484,82.96080410927485,,,,,,,,,,,,,,,0.4135504363657378,,111.68097543804345,,,,,1.3636617240871166e-05,,,412.707957860618,2.2240720502103742e-06,,,,,,,,0.12254831302394423,,
2026-02-03 12:55:19+00:00,,,,9.656145310088222,95.16387498190755,,,,16231.295687419826,,,,,,,,,,,,,3790.0347547366737,,,,,5.542936650770131e-06,,,1352.9970615832926,,13861.20990776316,,,,,,,-0.09000465660546542,,
2026-02-03 12:55:20+00:00,,,,9.647350362336027,,,,,1739.119593412555,,,,,,,,,,,,,76.31404499852948,1.932121787982977e-07,,,,,,,,,93.73369401548167,,,,,,,-0.06336280397673927,,True
2026-02-03 12:55:21+00:00,,,,9.678296370231669,,,,,8364.166871625417,,,,,,,,,1,,,,,2.97597692070586e-05,,,,,,,,,4226.364699651842,,,,,,,0.016003816902465006,,True
2026-02-03 12:55:22+00:00,-11.817328390544194,,,9.606290703490876,,,-12.253396378258394,,14734.447219111176,0.5968684579116024,,,,,,,,1,,,,,2.5409205582148737e-05,,,,,,,,,1733.0434722346076,1.122984956918938e-06,,,933.8417579119292,,,-0.12998324223155955,,True
2026-02-03 12:55:23+00:00,-11.780185076432383,,,9.58996472194046,,,-12.24832780156042,,8599.050876649426,0.6104872000427811,,,,,,,,1,,,,,1.1954904941500349e-05,,,,,,,,,198.53907188754323,5.620791361577618e-06,,,272.4469518158816,,,,,True
2026-02-03 12:55:24+00:00,-11.757104732983558,,,9.591529455066032,,,-12.253002603327364,,,0.6678884313624397,,-0.92215437362475,,,,,,1,,,,,2.536505498418181e-06,,,,,,,,,,4.598477237768021e-07,,,710.1417139632974,,,,,True
2026-02-03 12:55:25+00:00,-11.783409606907515,,,9.585210322400831,,,-12.26568223368227,,,0.605219587078333,,-0.8338377260740087,,,,,,1,,,,,,449.6478598572533,,,,,,,,,1.457381438807493e-06,,,701.4185455922678,,,,,
2026-02-03 12:55:26+00:00,-11.754570110440008,,,9.598737623649516,,0.0,-12.25199490301702,,,0.7377567052479183,,-0.6614752603867307,,,,,,,,,,,,185.7164399118472,,,,,,,,,5.360639231329085e-06,,2.9636809515928635e-06,23.9818293544588,5.152695720399626e-06,,,,
2026-02-03 12:55:27+00:00,,,,9.591524879592024,,3.571230364327473,,,,,,-0.8118022243189515,,,,,,,-17.50013874497077,,,,,717.2304804873712,,,,29.32886615684738,,,,,,,5.225449453466193e-07,,1.6241823137540726e-07,0.7531091182295555,,,
2026-02-03 12:55:28+00:00,,64.88501610727415,,9.571035068083225,,23.022488440235232,,,,,,-1.054647390944178,,-12.294235709506388,,0.1808011127607197,,,-3.8842580918353375,,,,,2111.721606470473,4.506459539512548e-06,,,4916.39109992556,,,,,,,7.990820964256503e-06,,1.872125057196549e-05,0.6878591052983697,,,
2026-02-03 12:55:29+00:00,,64.9377082403804,,9.538358721353116,,10.156871836604765,,,,,,,337.70631890795335,-12.239269992474,389.0130314082066,0.3924087593033232,,,-12.890189714376664,,,,,21.715856129271973,3.4257448821131853e-06,,,145.90968386097467,,,,,,,1.2162270856093084e-07,,2.80785021918966e-06,0.82747282853381,,,
2026-02-03 12:55:30+00:00,,64.8143558248023,69203.66650953649,9.525825920384388,,0.0,,1.4573305040031863e-05,,,,,354.05397480017643,-11.746318210818313,358.5229277569282,0.1597212108977219,,,-20.0,,,,,,7.84529722098417e-07,,,428.1535184870686,,,,,,,2.1097617252907715e-07,,8.625346279734905e-07,0.7780928791059913,,,
2026-02-03 12:55:31+00:00,,64.96111634522565,69201.73757978222,9.540962187827487,,,,6.780437353923439e-06,,,,,340.44654724649405,-11.445432017325084,761.7975456561431,0.6475701173683783,,,-20.0,,,,,,2.1500669515147585e-06,873.8975169329645,,90.634034201597,,,,,,,,,,0.7556093692652407,,False,
2026-02-03 12:55:32+00:00,,65.10801768673242,69202.57473434985,9.512496585581143,,,,2.316424717802433e-05,,,,,337.8312872023305,-12.938756314260877,213.7450697872208,0.0059207200721522,,,,,,,,,8.243882140759468e-07,2232.750246093813,,,,,,,,1623.240239235161,,,,,,False,
2026-02-03 12:55:33+00:00,,,69199.9978418587,9.541823112915113,,,,4.551307502412094e-05,,,0.750339131405254,,349.3675984055229,,116.38242808245892,,4.769851053151235e-06,,,,12.373579150376234,,,,,3341.203733922972,,,2.4415238353816196e-05,,,,,359.03511628232707,,,,,,False,
2026-02-03 12:55:34+00:00,,,69195.2237449935,9.532516389337086,,,,1.1232254391640066e-05,,,0.7716310530257131,,,,,,1.1783094759956855e-06,,,0.4429490601582938,12.35855306154428,,,,,111.52258786377342,,,5.191682330958183e-06,,2.0046829186711696e-06,,,1234.545476388576,,,,,,False,
2026-02-03 12:55:35+00:00,,,,9.49490155306412,27.536696429692316,,,,,,0.803670111660032,,,,,,1.087070238385742e-06,,,0.462382081723288,12.314936108230397,,,,,1408.1011135911303,3.2165405934536588e-06,,1.5512687505540055e-06,1108.9171349417702,7.682685919002709e-07,,,244.81501893466887,,,,,,False,
2026-02-03 12:55:36+00:00,,,,9.559433128695828,25.092253447030583,,,,,,0.7967007386529558,,,,,,1.3429600908181912e-06,,,0.4875361522736749,12.359598630024031,1179.119592392665,,,,,4.850636922038596e-06,,2.24518807715088e-08,2503.741350695963,4.227585618725449e-06,,,23.409725009149064,,,,,,,
2026-02-03 12:55:37+00:00,,,,9.548604861241854,26.52175913977455,,,,,,0.7345053352261658,,,,,,1.0553464356251303e-06,,,0.5238753190071529,12.342107828001748,428.7497733037875,,,,,1.832306105890986e-06,,4.756467681372766e-06,269.0717519946606,2.1539164715470782e-06,,,,,,,,,,
2026-02-03 12:55:38+00:00,,,,9.582559107814864,19.282600523947245,,,,,,,,,,,,,,,0.5006609110445547,,1084.849623603965,,,,,5.172450176597511e-07,,,843.7935167594659,3.714865593179552e-07,,,,,,,,0.943901278060584,,
2026-02-03 12:55:39+00:00,,,,9.540445135231623,31.669184130359056,,,,22649.544512452125,,,,,,,,,,,,,16708.399408818772,,,,,7.58397558613521e-05,,,1169.8250658670092,,1893.698530269008,,,,,,,0.8510936051785877,,
2026-02-03 12:55:40+00:00,,,,9.54562527889834,,,,,9224.43866023798,,,,,,,,,,,,,734.9860745575544,8.943323117871517e-06,,,,,,,,,91.79658369097532,,,,,,,0.5011826965242641,,True
2026-02-03 12:55:41+00:00,,,,9.55515549769756,,,,,13825.135900918283,,,,,,,,,1,,,,,3.3288765987452446e-05,,,,,,,,,4554.308655557023,,,,,,,0.3992675244183865,,True
2026-02-03 12:55:42+00:00,-11.80047496703434,,,9.500779746839957,,,-12.217992723677437,,12105.428569278636,0.6179812036927861,,,,,,,,1,,,,,2.9022878433144917e-06,,,,,,,,,916.4536611953628,4.017005002715958e-05,,,2718.8391627395217,,,0.4367016891691313,,True
2026-02-03 12:55:43+00:00,-11.850741542728818,,,9.549811533340527,,,-12.19088717785423,,11524.801680942648,0.6307458836809784,,,,,,,,1,,,,,1.2699230134158268e-05,,,,,,,,,254.3117119779148,1.4495245755982551e-05,,,5644.644037821591,,,,,True
2026-02-03 12:55:44+00:00,-11.877896318415088,,,9.555432118883676,,,-12.18408415030922,,,0.5949560950322444,,-0.815109363400911,,,,,,1,,,,,8.911500671123183e-07,,,,,,,,,,7.959505431772704e-07,,,846.3922644242131,,,,,True
2026-02-03 12:55:45+00:00,-11.824605692390158,,,9.5324603691207,,,-12.174535105769108,,,0.6459758774461075,,-0.3983844091209615,,,,,,1,,,,,,6076.705957588352,,,,,,,,,9.720565153387095e-07,,,347.8608266624492,,,,,
2026-02-03 12:55:46+00:00,-11.829569443916396,,,9.541177729431688,,64.62208015674408,-12.173554699551309,,,0.5486871360617481,,-0.9266913310674778,,,,,,,,,,,,2756.0545322587755,,,,,,,,,5.70070616078872e-07,,1.605457633370697e-07,206.64695883661764,1.8200194924641532e-06,,,,
2026-02-03 12:55:47+00:00,,,,9.478519356541998,,4.759268664044246,,,,,,-0.7213694638628801,,,,,,,-16.66851193516903,,,,,732.5797508724594,,,,659.0181993658297,,,,,,,1.8810114154159451e-06,,5.586460811591592e-06,0.9886822044982269,,,
2026-02-03 12:55:48+00:00,,64.78996828101769,,9.493217974071174,,40.83104081759744,,,,,,-0.7878381268431819,,-12.216860254781928,,0.1520529468057442,,,8.581728572318205,,,,,677.9111557088106,7.510048864339974e-08,,,290.193444435312,,,,,,,3.1655022101006125e-06,,2.2065871132025704e-06,0.9924617398351263,,,
2026-02-03 12:55:49+00:00,,65.04272930187733,,9.565289033862,,29.53183294194379,,,,,,,321.31665261982147,-12.593747699272074,387.3478796385358,0.1597296687423992,,,0.6722830593606517,,,,,1194.638881155381,1.2153914276205331e-06,,,1255.4335945404034,,,,,,,7.161664226566151e-06,,3.187467740736228e-06,0.9755752718863241,,,
2026-02-03 12:55:50+00:00,,64.96981002213077,69187.7805859646,9.60378872881254,,0.0,,1.0314638702302062e-05,,,,,336.98404025140644,-11.409177591298018,470.17034644696776,0.4887384233638649,,,-20.0,,,,,,8.487384930085901e-07,,,731.5405367948573,,,,,,,4.699470213996854e-06,,2.5318099772978922e-08,0.9867489591752049,,,
2026-02-03 12:55:51+00:00,,65.153321543272,69188.19380309047,9.603992311859669,,,,1.4081026725180106e-05,,,,,336.1221523018056,-12.019436802704062,384.9268954434666,0.1867302078298772,,,-20.0,,,,,,1.056894801367942e-06,1402.7855448351102,,186.19612179558328,,,,,,,,,,0.9999993552553205,,False,
2026-02-03 12:55:52+00:00,,65.16301847129539,69191.22887354856,9.613352304187249,,,,1.2613823418703028e-05,,,,,333.1037354160604,-11.896704579482572,453.3782499557233,0.2873643539541168,,,,,,,,,6.463093578108389e-06,951.1444815359324,,,,,,,,699.5904045050984,,,,,,False,
2026-02-03 12:55:53+00:00,,,69190.59526723431,9.556745271576574,,,,2.098349988124903e-05,,,0.801208151846427,,347.61018418721216,,244.45921289691253,,2.195674289201536e-06,,,,12.442305905289984,,,,,1394.5838393329482,,,7.281578689361959e-07,,,,,1340.7217238101734,,,,,,False,
2026-02-03 12:55:54+00:00,,,69190.3993042955,9.525992035305515,,,,1.1888393404269971e-05,,,0.8399530651986377,,,,,,1.247995312216182e-06,,,0.344575753459407,12.366699966992494,,,,,342.14177894020384,,,2.0326434604963816e-06,,2.6109972486595327e-06,,,43.09418581596721,,,,,,False,
2026-02-03 12:55:55+00:00,,,,9.55905369075372,69.68802353882947,,,,,,0.7613854446141308,,,,,,9.921720318455498e-06,,,0.3581470468598698,12.3627017781965,,,,,8295.246986536555,3.831870483570157e-05,,2.206833492251802e-06,1629.319687940549,2.931187600783737e-05,,,22720.94205276759,,,,,,False,
2026-02-03 12:55:56+00:00,,,,9.631989717592164,51.2065276241506,,,,,,0.8337951428828221,,,,,,1.5203617404913672e-06,,,0.3610459238203881,12.423891348181415,809.8783575171502,,,,,1.960012582616892e-08,,2.3530656284672672e-06,1775.1744228034504,1.738818416209537e-06,,,122.10245801278197,,,,,,,
2026-02-03 12:55:57+00:00,,,,9.592146087139932,48.79511730761004,,,,,,0.7665521964668336,,,,,,1.4341646084132304e-06,,,0.3390609180687998,12.420795646181354,733.3935117838495,,,,,7.249830062553307e-07,,5.6990850841874135e-06,371.0535263137988,1.2150563357900843e-05,,,,,,,,,,
2026-02-03 12:55:58+00:00,,,,9.525252872591532,48.830347705235006,,,,,,,,,,,,,,,0.3691029253796428,,363.018435654785,,,,,2.3116161164397715e-05,,,1481.0898234570973,1.4926615893051917e-05,,,,,,,,0.6582908381094249,,
2026-02-03 12:55:59+00:00,,,,9.506388583322602,58.505810534425066,,,,2166.034213767468,,,,,,,,,,,,,494.0081855029436,,,,,3.5504747766183422e-06,,,1660.92863747766,,207.0320638663173,,,,,,,0.5224120932689166,,
2026-02-03 12:56:00+00:00,,,,9.477230456742763,,,,,2636.61990773608,,,,,,,,,,,,,1772.9910630731017,5.670491816503789e-06,,,,,,,,,32.598307786123016,,,,,,,0.6107721628725992,,True
2026-02-03 12:56:01+00:00,,,,9.499779951545598,,,,,1511.7340305264695,,,,,,,,,1,,,,,2.76360084598923e-07,,,,,,,,,93.62166702501632,,,,,,,0.8647464673575391,,True
2026-02-03 12:56:02+00:00,-11.71766556506135,,,9.513193303556235,,,-12.141001673178067,,4083.927423437376,0.6082745835610672,,,,,,,,1,,,,,4.4427722163219785e-06,,,,,,,,,1301.5895933267143,1.4181120666827108e-06,,,1795.083621008466,,,0.8784910300885207,,True
2026-02-03 12:56:03+00:00,-11.712837915760304,,,9.564260973954502,,,-12.16045447374278,,6408.015176698055,0.5963355179676589,,,,,,,,1,,,,,1.7791648652148789e-06,,,,,,,,,734.5893763754397,6.652955845796385e-07,,,285.70479452030327,,,,,True
2026-02-03 12:56:04+00:00,-11.698604473292304,,,9.608082998397885,,,-12.149837865305695,,,0.566951221396504,,-0.4263381601168315,,,,,,1,,,,,4.833375227587346e-06,,,,,,,,,,1.5188378336058603e-06,,,5342.910865786651,,,,,True
2026-02-03 12:56:05+00:00,-11.717183047219258,,,9.607188120858956,,,-12.145571966668369,,,0.5836369769498855,,-0.3188774199984875,,,,,,1,,,,,,198.471992937016,,,,,,,,,3.803216029252083e-07,,,1839.3497824947967,,,,,
2026-02-03 12:56:06+00:00,-11.721841639650645,,,9.66133187225818,,26.72394712425277,-12.128395986119967,,,0.5680487704973716,,-0.8848357150969766,,,,,,,,,,,,1415.279574113599,,,,,,,,,3.011394749802409e-06,,3.224062494673104e-06,1422.5547656875012,2.1370270867176345e-06,,,,
2026-02-03 12:56:07+00:00,,,,9.602887498442795,,34.52861211657127,,,,,,-0.8695881900157629,,,,,,,4.170028481599886,,,,,7344.568590569393,,,,2070.921915240608,,,,,,,6.037420687673802e-07,,7.0185165410165735e-06,0.5068346484472844,,,
2026-02-03 12:56:08+00:00,,63.79483943566363,,9.635763273990868,,0.0,,,,,,-0.7358601355203346,,-11.554924369943487,,0.0610599150123814,,,-20.0,,,,,4646.223409490501,2.936162245969253e-05,,,2981.8477396091434,,,,,,,3.2060529208478825e-05,,1.5179705080514696e-06,0.26224965297881725,,,
2026-02-03 12:56:09+00:00,,63.67236162244462,,9.617050401334568,,0.0,,,,,,,355.49877218601307,-11.367610196952658,245.64566802833872,0.0453316237382927,,,-20.0,,,,,5568.550441362486,1.5558341534920668e-05,,,296.64928217381606,,,,,,,8.398107661626006e-06,,6.387789058219055e-06,0.5947606930865509,,,
2026-02-03 12:56:10+00:00,,63.62382388078984,69196.35780127978,9.59781165655097,,0.0,,4.9114142244408185e-05,,,,,323.218155987292,-11.9551776459781,44.83903017843238,0.0973914591792425,,,-20.0,,,,,,3.4610222910815054e-06,,,150.8926753879216,,,,,,,1.2200181881536625e-05,,2.074290531688857e-05,0.7401421471885714,,,
2026-02-03 12:56:11+00:00,,63.52272948811199,69203.01416684958,9.596461289007104,,,,3.1152317802507484e-05,,,,,332.27743364064503,-11.66252041024452,192.25776295234985,0.1855210583901923,,,-15.777244439337403,,,,,,1.6265419863461955e-05,195.75153099037564,,1428.6001988012858,,,,,,,,,,0.6995791825547071,,False,
2026-02-03 12:56:12+00:00,,63.39612570175461,69202.78964016703,9.567337145977891,,,,8.848066335629517e-06,,,,,334.9816708494694,-12.42090757336793,574.7124914561584,0.3012760412677097,,,,,,,,,2.669255684100543e-07,187.51026061990208,,,,,,,,631.8886480075705,,,,,,False,
2026-02-03 12:56:13+00:00,,,69205.46539386995,9.511955682934612,,,,2.220784022142855e-05,,,0.762351512189016,,348.9736055255405,,240.8077000843404,,2.33472915157412e-06,,,,12.048318061774944,,,,,4310.563073476493,,,9.940591061481314e-06,,,,,2509.1373255480453,,,,,,False,
2026-02-03 12:56:14+00:00,,,69209.54835711984,9.538550289304084,,,,6.562115219180695e-06,,,0.7332464806775426,,,,,,6.8795729121846e-07,,,0.4120064207518308,12.050449242837953,,,,,526.1683559144648,,,2.41407754814231e-06,,2.500508550356435e-06,,,56.19970175403105,,,,,,False,
2026-02-03 12:56:15+00:00,,,,9.551969956569744,21.191512169302577,,,,,,0.7141175720766252,,,,,,2.77028347570964e-06,,,0.4277165281208165,12.123936952036123,,,,,5443.148312465241,2.7906248905725603e-06,,2.457474168474578e-07,864.4164280229832,1.2013598375500772e-05,,,765.4412586137668,,,,,,False,
2026-02-03 12:56:16+00:00,,,,9.575056664908413,21.832553545930253,,,,,,0.7505171575715887,,,,,,7.607938478417747e-07,,,0.4350293981671098,12.15591565522771,47.73338232052994,,,,,8.374162508549062e-07,,2.803604399908165e-06,74.29918581003115,3.571374939688448e-06,,,212.9420500316868,,,,,,,
2026-02-03 12:56:17+00:00,,,,9.562252123295307,3.006920176372404,,,,,,0.7619001046102317,,,,,,6.905741644057266e-06,,,0.4545108677321643,12.137062971688511,2754.042443022143,,,,,1.771571163183877e-06,,2.2193775526829678e-05,3987.498973295531,4.050670893013046e-05,,,,,,,,,,
2026-02-03 12:56:18+00:00,,,,9.606839946550604,354.41872611469773,,,,,,,,,,,,,,,0.4971868930307858,,1353.7880205830102,,,,,5.271111097903894e-07,,,2223.640805876702,1.152100845912542e-05,,,,,,,,0.9952592400756599,,
2026-02-03 12:56:19+00:00,,,,9.559991553582009,337.4396610576475,,,,5641.157746996054,,,,,,,,,,,,,376.1274466588591,,,,,1.1825238012837091e-05,,,706.2987686297773,,2548.338627940266,,,,,,,0.9234760112943741,,
2026-02-03 12:56:20+00:00,,,,9.58534975685962,,,,,4242.454042620533,,,,,,,,,,,,,1115.939153925044,3.0882043687204194e-06,,,,,,,,,510.86981231073366,,,,,,,0.9926012742501089,,True
2026-02-03 12:56:21+00:00,,,,9.601873024477316,,,,,7932.077879992709,,,,,,,,,1,,,,,3.3054499154936182e-06,,,,,,,,,2929.6382279723825,,,,,,,0.999777332388799,,True
2026-02-03 12:56:22+00:00,-11.590410261251323,,,9.599945124388372,,,-12.154770897634789,,3950.3957045130014,0.5861653728,,,,,,,,1,,,,,4.605840006847977e-06,,,,,,,,,238.76805256496544,4.5005273841439844e-07,,,3393.470826823368,,,0.96545628611431,,True
2026-02-03 12:56:23+00:00,-11.57714472275482,,,9.65470060979017,,,-12.17294196073826,,13404.7288765412,0.64769762757108,,,,,,,,1,,,,,1.957841487745232e-05,,,,,,,,,292.1547568674652,8.047290052012073e-06,,,5139.879866010466,,,,,True
2026-02-03 12:56:24+00:00,-11.604295212803637,,,9.578276955339067,,,-12.167723073302772,,,0.5252594471986566,,-0.7745512074581974,,,,,,1,,,,,3.121422157033351e-07,,,,,,,,,,2.037886570228971e-06,,,459.03655544812057,,,,,True
2026-02-03 12:56:25+00:00,-11.575863997333103,,,9.571851858705587,,,-12.186177677907429,,,0.6666940469569083,,-0.6604983677332267,,,,,,1,,,,,,545.2178717187114,,,,,,,,,1.2555055551929958e-05,,,2917.2301598397103,,,,,
2026-02-03 12:56:26+00:00,-11.58090677862302,,,9.611722916190416,,10.774779046011684,-12.184770702144135,,,0.7018132763167747,,-0.4175974203756097,,,,,,,,,,,,1716.4757035101152,,,,,,,,,2.8444042137840733e-05,,1.5913661840612111e-06,1114.6928883063997,1.2239811008174269e-05,,,,
2026-02-03 12:56:27+00:00,,,,9.58909112161695,,20.697578169003773,,,,,,-0.6290237072005527,,,,,,,-5.51169528169736,,,,,1050.6276604519385,,,,281.72349937517777,,,,,,,6.828444314686527e-06,,4.319719650233131e-06,-0.34591773705597856,,,
2026-02-03 12:56:28+00:00,,63.537649376007344,,9.593106950417974,,23.523061700006046,,,,,,-0.5731113867950525,,-12.518118898809522,,0.0555823904990473,,,-3.5338568099957683,,,,,639.5256925039446,4.495011364762359e-07,,,590.9675929997362,,,,,,,2.80811326955658e-07,,2.9499618014581503e-06,-0.6184919160275587,,,
2026-02-03 12:56:29+00:00,,63.39212302187185,,9.570113085233269,,0.0,,,,,,,341.84016637592856,-11.741669560626152,31.147681126902565,0.0189417415538944,,,-20.0,,,,,19032.41902835337,4.684275015373258e-05,,,7843.436100345216,,,,,,,5.725453255201624e-05,,2.7169083215108185e-05,-0.7733987762420482,,,
2026-02-03 12:56:30+00:00,,63.33628934227715,69211.20746495677,9.554751840169205,,13.155242986562088,,1.0197543621586402e-05,,,,,333.14008689231173,-11.000376720826882,543.6198192846579,0.0317097194481035,,,-10.79132990940654,,,,,,3.5929794691648293e-06,,,596.9181089372613,,,,,,,2.554177985050811e-07,,2.082853087219816e-07,-0.6866480324986772,,,
2026-02-03 12:56:31+00:00,,63.33177353748198,69211.21578879285,9.585283110280702,,,,0.0001843228879412,,,,,354.7046675870109,-11.851948541539022,110.87514882781,0.3431440379580861,,,33.76215948127123,,,,,,1.6384012769907318e-05,32504.29961132556,,2253.815282169698,,,,,,,,,,-0.793296857639386,,False,
2026-02-03 12:56:32+00:00,,63.35484033573823,69211.4390812459,9.537010234291742,,,,6.5431428955854805e-06,,,,,336.6617377393942,-12.056740995908084,658.3262874560114,0.4216182733360615,,,,,,,,,1.1570077350835125e-06,57.66422701744109,,,,,,,,321.3429052319944,,,,,,False,
2026-02-03 12:56:33+00:00,,,69210.02177181601,9.56289158633297,,,,1.157630157710412e-05,,,0.7298846735021326,,349.81614665195843,,517.0638440884314,,1.2105440569512113e-06,,,,12.11252865162931,,,,,2222.224844658089,,,5.769298323331672e-07,,,,,686.8346653420414,,,,,,False,
2026-02-03 12:56:34+00:00,,,69214.91159698114,9.61230442261428,,,,9.395580090332382e-06,,,0.7410402204369143,,,,,,9.774534468787707e-07,,,0.5587779849826605,12.126817544786295,,,,,201.05991621135811,,,1.381391197750071e-06,,2.142566890458892e-06,,,461.55819310074514,,,,,,False,
2026-02-03 12:56:35+00:00,,,,9.604552778139972,318.9700444699119,,,,,,0.7520854030682371,,,,,,7.21361071020094e-07,,,0.5570283367224745,12.152523505396603,,,,,642.3405903190747,7.456080877658631e-07,,4.35039338209386e-06,990.32944186241,2.6147487976109737e-07,,,491.3100232901024,,,,,,False,
2026-02-03 12:56:36+00:00,,,,9.563191639513818,294.6823631577369,,,,,,0.7735308194800843,,,,,,1.198172450231699e-06,,,0.55754929968043,12.130055539316633,672.3542762846399,,,,,4.663120604992797e-06,,3.78796538917918e-06,204.49745362685525,1.1127200513194218e-06,,,1592.135194414094,,,,,,,
2026-02-03 12:56:37+00:00,,,,9.53934869439613,278.4014630914472,,,,,,0.7694278648099415,,,,,,1.0575300279944326e-06,,,0.5799761401541423,12.066585400324596,928.9607963485254,,,,,2.157072442473714e-06,,3.4516273339193912e-06,294.8941629254855,1.9812786463110388e-06,,,,,,,,,,
2026-02-03 12:56:38+00:00,,,,9.542957465043614,301.1550008239514,,,,,,,,,,,,,,,0.5512285369331713,,813.7748474497636,,,,,1.256756729991264e-05,,,2680.9341530245247,3.482199160498421e-07,,,,,,,,0.5173550604572416,,
2026-02-03 12:56:39+00:00,,,,9.529044885152926,279.5631854480399,,,,17812.862622656772,,,,,,,,,,,,,3591.931260786536,,,,,1.47744137315152e-05,,,4638.432828739029,,2644.4656771861496,,,,,,,0.1661351752283322,,
2026-02-03 12:56:40+00:00,,,,9.436892493660638,,,,,2724.1421641022566,,,,,,,,,,,,,106.42148635169532,4.447800614988717e-07,,,,,,,,,301.39982103467975,,,,,,,0.050506325155503386,,True
2026-02-03 12:56:41+00:00,,,,9.37498971794946,,,,,5827.738087254962,,,,,,,,,1,,,,,3.0012464607398703e-06,,,,,,,,,930.140353232282,,,,,,,-0.2681544481027409,,True
2026-02-03 12:56:42+00:00,-11.50065748937418,,,9.427923756017549,,,-12.076765486328208,,2235.149645011992,0.6670954863482546,,,,,,,,1,,,,,1.541949139792079e-06,,,,,,,,,244.69944077602324,5.947997968873877e-07,,,97.94501700434516,,,-0.20667565408681876,,True
2026-02-03 12:56:43+00:00,-11.494414340930872,,,9.470053227340788,,,-12.065330938868325,,5092.160838808285,0.5554178018863137,,,,,,,,1,,,,,5.001801726532127e-06,,,,,,,,,1203.9867446024657,2.094454763748304e-06,,,2882.1097375452905,,,,,True
2026-02-03 12:56:44+00:00,-11.50374695519024,,,9.420595151600647,,,-12.018045132919466,,,0.5904321724250586,,-0.9901148316776912,,,,,,1,,,,,2.455191885179056e-06,,,,,,,,,,1.6041105203208515e-05,,,2439.7848076826704,,,,,True
2026-02-03 12:56:45+00:00,-11.50672905399378,,,9.407831177121642,,,-12.012077227191549,,,0.5274471516876374,,-0.7848546649010617,,,,,,1,,,,,,129.82309674086207,,,,,,,,,1.9357688860067345e-06,,,268.44881186542455,,,,,
2026-02-03 12:56:46+00:00,-11.475876220263125,,,9.423357607344231,,20.518603467594488,-11.991071934311025,,,0.5552748051610116,,-0.7728617844032853,,,,,,,,,,,,1098.4640135339282,,,,,,,,,8.303109251752674e-06,,4.998900100868755e-06,3050.1650053806134,6.366910410120752e-06,,,,
2026-02-03 12:56:47+00:00,,,,9.345983562015869,,12.560226486672493,,,,,,-0.8540638766970599,,,,,,,-11.207841459329256,,,,,156.64589989710194,,,,153.46819075375268,,,,,,,4.957939525951815e-06,,2.053104725500872e-08,-0.9906673437633844,,,
2026-02-03 12:56:48+00:00,,63.799216969235054,,9.34756007220837,,40.13646758244296,,,,,,-0.9325398275764358,,-11.891945522172024,,0.8084075476005717,,,8.095527307710064,,,,,576.8561854512033,5.108658205978959e-06,,,1893.6152782067456,,,,,,,4.967946275875385e-06,,4.659391771816158e-06,-0.9749021697363717,,,
2026-02-03 12:56:49+00:00,,63.9398754695571,,9.36903485812494,,31.10121253780473,,,,,,,345.66379477062424,-12.396522208475204,632.5154869994369,0.210869212829666,,,1.770848776463314,,,,,347.7726690050963,1.367986000481189e-06,,,302.44733533745216,,,,,,,1.0307177933427963e-06,,3.51212761373613e-06,-0.9989624645178837,,,
2026-02-03 12:56:50+00:00,,63.83677848774926,69182.53680955416,9.372878617935545,,0.0,,5.625250683590966e-05,,,,,335.8519340296796,-11.03611477224672,149.689571855702,0.3133040252146661,,,-20.0,,,,,,1.8300002246543908e-05,,,4943.042501230691,,,,,,,1.957829788631605e-05,,1.9785975263765828e-05,-0.9604649906842518,,,
2026-02-03 12:56:51+00:00,,63.9629321805182,69185.32620965602,9.42524169302135,,,,0.0001080776585775,,,,,339.50343595984486,-12.090404160755904,69.51363302723594,0.0145841906828984,,,-17.259962376009756,,,,,,1.4471779669095344e-05,244.38314025751495,,1164.9930703195705,,,,,,,,,,-0.9843377340289331,,False,
2026-02-03 12:56:52+00:00,,64.00657512832252,69183.31891448643,9.417874273389002,,,,9.910710382776878e-06,,,,,342.65296568404585,-11.52639158718975,493.6608010638421,0.2252659962463682,,,,,,,,,2.638134478356012e-06,536.74401521854,,,,,,,,514.5314974440995,,,,,,False,
2026-02-03 12:56:53+00:00,,,69180.4263948312,9.425209262426126,,,,1.5183795198711342e-05,,,0.7500821499330125,,335.93546944227603,,392.7084227083743,,1.6109769848020234e-06,,,,12.073694036325216,,,,,409.647983386153,,,2.83652084548293e-06,,,,,276.20929384283454,,,,,,False,
2026-02-03 12:56:54+00:00,,,69176.37546334292,9.451871829550766,,,,2.0360618340810414e-05,,,0.7830305418231138,,,,,,2.154136102137361e-06,,,0.508628215644764,12.16119064620926,,,,,2462.677745511888,,,2.977152157760004e-06,,8.286114416019534e-06,,,2539.875542746256,,,,,,False,
2026-02-03 12:56:55+00:00,,,,9.413498820202811,275.8819683567375,,,,,,0.7288210419372649,,,,,,6.874973590509827e-07,,,0.5107243912085334,12.170136832142504,,,,,840.441908936407,5.6439375926107374e-08,,3.9402741670590083e-07,769.716753699171,1.961283512347006e-06,,,820.1447050776228,,,,,,False,
2026-02-03 12:56:56+00:00,,,,9.349596543202871,268.51664094865674,,,,,,0.7753469974003754,,,,,,8.464475781145794e-07,,,0.5064971853709879,12.08348847685308,47.77644338223977,,,,,1.4346756843914591e-06,,3.792089566403115e-06,116.35925467140362,4.874410036692912e-07,,,376.50200922367134,,,,,,,
2026-02-03 12:56:57+00:00,,,,9.399191509213107,286.61367674931324,,,,,,0.7516256273702735,,,,,,6.154272827737474e-06,,,0.5462568877143401,12.180892597903478,2716.365157860654,,,,,9.809304408465972e-06,,2.62350664565045e-05,864.5341093150107,7.291469186788899e-06,,,,,,,,,,
2026-02-03 12:56:58+00:00,,,,9.407693693819311,297.4982968636974,,,,,,,,,,,,,,,0.5491663644338028,,904.8460948676736,,,,,1.2115520281809102e-06,,,138.32653456297552,5.426693677693207e-06,,,,,,,,0.4617222463359064,,
2026-02-03 12:56:59+00:00,,,,9.42115276781544,306.3988314252313,,,,11573.216065274692,,,,,,,,,,,,,845.6393361813189,,,,,3.6031612682205616e-06,,,5900.288662836782,,4468.458968977783,,,,,,,0.5934024702871303,,
2026-02-03 12:57:00+00:00,,,,9.39189060887158,,,,,15583.252480425814,,,,,,,,,,,,,4115.509744202428,4.257547620983026e-05,,,,,,,,,2895.758768252946,,,,,,,0.5653695159252156,,True
2026-02-03 12:57:01+00:00,,,,9.382270635576228,,,,,2375.323024533143,,,,,,,,,1,,,,,2.9575050790060164e-06,,,,,,,,,190.4640702781038,,,,,,,0.44747758579526326,,True
2026-02-03 12:57:02+00:00,-11.323999345791997,,,9.43881911187646,,,-11.95920832514341,,17932.67348744512,0.5787125314519133,,,,,,,,1,,,,,3.892762612646781e-05,,,,,,,,,3680.342734302093,8.049936414185873e-06,,,4165.658356617672,,,0.5551115621311582,,True
2026-02-03 12:57:03+00:00,-11.321922665220487,,,9.444909957438854,,,-11.96334304085414,,3047.118854866765,0.6688468948006201,,,,,,,,1,,,,,2.903528190563343e-06,,,,,,,,,1692.754265777069,3.915722286229086e-07,,,545.1307602399361,,,,,True
2026-02-03 12:57:04+00:00,-11.358013969522426,,,9.45923333406403,,,-11.948218262797417,,,0.7131151175507282,,-0.5032217965927956,,,,,,1,,,,,1.7575015830451602e-06,,,,,,,,,,1.6587181273366865e-07,,,161.89133816206595,,,,,True
2026-02-03 12:57:05+00:00,-11.341813482019578,,,9.459201186666318,,,-11.94865227575306,,,0.6707781098204871,,-0.9542370893933216,,,,,,1,,,,,,2180.8414023004584,,,,,,,,,7.7148822512271e-06,,,541.4333932738252,,,,,
2026-02-03 12:57:06+00:00,-11.34322510566013,,,9.436337072485903,,27.59016002918118,-11.95374657036936,,,0.5955978226091205,,-0.59913281150871,,,,,,,,,,,,409.2211920419213,,,,,,,,,9.673011919545932e-07,,2.464236915337042e-06,120.50744144668909,6.6579428283424175e-06,,,,
2026-02-03 12:57:07+00:00,,,,9.392162172430236,,67.31428666498195,,,,,,-0.8806455357537573,,,,,,,27.12000066548736,,,,,5928.719284017161,,,,1070.4958806988643,,,,,,,6.710225925387757e-06,,1.7126657959152685e-05,-0.4902023575620722,,,
2026-02-03 12:57:08+00:00,,64.48810849055785,,9.381410485857884,,0.0,,,,,,-0.5827282766164703,,-12.541215834572132,,0.1741977554411326,,,-20.0,,,,,425.9410974781622,3.090056773772166e-06,,,468.9584175103757,,,,,,,9.415798920529494e-07,,6.811935732596698e-07,-0.7373918330180893,,,
2026-02-03 12:57:09+00:00,,64.47563885340942,,9.360538910548708,,0.0,,,,,,,337.89741684173435,-11.045381163351028,94.23850392566987,0.2488513978841747,,,-20.0,,,,,19087.780872190044,7.035397870663403e-05,,,13383.677966163494,,,,,,,2.8707036031816228e-05,,3.930535914630653e-05,-0.8684486484552426,,,
2026-02-03 12:57:10+00:00,,64.4655263807629,69205.7839650527,9.375314961418928,,0.0,,3.0369088960345756e-05,,,,,349.30068469572086,-11.873878632280428,205.7205759389491,0.2751112185817427,,,-20.0,,,,,,2.237099599700819e-06,,,6247.015984532557,,,,,,,2.20820929423794e-05,,3.598374674913623e-07,-0.9570613422309794,,,
2026-02-03 12:57:11+00:00,,64.21662133007707,69204.79997562224,9.309124671089016,,,,3.570916325227079e-05,,,,,344.8462355349363,-12.240283842782883,199.96067881955813,0.3211243671006375,,,-20.0,,,,,,2.6408645823239016e-05,437.5043256636988,,348.97876339573725,,,,,,,,,,-0.9763275828154014,,False,
2026-02-03 12:57:12+00:00,,64.25007208053697,69202.44264958789,9.34328721079136,,,,2.524154278317536e-05,,,,,327.1056752667622,-11.757609297907385,265.46517134275047,0.4963033711086462,,,,,,,,,3.298757746940817e-07,2351.84754588685,,,,,,,,725.5304934306984,,,,,,False,
2026-02-03 12:57:13+00:00,,,69204.4236565908,9.351803951742449,,,,7.601489511160479e-06,,,0.7760609281945589,,328.3334837930473,,620.8650979577138,,8.12836705130474e-07,,,,12.002299694998849,,,,,520.8356060604353,,,7.346322476253496e-07,,,,,847.5149214062368,,,,,,False,
2026-02-03 12:57:14+00:00,,,69204.84203399441,9.327741867574789,,,,1.690107293601815e-05,,,0.8052527714014447,,,,,,1.811914735201868e-06,,,0.4661687378300931,11.948138884408362,,,,,274.2297030091589,,,1.4245354480873104e-06,,1.12813441760897e-06,,,2693.058579079476,,,,,,False,
2026-02-03 12:57:15+00:00,,,,9.292950602202508,229.6320088597832,,,,,,0.7546339962084233,,,,,,1.849013991030812e-06,,,0.4463733269249888,11.900006487755938,,,,,1067.1528020414426,7.139968853062004e-06,,1.9985739852308806e-06,1003.6957958910954,3.5691818166405595e-06,,,1402.6400288542752,,,,,,False,
2026-02-03 12:57:16+00:00,,,,9.27498331452292,231.6539664384076,,,,,,0.7656476498165663,,,,,,8.768433541477265e-07,,,0.4483718029561018,11.857843681974543,538.4621782704297,,,,,1.4085469876792914e-06,,1.7216078852657565e-06,41.59787802243984,1.7430328832928865e-07,,,1047.1413607297343,,,,,,,
2026-02-03 12:57:17+00:00,,,,9.297689508023527,216.9825892213483,,,,,,0.7388763306027666,,,,,,7.569330875846559e-06,,,0.4209073373854446,11.871747934653564,4604.806157713398,,,,,1.177890211719171e-05,,1.574406034605277e-05,12318.200971217511,5.165052754127139e-05,,,,,,,,,,
2026-02-03 12:57:18+00:00,,,,9.345322558722804,230.26488142305263,,,,,,,,,,,,,,,0.3937990991702458,,30272.418295656928,,,,,8.962715986429643e-05,,,8499.348804881582,3.512922598982619e-05,,,,,,,,-0.639239289256613,,
2026-02-03 12:57:19+00:00,,,,9.355188888958471,222.48956319975025,,,,1583.8445437166072,,,,,,,,,,,,,169.3717372863664,,,,,1.4040999618137345e-07,,,746.1557049610756,,13.373464731421468,,,,,,,-0.7374003877440319,,
2026-02-03 12:57:20+00:00,,,,9.289213391189584,,,,,1400.2722486813557,,,,,,,,,,,,,511.4968747139404,8.776012597681939e-07,,,,,,,,,582.1592038558697,,,,,,,-0.9106438282646021,,True
2026-02-03 12:57:21+00:00,,,,9.26455465629262,,,,,2099.906104365132,,,,,,,,,1,,,,,2.6272769650246093e-06,,,,,,,,,1881.2198749878744,,,,,,,-0.9862537351709735,,True
2026-02-03 12:57:22+00:00,-11.38308058935153,,,9.240997075297944,,,-11.868201651537966,,5320.8667550102455,0.6089905578693012,,,,,,,,1,,,,,4.494298604338124e-06,,,,,,,,,2571.50736939249,1.724980058133282e-06,,,324.622979455114,,,-0.9251825334968211,,True
2026-02-03 12:57:23+00:00,-11.348543385995509,,,9.250613266589538,,,-11.890327693953829,,9999.393177300355,0.5840446331908863,,,,,,,,1,,,,,4.105156500717861e-06,,,,,,,,,3468.363474245367,3.103886166314232e-05,,,171.2344925052269,,,,,True
2026-02-03 12:57:24+00:00,-11.372093895103076,,,9.228010442510692,,,-11.870667434512306,,,0.6034248700383681,,-0.8479797146383918,,,,,,1,,,,,1.6084960500748589e-06,,,,,,,,,,1.9675517170722973e-06,,,1157.3447823351942,,,,,True
2026-02-03 12:57:25+00:00,-11.36804684063588,,,9.22896032169924,,,-11.863989326234458,,,0.6208420423091672,,-0.2205698459966731,,,,,,1,,,,,,168.04517903666587,,,,,,,,,1.815855408119269e-06,,,5179.007813085382,,,,,
2026-02-03 12:57:26+00:00,-11.36864445177391,,,9.270360323446535,,0.0,-11.8567820540982,,,0.7297143633230515,,-0.7389744726125417,,,,,,,,,,,,331.8647692700546,,,,,,,,,2.918601390402998e-06,,1.2997543199925e-07,67.76952593545862,2.2107003795282043e-06,,,,
2026-02-03 12:57:27+00:00,,,,9.226189453400508,,4.060686802153142,,,,,,-0.4574900221902311,,,,,,,-17.1575192384928,,,,,1169.1659783947132,,,,842.1212966575292,,,,,,,1.7781891329035378e-06,,3.3940301579131422e-06,0.08079967156308737,,,
2026-02-03 12:57:28+00:00,,64.13608586439744,,9.194309742575054,,28.427675705944043,,,,,,-0.6789370870728042,,-12.076242853529582,,0.3036001833820132,,,-0.100627005839172,,,,,3810.212296775148,7.948422128092009e-06,,,550.8111480164092,,,,,,,2.7570619512702666e-06,,1.5018880740021844e-06,-0.14076766489735898,,,
2026-02-03 12:57:29+00:00,,64.49809538747101,,9.185590369542188,,0.0,,,,,,,340.7247510075631,-11.163389068069565,51.00403078892338,1.0153394670720224,,,-20.0,,,,,1800.5584428368973,3.595222950379832e-05,,,3134.9064978387496,,,,,,,6.790256286973938e-06,,2.064234347993384e-05,-0.443634399522321,,,
2026-02-03 12:57:30+00:00,,64.470910973518,69203.25411004563,9.206543482374114,,0.0,,3.7126539678020687e-06,,,,,341.9557368194098,-10.92689254860574,1038.9616426983157,0.2428659382313205,,,-20.0,,,,,,1.461335612243674e-06,,,129.3108278749401,,,,,,,6.505469277147433e-08,,1.3195298638876436e-06,-0.27109054741408767,,,
2026-02-03 12:57:31+00:00,,64.48447431472566,69205.32010070882,9.143802348607698,,,,6.186576377609285e-06,,,,,336.84510895988683,-11.153748097085977,690.31971909718,0.3749143250241463,,,-7.195779622065743,,,,,,3.75182957218644e-07,977.0342950967438,,227.87550867672377,,,,,,,,,,-0.19734425731873523,,False,
2026-02-03 12:57:32+00:00,,64.88674006549414,69203.6177770453,9.168749255655577,,,,1.0973460426832514e-05,,,,,334.5799029808935,-11.840426520109212,552.6914269626436,0.1695619754519534,,,,,,,,,9.609969389294976e-07,19.22208685813748,,,,,,,,168.43033078540705,,,,,,False,
2026-02-03 12:57:33+00:00,,,69201.915759648,9.148917901559631,,,,7.049954679200283e-06,,,0.705448509688197,,318.5145247012584,,575.1688344103507,,7.705779803749759e-07,,,,11.828598578026815,,,,,698.5510983368388,,,1.3304906714159774e-06,,,,,908.2161269161128,,,,,,False,
2026-02-03 12:57:34+00:00,,,69206.62777055493,9.15139157056527,,,,6.275731815495528e-06,,,0.7153111370953446,,,,,,6.857680350692156e-07,,,0.4190706851513777,11.858628255905863,,,,,1038.7608509556562,,,3.072361553010875e-06,,1.7058428950275926e-06,,,976.6005554220752,,,,,,False,
2026-02-03 12:57:35+00:00,,,,9.106908517937295,188.70425568490933,,,,,,0.7350030473106639,,,,,,9.109765220789584e-07,,,0.4159426782955976,11.814331541942371,,,,,478.37509716799735,1.714133412724192e-06,,2.2654927530925223e-06,386.8724855857395,5.683755211841906e-07,,,43.78651124050085,,,,,,False,
2026-02-03 12:57:36+00:00,,,,9.145875793618163,195.51342033262648,,,,,,0.6977348350143056,,,,,,1.2596328937791657e-05,,,0.4473980142827217,11.895083147750755,15559.03313367576,,,,,9.643956430562576e-05,,7.0245778961125486e-06,5838.728206963959,7.512827320123484e-06,,,5989.198653035914,,,,,,,
2026-02-03 12:57:37+00:00,,,,9.132596833597765,185.1497516501445,,,,,,0.7331101959863363,,,,,,4.416690777888957e-07,,,0.395876445057455,11.88600450324811,289.5682717790019,,,,,5.113816869582381e-07,,2.9720663747773163e-06,16.40951427893605,9.720927082587266e-07,,,,,,,,,,
2026-02-03 12:57:38+00:00,,,,9.131635281365307,179.2115296077607,,,,,,,,,,,,,,,0.4087276634122558,,583.601191035151,,,,,2.101338171584453e-05,,,2895.0694025834573,3.661785779298502e-07,,,,,,,,-0.9999053133687801,,
2026-02-03 12:57:39+00:00,,,,9.118192463223194,166.99029811704202,,,,13738.067280014671,,,,,,,,,,,,,4425.591893240846,,,,,3.84667557412792e-05,,,889.3096908775722,,11914.578752141377,,,,,,,-0.9743319598992395,,
2026-02-03 12:57:40+00:00,,,,9.16349702640473,,,,,8525.8679000468,,,,,,,,,,,,,1205.4158200093766,2.2074979358165775e-05,,,,,,,,,4508.594457907342,,,,,,,-0.9991447232938204,,True
2026-02-03 12:57:41+00:00,,,,9.214336501635357,,,,,10492.262222002928,,,,,,,,,1,,,,,1.718635981052946e-05,,,,,,,,,1288.0887621680783,,,,,,,-0.9938180375996224,,True
2026-02-03 12:57:42+00:00,-11.372211808271542,,,9.193950560477443,,,-11.867652017889425,,1427.799147176503,0.5686829432247824,,,,,,,,1,,,,,8.618544113649478e-08,,,,,,,,,165.47227486667126,1.6134562706249183e-06,,,817.1199295566232,,,-0.828401075580108,,True
2026-02-03 12:57:43+00:00,-11.359877297359253,,,9.227373000301554,,,-11.832758359547434,,1541.6382664047355,0.576111285964881,,,,,,,,1,,,,,2.123521423469431e-06,,,,,,,,,784.5262796391064,7.376684254526573e-07,,,52.825465485505056,,,,,True
2026-02-03 12:57:44+00:00,-11.331674436088338,,,9.19840728871426,,,-11.82102925106787,,,0.6597921369752074,,-0.4719493727000566,,,,,,1,,,,,1.8854994754547343e-05,,,,,,,,,,2.764832637284199e-06,,,2959.809825588448,,,,,True
2026-02-03 12:57:45+00:00,-11.362223072667058,,,9.180012840286906,,,-11.7989104250057,,,0.5932339860831272,,-0.5804367985412819,,,,,,1,,,,,,194.64186857447388,,,,,,,,,2.233633753391748e-06,,,858.8193731396552,,,,,
2026-02-03 12:57:46+00:00,-11.385363635166344,,,9.198620167325943,,14.210596400480044,-11.807222721972265,,,0.5675754397670225,,-0.6551477550885831,,,,,,,,,,,,492.5541666912381,,,,,,,,,3.858412267746773e-06,,5.275599474127427e-07,58.37736976172638,9.499240504176212e-07,,,,
2026-02-03 12:57:47+00:00,,,,9.211936474417705,,24.753384145723103,,,,,,-0.8084507584691506,,,,,,,-2.672631097993829,,,,,583.3395917365368,,,,265.54314614851734,,,,,,,3.644680132674391e-07,,1.772280105790752e-06,0.7648364385400878,,,
2026-02-03 12:57:48+00:00,,66.28913515289211,,9.149215268689815,,0.0,,,,,,-0.5222326784481731,,-11.222803995730017,,0.0298207560767858,,,-20.0,,,,,711.120037568414,8.722138782246832e-06,,,178.51731759067766,,,,,,,5.942277580253403e-06,,1.5611242074187536e-06,0.7954193994530885,,,
2026-02-03 12:57:49+00:00,,66.21753700161688,,9.15914861083976,,0.0,,,,,,,329.3907875804495,-11.50289929018649,714.5878562949574,0.0408200830459584,,,-20.0,,,,,50.71399223783052,1.6625645880454864e-06,,,594.6490396215756,,,,,,,1.4501755425809823e-06,,2.880950981217175e-06,0.733167295876409,,,
2026-02-03 12:57:50+00:00,,66.05554854090013,69213.84588900203,9.15539584724662,,0.0,,4.163152943083453e-06,,,,,338.15675103575137,-11.86681508522658,948.387632346189,0.2712399080526687,,,-20.0,,,,,,2.7483975318262856e-07,,,17.183668644512004,,,,,,,1.1598210944812851e-06,,8.884993747008142e-07,0.6354923351479657,,,
2026-02-03 12:57:51+00:00,,65.86645052696306,69214.81758168213,9.14007814133214,,,,5.820061102265019e-06,,,,,340.0950735281424,-11.74009120111752,761.377404967433,0.5646367952993641,,,-20.0,,,,,,6.501002481762071e-07,214.50837870042488,,633.9892384447238,,,,,,,,,,0.32317189560410325,,False,
2026-02-03 12:57:52+00:00,,66.16574966679525,69214.55394517469,9.133357583464754,,,,1.8994019739053475e-05,,,,,338.4117439864657,-12.0875037958222,252.421673134048,0.6963486852651143,,,,,,,,,7.765994819259415e-06,241.8804869658439,,,,,,,,439.2771452854464,,,,,,False,
2026-02-03 12:57:53+00:00,,,69214.50915009472,9.157895237390967,,,,5.45574983905395e-06,,,0.7704842690242446,,341.62985348737624,,706.6532043772152,,5.95742765955495e-07,,,,12.125102403989196,,,,,424.9659913869239,,,3.721812940999996e-07,,,,,211.44216461788625,,,,,,False,
2026-02-03 12:57:54+00:00,,,69214.21664718952,9.122200619766105,,,,3.864006299413805e-06,,,0.7245700156426729,,,,,,4.235826924307305e-07,,,0.4127937825577665,12.103141600040397,,,,,352.9255029591739,,,1.556130350028043e-06,,2.5162321674066487e-06,,,433.2247877561237,,,,,,False,
2026-02-03 12:57:55+00:00,,,,9.097820195555425,144.6107856838148,,,,,,0.6962708883400309,,,,,,1.1170917524613132e-05,,,0.4312028198094164,12.067275212119169,,,,,1315.1036643493337,3.826622915132137e-05,,4.656886139159048e-05,7009.502846151287,1.3506995877559777e-05,,,1309.466830559861,,,,,,False,
2026-02-03 12:57:56+00:00,,,,9.088613098486794,145.3520610510541,,,,,,0.726574039848581,,,,,,5.553956256714391e-07,,,0.4152613574888539,12.07749931701651,586.7648395733427,,,,,8.876021114306249e-07,,8.502000647000211e-07,229.6938250468765,9.903378120235744e-07,,,12.857462004675233,,,,,,,
2026-02-03 12:57:57+00:00,,,,9.135159271272215,140.7979885099923,,,,,,0.7831390781058675,,,,,,7.538822288261586e-06,,,0.4412766939624841,12.1621698660919,4764.410047733629,,,,,1.0644372446999628e-05,,2.100658404531884e-05,6522.132849779835,2.071622120750016e-05,,,,,,,,,,
2026-02-03 12:57:58+00:00,,,,9.129041184410209,149.96559170864165,,,,,,,,,,,,,,,0.4307675287132352,,340.9298225846689,,,,,3.5724375376142497e-07,,,342.95367288985733,3.844434953367381e-06,,,,,,,,-0.8657249786511599,,
2026-02-03 12:57:59+00:00,,,,9.104042448593251,163.40538746501068,,,,18687.06436769911,,,,,,,,,,,,,5281.989841454905,,,,,1.9596142575075644e-05,,,11139.044722200037,,370.0054898380362,,,,,,,-0.9583494332209022,,
2026-02-03 12:58:00+00:00,,,,9.14348261953588,,,,,32798.696702928435,,,,,,,,,,,,,5023.129203681013,6.700744496835501e-07,,,,,,,,,3293.6410152117896,,,,,,,-0.892078931762622,,True
2026-02-03 12:58:01+00:00,,,,9.125310586671574,,,,,3193.309404150619,,,,,,,,,1,,,,,8.920334700750572e-06,,,,,,,,,623.2732736177038,,,,,,,-0.6633572687089939,,True
2026-02-03 12:58:02+00:00,-11.296076153548007,,,9.08442750169395,,,-11.727407589003496,,9243.167343024705,0.5863037845861013,,,,,,,,1,,,,,1.412439676136173e-05,,,,,,,,,2895.9870913208915,2.977704189621176e-06,,,911.922673279333,,,-0.7689357226932724,,True
2026-02-03 12:58:03+00:00,-11.3558487587744,,,9.07823481664941,,,-11.722196212614362,,9822.850731367324,0.6028149106123972,,,,,,,,1,,,,,1.115692722333274e-05,,,,,,,,,3099.5339576663296,3.347613540758501e-06,,,610.8141432690862,,,,,True
2026-02-03 12:58:04+00:00,-11.350047946716822,,,9.003672081890166,,,-11.689640697015852,,,0.5785014373312969,,-0.6818126696561333,,,,,,1,,,,,1.3601476729447645e-06,,,,,,,,,,3.2619358552605166e-08,,,24.440678652895475,,,,,True
2026-02-03 12:58:05+00:00,-11.339601042869347,,,8.991269533222098,,,-11.674479123252237,,,0.6093724394080228,,-0.1005717446718712,,,,,,1,,,,,,371.72537997105593,,,,,,,,,1.5718325655387142e-06,,,342.3614129596351,,,,,
2026-02-03 12:58:06+00:00,-11.342193028564765,,,8.99377271726956,,0.9528851201851956,-11.685793879892158,,,0.5984124245908266,,-0.8531420395412683,,,,,,,,,,,,323.09674882256803,,,,,,,,,4.662890382489469e-06,,6.232505152644542e-07,482.9638247052514,2.0043810549641257e-07,,,,
2026-02-03 12:58:07+00:00,,,,9.025068247141526,,0.0,,,,,,-0.7080853518477506,,,,,,,-20.0,,,,,490.2264232952814,,,,3566.3336268038875,,,,,,,9.404774144809338e-06,,9.079297096044446e-06,0.9584308791446154,,,
2026-02-03 12:58:08+00:00,,66.13422701611461,,9.087231460706876,,21.11344867755296,,,,,,-0.4566357843175758,,-11.35780535504892,,0.4309561856699783,,,-5.22058592571293,,,,,495.1516852990396,5.934830576130604e-06,,,2907.878922352216,,,,,,,5.050032875528621e-07,,2.79214672079992e-06,0.906247252289211,,,
2026-02-03 12:58:09+00:00,,66.42158610374858,,9.0744053010093,,0.0,,,,,,,345.67682856392344,-11.985728302621157,375.6409453243076,0.0910019490814492,,,-20.0,,,,,178.09062482604796,2.3136798227664014e-07,,,449.2598004456551,,,,,,,4.904991850315434e-06,,7.64079853134084e-08,0.9626157199260951,,,
2026-02-03 12:58:10+00:00,,66.32836453542687,69211.87131950972,9.124246907209171,,62.6344029951342,,5.079971182370704e-06,,,,,335.5717265344762,-11.798221571765048,800.550189312625,0.1269800101037625,,,23.844082096593937,,,,,,5.297761857797128e-07,,,232.39621818916103,,,,,,,1.099260861558935e-06,,3.408101038925652e-06,0.9338688853751237,,,
2026-02-03 12:58:11+00:00,,66.32222158226128,69216.3587619095,9.166996722319167,,,,6.112940524131478e-06,,,,,348.2005544516202,-12.08861085909471,705.9779548495677,0.2953817777841035,,,-19.42683547911738,,,,,,8.745759740223796e-07,11.996426314385833,,1012.1983413089134,,,,,,,,,,0.9673625389823157,,False,
2026-02-03 12:58:12+00:00,,66.45435354004447,69216.68222672537,9.232800025024693,,,,2.323142565967269e-05,,,,,351.35302638542527,-11.732759424329016,194.0604044809914,0.0160778246641713,,,,,,,,,5.979461413195941e-06,1264.9275631098285,,,,,,,,197.6668032892108,,,,,,False,
2026-02-03 12:58:13+00:00,,,69218.05611429976,9.256308487594389,,,,2.204649805731648e-06,,,0.6925545135121312,,325.7519570003883,,1168.026572150091,,2.381780824057877e-07,,,,12.327408755784164,,,,,64.45738786575052,,,2.2380537975533447e-07,,,,,322.9576510822352,,,,,,False,
2026-02-03 12:58:14+00:00,,,69216.96368266869,9.2464572585632,,,,5.2573148325791577e-05,,,0.7807034687698344,,,,,,5.685761244081161e-06,,,0.356376715403319,12.313527480654392,,,,,4117.160281710786,,,2.908815540184712e-05,,1.716035700625769e-05,,,2177.855242144037,,,,,,False,
2026-02-03 12:58:15+00:00,,,,9.24983963322778,111.8507503165903,,,,,,0.7711230507642872,,,,,,1.132118159826562e-06,,,0.3685406728889726,12.35711541659288,,,,,327.7661556339847,8.361851767142712e-07,,5.523338232298589e-08,315.98647475323884,5.142856934066842e-06,,,372.6204389406006,,,,,,False,
2026-02-03 12:58:16+00:00,,,,9.304045370166802,117.86925759695686,,,,,,0.7422285378278004,,,,,,5.472676163214269e-06,,,0.376231333888427,12.415459994402454,2600.5703403520906,,,,,6.539694947007832e-07,,1.2482531182510936e-05,1325.9140500825708,3.055996710087375e-07,,,5293.5805259931785,,,,,,,
2026-02-03 12:58:17+00:00,,,,9.353458417573531,117.80494090977868,,,,,,0.7625411021615425,,,,,,9.303068084225028e-07,,,0.4533373335387137,12.455422367282823,338.9472473289812,,,,,9.996560195404434e-07,,2.909744402364362e-06,1047.835532604358,4.126094870358076e-06,,,,,,,,,,
2026-02-03 12:58:18+00:00,,,,9.39883743330001,151.230783964752,,,,,,,,,,,,,,,0.4278939438199589,,698.2784327655414,,,,,7.271935470350586e-07,,,907.3759362443644,2.321167137442191e-06,,,,,,,,-0.8765653909058116,,
2026-02-03 12:58:19+00:00,,,,9.39664510087285,161.7204073490806,,,,2400.8461050260835,,,,,,,,,,,,,963.4759153647952,,,,,8.78051779802174e-06,,,72.3218442329469,,571.6568066044532,,,,,,,-0.9495372538160178,,
2026-02-03 12:58:20+00:00,,,,9.409675093565482,,,,,2093.22470168144,,,,,,,,,,,,,670.6178644401871,6.22709645721333e-07,,,,,,,,,257.2911115271215,,,,,,,-0.8640198119056514,,True
2026-02-03 12:58:21+00:00,,,,9.428206659164582,,,,,2155.432690939921,,,,,,,,,1,,,,,2.4279589219878994e-06,,,,,,,,,12.687978850064022,,,,,,,-0.7990179752437385,,True
2026-02-03 12:58:22+00:00,-11.249943446830114,,,9.387881640195376,,,-11.679012775991088,,1568.7635294973504,0.6871186248248197,,,,,,,,1,,,,,1.027282654904006e-06,,,,,,,,,561.4106921832098,3.353346363007968e-06,,,515.829991420298,,,-0.7727159246498005,,True
2026-02-03 12:58:23+00:00,-11.241020660447372,,,9.441455753703048,,,-11.7027467429636,,1777.486649778702,0.592097798537992,,,,,,,,1,,,,,2.5924311592365437e-06,,,,,,,,,40.79056274849061,1.9862855994209973e-06,,,688.9059188457072,,,,,True
2026-02-03 12:58:24+00:00,-11.23919456715084,,,9.470202509389084,,,-11.706634920420676,,,0.6400381343944829,,-0.5425220622703171,,,,,,1,,,,,7.426802199088023e-06,,,,,,,,,,1.951519175025588e-05,,,3992.109913659698,,,,,True
2026-02-03 12:58:25+00:00,-11.250744086324874,,,9.471496018058096,,,-11.71102721420461,,,0.6198440517612922,,-0.6703549132881902,,,,,,1,,,,,,4159.249132785569,,,,,,,,,4.443737210323964e-06,,,6482.004229462403,,,,,
2026-02-03 12:58:26+00:00,-11.24709298998772,,,9.48406802968688,,0.0,-11.697316530449427,,,0.6093309919134038,,-1.1821080297068085,,,,,,,,,,,,2161.0212160759124,,,,,,,,,3.359560263215917e-07,,3.999825145454971e-06,612.4608086582715,7.937786763959729e-06,,,,
2026-02-03 12:58:27+00:00,,,,9.486775134866106,,9.175101462539402,,,,,,-0.8249086183750891,,,,,,,-13.577428976222418,,,,,1529.6267254164356,,,,16909.95666738613,,,,,,,3.096821890346108e-06,,5.649523350865795e-05,0.8974557439246145,,,
2026-02-03 12:58:28+00:00,,67.39636645597656,,9.531263578730467,,43.44167893383934,,,,,,-0.8128787721290386,,-12.29688727615606,,0.0384461122409412,,,10.409175253687536,,,,,9169.096305011388,6.9754660703975e-06,,,19204.79767008815,,,,,,,7.640638607028808e-05,,9.41181435284794e-06,0.9832487431515765,,,
2026-02-03 12:58:29+00:00,,67.39799632644318,,9.53325638339721,,0.0,,,,,,,343.850212716227,-12.38451847856468,530.7817904233996,0.0424655297276358,,,-20.0,,,,,764.1087241501947,2.799538295073701e-06,,,531.4082465030782,,,,,,,4.842972712027608e-06,,1.9136016327060945e-06,0.9712988240076812,,,
2026-02-03 12:58:30+00:00,,67.51389751294575,69210.12072812463,9.488307421244068,,11.02966487669709,,7.217339476938926e-05,,,,,339.93237558400045,-11.45963214881056,10.0,0.1492293409230694,,,-12.279234586312036,,,,,,2.952377345497428e-05,,,4952.251479476692,,,,,,,4.69447698478078e-05,,1.175160340503719e-05,0.9661282605477199,,,
2026-02-03 12:58:31+00:00,,67.42685033250878,69216.40687265173,9.515336776864004,,,,1.5751596990884925e-05,,,,,347.2952743260536,-11.470481618422246,410.8196854590493,0.5278465711946309,,,14.880708938303036,,,,,,8.48983977882615e-06,2288.1303254227623,,288.93386871012353,,,,,,,,,,0.8653529736895273,,False,
2026-02-03 12:58:32+00:00,,67.21223281798929,69216.88212672286,9.56886298220224,,,,3.0109590059703476e-05,,,,,355.1944517864712,-11.145842084667992,149.62443132789545,0.0035945695615934,,,,,,,,,1.1063463578071854e-06,3425.8493840773403,,,,,,,,4087.552082376486,,,,,,False,
2026-02-03 12:58:33+00:00,,,69220.27135978399,9.54558080161719,,,,4.293618893627355e-05,,,0.7552543248681535,,336.3472505619971,,152.42892944007158,,4.498017441641624e-06,,,,12.8562491077418,,,,,7363.861439305723,,,7.336557406047177e-06,,,,,3109.19264978538,,,,,,False,
2026-02-03 12:58:34+00:00,,,69216.25332748708,9.571306796014373,,,,1.1031498130551596e-05,,,0.793750664148353,,,,,,1.1525592445898055e-06,,,0.4110840630725043,12.890572976554884,,,,,1686.2242494389927,,,2.7685335029454806e-06,,4.930204799106561e-06,,,1063.1366118381454,,,,,,False,
2026-02-03 12:58:35+00:00,,,,9.546040764665062,92.01932472889332,,,,,,0.7586572855633301,,,,,,1.29595252731597e-06,,,0.4050747903940624,12.883762691956974,,,,,1134.8682801388663,5.0620758565417325e-06,,2.843862783699473e-07,882.508839855341,5.196180322218556e-06,,,459.79044638362,,,,,,False,
2026-02-03 12:58:36+00:00,,,,9.549634040142925,97.24157109698236,,,,,,0.767455038253451,,,,,,1.4498797280562416e-05,,,0.4343282977342623,12.824866921823444,5943.925490922108,,,,,4.147887376043912e-05,,2.2304473439300285e-08,5654.889369099549,3.427840675096758e-05,,,8745.430828158922,,,,,,,
2026-02-03 12:58:37+00:00,,,,9.484117992714337,107.65492654570174,,,,,,0.8286737841700931,,,,,,1.2083060268585682e-06,,,0.4623504511648352,12.773175955799765,279.3485881388325,,,,,3.889941592199074e-06,,2.1748617700993533e-06,325.4239074991932,8.132091805051795e-06,,,,,,,,,,
2026-02-03 12:58:38+00:00,,,,9.505350689777108,133.60842101037284,,,,,,,,,,,,,,,0.4880460043128271,,107.77997413891484,,,,,2.551283778116951e-05,,,2970.8998942478142,2.585026318980383e-05,,,,,,,,-0.6897259709808375,,
2026-02-03 12:58:39+00:00,,,,9.5175228449689,152.05484247282345,,,,13075.624127337058,,,,,,,,,,,,,180.81071768520204,,,,,3.212268916054651e-06,,,9244.121583523842,,2161.0303055872096,,,,,,,-0.8833965579117287,,
2026-02-03 12:58:40+00:00,,,,9.530988392264453,,,,,6799.975262093803,,,,,,,,,,,,,1490.7325497716747,5.223060587228136e-06,,,,,,,,,1314.778062555997,,,,,,,-0.898299891941972,,True
2026-02-03 12:58:41+00:00,,,,9.524701529924602,,,,,4051.94208075948,,,,,,,,,1,,,,,4.794515744807698e-06,,,,,,,,,709.5739543084442,,,,,,,-0.747999610389741,,True
2026-02-03 12:58:42+00:00,-11.187182638200715,,,9.587013425788774,,,-11.69368276635818,,9383.755212682643,0.700494197618629,,,,,,,,1,,,,,1.2422713157827604e-05,,,,,,,,,2973.606030451483,1.523696450512908e-05,,,842.120080936091,,,-0.8023087093932345,,True
2026-02-03 12:58:43+00:00,-11.153257019666778,,,9.566244753828084,,,-11.692176178661605,,2556.5974242382995,0.6325632799929871,,,,,,,,1,,,,,3.948353450665991e-06,,,,,,,,,1005.3764993401612,5.813488832622746e-07,,,1066.1543141926911,,,,,True
2026-02-03 12:58:44+00:00,-11.114110307937306,,,9.548520803262532,,,-11.698557932265528,,,0.6252766199743103,,-0.7099929316797378,,,,,,1,,,,,6.1484334473375055e-06,,,,,,,,,,9.88652878606001e-07,,,631.7920702979997,,,,,True
2026-02-03 12:58:45+00:00,-11.169220220833052,,,9.541534908060502,,,-11.721189270457993,,,0.5860233970764144,,-0.2531945280992388,,,,,,1,,,,,,85.37670894342732,,,,,,,,,2.3680625871689854e-06,,,313.81488085456624,,,,,
2026-02-03 12:58:46+00:00,-11.163235722755037,,,9.565955498725533,,0.0,-11.7228103790198,,,0.5914354619497646,,-0.7307698247587132,,,,,,,,,,,,7290.104486291276,,,,,,,,,6.284268709390421e-05,,8.457430776744796e-06,10424.495781926422,1.2422256701049878e-05,,,,
2026-02-03 12:58:47+00:00,,,,9.54310662571015,,0.0,,,,,,-0.7082973056094036,,,,,,,-20.0,,,,,830.5032363807693,,,,398.3219984410706,,,,,,,3.799359622465418e-06,,6.002992934744494e-07,0.9057806546148923,,,
2026-02-03 12:58:48+00:00,,67.0290685993769,,9.475277055760923,,0.0,,,,,,-0.6896882303157038,,-12.253336808310754,,0.4494298166513463,,,-20.0,,,,,347.5027594880937,2.6888188108457605e-06,,,149.1934760312234,,,,,,,3.722418758244713e-06,,2.218615110322822e-06,0.7427361390852854,,,
2026-02-03 12:58:49+00:00,,66.9349408993213,,9.471869124120252,,0.0,,,,,,,342.09220927861674,-11.783027888804495,150.49058470718316,0.2674187273066525,,,-20.0,,,,,4266.276724124025,8.365040412782808e-06,,,3450.082759288815,,,,,,,2.4416468414914676e-05,,1.3623162968495477e-06,0.7358212091285691,,,
2026-02-03 12:58:50+00:00,,67.00757234665176,69209.29490195573,9.492002156781735,,0.0,,9.293454926910185e-06,,,,,350.3541885066686,-11.523334750104516,546.9954243781175,0.4173957805137099,,,-20.0,,,,,,3.864825794836258e-06,,,525.2422003879087,,,,,,,5.835392241543758e-07,,2.5383833285957418e-06,0.6494937736428075,,,
2026-02-03 12:58:51+00:00,,67.03460968889512,69213.52926507409,9.58842627811624,,,,1.1244782135912867e-05,,,,,341.8610631238236,-12.214709661552371,476.2682780443504,0.3104851068480657,,,-20.0,,,,,,6.563288611294632e-06,1264.326605939292,,261.1767098590355,,,,,,,,,,0.6810512824577472,,False,
2026-02-03 12:58:52+00:00,,67.25157290466609,69211.02164518075,9.618947842246142,,,,2.458991335284353e-05,,,,,337.10077944938195,-12.346666469861054,217.6813516540963,0.0335342084932104,,,,,,,,,6.36126800440944e-06,1254.039310335357,,,,,,,,232.43705963268667,,,,,,False,
2026-02-03 12:58:53+00:00,,,69209.69867980835,9.649254932645816,,,,3.637114245493149e-05,,,0.7427316264454848,,347.3847072591546,,90.6257849281951,,3.7693213319381703e-06,,,,12.983541570909455,,,,,5077.433715176286,,,7.2322798229715e-06,,,,,413.0122835789969,,,,,,False,
2026-02-03 12:58:54+00:00,,,69209.47392241743,9.672921092628275,,,,1.0746540095698374e-05,,,0.7347042795208791,,,,,,1.1109922217693167e-06,,,0.5334598348965471,12.98523493678701,,,,,527.0948239544623,,,5.974840818402894e-06,,9.843458082403881e-08,,,1555.245900591466,,,,,,False,
2026-02-03 12:58:55+00:00,,,,9.646742468267444,107.42552584536844,,,,,,0.8204651955214158,,,,,,2.221686039745417e-06,,,0.4739424671248806,12.960728165477994,,,,,1398.2979830893553,3.832023785132351e-06,,2.3552319132564546e-07,2583.1956427160644,1.6090160402120288e-06,,,312.1490174854964,,,,,,False,
2026-02-03 12:58:56+00:00,,,,9.639085241881691,100.65647178892108,,,,,,0.7829265153961501,,,,,,9.46053696341416e-07,,,0.430993642016361,12.966992207285102,1298.4527664916016,,,,,2.6545733127333744e-06,,1.899885418657629e-06,177.29789440149665,1.9393629179431213e-07,,,1150.9021149091554,,,,,,,
2026-02-03 12:58:57+00:00,,,,9.685033481335864,105.2501347806607,,,,,,0.7747541358565437,,,,,,2.9400062529770564e-06,,,0.5097286289992488,13.025988556983316,2214.089710484162,,,,,3.939880408630251e-06,,6.398324085377913e-06,2433.3851659324264,1.064172701105574e-05,,,,,,,,,,
2026-02-03 12:58:58+00:00,,,,9.688629288722668,116.9357312081022,,,,,,,,,,,,,,,0.4972945473967936,,249.0197050036109,,,,,8.194146642268393e-06,,,4034.6942319727145,1.1500230771982034e-05,,,,,,,,-0.4529907705178589,,
2026-02-03 12:58:59+00:00,,,,9.684150056593989,114.2711265233763,,,,8588.31044137954,,,,,,,,,,,,,881.800557345259,,,,,6.345497598820551e-06,,,1978.9602025720767,,2510.6534714675463,,,,,,,-0.41105501632604635,,
2026-02-03 12:59:00+00:00,,,,9.708045300470488,,,,,10602.754835705437,,,,,,,,,,,,,4318.359020802983,5.62024320013964e-06,,,,,,,,,5673.579315667546,,,,,,,-0.3579977888827673,,True
2026-02-03 12:59:01+00:00,,,,9.748735437258878,,,,,2596.171747220657,,,,,,,,,1,,,,,4.713954619398219e-06,,,,,,,,,1378.7216733089776,,,,,,,-0.22761242000957205,,True
2026-02-03 12:59:02+00:00,-11.1291818347648,,,9.754370611822242,,,-11.671513254158093,,5143.422623422779,0.5914966417989614,,,,,,,,1,,,,,1.0359682925498378e-06,,,,,,,,,1057.2479893946563,1.95475278510405e-06,,,755.8431070547392,,,-0.1563648787876434,,True
2026-02-03 12:59:03+00:00,-11.116039356199078,,,9.783617414204368,,,-11.68341747686821,,4244.7529670165,0.564691945483783,,,,,,,,1,,,,,2.257069659507221e-06,,,,,,,,,2399.369782463556,1.702429618806348e-06,,,34.00102171905403,,,,,True
2026-02-03 12:59:04+00:00,-11.062221744339537,,,9.741450222965794,,,-11.691050011238405,,,0.6697772171841339,,-0.8979436761774782,,,,,,1,,,,,1.8200283160589077e-06,,,,,,,,,,8.250703184823062e-06,,,609.9196058398276,,,,,True
2026-02-03 12:59:05+00:00,-11.053286116911847,,,9.698732289969865,,,-11.70917466427042,,,0.6123029579972966,,-0.9540918141909742,,,,,,1,,,,,,317.1006080780623,,,,,,,,,7.967483213615744e-06,,,229.04046869996492,,,,,
2026-02-03 12:59:06+00:00,-11.044727667226942,,,9.674782203871247,,19.270419139435845,-11.709231984181349,,,0.6157402930412496,,-0.6270624981433617,,,,,,,,,,,,161.5973952001162,,,,,,,,,1.7661041197104552e-06,,2.0935650878184467e-06,356.6184224262903,1.7758784097745629e-06,,,,
2026-02-03 12:59:07+00:00,,,,9.685099118800808,,86.62941596886697,,,,,,-0.4618461804647827,,,,,,,40.64059117820687,,,,,18287.922750690803,,,,5072.452847812628,,,,,,,8.768138572065017e-05,,7.461585682402895e-05,0.9963970413305423,,,
2026-02-03 12:59:08+00:00,,67.3557608778017,,9.698950846565282,,13.79352501553758,,,,,,-0.9107386944139412,,-11.860768798322963,,0.1736449920778324,,,-10.344532489123695,,,,,122.53668104127188,4.747075260056937e-05,,,5014.620948042881,,,,,,,7.121105838426161e-06,,4.462269991245981e-06,0.9987238086458524,,,
2026-02-03 12:59:09+00:00,,67.27016564381142,,9.683905335450586,,13.824745073879468,,,,,,,336.8810904715814,-11.438311309787473,519.6699070825078,0.2719301923499524,,,-10.322678448284371,,,,,1055.445682080054,2.319988850746924e-06,,,81.61745634023418,,,,,,,8.812225789246443e-07,,4.096852606000833e-06,0.981927685680958,,,
2026-02-03 12:59:10+00:00,,67.19355267847591,69211.68878142245,9.674217893515406,,46.91419442904064,,1.6297001900701662e-05,,,,,353.863304759378,-11.223539402695325,241.8993142807396,0.9920468042607132,,,12.839936100328444,,,,,,3.6354799493731855e-06,,,497.0014446317767,,,,,,,2.929172631667704e-06,,2.367680829996669e-06,0.9946712244314356,,,
2026-02-03 12:59:11+00:00,,67.1786182745838,69213.3551707139,9.753563213056731,,,,3.767293309625996e-05,,,,,360.2380975539021,-11.359911291103089,205.65253482500088,0.129379539808861,,,-20.0,,,,,,1.1703558506757343e-05,136.65032842151513,,727.0815688437791,,,,,,,,,,0.9933463315786104,,False,
2026-02-03 12:59:12+00:00,,66.98038218146759,69211.7273835991,9.767559038643157,,,,1.3187048980274288e-05,,,,,336.46780823428435,-12.13085094020449,370.82406121247385,0.0274039030075226,,,,,,,,,1.4874341724379516e-06,240.16311958956257,,,,,,,,1123.9114526865933,,,,,,False,
2026-02-03 12:59:13+00:00,,,69213.64020539058,9.770897012356048,,,,1.7242244575325855e-05,,,0.7817902215267657,,339.0624406221492,,331.2880510659392,,1.7646531893153429e-06,,,,13.064762417704786,,,,,2303.182954198276,,,1.851651495663893e-06,,,,,2389.6523298190414,,,,,,False,
2026-02-03 12:59:14+00:00,,,69212.51405995707,9.832435684949385,,,,3.0290966549608745e-05,,,0.738640224696171,,,,,,3.08071850355202e-06,,,0.5253804600632076,13.120960496243756,,,,,1660.5900034079962,,,5.191371440712542e-06,,7.943970481788309e-06,,,1746.2672227400433,,,,,,False,
2026-02-03 12:59:15+00:00,,,,9.841386231906268,107.0923623152783,,,,,,0.7888650206195251,,,,,,2.239650681398161e-06,,,0.5144971813548085,13.147143660446394,,,,,9.4890421437218,2.477080022236806e-06,,1.3089862713449177e-06,1524.0841895565163,4.275124672460259e-06,,,1635.4657305634432,,,,,,False,
2026-02-03 12:59:16+00:00,,,,9.84555598472783,114.74564638166945,,,,,,0.7370773839051507,,,,,,4.0514295258569866e-06,,,0.4979624870728228,13.1531235189735,6817.330583231655,,,,,1.881493262457174e-05,,8.481609419538263e-06,2840.6329548081703,1.0358781681975484e-05,,,1909.6156816993805,,,,,,,
2026-02-03 12:59:17+00:00,,,,9.865294974831318,90.16114499175532,,,,,,0.7528350498130761,,,,,,1.141566347315247e-06,,,0.5175251588057094,13.171778886469228,1514.2178101638865,,,,,4.534016448460947e-08,,1.3577864423663666e-08,552.0817933971095,5.719792374023486e-07,,,,,,,,,,
2026-02-03 12:59:18+00:00,,,,9.917580907406643,65.50653064576694,,,,,,,,,,,,,,,0.500828413167459,,5902.324589269858,,,,,1.0204148683894972e-05,,,11399.752764369485,9.301685170525029e-06,,,,,,,,0.4145895214205346,,
2026-02-03 12:59:19+00:00,,,,9.84945154759407,53.0478112167304,,,,4756.931014284748,,,,,,,,,,,,,1461.9021263093116,,,,,6.5378517215505e-06,,,553.560665221767,,1933.8219411319972,,,,,,,0.6011483817943731,,
2026-02-03 12:59:20+00:00,,,,9.814437466512873,,,,,3534.4116880187507,,,,,,,,,,,,,967.7313399078026,1.1803965791335391e-06,,,,,,,,,1460.8131399045512,,,,,,,0.5249776917056354,,True
2026-02-03 12:59:21+00:00,,,,9.813872059246398,,,,,4301.122722706753,,,,,,,,,1,,,,,9.052109443958124e-06,,,,,,,,,219.17386244780968,,,,,,,0.3152917513262873,,True
2026-02-03 12:59:22+00:00,-11.084138499604997,,,9.84833831089472,,,-11.67094341525389,,6818.146465240848,0.6020433622345349,,,,,,,,1,,,,,7.77133800973859e-06,,,,,,,,,1767.9750665829858,7.226036625567557e-07,,,4246.135148151447,,,0.5299371545778073,,True
2026-02-03 12:59:23+00:00,-11.06684494323379,,,9.92092320493341,,,-11.686845486772798,,4361.101020779948,0.5902472393633251,,,,,,,,1,,,,,1.5286106376558233e-05,,,,,,,,,598.7554375709846,3.899946451819795e-06,,,3258.00396659274,,,,,True
2026-02-03 12:59:24+00:00,-11.081551468714231,,,9.954937368692148,,,-11.67545311972527,,,0.5220862100803643,,-0.6914230427413508,,,,,,1,,,,,9.138281587230038e-06,,,,,,,,,,1.2731904798877091e-05,,,1983.996340863093,,,,,True
2026-02-03 12:59:25+00:00,-11.147283289271666,,,9.963089850222152,,,-11.67290668910626,,,0.6686297470834036,,-1.0599538535825173,,,,,,1,,,,,,98.79577350622858,,,,,,,,,7.148928749483748e-06,,,2286.1222615510064,,,,,
2026-02-03 12:59:26+00:00,-11.154979273695872,,,9.965084986050826,,0.0,-11.679432811286755,,,0.6267727312193201,,-0.8835299433568075,,,,,,,,,,,,11273.871051489494,,,,,,,,,6.414735428167499e-06,,2.030087717501696e-06,6578.889315432363,4.0169194648808445e-05,,,,
2026-02-03 12:59:27+00:00,,,,9.99698123435755,,0.0,,,,,,-1.1407571909893972,,,,,,,-20.0,,,,,139.3388519802647,,,,1656.4101516453347,,,,,,,1.0574039894193064e-05,,2.26144430679071e-06,0.6227184813335775,,,
2026-02-03 12:59:28+00:00,,67.30454093997204,,10.071448161707863,,0.0,,,,,,-0.82928430574707,,-12.385046546777906,,0.1032202746507829,,,-20.0,,,,,1368.8721736519133,2.105948000536371e-05,,,4865.380527476863,,,,,,,2.930305988616485e-05,,2.7080680047708008e-06,0.6874889780348897,,,
2026-02-03 12:59:29+00:00,,67.2883797690742,,10.188561359364607,,0.0,,,,,,,348.5980159927147,-12.255972911883262,195.3390440211574,0.4086338045864598,,,-20.0,,,,,1817.13701732848,1.6887236966503904e-05,,,231.45781399056008,,,,,,,1.2125413269347209e-05,,1.1306568418613102e-05,0.5945631206769251,,,
2026-02-03 12:59:30+00:00,,67.2047137755862,69224.27383600181,10.16728688688075,,30.01880286530184,,2.6464971575807613e-05,,,,,344.3781790908459,-11.594107076558204,217.8143054254752,0.037818103886124,,,1.013162005711287,,,,,,7.093924072747629e-06,,,1577.5023991998492,,,,,,,4.514727198767815e-06,,8.726460335173842e-06,0.7442784196244293,,,
2026-02-03 12:59:31+00:00,,67.0207899636329,69220.61840746897,10.219982894520983,,,,3.172711189167292e-05,,,,,340.7779988275602,-12.423845230180827,187.72169626566676,0.3974469935334959,,,-7.8357235358992785,,,,,,1.3628392357248298e-05,1819.2574003566824,,1426.2030459297323,,,,,,,,,,0.5877386076030279,,False,
2026-02-03 12:59:32+00:00,,66.862900801376,69224.78176880137,10.263686216917804,,,,8.85646078860472e-05,,,,,380.254259890288,-11.644875955171988,44.1618557103929,0.1556128778145205,,,,,,,,,6.951815097563903e-06,1170.0612341585866,,,,,,,,11146.67508656736,,,,,,False,
2026-02-03 12:59:33+00:00,,,69223.15103857378,10.26303808901806,,,,3.2930262543140526e-05,,,0.7810496910591525,,344.21659729393883,,212.042010396312,,3.2086271392071986e-06,,,,13.756872518749796,,,,,3003.525041759511,,,2.335725329576812e-06,,,,,4300.202393813427,,,,,,False,
2026-02-03 12:59:34+00:00,,,69227.74384933055,10.243408222564897,,,,3.2935200970459826e-05,,,0.8345588731065774,,,,,,3.215258071811281e-06,,,0.4081979067850351,13.673441425928647,,,,,4496.049024083352,,,4.236062276062784e-06,,1.1151663881477472e-05,,,1880.7045561143864,,,,,,False,
2026-02-03 12:59:35+00:00,,,,10.289924533162615,16.656379041056265,,,,,,0.8225119189117298,,,,,,1.32753556016601e-05,,,0.3562930366282242,13.727982078174035,,,,,17462.19358994613,2.8619134534652355e-05,,2.1767964137835697e-05,7491.523470448749,6.125389947818203e-05,,,14929.625455222267,,,,,,False,
2026-02-03 12:59:36+00:00,,,,10.263620540319891,10.714019235956386,,,,,,0.8129006131575754,,,,,,2.888832436886333e-06,,,0.330989154089863,13.67354634575622,583.2718174852225,,,,,9.59493904552134e-06,,8.168466343571193e-07,4371.380508468851,5.7693728919805205e-06,,,1043.4718004335637,,,,,,,
2026-02-03 12:59:37+00:00,,,,10.252933090286083,34.205654641310105,,,,,,0.8201371701660034,,,,,,4.898464012619428e-06,,,0.3412449657683472,13.655011184548735,1820.740176221618,,,,,1.0665469784587173e-06,,4.997904517775581e-06,486.8886138534141,1.3987889156384078e-05,,,,,,,,,,
2026-02-03 12:59:38+00:00,,,,10.274448688327746,41.1900645646964,,,,,,,,,,,,,,,0.3193756026482421,,1841.9805293329,,,,,1.141385719855218e-05,,,472.5907078794913,1.2007931834076823e-05,,,,,,,,0.7525291183258858,,
2026-02-03 12:59:39+00:00,,,,10.243466315332812,30.58628030758453,,,,10818.98503511426,,,,,,,,,,,,,1140.5043640488868,,,,,5.368569182906148e-06,,,2434.229656152259,,2513.9150225651388,,,,,,,0.8608638942300216,,
2026-02-03 12:59:40+00:00,,,,10.241933703683,,,,,7238.706462304124,,,,,,,,,,,,,828.3412907291007,1.3825890411108153e-05,,,,,,,,,291.3355236654049,,,,,,,0.8451782614277299,,True
2026-02-03 12:59:41+00:00,,,,10.318251291246916,,,,,7498.246707781159,,,,,,,,,1,,,,,2.935558478932552e-06,,,,,,,,,475.0918469294913,,,,,,,0.8250266015590464,,True
2026-02-03 12:59:42+00:00,-11.295782994404888,,,10.30401401941525,,,-11.632488086592062,,5558.875769927952,0.6840313470832134,,,,,,,,1,,,,,1.0443204416033117e-05,,,,,,,,,1435.5795323426787,3.01607082901136e-07,,,1160.425699691336,,,0.6601115995959035,,True
2026-02-03 12:59:43+00:00,-11.286563544067343,,,10.347692800123523,,,-11.652623195118633,,33558.07671738758,0.7438220395343068,,,,,,,,1,,,,,3.342487835039085e-05,,,,,,,,,1130.946335060619,1.2708620908506075e-06,,,2253.2925793687828,,,,,True
2026-02-03 12:59:44+00:00,-11.285453317296604,,,10.381684325420013,,,-11.626689201569944,,,0.6286776612180399,,-0.7919981799397466,,,,,,1,,,,,1.0980320388638478e-05,,,,,,,,,,5.581021280774029e-06,,,6863.840783770948,,,,,True
2026-02-03 12:59:45+00:00,-11.28884347419445,,,10.428699368769312,,,-11.642247362960031,,,0.6927291260158629,,-0.646466934796257,,,,,,1,,,,,,8835.853094855858,,,,,,,,,3.2425619880165815e-05,,,1204.769060472718,,,,,
2026-02-03 12:59:46+00:00,-11.26669693672436,,,10.426823678903297,,0.0,-11.646758260388127,,,0.6904206737177899,,-0.82116756770969,,,,,,,,,,,,2008.6368859417544,,,,,,,,,1.2216302981328848e-07,,1.7435835027023013e-05,2904.812304479019,3.894033862839156e-06,,,,
2026-02-03 12:59:47+00:00,,,,10.499666467595794,,61.083596535130496,,,,,,-1.0914653327802015,,,,,,,22.758517574591345,,,,,429.2277204053454,,,,325.7093563819078,,,,,,,3.687161999221295e-07,,2.866300315446873e-07,0.39733839655567943,,,
2026-02-03 12:59:48+00:00,,66.68947365164065,,10.518220184110628,,0.0,,,,,,-0.7789622731044936,,-10.313420974158436,,0.1123187178295866,,,-20.0,,,,,2825.0932979499967,1.4672405409099957e-05,,,1640.3208923154634,,,,,,,4.542508389377977e-06,,3.339501274130147e-05,0.528831385342481,,,
2026-02-03 12:59:49+00:00,,67.06429029970806,,10.464156906729782,,0.0,,,,,,,366.7695946891718,-12.019742373100716,10.0,0.1094818201485795,,,-20.0,,,,,14769.485663994585,3.0053446430953398e-05,,,4396.96203598898,,,,,,,1.1555075175876344e-05,,1.847813712690903e-05,0.281297736057561,,,
2026-02-03 12:59:50+00:00,,67.25257600866827,69245.19854111853,10.4525684864576,,15.83959713400887,,3.937592787541705e-05,,,,,365.6425977460432,-10.701277001406334,168.7377808076275,0.1995392157166603,,,-8.912282006193792,,,,,,6.212013669282157e-06,,,5261.527043920284,,,,,,,1.927226740063813e-05,,2.697708112372056e-06,0.26645541789941996,,,
2026-02-03 12:59:51+00:00,,66.71270112678386,69249.95533634374,10.385336219809885,,,,4.572041881392565e-05,,,,,341.1464484124695,-11.828983359610891,97.03375202100644,0.0015245894555072,,,-4.606669560464784,,,,,,4.453695277031986e-06,4188.873919673421,,5160.815336609845,,,,,,,,,,0.0448554252151023,,False,
2026-02-03 12:59:52+00:00,,66.78313326075579,69249.57805940368,10.33792462830859,,,,2.931044058560423e-05,,,,,366.4016278214264,-12.38530967765458,158.61150626539626,0.3364678532516373,,,,,,,,,1.8187109216120651e-06,1046.2954849976572,,,,,,,,3602.672163728152,,,,,,False,
2026-02-03 12:59:53+00:00,,,69248.21511387771,10.376740681470798,,,,4.13052897525085e-05,,,0.8254295610238167,,348.7720414536395,,198.561012903732,,3.980564901873783e-06,,,,13.893468254654955,,,,,3898.111867004593,,,5.043574455700382e-06,,,,,729.9006236855606,,,,,,False,
2026-02-03 12:59:54+00:00,,,69248.84427423665,10.423856708569724,,,,3.1509702978909905e-05,,,0.8546677837259038,,,,,,3.022844985292724e-06,,,0.4372254300144837,13.983348550295776,,,,,865.8022531800734,,,8.995199522422312e-06,,7.179368848458258e-07,,,2535.696458100444,,,,,,False,
2026-02-03 12:59:55+00:00,,,,10.44037489447486,13.62539141232719,,,,,,0.832796137724077,,,,,,2.676429146604043e-06,,,0.4345209246570882,14.011675231398865,,,,,1003.8190074688172,1.6439826008915738e-06,,9.266114946752206e-06,862.9200657203095,1.7621151193580113e-05,,,6329.373488342923,,,,,,False,
2026-02-03 12:59:56+00:00,,,,10.45579438276756,15.833393915604844,,,,,,0.8600121247342462,,,,,,5.0861565288892384e-06,,,0.4708161449544457,14.02608282852571,2195.738618040676,,,,,2.3470425303484268e-05,,8.004146404871684e-06,388.8460175675359,1.7628728958810508e-05,,,1631.832651610234,,,,,,,
2026-02-03 12:59:57+00:00,,,,10.422646396953432,25.30682201714448,,,,,,0.8629511298190926,,,,,,3.3190857679525985e-06,,,0.5160825220355658,13.988480381408602,555.8404223155576,,,,,1.5119293382399422e-06,,4.1117234609398685e-06,2273.178155542761,2.6329382074339765e-06,,,,,,,,,,
2026-02-03 12:59:58+00:00,,,,10.373651685941327,13.463004593227367,,,,,,,,,,,,,,,0.5016715094057538,,3566.666115762005,,,,,6.763977343727579e-06,,,127.29791098353397,4.815535394105714e-06,,,,,,,,0.97252045141173,,
2026-02-03 12:59:59+00:00,,,,10.419598550254896,21.053858862884823,,,,44801.07798119542,,,,,,,,,,,,,7884.869454911937,,,,,4.8931831027694e-05,,,4394.579457963507,,15952.759482111143,,,,,,,0.9332431430134306,,
2026-02-03 13:00:00+00:00,,,,10.444295489793085,,,,,12261.45828987666,,,,,,,,,,,,,4812.579610840311,1.3127357546036094e-05,,,,,,,,,1540.342879208232,,,,,,,0.9605985092308228,,True
2026-02-03 13:00:01+00:00,,,,10.50313798844618,,,,,21681.21663764653,,,,,,,,,1,,,,,1.9736240035876452e-05,,,,,,,,,1794.716125589257,,,,,,,0.9809896463919244,,True
2026-02-03 13:00:02+00:00,-11.29777820089651,,,10.419657583570968,,,-11.761644024981637,,8233.869099401325,0.7232719391617777,,,,,,,,1,,,,,5.386952174264854e-06,,,,,,,,,4391.792081496059,9.704787157728607e-06,,,587.4647019081929,,,0.9989930330353877,,True
2026-02-03 13:00:03+00:00,-11.308555338220827,,,10.46813933744276,,,-11.768314114155729,,21887.338682712627,0.6851490061697217,,,,,,,,1,,,,,9.462346237613504e-07,,,,,,,,,2372.634226928575,8.699956406546354e-06,,,3677.5361411306017,,,,,True
2026-02-03 13:00:04+00:00,-11.294606356775509,,,10.395997905520542,,,-11.781924691105452,,,0.689938922890873,,-0.4419929368726109,,,,,,1,,,,,2.604343593852622e-05,,,,,,,,,,4.055866652776219e-06,,,3428.263314456777,,,,,True
2026-02-03 13:00:05+00:00,-11.279085009902412,,,10.457214188409443,,,-11.778551190770452,,,0.6685898778344345,,-0.8654608196235158,,,,,,1,,,,,,1618.3989035779798,,,,,,,,,3.3753960342122653e-06,,,2397.756204823958,,,,,
2026-02-03 13:00:06+00:00,-11.284598479968308,,,10.509374183991186,,2.8509083274839293,-11.801293624011604,,,0.6537971495193974,,-0.6130923796551588,,,,,,,,,,,,1354.6332512134045,,,,,,,,,2.065267918966201e-05,,1.5504237723137598e-05,10801.766086704083,3.770005992087822e-06,,,,
2026-02-03 13:00:07+00:00,,,,10.524755820926824,,27.367514887390563,,,,,,-0.6470829981125255,,,,,,,-0.8427395788266061,,,,,5739.477464576919,,,,2282.2511290843963,,,,,,,4.88940845208564e-05,,5.457615024209055e-07,0.3016711778102766,,,
2026-02-03 13:00:08+00:00,,67.89935143598971,,10.608797754966384,,0.0,,,,,,-0.8539357190791688,,-11.407637056198794,,0.7733802703356246,,,-20.0,,,,,1602.4942161275967,7.953518261806376e-06,,,3098.9985828416543,,,,,,,5.960010794432159e-07,,2.513381530492608e-05,0.42998027547864787,,,
2026-02-03 13:00:09+00:00,,67.91256183786561,,10.61053364131061,,0.0,,,,,,,368.1261431036482,-11.53019560021694,67.53614724363722,0.0546202961740147,,,-20.0,,,,,7494.134017518509,2.6451427113755023e-05,,,4513.28484945888,,,,,,,5.816474054797308e-06,,1.0264778326506688e-05,0.7194163255282522,,,
2026-02-03 13:00:10+00:00,,67.79649280348131,69253.13363569834,10.54628085747644,,34.873662802205004,,6.949335545613693e-05,,,,,377.1607022386596,-12.711650123176288,60.91477216512264,0.5843714821109919,,,4.4115639615435,,,,,,6.484712290175994e-06,,,441.4796565318278,,,,,,,1.4698578929474346e-05,,2.9501286873986677e-05,0.7898366082535682,,,
2026-02-03 13:00:11+00:00,,68.0486748105873,69250.0106680946,10.46547011028988,,,,4.010920569446687e-05,,,,,360.24572056794136,-10.397030819129558,140.50740559795787,0.0334068949077049,,,11.194818478622317,,,,,,1.7252755579400228e-05,3867.476736975782,,3644.6231234768175,,,,,,,,,,0.7094260459520815,,False,
2026-02-03 13:00:12+00:00,,68.14107652325906,69248.29159434905,10.427479449372342,,,,6.459994613751164e-05,,,,,370.8500714873823,-11.488105432203303,135.56116451129884,0.0159283953486349,,,,,,,,,2.6649046891553478e-05,8437.402995810744,,,,,,,,3787.193042444659,,,,,,False,
2026-02-03 13:00:13+00:00,,,69242.89829851105,10.451531029637655,,,,5.538642538751885e-05,,,0.8265566717371557,,365.83590995386623,,45.13495859326835,,5.299359991417357e-06,,,,14.335437024120733,,,,,1044.2178943403203,,,1.1503586496203906e-05,,,,,9361.299619483128,,,,,,False,
2026-02-03 13:00:14+00:00,,,69251.07262430861,10.429088881452085,,,,4.5322308312163e-05,,,0.8909697402906038,,,,,,4.345759138439003e-06,,,0.4330898889483611,14.239810246456932,,,,,6044.773650815835,,,2.127004908873152e-05,,1.936968829533024e-05,,,4689.392763359524,,,,,,False,
2026-02-03 13:00:15+00:00,,,,10.48046380882875,39.57142801802168,,,,,,0.8460532279676979,,,,,,4.813099805579757e-06,,,0.4331933133129695,14.3240056134985,,,,,4268.242008002337,1.622659508455537e-05,,7.234324723706656e-06,3689.843402354282,6.864705305525555e-06,,,2907.207071841644,,,,,,False,
2026-02-03 13:00:16+00:00,,,,10.463933445581686,45.63258916154544,,,,,,0.828690509101726,,,,,,1.1499341306976996e-05,,,0.4358038184271064,14.292478810014524,368.7564324033365,,,,,6.213167787227352e-05,,1.688574715666677e-06,781.4030374361773,1.0330814158865188e-05,,,6608.982258580109,,,,,,,
2026-02-03 13:00:17+00:00,,,,10.478855938813856,43.79394711301367,,,,,,0.8018059702649474,,,,,,4.524603313127977e-06,,,0.398485496199356,14.301150810568114,3147.033313401148,,,,,4.283696379352486e-05,,8.247317677554359e-07,3147.444775901298,3.368450664990688e-06,,,,,,,,,,
2026-02-03 13:00:18+00:00,,,,10.50033856042665,48.82071035535229,,,,,,,,,,,,,,,0.4030565896730031,,5949.687194030353,,,,,3.707882054447224e-06,,,3292.633477035449,8.114674029293819e-07,,,,,,,,0.6584174462737105,,
2026-02-03 13:00:19+00:00,,,,10.485003669862133,56.6725120989273,,,,7658.852129120917,,,,,,,,,,,,,2011.2357621907545,,,,,2.0533330298889265e-06,,,3546.3641288699646,,2961.7761328407714,,,,,,,0.5494237370409671,,
2026-02-03 13:00:20+00:00,,,,10.45467242685324,,,,,26430.022108605637,,,,,,,,,,,,,1181.5446414677715,2.82342042427463e-06,,,,,,,,,5971.163582001209,,,,,,,0.5138571148413803,,True
2026-02-03 13:00:21+00:00,,,,10.444242978493312,,,,,11506.330684256596,,,,,,,,,1,,,,,1.9870172902525967e-05,,,,,,,,,3919.053287933185,,,,,,,0.5129055686173729,,True
2026-02-03 13:00:22+00:00,-11.355109217008303,,,10.459710395120467,,,-11.732153584346364,,25184.458281289,0.6750010703175339,,,,,,,,1,,,,,3.250184912330183e-05,,,,,,,,,3201.310547815995,1.4340352620857757e-05,,,166.0615391640723,,,0.46055601514751704,,True
2026-02-03 13:00:23+00:00,-11.317714498294244,,,10.442515179703662,,,-11.705146470314132,,10245.54634342786,0.7178517851032181,,,,,,,,1,,,,,6.049937348330754e-06,,,,,,,,,5300.633474076967,1.7107477909150666e-05,,,1304.429287073832,,,,,True
2026-02-03 13:00:24+00:00,-11.283127324739295,,,10.513794746369804,,,-11.722706106656878,,,0.6621668982703345,,-0.838924591652461,,,,,,1,,,,,3.246499020764703e-06,,,,,,,,,,1.3559092573954933e-06,,,2217.7295463190467,,,,,True
2026-02-03 13:00:25+00:00,-11.243530827116082,,,10.51642790706142,,,-11.732010483593804,,,0.614461971635814,,-0.9304960175109998,,,,,,1,,,,,,1446.8995283929314,,,,,,,,,2.372438377423005e-05,,,6219.789463295105,,,,,
2026-02-03 13:00:26+00:00,-11.22205897838297,,,10.459322863193988,,0.0,-11.743982037964598,,,0.6738108375070051,,-0.7848499581217786,,,,,,,,,,,,9955.75761030136,,,,,,,,,2.658730547507745e-05,,3.663206244410337e-05,2222.607851340539,1.1017599295988828e-05,,,,
2026-02-03 13:00:27+00:00,,,,10.498800961842786,,0.0,,,,,,-0.8663073398419023,,,,,,,-20.0,,,,,2619.710335066997,,,,14110.360290304456,,,,,,,1.6349447824920825e-05,,1.2407331096767402e-05,0.9985895702331576,,,
2026-02-03 13:00:28+00:00,,67.11577447957679,,10.502353789628552,,31.366154962619014,,,,,,-0.7186326860771881,,-11.881332774768664,,0.3018875209844063,,,1.9563084738333067,,,,,894.5668045411144,1.9716611218459457e-05,,,8510.730212211633,,,,,,,1.1143451562864091e-06,,7.0327260359170895e-06,0.992857659788014,,,
2026-02-03 13:00:29+00:00,,66.94995288303438,,10.495985741588004,,0.0,,,,,,,339.0898811632619,-12.114378254375367,60.2500423498157,0.6878467529287207,,,-20.0,,,,,3225.4518184196672,8.949403091319848e-06,,,4647.367864233497,,,,,,,3.7031297918888153e-06,,5.049681290078844e-06,0.9139730958927634,,,
2026-02-03 13:00:30+00:00,,66.88677872660271,69269.68660496613,10.43962617102979,,0.0,,4.9243270281991046e-05,,,,,361.4806202841543,-12.467630833248094,164.00892733808303,0.498594045667462,,,-20.0,,,,,,2.169106844884857e-05,,,1633.9736408765789,,,,,,,1.406994508980265e-05,,9.124203426922811e-06,0.74043137000567,,,
2026-02-03 13:00:31+00:00,,66.66426985065584,69271.16020432045,10.407619998797978,,,,5.963391454111701e-05,,,,,358.02443926923576,-11.23588704575586,145.50838764443623,0.066277728971349,,,-20.0,,,,,,2.545500632765381e-05,9706.535516344798,,653.2799121086501,,,,,,,,,,0.4785729912574993,,False,
2026-02-03 13:00:32+00:00,,66.54183089371725,69271.27453845467,10.396959325117823,,,,3.5230711151936926e-05,,,,,357.66638684645653,-11.286495923820702,181.1499065774191,0.6541302849304153,,,,,,,,,3.162796976343368e-06,2502.4907489283214,,,,,,,,4594.633008338207,,,,,,False,
2026-02-03 13:00:33+00:00,,,69274.2719479733,10.3737650560188,,,,4.811575188377383e-05,,,0.8734785204906992,,370.8763556126295,,147.739767487702,,4.638214922349465e-06,,,,13.820830843442222,,,,,2076.393098651232,,,7.564113431697521e-06,,,,,917.7115082971887,,,,,,False,
2026-02-03 13:00:34+00:00,,,69270.90306497658,10.37454240399796,,,,6.535746734843548e-05,,,0.8477874431053255,,,,,,6.299792781535035e-06,,,0.4856897058238948,13.817135882161262,,,,,6033.235732426254,,,4.1810384561220265e-05,,1.1727113707353786e-05,,,4189.826014591965,,,,,,False,
2026-02-03 13:00:35+00:00,,,,10.36503065378424,21.75491327770316,,,,,,0.8344816767724752,,,,,,9.65543109479921e-06,,,0.4548784345764922,13.833672684095156,,,,,8645.171697004438,4.788326193122936e-05,,3.291287726055428e-06,14788.468138444774,2.3063858508532503e-05,,,4835.070654705903,,,,,,False,
2026-02-03 13:00:36+00:00,,,,10.372814438371408,29.810025932232698,,,,,,0.8402273445118397,,,,,,3.5526965048400592e-06,,,0.4446381181283665,13.860761662315586,156.1334673374542,,,,,1.5371562821900788e-05,,1.3884885053153015e-05,527.4183772118349,2.297269375506975e-06,,,2831.151575849718,,,,,,,
2026-02-03 13:00:37+00:00,,,,10.389956643785142,28.00608385173692,,,,,,0.8182575364112725,,,,,,2.7835193290175046e-06,,,0.4037185811048644,13.899266665589863,3279.908448157845,,,,,1.2564530998148071e-06,,6.932286062199875e-06,1867.1804870832837,1.982502170417046e-05,,,,,,,,,,
2026-02-03 13:00:38+00:00,,,,10.4244348642501,21.88195803786013,,,,,,,,,,,,,,,0.3870527420170499,,11746.622974872304,,,,,1.3891585915031051e-05,,,189.7558475880488,3.16887042075563e-05,,,,,,,,0.9279536586319894,,
2026-02-03 13:00:39+00:00,,,,10.309788426675237,14.00492526094668,,,,9911.28492404541,,,,,,,,,,,,,894.8452693395024,,,,,5.37834152178931e-06,,,310.7978162762242,,3158.510720186242,,,,,,,0.9702749265961995,,
2026-02-03 13:00:40+00:00,,,,10.315822003762284,,,,,10149.024658838056,,,,,,,,,,,,,189.11548749872247,4.389143714710058e-06,,,,,,,,,307.5286624769029,,,,,,,0.9815977981587463,,True
2026-02-03 13:00:41+00:00,,,,10.332912566400749,,,,,8539.870136793092,,,,,,,,,1,,,,,4.5613085635354724e-07,,,,,,,,,2888.2743686261088,,,,,,,0.9919645624247009,,True
2026-02-03 13:00:42+00:00,-11.375098432830658,,,10.338754653841129,,,-11.72655920216138,,5847.503789036048,0.7098401117680114,,,,,,,,1,,,,,1.1279234496764127e-05,,,,,,,,,2272.325121184134,3.395659290247833e-06,,,426.97342012248873,,,0.9946020349118252,,True
2026-02-03 13:00:43+00:00,-11.379036246289225,,,10.397811041172774,,,-11.734978630475648,,18686.958221900662,0.6291629861188975,,,,,,,,1,,,,,5.6447751974969655e-06,,,,,,,,,3938.6725050126433,3.512216771206447e-05,,,10764.735971243284,,,,,True
2026-02-03 13:00:44+00:00,-11.366472727291956,,,10.45348540195988,,,-11.7522360004151,,,0.6819645239965038,,-1.0102512621885371,,,,,,1,,,,,1.312333641749146e-05,,,,,,,,,,3.708351298449359e-05,,,10814.417389645616,,,,,True
2026-02-03 13:00:45+00:00,-11.367611677554727,,,10.448564354539432,,,-11.77417005006359,,,0.7336040732932589,,-0.8836572131780671,,,,,,1,,,,,,985.8743711764324,,,,,,,,,1.4800662547497387e-05,,,438.0769556969656,,,,,
2026-02-03 13:00:46+00:00,-11.36409659199303,,,10.443231211140851,,0.0,-11.760952595572462,,,0.7014797484340176,,-0.9708010847128926,,,,,,,,,,,,2935.8833660394616,,,,,,,,,9.299590074981942e-06,,2.1030360687224225e-05,1978.7949997162984,1.5930325246509296e-06,,,,
2026-02-03 13:00:47+00:00,,,,10.421920567383092,,20.436361356185024,,,,,,-0.8560988683346993,,,,,,,-5.694547050670485,,,,,8447.996137355358,,,,867.1797343050213,,,,,,,1.4937836015385992e-05,,8.751050547431053e-06,0.4098680156504437,,,
2026-02-03 13:00:48+00:00,,66.70881930508938,,10.44709316045764,,0.0,,,,,,-1.174090449629233,,-11.629673347893425,,0.0130704991544906,,,-20.0,,,,,1980.7484488817677,7.469659439424238e-06,,,1262.638610874072,,,,,,,6.588265756117876e-06,,7.555822129628133e-06,0.6239241095331931,,,
2026-02-03 13:00:49+00:00,,66.76663947325979,,10.496723733711406,,0.0,,,,,,,361.7959233682004,-12.988978262659506,198.36195302468863,2.31097973051207,,,-20.0,,,,,4520.192660568924,4.321858157532379e-06,,,1840.2485602967697,,,,,,,3.581392277205801e-06,,2.702923135809972e-06,0.7612870035268062,,,
2026-02-03 13:00:50+00:00,,66.82336689713499,69258.1792378405,10.472386994047769,,0.0,,7.486107374643474e-05,,,,,355.1566917660595,-12.149517115805931,129.18386356486064,0.2607869652942152,,,-20.0,,,,,,3.175921272933577e-05,,,302.79008287444566,,,,,,,2.7866880700515557e-05,,1.1983978609231389e-05,0.7358713146288434,,,
2026-02-03 13:00:51+00:00,,66.63061918204119,69253.78045849694,10.463626140519494,,,,5.732147770935254e-05,,,,,352.90627443258694,-12.011581398021937,129.89095296947505,0.4054950227027686,,,18.285989838162017,,,,,,4.82149569117015e-07,2197.119902099755,,13587.018312769422,,,,,,,,,,0.7464190049720326,,False,
2026-02-03 13:00:52+00:00,,66.5196429210914,69255.15730968378,10.4663844227957,,,,5.86064992706278e-05,,,,,354.2339374164168,-12.047637162845652,79.17169217194268,0.2406910066977072,,,,,,,,,5.460916601442641e-06,5354.304039495185,,,,,,,,9645.93423618453,,,,,,False,
2026-02-03 13:00:53+00:00,,,69251.40048566728,10.379699680737176,,,,9.773615182139724e-05,,,0.831025293212684,,354.5250161392913,,21.14699304424172,,9.416086671830944e-06,,,,13.766974563903398,,,,,8731.313380902922,,,5.23653616797196e-06,,,,,1107.272517646799,,,,,,False,
2026-02-03 13:00:54+00:00,,,69254.07119961447,10.392584875177748,,,,0.0001560463135622,,,0.8667087540006291,,,,,,1.501515892691859e-05,,,0.4116532666786454,13.723650372527644,,,,,6324.835792078349,,,3.073909272067573e-05,,3.3144634747040485e-05,,,10688.1643724807,,,,,,False,
2026-02-03 13:00:55+00:00,,,,10.369966370274929,33.30261615311506,,,,,,0.8604152590572383,,,,,,2.1424513470783497e-06,,,0.4598488077121591,13.680867675404569,,,,,897.5025604920606,3.0295189899899627e-06,,4.722859238019118e-06,716.0922520733443,9.100514633662138e-06,,,139.87977893700915,,,,,,False,
2026-02-03 13:00:56+00:00,,,,10.405044026182091,27.52222377894691,,,,,,0.8164808579129985,,,,,,2.984096441815112e-06,,,0.4430444022369468,13.70311231356076,3418.0296368352,,,,,4.625771798078763e-06,,1.003623520446359e-05,601.9415704406044,1.486668012661858e-05,,,540.6794798531668,,,,,,,
2026-02-03 13:00:57+00:00,,,,10.44637514101443,31.963868899647423,,,,,,0.8401596451990901,,,,,,3.3398826919566432e-06,,,0.3985345603694045,13.831418377148244,5041.331810193494,,,,,4.100556287474836e-06,,1.05993607148139e-05,771.1820519005785,1.2188984912028016e-05,,,,,,,,,,
2026-02-03 13:00:58+00:00,,,,10.440842367054673,34.52545501637889,,,,,,,,,,,,,,,0.4174070327983445,,1650.9920721730862,,,,,7.134763695928095e-06,,,2951.735991487719,6.400872652171824e-06,,,,,,,,0.8238744678197689,,
2026-02-03 13:00:59+00:00,,,,10.465508293713103,36.36185956028728,,,,12384.063838323653,,,,,,,,,,,,,549.2966932943044,,,,,3.320066364468744e-05,,,6073.456981569482,,6105.39520298425,,,,,,,0.8052886438523095,,
2026-02-03 13:01:00+00:00,,,,10.385907047314427,,,,,6661.683149787249,,,,,,,,,,,,,213.64245215308657,1.3804445530847653e-07,,,,,,,,,1452.8437443779633,,,,,,,0.8854214233934571,,True
2026-02-03 13:01:01+00:00,,,,10.409175844367551,,,,,12657.508673971506,,,,,,,,,1,,,,,8.823968969775709e-06,,,,,,,,,3238.4443025618925,,,,,,,0.9420181468217242,,True
2026-02-03 13:01:02+00:00,-11.317343172215736,,,10.409116877451694,,,-11.802968845594553,,26959.69070288358,0.732724812893546,,,,,,,,1,,,,,1.1977324561730285e-06,,,,,,,,,1344.7056915100163,1.4606765499357511e-05,,,3805.727601235556,,,0.8352584099186733,,True
2026-02-03 13:01:03+00:00,-11.307168555786673,,,10.346517647359686,,,-11.806942900073077,,18096.095528105045,0.6533839312431168,,,,,,,,1,,,,,2.032671500757116e-05,,,,,,,,,7787.762501609275,1.143790258437034e-05,,,6883.136461783975,,,,,True
2026-02-03 13:01:04+00:00,-11.265722666078956,,,10.283925962852171,,,-11.79344200041976,,,0.6576249296027311,,-0.9946216490880768,,,,,,1,,,,,6.510876646673064e-06,,,,,,,,,,1.813973410250608e-06,,,5378.975878145653,,,,,True
2026-02-03 13:01:05+00:00,-11.273194189933667,,,10.30800149160882,,,-11.807027976286534,,,0.6046739152921636,,-0.7970199877927533,,,,,,1,,,,,,9641.808847353752,,,,,,,,,3.7792801360230174e-05,,,4173.999561976647,,,,,
2026-02-03 13:01:06+00:00,-11.279383060075308,,,10.274281226108736,,0.0,-11.79501508570691,,,0.6582044722117111,,-0.9256453503725623,,,,,,,,,,,,3088.2718287363705,,,,,,,,,3.59528457726886e-06,,5.153040931169694e-06,2238.9718641373875,2.6546275491800643e-05,,,,
2026-02-03 13:01:07+00:00,,,,10.26947012090196,,0.0,,,,,,-0.7217060545332172,,,,,,,-20.0,,,,,5579.514544908086,,,,746.9485711296152,,,,,,,3.567931725365219e-06,,5.4795217165552456e-06,0.2933693708705126,,,
2026-02-03 13:01:08+00:00,,66.44512729486674,,10.292279656725023,,0.0,,,,,,-0.6273685692512996,,-12.15669445845772,,0.1116173969353519,,,-20.0,,,,,3071.802228714396,2.6297189810236133e-06,,,2757.145288272952,,,,,,,1.1354320394078737e-05,,9.89091483238974e-06,-0.06602862218243186,,,
2026-02-03 13:01:09+00:00,,66.55443020266843,,10.32828732598445,,0.0,,,,,,,371.9653340599472,-11.97228880521829,160.96880707023297,0.4150368963240001,,,-20.0,,,,,1555.3147484272424,5.876129726479392e-06,,,2763.1128406232647,,,,,,,4.996965632387106e-07,,1.4282770341816517e-05,-0.4377284238181352,,,
2026-02-03 13:01:10+00:00,,66.4373663365317,69258.66590110025,10.355681362041542,,20.22714858761809,,6.628364772052198e-05,,,,,339.0311679517393,-11.365411256522798,81.73858436752403,0.1095123121508253,,,-5.84099598866734,,,,,,1.7915291463773137e-05,,,10298.210319958029,,,,,,,1.0014872405289044e-05,,2.9761596749176663e-05,-0.4490444531665605,,,
2026-02-03 13:01:11+00:00,,66.51098296833008,69262.56775841858,10.36550371201807,,,,6.176964444920946e-05,,,,,340.72302655038607,-11.174583332421474,39.55256595334038,0.1886132235214847,,,-14.149874716009489,,,,,,7.009351080572756e-06,2946.154229010164,,2027.755313420416,,,,,,,,,,-0.2270936860742248,,False,
2026-02-03 13:01:12+00:00,,66.52294950308256,69267.6082182288,10.299857700300231,,,,6.27953079775485e-05,,,,,359.2627748206347,-12.070514152248265,84.65467021021924,0.1189549902991546,,,,,,,,,5.646091310417988e-05,6612.030218504154,,,,,,,,4007.746332113065,,,,,,False,
2026-02-03 13:01:13+00:00,,,69270.6618131531,10.299204074667683,,,,1.3214980964659684e-05,,,0.8444479775275205,,344.3569541763937,,418.847172924892,,1.2831070118480085e-06,,,,13.6994512172755,,,,,517.6624999289045,,,2.9772704994106336e-06,,,,,465.9073914856372,,,,,,False,
2026-02-03 13:01:14+00:00,,,69271.9949195447,10.29232053790418,,,,0.0001945603658505,,,0.8471791942527465,,,,,,1.8903449920160825e-05,,,0.5429141219580661,13.718741612983822,,,,,2098.225684392496,,,2.5093629250007705e-06,,4.741285656444269e-05,,,1940.0453918043372,,,,,,False,
2026-02-03 13:01:15+00:00,,,,10.29166567653282,9.141439129083436,,,,,,0.8346289047171137,,,,,,4.365783465238025e-06,,,0.5172873865279185,13.748165130069005,,,,,2315.65290003873,1.2367969049143204e-05,,2.435255231889772e-05,962.943009892593,1.945909597842099e-06,,,3032.683969879809,,,,,,False,
2026-02-03 13:01:16+00:00,,,,10.307457279571825,0.6284677712923283,,,,,,0.8103248175719688,,,,,,3.4465141127648927e-06,,,0.5085676768967817,13.82432489136646,59.21461833718967,,,,,8.748433683117055e-06,,6.287903141537173e-06,3710.1806332806977,1.426952001687418e-05,,,2015.6657226028517,,,,,,,
2026-02-03 13:01:17+00:00,,,,10.27582751374166,358.67641437677884,,,,,,0.7662638316551257,,,,,,3.068010941663516e-06,,,0.5660322123015973,13.765526411734642,807.8214459956405,,,,,7.125397604516234e-06,,1.4412320669701937e-05,715.9796223776182,3.422033383826469e-07,,,,,,,,,,
2026-02-03 13:01:18+00:00,,,,10.24400852108846,341.3910839744191,,,,,,,,,,,,,,,0.5778030165249436,,1496.3691296780132,,,,,3.810782473203817e-06,,,4273.920753853023,4.383484532658872e-06,,,,,,,,0.94771876399956,,
2026-02-03 13:01:19+00:00,,,,10.230612038912314,351.9001313526708,,,,10741.58292457187,,,,,,,,,,,,,1568.9149492305162,,,,,6.1663531827928505e-06,,,2084.8858174829456,,760.095909969151,,,,,,,0.9900239807351853,,
2026-02-03 13:01:20+00:00,,,,10.232592832752593,,,,,9003.386046287336,,,,,,,,,,,,,2424.593593881028,6.55501122704107e-06,,,,,,,,,944.7307231378084,,,,,,,0.9454935564418517,,True
2026-02-03 13:01:21+00:00,,,,10.23242673961123,,,,,10626.997283855457,,,,,,,,,1,,,,,1.3432696638950068e-05,,,,,,,,,2208.9034666263333,,,,,,,0.9824399491207989,,True
2026-02-03 13:01:22+00:00,-11.316398295570687,,,10.203420275532874,,,-11.859971644491235,,11498.167877979353,0.6512933904337177,,,,,,,,1,,,,,2.208497315660215e-06,,,,,,,,,3818.058544823591,9.179045004195416e-06,,,882.6711051934955,,,0.9896268716477937,,True
2026-02-03 13:01:23+00:00,-11.305206000172843,,,10.187030966238106,,,-11.837796434765384,,3568.8800893302146,0.7021333304724949,,,,,,,,1,,,,,6.11216445182049e-07,,,,,,,,,98.19637622550556,8.816090985021277e-06,,,135.76075256726963,,,,,True
2026-02-03 13:01:24+00:00,-11.322595524523113,,,10.228081866459211,,,-11.866234599257384,,,0.6191737588613789,,-0.6311251413998812,,,,,,1,,,,,7.773732895226939e-06,,,,,,,,,,2.1861108513704485e-05,,,3358.071646631251,,,,,True
2026-02-03 13:01:25+00:00,-11.309604764169585,,,10.223694165017372,,,-11.845884813977552,,,0.5805721145360585,,-0.663608141861138,,,,,,1,,,,,,3274.1555643204465,,,,,,,,,9.018467425123004e-06,,,166.56841156000948,,,,,
2026-02-03 13:01:26+00:00,-11.316650875705593,,,10.223037299650388,,50.76166518137195,-11.849093093824631,,,0.6078092414229394,,-0.8027804258079632,,,,,,,,,,,,2355.027710627324,,,,,,,,,3.813930384935484e-06,,7.604356682701115e-06,2993.6785106643183,1.0033529121751066e-05,,,,
2026-02-03 13:01:27+00:00,,,,10.237120050581352,,0.0,,,,,,-0.2708055450528513,,,,,,,-20.0,,,,,3400.270287022978,,,,1799.6324567674142,,,,,,,3.383893096581037e-06,,8.919893503777245e-06,-0.396069092461689,,,
2026-02-03 13:01:28+00:00,,66.83824548639932,,10.276405276733826,,45.64981975525561,,,,,,-0.7514719170398994,,-11.90999122762122,,0.4105190402670104,,,11.954873828678927,,,,,3703.995388641248,3.230563193784032e-06,,,408.1624354192323,,,,,,,1.604961695946981e-05,,2.0743832206907205e-05,-0.1625453021893274,,,
2026-02-03 13:01:29+00:00,,66.80585096841662,,10.198533001489889,,37.38820140441439,,,,,,,358.76056868579064,-12.617543550727069,86.30379581924515,0.0313886525884324,,,6.171740983090071,,,,,5827.284572853691,4.601103911940749e-06,,,6898.078008228172,,,,,,,1.1613913409989836e-05,,4.41070014544105e-05,0.007410521474867968,,,
2026-02-03 13:01:30+00:00,,66.74004004731995,69297.1360132898,10.228406677591884,,59.65489554531433,,2.942527389028531e-05,,,,,348.3802293838015,-10.885574561050252,186.593076057282,0.0046859018513373,,,21.758426881720027,,,,,,7.808107984589009e-06,,,788.7333434435982,,,,,,,1.2180742734811492e-05,,6.288922687590958e-06,0.16051101104825136,,,
2026-02-03 13:01:31+00:00,,66.85338076076523,69303.52261835532,10.255940461878165,,,,3.946612350053944e-05,,,,,365.9254429607517,-11.541911201769317,61.83572819527831,0.1808491007956291,,,-20.0,,,,,,2.155523398898168e-05,475.5185687429516,,495.4235455828343,,,,,,,,,,-0.18042646881332544,,False,
2026-02-03 13:01:32+00:00,,67.19618445219986,69301.83932633874,10.304711010583953,,,,0.0001006544495192,,,,,327.1836477768865,-11.891613985289997,100.96292361914638,0.2057980547214995,,,,,,,,,3.8423919801264594e-05,4790.500824204867,,,,,,,,5244.940076429619,,,,,,False,
2026-02-03 13:01:33+00:00,,,69305.66392758147,10.277244090172832,,,,3.730323852586655e-05,,,0.8228250825063608,,361.8585055150507,,210.75692068776573,,3.6296927657421458e-06,,,,13.777117433006682,,,,,331.04363997987167,,,5.056227250986138e-06,,,,,3242.71166305272,,,,,,False,
2026-02-03 13:01:34+00:00,,,69307.63962052744,10.342919223563175,,,,4.120377517865842e-05,,,0.8545641787847272,,,,,,3.983766506151206e-06,,,0.602643095512933,13.825482612115126,,,,,2688.932753888216,,,5.579407946584412e-07,,1.625846455437238e-05,,,1609.2901940789284,,,,,,False,
2026-02-03 13:01:35+00:00,,,,10.325093313933293,327.4862256088816,,,,,,0.8225510801567564,,,,,,2.547595495028587e-06,,,0.5850170125907547,13.784093515908149,,,,,1260.6893488027283,6.877069865656687e-06,,5.044375694753972e-07,102.78979520489396,2.1782172197204905e-07,,,4491.587231024338,,,,,,False,
2026-02-03 13:01:36+00:00,,,,10.361313026715951,333.9770534851868,,,,,,0.852110125578334,,,,,,2.295048709835344e-05,,,0.5825746265462357,13.83412224921517,26478.126977111697,,,,,5.6499935302654704e-05,,1.1698796570295225e-06,5087.348855756255,0.0001305984907581,,,12281.703030035244,,,,,,,
2026-02-03 13:01:37+00:00,,,,10.326064267640309,332.2389028088709,,,,,,0.8549050674077711,,,,,,4.247912264950439e-06,,,0.6225223262321354,13.77221345616815,3035.346295082851,,,,,3.866391058471155e-06,,1.4716932388730112e-05,1702.5795549236268,1.6686180294093874e-06,,,,,,,,,,
2026-02-03 13:01:38+00:00,,,,10.340353800414633,346.0701066072872,,,,,,,,,,,,,,,0.6189014570538446,,1027.6861920910242,,,,,1.8459519480290707e-05,,,2941.394844848094,1.2226353761546544e-05,,,,,,,,0.970591013335148,,
2026-02-03 13:01:39+00:00,,,,10.28184766440483,341.19849099058484,,,,74597.2053731672,,,,,,,,,,,,,14788.650263319249,,,,,5.790047162164607e-05,,,995.9718782983356,,16414.069677694024,,,,,,,0.9466407722168716,,
2026-02-03 13:01:40+00:00,,,,10.2581666567971,,,,,7210.050185157027,,,,,,,,,,,,,3742.900404099758,7.896904676893666e-06,,,,,,,,,2003.6547748458845,,,,,,,0.7914077787341652,,True
2026-02-03 13:01:41+00:00,,,,10.258675684049408,,,,,16583.744743477593,,,,,,,,,1,,,,,1.8246888117228262e-05,,,,,,,,,3252.6509757504814,,,,,,,0.700596303169036,,True
2026-02-03 13:01:42+00:00,-11.239680293738424,,,10.26377504448986,,,-11.910834770865463,,12459.1520891519,0.75191502315025,,,,,,,,1,,,,,4.386898066984849e-05,,,,,,,,,1694.7444033118288,1.5382671398123229e-06,,,1546.4686606332073,,,0.16273501989701813,,True
2026-02-03 13:01:43+00:00,-11.264838295137409,,,10.232688890387356,,,-11.88835491760101,,8018.368490256017,0.6448293114367599,,,,,,,,1,,,,,1.308311379471265e-06,,,,,,,,,5283.957538360691,5.6898918820735e-06,,,141.64664884528747,,,,,True
2026-02-03 13:01:44+00:00,-11.247020955556472,,,10.189259409347311,,,-11.895906663595923,,,0.6736208192932247,,-0.6233044306549943,,,,,,1,,,,,3.880315172541591e-06,,,,,,,,,,5.283546380706331e-06,,,5556.390765769327,,,,,True
2026-02-03 13:01:45+00:00,-11.226730979611816,,,10.162713015791342,,,-11.909136965502755,,,0.641775443109725,,-0.5929472345415115,,,,,,1,,,,,,390.7642961353495,,,,,,,,,8.521849523571328e-06,,,3163.354038693461,,,,,
2026-02-03 13:01:46+00:00,-11.20964855188377,,,10.133052555995576,,0.0,-11.913553820719322,,,0.6321327744323384,,-0.9301228664154194,,,,,,,,,,,,608.573497788353,,,,,,,,,9.098606029498154e-06,,3.6358657051353866e-06,869.6510335170465,1.5118410978157118e-07,,,,
2026-02-03 13:01:47+00:00,,,,10.089457153434315,,18.83001474713228,,,,,,-0.587779169030375,,,,,,,-6.818989677007403,,,,,2079.447612724988,,,,7452.381748269525,,,,,,,8.656921854825234e-06,,4.379263360698185e-05,-0.8776220686287011,,,
2026-02-03 13:01:48+00:00,,65.29576986158557,,10.083835099402709,,25.399391014993355,,,,,,-0.7209642277934789,,-11.918966730238871,,0.3223565479379272,,,-2.220426289504651,,,,,9221.07798536717,2.0047313215936494e-05,,,3092.2562737296835,,,,,,,0.0001097314437089,,3.915793261383244e-06,-0.9143710464000673,,,
2026-02-03 13:01:49+00:00,,65.3520284329065,,10.078260284890234,,0.0,,,,,,,339.90639581128374,-11.70773034245542,199.59892910875357,0.4562697562952305,,,-20.0,,,,,2990.90215619474,8.261047811538477e-06,,,2428.381206432004,,,,,,,1.6673215286988016e-05,,3.5546337714104125e-06,-0.7804372978924242,,,
2026-02-03 13:01:50+00:00,,65.55228976417182,69316.24754622216,10.076895100466215,,22.40854842921263,,1.7400144446735385e-05,,,,,333.7287036588237,-11.249665224437884,291.2308659722623,0.6390782694791354,,,-4.314016099551161,,,,,,2.662683095748613e-07,,,3368.554972585101,,,,,,,1.061070115528166e-05,,6.1239346892734365e-06,-0.8495761971763565,,,
2026-02-03 13:01:51+00:00,,65.70960872054084,69314.43565692505,10.066710023772218,,,,2.7743293968507613e-05,,,,,346.4053892421727,-12.350787157105392,264.9230462415413,0.1794101829740374,,,-12.774377082809972,,,,,,3.585577757605725e-06,602.2098053335624,,595.0487563182528,,,,,,,,,,-0.9051894340437338,,False,
2026-02-03 13:01:52+00:00,,65.55742334696312,69315.33335961464,10.077318835671791,,,,6.53613460123605e-05,,,,,348.9889090432387,-11.736761873988495,96.39177559812724,0.8143725663855242,,,,,,,,,1.564395697647586e-05,442.4789697838578,,,,,,,,5371.130807686548,,,,,,False,
2026-02-03 13:01:53+00:00,,,69311.8156459719,10.135990521510497,,,,3.2039272009544415e-05,,,0.8478659103615656,,358.82439015445664,,264.5407776271486,,3.1609413940898034e-06,,,,13.291268026945415,,,,,4658.861983775404,,,1.5175416439751452e-05,,,,,764.2499574103995,,,,,,False,
2026-02-03 13:01:54+00:00,,,69312.69458005992,10.16922016172724,,,,2.993003156383386e-05,,,0.8126700106580212,,,,,,2.943198307032252e-06,,,0.7743180737680351,13.373307868226568,,,,,173.4247352243354,,,5.986054662347127e-06,,3.338719193295852e-07,,,2430.684775485452,,,,,,False,
2026-02-03 13:01:55+00:00,,,,10.201458086610696,228.8077791972672,,,,,,0.8671637178217284,,,,,,4.987558113354444e-06,,,0.7863905316768943,13.428092981560887,,,,,406.8225633354076,2.206256988853754e-06,,3.456323610309779e-06,742.8218763794209,1.69979634558664e-05,,,7126.781716631531,,,,,,False,
2026-02-03 13:01:56+00:00,,,,10.237346384168502,216.9036434775207,,,,,,0.8513725535434293,,,,,,2.699841512031121e-06,,,0.8042824970295623,13.488477696954211,753.6766876038209,,,,,3.295221029124903e-06,,5.101843832023293e-06,3581.235793739855,8.251077888107056e-06,,,50.57833895849516,,,,,,,
2026-02-03 13:01:57+00:00,,,,10.2338792076614,216.00231436286973,,,,,,0.8240723850447568,,,,,,2.964999729743336e-06,,,0.8694271239348588,13.465044482449004,1701.8630008587254,,,,,1.2959548074848205e-07,,8.50682891765375e-07,3765.9264542906735,1.087247269651271e-05,,,,,,,,,,
2026-02-03 13:01:58+00:00,,,,10.22610039116718,228.01552140461095,,,,,,,,,,,,,,,0.8616482958748777,,4817.49138390549,,,,,1.0289342597379653e-06,,,845.8044974843398,4.321403921505897e-06,,,,,,,,-0.6689292641616027,,
2026-02-03 13:01:59+00:00,,,,10.233465747834986,219.5852143934385,,,,6063.6352985680805,,,,,,,,,,,,,1850.0970843702144,,,,,7.283228995796943e-07,,,3667.1450232188686,,706.5641549841716,,,,,,,-0.770677709169997,,
2026-02-03 13:02:00+00:00,,,,10.18540040822062,,,,,7153.374118326136,,,,,,,,,,,,,1316.324469660986,7.103827931116224e-06,,,,,,,,,439.85216046691374,,,,,,,-0.5599185800895878,,True
2026-02-03 13:02:01+00:00,,,,10.173457484204029,,,,,6755.293864625373,,,,,,,,,1,,,,,6.121052844594545e-06,,,,,,,,,3706.602971173065,,,,,,,-0.5084012716976506,,True
2026-02-03 13:02:02+00:00,-11.128385546524097,,,10.143254707696256,,,-11.95989734080377,,10524.130783366,0.6757700228458287,,,,,,,,1,,,,,8.642607034729738e-06,,,,,,,,,720.8324571610254,8.933435452230901e-06,,,2891.2767121614297,,,-0.5387196543528551,,True
2026-02-03 13:02:03+00:00,-11.14218572461618,,,10.188789586367262,,,-11.977956037565136,,6256.499962175017,0.6430140470130906,,,,,,,,1,,,,,7.488510533640356e-06,,,,,,,,,2068.273617970002,8.127484869037272e-07,,,818.2525782348456,,,,,True
2026-02-03 13:02:04+00:00,-11.179133426215143,,,10.155076443109945,,,-11.973710279395224,,,0.6703164853359608,,-0.9917301156193152,,,,,,1,,,,,1.1491532802924322e-05,,,,,,,,,,1.6506873059875448e-06,,,1456.3879952778625,,,,,True
2026-02-03 13:02:05+00:00,-11.185616506426689,,,10.180618190131632,,,-11.96819368816089,,,0.6958630341312336,,-0.7656798794812157,,,,,,1,,,,,,895.8931912072647,,,,,,,,,4.017625286704756e-05,,,7730.020180000898,,,,,
2026-02-03 13:02:06+00:00,-11.218318973867008,,,10.168077412091112,,36.06522296929792,-11.972107217896156,,,0.6269353330484639,,-0.6339284554500793,,,,,,,,,,,,395.23401672455,,,,,,,,,5.210719211602453e-06,,1.424663766376756e-05,773.5344323117785,2.20853886295439e-06,,,,
2026-02-03 13:02:07+00:00,,,,10.127161210103562,,0.0,,,,,,-0.4868386451357624,,,,,,,-20.0,,,,,1055.971926967897,,,,3833.82999566598,,,,,,,3.8077709872215145e-07,,4.772018302607421e-06,-0.9441096243365622,,,
2026-02-03 13:02:08+00:00,,66.10824716728425,,10.259696801478414,,31.496046776333053,,,,,,-0.6350713506231886,,-12.46490730327994,,0.7580660988999748,,,2.0472327434331348,,,,,65.24403084098861,9.110336157609357e-06,,,35.38788307445867,,,,,,,7.928235564833635e-07,,8.665174969054557e-06,-0.9582936893909716,,,
2026-02-03 13:02:09+00:00,,65.7904221343705,,10.2542316027299,,0.0,,,,,,,352.2427835747948,-10.896690846941803,244.36551611540185,0.7563477867205025,,,-20.0,,,,,1132.728227512066,1.560174854922089e-05,,,5003.631053517663,,,,,,,3.122603853438058e-06,,7.370224949631368e-06,-0.8482153584171322,,,
2026-02-03 13:02:10+00:00,,65.69013013369907,69329.71218873656,10.255292310601806,,0.0,,3.876294508115859e-05,,,,,353.265362257287,-11.03318444366828,283.90934380864127,0.836014649963724,,,-20.0,,,,,,1.2063170550448751e-05,,,3153.9338658780766,,,,,,,2.065639667882729e-05,,2.0664377657413774e-06,-0.9684279034663388,,,
2026-02-03 13:02:11+00:00,,65.7435366873816,69331.65733783417,10.221056807577064,,,,2.9609292937076743e-05,,,,,341.5915909806193,-11.805777412101165,244.18257214675717,0.0228104733963085,,,9.639468638207052,,,,,,6.403901571478367e-06,2624.131664556275,,432.1588516123657,,,,,,,,,,-0.9836403304032298,,False,
2026-02-03 13:02:12+00:00,,65.8405446533008,69337.66973920513,10.22432793659772,,,,1.7637027582851944e-05,,,,,371.23284234161423,-12.060143061407086,304.0810138028255,0.3116603389936866,,,,,,,,,1.0899969685358944e-06,3908.895241302568,,,,,,,,1445.248412003414,,,,,,False,
2026-02-03 13:02:13+00:00,,,69335.68014885877,10.212549067896626,,,,1.5829457929547147e-05,,,0.8426739123241833,,343.2931842164998,,388.5668515880428,,1.550000673123559e-06,,,,13.413174039976608,,,,,694.4494142847024,,,8.370612225730545e-06,,,,,2296.3063250780283,,,,,,False,
2026-02-03 13:02:14+00:00,,,69332.68333052189,10.279923741288323,,,,4.485506960929392e-05,,,0.8202742655691284,,,,,,4.363365987739564e-06,,,0.8213628525037573,13.504751656473172,,,,,4271.015227862373,,,4.474963812657918e-06,,2.2999591996178462e-05,,,3496.77704349876,,,,,,False,
2026-02-03 13:02:15+00:00,,,,10.28859048338202,256.98896827441854,,,,,,0.8836786619856554,,,,,,3.2295304588801925e-06,,,0.772977544527585,13.509763472414049,,,,,3268.000607811962,1.2790148315456902e-06,,9.76466782751918e-06,420.0942296172276,1.1592936376305163e-05,,,4586.987255389716,,,,,,False,
2026-02-03 13:02:16+00:00,,,,10.315754594706744,259.05262258735274,,,,,,0.8354964547786322,,,,,,1.4192034043858616e-06,,,0.7529992861805478,13.52491532467559,2264.8190923599277,,,,,2.234178537413252e-07,,1.2004185288992171e-05,218.0051710818999,5.917593595422944e-06,,,65.47678211645524,,,,,,,
2026-02-03 13:02:17+00:00,,,,10.318981954707215,256.15549631013795,,,,,,0.8464131501920739,,,,,,4.02511410754099e-06,,,0.7003241773739814,13.54299101198758,730.044145701708,,,,,3.932682058893573e-06,,1.3364782318641597e-06,1950.5958543943968,1.5199204245361537e-06,,,,,,,,,,
2026-02-03 13:02:18+00:00,,,,10.298786260332037,259.061955978267,,,,,,,,,,,,,,,0.6933029706715739,,6886.444926993502,,,,,6.694424030975575e-06,,,4880.007466301844,2.544850384639294e-06,,,,,,,,-0.18974741540061701,,
2026-02-03 13:02:19+00:00,,,,10.26094660698622,254.2586643179125,,,,5323.48088024664,,,,,,,,,,,,,581.7133181649132,,,,,6.845837166568926e-06,,,879.6118232733024,,1280.4248971999298,,,,,,,-0.27129490343899565,,
2026-02-03 13:02:20+00:00,,,,10.23637011974414,,,,,9064.917665495514,,,,,,,,,,,,,1049.4329012170042,1.1088247327503753e-05,,,,,,,,,1635.8758700479027,,,,,,,-0.5675568564038427,,True
2026-02-03 13:02:21+00:00,,,,10.220743887978315,,,,,7455.191300440236,,,,,,,,,1,,,,,1.592201340456434e-05,,,,,,,,,690.2463837744253,,,,,,,-0.6110960011894299,,True
2026-02-03 13:02:22+00:00,-11.309217150952367,,,10.150329638844768,,,-11.950630217561969,,20346.987657709305,0.6698270253088336,,,,,,,,1,,,,,2.5322854471006608e-05,,,,,,,,,10452.757085051158,2.7140496663045297e-05,,,986.146066074957,,,-0.7257463933356108,,True
2026-02-03 13:02:23+00:00,-11.282558731809033,,,10.175769264938808,,,-11.95575670221281,,7124.23710224673,0.6989521814809889,,,,,,,,1,,,,,1.6658325618511506e-05,,,,,,,,,1874.2079976964176,1.6754929348348388e-07,,,2714.7534956819027,,,,,True
2026-02-03 13:02:24+00:00,-11.301061992295743,,,10.171130760110533,,,-11.953524381807144,,,0.7320521126882538,,-0.7734174150400441,,,,,,1,,,,,2.1992909726612068e-05,,,,,,,,,,2.3052615766319243e-05,,,1898.1760359683988,,,,,True
2026-02-03 13:02:25+00:00,-11.32106392294614,,,10.14520943653474,,,-11.961124490075484,,,0.6987716650902962,,-0.4794002074446912,,,,,,1,,,,,,1490.3940815391547,,,,,,,,,1.5351053144507352e-05,,,1491.2958160698606,,,,,
2026-02-03 13:02:26+00:00,-11.320812079081715,,,10.123508640520338,,7.912599852084474,-11.989696625092208,,,0.6624314602417227,,-0.7886587401869691,,,,,,,,,,,,2450.2662320479035,,,,,,,,,1.586412157649282e-05,,1.7043615756621157e-05,12782.570714006742,7.031135140528323e-06,,,,
2026-02-03 13:02:27+00:00,,,,10.146106612679176,,28.295743001149823,,,,,,-0.2588045326645448,,,,,,,-0.1929798991951266,,,,,2824.04333008306,,,,1692.1165797912424,,,,,,,6.313640837052254e-06,,5.859424760323455e-06,-0.9666510365289173,,,
2026-02-03 13:02:28+00:00,,65.58180705423044,,10.183403587170163,,0.0,,,,,,-0.7348014113211757,,-11.652148970105092,,0.4433708793776091,,,-20.0,,,,,4659.44966582373,7.119667101338073e-06,,,2410.5559587807884,,,,,,,2.4177061422551367e-05,,1.2043058899182433e-07,-0.9661083252786065,,,
2026-02-03 13:02:29+00:00,,65.62593012078337,,10.226318487083958,,1.8832304667052384,,,,,,,348.0913119100831,-11.86227633978674,272.21609344153825,0.3582450750501184,,,-18.68173867330633,,,,,519.8522651083541,1.0290115746737315e-05,,,459.8126600477341,,,,,,,7.290704923971288e-06,,3.2020809198740285e-06,-0.9988210923627995,,,
2026-02-03 13:02:30+00:00,,65.42947661390272,69361.63759450986,10.2297333136857,,0.0,,3.07661330833361e-05,,,,,347.9346107550261,-11.81461991900898,140.91305671813075,0.9794282912668648,,,-20.0,,,,,,9.981068797807654e-06,,,3065.882154049071,,,,,,,1.1844521770447571e-05,,9.347519344202026e-06,-0.9993081486420374,,,
2026-02-03 13:02:31+00:00,,65.5680840078577,69357.37832532176,10.25594774322275,,,,6.618012833214055e-05,,,,,342.29811622654864,-12.21187940915202,28.13268930466721,0.4502883386541806,,,-20.0,,,,,,1.63749264998979e-06,557.096108450021,,3541.103348798124,,,,,,,,,,-0.9740263353331777,,False,
2026-02-03 13:02:32+00:00,,65.65260166548806,69357.25619661075,10.262156979120295,,,,2.699145239124556e-05,,,,,338.2081761287549,-12.5598521740901,102.67828155744242,0.3027516934980732,,,,,,,,,1.167912657359946e-05,5443.96379395354,,,,,,,,2401.733057825797,,,,,,False,
2026-02-03 13:02:33+00:00,,,69360.43709408131,10.287588291027296,,,,2.8312657521415823e-05,,,0.8642348147272874,,375.0148971130337,,231.46050201146988,,2.752118059206332e-06,,,,13.524696821999292,,,,,2535.684368455014,,,1.0803512631250033e-07,,,,,2580.313810448992,,,,,,False,
2026-02-03 13:02:34+00:00,,,69358.0477602528,10.338455898161447,,,,3.979992426176844e-05,,,0.833563603387137,,,,,,3.8496971553408e-06,,,0.5966203111742863,13.614238618191962,,,,,3483.199317871882,,,3.334726144591557e-05,,1.783222845798412e-05,,,7729.860373615537,,,,,,False,
2026-02-03 13:02:35+00:00,,,,10.324099052602987,292.3265351425747,,,,,,0.815689656990171,,,,,,1.1878734342377492e-05,,,0.5852343809818707,13.58508801757196,,,,,25296.69048435028,7.514999420388042e-05,,2.447457348974136e-05,2697.198622459467,7.184403865211629e-06,,,9426.851627338188,,,,,,False,
2026-02-03 13:02:36+00:00,,,,10.31653597877237,287.4801064002965,,,,,,0.8201999829748096,,,,,,4.751090377955074e-06,,,0.5616208538852702,13.609714223842875,9327.88542821653,,,,,2.3573015936469545e-06,,2.978274134815408e-07,7349.183425081735,1.1766274934043358e-05,,,4142.877297717286,,,,,,,
2026-02-03 13:02:37+00:00,,,,10.341710329356282,277.67243244268053,,,,,,0.7704952605549156,,,,,,4.189923094512038e-06,,,0.5616862393948316,13.672772320013497,4080.626439905661,,,,,8.223901457953544e-06,,1.314224072164639e-05,137.60196840827237,2.3775658655158702e-05,,,,,,,,,,
2026-02-03 13:02:38+00:00,,,,10.330056134759666,294.231055061974,,,,,,,,,,,,,,,0.5457550374385035,,3840.6382843769848,,,,,1.0979719143643006e-05,,,4802.8445858376135,1.5449645374476154e-05,,,,,,,,0.4104173546384253,,
2026-02-03 13:02:39+00:00,,,,10.303390695063182,296.7541157509775,,,,8001.693150719652,,,,,,,,,,,,,4439.994581965506,,,,,1.4341065017611289e-05,,,4509.627942871547,,152.18321037367264,,,,,,,0.4501625855948855,,
2026-02-03 13:02:40+00:00,,,,10.387652511140455,,,,,4501.622596732487,,,,,,,,,,,,,1127.7552492961383,9.118774334577444e-07,,,,,,,,,2409.914567499136,,,,,,,0.36693151001038327,,True
2026-02-03 13:02:41+00:00,,,,10.377126162110123,,,,,19212.33700535228,,,,,,,,,1,,,,,2.3163678924545145e-05,,,,,,,,,5158.16143584936,,,,,,,0.2818868893658497,,True
2026-02-03 13:02:42+00:00,-11.437721747738204,,,10.394396106764107,,,-11.8451620886933,,13943.909658425178,0.6321338847758434,,,,,,,,1,,,,,5.083155494499597e-06,,,,,,,,,2662.997767203703,1.565466004801899e-05,,,4751.844007071572,,,0.5295787708877849,,True
2026-02-03 13:02:43+00:00,-11.44486646013616,,,10.463790645961192,,,-11.835433899364352,,8338.838065548107,0.62535671043358,,,,,,,,1,,,,,1.902167420642471e-05,,,,,,,,,1334.0736297013025,6.624115889777023e-06,,,940.0094372847924,,,,,True
2026-02-03 13:02:44+00:00,-11.460773220067022,,,10.534927019796823,,,-11.842598995018337,,,0.6802669571903164,,-0.5657891937849459,,,,,,1,,,,,5.444900006161293e-06,,,,,,,,,,2.829130905485687e-06,,,3929.102411710904,,,,,True
2026-02-03 13:02:45+00:00,-11.46757442693172,,,10.543667096804144,,,-11.82754709133012,,,0.7437675407022286,,-0.8380699250727579,,,,,,1,,,,,,3443.2943931064538,,,,,,,,,1.8549932733144293e-06,,,5974.18681627865,,,,,
2026-02-03 13:02:46+00:00,-11.461239147137697,,,10.458887776633668,,43.5792405294993,-11.80993843750686,,,0.5175309362115857,,-0.5948805447132909,,,,,,,,,,,,10946.7260947923,,,,,,,,,1.935033382350469e-05,,4.283013287175085e-06,7746.4460881844625,2.409583914882106e-05,,,,
2026-02-03 13:02:47+00:00,,,,10.43677350376356,,14.74648720734526,,,,,,-0.9136994395307524,,,,,,,-9.677458954858318,,,,,4391.462521874603,,,,2076.979443319675,,,,,,,3.253566633065683e-06,,1.756768760128244e-05,-0.5028315895789441,,,
2026-02-03 13:02:48+00:00,,65.84686388558023,,10.443952230908357,,0.0,,,,,,-1.06370865998569,,-11.174918388556629,,0.6004231503340645,,,-20.0,,,,,3772.526102365476,1.6605862373705687e-05,,,471.46282159962425,,,,,,,7.397277420386519e-06,,1.5131509955432903e-06,-0.5549339587329107,,,
2026-02-03 13:02:49+00:00,,65.86344045192988,,10.417009568879314,,0.0,,,,,,,372.0525470841706,-12.297246553293292,16.435545746622232,0.0107952624070689,,,-20.0,,,,,22948.8687680481,0.0002062124637437,,,6443.562319294181,,,,,,,2.241122407827016e-05,,3.2182327731373924e-05,-0.7145124919249571,,,
2026-02-03 13:02:50+00:00,,66.20552059063539,69351.69933011966,10.407044241784774,,0.0,,6.169369047127904e-05,,,,,349.2864114871241,-12.30764987623136,133.56648922864102,0.0557767503796992,,,-20.0,,,,,,5.030540901631043e-06,,,3262.461396352669,,,,,,,2.7544052529845206e-06,,2.960444080649608e-07,-0.6266964296464198,,,
2026-02-03 13:02:51+00:00,,66.25617898432648,69345.6177217386,10.46301927431406,,,,3.4124835992922614e-05,,,,,354.50011720017665,-11.812111596234448,174.2415567836,0.0575418466336331,,,-5.334588349290828,,,,,,1.2157263503336374e-05,5620.047582736817,,14.040038192528463,,,,,,,,,,-0.5269834375619775,,False,
2026-02-03 13:02:52+00:00,,66.34382988671621,69347.51748073494,10.526745796240064,,,,2.2366662841026067e-05,,,,,358.9524055128138,-12.506422818559589,381.27236656951845,0.3802228303859289,,,,,,,,,6.86732374329496e-06,3464.29713361951,,,,,,,,467.00982482060624,,,,,,False,
2026-02-03 13:02:53+00:00,,,69353.98809107937,10.535251252471346,,,,3.148267541045243e-05,,,0.8702086482893439,,345.6550954687372,,274.4442099230412,,2.988317473972656e-06,,,,13.952007504961117,,,,,4513.080873649312,,,7.908190619684641e-07,,,,,1375.0556318315384,,,,,,False,
2026-02-03 13:02:54+00:00,,,69351.39345774574,10.513971409699671,,,,7.683641281612245e-05,,,0.8478753315902677,,,,,,7.308029461183142e-06,,,0.3761589673203775,13.90628786569904,,,,,2865.5902861804866,,,3.8191850208482685e-05,,1.78252099007104e-05,,,2157.896080655284,,,,,,False,
2026-02-03 13:02:55+00:00,,,,10.530647729275,10.04011347156536,,,,,,0.7974167951084107,,,,,,5.788699774576313e-06,,,0.3729638632804947,13.929851061349062,,,,,10168.579272940588,1.7774604118183742e-06,,1.4171525788818944e-05,5669.800816343221,5.234058910459879e-06,,,550.8183831298727,,,,,,False,
2026-02-03 13:02:56+00:00,,,,10.488530504345396,14.03545992704132,,,,,,0.8277558356527589,,,,,,3.561250725205483e-06,,,0.3596652047842115,13.857377447585314,136.7978608481489,,,,,8.07564750201005e-06,,1.117147809840163e-06,2645.413918128604,4.639494699697453e-06,,,4592.46270801528,,,,,,,
2026-02-03 13:02:57+00:00,,,,10.48662937523132,0.955616571661599,,,,,,0.8134319807235899,,,,,,2.769764393323969e-06,,,0.4016550321305047,13.907030577022152,1523.830597519474,,,,,3.743342904126583e-06,,3.542373587392752e-06,473.268631782303,1.76309401695137e-05,,,,,,,,,,
2026-02-03 13:02:58+00:00,,,,10.489292868314106,345.4435359907649,,,,,,,,,,,,,,,0.4221123938026607,,10034.33876978666,,,,,2.194398806863591e-05,,,7979.174561511809,7.971827703023412e-06,,,,,,,,0.9679004250919788,,
2026-02-03 13:02:59+00:00,,,,10.454839443857155,12.904172685952688,,,,4068.1858763440823,,,,,,,,,,,,,1069.9784436847171,,,,,5.69033520292806e-06,,,717.6384324429191,,359.285265250198,,,,,,,0.9747449329458457,,
2026-02-03 13:03:00+00:00,,,,10.440063211630202,,,,,14196.13548404922,,,,,,,,,,,,,5080.1377018887015,7.991907549888509e-06,,,,,,,,,2934.936774546542,,,,,,,0.8262548054555666,,True
2026-02-03 13:03:01+00:00,,,,10.383873714804048,,,,,15602.855930357016,,,,,,,,,1,,,,,1.0008012679881628e-05,,,,,,,,,783.1018276184712,,,,,,,0.8209728847943737,,True
2026-02-03 13:03:02+00:00,-11.448256184265576,,,10.390466389068878,,,-11.84385230935755,,25545.771231297345,0.6354141202985082,,,,,,,,1,,,,,3.345609062590326e-05,,,,,,,,,5344.084817411965,2.6527609054794976e-05,,,6863.84725231922,,,0.7089660148686433,,True
2026-02-03 13:03:03+00:00,-11.4575628515346,,,10.382906842577611,,,-11.836544487129364,,14061.361254478988,0.6374811351975703,,,,,,,,1,,,,,3.4535886006340195e-05,,,,,,,,,1333.2721001869602,1.6839155342084833e-05,,,2880.674283836814,,,,,True
2026-02-03 13:03:04+00:00,-11.424186335776328,,,10.347138126411393,,,-11.83041468888475,,,0.6636491895409415,,-0.8399643811656643,,,,,,1,,,,,1.2406434641231136e-05,,,,,,,,,,4.2479239043771e-05,,,780.2420270639294,,,,,True
2026-02-03 13:03:05+00:00,-11.436144863367163,,,10.337770302495892,,,-11.849123874464487,,,0.6785171914593822,,-0.3894277317798806,,,,,,1,,,,,,2945.770467375677,,,,,,,,,1.7179754944921423e-05,,,185.32675288455985,,,,,
2026-02-03 13:03:06+00:00,-11.417181195446275,,,10.31604373025634,,0.0,-11.833662427785274,,,0.5926938700550034,,-0.6778371567903241,,,,,,,,,,,,3647.003720796312,,,,,,,,,8.627245182740186e-06,,2.5259770033712863e-05,6001.173487402879,3.651098462016141e-06,,,,
2026-02-03 13:03:07+00:00,,,,10.391250771213832,,0.0,,,,,,-0.6972190179447499,,,,,,,-20.0,,,,,6142.315112006867,,,,3919.754075978805,,,,,,,3.3484508282462546e-05,,1.5383972648729064e-05,0.7240536887036765,,,
2026-02-03 13:03:08+00:00,,67.53225201396731,,10.318702005899183,,0.0,,,,,,-0.5898882616165686,,-12.241128926593712,,0.5794978182583961,,,-20.0,,,,,3833.177951256961,9.990974424044105e-08,,,1694.7068136664957,,,,,,,2.5488830379805703e-06,,2.41478393219038e-05,0.873969594389568,,,
2026-02-03 13:03:09+00:00,,67.40512408814466,,10.297349549312312,,68.37532250228124,,,,,,,352.5847835567184,-11.619114728074372,194.9312979687556,0.3952760737911996,,,27.862725751596862,,,,,2443.8932425473918,1.1208617905822758e-05,,,4176.001464105832,,,,,,,9.043665854853424e-07,,1.3953543264766174e-05,0.7990296939445782,,,
2026-02-03 13:03:10+00:00,,67.53510085322617,69361.15587934836,10.279605577781444,,7.665714851570621,,3.103330081400355e-05,,,,,351.652601978247,-12.00076284930178,56.708742187155394,0.1605239950604267,,,-14.633999603900566,,,,,,7.660105979663264e-06,,,853.2713951943559,,,,,,,6.367209591809507e-07,,6.55652606429711e-07,0.8491537652187121,,,
2026-02-03 13:03:11+00:00,,67.589840512877,69365.53009108634,10.273328981278132,,,,2.0066082953879264e-05,,,,,337.082968709896,-12.43165811476697,370.7059950873417,1.8079418344249167,,,10.454381372356888,,,,,,7.143765120228463e-06,1074.3499281237737,,2570.8353364262134,,,,,,,,,,0.7698686583218186,,False,
2026-02-03 13:03:12+00:00,,67.49049626432623,69366.63237126953,10.264573542388616,,,,5.749962089940166e-05,,,,,369.543915180975,-11.611547500709802,97.40136492153113,0.0230153363818118,,,,,,,,,2.4571204690709904e-05,1168.972404222659,,,,,,,,2605.6036293065213,,,,,,False,
2026-02-03 13:03:13+00:00,,,69364.65629251776,10.29527463543628,,,,6.209112044974947e-05,,,0.828942877039758,,354.8008993572475,,94.36214355186333,,6.03103099707823e-06,,,,13.86898705829354,,,,,1887.4448523353344,,,2.2858236977989468e-05,,,,,7490.674690834143,,,,,,False,
2026-02-03 13:03:14+00:00,,,69362.78297216959,10.315260784851844,,,,4.782428744857778e-05,,,0.865028840905582,,,,,,4.636265475595989e-06,,,0.4323083558380174,13.920545917298686,,,,,6322.101360891646,,,3.0993711595424547e-06,,2.3483691377224123e-05,,,5171.091864232454,,,,,,False,
2026-02-03 13:03:15+00:00,,,,10.32282390172232,55.18390653832902,,,,,,0.7993116899048283,,,,,,7.665394673397349e-06,,,0.4016815818849343,13.977801995521125,,,,,4713.394099509812,4.029690713161803e-05,,4.133671360002623e-06,7281.985059697359,1.472322545957416e-05,,,858.4880431045871,,,,,,False,
2026-02-03 13:03:16+00:00,,,,10.334750117734318,71.22483802867265,,,,,,0.7810357041022222,,,,,,4.765461472802737e-06,,,0.390313797335641,13.99559338976568,717.3974416090833,,,,,6.008036903767851e-06,,1.0181523012450471e-05,5308.042022655045,5.561247838231308e-06,,,658.5663953563915,,,,,,,
2026-02-03 13:03:17+00:00,,,,10.299121100116592,63.6340548776938,,,,,,0.8551936370190472,,,,,,8.001267700911872e-06,,,0.3793771692835495,13.907537582190333,13025.125108795846,,,,,3.2138649957401e-05,,3.7177375141034766e-05,5062.30498888332,3.917959899460489e-05,,,,,,,,,,
2026-02-03 13:03:18+00:00,,,,10.276458646803592,51.33685448647244,,,,,,,,,,,,,,,0.3631403376368594,,7431.4537198411235,,,,,2.0430436317762576e-05,,,1676.552780804941,2.402890545683809e-05,,,,,,,,0.62474052910838,,
2026-02-03 13:03:19+00:00,,,,10.267066172991331,55.02237547970232,,,,9805.75929237329,,,,,,,,,,,,,6055.817026475625,,,,,1.4260114756362311e-05,,,4336.774637651616,,867.0755273435361,,,,,,,0.5732564926197045,,
2026-02-03 13:03:20+00:00,,,,10.342898958924316,,,,,25956.97804918483,,,,,,,,,,,,,2813.43573313365,3.467745629674524e-05,,,,,,,,,2411.092433364338,,,,,,,0.44122693901608373,,True
2026-02-03 13:03:21+00:00,,,,10.37116806598658,,,,,8444.887946029467,,,,,,,,,1,,,,,1.6009594265368169e-06,,,,,,,,,3197.653133102633,,,,,,,0.5460081357301101,,True
2026-02-03 13:03:22+00:00,-11.595448891025791,,,10.343904587930124,,,-11.888893569561938,,11209.113031851855,0.7305548669093996,,,,,,,,1,,,,,1.2911846513041512e-05,,,,,,,,,60.99549389400814,6.354455750804164e-07,,,3434.085466762631,,,0.6264448571133494,,True
2026-02-03 13:03:23+00:00,-11.611733668266837,,,10.298020216782344,,,-11.892873562234426,,17155.098995042128,0.6980338007012208,,,,,,,,1,,,,,3.12482030392071e-05,,,,,,,,,3293.9689710790085,2.5359253970578267e-05,,,463.2716898624691,,,,,True
2026-02-03 13:03:24+00:00,-11.594895060721308,,,10.28482907052217,,,-11.89012729440053,,,0.6934023456914943,,-0.6485994487765565,,,,,,1,,,,,6.559960892407231e-06,,,,,,,,,,5.909646541967864e-06,,,980.5365074055989,,,,,True
2026-02-03 13:03:25+00:00,-11.589676524389544,,,10.285515619345052,,,-11.88900137821951,,,0.6508061410159959,,-0.6897490839029571,,,,,,1,,,,,,4835.143315557233,,,,,,,,,6.893534763000889e-06,,,6493.665924266626,,,,,
2026-02-03 13:03:26+00:00,-11.6345605683433,,,10.211528807194764,,0.0,-11.90955462459869,,,0.6886328198981405,,-0.8098861043935958,,,,,,,,,,,,7883.478543289441,,,,,,,,,6.765613326555338e-05,,7.936071772720537e-06,1538.827341181603,3.490570970446915e-05,,,,
2026-02-03 13:03:27+00:00,,,,10.160895920941243,,0.0,,,,,,-0.7554633424128615,,,,,,,-20.0,,,,,2910.022334353382,,,,3497.4070270031107,,,,,,,1.0122703682913138e-05,,1.3319891267729352e-05,0.964578482084295,,,
2026-02-03 13:03:28+00:00,,67.56746841134105,,10.205380728169931,,0.0,,,,,,-0.691661676044278,,-11.916530989555106,,0.3207819658616943,,,-20.0,,,,,8559.009787122284,1.482450080491498e-05,,,1049.3332630885222,,,,,,,3.2549670926008594e-05,,6.088658452606416e-06,0.9418871834733461,,,
2026-02-03 13:03:29+00:00,,67.71956221303621,,10.243073384335858,,0.0,,,,,,,351.0356944156177,-11.67113603528676,317.4190304796431,0.0536119062913936,,,-20.0,,,,,2759.312032078616,6.547546376278536e-07,,,95.09714535530428,,,,,,,5.097124235877337e-06,,3.7867820288344714e-06,0.9950474107722799,,,
2026-02-03 13:03:30+00:00,,67.60133227032021,69358.30190767087,10.25601832991361,,0.0,,8.816232874009708e-05,,,,,342.6921255288683,-11.753415980188176,10.0,0.1182020090600363,,,-20.0,,,,,,4.319987878289082e-06,,,8653.5099149761,,,,,,,2.8074077902199647e-05,,2.444262143824434e-05,0.9965879636455632,,,
2026-02-03 13:03:31+00:00,,67.760917655504,69361.41310911183,10.2406711179523,,,,4.62741359612109e-05,,,,,361.45466175636346,-11.160152443092406,20.41705880414433,0.7385156995530198,,,-20.0,,,,,,1.9781819470096783e-05,257.45478333587823,,2379.567939540825,,,,,,,,,,0.9891540191604609,,False,
2026-02-03 13:03:32+00:00,,67.5037728179826,69363.13007214772,10.267731948513571,,,,3.735554302168728e-05,,,,,346.74472991574305,-11.579498592403482,232.88379255578675,0.0820396529326414,,,,,,,,,2.5909015086651453e-06,4569.53306636998,,,,,,,,775.9178242904371,,,,,,False,
2026-02-03 13:03:33+00:00,,,69364.03573262326,10.234590373667311,,,,2.933681463740372e-05,,,0.7890392458587622,,371.0411800192609,,249.88288926312208,,2.866437597041961e-06,,,,13.833639689329765,,,,,213.19164156809617,,,2.997888733117006e-06,,,,,3452.528303751799,,,,,,False,
2026-02-03 13:03:34+00:00,,,69363.86779390975,10.261158089981748,,,,3.925075173513e-05,,,0.8273186972791691,,,,,,3.825177566794492e-06,,,0.2799026335337348,13.873762058171772,,,,,434.6408912077745,,,1.983176380525023e-05,,1.3191607001483283e-05,,,91.92523012645864,,,,,,False,
2026-02-03 13:03:35+00:00,,,,10.2449541340342,66.288534820446,,,,,,0.8304062148038113,,,,,,9.41405775763164e-06,,,0.3227197884149284,13.820620596541074,,,,,1543.4334378101469,1.950546064240503e-05,,1.251893267017997e-05,4304.48653979772,4.99908111018192e-05,,,10977.782367181902,,,,,,False,
2026-02-03 13:03:36+00:00,,,,10.27764962979366,56.73602930215607,,,,,,0.842795554085153,,,,,,3.3001427056158643e-06,,,0.2993557441008834,13.861541380468957,3872.015921662609,,,,,1.5174409224827536e-05,,6.135688553484115e-06,791.6522376195538,3.816066192214279e-06,,,3186.0870898183425,,,,,,,
2026-02-03 13:03:37+00:00,,,,10.218055429038932,58.42880726626214,,,,,,0.7605602059690263,,,,,,2.840605044541404e-06,,,0.2739712251563703,13.750005045695152,3675.579563263488,,,,,6.072122644989838e-06,,1.3923531858649595e-05,1824.9861536570745,7.936520070843048e-06,,,,,,,,,,
2026-02-03 13:03:38+00:00,,,,10.263711156277338,33.54643574944039,,,,,,,,,,,,,,,0.247270468555283,,1626.3544563552327,,,,,8.837296073739912e-06,,,409.7313615216353,2.3483813016606167e-06,,,,,,,,0.8334382272134719,,
2026-02-03 13:03:39+00:00,,,,10.270272043305765,50.85389036059424,,,,8451.431414082022,,,,,,,,,,,,,456.1758606880691,,,,,2.534088870680388e-06,,,620.8532392872165,,3890.442719717397,,,,,,,0.6313001381421428,,
2026-02-03 13:03:40+00:00,,,,10.306356481009006,,,,,5925.174255254487,,,,,,,,,,,,,1541.4121102529664,4.460501959209178e-06,,,,,,,,,1262.1900456741782,,,,,,,0.3824169740987779,,True
2026-02-03 13:03:41+00:00,,,,10.318983896134322,,,,,10954.194224748217,,,,,,,,,1,,,,,9.796949685098818e-06,,,,,,,,,3422.4602580649,,,,,,,0.3484757265537926,,True
2026-02-03 13:03:42+00:00,-11.698507279174024,,,10.286115837238736,,,-11.90296126957987,,11926.993948732,0.6338166896676862,,,,,,,,1,,,,,2.992109945851793e-06,,,,,,,,,3010.2345186450425,9.128981371591207e-06,,,5134.029220393392,,,0.6550958497442281,,True
2026-02-03 13:03:43+00:00,-11.733606390953016,,,10.221122062912071,,,-11.88690110476036,,7364.683330575275,0.6433948275220951,,,,,,,,1,,,,,1.735310032709685e-05,,,,,,,,,162.22472714502769,1.233820304005894e-05,,,3604.0476385575785,,,,,True
2026-02-03 13:03:44+00:00,-11.754615819734358,,,10.218269455466796,,,-11.893530594426162,,,0.6404729477661469,,-0.5752665211464741,,,,,,1,,,,,1.2577826803858846e-05,,,,,,,,,,1.2203233849680388e-05,,,1415.800586350337,,,,,True
2026-02-03 13:03:45+00:00,-11.740717265615338,,,10.237980461820682,,,-11.860829467596616,,,0.6847062767378198,,-0.9220286732728504,,,,,,1,,,,,,20.93762015970936,,,,,,,,,2.735947521988191e-05,,,285.1372904256631,,,,,
2026-02-03 13:03:46+00:00,-11.71082001208756,,,10.177936505266327,,0.0,-11.862087508347315,,,0.6747532369186334,,-0.6180482821723907,,,,,,,,,,,,1362.3405414688862,,,,,,,,,9.979028562363824e-06,,1.055924356216328e-05,1305.9788633299015,4.9590883454050826e-06,,,,
2026-02-03 13:03:47+00:00,,,,10.157360437536422,,0.0,,,,,,-1.0428162606010465,,,,,,,-20.0,,,,,203.0858739377885,,,,2193.826660836487,,,,,,,3.8549464652837296e-08,,5.866280691485462e-07,0.5431110277576816,,,
2026-02-03 13:03:48+00:00,,67.23498658009788,,10.206318202476192,,0.0,,,,,,-0.320666415231134,,-12.125052058254749,,0.1475560072072882,,,-20.0,,,,,5595.553353503015,4.231571898488852e-06,,,2551.9354260776927,,,,,,,1.3709805404081015e-05,,1.2734479079587091e-06,0.24232859566548312,,,
2026-02-03 13:03:49+00:00,,67.16213850872394,,10.226969678182185,,0.0,,,,,,,340.98883781097203,-11.87594400257625,100.05382609129676,0.128297315580094,,,-20.0,,,,,1731.432327785637,1.92945845692516e-05,,,3654.462137735461,,,,,,,4.93199960458231e-05,,2.4893215923312464e-05,0.1465966881740437,,,
2026-02-03 13:03:50+00:00,,67.13957366207438,69352.61823960007,10.26744327854377,,0.0,,4.922273595776607e-05,,,,,358.8341381785643,-12.345969533286056,104.17572259049868,0.1283857773900095,,,-20.0,,,,,,9.865412586354577e-06,,,365.2740721265977,,,,,,,1.4190593042974449e-05,,1.30692992498559e-05,0.06885647602774456,,,
2026-02-03 13:03:51+00:00,,67.43689976150078,69349.44603315591,10.239995854302355,,,,3.606940461243777e-05,,,,,338.62693363961387,-11.483789858370772,197.19780291387656,0.3134678171168413,,,1.7887312791046384,,,,,,1.0645166465261105e-05,70.07994596884315,,2293.313908905352,,,,,,,,,,0.15692375785101478,,False,
2026-02-03 13:03:52+00:00,,67.56417153284396,69352.34906030593,10.265008630050357,,,,4.314898395498734e-05,,,,,355.2932525319296,-12.203086834845909,168.12531977048403,0.0710128908571148,,,,,,,,,2.4415126154332416e-06,1838.4066370654664,,,,,,,,2706.57349732567,,,,,,False,
2026-02-03 13:03:53+00:00,,,69349.18849389689,10.255496461377348,,,,4.219880607631052e-05,,,0.846179418759694,,352.73463839673923,,122.58110046713472,,4.114750196173641e-06,,,,13.834411538649611,,,,,629.8504947531732,,,1.2588712811040662e-05,,,,,935.2031174779204,,,,,,False,
2026-02-03 13:03:54+00:00,,,69347.04292890735,10.231580828263189,,,,2.0750508655367497e-05,,,0.8265747514601678,,,,,,2.0280843208556168e-06,,,0.2097751074101768,13.833990354675764,,,,,884.4792025830823,,,7.153881107514839e-06,,4.300235090579559e-06,,,345.16544652704937,,,,,,False,
2026-02-03 13:03:55+00:00,,,,10.233403312592008,22.20074511026952,,,,,,0.8510158211312555,,,,,,1.7848285638275116e-06,,,0.2345287200128406,13.82019592030439,,,,,72.80258626967884,4.432825400061772e-06,,1.4838785116038572e-06,3339.8125473136656,1.390368021424794e-06,,,145.22318579669462,,,,,,False,
2026-02-03 13:03:56+00:00,,,,10.202430839235271,9.020047679057992,,,,,,0.8542426541991058,,,,,,6.525525518478045e-06,,,0.2253021297135291,13.780752576567156,2072.9565788787363,,,,,2.7289361329233185e-05,,3.108600758835598e-06,10167.437649667476,2.399141000474941e-05,,,739.7876998048717,,,,,,,
2026-02-03 13:03:57+00:00,,,,10.174406532527058,12.838113261371284,,,,,,0.829832283454748,,,,,,3.01139666107158e-06,,,0.2690549117703406,13.702412222581009,2111.939879538505,,,,,1.1365792972043135e-05,,3.65002011742604e-06,718.7350846807292,3.094709651977604e-06,,,,,,,,,,
2026-02-03 13:03:58+00:00,,,,10.173344431313506,359.0652299287128,,,,,,,,,,,,,,,0.3208230518850579,,8.656602002004117,,,,,7.641545217541708e-06,,,2417.994407623403,2.113876022691071e-05,,,,,,,,0.9998669163496947,,
2026-02-03 13:03:59+00:00,,,,10.18700156311736,348.1436407076906,,,,9050.210028090543,,,,,,,,,,,,,677.09089716877,,,,,7.039415466244907e-07,,,1420.1673648009814,,6966.48017716093,,,,,,,0.9786657616212723,,
2026-02-03 13:04:00+00:00,,,,10.16911911571975,,,,,4415.499538510735,,,,,,,,,,,,,274.28707352805617,2.384908544630082e-06,,,,,,,,,1088.7473851725397,,,,,,,0.9962727786016758,,True
2026-02-03 13:04:01+00:00,,,,10.204133852040128,,,,,12536.335541450302,,,,,,,,,1,,,,,3.048575223398721e-05,,,,,,,,,3300.8012823829517,,,,,,,0.9984091257096118,,True
2026-02-03 13:04:02+00:00,-11.617415205032009,,,10.247125967732892,,,-11.894203857892348,,7873.555193932832,0.769252026993618,,,,,,,,1,,,,,5.257027844450234e-06,,,,,,,,,989.807439542397,7.976677569175433e-07,,,1963.594558562427,,,0.994472322778566,,True
2026-02-03 13:04:03+00:00,-11.623115958852372,,,10.245601495779006,,,-11.90938332954551,,8793.447052465277,0.6817343123465612,,,,,,,,1,,,,,7.812563077657439e-07,,,,,,,,,677.9239341216576,1.83416447325758e-05,,,5087.014965368371,,,,,True
2026-02-03 13:04:04+00:00,-11.582302158112808,,,10.21196034167023,,,-11.919897302106978,,,0.7673322566680767,,-0.794165744612638,,,,,,1,,,,,1.4021717880035777e-05,,,,,,,,,,1.832076434006339e-05,,,8954.825729943514,,,,,True
2026-02-03 13:04:05+00:00,-11.609094015574176,,,10.218222547101124,,,-11.93099559933806,,,0.5440717825569136,,-0.9191767367122412,,,,,,1,,,,,,1172.7252558870496,,,,,,,,,7.848761191695955e-06,,,4966.07690805897,,,,,
2026-02-03 13:04:06+00:00,-11.618888158924856,,,10.229107731581989,,0.0,-11.957422579043872,,,0.5920441084754844,,-1.0033031275679472,,,,,,,,,,,,2632.653504670689,,,,,,,,,7.530391676500212e-07,,1.0144807314187313e-05,3018.328250405126,2.9678016861285025e-05,,,,
2026-02-03 13:04:07+00:00,,,,10.195921456568223,,0.0,,,,,,-1.1052042776625284,,,,,,,-20.0,,,,,477.8845435765001,,,,5557.07746474948,,,,,,,3.487363485350353e-07,,4.21896870721448e-06,-0.6117229981658961,,,
2026-02-03 13:04:08+00:00,,67.69204715557422,,10.178912411358567,,0.0,,,,,,-0.6460055377119316,,-12.297910352263605,,0.2481348321663226,,,-20.0,,,,,17245.512682863362,2.8298581038056304e-06,,,262.57975568776806,,,,,,,4.665870519949995e-05,,2.506958955327698e-05,-0.42476986738205263,,,
2026-02-03 13:04:09+00:00,,67.71590788899813,,10.165656479024,,0.0,,,,,,,367.3892673851087,-11.866107444269504,311.88204296379774,0.0892052777725072,,,-20.0,,,,,836.0164615805392,2.079219132726751e-05,,,3004.80173443585,,,,,,,4.098615295467102e-06,,3.578478656308431e-06,-0.710815186138059,,,
2026-02-03 13:04:10+00:00,,67.80482486291442,69354.03397769813,10.1762173482632,,0.0,,2.5540332610759677e-05,,,,,353.15458842310875,-12.174230686632145,247.71574686458823,0.2856002995841699,,,-20.0,,,,,,2.0913145036811386e-07,,,324.7775600035452,,,,,,,3.382034106943164e-07,,3.3174357681784037e-06,-0.6097368120985099,,,
2026-02-03 13:04:11+00:00,,67.76884632812582,69354.7052910483,10.179666418406104,,,,4.056519138999848e-05,,,,,365.5397707713808,-11.531571219602023,119.67263245289308,0.5096129089357865,,,-20.0,,,,,,1.931739786442852e-06,2004.6540395406305,,802.4469350565754,,,,,,,,,,-0.3306042702067448,,False,
2026-02-03 13:04:12+00:00,,67.98687826379823,69351.07748613176,10.147494420874354,,,,3.662153640885139e-05,,,,,365.704250290276,-11.388722456884834,117.85669855003115,0.5381582161274151,,,,,,,,,9.046370075768273e-06,4115.989537065315,,,,,,,,628.4424539465975,,,,,,False,
2026-02-03 13:04:13+00:00,,,69343.13905366193,10.155669078870812,,,,0.000204696439839,,,0.7989369620731909,,362.38264780884833,,104.40441694143156,,2.015587926795325e-05,,,,13.775306045075103,,,,,11433.24093177344,,,2.130119709433424e-06,,,,,17255.735827815213,,,,,,False,
2026-02-03 13:04:14+00:00,,,69345.80516279538,10.223508670776807,,,,2.05281181701369e-05,,,0.8480596960883967,,,,,,2.0079327783831303e-06,,,0.3582655331251816,13.852647951968668,,,,,618.7427671035409,,,4.249568276249702e-07,,9.02225070163336e-07,,,325.2892681807751,,,,,,False,
2026-02-03 13:04:15+00:00,,,,10.128108022269172,331.165490329292,,,,,,0.7933179383635853,,,,,,1.6315054480206145e-06,,,0.3337470673017302,13.70140598350091,,,,,976.9636962065332,4.619343837974784e-06,,9.981497591405156e-06,1813.944521165483,1.0821982770442583e-06,,,599.0155396929044,,,,,,False,
2026-02-03 13:04:16+00:00,,,,10.112022314616938,329.1748284921399,,,,,,0.793158357340818,,,,,,2.470660207871624e-06,,,0.2759624731803527,13.637357368799222,3233.390632607959,,,,,7.142304169743477e-07,,6.249698268201088e-06,149.82679757267394,7.132228515557522e-06,,,4496.108234905036,,,,,,,
2026-02-03 13:04:17+00:00,,,,10.09023725985186,308.47614439183104,,,,,,0.8397173665647374,,,,,,3.298090832240121e-06,,,0.2427955346428399,13.656899241840003,6942.901069906007,,,,,1.747087671703958e-05,,2.301833791298489e-06,1052.983101082648,4.838136118438407e-06,,,,,,,,,,
2026-02-03 13:04:18+00:00,,,,10.12717924856949,310.9902599669196,,,,,,,,,,,,,,,0.2688280579159447,,662.6188567155872,,,,,9.850119942238367e-06,,,568.5987413273116,5.255876032640556e-06,,,,,,,,0.6559307221685439,,
2026-02-03 13:04:19+00:00,,,,10.106255203863494,306.89772218061523,,,,5630.000040969984,,,,,,,,,,,,,263.616141239156,,,,,1.4085093946487772e-06,,,1759.87625477857,,1765.3452600613043,,,,,,,0.6003884330295308,,
2026-02-03 13:04:20+00:00,,,,10.084578491102526,,,,,3291.258612517436,,,,,,,,,,,,,2206.387949310772,2.9395745470849247e-06,,,,,,,,,1737.2761658127988,,,,,,,0.4816646889956083,,True
2026-02-03 13:04:21+00:00,,,,10.066845658854644,,,,,4484.150772404229,,,,,,,,,1,,,,,2.6071929315818427e-06,,,,,,,,,243.95131220111028,,,,,,,0.06876061488856071,,True
2026-02-03 13:04:22+00:00,-11.805874022271576,,,10.042441737603816,,,-11.988757853265229,,36446.30261051888,0.7073798505972637,,,,,,,,1,,,,,5.0537050391580266e-05,,,,,,,,,2319.000008053148,7.205456943761333e-05,,,5659.023256379575,,,0.35436551018057877,,True
2026-02-03 13:04:23+00:00,-11.81952803109535,,,10.069038259131665,,,-11.973410910764912,,6971.446793103511,0.6949510868456158,,,,,,,,1,,,,,1.924981158616208e-07,,,,,,,,,4175.399379095242,6.621277378935818e-07,,,510.087807167202,,,,,True
2026-02-03 13:04:24+00:00,-11.829112846094825,,,10.101431858561376,,,-11.967663643752235,,,0.6191306420413218,,-1.0498611326634633,,,,,,1,,,,,1.433964561131981e-07,,,,,,,,,,6.210916367237912e-06,,,580.9567086765261,,,,,True
2026-02-03 13:04:25+00:00,-11.821209633915563,,,10.121213291047662,,,-11.960486564004809,,,0.6846566009432544,,-0.7770864234938256,,,,,,1,,,,,,174.49932960862347,,,,,,,,,4.410916487286866e-07,,,2016.5252583904924,,,,,
2026-02-03 13:04:26+00:00,-11.814489612332045,,,10.12605942034202,,1.5318438568762844,-11.96736576495054,,,0.6879366748326979,,-1.0519912347735758,,,,,,,,,,,,2458.5465879969124,,,,,,,,,2.678453731666721e-06,,8.31972552084392e-06,224.43429519208905,1.2804223479348734e-06,,,,
2026-02-03 13:04:27+00:00,,,,10.025830376518623,,8.383805601592998,,,,,,-0.7258515180353556,,,,,,,-14.1313360788849,,,,,2591.62839911892,,,,2198.5652674552703,,,,,,,2.366637137345682e-05,,3.623264369921098e-05,-0.6158561753352624,,,
2026-02-03 13:04:28+00:00,,67.58312234416739,,10.001332059262898,,0.0,,,,,,-0.9559182663312992,,-11.766773935876566,,1.2174074654656053,,,-20.0,,,,,358.87093497432903,1.2378916164391233e-05,,,2022.9730963531897,,,,,,,1.5809485996568863e-05,,2.456811558333676e-06,-0.7469033798961472,,,
2026-02-03 13:04:29+00:00,,67.83516516188575,,10.065756505721378,,2.8792530447312266,,,,,,,362.6408399720014,-11.528328916159774,189.82061371631312,1.1197366479712918,,,-17.984522868688142,,,,,1725.8842054426411,7.38051611211895e-06,,,4542.371258872334,,,,,,,7.215850823259568e-06,,1.3361781896136036e-05,-0.5629447761621685,,,
2026-02-03 13:04:30+00:00,,68.0063507364623,69344.09578396783,10.01446847026375,,27.14398681108235,,1.934841569472004e-05,,,,,353.2999039425382,-12.260837087509117,323.38548448897205,0.6142880871968166,,,-0.9992092322423574,,,,,,7.067025277342471e-08,,,209.6689994224065,,,,,,,2.380086317404524e-06,,4.855102989895582e-06,-0.6163544487671574,,,
2026-02-03 13:04:31+00:00,,68.3438227925981,69342.55408215412,9.984398160326698,,,,1.7902597448281442e-05,,,,,347.06681539937006,-11.847165402171584,312.5447300428218,0.0420421947801465,,,-20.0,,,,,,4.077109614890238e-06,1529.8621056810457,,2365.125849126776,,,,,,,,,,-0.7545681526190353,,False,
2026-02-03 13:04:32+00:00,,68.57078613793433,69342.00677954988,9.948211654738088,,,,2.5244304491202757e-05,,,,,363.180207226277,-12.653186908335986,233.5873994719232,0.9842911117111296,,,,,,,,,1.2767658303424617e-05,3270.3578707261977,,,,,,,,882.8975885474638,,,,,,False,
2026-02-03 13:04:33+00:00,,,69344.17830243224,9.980569937373533,,,,4.997088753102712e-05,,,0.8237085332208334,,338.4216032339926,,21.057878384726365,,5.006817029947826e-06,,,,13.605234595030543,,,,,6845.798115731132,,,1.9237865437696857e-05,,,,,1410.391507565768,,,,,,False,
2026-02-03 13:04:34+00:00,,,69350.28444985958,9.930838950823778,,,,3.906217762804151e-05,,,0.7989791173077909,,,,,,3.933421720105655e-06,,,0.1626462285049286,13.524004311244164,,,,,4464.0663744285575,,,7.539342456923503e-06,,2.3184213262502963e-06,,,1333.9121298753855,,,,,,False,
2026-02-03 13:04:35+00:00,,,,9.917784602498308,328.37287642623096,,,,,,0.7444124522782515,,,,,,8.540203614056002e-07,,,0.1913150666205388,13.513985912789236,,,,,567.6679183394759,1.479302205042165e-06,,1.3011275179530684e-06,896.5056357257697,4.916906019941042e-07,,,62.91819406094931,,,,,,False,
2026-02-03 13:04:36+00:00,,,,9.90257115308516,322.85775560730553,,,,,,0.7175285331788002,,,,,,3.591662416358623e-06,,,0.1427369046963073,13.50064677954502,805.5510816737396,,,,,9.150732671163996e-06,,6.954302739142029e-06,2837.766450873689,9.36562395591461e-06,,,2441.5006100046603,,,,,,,
2026-02-03 13:04:37+00:00,,,,9.888646827873773,331.8307143485871,,,,,,0.7418318077725329,,,,,,3.640019718672494e-06,,,0.1802226692949657,13.52650269514379,680.9175334545522,,,,,1.025366334647432e-06,,1.3335436409721878e-05,3016.5221443939386,8.586224602385356e-07,,,,,,,,,,
2026-02-03 13:04:38+00:00,,,,9.902052087796438,348.2135832924851,,,,,,,,,,,,,,,0.1526899197750371,,2998.792607176565,,,,,1.1643974704052704e-05,,,1525.867829714388,3.08229840186644e-05,,,,,,,,0.9789158417819707,,
2026-02-03 13:04:39+00:00,,,,9.869668929963275,10.0492092004705,,,,9922.17459189047,,,,,,,,,,,,,2852.110065466509,,,,,4.4696736819783776e-06,,,2486.282678130231,,6687.160442200921,,,,,,,0.9846582498911193,,
2026-02-03 13:04:40+00:00,,,,9.888339168173996,,,,,5482.836787439642,,,,,,,,,,,,,2605.4554890388954,4.187148311757396e-06,,,,,,,,,2707.8543504781155,,,,,,,0.9868684027836685,,True
2026-02-03 13:04:41+00:00,,,,9.849160308727708,,,,,17183.352671950506,,,,,,,,,1,,,,,2.78873411372722e-05,,,,,,,,,6556.941081337781,,,,,,,0.9190712832127275,,True
2026-02-03 13:04:42+00:00,-11.850337008804257,,,9.808659424520991,,,-11.97822376573389,,3858.094946261969,0.5376832174705775,,,,,,,,1,,,,,2.7487870574928904e-06,,,,,,,,,210.66592982029272,1.2648718990955838e-06,,,451.52680988755566,,,0.8279373672507306,,True
2026-02-03 13:04:43+00:00,-11.83022859073987,,,9.799963987568995,,,-11.963165219886712,,43299.81783459131,0.6624756132500966,,,,,,,,1,,,,,0.0001110206349172,,,,,,,,,7404.785973589841,1.9418691940198572e-05,,,29836.67822318554,,,,,True
2026-02-03 13:04:44+00:00,-11.877879682468825,,,9.798173636868627,,,-11.957552191528642,,,0.6885010648223329,,-0.6294275103429388,,,,,,1,,,,,1.1927950650463116e-05,,,,,,,,,,3.392856212560837e-06,,,2438.546486826621,,,,,True
2026-02-03 13:04:45+00:00,-11.882869174071065,,,9.7852472247625,,,-11.94700465400141,,,0.600549513549351,,-0.408202633144764,,,,,,1,,,,,,1750.1615716929932,,,,,,,,,1.5328448552225856e-05,,,1227.7660005726632,,,,,
2026-02-03 13:04:46+00:00,-11.862017481220644,,,9.812826142515156,,7.704654291930867,-11.933283442160038,,,0.5720624346108699,,-0.5566537418975398,,,,,,,,,,,,304.4545500923394,,,,,,,,,1.5122417063768238e-06,,5.051325783829151e-06,674.5446761892856,4.968058061146549e-06,,,,
2026-02-03 13:04:47+00:00,,,,9.806997931584236,,0.0,,,,,,-0.5600563893455711,,,,,,,-20.0,,,,,154.81329873527503,,,,9368.41268313169,,,,,,,1.594575557173977e-05,,1.4383256076861226e-05,0.17131329935034095,,,
2026-02-03 13:04:48+00:00,,67.7554780092251,,9.822553137821744,,0.0,,,,,,-0.8801810920832331,,-11.19312304103344,,0.2173296054897453,,,-20.0,,,,,848.1066453298326,2.581469994451642e-06,,,1659.6173071211151,,,,,,,2.736287267504563e-07,,2.8480311580939066e-06,0.017304500935401142,,,
2026-02-03 13:04:49+00:00,,67.92379794241529,,9.807394844246437,,0.0,,,,,,,360.70948986726114,-12.629369594918424,126.80418969275426,0.4797749115517913,,,-20.0,,,,,1739.1742901824111,3.3304518346759536e-05,,,2142.438803169288,,,,,,,3.243890540022468e-05,,7.127418495849477e-06,-0.00421523730199006,,,
2026-02-03 13:04:50+00:00,,68.25675295600053,69345.75293754235,9.827581984823608,,0.0,,1.1004678503953765e-05,,,,,342.95447203486344,-11.258127142830435,440.0059556421005,0.1446730557873759,,,-20.0,,,,,,1.7210708934035817e-06,,,280.6829115417864,,,,,,,5.863964929035495e-06,,2.4553404143885978e-08,0.10976401504416301,,,
2026-02-03 13:04:51+00:00,,68.06529978967805,69345.69250162941,9.795168242315627,,,,1.3700017770404234e-05,,,,,334.92225507133367,-12.14262916949244,443.73925565298936,0.05018497653821,,,-1.821954027241425,,,,,,3.310007899226572e-06,711.8292988638431,,487.90359222083134,,,,,,,,,,0.1919207992026618,,False,
2026-02-03 13:04:52+00:00,,68.04392791321048,69345.75090503058,9.811290416906331,,,,0.0001058339003997,,,,,347.98410740938544,-12.132543030281282,12.724686704147558,0.3769196649993988,,,,,,,,,2.0248026322101643e-05,14407.433084441407,,,,,,,,5772.03673915976,,,,,,False,
2026-02-03 13:04:53+00:00,,,69345.70316962736,9.8331899932544,,,,2.213049734791968e-05,,,0.8458286119293231,,350.5678571435772,,260.1444123451702,,2.250591859111974e-06,,,,13.378780028719104,,,,,7.021960939452304,,,5.173876199681739e-06,,,,,684.4831460122094,,,,,,False,
2026-02-03 13:04:54+00:00,,,69347.86598321749,9.782118735954146,,,,4.152951242197822e-05,,,0.7794394817952054,,,,,,4.24545168004725e-06,,,0.0678751241144395,13.317142940805082,,,,,2125.985197653737,,,2.8648654159683457e-05,,1.263471132389141e-06,,,306.1427776209711,,,,,,False,
2026-02-03 13:04:55+00:00,,,,9.80637493803938,7.033109400204395,,,,,,0.7467724116871971,,,,,,2.087036526859212e-06,,,0.083841921350269,13.361715038091877,,,,,573.9869980254088,2.0896674150098685e-06,,2.566078119391711e-07,3783.466743079629,1.2530342548068746e-05,,,632.9304081911484,,,,,,False,
2026-02-03 13:04:56+00:00,,,,9.789072931514276,5.786821065477035,,,,,,0.7331150125618172,,,,,,4.900063320918982e-06,,,0.06757075562929,13.360055298214816,270.46028236671617,,,,,4.013321832133229e-06,,1.1743924885031769e-05,1142.360706262053,5.127647994392106e-07,,,5741.6635190352845,,,,,,,
2026-02-03 13:04:57+00:00,,,,9.80286260073422,16.342573433366216,,,,,,0.838809153932343,,,,,,1.4847140059422177e-05,,,0.0510768117824081,13.376199813896848,4120.167447317697,,,,,3.0991494706217264e-05,,4.663462162115946e-06,17729.955858131714,0.0001049314140769,,,,,,,,,,
2026-02-03 13:04:58+00:00,,,,9.806366565368158,26.07642872164584,,,,,,,,,,,,,,,0.0727810076613424,,396.9767716136817,,,,,4.021881506611011e-06,,,3499.926136467956,4.931127915304616e-07,,,,,,,,0.8982084891590876,,
2026-02-03 13:04:59+00:00,,,,9.797212917966226,20.12084667946258,,,,7648.24510302733,,,,,,,,,,,,,3730.965775180816,,,,,2.602403591282967e-06,,,228.81824862883,,579.6387042945396,,,,,,,0.9389691516967639,,
2026-02-03 13:05:00+00:00,,,,9.74285214146922,,,,,5208.157929359821,,,,,,,,,,,,,1312.4086149987525,4.609324124995464e-06,,,,,,,,,1034.9901705852587,,,,,,,0.9456309919087411,,True
2026-02-03 13:05:01+00:00,,,,9.74514425316818,,,,,13948.27689455198,,,,,,,,,1,,,,,4.259313632850655e-05,,,,,,,,,2725.6332293270166,,,,,,,0.9620946819079644,,True
2026-02-03 13:05:02+00:00,-11.834377173758762,,,9.78140808271021,,,-11.914104163194636,,4660.526469854581,0.6305839836067264,,,,,,,,1,,,,,1.1516393628134044e-06,,,,,,,,,1035.6483875481324,8.075786770495589e-06,,,983.1641618609144,,,0.9257348445907468,,True
2026-02-03 13:05:03+00:00,-11.88342854131772,,,9.777859555208442,,,-11.893172328008848,,5408.253666646833,0.7041210972139762,,,,,,,,1,,,,,7.413144502703694e-06,,,,,,,,,772.9147374250479,1.8653947690555057e-07,,,2849.8997296988164,,,,,True
2026-02-03 13:05:04+00:00,-11.864538746200193,,,9.780669091276645,,,-11.894343218887071,,,0.6154984958459625,,-0.8359868558072769,,,,,,1,,,,,1.0443191047859271e-05,,,,,,,,,,8.73210053596167e-06,,,64.18512927074522,,,,,True
2026-02-03 13:05:05+00:00,-11.880491879572537,,,9.77537133772027,,,-11.886538520697066,,,0.66851932696257,,-0.9915220588603711,,,,,,1,,,,,,1362.71858352951,,,,,,,,,2.2382742716196497e-06,,,2441.8304655517823,,,,,
2026-02-03 13:05:06+00:00,-11.89217674182446,,,9.811288337910664,,46.0161724625204,-11.896073544669852,,,0.7756116324952083,,-0.6602502449856891,,,,,,,,,,,,4860.319053111418,,,,,,,,,2.208126436323893e-05,,4.204418515325171e-06,4664.015298404048,4.975005180607349e-06,,,,
2026-02-03 13:05:07+00:00,,,,9.790106627471664,,18.329147164410728,,,,,,-0.8067753780672933,,,,,,,-7.169596984912491,,,,,5281.926691226054,,,,2633.976565780029,,,,,,,6.149061019524694e-06,,1.5169431335699534e-05,-0.22676595996027094,,,
2026-02-03 13:05:08+00:00,,67.98121228950009,,9.8077649337642,,67.43618215710042,,,,,,-0.7259332988154391,,-10.396893524875036,,0.218811414347328,,,27.20532750997029,,,,,927.390718128545,2.497997590052093e-06,,,2055.3340484629416,,,,,,,1.3557617525823172e-05,,2.0916297717194394e-06,-0.6453380343525471,,,
2026-02-03 13:05:09+00:00,,68.13919573016362,,9.845301228147273,,36.74477315599424,,,,,,,348.9479409001357,-12.134961408751842,360.5917525663822,0.3687371735976723,,,5.721341209195966,,,,,24.104844957776688,2.704852920025277e-06,,,1321.8115058281207,,,,,,,1.0068915493898084e-06,,6.615215840857621e-07,-0.6652402088434411,,,
2026-02-03 13:05:10+00:00,,68.13560487906868,69348.43035587991,9.835969151274435,,0.0,,1.3905975928526218e-05,,,,,365.7053945593736,-11.7991260057765,408.8853646100316,0.196422027716356,,,-20.0,,,,,,6.0642927490437005e-06,,,1204.9757123955435,,,,,,,8.371991114095435e-06,,7.16554764347929e-07,-0.38256190644818505,,,
2026-02-03 13:05:11+00:00,,68.00707682027478,69348.99412707234,9.836184847968116,,,,2.281975991975549e-05,,,,,353.9031143016903,-11.686496909947286,201.1547007859229,0.1028337063117915,,,-15.218952422834615,,,,,,5.324653097531127e-06,3070.5779613744576,,2154.252038385136,,,,,,,,,,-0.5712349815722072,,False,
2026-02-03 13:05:12+00:00,,68.2461405989881,69348.1613452694,9.827448942276876,,,,2.49298194856466e-05,,,,,338.82133280596366,-12.414447767243551,173.06773032589197,0.0995608187942883,,,,,,,,,8.732866720033272e-06,1411.0989964252278,,,,,,,,938.4205444146796,,,,,,False,
2026-02-03 13:05:13+00:00,,,69347.79122853541,9.867698646378509,,,,2.0228120124117352e-05,,,0.8331888122891298,,345.2933955459054,,283.34808123108854,,2.049932902191046e-06,,,,13.447734012712084,,,,,1151.9704047558298,,,1.9129065228583977e-06,,,,,1699.0048092290697,,,,,,False,
2026-02-03 13:05:14+00:00,,,69347.7249231557,9.895816058565169,,,,3.234384936211677e-05,,,0.767242298512491,,,,,,3.2684367990169e-06,,,-0.0021002403035357,13.507997577639278,,,,,3067.439975504156,,,1.127630974437512e-05,,8.111128962636173e-07,,,622.9460409006446,,,,,,False,
2026-02-03 13:05:15+00:00,,,,9.8692206713683,346.67481900356466,,,,,,0.791570303484886,,,,,,5.942158890109259e-06,,,0.0311827237111846,13.51696037356266,,,,,1765.7539262663634,7.439651318014176e-06,,3.3950602021603215e-05,1392.4720128962638,4.40313438731946e-07,,,6200.662682628686,,,,,,False,
2026-02-03 13:05:16+00:00,,,,9.817088625493223,349.0547581310332,,,,,,0.8233053248215507,,,,,,1.7529505335696754e-06,,,0.0313700123965754,13.513129062492643,2436.7561110730576,,,,,3.577981558856569e-06,,2.9752215681922487e-06,1386.7014878427324,4.8824635628663885e-06,,,302.92093640406983,,,,,,,
2026-02-03 13:05:17+00:00,,,,9.767515210356631,8.019014854374348,,,,,,0.776843012243839,,,,,,1.542289363061082e-06,,,0.0087457340561745,13.432833800265698,2202.969595014268,,,,,1.5532141563848694e-06,,5.902470738687765e-06,1029.0334397733595,3.909888813901662e-06,,,,,,,,,,
2026-02-03 13:05:18+00:00,,,,9.740142960279892,357.30035502227827,,,,,,,,,,,,,,,-0.0493120990382855,,1322.0103982500486,,,,,3.820591253133117e-06,,,652.5055113241907,7.221293454480938e-06,,,,,,,,0.9988901668288561,,
2026-02-03 13:05:19+00:00,,,,9.754622393822515,345.1841368653545,,,,20858.370766896693,,,,,,,,,,,,,5685.37930022057,,,,,5.9051727694222976e-08,,,14439.93690099771,,1177.0793662056335,,,,,,,0.9667526278338467,,
2026-02-03 13:05:20+00:00,,,,9.810773283372075,,,,,5566.054929821657,,,,,,,,,,,,,2330.402080692834,4.953717612467688e-06,,,,,,,,,1634.299937054744,,,,,,,0.8798899139371789,,True
2026-02-03 13:05:21+00:00,,,,9.840116532775852,,,,,5001.172716566438,,,,,,,,,1,,,,,8.028626041118614e-06,,,,,,,,,630.1050845171912,,,,,,,0.8138436688833017,,True
2026-02-03 13:05:22+00:00,-11.819636373392692,,,9.85448000650033,,,-11.812445085046582,,11708.522244705397,0.7120655085344668,,,,,,,,1,,,,,1.9847721289142703e-05,,,,,,,,,4699.3952111261215,1.2556741528677349e-05,,,1584.5398899338466,,,0.9515208590899297,,True
2026-02-03 13:05:23+00:00,-11.82528761986982,,,9.793448324047915,,,-11.821924447906271,,7430.68236606079,0.6376001788143115,,,,,,,,1,,,,,7.269832447528278e-06,,,,,,,,,840.4909473546587,7.239573187263882e-06,,,4270.260651599107,,,,,True
2026-02-03 13:05:24+00:00,-11.82231907199849,,,9.72654233376067,,,-11.835665537612202,,,0.5965541528992252,,-1.2425713088212411,,,,,,1,,,,,1.4983406884845271e-06,,,,,,,,,,7.187890715188581e-06,,,434.7261775705484,,,,,True
2026-02-03 13:05:25+00:00,-11.84525174987799,,,9.75715118491092,,,-11.845758375843,,,0.6325017758501694,,-0.9518873831468518,,,,,,1,,,,,,3499.9229973069814,,,,,,,,,2.3202032279996888e-05,,,5915.246726017481,,,,,
2026-02-03 13:05:26+00:00,-11.865381997863729,,,9.741759742269773,,31.62461649345844,-11.85154166878834,,,0.5633044363331128,,-0.8085230934557466,,,,,,,,,,,,92.9695410907515,,,,,,,,,5.968883352491304e-07,,3.9452314394628666e-07,304.2051057972303,1.5030343571286443e-05,,,,
2026-02-03 13:05:27+00:00,,,,9.744526075847563,,20.38933200516385,,,,,,-0.6467886517113466,,,,,,,-5.727467596385303,,,,,235.1373132698484,,,,4115.540610637965,,,,,,,4.852128636601776e-06,,1.1122430718984804e-08,-0.7584526963383981,,,
2026-02-03 13:05:28+00:00,,69.20442291405759,,9.717093424567532,,4.378644349048332,,,,,,-1.2302411947061451,,-11.256917109459389,,0.2251914747764521,,,-16.93494895566617,,,,,3238.08034505087,1.6411431284873957e-06,,,2013.067856341889,,,,,,,1.1427537923066572e-05,,5.995230654928924e-06,-0.7910808229634543,,,
2026-02-03 13:05:29+00:00,,68.96320708715795,,9.687613992856548,,0.0,,,,,,,349.1635969208488,-11.62748303343401,328.0842434255184,0.8777202262337737,,,-20.0,,,,,1084.6617626930056,1.7915000438346129e-06,,,318.4026445176872,,,,,,,1.3723494378870534e-06,,4.6628918661085283e-07,-0.8148747524790935,,,
2026-02-03 13:05:30+00:00,,68.90280878384517,69348.5645698946,9.697969650183689,,5.387612166793172,,3.016723086955302e-05,,,,,348.3155359647585,-10.679396090452732,181.01464173995348,0.274761428303469,,,-16.22867148324478,,,,,,1.326891487127728e-05,,,536.9180793490755,,,,,,,5.499749391437638e-07,,6.987733737595036e-06,-0.829814277095526,,,
2026-02-03 13:05:31+00:00,,68.55772311895474,69349.88689543644,9.75774361819904,,,,2.5265510661996453e-05,,,,,357.88592328456343,-11.457503171365117,279.89475918814463,0.1774332241918254,,,-2.225967119791111,,,,,,1.0338089650598827e-05,1457.2413314769997,,3517.3667490516405,,,,,,,,,,-0.7560155351994458,,False,
2026-02-03 13:05:32+00:00,,68.6331801820688,69354.40149471186,9.698004659891296,,,,0.0001269409255905,,,,,331.07639215883296,-11.782396716354745,195.21325467324127,0.169083418895946,,,,,,,,,4.803907102980087e-06,16550.753614159847,,,,,,,,859.6249506375074,,,,,,False,
2026-02-03 13:05:33+00:00,,,69358.14390175557,9.718030076606828,,,,1.5315899231899533e-05,,,0.7613813787734204,,346.8257705054469,,431.0440839172416,,1.5760292066565891e-06,,,,13.312676351169648,,,,,1612.8333245464169,,,5.723602461121836e-06,,,,,824.7457166461178,,,,,,False,
2026-02-03 13:05:34+00:00,,,69355.76916499622,9.677355375171176,,,,1.9226341334402304e-05,,,0.7384526631948636,,,,,,1.9867350726553453e-06,,,0.0464328428771864,13.277270646795252,,,,,788.7728475231254,,,4.702899172192482e-06,,3.665617179613592e-07,,,813.303272935275,,,,,,False,
2026-02-03 13:05:35+00:00,,,,9.66442695315353,307.21084571360785,,,,,,0.7642027986675977,,,,,,5.800839354516107e-06,,,0.0191732100987529,13.254762009863358,,,,,2412.0270968026,1.029524943417577e-05,,1.6170385918322976e-05,1827.592676019888,8.437687117350594e-06,,,1703.2681828287457,,,,,,False,
2026-02-03 13:05:36+00:00,,,,9.678847816657973,283.3548625818162,,,,,,0.784153328973904,,,,,,1.2991826231578695e-06,,,0.0249257871917868,13.278208964109936,74.53578168592703,,,,,5.422055012514995e-07,,6.14688328681776e-07,1485.3512606647255,6.797833610114868e-06,,,337.1574629306235,,,,,,,
2026-02-03 13:05:37+00:00,,,,9.66401849791256,321.6811998342366,,,,,,0.7363478578073346,,,,,,3.356158001218793e-06,,,0.0553503280773777,13.273197789773358,6221.319639995485,,,,,1.5124147220903275e-05,,1.573477370869721e-06,299.7492594428007,9.818094520448748e-06,,,,,,,,,,
2026-02-03 13:05:38+00:00,,,,9.574694996870292,317.00181549910565,,,,,,,,,,,,,,,0.0966603783023546,,4528.204116912029,,,,,1.5712664037246947e-05,,,8717.786249012306,7.859570820757628e-05,,,,,,,,0.7313753113500597,,
2026-02-03 13:05:39+00:00,,,,9.58496659146686,302.88595456170526,,,,9079.648461790115,,,,,,,,,,,,,1759.6034457780045,,,,,1.1920106907813171e-05,,,1729.544087051691,,480.36892253921,,,,,,,0.5429686099380409,,
2026-02-03 13:05:40+00:00,,,,9.592444780701207,,,,,3870.783280088864,,,,,,,,,,,,,966.3287475137312,5.368462434606213e-07,,,,,,,,,849.8063491578964,,,,,,,0.4643655631104655,,True
2026-02-03 13:05:41+00:00,,,,9.580518463731632,,,,,11159.023294966644,,,,,,,,,1,,,,,4.067271433981169e-06,,,,,,,,,2343.4361097919923,,,,,,,0.673568323800796,,True
2026-02-03 13:05:42+00:00,-11.898828318811216,,,9.597035127232468,,,-11.989768035983325,,4199.322697241809,0.5755429482564077,,,,,,,,1,,,,,1.7059918085918318e-07,,,,,,,,,572.3978306665183,1.7931237710467551e-06,,,1026.838830508142,,,0.5861935308802523,,True
